split,baseline,mse,mae,nmse,relative_nmse_improvement_pct
eval,horizon_mix_scalar_eval_fit,0.0008131164211090642,0.011692011240163945,0.3177036330739748,1.6211926154777347
