split,baseline,mse,mae,nmse,relative_nmse_improvement_pct
eval,residual_knn_weighted,3959602.183137781,185.472890607918,0.1710288420232385,-26.67744132264231
