split,baseline,mse,mae,nmse,relative_nmse_improvement_pct
eval,horizon_knn_weighted,0.0012467039181195778,0.017264014840233176,0.47641434541121036,-47.52451732750448
