split,baseline,mse,mae,nmse,relative_nmse_improvement_pct
eval,horizon_knn_weighted,21227842.73998596,399.63831779528607,0.5346221799347202,-52.609465732574805
