{
  "adapted_nmse": 0.13082949477438288,
  "vanilla_nmse": 0.13501127994647064,
  "context_nmse": 0.1494190328582161,
  "residual_branch_nmse": 0.13500396534542367,
  "memory_branch_nmse": 0.13724694893084213,
  "adapted_mse": 2865926.384384384,
  "adapted_mae": 162.40632827839863
}