split,baseline,mse,mae,nmse,relative_nmse_improvement_pct
eval,residual_ridge_shared,0.0005906861605612463,0.008924837085252303,0.21950522963249777,0.19068776380836908
