split,baseline,mse,mae,nmse,relative_nmse_improvement_pct
eval,oracle_context_horizon,0.0006535116117447615,0.009415898472070694,0.24695025384426117,11.475822448730469
