split,baseline,mse,mae,nmse,relative_nmse_improvement_pct
eval,horizon_knn_weighted,998.0064287362309,16.954827623231257,0.35507125323071176,-52.53040787240291
