split,baseline,mse,mae,nmse,relative_nmse_improvement_pct
eval,residual_knn_weighted,14961914.62345352,285.4171515305358,0.30258594188478133,-32.057386080534016
