split,baseline,mse,mae,nmse,relative_nmse_improvement_pct
eval,full_ridge_horizon,0.0005823261453770101,0.009105920791625977,0.21768862009048462,1.0167025327682495
