split,baseline,mse,mae,nmse,relative_nmse_improvement_pct
eval,residual_knn_weighted,1425.300967514602,16.96829853283979,0.5860815869692739,-134.22595681058726
