split,baseline,mse,mae,nmse,relative_nmse_improvement_pct
eval,residual_ridge_shared_eval_fit,619.7136474707431,11.127437957014033,0.23979006306234446,4.168535229220201
