split,baseline,mse,mae,nmse,relative_nmse_improvement_pct
eval,horizon_mix_scalar,0.0008223277297405813,0.011508721846410316,0.3199432771114462,0.92767360456674
