split,baseline,mse,mae,nmse,relative_nmse_improvement_pct
eval,catboost_context_classifier_horizon,0.0007632368360646069,0.011067584156990051,0.2845706641674042,0.5006951689720154
