split,baseline,mse,mae,nmse,relative_nmse_improvement_pct
eval,residual_ridge_shared_eval_fit,9095464.249009801,268.24858065153313,0.35758211564502673,-2.0728613069787096
