split,baseline,mse,mae,nmse,relative_nmse_improvement_pct
eval,catboost_context_regressor_horizon,0.0007663219003006816,0.010674125514924526,0.2803115248680115,-0.48318105936050415
