split,baseline,mse,mae,nmse,relative_nmse_improvement_pct
eval,oracle_context_scalar,0.0006790240877307951,0.010482189245522022,0.25466859340667725,10.955866813659668
