split,baseline,mse,mae,nmse,relative_nmse_improvement_pct
eval,horizon_mix_scalar_eval_fit,1870423.5384592346,159.94506821348986,0.17144878651481796,1.4645747498537065
