split,baseline,mse,mae,nmse,relative_nmse_improvement_pct
eval,residual_ridge_shared_eval_fit,0.0007600106329994523,0.010615192154739769,0.2785371225966047,0.1528883322322288
