{
  "adapted_nmse": 0.32328492220057997,
  "vanilla_nmse": 0.3229391246618227,
  "context_nmse": 0.3268957592720209,
  "residual_branch_nmse": 0.3293089582753736,
  "memory_branch_nmse": 0.32653840020645497,
  "adapted_mse": 0.0008324342449022071,
  "adapted_mae": 0.011793045613896854
}