split,baseline,mse,mae,nmse,relative_nmse_improvement_pct
eval,full_ridge_horizon_eval_fit,0.0005675408174283803,0.009231586940586567,0.2140745222568512,2.6600375175476074
