split,baseline,mse,mae,nmse,relative_nmse_improvement_pct
eval,residual_knn_weighted,21587953.148093972,345.5620209234142,0.4476414709796066,-95.36387642662407
