split,baseline,mse,mae,nmse,relative_nmse_improvement_pct
eval,full_ridge_horizon,2066.719970703125,21.748336791992188,0.7851026654243469,-213.76419067382812
