split,baseline,mse,mae,nmse,relative_nmse_improvement_pct
eval,catboost_context_regressor_horizon,0.0007688996847718954,0.01072161365300417,0.28185176849365234,-1.0353116989135742
