split,baseline,mse,mae,nmse,relative_nmse_improvement_pct
eval,horizon_mix_scalar,1876923.8532185534,159.29993359167239,0.16854923885690581,3.1310091837932297
