split,baseline,mse,mae,nmse,relative_nmse_improvement_pct
eval,oracle_context_scalar,0.0006871866062283516,0.010534795001149178,0.2579503357410431,9.808415412902832
