split,baseline,mse,mae,nmse,relative_nmse_improvement_pct
eval,context_forecast,0.0005959648988209665,0.009015270508825779,0.22239822149276733,-1.1247594356536865
