split,baseline,mse,mae,nmse,relative_nmse_improvement_pct
eval,residual_ridge_shared,9745220.388091888,274.3340049584946,0.3596530592638675,-2.6640182231997356
