split,baseline,mse,mae,nmse,relative_nmse_improvement_pct
eval,residual_mix_scalar,0.0005904095607489438,0.008920893205814613,0.2194553712538018,0.21335843318234524
