split,baseline,mse,mae,nmse,relative_nmse_improvement_pct
eval,residual_knn_weighted,2933955.402090904,188.07546343304003,0.2113381539117406,-21.46073058075817
