split,baseline,mse,mae,nmse,relative_nmse_improvement_pct
eval,full_ridge_horizon_eval_fit,537.9765014648438,10.616477966308594,0.23059017956256866,28.23087501525879
