split,baseline,mse,mae,nmse,relative_nmse_improvement_pct
eval,vanilla,0.0007617225055582821,0.010613109916448593,0.2789636254310608,0.0
