split,baseline,mse,mae,nmse,relative_nmse_improvement_pct
eval,catboost_context_classifier_horizon,0.0007642372511327267,0.01106119342148304,0.2838941216468811,0.7372463345527649
