split,baseline,mse,mae,nmse,relative_nmse_improvement_pct
eval,oracle_context_scalar,0.0006824577576480806,0.010493909008800983,0.25526806712150574,10.746262550354004
