split,baseline,mse,mae,nmse,relative_nmse_improvement_pct
eval,residual_ridge_shared_eval_fit,659.9937211331103,11.162701200010842,0.23199713144228545,0.3393917075951048
