split,baseline,mse,mae,nmse,relative_nmse_improvement_pct
eval,residual_mix_scalar,0.0007573302444601976,0.010597136193193859,0.2778636010465226,0.394325383045345
