split,baseline,mse,mae,nmse,relative_nmse_improvement_pct
eval,residual_mix_scalar,0.0007591516064848797,0.010611709905575995,0.2783792980798227,0.20946363538800952
