split,baseline,mse,mae,nmse,relative_nmse_improvement_pct
eval,context_forecast,0.0007926402031444013,0.010886175557971,0.2893684208393097,-3.7298035621643066
