split,baseline,mse,mae,nmse,relative_nmse_improvement_pct
eval,full_ridge_horizon_eval_fit,438.1323547363281,9.716666221618652,0.16603921353816986,33.64286804199219
