split,baseline,mse,mae,nmse,relative_nmse_improvement_pct
eval,catboost_context_classifier_horizon,0.0005943956784904003,0.008944847621023655,0.2210436910390854,-0.5088526010513306
