split,baseline,mse,mae,nmse,relative_nmse_improvement_pct
eval,residual_mix_scalar,0.0008319304186866254,0.011476221691743782,0.3227004240138659,0.07390677344957444
