split,baseline,mse,mae,nmse,relative_nmse_improvement_pct
eval,horizon_knn_mean,1472.31201171875,20.286781311035156,0.5631869435310364,-125.076171875
