split,baseline,mse,mae,nmse,relative_nmse_improvement_pct
eval,horizon_ridge_shared,638.1845430456328,11.310930945880711,0.22389008904770735,3.8219898391886624
