split,baseline,mse,mae,nmse,relative_nmse_improvement_pct
eval,horizon_ridge_shared_eval_fit,624.4544511900484,11.64932916716531,0.22094004563155403,5.089260341694785
