split,baseline,mse,mae,nmse,relative_nmse_improvement_pct
eval,horizon_ridge_shared,0.0007515680248647741,0.010717380904916378,0.27717442403557796,0.6413744418176806
