split,baseline,mse,mae,nmse,relative_nmse_improvement_pct
eval,catboost_context_classifier_scalar,0.0007643642602488399,0.010660141706466675,0.27940765023231506,-0.15916942059993744
