{
  "adapted_nmse": 0.3218990729673065,
  "vanilla_nmse": 0.3212943850843375,
  "context_nmse": 0.3365011327658926,
  "residual_branch_nmse": 0.34258109943576237,
  "memory_branch_nmse": 0.33220794641322327,
  "adapted_mse": 817.4531776389668,
  "adapted_mae": 12.257511425214648
}