{
  "adapted_nmse": 0.21968243598013884,
  "vanilla_nmse": 0.21992459847021473,
  "context_nmse": 0.22642101234243822,
  "residual_branch_nmse": 0.2207286517749461,
  "memory_branch_nmse": 0.22077613588451414,
  "adapted_mse": 0.0005908099755173121,
  "adapted_mae": 0.009064305556374923
}