split,baseline,mse,mae,nmse,relative_nmse_improvement_pct
eval,residual_mix_scalar,668.44449880453,11.942804342250671,0.2610555262981297,-4.330150933536354
