split,baseline,mse,mae,nmse,relative_nmse_improvement_pct
eval,oracle_context_horizon,0.0005434355116449296,0.008272998034954071,0.20499935746192932,6.786526679992676
