split,baseline,mse,mae,nmse,relative_nmse_improvement_pct
eval,residual_ridge_shared_eval_fit,0.0007585142227034125,0.01061224973033121,0.27819874583866494,0.27418613850244516
