split,baseline,mse,mae,nmse,relative_nmse_improvement_pct
eval,full_ridge_horizon,0.0008345830719918013,0.011847003363072872,0.3270515203475952,-1.2734359502792358
