split,baseline,mse,mae,nmse,relative_nmse_improvement_pct
eval,residual_knn_weighted,9204489.04687063,256.29825578965585,0.2741873135699121,-19.663391170610907
