split,baseline,mse,mae,nmse,relative_nmse_improvement_pct
eval,residual_ridge_shared,1867278.115159772,159.81785452915167,0.17134116437749272,1.526427582313126
