split,baseline,mse,mae,nmse,relative_nmse_improvement_pct
eval,horizon_knn_weighted,1245.6126677356276,17.143195795908184,0.48369060572479095,-50.54436369477055
