split,baseline,mse,mae,nmse,relative_nmse_improvement_pct
eval,context_forecast,0.0007926402031444013,0.010886175557971,0.2893684208393097,-3.7298035621643066
eval,bayes_context_scalar,0.0007617225055582821,0.010613109916448593,0.2789636254310608,0.0
eval,bayes_context_horizon,0.0007630705367773771,0.010627731680870056,0.27932071685791016,-0.1280064433813095
eval,catboost_context_classifier_scalar,0.0007643642602488399,0.010660141706466675,0.27940765023231506,-0.15916942059993744
eval,catboost_context_classifier_horizon,0.0007625328144058585,0.010619292967021465,0.27944958209991455,-0.17420072853565216
eval,catboost_context_regressor_scalar,0.0007604903075844049,0.01062900759279728,0.2789623439311981,0.00045937884715385735
eval,catboost_context_regressor_horizon,0.0007663219003006816,0.010674125514924526,0.2803115248680115,-0.48318105936050415
eval,oracle_context_scalar,0.0007227130699902773,0.0103827603161335,0.267030268907547,4.277746200561523
eval,oracle_context_horizon,0.0006843975279480219,0.009742626920342445,0.2558023929595947,8.302599906921387
