split,baseline,mse,mae,nmse,relative_nmse_improvement_pct
eval,horizon_mix_scalar,1913752.7175327044,159.8237190068388,0.16965570818361364,2.49509668858303
