split,baseline,mse,mae,nmse,relative_nmse_improvement_pct
eval,horizon_mix_scalar,798.539280196391,12.231362243301744,0.3137837883391713,2.3376096327728058
