split,baseline,mse,mae,nmse,relative_nmse_improvement_pct
eval,horizon_mix_scalar_eval_fit,0.0007503881630178929,0.010723085277007854,0.27686515350556734,0.7522385480368076
