split,baseline,mse,mae,nmse,relative_nmse_improvement_pct
eval,horizon_knn_weighted,0.0008981012936881436,0.014548491022363597,0.3366688403945298,-53.083757810202584
