split,baseline,mse,mae,nmse,relative_nmse_improvement_pct
eval,residual_ridge_horizon_eval_fit,0.0008236352587118745,0.011501411907374859,0.3206760883331299,0.7007542848587036
