split,baseline,mse,mae,nmse,relative_nmse_improvement_pct
eval,residual_ridge_horizon,1899675.125,160.16989135742188,0.17301946878433228,0.5618687868118286
