split,baseline,mse,mae,nmse,relative_nmse_improvement_pct
eval,residual_ridge_shared_eval_fit,0.0007552807348094331,0.010603707161821699,0.2773279573027997,0.5863374214948749
