split,baseline,mse,mae,nmse,relative_nmse_improvement_pct
eval,residual_ridge_shared_eval_fit,663.6511448542822,11.12862476627904,0.2319573413079628,0.35648463010659764
