split,baseline,mse,mae,nmse,relative_nmse_improvement_pct
eval,catboost_context_regressor_scalar,0.0007718362612649798,0.010733896866440773,0.28226572275161743,-1.183701753616333
