split,baseline,mse,mae,nmse,relative_nmse_improvement_pct
eval,residual_mix_scalar_eval_fit,0.0007701773998767025,0.011186877984831369,0.28331181223205437,0.9408491067541891
