split,baseline,mse,mae,nmse,relative_nmse_improvement_pct
eval,residual_knn_weighted,17354684.922719963,355.9866972702096,0.4922986558191194,-40.52809192202649
