split,baseline,mse,mae,nmse,relative_nmse_improvement_pct
eval,residual_mix_scalar,2993273.845160007,163.31717817348076,0.13501127482746084,7.937100141521166e-06
