split,baseline,mse,mae,nmse,relative_nmse_improvement_pct
eval,full_ridge_horizon,0.000771851628087461,0.0113803306594491,0.28815367817878723,-0.7520952224731445
