{
  "adapted_nmse": 0.28155969999677855,
  "vanilla_nmse": 0.2789636296618455,
  "context_nmse": 0.2949489661005558,
  "residual_branch_nmse": 0.28800499494685683,
  "memory_branch_nmse": 0.27940766842709996,
  "adapted_mse": 0.0007680095007207328,
  "adapted_mae": 0.011051449285978598
}