split,baseline,mse,mae,nmse,relative_nmse_improvement_pct
eval,horizon_ridge_shared_eval_fit,0.0008204192888099075,0.011572235158595129,0.3203303771262525,0.807805797495402
