split,baseline,mse,mae,nmse,relative_nmse_improvement_pct
eval,horizon_ridge_shared,759.6934658438354,12.141692539255102,0.3007854323405348,6.383231378848707
