split,baseline,mse,mae,nmse,relative_nmse_improvement_pct
eval,residual_knn_weighted,1202.0671476731634,15.561056072476047,0.4303972081676905,-84.88869800537005
