split,baseline,mse,mae,nmse,relative_nmse_improvement_pct
eval,full_ridge_horizon,1128.3389892578125,13.865388870239258,0.45658618211746216,-42.10835647583008
