{
  "adapted_nmse": 0.32199409180715605,
  "vanilla_nmse": 0.3212943850843375,
  "context_nmse": 0.33990487725730695,
  "residual_branch_nmse": 0.3438301156037045,
  "memory_branch_nmse": 0.33643319752696926,
  "adapted_mse": 818.0534680306007,
  "adapted_mae": 12.27030228292275
}