split,baseline,mse,mae,nmse,relative_nmse_improvement_pct
eval,residual_mix_scalar_eval_fit,0.0007675344446030787,0.011177929728425802,0.2830843967250179,1.0203642771578096
