split,baseline,mse,mae,nmse,relative_nmse_improvement_pct
eval,catboost_context_classifier_scalar,0.0005959065165370703,0.009005811996757984,0.2204078882932663,-0.21975229680538177
