split,baseline,mse,mae,nmse,relative_nmse_improvement_pct
eval,residual_knn_weighted,3799667.793757646,209.63670947759633,0.25303827292870656,-45.42671508169441
