split,baseline,mse,mae,nmse,relative_nmse_improvement_pct
eval,full_ridge_horizon,1127.2386474609375,13.858503341674805,0.4564056098461151,-42.052154541015625
