split,baseline,mse,mae,nmse,relative_nmse_improvement_pct
eval,bayes_context_horizon,0.000592205033171922,0.00894052442163229,0.22003521025180817,-0.050295110791921616
