split,baseline,mse,mae,nmse,relative_nmse_improvement_pct
eval,horizon_knn_mean,0.001108237192966044,0.016186950728297234,0.4018688499927521,-44.057796478271484
