split,baseline,mse,mae,nmse,relative_nmse_improvement_pct
eval,residual_ridge_horizon_eval_fit,0.0008163409074768424,0.011540005914866924,0.3197533190250397,0.9864952564239502
