split,baseline,mse,mae,nmse,relative_nmse_improvement_pct
eval,residual_knn_weighted,1371.7207915716522,16.665236626470342,0.5544986196427385,-121.6039074143091
