split,baseline,mse,mae,nmse,relative_nmse_improvement_pct
eval,residual_ridge_horizon,0.0008329514530487359,0.011493266560137272,0.3231152594089508,-0.054549459367990494
