split,baseline,mse,mae,nmse,relative_nmse_improvement_pct
eval,horizon_ridge_shared,0.0008113682857333205,0.011577055086978864,0.31793550690136035,1.5493915146179194
