{
  "adapted_nmse": 0.16550693733569904,
  "vanilla_nmse": 0.1739971018754519,
  "context_nmse": 0.16262288903578734,
  "residual_branch_nmse": 0.17347045235144787,
  "memory_branch_nmse": 0.17097779718729167,
  "adapted_mse": 1874333.6064102561,
  "adapted_mae": 159.11905194143964
}