split,baseline,mse,mae,nmse,relative_nmse_improvement_pct
eval,residual_knn_weighted,939.7903597446272,13.353551786216615,0.3768252995445843,-17.283495425809946
