{
  "adapted_nmse": 0.24573565016697793,
  "vanilla_nmse": 0.25022061758667885,
  "context_nmse": 0.25850271308509104,
  "residual_branch_nmse": 0.2910467300971929,
  "memory_branch_nmse": 0.26735882028175967,
  "adapted_mse": 637.7421608880778,
  "adapted_mae": 11.872029533293414
}