split,baseline,mse,mae,nmse,relative_nmse_improvement_pct
eval,horizon_mix_scalar_eval_fit,1868231.3013049553,159.897070761528,0.17132060622405412,1.5382428096624021
