split,baseline,mse,mae,nmse,relative_nmse_improvement_pct
eval,residual_mix_scalar_eval_fit,1859239.9531310897,159.48264527521187,0.17078155331050562,1.8480484906973098
