split,baseline,mse,mae,nmse,relative_nmse_improvement_pct
eval,horizon_ridge_shared_eval_fit,0.0007471986851230151,0.011329033990072054,0.2809935797893436,1.7514123357946043
