split,baseline,mse,mae,nmse,relative_nmse_improvement_pct
eval,full_ridge_horizon,2067818.375,163.51910400390625,0.17704299092292786,-1.75053870677948
