split,baseline,mse,mae,nmse,relative_nmse_improvement_pct
eval,horizon_ridge_shared_eval_fit,690.5234474812714,12.648135169090844,0.27962874604817367,12.968060271691797
