split,baseline,mse,mae,nmse,relative_nmse_improvement_pct
eval,full_ridge_horizon,0.0007718450506217778,0.011369398795068264,0.2870101034641266,-0.3522476553916931
