split,baseline,mse,mae,nmse,relative_nmse_improvement_pct
eval,residual_knn_weighted,1211.0918479091922,15.167978661296319,0.47301724166466025,-47.222374840950955
