split,baseline,mse,mae,nmse,relative_nmse_improvement_pct
eval,horizon_knn_mean,0.0011407239362597466,0.016746481880545616,0.4339076280593872,-34.362060546875
