split,baseline,mse,mae,nmse,relative_nmse_improvement_pct
eval,full_ridge_horizon,0.0007639461546204984,0.011414598673582077,0.28617262840270996,-0.05942694470286369
