split,baseline,mse,mae,nmse,relative_nmse_improvement_pct
eval,residual_ridge_shared,0.0008319802710809556,0.011475004742881656,0.3227155841553322,0.06921234605885056
