split,baseline,mse,mae,nmse,relative_nmse_improvement_pct
eval,residual_ridge_horizon,0.0008326715906150639,0.0114859938621521,0.3229817748069763,-0.013215161859989166
