split,baseline,mse,mae,nmse,relative_nmse_improvement_pct
eval,oracle_context_scalar,0.0007227130699902773,0.0103827603161335,0.267030268907547,4.277746200561523
