split,baseline,mse,mae,nmse,relative_nmse_improvement_pct
eval,residual_ridge_shared_eval_fit,1759501.2450272366,159.62018805970283,0.17193826131689263,1.1832627105439926
