split,baseline,mse,mae,nmse,relative_nmse_improvement_pct
eval,horizon_ridge_shared_eval_fit,0.000754554557840965,0.011302511171561048,0.2828608851072255,1.0985144640450193
