split,baseline,mse,mae,nmse,relative_nmse_improvement_pct
eval,horizon_knn_mean,948.994873046875,16.586284637451172,0.335764616727829,-44.236724853515625
