split,baseline,mse,mae,nmse,relative_nmse_improvement_pct
eval,full_ridge_horizon,0.0008279206231236458,0.011925826780498028,0.3249976336956024,-0.6374377608299255
