split,baseline,mse,mae,nmse,relative_nmse_improvement_pct
eval,residual_ridge_horizon_eval_fit,0.0007528410060331225,0.010622774250805378,0.27755874395370483,0.5036073923110962
