split,baseline,mse,mae,nmse,relative_nmse_improvement_pct
eval,residual_knn_weighted,1208.6111831664168,15.619308120222788,0.43269063237806865,-85.87390006566221
