split,baseline,mse,mae,nmse,relative_nmse_improvement_pct
eval,residual_ridge_shared,747.117951484107,12.069748686238121,0.27044524366884987,-1.2626992238988801
