split,baseline,mse,mae,nmse,relative_nmse_improvement_pct
eval,oracle_context_scalar,0.0007117908680811524,0.010350281372666359,0.2644045948982239,5.218970775604248
