split,baseline,mse,mae,nmse,relative_nmse_improvement_pct
eval,residual_knn_weighted,5508817.609287172,215.01297629074847,0.22561325370929614,-67.10695909691336
