split,baseline,mse,mae,nmse,relative_nmse_improvement_pct
eval,residual_mix_scalar_eval_fit,1864990.0945890727,159.91147769847507,0.17185678323253153,1.2300899751417163
