split,baseline,mse,mae,nmse,relative_nmse_improvement_pct
eval,horizon_knn_mean,16334786.0,354.5053405761719,0.43694761395454407,-24.727975845336914
