split,baseline,mse,mae,nmse,relative_nmse_improvement_pct
eval,full_ridge_horizon,1614.5877685546875,18.251609802246094,0.5607067346572876,-109.9451904296875
