split,baseline,mse,mae,nmse,relative_nmse_improvement_pct
eval,catboost_context_classifier_horizon,0.0005946184392087162,0.008945814333856106,0.22105732560157776,-0.5150522589683533
