split,baseline,mse,mae,nmse,relative_nmse_improvement_pct
eval,residual_knn_weighted,0.0009059343821497013,0.012504323571850474,0.33892431843052667,-18.503901889204272
