split,baseline,mse,mae,nmse,relative_nmse_improvement_pct
eval,horizon_ridge_shared_eval_fit,1854801.2148351436,160.51443302354733,0.1753814903003019,-0.7956374555679292
