split,baseline,mse,mae,nmse,relative_nmse_improvement_pct
eval,horizon_knn_mean,0.0013780264416709542,0.01770186424255371,0.5009486079216003,-79.57488250732422
