split,baseline,mse,mae,nmse,relative_nmse_improvement_pct
eval,residual_knn_weighted,0.0008884864442373634,0.01247277084640008,0.3342960476711607,-16.8856404834592
