split,baseline,mse,mae,nmse,relative_nmse_improvement_pct
eval,residual_ridge_shared_eval_fit,633.9837752369451,11.349296828616103,0.24366101240479776,2.6215205581229304
