split,baseline,mse,mae,nmse,relative_nmse_improvement_pct
eval,residual_ridge_shared_eval_fit,636.1616306671459,11.293080336839537,0.2443122698821439,2.3612472290284803
