split,baseline,mse,mae,nmse,relative_nmse_improvement_pct
eval,residual_ridge_horizon,0.0007605194696225226,0.010612145997583866,0.27868178486824036,0.10103129595518112
