split,baseline,mse,mae,nmse,relative_nmse_improvement_pct
eval,bayes_context_horizon,0.0007919908384792507,0.011287610977888107,0.29306718707084656,-2.4700894355773926
