split,baseline,mse,mae,nmse,relative_nmse_improvement_pct
eval,residual_ridge_shared_eval_fit,0.0007590209641128814,0.010622221943735776,0.2784259632033879,0.1927356037340235
