split,baseline,mse,mae,nmse,relative_nmse_improvement_pct
eval,full_ridge_horizon_eval_fit,0.00078512670006603,0.01181752234697342,0.3114621043205261,3.5539188385009766
