split,baseline,mse,mae,nmse,relative_nmse_improvement_pct
eval,residual_knn_weighted,3700741.376691525,214.5702815291545,0.31954488324015273,-83.64954104738142
