split,baseline,mse,mae,nmse,relative_nmse_improvement_pct
eval,residual_knn_weighted,14907523.083553033,327.7516564473164,0.4328771090903388,-23.566037522432143
