split,baseline,mse,mae,nmse,relative_nmse_improvement_pct
eval,residual_ridge_horizon_eval_fit,0.0007562952814623713,0.010621228255331516,0.27826207876205444,0.2514832019805908
