split,baseline,mse,mae,nmse,relative_nmse_improvement_pct
eval,full_ridge_horizon,1754.2823486328125,18.83927345275879,0.5997645258903503,-157.64498901367188
