{
  "adapted_nmse": 0.2885473571224588,
  "vanilla_nmse": 0.28600266581144657,
  "context_nmse": 0.2983993372465076,
  "residual_branch_nmse": 0.28895223801805636,
  "memory_branch_nmse": 0.29044913529070204,
  "adapted_mse": 0.0007800481198316684,
  "adapted_mae": 0.011449050618980921
}