split,baseline,mse,mae,nmse,relative_nmse_improvement_pct
eval,residual_ridge_shared,794.6111279150017,12.080239768507893,0.31450804726574744,2.112190536430674
