split,baseline,mse,mae,nmse,relative_nmse_improvement_pct
eval,context_forecast,11780484.0,294.5412902832031,0.3841002285480499,-9.642534255981445
