split,baseline,mse,mae,nmse,relative_nmse_improvement_pct
eval,horizon_mix_scalar_eval_fit,0.0007541510882105344,0.011248701210770564,0.2806106163225006,1.8853143978008486
