split,baseline,mse,mae,nmse,relative_nmse_improvement_pct
eval,horizon_ridge_shared,711.2420594805684,12.031235708458606,0.25716318007963523,3.710498278343811
