{
  "adapted_nmse": 0.21980011583298675,
  "vanilla_nmse": 0.21992459847021473,
  "context_nmse": 0.22283704784489416,
  "residual_branch_nmse": 0.22068614987439888,
  "memory_branch_nmse": 0.22064417854760043,
  "adapted_mse": 0.0005912047593062624,
  "adapted_mae": 0.009057842214286172
}