split,baseline,mse,mae,nmse,relative_nmse_improvement_pct
eval,full_ridge_horizon,1607.528076171875,18.166170120239258,0.5583057403564453,-109.04618835449219
