split,baseline,mse,mae,nmse,relative_nmse_improvement_pct
eval,full_ridge_horizon,1607.4256591796875,18.171213150024414,0.558164119720459,-108.99315643310547
