split,baseline,mse,mae,nmse,relative_nmse_improvement_pct
eval,horizon_ridge_shared_eval_fit,0.0005779497879363045,0.009157848730462364,0.21569229630714062,1.9244334856916585
