split,baseline,mse,mae,nmse,relative_nmse_improvement_pct
eval,horizon_ridge_shared,762.3722023298266,12.1572235735243,0.30149476687378546,6.162457366099515
