split,baseline,mse,mae,nmse,relative_nmse_improvement_pct
eval,horizon_knn_mean,0.0011905096471309662,0.01638573594391346,0.4515899419784546,-105.33853149414062
