{
  "adapted_nmse": 0.32151043702885385,
  "vanilla_nmse": 0.3212943850843375,
  "context_nmse": 0.3251021538873123,
  "residual_branch_nmse": 0.3464998751795071,
  "memory_branch_nmse": 0.32981113688722213,
  "adapted_mse": 816.2912543280928,
  "adapted_mae": 12.23456047010984
}