split,baseline,mse,mae,nmse,relative_nmse_improvement_pct
eval,full_ridge_horizon,2069.254638671875,21.79852867126465,0.7843215465545654,-213.4520263671875
