split,baseline,mse,mae,nmse,relative_nmse_improvement_pct
eval,residual_ridge_shared,0.0005898343345994541,0.008908730377576836,0.21922332654823137,0.3188694613697327
