split,baseline,mse,mae,nmse,relative_nmse_improvement_pct
eval,horizon_ridge_shared,0.0008120720082984233,0.011587103491831048,0.31795158029287,1.544414293954607
