split,baseline,mse,mae,nmse,relative_nmse_improvement_pct
eval,horizon_mix_scalar_eval_fit,9116648.595743464,264.64836880766563,0.3450624518795813,1.5009133512844404
