split,baseline,mse,mae,nmse,relative_nmse_improvement_pct
eval,full_ridge_horizon,1126.6673583984375,13.890677452087402,0.4558631479740143,-41.88331604003906
