split,baseline,mse,mae,nmse,relative_nmse_improvement_pct
eval,catboost_context_regressor_horizon,0.0007695351960137486,0.010692697949707508,0.28151553869247437,-0.9147835373878479
