split,baseline,mse,mae,nmse,relative_nmse_improvement_pct
eval,context_forecast,0.0008023327100090683,0.011341775767505169,0.29839929938316345,-4.334446907043457
eval,bayes_context_scalar,0.000778419547714293,0.011205503717064857,0.28600266575813293,0.0
eval,bayes_context_horizon,0.0007919908384792507,0.011287610977888107,0.29306718707084656,-2.4700894355773926
eval,catboost_context_classifier_scalar,0.0007680108537897468,0.011114109307527542,0.2849370837211609,0.3725776672363281
eval,catboost_context_classifier_horizon,0.0007673304644413292,0.01109590008854866,0.2849530875682831,0.36698195338249207
eval,catboost_context_regressor_scalar,0.0007785189663991332,0.0111846923828125,0.28746476769447327,-0.5112196803092957
eval,catboost_context_regressor_horizon,0.0007842019549570978,0.011258327402174473,0.2914445698261261,-1.9027459621429443
eval,oracle_context_scalar,0.0007060043280944228,0.010662658140063286,0.26360511779785156,7.831236839294434
eval,oracle_context_horizon,0.0006844110903330147,0.010168775916099548,0.25717034935951233,10.081135749816895
