split,baseline,mse,mae,nmse,relative_nmse_improvement_pct
eval,residual_ridge_shared,1878014.597721516,159.78656326796434,0.17255055243237818,0.8313654083368349
