split,baseline,mse,mae,nmse,relative_nmse_improvement_pct
eval,residual_ridge_shared,0.0008319230541090053,0.011476115660299794,0.3226971694410697,0.07491457114813727
