split,baseline,mse,mae,nmse,relative_nmse_improvement_pct
eval,catboost_context_classifier_scalar,0.0007674550288356841,0.011121237650513649,0.28475919365882874,0.4347763955593109
