split,baseline,mse,mae,nmse,relative_nmse_improvement_pct
eval,residual_ridge_shared_eval_fit,0.00082978468615347,0.011468877801550164,0.3218785975451395,0.3283901959023258
