split,baseline,mse,mae,nmse,relative_nmse_improvement_pct
eval,residual_ridge_horizon,0.0007645990117453039,0.011147238314151764,0.28246742486953735,1.2360867261886597
