split,baseline,mse,mae,nmse,relative_nmse_improvement_pct
eval,residual_mix_scalar_eval_fit,661.868128279765,11.14638903259216,0.23208575416537072,0.3013214330348159
