split,baseline,mse,mae,nmse,relative_nmse_improvement_pct
eval,horizon_ridge_shared_eval_fit,0.0007441669416166167,0.010784197208451212,0.2758119169986084,1.1297918958367037
