split,baseline,mse,mae,nmse,relative_nmse_improvement_pct
eval,residual_knn_weighted,1282.2597343688042,16.243173343553,0.5281153656776796,-111.0599097164824
