{
  "adapted_nmse": 0.3239743614196777,
  "vanilla_nmse": 0.3229391246618227,
  "context_nmse": 0.3322808019504991,
  "residual_branch_nmse": 0.37256534132846564,
  "memory_branch_nmse": 0.355908236170924,
  "adapted_mse": 0.000834744651628271,
  "adapted_mae": 0.011658991461268383
}