split,baseline,mse,mae,nmse,relative_nmse_improvement_pct
eval,horizon_mix_scalar_eval_fit,2950013.885113287,161.99150372676877,0.13238460803027663,1.9455244075281195
