split,baseline,mse,mae,nmse,relative_nmse_improvement_pct
eval,residual_ridge_horizon,0.0007607369916513562,0.010612193495035172,0.2786845862865448,0.10002706944942474
