split,baseline,mse,mae,nmse,relative_nmse_improvement_pct
eval,horizon_knn_weighted,13085226.977694238,324.47158961581124,0.3647300454487848,-59.17889683500654
