split,baseline,mse,mae,nmse,relative_nmse_improvement_pct
eval,context_forecast,0.0008253906271420419,0.011549797840416431,0.3074067234992981,-7.483866214752197
eval,bayes_context_scalar,0.0008253906271420419,0.011549797840416431,0.3074067234992981,-7.483866214752197
eval,bayes_context_horizon,0.0008213174878619611,0.01148828025907278,0.3042181432247162,-6.368988513946533
eval,catboost_context_classifier_scalar,0.000758978130761534,0.011044496670365334,0.2827359735965729,1.142189383506775
eval,catboost_context_classifier_horizon,0.0007632368360646069,0.011067584156990051,0.2845706641674042,0.5006951689720154
eval,catboost_context_regressor_scalar,0.0007734060054644942,0.011210598982870579,0.2887483239173889,-0.96001136302948
eval,catboost_context_regressor_horizon,0.000782294082455337,0.011292299255728722,0.29307854175567627,-2.4740593433380127
eval,oracle_context_scalar,0.00067991076502949,0.010463103652000427,0.2542431056499481,11.10463809967041
eval,oracle_context_horizon,0.0006483688484877348,0.009747393429279327,0.2447895109653473,14.410059928894043
