{
  "adapted_nmse": 0.1307650265062508,
  "vanilla_nmse": 0.13501127994647064,
  "context_nmse": 0.1424449035382816,
  "residual_branch_nmse": 0.14597546938633804,
  "memory_branch_nmse": 0.17349999378889036,
  "adapted_mse": 2830010.392296142,
  "adapted_mae": 161.437703365926
}