split,baseline,mse,mae,nmse,relative_nmse_improvement_pct
eval,residual_knn_weighted,0.0007024534500588027,0.01034139355901044,0.25930902606270667,-17.90815003035213
