split,baseline,mse,mae,nmse,relative_nmse_improvement_pct
eval,horizon_ridge_shared_eval_fit,0.0007515347418771203,0.01070309802079397,0.27719886912566993,0.6326116183297794
