split,baseline,mse,mae,nmse,relative_nmse_improvement_pct
eval,bayes_context_horizon,0.00078443787060678,0.011236434802412987,0.2890603840351105,-1.069122314453125
