split,baseline,mse,mae,nmse,relative_nmse_improvement_pct
eval,catboost_context_classifier_horizon,0.0005964853917248547,0.00896077323704958,0.22144731879234314,-0.6923826932907104
