split,baseline,mse,mae,nmse,relative_nmse_improvement_pct
eval,horizon_ridge_shared_eval_fit,9287904.996174602,266.99305511237475,0.3489110691687208,0.4023142838524754
