split,baseline,mse,mae,nmse,relative_nmse_improvement_pct
eval,residual_mix_scalar_eval_fit,664.0254228299773,11.128388366967883,0.23205627998340983,0.31398286072093495
