split,baseline,mse,mae,nmse,relative_nmse_improvement_pct
eval,horizon_knn_weighted,0.001190509579706267,0.016385735661115966,0.4515899416520782,-105.33853140783117
