split,baseline,mse,mae,nmse,relative_nmse_improvement_pct
eval,horizon_ridge_shared,1881060.9784115017,159.53619072013987,0.17083985598078782,1.8145406512645752
