split,baseline,mse,mae,nmse,relative_nmse_improvement_pct
eval,full_ridge_horizon,0.0005886946455575526,0.009142222814261913,0.22001536190509796,-0.04127003997564316
