split,baseline,mse,mae,nmse,relative_nmse_improvement_pct
eval,residual_ridge_horizon_eval_fit,0.0007635554648004472,0.01116684079170227,0.282082736492157,1.3705918788909912
