split,baseline,mse,mae,nmse,relative_nmse_improvement_pct
eval,residual_knn_weighted,7907772.664205773,244.19437236152945,0.28831466895404867,-113.54856950923514
