split,baseline,mse,mae,nmse,relative_nmse_improvement_pct
eval,residual_knn_weighted,929.3006883529304,14.035749866606386,0.34125303841170396,-46.5944220013016
