split,baseline,mse,mae,nmse,relative_nmse_improvement_pct
eval,residual_ridge_horizon_eval_fit,0.0007463502697646618,0.010631165467202663,0.2761562168598175,1.0063707828521729
