split,baseline,mse,mae,nmse,relative_nmse_improvement_pct
eval,residual_ridge_shared_eval_fit,5397586.546848508,212.05453228978246,0.22862733769706742,0.2203195073658014
