split,baseline,mse,mae,nmse,relative_nmse_improvement_pct
eval,residual_knn_weighted,0.0011341854585455613,0.014260159316253242,0.4379092505812289,-35.6011871755969
