split,baseline,mse,mae,nmse,relative_nmse_improvement_pct
eval,horizon_knn_mean,3745685.25,203.0943603515625,0.2014055848121643,-15.752262115478516
