split,baseline,mse,mae,nmse,relative_nmse_improvement_pct
eval,full_ridge_horizon,2062.01318359375,21.61274528503418,0.7827434539794922,-212.82135009765625
