split,baseline,mse,mae,nmse,relative_nmse_improvement_pct
eval,residual_knn_weighted,0.001068648252999492,0.013570225217995252,0.389656779351689,-39.680138853079036
