split,baseline,mse,mae,nmse,relative_nmse_improvement_pct
eval,residual_knn_weighted,1535.6031737032617,17.40720685073928,0.6223305157019298,-148.71274534743688
