split,baseline,mse,mae,nmse,relative_nmse_improvement_pct
eval,full_ridge_horizon,0.0007623115670867264,0.010908322408795357,0.2817780673503876,-1.0088920593261719
