split,baseline,mse,mae,nmse,relative_nmse_improvement_pct
eval,horizon_mix_scalar,0.0007542450330799476,0.011274526611951009,0.2808417768667004,1.8044897860487006
