split,baseline,mse,mae,nmse,relative_nmse_improvement_pct
eval,horizon_ridge_shared_eval_fit,0.0005789020859947043,0.00915994643550557,0.21637561981092376,1.6137254034213373
