split,baseline,mse,mae,nmse,relative_nmse_improvement_pct
eval,residual_ridge_horizon,0.000590692216064781,0.008927649818360806,0.21954379975795746,0.17314988374710083
