split,baseline,mse,mae,nmse,relative_nmse_improvement_pct
eval,horizon_ridge_shared_eval_fit,0.0007424927605817955,0.010834815808474159,0.2748355375141288,1.4797943318069386
