split,baseline,mse,mae,nmse,relative_nmse_improvement_pct
eval,residual_ridge_shared_eval_fit,2959580.5588376597,164.3517151059201,0.13715982963388965,-1.5913811069938664
