{
  "adapted_nmse": 0.28952168352062246,
  "vanilla_nmse": 0.28600266581144657,
  "context_nmse": 0.3101271470672116,
  "residual_branch_nmse": 0.2880477700549076,
  "memory_branch_nmse": 0.29151917715192055,
  "adapted_mse": 0.0007808111145976905,
  "adapted_mae": 0.011443140077391905
}