
2026-08-06T16:57:32+02:00 job start kind=adaptation_extraction experiment_mode=screen skip_complete=true tasks=60 datasets=Electricity,Traffic,Solar,exchange_rate models=chronos2 settings=168:24,336:48,504:168 distance_spaces=raw,instance distance_metrics=euclidean neighbors=1,3

2026-08-06T16:57:32+02:00 extraction start configuration=1/60 dataset=Electricity model=chronos2 lags=168 horizon=24 retrieval=vanilla period=24 datastore_stride=24 adapt_stride=24 eval_stride=128 max_store_windows=30000 seed=1
2026-08-06 16:57:36,540 INFO [__main__] ========================================================================
2026-08-06 16:57:36,540 INFO [__main__] experiment start kind=extraction dataset=Electricity model=chronos2 lags=168 horizon=24 neighbors=0 distance=raw/euclidean
2026-08-06 16:57:36,947 INFO [__main__] extraction skipped dir=/home/h61084/codes/adapts/outputs/extractions/Electricity/168_24/chronos2/vanilla reason=complete
2026-08-06 16:57:36,947 INFO [__main__] ========================================================================
2026-08-06T16:57:37+02:00 extraction done configuration=1/60 dataset=Electricity model=chronos2 lags=168 horizon=24 retrieval=vanilla

2026-08-06T16:57:37+02:00 extraction start configuration=2/60 dataset=Electricity model=chronos2 lags=168 horizon=24 retrieval=raw_euclidean_1_online period=24 datastore_stride=24 adapt_stride=24 eval_stride=128 max_store_windows=30000 seed=1
2026-08-06 16:57:39,746 INFO [__main__] ========================================================================
2026-08-06 16:57:39,746 INFO [__main__] experiment start kind=extraction dataset=Electricity model=chronos2 lags=168 horizon=24 neighbors=1 distance=raw/euclidean
2026-08-06 16:57:40,074 INFO [__main__] extraction skipped dir=/home/h61084/codes/adapts/outputs/extractions/Electricity/168_24/chronos2/raw_euclidean_1_online/extracted reason=complete
2026-08-06 16:57:40,074 INFO [__main__] ========================================================================
2026-08-06T16:57:40+02:00 extraction done configuration=2/60 dataset=Electricity model=chronos2 lags=168 horizon=24 retrieval=raw_euclidean_1_online

2026-08-06T16:57:40+02:00 extraction start configuration=3/60 dataset=Electricity model=chronos2 lags=168 horizon=24 retrieval=raw_euclidean_3_online period=24 datastore_stride=24 adapt_stride=24 eval_stride=128 max_store_windows=30000 seed=1
2026-08-06 16:57:43,170 INFO [__main__] ========================================================================
2026-08-06 16:57:43,171 INFO [__main__] experiment start kind=extraction dataset=Electricity model=chronos2 lags=168 horizon=24 neighbors=3 distance=raw/euclidean
2026-08-06 16:57:43,558 INFO [__main__] extraction skipped dir=/home/h61084/codes/adapts/outputs/extractions/Electricity/168_24/chronos2/raw_euclidean_3_online/extracted reason=complete
2026-08-06 16:57:43,558 INFO [__main__] ========================================================================
2026-08-06T16:57:43+02:00 extraction done configuration=3/60 dataset=Electricity model=chronos2 lags=168 horizon=24 retrieval=raw_euclidean_3_online

2026-08-06T16:57:43+02:00 extraction start configuration=4/60 dataset=Electricity model=chronos2 lags=168 horizon=24 retrieval=instance_euclidean_1_online period=24 datastore_stride=24 adapt_stride=24 eval_stride=128 max_store_windows=30000 seed=1
2026-08-06 16:57:46,599 INFO [__main__] ========================================================================
2026-08-06 16:57:46,599 INFO [__main__] experiment start kind=extraction dataset=Electricity model=chronos2 lags=168 horizon=24 neighbors=1 distance=instance/euclidean
2026-08-06 16:57:46,998 INFO [__main__] extraction skipped dir=/home/h61084/codes/adapts/outputs/extractions/Electricity/168_24/chronos2/instance_euclidean_1_online/extracted reason=complete
2026-08-06 16:57:46,998 INFO [__main__] ========================================================================
2026-08-06T16:57:47+02:00 extraction done configuration=4/60 dataset=Electricity model=chronos2 lags=168 horizon=24 retrieval=instance_euclidean_1_online

2026-08-06T16:57:47+02:00 extraction start configuration=5/60 dataset=Electricity model=chronos2 lags=168 horizon=24 retrieval=instance_euclidean_3_online period=24 datastore_stride=24 adapt_stride=24 eval_stride=128 max_store_windows=30000 seed=1
2026-08-06 16:57:49,991 INFO [__main__] ========================================================================
2026-08-06 16:57:49,991 INFO [__main__] experiment start kind=extraction dataset=Electricity model=chronos2 lags=168 horizon=24 neighbors=3 distance=instance/euclidean
2026-08-06 16:57:50,323 INFO [__main__] extraction skipped dir=/home/h61084/codes/adapts/outputs/extractions/Electricity/168_24/chronos2/instance_euclidean_3_online/extracted reason=complete
2026-08-06 16:57:50,323 INFO [__main__] ========================================================================
2026-08-06T16:57:50+02:00 extraction done configuration=5/60 dataset=Electricity model=chronos2 lags=168 horizon=24 retrieval=instance_euclidean_3_online

2026-08-06T16:57:50+02:00 extraction start configuration=6/60 dataset=Electricity model=chronos2 lags=336 horizon=48 retrieval=vanilla period=24 datastore_stride=24 adapt_stride=24 eval_stride=128 max_store_windows=30000 seed=1
2026-08-06 16:57:53,540 INFO [__main__] ========================================================================
2026-08-06 16:57:53,540 INFO [__main__] experiment start kind=extraction dataset=Electricity model=chronos2 lags=336 horizon=48 neighbors=0 distance=raw/euclidean
2026-08-06 16:57:53,985 INFO [__main__] extraction skipped dir=/home/h61084/codes/adapts/outputs/extractions/Electricity/336_48/chronos2/vanilla reason=complete
2026-08-06 16:57:53,985 INFO [__main__] ========================================================================
2026-08-06T16:57:54+02:00 extraction done configuration=6/60 dataset=Electricity model=chronos2 lags=336 horizon=48 retrieval=vanilla

2026-08-06T16:57:54+02:00 extraction start configuration=7/60 dataset=Electricity model=chronos2 lags=336 horizon=48 retrieval=raw_euclidean_1_online period=24 datastore_stride=24 adapt_stride=24 eval_stride=128 max_store_windows=30000 seed=1
2026-08-06 16:57:56,761 INFO [__main__] ========================================================================
2026-08-06 16:57:56,761 INFO [__main__] experiment start kind=extraction dataset=Electricity model=chronos2 lags=336 horizon=48 neighbors=1 distance=raw/euclidean
2026-08-06 16:57:57,160 INFO [__main__] extraction skipped dir=/home/h61084/codes/adapts/outputs/extractions/Electricity/336_48/chronos2/raw_euclidean_1_online/extracted reason=complete
2026-08-06 16:57:57,160 INFO [__main__] ========================================================================
2026-08-06T16:57:57+02:00 extraction done configuration=7/60 dataset=Electricity model=chronos2 lags=336 horizon=48 retrieval=raw_euclidean_1_online

2026-08-06T16:57:57+02:00 extraction start configuration=8/60 dataset=Electricity model=chronos2 lags=336 horizon=48 retrieval=raw_euclidean_3_online period=24 datastore_stride=24 adapt_stride=24 eval_stride=128 max_store_windows=30000 seed=1
2026-08-06 16:58:00,301 INFO [__main__] ========================================================================
2026-08-06 16:58:00,301 INFO [__main__] experiment start kind=extraction dataset=Electricity model=chronos2 lags=336 horizon=48 neighbors=3 distance=raw/euclidean
2026-08-06 16:58:00,629 INFO [__main__] extraction skipped dir=/home/h61084/codes/adapts/outputs/extractions/Electricity/336_48/chronos2/raw_euclidean_3_online/extracted reason=complete
2026-08-06 16:58:00,630 INFO [__main__] ========================================================================
2026-08-06T16:58:01+02:00 extraction done configuration=8/60 dataset=Electricity model=chronos2 lags=336 horizon=48 retrieval=raw_euclidean_3_online

2026-08-06T16:58:01+02:00 extraction start configuration=9/60 dataset=Electricity model=chronos2 lags=336 horizon=48 retrieval=instance_euclidean_1_online period=24 datastore_stride=24 adapt_stride=24 eval_stride=128 max_store_windows=30000 seed=1
2026-08-06 16:58:03,731 INFO [__main__] ========================================================================
2026-08-06 16:58:03,731 INFO [__main__] experiment start kind=extraction dataset=Electricity model=chronos2 lags=336 horizon=48 neighbors=1 distance=instance/euclidean
2026-08-06 16:58:04,014 INFO [__main__] extraction skipped dir=/home/h61084/codes/adapts/outputs/extractions/Electricity/336_48/chronos2/instance_euclidean_1_online/extracted reason=complete
2026-08-06 16:58:04,014 INFO [__main__] ========================================================================
2026-08-06T16:58:04+02:00 extraction done configuration=9/60 dataset=Electricity model=chronos2 lags=336 horizon=48 retrieval=instance_euclidean_1_online

2026-08-06T16:58:04+02:00 extraction start configuration=10/60 dataset=Electricity model=chronos2 lags=336 horizon=48 retrieval=instance_euclidean_3_online period=24 datastore_stride=24 adapt_stride=24 eval_stride=128 max_store_windows=30000 seed=1
2026-08-06 16:58:06,944 INFO [__main__] ========================================================================
2026-08-06 16:58:06,944 INFO [__main__] experiment start kind=extraction dataset=Electricity model=chronos2 lags=336 horizon=48 neighbors=3 distance=instance/euclidean
2026-08-06 16:58:07,407 INFO [__main__] extraction skipped dir=/home/h61084/codes/adapts/outputs/extractions/Electricity/336_48/chronos2/instance_euclidean_3_online/extracted reason=complete
2026-08-06 16:58:07,407 INFO [__main__] ========================================================================
2026-08-06T16:58:07+02:00 extraction done configuration=10/60 dataset=Electricity model=chronos2 lags=336 horizon=48 retrieval=instance_euclidean_3_online

2026-08-06T16:58:07+02:00 extraction start configuration=11/60 dataset=Electricity model=chronos2 lags=504 horizon=168 retrieval=vanilla period=24 datastore_stride=24 adapt_stride=24 eval_stride=128 max_store_windows=30000 seed=1
2026-08-06 16:58:10,524 INFO [__main__] ========================================================================
2026-08-06 16:58:10,524 INFO [__main__] experiment start kind=extraction dataset=Electricity model=chronos2 lags=504 horizon=168 neighbors=0 distance=raw/euclidean
2026-08-06 16:58:10,877 INFO [__main__] extraction skipped dir=/home/h61084/codes/adapts/outputs/extractions/Electricity/504_168/chronos2/vanilla reason=complete
2026-08-06 16:58:10,877 INFO [__main__] ========================================================================
2026-08-06T16:58:11+02:00 extraction done configuration=11/60 dataset=Electricity model=chronos2 lags=504 horizon=168 retrieval=vanilla

2026-08-06T16:58:11+02:00 extraction start configuration=12/60 dataset=Electricity model=chronos2 lags=504 horizon=168 retrieval=raw_euclidean_1_online period=24 datastore_stride=24 adapt_stride=24 eval_stride=128 max_store_windows=30000 seed=1
2026-08-06 16:58:13,927 INFO [__main__] ========================================================================
2026-08-06 16:58:13,928 INFO [__main__] experiment start kind=extraction dataset=Electricity model=chronos2 lags=504 horizon=168 neighbors=1 distance=raw/euclidean
2026-08-06 16:58:14,263 INFO [__main__] extraction skipped dir=/home/h61084/codes/adapts/outputs/extractions/Electricity/504_168/chronos2/raw_euclidean_1_online/extracted reason=complete
2026-08-06 16:58:14,263 INFO [__main__] ========================================================================
2026-08-06T16:58:14+02:00 extraction done configuration=12/60 dataset=Electricity model=chronos2 lags=504 horizon=168 retrieval=raw_euclidean_1_online

2026-08-06T16:58:14+02:00 extraction start configuration=13/60 dataset=Electricity model=chronos2 lags=504 horizon=168 retrieval=raw_euclidean_3_online period=24 datastore_stride=24 adapt_stride=24 eval_stride=128 max_store_windows=30000 seed=1
2026-08-06 16:58:17,516 INFO [__main__] ========================================================================
2026-08-06 16:58:17,516 INFO [__main__] experiment start kind=extraction dataset=Electricity model=chronos2 lags=504 horizon=168 neighbors=3 distance=raw/euclidean
2026-08-06 16:58:17,845 INFO [__main__] extraction skipped dir=/home/h61084/codes/adapts/outputs/extractions/Electricity/504_168/chronos2/raw_euclidean_3_online/extracted reason=complete
2026-08-06 16:58:17,845 INFO [__main__] ========================================================================
2026-08-06T16:58:18+02:00 extraction done configuration=13/60 dataset=Electricity model=chronos2 lags=504 horizon=168 retrieval=raw_euclidean_3_online

2026-08-06T16:58:18+02:00 extraction start configuration=14/60 dataset=Electricity model=chronos2 lags=504 horizon=168 retrieval=instance_euclidean_1_online period=24 datastore_stride=24 adapt_stride=24 eval_stride=128 max_store_windows=30000 seed=1
2026-08-06 16:58:20,701 INFO [__main__] ========================================================================
2026-08-06 16:58:20,701 INFO [__main__] experiment start kind=extraction dataset=Electricity model=chronos2 lags=504 horizon=168 neighbors=1 distance=instance/euclidean
2026-08-06 16:58:21,112 INFO [__main__] extraction skipped dir=/home/h61084/codes/adapts/outputs/extractions/Electricity/504_168/chronos2/instance_euclidean_1_online/extracted reason=complete
2026-08-06 16:58:21,112 INFO [__main__] ========================================================================
2026-08-06T16:58:21+02:00 extraction done configuration=14/60 dataset=Electricity model=chronos2 lags=504 horizon=168 retrieval=instance_euclidean_1_online

2026-08-06T16:58:21+02:00 extraction start configuration=15/60 dataset=Electricity model=chronos2 lags=504 horizon=168 retrieval=instance_euclidean_3_online period=24 datastore_stride=24 adapt_stride=24 eval_stride=128 max_store_windows=30000 seed=1
2026-08-06 16:58:24,156 INFO [__main__] ========================================================================
2026-08-06 16:58:24,156 INFO [__main__] experiment start kind=extraction dataset=Electricity model=chronos2 lags=504 horizon=168 neighbors=3 distance=instance/euclidean
2026-08-06 16:58:24,522 INFO [__main__] extraction skipped dir=/home/h61084/codes/adapts/outputs/extractions/Electricity/504_168/chronos2/instance_euclidean_3_online/extracted reason=complete
2026-08-06 16:58:24,522 INFO [__main__] ========================================================================
2026-08-06T16:58:24+02:00 extraction done configuration=15/60 dataset=Electricity model=chronos2 lags=504 horizon=168 retrieval=instance_euclidean_3_online

2026-08-06T16:58:24+02:00 extraction start configuration=16/60 dataset=Traffic model=chronos2 lags=168 horizon=24 retrieval=vanilla period=24 datastore_stride=24 adapt_stride=24 eval_stride=128 max_store_windows=30000 seed=1
2026-08-06 16:58:27,654 INFO [__main__] ========================================================================
2026-08-06 16:58:27,654 INFO [__main__] experiment start kind=extraction dataset=Traffic model=chronos2 lags=168 horizon=24 neighbors=0 distance=raw/euclidean
2026-08-06 16:58:27,988 INFO [__main__] extraction skipped dir=/home/h61084/codes/adapts/outputs/extractions/Traffic/168_24/chronos2/vanilla reason=complete
2026-08-06 16:58:27,988 INFO [__main__] ========================================================================
2026-08-06T16:58:28+02:00 extraction done configuration=16/60 dataset=Traffic model=chronos2 lags=168 horizon=24 retrieval=vanilla

2026-08-06T16:58:28+02:00 extraction start configuration=17/60 dataset=Traffic model=chronos2 lags=168 horizon=24 retrieval=raw_euclidean_1_online period=24 datastore_stride=24 adapt_stride=24 eval_stride=128 max_store_windows=30000 seed=1
2026-08-06 16:58:30,977 INFO [__main__] ========================================================================
2026-08-06 16:58:30,978 INFO [__main__] experiment start kind=extraction dataset=Traffic model=chronos2 lags=168 horizon=24 neighbors=1 distance=raw/euclidean
2026-08-06 16:58:31,410 INFO [__main__] extraction skipped dir=/home/h61084/codes/adapts/outputs/extractions/Traffic/168_24/chronos2/raw_euclidean_1_online/extracted reason=complete
2026-08-06 16:58:31,410 INFO [__main__] ========================================================================
2026-08-06T16:58:31+02:00 extraction done configuration=17/60 dataset=Traffic model=chronos2 lags=168 horizon=24 retrieval=raw_euclidean_1_online

2026-08-06T16:58:31+02:00 extraction start configuration=18/60 dataset=Traffic model=chronos2 lags=168 horizon=24 retrieval=raw_euclidean_3_online period=24 datastore_stride=24 adapt_stride=24 eval_stride=128 max_store_windows=30000 seed=1
2026-08-06 16:58:34,615 INFO [__main__] ========================================================================
2026-08-06 16:58:34,616 INFO [__main__] experiment start kind=extraction dataset=Traffic model=chronos2 lags=168 horizon=24 neighbors=3 distance=raw/euclidean
2026-08-06 16:58:34,982 INFO [__main__] extraction skipped dir=/home/h61084/codes/adapts/outputs/extractions/Traffic/168_24/chronos2/raw_euclidean_3_online/extracted reason=complete
2026-08-06 16:58:34,982 INFO [__main__] ========================================================================
2026-08-06T16:58:35+02:00 extraction done configuration=18/60 dataset=Traffic model=chronos2 lags=168 horizon=24 retrieval=raw_euclidean_3_online

2026-08-06T16:58:35+02:00 extraction start configuration=19/60 dataset=Traffic model=chronos2 lags=168 horizon=24 retrieval=instance_euclidean_1_online period=24 datastore_stride=24 adapt_stride=24 eval_stride=128 max_store_windows=30000 seed=1
2026-08-06 16:58:37,988 INFO [__main__] ========================================================================
2026-08-06 16:58:37,988 INFO [__main__] experiment start kind=extraction dataset=Traffic model=chronos2 lags=168 horizon=24 neighbors=1 distance=instance/euclidean
2026-08-06 16:58:38,324 INFO [__main__] extraction skipped dir=/home/h61084/codes/adapts/outputs/extractions/Traffic/168_24/chronos2/instance_euclidean_1_online/extracted reason=complete
2026-08-06 16:58:38,324 INFO [__main__] ========================================================================
2026-08-06T16:58:38+02:00 extraction done configuration=19/60 dataset=Traffic model=chronos2 lags=168 horizon=24 retrieval=instance_euclidean_1_online

2026-08-06T16:58:38+02:00 extraction start configuration=20/60 dataset=Traffic model=chronos2 lags=168 horizon=24 retrieval=instance_euclidean_3_online period=24 datastore_stride=24 adapt_stride=24 eval_stride=128 max_store_windows=30000 seed=1
2026-08-06 16:58:41,429 INFO [__main__] ========================================================================
2026-08-06 16:58:41,429 INFO [__main__] experiment start kind=extraction dataset=Traffic model=chronos2 lags=168 horizon=24 neighbors=3 distance=instance/euclidean
2026-08-06 16:58:41,768 INFO [__main__] extraction skipped dir=/home/h61084/codes/adapts/outputs/extractions/Traffic/168_24/chronos2/instance_euclidean_3_online/extracted reason=complete
2026-08-06 16:58:41,769 INFO [__main__] ========================================================================
2026-08-06T16:58:42+02:00 extraction done configuration=20/60 dataset=Traffic model=chronos2 lags=168 horizon=24 retrieval=instance_euclidean_3_online

2026-08-06T16:58:42+02:00 extraction start configuration=21/60 dataset=Traffic model=chronos2 lags=336 horizon=48 retrieval=vanilla period=24 datastore_stride=24 adapt_stride=24 eval_stride=128 max_store_windows=30000 seed=1
2026-08-06 16:58:44,728 INFO [__main__] ========================================================================
2026-08-06 16:58:44,729 INFO [__main__] experiment start kind=extraction dataset=Traffic model=chronos2 lags=336 horizon=48 neighbors=0 distance=raw/euclidean
2026-08-06 16:58:45,112 INFO [__main__] extraction skipped dir=/home/h61084/codes/adapts/outputs/extractions/Traffic/336_48/chronos2/vanilla reason=complete
2026-08-06 16:58:45,112 INFO [__main__] ========================================================================
2026-08-06T16:58:45+02:00 extraction done configuration=21/60 dataset=Traffic model=chronos2 lags=336 horizon=48 retrieval=vanilla

2026-08-06T16:58:45+02:00 extraction start configuration=22/60 dataset=Traffic model=chronos2 lags=336 horizon=48 retrieval=raw_euclidean_1_online period=24 datastore_stride=24 adapt_stride=24 eval_stride=128 max_store_windows=30000 seed=1
2026-08-06 16:58:48,134 INFO [__main__] ========================================================================
2026-08-06 16:58:48,134 INFO [__main__] experiment start kind=extraction dataset=Traffic model=chronos2 lags=336 horizon=48 neighbors=1 distance=raw/euclidean
2026-08-06 16:58:48,493 INFO [__main__] extraction skipped dir=/home/h61084/codes/adapts/outputs/extractions/Traffic/336_48/chronos2/raw_euclidean_1_online/extracted reason=complete
2026-08-06 16:58:48,493 INFO [__main__] ========================================================================
2026-08-06T16:58:48+02:00 extraction done configuration=22/60 dataset=Traffic model=chronos2 lags=336 horizon=48 retrieval=raw_euclidean_1_online

2026-08-06T16:58:48+02:00 extraction start configuration=23/60 dataset=Traffic model=chronos2 lags=336 horizon=48 retrieval=raw_euclidean_3_online period=24 datastore_stride=24 adapt_stride=24 eval_stride=128 max_store_windows=30000 seed=1
2026-08-06 16:58:51,637 INFO [__main__] ========================================================================
2026-08-06 16:58:51,637 INFO [__main__] experiment start kind=extraction dataset=Traffic model=chronos2 lags=336 horizon=48 neighbors=3 distance=raw/euclidean
2026-08-06 16:58:51,964 INFO [__main__] extraction skipped dir=/home/h61084/codes/adapts/outputs/extractions/Traffic/336_48/chronos2/raw_euclidean_3_online/extracted reason=complete
2026-08-06 16:58:51,964 INFO [__main__] ========================================================================
2026-08-06T16:58:52+02:00 extraction done configuration=23/60 dataset=Traffic model=chronos2 lags=336 horizon=48 retrieval=raw_euclidean_3_online

2026-08-06T16:58:52+02:00 extraction start configuration=24/60 dataset=Traffic model=chronos2 lags=336 horizon=48 retrieval=instance_euclidean_1_online period=24 datastore_stride=24 adapt_stride=24 eval_stride=128 max_store_windows=30000 seed=1
2026-08-06 16:58:54,862 INFO [__main__] ========================================================================
2026-08-06 16:58:54,862 INFO [__main__] experiment start kind=extraction dataset=Traffic model=chronos2 lags=336 horizon=48 neighbors=1 distance=instance/euclidean
2026-08-06 16:58:55,267 INFO [__main__] extraction skipped dir=/home/h61084/codes/adapts/outputs/extractions/Traffic/336_48/chronos2/instance_euclidean_1_online/extracted reason=complete
2026-08-06 16:58:55,267 INFO [__main__] ========================================================================
2026-08-06T16:58:55+02:00 extraction done configuration=24/60 dataset=Traffic model=chronos2 lags=336 horizon=48 retrieval=instance_euclidean_1_online

2026-08-06T16:58:55+02:00 extraction start configuration=25/60 dataset=Traffic model=chronos2 lags=336 horizon=48 retrieval=instance_euclidean_3_online period=24 datastore_stride=24 adapt_stride=24 eval_stride=128 max_store_windows=30000 seed=1
2026-08-06 16:58:58,322 INFO [__main__] ========================================================================
2026-08-06 16:58:58,322 INFO [__main__] experiment start kind=extraction dataset=Traffic model=chronos2 lags=336 horizon=48 neighbors=3 distance=instance/euclidean
2026-08-06 16:58:58,699 INFO [__main__] extraction skipped dir=/home/h61084/codes/adapts/outputs/extractions/Traffic/336_48/chronos2/instance_euclidean_3_online/extracted reason=complete
2026-08-06 16:58:58,700 INFO [__main__] ========================================================================
2026-08-06T16:58:59+02:00 extraction done configuration=25/60 dataset=Traffic model=chronos2 lags=336 horizon=48 retrieval=instance_euclidean_3_online

2026-08-06T16:58:59+02:00 extraction start configuration=26/60 dataset=Traffic model=chronos2 lags=504 horizon=168 retrieval=vanilla period=24 datastore_stride=24 adapt_stride=24 eval_stride=128 max_store_windows=30000 seed=1
2026-08-06 16:59:01,557 INFO [__main__] ========================================================================
2026-08-06 16:59:01,558 INFO [__main__] experiment start kind=extraction dataset=Traffic model=chronos2 lags=504 horizon=168 neighbors=0 distance=raw/euclidean
2026-08-06 16:59:01,884 INFO [__main__] extraction skipped dir=/home/h61084/codes/adapts/outputs/extractions/Traffic/504_168/chronos2/vanilla reason=complete
2026-08-06 16:59:01,884 INFO [__main__] ========================================================================
2026-08-06T16:59:02+02:00 extraction done configuration=26/60 dataset=Traffic model=chronos2 lags=504 horizon=168 retrieval=vanilla

2026-08-06T16:59:02+02:00 extraction start configuration=27/60 dataset=Traffic model=chronos2 lags=504 horizon=168 retrieval=raw_euclidean_1_online period=24 datastore_stride=24 adapt_stride=24 eval_stride=128 max_store_windows=30000 seed=1
2026-08-06 16:59:04,870 INFO [__main__] ========================================================================
2026-08-06 16:59:04,870 INFO [__main__] experiment start kind=extraction dataset=Traffic model=chronos2 lags=504 horizon=168 neighbors=1 distance=raw/euclidean
2026-08-06 16:59:05,271 INFO [__main__] extraction skipped dir=/home/h61084/codes/adapts/outputs/extractions/Traffic/504_168/chronos2/raw_euclidean_1_online/extracted reason=complete
2026-08-06 16:59:05,271 INFO [__main__] ========================================================================
2026-08-06T16:59:05+02:00 extraction done configuration=27/60 dataset=Traffic model=chronos2 lags=504 horizon=168 retrieval=raw_euclidean_1_online

2026-08-06T16:59:05+02:00 extraction start configuration=28/60 dataset=Traffic model=chronos2 lags=504 horizon=168 retrieval=raw_euclidean_3_online period=24 datastore_stride=24 adapt_stride=24 eval_stride=128 max_store_windows=30000 seed=1
2026-08-06 16:59:08,239 INFO [__main__] ========================================================================
2026-08-06 16:59:08,240 INFO [__main__] experiment start kind=extraction dataset=Traffic model=chronos2 lags=504 horizon=168 neighbors=3 distance=raw/euclidean
2026-08-06 16:59:08,616 INFO [__main__] extraction skipped dir=/home/h61084/codes/adapts/outputs/extractions/Traffic/504_168/chronos2/raw_euclidean_3_online/extracted reason=complete
2026-08-06 16:59:08,616 INFO [__main__] ========================================================================
2026-08-06T16:59:08+02:00 extraction done configuration=28/60 dataset=Traffic model=chronos2 lags=504 horizon=168 retrieval=raw_euclidean_3_online

2026-08-06T16:59:08+02:00 extraction start configuration=29/60 dataset=Traffic model=chronos2 lags=504 horizon=168 retrieval=instance_euclidean_1_online period=24 datastore_stride=24 adapt_stride=24 eval_stride=128 max_store_windows=30000 seed=1
2026-08-06 16:59:11,627 INFO [__main__] ========================================================================
2026-08-06 16:59:11,628 INFO [__main__] experiment start kind=extraction dataset=Traffic model=chronos2 lags=504 horizon=168 neighbors=1 distance=instance/euclidean
2026-08-06 16:59:11,960 INFO [__main__] extraction skipped dir=/home/h61084/codes/adapts/outputs/extractions/Traffic/504_168/chronos2/instance_euclidean_1_online/extracted reason=complete
2026-08-06 16:59:11,960 INFO [__main__] ========================================================================
2026-08-06T16:59:12+02:00 extraction done configuration=29/60 dataset=Traffic model=chronos2 lags=504 horizon=168 retrieval=instance_euclidean_1_online

2026-08-06T16:59:12+02:00 extraction start configuration=30/60 dataset=Traffic model=chronos2 lags=504 horizon=168 retrieval=instance_euclidean_3_online period=24 datastore_stride=24 adapt_stride=24 eval_stride=128 max_store_windows=30000 seed=1
2026-08-06 16:59:15,466 INFO [__main__] ========================================================================
2026-08-06 16:59:15,466 INFO [__main__] experiment start kind=extraction dataset=Traffic model=chronos2 lags=504 horizon=168 neighbors=3 distance=instance/euclidean
2026-08-06 16:59:15,806 INFO [__main__] extraction skipped dir=/home/h61084/codes/adapts/outputs/extractions/Traffic/504_168/chronos2/instance_euclidean_3_online/extracted reason=complete
2026-08-06 16:59:15,806 INFO [__main__] ========================================================================
2026-08-06T16:59:16+02:00 extraction done configuration=30/60 dataset=Traffic model=chronos2 lags=504 horizon=168 retrieval=instance_euclidean_3_online

2026-08-06T16:59:16+02:00 extraction start configuration=31/60 dataset=Solar model=chronos2 lags=168 horizon=24 retrieval=vanilla period=24 datastore_stride=24 adapt_stride=24 eval_stride=128 max_store_windows=30000 seed=1
2026-08-06 16:59:19,194 INFO [__main__] ========================================================================
2026-08-06 16:59:19,194 INFO [__main__] experiment start kind=extraction dataset=Solar model=chronos2 lags=168 horizon=24 neighbors=0 distance=raw/euclidean
2026-08-06 16:59:19,617 INFO [__main__] extraction skipped dir=/home/h61084/codes/adapts/outputs/extractions/Solar/168_24/chronos2/vanilla reason=complete
2026-08-06 16:59:19,617 INFO [__main__] ========================================================================
2026-08-06T16:59:19+02:00 extraction done configuration=31/60 dataset=Solar model=chronos2 lags=168 horizon=24 retrieval=vanilla

2026-08-06T16:59:20+02:00 extraction start configuration=32/60 dataset=Solar model=chronos2 lags=168 horizon=24 retrieval=raw_euclidean_1_online period=24 datastore_stride=24 adapt_stride=24 eval_stride=128 max_store_windows=30000 seed=1
2026-08-06 16:59:23,137 INFO [__main__] ========================================================================
2026-08-06 16:59:23,138 INFO [__main__] experiment start kind=extraction dataset=Solar model=chronos2 lags=168 horizon=24 neighbors=1 distance=raw/euclidean
2026-08-06 16:59:23,558 INFO [__main__] extraction skipped dir=/home/h61084/codes/adapts/outputs/extractions/Solar/168_24/chronos2/raw_euclidean_1_online/extracted reason=complete
2026-08-06 16:59:23,558 INFO [__main__] ========================================================================
2026-08-06T16:59:23+02:00 extraction done configuration=32/60 dataset=Solar model=chronos2 lags=168 horizon=24 retrieval=raw_euclidean_1_online

2026-08-06T16:59:23+02:00 extraction start configuration=33/60 dataset=Solar model=chronos2 lags=168 horizon=24 retrieval=raw_euclidean_3_online period=24 datastore_stride=24 adapt_stride=24 eval_stride=128 max_store_windows=30000 seed=1
2026-08-06 16:59:26,812 INFO [__main__] ========================================================================
2026-08-06 16:59:26,812 INFO [__main__] experiment start kind=extraction dataset=Solar model=chronos2 lags=168 horizon=24 neighbors=3 distance=raw/euclidean
2026-08-06 16:59:27,207 INFO [__main__] extraction skipped dir=/home/h61084/codes/adapts/outputs/extractions/Solar/168_24/chronos2/raw_euclidean_3_online/extracted reason=complete
2026-08-06 16:59:27,207 INFO [__main__] ========================================================================
2026-08-06T16:59:27+02:00 extraction done configuration=33/60 dataset=Solar model=chronos2 lags=168 horizon=24 retrieval=raw_euclidean_3_online

2026-08-06T16:59:27+02:00 extraction start configuration=34/60 dataset=Solar model=chronos2 lags=168 horizon=24 retrieval=instance_euclidean_1_online period=24 datastore_stride=24 adapt_stride=24 eval_stride=128 max_store_windows=30000 seed=1
2026-08-06 16:59:30,695 INFO [__main__] ========================================================================
2026-08-06 16:59:30,696 INFO [__main__] experiment start kind=extraction dataset=Solar model=chronos2 lags=168 horizon=24 neighbors=1 distance=instance/euclidean
2026-08-06 16:59:31,064 INFO [__main__] extraction skipped dir=/home/h61084/codes/adapts/outputs/extractions/Solar/168_24/chronos2/instance_euclidean_1_online/extracted reason=complete
2026-08-06 16:59:31,064 INFO [__main__] ========================================================================
2026-08-06T16:59:31+02:00 extraction done configuration=34/60 dataset=Solar model=chronos2 lags=168 horizon=24 retrieval=instance_euclidean_1_online

2026-08-06T16:59:31+02:00 extraction start configuration=35/60 dataset=Solar model=chronos2 lags=168 horizon=24 retrieval=instance_euclidean_3_online period=24 datastore_stride=24 adapt_stride=24 eval_stride=128 max_store_windows=30000 seed=1
2026-08-06 16:59:34,342 INFO [__main__] ========================================================================
2026-08-06 16:59:34,343 INFO [__main__] experiment start kind=extraction dataset=Solar model=chronos2 lags=168 horizon=24 neighbors=3 distance=instance/euclidean
2026-08-06 16:59:34,717 INFO [__main__] extraction skipped dir=/home/h61084/codes/adapts/outputs/extractions/Solar/168_24/chronos2/instance_euclidean_3_online/extracted reason=complete
2026-08-06 16:59:34,717 INFO [__main__] ========================================================================
2026-08-06T16:59:35+02:00 extraction done configuration=35/60 dataset=Solar model=chronos2 lags=168 horizon=24 retrieval=instance_euclidean_3_online

2026-08-06T16:59:35+02:00 extraction start configuration=36/60 dataset=Solar model=chronos2 lags=336 horizon=48 retrieval=vanilla period=24 datastore_stride=24 adapt_stride=24 eval_stride=128 max_store_windows=30000 seed=1
2026-08-06 16:59:38,489 INFO [__main__] ========================================================================
2026-08-06 16:59:38,490 INFO [__main__] experiment start kind=extraction dataset=Solar model=chronos2 lags=336 horizon=48 neighbors=0 distance=raw/euclidean
2026-08-06 16:59:38,848 INFO [__main__] extraction skipped dir=/home/h61084/codes/adapts/outputs/extractions/Solar/336_48/chronos2/vanilla reason=complete
2026-08-06 16:59:38,848 INFO [__main__] ========================================================================
2026-08-06T16:59:39+02:00 extraction done configuration=36/60 dataset=Solar model=chronos2 lags=336 horizon=48 retrieval=vanilla

2026-08-06T16:59:39+02:00 extraction start configuration=37/60 dataset=Solar model=chronos2 lags=336 horizon=48 retrieval=raw_euclidean_1_online period=24 datastore_stride=24 adapt_stride=24 eval_stride=128 max_store_windows=30000 seed=1
2026-08-06 16:59:42,229 INFO [__main__] ========================================================================
2026-08-06 16:59:42,230 INFO [__main__] experiment start kind=extraction dataset=Solar model=chronos2 lags=336 horizon=48 neighbors=1 distance=raw/euclidean
2026-08-06 16:59:42,603 INFO [__main__] extraction skipped dir=/home/h61084/codes/adapts/outputs/extractions/Solar/336_48/chronos2/raw_euclidean_1_online/extracted reason=complete
2026-08-06 16:59:42,603 INFO [__main__] ========================================================================
2026-08-06T16:59:42+02:00 extraction done configuration=37/60 dataset=Solar model=chronos2 lags=336 horizon=48 retrieval=raw_euclidean_1_online

2026-08-06T16:59:42+02:00 extraction start configuration=38/60 dataset=Solar model=chronos2 lags=336 horizon=48 retrieval=raw_euclidean_3_online period=24 datastore_stride=24 adapt_stride=24 eval_stride=128 max_store_windows=30000 seed=1
2026-08-06 16:59:46,171 INFO [__main__] ========================================================================
2026-08-06 16:59:46,171 INFO [__main__] experiment start kind=extraction dataset=Solar model=chronos2 lags=336 horizon=48 neighbors=3 distance=raw/euclidean
2026-08-06 16:59:46,529 INFO [__main__] extraction skipped dir=/home/h61084/codes/adapts/outputs/extractions/Solar/336_48/chronos2/raw_euclidean_3_online/extracted reason=complete
2026-08-06 16:59:46,529 INFO [__main__] ========================================================================
2026-08-06T16:59:47+02:00 extraction done configuration=38/60 dataset=Solar model=chronos2 lags=336 horizon=48 retrieval=raw_euclidean_3_online

2026-08-06T16:59:47+02:00 extraction start configuration=39/60 dataset=Solar model=chronos2 lags=336 horizon=48 retrieval=instance_euclidean_1_online period=24 datastore_stride=24 adapt_stride=24 eval_stride=128 max_store_windows=30000 seed=1
2026-08-06 16:59:49,908 INFO [__main__] ========================================================================
2026-08-06 16:59:49,908 INFO [__main__] experiment start kind=extraction dataset=Solar model=chronos2 lags=336 horizon=48 neighbors=1 distance=instance/euclidean
2026-08-06 16:59:50,246 INFO [__main__] extraction skipped dir=/home/h61084/codes/adapts/outputs/extractions/Solar/336_48/chronos2/instance_euclidean_1_online/extracted reason=complete
2026-08-06 16:59:50,246 INFO [__main__] ========================================================================
2026-08-06T16:59:50+02:00 extraction done configuration=39/60 dataset=Solar model=chronos2 lags=336 horizon=48 retrieval=instance_euclidean_1_online

2026-08-06T16:59:50+02:00 extraction start configuration=40/60 dataset=Solar model=chronos2 lags=336 horizon=48 retrieval=instance_euclidean_3_online period=24 datastore_stride=24 adapt_stride=24 eval_stride=128 max_store_windows=30000 seed=1
2026-08-06 16:59:53,285 INFO [__main__] ========================================================================
2026-08-06 16:59:53,285 INFO [__main__] experiment start kind=extraction dataset=Solar model=chronos2 lags=336 horizon=48 neighbors=3 distance=instance/euclidean
2026-08-06 16:59:53,702 INFO [__main__] extraction skipped dir=/home/h61084/codes/adapts/outputs/extractions/Solar/336_48/chronos2/instance_euclidean_3_online/extracted reason=complete
2026-08-06 16:59:53,702 INFO [__main__] ========================================================================
2026-08-06T16:59:54+02:00 extraction done configuration=40/60 dataset=Solar model=chronos2 lags=336 horizon=48 retrieval=instance_euclidean_3_online

2026-08-06T16:59:54+02:00 extraction start configuration=41/60 dataset=Solar model=chronos2 lags=504 horizon=168 retrieval=vanilla period=24 datastore_stride=24 adapt_stride=24 eval_stride=128 max_store_windows=30000 seed=1
2026-08-06 16:59:56,534 INFO [__main__] ========================================================================
2026-08-06 16:59:56,534 INFO [__main__] experiment start kind=extraction dataset=Solar model=chronos2 lags=504 horizon=168 neighbors=0 distance=raw/euclidean
2026-08-06 16:59:56,904 INFO [__main__] extraction skipped dir=/home/h61084/codes/adapts/outputs/extractions/Solar/504_168/chronos2/vanilla reason=complete
2026-08-06 16:59:56,904 INFO [__main__] ========================================================================
2026-08-06T16:59:57+02:00 extraction done configuration=41/60 dataset=Solar model=chronos2 lags=504 horizon=168 retrieval=vanilla

2026-08-06T16:59:57+02:00 extraction start configuration=42/60 dataset=Solar model=chronos2 lags=504 horizon=168 retrieval=raw_euclidean_1_online period=24 datastore_stride=24 adapt_stride=24 eval_stride=128 max_store_windows=30000 seed=1
2026-08-06 16:59:59,946 INFO [__main__] ========================================================================
2026-08-06 16:59:59,946 INFO [__main__] experiment start kind=extraction dataset=Solar model=chronos2 lags=504 horizon=168 neighbors=1 distance=raw/euclidean
2026-08-06 17:00:00,283 INFO [__main__] extraction skipped dir=/home/h61084/codes/adapts/outputs/extractions/Solar/504_168/chronos2/raw_euclidean_1_online/extracted reason=complete
2026-08-06 17:00:00,283 INFO [__main__] ========================================================================
2026-08-06T17:00:00+02:00 extraction done configuration=42/60 dataset=Solar model=chronos2 lags=504 horizon=168 retrieval=raw_euclidean_1_online

2026-08-06T17:00:00+02:00 extraction start configuration=43/60 dataset=Solar model=chronos2 lags=504 horizon=168 retrieval=raw_euclidean_3_online period=24 datastore_stride=24 adapt_stride=24 eval_stride=128 max_store_windows=30000 seed=1
2026-08-06 17:00:04,005 INFO [__main__] ========================================================================
2026-08-06 17:00:04,005 INFO [__main__] experiment start kind=extraction dataset=Solar model=chronos2 lags=504 horizon=168 neighbors=3 distance=raw/euclidean
2026-08-06 17:00:04,338 INFO [__main__] extraction skipped dir=/home/h61084/codes/adapts/outputs/extractions/Solar/504_168/chronos2/raw_euclidean_3_online/extracted reason=complete
2026-08-06 17:00:04,339 INFO [__main__] ========================================================================
2026-08-06T17:00:04+02:00 extraction done configuration=43/60 dataset=Solar model=chronos2 lags=504 horizon=168 retrieval=raw_euclidean_3_online

2026-08-06T17:00:04+02:00 extraction start configuration=44/60 dataset=Solar model=chronos2 lags=504 horizon=168 retrieval=instance_euclidean_1_online period=24 datastore_stride=24 adapt_stride=24 eval_stride=128 max_store_windows=30000 seed=1
2026-08-06 17:00:07,758 INFO [__main__] ========================================================================
2026-08-06 17:00:07,758 INFO [__main__] experiment start kind=extraction dataset=Solar model=chronos2 lags=504 horizon=168 neighbors=1 distance=instance/euclidean
2026-08-06 17:00:08,153 INFO [__main__] extraction skipped dir=/home/h61084/codes/adapts/outputs/extractions/Solar/504_168/chronos2/instance_euclidean_1_online/extracted reason=complete
2026-08-06 17:00:08,153 INFO [__main__] ========================================================================
2026-08-06T17:00:08+02:00 extraction done configuration=44/60 dataset=Solar model=chronos2 lags=504 horizon=168 retrieval=instance_euclidean_1_online

2026-08-06T17:00:08+02:00 extraction start configuration=45/60 dataset=Solar model=chronos2 lags=504 horizon=168 retrieval=instance_euclidean_3_online period=24 datastore_stride=24 adapt_stride=24 eval_stride=128 max_store_windows=30000 seed=1
2026-08-06 17:00:11,615 INFO [__main__] ========================================================================
2026-08-06 17:00:11,615 INFO [__main__] experiment start kind=extraction dataset=Solar model=chronos2 lags=504 horizon=168 neighbors=3 distance=instance/euclidean
2026-08-06 17:00:11,954 INFO [__main__] extraction skipped dir=/home/h61084/codes/adapts/outputs/extractions/Solar/504_168/chronos2/instance_euclidean_3_online/extracted reason=complete
2026-08-06 17:00:11,954 INFO [__main__] ========================================================================
2026-08-06T17:00:12+02:00 extraction done configuration=45/60 dataset=Solar model=chronos2 lags=504 horizon=168 retrieval=instance_euclidean_3_online

2026-08-06T17:00:12+02:00 extraction start configuration=46/60 dataset=exchange_rate model=chronos2 lags=168 horizon=24 retrieval=vanilla period=24 datastore_stride=24 adapt_stride=24 eval_stride=128 max_store_windows=30000 seed=1
2026-08-06 17:00:15,432 INFO [__main__] ========================================================================
2026-08-06 17:00:15,432 INFO [__main__] experiment start kind=extraction dataset=exchange_rate model=chronos2 lags=168 horizon=24 neighbors=0 distance=raw/euclidean
2026-08-06 17:00:15,810 INFO [__main__] extraction skipped dir=/home/h61084/codes/adapts/outputs/extractions/exchange_rate/168_24/chronos2/vanilla reason=complete
2026-08-06 17:00:15,810 INFO [__main__] ========================================================================
2026-08-06T17:00:16+02:00 extraction done configuration=46/60 dataset=exchange_rate model=chronos2 lags=168 horizon=24 retrieval=vanilla

2026-08-06T17:00:16+02:00 extraction start configuration=47/60 dataset=exchange_rate model=chronos2 lags=168 horizon=24 retrieval=raw_euclidean_1_online period=24 datastore_stride=24 adapt_stride=24 eval_stride=128 max_store_windows=30000 seed=1
2026-08-06 17:00:19,032 INFO [__main__] ========================================================================
2026-08-06 17:00:19,032 INFO [__main__] experiment start kind=extraction dataset=exchange_rate model=chronos2 lags=168 horizon=24 neighbors=1 distance=raw/euclidean
2026-08-06 17:00:19,422 INFO [__main__] extraction skipped dir=/home/h61084/codes/adapts/outputs/extractions/exchange_rate/168_24/chronos2/raw_euclidean_1_online/extracted reason=complete
2026-08-06 17:00:19,422 INFO [__main__] ========================================================================
2026-08-06T17:00:19+02:00 extraction done configuration=47/60 dataset=exchange_rate model=chronos2 lags=168 horizon=24 retrieval=raw_euclidean_1_online

2026-08-06T17:00:19+02:00 extraction start configuration=48/60 dataset=exchange_rate model=chronos2 lags=168 horizon=24 retrieval=raw_euclidean_3_online period=24 datastore_stride=24 adapt_stride=24 eval_stride=128 max_store_windows=30000 seed=1
2026-08-06 17:00:23,118 INFO [__main__] ========================================================================
2026-08-06 17:00:23,118 INFO [__main__] experiment start kind=extraction dataset=exchange_rate model=chronos2 lags=168 horizon=24 neighbors=3 distance=raw/euclidean
2026-08-06 17:00:23,527 INFO [__main__] extraction skipped dir=/home/h61084/codes/adapts/outputs/extractions/exchange_rate/168_24/chronos2/raw_euclidean_3_online/extracted reason=complete
2026-08-06 17:00:23,527 INFO [__main__] ========================================================================
2026-08-06T17:00:23+02:00 extraction done configuration=48/60 dataset=exchange_rate model=chronos2 lags=168 horizon=24 retrieval=raw_euclidean_3_online

2026-08-06T17:00:23+02:00 extraction start configuration=49/60 dataset=exchange_rate model=chronos2 lags=168 horizon=24 retrieval=instance_euclidean_1_online period=24 datastore_stride=24 adapt_stride=24 eval_stride=128 max_store_windows=30000 seed=1
2026-08-06 17:00:26,733 INFO [__main__] ========================================================================
2026-08-06 17:00:26,733 INFO [__main__] experiment start kind=extraction dataset=exchange_rate model=chronos2 lags=168 horizon=24 neighbors=1 distance=instance/euclidean
2026-08-06 17:00:27,119 INFO [__main__] extraction skipped dir=/home/h61084/codes/adapts/outputs/extractions/exchange_rate/168_24/chronos2/instance_euclidean_1_online/extracted reason=complete
2026-08-06 17:00:27,119 INFO [__main__] ========================================================================
2026-08-06T17:00:27+02:00 extraction done configuration=49/60 dataset=exchange_rate model=chronos2 lags=168 horizon=24 retrieval=instance_euclidean_1_online

2026-08-06T17:00:27+02:00 extraction start configuration=50/60 dataset=exchange_rate model=chronos2 lags=168 horizon=24 retrieval=instance_euclidean_3_online period=24 datastore_stride=24 adapt_stride=24 eval_stride=128 max_store_windows=30000 seed=1
2026-08-06 17:00:30,589 INFO [__main__] ========================================================================
2026-08-06 17:00:30,589 INFO [__main__] experiment start kind=extraction dataset=exchange_rate model=chronos2 lags=168 horizon=24 neighbors=3 distance=instance/euclidean
2026-08-06 17:00:30,953 INFO [__main__] extraction skipped dir=/home/h61084/codes/adapts/outputs/extractions/exchange_rate/168_24/chronos2/instance_euclidean_3_online/extracted reason=complete
2026-08-06 17:00:30,953 INFO [__main__] ========================================================================
2026-08-06T17:00:31+02:00 extraction done configuration=50/60 dataset=exchange_rate model=chronos2 lags=168 horizon=24 retrieval=instance_euclidean_3_online

2026-08-06T17:00:31+02:00 extraction start configuration=51/60 dataset=exchange_rate model=chronos2 lags=336 horizon=48 retrieval=vanilla period=24 datastore_stride=24 adapt_stride=24 eval_stride=128 max_store_windows=30000 seed=1
2026-08-06 17:00:34,069 INFO [__main__] ========================================================================
2026-08-06 17:00:34,069 INFO [__main__] experiment start kind=extraction dataset=exchange_rate model=chronos2 lags=336 horizon=48 neighbors=0 distance=raw/euclidean
2026-08-06 17:00:34,423 INFO [__main__] extraction skipped dir=/home/h61084/codes/adapts/outputs/extractions/exchange_rate/336_48/chronos2/vanilla reason=complete
2026-08-06 17:00:34,423 INFO [__main__] ========================================================================
2026-08-06T17:00:34+02:00 extraction done configuration=51/60 dataset=exchange_rate model=chronos2 lags=336 horizon=48 retrieval=vanilla

2026-08-06T17:00:34+02:00 extraction start configuration=52/60 dataset=exchange_rate model=chronos2 lags=336 horizon=48 retrieval=raw_euclidean_1_online period=24 datastore_stride=24 adapt_stride=24 eval_stride=128 max_store_windows=30000 seed=1
2026-08-06 17:00:37,896 INFO [__main__] ========================================================================
2026-08-06 17:00:37,896 INFO [__main__] experiment start kind=extraction dataset=exchange_rate model=chronos2 lags=336 horizon=48 neighbors=1 distance=raw/euclidean
2026-08-06 17:00:38,280 INFO [__main__] extraction skipped dir=/home/h61084/codes/adapts/outputs/extractions/exchange_rate/336_48/chronos2/raw_euclidean_1_online/extracted reason=complete
2026-08-06 17:00:38,280 INFO [__main__] ========================================================================
2026-08-06T17:00:38+02:00 extraction done configuration=52/60 dataset=exchange_rate model=chronos2 lags=336 horizon=48 retrieval=raw_euclidean_1_online

2026-08-06T17:00:38+02:00 extraction start configuration=53/60 dataset=exchange_rate model=chronos2 lags=336 horizon=48 retrieval=raw_euclidean_3_online period=24 datastore_stride=24 adapt_stride=24 eval_stride=128 max_store_windows=30000 seed=1
2026-08-06 17:00:42,425 INFO [__main__] ========================================================================
2026-08-06 17:00:42,425 INFO [__main__] experiment start kind=extraction dataset=exchange_rate model=chronos2 lags=336 horizon=48 neighbors=3 distance=raw/euclidean
2026-08-06 17:00:42,806 INFO [__main__] extraction skipped dir=/home/h61084/codes/adapts/outputs/extractions/exchange_rate/336_48/chronos2/raw_euclidean_3_online/extracted reason=complete
2026-08-06 17:00:42,806 INFO [__main__] ========================================================================
2026-08-06T17:00:43+02:00 extraction done configuration=53/60 dataset=exchange_rate model=chronos2 lags=336 horizon=48 retrieval=raw_euclidean_3_online

2026-08-06T17:00:43+02:00 extraction start configuration=54/60 dataset=exchange_rate model=chronos2 lags=336 horizon=48 retrieval=instance_euclidean_1_online period=24 datastore_stride=24 adapt_stride=24 eval_stride=128 max_store_windows=30000 seed=1
2026-08-06 17:00:46,075 INFO [__main__] ========================================================================
2026-08-06 17:00:46,075 INFO [__main__] experiment start kind=extraction dataset=exchange_rate model=chronos2 lags=336 horizon=48 neighbors=1 distance=instance/euclidean
2026-08-06 17:00:46,431 INFO [__main__] extraction skipped dir=/home/h61084/codes/adapts/outputs/extractions/exchange_rate/336_48/chronos2/instance_euclidean_1_online/extracted reason=complete
2026-08-06 17:00:46,431 INFO [__main__] ========================================================================
2026-08-06T17:00:46+02:00 extraction done configuration=54/60 dataset=exchange_rate model=chronos2 lags=336 horizon=48 retrieval=instance_euclidean_1_online

2026-08-06T17:00:46+02:00 extraction start configuration=55/60 dataset=exchange_rate model=chronos2 lags=336 horizon=48 retrieval=instance_euclidean_3_online period=24 datastore_stride=24 adapt_stride=24 eval_stride=128 max_store_windows=30000 seed=1
2026-08-06 17:00:49,777 INFO [__main__] ========================================================================
2026-08-06 17:00:49,777 INFO [__main__] experiment start kind=extraction dataset=exchange_rate model=chronos2 lags=336 horizon=48 neighbors=3 distance=instance/euclidean
2026-08-06 17:00:50,122 INFO [__main__] extraction skipped dir=/home/h61084/codes/adapts/outputs/extractions/exchange_rate/336_48/chronos2/instance_euclidean_3_online/extracted reason=complete
2026-08-06 17:00:50,122 INFO [__main__] ========================================================================
2026-08-06T17:00:50+02:00 extraction done configuration=55/60 dataset=exchange_rate model=chronos2 lags=336 horizon=48 retrieval=instance_euclidean_3_online

2026-08-06T17:00:50+02:00 extraction start configuration=56/60 dataset=exchange_rate model=chronos2 lags=504 horizon=168 retrieval=vanilla period=24 datastore_stride=24 adapt_stride=24 eval_stride=128 max_store_windows=30000 seed=1
2026-08-06 17:00:53,553 INFO [__main__] ========================================================================
2026-08-06 17:00:53,554 INFO [__main__] experiment start kind=extraction dataset=exchange_rate model=chronos2 lags=504 horizon=168 neighbors=0 distance=raw/euclidean
2026-08-06 17:00:53,916 INFO [__main__] extraction skipped dir=/home/h61084/codes/adapts/outputs/extractions/exchange_rate/504_168/chronos2/vanilla reason=complete
2026-08-06 17:00:53,916 INFO [__main__] ========================================================================
2026-08-06T17:00:54+02:00 extraction done configuration=56/60 dataset=exchange_rate model=chronos2 lags=504 horizon=168 retrieval=vanilla

2026-08-06T17:00:54+02:00 extraction start configuration=57/60 dataset=exchange_rate model=chronos2 lags=504 horizon=168 retrieval=raw_euclidean_1_online period=24 datastore_stride=24 adapt_stride=24 eval_stride=128 max_store_windows=30000 seed=1
2026-08-06 17:00:57,215 INFO [__main__] ========================================================================
2026-08-06 17:00:57,215 INFO [__main__] experiment start kind=extraction dataset=exchange_rate model=chronos2 lags=504 horizon=168 neighbors=1 distance=raw/euclidean
2026-08-06 17:00:57,656 INFO [__main__] extraction skipped dir=/home/h61084/codes/adapts/outputs/extractions/exchange_rate/504_168/chronos2/raw_euclidean_1_online/extracted reason=complete
2026-08-06 17:00:57,656 INFO [__main__] ========================================================================
2026-08-06T17:00:58+02:00 extraction done configuration=57/60 dataset=exchange_rate model=chronos2 lags=504 horizon=168 retrieval=raw_euclidean_1_online

2026-08-06T17:00:58+02:00 extraction start configuration=58/60 dataset=exchange_rate model=chronos2 lags=504 horizon=168 retrieval=raw_euclidean_3_online period=24 datastore_stride=24 adapt_stride=24 eval_stride=128 max_store_windows=30000 seed=1
2026-08-06 17:01:01,417 INFO [__main__] ========================================================================
2026-08-06 17:01:01,417 INFO [__main__] experiment start kind=extraction dataset=exchange_rate model=chronos2 lags=504 horizon=168 neighbors=3 distance=raw/euclidean
2026-08-06 17:01:01,815 INFO [__main__] extraction skipped dir=/home/h61084/codes/adapts/outputs/extractions/exchange_rate/504_168/chronos2/raw_euclidean_3_online/extracted reason=complete
2026-08-06 17:01:01,815 INFO [__main__] ========================================================================
2026-08-06T17:01:02+02:00 extraction done configuration=58/60 dataset=exchange_rate model=chronos2 lags=504 horizon=168 retrieval=raw_euclidean_3_online

2026-08-06T17:01:02+02:00 extraction start configuration=59/60 dataset=exchange_rate model=chronos2 lags=504 horizon=168 retrieval=instance_euclidean_1_online period=24 datastore_stride=24 adapt_stride=24 eval_stride=128 max_store_windows=30000 seed=1
2026-08-06 17:01:05,217 INFO [__main__] ========================================================================
2026-08-06 17:01:05,217 INFO [__main__] experiment start kind=extraction dataset=exchange_rate model=chronos2 lags=504 horizon=168 neighbors=1 distance=instance/euclidean
2026-08-06 17:01:05,632 INFO [__main__] extraction skipped dir=/home/h61084/codes/adapts/outputs/extractions/exchange_rate/504_168/chronos2/instance_euclidean_1_online/extracted reason=complete
2026-08-06 17:01:05,632 INFO [__main__] ========================================================================
2026-08-06T17:01:05+02:00 extraction done configuration=59/60 dataset=exchange_rate model=chronos2 lags=504 horizon=168 retrieval=instance_euclidean_1_online

2026-08-06T17:01:06+02:00 extraction start configuration=60/60 dataset=exchange_rate model=chronos2 lags=504 horizon=168 retrieval=instance_euclidean_3_online period=24 datastore_stride=24 adapt_stride=24 eval_stride=128 max_store_windows=30000 seed=1
2026-08-06 17:01:09,177 INFO [__main__] ========================================================================
2026-08-06 17:01:09,177 INFO [__main__] experiment start kind=extraction dataset=exchange_rate model=chronos2 lags=504 horizon=168 neighbors=3 distance=instance/euclidean
2026-08-06 17:01:09,576 INFO [__main__] extraction skipped dir=/home/h61084/codes/adapts/outputs/extractions/exchange_rate/504_168/chronos2/instance_euclidean_3_online/extracted reason=complete
2026-08-06 17:01:09,576 INFO [__main__] ========================================================================
2026-08-06T17:01:09+02:00 extraction done configuration=60/60 dataset=exchange_rate model=chronos2 lags=504 horizon=168 retrieval=instance_euclidean_3_online

2026-08-06T17:01:09+02:00 job done kind=adaptation_extraction output=outputs/extractions

2026-08-06T17:01:09+02:00 job start kind=baselines experiment_mode=screen skip_complete=true tasks=48 datasets=Electricity,Traffic,Solar,exchange_rate models=chronos2 settings=168:24,336:48,504:168 distance_spaces=raw,instance distance_metrics=euclidean neighbors=1,3 methods=cov_forecast,avgy,y_mean,cov_ridge_shared,avgy_ridge_shared,y_ridge_shared,cov_y_ridge_shared,cov_avgy_ridge_shared,residual_ridge_shared,full_ridge_shared results_root=outputs/adaptation_results/screen
2026-08-06 17:01:12,151 INFO [__main__] extraction validation directory=outputs/extractions/Electricity/168_24/chronos2/raw_euclidean_1_online/extracted status=complete

2026-08-06T17:01:12+02:00 baselines start configuration=1/48 dataset=Electricity model=chronos2 lags=168 horizon=24 retrieval=raw_euclidean_1_online family=baselines l2_grid=0,1e-6,1e-5,1e-4,1e-3,1e-2,1e-1,1,10 validation_fraction=0.2 fit_baselines_on_eval=false seed=1 max_t1_fit_samples=none max_t2_valid_samples=none max_adapt_refit_samples=none max_eval_fit_samples=none fit_sample_seed=1
2026-08-06 17:01:15,464 INFO [__main__] ========================================================================
2026-08-06 17:01:15,465 INFO [__main__] selected methods=('cov_forecast', 'avgy', 'y_mean', 'cov_ridge_shared', 'avgy_ridge_shared', 'y_ridge_shared', 'cov_y_ridge_shared', 'cov_avgy_ridge_shared', 'residual_ridge_shared', 'full_ridge_shared')
2026-08-06 17:01:34,522 INFO [__main__] baseline selection start l2_grid=(0.0, 1e-06, 1e-05, 0.0001, 0.001, 0.01, 0.1, 1.0, 10.0)
2026-08-06 17:01:39,137 INFO [__main__] baseline selection done
2026-08-06 17:01:39,421 INFO [__main__] experiment done seconds=23.95
2026-08-06 17:01:39,421 INFO [__main__] ========================================================================
2026-08-06T17:01:39+02:00 baselines done configuration=1/48 dataset=Electricity model=chronos2 lags=168 horizon=24 retrieval=raw_euclidean_1_online
2026-08-06 17:01:42,909 INFO [__main__] extraction validation directory=outputs/extractions/Electricity/168_24/chronos2/raw_euclidean_3_online/extracted status=complete

2026-08-06T17:01:43+02:00 baselines start configuration=2/48 dataset=Electricity model=chronos2 lags=168 horizon=24 retrieval=raw_euclidean_3_online family=baselines l2_grid=0,1e-6,1e-5,1e-4,1e-3,1e-2,1e-1,1,10 validation_fraction=0.2 fit_baselines_on_eval=false seed=1 max_t1_fit_samples=none max_t2_valid_samples=none max_adapt_refit_samples=none max_eval_fit_samples=none fit_sample_seed=1
2026-08-06 17:01:46,811 INFO [__main__] ========================================================================
2026-08-06 17:01:46,811 INFO [__main__] selected methods=('cov_forecast', 'avgy', 'y_mean', 'cov_ridge_shared', 'avgy_ridge_shared', 'y_ridge_shared', 'cov_y_ridge_shared', 'cov_avgy_ridge_shared', 'residual_ridge_shared', 'full_ridge_shared')
2026-08-06 17:01:50,892 INFO [__main__] baseline selection start l2_grid=(0.0, 1e-06, 1e-05, 0.0001, 0.001, 0.01, 0.1, 1.0, 10.0)
2026-08-06 17:01:56,173 INFO [__main__] baseline selection done
2026-08-06 17:01:56,379 INFO [__main__] experiment done seconds=9.56
2026-08-06 17:01:56,379 INFO [__main__] ========================================================================
2026-08-06T17:01:56+02:00 baselines done configuration=2/48 dataset=Electricity model=chronos2 lags=168 horizon=24 retrieval=raw_euclidean_3_online
2026-08-06 17:01:59,512 INFO [__main__] extraction validation directory=outputs/extractions/Electricity/168_24/chronos2/instance_euclidean_1_online/extracted status=complete

2026-08-06T17:01:59+02:00 baselines start configuration=3/48 dataset=Electricity model=chronos2 lags=168 horizon=24 retrieval=instance_euclidean_1_online family=baselines l2_grid=0,1e-6,1e-5,1e-4,1e-3,1e-2,1e-1,1,10 validation_fraction=0.2 fit_baselines_on_eval=false seed=1 max_t1_fit_samples=none max_t2_valid_samples=none max_adapt_refit_samples=none max_eval_fit_samples=none fit_sample_seed=1
2026-08-06 17:02:02,944 INFO [__main__] ========================================================================
2026-08-06 17:02:02,944 INFO [__main__] selected methods=('cov_forecast', 'avgy', 'y_mean', 'cov_ridge_shared', 'avgy_ridge_shared', 'y_ridge_shared', 'cov_y_ridge_shared', 'cov_avgy_ridge_shared', 'residual_ridge_shared', 'full_ridge_shared')
2026-08-06 17:02:05,976 INFO [__main__] baseline selection start l2_grid=(0.0, 1e-06, 1e-05, 0.0001, 0.001, 0.01, 0.1, 1.0, 10.0)
2026-08-06 17:02:09,041 INFO [__main__] baseline selection done
2026-08-06 17:02:09,145 INFO [__main__] experiment done seconds=6.19
2026-08-06 17:02:09,145 INFO [__main__] ========================================================================
2026-08-06T17:02:09+02:00 baselines done configuration=3/48 dataset=Electricity model=chronos2 lags=168 horizon=24 retrieval=instance_euclidean_1_online
2026-08-06 17:02:12,106 INFO [__main__] extraction validation directory=outputs/extractions/Electricity/168_24/chronos2/instance_euclidean_3_online/extracted status=complete

2026-08-06T17:02:12+02:00 baselines start configuration=4/48 dataset=Electricity model=chronos2 lags=168 horizon=24 retrieval=instance_euclidean_3_online family=baselines l2_grid=0,1e-6,1e-5,1e-4,1e-3,1e-2,1e-1,1,10 validation_fraction=0.2 fit_baselines_on_eval=false seed=1 max_t1_fit_samples=none max_t2_valid_samples=none max_adapt_refit_samples=none max_eval_fit_samples=none fit_sample_seed=1
2026-08-06 17:02:15,435 INFO [__main__] ========================================================================
2026-08-06 17:02:15,436 INFO [__main__] selected methods=('cov_forecast', 'avgy', 'y_mean', 'cov_ridge_shared', 'avgy_ridge_shared', 'y_ridge_shared', 'cov_y_ridge_shared', 'cov_avgy_ridge_shared', 'residual_ridge_shared', 'full_ridge_shared')
2026-08-06 17:02:19,392 INFO [__main__] baseline selection start l2_grid=(0.0, 1e-06, 1e-05, 0.0001, 0.001, 0.01, 0.1, 1.0, 10.0)
2026-08-06 17:02:24,946 INFO [__main__] baseline selection done
2026-08-06 17:02:25,095 INFO [__main__] experiment done seconds=9.65
2026-08-06 17:02:25,095 INFO [__main__] ========================================================================
2026-08-06T17:02:25+02:00 baselines done configuration=4/48 dataset=Electricity model=chronos2 lags=168 horizon=24 retrieval=instance_euclidean_3_online
2026-08-06 17:02:28,035 INFO [__main__] extraction validation directory=outputs/extractions/Electricity/336_48/chronos2/raw_euclidean_1_online/extracted status=complete

2026-08-06T17:02:28+02:00 baselines start configuration=5/48 dataset=Electricity model=chronos2 lags=336 horizon=48 retrieval=raw_euclidean_1_online family=baselines l2_grid=0,1e-6,1e-5,1e-4,1e-3,1e-2,1e-1,1,10 validation_fraction=0.2 fit_baselines_on_eval=false seed=1 max_t1_fit_samples=none max_t2_valid_samples=none max_adapt_refit_samples=none max_eval_fit_samples=none fit_sample_seed=1
2026-08-06 17:02:31,932 INFO [__main__] ========================================================================
2026-08-06 17:02:31,932 INFO [__main__] selected methods=('cov_forecast', 'avgy', 'y_mean', 'cov_ridge_shared', 'avgy_ridge_shared', 'y_ridge_shared', 'cov_y_ridge_shared', 'cov_avgy_ridge_shared', 'residual_ridge_shared', 'full_ridge_shared')
2026-08-06 17:02:54,281 INFO [__main__] baseline selection start l2_grid=(0.0, 1e-06, 1e-05, 0.0001, 0.001, 0.01, 0.1, 1.0, 10.0)
2026-08-06 17:03:02,102 INFO [__main__] baseline selection done
2026-08-06 17:03:02,207 INFO [__main__] experiment done seconds=30.27
2026-08-06 17:03:02,207 INFO [__main__] ========================================================================
2026-08-06T17:03:02+02:00 baselines done configuration=5/48 dataset=Electricity model=chronos2 lags=336 horizon=48 retrieval=raw_euclidean_1_online
2026-08-06 17:03:05,494 INFO [__main__] extraction validation directory=outputs/extractions/Electricity/336_48/chronos2/raw_euclidean_3_online/extracted status=complete

2026-08-06T17:03:05+02:00 baselines start configuration=6/48 dataset=Electricity model=chronos2 lags=336 horizon=48 retrieval=raw_euclidean_3_online family=baselines l2_grid=0,1e-6,1e-5,1e-4,1e-3,1e-2,1e-1,1,10 validation_fraction=0.2 fit_baselines_on_eval=false seed=1 max_t1_fit_samples=none max_t2_valid_samples=none max_adapt_refit_samples=none max_eval_fit_samples=none fit_sample_seed=1
2026-08-06 17:03:08,970 INFO [__main__] ========================================================================
2026-08-06 17:03:08,970 INFO [__main__] selected methods=('cov_forecast', 'avgy', 'y_mean', 'cov_ridge_shared', 'avgy_ridge_shared', 'y_ridge_shared', 'cov_y_ridge_shared', 'cov_avgy_ridge_shared', 'residual_ridge_shared', 'full_ridge_shared')
2026-08-06 17:03:12,604 INFO [__main__] baseline selection start l2_grid=(0.0, 1e-06, 1e-05, 0.0001, 0.001, 0.01, 0.1, 1.0, 10.0)
2026-08-06 17:03:19,862 INFO [__main__] baseline selection done
2026-08-06 17:03:19,967 INFO [__main__] experiment done seconds=10.99
2026-08-06 17:03:19,967 INFO [__main__] ========================================================================
2026-08-06T17:03:20+02:00 baselines done configuration=6/48 dataset=Electricity model=chronos2 lags=336 horizon=48 retrieval=raw_euclidean_3_online
2026-08-06 17:03:22,795 INFO [__main__] extraction validation directory=outputs/extractions/Electricity/336_48/chronos2/instance_euclidean_1_online/extracted status=complete

2026-08-06T17:03:23+02:00 baselines start configuration=7/48 dataset=Electricity model=chronos2 lags=336 horizon=48 retrieval=instance_euclidean_1_online family=baselines l2_grid=0,1e-6,1e-5,1e-4,1e-3,1e-2,1e-1,1,10 validation_fraction=0.2 fit_baselines_on_eval=false seed=1 max_t1_fit_samples=none max_t2_valid_samples=none max_adapt_refit_samples=none max_eval_fit_samples=none fit_sample_seed=1
2026-08-06 17:03:26,089 INFO [__main__] ========================================================================
2026-08-06 17:03:26,089 INFO [__main__] selected methods=('cov_forecast', 'avgy', 'y_mean', 'cov_ridge_shared', 'avgy_ridge_shared', 'y_ridge_shared', 'cov_y_ridge_shared', 'cov_avgy_ridge_shared', 'residual_ridge_shared', 'full_ridge_shared')
2026-08-06 17:03:29,008 INFO [__main__] baseline selection start l2_grid=(0.0, 1e-06, 1e-05, 0.0001, 0.001, 0.01, 0.1, 1.0, 10.0)
2026-08-06 17:03:34,266 INFO [__main__] baseline selection done
2026-08-06 17:03:34,368 INFO [__main__] experiment done seconds=8.27
2026-08-06 17:03:34,368 INFO [__main__] ========================================================================
2026-08-06T17:03:34+02:00 baselines done configuration=7/48 dataset=Electricity model=chronos2 lags=336 horizon=48 retrieval=instance_euclidean_1_online
2026-08-06 17:03:37,228 INFO [__main__] extraction validation directory=outputs/extractions/Electricity/336_48/chronos2/instance_euclidean_3_online/extracted status=complete

2026-08-06T17:03:37+02:00 baselines start configuration=8/48 dataset=Electricity model=chronos2 lags=336 horizon=48 retrieval=instance_euclidean_3_online family=baselines l2_grid=0,1e-6,1e-5,1e-4,1e-3,1e-2,1e-1,1,10 validation_fraction=0.2 fit_baselines_on_eval=false seed=1 max_t1_fit_samples=none max_t2_valid_samples=none max_adapt_refit_samples=none max_eval_fit_samples=none fit_sample_seed=1
2026-08-06 17:03:40,588 INFO [__main__] ========================================================================
2026-08-06 17:03:40,588 INFO [__main__] selected methods=('cov_forecast', 'avgy', 'y_mean', 'cov_ridge_shared', 'avgy_ridge_shared', 'y_ridge_shared', 'cov_y_ridge_shared', 'cov_avgy_ridge_shared', 'residual_ridge_shared', 'full_ridge_shared')
2026-08-06 17:03:44,533 INFO [__main__] baseline selection start l2_grid=(0.0, 1e-06, 1e-05, 0.0001, 0.001, 0.01, 0.1, 1.0, 10.0)
2026-08-06 17:03:52,518 INFO [__main__] baseline selection done
2026-08-06 17:03:52,626 INFO [__main__] experiment done seconds=12.03
2026-08-06 17:03:52,626 INFO [__main__] ========================================================================
2026-08-06T17:03:53+02:00 baselines done configuration=8/48 dataset=Electricity model=chronos2 lags=336 horizon=48 retrieval=instance_euclidean_3_online
2026-08-06 17:03:55,446 INFO [__main__] extraction validation directory=outputs/extractions/Electricity/504_168/chronos2/raw_euclidean_1_online/extracted status=complete

2026-08-06T17:03:55+02:00 baselines start configuration=9/48 dataset=Electricity model=chronos2 lags=504 horizon=168 retrieval=raw_euclidean_1_online family=baselines l2_grid=0,1e-6,1e-5,1e-4,1e-3,1e-2,1e-1,1,10 validation_fraction=0.2 fit_baselines_on_eval=false seed=1 max_t1_fit_samples=none max_t2_valid_samples=none max_adapt_refit_samples=none max_eval_fit_samples=none fit_sample_seed=1
2026-08-06 17:03:58,698 INFO [__main__] ========================================================================
2026-08-06 17:03:58,698 INFO [__main__] selected methods=('cov_forecast', 'avgy', 'y_mean', 'cov_ridge_shared', 'avgy_ridge_shared', 'y_ridge_shared', 'cov_y_ridge_shared', 'cov_avgy_ridge_shared', 'residual_ridge_shared', 'full_ridge_shared')
2026-08-06 17:04:53,523 INFO [__main__] baseline selection start l2_grid=(0.0, 1e-06, 1e-05, 0.0001, 0.001, 0.01, 0.1, 1.0, 10.0)
2026-08-06 17:05:17,273 INFO [__main__] baseline selection done
2026-08-06 17:05:18,020 INFO [__main__] experiment done seconds=78.72
2026-08-06 17:05:18,020 INFO [__main__] ========================================================================
2026-08-06T17:05:18+02:00 baselines done configuration=9/48 dataset=Electricity model=chronos2 lags=504 horizon=168 retrieval=raw_euclidean_1_online
2026-08-06 17:05:21,751 INFO [__main__] extraction validation directory=outputs/extractions/Electricity/504_168/chronos2/raw_euclidean_3_online/extracted status=complete

2026-08-06T17:05:22+02:00 baselines start configuration=10/48 dataset=Electricity model=chronos2 lags=504 horizon=168 retrieval=raw_euclidean_3_online family=baselines l2_grid=0,1e-6,1e-5,1e-4,1e-3,1e-2,1e-1,1,10 validation_fraction=0.2 fit_baselines_on_eval=false seed=1 max_t1_fit_samples=none max_t2_valid_samples=none max_adapt_refit_samples=none max_eval_fit_samples=none fit_sample_seed=1
2026-08-06 17:05:25,247 INFO [__main__] ========================================================================
2026-08-06 17:05:25,247 INFO [__main__] selected methods=('cov_forecast', 'avgy', 'y_mean', 'cov_ridge_shared', 'avgy_ridge_shared', 'y_ridge_shared', 'cov_y_ridge_shared', 'cov_avgy_ridge_shared', 'residual_ridge_shared', 'full_ridge_shared')
2026-08-06 17:05:30,568 INFO [__main__] baseline selection start l2_grid=(0.0, 1e-06, 1e-05, 0.0001, 0.001, 0.01, 0.1, 1.0, 10.0)
2026-08-06 17:05:58,766 INFO [__main__] baseline selection done
2026-08-06 17:05:58,895 INFO [__main__] experiment done seconds=33.64
2026-08-06 17:05:58,895 INFO [__main__] ========================================================================
2026-08-06T17:05:59+02:00 baselines done configuration=10/48 dataset=Electricity model=chronos2 lags=504 horizon=168 retrieval=raw_euclidean_3_online
2026-08-06 17:06:01,809 INFO [__main__] extraction validation directory=outputs/extractions/Electricity/504_168/chronos2/instance_euclidean_1_online/extracted status=complete

2026-08-06T17:06:02+02:00 baselines start configuration=11/48 dataset=Electricity model=chronos2 lags=504 horizon=168 retrieval=instance_euclidean_1_online family=baselines l2_grid=0,1e-6,1e-5,1e-4,1e-3,1e-2,1e-1,1,10 validation_fraction=0.2 fit_baselines_on_eval=false seed=1 max_t1_fit_samples=none max_t2_valid_samples=none max_adapt_refit_samples=none max_eval_fit_samples=none fit_sample_seed=1
2026-08-06 17:06:05,420 INFO [__main__] ========================================================================
2026-08-06 17:06:05,421 INFO [__main__] selected methods=('cov_forecast', 'avgy', 'y_mean', 'cov_ridge_shared', 'avgy_ridge_shared', 'y_ridge_shared', 'cov_y_ridge_shared', 'cov_avgy_ridge_shared', 'residual_ridge_shared', 'full_ridge_shared')
2026-08-06 17:06:09,799 INFO [__main__] baseline selection start l2_grid=(0.0, 1e-06, 1e-05, 0.0001, 0.001, 0.01, 0.1, 1.0, 10.0)
2026-08-06 17:06:31,201 INFO [__main__] baseline selection done
2026-08-06 17:06:31,312 INFO [__main__] experiment done seconds=25.88
2026-08-06 17:06:31,312 INFO [__main__] ========================================================================
2026-08-06T17:06:31+02:00 baselines done configuration=11/48 dataset=Electricity model=chronos2 lags=504 horizon=168 retrieval=instance_euclidean_1_online
2026-08-06 17:06:34,899 INFO [__main__] extraction validation directory=outputs/extractions/Electricity/504_168/chronos2/instance_euclidean_3_online/extracted status=complete

2026-08-06T17:06:35+02:00 baselines start configuration=12/48 dataset=Electricity model=chronos2 lags=504 horizon=168 retrieval=instance_euclidean_3_online family=baselines l2_grid=0,1e-6,1e-5,1e-4,1e-3,1e-2,1e-1,1,10 validation_fraction=0.2 fit_baselines_on_eval=false seed=1 max_t1_fit_samples=none max_t2_valid_samples=none max_adapt_refit_samples=none max_eval_fit_samples=none fit_sample_seed=1
2026-08-06 17:06:38,417 INFO [__main__] ========================================================================
2026-08-06 17:06:38,417 INFO [__main__] selected methods=('cov_forecast', 'avgy', 'y_mean', 'cov_ridge_shared', 'avgy_ridge_shared', 'y_ridge_shared', 'cov_y_ridge_shared', 'cov_avgy_ridge_shared', 'residual_ridge_shared', 'full_ridge_shared')
2026-08-06 17:06:43,583 INFO [__main__] baseline selection start l2_grid=(0.0, 1e-06, 1e-05, 0.0001, 0.001, 0.01, 0.1, 1.0, 10.0)
2026-08-06 17:07:10,269 INFO [__main__] baseline selection done
2026-08-06 17:07:10,397 INFO [__main__] experiment done seconds=31.97
2026-08-06 17:07:10,397 INFO [__main__] ========================================================================
2026-08-06T17:07:10+02:00 baselines done configuration=12/48 dataset=Electricity model=chronos2 lags=504 horizon=168 retrieval=instance_euclidean_3_online
2026-08-06 17:07:13,258 INFO [__main__] extraction validation directory=outputs/extractions/Traffic/168_24/chronos2/raw_euclidean_1_online/extracted status=complete

2026-08-06T17:07:13+02:00 baselines start configuration=13/48 dataset=Traffic model=chronos2 lags=168 horizon=24 retrieval=raw_euclidean_1_online family=baselines l2_grid=0,1e-6,1e-5,1e-4,1e-3,1e-2,1e-1,1,10 validation_fraction=0.2 fit_baselines_on_eval=false seed=1 max_t1_fit_samples=none max_t2_valid_samples=none max_adapt_refit_samples=none max_eval_fit_samples=none fit_sample_seed=1
2026-08-06 17:07:16,702 INFO [__main__] ========================================================================
2026-08-06 17:07:16,702 INFO [__main__] selected methods=('cov_forecast', 'avgy', 'y_mean', 'cov_ridge_shared', 'avgy_ridge_shared', 'y_ridge_shared', 'cov_y_ridge_shared', 'cov_avgy_ridge_shared', 'residual_ridge_shared', 'full_ridge_shared')
2026-08-06 17:07:36,043 INFO [__main__] baseline selection start l2_grid=(0.0, 1e-06, 1e-05, 0.0001, 0.001, 0.01, 0.1, 1.0, 10.0)
2026-08-06 17:07:40,951 INFO [__main__] baseline selection done
2026-08-06 17:07:41,062 INFO [__main__] experiment done seconds=24.36
2026-08-06 17:07:41,062 INFO [__main__] ========================================================================
2026-08-06T17:07:41+02:00 baselines done configuration=13/48 dataset=Traffic model=chronos2 lags=168 horizon=24 retrieval=raw_euclidean_1_online
2026-08-06 17:07:44,769 INFO [__main__] extraction validation directory=outputs/extractions/Traffic/168_24/chronos2/raw_euclidean_3_online/extracted status=complete

2026-08-06T17:07:45+02:00 baselines start configuration=14/48 dataset=Traffic model=chronos2 lags=168 horizon=24 retrieval=raw_euclidean_3_online family=baselines l2_grid=0,1e-6,1e-5,1e-4,1e-3,1e-2,1e-1,1,10 validation_fraction=0.2 fit_baselines_on_eval=false seed=1 max_t1_fit_samples=none max_t2_valid_samples=none max_adapt_refit_samples=none max_eval_fit_samples=none fit_sample_seed=1
2026-08-06 17:07:48,015 INFO [__main__] ========================================================================
2026-08-06 17:07:48,015 INFO [__main__] selected methods=('cov_forecast', 'avgy', 'y_mean', 'cov_ridge_shared', 'avgy_ridge_shared', 'y_ridge_shared', 'cov_y_ridge_shared', 'cov_avgy_ridge_shared', 'residual_ridge_shared', 'full_ridge_shared')
2026-08-06 17:07:52,404 INFO [__main__] baseline selection start l2_grid=(0.0, 1e-06, 1e-05, 0.0001, 0.001, 0.01, 0.1, 1.0, 10.0)
2026-08-06 17:08:01,282 INFO [__main__] baseline selection done
2026-08-06 17:08:01,394 INFO [__main__] experiment done seconds=13.37
2026-08-06 17:08:01,394 INFO [__main__] ========================================================================
2026-08-06T17:08:01+02:00 baselines done configuration=14/48 dataset=Traffic model=chronos2 lags=168 horizon=24 retrieval=raw_euclidean_3_online
2026-08-06 17:08:04,202 INFO [__main__] extraction validation directory=outputs/extractions/Traffic/168_24/chronos2/instance_euclidean_1_online/extracted status=complete

2026-08-06T17:08:04+02:00 baselines start configuration=15/48 dataset=Traffic model=chronos2 lags=168 horizon=24 retrieval=instance_euclidean_1_online family=baselines l2_grid=0,1e-6,1e-5,1e-4,1e-3,1e-2,1e-1,1,10 validation_fraction=0.2 fit_baselines_on_eval=false seed=1 max_t1_fit_samples=none max_t2_valid_samples=none max_adapt_refit_samples=none max_eval_fit_samples=none fit_sample_seed=1
2026-08-06 17:08:07,621 INFO [__main__] ========================================================================
2026-08-06 17:08:07,621 INFO [__main__] selected methods=('cov_forecast', 'avgy', 'y_mean', 'cov_ridge_shared', 'avgy_ridge_shared', 'y_ridge_shared', 'cov_y_ridge_shared', 'cov_avgy_ridge_shared', 'residual_ridge_shared', 'full_ridge_shared')
2026-08-06 17:08:11,776 INFO [__main__] baseline selection start l2_grid=(0.0, 1e-06, 1e-05, 0.0001, 0.001, 0.01, 0.1, 1.0, 10.0)
2026-08-06 17:08:17,594 INFO [__main__] baseline selection done
2026-08-06 17:08:17,772 INFO [__main__] experiment done seconds=10.15
2026-08-06 17:08:17,773 INFO [__main__] ========================================================================
2026-08-06T17:08:18+02:00 baselines done configuration=15/48 dataset=Traffic model=chronos2 lags=168 horizon=24 retrieval=instance_euclidean_1_online
2026-08-06 17:08:20,623 INFO [__main__] extraction validation directory=outputs/extractions/Traffic/168_24/chronos2/instance_euclidean_3_online/extracted status=complete

2026-08-06T17:08:20+02:00 baselines start configuration=16/48 dataset=Traffic model=chronos2 lags=168 horizon=24 retrieval=instance_euclidean_3_online family=baselines l2_grid=0,1e-6,1e-5,1e-4,1e-3,1e-2,1e-1,1,10 validation_fraction=0.2 fit_baselines_on_eval=false seed=1 max_t1_fit_samples=none max_t2_valid_samples=none max_adapt_refit_samples=none max_eval_fit_samples=none fit_sample_seed=1
2026-08-06 17:08:24,174 INFO [__main__] ========================================================================
2026-08-06 17:08:24,174 INFO [__main__] selected methods=('cov_forecast', 'avgy', 'y_mean', 'cov_ridge_shared', 'avgy_ridge_shared', 'y_ridge_shared', 'cov_y_ridge_shared', 'cov_avgy_ridge_shared', 'residual_ridge_shared', 'full_ridge_shared')
2026-08-06 17:08:27,942 INFO [__main__] baseline selection start l2_grid=(0.0, 1e-06, 1e-05, 0.0001, 0.001, 0.01, 0.1, 1.0, 10.0)
2026-08-06 17:08:36,140 INFO [__main__] baseline selection done
2026-08-06 17:08:36,251 INFO [__main__] experiment done seconds=12.07
2026-08-06 17:08:36,251 INFO [__main__] ========================================================================
2026-08-06T17:08:36+02:00 baselines done configuration=16/48 dataset=Traffic model=chronos2 lags=168 horizon=24 retrieval=instance_euclidean_3_online
2026-08-06 17:08:39,133 INFO [__main__] extraction validation directory=outputs/extractions/Traffic/336_48/chronos2/raw_euclidean_1_online/extracted status=complete

2026-08-06T17:08:39+02:00 baselines start configuration=17/48 dataset=Traffic model=chronos2 lags=336 horizon=48 retrieval=raw_euclidean_1_online family=baselines l2_grid=0,1e-6,1e-5,1e-4,1e-3,1e-2,1e-1,1,10 validation_fraction=0.2 fit_baselines_on_eval=false seed=1 max_t1_fit_samples=none max_t2_valid_samples=none max_adapt_refit_samples=none max_eval_fit_samples=none fit_sample_seed=1
2026-08-06 17:08:42,680 INFO [__main__] ========================================================================
2026-08-06 17:08:42,680 INFO [__main__] selected methods=('cov_forecast', 'avgy', 'y_mean', 'cov_ridge_shared', 'avgy_ridge_shared', 'y_ridge_shared', 'cov_y_ridge_shared', 'cov_avgy_ridge_shared', 'residual_ridge_shared', 'full_ridge_shared')
2026-08-06 17:09:18,389 INFO [__main__] baseline selection start l2_grid=(0.0, 1e-06, 1e-05, 0.0001, 0.001, 0.01, 0.1, 1.0, 10.0)
2026-08-06 17:09:28,332 INFO [__main__] baseline selection done
2026-08-06 17:09:28,436 INFO [__main__] experiment done seconds=45.75
2026-08-06 17:09:28,436 INFO [__main__] ========================================================================
2026-08-06T17:09:28+02:00 baselines done configuration=17/48 dataset=Traffic model=chronos2 lags=336 horizon=48 retrieval=raw_euclidean_1_online
2026-08-06 17:09:31,814 INFO [__main__] extraction validation directory=outputs/extractions/Traffic/336_48/chronos2/raw_euclidean_3_online/extracted status=complete

2026-08-06T17:09:32+02:00 baselines start configuration=18/48 dataset=Traffic model=chronos2 lags=336 horizon=48 retrieval=raw_euclidean_3_online family=baselines l2_grid=0,1e-6,1e-5,1e-4,1e-3,1e-2,1e-1,1,10 validation_fraction=0.2 fit_baselines_on_eval=false seed=1 max_t1_fit_samples=none max_t2_valid_samples=none max_adapt_refit_samples=none max_eval_fit_samples=none fit_sample_seed=1
2026-08-06 17:09:35,225 INFO [__main__] ========================================================================
2026-08-06 17:09:35,225 INFO [__main__] selected methods=('cov_forecast', 'avgy', 'y_mean', 'cov_ridge_shared', 'avgy_ridge_shared', 'y_ridge_shared', 'cov_y_ridge_shared', 'cov_avgy_ridge_shared', 'residual_ridge_shared', 'full_ridge_shared')
2026-08-06 17:09:41,009 INFO [__main__] baseline selection start l2_grid=(0.0, 1e-06, 1e-05, 0.0001, 0.001, 0.01, 0.1, 1.0, 10.0)
2026-08-06 17:09:56,931 INFO [__main__] baseline selection done
2026-08-06 17:09:57,040 INFO [__main__] experiment done seconds=21.81
2026-08-06 17:09:57,040 INFO [__main__] ========================================================================
2026-08-06T17:09:57+02:00 baselines done configuration=18/48 dataset=Traffic model=chronos2 lags=336 horizon=48 retrieval=raw_euclidean_3_online
2026-08-06 17:10:00,218 INFO [__main__] extraction validation directory=outputs/extractions/Traffic/336_48/chronos2/instance_euclidean_1_online/extracted status=complete

2026-08-06T17:10:00+02:00 baselines start configuration=19/48 dataset=Traffic model=chronos2 lags=336 horizon=48 retrieval=instance_euclidean_1_online family=baselines l2_grid=0,1e-6,1e-5,1e-4,1e-3,1e-2,1e-1,1,10 validation_fraction=0.2 fit_baselines_on_eval=false seed=1 max_t1_fit_samples=none max_t2_valid_samples=none max_adapt_refit_samples=none max_eval_fit_samples=none fit_sample_seed=1
2026-08-06 17:10:03,973 INFO [__main__] ========================================================================
2026-08-06 17:10:03,973 INFO [__main__] selected methods=('cov_forecast', 'avgy', 'y_mean', 'cov_ridge_shared', 'avgy_ridge_shared', 'y_ridge_shared', 'cov_y_ridge_shared', 'cov_avgy_ridge_shared', 'residual_ridge_shared', 'full_ridge_shared')
2026-08-06 17:10:08,600 INFO [__main__] baseline selection start l2_grid=(0.0, 1e-06, 1e-05, 0.0001, 0.001, 0.01, 0.1, 1.0, 10.0)
2026-08-06 17:10:19,254 INFO [__main__] baseline selection done
2026-08-06 17:10:21,653 INFO [__main__] experiment done seconds=17.13
2026-08-06 17:10:21,653 INFO [__main__] ========================================================================
2026-08-06T17:10:22+02:00 baselines done configuration=19/48 dataset=Traffic model=chronos2 lags=336 horizon=48 retrieval=instance_euclidean_1_online
2026-08-06 17:10:24,785 INFO [__main__] extraction validation directory=outputs/extractions/Traffic/336_48/chronos2/instance_euclidean_3_online/extracted status=complete

2026-08-06T17:10:25+02:00 baselines start configuration=20/48 dataset=Traffic model=chronos2 lags=336 horizon=48 retrieval=instance_euclidean_3_online family=baselines l2_grid=0,1e-6,1e-5,1e-4,1e-3,1e-2,1e-1,1,10 validation_fraction=0.2 fit_baselines_on_eval=false seed=1 max_t1_fit_samples=none max_t2_valid_samples=none max_adapt_refit_samples=none max_eval_fit_samples=none fit_sample_seed=1
2026-08-06 17:10:28,694 INFO [__main__] ========================================================================
2026-08-06 17:10:28,695 INFO [__main__] selected methods=('cov_forecast', 'avgy', 'y_mean', 'cov_ridge_shared', 'avgy_ridge_shared', 'y_ridge_shared', 'cov_y_ridge_shared', 'cov_avgy_ridge_shared', 'residual_ridge_shared', 'full_ridge_shared')
2026-08-06 17:10:35,726 INFO [__main__] baseline selection start l2_grid=(0.0, 1e-06, 1e-05, 0.0001, 0.001, 0.01, 0.1, 1.0, 10.0)
2026-08-06 17:10:49,610 INFO [__main__] baseline selection done
2026-08-06 17:10:49,724 INFO [__main__] experiment done seconds=21.02
2026-08-06 17:10:49,724 INFO [__main__] ========================================================================
2026-08-06T17:10:50+02:00 baselines done configuration=20/48 dataset=Traffic model=chronos2 lags=336 horizon=48 retrieval=instance_euclidean_3_online
2026-08-06 17:10:53,203 INFO [__main__] extraction validation directory=outputs/extractions/Traffic/504_168/chronos2/raw_euclidean_1_online/extracted status=complete

2026-08-06T17:10:53+02:00 baselines start configuration=21/48 dataset=Traffic model=chronos2 lags=504 horizon=168 retrieval=raw_euclidean_1_online family=baselines l2_grid=0,1e-6,1e-5,1e-4,1e-3,1e-2,1e-1,1,10 validation_fraction=0.2 fit_baselines_on_eval=false seed=1 max_t1_fit_samples=none max_t2_valid_samples=none max_adapt_refit_samples=none max_eval_fit_samples=none fit_sample_seed=1
2026-08-06 17:10:57,023 INFO [__main__] ========================================================================
2026-08-06 17:10:57,023 INFO [__main__] selected methods=('cov_forecast', 'avgy', 'y_mean', 'cov_ridge_shared', 'avgy_ridge_shared', 'y_ridge_shared', 'cov_y_ridge_shared', 'cov_avgy_ridge_shared', 'residual_ridge_shared', 'full_ridge_shared')
2026-08-06 17:12:40,476 INFO [__main__] baseline selection start l2_grid=(0.0, 1e-06, 1e-05, 0.0001, 0.001, 0.01, 0.1, 1.0, 10.0)
2026-08-06 17:13:21,475 INFO [__main__] baseline selection done
2026-08-06 17:13:21,607 INFO [__main__] experiment done seconds=144.58
2026-08-06 17:13:21,607 INFO [__main__] ========================================================================
2026-08-06T17:13:22+02:00 baselines done configuration=21/48 dataset=Traffic model=chronos2 lags=504 horizon=168 retrieval=raw_euclidean_1_online
2026-08-06 17:13:25,483 INFO [__main__] extraction validation directory=outputs/extractions/Traffic/504_168/chronos2/raw_euclidean_3_online/extracted status=complete

2026-08-06T17:13:25+02:00 baselines start configuration=22/48 dataset=Traffic model=chronos2 lags=504 horizon=168 retrieval=raw_euclidean_3_online family=baselines l2_grid=0,1e-6,1e-5,1e-4,1e-3,1e-2,1e-1,1,10 validation_fraction=0.2 fit_baselines_on_eval=false seed=1 max_t1_fit_samples=none max_t2_valid_samples=none max_adapt_refit_samples=none max_eval_fit_samples=none fit_sample_seed=1
2026-08-06 17:13:28,990 INFO [__main__] ========================================================================
2026-08-06 17:13:28,990 INFO [__main__] selected methods=('cov_forecast', 'avgy', 'y_mean', 'cov_ridge_shared', 'avgy_ridge_shared', 'y_ridge_shared', 'cov_y_ridge_shared', 'cov_avgy_ridge_shared', 'residual_ridge_shared', 'full_ridge_shared')
2026-08-06 17:13:36,956 INFO [__main__] baseline selection start l2_grid=(0.0, 1e-06, 1e-05, 0.0001, 0.001, 0.01, 0.1, 1.0, 10.0)
2026-08-06 17:14:26,369 INFO [__main__] baseline selection done
2026-08-06 17:14:26,493 INFO [__main__] experiment done seconds=57.50
2026-08-06 17:14:26,493 INFO [__main__] ========================================================================
2026-08-06T17:14:26+02:00 baselines done configuration=22/48 dataset=Traffic model=chronos2 lags=504 horizon=168 retrieval=raw_euclidean_3_online
2026-08-06 17:14:31,035 INFO [__main__] extraction validation directory=outputs/extractions/Traffic/504_168/chronos2/instance_euclidean_1_online/extracted status=complete

2026-08-06T17:14:31+02:00 baselines start configuration=23/48 dataset=Traffic model=chronos2 lags=504 horizon=168 retrieval=instance_euclidean_1_online family=baselines l2_grid=0,1e-6,1e-5,1e-4,1e-3,1e-2,1e-1,1,10 validation_fraction=0.2 fit_baselines_on_eval=false seed=1 max_t1_fit_samples=none max_t2_valid_samples=none max_adapt_refit_samples=none max_eval_fit_samples=none fit_sample_seed=1
2026-08-06 17:14:34,615 INFO [__main__] ========================================================================
2026-08-06 17:14:34,615 INFO [__main__] selected methods=('cov_forecast', 'avgy', 'y_mean', 'cov_ridge_shared', 'avgy_ridge_shared', 'y_ridge_shared', 'cov_y_ridge_shared', 'cov_avgy_ridge_shared', 'residual_ridge_shared', 'full_ridge_shared')
2026-08-06 17:14:41,177 INFO [__main__] baseline selection start l2_grid=(0.0, 1e-06, 1e-05, 0.0001, 0.001, 0.01, 0.1, 1.0, 10.0)
2026-08-06 17:15:19,857 INFO [__main__] baseline selection done
2026-08-06 17:15:19,961 INFO [__main__] experiment done seconds=45.34
2026-08-06 17:15:19,961 INFO [__main__] ========================================================================
2026-08-06T17:15:20+02:00 baselines done configuration=23/48 dataset=Traffic model=chronos2 lags=504 horizon=168 retrieval=instance_euclidean_1_online
2026-08-06 17:15:22,957 INFO [__main__] extraction validation directory=outputs/extractions/Traffic/504_168/chronos2/instance_euclidean_3_online/extracted status=complete

2026-08-06T17:15:23+02:00 baselines start configuration=24/48 dataset=Traffic model=chronos2 lags=504 horizon=168 retrieval=instance_euclidean_3_online family=baselines l2_grid=0,1e-6,1e-5,1e-4,1e-3,1e-2,1e-1,1,10 validation_fraction=0.2 fit_baselines_on_eval=false seed=1 max_t1_fit_samples=none max_t2_valid_samples=none max_adapt_refit_samples=none max_eval_fit_samples=none fit_sample_seed=1
2026-08-06 17:15:25,980 INFO [__main__] ========================================================================
2026-08-06 17:15:25,980 INFO [__main__] selected methods=('cov_forecast', 'avgy', 'y_mean', 'cov_ridge_shared', 'avgy_ridge_shared', 'y_ridge_shared', 'cov_y_ridge_shared', 'cov_avgy_ridge_shared', 'residual_ridge_shared', 'full_ridge_shared')
2026-08-06 17:15:35,597 INFO [__main__] baseline selection start l2_grid=(0.0, 1e-06, 1e-05, 0.0001, 0.001, 0.01, 0.1, 1.0, 10.0)
2026-08-06 17:16:23,503 INFO [__main__] baseline selection done
2026-08-06 17:16:23,590 INFO [__main__] experiment done seconds=57.61
2026-08-06 17:16:23,591 INFO [__main__] ========================================================================
2026-08-06T17:16:24+02:00 baselines done configuration=24/48 dataset=Traffic model=chronos2 lags=504 horizon=168 retrieval=instance_euclidean_3_online
2026-08-06 17:16:27,563 INFO [__main__] extraction validation directory=outputs/extractions/Solar/168_24/chronos2/raw_euclidean_1_online/extracted status=complete

2026-08-06T17:16:28+02:00 baselines start configuration=25/48 dataset=Solar model=chronos2 lags=168 horizon=24 retrieval=raw_euclidean_1_online family=baselines l2_grid=0,1e-6,1e-5,1e-4,1e-3,1e-2,1e-1,1,10 validation_fraction=0.2 fit_baselines_on_eval=false seed=1 max_t1_fit_samples=none max_t2_valid_samples=none max_adapt_refit_samples=none max_eval_fit_samples=none fit_sample_seed=1
2026-08-06 17:16:30,634 INFO [__main__] ========================================================================
2026-08-06 17:16:30,634 INFO [__main__] selected methods=('cov_forecast', 'avgy', 'y_mean', 'cov_ridge_shared', 'avgy_ridge_shared', 'y_ridge_shared', 'cov_y_ridge_shared', 'cov_avgy_ridge_shared', 'residual_ridge_shared', 'full_ridge_shared')
2026-08-06 17:16:35,680 INFO [__main__] baseline selection start l2_grid=(0.0, 1e-06, 1e-05, 0.0001, 0.001, 0.01, 0.1, 1.0, 10.0)
2026-08-06 17:16:36,238 INFO [__main__] baseline selection done
2026-08-06 17:16:36,311 INFO [__main__] experiment done seconds=5.67
2026-08-06 17:16:36,311 INFO [__main__] ========================================================================
2026-08-06T17:16:36+02:00 baselines done configuration=25/48 dataset=Solar model=chronos2 lags=168 horizon=24 retrieval=raw_euclidean_1_online
2026-08-06 17:16:38,903 INFO [__main__] extraction validation directory=outputs/extractions/Solar/168_24/chronos2/raw_euclidean_3_online/extracted status=complete

2026-08-06T17:16:39+02:00 baselines start configuration=26/48 dataset=Solar model=chronos2 lags=168 horizon=24 retrieval=raw_euclidean_3_online family=baselines l2_grid=0,1e-6,1e-5,1e-4,1e-3,1e-2,1e-1,1,10 validation_fraction=0.2 fit_baselines_on_eval=false seed=1 max_t1_fit_samples=none max_t2_valid_samples=none max_adapt_refit_samples=none max_eval_fit_samples=none fit_sample_seed=1
2026-08-06 17:16:42,302 INFO [__main__] ========================================================================
2026-08-06 17:16:42,302 INFO [__main__] selected methods=('cov_forecast', 'avgy', 'y_mean', 'cov_ridge_shared', 'avgy_ridge_shared', 'y_ridge_shared', 'cov_y_ridge_shared', 'cov_avgy_ridge_shared', 'residual_ridge_shared', 'full_ridge_shared')
2026-08-06 17:16:44,673 INFO [__main__] baseline selection start l2_grid=(0.0, 1e-06, 1e-05, 0.0001, 0.001, 0.01, 0.1, 1.0, 10.0)
2026-08-06 17:16:45,519 INFO [__main__] baseline selection done
2026-08-06 17:16:45,606 INFO [__main__] experiment done seconds=3.30
2026-08-06 17:16:45,606 INFO [__main__] ========================================================================
2026-08-06T17:16:45+02:00 baselines done configuration=26/48 dataset=Solar model=chronos2 lags=168 horizon=24 retrieval=raw_euclidean_3_online
2026-08-06 17:16:48,167 INFO [__main__] extraction validation directory=outputs/extractions/Solar/168_24/chronos2/instance_euclidean_1_online/extracted status=complete

2026-08-06T17:16:48+02:00 baselines start configuration=27/48 dataset=Solar model=chronos2 lags=168 horizon=24 retrieval=instance_euclidean_1_online family=baselines l2_grid=0,1e-6,1e-5,1e-4,1e-3,1e-2,1e-1,1,10 validation_fraction=0.2 fit_baselines_on_eval=false seed=1 max_t1_fit_samples=none max_t2_valid_samples=none max_adapt_refit_samples=none max_eval_fit_samples=none fit_sample_seed=1
2026-08-06 17:16:51,579 INFO [__main__] ========================================================================
2026-08-06 17:16:51,580 INFO [__main__] selected methods=('cov_forecast', 'avgy', 'y_mean', 'cov_ridge_shared', 'avgy_ridge_shared', 'y_ridge_shared', 'cov_y_ridge_shared', 'cov_avgy_ridge_shared', 'residual_ridge_shared', 'full_ridge_shared')
2026-08-06 17:16:53,885 INFO [__main__] baseline selection start l2_grid=(0.0, 1e-06, 1e-05, 0.0001, 0.001, 0.01, 0.1, 1.0, 10.0)
2026-08-06 17:16:54,476 INFO [__main__] baseline selection done
2026-08-06 17:16:54,558 INFO [__main__] experiment done seconds=2.97
2026-08-06 17:16:54,558 INFO [__main__] ========================================================================
2026-08-06T17:16:54+02:00 baselines done configuration=27/48 dataset=Solar model=chronos2 lags=168 horizon=24 retrieval=instance_euclidean_1_online
2026-08-06 17:16:57,139 INFO [__main__] extraction validation directory=outputs/extractions/Solar/168_24/chronos2/instance_euclidean_3_online/extracted status=complete

2026-08-06T17:16:57+02:00 baselines start configuration=28/48 dataset=Solar model=chronos2 lags=168 horizon=24 retrieval=instance_euclidean_3_online family=baselines l2_grid=0,1e-6,1e-5,1e-4,1e-3,1e-2,1e-1,1,10 validation_fraction=0.2 fit_baselines_on_eval=false seed=1 max_t1_fit_samples=none max_t2_valid_samples=none max_adapt_refit_samples=none max_eval_fit_samples=none fit_sample_seed=1
2026-08-06 17:17:00,416 INFO [__main__] ========================================================================
2026-08-06 17:17:00,416 INFO [__main__] selected methods=('cov_forecast', 'avgy', 'y_mean', 'cov_ridge_shared', 'avgy_ridge_shared', 'y_ridge_shared', 'cov_y_ridge_shared', 'cov_avgy_ridge_shared', 'residual_ridge_shared', 'full_ridge_shared')
2026-08-06 17:17:02,585 INFO [__main__] baseline selection start l2_grid=(0.0, 1e-06, 1e-05, 0.0001, 0.001, 0.01, 0.1, 1.0, 10.0)
2026-08-06 17:17:03,478 INFO [__main__] baseline selection done
2026-08-06 17:17:03,554 INFO [__main__] experiment done seconds=3.13
2026-08-06 17:17:03,554 INFO [__main__] ========================================================================
2026-08-06T17:17:03+02:00 baselines done configuration=28/48 dataset=Solar model=chronos2 lags=168 horizon=24 retrieval=instance_euclidean_3_online
2026-08-06 17:17:06,452 INFO [__main__] extraction validation directory=outputs/extractions/Solar/336_48/chronos2/raw_euclidean_1_online/extracted status=complete

2026-08-06T17:17:06+02:00 baselines start configuration=29/48 dataset=Solar model=chronos2 lags=336 horizon=48 retrieval=raw_euclidean_1_online family=baselines l2_grid=0,1e-6,1e-5,1e-4,1e-3,1e-2,1e-1,1,10 validation_fraction=0.2 fit_baselines_on_eval=false seed=1 max_t1_fit_samples=none max_t2_valid_samples=none max_adapt_refit_samples=none max_eval_fit_samples=none fit_sample_seed=1
2026-08-06 17:17:09,596 INFO [__main__] ========================================================================
2026-08-06 17:17:09,596 INFO [__main__] selected methods=('cov_forecast', 'avgy', 'y_mean', 'cov_ridge_shared', 'avgy_ridge_shared', 'y_ridge_shared', 'cov_y_ridge_shared', 'cov_avgy_ridge_shared', 'residual_ridge_shared', 'full_ridge_shared')
2026-08-06 17:17:14,104 INFO [__main__] baseline selection start l2_grid=(0.0, 1e-06, 1e-05, 0.0001, 0.001, 0.01, 0.1, 1.0, 10.0)
2026-08-06 17:17:15,149 INFO [__main__] baseline selection done
2026-08-06 17:17:15,268 INFO [__main__] experiment done seconds=5.66
2026-08-06 17:17:15,268 INFO [__main__] ========================================================================
2026-08-06T17:17:15+02:00 baselines done configuration=29/48 dataset=Solar model=chronos2 lags=336 horizon=48 retrieval=raw_euclidean_1_online
2026-08-06 17:17:18,066 INFO [__main__] extraction validation directory=outputs/extractions/Solar/336_48/chronos2/raw_euclidean_3_online/extracted status=complete

2026-08-06T17:17:18+02:00 baselines start configuration=30/48 dataset=Solar model=chronos2 lags=336 horizon=48 retrieval=raw_euclidean_3_online family=baselines l2_grid=0,1e-6,1e-5,1e-4,1e-3,1e-2,1e-1,1,10 validation_fraction=0.2 fit_baselines_on_eval=false seed=1 max_t1_fit_samples=none max_t2_valid_samples=none max_adapt_refit_samples=none max_eval_fit_samples=none fit_sample_seed=1
2026-08-06 17:17:21,169 INFO [__main__] ========================================================================
2026-08-06 17:17:21,169 INFO [__main__] selected methods=('cov_forecast', 'avgy', 'y_mean', 'cov_ridge_shared', 'avgy_ridge_shared', 'y_ridge_shared', 'cov_y_ridge_shared', 'cov_avgy_ridge_shared', 'residual_ridge_shared', 'full_ridge_shared')
2026-08-06 17:17:23,875 INFO [__main__] baseline selection start l2_grid=(0.0, 1e-06, 1e-05, 0.0001, 0.001, 0.01, 0.1, 1.0, 10.0)
2026-08-06 17:17:25,202 INFO [__main__] baseline selection done
2026-08-06 17:17:25,283 INFO [__main__] experiment done seconds=4.11
2026-08-06 17:17:25,283 INFO [__main__] ========================================================================
2026-08-06T17:17:25+02:00 baselines done configuration=30/48 dataset=Solar model=chronos2 lags=336 horizon=48 retrieval=raw_euclidean_3_online
2026-08-06 17:17:28,374 INFO [__main__] extraction validation directory=outputs/extractions/Solar/336_48/chronos2/instance_euclidean_1_online/extracted status=complete

2026-08-06T17:17:28+02:00 baselines start configuration=31/48 dataset=Solar model=chronos2 lags=336 horizon=48 retrieval=instance_euclidean_1_online family=baselines l2_grid=0,1e-6,1e-5,1e-4,1e-3,1e-2,1e-1,1,10 validation_fraction=0.2 fit_baselines_on_eval=false seed=1 max_t1_fit_samples=none max_t2_valid_samples=none max_adapt_refit_samples=none max_eval_fit_samples=none fit_sample_seed=1
2026-08-06 17:17:31,622 INFO [__main__] ========================================================================
2026-08-06 17:17:31,622 INFO [__main__] selected methods=('cov_forecast', 'avgy', 'y_mean', 'cov_ridge_shared', 'avgy_ridge_shared', 'y_ridge_shared', 'cov_y_ridge_shared', 'cov_avgy_ridge_shared', 'residual_ridge_shared', 'full_ridge_shared')
2026-08-06 17:17:34,576 INFO [__main__] baseline selection start l2_grid=(0.0, 1e-06, 1e-05, 0.0001, 0.001, 0.01, 0.1, 1.0, 10.0)
2026-08-06 17:17:35,518 INFO [__main__] baseline selection done
2026-08-06 17:17:35,605 INFO [__main__] experiment done seconds=3.98
2026-08-06 17:17:35,605 INFO [__main__] ========================================================================
2026-08-06T17:17:35+02:00 baselines done configuration=31/48 dataset=Solar model=chronos2 lags=336 horizon=48 retrieval=instance_euclidean_1_online
2026-08-06 17:17:38,599 INFO [__main__] extraction validation directory=outputs/extractions/Solar/336_48/chronos2/instance_euclidean_3_online/extracted status=complete

2026-08-06T17:17:39+02:00 baselines start configuration=32/48 dataset=Solar model=chronos2 lags=336 horizon=48 retrieval=instance_euclidean_3_online family=baselines l2_grid=0,1e-6,1e-5,1e-4,1e-3,1e-2,1e-1,1,10 validation_fraction=0.2 fit_baselines_on_eval=false seed=1 max_t1_fit_samples=none max_t2_valid_samples=none max_adapt_refit_samples=none max_eval_fit_samples=none fit_sample_seed=1
2026-08-06 17:17:41,688 INFO [__main__] ========================================================================
2026-08-06 17:17:41,688 INFO [__main__] selected methods=('cov_forecast', 'avgy', 'y_mean', 'cov_ridge_shared', 'avgy_ridge_shared', 'y_ridge_shared', 'cov_y_ridge_shared', 'cov_avgy_ridge_shared', 'residual_ridge_shared', 'full_ridge_shared')
2026-08-06 17:17:44,085 INFO [__main__] baseline selection start l2_grid=(0.0, 1e-06, 1e-05, 0.0001, 0.001, 0.01, 0.1, 1.0, 10.0)
2026-08-06 17:17:45,392 INFO [__main__] baseline selection done
2026-08-06 17:17:45,469 INFO [__main__] experiment done seconds=3.78
2026-08-06 17:17:45,469 INFO [__main__] ========================================================================
2026-08-06T17:17:45+02:00 baselines done configuration=32/48 dataset=Solar model=chronos2 lags=336 horizon=48 retrieval=instance_euclidean_3_online
2026-08-06 17:17:48,306 INFO [__main__] extraction validation directory=outputs/extractions/Solar/504_168/chronos2/raw_euclidean_1_online/extracted status=complete

2026-08-06T17:17:48+02:00 baselines start configuration=33/48 dataset=Solar model=chronos2 lags=504 horizon=168 retrieval=raw_euclidean_1_online family=baselines l2_grid=0,1e-6,1e-5,1e-4,1e-3,1e-2,1e-1,1,10 validation_fraction=0.2 fit_baselines_on_eval=false seed=1 max_t1_fit_samples=none max_t2_valid_samples=none max_adapt_refit_samples=none max_eval_fit_samples=none fit_sample_seed=1
2026-08-06 17:17:51,333 INFO [__main__] ========================================================================
2026-08-06 17:17:51,333 INFO [__main__] selected methods=('cov_forecast', 'avgy', 'y_mean', 'cov_ridge_shared', 'avgy_ridge_shared', 'y_ridge_shared', 'cov_y_ridge_shared', 'cov_avgy_ridge_shared', 'residual_ridge_shared', 'full_ridge_shared')
2026-08-06 17:17:58,355 INFO [__main__] baseline selection start l2_grid=(0.0, 1e-06, 1e-05, 0.0001, 0.001, 0.01, 0.1, 1.0, 10.0)
2026-08-06 17:18:01,152 INFO [__main__] baseline selection done
2026-08-06 17:18:01,235 INFO [__main__] experiment done seconds=9.90
2026-08-06 17:18:01,235 INFO [__main__] ========================================================================
2026-08-06T17:18:01+02:00 baselines done configuration=33/48 dataset=Solar model=chronos2 lags=504 horizon=168 retrieval=raw_euclidean_1_online
2026-08-06 17:18:04,297 INFO [__main__] extraction validation directory=outputs/extractions/Solar/504_168/chronos2/raw_euclidean_3_online/extracted status=complete

2026-08-06T17:18:04+02:00 baselines start configuration=34/48 dataset=Solar model=chronos2 lags=504 horizon=168 retrieval=raw_euclidean_3_online family=baselines l2_grid=0,1e-6,1e-5,1e-4,1e-3,1e-2,1e-1,1,10 validation_fraction=0.2 fit_baselines_on_eval=false seed=1 max_t1_fit_samples=none max_t2_valid_samples=none max_adapt_refit_samples=none max_eval_fit_samples=none fit_sample_seed=1
2026-08-06 17:18:07,787 INFO [__main__] ========================================================================
2026-08-06 17:18:07,788 INFO [__main__] selected methods=('cov_forecast', 'avgy', 'y_mean', 'cov_ridge_shared', 'avgy_ridge_shared', 'y_ridge_shared', 'cov_y_ridge_shared', 'cov_avgy_ridge_shared', 'residual_ridge_shared', 'full_ridge_shared')
2026-08-06 17:18:10,458 INFO [__main__] baseline selection start l2_grid=(0.0, 1e-06, 1e-05, 0.0001, 0.001, 0.01, 0.1, 1.0, 10.0)
2026-08-06 17:18:14,094 INFO [__main__] baseline selection done
2026-08-06 17:18:14,169 INFO [__main__] experiment done seconds=6.38
2026-08-06 17:18:14,169 INFO [__main__] ========================================================================
2026-08-06T17:18:14+02:00 baselines done configuration=34/48 dataset=Solar model=chronos2 lags=504 horizon=168 retrieval=raw_euclidean_3_online
2026-08-06 17:18:16,848 INFO [__main__] extraction validation directory=outputs/extractions/Solar/504_168/chronos2/instance_euclidean_1_online/extracted status=complete

2026-08-06T17:18:17+02:00 baselines start configuration=35/48 dataset=Solar model=chronos2 lags=504 horizon=168 retrieval=instance_euclidean_1_online family=baselines l2_grid=0,1e-6,1e-5,1e-4,1e-3,1e-2,1e-1,1,10 validation_fraction=0.2 fit_baselines_on_eval=false seed=1 max_t1_fit_samples=none max_t2_valid_samples=none max_adapt_refit_samples=none max_eval_fit_samples=none fit_sample_seed=1
2026-08-06 17:18:19,860 INFO [__main__] ========================================================================
2026-08-06 17:18:19,860 INFO [__main__] selected methods=('cov_forecast', 'avgy', 'y_mean', 'cov_ridge_shared', 'avgy_ridge_shared', 'y_ridge_shared', 'cov_y_ridge_shared', 'cov_avgy_ridge_shared', 'residual_ridge_shared', 'full_ridge_shared')
2026-08-06 17:18:22,436 INFO [__main__] baseline selection start l2_grid=(0.0, 1e-06, 1e-05, 0.0001, 0.001, 0.01, 0.1, 1.0, 10.0)
2026-08-06 17:18:25,040 INFO [__main__] baseline selection done
2026-08-06 17:18:25,115 INFO [__main__] experiment done seconds=5.25
2026-08-06 17:18:25,115 INFO [__main__] ========================================================================
2026-08-06T17:18:25+02:00 baselines done configuration=35/48 dataset=Solar model=chronos2 lags=504 horizon=168 retrieval=instance_euclidean_1_online
2026-08-06 17:18:27,999 INFO [__main__] extraction validation directory=outputs/extractions/Solar/504_168/chronos2/instance_euclidean_3_online/extracted status=complete

2026-08-06T17:18:28+02:00 baselines start configuration=36/48 dataset=Solar model=chronos2 lags=504 horizon=168 retrieval=instance_euclidean_3_online family=baselines l2_grid=0,1e-6,1e-5,1e-4,1e-3,1e-2,1e-1,1,10 validation_fraction=0.2 fit_baselines_on_eval=false seed=1 max_t1_fit_samples=none max_t2_valid_samples=none max_adapt_refit_samples=none max_eval_fit_samples=none fit_sample_seed=1
2026-08-06 17:18:31,446 INFO [__main__] ========================================================================
2026-08-06 17:18:31,446 INFO [__main__] selected methods=('cov_forecast', 'avgy', 'y_mean', 'cov_ridge_shared', 'avgy_ridge_shared', 'y_ridge_shared', 'cov_y_ridge_shared', 'cov_avgy_ridge_shared', 'residual_ridge_shared', 'full_ridge_shared')
2026-08-06 17:18:33,921 INFO [__main__] baseline selection start l2_grid=(0.0, 1e-06, 1e-05, 0.0001, 0.001, 0.01, 0.1, 1.0, 10.0)
2026-08-06 17:18:37,480 INFO [__main__] baseline selection done
2026-08-06 17:18:37,590 INFO [__main__] experiment done seconds=6.14
2026-08-06 17:18:37,590 INFO [__main__] ========================================================================
2026-08-06T17:18:38+02:00 baselines done configuration=36/48 dataset=Solar model=chronos2 lags=504 horizon=168 retrieval=instance_euclidean_3_online
2026-08-06 17:18:40,376 INFO [__main__] extraction validation directory=outputs/extractions/exchange_rate/168_24/chronos2/raw_euclidean_1_online/extracted status=complete

2026-08-06T17:18:40+02:00 baselines start configuration=37/48 dataset=exchange_rate model=chronos2 lags=168 horizon=24 retrieval=raw_euclidean_1_online family=baselines l2_grid=0,1e-6,1e-5,1e-4,1e-3,1e-2,1e-1,1,10 validation_fraction=0.2 fit_baselines_on_eval=false seed=1 max_t1_fit_samples=none max_t2_valid_samples=none max_adapt_refit_samples=none max_eval_fit_samples=none fit_sample_seed=1
2026-08-06 17:18:43,597 INFO [__main__] ========================================================================
2026-08-06 17:18:43,597 INFO [__main__] selected methods=('cov_forecast', 'avgy', 'y_mean', 'cov_ridge_shared', 'avgy_ridge_shared', 'y_ridge_shared', 'cov_y_ridge_shared', 'cov_avgy_ridge_shared', 'residual_ridge_shared', 'full_ridge_shared')
2026-08-06 17:18:46,716 INFO [__main__] baseline selection start l2_grid=(0.0, 1e-06, 1e-05, 0.0001, 0.001, 0.01, 0.1, 1.0, 10.0)
2026-08-06 17:18:46,970 INFO [__main__] baseline selection done
2026-08-06 17:18:47,062 INFO [__main__] experiment done seconds=3.46
2026-08-06 17:18:47,062 INFO [__main__] ========================================================================
2026-08-06T17:18:47+02:00 baselines done configuration=37/48 dataset=exchange_rate model=chronos2 lags=168 horizon=24 retrieval=raw_euclidean_1_online
2026-08-06 17:18:49,730 INFO [__main__] extraction validation directory=outputs/extractions/exchange_rate/168_24/chronos2/raw_euclidean_3_online/extracted status=complete

2026-08-06T17:18:50+02:00 baselines start configuration=38/48 dataset=exchange_rate model=chronos2 lags=168 horizon=24 retrieval=raw_euclidean_3_online family=baselines l2_grid=0,1e-6,1e-5,1e-4,1e-3,1e-2,1e-1,1,10 validation_fraction=0.2 fit_baselines_on_eval=false seed=1 max_t1_fit_samples=none max_t2_valid_samples=none max_adapt_refit_samples=none max_eval_fit_samples=none fit_sample_seed=1
2026-08-06 17:18:52,884 INFO [__main__] ========================================================================
2026-08-06 17:18:52,884 INFO [__main__] selected methods=('cov_forecast', 'avgy', 'y_mean', 'cov_ridge_shared', 'avgy_ridge_shared', 'y_ridge_shared', 'cov_y_ridge_shared', 'cov_avgy_ridge_shared', 'residual_ridge_shared', 'full_ridge_shared')
2026-08-06 17:18:55,725 INFO [__main__] baseline selection start l2_grid=(0.0, 1e-06, 1e-05, 0.0001, 0.001, 0.01, 0.1, 1.0, 10.0)
2026-08-06 17:18:55,963 INFO [__main__] baseline selection done
2026-08-06 17:18:56,038 INFO [__main__] experiment done seconds=3.15
2026-08-06 17:18:56,038 INFO [__main__] ========================================================================
2026-08-06T17:18:56+02:00 baselines done configuration=38/48 dataset=exchange_rate model=chronos2 lags=168 horizon=24 retrieval=raw_euclidean_3_online
2026-08-06 17:18:58,642 INFO [__main__] extraction validation directory=outputs/extractions/exchange_rate/168_24/chronos2/instance_euclidean_1_online/extracted status=complete

2026-08-06T17:18:59+02:00 baselines start configuration=39/48 dataset=exchange_rate model=chronos2 lags=168 horizon=24 retrieval=instance_euclidean_1_online family=baselines l2_grid=0,1e-6,1e-5,1e-4,1e-3,1e-2,1e-1,1,10 validation_fraction=0.2 fit_baselines_on_eval=false seed=1 max_t1_fit_samples=none max_t2_valid_samples=none max_adapt_refit_samples=none max_eval_fit_samples=none fit_sample_seed=1
2026-08-06 17:19:02,110 INFO [__main__] ========================================================================
2026-08-06 17:19:02,110 INFO [__main__] selected methods=('cov_forecast', 'avgy', 'y_mean', 'cov_ridge_shared', 'avgy_ridge_shared', 'y_ridge_shared', 'cov_y_ridge_shared', 'cov_avgy_ridge_shared', 'residual_ridge_shared', 'full_ridge_shared')
2026-08-06 17:19:04,317 INFO [__main__] baseline selection start l2_grid=(0.0, 1e-06, 1e-05, 0.0001, 0.001, 0.01, 0.1, 1.0, 10.0)
2026-08-06 17:19:04,536 INFO [__main__] baseline selection done
2026-08-06 17:19:04,612 INFO [__main__] experiment done seconds=2.50
2026-08-06 17:19:04,612 INFO [__main__] ========================================================================
2026-08-06T17:19:05+02:00 baselines done configuration=39/48 dataset=exchange_rate model=chronos2 lags=168 horizon=24 retrieval=instance_euclidean_1_online
2026-08-06 17:19:07,171 INFO [__main__] extraction validation directory=outputs/extractions/exchange_rate/168_24/chronos2/instance_euclidean_3_online/extracted status=complete

2026-08-06T17:19:07+02:00 baselines start configuration=40/48 dataset=exchange_rate model=chronos2 lags=168 horizon=24 retrieval=instance_euclidean_3_online family=baselines l2_grid=0,1e-6,1e-5,1e-4,1e-3,1e-2,1e-1,1,10 validation_fraction=0.2 fit_baselines_on_eval=false seed=1 max_t1_fit_samples=none max_t2_valid_samples=none max_adapt_refit_samples=none max_eval_fit_samples=none fit_sample_seed=1
2026-08-06 17:19:10,641 INFO [__main__] ========================================================================
2026-08-06 17:19:10,641 INFO [__main__] selected methods=('cov_forecast', 'avgy', 'y_mean', 'cov_ridge_shared', 'avgy_ridge_shared', 'y_ridge_shared', 'cov_y_ridge_shared', 'cov_avgy_ridge_shared', 'residual_ridge_shared', 'full_ridge_shared')
2026-08-06 17:19:12,956 INFO [__main__] baseline selection start l2_grid=(0.0, 1e-06, 1e-05, 0.0001, 0.001, 0.01, 0.1, 1.0, 10.0)
2026-08-06 17:19:13,187 INFO [__main__] baseline selection done
2026-08-06 17:19:13,271 INFO [__main__] experiment done seconds=2.63
2026-08-06 17:19:13,271 INFO [__main__] ========================================================================
2026-08-06T17:19:13+02:00 baselines done configuration=40/48 dataset=exchange_rate model=chronos2 lags=168 horizon=24 retrieval=instance_euclidean_3_online
2026-08-06 17:19:16,017 INFO [__main__] extraction validation directory=outputs/extractions/exchange_rate/336_48/chronos2/raw_euclidean_1_online/extracted status=complete

2026-08-06T17:19:16+02:00 baselines start configuration=41/48 dataset=exchange_rate model=chronos2 lags=336 horizon=48 retrieval=raw_euclidean_1_online family=baselines l2_grid=0,1e-6,1e-5,1e-4,1e-3,1e-2,1e-1,1,10 validation_fraction=0.2 fit_baselines_on_eval=false seed=1 max_t1_fit_samples=none max_t2_valid_samples=none max_adapt_refit_samples=none max_eval_fit_samples=none fit_sample_seed=1
2026-08-06 17:19:19,416 INFO [__main__] ========================================================================
2026-08-06 17:19:19,416 INFO [__main__] selected methods=('cov_forecast', 'avgy', 'y_mean', 'cov_ridge_shared', 'avgy_ridge_shared', 'y_ridge_shared', 'cov_y_ridge_shared', 'cov_avgy_ridge_shared', 'residual_ridge_shared', 'full_ridge_shared')
2026-08-06 17:19:21,757 INFO [__main__] baseline selection start l2_grid=(0.0, 1e-06, 1e-05, 0.0001, 0.001, 0.01, 0.1, 1.0, 10.0)
2026-08-06 17:19:22,014 INFO [__main__] baseline selection done
2026-08-06 17:19:22,103 INFO [__main__] experiment done seconds=2.68
2026-08-06 17:19:22,103 INFO [__main__] ========================================================================
2026-08-06T17:19:22+02:00 baselines done configuration=41/48 dataset=exchange_rate model=chronos2 lags=336 horizon=48 retrieval=raw_euclidean_1_online
2026-08-06 17:19:24,894 INFO [__main__] extraction validation directory=outputs/extractions/exchange_rate/336_48/chronos2/raw_euclidean_3_online/extracted status=complete

2026-08-06T17:19:25+02:00 baselines start configuration=42/48 dataset=exchange_rate model=chronos2 lags=336 horizon=48 retrieval=raw_euclidean_3_online family=baselines l2_grid=0,1e-6,1e-5,1e-4,1e-3,1e-2,1e-1,1,10 validation_fraction=0.2 fit_baselines_on_eval=false seed=1 max_t1_fit_samples=none max_t2_valid_samples=none max_adapt_refit_samples=none max_eval_fit_samples=none fit_sample_seed=1
2026-08-06 17:19:28,424 INFO [__main__] ========================================================================
2026-08-06 17:19:28,424 INFO [__main__] selected methods=('cov_forecast', 'avgy', 'y_mean', 'cov_ridge_shared', 'avgy_ridge_shared', 'y_ridge_shared', 'cov_y_ridge_shared', 'cov_avgy_ridge_shared', 'residual_ridge_shared', 'full_ridge_shared')
2026-08-06 17:19:30,410 INFO [__main__] baseline selection start l2_grid=(0.0, 1e-06, 1e-05, 0.0001, 0.001, 0.01, 0.1, 1.0, 10.0)
2026-08-06 17:19:30,722 INFO [__main__] baseline selection done
2026-08-06 17:19:30,804 INFO [__main__] experiment done seconds=2.38
2026-08-06 17:19:30,804 INFO [__main__] ========================================================================
2026-08-06T17:19:31+02:00 baselines done configuration=42/48 dataset=exchange_rate model=chronos2 lags=336 horizon=48 retrieval=raw_euclidean_3_online
2026-08-06 17:19:33,870 INFO [__main__] extraction validation directory=outputs/extractions/exchange_rate/336_48/chronos2/instance_euclidean_1_online/extracted status=complete

2026-08-06T17:19:34+02:00 baselines start configuration=43/48 dataset=exchange_rate model=chronos2 lags=336 horizon=48 retrieval=instance_euclidean_1_online family=baselines l2_grid=0,1e-6,1e-5,1e-4,1e-3,1e-2,1e-1,1,10 validation_fraction=0.2 fit_baselines_on_eval=false seed=1 max_t1_fit_samples=none max_t2_valid_samples=none max_adapt_refit_samples=none max_eval_fit_samples=none fit_sample_seed=1
2026-08-06 17:19:36,969 INFO [__main__] ========================================================================
2026-08-06 17:19:36,969 INFO [__main__] selected methods=('cov_forecast', 'avgy', 'y_mean', 'cov_ridge_shared', 'avgy_ridge_shared', 'y_ridge_shared', 'cov_y_ridge_shared', 'cov_avgy_ridge_shared', 'residual_ridge_shared', 'full_ridge_shared')
2026-08-06 17:19:38,976 INFO [__main__] baseline selection start l2_grid=(0.0, 1e-06, 1e-05, 0.0001, 0.001, 0.01, 0.1, 1.0, 10.0)
2026-08-06 17:19:39,232 INFO [__main__] baseline selection done
2026-08-06 17:19:39,309 INFO [__main__] experiment done seconds=2.34
2026-08-06 17:19:39,309 INFO [__main__] ========================================================================
2026-08-06T17:19:39+02:00 baselines done configuration=43/48 dataset=exchange_rate model=chronos2 lags=336 horizon=48 retrieval=instance_euclidean_1_online
2026-08-06 17:19:42,210 INFO [__main__] extraction validation directory=outputs/extractions/exchange_rate/336_48/chronos2/instance_euclidean_3_online/extracted status=complete

2026-08-06T17:19:42+02:00 baselines start configuration=44/48 dataset=exchange_rate model=chronos2 lags=336 horizon=48 retrieval=instance_euclidean_3_online family=baselines l2_grid=0,1e-6,1e-5,1e-4,1e-3,1e-2,1e-1,1,10 validation_fraction=0.2 fit_baselines_on_eval=false seed=1 max_t1_fit_samples=none max_t2_valid_samples=none max_adapt_refit_samples=none max_eval_fit_samples=none fit_sample_seed=1
2026-08-06 17:19:45,100 INFO [__main__] ========================================================================
2026-08-06 17:19:45,100 INFO [__main__] selected methods=('cov_forecast', 'avgy', 'y_mean', 'cov_ridge_shared', 'avgy_ridge_shared', 'y_ridge_shared', 'cov_y_ridge_shared', 'cov_avgy_ridge_shared', 'residual_ridge_shared', 'full_ridge_shared')
2026-08-06 17:19:47,719 INFO [__main__] baseline selection start l2_grid=(0.0, 1e-06, 1e-05, 0.0001, 0.001, 0.01, 0.1, 1.0, 10.0)
2026-08-06 17:19:48,173 INFO [__main__] baseline selection done
2026-08-06 17:19:48,348 INFO [__main__] experiment done seconds=3.24
2026-08-06 17:19:48,348 INFO [__main__] ========================================================================
2026-08-06T17:19:48+02:00 baselines done configuration=44/48 dataset=exchange_rate model=chronos2 lags=336 horizon=48 retrieval=instance_euclidean_3_online
2026-08-06 17:19:51,231 INFO [__main__] extraction validation directory=outputs/extractions/exchange_rate/504_168/chronos2/raw_euclidean_1_online/extracted status=complete

2026-08-06T17:19:51+02:00 baselines start configuration=45/48 dataset=exchange_rate model=chronos2 lags=504 horizon=168 retrieval=raw_euclidean_1_online family=baselines l2_grid=0,1e-6,1e-5,1e-4,1e-3,1e-2,1e-1,1,10 validation_fraction=0.2 fit_baselines_on_eval=false seed=1 max_t1_fit_samples=none max_t2_valid_samples=none max_adapt_refit_samples=none max_eval_fit_samples=none fit_sample_seed=1
2026-08-06 17:19:54,302 INFO [__main__] ========================================================================
2026-08-06 17:19:54,302 INFO [__main__] selected methods=('cov_forecast', 'avgy', 'y_mean', 'cov_ridge_shared', 'avgy_ridge_shared', 'y_ridge_shared', 'cov_y_ridge_shared', 'cov_avgy_ridge_shared', 'residual_ridge_shared', 'full_ridge_shared')
2026-08-06 17:19:57,297 INFO [__main__] baseline selection start l2_grid=(0.0, 1e-06, 1e-05, 0.0001, 0.001, 0.01, 0.1, 1.0, 10.0)
2026-08-06 17:19:57,687 INFO [__main__] baseline selection done
2026-08-06 17:19:57,780 INFO [__main__] experiment done seconds=3.47
2026-08-06 17:19:57,780 INFO [__main__] ========================================================================
2026-08-06T17:19:58+02:00 baselines done configuration=45/48 dataset=exchange_rate model=chronos2 lags=504 horizon=168 retrieval=raw_euclidean_1_online
2026-08-06 17:20:00,341 INFO [__main__] extraction validation directory=outputs/extractions/exchange_rate/504_168/chronos2/raw_euclidean_3_online/extracted status=complete

2026-08-06T17:20:00+02:00 baselines start configuration=46/48 dataset=exchange_rate model=chronos2 lags=504 horizon=168 retrieval=raw_euclidean_3_online family=baselines l2_grid=0,1e-6,1e-5,1e-4,1e-3,1e-2,1e-1,1,10 validation_fraction=0.2 fit_baselines_on_eval=false seed=1 max_t1_fit_samples=none max_t2_valid_samples=none max_adapt_refit_samples=none max_eval_fit_samples=none fit_sample_seed=1
2026-08-06 17:20:03,334 INFO [__main__] ========================================================================
2026-08-06 17:20:03,334 INFO [__main__] selected methods=('cov_forecast', 'avgy', 'y_mean', 'cov_ridge_shared', 'avgy_ridge_shared', 'y_ridge_shared', 'cov_y_ridge_shared', 'cov_avgy_ridge_shared', 'residual_ridge_shared', 'full_ridge_shared')
2026-08-06 17:20:06,065 INFO [__main__] baseline selection start l2_grid=(0.0, 1e-06, 1e-05, 0.0001, 0.001, 0.01, 0.1, 1.0, 10.0)
2026-08-06 17:20:06,547 INFO [__main__] baseline selection done
2026-08-06 17:20:06,626 INFO [__main__] experiment done seconds=3.29
2026-08-06 17:20:06,626 INFO [__main__] ========================================================================
2026-08-06T17:20:07+02:00 baselines done configuration=46/48 dataset=exchange_rate model=chronos2 lags=504 horizon=168 retrieval=raw_euclidean_3_online
2026-08-06 17:20:09,200 INFO [__main__] extraction validation directory=outputs/extractions/exchange_rate/504_168/chronos2/instance_euclidean_1_online/extracted status=complete

2026-08-06T17:20:09+02:00 baselines start configuration=47/48 dataset=exchange_rate model=chronos2 lags=504 horizon=168 retrieval=instance_euclidean_1_online family=baselines l2_grid=0,1e-6,1e-5,1e-4,1e-3,1e-2,1e-1,1,10 validation_fraction=0.2 fit_baselines_on_eval=false seed=1 max_t1_fit_samples=none max_t2_valid_samples=none max_adapt_refit_samples=none max_eval_fit_samples=none fit_sample_seed=1
2026-08-06 17:20:12,613 INFO [__main__] ========================================================================
2026-08-06 17:20:12,614 INFO [__main__] selected methods=('cov_forecast', 'avgy', 'y_mean', 'cov_ridge_shared', 'avgy_ridge_shared', 'y_ridge_shared', 'cov_y_ridge_shared', 'cov_avgy_ridge_shared', 'residual_ridge_shared', 'full_ridge_shared')
2026-08-06 17:20:14,960 INFO [__main__] baseline selection start l2_grid=(0.0, 1e-06, 1e-05, 0.0001, 0.001, 0.01, 0.1, 1.0, 10.0)
2026-08-06 17:20:15,329 INFO [__main__] baseline selection done
2026-08-06 17:20:15,408 INFO [__main__] experiment done seconds=2.79
2026-08-06 17:20:15,408 INFO [__main__] ========================================================================
2026-08-06T17:20:15+02:00 baselines done configuration=47/48 dataset=exchange_rate model=chronos2 lags=504 horizon=168 retrieval=instance_euclidean_1_online
2026-08-06 17:20:18,060 INFO [__main__] extraction validation directory=outputs/extractions/exchange_rate/504_168/chronos2/instance_euclidean_3_online/extracted status=complete

2026-08-06T17:20:18+02:00 baselines start configuration=48/48 dataset=exchange_rate model=chronos2 lags=504 horizon=168 retrieval=instance_euclidean_3_online family=baselines l2_grid=0,1e-6,1e-5,1e-4,1e-3,1e-2,1e-1,1,10 validation_fraction=0.2 fit_baselines_on_eval=false seed=1 max_t1_fit_samples=none max_t2_valid_samples=none max_adapt_refit_samples=none max_eval_fit_samples=none fit_sample_seed=1
2026-08-06 17:20:21,490 INFO [__main__] ========================================================================
2026-08-06 17:20:21,491 INFO [__main__] selected methods=('cov_forecast', 'avgy', 'y_mean', 'cov_ridge_shared', 'avgy_ridge_shared', 'y_ridge_shared', 'cov_y_ridge_shared', 'cov_avgy_ridge_shared', 'residual_ridge_shared', 'full_ridge_shared')
2026-08-06 17:20:23,779 INFO [__main__] baseline selection start l2_grid=(0.0, 1e-06, 1e-05, 0.0001, 0.001, 0.01, 0.1, 1.0, 10.0)
2026-08-06 17:20:24,278 INFO [__main__] baseline selection done
2026-08-06 17:20:24,358 INFO [__main__] experiment done seconds=2.86
2026-08-06 17:20:24,358 INFO [__main__] ========================================================================
2026-08-06T17:20:24+02:00 baselines done configuration=48/48 dataset=exchange_rate model=chronos2 lags=504 horizon=168 retrieval=instance_euclidean_3_online

2026-08-06T17:20:24+02:00 job done kind=baselines output=outputs/adaptation_results/screen

2026-08-06T17:20:24+02:00 job start kind=gates experiment_mode=screen skip_complete=true tasks=48 datasets=Electricity,Traffic,Solar,exchange_rate models=chronos2 settings=168:24,336:48,504:168 distance_spaces=raw,instance distance_metrics=euclidean neighbors=1,3 methods=cov_forecast,avgy,bayes_cov_shared,bayes_avgy_shared,catboost_cov_regressor_shared,catboost_avgy_regressor_shared,oracle_cov_shared,oracle_avgy_shared task_type=CPU thread_count=2 horizon_fits=serial allocated_cpus=16 results_root=outputs/adaptation_results/screen
2026-08-06 17:20:27,036 INFO [__main__] extraction validation directory=outputs/extractions/Electricity/168_24/chronos2/raw_euclidean_1_online/extracted status=complete
2026-08-06T17:20:27+02:00 skip complete family=gates dataset=Electricity model=chronos2 lags=168 horizon=24 retrieval=raw_euclidean_1_online
2026-08-06 17:20:30,398 INFO [__main__] extraction validation directory=outputs/extractions/Electricity/168_24/chronos2/raw_euclidean_3_online/extracted status=complete
2026-08-06T17:20:30+02:00 skip complete family=gates dataset=Electricity model=chronos2 lags=168 horizon=24 retrieval=raw_euclidean_3_online
2026-08-06 17:20:33,057 INFO [__main__] extraction validation directory=outputs/extractions/Electricity/168_24/chronos2/instance_euclidean_1_online/extracted status=complete
2026-08-06T17:20:33+02:00 skip complete family=gates dataset=Electricity model=chronos2 lags=168 horizon=24 retrieval=instance_euclidean_1_online
2026-08-06 17:20:35,815 INFO [__main__] extraction validation directory=outputs/extractions/Electricity/168_24/chronos2/instance_euclidean_3_online/extracted status=complete
2026-08-06T17:20:36+02:00 skip complete family=gates dataset=Electricity model=chronos2 lags=168 horizon=24 retrieval=instance_euclidean_3_online
2026-08-06 17:20:38,764 INFO [__main__] extraction validation directory=outputs/extractions/Electricity/336_48/chronos2/raw_euclidean_1_online/extracted status=complete
2026-08-06T17:20:39+02:00 skip complete family=gates dataset=Electricity model=chronos2 lags=336 horizon=48 retrieval=raw_euclidean_1_online
2026-08-06 17:20:41,532 INFO [__main__] extraction validation directory=outputs/extractions/Electricity/336_48/chronos2/raw_euclidean_3_online/extracted status=complete
2026-08-06T17:20:41+02:00 skip complete family=gates dataset=Electricity model=chronos2 lags=336 horizon=48 retrieval=raw_euclidean_3_online
2026-08-06 17:20:44,413 INFO [__main__] extraction validation directory=outputs/extractions/Electricity/336_48/chronos2/instance_euclidean_1_online/extracted status=complete
2026-08-06T17:20:44+02:00 skip complete family=gates dataset=Electricity model=chronos2 lags=336 horizon=48 retrieval=instance_euclidean_1_online
2026-08-06 17:20:47,157 INFO [__main__] extraction validation directory=outputs/extractions/Electricity/336_48/chronos2/instance_euclidean_3_online/extracted status=complete
2026-08-06T17:20:47+02:00 skip complete family=gates dataset=Electricity model=chronos2 lags=336 horizon=48 retrieval=instance_euclidean_3_online
2026-08-06 17:20:49,854 INFO [__main__] extraction validation directory=outputs/extractions/Electricity/504_168/chronos2/raw_euclidean_1_online/extracted status=complete
2026-08-06T17:20:50+02:00 skip complete family=gates dataset=Electricity model=chronos2 lags=504 horizon=168 retrieval=raw_euclidean_1_online
2026-08-06 17:20:52,841 INFO [__main__] extraction validation directory=outputs/extractions/Electricity/504_168/chronos2/raw_euclidean_3_online/extracted status=complete
2026-08-06T17:20:53+02:00 skip complete family=gates dataset=Electricity model=chronos2 lags=504 horizon=168 retrieval=raw_euclidean_3_online
2026-08-06 17:20:55,552 INFO [__main__] extraction validation directory=outputs/extractions/Electricity/504_168/chronos2/instance_euclidean_1_online/extracted status=complete
2026-08-06T17:20:55+02:00 skip complete family=gates dataset=Electricity model=chronos2 lags=504 horizon=168 retrieval=instance_euclidean_1_online
2026-08-06 17:20:58,119 INFO [__main__] extraction validation directory=outputs/extractions/Electricity/504_168/chronos2/instance_euclidean_3_online/extracted status=complete
2026-08-06T17:20:58+02:00 skip complete family=gates dataset=Electricity model=chronos2 lags=504 horizon=168 retrieval=instance_euclidean_3_online
2026-08-06 17:21:00,939 INFO [__main__] extraction validation directory=outputs/extractions/Traffic/168_24/chronos2/raw_euclidean_1_online/extracted status=complete
2026-08-06T17:21:01+02:00 skip complete family=gates dataset=Traffic model=chronos2 lags=168 horizon=24 retrieval=raw_euclidean_1_online
2026-08-06 17:21:03,633 INFO [__main__] extraction validation directory=outputs/extractions/Traffic/168_24/chronos2/raw_euclidean_3_online/extracted status=complete
2026-08-06T17:21:04+02:00 skip complete family=gates dataset=Traffic model=chronos2 lags=168 horizon=24 retrieval=raw_euclidean_3_online
2026-08-06 17:21:06,274 INFO [__main__] extraction validation directory=outputs/extractions/Traffic/168_24/chronos2/instance_euclidean_1_online/extracted status=complete
2026-08-06T17:21:06+02:00 skip complete family=gates dataset=Traffic model=chronos2 lags=168 horizon=24 retrieval=instance_euclidean_1_online
2026-08-06 17:21:09,220 INFO [__main__] extraction validation directory=outputs/extractions/Traffic/168_24/chronos2/instance_euclidean_3_online/extracted status=complete
2026-08-06T17:21:09+02:00 skip complete family=gates dataset=Traffic model=chronos2 lags=168 horizon=24 retrieval=instance_euclidean_3_online
2026-08-06 17:21:11,988 INFO [__main__] extraction validation directory=outputs/extractions/Traffic/336_48/chronos2/raw_euclidean_1_online/extracted status=complete
2026-08-06T17:21:12+02:00 skip complete family=gates dataset=Traffic model=chronos2 lags=336 horizon=48 retrieval=raw_euclidean_1_online
2026-08-06 17:21:14,661 INFO [__main__] extraction validation directory=outputs/extractions/Traffic/336_48/chronos2/raw_euclidean_3_online/extracted status=complete
2026-08-06T17:21:15+02:00 skip complete family=gates dataset=Traffic model=chronos2 lags=336 horizon=48 retrieval=raw_euclidean_3_online
2026-08-06 17:21:17,701 INFO [__main__] extraction validation directory=outputs/extractions/Traffic/336_48/chronos2/instance_euclidean_1_online/extracted status=complete
2026-08-06T17:21:18+02:00 skip complete family=gates dataset=Traffic model=chronos2 lags=336 horizon=48 retrieval=instance_euclidean_1_online
2026-08-06 17:21:20,353 INFO [__main__] extraction validation directory=outputs/extractions/Traffic/336_48/chronos2/instance_euclidean_3_online/extracted status=complete
2026-08-06T17:21:20+02:00 skip complete family=gates dataset=Traffic model=chronos2 lags=336 horizon=48 retrieval=instance_euclidean_3_online
2026-08-06 17:21:23,158 INFO [__main__] extraction validation directory=outputs/extractions/Traffic/504_168/chronos2/raw_euclidean_1_online/extracted status=complete
2026-08-06T17:21:23+02:00 skip complete family=gates dataset=Traffic model=chronos2 lags=504 horizon=168 retrieval=raw_euclidean_1_online
2026-08-06 17:21:26,369 INFO [__main__] extraction validation directory=outputs/extractions/Traffic/504_168/chronos2/raw_euclidean_3_online/extracted status=complete
2026-08-06T17:21:26+02:00 skip complete family=gates dataset=Traffic model=chronos2 lags=504 horizon=168 retrieval=raw_euclidean_3_online
2026-08-06 17:21:29,221 INFO [__main__] extraction validation directory=outputs/extractions/Traffic/504_168/chronos2/instance_euclidean_1_online/extracted status=complete
2026-08-06T17:21:29+02:00 skip complete family=gates dataset=Traffic model=chronos2 lags=504 horizon=168 retrieval=instance_euclidean_1_online
2026-08-06 17:21:32,578 INFO [__main__] extraction validation directory=outputs/extractions/Traffic/504_168/chronos2/instance_euclidean_3_online/extracted status=complete
2026-08-06T17:21:33+02:00 skip complete family=gates dataset=Traffic model=chronos2 lags=504 horizon=168 retrieval=instance_euclidean_3_online
2026-08-06 17:21:35,489 INFO [__main__] extraction validation directory=outputs/extractions/Solar/168_24/chronos2/raw_euclidean_1_online/extracted status=complete
2026-08-06T17:21:35+02:00 skip complete family=gates dataset=Solar model=chronos2 lags=168 horizon=24 retrieval=raw_euclidean_1_online
2026-08-06 17:21:38,185 INFO [__main__] extraction validation directory=outputs/extractions/Solar/168_24/chronos2/raw_euclidean_3_online/extracted status=complete
2026-08-06T17:21:38+02:00 skip complete family=gates dataset=Solar model=chronos2 lags=168 horizon=24 retrieval=raw_euclidean_3_online
2026-08-06 17:21:41,276 INFO [__main__] extraction validation directory=outputs/extractions/Solar/168_24/chronos2/instance_euclidean_1_online/extracted status=complete
2026-08-06T17:21:41+02:00 skip complete family=gates dataset=Solar model=chronos2 lags=168 horizon=24 retrieval=instance_euclidean_1_online
2026-08-06 17:21:43,861 INFO [__main__] extraction validation directory=outputs/extractions/Solar/168_24/chronos2/instance_euclidean_3_online/extracted status=complete
2026-08-06T17:21:44+02:00 skip complete family=gates dataset=Solar model=chronos2 lags=168 horizon=24 retrieval=instance_euclidean_3_online
2026-08-06 17:21:46,670 INFO [__main__] extraction validation directory=outputs/extractions/Solar/336_48/chronos2/raw_euclidean_1_online/extracted status=complete
2026-08-06T17:21:47+02:00 skip complete family=gates dataset=Solar model=chronos2 lags=336 horizon=48 retrieval=raw_euclidean_1_online
2026-08-06 17:21:50,139 INFO [__main__] extraction validation directory=outputs/extractions/Solar/336_48/chronos2/raw_euclidean_3_online/extracted status=complete
2026-08-06T17:21:50+02:00 skip complete family=gates dataset=Solar model=chronos2 lags=336 horizon=48 retrieval=raw_euclidean_3_online
2026-08-06 17:21:52,900 INFO [__main__] extraction validation directory=outputs/extractions/Solar/336_48/chronos2/instance_euclidean_1_online/extracted status=complete
2026-08-06T17:21:53+02:00 skip complete family=gates dataset=Solar model=chronos2 lags=336 horizon=48 retrieval=instance_euclidean_1_online
2026-08-06 17:21:55,876 INFO [__main__] extraction validation directory=outputs/extractions/Solar/336_48/chronos2/instance_euclidean_3_online/extracted status=complete
2026-08-06T17:21:56+02:00 skip complete family=gates dataset=Solar model=chronos2 lags=336 horizon=48 retrieval=instance_euclidean_3_online
2026-08-06 17:21:58,968 INFO [__main__] extraction validation directory=outputs/extractions/Solar/504_168/chronos2/raw_euclidean_1_online/extracted status=complete
2026-08-06T17:21:59+02:00 skip complete family=gates dataset=Solar model=chronos2 lags=504 horizon=168 retrieval=raw_euclidean_1_online
2026-08-06 17:22:01,647 INFO [__main__] extraction validation directory=outputs/extractions/Solar/504_168/chronos2/raw_euclidean_3_online/extracted status=complete
2026-08-06T17:22:02+02:00 skip complete family=gates dataset=Solar model=chronos2 lags=504 horizon=168 retrieval=raw_euclidean_3_online
2026-08-06 17:22:04,819 INFO [__main__] extraction validation directory=outputs/extractions/Solar/504_168/chronos2/instance_euclidean_1_online/extracted status=complete
2026-08-06T17:22:05+02:00 skip complete family=gates dataset=Solar model=chronos2 lags=504 horizon=168 retrieval=instance_euclidean_1_online
2026-08-06 17:22:07,731 INFO [__main__] extraction validation directory=outputs/extractions/Solar/504_168/chronos2/instance_euclidean_3_online/extracted status=complete
2026-08-06T17:22:08+02:00 skip complete family=gates dataset=Solar model=chronos2 lags=504 horizon=168 retrieval=instance_euclidean_3_online
2026-08-06 17:22:10,456 INFO [__main__] extraction validation directory=outputs/extractions/exchange_rate/168_24/chronos2/raw_euclidean_1_online/extracted status=complete
2026-08-06T17:22:10+02:00 skip complete family=gates dataset=exchange_rate model=chronos2 lags=168 horizon=24 retrieval=raw_euclidean_1_online
2026-08-06 17:22:13,423 INFO [__main__] extraction validation directory=outputs/extractions/exchange_rate/168_24/chronos2/raw_euclidean_3_online/extracted status=complete
2026-08-06T17:22:13+02:00 skip complete family=gates dataset=exchange_rate model=chronos2 lags=168 horizon=24 retrieval=raw_euclidean_3_online
2026-08-06 17:22:16,103 INFO [__main__] extraction validation directory=outputs/extractions/exchange_rate/168_24/chronos2/instance_euclidean_1_online/extracted status=complete
2026-08-06T17:22:16+02:00 skip complete family=gates dataset=exchange_rate model=chronos2 lags=168 horizon=24 retrieval=instance_euclidean_1_online
2026-08-06 17:22:18,774 INFO [__main__] extraction validation directory=outputs/extractions/exchange_rate/168_24/chronos2/instance_euclidean_3_online/extracted status=complete
2026-08-06T17:22:19+02:00 skip complete family=gates dataset=exchange_rate model=chronos2 lags=168 horizon=24 retrieval=instance_euclidean_3_online
2026-08-06 17:22:21,972 INFO [__main__] extraction validation directory=outputs/extractions/exchange_rate/336_48/chronos2/raw_euclidean_1_online/extracted status=complete
2026-08-06T17:22:22+02:00 skip complete family=gates dataset=exchange_rate model=chronos2 lags=336 horizon=48 retrieval=raw_euclidean_1_online
2026-08-06 17:22:24,851 INFO [__main__] extraction validation directory=outputs/extractions/exchange_rate/336_48/chronos2/raw_euclidean_3_online/extracted status=complete
2026-08-06T17:22:25+02:00 skip complete family=gates dataset=exchange_rate model=chronos2 lags=336 horizon=48 retrieval=raw_euclidean_3_online
2026-08-06 17:22:27,498 INFO [__main__] extraction validation directory=outputs/extractions/exchange_rate/336_48/chronos2/instance_euclidean_1_online/extracted status=complete
2026-08-06T17:22:28+02:00 skip complete family=gates dataset=exchange_rate model=chronos2 lags=336 horizon=48 retrieval=instance_euclidean_1_online
2026-08-06 17:22:30,772 INFO [__main__] extraction validation directory=outputs/extractions/exchange_rate/336_48/chronos2/instance_euclidean_3_online/extracted status=complete
2026-08-06T17:22:31+02:00 skip complete family=gates dataset=exchange_rate model=chronos2 lags=336 horizon=48 retrieval=instance_euclidean_3_online
2026-08-06 17:22:33,642 INFO [__main__] extraction validation directory=outputs/extractions/exchange_rate/504_168/chronos2/raw_euclidean_1_online/extracted status=complete
2026-08-06T17:22:34+02:00 skip complete family=gates dataset=exchange_rate model=chronos2 lags=504 horizon=168 retrieval=raw_euclidean_1_online
2026-08-06 17:22:36,544 INFO [__main__] extraction validation directory=outputs/extractions/exchange_rate/504_168/chronos2/raw_euclidean_3_online/extracted status=complete
2026-08-06T17:22:37+02:00 skip complete family=gates dataset=exchange_rate model=chronos2 lags=504 horizon=168 retrieval=raw_euclidean_3_online
2026-08-06 17:22:39,480 INFO [__main__] extraction validation directory=outputs/extractions/exchange_rate/504_168/chronos2/instance_euclidean_1_online/extracted status=complete
2026-08-06T17:22:39+02:00 skip complete family=gates dataset=exchange_rate model=chronos2 lags=504 horizon=168 retrieval=instance_euclidean_1_online
2026-08-06 17:22:42,133 INFO [__main__] extraction validation directory=outputs/extractions/exchange_rate/504_168/chronos2/instance_euclidean_3_online/extracted status=complete
2026-08-06T17:22:42+02:00 skip complete family=gates dataset=exchange_rate model=chronos2 lags=504 horizon=168 retrieval=instance_euclidean_3_online

2026-08-06T17:22:42+02:00 job done kind=gates output=outputs/adaptation_results/screen

2026-08-06T17:22:42+02:00 job start kind=adaptation_tables experiment_mode=screen datasets=Electricity,Traffic,Solar,exchange_rate models=chronos2 settings=168_24,336_48,504_168 families=baselines,gates metric=nmse distance_metrics=euclidean methods=cov_forecast,avgy,y_mean,cov_ridge_shared,avgy_ridge_shared,y_ridge_shared,cov_y_ridge_shared,cov_avgy_ridge_shared,residual_ridge_shared,full_ridge_shared,cov_forecast,avgy,bayes_cov_shared,bayes_avgy_shared,catboost_cov_regressor_shared,catboost_avgy_regressor_shared,oracle_cov_shared,oracle_avgy_shared table_kinds=full,average results_root=outputs/adaptation_results/screen

2026-08-06T17:22:42+02:00 table start model=chronos2 kind=full metric=nmse split=eval decimals=2 output=outputs/adaptation_results/screen/tables/chronos2/full
LaTeX table written to /home/h61084/codes/adapts/outputs/adaptation_results/screen/tables/chronos2/full/baselines_results.tex
LaTeX table written to /home/h61084/codes/adapts/outputs/adaptation_results/screen/tables/chronos2/full/gates_results.tex
2026-08-06T17:23:16+02:00 table done model=chronos2 kind=full output=outputs/adaptation_results/screen/tables/chronos2/full

2026-08-06T17:23:16+02:00 table start model=chronos2 kind=average metric=nmse split=eval decimals=2 output=outputs/adaptation_results/screen/tables/chronos2/average
LaTeX table written to /home/h61084/codes/adapts/outputs/adaptation_results/screen/tables/chronos2/average/baselines_results.tex
LaTeX table written to /home/h61084/codes/adapts/outputs/adaptation_results/screen/tables/chronos2/average/gates_results.tex
LaTeX table written to /home/h61084/codes/adapts/outputs/adaptation_results/screen/tables/chronos2/average/positive_windows_results.tex
2026-08-06T17:23:30+02:00 table done model=chronos2 kind=average output=outputs/adaptation_results/screen/tables/chronos2/average

2026-08-06T17:23:30+02:00 baseline coefficient plots start model=chronos2 output=outputs/adaptation_results/screen/tables/chronos2/coefficients
Baseline coefficient outputs written: 672
Coefficient index written to /home/h61084/codes/adapts/outputs/adaptation_results/screen/tables/chronos2/coefficients/coefficient_index.csv
2026-08-06T17:24:13+02:00 baseline coefficient plots done model=chronos2 output=outputs/adaptation_results/screen/tables/chronos2/coefficients

2026-08-06T17:24:13+02:00 job done kind=adaptation_tables output=outputs/adaptation_results/screen/tables
