split,baseline,mse,mae,nmse,relative_nmse_improvement_pct
eval,horizon_knn_mean,1072.6190185546875,17.975303649902344,0.4098398983478546,-63.79143142700195
