split,baseline,mse,mae,nmse,relative_nmse_improvement_pct
eval,residual_knn_weighted,2405751.2769169766,171.38229823292568,0.1822777485319945,-4.759070217665211
