split,baseline,mse,mae,nmse,relative_nmse_improvement_pct
eval,catboost_context_classifier_scalar,0.0005926026497036219,0.008968372829258442,0.21980668604373932,0.05361514165997505
