split,baseline,mse,mae,nmse,relative_nmse_improvement_pct
eval,full_ridge_horizon_eval_fit,565.343994140625,10.70589542388916,0.23905783891677856,25.59539031982422
