split,baseline,mse,mae,nmse,relative_nmse_improvement_pct
eval,context_forecast,0.0006074138218536973,0.009138567373156548,0.22642099857330322,-2.953921318054199
eval,bayes_context_scalar,0.0005921212141402066,0.008934592828154564,0.21992459893226624,0.0
eval,bayes_context_horizon,0.0005922878044657409,0.00894006248563528,0.22005021572113037,-0.057118117809295654
eval,catboost_context_classifier_scalar,0.0005986701580695808,0.009021981619298458,0.2210835963487625,-0.5269976258277893
eval,catboost_context_classifier_horizon,0.0005992731312289834,0.00897929072380066,0.22174295783042908,-0.8268101215362549
eval,catboost_context_regressor_scalar,0.0005952263600192964,0.00896984152495861,0.22008807957172394,-0.07433485984802246
eval,catboost_context_regressor_horizon,0.0005951041239313781,0.008997942321002483,0.22112247347831726,-0.5446751117706299
eval,oracle_context_scalar,0.0005443809204734862,0.008577707223594189,0.2053859531879425,6.610741138458252
eval,oracle_context_horizon,0.0005236778524704278,0.008028439246118069,0.1994369775056839,9.315747261047363
