{
  "adapted_nmse": 0.13138871265630794,
  "vanilla_nmse": 0.13501127994647064,
  "context_nmse": 0.15134463794348724,
  "residual_branch_nmse": 0.13609778781938453,
  "memory_branch_nmse": 0.15925099572124204,
  "adapted_mse": 2936375.77096327,
  "adapted_mae": 163.89570835859902
}