split,baseline,mse,mae,nmse,relative_nmse_improvement_pct
eval,horizon_ridge_shared_eval_fit,0.0007493769919776956,0.01071640802446307,0.2772030917948247,0.6310979194924272
