split,baseline,mse,mae,nmse,relative_nmse_improvement_pct
eval,horizon_ridge_shared,5372293.046002842,213.46822494527768,0.23110223794872256,-0.8597996019617692
