split,baseline,mse,mae,nmse,relative_nmse_improvement_pct
eval,residual_ridge_shared,692.4914973538847,12.203874444986237,0.27084278339165097,-8.241602356427418
