split,baseline,mse,mae,nmse,relative_nmse_improvement_pct
eval,residual_ridge_shared,3014559.4060419383,164.01722305832473,0.13589201492404485,-0.6523376005627963
