split,baseline,mse,mae,nmse,relative_nmse_improvement_pct
eval,residual_mix_scalar,0.000770798618784413,0.011180474976705948,0.28379510474383923,0.7718672860764852
