split,baseline,mse,mae,nmse,relative_nmse_improvement_pct
eval,residual_mix_scalar_eval_fit,0.0005909498259363076,0.008931783742885578,0.21968101781644395,0.11075664887187475
