split,baseline,mse,mae,nmse,relative_nmse_improvement_pct
eval,horizon_knn_mean,33937748.0,490.58331298828125,0.7146751284599304,-104.006103515625
