split,baseline,mse,mae,nmse,relative_nmse_improvement_pct
eval,residual_ridge_horizon_eval_fit,667.3596801757812,11.106162071228027,0.23679395020008087,11.337340354919434
