split,baseline,mse,mae,nmse,relative_nmse_improvement_pct
eval,residual_ridge_shared,744.8720395355923,11.955779415451843,0.26753211910207747,-0.17193921346205687
