split,baseline,mse,mae,nmse,relative_nmse_improvement_pct
eval,context_forecast,0.0008042409899644554,0.011044222861528397,0.294948935508728,-5.730248928070068
eval,bayes_context_scalar,0.0007617225055582821,0.010613109916448593,0.2789636254310608,0.0
eval,bayes_context_horizon,0.0007654844084754586,0.010647258721292019,0.28011420369148254,-0.41244742274284363
eval,catboost_context_classifier_scalar,0.0007767148781567812,0.010746131651103497,0.28169313073158264,-0.9784448742866516
eval,catboost_context_classifier_horizon,0.00076387106673792,0.01064300537109375,0.2801569104194641,-0.42775648832321167
eval,catboost_context_regressor_scalar,0.0007634444045834243,0.010638626292347908,0.2794925272464752,-0.1895952671766281
eval,catboost_context_regressor_horizon,0.0007688996847718954,0.01072161365300417,0.28185176849365234,-1.0353116989135742
eval,oracle_context_scalar,0.0007117908680811524,0.010350281372666359,0.2644045948982239,5.218970775604248
eval,oracle_context_horizon,0.0006579094333574176,0.009473777376115322,0.24879734218120575,10.813697814941406
