split,baseline,mse,mae,nmse,relative_nmse_improvement_pct
eval,residual_ridge_shared_eval_fit,9319178.053054608,266.41178658660476,0.3515956099083816,-0.36399572608201214
