split,baseline,mse,mae,nmse,relative_nmse_improvement_pct
eval,horizon_knn_mean,0.0009919526055455208,0.01546900812536478,0.3582702577114105,-28.42902183532715
