split,baseline,mse,mae,nmse,relative_nmse_improvement_pct
eval,horizon_ridge_shared_eval_fit,629.500771919154,11.506106237075553,0.22173521593700812,4.747673547733384
