split,baseline,mse,mae,nmse,relative_nmse_improvement_pct
eval,residual_mix_scalar_eval_fit,809.1872862107684,12.208206866033056,0.3188832944072791,0.7504340972245485
