split,baseline,mse,mae,nmse,relative_nmse_improvement_pct
eval,context_forecast,0.0008439569501206279,0.011729666963219643,0.3284066319465637,-1.69305419921875
