split,baseline,mse,mae,nmse,relative_nmse_improvement_pct
eval,horizon_mix_scalar,1942289.0439028332,159.40061241572292,0.1676917127620761,3.623848474958707
