split,baseline,mse,mae,nmse,relative_nmse_improvement_pct
eval,horizon_ridge_shared,1868762.8242715872,159.2947735562637,0.169472982739726,2.6001130592642805
