split,baseline,mse,mae,nmse,relative_nmse_improvement_pct
eval,residual_ridge_horizon,855.784912109375,13.592531204223633,0.34582093358039856,-38.2064208984375
