split,baseline,mse,mae,nmse,relative_nmse_improvement_pct
eval,horizon_ridge_shared,0.0008220379626255989,0.011547888555794297,0.3212965592412267,0.5086217961425342
