split,baseline,mse,mae,nmse,relative_nmse_improvement_pct
eval,catboost_context_classifier_scalar,0.0005929471226409078,0.00896213948726654,0.2196815460920334,0.11051644384860992
