split,baseline,mse,mae,nmse,relative_nmse_improvement_pct
eval,context_forecast,834.1113891601562,12.242552757263184,0.32510215044021606,-1.1851290464401245
