split,baseline,mse,mae,nmse,relative_nmse_improvement_pct
eval,horizon_knn_weighted,9692301.348204322,290.77272602227384,0.34039973081117664,-152.12687179520876
