split,baseline,mse,mae,nmse,relative_nmse_improvement_pct
eval,residual_ridge_shared_eval_fit,2908444.0208383035,163.97449456254805,0.13987519981494237,-3.6025982953369957
