{
  "adapted_nmse": 0.2605971092725322,
  "vanilla_nmse": 0.25022061758667885,
  "context_nmse": 0.2750714100190323,
  "residual_branch_nmse": 0.3120651001477764,
  "memory_branch_nmse": 0.33090285071491327,
  "adapted_mse": 675.5071624087591,
  "adapted_mae": 12.83391745908417
}