split,baseline,mse,mae,nmse,relative_nmse_improvement_pct
eval,horizon_ridge_shared_eval_fit,5265736.054642896,212.02454075506353,0.2254872635692588,1.5907400194179335
