{
  "adapted_nmse": 0.3470450745808413,
  "vanilla_nmse": 0.3503205064195314,
  "context_nmse": 0.3933672243293774,
  "residual_branch_nmse": 0.3690658316892736,
  "memory_branch_nmse": 0.35434668420127075,
  "adapted_mse": 9961529.267351381,
  "adapted_mae": 273.54845474514593
}