split,baseline,mse,mae,nmse,relative_nmse_improvement_pct
eval,horizon_ridge_shared_eval_fit,630.4990009752283,11.502027995770863,0.22169182960952005,4.766311311752937
