split,baseline,mse,mae,nmse,relative_nmse_improvement_pct
eval,residual_ridge_horizon_eval_fit,0.0005887556471861899,0.008934874087572098,0.21911942958831787,0.36611154675483704
