split,baseline,mse,mae,nmse,relative_nmse_improvement_pct
eval,horizon_knn_mean,19409110.0,381.709716796875,0.49031558632850647,-39.96201705932617
