split,baseline,mse,mae,nmse,relative_nmse_improvement_pct
eval,horizon_ridge_shared,0.000822406239471201,0.011550066636887792,0.32140702246994474,0.4744162046106455
