split,baseline,mse,mae,nmse,relative_nmse_improvement_pct
eval,residual_knn_weighted,1178.355217185392,15.719589388770821,0.4526182274560068,-69.47365318154048
