split,baseline,mse,mae,nmse,relative_nmse_improvement_pct
eval,residual_knn_weighted,0.0009214467739511969,0.012508895081642312,0.3355852573457107,-20.297137960964236
