split,baseline,mse,mae,nmse,relative_nmse_improvement_pct
eval,residual_ridge_shared,745.9217574038704,12.002226590261749,0.26907503890247386,-0.7496540275759566
