split,baseline,mse,mae,nmse,relative_nmse_improvement_pct
eval,residual_ridge_horizon_eval_fit,0.0007540954975411296,0.011161986738443375,0.28032252192497253,1.9860457181930542
