split,baseline,mse,mae,nmse,relative_nmse_improvement_pct
eval,horizon_mix_scalar,0.0008217980035053206,0.011517563026694067,0.3199235415013272,0.933784852863558
