split,baseline,mse,mae,nmse,relative_nmse_improvement_pct
eval,residual_ridge_horizon,813.2764282226562,12.741281509399414,0.282867968082428,-21.5135440826416
