split,baseline,mse,mae,nmse,relative_nmse_improvement_pct
eval,residual_ridge_horizon,0.000833609257824719,0.011507309041917324,0.3233654201030731,-0.132013201713562
