split,baseline,mse,mae,nmse,relative_nmse_improvement_pct
eval,residual_knn_weighted,0.0007971456094560942,0.011059618988199838,0.29389845310260126,-33.63600730863125
