split,baseline,mse,mae,nmse,relative_nmse_improvement_pct
eval,residual_knn_weighted,0.0012103456904606269,0.014156634672070017,0.45265847727032005,-58.270719634873885
