split,baseline,mse,mae,nmse,relative_nmse_improvement_pct
eval,horizon_knn_mean,1179.7235107421875,18.288124084472656,0.42500627040863037,-82.5728759765625
