split,baseline,mse,mae,nmse,relative_nmse_improvement_pct
eval,horizon_ridge_shared,5307131.145294305,211.71258995341432,0.22679999181910798,1.017826881982198
