split,baseline,mse,mae,nmse,relative_nmse_improvement_pct
eval,horizon_knn_mean,0.0014077917439863086,0.01794559322297573,0.5233234763145447,-87.59559631347656
