split,baseline,mse,mae,nmse,relative_nmse_improvement_pct
eval,full_ridge_horizon,1604.01611328125,18.080976486206055,0.5568150281906128,-108.4880142211914
