split,baseline,mse,mae,nmse,relative_nmse_improvement_pct
eval,horizon_ridge_shared,759.5842816641745,12.130315571111375,0.3005046929457545,6.47060899803551
