split,baseline,mse,mae,nmse,relative_nmse_improvement_pct
eval,full_ridge_horizon_eval_fit,0.0007146082352846861,0.011447970755398273,0.2717134952545166,4.996166706085205
