split,baseline,mse,mae,nmse,relative_nmse_improvement_pct
eval,horizon_mix_scalar,646.1113841757389,11.837017392045619,0.2504550994869162,-0.09371838274328084
