split,baseline,mse,mae,nmse,relative_nmse_improvement_pct
eval,residual_knn_weighted,1029.9495384444142,13.85039075527196,0.4098921332992135,-27.575250915937847
