split,baseline,mse,mae,nmse,relative_nmse_improvement_pct
eval,horizon_knn_mean,9833807.0,290.1208190917969,0.2941693961620331,-28.384159088134766
