split,baseline,mse,mae,nmse,relative_nmse_improvement_pct
eval,residual_ridge_horizon,0.0005907114245928824,0.008937298320233822,0.21962520480155945,0.13613489270210266
