split,baseline,mse,mae,nmse,relative_nmse_improvement_pct
eval,horizon_ridge_shared_eval_fit,9282378.165806519,267.23804060701383,0.34966700797551337,0.186529339342273
