split,baseline,mse,mae,nmse,relative_nmse_improvement_pct
eval,horizon_ridge_shared_eval_fit,620.0495961317137,11.84499811684103,0.21932942757556234,5.781144651595377
