split,baseline,mse,mae,nmse,relative_nmse_improvement_pct
eval,full_ridge_horizon,0.0005905262078158557,0.009110033512115479,0.2202632576227188,-0.1539885401725769
