split,baseline,mse,mae,nmse,relative_nmse_improvement_pct
eval,horizon_knn_weighted,4186073.090730705,207.87570929752061,0.21438650848246954,-23.212687652288935
