split,baseline,mse,mae,nmse,relative_nmse_improvement_pct
eval,full_ridge_horizon,0.0007569848094135523,0.011014018207788467,0.28037235140800476,-0.5049855709075928
