split,baseline,mse,mae,nmse,relative_nmse_improvement_pct
eval,oracle_context_horizon,0.0006579094333574176,0.009473777376115322,0.24879734218120575,10.813697814941406
