{
  "adapted_nmse": 0.21983260470767355,
  "vanilla_nmse": 0.21992459847021473,
  "context_nmse": 0.2223982354929281,
  "residual_branch_nmse": 0.22065621392671453,
  "memory_branch_nmse": 0.22069306613862977,
  "adapted_mse": 0.0005912907284417356,
  "adapted_mae": 0.009071961464961989
}