split,baseline,mse,mae,nmse,relative_nmse_improvement_pct
eval,catboost_context_regressor_horizon,0.000594652141444385,0.009033125825226307,0.22071923315525055,-0.36132121086120605
