split,baseline,mse,mae,nmse,relative_nmse_improvement_pct
eval,horizon_knn_weighted,0.001257470961546687,0.016026317911181306,0.46549776879036897,-62.75994056084487
