split,baseline,mse,mae,nmse,relative_nmse_improvement_pct
eval,horizon_mix_scalar,729.818100840116,11.8954608946276,0.2614845647394032,2.0924440315896287
