split,baseline,mse,mae,nmse,relative_nmse_improvement_pct
eval,horizon_mix_scalar_eval_fit,0.0007468451916314669,0.010772387345087587,0.2752701720486967,1.3239910316826762
