split,baseline,mse,mae,nmse,relative_nmse_improvement_pct
eval,residual_mix_scalar,0.0008318271062834326,0.011474666595577776,0.3226637325105438,0.08526851427402186
