split,baseline,mse,mae,nmse,relative_nmse_improvement_pct
eval,horizon_ridge_shared,0.000742671288935926,0.010809352948582589,0.27463425109964645,1.5519494072836528
