split,baseline,mse,mae,nmse,relative_nmse_improvement_pct
eval,horizon_ridge_shared_eval_fit,0.0008147797505504229,0.011651883899466347,0.3183762882550347,1.4129009637474392
