split,baseline,mse,mae,nmse,relative_nmse_improvement_pct
eval,bayes_context_scalar,0.0008228012011386454,0.011580812744796276,0.308019757270813,-7.698212623596191
