split,baseline,mse,mae,nmse,relative_nmse_improvement_pct
eval,horizon_mix_scalar_eval_fit,0.0007440805585521569,0.010804533153831015,0.2753373905499117,1.2998952374331116
