split,baseline,mse,mae,nmse,relative_nmse_improvement_pct
eval,residual_mix_scalar,0.0005909672332202244,0.008929303189166276,0.21966499191936714,0.11804364503083573
