split,baseline,mse,mae,nmse,relative_nmse_improvement_pct
eval,horizon_knn_weighted,0.0012296223329530166,0.01691139225418921,0.45319313768961605,-62.455996544112864
