split,baseline,mse,mae,nmse,relative_nmse_improvement_pct
eval,horizon_mix_scalar_eval_fit,635.8967631467675,11.800586007146263,0.2463024778388551,1.5658658806341343
