split,baseline,mse,mae,nmse,relative_nmse_improvement_pct
eval,oracle_context_horizon,0.0005167520139366388,0.007956765592098236,0.19650976359844208,10.646756172180176
