split,baseline,mse,mae,nmse,relative_nmse_improvement_pct
eval,horizon_knn_weighted,1384.1965915005583,19.884362304731408,0.5375020214068578,-114.81126186318207
