split,baseline,mse,mae,nmse,relative_nmse_improvement_pct
eval,horizon_knn_mean,1165.338623046875,18.084083557128906,0.41353192925453186,-77.64376831054688
