split,baseline,mse,mae,nmse,relative_nmse_improvement_pct
eval,horizon_ridge_shared,2976507.4541605106,162.80770123888897,0.134190491601864,0.6079446901597514
