split,baseline,mse,mae,nmse,relative_nmse_improvement_pct
eval,residual_mix_scalar_eval_fit,0.0007569574767458955,0.010613893789096407,0.2778795859949131,0.3885952637992241
