split,baseline,mse,mae,nmse,relative_nmse_improvement_pct
eval,horizon_knn_mean,0.0014074931386858225,0.01817975379526615,0.5455509424209595,-68.93307495117188
