{
  "adapted_nmse": 0.22959429212445207,
  "vanilla_nmse": 0.22913217442667383,
  "context_nmse": 0.2511526189977967,
  "residual_branch_nmse": 0.23573142459929158,
  "memory_branch_nmse": 0.2307022276766959,
  "adapted_mse": 5669848.649572648,
  "adapted_mae": 215.21405677655687
}