split,baseline,mse,mae,nmse,relative_nmse_improvement_pct
eval,horizon_ridge_shared,0.0007405881112499014,0.010785374723669782,0.2745535391246491,1.580882202687589
