split,baseline,mse,mae,nmse,relative_nmse_improvement_pct
eval,horizon_mix_scalar_eval_fit,1869182.3803560266,159.84407342428693,0.1712582007437165,1.574108625151714
