split,baseline,mse,mae,nmse,relative_nmse_improvement_pct
eval,horizon_ridge_shared_eval_fit,2886686.5133210127,163.1654904408163,0.13204054259079676,2.2003663921036725
