split,baseline,mse,mae,nmse,relative_nmse_improvement_pct
eval,residual_ridge_shared,802.4191421611162,12.118000863821477,0.3160804479875549,1.6227949117565192
