split,baseline,mse,mae,nmse,relative_nmse_improvement_pct
eval,oracle_context_horizon,0.0006519895396195352,0.009815015830099583,0.2460784912109375,13.959370613098145
