split,baseline,mse,mae,nmse,relative_nmse_improvement_pct
eval,horizon_ridge_shared,1951142.343612413,162.4479155541488,0.1649493593178176,-1.1288056359060112
