split,baseline,mse,mae,nmse,relative_nmse_improvement_pct
eval,horizon_ridge_shared,1944917.8441905216,162.032206063851,0.16469701305776202,-1.1300580952286348
