split,baseline,mse,mae,nmse,relative_nmse_improvement_pct
eval,horizon_ridge_shared,1951142.083400216,162.4495904906808,0.16495059204024243,-1.1295614057193615
