split,baseline,mse,mae,nmse,relative_nmse_improvement_pct
eval,horizon_ridge_shared,1906470.3144263152,159.66438890893457,0.16976985355497326,2.429494808652058
