split,baseline,mse,mae,nmse,relative_nmse_improvement_pct
eval,horizon_knn_mean,1366.75634765625,17.73204803466797,0.5257336497306824,-63.629886627197266
