split,baseline,mse,mae,nmse,relative_nmse_improvement_pct
eval,residual_ridge_shared,664.9552229263473,11.168927551711134,0.23254161482076818,0.10549422633167006
