split,baseline,mse,mae,nmse,relative_nmse_improvement_pct
eval,context_forecast,667.5755004882812,11.00905990600586,0.2341955155134201,-0.6049833297729492
