{
  "adapted_nmse": 0.2673746621038309,
  "vanilla_nmse": 0.267072929759772,
  "context_nmse": 0.2827894051482981,
  "residual_branch_nmse": 0.26973457367364123,
  "memory_branch_nmse": 0.2632132388669499,
  "adapted_mse": 744.4532306028657,
  "adapted_mae": 11.958808244506237
}