split,baseline,mse,mae,nmse,relative_nmse_improvement_pct
eval,horizon_ridge_shared,636.5245923699846,11.23602087151306,0.22305925486068626,4.1788970127984655
