split,baseline,mse,mae,nmse,relative_nmse_improvement_pct
eval,catboost_context_classifier_scalar,0.0007645172881893814,0.011080579832196236,0.2838019132614136,0.7694867253303528
