split,baseline,mse,mae,nmse,relative_nmse_improvement_pct
eval,context_forecast,772.6534423828125,12.067144393920898,0.2792542278766632,-4.5610432624816895
