split,baseline,mse,mae,nmse,relative_nmse_improvement_pct
eval,residual_ridge_horizon_eval_fit,579.2333374023438,11.011785507202148,0.22455449402332306,10.257390022277832
