split,baseline,mse,mae,nmse,relative_nmse_improvement_pct
eval,horizon_ridge_shared_eval_fit,9098670.02968291,264.8026243666932,0.34635527210273537,1.1318740353924157
