split,baseline,mse,mae,nmse,relative_nmse_improvement_pct
eval,horizon_knn_weighted,0.0012542876997475724,0.017393166561609528,0.48473747914093784,-50.101824870732436
