split,baseline,mse,mae,nmse,relative_nmse_improvement_pct
eval,residual_ridge_horizon,844.5252685546875,12.67687702178955,0.34048569202423096,-5.973118305206299
