{
  "adapted_nmse": 0.2813526127528855,
  "vanilla_nmse": 0.2789636296618455,
  "context_nmse": 0.29538743777993476,
  "residual_branch_nmse": 0.28774766912354255,
  "memory_branch_nmse": 0.2791247351466103,
  "adapted_mse": 0.0007679623513775283,
  "adapted_mae": 0.01103205468934848
}