split,baseline,mse,mae,nmse,relative_nmse_improvement_pct
eval,horizon_knn_weighted,29771423.83893665,449.8709871123973,0.553480202771395,-57.99254353572364
