split,baseline,mse,mae,nmse,relative_nmse_improvement_pct
eval,residual_mix_scalar,0.0005910431902666511,0.008928058816994534,0.21964284949651672,0.1281118333817185
