split,baseline,mse,mae,nmse,relative_nmse_improvement_pct
eval,horizon_ridge_shared,2983235.969140697,162.92728400506903,0.13428370143096935,0.5389061436929383
