split,baseline,mse,mae,nmse,relative_nmse_improvement_pct
eval,horizon_ridge_shared_eval_fit,628.4531836907242,11.546708719583854,0.2209339133230904,5.0918946397480545
