split,baseline,mse,mae,nmse,relative_nmse_improvement_pct
eval,residual_mix_scalar_eval_fit,0.0008304957821875163,0.011471458405256757,0.32210018357285686,0.2597747730033572
