split,baseline,mse,mae,nmse,relative_nmse_improvement_pct
eval,residual_ridge_horizon,878.8867797851562,12.593303680419922,0.3464447259902954,-7.827814102172852
