split,baseline,mse,mae,nmse,relative_nmse_improvement_pct
eval,full_ridge_horizon,0.0008344933739863336,0.011941706761717796,0.3275291919708252,-1.4213497638702393
