split,baseline,mse,mae,nmse,relative_nmse_improvement_pct
eval,horizon_knn_weighted,0.001072552364755167,0.015943860166847935,0.3947332939688783,-41.499915395395234
