split,baseline,mse,mae,nmse,relative_nmse_improvement_pct
eval,catboost_context_regressor_scalar,0.0005947087192907929,0.00897517241537571,0.22019317746162415,-0.12212300300598145
