split,baseline,mse,mae,nmse,relative_nmse_improvement_pct
eval,residual_mix_scalar_eval_fit,0.0005910208097374715,0.008930461569594445,0.21965120240758118,0.12431375390128908
