split,baseline,mse,mae,nmse,relative_nmse_improvement_pct
eval,horizon_ridge_shared_eval_fit,1730010.603233205,161.28516893213165,0.18125421199657238,-4.170821039429336
