split,baseline,mse,mae,nmse,relative_nmse_improvement_pct
eval,residual_knn_weighted,1280.7482863403666,16.10099953769029,0.47473917984972464,-77.75639211384008
