split,baseline,mse,mae,nmse,relative_nmse_improvement_pct
eval,residual_ridge_horizon,0.000759757705964148,0.01060924120247364,0.27844059467315674,0.18749067187309265
