split,baseline,mse,mae,nmse,relative_nmse_improvement_pct
eval,residual_mix_scalar,0.0008321084407193997,0.011476925148188379,0.32277387397763735,0.051162558130546015
