split,baseline,mse,mae,nmse,relative_nmse_improvement_pct
eval,full_ridge_horizon,1761.9180908203125,18.940536499023438,0.6024712920188904,-158.80775451660156
