split,baseline,mse,mae,nmse,relative_nmse_improvement_pct
eval,full_ridge_horizon,1753.9033203125,18.815160751342773,0.5995873212814331,-157.56886291503906
