split,baseline,mse,mae,nmse,relative_nmse_improvement_pct
eval,context_forecast,0.000826347793918103,0.011557845398783684,0.3101271390914917,-8.435051918029785
eval,bayes_context_scalar,0.000778419547714293,0.011205503717064857,0.28600266575813293,0.0
eval,bayes_context_horizon,0.0007930165156722069,0.011303333565592766,0.29271262884140015,-2.3461191654205322
eval,catboost_context_classifier_scalar,0.0007645172881893814,0.011080579832196236,0.2838019132614136,0.7694867253303528
eval,catboost_context_classifier_horizon,0.0007651030318811536,0.0110795171931386,0.28479480743408203,0.42232415080070496
eval,catboost_context_regressor_scalar,0.0007801713072694838,0.011226233094930649,0.2895093858242035,-1.2261145114898682
eval,catboost_context_regressor_horizon,0.0007920030620880425,0.01132070180028677,0.2946324050426483,-3.0173633098602295
eval,oracle_context_scalar,0.0006871866062283516,0.010534795001149178,0.2579503357410431,9.808415412902832
eval,oracle_context_horizon,0.0006554428837262094,0.009841897524893284,0.24845263361930847,13.12925910949707
