split,baseline,mse,mae,nmse,relative_nmse_improvement_pct
eval,residual_ridge_horizon,0.0005909975152462721,0.008929677307605743,0.21962247788906097,0.13737483322620392
