split,baseline,mse,mae,nmse,relative_nmse_improvement_pct
eval,residual_mix_scalar,0.0007600134516842828,0.010613847843460799,0.2785310967677491,0.155048409140553
