split,baseline,mse,mae,nmse,relative_nmse_improvement_pct
eval,horizon_ridge_shared_eval_fit,0.0005754895151669856,0.009215396411123317,0.21496812553782435,2.2537148725088323
