split,baseline,mse,mae,nmse,relative_nmse_improvement_pct
eval,horizon_mix_scalar_eval_fit,642.8069474606193,11.691504983231205,0.24898935412420747,0.4920628764777647
