split,baseline,mse,mae,nmse,relative_nmse_improvement_pct
eval,horizon_mix_scalar_eval_fit,2909744.8296663645,162.69454872525648,0.1311505986479683,2.8595290237653836
