split,baseline,mse,mae,nmse,relative_nmse_improvement_pct
eval,horizon_knn_mean,1006.614990234375,16.051881790161133,0.396501749753952,-23.40761375427246
