{
  "adapted_nmse": 0.2305672396282185,
  "vanilla_nmse": 0.22913217442667383,
  "context_nmse": 0.24188800228287352,
  "residual_branch_nmse": 0.2585708823299136,
  "memory_branch_nmse": 0.2685480640824364,
  "adapted_mse": 6072293.594898931,
  "adapted_mae": 218.7262893115758
}