split,baseline,mse,mae,nmse,relative_nmse_improvement_pct
eval,horizon_ridge_shared,0.0007443840265990783,0.01073955837283089,0.2755641430420275,1.2186113453968628
