split,baseline,mse,mae,nmse,relative_nmse_improvement_pct
eval,residual_knn_weighted,12402071.281063536,300.2537115637759,0.3731569711972996,-62.85665456595679
