split,baseline,mse,mae,nmse,relative_nmse_improvement_pct
eval,catboost_context_regressor_scalar,0.0007789208320900798,0.011268646456301212,0.29082560539245605,-1.6863268613815308
