split,baseline,mse,mae,nmse,relative_nmse_improvement_pct
eval,residual_knn_weighted,0.0009295174804576864,0.012509053668161692,0.3376240671142833,-21.027989435030847
