split,baseline,mse,mae,nmse,relative_nmse_improvement_pct
eval,residual_ridge_shared_eval_fit,1812369.9295929612,159.35347825719077,0.1728432641131463,0.6631375046783978
