{
  "adapted_nmse": 0.2192881020002587,
  "vanilla_nmse": 0.21992459847021473,
  "context_nmse": 0.22372055307839267,
  "residual_branch_nmse": 0.22066528935765112,
  "memory_branch_nmse": 0.2207759253276411,
  "adapted_mse": 0.0005894482536457999,
  "adapted_mae": 0.009033768175492297
}