split,baseline,mse,mae,nmse,relative_nmse_improvement_pct
eval,horizon_ridge_shared,1902323.4086592665,159.71838308682607,0.17011821307495376,2.2292848559368292
