split,baseline,mse,mae,nmse,relative_nmse_improvement_pct
eval,horizon_ridge_shared_eval_fit,694.4669267309898,12.696413459914652,0.28096741663680136,12.55141105507144
