split,baseline,mse,mae,nmse,relative_nmse_improvement_pct
eval,residual_ridge_shared,9567606.398628647,269.36972844018885,0.35420834097262394,-1.1098074540309113
