split,baseline,mse,mae,nmse,relative_nmse_improvement_pct
eval,bayes_context_horizon,0.0005919538089074194,0.008944695815443993,0.2200983613729477,-0.079010009765625
