split,baseline,mse,mae,nmse,relative_nmse_improvement_pct
eval,horizon_ridge_shared,2998969.048815729,163.60598681350893,0.1341123438060356,0.6658271075545985
