split,baseline,mse,mae,nmse,relative_nmse_improvement_pct
eval,bayes_context_horizon,0.0007671448402106762,0.01066299807280302,0.2807898223400116,-0.6546362042427063
