split,baseline,mse,mae,nmse,relative_nmse_improvement_pct
eval,full_ridge_horizon_eval_fit,292.2053527832031,8.655014991760254,0.10821583867073059,53.51297378540039
