split,baseline,mse,mae,nmse,relative_nmse_improvement_pct
eval,full_ridge_horizon_eval_fit,288.5785217285156,8.541687965393066,0.10745985060930252,53.83773422241211
