split,baseline,mse,mae,nmse,relative_nmse_improvement_pct
eval,residual_ridge_shared,0.0007655205149327168,0.0111473339061065,0.282165545993681,1.341637762109856
