split,baseline,mse,mae,nmse,relative_nmse_improvement_pct
eval,vanilla,0.0008325478993356228,0.011481310240924358,0.32293909788131714,0.0
