split,baseline,mse,mae,nmse,relative_nmse_improvement_pct
eval,horizon_ridge_shared,5388051.2422479745,213.44368203257497,0.2308026605164267,-0.7290552177670343
