split,baseline,mse,mae,nmse,relative_nmse_improvement_pct
eval,residual_knn_weighted,1096.1127742386075,14.529266940070277,0.4331162863091538,-34.803560285296875
