split,baseline,mse,mae,nmse,relative_nmse_improvement_pct
eval,horizon_ridge_shared_eval_fit,1857121.5385256526,161.40165000602755,0.17800846524619646,-2.3054182984485454
