split,baseline,mse,mae,nmse,relative_nmse_improvement_pct
eval,bayes_context_horizon,0.0007654844084754586,0.010647258721292019,0.28011420369148254,-0.41244742274284363
