split,baseline,mse,mae,nmse,relative_nmse_improvement_pct
eval,residual_ridge_shared,672.3325312627529,11.988118077909942,0.2624367062439296,-4.8821358474550625
