split,baseline,mse,mae,nmse,relative_nmse_improvement_pct
eval,full_ridge_horizon,1611.8433837890625,18.22699737548828,0.5595375299453735,-109.50740814208984
