split,baseline,mse,mae,nmse,relative_nmse_improvement_pct
eval,residual_mix_scalar_eval_fit,0.000831082049819275,0.011480074021072074,0.3223783168527723,0.17364915930710104
