split,baseline,mse,mae,nmse,relative_nmse_improvement_pct
eval,context_forecast,2923738.75,164.5083465576172,0.13812993466854095,-2.309917449951172
