split,baseline,mse,mae,nmse,relative_nmse_improvement_pct
eval,horizon_mix_scalar,800.2703866371749,12.17458308549631,0.31421735987581345,2.2026643799036747
