split,baseline,mse,mae,nmse,relative_nmse_improvement_pct
eval,full_ridge_horizon,1923361.25,161.18052673339844,0.17641997337341309,-1.3924767971038818
