split,baseline,mse,mae,nmse,relative_nmse_improvement_pct
eval,residual_mix_scalar_eval_fit,1869678.2397453822,160.25177851298224,0.17214351369322917,1.0652996114923963
