split,baseline,mse,mae,nmse,relative_nmse_improvement_pct
eval,context_forecast,685.8887329101562,12.321311950683594,0.26295459270477295,-5.089107990264893
