split,baseline,mse,mae,nmse,relative_nmse_improvement_pct
eval,horizon_ridge_shared_eval_fit,1909154.8577583781,165.4371462915036,0.17515236204911286,-7.384164761779994
