split,baseline,mse,mae,nmse,relative_nmse_improvement_pct
eval,horizon_ridge_shared_eval_fit,1909155.1751803511,165.43625869751705,0.1751506204125766,-7.383096981805017
