split,baseline,mse,mae,nmse,relative_nmse_improvement_pct
eval,horizon_ridge_shared_eval_fit,1840443.0430243325,162.30063234630205,0.18163930144884685,-4.392140499954836
