split,baseline,mse,mae,nmse,relative_nmse_improvement_pct
eval,horizon_ridge_shared_eval_fit,1903064.968790114,165.01667813260528,0.17487082861191697,-7.377157170917307
