split,baseline,mse,mae,nmse,relative_nmse_improvement_pct
eval,context_forecast,0.0008077910169959068,0.011055354960262775,0.2953874170780182,-5.8874311447143555
