split,baseline,mse,mae,nmse,relative_nmse_improvement_pct
eval,residual_ridge_shared,0.0008320548690595164,0.011476493557195318,0.3227447025287821,0.06019566965114177
