split,baseline,mse,mae,nmse,relative_nmse_improvement_pct
eval,horizon_knn_weighted,11556942.335984198,303.65561281458804,0.31843251647016274,-38.97329633413243
