split,baseline,mse,mae,nmse,relative_nmse_improvement_pct
eval,horizon_ridge_shared,0.0007494252674882097,0.010699234634582217,0.2770651986487809,0.6805284306677707
