split,baseline,mse,mae,nmse,relative_nmse_improvement_pct
eval,context_forecast,668.4618530273438,12.048151969909668,0.25850269198417664,-3.309917449951172
