split,baseline,mse,mae,nmse,relative_nmse_improvement_pct
eval,horizon_mix_scalar,0.0005825221928341585,0.008997521928436681,0.21785490712976993,0.9410915434401864
