split,baseline,mse,mae,nmse,relative_nmse_improvement_pct
eval,residual_mix_scalar,0.0007584992430503066,0.01060062310269279,0.27808383051069674,0.31537979871195515
