split,baseline,mse,mae,nmse,relative_nmse_improvement_pct
eval,oracle_context_scalar,0.0007217287202365696,0.010381754487752914,0.2671576738357544,4.2320756912231445
