split,baseline,mse,mae,nmse,relative_nmse_improvement_pct
eval,catboost_context_classifier_scalar,0.0007654044311493635,0.011089547537267208,0.2842693030834198,0.6060652136802673
