split,baseline,mse,mae,nmse,relative_nmse_improvement_pct
eval,catboost_context_classifier_horizon,0.00076387106673792,0.01064300537109375,0.2801569104194641,-0.42775648832321167
