split,baseline,mse,mae,nmse,relative_nmse_improvement_pct
eval,horizon_mix_scalar_eval_fit,653.0917455268576,11.1611459097285,0.22821046509981005,1.9660560923888317
