split,baseline,mse,mae,nmse,relative_nmse_improvement_pct
eval,context_forecast,3559076.0,177.73590087890625,0.15134462714195251,-12.097760200500488
