split,baseline,mse,mae,nmse,relative_nmse_improvement_pct
eval,catboost_context_regressor_scalar,0.0007630001637153327,0.010648868978023529,0.27946367859840393,-0.17925389111042023
