split,baseline,mse,mae,nmse,relative_nmse_improvement_pct
eval,horizon_knn_mean,0.0014349926495924592,0.018385211005806923,0.5595676898956299,-73.2734375
