{
  "adapted_nmse": 0.2548078084514089,
  "vanilla_nmse": 0.25022061758667885,
  "context_nmse": 0.2702763341639164,
  "residual_branch_nmse": 0.2885678054642503,
  "memory_branch_nmse": 0.30556862615320807,
  "adapted_mse": 660.6206774635036,
  "adapted_mae": 12.45847557049308
}