split,baseline,mse,mae,nmse,relative_nmse_improvement_pct
eval,horizon_ridge_shared_eval_fit,1774975.0718318245,162.52431771846213,0.18335511717577863,-5.378257904113302
