split,baseline,mse,mae,nmse,relative_nmse_improvement_pct
eval,catboost_context_regressor_scalar,0.0007785189663991332,0.0111846923828125,0.28746476769447327,-0.5112196803092957
