split,baseline,mse,mae,nmse,relative_nmse_improvement_pct
eval,horizon_mix_scalar,0.0008159052304109517,0.01152849412078214,0.31783032036695147,1.581963146575454
