split,baseline,mse,mae,nmse,relative_nmse_improvement_pct
eval,catboost_context_regressor_scalar,0.0005952263600192964,0.00896984152495861,0.22008807957172394,-0.07433485984802246
