split,baseline,mse,mae,nmse,relative_nmse_improvement_pct
eval,residual_ridge_horizon_eval_fit,0.0007694981177337468,0.011183828115463257,0.2832197844982147,0.9730263352394104
