split,baseline,mse,mae,nmse,relative_nmse_improvement_pct
eval,catboost_context_classifier_scalar,0.0007767148781567812,0.010746131651103497,0.28169313073158264,-0.9784448742866516
