split,baseline,mse,mae,nmse,relative_nmse_improvement_pct
eval,horizon_mix_scalar_eval_fit,797.7634657425796,12.26892758508486,0.3130004444734228,2.581418386607506
