split,baseline,mse,mae,nmse,relative_nmse_improvement_pct
eval,horizon_ridge_shared_eval_fit,700.7574329416027,12.312765845637509,0.2548015270266541,4.594771041033099
