split,baseline,mse,mae,nmse,relative_nmse_improvement_pct
eval,catboost_context_classifier_horizon,0.0007695631356909871,0.010693150572478771,0.2817811667919159,-1.0100030899047852
