split,baseline,mse,mae,nmse,relative_nmse_improvement_pct
eval,horizon_ridge_shared_eval_fit,695.4173289839898,12.687314588557513,0.28071744915509483,12.629211192251086
