split,baseline,mse,mae,nmse,relative_nmse_improvement_pct
eval,residual_mix_scalar,0.0007678908990885976,0.011164084398180356,0.2829828373225389,1.0558742267625643
