split,baseline,mse,mae,nmse,relative_nmse_improvement_pct
eval,full_ridge_horizon_eval_fit,0.0007707456825301051,0.011932117864489555,0.3085940480232239,4.4420294761657715
