split,baseline,mse,mae,nmse,relative_nmse_improvement_pct
eval,horizon_mix_scalar,2978688.3860097583,162.8146931912233,0.13430642763027492,0.5220733291514752
