split,baseline,mse,mae,nmse,relative_nmse_improvement_pct
eval,context_forecast,0.0008004620322026312,0.011044050566852093,0.29303473234176636,-5.044064998626709
eval,bayes_context_scalar,0.0007617225055582821,0.010613109916448593,0.2789636254310608,0.0
eval,bayes_context_horizon,0.0007777180289849639,0.010739182122051716,0.2840261161327362,-1.8147493600845337
eval,catboost_context_classifier_scalar,0.0007823563646525145,0.010822000913321972,0.2833590507507324,-1.5756267309188843
eval,catboost_context_classifier_horizon,0.0007695631356909871,0.010693150572478771,0.2817811667919159,-1.0100030899047852
eval,catboost_context_regressor_scalar,0.0007718362612649798,0.010733896866440773,0.28226572275161743,-1.183701753616333
eval,catboost_context_regressor_horizon,0.0007717787520959973,0.010760548524558544,0.28249457478523254,-1.2657382488250732
eval,oracle_context_scalar,0.0007090533617883921,0.01034263614565134,0.26327937841415405,5.622326850891113
eval,oracle_context_horizon,0.0006535116117447615,0.009415898472070694,0.24695025384426117,11.475822448730469
