split,baseline,mse,mae,nmse,relative_nmse_improvement_pct
eval,residual_ridge_shared_eval_fit,0.0007648595659725923,0.01116577006164933,0.2822172423096048,1.3235622956498507
