split,baseline,mse,mae,nmse,relative_nmse_improvement_pct
eval,residual_ridge_shared,793.8681788581005,12.160332215575963,0.31430374994919136,2.175776244239487
