{
  "adapted_nmse": 0.2290853081945001,
  "vanilla_nmse": 0.22913217442667383,
  "context_nmse": 0.2422014272790349,
  "residual_branch_nmse": 0.2356844398370835,
  "memory_branch_nmse": 0.22792313513253148,
  "adapted_mse": 5809717.598697599,
  "adapted_mae": 216.0018378612129
}