{
  "adapted_nmse": 0.23561470932043962,
  "vanilla_nmse": 0.23278720883557397,
  "context_nmse": 0.23419552359847837,
  "residual_branch_nmse": 0.24911634533364696,
  "memory_branch_nmse": 0.24409329630162593,
  "adapted_mse": 677.6965782257752,
  "adapted_mae": 11.755081157310855
}