{
  "adapted_nmse": 0.16583256545739297,
  "vanilla_nmse": 0.1739971018754519,
  "context_nmse": 0.1626099202877436,
  "residual_branch_nmse": 0.17268700821277422,
  "memory_branch_nmse": 0.1715064368951015,
  "adapted_mse": 1957818.2401709403,
  "adapted_mae": 161.21344693175752
}