split,baseline,mse,mae,nmse,relative_nmse_improvement_pct
eval,context_forecast,0.0008042409899644554,0.011044222861528397,0.294948935508728,-5.730248928070068
