split,baseline,mse,mae,nmse,relative_nmse_improvement_pct
eval,residual_ridge_shared_eval_fit,664.2118110253974,11.125324676684897,0.23208651959358823,0.3009926227547651
