split,baseline,mse,mae,nmse,relative_nmse_improvement_pct
eval,full_ridge_horizon_eval_fit,0.0007829019450582564,0.011826343834400177,0.3113740086555481,3.581198215484619
