split,baseline,mse,mae,nmse,relative_nmse_improvement_pct
eval,horizon_knn_weighted,0.0011290349198323961,0.015979662572007294,0.41568474995692595,-89.01239423651337
