split,baseline,mse,mae,nmse,relative_nmse_improvement_pct
eval,horizon_knn_mean,0.0014231039676815271,0.01696128398180008,0.549619197845459,-92.1727523803711
