split,baseline,mse,mae,nmse,relative_nmse_improvement_pct
eval,residual_ridge_shared_eval_fit,2971515.3326226734,163.01316165225452,0.1342174176418081,0.5880011425994623
