split,baseline,mse,mae,nmse,relative_nmse_improvement_pct
eval,horizon_knn_weighted,1149.5989737059647,16.37914752499991,0.45557493518419984,-41.79361335707766
