split,baseline,mse,mae,nmse,relative_nmse_improvement_pct
eval,context_forecast,0.0008562434813939035,0.011773737147450447,0.33210036158561707,-2.836839437484741
