split,baseline,mse,mae,nmse,relative_nmse_improvement_pct
eval,horizon_ridge_shared_eval_fit,690.801049310303,12.619854897281861,0.27818166895093255,13.418450042018229
