split,baseline,mse,mae,nmse,relative_nmse_improvement_pct
eval,horizon_mix_scalar_eval_fit,1979599.7111042421,162.28857675122535,0.16285664788147564,-5.802604459049575e-06
