split,baseline,mse,mae,nmse,relative_nmse_improvement_pct
eval,horizon_mix_scalar_eval_fit,1985936.0195478927,162.7109972808749,0.1631081762569904,5.319581002809451e-06
