split,baseline,mse,mae,nmse,relative_nmse_improvement_pct
eval,catboost_context_regressor_scalar,0.0007634444045834243,0.010638626292347908,0.2794925272464752,-0.1895952671766281
