split,baseline,mse,mae,nmse,relative_nmse_improvement_pct
eval,residual_mix_scalar_eval_fit,0.0007706060230298889,0.011190364478099747,0.2838776264645666,0.7430138065088662
