split,baseline,mse,mae,nmse,relative_nmse_improvement_pct
eval,horizon_mix_scalar,654.0154737052228,11.037185364018912,0.22845662757116328,1.8603103813047812
