split,baseline,mse,mae,nmse,relative_nmse_improvement_pct
eval,residual_ridge_horizon,0.0005915051442570984,0.008936624974012375,0.2198408991098404,0.03805841878056526
