split,baseline,mse,mae,nmse,relative_nmse_improvement_pct
eval,horizon_knn_weighted,0.0010355176117932661,0.015419396201084018,0.3876321126172157,-76.25682370192753
