{
  "adapted_nmse": 0.2703528609202339,
  "vanilla_nmse": 0.267072929759772,
  "context_nmse": 0.28702750905973584,
  "residual_branch_nmse": 0.2758541153585244,
  "memory_branch_nmse": 0.27070498253790615,
  "adapted_mse": 751.3642007492372,
  "adapted_mae": 12.443011564418956
}