split,baseline,mse,mae,nmse,relative_nmse_improvement_pct
eval,residual_ridge_shared,9332314.090318805,266.76814395483876,0.3518046823465517,-0.4236760653684216
