split,baseline,mse,mae,nmse,relative_nmse_improvement_pct
eval,horizon_knn_mean,0.0010181209072470665,0.015034826472401619,0.37300676107406616,-30.420730590820312
