split,baseline,mse,mae,nmse,relative_nmse_improvement_pct
eval,catboost_context_regressor_horizon,0.000786153192166239,0.011315790936350822,0.2927141487598419,-2.3466506004333496
