split,baseline,mse,mae,nmse,relative_nmse_improvement_pct
eval,context_forecast,868.2171020507812,12.56488037109375,0.34026452898979187,-5.90428352355957
