split,baseline,mse,mae,nmse,relative_nmse_improvement_pct
eval,context_forecast,1981953.125,159.46575927734375,0.1634092479944229,6.085076332092285
