split,baseline,mse,mae,nmse,relative_nmse_improvement_pct
eval,context_forecast,0.0007889799890108407,0.010873197577893734,0.2890510559082031,-3.6160378456115723
