split,baseline,mse,mae,nmse,relative_nmse_improvement_pct
eval,horizon_mix_scalar,9311209.009649467,265.50329920341045,0.34719442982797094,0.8923340070883137
