split,baseline,mse,mae,nmse,relative_nmse_improvement_pct
eval,full_ridge_horizon,2069.3525390625,21.828508377075195,0.7843910455703735,-213.4798126220703
