split,baseline,mse,mae,nmse,relative_nmse_improvement_pct
eval,residual_ridge_horizon,0.0007678520050831139,0.011160501278936863,0.2831745743751526,0.9888339042663574
