split,baseline,mse,mae,nmse,relative_nmse_improvement_pct
eval,full_ridge_horizon_eval_fit,559.9610595703125,10.674897193908691,0.23815704882144928,25.875755310058594
