split,baseline,mse,mae,nmse,relative_nmse_improvement_pct
eval,horizon_mix_scalar_eval_fit,2879660.1523001143,162.1097055186857,0.13134368153216114,2.716516620457281
