split,baseline,mse,mae,nmse,relative_nmse_improvement_pct
eval,horizon_knn_mean,12102384.0,311.6160888671875,0.32909834384918213,-43.628177642822266
