split,baseline,mse,mae,nmse,relative_nmse_improvement_pct
eval,residual_ridge_shared,0.0007586612142018034,0.010603723685195856,0.27818255073427395,0.27999159230165194
