split,baseline,mse,mae,nmse,relative_nmse_improvement_pct
eval,horizon_knn_weighted,0.001231384031996603,0.015979474299014494,0.468478246002168,-63.80205574669405
