split,baseline,mse,mae,nmse,relative_nmse_improvement_pct
eval,residual_mix_scalar,664.313482911786,11.149027189084784,0.2322441676749557,0.2332706488340574
