split,baseline,mse,mae,nmse,relative_nmse_improvement_pct
eval,horizon_knn_weighted,1234.7501272103407,19.093762509181886,0.4778696158003903,-90.97932861252333
