split,baseline,mse,mae,nmse,relative_nmse_improvement_pct
eval,residual_knn_weighted,1117.1949311055307,14.348471374899779,0.4444530451155783,-38.33202480512535
