split,baseline,mse,mae,nmse,relative_nmse_improvement_pct
eval,horizon_mix_scalar_eval_fit,5302828.474132625,211.598627694963,0.22641007469619095,1.1879981586771076
