split,baseline,mse,mae,nmse,relative_nmse_improvement_pct
eval,horizon_mix_scalar_eval_fit,0.0008181133490424696,0.011616000606068369,0.3190729221242117,1.1971841695446592
