split,baseline,mse,mae,nmse,relative_nmse_improvement_pct
eval,horizon_ridge_shared_eval_fit,0.0008205445639356484,0.01157784556676365,0.32033386966488153,0.8067243122704982
