split,baseline,mse,mae,nmse,relative_nmse_improvement_pct
eval,horizon_knn_weighted,11952298.851604167,314.54077954842285,0.4089966973561483,-202.9351922025421
