split,baseline,mse,mae,nmse,relative_nmse_improvement_pct
eval,horizon_ridge_shared,0.0007461109213043822,0.010759801680881585,0.27573631219980976,1.156893923451171
