split,baseline,mse,mae,nmse,relative_nmse_improvement_pct
eval,full_ridge_horizon,0.000584821798838675,0.009138788096606731,0.21902340650558472,0.4097733497619629
