split,baseline,mse,mae,nmse,relative_nmse_improvement_pct
eval,context_forecast,1932660.375,159.84439086914062,0.16260991990566254,6.544467449188232
