split,baseline,mse,mae,nmse,relative_nmse_improvement_pct
eval,residual_knn_weighted,0.0010289208439334394,0.013400243421918876,0.3918364761221262,-37.004483885998084
