split,baseline,mse,mae,nmse,relative_nmse_improvement_pct
eval,horizon_mix_scalar,645.9475286190599,11.975176950021966,0.25064850886725204,-0.17101393027885395
