split,baseline,mse,mae,nmse,relative_nmse_improvement_pct
eval,horizon_mix_scalar,731.2322769410091,11.834980615537518,0.2620893220180624,1.866005017238475
