{
  "adapted_nmse": 0.3514984862297369,
  "vanilla_nmse": 0.3503205064195314,
  "context_nmse": 0.3894086873009913,
  "residual_branch_nmse": 0.5317842938781324,
  "memory_branch_nmse": 0.3740733194854644,
  "adapted_mse": 9218855.947712416,
  "adapted_mae": 273.27350558278863
}