split,baseline,mse,mae,nmse,relative_nmse_improvement_pct
eval,horizon_mix_scalar,0.0005799542456094631,0.009009316052510218,0.21719880355230423,1.2394226899563505
