split,baseline,mse,mae,nmse,relative_nmse_improvement_pct
eval,residual_mix_scalar_eval_fit,2977516.4956951365,162.89021826305304,0.13388773496686693,0.8321901180722602
