{
  "adapted_nmse": 0.32225557473989636,
  "vanilla_nmse": 0.3212943850843375,
  "context_nmse": 0.34026455223259133,
  "residual_branch_nmse": 0.3436664943277401,
  "memory_branch_nmse": 0.32984997461780546,
  "adapted_mse": 818.8351625374321,
  "adapted_mae": 12.300415061909275
}