split,baseline,mse,mae,nmse,relative_nmse_improvement_pct
eval,horizon_mix_scalar_eval_fit,0.0007588421011144623,0.01122978004100369,0.28179964915860395,1.4695725259719774
