split,baseline,mse,mae,nmse,relative_nmse_improvement_pct
eval,context_forecast,0.0008023327100090683,0.011341775767505169,0.29839929938316345,-4.334446907043457
