split,baseline,mse,mae,nmse,relative_nmse_improvement_pct
eval,horizon_mix_scalar_eval_fit,653.294953583411,11.125600456104214,0.22920488143032638,1.5388778088512465
