{
  "adapted_nmse": 0.23301467524247738,
  "vanilla_nmse": 0.23278720883557397,
  "context_nmse": 0.23485262144511054,
  "residual_branch_nmse": 0.2484063800524041,
  "memory_branch_nmse": 0.2428038195681978,
  "adapted_mse": 667.9119742787627,
  "adapted_mae": 11.190773085389873
}