split,baseline,mse,mae,nmse,relative_nmse_improvement_pct
eval,residual_ridge_shared,3006792.216746479,163.6645494279666,0.13609192295424105,-0.8004052449760347
