split,baseline,mse,mae,nmse,relative_nmse_improvement_pct
eval,residual_mix_scalar_eval_fit,663.7211131455674,11.132257953895623,0.23198164397023896,0.3460447678095547
