split,baseline,mse,mae,nmse,relative_nmse_improvement_pct
eval,horizon_ridge_shared_eval_fit,5312380.174867708,217.22591622332064,0.23780228301050962,-3.7838959164504975
