split,baseline,mse,mae,nmse,relative_nmse_improvement_pct
eval,oracle_context_horizon,0.0006843975279480219,0.009742626920342445,0.2558023929595947,8.302599906921387
