split,baseline,mse,mae,nmse,relative_nmse_improvement_pct
eval,full_ridge_horizon_eval_fit,454.0782165527344,10.37024974822998,0.16914518177509308,36.66703796386719
