split,baseline,mse,mae,nmse,relative_nmse_improvement_pct
eval,horizon_ridge_shared,654.1784333960935,11.899688104989178,0.2551147828099015,-1.9559485039871254
