split,baseline,mse,mae,nmse,relative_nmse_improvement_pct
eval,catboost_context_classifier_scalar,0.0005943087744526565,0.009016948752105236,0.22009961307048798,-0.07957915216684341
