split,baseline,mse,mae,nmse,relative_nmse_improvement_pct
eval,horizon_ridge_shared,0.0005777459530347394,0.009039989428956416,0.21647002747330638,1.5707981170509355
