split,baseline,mse,mae,nmse,relative_nmse_improvement_pct
eval,horizon_mix_scalar,730.0269392058075,12.001463606386503,0.2633864820462214,1.3803099316278495
