split,baseline,mse,mae,nmse,relative_nmse_improvement_pct
eval,context_forecast,0.0005981884896755219,0.009029780514538288,0.22283701598644257,-1.32427978515625
eval,bayes_context_scalar,0.0005921212141402066,0.008934592828154564,0.21992459893226624,0.0
eval,bayes_context_horizon,0.0005921212141402066,0.008934592828154564,0.21992459893226624,0.0
eval,catboost_context_classifier_scalar,0.0005929471226409078,0.00896213948726654,0.2196815460920334,0.11051644384860992
eval,catboost_context_classifier_horizon,0.0005943956784904003,0.008944847621023655,0.2210436910390854,-0.5088526010513306
eval,catboost_context_regressor_scalar,0.0005915160290896893,0.008951467461884022,0.219948872923851,-0.011037415824830532
eval,catboost_context_regressor_horizon,0.0005932854837737978,0.008969809859991074,0.22046872973442078,-0.24741697311401367
eval,oracle_context_scalar,0.0005571179208345711,0.008664125576615334,0.2089579701423645,4.9865403175354
eval,oracle_context_horizon,0.0005434355116449296,0.008272998034954071,0.20499935746192932,6.786526679992676
