{
  "adapted_nmse": 0.3502821422450323,
  "vanilla_nmse": 0.3503205064195314,
  "context_nmse": 0.3724720352195866,
  "residual_branch_nmse": 0.45357950240778167,
  "memory_branch_nmse": 0.36423097440739743,
  "adapted_mse": 9164743.81632311,
  "adapted_mae": 265.7320555091695
}