{
  "adapted_nmse": 0.13025518307979952,
  "vanilla_nmse": 0.13501127994647064,
  "context_nmse": 0.1501607133213712,
  "residual_branch_nmse": 0.1376872435263768,
  "memory_branch_nmse": 0.16313767970145285,
  "adapted_mse": 2841757.354181105,
  "adapted_mae": 161.90642674675874
}