split,baseline,mse,mae,nmse,relative_nmse_improvement_pct
eval,residual_mix_scalar,799.7381118771532,12.097664512351013,0.3154638519007083,1.8147049146640881
