split,baseline,mse,mae,nmse,relative_nmse_improvement_pct
eval,residual_ridge_shared,1882585.9766526874,159.5748881600612,0.1688491691954647,2.958632557186046
