split,baseline,mse,mae,nmse,relative_nmse_improvement_pct
eval,residual_ridge_horizon,0.0007726678159087896,0.011179620400071144,0.2841273248195648,0.6557074785232544
