split,baseline,mse,mae,nmse,relative_nmse_improvement_pct
eval,full_ridge_horizon_eval_fit,0.0007253902149386704,0.011412600986659527,0.2744961678981781,4.0232133865356445
