split,baseline,mse,mae,nmse,relative_nmse_improvement_pct
eval,residual_mix_scalar_eval_fit,0.0007630737008040892,0.011149065633166474,0.2815121442543238,1.5700977793006587
