split,baseline,mse,mae,nmse,relative_nmse_improvement_pct
eval,horizon_ridge_shared,0.0005841774002666741,0.008990999398047586,0.21789855419325668,0.9212451671372818
