split,baseline,mse,mae,nmse,relative_nmse_improvement_pct
eval,full_ridge_horizon_eval_fit,326.21881103515625,8.715155601501465,0.11636551469564438,50.01206588745117
