{
  "adapted_nmse": 0.23086806494965512,
  "vanilla_nmse": 0.22913217442667383,
  "context_nmse": 0.24941091591816003,
  "residual_branch_nmse": 0.2844832252573084,
  "memory_branch_nmse": 0.29811060258805583,
  "adapted_mse": 6011623.446750781,
  "adapted_mae": 219.9555439496846
}