split,baseline,mse,mae,nmse,relative_nmse_improvement_pct
eval,bayes_context_horizon,0.0008213174878619611,0.01148828025907278,0.3042181432247162,-6.368988513946533
