split,baseline,mse,mae,nmse,relative_nmse_improvement_pct
eval,horizon_mix_scalar,654.6893809430964,11.005876177385211,0.22931357232685115,1.4921867105770432
