split,baseline,mse,mae,nmse,relative_nmse_improvement_pct
eval,full_ridge_horizon_eval_fit,474.7910461425781,9.823539733886719,0.1796223223209381,28.214412689208984
