split,baseline,mse,mae,nmse,relative_nmse_improvement_pct
eval,full_ridge_horizon_eval_fit,0.0007346859201788902,0.011396129615604877,0.2762630581855774,3.405425548553467
