split,baseline,mse,mae,nmse,relative_nmse_improvement_pct
eval,horizon_knn_mean,5825007.5,246.8948516845703,0.29367244243621826,-68.78007507324219
