split,baseline,mse,mae,nmse,relative_nmse_improvement_pct
eval,horizon_ridge_shared,0.0007526942483778342,0.011297815109334022,0.27996261317719806,2.111886812286859
