split,baseline,mse,mae,nmse,relative_nmse_improvement_pct
eval,residual_mix_scalar,5422146.440133059,212.15633310366718,0.22913216023127356,1.3665558286714852e-07
