split,baseline,mse,mae,nmse,relative_nmse_improvement_pct
eval,residual_ridge_horizon,887.6712646484375,13.353282928466797,0.3241198658943176,-21.360065460205078
