split,baseline,mse,mae,nmse,relative_nmse_improvement_pct
eval,horizon_mix_scalar,5286364.529638008,210.9357816257115,0.22564551970297667,1.5216723977702937
