split,baseline,mse,mae,nmse,relative_nmse_improvement_pct
eval,catboost_context_classifier_scalar,0.0007586808642372489,0.011052126996219158,0.2826484143733978,1.1728042364120483
