split,baseline,mse,mae,nmse,relative_nmse_improvement_pct
eval,horizon_ridge_shared,9298805.23409832,265.57914421587105,0.3478907519092745,0.6935668313259757
