split,baseline,mse,mae,nmse,relative_nmse_improvement_pct
eval,residual_knn_weighted,1115.8042925093996,15.063333230737667,0.40080165038946336,-72.17513007203165
