split,baseline,mse,mae,nmse,relative_nmse_improvement_pct
eval,context_forecast,14400178.0,315.2271423339844,0.38505905866622925,-9.916234970092773
