split,baseline,mse,mae,nmse,relative_nmse_improvement_pct
eval,residual_mix_scalar,663.1200010297773,11.13746684281438,0.23221449611784947,0.24601686432304273
