{
  "adapted_nmse": 0.1302892531443204,
  "vanilla_nmse": 0.13501127994647064,
  "context_nmse": 0.1381299294123448,
  "residual_branch_nmse": 0.1377475443434897,
  "memory_branch_nmse": 0.14723886703337882,
  "adapted_mse": 2831999.751097251,
  "adapted_mae": 161.72475059193812
}