split,baseline,mse,mae,nmse,relative_nmse_improvement_pct
eval,horizon_ridge_shared_eval_fit,0.0007451070720528679,0.011361675490957585,0.2801126520155016,2.059426168989764
