split,baseline,mse,mae,nmse,relative_nmse_improvement_pct
eval,context_forecast,12119270.0,290.34771728515625,0.3746498227119446,-6.944888114929199
