split,baseline,mse,mae,nmse,relative_nmse_improvement_pct
eval,horizon_knn_weighted,1383.7168323727021,19.81483077675659,0.530573435409343,-112.04227078635198
