split,baseline,mse,mae,nmse,relative_nmse_improvement_pct
eval,horizon_knn_weighted,1366.756289675498,17.732047460681823,0.525733628768478,-63.62987761008048
