split,baseline,mse,mae,nmse,relative_nmse_improvement_pct
eval,residual_ridge_horizon,705.3070678710938,12.112112045288086,0.2500876486301422,-7.4318766593933105
