split,baseline,mse,mae,nmse,relative_nmse_improvement_pct
eval,residual_mix_scalar_eval_fit,0.0007671506923644715,0.011175202673693157,0.2826136928890427,1.1849445039635487
