split,baseline,mse,mae,nmse,relative_nmse_improvement_pct
eval,horizon_mix_scalar,0.0005822024503000206,0.009001451741069047,0.21732203889896737,1.1833874182034636
