split,baseline,mse,mae,nmse,relative_nmse_improvement_pct
eval,horizon_mix_scalar_eval_fit,651.0936153543747,11.233852375511638,0.22751486155072242,2.2648713079109015
