split,baseline,mse,mae,nmse,relative_nmse_improvement_pct
eval,horizon_ridge_shared,9308718.98990766,265.9220604049277,0.3489847040328198,0.3812949964169788
