split,baseline,mse,mae,nmse,relative_nmse_improvement_pct
eval,horizon_mix_scalar_eval_fit,9192013.079979785,265.62759168494165,0.34691063703755265,0.9733434895788835
