split,baseline,mse,mae,nmse,relative_nmse_improvement_pct
eval,horizon_knn_weighted,23634348.114626493,424.34217834993086,0.6029429879147409,-72.11184029833245
