split,baseline,mse,mae,nmse,relative_nmse_improvement_pct
eval,horizon_ridge_shared_eval_fit,0.0007460527094744994,0.010771289308895338,0.2758884236472522,1.1023665824018207
