split,baseline,mse,mae,nmse,relative_nmse_improvement_pct
eval,residual_mix_scalar_eval_fit,1862642.2830819779,158.9984785281753,0.16959371838598744,2.530723601986352
