split,baseline,mse,mae,nmse,relative_nmse_improvement_pct
eval,residual_mix_scalar,0.0008320021032214206,0.01147548214082755,0.3227242363495531,0.06653314299001224
