split,baseline,mse,mae,nmse,relative_nmse_improvement_pct
eval,bayes_context_horizon,0.0007930165156722069,0.011303333565592766,0.29271262884140015,-2.3461191654205322
