split,baseline,mse,mae,nmse,relative_nmse_improvement_pct
eval,oracle_context_horizon,0.0005412432947196066,0.00825690757483244,0.20517180860042572,6.708113193511963
