{
  "adapted_nmse": 0.16663981294020627,
  "vanilla_nmse": 0.1739971018754519,
  "context_nmse": 0.16296040675578974,
  "residual_branch_nmse": 0.17676318226716456,
  "memory_branch_nmse": 0.17316218912601472,
  "adapted_mse": 1874915.9282051285,
  "adapted_mae": 159.86743790064102
}