{
  "adapted_nmse": 0.16674443124196467,
  "vanilla_nmse": 0.1739971018754519,
  "context_nmse": 0.16340926090876262,
  "residual_branch_nmse": 0.17436447670826546,
  "memory_branch_nmse": 0.17280221604383908,
  "adapted_mse": 1932797.4585470092,
  "adapted_mae": 160.65873209635416
}