split,baseline,mse,mae,nmse,relative_nmse_improvement_pct
eval,horizon_mix_scalar_eval_fit,0.0007638500846747957,0.011227545132978717,0.282475764113594,1.2331708990158796
