split,baseline,mse,mae,nmse,relative_nmse_improvement_pct
eval,horizon_mix_scalar,1881895.9247153332,158.92005027407984,0.16739571263317787,3.793966322789395
