split,baseline,mse,mae,nmse,relative_nmse_improvement_pct
eval,horizon_ridge_shared_eval_fit,625.5317586212718,11.572003464934431,0.2435670205287923,2.6590841628825403
