split,baseline,mse,mae,nmse,relative_nmse_improvement_pct
eval,residual_knn_weighted,1357.0563010170374,16.51717120439035,0.5022153376114831,-88.04427834734388
