split,baseline,mse,mae,nmse,relative_nmse_improvement_pct
eval,context_forecast,7401121.5,240.10377502441406,0.2531314790248871,-10.474007606506348
