split,baseline,mse,mae,nmse,relative_nmse_improvement_pct
eval,bayes_context_horizon,0.0007630705367773771,0.010627731680870056,0.27932071685791016,-0.1280064433813095
