split,baseline,mse,mae,nmse,relative_nmse_improvement_pct
eval,residual_ridge_horizon,969.3944091796875,14.453925132751465,0.40103453397750854,-60.27239227294922
