split,baseline,mse,mae,nmse,relative_nmse_improvement_pct
eval,horizon_ridge_shared,758.3617566371554,12.123835573330954,0.300282484940671,6.539769247040246
