split,baseline,mse,mae,nmse,relative_nmse_improvement_pct
eval,horizon_knn_weighted,1472.312103539805,20.286780666747106,0.5631869072447017,-125.07615858524048
