split,baseline,mse,mae,nmse,relative_nmse_improvement_pct
eval,horizon_ridge_shared,763.9941087377001,12.180055727837159,0.30198496281962756,6.009888273627739
