split,baseline,mse,mae,nmse,relative_nmse_improvement_pct
eval,residual_knn_weighted,0.0008984896626103309,0.011703870509155695,0.3349091254052194,-52.28361312522698
