{
  "adapted_nmse": 0.2694085918590487,
  "vanilla_nmse": 0.267072929759772,
  "context_nmse": 0.2828548118919255,
  "residual_branch_nmse": 0.2759344467571472,
  "memory_branch_nmse": 0.26774620681106803,
  "adapted_mse": 749.2718881550999,
  "adapted_mae": 12.306126263613718
}