{
  "adapted_nmse": 0.7264552116394043,
  "vanilla_nmse": 0.7265719175338745,
  "context_nmse": 0.7293641567230225,
  "residual_branch_nmse": 0.7265660762786865,
  "memory_branch_nmse": 0.7265610098838806,
  "adapted_mse": 1396.4371744791667,
  "adapted_mae": 21.49445343017578
}