{
  "adapted_nmse": 0.16624000836641362,
  "vanilla_nmse": 0.1739971018754519,
  "context_nmse": 0.16673472431989816,
  "residual_branch_nmse": 0.17218668697736203,
  "memory_branch_nmse": 0.17125302476760668,
  "adapted_mse": 1920266.9047008546,
  "adapted_mae": 160.345517202524
}