split,baseline,mse,mae,nmse,relative_nmse_improvement_pct
eval,horizon_mix_scalar_eval_fit,808.1112697947859,12.274767115990219,0.31678645152580864,1.4030576413305187
