split,baseline,mse,mae,nmse,relative_nmse_improvement_pct
eval,residual_ridge_shared_eval_fit,0.0008300622231897217,0.011464019638208514,0.3218653920471533,0.33247935638887105
