split,baseline,mse,mae,nmse,relative_nmse_improvement_pct
eval,horizon_knn_mean,1116.1650390625,16.41023063659668,0.444285124540329,-38.27975845336914
