split,baseline,mse,mae,nmse,relative_nmse_improvement_pct
eval,horizon_mix_scalar_eval_fit,0.0005789316531785392,0.009106580856962688,0.21655831186352462,1.5306550904650686
