split,baseline,mse,mae,nmse,relative_nmse_improvement_pct
eval,horizon_knn_weighted,8309031.285886863,289.97334501944306,0.30383365029636356,-125.04315033619972
