split,baseline,mse,mae,nmse,relative_nmse_improvement_pct
eval,residual_mix_scalar_eval_fit,5409743.013656158,211.84709920021638,0.22853975901636714,0.25854141409953985
