split,baseline,mse,mae,nmse,relative_nmse_improvement_pct
eval,context_forecast,706.4801635742188,12.56502628326416,0.27027633786201477,-8.01522445678711
