{
  "adapted_nmse": 0.32346411948980286,
  "vanilla_nmse": 0.3229391246618227,
  "context_nmse": 0.3321003705401753,
  "residual_branch_nmse": 0.32923086743022123,
  "memory_branch_nmse": 0.32567970065183416,
  "adapted_mse": 0.0008329225149749608,
  "adapted_mae": 0.011788261328380723
}