split,baseline,mse,mae,nmse,relative_nmse_improvement_pct
eval,residual_mix_scalar_eval_fit,803.5370494677686,12.20554552614119,0.31724745978589247,1.259572954319993
