split,baseline,mse,mae,nmse,relative_nmse_improvement_pct
eval,horizon_knn_mean,1021.4459228515625,17.137605667114258,0.3642052114009857,-56.45414352416992
