split,baseline,mse,mae,nmse,relative_nmse_improvement_pct
eval,horizon_ridge_shared,1887259.2138076301,159.26046903388382,0.16721426452389726,3.8982485809041525
