split,baseline,mse,mae,nmse,relative_nmse_improvement_pct
eval,context_forecast,772.0557861328125,12.058295249938965,0.2773572504520416,-3.8507590293884277
