split,baseline,mse,mae,nmse,relative_nmse_improvement_pct
eval,context_forecast,726.4622192382812,12.74534797668457,0.2750714123249054,-9.931563377380371
