split,baseline,mse,mae,nmse,relative_nmse_improvement_pct
eval,horizon_knn_weighted,0.0011020104859830399,0.016390294030417966,0.42065721024596964,-30.258990938460087
