split,baseline,mse,mae,nmse,relative_nmse_improvement_pct
eval,residual_mix_scalar,9348136.917007577,266.3720079950185,0.35032047311106373,-4.195842113061282e-06
