split,baseline,mse,mae,nmse,relative_nmse_improvement_pct
eval,residual_ridge_horizon,917.6423950195312,13.549603462219238,0.33775097131729126,-26.463953018188477
