split,baseline,mse,mae,nmse,relative_nmse_improvement_pct
eval,full_ridge_horizon,0.0007664136937819421,0.011370294727385044,0.2866411507129669,-0.22324441373348236
