split,baseline,mse,mae,nmse,relative_nmse_improvement_pct
eval,horizon_mix_scalar_eval_fit,0.0007630900749908752,0.011224085313046394,0.28283725507500174,1.106776636063989
