{
  "adapted_nmse": 0.2888656584649265,
  "vanilla_nmse": 0.28600266581144657,
  "context_nmse": 0.31009434126783997,
  "residual_branch_nmse": 0.2879449653284281,
  "memory_branch_nmse": 0.28970636033414726,
  "adapted_mse": 0.0007798374834324393,
  "adapted_mae": 0.011426742377562686
}