split,baseline,mse,mae,nmse,relative_nmse_improvement_pct
eval,residual_knn_weighted,23335130.172031526,413.5167328970869,0.6526836473999535,-86.31045710497358
