split,baseline,mse,mae,nmse,relative_nmse_improvement_pct
eval,residual_mix_scalar_eval_fit,743.2073591687057,11.884913638290486,0.2671579214056498,-0.031828526841783174
