split,baseline,mse,mae,nmse,relative_nmse_improvement_pct
eval,horizon_knn_mean,1542.1678466796875,20.68212127685547,0.5925840139389038,-136.82464599609375
