split,baseline,mse,mae,nmse,relative_nmse_improvement_pct
eval,residual_ridge_horizon_eval_fit,0.000590862357057631,0.008934690617024899,0.21969854831695557,0.10278550535440445
