split,baseline,mse,mae,nmse,relative_nmse_improvement_pct
eval,residual_ridge_horizon,0.0007634724024683237,0.011124656535685062,0.2816265821456909,1.5300848484039307
