split,baseline,mse,mae,nmse,relative_nmse_improvement_pct
eval,catboost_context_regressor_scalar,0.000591473130043596,0.00896564032882452,0.21976876258850098,0.07085898518562317
