split,baseline,mse,mae,nmse,relative_nmse_improvement_pct
eval,residual_ridge_horizon_eval_fit,0.000589404720813036,0.008939044550061226,0.2193547636270523,0.25910484790802
