split,baseline,mse,mae,nmse,relative_nmse_improvement_pct
eval,catboost_context_regressor_horizon,0.0007920030620880425,0.01132070180028677,0.2946324050426483,-3.0173633098602295
