split,baseline,mse,mae,nmse,relative_nmse_improvement_pct
eval,horizon_ridge_shared_eval_fit,629.4149065188516,11.520786695636696,0.22135441344763182,4.911257500235596
