split,baseline,mse,mae,nmse,relative_nmse_improvement_pct
eval,horizon_knn_weighted,0.0010783852447734594,0.015869411919062545,0.39074766812619605,-40.071189396970325
