split,baseline,mse,mae,nmse,relative_nmse_improvement_pct
eval,residual_knn_weighted,1038.6159329888958,14.604516932173212,0.3732817341036859,-60.353209774370825
