split,baseline,mse,mae,nmse,relative_nmse_improvement_pct
eval,horizon_mix_scalar,2975060.506695865,162.9203164176542,0.13435839101801464,0.48358514830751353
