split,baseline,mse,mae,nmse,relative_nmse_improvement_pct
eval,horizon_knn_weighted,17331904.85764409,345.2559378226354,0.3809022662553493,-66.23692865740148
