split,baseline,mse,mae,nmse,relative_nmse_improvement_pct
eval,residual_ridge_horizon_eval_fit,632.9080200195312,10.880080223083496,0.22592318058013916,15.407678604125977
