split,baseline,mse,mae,nmse,relative_nmse_improvement_pct
eval,horizon_mix_scalar_eval_fit,0.0008212283830287523,0.011578570326127592,0.3200015187261576,0.9096387444047128
