split,baseline,mse,mae,nmse,relative_nmse_improvement_pct
eval,residual_ridge_horizon_eval_fit,0.0008283316856250167,0.011491350829601288,0.32189446687698364,0.3234761655330658
