split,baseline,mse,mae,nmse,relative_nmse_improvement_pct
eval,horizon_ridge_shared_eval_fit,5294863.967152146,212.80228457682927,0.2271782260062197,0.8527543813724745
