split,baseline,mse,mae,nmse,relative_nmse_improvement_pct
eval,horizon_mix_scalar,0.0007568761241131316,0.011273455542173,0.281032632296041,1.737757740445337
