split,baseline,mse,mae,nmse,relative_nmse_improvement_pct
eval,horizon_ridge_shared_eval_fit,2415685.3426043885,170.61628114047153,0.14881142220887053,-10.22146897563491
