split,baseline,mse,mae,nmse,relative_nmse_improvement_pct
eval,horizon_mix_scalar,735.86213336099,11.841759640610633,0.2645720292153504,0.9364060020388593
