split,baseline,mse,mae,nmse,relative_nmse_improvement_pct
eval,full_ridge_horizon_eval_fit,0.0007126106647774577,0.010997352190315723,0.26898419857025146,3.577322006225586
