split,baseline,mse,mae,nmse,relative_nmse_improvement_pct
eval,residual_ridge_shared,0.0007598620343762458,0.011116218137265578,0.2810912397804397,1.7172658040351028
