split,baseline,mse,mae,nmse,relative_nmse_improvement_pct
eval,residual_knn_weighted,4192783.690300862,197.33494946437963,0.17984137364384642,-33.20469686660375
