split,baseline,mse,mae,nmse,relative_nmse_improvement_pct
eval,horizon_ridge_shared,0.0005843486121150052,0.008987193847412969,0.2183659132643111,0.7087363921646589
