split,baseline,mse,mae,nmse,relative_nmse_improvement_pct
eval,horizon_mix_scalar_eval_fit,735.8216195906577,11.85700525599941,0.2645840584503146,0.9319019006335364
