split,baseline,mse,mae,nmse,relative_nmse_improvement_pct
eval,horizon_mix_scalar,655.6083331677262,11.006031632185188,0.22898006165568394,1.6354551904668537
