split,baseline,mse,mae,nmse,relative_nmse_improvement_pct
eval,residual_mix_scalar_eval_fit,1865938.0223419021,159.77764132944964,0.17082542003228238,1.8228373114730776
