split,baseline,mse,mae,nmse,relative_nmse_improvement_pct
eval,full_ridge_horizon,0.0007664636941626668,0.011362416669726372,0.285856693983078,0.05103860795497894
