split,baseline,mse,mae,nmse,relative_nmse_improvement_pct
eval,catboost_context_classifier_scalar,0.000758978130761534,0.011044496670365334,0.2827359735965729,1.142189383506775
