split,baseline,mse,mae,nmse,relative_nmse_improvement_pct
eval,full_ridge_horizon_eval_fit,556.3941040039062,10.713125228881836,0.2367316633462906,26.31939125061035
