split,baseline,mse,mae,nmse,relative_nmse_improvement_pct
eval,full_ridge_horizon_eval_fit,0.0005684139323420823,0.009196423925459385,0.21348392963409424,2.9285807609558105
