split,baseline,mse,mae,nmse,relative_nmse_improvement_pct
eval,residual_knn_weighted,1442.9877700602053,16.985274330718372,0.5320819946249282,-99.22723821362676
