split,baseline,mse,mae,nmse,relative_nmse_improvement_pct
eval,horizon_knn_mean,8309030.5,289.9733581542969,0.30383366346359253,-125.04316711425781
