split,baseline,mse,mae,nmse,relative_nmse_improvement_pct
eval,horizon_knn_weighted,7264863.6444493085,271.01780503277115,0.2579506983701955,-91.05861953088082
