split,baseline,mse,mae,nmse,relative_nmse_improvement_pct
eval,residual_mix_scalar,804.2897727634762,12.183513820558629,0.31733134583609696,1.2334641734145249
