split,baseline,mse,mae,nmse,relative_nmse_improvement_pct
eval,context_forecast,669.7839965820312,12.172141075134277,0.2543523907661438,-1.651260495185852
