split,baseline,mse,mae,nmse,relative_nmse_improvement_pct
eval,context_forecast,3393571.5,178.2017822265625,0.15439043939113617,-14.353728294372559
