split,baseline,mse,mae,nmse,relative_nmse_improvement_pct
eval,residual_ridge_shared,743.1679992545548,11.919376117332776,0.2670830338230666,-0.0037884006859106273
