split,baseline,mse,mae,nmse,relative_nmse_improvement_pct
eval,horizon_ridge_shared,638.3672494596337,11.309785177514847,0.22384690040258134,3.840542683432142
