split,baseline,mse,mae,nmse,relative_nmse_improvement_pct
eval,full_ridge_horizon,3025157.5,164.76370239257812,0.13735459744930267,-1.7356414794921875
