split,baseline,mse,mae,nmse,relative_nmse_improvement_pct
eval,horizon_ridge_shared,655.7371615564621,11.908540119878856,0.25544319468795845,-2.0871974428313345
