split,baseline,mse,mae,nmse,relative_nmse_improvement_pct
eval,horizon_mix_scalar,0.0007468453976205499,0.010774708953088753,0.2752762318425783,1.3218187793425131
