split,baseline,mse,mae,nmse,relative_nmse_improvement_pct
eval,horizon_ridge_shared_eval_fit,631.9239654854665,11.700040113744594,0.2434630723076178,2.7006267946674147
