split,baseline,mse,mae,nmse,relative_nmse_improvement_pct
eval,horizon_knn_weighted,0.001433662117739668,0.016924012215366175,0.5311606267786849,-85.71876782011446
