split,baseline,mse,mae,nmse,relative_nmse_improvement_pct
eval,horizon_knn_weighted,0.0013780263645569878,0.0177018627672252,0.5009485944942887,-79.57487959952192
