split,baseline,mse,mae,nmse,relative_nmse_improvement_pct
eval,residual_ridge_shared,0.0008320261694170553,0.011478298832828875,0.32273788155432015,0.06230782470041389
