split,baseline,mse,mae,nmse,relative_nmse_improvement_pct
eval,residual_ridge_horizon,733.7850341796875,12.29861831665039,0.2605215013027191,-11.914017677307129
