split,baseline,mse,mae,nmse,relative_nmse_improvement_pct
eval,residual_ridge_horizon,0.0005916871014051139,0.008935404941439629,0.2198333889245987,0.04147331044077873
