split,baseline,mse,mae,nmse,relative_nmse_improvement_pct
eval,horizon_mix_scalar_eval_fit,635.7276093404697,11.759429062857095,0.24678512660573285,1.3729765769281648
