split,baseline,mse,mae,nmse,relative_nmse_improvement_pct
eval,residual_ridge_shared,2990859.733885595,163.3161795035598,0.13504355702703727,-0.023902804469714913
