split,baseline,mse,mae,nmse,relative_nmse_improvement_pct
eval,horizon_knn_weighted,1542.1678611229431,20.682120357387202,0.5925840091878731,-136.82463265982133
