split,baseline,mse,mae,nmse,relative_nmse_improvement_pct
eval,horizon_knn_mean,0.0008206143393181264,0.014103375375270844,0.2983064651489258,-35.64033508300781
