split,baseline,mse,mae,nmse,relative_nmse_improvement_pct
eval,residual_mix_scalar_eval_fit,647.6717820272996,11.612340370360581,0.25022059847659084,-6.739161921804378e-07
