split,baseline,mse,mae,nmse,relative_nmse_improvement_pct
eval,residual_ridge_horizon,947.0985107421875,14.271758079528809,0.3880772590637207,-55.094051361083984
