split,baseline,mse,mae,nmse,relative_nmse_improvement_pct
eval,context_forecast,0.0006031778757460415,0.00911963451653719,0.22572828829288483,-2.6389451026916504
