split,baseline,mse,mae,nmse,relative_nmse_improvement_pct
eval,horizon_mix_scalar,5296160.176870435,211.0742541035572,0.22625787717477436,1.254421624093307
