split,baseline,mse,mae,nmse,relative_nmse_improvement_pct
eval,residual_mix_scalar_eval_fit,0.0007583958880264457,0.010608496378212496,0.2780931175157165,0.3120506890456191
