split,baseline,mse,mae,nmse,relative_nmse_improvement_pct
eval,horizon_knn_weighted,1335.4836951431305,18.779849067976492,0.4785771006415165,-79.1934231871624
