split,baseline,mse,mae,nmse,relative_nmse_improvement_pct
eval,residual_mix_scalar_eval_fit,743.1033482602948,11.891899877993643,0.267230102176634,-0.058855142665250396
