split,baseline,mse,mae,nmse,relative_nmse_improvement_pct
eval,horizon_mix_scalar,0.0007503989095273408,0.010713340968646545,0.27681224172264557,0.7712058176369253
