split,baseline,mse,mae,nmse,relative_nmse_improvement_pct
eval,context_forecast,6872698.5,233.86300659179688,0.2468312829732895,-7.724416732788086
