split,baseline,mse,mae,nmse,relative_nmse_improvement_pct
eval,residual_ridge_horizon,812.43603515625,12.784777641296387,0.28468257188796997,-22.29305648803711
