split,baseline,mse,mae,nmse,relative_nmse_improvement_pct
eval,residual_ridge_shared_eval_fit,0.0007595214356897122,0.011129102873772948,0.2805283775455592,1.914068946896891
