split,baseline,mse,mae,nmse,relative_nmse_improvement_pct
eval,residual_ridge_shared,3054425.7093420033,164.63575791472405,0.13538472723533354,-0.276600352621343
