split,baseline,mse,mae,nmse,relative_nmse_improvement_pct
eval,residual_ridge_horizon,910.0333251953125,14.025056838989258,0.37207701802253723,-48.6995964050293
