split,baseline,mse,mae,nmse,relative_nmse_improvement_pct
eval,horizon_mix_scalar,1898365.2488456273,158.5912812212471,0.1652776882348104,5.011241982919464
