split,baseline,mse,mae,nmse,relative_nmse_improvement_pct
eval,horizon_ridge_shared,650.5865914473158,11.89239307600187,0.25373839034343737,-1.4058768935283055
