split,baseline,mse,mae,nmse,relative_nmse_improvement_pct
eval,oracle_context_scalar,0.0007090533617883921,0.01034263614565134,0.26327937841415405,5.622326850891113
