split,baseline,mse,mae,nmse,relative_nmse_improvement_pct
eval,horizon_knn_weighted,1174.1291877492408,17.864067399613003,0.4233042661341542,-58.4976389313861
