split,baseline,mse,mae,nmse,relative_nmse_improvement_pct
eval,horizon_ridge_shared_eval_fit,5359683.557107318,217.29017491268147,0.2361157430758898,-3.0478403882292473
