split,baseline,mse,mae,nmse,relative_nmse_improvement_pct
eval,full_ridge_horizon_eval_fit,450.3419494628906,10.30475902557373,0.16550134122371674,38.031402587890625
