split,baseline,mse,mae,nmse,relative_nmse_improvement_pct
eval,residual_mix_scalar,746.2445124492699,12.01620125145311,0.2693881083629899,-0.8668764944470678
