split,baseline,mse,mae,nmse,relative_nmse_improvement_pct
eval,context_forecast,0.0005996385007165372,0.009113559499382973,0.22372055053710938,-1.7260241508483887
eval,bayes_context_scalar,0.0005921212141402066,0.008934592828154564,0.21992459893226624,0.0
eval,bayes_context_horizon,0.0005919538089074194,0.008944695815443993,0.2200983613729477,-0.079010009765625
eval,catboost_context_classifier_scalar,0.0005943087744526565,0.009016948752105236,0.22009961307048798,-0.07957915216684341
eval,catboost_context_classifier_horizon,0.0005964956944808364,0.00897266250103712,0.2210625857114792,-0.5174440741539001
eval,catboost_context_regressor_scalar,0.0005934155196882784,0.009011215530335903,0.2207980751991272,-0.3971707820892334
eval,catboost_context_regressor_horizon,0.0005949702463112772,0.009024927392601967,0.22186119854450226,-0.8805743455886841
eval,oracle_context_scalar,0.000538164284080267,0.0085452264174819,0.20294560492038727,7.720370292663574
eval,oracle_context_horizon,0.0005167520139366388,0.007956765592098236,0.19650976359844208,10.646756172180176
