split,baseline,mse,mae,nmse,relative_nmse_improvement_pct
eval,residual_ridge_shared_eval_fit,1970947.0595230435,162.06593058441118,0.16380146428682332,-0.5801580238753203
