split,baseline,mse,mae,nmse,relative_nmse_improvement_pct
eval,residual_ridge_shared_eval_fit,1977255.4637680054,162.48423619246933,0.1640533106605564,-0.5794471486997246
