{
  "adapted_nmse": 0.2814565386641978,
  "vanilla_nmse": 0.2789636296618455,
  "context_nmse": 0.29303472324136054,
  "residual_branch_nmse": 0.28825352208799976,
  "memory_branch_nmse": 0.27938170235366744,
  "adapted_mse": 0.0007678416887781354,
  "adapted_mae": 0.01104204600395376
}