split,baseline,mse,mae,nmse,relative_nmse_improvement_pct
eval,residual_ridge_horizon,930.028564453125,14.145658493041992,0.3828073740005493,-52.987953186035156
