split,baseline,mse,mae,nmse,relative_nmse_improvement_pct
eval,residual_mix_scalar_eval_fit,0.0008314605953843664,0.011481756959853864,0.32252247840600223,0.12900868245690608
