split,baseline,mse,mae,nmse,relative_nmse_improvement_pct
eval,residual_mix_scalar,1866063.6618413941,159.86970418782087,0.17118038258795515,1.618832447501221
