split,baseline,mse,mae,nmse,relative_nmse_improvement_pct
eval,horizon_knn_weighted,1076.978134833643,16.18332140915009,0.4308008000574082,-34.08288595280557
