split,baseline,mse,mae,nmse,relative_nmse_improvement_pct
eval,horizon_mix_scalar,651.0615192473107,11.049256830560763,0.22840169794726034,1.8839068788020001
