split,baseline,mse,mae,nmse,relative_nmse_improvement_pct
eval,horizon_knn_mean,926.48779296875,16.76634979248047,0.3455728590488434,-48.45011520385742
