split,baseline,mse,mae,nmse,relative_nmse_improvement_pct
eval,residual_mix_scalar,744.9812558727991,11.966069075880393,0.26836177405180917,-0.4825865685221093
