split,baseline,mse,mae,nmse,relative_nmse_improvement_pct
eval,bayes_context_horizon,0.0007815798162482679,0.011228851042687893,0.2871324419975281,-0.395022988319397
