split,baseline,mse,mae,nmse,relative_nmse_improvement_pct
eval,horizon_knn_mean,1129.5955810546875,17.62416648864746,0.4060412049293518,-52.033836364746094
