split,baseline,mse,mae,nmse,relative_nmse_improvement_pct
eval,residual_ridge_horizon,0.0007724235183559358,0.011183693073689938,0.2844002842903137,0.5602680444717407
