split,baseline,mse,mae,nmse,relative_nmse_improvement_pct
eval,residual_ridge_shared,0.0007577806809637102,0.010601246228664579,0.2779679802574914,0.3569086012668775
