{
  "adapted_nmse": 0.2498029820240327,
  "vanilla_nmse": 0.25022061758667885,
  "context_nmse": 0.261468221845418,
  "residual_branch_nmse": 0.261030181132964,
  "memory_branch_nmse": 0.26678624466387896,
  "adapted_mse": 646.6913511253041,
  "adapted_mae": 11.7598896852665
}