split,baseline,mse,mae,nmse,relative_nmse_improvement_pct
eval,residual_ridge_horizon,900.525146484375,12.914787292480469,0.359695166349411,-11.951894760131836
