split,baseline,mse,mae,nmse,relative_nmse_improvement_pct
eval,horizon_mix_scalar_eval_fit,644.9245209303682,11.647681637985828,0.2493575767155085,0.34490369133298227
