split,baseline,mse,mae,nmse,relative_nmse_improvement_pct
eval,horizon_knn_mean,1335.4837646484375,18.779848098754883,0.4785771071910858,-79.19342803955078
