split,baseline,mse,mae,nmse,relative_nmse_improvement_pct
eval,horizon_knn_weighted,7981397.697575834,254.37627691878131,0.3239529989343018,-86.18298303495291
