split,baseline,mse,mae,nmse,relative_nmse_improvement_pct
eval,horizon_knn_weighted,7635030.593110564,285.7914058680699,0.45817055223164277,-181.333666618827
