split,baseline,mse,mae,nmse,relative_nmse_improvement_pct
eval,horizon_knn_weighted,7659473.258215842,286.49815109790075,0.4588030792801786,-181.2875880304707
