split,baseline,mse,mae,nmse,relative_nmse_improvement_pct
eval,horizon_knn_weighted,7659473.674050672,286.4989693080926,0.4588040902354481,-181.28820783705484
