split,baseline,mse,mae,nmse,relative_nmse_improvement_pct
eval,horizon_ridge_shared_eval_fit,0.0007549631752856831,0.011317226374426725,0.2825188511666582,1.2181056362673655
