split,baseline,mse,mae,nmse,relative_nmse_improvement_pct
eval,residual_ridge_shared,664.8567047911146,11.888678145458595,0.25948028194087686,-3.7006086906278157
