split,baseline,mse,mae,nmse,relative_nmse_improvement_pct
eval,horizon_ridge_shared,9061474.93092997,264.85884861081195,0.34655433539287056,1.0750508367024367
