split,baseline,mse,mae,nmse,relative_nmse_improvement_pct
eval,context_forecast,1968490.375,158.61007690429688,0.16262288391590118,6.537017345428467
