split,baseline,mse,mae,nmse,relative_nmse_improvement_pct
eval,horizon_knn_mean,28117208.0,437.5816650390625,0.5229853391647339,-49.28769302368164
