split,baseline,mse,mae,nmse,relative_nmse_improvement_pct
eval,horizon_knn_weighted,1083.822355517096,17.5845762581858,0.40866521864675986,-53.01634651695742
