split,baseline,mse,mae,nmse,relative_nmse_improvement_pct
eval,residual_ridge_shared,0.0007659657064878148,0.011156320944920622,0.28258284889161767,1.1957290179271767
