split,baseline,mse,mae,nmse,relative_nmse_improvement_pct
eval,residual_mix_scalar,9346253.087405166,266.331697272295,0.3502526355883069,0.019360223542448953
