split,baseline,mse,mae,nmse,relative_nmse_improvement_pct
eval,residual_mix_scalar,685.5723848668503,12.053965004494446,0.26790679793766053,-7.068243531593824
