split,baseline,mse,mae,nmse,relative_nmse_improvement_pct
eval,residual_ridge_shared_eval_fit,0.0005913245521830786,0.00893220062040671,0.21972728913510942,0.08971702034004304
