split,baseline,mse,mae,nmse,relative_nmse_improvement_pct
eval,horizon_knn_weighted,1078.6175478533596,17.500566677349227,0.3836596694564305,-64.81133106080179
