split,baseline,mse,mae,nmse,relative_nmse_improvement_pct
eval,residual_mix_scalar_eval_fit,742.8574784038918,11.886920980623774,0.26683572755254753,0.08881038252071609
