split,baseline,mse,mae,nmse,relative_nmse_improvement_pct
eval,full_ridge_horizon_eval_fit,0.0007939456263557076,0.011752690188586712,0.3140440881252289,2.754392385482788
