split,baseline,mse,mae,nmse,relative_nmse_improvement_pct
eval,catboost_context_classifier_horizon,0.0007644808501936495,0.011076699942350388,0.2847028374671936,0.45448118448257446
