split,baseline,mse,mae,nmse,relative_nmse_improvement_pct
eval,context_forecast,0.000809926597867161,0.01134725846350193,0.2974856197834015,-4.014981269836426
