split,baseline,mse,mae,nmse,relative_nmse_improvement_pct
eval,context_forecast,0.0008253906271420419,0.011549797840416431,0.3074067234992981,-7.483866214752197
