split,baseline,mse,mae,nmse,relative_nmse_improvement_pct
eval,horizon_ridge_shared_eval_fit,0.0007400481836959514,0.010866303598782406,0.2748583862689387,1.4716037461079627
