split,baseline,mse,mae,nmse,relative_nmse_improvement_pct
eval,residual_mix_scalar,0.0005902970010381374,0.008921850168779208,0.21948194042003497,0.20127739888142418
