split,baseline,mse,mae,nmse,relative_nmse_improvement_pct
eval,horizon_mix_scalar,636.463308290019,11.919217971293547,0.2466158370555285,1.4406326981171846
