split,baseline,mse,mae,nmse,relative_nmse_improvement_pct
eval,context_forecast,11736070.0,286.52947998046875,0.37247201800346375,-6.323227882385254
