split,baseline,mse,mae,nmse,relative_nmse_improvement_pct
eval,horizon_knn_mean,1352.862060546875,18.969438552856445,0.49604231119155884,-85.73291778564453
