split,baseline,mse,mae,nmse,relative_nmse_improvement_pct
eval,horizon_mix_scalar,2985169.6575565,163.120180054163,0.13469595523651995,0.23355848042818753
