split,baseline,mse,mae,nmse,relative_nmse_improvement_pct
eval,horizon_knn_weighted,899.5934233681896,16.52158969740406,0.33256879669090383,-42.86387237306825
