split,baseline,mse,mae,nmse,relative_nmse_improvement_pct
eval,full_ridge_horizon,2064.400146484375,21.647064208984375,0.7848623394966125,-213.66815185546875
