split,baseline,mse,mae,nmse,relative_nmse_improvement_pct
eval,residual_ridge_horizon_eval_fit,782.7584838867188,11.932273864746094,0.30875930190086365,3.9014360904693604
