split,baseline,mse,mae,nmse,relative_nmse_improvement_pct
eval,horizon_mix_scalar_eval_fit,733.140383659728,11.912733613155039,0.264091160444131,1.1164574944798908
