split,baseline,mse,mae,nmse,relative_nmse_improvement_pct
eval,horizon_knn_mean,19012846.0,360.2945251464844,0.4052463173866272,-76.86138916015625
