split,baseline,mse,mae,nmse,relative_nmse_improvement_pct
eval,residual_ridge_shared,683.6046526074917,12.028982375650948,0.267057106879336,-6.728666746459465
