{
  "adapted_nmse": 0.1314467004992775,
  "vanilla_nmse": 0.13501127994647064,
  "context_nmse": 0.15439043396971577,
  "residual_branch_nmse": 0.13669295651336055,
  "memory_branch_nmse": 0.16244109351851424,
  "adapted_mse": 2879894.7720027715,
  "adapted_mae": 162.91202274991335
}