split,baseline,mse,mae,nmse,relative_nmse_improvement_pct
eval,residual_mix_scalar_eval_fit,9346301.493529283,266.28666462555424,0.35013489549523763,0.05296947765307369
