split,baseline,mse,mae,nmse,relative_nmse_improvement_pct
eval,horizon_ridge_shared,764.5619768958662,12.213075168023966,0.3015309602857721,6.151192491171243
