split,baseline,mse,mae,nmse,relative_nmse_improvement_pct
eval,residual_ridge_horizon,749.3385620117188,12.361644744873047,0.26106929779052734,-12.14933967590332
