split,baseline,mse,mae,nmse,relative_nmse_improvement_pct
eval,residual_ridge_horizon,0.0007593911723233759,0.01061235275119543,0.27829450368881226,0.23985984921455383
