split,baseline,mse,mae,nmse,relative_nmse_improvement_pct
eval,residual_ridge_shared_eval_fit,658.0414318902042,11.18103637538818,0.23149896835301145,0.5533910626613608
