split,baseline,mse,mae,nmse,relative_nmse_improvement_pct
eval,catboost_context_classifier_scalar,0.0007680108537897468,0.011114109307527542,0.2849370837211609,0.3725776672363281
