split,baseline,mse,mae,nmse,relative_nmse_improvement_pct
eval,residual_ridge_horizon_eval_fit,0.000590774929150939,0.008933471515774727,0.2195902317762375,0.15203717350959778
