split,baseline,mse,mae,nmse,relative_nmse_improvement_pct
eval,horizon_ridge_shared_eval_fit,699.4291767467156,12.268543939318432,0.25395998912188533,4.909867725966681
