split,baseline,mse,mae,nmse,relative_nmse_improvement_pct
eval,full_ridge_horizon_eval_fit,500.4100036621094,9.925809860229492,0.19010679423809052,24.024322509765625
