split,baseline,mse,mae,nmse,relative_nmse_improvement_pct
eval,horizon_ridge_shared_eval_fit,4968411.0599173065,219.83583100924636,0.24827828175687694,-8.35592924493541
