{
  "adapted_nmse": 0.2366927720044361,
  "vanilla_nmse": 0.23278720883557397,
  "context_nmse": 0.2339737653152206,
  "residual_branch_nmse": 0.2530516510752286,
  "memory_branch_nmse": 0.24509864305927806,
  "adapted_mse": 680.1506584791257,
  "adapted_mae": 11.75800545152165
}