split,baseline,mse,mae,nmse,relative_nmse_improvement_pct
eval,residual_ridge_shared,2978864.3058930216,162.6782787584562,0.1349354490341337,0.056170496416510514
