split,baseline,mse,mae,nmse,relative_nmse_improvement_pct
eval,horizon_mix_scalar,635.7275922850557,11.759707310588906,0.24678575803340128,1.3727242285297798
