split,baseline,mse,mae,nmse,relative_nmse_improvement_pct
eval,horizon_mix_scalar_eval_fit,5276573.199389944,211.24528945715483,0.22505330882808375,1.7801306052457886
