split,baseline,mse,mae,nmse,relative_nmse_improvement_pct
eval,residual_ridge_horizon_eval_fit,0.000755625544115901,0.010620073415338993,0.2780117988586426,0.34120094776153564
