split,baseline,mse,mae,nmse,relative_nmse_improvement_pct
eval,context_forecast,668.87890625,10.984694480895996,0.23397374153137207,-0.5097143054008484
