split,baseline,mse,mae,nmse,relative_nmse_improvement_pct
eval,horizon_mix_scalar_eval_fit,9299855.377667833,265.4834072956384,0.3480573184900088,0.6460199134299178
