split,baseline,mse,mae,nmse,relative_nmse_improvement_pct
eval,context_forecast,2059732.25,167.34304809570312,0.16698576509952545,-2.377305746078491
