split,baseline,mse,mae,nmse,relative_nmse_improvement_pct
eval,horizon_knn_weighted,1223.4412803815205,16.670364706950124,0.4842506291781957,-50.71866597281592
