split,baseline,mse,mae,nmse,relative_nmse_improvement_pct
eval,horizon_ridge_shared,650.9685439758229,11.88979814675948,0.25390712663774684,-1.473311907461579
