split,baseline,mse,mae,nmse,relative_nmse_improvement_pct
eval,residual_ridge_shared_eval_fit,0.0007574559598913119,0.010599076479330994,0.2777959847472151,0.4185637758476245
