split,baseline,mse,mae,nmse,relative_nmse_improvement_pct
eval,residual_ridge_shared,1880149.3917015588,160.204935855568,0.17083261136367983,1.8187042936094506
