split,baseline,mse,mae,nmse,relative_nmse_improvement_pct
eval,residual_mix_scalar_eval_fit,660.2618196289952,11.16338565669449,0.23187352838439243,0.3924887259066632
