split,baseline,mse,mae,nmse,relative_nmse_improvement_pct
eval,residual_mix_scalar,660.3085470888377,11.175691326849055,0.23201823313174436,0.33032690927454966
