split,baseline,mse,mae,nmse,relative_nmse_improvement_pct
eval,horizon_mix_scalar,645.2666956816073,11.191025884396753,0.22689160039369502,2.532609902988452
