split,baseline,mse,mae,nmse,relative_nmse_improvement_pct
eval,horizon_knn_mean,5495501.0,224.08424377441406,0.23770245909690857,-36.61288070678711
