split,baseline,mse,mae,nmse,relative_nmse_improvement_pct
eval,residual_ridge_shared_eval_fit,783.7772288944986,12.068278107047927,0.31301737453750217,2.5761490559776035
