split,baseline,mse,mae,nmse,relative_nmse_improvement_pct
eval,horizon_knn_mean,967.7592163085938,16.956586837768555,0.3635989725589752,-36.1422119140625
