{
  "adapted_nmse": 0.3233073196854702,
  "vanilla_nmse": 0.3229391246618227,
  "context_nmse": 0.3284066679311353,
  "residual_branch_nmse": 0.3290620690722798,
  "memory_branch_nmse": 0.32635601575984513,
  "adapted_mse": 0.0008321831735925683,
  "adapted_mae": 0.011793689368703172
}