split,baseline,mse,mae,nmse,relative_nmse_improvement_pct
eval,horizon_knn_weighted,1215.2592177782728,18.273192455647294,0.45429707942815356,-70.10226502174392
