split,baseline,mse,mae,nmse,relative_nmse_improvement_pct
eval,residual_ridge_shared,0.0007605821954876277,0.01110402560268216,0.28057288271858055,1.8985078426311761
