split,baseline,mse,mae,nmse,relative_nmse_improvement_pct
eval,full_ridge_horizon_eval_fit,496.1884460449219,10.104212760925293,0.1919659525156021,23.281312942504883
