split,baseline,mse,mae,nmse,relative_nmse_improvement_pct
eval,horizon_ridge_shared,0.0007609088188489943,0.0112093786873125,0.2819410295643731,1.4201392784201075
