split,baseline,mse,mae,nmse,relative_nmse_improvement_pct
eval,context_forecast,677.7550048828125,12.165959358215332,0.26146823167800903,-4.495087623596191
