split,baseline,mse,mae,nmse,relative_nmse_improvement_pct
eval,horizon_ridge_shared,0.000755681480119489,0.011241833376248315,0.2809147072492108,1.7789898899840748
