split,baseline,mse,mae,nmse,relative_nmse_improvement_pct
eval,residual_knn_weighted,3616300.430500695,180.8334923393523,0.15286178059903396,-13.221483658748324
