split,baseline,mse,mae,nmse,relative_nmse_improvement_pct
eval,horizon_ridge_shared_eval_fit,9189685.713621808,266.23642964639447,0.34699690844571673,0.9487170636615647
