{
  "adapted_nmse": 0.23314954938679716,
  "vanilla_nmse": 0.23278720883557397,
  "context_nmse": 0.23375648535661164,
  "residual_branch_nmse": 0.24186044539848384,
  "memory_branch_nmse": 0.24665187919226877,
  "adapted_mse": 669.0337253311707,
  "adapted_mae": 11.327512805101764
}