split,baseline,mse,mae,nmse,relative_nmse_improvement_pct
eval,full_ridge_horizon,0.0007595001952722669,0.010961329564452171,0.28101497888565063,-0.7353479862213135
