split,baseline,mse,mae,nmse,relative_nmse_improvement_pct
eval,residual_mix_scalar,672.360591354602,11.910673198128803,0.2615360561560627,-4.5221934208842836
