split,baseline,mse,mae,nmse,relative_nmse_improvement_pct
eval,oracle_context_horizon,0.0006776140071451664,0.01011756993830204,0.25397831201553345,11.197222709655762
