split,baseline,mse,mae,nmse,relative_nmse_improvement_pct
eval,residual_mix_scalar,744.9149714586649,11.966918177956018,0.26767877433037585,-0.2268512691200768
