{
  "adapted_nmse": 0.3222187450265429,
  "vanilla_nmse": 0.3212943850843375,
  "context_nmse": 0.3308066502506314,
  "residual_branch_nmse": 0.34310082141634185,
  "memory_branch_nmse": 0.32709890105361555,
  "adapted_mse": 818.6601511323227,
  "adapted_mae": 12.30884287122169
}