split,baseline,mse,mae,nmse,relative_nmse_improvement_pct
eval,context_forecast,0.000826347793918103,0.011557845398783684,0.3101271390914917,-8.435051918029785
