split,baseline,mse,mae,nmse,relative_nmse_improvement_pct
eval,horizon_ridge_shared_eval_fit,0.0005827918850323662,0.009095046186053429,0.21754819081662885,1.0805558483111233
