split,baseline,mse,mae,nmse,relative_nmse_improvement_pct
eval,oracle_context_horizon,0.0005242283805273473,0.008036923594772816,0.19873476028442383,9.63504695892334
