split,baseline,mse,mae,nmse,relative_nmse_improvement_pct
eval,full_ridge_horizon,0.0005855340859852731,0.009096438065171242,0.21867139637470245,0.5698328018188477
