split,baseline,mse,mae,nmse,relative_nmse_improvement_pct
eval,residual_knn_weighted,21915236.163664788,393.59882109687464,0.5702167940242361,-62.77005248530078
