split,baseline,mse,mae,nmse,relative_nmse_improvement_pct
eval,residual_ridge_horizon_eval_fit,0.0008242717594839633,0.011503515765070915,0.32104629278182983,0.5861182808876038
