split,baseline,mse,mae,nmse,relative_nmse_improvement_pct
eval,horizon_mix_scalar_eval_fit,9297907.968201796,265.50711445406534,0.3481749874958329,0.6124309513814432
