split,baseline,mse,mae,nmse,relative_nmse_improvement_pct
eval,horizon_mix_scalar_eval_fit,654.4443430588802,11.11234704492381,0.22863936033605792,1.7818126068231033
