split,baseline,mse,mae,nmse,relative_nmse_improvement_pct
eval,residual_knn_weighted,4778341.204618176,214.6569713640261,0.21693754361744086,-60.68104436176053
