split,baseline,mse,mae,nmse,relative_nmse_improvement_pct
eval,residual_mix_scalar,1870628.4529787304,160.10671274639606,0.17136462296474483,1.5129454112366059
