split,baseline,mse,mae,nmse,relative_nmse_improvement_pct
eval,residual_ridge_horizon,0.0007598215597681701,0.010607792064547539,0.2784675359725952,0.17783302068710327
