split,baseline,mse,mae,nmse,relative_nmse_improvement_pct
eval,full_ridge_horizon_eval_fit,0.0007934959139674902,0.011750399135053158,0.3140539824962616,2.751328468322754
