split,baseline,mse,mae,nmse,relative_nmse_improvement_pct
eval,horizon_ridge_shared_eval_fit,695.3936400152164,12.61627348395837,0.2791843591290448,13.106371715376516
