split,baseline,mse,mae,nmse,relative_nmse_improvement_pct
eval,horizon_mix_scalar,646.4849805311228,11.759826529195442,0.2500833986630894,0.0548308688350384
