split,baseline,mse,mae,nmse,relative_nmse_improvement_pct
eval,context_forecast,0.0005981884896755219,0.009029780514538288,0.22283701598644257,-1.32427978515625
