split,baseline,mse,mae,nmse,relative_nmse_improvement_pct
eval,residual_ridge_horizon,0.0008327590767294168,0.011485866270959377,0.32302892208099365,-0.02781459502875805
