split,baseline,mse,mae,nmse,relative_nmse_improvement_pct
eval,full_ridge_horizon,1947747.75,161.46792602539062,0.17238079011440277,0.9289315938949585
