split,baseline,mse,mae,nmse,relative_nmse_improvement_pct
eval,horizon_ridge_shared,0.000579895802576663,0.009005535121959014,0.21662205747369584,1.5016698789513463
