split,baseline,mse,mae,nmse,relative_nmse_improvement_pct
eval,horizon_knn_weighted,6405394.210179077,232.0385234559746,0.2570153803093017,-47.71244701936881
