split,baseline,mse,mae,nmse,relative_nmse_improvement_pct
eval,horizon_ridge_shared,0.0005806387196224245,0.009009672305524918,0.21712650045850265,1.2722990003611914
