split,baseline,mse,mae,nmse,relative_nmse_improvement_pct
eval,full_ridge_horizon_eval_fit,0.0007731178193353117,0.011900237761437893,0.30833736062049866,4.521514415740967
