split,baseline,mse,mae,nmse,relative_nmse_improvement_pct
eval,horizon_mix_scalar,811.3092227524772,12.289340229777858,0.3179094686060936,1.0535286453796435
