split,baseline,mse,mae,nmse,relative_nmse_improvement_pct
eval,catboost_context_classifier_horizon,0.0005992731312289834,0.00897929072380066,0.22174295783042908,-0.8268101215362549
