split,baseline,mse,mae,nmse,relative_nmse_improvement_pct
eval,catboost_context_regressor_scalar,0.0005934155196882784,0.009011215530335903,0.2207980751991272,-0.3971707820892334
