split,baseline,mse,mae,nmse,relative_nmse_improvement_pct
eval,residual_ridge_shared_eval_fit,0.0008307320387272205,0.011477941837616553,0.32224246475272594,0.21571656487602311
