split,baseline,mse,mae,nmse,relative_nmse_improvement_pct
eval,residual_ridge_horizon,916.077880859375,12.700289726257324,0.36340513825416565,-13.106590270996094
