split,baseline,mse,mae,nmse,relative_nmse_improvement_pct
eval,horizon_mix_scalar_eval_fit,798.1669839456364,12.298487126439635,0.31299775089939386,2.582256737370269
