split,baseline,mse,mae,nmse,relative_nmse_improvement_pct
eval,residual_mix_scalar_eval_fit,0.0005903134487237808,0.00892586280313503,0.21945814978923583,0.21209502952148646
