split,baseline,mse,mae,nmse,relative_nmse_improvement_pct
eval,full_ridge_horizon_eval_fit,455.1867980957031,10.03209114074707,0.17765425145626068,29.000947952270508
