split,baseline,mse,mae,nmse,relative_nmse_improvement_pct
eval,catboost_context_classifier_scalar,0.0007823563646525145,0.010822000913321972,0.2833590507507324,-1.5756267309188843
