split,baseline,mse,mae,nmse,relative_nmse_improvement_pct
eval,horizon_ridge_shared,710.7380445416792,12.001525963559589,0.2566677912068508,3.8959865263274276
