split,baseline,mse,mae,nmse,relative_nmse_improvement_pct
eval,horizon_mix_scalar,801.1694474975627,12.14553893680959,0.3148022978149343,2.0206076915916804
