split,baseline,mse,mae,nmse,relative_nmse_improvement_pct
eval,horizon_knn_mean,0.001017757342197001,0.01623615436255932,0.39390847086906433,-21.976085662841797
