split,baseline,mse,mae,nmse,relative_nmse_improvement_pct
eval,full_ridge_horizon_eval_fit,0.0005732103018090129,0.009137313812971115,0.21460068225860596,2.4207918643951416
