split,baseline,mse,mae,nmse,relative_nmse_improvement_pct
eval,horizon_knn_weighted,1111.354310773957,16.501706303120724,0.4335003124644993,-34.92308498251942
