split,baseline,mse,mae,nmse,relative_nmse_improvement_pct
eval,horizon_mix_scalar,810.7777297656168,12.239003163322232,0.3179818313712175,1.0310063836242227
