split,baseline,mse,mae,nmse,relative_nmse_improvement_pct
eval,context_forecast,14002747.0,311.8431701660156,0.3894086182117462,-11.157829284667969
