split,baseline,mse,mae,nmse,relative_nmse_improvement_pct
eval,full_ridge_horizon,1887500.5,159.87197875976562,0.17111048102378845,1.6590064764022827
