split,baseline,mse,mae,nmse,relative_nmse_improvement_pct
eval,horizon_knn_mean,1223.4412841796875,16.670364379882812,0.48425063490867615,-50.718666076660156
