split,baseline,mse,mae,nmse,relative_nmse_improvement_pct
eval,full_ridge_horizon_eval_fit,0.0007241856073960662,0.011409987695515156,0.2738790214061737,4.238996982574463
