split,baseline,mse,mae,nmse,relative_nmse_improvement_pct
eval,residual_ridge_shared_eval_fit,0.0007655860889182647,0.011172459366088319,0.2826701584546755,1.1652014832182191
