split,baseline,mse,mae,nmse,relative_nmse_improvement_pct
eval,vanilla,743.5791625976562,11.858372688293457,0.2670729160308838,0.0
