split,baseline,mse,mae,nmse,relative_nmse_improvement_pct
eval,horizon_mix_scalar,634.8801076198213,11.818205211595776,0.24640329995926505,1.5255725867553536
