split,baseline,mse,mae,nmse,relative_nmse_improvement_pct
eval,context_forecast,800.103271484375,12.35515022277832,0.287027508020401,-7.4715895652771
