{
  "adapted_nmse": 0.16604161797425684,
  "vanilla_nmse": 0.1739971018754519,
  "context_nmse": 0.16413634427082843,
  "residual_branch_nmse": 0.17374629760399843,
  "memory_branch_nmse": 0.17155822141048235,
  "adapted_mse": 1886965.1166666667,
  "adapted_mae": 159.49498729216742
}