split,baseline,mse,mae,nmse,relative_nmse_improvement_pct
eval,residual_mix_scalar,0.0007638937469486297,0.011137619573150539,0.2819207491261265,1.4272302746501009
