split,baseline,mse,mae,nmse,relative_nmse_improvement_pct
eval,residual_ridge_shared_eval_fit,743.1323426318671,11.889134632578902,0.2672188750743122,-0.05465138344897631
