split,baseline,mse,mae,nmse,relative_nmse_improvement_pct
eval,oracle_context_scalar,0.0006989004905335605,0.01061487291008234,0.2604944109916687,8.9188871383667
