split,baseline,mse,mae,nmse,relative_nmse_improvement_pct
eval,horizon_ridge_shared_eval_fit,699.5879462000556,12.278666527545814,0.25463711013969514,4.656333587098211
