split,baseline,mse,mae,nmse,relative_nmse_improvement_pct
eval,residual_ridge_shared_eval_fit,0.0008308109309755561,0.011473780638460987,0.3221992426851507,0.22910053351246154
