split,baseline,mse,mae,nmse,relative_nmse_improvement_pct
eval,horizon_ridge_shared,635.5302509374895,11.248284744365042,0.22317778221532622,4.127980399350394
