split,baseline,mse,mae,nmse,relative_nmse_improvement_pct
eval,residual_ridge_horizon_eval_fit,0.0008274617721326649,0.011491259559988976,0.3216356933116913,0.40360692143440247
