split,baseline,mse,mae,nmse,relative_nmse_improvement_pct
eval,horizon_knn_weighted,33937746.62383915,490.5832907812557,0.714675153318054,-104.00611387565644
