split,baseline,mse,mae,nmse,relative_nmse_improvement_pct
eval,full_ridge_horizon,3039726.75,165.29693603515625,0.13969969749450684,-3.472607374191284
