split,baseline,mse,mae,nmse,relative_nmse_improvement_pct
eval,horizon_knn_weighted,1030.4223767190583,17.348633544966308,0.37858443619264043,-62.631128093848325
