split,baseline,mse,mae,nmse,relative_nmse_improvement_pct
eval,context_forecast,781.2418823242188,12.189095497131348,0.2825700044631958,-5.802568435668945
