split,baseline,mse,mae,nmse,relative_nmse_improvement_pct
eval,horizon_knn_mean,8476207.0,278.7445373535156,0.29546135663986206,-118.84197235107422
