split,baseline,mse,mae,nmse,relative_nmse_improvement_pct
eval,horizon_mix_scalar,0.0007478765969092164,0.010733333091796719,0.276139042719313,1.0125272452217324
