split,baseline,mse,mae,nmse,relative_nmse_improvement_pct
eval,residual_mix_scalar_eval_fit,0.0007582646170959911,0.010620302448102598,0.278227383473094,0.26392041501078517
