split,baseline,mse,mae,nmse,relative_nmse_improvement_pct
eval,residual_mix_scalar,1859486.3501681352,159.41990569091186,0.1705847854590305,1.9611353448815099
