split,baseline,mse,mae,nmse,relative_nmse_improvement_pct
eval,residual_mix_scalar,1985935.5600210095,162.71099345363263,0.163108177250809,4.710280733087467e-06
