split,baseline,mse,mae,nmse,relative_nmse_improvement_pct
eval,residual_mix_scalar,1985936.0195478927,162.7109972808749,0.1631081762569904,5.319581002809451e-06
