split,baseline,mse,mae,nmse,relative_nmse_improvement_pct
eval,horizon_knn_mean,1339.7076416015625,19.610492706298828,0.5106168389320374,-104.06666564941406
