split,baseline,mse,mae,nmse,relative_nmse_improvement_pct
eval,horizon_mix_scalar_eval_fit,0.0008187449192572005,0.011607813169495041,0.3189132427071347,1.2466298446346529
