split,baseline,mse,mae,nmse,relative_nmse_improvement_pct
eval,residual_ridge_horizon_eval_fit,0.0008157480624504387,0.011533682234585285,0.3192498981952667,1.1423825025558472
