split,baseline,mse,mae,nmse,relative_nmse_improvement_pct
eval,catboost_context_regressor_scalar,0.0005915160290896893,0.008951467461884022,0.219948872923851,-0.011037415824830532
