split,baseline,mse,mae,nmse,relative_nmse_improvement_pct
eval,horizon_mix_scalar,9150644.963359302,264.5754229283512,0.3462775175832761,1.1540692905058958
