split,baseline,mse,mae,nmse,relative_nmse_improvement_pct
eval,horizon_ridge_shared_eval_fit,0.0007429715904283889,0.011353142791019144,0.279900245860631,2.1336933630760746
