{
  "adapted_nmse": 0.230484918481604,
  "vanilla_nmse": 0.22913217442667383,
  "context_nmse": 0.253131479958863,
  "residual_branch_nmse": 0.24609141234319096,
  "memory_branch_nmse": 0.2543643731676955,
  "adapted_mse": 6075450.246370914,
  "adapted_mae": 218.7853143071242
}