split,baseline,mse,mae,nmse,relative_nmse_improvement_pct
eval,horizon_mix_scalar_eval_fit,9303088.48877079,265.49469229428945,0.34789836025953347,0.6913950054801585
