split,baseline,mse,mae,nmse,relative_nmse_improvement_pct
eval,oracle_context_scalar,0.00067991076502949,0.010463103652000427,0.2542431056499481,11.10463809967041
