split,baseline,mse,mae,nmse,relative_nmse_improvement_pct
eval,horizon_knn_weighted,0.0012192334091258904,0.016766272897368283,0.44291775186687854,-58.77258233308095
