split,baseline,mse,mae,nmse,relative_nmse_improvement_pct
eval,horizon_knn_mean,0.0010063978843390942,0.015261800959706306,0.37510406970977783,-31.15404510498047
