split,baseline,mse,mae,nmse,relative_nmse_improvement_pct
eval,full_ridge_horizon,1751.148681640625,18.756160736083984,0.5984012484550476,-157.05935668945312
