split,baseline,mse,mae,nmse,relative_nmse_improvement_pct
eval,horizon_mix_scalar,9300533.194971101,265.52212237987044,0.3479096827038987,0.6881629806031171
