split,baseline,mse,mae,nmse,relative_nmse_improvement_pct
eval,residual_ridge_shared,0.0005904997773894643,0.008922667264541351,0.21948169808357884,0.2013875895819192
