split,baseline,mse,mae,nmse,relative_nmse_improvement_pct
eval,context_forecast,0.0007889799890108407,0.010873197577893734,0.2890510559082031,-3.6160378456115723
eval,bayes_context_scalar,0.0007617225055582821,0.010613109916448593,0.2789636254310608,0.0
eval,bayes_context_horizon,0.0007671448402106762,0.01066299807280302,0.2807898223400116,-0.6546362042427063
eval,catboost_context_classifier_scalar,0.000777308945544064,0.010724710300564766,0.2815854251384735,-0.9398356676101685
eval,catboost_context_classifier_horizon,0.0007631475455127656,0.010621577501296997,0.2795577347278595,-0.21297016739845276
eval,catboost_context_regressor_scalar,0.0007630001637153327,0.010648868978023529,0.27946367859840393,-0.17925389111042023
eval,catboost_context_regressor_horizon,0.0007695351960137486,0.010692697949707508,0.28151553869247437,-0.9147835373878479
eval,oracle_context_scalar,0.0007217287202365696,0.010381754487752914,0.2671576738357544,4.2320756912231445
eval,oracle_context_horizon,0.0006832330254837871,0.009736573323607445,0.2561606764793396,8.174165725708008
