split,baseline,mse,mae,nmse,relative_nmse_improvement_pct
eval,catboost_context_regressor_horizon,0.000782294082455337,0.011292299255728722,0.29307854175567627,-2.4740593433380127
