split,baseline,mse,mae,nmse,relative_nmse_improvement_pct
eval,full_ridge_horizon_eval_fit,317.6964416503906,8.705299377441406,0.11463596671819687,50.755035400390625
