
2026-08-17T02:45:53+02:00 job start kind=adaptation_extraction family=catboost_ablation experiment_mode=full skip_complete=true tasks=24 datasets=Electricity,Traffic,Solar,exchange_rate models=chronos2 settings=168:24,336:48,504:168 distance_spaces=raw distance_metrics=euclidean neighbors=1
2026-08-17T02:45:53+02:00 skip complete family=extraction dataset=Electricity model=chronos2 lags=168 horizon=24 retrieval=vanilla run=/home/h61084/codes/adapts/outputs/extraction/Electricity/168_24/chronos2/none/none/0/none/run_1
2026-08-17T02:45:53+02:00 skip complete family=extraction dataset=Electricity model=chronos2 lags=168 horizon=24 retrieval=raw_euclidean_1_online run=/home/h61084/codes/adapts/outputs/extraction/Electricity/168_24/chronos2/raw/euclidean/1/online/run_1
2026-08-17T02:45:53+02:00 skip complete family=extraction dataset=Electricity model=chronos2 lags=336 horizon=48 retrieval=vanilla run=/home/h61084/codes/adapts/outputs/extraction/Electricity/336_48/chronos2/none/none/0/none/run_1
2026-08-17T02:45:53+02:00 skip complete family=extraction dataset=Electricity model=chronos2 lags=336 horizon=48 retrieval=raw_euclidean_1_online run=/home/h61084/codes/adapts/outputs/extraction/Electricity/336_48/chronos2/raw/euclidean/1/online/run_1
2026-08-17T02:45:53+02:00 skip complete family=extraction dataset=Electricity model=chronos2 lags=504 horizon=168 retrieval=vanilla run=/home/h61084/codes/adapts/outputs/extraction/Electricity/504_168/chronos2/none/none/0/none/run_2
2026-08-17T02:45:53+02:00 skip complete family=extraction dataset=Electricity model=chronos2 lags=504 horizon=168 retrieval=raw_euclidean_1_online run=/home/h61084/codes/adapts/outputs/extraction/Electricity/504_168/chronos2/raw/euclidean/1/online/run_1
2026-08-17T02:45:54+02:00 skip complete family=extraction dataset=Traffic model=chronos2 lags=168 horizon=24 retrieval=vanilla run=/home/h61084/codes/adapts/outputs/extraction/Traffic/168_24/chronos2/none/none/0/none/run_1
2026-08-17T02:45:54+02:00 skip complete family=extraction dataset=Traffic model=chronos2 lags=168 horizon=24 retrieval=raw_euclidean_1_online run=/home/h61084/codes/adapts/outputs/extraction/Traffic/168_24/chronos2/raw/euclidean/1/online/run_1
2026-08-17T02:45:54+02:00 skip complete family=extraction dataset=Traffic model=chronos2 lags=336 horizon=48 retrieval=vanilla run=/home/h61084/codes/adapts/outputs/extraction/Traffic/336_48/chronos2/none/none/0/none/run_1
2026-08-17T02:45:54+02:00 skip complete family=extraction dataset=Traffic model=chronos2 lags=336 horizon=48 retrieval=raw_euclidean_1_online run=/home/h61084/codes/adapts/outputs/extraction/Traffic/336_48/chronos2/raw/euclidean/1/online/run_1
2026-08-17T02:45:54+02:00 skip complete family=extraction dataset=Traffic model=chronos2 lags=504 horizon=168 retrieval=vanilla run=/home/h61084/codes/adapts/outputs/extraction/Traffic/504_168/chronos2/none/none/0/none/run_1
2026-08-17T02:45:54+02:00 skip complete family=extraction dataset=Traffic model=chronos2 lags=504 horizon=168 retrieval=raw_euclidean_1_online run=/home/h61084/codes/adapts/outputs/extraction/Traffic/504_168/chronos2/raw/euclidean/1/online/run_1
2026-08-17T02:45:54+02:00 skip complete family=extraction dataset=Solar model=chronos2 lags=168 horizon=24 retrieval=vanilla run=/home/h61084/codes/adapts/outputs/extraction/Solar/168_24/chronos2/none/none/0/none/run_1
2026-08-17T02:45:54+02:00 skip complete family=extraction dataset=Solar model=chronos2 lags=168 horizon=24 retrieval=raw_euclidean_1_online run=/home/h61084/codes/adapts/outputs/extraction/Solar/168_24/chronos2/raw/euclidean/1/online/run_1
2026-08-17T02:45:54+02:00 skip complete family=extraction dataset=Solar model=chronos2 lags=336 horizon=48 retrieval=vanilla run=/home/h61084/codes/adapts/outputs/extraction/Solar/336_48/chronos2/none/none/0/none/run_1
2026-08-17T02:45:54+02:00 skip complete family=extraction dataset=Solar model=chronos2 lags=336 horizon=48 retrieval=raw_euclidean_1_online run=/home/h61084/codes/adapts/outputs/extraction/Solar/336_48/chronos2/raw/euclidean/1/online/run_1
2026-08-17T02:45:54+02:00 skip complete family=extraction dataset=Solar model=chronos2 lags=504 horizon=168 retrieval=vanilla run=/home/h61084/codes/adapts/outputs/extraction/Solar/504_168/chronos2/none/none/0/none/run_1
2026-08-17T02:45:54+02:00 skip complete family=extraction dataset=Solar model=chronos2 lags=504 horizon=168 retrieval=raw_euclidean_1_online run=/home/h61084/codes/adapts/outputs/extraction/Solar/504_168/chronos2/raw/euclidean/1/online/run_1
2026-08-17T02:45:54+02:00 skip complete family=extraction dataset=exchange_rate model=chronos2 lags=168 horizon=24 retrieval=vanilla run=/home/h61084/codes/adapts/outputs/extraction/exchange_rate/168_24/chronos2/none/none/0/none/run_1
2026-08-17T02:45:55+02:00 skip complete family=extraction dataset=exchange_rate model=chronos2 lags=168 horizon=24 retrieval=raw_euclidean_1_online run=/home/h61084/codes/adapts/outputs/extraction/exchange_rate/168_24/chronos2/raw/euclidean/1/online/run_1
2026-08-17T02:45:55+02:00 skip complete family=extraction dataset=exchange_rate model=chronos2 lags=336 horizon=48 retrieval=vanilla run=/home/h61084/codes/adapts/outputs/extraction/exchange_rate/336_48/chronos2/none/none/0/none/run_1
2026-08-17T02:45:55+02:00 skip complete family=extraction dataset=exchange_rate model=chronos2 lags=336 horizon=48 retrieval=raw_euclidean_1_online run=/home/h61084/codes/adapts/outputs/extraction/exchange_rate/336_48/chronos2/raw/euclidean/1/online/run_1
2026-08-17T02:45:55+02:00 skip complete family=extraction dataset=exchange_rate model=chronos2 lags=504 horizon=168 retrieval=vanilla run=/home/h61084/codes/adapts/outputs/extraction/exchange_rate/504_168/chronos2/none/none/0/none/run_1
2026-08-17T02:45:55+02:00 skip complete family=extraction dataset=exchange_rate model=chronos2 lags=504 horizon=168 retrieval=raw_euclidean_1_online run=/home/h61084/codes/adapts/outputs/extraction/exchange_rate/504_168/chronos2/raw/euclidean/1/online/run_1

2026-08-17T02:45:55+02:00 job done kind=adaptation_extraction output=outputs/extraction

2026-08-17T02:45:55+02:00 job start kind=gates family=catboost_ablation experiment_mode=full skip_complete=true tasks=12 datasets=Electricity,Traffic,Solar,exchange_rate models=chronos2 settings=168:24,336:48,504:168 distance_spaces=raw distance_metrics=euclidean neighbors=1 methods=cov_forecast,bayes_cov_shared,bayes_cov_horizon,catboost_cov_regressor_shared,catboost_cov_regressor_shared_soft,catboost_cov_regressor_horizon,catboost_cov_classifier_shared,oracle_cov_shared,oracle_cov_horizon task_type=CPU thread_count=2 horizon_fits=serial allocated_cpus=16 results_root=outputs/adaptation/catboost_ablation
2026-08-17 02:45:57,524 INFO [__main__] extraction validation directory=/home/h61084/codes/adapts/outputs/extraction/Electricity/168_24/chronos2/raw/euclidean/1/online/run_1 status=complete

2026-08-17T02:45:58+02:00 gates start configuration=1/12 dataset=Electricity model=chronos2 formula=cov_forecast lags=168 horizon=24 retrieval=raw_euclidean_1_online run=/home/h61084/codes/adapts/outputs/adaptation/catboost_ablation/Electricity/168_24/chronos2/cov_forecast/raw/euclidean/1/online/run_0 computation_signature=4aa5a89df91752e69a1bd526330ac5e1fe62818cb352bc8eb8e41c5aec004110 iterations=300 learning_rate=0.03 depth=4 early_stopping_rounds=50 task_type=CPU thread_count=2 validation_fraction=0.2 seed=1
2026-08-17 02:46:00,329 INFO [__main__] ========================================================================
2026-08-17 02:46:00,329 INFO [__main__] selected methods=('cov_forecast',)
2026-08-17 02:46:02,976 INFO [__main__] experiment done seconds=2.64
2026-08-17 02:46:02,976 INFO [__main__] ========================================================================
2026-08-17T02:46:03+02:00 gates done configuration=1/12 dataset=Electricity model=chronos2 formula=cov_forecast lags=168 horizon=24 retrieval=raw_euclidean_1_online

2026-08-17T02:46:03+02:00 gates start configuration=1/12 dataset=Electricity model=chronos2 formula=bayes_cov_shared lags=168 horizon=24 retrieval=raw_euclidean_1_online run=/home/h61084/codes/adapts/outputs/adaptation/catboost_ablation/Electricity/168_24/chronos2/bayes_cov_shared/raw/euclidean/1/online/run_0 computation_signature=a3790a645477aa84ba483a496fbce178cf1e12592ce53e8ae57b4ce905f97d17 iterations=300 learning_rate=0.03 depth=4 early_stopping_rounds=50 task_type=CPU thread_count=2 validation_fraction=0.2 seed=1
2026-08-17 02:46:06,260 INFO [__main__] ========================================================================
2026-08-17 02:46:06,260 INFO [__main__] selected methods=('bayes_cov_shared',)
2026-08-17 02:46:08,833 INFO [__main__] gate fitting start candidate=cov
2026-08-17 02:46:09,035 INFO [__main__] gate fitting done candidate=cov
2026-08-17 02:46:09,063 INFO [__main__] experiment done seconds=2.80
2026-08-17 02:46:09,063 INFO [__main__] ========================================================================
2026-08-17T02:46:09+02:00 gates done configuration=1/12 dataset=Electricity model=chronos2 formula=bayes_cov_shared lags=168 horizon=24 retrieval=raw_euclidean_1_online

2026-08-17T02:46:09+02:00 gates start configuration=1/12 dataset=Electricity model=chronos2 formula=bayes_cov_horizon lags=168 horizon=24 retrieval=raw_euclidean_1_online run=/home/h61084/codes/adapts/outputs/adaptation/catboost_ablation/Electricity/168_24/chronos2/bayes_cov_horizon/raw/euclidean/1/online/run_0 computation_signature=f0d747e712fa59bd5caa6afea9c175cd31fee0b54a1aa48c3d90b95b53064407 iterations=300 learning_rate=0.03 depth=4 early_stopping_rounds=50 task_type=CPU thread_count=2 validation_fraction=0.2 seed=1
2026-08-17 02:46:12,030 INFO [__main__] ========================================================================
2026-08-17 02:46:12,030 INFO [__main__] selected methods=('bayes_cov_horizon',)
2026-08-17 02:46:14,396 INFO [__main__] gate fitting start candidate=cov
2026-08-17 02:46:14,602 INFO [__main__] gate fitting done candidate=cov
2026-08-17 02:46:14,630 INFO [__main__] experiment done seconds=2.60
2026-08-17 02:46:14,630 INFO [__main__] ========================================================================
2026-08-17T02:46:15+02:00 gates done configuration=1/12 dataset=Electricity model=chronos2 formula=bayes_cov_horizon lags=168 horizon=24 retrieval=raw_euclidean_1_online

2026-08-17T02:46:15+02:00 gates start configuration=1/12 dataset=Electricity model=chronos2 formula=catboost_cov_regressor_shared lags=168 horizon=24 retrieval=raw_euclidean_1_online run=/home/h61084/codes/adapts/outputs/adaptation/catboost_ablation/Electricity/168_24/chronos2/catboost_cov_regressor_shared/raw/euclidean/1/online/run_0 computation_signature=badb25561838f1855f6a509289fd6cce45a1c6434920550b366125ebc3b61844 iterations=300 learning_rate=0.03 depth=4 early_stopping_rounds=50 task_type=CPU thread_count=2 validation_fraction=0.2 seed=1
2026-08-17 02:46:21,113 INFO [__main__] ========================================================================
2026-08-17 02:46:21,113 INFO [__main__] selected methods=('catboost_cov_regressor_shared',)
2026-08-17 02:46:23,356 INFO [__main__] gate fitting start candidate=cov
2026-08-17 02:46:25,431 INFO [__main__] gate fitting done candidate=cov
2026-08-17 02:46:26,031 INFO [__main__] experiment done seconds=4.92
2026-08-17 02:46:26,031 INFO [__main__] ========================================================================
2026-08-17T02:46:26+02:00 gates done configuration=1/12 dataset=Electricity model=chronos2 formula=catboost_cov_regressor_shared lags=168 horizon=24 retrieval=raw_euclidean_1_online

2026-08-17T02:46:26+02:00 gates start configuration=1/12 dataset=Electricity model=chronos2 formula=catboost_cov_regressor_shared_soft lags=168 horizon=24 retrieval=raw_euclidean_1_online run=/home/h61084/codes/adapts/outputs/adaptation/catboost_ablation/Electricity/168_24/chronos2/catboost_cov_regressor_shared_soft/raw/euclidean/1/online/run_0 computation_signature=db9a19ad3a08e68078c4ffeb0ab607858c8a9c6f84738ccc263401af08adc0a2 iterations=300 learning_rate=0.03 depth=4 early_stopping_rounds=50 task_type=CPU thread_count=2 validation_fraction=0.2 seed=1
2026-08-17 02:46:29,215 INFO [__main__] ========================================================================
2026-08-17 02:46:29,215 INFO [__main__] selected methods=('catboost_cov_regressor_shared_soft',)
2026-08-17 02:46:31,449 INFO [__main__] gate fitting start candidate=cov
2026-08-17 02:46:33,320 INFO [__main__] gate fitting done candidate=cov
2026-08-17 02:46:33,889 INFO [__main__] experiment done seconds=4.67
2026-08-17 02:46:33,889 INFO [__main__] ========================================================================
2026-08-17T02:46:34+02:00 gates done configuration=1/12 dataset=Electricity model=chronos2 formula=catboost_cov_regressor_shared_soft lags=168 horizon=24 retrieval=raw_euclidean_1_online

2026-08-17T02:46:34+02:00 gates start configuration=1/12 dataset=Electricity model=chronos2 formula=catboost_cov_regressor_horizon lags=168 horizon=24 retrieval=raw_euclidean_1_online run=/home/h61084/codes/adapts/outputs/adaptation/catboost_ablation/Electricity/168_24/chronos2/catboost_cov_regressor_horizon/raw/euclidean/1/online/run_0 computation_signature=edc0528de10ccaa910aae9a601619e9a71660fe83bc570c44d3aedeb3481d326 iterations=300 learning_rate=0.03 depth=4 early_stopping_rounds=50 task_type=CPU thread_count=2 validation_fraction=0.2 seed=1
2026-08-17 02:46:37,042 INFO [__main__] ========================================================================
2026-08-17 02:46:37,043 INFO [__main__] selected methods=('catboost_cov_regressor_horizon',)
2026-08-17 02:46:39,390 INFO [__main__] gate fitting start candidate=cov
2026-08-17 02:47:00,375 INFO [__main__] gate fitting done candidate=cov
2026-08-17 02:47:00,989 INFO [__main__] experiment done seconds=23.94
2026-08-17 02:47:00,990 INFO [__main__] ========================================================================
2026-08-17T02:47:01+02:00 gates done configuration=1/12 dataset=Electricity model=chronos2 formula=catboost_cov_regressor_horizon lags=168 horizon=24 retrieval=raw_euclidean_1_online

2026-08-17T02:47:01+02:00 gates start configuration=1/12 dataset=Electricity model=chronos2 formula=catboost_cov_classifier_shared lags=168 horizon=24 retrieval=raw_euclidean_1_online run=/home/h61084/codes/adapts/outputs/adaptation/catboost_ablation/Electricity/168_24/chronos2/catboost_cov_classifier_shared/raw/euclidean/1/online/run_0 computation_signature=467b57099a7464f5a51995c2ca520b3d6da4b874a264f607a8b55d26db4bd22a iterations=300 learning_rate=0.03 depth=4 early_stopping_rounds=50 task_type=CPU thread_count=2 validation_fraction=0.2 seed=1
2026-08-17 02:47:04,268 INFO [__main__] ========================================================================
2026-08-17 02:47:04,268 INFO [__main__] selected methods=('catboost_cov_classifier_shared',)
2026-08-17 02:47:06,938 INFO [__main__] gate fitting start candidate=cov
2026-08-17 02:47:13,607 INFO [__main__] gate fitting done candidate=cov
2026-08-17 02:47:14,174 INFO [__main__] experiment done seconds=9.90
2026-08-17 02:47:14,174 INFO [__main__] ========================================================================
2026-08-17T02:47:14+02:00 gates done configuration=1/12 dataset=Electricity model=chronos2 formula=catboost_cov_classifier_shared lags=168 horizon=24 retrieval=raw_euclidean_1_online

2026-08-17T02:47:15+02:00 gates start configuration=1/12 dataset=Electricity model=chronos2 formula=oracle_cov_shared lags=168 horizon=24 retrieval=raw_euclidean_1_online run=/home/h61084/codes/adapts/outputs/adaptation/catboost_ablation/Electricity/168_24/chronos2/oracle_cov_shared/raw/euclidean/1/online/run_0 computation_signature=a676c10d63f0fc37536c115e138229b43ddae07bf831d90c23ab9f89023ccede iterations=300 learning_rate=0.03 depth=4 early_stopping_rounds=50 task_type=CPU thread_count=2 validation_fraction=0.2 seed=1
2026-08-17 02:47:17,342 INFO [__main__] ========================================================================
2026-08-17 02:47:17,343 INFO [__main__] selected methods=('oracle_cov_shared',)
2026-08-17 02:47:19,705 INFO [__main__] gate fitting start candidate=cov
2026-08-17 02:47:19,908 INFO [__main__] gate fitting done candidate=cov
2026-08-17 02:47:19,936 INFO [__main__] experiment done seconds=2.59
2026-08-17 02:47:19,936 INFO [__main__] ========================================================================
2026-08-17T02:47:20+02:00 gates done configuration=1/12 dataset=Electricity model=chronos2 formula=oracle_cov_shared lags=168 horizon=24 retrieval=raw_euclidean_1_online

2026-08-17T02:47:20+02:00 gates start configuration=1/12 dataset=Electricity model=chronos2 formula=oracle_cov_horizon lags=168 horizon=24 retrieval=raw_euclidean_1_online run=/home/h61084/codes/adapts/outputs/adaptation/catboost_ablation/Electricity/168_24/chronos2/oracle_cov_horizon/raw/euclidean/1/online/run_0 computation_signature=da530ac413445275c5f1fe49221bf96a4408035bc162f0bafcf9f02526db7b96 iterations=300 learning_rate=0.03 depth=4 early_stopping_rounds=50 task_type=CPU thread_count=2 validation_fraction=0.2 seed=1
2026-08-17 02:47:22,952 INFO [__main__] ========================================================================
2026-08-17 02:47:22,952 INFO [__main__] selected methods=('oracle_cov_horizon',)
2026-08-17 02:47:25,287 INFO [__main__] gate fitting start candidate=cov
2026-08-17 02:47:25,480 INFO [__main__] gate fitting done candidate=cov
2026-08-17 02:47:25,508 INFO [__main__] experiment done seconds=2.55
2026-08-17 02:47:25,508 INFO [__main__] ========================================================================
2026-08-17T02:47:26+02:00 gates done configuration=1/12 dataset=Electricity model=chronos2 formula=oracle_cov_horizon lags=168 horizon=24 retrieval=raw_euclidean_1_online
2026-08-17 02:47:28,289 INFO [__main__] extraction validation directory=/home/h61084/codes/adapts/outputs/extraction/Electricity/336_48/chronos2/raw/euclidean/1/online/run_1 status=complete

2026-08-17T02:47:28+02:00 gates start configuration=2/12 dataset=Electricity model=chronos2 formula=cov_forecast lags=336 horizon=48 retrieval=raw_euclidean_1_online run=/home/h61084/codes/adapts/outputs/adaptation/catboost_ablation/Electricity/336_48/chronos2/cov_forecast/raw/euclidean/1/online/run_0 computation_signature=c57b8bcf66a227968ca15b9aea9352ad6d6843e1e2e99e98a2b55c6ab72bdb2e iterations=300 learning_rate=0.03 depth=4 early_stopping_rounds=50 task_type=CPU thread_count=2 validation_fraction=0.2 seed=1
2026-08-17 02:47:31,298 INFO [__main__] ========================================================================
2026-08-17 02:47:31,298 INFO [__main__] selected methods=('cov_forecast',)
2026-08-17 02:47:34,591 INFO [__main__] experiment done seconds=3.29
2026-08-17 02:47:34,591 INFO [__main__] ========================================================================
2026-08-17T02:47:35+02:00 gates done configuration=2/12 dataset=Electricity model=chronos2 formula=cov_forecast lags=336 horizon=48 retrieval=raw_euclidean_1_online

2026-08-17T02:47:35+02:00 gates start configuration=2/12 dataset=Electricity model=chronos2 formula=bayes_cov_shared lags=336 horizon=48 retrieval=raw_euclidean_1_online run=/home/h61084/codes/adapts/outputs/adaptation/catboost_ablation/Electricity/336_48/chronos2/bayes_cov_shared/raw/euclidean/1/online/run_0 computation_signature=6be6a88f9b51633ad29b9106632d181bb268dd83d668fd393ed7128a72b344f5 iterations=300 learning_rate=0.03 depth=4 early_stopping_rounds=50 task_type=CPU thread_count=2 validation_fraction=0.2 seed=1
2026-08-17 02:47:37,837 INFO [__main__] ========================================================================
2026-08-17 02:47:37,837 INFO [__main__] selected methods=('bayes_cov_shared',)
2026-08-17 02:47:40,694 INFO [__main__] gate fitting start candidate=cov
2026-08-17 02:47:41,002 INFO [__main__] gate fitting done candidate=cov
2026-08-17 02:47:41,029 INFO [__main__] experiment done seconds=3.19
2026-08-17 02:47:41,030 INFO [__main__] ========================================================================
2026-08-17T02:47:41+02:00 gates done configuration=2/12 dataset=Electricity model=chronos2 formula=bayes_cov_shared lags=336 horizon=48 retrieval=raw_euclidean_1_online

2026-08-17T02:47:41+02:00 gates start configuration=2/12 dataset=Electricity model=chronos2 formula=bayes_cov_horizon lags=336 horizon=48 retrieval=raw_euclidean_1_online run=/home/h61084/codes/adapts/outputs/adaptation/catboost_ablation/Electricity/336_48/chronos2/bayes_cov_horizon/raw/euclidean/1/online/run_0 computation_signature=342098225b395fd13e4b544130536d94ab1573d625b1cc8ad2c188bdd2303d5b iterations=300 learning_rate=0.03 depth=4 early_stopping_rounds=50 task_type=CPU thread_count=2 validation_fraction=0.2 seed=1
2026-08-17 02:47:44,134 INFO [__main__] ========================================================================
2026-08-17 02:47:44,134 INFO [__main__] selected methods=('bayes_cov_horizon',)
2026-08-17 02:47:46,960 INFO [__main__] gate fitting start candidate=cov
2026-08-17 02:47:47,276 INFO [__main__] gate fitting done candidate=cov
2026-08-17 02:47:47,304 INFO [__main__] experiment done seconds=3.17
2026-08-17 02:47:47,304 INFO [__main__] ========================================================================
2026-08-17T02:47:47+02:00 gates done configuration=2/12 dataset=Electricity model=chronos2 formula=bayes_cov_horizon lags=336 horizon=48 retrieval=raw_euclidean_1_online

2026-08-17T02:47:47+02:00 gates start configuration=2/12 dataset=Electricity model=chronos2 formula=catboost_cov_regressor_shared lags=336 horizon=48 retrieval=raw_euclidean_1_online run=/home/h61084/codes/adapts/outputs/adaptation/catboost_ablation/Electricity/336_48/chronos2/catboost_cov_regressor_shared/raw/euclidean/1/online/run_0 computation_signature=b7ab2200125d3233e08a442d14aabac22087916423f94ccb1cd0a731de34d908 iterations=300 learning_rate=0.03 depth=4 early_stopping_rounds=50 task_type=CPU thread_count=2 validation_fraction=0.2 seed=1
2026-08-17 02:47:50,523 INFO [__main__] ========================================================================
2026-08-17 02:47:50,524 INFO [__main__] selected methods=('catboost_cov_regressor_shared',)
2026-08-17 02:47:53,608 INFO [__main__] gate fitting start candidate=cov
2026-08-17 02:47:56,271 INFO [__main__] gate fitting done candidate=cov
2026-08-17 02:47:56,855 INFO [__main__] experiment done seconds=6.33
2026-08-17 02:47:56,855 INFO [__main__] ========================================================================
2026-08-17T02:47:57+02:00 gates done configuration=2/12 dataset=Electricity model=chronos2 formula=catboost_cov_regressor_shared lags=336 horizon=48 retrieval=raw_euclidean_1_online

2026-08-17T02:47:57+02:00 gates start configuration=2/12 dataset=Electricity model=chronos2 formula=catboost_cov_regressor_shared_soft lags=336 horizon=48 retrieval=raw_euclidean_1_online run=/home/h61084/codes/adapts/outputs/adaptation/catboost_ablation/Electricity/336_48/chronos2/catboost_cov_regressor_shared_soft/raw/euclidean/1/online/run_0 computation_signature=b6bb0d7672143bdb47d767fd2a25c69d6b8e4a8dc056800233e871a56f009d09 iterations=300 learning_rate=0.03 depth=4 early_stopping_rounds=50 task_type=CPU thread_count=2 validation_fraction=0.2 seed=1
2026-08-17 02:48:00,563 INFO [__main__] ========================================================================
2026-08-17 02:48:00,563 INFO [__main__] selected methods=('catboost_cov_regressor_shared_soft',)
2026-08-17 02:48:03,560 INFO [__main__] gate fitting start candidate=cov
2026-08-17 02:48:06,192 INFO [__main__] gate fitting done candidate=cov
2026-08-17 02:48:06,789 INFO [__main__] experiment done seconds=6.22
2026-08-17 02:48:06,789 INFO [__main__] ========================================================================
2026-08-17T02:48:07+02:00 gates done configuration=2/12 dataset=Electricity model=chronos2 formula=catboost_cov_regressor_shared_soft lags=336 horizon=48 retrieval=raw_euclidean_1_online

2026-08-17T02:48:07+02:00 gates start configuration=2/12 dataset=Electricity model=chronos2 formula=catboost_cov_regressor_horizon lags=336 horizon=48 retrieval=raw_euclidean_1_online run=/home/h61084/codes/adapts/outputs/adaptation/catboost_ablation/Electricity/336_48/chronos2/catboost_cov_regressor_horizon/raw/euclidean/1/online/run_0 computation_signature=dc9248061d09a855d493224ebc54ec49ccffaed934100d71433829c764e70935 iterations=300 learning_rate=0.03 depth=4 early_stopping_rounds=50 task_type=CPU thread_count=2 validation_fraction=0.2 seed=1
2026-08-17 02:48:09,861 INFO [__main__] ========================================================================
2026-08-17 02:48:09,862 INFO [__main__] selected methods=('catboost_cov_regressor_horizon',)
2026-08-17 02:48:13,014 INFO [__main__] gate fitting start candidate=cov
2026-08-17 02:48:53,960 INFO [__main__] gate fitting done candidate=cov
2026-08-17 02:48:54,555 INFO [__main__] experiment done seconds=44.69
2026-08-17 02:48:54,555 INFO [__main__] ========================================================================
2026-08-17T02:48:55+02:00 gates done configuration=2/12 dataset=Electricity model=chronos2 formula=catboost_cov_regressor_horizon lags=336 horizon=48 retrieval=raw_euclidean_1_online

2026-08-17T02:48:55+02:00 gates start configuration=2/12 dataset=Electricity model=chronos2 formula=catboost_cov_classifier_shared lags=336 horizon=48 retrieval=raw_euclidean_1_online run=/home/h61084/codes/adapts/outputs/adaptation/catboost_ablation/Electricity/336_48/chronos2/catboost_cov_classifier_shared/raw/euclidean/1/online/run_0 computation_signature=152025edec20f5a8d231596131c48addabe5e161cc8bd825985074d1d450b1ad iterations=300 learning_rate=0.03 depth=4 early_stopping_rounds=50 task_type=CPU thread_count=2 validation_fraction=0.2 seed=1
2026-08-17 02:48:58,095 INFO [__main__] ========================================================================
2026-08-17 02:48:58,095 INFO [__main__] selected methods=('catboost_cov_classifier_shared',)
2026-08-17 02:49:01,254 INFO [__main__] gate fitting start candidate=cov
2026-08-17 02:49:07,442 INFO [__main__] gate fitting done candidate=cov
2026-08-17 02:49:08,040 INFO [__main__] experiment done seconds=9.94
2026-08-17 02:49:08,041 INFO [__main__] ========================================================================
2026-08-17T02:49:08+02:00 gates done configuration=2/12 dataset=Electricity model=chronos2 formula=catboost_cov_classifier_shared lags=336 horizon=48 retrieval=raw_euclidean_1_online

2026-08-17T02:49:08+02:00 gates start configuration=2/12 dataset=Electricity model=chronos2 formula=oracle_cov_shared lags=336 horizon=48 retrieval=raw_euclidean_1_online run=/home/h61084/codes/adapts/outputs/adaptation/catboost_ablation/Electricity/336_48/chronos2/oracle_cov_shared/raw/euclidean/1/online/run_0 computation_signature=c8998e4f24a105bf1ae9fa9d65e370f896a2110890b24757093ee73425e9e6e1 iterations=300 learning_rate=0.03 depth=4 early_stopping_rounds=50 task_type=CPU thread_count=2 validation_fraction=0.2 seed=1
2026-08-17 02:49:11,584 INFO [__main__] ========================================================================
2026-08-17 02:49:11,585 INFO [__main__] selected methods=('oracle_cov_shared',)
2026-08-17 02:49:14,958 INFO [__main__] gate fitting start candidate=cov
2026-08-17 02:49:15,244 INFO [__main__] gate fitting done candidate=cov
2026-08-17 02:49:15,289 INFO [__main__] experiment done seconds=3.70
2026-08-17 02:49:15,289 INFO [__main__] ========================================================================
2026-08-17T02:49:15+02:00 gates done configuration=2/12 dataset=Electricity model=chronos2 formula=oracle_cov_shared lags=336 horizon=48 retrieval=raw_euclidean_1_online

2026-08-17T02:49:15+02:00 gates start configuration=2/12 dataset=Electricity model=chronos2 formula=oracle_cov_horizon lags=336 horizon=48 retrieval=raw_euclidean_1_online run=/home/h61084/codes/adapts/outputs/adaptation/catboost_ablation/Electricity/336_48/chronos2/oracle_cov_horizon/raw/euclidean/1/online/run_0 computation_signature=c49fe9a3c5eadbb7336ad8578632c92457fad04e9319f4b68ce7107ea785838a iterations=300 learning_rate=0.03 depth=4 early_stopping_rounds=50 task_type=CPU thread_count=2 validation_fraction=0.2 seed=1
2026-08-17 02:49:18,353 INFO [__main__] ========================================================================
2026-08-17 02:49:18,354 INFO [__main__] selected methods=('oracle_cov_horizon',)
2026-08-17 02:49:21,481 INFO [__main__] gate fitting start candidate=cov
2026-08-17 02:49:21,779 INFO [__main__] gate fitting done candidate=cov
2026-08-17 02:49:21,810 INFO [__main__] experiment done seconds=3.45
2026-08-17 02:49:21,810 INFO [__main__] ========================================================================
2026-08-17T02:49:22+02:00 gates done configuration=2/12 dataset=Electricity model=chronos2 formula=oracle_cov_horizon lags=336 horizon=48 retrieval=raw_euclidean_1_online
2026-08-17 02:49:24,571 INFO [__main__] extraction validation directory=/home/h61084/codes/adapts/outputs/extraction/Electricity/504_168/chronos2/raw/euclidean/1/online/run_1 status=complete

2026-08-17T02:49:25+02:00 gates start configuration=3/12 dataset=Electricity model=chronos2 formula=cov_forecast lags=504 horizon=168 retrieval=raw_euclidean_1_online run=/home/h61084/codes/adapts/outputs/adaptation/catboost_ablation/Electricity/504_168/chronos2/cov_forecast/raw/euclidean/1/online/run_0 computation_signature=b192bdf1076408c6b4c515bbcb935d09a02dd75e05d112c1aa095c8844f7a292 iterations=300 learning_rate=0.03 depth=4 early_stopping_rounds=50 task_type=CPU thread_count=2 validation_fraction=0.2 seed=1
2026-08-17 02:49:27,484 INFO [__main__] ========================================================================
2026-08-17 02:49:27,484 INFO [__main__] selected methods=('cov_forecast',)
2026-08-17 02:49:32,130 INFO [__main__] experiment done seconds=4.64
2026-08-17 02:49:32,130 INFO [__main__] ========================================================================
2026-08-17T02:49:32+02:00 gates done configuration=3/12 dataset=Electricity model=chronos2 formula=cov_forecast lags=504 horizon=168 retrieval=raw_euclidean_1_online

2026-08-17T02:49:32+02:00 gates start configuration=3/12 dataset=Electricity model=chronos2 formula=bayes_cov_shared lags=504 horizon=168 retrieval=raw_euclidean_1_online run=/home/h61084/codes/adapts/outputs/adaptation/catboost_ablation/Electricity/504_168/chronos2/bayes_cov_shared/raw/euclidean/1/online/run_0 computation_signature=a2a8c8e0f977de958e4a28e9c3d00809d2663d1c1b96c42af00352cd40ab75de iterations=300 learning_rate=0.03 depth=4 early_stopping_rounds=50 task_type=CPU thread_count=2 validation_fraction=0.2 seed=1
2026-08-17 02:49:35,141 INFO [__main__] ========================================================================
2026-08-17 02:49:35,141 INFO [__main__] selected methods=('bayes_cov_shared',)
2026-08-17 02:49:39,550 INFO [__main__] gate fitting start candidate=cov
2026-08-17 02:49:40,523 INFO [__main__] gate fitting done candidate=cov
2026-08-17 02:49:40,553 INFO [__main__] experiment done seconds=5.41
2026-08-17 02:49:40,553 INFO [__main__] ========================================================================
2026-08-17T02:49:41+02:00 gates done configuration=3/12 dataset=Electricity model=chronos2 formula=bayes_cov_shared lags=504 horizon=168 retrieval=raw_euclidean_1_online

2026-08-17T02:49:41+02:00 gates start configuration=3/12 dataset=Electricity model=chronos2 formula=bayes_cov_horizon lags=504 horizon=168 retrieval=raw_euclidean_1_online run=/home/h61084/codes/adapts/outputs/adaptation/catboost_ablation/Electricity/504_168/chronos2/bayes_cov_horizon/raw/euclidean/1/online/run_0 computation_signature=f94d6726a4a9b9f990327ddcbb791a6519115381f92669e8fbe1e4fe7cdc3da1 iterations=300 learning_rate=0.03 depth=4 early_stopping_rounds=50 task_type=CPU thread_count=2 validation_fraction=0.2 seed=1
2026-08-17 02:49:43,852 INFO [__main__] ========================================================================
2026-08-17 02:49:43,852 INFO [__main__] selected methods=('bayes_cov_horizon',)
2026-08-17 02:49:48,471 INFO [__main__] gate fitting start candidate=cov
2026-08-17 02:49:49,513 INFO [__main__] gate fitting done candidate=cov
2026-08-17 02:49:49,541 INFO [__main__] experiment done seconds=5.69
2026-08-17 02:49:49,541 INFO [__main__] ========================================================================
2026-08-17T02:49:50+02:00 gates done configuration=3/12 dataset=Electricity model=chronos2 formula=bayes_cov_horizon lags=504 horizon=168 retrieval=raw_euclidean_1_online

2026-08-17T02:49:50+02:00 gates start configuration=3/12 dataset=Electricity model=chronos2 formula=catboost_cov_regressor_shared lags=504 horizon=168 retrieval=raw_euclidean_1_online run=/home/h61084/codes/adapts/outputs/adaptation/catboost_ablation/Electricity/504_168/chronos2/catboost_cov_regressor_shared/raw/euclidean/1/online/run_0 computation_signature=2ed2c29d61ccc96316a8ab3cac80f302fed5124aaa6099ed93301e263aa9dcb4 iterations=300 learning_rate=0.03 depth=4 early_stopping_rounds=50 task_type=CPU thread_count=2 validation_fraction=0.2 seed=1
2026-08-17 02:49:52,728 INFO [__main__] ========================================================================
2026-08-17 02:49:52,729 INFO [__main__] selected methods=('catboost_cov_regressor_shared',)
2026-08-17 02:49:57,313 INFO [__main__] gate fitting start candidate=cov
2026-08-17 02:50:00,776 INFO [__main__] gate fitting done candidate=cov
2026-08-17 02:50:01,368 INFO [__main__] experiment done seconds=8.64
2026-08-17 02:50:01,368 INFO [__main__] ========================================================================
2026-08-17T02:50:02+02:00 gates done configuration=3/12 dataset=Electricity model=chronos2 formula=catboost_cov_regressor_shared lags=504 horizon=168 retrieval=raw_euclidean_1_online

2026-08-17T02:50:02+02:00 gates start configuration=3/12 dataset=Electricity model=chronos2 formula=catboost_cov_regressor_shared_soft lags=504 horizon=168 retrieval=raw_euclidean_1_online run=/home/h61084/codes/adapts/outputs/adaptation/catboost_ablation/Electricity/504_168/chronos2/catboost_cov_regressor_shared_soft/raw/euclidean/1/online/run_0 computation_signature=c49b64e1e2bc0d14f5b9077fd9331d392041983417a6477a1f0e8872d96db664 iterations=300 learning_rate=0.03 depth=4 early_stopping_rounds=50 task_type=CPU thread_count=2 validation_fraction=0.2 seed=1
2026-08-17 02:50:04,596 INFO [__main__] ========================================================================
2026-08-17 02:50:04,596 INFO [__main__] selected methods=('catboost_cov_regressor_shared_soft',)
2026-08-17 02:50:08,893 INFO [__main__] gate fitting start candidate=cov
2026-08-17 02:50:12,434 INFO [__main__] gate fitting done candidate=cov
2026-08-17 02:50:13,051 INFO [__main__] experiment done seconds=8.45
2026-08-17 02:50:13,051 INFO [__main__] ========================================================================
2026-08-17T02:50:13+02:00 gates done configuration=3/12 dataset=Electricity model=chronos2 formula=catboost_cov_regressor_shared_soft lags=504 horizon=168 retrieval=raw_euclidean_1_online

2026-08-17T02:50:13+02:00 gates start configuration=3/12 dataset=Electricity model=chronos2 formula=catboost_cov_regressor_horizon lags=504 horizon=168 retrieval=raw_euclidean_1_online run=/home/h61084/codes/adapts/outputs/adaptation/catboost_ablation/Electricity/504_168/chronos2/catboost_cov_regressor_horizon/raw/euclidean/1/online/run_0 computation_signature=f1eafcd8815e37a57d38c2c4b2691d86b9980cddab674a1bb09c4c98f8e344a9 iterations=300 learning_rate=0.03 depth=4 early_stopping_rounds=50 task_type=CPU thread_count=2 validation_fraction=0.2 seed=1
2026-08-17 02:50:16,492 INFO [__main__] ========================================================================
2026-08-17 02:50:16,492 INFO [__main__] selected methods=('catboost_cov_regressor_horizon',)
2026-08-17 02:50:21,145 INFO [__main__] gate fitting start candidate=cov
2026-08-17 02:53:03,077 INFO [__main__] gate fitting done candidate=cov
2026-08-17 02:53:03,690 INFO [__main__] experiment done seconds=167.20
2026-08-17 02:53:03,691 INFO [__main__] ========================================================================
2026-08-17T02:53:04+02:00 gates done configuration=3/12 dataset=Electricity model=chronos2 formula=catboost_cov_regressor_horizon lags=504 horizon=168 retrieval=raw_euclidean_1_online

2026-08-17T02:53:04+02:00 gates start configuration=3/12 dataset=Electricity model=chronos2 formula=catboost_cov_classifier_shared lags=504 horizon=168 retrieval=raw_euclidean_1_online run=/home/h61084/codes/adapts/outputs/adaptation/catboost_ablation/Electricity/504_168/chronos2/catboost_cov_classifier_shared/raw/euclidean/1/online/run_0 computation_signature=13cebbecd512fddfdbf0acfc7711cc73a7520d167f85c1d2d7e9c7906f302757 iterations=300 learning_rate=0.03 depth=4 early_stopping_rounds=50 task_type=CPU thread_count=2 validation_fraction=0.2 seed=1
2026-08-17 02:53:06,972 INFO [__main__] ========================================================================
2026-08-17 02:53:06,972 INFO [__main__] selected methods=('catboost_cov_classifier_shared',)
2026-08-17 02:53:11,336 INFO [__main__] gate fitting start candidate=cov
2026-08-17 02:53:19,877 INFO [__main__] gate fitting done candidate=cov
2026-08-17 02:53:20,451 INFO [__main__] experiment done seconds=13.48
2026-08-17 02:53:20,451 INFO [__main__] ========================================================================
2026-08-17T02:53:21+02:00 gates done configuration=3/12 dataset=Electricity model=chronos2 formula=catboost_cov_classifier_shared lags=504 horizon=168 retrieval=raw_euclidean_1_online

2026-08-17T02:53:21+02:00 gates start configuration=3/12 dataset=Electricity model=chronos2 formula=oracle_cov_shared lags=504 horizon=168 retrieval=raw_euclidean_1_online run=/home/h61084/codes/adapts/outputs/adaptation/catboost_ablation/Electricity/504_168/chronos2/oracle_cov_shared/raw/euclidean/1/online/run_0 computation_signature=acd6e2ecf85d981038a34607fe6b519bfbea7256cf4e22d4d7422790b22d3db3 iterations=300 learning_rate=0.03 depth=4 early_stopping_rounds=50 task_type=CPU thread_count=2 validation_fraction=0.2 seed=1
2026-08-17 02:53:23,642 INFO [__main__] ========================================================================
2026-08-17 02:53:23,642 INFO [__main__] selected methods=('oracle_cov_shared',)
2026-08-17 02:53:27,964 INFO [__main__] gate fitting start candidate=cov
2026-08-17 02:53:28,901 INFO [__main__] gate fitting done candidate=cov
2026-08-17 02:53:28,967 INFO [__main__] experiment done seconds=5.32
2026-08-17 02:53:28,967 INFO [__main__] ========================================================================
2026-08-17T02:53:29+02:00 gates done configuration=3/12 dataset=Electricity model=chronos2 formula=oracle_cov_shared lags=504 horizon=168 retrieval=raw_euclidean_1_online

2026-08-17T02:53:29+02:00 gates start configuration=3/12 dataset=Electricity model=chronos2 formula=oracle_cov_horizon lags=504 horizon=168 retrieval=raw_euclidean_1_online run=/home/h61084/codes/adapts/outputs/adaptation/catboost_ablation/Electricity/504_168/chronos2/oracle_cov_horizon/raw/euclidean/1/online/run_0 computation_signature=1d1a8582e773ebb9f7cf481884bbf0d62849bbc0e11e0544a5d03b0f7d6661a8 iterations=300 learning_rate=0.03 depth=4 early_stopping_rounds=50 task_type=CPU thread_count=2 validation_fraction=0.2 seed=1
2026-08-17 02:53:32,116 INFO [__main__] ========================================================================
2026-08-17 02:53:32,116 INFO [__main__] selected methods=('oracle_cov_horizon',)
2026-08-17 02:53:36,639 INFO [__main__] gate fitting start candidate=cov
2026-08-17 02:53:37,561 INFO [__main__] gate fitting done candidate=cov
2026-08-17 02:53:37,591 INFO [__main__] experiment done seconds=5.47
2026-08-17 02:53:37,591 INFO [__main__] ========================================================================
2026-08-17T02:53:38+02:00 gates done configuration=3/12 dataset=Electricity model=chronos2 formula=oracle_cov_horizon lags=504 horizon=168 retrieval=raw_euclidean_1_online
2026-08-17 02:53:40,356 INFO [__main__] extraction validation directory=/home/h61084/codes/adapts/outputs/extraction/Traffic/168_24/chronos2/raw/euclidean/1/online/run_1 status=complete

2026-08-17T02:53:40+02:00 gates start configuration=4/12 dataset=Traffic model=chronos2 formula=cov_forecast lags=168 horizon=24 retrieval=raw_euclidean_1_online run=/home/h61084/codes/adapts/outputs/adaptation/catboost_ablation/Traffic/168_24/chronos2/cov_forecast/raw/euclidean/1/online/run_0 computation_signature=178425ab95fdf206d5ef2514183c1786d09bc4fef063e887cdf7d98d973f6068 iterations=300 learning_rate=0.03 depth=4 early_stopping_rounds=50 task_type=CPU thread_count=2 validation_fraction=0.2 seed=1
2026-08-17 02:53:43,769 INFO [__main__] ========================================================================
2026-08-17 02:53:43,769 INFO [__main__] selected methods=('cov_forecast',)
2026-08-17 02:53:47,048 INFO [__main__] experiment done seconds=3.28
2026-08-17 02:53:47,049 INFO [__main__] ========================================================================
2026-08-17T02:53:47+02:00 gates done configuration=4/12 dataset=Traffic model=chronos2 formula=cov_forecast lags=168 horizon=24 retrieval=raw_euclidean_1_online

2026-08-17T02:53:47+02:00 gates start configuration=4/12 dataset=Traffic model=chronos2 formula=bayes_cov_shared lags=168 horizon=24 retrieval=raw_euclidean_1_online run=/home/h61084/codes/adapts/outputs/adaptation/catboost_ablation/Traffic/168_24/chronos2/bayes_cov_shared/raw/euclidean/1/online/run_0 computation_signature=b23ebee0c7af1bf8696b7c651b8ca9cae578ea93f231f1dbed3bb3bdccef83e0 iterations=300 learning_rate=0.03 depth=4 early_stopping_rounds=50 task_type=CPU thread_count=2 validation_fraction=0.2 seed=1
2026-08-17 02:53:50,053 INFO [__main__] ========================================================================
2026-08-17 02:53:50,053 INFO [__main__] selected methods=('bayes_cov_shared',)
2026-08-17 02:53:53,056 INFO [__main__] gate fitting start candidate=cov
2026-08-17 02:53:53,358 INFO [__main__] gate fitting done candidate=cov
2026-08-17 02:53:53,385 INFO [__main__] experiment done seconds=3.33
2026-08-17 02:53:53,385 INFO [__main__] ========================================================================
2026-08-17T02:53:53+02:00 gates done configuration=4/12 dataset=Traffic model=chronos2 formula=bayes_cov_shared lags=168 horizon=24 retrieval=raw_euclidean_1_online

2026-08-17T02:53:54+02:00 gates start configuration=4/12 dataset=Traffic model=chronos2 formula=bayes_cov_horizon lags=168 horizon=24 retrieval=raw_euclidean_1_online run=/home/h61084/codes/adapts/outputs/adaptation/catboost_ablation/Traffic/168_24/chronos2/bayes_cov_horizon/raw/euclidean/1/online/run_0 computation_signature=ea71fdad5cdaeb440663431d62d50fec2c06c4194e4635c899a0710b120ea63b iterations=300 learning_rate=0.03 depth=4 early_stopping_rounds=50 task_type=CPU thread_count=2 validation_fraction=0.2 seed=1
2026-08-17 02:53:56,450 INFO [__main__] ========================================================================
2026-08-17 02:53:56,451 INFO [__main__] selected methods=('bayes_cov_horizon',)
2026-08-17 02:53:59,514 INFO [__main__] gate fitting start candidate=cov
2026-08-17 02:53:59,800 INFO [__main__] gate fitting done candidate=cov
2026-08-17 02:53:59,841 INFO [__main__] experiment done seconds=3.39
2026-08-17 02:53:59,841 INFO [__main__] ========================================================================
2026-08-17T02:54:00+02:00 gates done configuration=4/12 dataset=Traffic model=chronos2 formula=bayes_cov_horizon lags=168 horizon=24 retrieval=raw_euclidean_1_online

2026-08-17T02:54:00+02:00 gates start configuration=4/12 dataset=Traffic model=chronos2 formula=catboost_cov_regressor_shared lags=168 horizon=24 retrieval=raw_euclidean_1_online run=/home/h61084/codes/adapts/outputs/adaptation/catboost_ablation/Traffic/168_24/chronos2/catboost_cov_regressor_shared/raw/euclidean/1/online/run_0 computation_signature=a7d61d3ce5edf3d51cdbf1b4207d73a1c1cdf05a62c49fd8597041a4e80715c4 iterations=300 learning_rate=0.03 depth=4 early_stopping_rounds=50 task_type=CPU thread_count=2 validation_fraction=0.2 seed=1
2026-08-17 02:54:02,874 INFO [__main__] ========================================================================
2026-08-17 02:54:02,874 INFO [__main__] selected methods=('catboost_cov_regressor_shared',)
2026-08-17 02:54:05,827 INFO [__main__] gate fitting start candidate=cov
2026-08-17 02:54:13,911 INFO [__main__] gate fitting done candidate=cov
2026-08-17 02:54:14,502 INFO [__main__] experiment done seconds=11.62
2026-08-17 02:54:14,502 INFO [__main__] ========================================================================
2026-08-17T02:54:15+02:00 gates done configuration=4/12 dataset=Traffic model=chronos2 formula=catboost_cov_regressor_shared lags=168 horizon=24 retrieval=raw_euclidean_1_online

2026-08-17T02:54:15+02:00 gates start configuration=4/12 dataset=Traffic model=chronos2 formula=catboost_cov_regressor_shared_soft lags=168 horizon=24 retrieval=raw_euclidean_1_online run=/home/h61084/codes/adapts/outputs/adaptation/catboost_ablation/Traffic/168_24/chronos2/catboost_cov_regressor_shared_soft/raw/euclidean/1/online/run_0 computation_signature=d286368c9ec1b466f55f687b2bc2f975ed15d7d63ab50df79edb2eb4ed54faf8 iterations=300 learning_rate=0.03 depth=4 early_stopping_rounds=50 task_type=CPU thread_count=2 validation_fraction=0.2 seed=1
2026-08-17 02:54:17,809 INFO [__main__] ========================================================================
2026-08-17 02:54:17,809 INFO [__main__] selected methods=('catboost_cov_regressor_shared_soft',)
2026-08-17 02:54:20,747 INFO [__main__] gate fitting start candidate=cov
2026-08-17 02:54:28,769 INFO [__main__] gate fitting done candidate=cov
2026-08-17 02:54:29,333 INFO [__main__] experiment done seconds=11.52
2026-08-17 02:54:29,333 INFO [__main__] ========================================================================
2026-08-17T02:54:29+02:00 gates done configuration=4/12 dataset=Traffic model=chronos2 formula=catboost_cov_regressor_shared_soft lags=168 horizon=24 retrieval=raw_euclidean_1_online

2026-08-17T02:54:30+02:00 gates start configuration=4/12 dataset=Traffic model=chronos2 formula=catboost_cov_regressor_horizon lags=168 horizon=24 retrieval=raw_euclidean_1_online run=/home/h61084/codes/adapts/outputs/adaptation/catboost_ablation/Traffic/168_24/chronos2/catboost_cov_regressor_horizon/raw/euclidean/1/online/run_0 computation_signature=d628bbce2e763bfcea889911b10d9cbac4ab61585a8039b67b2baf1c2b798195 iterations=300 learning_rate=0.03 depth=4 early_stopping_rounds=50 task_type=CPU thread_count=2 validation_fraction=0.2 seed=1
2026-08-17 02:54:32,541 INFO [__main__] ========================================================================
2026-08-17 02:54:32,542 INFO [__main__] selected methods=('catboost_cov_regressor_horizon',)
2026-08-17 02:54:35,703 INFO [__main__] gate fitting start candidate=cov
2026-08-17 02:56:03,322 INFO [__main__] gate fitting done candidate=cov
2026-08-17 02:56:03,982 INFO [__main__] experiment done seconds=91.44
2026-08-17 02:56:03,982 INFO [__main__] ========================================================================
2026-08-17T02:56:04+02:00 gates done configuration=4/12 dataset=Traffic model=chronos2 formula=catboost_cov_regressor_horizon lags=168 horizon=24 retrieval=raw_euclidean_1_online

2026-08-17T02:56:04+02:00 gates start configuration=4/12 dataset=Traffic model=chronos2 formula=catboost_cov_classifier_shared lags=168 horizon=24 retrieval=raw_euclidean_1_online run=/home/h61084/codes/adapts/outputs/adaptation/catboost_ablation/Traffic/168_24/chronos2/catboost_cov_classifier_shared/raw/euclidean/1/online/run_0 computation_signature=6ab1108e1f2db9202bc3131ccb19f690410a84f4c2652c5ffbcda033e85f4759 iterations=300 learning_rate=0.03 depth=4 early_stopping_rounds=50 task_type=CPU thread_count=2 validation_fraction=0.2 seed=1
2026-08-17 02:56:07,407 INFO [__main__] ========================================================================
2026-08-17 02:56:07,407 INFO [__main__] selected methods=('catboost_cov_classifier_shared',)
2026-08-17 02:56:10,648 INFO [__main__] gate fitting start candidate=cov
2026-08-17 02:56:22,430 INFO [__main__] gate fitting done candidate=cov
2026-08-17 02:56:23,012 INFO [__main__] experiment done seconds=15.60
2026-08-17 02:56:23,012 INFO [__main__] ========================================================================
2026-08-17T02:56:23+02:00 gates done configuration=4/12 dataset=Traffic model=chronos2 formula=catboost_cov_classifier_shared lags=168 horizon=24 retrieval=raw_euclidean_1_online

2026-08-17T02:56:23+02:00 gates start configuration=4/12 dataset=Traffic model=chronos2 formula=oracle_cov_shared lags=168 horizon=24 retrieval=raw_euclidean_1_online run=/home/h61084/codes/adapts/outputs/adaptation/catboost_ablation/Traffic/168_24/chronos2/oracle_cov_shared/raw/euclidean/1/online/run_0 computation_signature=12805b8632eea77671165074975f5094933026f0d9b56bc7a806bf1ac626396d iterations=300 learning_rate=0.03 depth=4 early_stopping_rounds=50 task_type=CPU thread_count=2 validation_fraction=0.2 seed=1
2026-08-17 02:56:26,431 INFO [__main__] ========================================================================
2026-08-17 02:56:26,431 INFO [__main__] selected methods=('oracle_cov_shared',)
2026-08-17 02:56:29,405 INFO [__main__] gate fitting start candidate=cov
2026-08-17 02:56:29,682 INFO [__main__] gate fitting done candidate=cov
2026-08-17 02:56:29,709 INFO [__main__] experiment done seconds=3.27
2026-08-17 02:56:29,709 INFO [__main__] ========================================================================
2026-08-17T02:56:30+02:00 gates done configuration=4/12 dataset=Traffic model=chronos2 formula=oracle_cov_shared lags=168 horizon=24 retrieval=raw_euclidean_1_online

2026-08-17T02:56:30+02:00 gates start configuration=4/12 dataset=Traffic model=chronos2 formula=oracle_cov_horizon lags=168 horizon=24 retrieval=raw_euclidean_1_online run=/home/h61084/codes/adapts/outputs/adaptation/catboost_ablation/Traffic/168_24/chronos2/oracle_cov_horizon/raw/euclidean/1/online/run_0 computation_signature=be2eca10c53561a517262386159d6f7abd449a9a5566e411eaa7dd46405e9498 iterations=300 learning_rate=0.03 depth=4 early_stopping_rounds=50 task_type=CPU thread_count=2 validation_fraction=0.2 seed=1
2026-08-17 02:56:32,972 INFO [__main__] ========================================================================
2026-08-17 02:56:32,973 INFO [__main__] selected methods=('oracle_cov_horizon',)
2026-08-17 02:56:36,169 INFO [__main__] gate fitting start candidate=cov
2026-08-17 02:56:36,444 INFO [__main__] gate fitting done candidate=cov
2026-08-17 02:56:36,471 INFO [__main__] experiment done seconds=3.50
2026-08-17 02:56:36,471 INFO [__main__] ========================================================================
2026-08-17T02:56:36+02:00 gates done configuration=4/12 dataset=Traffic model=chronos2 formula=oracle_cov_horizon lags=168 horizon=24 retrieval=raw_euclidean_1_online
2026-08-17 02:56:39,188 INFO [__main__] extraction validation directory=/home/h61084/codes/adapts/outputs/extraction/Traffic/336_48/chronos2/raw/euclidean/1/online/run_1 status=complete

2026-08-17T02:56:39+02:00 gates start configuration=5/12 dataset=Traffic model=chronos2 formula=cov_forecast lags=336 horizon=48 retrieval=raw_euclidean_1_online run=/home/h61084/codes/adapts/outputs/adaptation/catboost_ablation/Traffic/336_48/chronos2/cov_forecast/raw/euclidean/1/online/run_0 computation_signature=e056a266bed6aeb90535aa7f272057f0608e70ce6a6ddfbe73afb99efff58904 iterations=300 learning_rate=0.03 depth=4 early_stopping_rounds=50 task_type=CPU thread_count=2 validation_fraction=0.2 seed=1
2026-08-17 02:56:42,307 INFO [__main__] ========================================================================
2026-08-17 02:56:42,308 INFO [__main__] selected methods=('cov_forecast',)
2026-08-17 02:56:46,610 INFO [__main__] experiment done seconds=4.30
2026-08-17 02:56:46,610 INFO [__main__] ========================================================================
2026-08-17T02:56:47+02:00 gates done configuration=5/12 dataset=Traffic model=chronos2 formula=cov_forecast lags=336 horizon=48 retrieval=raw_euclidean_1_online

2026-08-17T02:56:47+02:00 gates start configuration=5/12 dataset=Traffic model=chronos2 formula=bayes_cov_shared lags=336 horizon=48 retrieval=raw_euclidean_1_online run=/home/h61084/codes/adapts/outputs/adaptation/catboost_ablation/Traffic/336_48/chronos2/bayes_cov_shared/raw/euclidean/1/online/run_0 computation_signature=1ced2991c8450d61b92ecae87e048ce3701e820abcd6a3e192a3cd8f9b16250e iterations=300 learning_rate=0.03 depth=4 early_stopping_rounds=50 task_type=CPU thread_count=2 validation_fraction=0.2 seed=1
2026-08-17 02:56:49,938 INFO [__main__] ========================================================================
2026-08-17 02:56:49,938 INFO [__main__] selected methods=('bayes_cov_shared',)
2026-08-17 02:56:53,902 INFO [__main__] gate fitting start candidate=cov
2026-08-17 02:56:54,403 INFO [__main__] gate fitting done candidate=cov
2026-08-17 02:56:54,433 INFO [__main__] experiment done seconds=4.49
2026-08-17 02:56:54,433 INFO [__main__] ========================================================================
2026-08-17T02:56:54+02:00 gates done configuration=5/12 dataset=Traffic model=chronos2 formula=bayes_cov_shared lags=336 horizon=48 retrieval=raw_euclidean_1_online

2026-08-17T02:56:55+02:00 gates start configuration=5/12 dataset=Traffic model=chronos2 formula=bayes_cov_horizon lags=336 horizon=48 retrieval=raw_euclidean_1_online run=/home/h61084/codes/adapts/outputs/adaptation/catboost_ablation/Traffic/336_48/chronos2/bayes_cov_horizon/raw/euclidean/1/online/run_0 computation_signature=9e3f0a28130bb6c34792c281f9967eb3292dd0f283edc063781425b784d59ab5 iterations=300 learning_rate=0.03 depth=4 early_stopping_rounds=50 task_type=CPU thread_count=2 validation_fraction=0.2 seed=1
2026-08-17 02:56:57,936 INFO [__main__] ========================================================================
2026-08-17 02:56:57,936 INFO [__main__] selected methods=('bayes_cov_horizon',)
2026-08-17 02:57:01,857 INFO [__main__] gate fitting start candidate=cov
2026-08-17 02:57:02,363 INFO [__main__] gate fitting done candidate=cov
2026-08-17 02:57:02,391 INFO [__main__] experiment done seconds=4.45
2026-08-17 02:57:02,391 INFO [__main__] ========================================================================
2026-08-17T02:57:02+02:00 gates done configuration=5/12 dataset=Traffic model=chronos2 formula=bayes_cov_horizon lags=336 horizon=48 retrieval=raw_euclidean_1_online

2026-08-17T02:57:03+02:00 gates start configuration=5/12 dataset=Traffic model=chronos2 formula=catboost_cov_regressor_shared lags=336 horizon=48 retrieval=raw_euclidean_1_online run=/home/h61084/codes/adapts/outputs/adaptation/catboost_ablation/Traffic/336_48/chronos2/catboost_cov_regressor_shared/raw/euclidean/1/online/run_0 computation_signature=8ab3bd3ebb695583094c95f54f6f4196899fe174e89888fc6d33a578d05eb7b5 iterations=300 learning_rate=0.03 depth=4 early_stopping_rounds=50 task_type=CPU thread_count=2 validation_fraction=0.2 seed=1
2026-08-17 02:57:05,487 INFO [__main__] ========================================================================
2026-08-17 02:57:05,487 INFO [__main__] selected methods=('catboost_cov_regressor_shared',)
2026-08-17 02:57:09,642 INFO [__main__] gate fitting start candidate=cov
2026-08-17 02:57:17,897 INFO [__main__] gate fitting done candidate=cov
2026-08-17 02:57:18,541 INFO [__main__] experiment done seconds=13.05
2026-08-17 02:57:18,541 INFO [__main__] ========================================================================
2026-08-17T02:57:19+02:00 gates done configuration=5/12 dataset=Traffic model=chronos2 formula=catboost_cov_regressor_shared lags=336 horizon=48 retrieval=raw_euclidean_1_online

2026-08-17T02:57:19+02:00 gates start configuration=5/12 dataset=Traffic model=chronos2 formula=catboost_cov_regressor_shared_soft lags=336 horizon=48 retrieval=raw_euclidean_1_online run=/home/h61084/codes/adapts/outputs/adaptation/catboost_ablation/Traffic/336_48/chronos2/catboost_cov_regressor_shared_soft/raw/euclidean/1/online/run_0 computation_signature=b35d79199a76d5a122dc566016ba43acc9ded76b7cb53ad64f85cec7d0665ed4 iterations=300 learning_rate=0.03 depth=4 early_stopping_rounds=50 task_type=CPU thread_count=2 validation_fraction=0.2 seed=1
2026-08-17 02:57:21,901 INFO [__main__] ========================================================================
2026-08-17 02:57:21,901 INFO [__main__] selected methods=('catboost_cov_regressor_shared_soft',)
2026-08-17 02:57:26,100 INFO [__main__] gate fitting start candidate=cov
2026-08-17 02:57:33,977 INFO [__main__] gate fitting done candidate=cov
2026-08-17 02:57:34,558 INFO [__main__] experiment done seconds=12.65
2026-08-17 02:57:34,559 INFO [__main__] ========================================================================
2026-08-17T02:57:35+02:00 gates done configuration=5/12 dataset=Traffic model=chronos2 formula=catboost_cov_regressor_shared_soft lags=336 horizon=48 retrieval=raw_euclidean_1_online

2026-08-17T02:57:35+02:00 gates start configuration=5/12 dataset=Traffic model=chronos2 formula=catboost_cov_regressor_horizon lags=336 horizon=48 retrieval=raw_euclidean_1_online run=/home/h61084/codes/adapts/outputs/adaptation/catboost_ablation/Traffic/336_48/chronos2/catboost_cov_regressor_horizon/raw/euclidean/1/online/run_0 computation_signature=b138731e44e5845650527d266ad43f5feb60f852c5b44caeb912e30edf4ea1db iterations=300 learning_rate=0.03 depth=4 early_stopping_rounds=50 task_type=CPU thread_count=2 validation_fraction=0.2 seed=1
2026-08-17 02:57:37,814 INFO [__main__] ========================================================================
2026-08-17 02:57:37,815 INFO [__main__] selected methods=('catboost_cov_regressor_horizon',)
2026-08-17 02:57:41,906 INFO [__main__] gate fitting start candidate=cov
2026-08-17 02:59:47,706 INFO [__main__] gate fitting done candidate=cov
2026-08-17 02:59:48,420 INFO [__main__] experiment done seconds=130.60
2026-08-17 02:59:48,420 INFO [__main__] ========================================================================
2026-08-17T02:59:49+02:00 gates done configuration=5/12 dataset=Traffic model=chronos2 formula=catboost_cov_regressor_horizon lags=336 horizon=48 retrieval=raw_euclidean_1_online

2026-08-17T02:59:49+02:00 gates start configuration=5/12 dataset=Traffic model=chronos2 formula=catboost_cov_classifier_shared lags=336 horizon=48 retrieval=raw_euclidean_1_online run=/home/h61084/codes/adapts/outputs/adaptation/catboost_ablation/Traffic/336_48/chronos2/catboost_cov_classifier_shared/raw/euclidean/1/online/run_0 computation_signature=8ce0ac8cdcf744de7eb8beac1492744495ccca7c098a1e45c0d64cb6c5d94bf7 iterations=300 learning_rate=0.03 depth=4 early_stopping_rounds=50 task_type=CPU thread_count=2 validation_fraction=0.2 seed=1
2026-08-17 02:59:51,648 INFO [__main__] ========================================================================
2026-08-17 02:59:51,648 INFO [__main__] selected methods=('catboost_cov_classifier_shared',)
2026-08-17 02:59:55,775 INFO [__main__] gate fitting start candidate=cov
2026-08-17 03:00:07,396 INFO [__main__] gate fitting done candidate=cov
2026-08-17 03:00:07,981 INFO [__main__] experiment done seconds=16.33
2026-08-17 03:00:07,981 INFO [__main__] ========================================================================
2026-08-17T03:00:08+02:00 gates done configuration=5/12 dataset=Traffic model=chronos2 formula=catboost_cov_classifier_shared lags=336 horizon=48 retrieval=raw_euclidean_1_online

2026-08-17T03:00:08+02:00 gates start configuration=5/12 dataset=Traffic model=chronos2 formula=oracle_cov_shared lags=336 horizon=48 retrieval=raw_euclidean_1_online run=/home/h61084/codes/adapts/outputs/adaptation/catboost_ablation/Traffic/336_48/chronos2/oracle_cov_shared/raw/euclidean/1/online/run_0 computation_signature=1cf69f01271b8db95bf5db4328181074cac891f1a2a3c72dcb49003fac5377c6 iterations=300 learning_rate=0.03 depth=4 early_stopping_rounds=50 task_type=CPU thread_count=2 validation_fraction=0.2 seed=1
2026-08-17 03:00:11,272 INFO [__main__] ========================================================================
2026-08-17 03:00:11,272 INFO [__main__] selected methods=('oracle_cov_shared',)
2026-08-17 03:00:15,476 INFO [__main__] gate fitting start candidate=cov
2026-08-17 03:00:15,947 INFO [__main__] gate fitting done candidate=cov
2026-08-17 03:00:15,979 INFO [__main__] experiment done seconds=4.70
2026-08-17 03:00:15,979 INFO [__main__] ========================================================================
2026-08-17T03:00:16+02:00 gates done configuration=5/12 dataset=Traffic model=chronos2 formula=oracle_cov_shared lags=336 horizon=48 retrieval=raw_euclidean_1_online

2026-08-17T03:00:16+02:00 gates start configuration=5/12 dataset=Traffic model=chronos2 formula=oracle_cov_horizon lags=336 horizon=48 retrieval=raw_euclidean_1_online run=/home/h61084/codes/adapts/outputs/adaptation/catboost_ablation/Traffic/336_48/chronos2/oracle_cov_horizon/raw/euclidean/1/online/run_0 computation_signature=2d98f3316400b809067fd390c46164053403f59e1ec5b5de5d1ac75359908d7e iterations=300 learning_rate=0.03 depth=4 early_stopping_rounds=50 task_type=CPU thread_count=2 validation_fraction=0.2 seed=1
2026-08-17 03:00:19,046 INFO [__main__] ========================================================================
2026-08-17 03:00:19,046 INFO [__main__] selected methods=('oracle_cov_horizon',)
2026-08-17 03:00:23,121 INFO [__main__] gate fitting start candidate=cov
2026-08-17 03:00:23,621 INFO [__main__] gate fitting done candidate=cov
2026-08-17 03:00:23,649 INFO [__main__] experiment done seconds=4.60
2026-08-17 03:00:23,649 INFO [__main__] ========================================================================
2026-08-17T03:00:24+02:00 gates done configuration=5/12 dataset=Traffic model=chronos2 formula=oracle_cov_horizon lags=336 horizon=48 retrieval=raw_euclidean_1_online
2026-08-17 03:00:26,395 INFO [__main__] extraction validation directory=/home/h61084/codes/adapts/outputs/extraction/Traffic/504_168/chronos2/raw/euclidean/1/online/run_1 status=complete

2026-08-17T03:00:26+02:00 gates start configuration=6/12 dataset=Traffic model=chronos2 formula=cov_forecast lags=504 horizon=168 retrieval=raw_euclidean_1_online run=/home/h61084/codes/adapts/outputs/adaptation/catboost_ablation/Traffic/504_168/chronos2/cov_forecast/raw/euclidean/1/online/run_0 computation_signature=16d01bd7d5c5189301b9d66be5d35192616676ed28d2ec39bae1d3c9bf02236a iterations=300 learning_rate=0.03 depth=4 early_stopping_rounds=50 task_type=CPU thread_count=2 validation_fraction=0.2 seed=1
2026-08-17 03:00:29,322 INFO [__main__] ========================================================================
2026-08-17 03:00:29,322 INFO [__main__] selected methods=('cov_forecast',)
2026-08-17 03:00:36,571 INFO [__main__] experiment done seconds=7.25
2026-08-17 03:00:36,571 INFO [__main__] ========================================================================
2026-08-17T03:00:37+02:00 gates done configuration=6/12 dataset=Traffic model=chronos2 formula=cov_forecast lags=504 horizon=168 retrieval=raw_euclidean_1_online

2026-08-17T03:00:37+02:00 gates start configuration=6/12 dataset=Traffic model=chronos2 formula=bayes_cov_shared lags=504 horizon=168 retrieval=raw_euclidean_1_online run=/home/h61084/codes/adapts/outputs/adaptation/catboost_ablation/Traffic/504_168/chronos2/bayes_cov_shared/raw/euclidean/1/online/run_0 computation_signature=2e78860e277d056c4e82e62e4c1378374a4ad0d4810c3420a8b38b9c8cb5a11c iterations=300 learning_rate=0.03 depth=4 early_stopping_rounds=50 task_type=CPU thread_count=2 validation_fraction=0.2 seed=1
2026-08-17 03:00:40,090 INFO [__main__] ========================================================================
2026-08-17 03:00:40,090 INFO [__main__] selected methods=('bayes_cov_shared',)
2026-08-17 03:00:46,948 INFO [__main__] gate fitting start candidate=cov
2026-08-17 03:00:48,590 INFO [__main__] gate fitting done candidate=cov
2026-08-17 03:00:48,627 INFO [__main__] experiment done seconds=8.53
2026-08-17 03:00:48,627 INFO [__main__] ========================================================================
2026-08-17T03:00:49+02:00 gates done configuration=6/12 dataset=Traffic model=chronos2 formula=bayes_cov_shared lags=504 horizon=168 retrieval=raw_euclidean_1_online

2026-08-17T03:00:49+02:00 gates start configuration=6/12 dataset=Traffic model=chronos2 formula=bayes_cov_horizon lags=504 horizon=168 retrieval=raw_euclidean_1_online run=/home/h61084/codes/adapts/outputs/adaptation/catboost_ablation/Traffic/504_168/chronos2/bayes_cov_horizon/raw/euclidean/1/online/run_0 computation_signature=ad021a94775c136cd896135936227b332f40336738637f036a30745117aa1e51 iterations=300 learning_rate=0.03 depth=4 early_stopping_rounds=50 task_type=CPU thread_count=2 validation_fraction=0.2 seed=1
2026-08-17 03:00:51,804 INFO [__main__] ========================================================================
2026-08-17 03:00:51,804 INFO [__main__] selected methods=('bayes_cov_horizon',)
2026-08-17 03:00:58,629 INFO [__main__] gate fitting start candidate=cov
2026-08-17 03:01:00,203 INFO [__main__] gate fitting done candidate=cov
2026-08-17 03:01:00,275 INFO [__main__] experiment done seconds=8.47
2026-08-17 03:01:00,275 INFO [__main__] ========================================================================
2026-08-17T03:01:00+02:00 gates done configuration=6/12 dataset=Traffic model=chronos2 formula=bayes_cov_horizon lags=504 horizon=168 retrieval=raw_euclidean_1_online

2026-08-17T03:01:00+02:00 gates start configuration=6/12 dataset=Traffic model=chronos2 formula=catboost_cov_regressor_shared lags=504 horizon=168 retrieval=raw_euclidean_1_online run=/home/h61084/codes/adapts/outputs/adaptation/catboost_ablation/Traffic/504_168/chronos2/catboost_cov_regressor_shared/raw/euclidean/1/online/run_0 computation_signature=6fc4e03352b16491019e511b075d516b70a67bae4c823c94cefe2c2b1f54213f iterations=300 learning_rate=0.03 depth=4 early_stopping_rounds=50 task_type=CPU thread_count=2 validation_fraction=0.2 seed=1
2026-08-17 03:01:03,529 INFO [__main__] ========================================================================
2026-08-17 03:01:03,529 INFO [__main__] selected methods=('catboost_cov_regressor_shared',)
2026-08-17 03:01:10,313 INFO [__main__] gate fitting start candidate=cov
2026-08-17 03:01:20,424 INFO [__main__] gate fitting done candidate=cov
2026-08-17 03:01:21,046 INFO [__main__] experiment done seconds=17.51
2026-08-17 03:01:21,046 INFO [__main__] ========================================================================
2026-08-17T03:01:21+02:00 gates done configuration=6/12 dataset=Traffic model=chronos2 formula=catboost_cov_regressor_shared lags=504 horizon=168 retrieval=raw_euclidean_1_online

2026-08-17T03:01:21+02:00 gates start configuration=6/12 dataset=Traffic model=chronos2 formula=catboost_cov_regressor_shared_soft lags=504 horizon=168 retrieval=raw_euclidean_1_online run=/home/h61084/codes/adapts/outputs/adaptation/catboost_ablation/Traffic/504_168/chronos2/catboost_cov_regressor_shared_soft/raw/euclidean/1/online/run_0 computation_signature=5d339e3ef87553b24b926a282e4fef58ccdaf367f9fb36ff83820db12b1fb612 iterations=300 learning_rate=0.03 depth=4 early_stopping_rounds=50 task_type=CPU thread_count=2 validation_fraction=0.2 seed=1
2026-08-17 03:01:24,697 INFO [__main__] ========================================================================
2026-08-17 03:01:24,697 INFO [__main__] selected methods=('catboost_cov_regressor_shared_soft',)
2026-08-17 03:01:31,669 INFO [__main__] gate fitting start candidate=cov
2026-08-17 03:01:41,829 INFO [__main__] gate fitting done candidate=cov
2026-08-17 03:01:42,417 INFO [__main__] experiment done seconds=17.72
2026-08-17 03:01:42,417 INFO [__main__] ========================================================================
2026-08-17T03:01:43+02:00 gates done configuration=6/12 dataset=Traffic model=chronos2 formula=catboost_cov_regressor_shared_soft lags=504 horizon=168 retrieval=raw_euclidean_1_online

2026-08-17T03:01:43+02:00 gates start configuration=6/12 dataset=Traffic model=chronos2 formula=catboost_cov_regressor_horizon lags=504 horizon=168 retrieval=raw_euclidean_1_online run=/home/h61084/codes/adapts/outputs/adaptation/catboost_ablation/Traffic/504_168/chronos2/catboost_cov_regressor_horizon/raw/euclidean/1/online/run_0 computation_signature=f46feff6a9337f65af772a2dc7b94aba0c211fd8dba2961c39e5365314afc9ec iterations=300 learning_rate=0.03 depth=4 early_stopping_rounds=50 task_type=CPU thread_count=2 validation_fraction=0.2 seed=1
2026-08-17 03:01:46,046 INFO [__main__] ========================================================================
2026-08-17 03:01:46,046 INFO [__main__] selected methods=('catboost_cov_regressor_horizon',)
2026-08-17 03:01:52,730 INFO [__main__] gate fitting start candidate=cov
2026-08-17 03:08:54,042 INFO [__main__] gate fitting done candidate=cov
2026-08-17 03:08:54,695 INFO [__main__] experiment done seconds=428.65
2026-08-17 03:08:54,695 INFO [__main__] ========================================================================
2026-08-17T03:08:55+02:00 gates done configuration=6/12 dataset=Traffic model=chronos2 formula=catboost_cov_regressor_horizon lags=504 horizon=168 retrieval=raw_euclidean_1_online

2026-08-17T03:08:55+02:00 gates start configuration=6/12 dataset=Traffic model=chronos2 formula=catboost_cov_classifier_shared lags=504 horizon=168 retrieval=raw_euclidean_1_online run=/home/h61084/codes/adapts/outputs/adaptation/catboost_ablation/Traffic/504_168/chronos2/catboost_cov_classifier_shared/raw/euclidean/1/online/run_0 computation_signature=15a80b5a08e3afa88f2ad0ec3b2be90b8cd1d26c28ba5a64af70185c50ac09be iterations=300 learning_rate=0.03 depth=4 early_stopping_rounds=50 task_type=CPU thread_count=2 validation_fraction=0.2 seed=1
2026-08-17 03:08:58,048 INFO [__main__] ========================================================================
2026-08-17 03:08:58,049 INFO [__main__] selected methods=('catboost_cov_classifier_shared',)
2026-08-17 03:09:05,056 INFO [__main__] gate fitting start candidate=cov
2026-08-17 03:09:18,962 INFO [__main__] gate fitting done candidate=cov
2026-08-17 03:09:19,549 INFO [__main__] experiment done seconds=21.50
2026-08-17 03:09:19,549 INFO [__main__] ========================================================================
2026-08-17T03:09:20+02:00 gates done configuration=6/12 dataset=Traffic model=chronos2 formula=catboost_cov_classifier_shared lags=504 horizon=168 retrieval=raw_euclidean_1_online

2026-08-17T03:09:20+02:00 gates start configuration=6/12 dataset=Traffic model=chronos2 formula=oracle_cov_shared lags=504 horizon=168 retrieval=raw_euclidean_1_online run=/home/h61084/codes/adapts/outputs/adaptation/catboost_ablation/Traffic/504_168/chronos2/oracle_cov_shared/raw/euclidean/1/online/run_0 computation_signature=ef2d0d0fa4ffe665d068ad66f0c2a21606ab1a5fd03477f53c6e1fc7d0f79176 iterations=300 learning_rate=0.03 depth=4 early_stopping_rounds=50 task_type=CPU thread_count=2 validation_fraction=0.2 seed=1
2026-08-17 03:09:22,902 INFO [__main__] ========================================================================
2026-08-17 03:09:22,902 INFO [__main__] selected methods=('oracle_cov_shared',)
2026-08-17 03:09:29,719 INFO [__main__] gate fitting start candidate=cov
2026-08-17 03:09:31,271 INFO [__main__] gate fitting done candidate=cov
2026-08-17 03:09:31,300 INFO [__main__] experiment done seconds=8.40
2026-08-17 03:09:31,301 INFO [__main__] ========================================================================
2026-08-17T03:09:31+02:00 gates done configuration=6/12 dataset=Traffic model=chronos2 formula=oracle_cov_shared lags=504 horizon=168 retrieval=raw_euclidean_1_online

2026-08-17T03:09:32+02:00 gates start configuration=6/12 dataset=Traffic model=chronos2 formula=oracle_cov_horizon lags=504 horizon=168 retrieval=raw_euclidean_1_online run=/home/h61084/codes/adapts/outputs/adaptation/catboost_ablation/Traffic/504_168/chronos2/oracle_cov_horizon/raw/euclidean/1/online/run_0 computation_signature=20299d81dac3c6dc4731a73420fe172ec98aa4373daf35a08a148ee8b92fa9c9 iterations=300 learning_rate=0.03 depth=4 early_stopping_rounds=50 task_type=CPU thread_count=2 validation_fraction=0.2 seed=1
2026-08-17 03:09:34,472 INFO [__main__] ========================================================================
2026-08-17 03:09:34,472 INFO [__main__] selected methods=('oracle_cov_horizon',)
2026-08-17 03:09:41,335 INFO [__main__] gate fitting start candidate=cov
2026-08-17 03:09:42,850 INFO [__main__] gate fitting done candidate=cov
2026-08-17 03:09:42,885 INFO [__main__] experiment done seconds=8.41
2026-08-17 03:09:42,885 INFO [__main__] ========================================================================
2026-08-17T03:09:43+02:00 gates done configuration=6/12 dataset=Traffic model=chronos2 formula=oracle_cov_horizon lags=504 horizon=168 retrieval=raw_euclidean_1_online
2026-08-17 03:09:45,741 INFO [__main__] extraction validation directory=/home/h61084/codes/adapts/outputs/extraction/Solar/168_24/chronos2/raw/euclidean/1/online/run_1 status=complete

2026-08-17T03:09:46+02:00 gates start configuration=7/12 dataset=Solar model=chronos2 formula=cov_forecast lags=168 horizon=24 retrieval=raw_euclidean_1_online run=/home/h61084/codes/adapts/outputs/adaptation/catboost_ablation/Solar/168_24/chronos2/cov_forecast/raw/euclidean/1/online/run_0 computation_signature=9533e826a5aba85ce33738036997dad653ee59c35cc0c4c938decfcc84443c64 iterations=300 learning_rate=0.03 depth=4 early_stopping_rounds=50 task_type=CPU thread_count=2 validation_fraction=0.2 seed=1
2026-08-17 03:09:48,763 INFO [__main__] ========================================================================
2026-08-17 03:09:48,764 INFO [__main__] selected methods=('cov_forecast',)
2026-08-17 03:09:50,571 INFO [__main__] experiment done seconds=1.80
2026-08-17 03:09:50,571 INFO [__main__] ========================================================================
2026-08-17T03:09:51+02:00 gates done configuration=7/12 dataset=Solar model=chronos2 formula=cov_forecast lags=168 horizon=24 retrieval=raw_euclidean_1_online

2026-08-17T03:09:51+02:00 gates start configuration=7/12 dataset=Solar model=chronos2 formula=bayes_cov_shared lags=168 horizon=24 retrieval=raw_euclidean_1_online run=/home/h61084/codes/adapts/outputs/adaptation/catboost_ablation/Solar/168_24/chronos2/bayes_cov_shared/raw/euclidean/1/online/run_0 computation_signature=df8e0294cdc0aa6fc2e410ce51fcd01313bab3b383a22dfcc6619707b34f71c3 iterations=300 learning_rate=0.03 depth=4 early_stopping_rounds=50 task_type=CPU thread_count=2 validation_fraction=0.2 seed=1
2026-08-17 03:09:53,822 INFO [__main__] ========================================================================
2026-08-17 03:09:53,822 INFO [__main__] selected methods=('bayes_cov_shared',)
2026-08-17 03:09:55,467 INFO [__main__] gate fitting start candidate=cov
2026-08-17 03:09:55,563 INFO [__main__] gate fitting done candidate=cov
2026-08-17 03:09:55,599 INFO [__main__] experiment done seconds=1.77
2026-08-17 03:09:55,600 INFO [__main__] ========================================================================
2026-08-17T03:09:56+02:00 gates done configuration=7/12 dataset=Solar model=chronos2 formula=bayes_cov_shared lags=168 horizon=24 retrieval=raw_euclidean_1_online

2026-08-17T03:09:56+02:00 gates start configuration=7/12 dataset=Solar model=chronos2 formula=bayes_cov_horizon lags=168 horizon=24 retrieval=raw_euclidean_1_online run=/home/h61084/codes/adapts/outputs/adaptation/catboost_ablation/Solar/168_24/chronos2/bayes_cov_horizon/raw/euclidean/1/online/run_0 computation_signature=f9836f4891609d4299216c14c77f5073639a45f4c3bac351ac4f24b13c6af8b5 iterations=300 learning_rate=0.03 depth=4 early_stopping_rounds=50 task_type=CPU thread_count=2 validation_fraction=0.2 seed=1
2026-08-17 03:09:58,612 INFO [__main__] ========================================================================
2026-08-17 03:09:58,613 INFO [__main__] selected methods=('bayes_cov_horizon',)
2026-08-17 03:10:00,306 INFO [__main__] gate fitting start candidate=cov
2026-08-17 03:10:00,398 INFO [__main__] gate fitting done candidate=cov
2026-08-17 03:10:00,433 INFO [__main__] experiment done seconds=1.82
2026-08-17 03:10:00,433 INFO [__main__] ========================================================================
2026-08-17T03:10:00+02:00 gates done configuration=7/12 dataset=Solar model=chronos2 formula=bayes_cov_horizon lags=168 horizon=24 retrieval=raw_euclidean_1_online

2026-08-17T03:10:01+02:00 gates start configuration=7/12 dataset=Solar model=chronos2 formula=catboost_cov_regressor_shared lags=168 horizon=24 retrieval=raw_euclidean_1_online run=/home/h61084/codes/adapts/outputs/adaptation/catboost_ablation/Solar/168_24/chronos2/catboost_cov_regressor_shared/raw/euclidean/1/online/run_0 computation_signature=a68bce6a2716331b0c20082924b3b795042bd4bbf3fb04e09c2886123d082e35 iterations=300 learning_rate=0.03 depth=4 early_stopping_rounds=50 task_type=CPU thread_count=2 validation_fraction=0.2 seed=1
2026-08-17 03:10:03,540 INFO [__main__] ========================================================================
2026-08-17 03:10:03,540 INFO [__main__] selected methods=('catboost_cov_regressor_shared',)
2026-08-17 03:10:05,552 INFO [__main__] gate fitting start candidate=cov
2026-08-17 03:10:06,856 INFO [__main__] gate fitting done candidate=cov
2026-08-17 03:10:07,489 INFO [__main__] experiment done seconds=3.95
2026-08-17 03:10:07,489 INFO [__main__] ========================================================================
2026-08-17T03:10:08+02:00 gates done configuration=7/12 dataset=Solar model=chronos2 formula=catboost_cov_regressor_shared lags=168 horizon=24 retrieval=raw_euclidean_1_online

2026-08-17T03:10:08+02:00 gates start configuration=7/12 dataset=Solar model=chronos2 formula=catboost_cov_regressor_shared_soft lags=168 horizon=24 retrieval=raw_euclidean_1_online run=/home/h61084/codes/adapts/outputs/adaptation/catboost_ablation/Solar/168_24/chronos2/catboost_cov_regressor_shared_soft/raw/euclidean/1/online/run_0 computation_signature=841eb04b83d488401a90fd0ecde56de958a2747ae9a879c109ca0a60e4a5f53b iterations=300 learning_rate=0.03 depth=4 early_stopping_rounds=50 task_type=CPU thread_count=2 validation_fraction=0.2 seed=1
2026-08-17 03:10:10,837 INFO [__main__] ========================================================================
2026-08-17 03:10:10,837 INFO [__main__] selected methods=('catboost_cov_regressor_shared_soft',)
2026-08-17 03:10:12,545 INFO [__main__] gate fitting start candidate=cov
2026-08-17 03:10:13,961 INFO [__main__] gate fitting done candidate=cov
2026-08-17 03:10:14,555 INFO [__main__] experiment done seconds=3.71
2026-08-17 03:10:14,555 INFO [__main__] ========================================================================
2026-08-17T03:10:15+02:00 gates done configuration=7/12 dataset=Solar model=chronos2 formula=catboost_cov_regressor_shared_soft lags=168 horizon=24 retrieval=raw_euclidean_1_online

2026-08-17T03:10:15+02:00 gates start configuration=7/12 dataset=Solar model=chronos2 formula=catboost_cov_regressor_horizon lags=168 horizon=24 retrieval=raw_euclidean_1_online run=/home/h61084/codes/adapts/outputs/adaptation/catboost_ablation/Solar/168_24/chronos2/catboost_cov_regressor_horizon/raw/euclidean/1/online/run_0 computation_signature=d55282b91b5dc096c9f286b9a1f3996c3cfc4d955192a2f72cd7d17a82bba57f iterations=300 learning_rate=0.03 depth=4 early_stopping_rounds=50 task_type=CPU thread_count=2 validation_fraction=0.2 seed=1
2026-08-17 03:10:17,843 INFO [__main__] ========================================================================
2026-08-17 03:10:17,843 INFO [__main__] selected methods=('catboost_cov_regressor_horizon',)
2026-08-17 03:10:19,532 INFO [__main__] gate fitting start candidate=cov
2026-08-17 03:10:29,055 INFO [__main__] gate fitting done candidate=cov
2026-08-17 03:10:29,652 INFO [__main__] experiment done seconds=11.81
2026-08-17 03:10:29,652 INFO [__main__] ========================================================================
2026-08-17T03:10:30+02:00 gates done configuration=7/12 dataset=Solar model=chronos2 formula=catboost_cov_regressor_horizon lags=168 horizon=24 retrieval=raw_euclidean_1_online

2026-08-17T03:10:30+02:00 gates start configuration=7/12 dataset=Solar model=chronos2 formula=catboost_cov_classifier_shared lags=168 horizon=24 retrieval=raw_euclidean_1_online run=/home/h61084/codes/adapts/outputs/adaptation/catboost_ablation/Solar/168_24/chronos2/catboost_cov_classifier_shared/raw/euclidean/1/online/run_0 computation_signature=11d4a2c79f6bd91e28490cfc6ec7b2095933f7cec798a8c035d625a41a9417f2 iterations=300 learning_rate=0.03 depth=4 early_stopping_rounds=50 task_type=CPU thread_count=2 validation_fraction=0.2 seed=1
2026-08-17 03:10:33,051 INFO [__main__] ========================================================================
2026-08-17 03:10:33,051 INFO [__main__] selected methods=('catboost_cov_classifier_shared',)
2026-08-17 03:10:34,739 INFO [__main__] gate fitting start candidate=cov
2026-08-17 03:10:36,071 INFO [__main__] gate fitting done candidate=cov
2026-08-17 03:10:36,660 INFO [__main__] experiment done seconds=3.60
2026-08-17 03:10:36,660 INFO [__main__] ========================================================================
2026-08-17T03:10:37+02:00 gates done configuration=7/12 dataset=Solar model=chronos2 formula=catboost_cov_classifier_shared lags=168 horizon=24 retrieval=raw_euclidean_1_online

2026-08-17T03:10:37+02:00 gates start configuration=7/12 dataset=Solar model=chronos2 formula=oracle_cov_shared lags=168 horizon=24 retrieval=raw_euclidean_1_online run=/home/h61084/codes/adapts/outputs/adaptation/catboost_ablation/Solar/168_24/chronos2/oracle_cov_shared/raw/euclidean/1/online/run_0 computation_signature=2d8126689bbb137dd01a95688d418fbc34834228a380c9b4ef63a2c977d783f0 iterations=300 learning_rate=0.03 depth=4 early_stopping_rounds=50 task_type=CPU thread_count=2 validation_fraction=0.2 seed=1
2026-08-17 03:10:39,955 INFO [__main__] ========================================================================
2026-08-17 03:10:39,955 INFO [__main__] selected methods=('oracle_cov_shared',)
2026-08-17 03:10:41,680 INFO [__main__] gate fitting start candidate=cov
2026-08-17 03:10:41,793 INFO [__main__] gate fitting done candidate=cov
2026-08-17 03:10:41,828 INFO [__main__] experiment done seconds=1.87
2026-08-17 03:10:41,828 INFO [__main__] ========================================================================
2026-08-17T03:10:42+02:00 gates done configuration=7/12 dataset=Solar model=chronos2 formula=oracle_cov_shared lags=168 horizon=24 retrieval=raw_euclidean_1_online

2026-08-17T03:10:42+02:00 gates start configuration=7/12 dataset=Solar model=chronos2 formula=oracle_cov_horizon lags=168 horizon=24 retrieval=raw_euclidean_1_online run=/home/h61084/codes/adapts/outputs/adaptation/catboost_ablation/Solar/168_24/chronos2/oracle_cov_horizon/raw/euclidean/1/online/run_0 computation_signature=44f33eba588be11fb4fe88b15c1937e5439cf18ea3f88474137734bce91aba67 iterations=300 learning_rate=0.03 depth=4 early_stopping_rounds=50 task_type=CPU thread_count=2 validation_fraction=0.2 seed=1
2026-08-17 03:10:45,541 INFO [__main__] ========================================================================
2026-08-17 03:10:45,541 INFO [__main__] selected methods=('oracle_cov_horizon',)
2026-08-17 03:10:47,202 INFO [__main__] gate fitting start candidate=cov
2026-08-17 03:10:47,286 INFO [__main__] gate fitting done candidate=cov
2026-08-17 03:10:47,312 INFO [__main__] experiment done seconds=1.77
2026-08-17 03:10:47,312 INFO [__main__] ========================================================================
2026-08-17T03:10:47+02:00 gates done configuration=7/12 dataset=Solar model=chronos2 formula=oracle_cov_horizon lags=168 horizon=24 retrieval=raw_euclidean_1_online
2026-08-17 03:10:49,935 INFO [__main__] extraction validation directory=/home/h61084/codes/adapts/outputs/extraction/Solar/336_48/chronos2/raw/euclidean/1/online/run_1 status=complete

2026-08-17T03:10:50+02:00 gates start configuration=8/12 dataset=Solar model=chronos2 formula=cov_forecast lags=336 horizon=48 retrieval=raw_euclidean_1_online run=/home/h61084/codes/adapts/outputs/adaptation/catboost_ablation/Solar/336_48/chronos2/cov_forecast/raw/euclidean/1/online/run_0 computation_signature=9c4fe3f8e06a0064d845c376b577f94cd2250901a84e0829c22fe3bc50898948 iterations=300 learning_rate=0.03 depth=4 early_stopping_rounds=50 task_type=CPU thread_count=2 validation_fraction=0.2 seed=1
2026-08-17 03:10:52,998 INFO [__main__] ========================================================================
2026-08-17 03:10:52,998 INFO [__main__] selected methods=('cov_forecast',)
2026-08-17 03:10:54,980 INFO [__main__] experiment done seconds=1.98
2026-08-17 03:10:54,980 INFO [__main__] ========================================================================
2026-08-17T03:10:55+02:00 gates done configuration=8/12 dataset=Solar model=chronos2 formula=cov_forecast lags=336 horizon=48 retrieval=raw_euclidean_1_online

2026-08-17T03:10:55+02:00 gates start configuration=8/12 dataset=Solar model=chronos2 formula=bayes_cov_shared lags=336 horizon=48 retrieval=raw_euclidean_1_online run=/home/h61084/codes/adapts/outputs/adaptation/catboost_ablation/Solar/336_48/chronos2/bayes_cov_shared/raw/euclidean/1/online/run_0 computation_signature=2d8774c788eca5b853482d74faff82de6dfcf6fee18108f6f6da27b10463469e iterations=300 learning_rate=0.03 depth=4 early_stopping_rounds=50 task_type=CPU thread_count=2 validation_fraction=0.2 seed=1
2026-08-17 03:10:58,146 INFO [__main__] ========================================================================
2026-08-17 03:10:58,146 INFO [__main__] selected methods=('bayes_cov_shared',)
2026-08-17 03:10:59,953 INFO [__main__] gate fitting start candidate=cov
2026-08-17 03:11:00,057 INFO [__main__] gate fitting done candidate=cov
2026-08-17 03:11:00,085 INFO [__main__] experiment done seconds=1.94
2026-08-17 03:11:00,085 INFO [__main__] ========================================================================
2026-08-17T03:11:00+02:00 gates done configuration=8/12 dataset=Solar model=chronos2 formula=bayes_cov_shared lags=336 horizon=48 retrieval=raw_euclidean_1_online

2026-08-17T03:11:00+02:00 gates start configuration=8/12 dataset=Solar model=chronos2 formula=bayes_cov_horizon lags=336 horizon=48 retrieval=raw_euclidean_1_online run=/home/h61084/codes/adapts/outputs/adaptation/catboost_ablation/Solar/336_48/chronos2/bayes_cov_horizon/raw/euclidean/1/online/run_0 computation_signature=4da0d951495e9db8bfea632923eed3808634ffc166a3591cf15bfc5a414739c6 iterations=300 learning_rate=0.03 depth=4 early_stopping_rounds=50 task_type=CPU thread_count=2 validation_fraction=0.2 seed=1
2026-08-17 03:11:03,124 INFO [__main__] ========================================================================
2026-08-17 03:11:03,124 INFO [__main__] selected methods=('bayes_cov_horizon',)
2026-08-17 03:11:04,930 INFO [__main__] gate fitting start candidate=cov
2026-08-17 03:11:05,031 INFO [__main__] gate fitting done candidate=cov
2026-08-17 03:11:05,058 INFO [__main__] experiment done seconds=1.93
2026-08-17 03:11:05,058 INFO [__main__] ========================================================================
2026-08-17T03:11:05+02:00 gates done configuration=8/12 dataset=Solar model=chronos2 formula=bayes_cov_horizon lags=336 horizon=48 retrieval=raw_euclidean_1_online

2026-08-17T03:11:05+02:00 gates start configuration=8/12 dataset=Solar model=chronos2 formula=catboost_cov_regressor_shared lags=336 horizon=48 retrieval=raw_euclidean_1_online run=/home/h61084/codes/adapts/outputs/adaptation/catboost_ablation/Solar/336_48/chronos2/catboost_cov_regressor_shared/raw/euclidean/1/online/run_0 computation_signature=0807d2935855630aabc49e0ad148467b18775489e3a51c5c3610d29852c068b4 iterations=300 learning_rate=0.03 depth=4 early_stopping_rounds=50 task_type=CPU thread_count=2 validation_fraction=0.2 seed=1
2026-08-17 03:11:08,100 INFO [__main__] ========================================================================
2026-08-17 03:11:08,100 INFO [__main__] selected methods=('catboost_cov_regressor_shared',)
2026-08-17 03:11:10,230 INFO [__main__] gate fitting start candidate=cov
2026-08-17 03:11:11,831 INFO [__main__] gate fitting done candidate=cov
2026-08-17 03:11:12,477 INFO [__main__] experiment done seconds=4.37
2026-08-17 03:11:12,477 INFO [__main__] ========================================================================
2026-08-17T03:11:13+02:00 gates done configuration=8/12 dataset=Solar model=chronos2 formula=catboost_cov_regressor_shared lags=336 horizon=48 retrieval=raw_euclidean_1_online

2026-08-17T03:11:13+02:00 gates start configuration=8/12 dataset=Solar model=chronos2 formula=catboost_cov_regressor_shared_soft lags=336 horizon=48 retrieval=raw_euclidean_1_online run=/home/h61084/codes/adapts/outputs/adaptation/catboost_ablation/Solar/336_48/chronos2/catboost_cov_regressor_shared_soft/raw/euclidean/1/online/run_0 computation_signature=e025ffd0dc36064c715c68644aafb3f57ffd5eb306367c0bf9e545e5687a4395 iterations=300 learning_rate=0.03 depth=4 early_stopping_rounds=50 task_type=CPU thread_count=2 validation_fraction=0.2 seed=1
2026-08-17 03:11:15,782 INFO [__main__] ========================================================================
2026-08-17 03:11:15,782 INFO [__main__] selected methods=('catboost_cov_regressor_shared_soft',)
2026-08-17 03:11:17,560 INFO [__main__] gate fitting start candidate=cov
2026-08-17 03:11:19,155 INFO [__main__] gate fitting done candidate=cov
2026-08-17 03:11:19,746 INFO [__main__] experiment done seconds=3.96
2026-08-17 03:11:19,747 INFO [__main__] ========================================================================
2026-08-17T03:11:20+02:00 gates done configuration=8/12 dataset=Solar model=chronos2 formula=catboost_cov_regressor_shared_soft lags=336 horizon=48 retrieval=raw_euclidean_1_online

2026-08-17T03:11:20+02:00 gates start configuration=8/12 dataset=Solar model=chronos2 formula=catboost_cov_regressor_horizon lags=336 horizon=48 retrieval=raw_euclidean_1_online run=/home/h61084/codes/adapts/outputs/adaptation/catboost_ablation/Solar/336_48/chronos2/catboost_cov_regressor_horizon/raw/euclidean/1/online/run_0 computation_signature=a66be4c1389aa8128888cce604437d41efbe4394e1806f55e857d36801dd61ae iterations=300 learning_rate=0.03 depth=4 early_stopping_rounds=50 task_type=CPU thread_count=2 validation_fraction=0.2 seed=1
2026-08-17 03:11:23,156 INFO [__main__] ========================================================================
2026-08-17 03:11:23,156 INFO [__main__] selected methods=('catboost_cov_regressor_horizon',)
2026-08-17 03:11:25,014 INFO [__main__] gate fitting start candidate=cov
2026-08-17 03:11:49,843 INFO [__main__] gate fitting done candidate=cov
2026-08-17 03:11:50,433 INFO [__main__] experiment done seconds=27.27
2026-08-17 03:11:50,433 INFO [__main__] ========================================================================
2026-08-17T03:11:51+02:00 gates done configuration=8/12 dataset=Solar model=chronos2 formula=catboost_cov_regressor_horizon lags=336 horizon=48 retrieval=raw_euclidean_1_online

2026-08-17T03:11:51+02:00 gates start configuration=8/12 dataset=Solar model=chronos2 formula=catboost_cov_classifier_shared lags=336 horizon=48 retrieval=raw_euclidean_1_online run=/home/h61084/codes/adapts/outputs/adaptation/catboost_ablation/Solar/336_48/chronos2/catboost_cov_classifier_shared/raw/euclidean/1/online/run_0 computation_signature=da47e2e57bb3468705b08fc6a32d3c2437727fde126f42e5ae8e7378aa7e6019 iterations=300 learning_rate=0.03 depth=4 early_stopping_rounds=50 task_type=CPU thread_count=2 validation_fraction=0.2 seed=1
2026-08-17 03:11:54,028 INFO [__main__] ========================================================================
2026-08-17 03:11:54,029 INFO [__main__] selected methods=('catboost_cov_classifier_shared',)
2026-08-17 03:11:55,903 INFO [__main__] gate fitting start candidate=cov
2026-08-17 03:11:57,418 INFO [__main__] gate fitting done candidate=cov
2026-08-17 03:11:58,028 INFO [__main__] experiment done seconds=4.00
2026-08-17 03:11:58,028 INFO [__main__] ========================================================================
2026-08-17T03:11:58+02:00 gates done configuration=8/12 dataset=Solar model=chronos2 formula=catboost_cov_classifier_shared lags=336 horizon=48 retrieval=raw_euclidean_1_online

2026-08-17T03:11:58+02:00 gates start configuration=8/12 dataset=Solar model=chronos2 formula=oracle_cov_shared lags=336 horizon=48 retrieval=raw_euclidean_1_online run=/home/h61084/codes/adapts/outputs/adaptation/catboost_ablation/Solar/336_48/chronos2/oracle_cov_shared/raw/euclidean/1/online/run_0 computation_signature=ee635022bf51ab08f65f37def5f5f622f516e44e6f758b1ebc436c2e422d2fef iterations=300 learning_rate=0.03 depth=4 early_stopping_rounds=50 task_type=CPU thread_count=2 validation_fraction=0.2 seed=1
2026-08-17 03:12:01,422 INFO [__main__] ========================================================================
2026-08-17 03:12:01,422 INFO [__main__] selected methods=('oracle_cov_shared',)
2026-08-17 03:12:03,315 INFO [__main__] gate fitting start candidate=cov
2026-08-17 03:12:03,415 INFO [__main__] gate fitting done candidate=cov
2026-08-17 03:12:03,448 INFO [__main__] experiment done seconds=2.02
2026-08-17 03:12:03,448 INFO [__main__] ========================================================================
2026-08-17T03:12:04+02:00 gates done configuration=8/12 dataset=Solar model=chronos2 formula=oracle_cov_shared lags=336 horizon=48 retrieval=raw_euclidean_1_online

2026-08-17T03:12:04+02:00 gates start configuration=8/12 dataset=Solar model=chronos2 formula=oracle_cov_horizon lags=336 horizon=48 retrieval=raw_euclidean_1_online run=/home/h61084/codes/adapts/outputs/adaptation/catboost_ablation/Solar/336_48/chronos2/oracle_cov_horizon/raw/euclidean/1/online/run_0 computation_signature=e467fa6aba4ea2401bd2468eb8eff5db1e6917998a57f0395f8b848a237f6289 iterations=300 learning_rate=0.03 depth=4 early_stopping_rounds=50 task_type=CPU thread_count=2 validation_fraction=0.2 seed=1
2026-08-17 03:12:06,710 INFO [__main__] ========================================================================
2026-08-17 03:12:06,711 INFO [__main__] selected methods=('oracle_cov_horizon',)
2026-08-17 03:12:08,748 INFO [__main__] gate fitting start candidate=cov
2026-08-17 03:12:08,870 INFO [__main__] gate fitting done candidate=cov
2026-08-17 03:12:08,900 INFO [__main__] experiment done seconds=2.19
2026-08-17 03:12:08,900 INFO [__main__] ========================================================================
2026-08-17T03:12:09+02:00 gates done configuration=8/12 dataset=Solar model=chronos2 formula=oracle_cov_horizon lags=336 horizon=48 retrieval=raw_euclidean_1_online
2026-08-17 03:12:11,726 INFO [__main__] extraction validation directory=/home/h61084/codes/adapts/outputs/extraction/Solar/504_168/chronos2/raw/euclidean/1/online/run_1 status=complete

2026-08-17T03:12:12+02:00 gates start configuration=9/12 dataset=Solar model=chronos2 formula=cov_forecast lags=504 horizon=168 retrieval=raw_euclidean_1_online run=/home/h61084/codes/adapts/outputs/adaptation/catboost_ablation/Solar/504_168/chronos2/cov_forecast/raw/euclidean/1/online/run_0 computation_signature=d38f63ade6de565e917f4f62016b8d54a1e564e5335a47d8320aefe4f28f1ca4 iterations=300 learning_rate=0.03 depth=4 early_stopping_rounds=50 task_type=CPU thread_count=2 validation_fraction=0.2 seed=1
2026-08-17 03:12:14,749 INFO [__main__] ========================================================================
2026-08-17 03:12:14,749 INFO [__main__] selected methods=('cov_forecast',)
2026-08-17 03:12:17,019 INFO [__main__] experiment done seconds=2.27
2026-08-17 03:12:17,019 INFO [__main__] ========================================================================
2026-08-17T03:12:17+02:00 gates done configuration=9/12 dataset=Solar model=chronos2 formula=cov_forecast lags=504 horizon=168 retrieval=raw_euclidean_1_online

2026-08-17T03:12:17+02:00 gates start configuration=9/12 dataset=Solar model=chronos2 formula=bayes_cov_shared lags=504 horizon=168 retrieval=raw_euclidean_1_online run=/home/h61084/codes/adapts/outputs/adaptation/catboost_ablation/Solar/504_168/chronos2/bayes_cov_shared/raw/euclidean/1/online/run_0 computation_signature=7b768440fe96d6274270a878368d66212280db2a42fa8de8dc263881c5a88043 iterations=300 learning_rate=0.03 depth=4 early_stopping_rounds=50 task_type=CPU thread_count=2 validation_fraction=0.2 seed=1
2026-08-17 03:12:20,106 INFO [__main__] ========================================================================
2026-08-17 03:12:20,106 INFO [__main__] selected methods=('bayes_cov_shared',)
2026-08-17 03:12:22,268 INFO [__main__] gate fitting start candidate=cov
2026-08-17 03:12:22,480 INFO [__main__] gate fitting done candidate=cov
2026-08-17 03:12:22,510 INFO [__main__] experiment done seconds=2.40
2026-08-17 03:12:22,510 INFO [__main__] ========================================================================
2026-08-17T03:12:23+02:00 gates done configuration=9/12 dataset=Solar model=chronos2 formula=bayes_cov_shared lags=504 horizon=168 retrieval=raw_euclidean_1_online

2026-08-17T03:12:23+02:00 gates start configuration=9/12 dataset=Solar model=chronos2 formula=bayes_cov_horizon lags=504 horizon=168 retrieval=raw_euclidean_1_online run=/home/h61084/codes/adapts/outputs/adaptation/catboost_ablation/Solar/504_168/chronos2/bayes_cov_horizon/raw/euclidean/1/online/run_0 computation_signature=b4dd0240be45539a31546068c4e9b4f48d6f1636fce135d4a531afa524d887e0 iterations=300 learning_rate=0.03 depth=4 early_stopping_rounds=50 task_type=CPU thread_count=2 validation_fraction=0.2 seed=1
2026-08-17 03:12:25,777 INFO [__main__] ========================================================================
2026-08-17 03:12:25,777 INFO [__main__] selected methods=('bayes_cov_horizon',)
2026-08-17 03:12:27,779 INFO [__main__] gate fitting start candidate=cov
2026-08-17 03:12:27,980 INFO [__main__] gate fitting done candidate=cov
2026-08-17 03:12:28,008 INFO [__main__] experiment done seconds=2.23
2026-08-17 03:12:28,008 INFO [__main__] ========================================================================
2026-08-17T03:12:28+02:00 gates done configuration=9/12 dataset=Solar model=chronos2 formula=bayes_cov_horizon lags=504 horizon=168 retrieval=raw_euclidean_1_online

2026-08-17T03:12:28+02:00 gates start configuration=9/12 dataset=Solar model=chronos2 formula=catboost_cov_regressor_shared lags=504 horizon=168 retrieval=raw_euclidean_1_online run=/home/h61084/codes/adapts/outputs/adaptation/catboost_ablation/Solar/504_168/chronos2/catboost_cov_regressor_shared/raw/euclidean/1/online/run_0 computation_signature=88af47a1def332b6f78d4dc540bb81f3b717183fdea42a055fcbcc0afd0d6975 iterations=300 learning_rate=0.03 depth=4 early_stopping_rounds=50 task_type=CPU thread_count=2 validation_fraction=0.2 seed=1
2026-08-17 03:12:31,082 INFO [__main__] ========================================================================
2026-08-17 03:12:31,082 INFO [__main__] selected methods=('catboost_cov_regressor_shared',)
2026-08-17 03:12:33,157 INFO [__main__] gate fitting start candidate=cov
2026-08-17 03:12:35,054 INFO [__main__] gate fitting done candidate=cov
2026-08-17 03:12:35,700 INFO [__main__] experiment done seconds=4.61
2026-08-17 03:12:35,700 INFO [__main__] ========================================================================
2026-08-17T03:12:36+02:00 gates done configuration=9/12 dataset=Solar model=chronos2 formula=catboost_cov_regressor_shared lags=504 horizon=168 retrieval=raw_euclidean_1_online

2026-08-17T03:12:36+02:00 gates start configuration=9/12 dataset=Solar model=chronos2 formula=catboost_cov_regressor_shared_soft lags=504 horizon=168 retrieval=raw_euclidean_1_online run=/home/h61084/codes/adapts/outputs/adaptation/catboost_ablation/Solar/504_168/chronos2/catboost_cov_regressor_shared_soft/raw/euclidean/1/online/run_0 computation_signature=a596d784041f99d9a64ae0c566a7c889d0364e04bc0ca79638ab7666bf161d5c iterations=300 learning_rate=0.03 depth=4 early_stopping_rounds=50 task_type=CPU thread_count=2 validation_fraction=0.2 seed=1
2026-08-17 03:12:38,997 INFO [__main__] ========================================================================
2026-08-17 03:12:38,998 INFO [__main__] selected methods=('catboost_cov_regressor_shared_soft',)
2026-08-17 03:12:41,078 INFO [__main__] gate fitting start candidate=cov
2026-08-17 03:12:42,800 INFO [__main__] gate fitting done candidate=cov
2026-08-17 03:12:43,420 INFO [__main__] experiment done seconds=4.42
2026-08-17 03:12:43,421 INFO [__main__] ========================================================================
2026-08-17T03:12:44+02:00 gates done configuration=9/12 dataset=Solar model=chronos2 formula=catboost_cov_regressor_shared_soft lags=504 horizon=168 retrieval=raw_euclidean_1_online

2026-08-17T03:12:44+02:00 gates start configuration=9/12 dataset=Solar model=chronos2 formula=catboost_cov_regressor_horizon lags=504 horizon=168 retrieval=raw_euclidean_1_online run=/home/h61084/codes/adapts/outputs/adaptation/catboost_ablation/Solar/504_168/chronos2/catboost_cov_regressor_horizon/raw/euclidean/1/online/run_0 computation_signature=5242aa17fa52048d0a487dfdf55fdc371be3303df0d29f3b99dd3a306a52dc13 iterations=300 learning_rate=0.03 depth=4 early_stopping_rounds=50 task_type=CPU thread_count=2 validation_fraction=0.2 seed=1
2026-08-17 03:12:46,685 INFO [__main__] ========================================================================
2026-08-17 03:12:46,685 INFO [__main__] selected methods=('catboost_cov_regressor_horizon',)
2026-08-17 03:12:48,698 INFO [__main__] gate fitting start candidate=cov
2026-08-17 03:13:47,603 INFO [__main__] gate fitting done candidate=cov
2026-08-17 03:13:48,298 INFO [__main__] experiment done seconds=61.61
2026-08-17 03:13:48,298 INFO [__main__] ========================================================================
2026-08-17T03:13:48+02:00 gates done configuration=9/12 dataset=Solar model=chronos2 formula=catboost_cov_regressor_horizon lags=504 horizon=168 retrieval=raw_euclidean_1_online

2026-08-17T03:13:49+02:00 gates start configuration=9/12 dataset=Solar model=chronos2 formula=catboost_cov_classifier_shared lags=504 horizon=168 retrieval=raw_euclidean_1_online run=/home/h61084/codes/adapts/outputs/adaptation/catboost_ablation/Solar/504_168/chronos2/catboost_cov_classifier_shared/raw/euclidean/1/online/run_0 computation_signature=bd8121f3a236a146f5995009c45978a08081bebe0a6aea6278eea9b7cea149d8 iterations=300 learning_rate=0.03 depth=4 early_stopping_rounds=50 task_type=CPU thread_count=2 validation_fraction=0.2 seed=1
2026-08-17 03:13:51,621 INFO [__main__] ========================================================================
2026-08-17 03:13:51,621 INFO [__main__] selected methods=('catboost_cov_classifier_shared',)
2026-08-17 03:13:53,985 INFO [__main__] gate fitting start candidate=cov
2026-08-17 03:13:55,788 INFO [__main__] gate fitting done candidate=cov
2026-08-17 03:13:56,386 INFO [__main__] experiment done seconds=4.76
2026-08-17 03:13:56,386 INFO [__main__] ========================================================================
2026-08-17T03:13:57+02:00 gates done configuration=9/12 dataset=Solar model=chronos2 formula=catboost_cov_classifier_shared lags=504 horizon=168 retrieval=raw_euclidean_1_online

2026-08-17T03:13:57+02:00 gates start configuration=9/12 dataset=Solar model=chronos2 formula=oracle_cov_shared lags=504 horizon=168 retrieval=raw_euclidean_1_online run=/home/h61084/codes/adapts/outputs/adaptation/catboost_ablation/Solar/504_168/chronos2/oracle_cov_shared/raw/euclidean/1/online/run_0 computation_signature=f21982ce9f2454db95a50d7d75e58836880144c2c837fdc487f63719e5d387cf iterations=300 learning_rate=0.03 depth=4 early_stopping_rounds=50 task_type=CPU thread_count=2 validation_fraction=0.2 seed=1
2026-08-17 03:14:00,022 INFO [__main__] ========================================================================
2026-08-17 03:14:00,022 INFO [__main__] selected methods=('oracle_cov_shared',)
2026-08-17 03:14:02,069 INFO [__main__] gate fitting start candidate=cov
2026-08-17 03:14:02,266 INFO [__main__] gate fitting done candidate=cov
2026-08-17 03:14:02,293 INFO [__main__] experiment done seconds=2.27
2026-08-17 03:14:02,293 INFO [__main__] ========================================================================
2026-08-17T03:14:02+02:00 gates done configuration=9/12 dataset=Solar model=chronos2 formula=oracle_cov_shared lags=504 horizon=168 retrieval=raw_euclidean_1_online

2026-08-17T03:14:02+02:00 gates start configuration=9/12 dataset=Solar model=chronos2 formula=oracle_cov_horizon lags=504 horizon=168 retrieval=raw_euclidean_1_online run=/home/h61084/codes/adapts/outputs/adaptation/catboost_ablation/Solar/504_168/chronos2/oracle_cov_horizon/raw/euclidean/1/online/run_0 computation_signature=3982a99f7a86ca0ab714f55a23b3d4f394623724fe4e20cbbb785ae083ddd9a2 iterations=300 learning_rate=0.03 depth=4 early_stopping_rounds=50 task_type=CPU thread_count=2 validation_fraction=0.2 seed=1
2026-08-17 03:14:05,375 INFO [__main__] ========================================================================
2026-08-17 03:14:05,375 INFO [__main__] selected methods=('oracle_cov_horizon',)
2026-08-17 03:14:07,334 INFO [__main__] gate fitting start candidate=cov
2026-08-17 03:14:07,535 INFO [__main__] gate fitting done candidate=cov
2026-08-17 03:14:07,562 INFO [__main__] experiment done seconds=2.18
2026-08-17 03:14:07,562 INFO [__main__] ========================================================================
2026-08-17T03:14:08+02:00 gates done configuration=9/12 dataset=Solar model=chronos2 formula=oracle_cov_horizon lags=504 horizon=168 retrieval=raw_euclidean_1_online
2026-08-17 03:14:10,416 INFO [__main__] extraction validation directory=/home/h61084/codes/adapts/outputs/extraction/exchange_rate/168_24/chronos2/raw/euclidean/1/online/run_1 status=complete

2026-08-17T03:14:11+02:00 gates start configuration=10/12 dataset=exchange_rate model=chronos2 formula=cov_forecast lags=168 horizon=24 retrieval=raw_euclidean_1_online run=/home/h61084/codes/adapts/outputs/adaptation/catboost_ablation/exchange_rate/168_24/chronos2/cov_forecast/raw/euclidean/1/online/run_0 computation_signature=c957f2866ddaee40d1e97116387498ede4ad402eb9401a4983136f0507c40b03 iterations=300 learning_rate=0.03 depth=4 early_stopping_rounds=50 task_type=CPU thread_count=2 validation_fraction=0.2 seed=1
2026-08-17 03:14:14,029 INFO [__main__] ========================================================================
2026-08-17 03:14:14,030 INFO [__main__] selected methods=('cov_forecast',)
2026-08-17 03:14:15,732 INFO [__main__] experiment done seconds=1.70
2026-08-17 03:14:15,732 INFO [__main__] ========================================================================
2026-08-17T03:14:16+02:00 gates done configuration=10/12 dataset=exchange_rate model=chronos2 formula=cov_forecast lags=168 horizon=24 retrieval=raw_euclidean_1_online

2026-08-17T03:14:16+02:00 gates start configuration=10/12 dataset=exchange_rate model=chronos2 formula=bayes_cov_shared lags=168 horizon=24 retrieval=raw_euclidean_1_online run=/home/h61084/codes/adapts/outputs/adaptation/catboost_ablation/exchange_rate/168_24/chronos2/bayes_cov_shared/raw/euclidean/1/online/run_0 computation_signature=469ca4bb5670e39c0a07fe37f5aa6e581875d39d7210b4a7d1f043626742257c iterations=300 learning_rate=0.03 depth=4 early_stopping_rounds=50 task_type=CPU thread_count=2 validation_fraction=0.2 seed=1
2026-08-17 03:14:18,756 INFO [__main__] ========================================================================
2026-08-17 03:14:18,756 INFO [__main__] selected methods=('bayes_cov_shared',)
2026-08-17 03:14:20,317 INFO [__main__] gate fitting start candidate=cov
2026-08-17 03:14:20,379 INFO [__main__] gate fitting done candidate=cov
2026-08-17 03:14:20,411 INFO [__main__] experiment done seconds=1.65
2026-08-17 03:14:20,411 INFO [__main__] ========================================================================
2026-08-17T03:14:20+02:00 gates done configuration=10/12 dataset=exchange_rate model=chronos2 formula=bayes_cov_shared lags=168 horizon=24 retrieval=raw_euclidean_1_online

2026-08-17T03:14:21+02:00 gates start configuration=10/12 dataset=exchange_rate model=chronos2 formula=bayes_cov_horizon lags=168 horizon=24 retrieval=raw_euclidean_1_online run=/home/h61084/codes/adapts/outputs/adaptation/catboost_ablation/exchange_rate/168_24/chronos2/bayes_cov_horizon/raw/euclidean/1/online/run_0 computation_signature=76eacd06a83fd2ecdc4fe4765aa4fdf31ad43d8cc159cfe891358f03fd329cc2 iterations=300 learning_rate=0.03 depth=4 early_stopping_rounds=50 task_type=CPU thread_count=2 validation_fraction=0.2 seed=1
2026-08-17 03:14:23,615 INFO [__main__] ========================================================================
2026-08-17 03:14:23,616 INFO [__main__] selected methods=('bayes_cov_horizon',)
2026-08-17 03:14:25,262 INFO [__main__] gate fitting start candidate=cov
2026-08-17 03:14:25,324 INFO [__main__] gate fitting done candidate=cov
2026-08-17 03:14:25,357 INFO [__main__] experiment done seconds=1.74
2026-08-17 03:14:25,357 INFO [__main__] ========================================================================
2026-08-17T03:14:25+02:00 gates done configuration=10/12 dataset=exchange_rate model=chronos2 formula=bayes_cov_horizon lags=168 horizon=24 retrieval=raw_euclidean_1_online

2026-08-17T03:14:26+02:00 gates start configuration=10/12 dataset=exchange_rate model=chronos2 formula=catboost_cov_regressor_shared lags=168 horizon=24 retrieval=raw_euclidean_1_online run=/home/h61084/codes/adapts/outputs/adaptation/catboost_ablation/exchange_rate/168_24/chronos2/catboost_cov_regressor_shared/raw/euclidean/1/online/run_0 computation_signature=6c6dff29253f54a9a2fbd46fa5ffc8415eecf432fa901007884a2d8081f40c84 iterations=300 learning_rate=0.03 depth=4 early_stopping_rounds=50 task_type=CPU thread_count=2 validation_fraction=0.2 seed=1
2026-08-17 03:14:28,462 INFO [__main__] ========================================================================
2026-08-17 03:14:28,462 INFO [__main__] selected methods=('catboost_cov_regressor_shared',)
2026-08-17 03:14:30,052 INFO [__main__] gate fitting start candidate=cov
2026-08-17 03:14:31,265 INFO [__main__] gate fitting done candidate=cov
2026-08-17 03:14:31,872 INFO [__main__] experiment done seconds=3.41
2026-08-17 03:14:31,872 INFO [__main__] ========================================================================
2026-08-17T03:14:32+02:00 gates done configuration=10/12 dataset=exchange_rate model=chronos2 formula=catboost_cov_regressor_shared lags=168 horizon=24 retrieval=raw_euclidean_1_online

2026-08-17T03:14:32+02:00 gates start configuration=10/12 dataset=exchange_rate model=chronos2 formula=catboost_cov_regressor_shared_soft lags=168 horizon=24 retrieval=raw_euclidean_1_online run=/home/h61084/codes/adapts/outputs/adaptation/catboost_ablation/exchange_rate/168_24/chronos2/catboost_cov_regressor_shared_soft/raw/euclidean/1/online/run_0 computation_signature=44c556e01c9879e6f6909207326a05157d2add7c4fe9ee5b67bdca4795796008 iterations=300 learning_rate=0.03 depth=4 early_stopping_rounds=50 task_type=CPU thread_count=2 validation_fraction=0.2 seed=1
2026-08-17 03:14:35,092 INFO [__main__] ========================================================================
2026-08-17 03:14:35,093 INFO [__main__] selected methods=('catboost_cov_regressor_shared_soft',)
2026-08-17 03:14:36,758 INFO [__main__] gate fitting start candidate=cov
2026-08-17 03:14:38,012 INFO [__main__] gate fitting done candidate=cov
2026-08-17 03:14:38,625 INFO [__main__] experiment done seconds=3.53
2026-08-17 03:14:38,625 INFO [__main__] ========================================================================
2026-08-17T03:14:39+02:00 gates done configuration=10/12 dataset=exchange_rate model=chronos2 formula=catboost_cov_regressor_shared_soft lags=168 horizon=24 retrieval=raw_euclidean_1_online

2026-08-17T03:14:39+02:00 gates start configuration=10/12 dataset=exchange_rate model=chronos2 formula=catboost_cov_regressor_horizon lags=168 horizon=24 retrieval=raw_euclidean_1_online run=/home/h61084/codes/adapts/outputs/adaptation/catboost_ablation/exchange_rate/168_24/chronos2/catboost_cov_regressor_horizon/raw/euclidean/1/online/run_0 computation_signature=751807234d2a45411f7322268b13dee91679fe7727ec76afc120b5c78c7695ee iterations=300 learning_rate=0.03 depth=4 early_stopping_rounds=50 task_type=CPU thread_count=2 validation_fraction=0.2 seed=1
2026-08-17 03:14:42,028 INFO [__main__] ========================================================================
2026-08-17 03:14:42,029 INFO [__main__] selected methods=('catboost_cov_regressor_horizon',)
2026-08-17 03:14:43,654 INFO [__main__] gate fitting start candidate=cov
2026-08-17 03:14:50,456 INFO [__main__] gate fitting done candidate=cov
2026-08-17 03:14:51,103 INFO [__main__] experiment done seconds=9.07
2026-08-17 03:14:51,103 INFO [__main__] ========================================================================
2026-08-17T03:14:51+02:00 gates done configuration=10/12 dataset=exchange_rate model=chronos2 formula=catboost_cov_regressor_horizon lags=168 horizon=24 retrieval=raw_euclidean_1_online

2026-08-17T03:14:51+02:00 gates start configuration=10/12 dataset=exchange_rate model=chronos2 formula=catboost_cov_classifier_shared lags=168 horizon=24 retrieval=raw_euclidean_1_online run=/home/h61084/codes/adapts/outputs/adaptation/catboost_ablation/exchange_rate/168_24/chronos2/catboost_cov_classifier_shared/raw/euclidean/1/online/run_0 computation_signature=1ca6bf269037c7644f3b86be957c452efd448eb8be5fc8f8df8e838875bbce95 iterations=300 learning_rate=0.03 depth=4 early_stopping_rounds=50 task_type=CPU thread_count=2 validation_fraction=0.2 seed=1
2026-08-17 03:14:54,419 INFO [__main__] ========================================================================
2026-08-17 03:14:54,419 INFO [__main__] selected methods=('catboost_cov_classifier_shared',)
2026-08-17 03:14:56,329 INFO [__main__] gate fitting start candidate=cov
2026-08-17 03:14:57,689 INFO [__main__] gate fitting done candidate=cov
2026-08-17 03:14:58,291 INFO [__main__] experiment done seconds=3.87
2026-08-17 03:14:58,292 INFO [__main__] ========================================================================
2026-08-17T03:14:58+02:00 gates done configuration=10/12 dataset=exchange_rate model=chronos2 formula=catboost_cov_classifier_shared lags=168 horizon=24 retrieval=raw_euclidean_1_online

2026-08-17T03:14:59+02:00 gates start configuration=10/12 dataset=exchange_rate model=chronos2 formula=oracle_cov_shared lags=168 horizon=24 retrieval=raw_euclidean_1_online run=/home/h61084/codes/adapts/outputs/adaptation/catboost_ablation/exchange_rate/168_24/chronos2/oracle_cov_shared/raw/euclidean/1/online/run_0 computation_signature=a624aa2ebc29856dfd422a7f5e244614609859d18c7b425091f475235a6badf2 iterations=300 learning_rate=0.03 depth=4 early_stopping_rounds=50 task_type=CPU thread_count=2 validation_fraction=0.2 seed=1
2026-08-17 03:15:01,977 INFO [__main__] ========================================================================
2026-08-17 03:15:01,977 INFO [__main__] selected methods=('oracle_cov_shared',)
2026-08-17 03:15:03,583 INFO [__main__] gate fitting start candidate=cov
2026-08-17 03:15:03,640 INFO [__main__] gate fitting done candidate=cov
2026-08-17 03:15:03,669 INFO [__main__] experiment done seconds=1.69
2026-08-17 03:15:03,670 INFO [__main__] ========================================================================
2026-08-17T03:15:04+02:00 gates done configuration=10/12 dataset=exchange_rate model=chronos2 formula=oracle_cov_shared lags=168 horizon=24 retrieval=raw_euclidean_1_online

2026-08-17T03:15:04+02:00 gates start configuration=10/12 dataset=exchange_rate model=chronos2 formula=oracle_cov_horizon lags=168 horizon=24 retrieval=raw_euclidean_1_online run=/home/h61084/codes/adapts/outputs/adaptation/catboost_ablation/exchange_rate/168_24/chronos2/oracle_cov_horizon/raw/euclidean/1/online/run_0 computation_signature=dd3dd376ed7ca086448717fc71ac793a008f70d2678325dcd0489ed0be5f7466 iterations=300 learning_rate=0.03 depth=4 early_stopping_rounds=50 task_type=CPU thread_count=2 validation_fraction=0.2 seed=1
2026-08-17 03:15:06,855 INFO [__main__] ========================================================================
2026-08-17 03:15:06,855 INFO [__main__] selected methods=('oracle_cov_horizon',)
2026-08-17 03:15:08,431 INFO [__main__] gate fitting start candidate=cov
2026-08-17 03:15:08,489 INFO [__main__] gate fitting done candidate=cov
2026-08-17 03:15:08,522 INFO [__main__] experiment done seconds=1.66
2026-08-17 03:15:08,522 INFO [__main__] ========================================================================
2026-08-17T03:15:09+02:00 gates done configuration=10/12 dataset=exchange_rate model=chronos2 formula=oracle_cov_horizon lags=168 horizon=24 retrieval=raw_euclidean_1_online
2026-08-17 03:15:11,194 INFO [__main__] extraction validation directory=/home/h61084/codes/adapts/outputs/extraction/exchange_rate/336_48/chronos2/raw/euclidean/1/online/run_1 status=complete

2026-08-17T03:15:11+02:00 gates start configuration=11/12 dataset=exchange_rate model=chronos2 formula=cov_forecast lags=336 horizon=48 retrieval=raw_euclidean_1_online run=/home/h61084/codes/adapts/outputs/adaptation/catboost_ablation/exchange_rate/336_48/chronos2/cov_forecast/raw/euclidean/1/online/run_0 computation_signature=e5c5d4a2e2fd67db46d5c5f18908e9a4d0e164b8d86435fde9c9008a54b73d24 iterations=300 learning_rate=0.03 depth=4 early_stopping_rounds=50 task_type=CPU thread_count=2 validation_fraction=0.2 seed=1
2026-08-17 03:15:14,188 INFO [__main__] ========================================================================
2026-08-17 03:15:14,188 INFO [__main__] selected methods=('cov_forecast',)
2026-08-17 03:15:15,819 INFO [__main__] experiment done seconds=1.63
2026-08-17 03:15:15,819 INFO [__main__] ========================================================================
2026-08-17T03:15:16+02:00 gates done configuration=11/12 dataset=exchange_rate model=chronos2 formula=cov_forecast lags=336 horizon=48 retrieval=raw_euclidean_1_online

2026-08-17T03:15:16+02:00 gates start configuration=11/12 dataset=exchange_rate model=chronos2 formula=bayes_cov_shared lags=336 horizon=48 retrieval=raw_euclidean_1_online run=/home/h61084/codes/adapts/outputs/adaptation/catboost_ablation/exchange_rate/336_48/chronos2/bayes_cov_shared/raw/euclidean/1/online/run_0 computation_signature=691475bbc4713caecd817d2c8c3a9e120962cc427907b151f28dcf8626562af1 iterations=300 learning_rate=0.03 depth=4 early_stopping_rounds=50 task_type=CPU thread_count=2 validation_fraction=0.2 seed=1
2026-08-17 03:15:19,015 INFO [__main__] ========================================================================
2026-08-17 03:15:19,015 INFO [__main__] selected methods=('bayes_cov_shared',)
2026-08-17 03:15:20,694 INFO [__main__] gate fitting start candidate=cov
2026-08-17 03:15:20,771 INFO [__main__] gate fitting done candidate=cov
2026-08-17 03:15:20,803 INFO [__main__] experiment done seconds=1.78
2026-08-17 03:15:20,803 INFO [__main__] ========================================================================
2026-08-17T03:15:21+02:00 gates done configuration=11/12 dataset=exchange_rate model=chronos2 formula=bayes_cov_shared lags=336 horizon=48 retrieval=raw_euclidean_1_online

2026-08-17T03:15:21+02:00 gates start configuration=11/12 dataset=exchange_rate model=chronos2 formula=bayes_cov_horizon lags=336 horizon=48 retrieval=raw_euclidean_1_online run=/home/h61084/codes/adapts/outputs/adaptation/catboost_ablation/exchange_rate/336_48/chronos2/bayes_cov_horizon/raw/euclidean/1/online/run_0 computation_signature=f55a1baed668eb518beff0b6975f1921ba4d8686a04823d1f72de54ac474ca56 iterations=300 learning_rate=0.03 depth=4 early_stopping_rounds=50 task_type=CPU thread_count=2 validation_fraction=0.2 seed=1
2026-08-17 03:15:28,835 INFO [__main__] ========================================================================
2026-08-17 03:15:28,835 INFO [__main__] selected methods=('bayes_cov_horizon',)
2026-08-17 03:15:30,500 INFO [__main__] gate fitting start candidate=cov
2026-08-17 03:15:30,590 INFO [__main__] gate fitting done candidate=cov
2026-08-17 03:15:30,621 INFO [__main__] experiment done seconds=1.78
2026-08-17 03:15:30,621 INFO [__main__] ========================================================================
2026-08-17T03:15:31+02:00 gates done configuration=11/12 dataset=exchange_rate model=chronos2 formula=bayes_cov_horizon lags=336 horizon=48 retrieval=raw_euclidean_1_online

2026-08-17T03:15:31+02:00 gates start configuration=11/12 dataset=exchange_rate model=chronos2 formula=catboost_cov_regressor_shared lags=336 horizon=48 retrieval=raw_euclidean_1_online run=/home/h61084/codes/adapts/outputs/adaptation/catboost_ablation/exchange_rate/336_48/chronos2/catboost_cov_regressor_shared/raw/euclidean/1/online/run_0 computation_signature=58f12e0f92a1198e2edd040d378723eb2d5218e31c75901470ce5e220033e06c iterations=300 learning_rate=0.03 depth=4 early_stopping_rounds=50 task_type=CPU thread_count=2 validation_fraction=0.2 seed=1
2026-08-17 03:15:33,802 INFO [__main__] ========================================================================
2026-08-17 03:15:33,802 INFO [__main__] selected methods=('catboost_cov_regressor_shared',)
2026-08-17 03:15:35,365 INFO [__main__] gate fitting start candidate=cov
2026-08-17 03:15:36,423 INFO [__main__] gate fitting done candidate=cov
2026-08-17 03:15:36,986 INFO [__main__] experiment done seconds=3.18
2026-08-17 03:15:36,986 INFO [__main__] ========================================================================
2026-08-17T03:15:37+02:00 gates done configuration=11/12 dataset=exchange_rate model=chronos2 formula=catboost_cov_regressor_shared lags=336 horizon=48 retrieval=raw_euclidean_1_online

2026-08-17T03:15:37+02:00 gates start configuration=11/12 dataset=exchange_rate model=chronos2 formula=catboost_cov_regressor_shared_soft lags=336 horizon=48 retrieval=raw_euclidean_1_online run=/home/h61084/codes/adapts/outputs/adaptation/catboost_ablation/exchange_rate/336_48/chronos2/catboost_cov_regressor_shared_soft/raw/euclidean/1/online/run_0 computation_signature=20aacb4b8007712d464d650157cc40c0758d3f7ed815f9611d7faecef2d25fab iterations=300 learning_rate=0.03 depth=4 early_stopping_rounds=50 task_type=CPU thread_count=2 validation_fraction=0.2 seed=1
2026-08-17 03:15:40,207 INFO [__main__] ========================================================================
2026-08-17 03:15:40,207 INFO [__main__] selected methods=('catboost_cov_regressor_shared_soft',)
2026-08-17 03:15:42,083 INFO [__main__] gate fitting start candidate=cov
2026-08-17 03:15:43,180 INFO [__main__] gate fitting done candidate=cov
2026-08-17 03:15:43,779 INFO [__main__] experiment done seconds=3.57
2026-08-17 03:15:43,780 INFO [__main__] ========================================================================
2026-08-17T03:15:44+02:00 gates done configuration=11/12 dataset=exchange_rate model=chronos2 formula=catboost_cov_regressor_shared_soft lags=336 horizon=48 retrieval=raw_euclidean_1_online

2026-08-17T03:15:44+02:00 gates start configuration=11/12 dataset=exchange_rate model=chronos2 formula=catboost_cov_regressor_horizon lags=336 horizon=48 retrieval=raw_euclidean_1_online run=/home/h61084/codes/adapts/outputs/adaptation/catboost_ablation/exchange_rate/336_48/chronos2/catboost_cov_regressor_horizon/raw/euclidean/1/online/run_0 computation_signature=b0b93a7d1084ee6a52915000011e4f7d3877bb2379bd5bad2810b1d5e86f1bf9 iterations=300 learning_rate=0.03 depth=4 early_stopping_rounds=50 task_type=CPU thread_count=2 validation_fraction=0.2 seed=1
2026-08-17 03:15:47,108 INFO [__main__] ========================================================================
2026-08-17 03:15:47,109 INFO [__main__] selected methods=('catboost_cov_regressor_horizon',)
2026-08-17 03:15:48,692 INFO [__main__] gate fitting start candidate=cov
2026-08-17 03:15:58,606 INFO [__main__] gate fitting done candidate=cov
2026-08-17 03:15:59,245 INFO [__main__] experiment done seconds=12.13
2026-08-17 03:15:59,245 INFO [__main__] ========================================================================
2026-08-17T03:15:59+02:00 gates done configuration=11/12 dataset=exchange_rate model=chronos2 formula=catboost_cov_regressor_horizon lags=336 horizon=48 retrieval=raw_euclidean_1_online

2026-08-17T03:16:00+02:00 gates start configuration=11/12 dataset=exchange_rate model=chronos2 formula=catboost_cov_classifier_shared lags=336 horizon=48 retrieval=raw_euclidean_1_online run=/home/h61084/codes/adapts/outputs/adaptation/catboost_ablation/exchange_rate/336_48/chronos2/catboost_cov_classifier_shared/raw/euclidean/1/online/run_0 computation_signature=452eef4edc2c05cc57c97ec0d7b39939c29a578e286b4c1be7400192a04ab208 iterations=300 learning_rate=0.03 depth=4 early_stopping_rounds=50 task_type=CPU thread_count=2 validation_fraction=0.2 seed=1
2026-08-17 03:16:02,762 INFO [__main__] ========================================================================
2026-08-17 03:16:02,762 INFO [__main__] selected methods=('catboost_cov_classifier_shared',)
2026-08-17 03:16:04,566 INFO [__main__] gate fitting start candidate=cov
2026-08-17 03:16:05,900 INFO [__main__] gate fitting done candidate=cov
2026-08-17 03:16:06,497 INFO [__main__] experiment done seconds=3.73
2026-08-17 03:16:06,497 INFO [__main__] ========================================================================
2026-08-17T03:16:07+02:00 gates done configuration=11/12 dataset=exchange_rate model=chronos2 formula=catboost_cov_classifier_shared lags=336 horizon=48 retrieval=raw_euclidean_1_online

2026-08-17T03:16:07+02:00 gates start configuration=11/12 dataset=exchange_rate model=chronos2 formula=oracle_cov_shared lags=336 horizon=48 retrieval=raw_euclidean_1_online run=/home/h61084/codes/adapts/outputs/adaptation/catboost_ablation/exchange_rate/336_48/chronos2/oracle_cov_shared/raw/euclidean/1/online/run_0 computation_signature=92f8df805e77e45568f016d4ca6e34081d9f98977355e895e67d4ad8842efc23 iterations=300 learning_rate=0.03 depth=4 early_stopping_rounds=50 task_type=CPU thread_count=2 validation_fraction=0.2 seed=1
2026-08-17 03:16:10,342 INFO [__main__] ========================================================================
2026-08-17 03:16:10,342 INFO [__main__] selected methods=('oracle_cov_shared',)
2026-08-17 03:16:12,065 INFO [__main__] gate fitting start candidate=cov
2026-08-17 03:16:12,122 INFO [__main__] gate fitting done candidate=cov
2026-08-17 03:16:12,151 INFO [__main__] experiment done seconds=1.81
2026-08-17 03:16:12,152 INFO [__main__] ========================================================================
2026-08-17T03:16:12+02:00 gates done configuration=11/12 dataset=exchange_rate model=chronos2 formula=oracle_cov_shared lags=336 horizon=48 retrieval=raw_euclidean_1_online

2026-08-17T03:16:12+02:00 gates start configuration=11/12 dataset=exchange_rate model=chronos2 formula=oracle_cov_horizon lags=336 horizon=48 retrieval=raw_euclidean_1_online run=/home/h61084/codes/adapts/outputs/adaptation/catboost_ablation/exchange_rate/336_48/chronos2/oracle_cov_horizon/raw/euclidean/1/online/run_0 computation_signature=7623e6b39df909d2841b6ec1a66787001e33a7942d2df87b29dc2d18c50669b2 iterations=300 learning_rate=0.03 depth=4 early_stopping_rounds=50 task_type=CPU thread_count=2 validation_fraction=0.2 seed=1
2026-08-17 03:16:15,264 INFO [__main__] ========================================================================
2026-08-17 03:16:15,264 INFO [__main__] selected methods=('oracle_cov_horizon',)
2026-08-17 03:16:16,951 INFO [__main__] gate fitting start candidate=cov
2026-08-17 03:16:17,014 INFO [__main__] gate fitting done candidate=cov
2026-08-17 03:16:17,045 INFO [__main__] experiment done seconds=1.78
2026-08-17 03:16:17,045 INFO [__main__] ========================================================================
2026-08-17T03:16:17+02:00 gates done configuration=11/12 dataset=exchange_rate model=chronos2 formula=oracle_cov_horizon lags=336 horizon=48 retrieval=raw_euclidean_1_online
2026-08-17 03:16:19,791 INFO [__main__] extraction validation directory=/home/h61084/codes/adapts/outputs/extraction/exchange_rate/504_168/chronos2/raw/euclidean/1/online/run_1 status=complete

2026-08-17T03:16:20+02:00 gates start configuration=12/12 dataset=exchange_rate model=chronos2 formula=cov_forecast lags=504 horizon=168 retrieval=raw_euclidean_1_online run=/home/h61084/codes/adapts/outputs/adaptation/catboost_ablation/exchange_rate/504_168/chronos2/cov_forecast/raw/euclidean/1/online/run_0 computation_signature=4dd09ab2f278b1b378ccdb1cb8689aef0a8f71896e5cbc51f4e6156ce6d97e88 iterations=300 learning_rate=0.03 depth=4 early_stopping_rounds=50 task_type=CPU thread_count=2 validation_fraction=0.2 seed=1
2026-08-17 03:16:22,925 INFO [__main__] ========================================================================
2026-08-17 03:16:22,926 INFO [__main__] selected methods=('cov_forecast',)
2026-08-17 03:16:24,635 INFO [__main__] experiment done seconds=1.71
2026-08-17 03:16:24,635 INFO [__main__] ========================================================================
2026-08-17T03:16:25+02:00 gates done configuration=12/12 dataset=exchange_rate model=chronos2 formula=cov_forecast lags=504 horizon=168 retrieval=raw_euclidean_1_online

2026-08-17T03:16:25+02:00 gates start configuration=12/12 dataset=exchange_rate model=chronos2 formula=bayes_cov_shared lags=504 horizon=168 retrieval=raw_euclidean_1_online run=/home/h61084/codes/adapts/outputs/adaptation/catboost_ablation/exchange_rate/504_168/chronos2/bayes_cov_shared/raw/euclidean/1/online/run_0 computation_signature=6f1d57e47d76c76fa078fc7a098be7b8763edb27d85b537c344a84046ea7e04c iterations=300 learning_rate=0.03 depth=4 early_stopping_rounds=50 task_type=CPU thread_count=2 validation_fraction=0.2 seed=1
2026-08-17 03:16:27,754 INFO [__main__] ========================================================================
2026-08-17 03:16:27,755 INFO [__main__] selected methods=('bayes_cov_shared',)
2026-08-17 03:16:29,373 INFO [__main__] gate fitting start candidate=cov
2026-08-17 03:16:29,447 INFO [__main__] gate fitting done candidate=cov
2026-08-17 03:16:29,476 INFO [__main__] experiment done seconds=1.72
2026-08-17 03:16:29,476 INFO [__main__] ========================================================================
2026-08-17T03:16:29+02:00 gates done configuration=12/12 dataset=exchange_rate model=chronos2 formula=bayes_cov_shared lags=504 horizon=168 retrieval=raw_euclidean_1_online

2026-08-17T03:16:30+02:00 gates start configuration=12/12 dataset=exchange_rate model=chronos2 formula=bayes_cov_horizon lags=504 horizon=168 retrieval=raw_euclidean_1_online run=/home/h61084/codes/adapts/outputs/adaptation/catboost_ablation/exchange_rate/504_168/chronos2/bayes_cov_horizon/raw/euclidean/1/online/run_0 computation_signature=d8d109f078429468a5e399cf99c025e238e92645011642662fe68883cf2a3831 iterations=300 learning_rate=0.03 depth=4 early_stopping_rounds=50 task_type=CPU thread_count=2 validation_fraction=0.2 seed=1
2026-08-17 03:16:32,940 INFO [__main__] ========================================================================
2026-08-17 03:16:32,940 INFO [__main__] selected methods=('bayes_cov_horizon',)
2026-08-17 03:16:34,941 INFO [__main__] gate fitting start candidate=cov
2026-08-17 03:16:35,016 INFO [__main__] gate fitting done candidate=cov
2026-08-17 03:16:35,048 INFO [__main__] experiment done seconds=2.10
2026-08-17 03:16:35,048 INFO [__main__] ========================================================================
2026-08-17T03:16:35+02:00 gates done configuration=12/12 dataset=exchange_rate model=chronos2 formula=bayes_cov_horizon lags=504 horizon=168 retrieval=raw_euclidean_1_online

2026-08-17T03:16:35+02:00 gates start configuration=12/12 dataset=exchange_rate model=chronos2 formula=catboost_cov_regressor_shared lags=504 horizon=168 retrieval=raw_euclidean_1_online run=/home/h61084/codes/adapts/outputs/adaptation/catboost_ablation/exchange_rate/504_168/chronos2/catboost_cov_regressor_shared/raw/euclidean/1/online/run_0 computation_signature=06ac4cf4d93068d60f67f5085f1cdeba1bdf39f30e742a945f9a451ef2b5a8ce iterations=300 learning_rate=0.03 depth=4 early_stopping_rounds=50 task_type=CPU thread_count=2 validation_fraction=0.2 seed=1
2026-08-17 03:16:38,381 INFO [__main__] ========================================================================
2026-08-17 03:16:38,381 INFO [__main__] selected methods=('catboost_cov_regressor_shared',)
2026-08-17 03:16:40,020 INFO [__main__] gate fitting start candidate=cov
2026-08-17 03:16:41,222 INFO [__main__] gate fitting done candidate=cov
2026-08-17 03:16:41,832 INFO [__main__] experiment done seconds=3.45
2026-08-17 03:16:41,832 INFO [__main__] ========================================================================
2026-08-17T03:16:42+02:00 gates done configuration=12/12 dataset=exchange_rate model=chronos2 formula=catboost_cov_regressor_shared lags=504 horizon=168 retrieval=raw_euclidean_1_online

2026-08-17T03:16:42+02:00 gates start configuration=12/12 dataset=exchange_rate model=chronos2 formula=catboost_cov_regressor_shared_soft lags=504 horizon=168 retrieval=raw_euclidean_1_online run=/home/h61084/codes/adapts/outputs/adaptation/catboost_ablation/exchange_rate/504_168/chronos2/catboost_cov_regressor_shared_soft/raw/euclidean/1/online/run_0 computation_signature=3e4eb5996f0eaf0f81da54ea68df7d3b9bff93ccbcf85bd81fd75544ab1c8b0d iterations=300 learning_rate=0.03 depth=4 early_stopping_rounds=50 task_type=CPU thread_count=2 validation_fraction=0.2 seed=1
2026-08-17 03:16:45,192 INFO [__main__] ========================================================================
2026-08-17 03:16:45,192 INFO [__main__] selected methods=('catboost_cov_regressor_shared_soft',)
2026-08-17 03:16:47,194 INFO [__main__] gate fitting start candidate=cov
2026-08-17 03:16:48,537 INFO [__main__] gate fitting done candidate=cov
2026-08-17 03:16:49,226 INFO [__main__] experiment done seconds=4.03
2026-08-17 03:16:49,226 INFO [__main__] ========================================================================
2026-08-17T03:16:49+02:00 gates done configuration=12/12 dataset=exchange_rate model=chronos2 formula=catboost_cov_regressor_shared_soft lags=504 horizon=168 retrieval=raw_euclidean_1_online

2026-08-17T03:16:50+02:00 gates start configuration=12/12 dataset=exchange_rate model=chronos2 formula=catboost_cov_regressor_horizon lags=504 horizon=168 retrieval=raw_euclidean_1_online run=/home/h61084/codes/adapts/outputs/adaptation/catboost_ablation/exchange_rate/504_168/chronos2/catboost_cov_regressor_horizon/raw/euclidean/1/online/run_0 computation_signature=165a846a6092240e046f55a23152b0d0bf84c7d7458d779924189ddd8e6c73cf iterations=300 learning_rate=0.03 depth=4 early_stopping_rounds=50 task_type=CPU thread_count=2 validation_fraction=0.2 seed=1
2026-08-17 03:16:52,919 INFO [__main__] ========================================================================
2026-08-17 03:16:52,919 INFO [__main__] selected methods=('catboost_cov_regressor_horizon',)
2026-08-17 03:16:54,630 INFO [__main__] gate fitting start candidate=cov
2026-08-17 03:17:25,824 INFO [__main__] gate fitting done candidate=cov
2026-08-17 03:17:26,483 INFO [__main__] experiment done seconds=33.56
2026-08-17 03:17:26,483 INFO [__main__] ========================================================================
2026-08-17T03:17:27+02:00 gates done configuration=12/12 dataset=exchange_rate model=chronos2 formula=catboost_cov_regressor_horizon lags=504 horizon=168 retrieval=raw_euclidean_1_online

2026-08-17T03:17:27+02:00 gates start configuration=12/12 dataset=exchange_rate model=chronos2 formula=catboost_cov_classifier_shared lags=504 horizon=168 retrieval=raw_euclidean_1_online run=/home/h61084/codes/adapts/outputs/adaptation/catboost_ablation/exchange_rate/504_168/chronos2/catboost_cov_classifier_shared/raw/euclidean/1/online/run_0 computation_signature=6082c0c09e1c9d5934abd710be2157db4e3b335d16ab14e8f113b14a1cdb74e9 iterations=300 learning_rate=0.03 depth=4 early_stopping_rounds=50 task_type=CPU thread_count=2 validation_fraction=0.2 seed=1
2026-08-17 03:17:30,116 INFO [__main__] ========================================================================
2026-08-17 03:17:30,116 INFO [__main__] selected methods=('catboost_cov_classifier_shared',)
2026-08-17 03:17:32,030 INFO [__main__] gate fitting start candidate=cov
2026-08-17 03:17:33,448 INFO [__main__] gate fitting done candidate=cov
2026-08-17 03:17:34,059 INFO [__main__] experiment done seconds=3.94
2026-08-17 03:17:34,059 INFO [__main__] ========================================================================
2026-08-17T03:17:34+02:00 gates done configuration=12/12 dataset=exchange_rate model=chronos2 formula=catboost_cov_classifier_shared lags=504 horizon=168 retrieval=raw_euclidean_1_online

2026-08-17T03:17:34+02:00 gates start configuration=12/12 dataset=exchange_rate model=chronos2 formula=oracle_cov_shared lags=504 horizon=168 retrieval=raw_euclidean_1_online run=/home/h61084/codes/adapts/outputs/adaptation/catboost_ablation/exchange_rate/504_168/chronos2/oracle_cov_shared/raw/euclidean/1/online/run_0 computation_signature=7ea8d23937f907902167521365475058434636bbe0ff9d2fb9e3688ecaba8903 iterations=300 learning_rate=0.03 depth=4 early_stopping_rounds=50 task_type=CPU thread_count=2 validation_fraction=0.2 seed=1
2026-08-17 03:17:37,308 INFO [__main__] ========================================================================
2026-08-17 03:17:37,308 INFO [__main__] selected methods=('oracle_cov_shared',)
2026-08-17 03:17:38,931 INFO [__main__] gate fitting start candidate=cov
2026-08-17 03:17:39,002 INFO [__main__] gate fitting done candidate=cov
2026-08-17 03:17:39,029 INFO [__main__] experiment done seconds=1.72
2026-08-17 03:17:39,030 INFO [__main__] ========================================================================
2026-08-17T03:17:39+02:00 gates done configuration=12/12 dataset=exchange_rate model=chronos2 formula=oracle_cov_shared lags=504 horizon=168 retrieval=raw_euclidean_1_online

2026-08-17T03:17:39+02:00 gates start configuration=12/12 dataset=exchange_rate model=chronos2 formula=oracle_cov_horizon lags=504 horizon=168 retrieval=raw_euclidean_1_online run=/home/h61084/codes/adapts/outputs/adaptation/catboost_ablation/exchange_rate/504_168/chronos2/oracle_cov_horizon/raw/euclidean/1/online/run_0 computation_signature=48614412f3e4fc084161a38498f7e53bc5b5d748c4255d8ff9c2812c2fb70885 iterations=300 learning_rate=0.03 depth=4 early_stopping_rounds=50 task_type=CPU thread_count=2 validation_fraction=0.2 seed=1
2026-08-17 03:17:42,099 INFO [__main__] ========================================================================
2026-08-17 03:17:42,099 INFO [__main__] selected methods=('oracle_cov_horizon',)
2026-08-17 03:17:43,791 INFO [__main__] gate fitting start candidate=cov
2026-08-17 03:17:43,864 INFO [__main__] gate fitting done candidate=cov
2026-08-17 03:17:43,891 INFO [__main__] experiment done seconds=1.79
2026-08-17 03:17:43,891 INFO [__main__] ========================================================================
2026-08-17T03:17:44+02:00 gates done configuration=12/12 dataset=exchange_rate model=chronos2 formula=oracle_cov_horizon lags=504 horizon=168 retrieval=raw_euclidean_1_online

2026-08-17T03:17:44+02:00 job done kind=gates output=outputs/adaptation/catboost_ablation

2026-08-17T03:17:44+02:00 job start kind=adaptation_extraction family=catboost_ablation experiment_mode=full skip_complete=true tasks=24 datasets=Electricity,Traffic,Solar,exchange_rate models=chronos2 settings=168:24,336:48,504:168 distance_spaces=instance distance_metrics=euclidean neighbors=1
2026-08-17T03:17:44+02:00 skip complete family=extraction dataset=Electricity model=chronos2 lags=168 horizon=24 retrieval=vanilla run=/home/h61084/codes/adapts/outputs/extraction/Electricity/168_24/chronos2/none/none/0/none/run_1
2026-08-17T03:17:44+02:00 skip complete family=extraction dataset=Electricity model=chronos2 lags=168 horizon=24 retrieval=instance_euclidean_1_online run=/home/h61084/codes/adapts/outputs/extraction/Electricity/168_24/chronos2/instance/euclidean/1/online/run_1
2026-08-17T03:17:44+02:00 skip complete family=extraction dataset=Electricity model=chronos2 lags=336 horizon=48 retrieval=vanilla run=/home/h61084/codes/adapts/outputs/extraction/Electricity/336_48/chronos2/none/none/0/none/run_1
2026-08-17T03:17:44+02:00 skip complete family=extraction dataset=Electricity model=chronos2 lags=336 horizon=48 retrieval=instance_euclidean_1_online run=/home/h61084/codes/adapts/outputs/extraction/Electricity/336_48/chronos2/instance/euclidean/1/online/run_1
2026-08-17T03:17:44+02:00 skip complete family=extraction dataset=Electricity model=chronos2 lags=504 horizon=168 retrieval=vanilla run=/home/h61084/codes/adapts/outputs/extraction/Electricity/504_168/chronos2/none/none/0/none/run_2
2026-08-17T03:17:44+02:00 skip complete family=extraction dataset=Electricity model=chronos2 lags=504 horizon=168 retrieval=instance_euclidean_1_online run=/home/h61084/codes/adapts/outputs/extraction/Electricity/504_168/chronos2/instance/euclidean/1/online/run_1
2026-08-17T03:17:45+02:00 skip complete family=extraction dataset=Traffic model=chronos2 lags=168 horizon=24 retrieval=vanilla run=/home/h61084/codes/adapts/outputs/extraction/Traffic/168_24/chronos2/none/none/0/none/run_1
2026-08-17T03:17:45+02:00 skip complete family=extraction dataset=Traffic model=chronos2 lags=168 horizon=24 retrieval=instance_euclidean_1_online run=/home/h61084/codes/adapts/outputs/extraction/Traffic/168_24/chronos2/instance/euclidean/1/online/run_1
2026-08-17T03:17:45+02:00 skip complete family=extraction dataset=Traffic model=chronos2 lags=336 horizon=48 retrieval=vanilla run=/home/h61084/codes/adapts/outputs/extraction/Traffic/336_48/chronos2/none/none/0/none/run_1
2026-08-17T03:17:45+02:00 skip complete family=extraction dataset=Traffic model=chronos2 lags=336 horizon=48 retrieval=instance_euclidean_1_online run=/home/h61084/codes/adapts/outputs/extraction/Traffic/336_48/chronos2/instance/euclidean/1/online/run_1
2026-08-17T03:17:45+02:00 skip complete family=extraction dataset=Traffic model=chronos2 lags=504 horizon=168 retrieval=vanilla run=/home/h61084/codes/adapts/outputs/extraction/Traffic/504_168/chronos2/none/none/0/none/run_1
2026-08-17T03:17:45+02:00 skip complete family=extraction dataset=Traffic model=chronos2 lags=504 horizon=168 retrieval=instance_euclidean_1_online run=/home/h61084/codes/adapts/outputs/extraction/Traffic/504_168/chronos2/instance/euclidean/1/online/run_1
2026-08-17T03:17:45+02:00 skip complete family=extraction dataset=Solar model=chronos2 lags=168 horizon=24 retrieval=vanilla run=/home/h61084/codes/adapts/outputs/extraction/Solar/168_24/chronos2/none/none/0/none/run_1
2026-08-17T03:17:45+02:00 skip complete family=extraction dataset=Solar model=chronos2 lags=168 horizon=24 retrieval=instance_euclidean_1_online run=/home/h61084/codes/adapts/outputs/extraction/Solar/168_24/chronos2/instance/euclidean/1/online/run_1
2026-08-17T03:17:45+02:00 skip complete family=extraction dataset=Solar model=chronos2 lags=336 horizon=48 retrieval=vanilla run=/home/h61084/codes/adapts/outputs/extraction/Solar/336_48/chronos2/none/none/0/none/run_1
2026-08-17T03:17:45+02:00 skip complete family=extraction dataset=Solar model=chronos2 lags=336 horizon=48 retrieval=instance_euclidean_1_online run=/home/h61084/codes/adapts/outputs/extraction/Solar/336_48/chronos2/instance/euclidean/1/online/run_1
2026-08-17T03:17:45+02:00 skip complete family=extraction dataset=Solar model=chronos2 lags=504 horizon=168 retrieval=vanilla run=/home/h61084/codes/adapts/outputs/extraction/Solar/504_168/chronos2/none/none/0/none/run_1
2026-08-17T03:17:45+02:00 skip complete family=extraction dataset=Solar model=chronos2 lags=504 horizon=168 retrieval=instance_euclidean_1_online run=/home/h61084/codes/adapts/outputs/extraction/Solar/504_168/chronos2/instance/euclidean/1/online/run_1
2026-08-17T03:17:45+02:00 skip complete family=extraction dataset=exchange_rate model=chronos2 lags=168 horizon=24 retrieval=vanilla run=/home/h61084/codes/adapts/outputs/extraction/exchange_rate/168_24/chronos2/none/none/0/none/run_1
2026-08-17T03:17:46+02:00 skip complete family=extraction dataset=exchange_rate model=chronos2 lags=168 horizon=24 retrieval=instance_euclidean_1_online run=/home/h61084/codes/adapts/outputs/extraction/exchange_rate/168_24/chronos2/instance/euclidean/1/online/run_1
2026-08-17T03:17:46+02:00 skip complete family=extraction dataset=exchange_rate model=chronos2 lags=336 horizon=48 retrieval=vanilla run=/home/h61084/codes/adapts/outputs/extraction/exchange_rate/336_48/chronos2/none/none/0/none/run_1
2026-08-17T03:17:46+02:00 skip complete family=extraction dataset=exchange_rate model=chronos2 lags=336 horizon=48 retrieval=instance_euclidean_1_online run=/home/h61084/codes/adapts/outputs/extraction/exchange_rate/336_48/chronos2/instance/euclidean/1/online/run_1
2026-08-17T03:17:46+02:00 skip complete family=extraction dataset=exchange_rate model=chronos2 lags=504 horizon=168 retrieval=vanilla run=/home/h61084/codes/adapts/outputs/extraction/exchange_rate/504_168/chronos2/none/none/0/none/run_1
2026-08-17T03:17:46+02:00 skip complete family=extraction dataset=exchange_rate model=chronos2 lags=504 horizon=168 retrieval=instance_euclidean_1_online run=/home/h61084/codes/adapts/outputs/extraction/exchange_rate/504_168/chronos2/instance/euclidean/1/online/run_1

2026-08-17T03:17:46+02:00 job done kind=adaptation_extraction output=outputs/extraction

2026-08-17T03:17:46+02:00 job start kind=gates family=catboost_ablation experiment_mode=full skip_complete=true tasks=12 datasets=Electricity,Traffic,Solar,exchange_rate models=chronos2 settings=168:24,336:48,504:168 distance_spaces=instance distance_metrics=euclidean neighbors=1 methods=avgy,bayes_avgy_shared,bayes_avgy_horizon,catboost_avgy_regressor_shared,catboost_avgy_regressor_shared_soft,catboost_avgy_regressor_horizon,catboost_avgy_classifier_shared,oracle_avgy_shared,oracle_avgy_horizon task_type=CPU thread_count=2 horizon_fits=serial allocated_cpus=16 results_root=outputs/adaptation/catboost_ablation
2026-08-17 03:17:48,641 INFO [__main__] extraction validation directory=/home/h61084/codes/adapts/outputs/extraction/Electricity/168_24/chronos2/instance/euclidean/1/online/run_1 status=complete

2026-08-17T03:17:49+02:00 gates start configuration=1/12 dataset=Electricity model=chronos2 formula=avgy lags=168 horizon=24 retrieval=instance_euclidean_1_online run=/home/h61084/codes/adapts/outputs/adaptation/catboost_ablation/Electricity/168_24/chronos2/avgy/instance/euclidean/1/online/run_0 computation_signature=1c27e1963e2a72f877c5de783ec82e7d6673f6cfabd858ee80572a29cc62fb77 iterations=300 learning_rate=0.03 depth=4 early_stopping_rounds=50 task_type=CPU thread_count=2 validation_fraction=0.2 seed=1
2026-08-17 03:17:51,783 INFO [__main__] ========================================================================
2026-08-17 03:17:51,784 INFO [__main__] selected methods=('avgy',)
2026-08-17 03:17:54,400 INFO [__main__] experiment done seconds=2.61
2026-08-17 03:17:54,400 INFO [__main__] ========================================================================
2026-08-17T03:17:55+02:00 gates done configuration=1/12 dataset=Electricity model=chronos2 formula=avgy lags=168 horizon=24 retrieval=instance_euclidean_1_online

2026-08-17T03:17:55+02:00 gates start configuration=1/12 dataset=Electricity model=chronos2 formula=bayes_avgy_shared lags=168 horizon=24 retrieval=instance_euclidean_1_online run=/home/h61084/codes/adapts/outputs/adaptation/catboost_ablation/Electricity/168_24/chronos2/bayes_avgy_shared/instance/euclidean/1/online/run_0 computation_signature=86f009f262e97a8c0861ee2535d1be6f85817d3ab2ce1d5d6852de2f2acf3886 iterations=300 learning_rate=0.03 depth=4 early_stopping_rounds=50 task_type=CPU thread_count=2 validation_fraction=0.2 seed=1
2026-08-17 03:17:57,737 INFO [__main__] ========================================================================
2026-08-17 03:17:57,737 INFO [__main__] selected methods=('bayes_avgy_shared',)
2026-08-17 03:18:00,105 INFO [__main__] gate fitting start candidate=avgy
2026-08-17 03:18:00,337 INFO [__main__] gate fitting done candidate=avgy
2026-08-17 03:18:00,365 INFO [__main__] experiment done seconds=2.62
2026-08-17 03:18:00,365 INFO [__main__] ========================================================================
2026-08-17T03:18:00+02:00 gates done configuration=1/12 dataset=Electricity model=chronos2 formula=bayes_avgy_shared lags=168 horizon=24 retrieval=instance_euclidean_1_online

2026-08-17T03:18:01+02:00 gates start configuration=1/12 dataset=Electricity model=chronos2 formula=bayes_avgy_horizon lags=168 horizon=24 retrieval=instance_euclidean_1_online run=/home/h61084/codes/adapts/outputs/adaptation/catboost_ablation/Electricity/168_24/chronos2/bayes_avgy_horizon/instance/euclidean/1/online/run_0 computation_signature=b0b8a813dcedcd4e1cfebff5b44ab54c37c8e979c130afabe34a97a6b310d9e7 iterations=300 learning_rate=0.03 depth=4 early_stopping_rounds=50 task_type=CPU thread_count=2 validation_fraction=0.2 seed=1
2026-08-17 03:18:03,487 INFO [__main__] ========================================================================
2026-08-17 03:18:03,487 INFO [__main__] selected methods=('bayes_avgy_horizon',)
2026-08-17 03:18:05,939 INFO [__main__] gate fitting start candidate=avgy
2026-08-17 03:18:06,151 INFO [__main__] gate fitting done candidate=avgy
2026-08-17 03:18:06,179 INFO [__main__] experiment done seconds=2.69
2026-08-17 03:18:06,179 INFO [__main__] ========================================================================
2026-08-17T03:18:06+02:00 gates done configuration=1/12 dataset=Electricity model=chronos2 formula=bayes_avgy_horizon lags=168 horizon=24 retrieval=instance_euclidean_1_online

2026-08-17T03:18:06+02:00 gates start configuration=1/12 dataset=Electricity model=chronos2 formula=catboost_avgy_regressor_shared lags=168 horizon=24 retrieval=instance_euclidean_1_online run=/home/h61084/codes/adapts/outputs/adaptation/catboost_ablation/Electricity/168_24/chronos2/catboost_avgy_regressor_shared/instance/euclidean/1/online/run_0 computation_signature=a605b0a6af82ae046777881bb0966b8f45f296a27a9c8f068a8a1a4f4121ac38 iterations=300 learning_rate=0.03 depth=4 early_stopping_rounds=50 task_type=CPU thread_count=2 validation_fraction=0.2 seed=1
2026-08-17 03:18:09,260 INFO [__main__] ========================================================================
2026-08-17 03:18:09,260 INFO [__main__] selected methods=('catboost_avgy_regressor_shared',)
2026-08-17 03:18:11,643 INFO [__main__] gate fitting start candidate=avgy
2026-08-17 03:18:13,922 INFO [__main__] gate fitting done candidate=avgy
2026-08-17 03:18:14,521 INFO [__main__] experiment done seconds=5.26
2026-08-17 03:18:14,521 INFO [__main__] ========================================================================
2026-08-17T03:18:15+02:00 gates done configuration=1/12 dataset=Electricity model=chronos2 formula=catboost_avgy_regressor_shared lags=168 horizon=24 retrieval=instance_euclidean_1_online

2026-08-17T03:18:15+02:00 gates start configuration=1/12 dataset=Electricity model=chronos2 formula=catboost_avgy_regressor_shared_soft lags=168 horizon=24 retrieval=instance_euclidean_1_online run=/home/h61084/codes/adapts/outputs/adaptation/catboost_ablation/Electricity/168_24/chronos2/catboost_avgy_regressor_shared_soft/instance/euclidean/1/online/run_0 computation_signature=ea9144a17ef2885171105b52d5cd14ba94113d39f2e2a217ac58812907b3878c iterations=300 learning_rate=0.03 depth=4 early_stopping_rounds=50 task_type=CPU thread_count=2 validation_fraction=0.2 seed=1
2026-08-17 03:18:18,484 INFO [__main__] ========================================================================
2026-08-17 03:18:18,484 INFO [__main__] selected methods=('catboost_avgy_regressor_shared_soft',)
2026-08-17 03:18:20,984 INFO [__main__] gate fitting start candidate=avgy
2026-08-17 03:18:23,067 INFO [__main__] gate fitting done candidate=avgy
2026-08-17 03:18:23,686 INFO [__main__] experiment done seconds=5.20
2026-08-17 03:18:23,686 INFO [__main__] ========================================================================
2026-08-17T03:18:24+02:00 gates done configuration=1/12 dataset=Electricity model=chronos2 formula=catboost_avgy_regressor_shared_soft lags=168 horizon=24 retrieval=instance_euclidean_1_online

2026-08-17T03:18:24+02:00 gates start configuration=1/12 dataset=Electricity model=chronos2 formula=catboost_avgy_regressor_horizon lags=168 horizon=24 retrieval=instance_euclidean_1_online run=/home/h61084/codes/adapts/outputs/adaptation/catboost_ablation/Electricity/168_24/chronos2/catboost_avgy_regressor_horizon/instance/euclidean/1/online/run_0 computation_signature=98aa8c636153633403ff26a6d3410d99173c59469e187bc97feaaaf3a287a229 iterations=300 learning_rate=0.03 depth=4 early_stopping_rounds=50 task_type=CPU thread_count=2 validation_fraction=0.2 seed=1
2026-08-17 03:18:43,494 INFO [__main__] ========================================================================
2026-08-17 03:18:43,494 INFO [__main__] selected methods=('catboost_avgy_regressor_horizon',)
2026-08-17 03:18:46,363 INFO [__main__] gate fitting start candidate=avgy
2026-08-17 03:19:19,282 INFO [__main__] gate fitting done candidate=avgy
2026-08-17 03:19:19,946 INFO [__main__] experiment done seconds=36.45
2026-08-17 03:19:19,946 INFO [__main__] ========================================================================
2026-08-17T03:19:20+02:00 gates done configuration=1/12 dataset=Electricity model=chronos2 formula=catboost_avgy_regressor_horizon lags=168 horizon=24 retrieval=instance_euclidean_1_online

2026-08-17T03:19:20+02:00 gates start configuration=1/12 dataset=Electricity model=chronos2 formula=catboost_avgy_classifier_shared lags=168 horizon=24 retrieval=instance_euclidean_1_online run=/home/h61084/codes/adapts/outputs/adaptation/catboost_ablation/Electricity/168_24/chronos2/catboost_avgy_classifier_shared/instance/euclidean/1/online/run_0 computation_signature=bdc8662fbbdba8bd0b6c79df2815875b4e7cae1a68ec91c738d6ceb4ba60e670 iterations=300 learning_rate=0.03 depth=4 early_stopping_rounds=50 task_type=CPU thread_count=2 validation_fraction=0.2 seed=1
2026-08-17 03:19:23,418 INFO [__main__] ========================================================================
2026-08-17 03:19:23,418 INFO [__main__] selected methods=('catboost_avgy_classifier_shared',)
2026-08-17 03:19:25,876 INFO [__main__] gate fitting start candidate=avgy
2026-08-17 03:19:32,837 INFO [__main__] gate fitting done candidate=avgy
2026-08-17 03:19:33,450 INFO [__main__] experiment done seconds=10.03
2026-08-17 03:19:33,450 INFO [__main__] ========================================================================
2026-08-17T03:19:34+02:00 gates done configuration=1/12 dataset=Electricity model=chronos2 formula=catboost_avgy_classifier_shared lags=168 horizon=24 retrieval=instance_euclidean_1_online

2026-08-17T03:19:34+02:00 gates start configuration=1/12 dataset=Electricity model=chronos2 formula=oracle_avgy_shared lags=168 horizon=24 retrieval=instance_euclidean_1_online run=/home/h61084/codes/adapts/outputs/adaptation/catboost_ablation/Electricity/168_24/chronos2/oracle_avgy_shared/instance/euclidean/1/online/run_0 computation_signature=743a13028b44cc570a0a41d7ef8d87fd637daebab3e1928e826d911d76f11018 iterations=300 learning_rate=0.03 depth=4 early_stopping_rounds=50 task_type=CPU thread_count=2 validation_fraction=0.2 seed=1
2026-08-17 03:19:36,865 INFO [__main__] ========================================================================
2026-08-17 03:19:36,865 INFO [__main__] selected methods=('oracle_avgy_shared',)
2026-08-17 03:19:39,373 INFO [__main__] gate fitting start candidate=avgy
2026-08-17 03:19:39,609 INFO [__main__] gate fitting done candidate=avgy
2026-08-17 03:19:39,642 INFO [__main__] experiment done seconds=2.77
2026-08-17 03:19:39,642 INFO [__main__] ========================================================================
2026-08-17T03:19:40+02:00 gates done configuration=1/12 dataset=Electricity model=chronos2 formula=oracle_avgy_shared lags=168 horizon=24 retrieval=instance_euclidean_1_online

2026-08-17T03:19:40+02:00 gates start configuration=1/12 dataset=Electricity model=chronos2 formula=oracle_avgy_horizon lags=168 horizon=24 retrieval=instance_euclidean_1_online run=/home/h61084/codes/adapts/outputs/adaptation/catboost_ablation/Electricity/168_24/chronos2/oracle_avgy_horizon/instance/euclidean/1/online/run_0 computation_signature=14e3d3b6837a4d838c74020e5a8f7906cb7f6493ffccfeb0ee159dc1e3859b4a iterations=300 learning_rate=0.03 depth=4 early_stopping_rounds=50 task_type=CPU thread_count=2 validation_fraction=0.2 seed=1
2026-08-17 03:19:43,242 INFO [__main__] ========================================================================
2026-08-17 03:19:43,243 INFO [__main__] selected methods=('oracle_avgy_horizon',)
2026-08-17 03:19:45,911 INFO [__main__] gate fitting start candidate=avgy
2026-08-17 03:19:46,102 INFO [__main__] gate fitting done candidate=avgy
2026-08-17 03:19:46,132 INFO [__main__] experiment done seconds=2.89
2026-08-17 03:19:46,132 INFO [__main__] ========================================================================
2026-08-17T03:19:46+02:00 gates done configuration=1/12 dataset=Electricity model=chronos2 formula=oracle_avgy_horizon lags=168 horizon=24 retrieval=instance_euclidean_1_online
2026-08-17 03:19:48,955 INFO [__main__] extraction validation directory=/home/h61084/codes/adapts/outputs/extraction/Electricity/336_48/chronos2/instance/euclidean/1/online/run_1 status=complete

2026-08-17T03:19:49+02:00 gates start configuration=2/12 dataset=Electricity model=chronos2 formula=avgy lags=336 horizon=48 retrieval=instance_euclidean_1_online run=/home/h61084/codes/adapts/outputs/adaptation/catboost_ablation/Electricity/336_48/chronos2/avgy/instance/euclidean/1/online/run_0 computation_signature=a81d66bc24dc6aa4ec5f1be9d29124980c201802df938d6f2691994765f12b1b iterations=300 learning_rate=0.03 depth=4 early_stopping_rounds=50 task_type=CPU thread_count=2 validation_fraction=0.2 seed=1
2026-08-17 03:19:52,099 INFO [__main__] ========================================================================
2026-08-17 03:19:52,099 INFO [__main__] selected methods=('avgy',)
2026-08-17 03:20:01,061 INFO [__main__] experiment done seconds=8.96
2026-08-17 03:20:01,061 INFO [__main__] ========================================================================
2026-08-17T03:20:01+02:00 gates done configuration=2/12 dataset=Electricity model=chronos2 formula=avgy lags=336 horizon=48 retrieval=instance_euclidean_1_online

2026-08-17T03:20:01+02:00 gates start configuration=2/12 dataset=Electricity model=chronos2 formula=bayes_avgy_shared lags=336 horizon=48 retrieval=instance_euclidean_1_online run=/home/h61084/codes/adapts/outputs/adaptation/catboost_ablation/Electricity/336_48/chronos2/bayes_avgy_shared/instance/euclidean/1/online/run_0 computation_signature=6f4edba8d6c2a19e93d6efcb6a26bca6afbe7f721f6323af22f7fa4d651afef7 iterations=300 learning_rate=0.03 depth=4 early_stopping_rounds=50 task_type=CPU thread_count=2 validation_fraction=0.2 seed=1
2026-08-17 03:20:04,384 INFO [__main__] ========================================================================
2026-08-17 03:20:04,384 INFO [__main__] selected methods=('bayes_avgy_shared',)
2026-08-17 03:20:07,477 INFO [__main__] gate fitting start candidate=avgy
2026-08-17 03:20:07,809 INFO [__main__] gate fitting done candidate=avgy
2026-08-17 03:20:07,841 INFO [__main__] experiment done seconds=3.45
2026-08-17 03:20:07,841 INFO [__main__] ========================================================================
2026-08-17T03:20:08+02:00 gates done configuration=2/12 dataset=Electricity model=chronos2 formula=bayes_avgy_shared lags=336 horizon=48 retrieval=instance_euclidean_1_online

2026-08-17T03:20:08+02:00 gates start configuration=2/12 dataset=Electricity model=chronos2 formula=bayes_avgy_horizon lags=336 horizon=48 retrieval=instance_euclidean_1_online run=/home/h61084/codes/adapts/outputs/adaptation/catboost_ablation/Electricity/336_48/chronos2/bayes_avgy_horizon/instance/euclidean/1/online/run_0 computation_signature=6b7825ee9f66301c93150ed13e346313ba10f3186eee26197291c78015a60068 iterations=300 learning_rate=0.03 depth=4 early_stopping_rounds=50 task_type=CPU thread_count=2 validation_fraction=0.2 seed=1
2026-08-17 03:20:11,135 INFO [__main__] ========================================================================
2026-08-17 03:20:11,135 INFO [__main__] selected methods=('bayes_avgy_horizon',)
2026-08-17 03:20:14,126 INFO [__main__] gate fitting start candidate=avgy
2026-08-17 03:20:14,466 INFO [__main__] gate fitting done candidate=avgy
2026-08-17 03:20:14,496 INFO [__main__] experiment done seconds=3.36
2026-08-17 03:20:14,496 INFO [__main__] ========================================================================
2026-08-17T03:20:15+02:00 gates done configuration=2/12 dataset=Electricity model=chronos2 formula=bayes_avgy_horizon lags=336 horizon=48 retrieval=instance_euclidean_1_online

2026-08-17T03:20:15+02:00 gates start configuration=2/12 dataset=Electricity model=chronos2 formula=catboost_avgy_regressor_shared lags=336 horizon=48 retrieval=instance_euclidean_1_online run=/home/h61084/codes/adapts/outputs/adaptation/catboost_ablation/Electricity/336_48/chronos2/catboost_avgy_regressor_shared/instance/euclidean/1/online/run_0 computation_signature=dc41c8ccffe19a3478d62340c88bee30c755189fab00e12061499d15d3048265 iterations=300 learning_rate=0.03 depth=4 early_stopping_rounds=50 task_type=CPU thread_count=2 validation_fraction=0.2 seed=1
2026-08-17 03:20:17,808 INFO [__main__] ========================================================================
2026-08-17 03:20:17,808 INFO [__main__] selected methods=('catboost_avgy_regressor_shared',)
2026-08-17 03:20:20,851 INFO [__main__] gate fitting start candidate=avgy
2026-08-17 03:20:23,838 INFO [__main__] gate fitting done candidate=avgy
2026-08-17 03:20:24,448 INFO [__main__] experiment done seconds=6.64
2026-08-17 03:20:24,448 INFO [__main__] ========================================================================
2026-08-17T03:20:25+02:00 gates done configuration=2/12 dataset=Electricity model=chronos2 formula=catboost_avgy_regressor_shared lags=336 horizon=48 retrieval=instance_euclidean_1_online

2026-08-17T03:20:25+02:00 gates start configuration=2/12 dataset=Electricity model=chronos2 formula=catboost_avgy_regressor_shared_soft lags=336 horizon=48 retrieval=instance_euclidean_1_online run=/home/h61084/codes/adapts/outputs/adaptation/catboost_ablation/Electricity/336_48/chronos2/catboost_avgy_regressor_shared_soft/instance/euclidean/1/online/run_0 computation_signature=2c0beb6fae936c3e3a46731ec75255daea68d3478216ec06da79d30309e345cc iterations=300 learning_rate=0.03 depth=4 early_stopping_rounds=50 task_type=CPU thread_count=2 validation_fraction=0.2 seed=1
2026-08-17 03:20:27,752 INFO [__main__] ========================================================================
2026-08-17 03:20:27,753 INFO [__main__] selected methods=('catboost_avgy_regressor_shared_soft',)
2026-08-17 03:20:30,635 INFO [__main__] gate fitting start candidate=avgy
2026-08-17 03:20:33,322 INFO [__main__] gate fitting done candidate=avgy
2026-08-17 03:20:33,928 INFO [__main__] experiment done seconds=6.17
2026-08-17 03:20:33,928 INFO [__main__] ========================================================================
2026-08-17T03:20:34+02:00 gates done configuration=2/12 dataset=Electricity model=chronos2 formula=catboost_avgy_regressor_shared_soft lags=336 horizon=48 retrieval=instance_euclidean_1_online

2026-08-17T03:20:34+02:00 gates start configuration=2/12 dataset=Electricity model=chronos2 formula=catboost_avgy_regressor_horizon lags=336 horizon=48 retrieval=instance_euclidean_1_online run=/home/h61084/codes/adapts/outputs/adaptation/catboost_ablation/Electricity/336_48/chronos2/catboost_avgy_regressor_horizon/instance/euclidean/1/online/run_0 computation_signature=8c3c2eb3513f73661d935c50eade352ab5f3d4da4353340e1cdcf33a79a98d48 iterations=300 learning_rate=0.03 depth=4 early_stopping_rounds=50 task_type=CPU thread_count=2 validation_fraction=0.2 seed=1
2026-08-17 03:20:37,144 INFO [__main__] ========================================================================
2026-08-17 03:20:37,144 INFO [__main__] selected methods=('catboost_avgy_regressor_horizon',)
2026-08-17 03:20:40,008 INFO [__main__] gate fitting start candidate=avgy
2026-08-17 03:21:50,088 INFO [__main__] gate fitting done candidate=avgy
2026-08-17 03:21:50,728 INFO [__main__] experiment done seconds=73.58
2026-08-17 03:21:50,728 INFO [__main__] ========================================================================
2026-08-17T03:21:51+02:00 gates done configuration=2/12 dataset=Electricity model=chronos2 formula=catboost_avgy_regressor_horizon lags=336 horizon=48 retrieval=instance_euclidean_1_online

2026-08-17T03:21:51+02:00 gates start configuration=2/12 dataset=Electricity model=chronos2 formula=catboost_avgy_classifier_shared lags=336 horizon=48 retrieval=instance_euclidean_1_online run=/home/h61084/codes/adapts/outputs/adaptation/catboost_ablation/Electricity/336_48/chronos2/catboost_avgy_classifier_shared/instance/euclidean/1/online/run_0 computation_signature=e8330c0ac74a0d1035e957c9b64e5b690ab067065dcc18ed49cb112bc0cc2790 iterations=300 learning_rate=0.03 depth=4 early_stopping_rounds=50 task_type=CPU thread_count=2 validation_fraction=0.2 seed=1
2026-08-17 03:21:53,946 INFO [__main__] ========================================================================
2026-08-17 03:21:53,946 INFO [__main__] selected methods=('catboost_avgy_classifier_shared',)
2026-08-17 03:21:56,904 INFO [__main__] gate fitting start candidate=avgy
2026-08-17 03:22:04,600 INFO [__main__] gate fitting done candidate=avgy
2026-08-17 03:22:05,197 INFO [__main__] experiment done seconds=11.25
2026-08-17 03:22:05,197 INFO [__main__] ========================================================================
2026-08-17T03:22:05+02:00 gates done configuration=2/12 dataset=Electricity model=chronos2 formula=catboost_avgy_classifier_shared lags=336 horizon=48 retrieval=instance_euclidean_1_online

2026-08-17T03:22:06+02:00 gates start configuration=2/12 dataset=Electricity model=chronos2 formula=oracle_avgy_shared lags=336 horizon=48 retrieval=instance_euclidean_1_online run=/home/h61084/codes/adapts/outputs/adaptation/catboost_ablation/Electricity/336_48/chronos2/oracle_avgy_shared/instance/euclidean/1/online/run_0 computation_signature=49df0932dae44e3f9d1e8a662965c5d2a9b47e73380d8c91ffb078fe372769ed iterations=300 learning_rate=0.03 depth=4 early_stopping_rounds=50 task_type=CPU thread_count=2 validation_fraction=0.2 seed=1
2026-08-17 03:22:08,550 INFO [__main__] ========================================================================
2026-08-17 03:22:08,550 INFO [__main__] selected methods=('oracle_avgy_shared',)
2026-08-17 03:22:11,593 INFO [__main__] gate fitting start candidate=avgy
2026-08-17 03:22:11,879 INFO [__main__] gate fitting done candidate=avgy
2026-08-17 03:22:11,907 INFO [__main__] experiment done seconds=3.35
2026-08-17 03:22:11,907 INFO [__main__] ========================================================================
2026-08-17T03:22:12+02:00 gates done configuration=2/12 dataset=Electricity model=chronos2 formula=oracle_avgy_shared lags=336 horizon=48 retrieval=instance_euclidean_1_online

2026-08-17T03:22:12+02:00 gates start configuration=2/12 dataset=Electricity model=chronos2 formula=oracle_avgy_horizon lags=336 horizon=48 retrieval=instance_euclidean_1_online run=/home/h61084/codes/adapts/outputs/adaptation/catboost_ablation/Electricity/336_48/chronos2/oracle_avgy_horizon/instance/euclidean/1/online/run_0 computation_signature=37e44d8720dd1d3ceede6a9753ecae3b0f09a672b242e08909d647da794afd31 iterations=300 learning_rate=0.03 depth=4 early_stopping_rounds=50 task_type=CPU thread_count=2 validation_fraction=0.2 seed=1
2026-08-17 03:22:14,980 INFO [__main__] ========================================================================
2026-08-17 03:22:14,980 INFO [__main__] selected methods=('oracle_avgy_horizon',)
2026-08-17 03:22:18,095 INFO [__main__] gate fitting start candidate=avgy
2026-08-17 03:22:18,413 INFO [__main__] gate fitting done candidate=avgy
2026-08-17 03:22:18,440 INFO [__main__] experiment done seconds=3.46
2026-08-17 03:22:18,440 INFO [__main__] ========================================================================
2026-08-17T03:22:19+02:00 gates done configuration=2/12 dataset=Electricity model=chronos2 formula=oracle_avgy_horizon lags=336 horizon=48 retrieval=instance_euclidean_1_online
2026-08-17 03:22:21,356 INFO [__main__] extraction validation directory=/home/h61084/codes/adapts/outputs/extraction/Electricity/504_168/chronos2/instance/euclidean/1/online/run_1 status=complete

2026-08-17T03:22:21+02:00 gates start configuration=3/12 dataset=Electricity model=chronos2 formula=avgy lags=504 horizon=168 retrieval=instance_euclidean_1_online run=/home/h61084/codes/adapts/outputs/adaptation/catboost_ablation/Electricity/504_168/chronos2/avgy/instance/euclidean/1/online/run_0 computation_signature=b34e72d8e90def7129a1e2dfbedfe123ac15fdf5b51a310c33df606d4e6a5ab8 iterations=300 learning_rate=0.03 depth=4 early_stopping_rounds=50 task_type=CPU thread_count=2 validation_fraction=0.2 seed=1
2026-08-17 03:22:24,516 INFO [__main__] ========================================================================
2026-08-17 03:22:24,516 INFO [__main__] selected methods=('avgy',)
2026-08-17 03:22:39,296 INFO [__main__] experiment done seconds=14.78
2026-08-17 03:22:39,296 INFO [__main__] ========================================================================
2026-08-17T03:22:39+02:00 gates done configuration=3/12 dataset=Electricity model=chronos2 formula=avgy lags=504 horizon=168 retrieval=instance_euclidean_1_online

2026-08-17T03:22:40+02:00 gates start configuration=3/12 dataset=Electricity model=chronos2 formula=bayes_avgy_shared lags=504 horizon=168 retrieval=instance_euclidean_1_online run=/home/h61084/codes/adapts/outputs/adaptation/catboost_ablation/Electricity/504_168/chronos2/bayes_avgy_shared/instance/euclidean/1/online/run_0 computation_signature=f21d9cecd59230ca975b6c3cc018e1dbf080a0ef0f36a8f71d7c7fca63c5f305 iterations=300 learning_rate=0.03 depth=4 early_stopping_rounds=50 task_type=CPU thread_count=2 validation_fraction=0.2 seed=1
2026-08-17 03:22:42,698 INFO [__main__] ========================================================================
2026-08-17 03:22:42,698 INFO [__main__] selected methods=('bayes_avgy_shared',)
2026-08-17 03:22:47,535 INFO [__main__] gate fitting start candidate=avgy
2026-08-17 03:22:48,472 INFO [__main__] gate fitting done candidate=avgy
2026-08-17 03:22:48,505 INFO [__main__] experiment done seconds=5.80
2026-08-17 03:22:48,505 INFO [__main__] ========================================================================
2026-08-17T03:22:49+02:00 gates done configuration=3/12 dataset=Electricity model=chronos2 formula=bayes_avgy_shared lags=504 horizon=168 retrieval=instance_euclidean_1_online

2026-08-17T03:22:49+02:00 gates start configuration=3/12 dataset=Electricity model=chronos2 formula=bayes_avgy_horizon lags=504 horizon=168 retrieval=instance_euclidean_1_online run=/home/h61084/codes/adapts/outputs/adaptation/catboost_ablation/Electricity/504_168/chronos2/bayes_avgy_horizon/instance/euclidean/1/online/run_0 computation_signature=ed85b5b684f3cb9315e23de0ffe142620e9523a005a3eaa71b31f0cb4fd8eb69 iterations=300 learning_rate=0.03 depth=4 early_stopping_rounds=50 task_type=CPU thread_count=2 validation_fraction=0.2 seed=1
2026-08-17 03:22:52,011 INFO [__main__] ========================================================================
2026-08-17 03:22:52,011 INFO [__main__] selected methods=('bayes_avgy_horizon',)
2026-08-17 03:22:56,959 INFO [__main__] gate fitting start candidate=avgy
2026-08-17 03:22:57,968 INFO [__main__] gate fitting done candidate=avgy
2026-08-17 03:22:57,996 INFO [__main__] experiment done seconds=5.98
2026-08-17 03:22:57,996 INFO [__main__] ========================================================================
2026-08-17T03:22:58+02:00 gates done configuration=3/12 dataset=Electricity model=chronos2 formula=bayes_avgy_horizon lags=504 horizon=168 retrieval=instance_euclidean_1_online

2026-08-17T03:22:58+02:00 gates start configuration=3/12 dataset=Electricity model=chronos2 formula=catboost_avgy_regressor_shared lags=504 horizon=168 retrieval=instance_euclidean_1_online run=/home/h61084/codes/adapts/outputs/adaptation/catboost_ablation/Electricity/504_168/chronos2/catboost_avgy_regressor_shared/instance/euclidean/1/online/run_0 computation_signature=24e18f9dd299897370d058a8872120ed1f008ac59d8e32c669ed406c3dd8a2b2 iterations=300 learning_rate=0.03 depth=4 early_stopping_rounds=50 task_type=CPU thread_count=2 validation_fraction=0.2 seed=1
2026-08-17 03:23:01,385 INFO [__main__] ========================================================================
2026-08-17 03:23:01,385 INFO [__main__] selected methods=('catboost_avgy_regressor_shared',)
2026-08-17 03:23:06,111 INFO [__main__] gate fitting start candidate=avgy
2026-08-17 03:23:10,984 INFO [__main__] gate fitting done candidate=avgy
2026-08-17 03:23:11,659 INFO [__main__] experiment done seconds=10.27
2026-08-17 03:23:11,659 INFO [__main__] ========================================================================
2026-08-17T03:23:12+02:00 gates done configuration=3/12 dataset=Electricity model=chronos2 formula=catboost_avgy_regressor_shared lags=504 horizon=168 retrieval=instance_euclidean_1_online

2026-08-17T03:23:12+02:00 gates start configuration=3/12 dataset=Electricity model=chronos2 formula=catboost_avgy_regressor_shared_soft lags=504 horizon=168 retrieval=instance_euclidean_1_online run=/home/h61084/codes/adapts/outputs/adaptation/catboost_ablation/Electricity/504_168/chronos2/catboost_avgy_regressor_shared_soft/instance/euclidean/1/online/run_0 computation_signature=8a3f7bf25d9f82d7cf03c52ff56b6b5eadd01e8f27b390f605e6e649fb5cf3d3 iterations=300 learning_rate=0.03 depth=4 early_stopping_rounds=50 task_type=CPU thread_count=2 validation_fraction=0.2 seed=1
2026-08-17 03:23:15,072 INFO [__main__] ========================================================================
2026-08-17 03:23:15,072 INFO [__main__] selected methods=('catboost_avgy_regressor_shared_soft',)
2026-08-17 03:23:19,621 INFO [__main__] gate fitting start candidate=avgy
2026-08-17 03:23:24,253 INFO [__main__] gate fitting done candidate=avgy
2026-08-17 03:23:24,843 INFO [__main__] experiment done seconds=9.77
2026-08-17 03:23:24,843 INFO [__main__] ========================================================================
2026-08-17T03:23:25+02:00 gates done configuration=3/12 dataset=Electricity model=chronos2 formula=catboost_avgy_regressor_shared_soft lags=504 horizon=168 retrieval=instance_euclidean_1_online

2026-08-17T03:23:25+02:00 gates start configuration=3/12 dataset=Electricity model=chronos2 formula=catboost_avgy_regressor_horizon lags=504 horizon=168 retrieval=instance_euclidean_1_online run=/home/h61084/codes/adapts/outputs/adaptation/catboost_ablation/Electricity/504_168/chronos2/catboost_avgy_regressor_horizon/instance/euclidean/1/online/run_0 computation_signature=bd9f7381b1ffd4ffd7d79e3609e234198d08db86e19be58adcfaf00e89491b88 iterations=300 learning_rate=0.03 depth=4 early_stopping_rounds=50 task_type=CPU thread_count=2 validation_fraction=0.2 seed=1
2026-08-17 03:23:28,442 INFO [__main__] ========================================================================
2026-08-17 03:23:28,443 INFO [__main__] selected methods=('catboost_avgy_regressor_horizon',)
2026-08-17 03:23:32,994 INFO [__main__] gate fitting start candidate=avgy
2026-08-17 03:28:30,376 INFO [__main__] gate fitting done candidate=avgy
2026-08-17 03:28:31,395 INFO [__main__] experiment done seconds=302.90
2026-08-17 03:28:31,395 INFO [__main__] ========================================================================
2026-08-17T03:28:32+02:00 gates done configuration=3/12 dataset=Electricity model=chronos2 formula=catboost_avgy_regressor_horizon lags=504 horizon=168 retrieval=instance_euclidean_1_online

2026-08-17T03:28:32+02:00 gates start configuration=3/12 dataset=Electricity model=chronos2 formula=catboost_avgy_classifier_shared lags=504 horizon=168 retrieval=instance_euclidean_1_online run=/home/h61084/codes/adapts/outputs/adaptation/catboost_ablation/Electricity/504_168/chronos2/catboost_avgy_classifier_shared/instance/euclidean/1/online/run_0 computation_signature=505418157b94bc5e9c3b28f1b6b6ad633f16c3d885c93019a3f37e6f34418508 iterations=300 learning_rate=0.03 depth=4 early_stopping_rounds=50 task_type=CPU thread_count=2 validation_fraction=0.2 seed=1
2026-08-17 03:28:35,197 INFO [__main__] ========================================================================
2026-08-17 03:28:35,198 INFO [__main__] selected methods=('catboost_avgy_classifier_shared',)
2026-08-17 03:28:40,014 INFO [__main__] gate fitting start candidate=avgy
2026-08-17 03:28:49,274 INFO [__main__] gate fitting done candidate=avgy
2026-08-17 03:28:49,863 INFO [__main__] experiment done seconds=14.66
2026-08-17 03:28:49,864 INFO [__main__] ========================================================================
2026-08-17T03:28:50+02:00 gates done configuration=3/12 dataset=Electricity model=chronos2 formula=catboost_avgy_classifier_shared lags=504 horizon=168 retrieval=instance_euclidean_1_online

2026-08-17T03:28:50+02:00 gates start configuration=3/12 dataset=Electricity model=chronos2 formula=oracle_avgy_shared lags=504 horizon=168 retrieval=instance_euclidean_1_online run=/home/h61084/codes/adapts/outputs/adaptation/catboost_ablation/Electricity/504_168/chronos2/oracle_avgy_shared/instance/euclidean/1/online/run_0 computation_signature=596d25a6745e3193e989fdacf9caeff065690b3b63eefe1cca4a3c44e33dd557 iterations=300 learning_rate=0.03 depth=4 early_stopping_rounds=50 task_type=CPU thread_count=2 validation_fraction=0.2 seed=1
2026-08-17 03:28:53,345 INFO [__main__] ========================================================================
2026-08-17 03:28:53,345 INFO [__main__] selected methods=('oracle_avgy_shared',)
2026-08-17 03:28:58,249 INFO [__main__] gate fitting start candidate=avgy
2026-08-17 03:28:59,050 INFO [__main__] gate fitting done candidate=avgy
2026-08-17 03:28:59,082 INFO [__main__] experiment done seconds=5.73
2026-08-17 03:28:59,082 INFO [__main__] ========================================================================
2026-08-17T03:28:59+02:00 gates done configuration=3/12 dataset=Electricity model=chronos2 formula=oracle_avgy_shared lags=504 horizon=168 retrieval=instance_euclidean_1_online

2026-08-17T03:28:59+02:00 gates start configuration=3/12 dataset=Electricity model=chronos2 formula=oracle_avgy_horizon lags=504 horizon=168 retrieval=instance_euclidean_1_online run=/home/h61084/codes/adapts/outputs/adaptation/catboost_ablation/Electricity/504_168/chronos2/oracle_avgy_horizon/instance/euclidean/1/online/run_0 computation_signature=16ac2ad518ed5615ef2428d5ee31f1ffe98977f79d5ffa576ce40b073f8716c3 iterations=300 learning_rate=0.03 depth=4 early_stopping_rounds=50 task_type=CPU thread_count=2 validation_fraction=0.2 seed=1
2026-08-17 03:29:02,500 INFO [__main__] ========================================================================
2026-08-17 03:29:02,500 INFO [__main__] selected methods=('oracle_avgy_horizon',)
2026-08-17 03:29:07,378 INFO [__main__] gate fitting start candidate=avgy
2026-08-17 03:29:08,305 INFO [__main__] gate fitting done candidate=avgy
2026-08-17 03:29:08,343 INFO [__main__] experiment done seconds=5.84
2026-08-17 03:29:08,343 INFO [__main__] ========================================================================
2026-08-17T03:29:08+02:00 gates done configuration=3/12 dataset=Electricity model=chronos2 formula=oracle_avgy_horizon lags=504 horizon=168 retrieval=instance_euclidean_1_online
2026-08-17 03:29:11,043 INFO [__main__] extraction validation directory=/home/h61084/codes/adapts/outputs/extraction/Traffic/168_24/chronos2/instance/euclidean/1/online/run_1 status=complete

2026-08-17T03:29:11+02:00 gates start configuration=4/12 dataset=Traffic model=chronos2 formula=avgy lags=168 horizon=24 retrieval=instance_euclidean_1_online run=/home/h61084/codes/adapts/outputs/adaptation/catboost_ablation/Traffic/168_24/chronos2/avgy/instance/euclidean/1/online/run_0 computation_signature=bfce6950d96349ec1c8562731ba2e5528b42af93cfe1d4cbe1bebba4bd8f0a22 iterations=300 learning_rate=0.03 depth=4 early_stopping_rounds=50 task_type=CPU thread_count=2 validation_fraction=0.2 seed=1
2026-08-17 03:29:14,047 INFO [__main__] ========================================================================
2026-08-17 03:29:14,048 INFO [__main__] selected methods=('avgy',)
2026-08-17 03:29:17,343 INFO [__main__] experiment done seconds=3.29
2026-08-17 03:29:17,344 INFO [__main__] ========================================================================
2026-08-17T03:29:18+02:00 gates done configuration=4/12 dataset=Traffic model=chronos2 formula=avgy lags=168 horizon=24 retrieval=instance_euclidean_1_online

2026-08-17T03:29:18+02:00 gates start configuration=4/12 dataset=Traffic model=chronos2 formula=bayes_avgy_shared lags=168 horizon=24 retrieval=instance_euclidean_1_online run=/home/h61084/codes/adapts/outputs/adaptation/catboost_ablation/Traffic/168_24/chronos2/bayes_avgy_shared/instance/euclidean/1/online/run_0 computation_signature=a848066c46dc7be32ebea2b72b8baa3e3732f29a69c53800453ac8b77ed32ffd iterations=300 learning_rate=0.03 depth=4 early_stopping_rounds=50 task_type=CPU thread_count=2 validation_fraction=0.2 seed=1
2026-08-17 03:29:21,691 INFO [__main__] ========================================================================
2026-08-17 03:29:21,692 INFO [__main__] selected methods=('bayes_avgy_shared',)
2026-08-17 03:29:24,930 INFO [__main__] gate fitting start candidate=avgy
2026-08-17 03:29:25,232 INFO [__main__] gate fitting done candidate=avgy
2026-08-17 03:29:25,259 INFO [__main__] experiment done seconds=3.56
2026-08-17 03:29:25,259 INFO [__main__] ========================================================================
2026-08-17T03:29:25+02:00 gates done configuration=4/12 dataset=Traffic model=chronos2 formula=bayes_avgy_shared lags=168 horizon=24 retrieval=instance_euclidean_1_online

2026-08-17T03:29:25+02:00 gates start configuration=4/12 dataset=Traffic model=chronos2 formula=bayes_avgy_horizon lags=168 horizon=24 retrieval=instance_euclidean_1_online run=/home/h61084/codes/adapts/outputs/adaptation/catboost_ablation/Traffic/168_24/chronos2/bayes_avgy_horizon/instance/euclidean/1/online/run_0 computation_signature=922e1f3f03fb8505008d776ae788a9682e70555a1189ce4ac6e1e1c4d8a389f6 iterations=300 learning_rate=0.03 depth=4 early_stopping_rounds=50 task_type=CPU thread_count=2 validation_fraction=0.2 seed=1
2026-08-17 03:29:28,344 INFO [__main__] ========================================================================
2026-08-17 03:29:28,345 INFO [__main__] selected methods=('bayes_avgy_horizon',)
2026-08-17 03:29:31,398 INFO [__main__] gate fitting start candidate=avgy
2026-08-17 03:29:31,712 INFO [__main__] gate fitting done candidate=avgy
2026-08-17 03:29:31,741 INFO [__main__] experiment done seconds=3.39
2026-08-17 03:29:31,741 INFO [__main__] ========================================================================
2026-08-17T03:29:32+02:00 gates done configuration=4/12 dataset=Traffic model=chronos2 formula=bayes_avgy_horizon lags=168 horizon=24 retrieval=instance_euclidean_1_online

2026-08-17T03:29:32+02:00 gates start configuration=4/12 dataset=Traffic model=chronos2 formula=catboost_avgy_regressor_shared lags=168 horizon=24 retrieval=instance_euclidean_1_online run=/home/h61084/codes/adapts/outputs/adaptation/catboost_ablation/Traffic/168_24/chronos2/catboost_avgy_regressor_shared/instance/euclidean/1/online/run_0 computation_signature=86bb7339e39cf7eff7c21cf5bde617b1934d724e0cd76a939f7649a76b957008 iterations=300 learning_rate=0.03 depth=4 early_stopping_rounds=50 task_type=CPU thread_count=2 validation_fraction=0.2 seed=1
2026-08-17 03:29:35,004 INFO [__main__] ========================================================================
2026-08-17 03:29:35,004 INFO [__main__] selected methods=('catboost_avgy_regressor_shared',)
2026-08-17 03:29:38,196 INFO [__main__] gate fitting start candidate=avgy
2026-08-17 03:29:42,520 INFO [__main__] gate fitting done candidate=avgy
2026-08-17 03:29:43,179 INFO [__main__] experiment done seconds=8.17
2026-08-17 03:29:43,179 INFO [__main__] ========================================================================
2026-08-17T03:29:43+02:00 gates done configuration=4/12 dataset=Traffic model=chronos2 formula=catboost_avgy_regressor_shared lags=168 horizon=24 retrieval=instance_euclidean_1_online

2026-08-17T03:29:44+02:00 gates start configuration=4/12 dataset=Traffic model=chronos2 formula=catboost_avgy_regressor_shared_soft lags=168 horizon=24 retrieval=instance_euclidean_1_online run=/home/h61084/codes/adapts/outputs/adaptation/catboost_ablation/Traffic/168_24/chronos2/catboost_avgy_regressor_shared_soft/instance/euclidean/1/online/run_0 computation_signature=e18448b390e8f93d7a19e7e8c8a3241aaf43704d9f7d4ff7e9288bf972d13d4f iterations=300 learning_rate=0.03 depth=4 early_stopping_rounds=50 task_type=CPU thread_count=2 validation_fraction=0.2 seed=1
2026-08-17 03:29:46,825 INFO [__main__] ========================================================================
2026-08-17 03:29:46,825 INFO [__main__] selected methods=('catboost_avgy_regressor_shared_soft',)
2026-08-17 03:29:49,847 INFO [__main__] gate fitting start candidate=avgy
2026-08-17 03:29:53,366 INFO [__main__] gate fitting done candidate=avgy
2026-08-17 03:29:54,082 INFO [__main__] experiment done seconds=7.25
2026-08-17 03:29:54,082 INFO [__main__] ========================================================================
2026-08-17T03:29:54+02:00 gates done configuration=4/12 dataset=Traffic model=chronos2 formula=catboost_avgy_regressor_shared_soft lags=168 horizon=24 retrieval=instance_euclidean_1_online

2026-08-17T03:29:55+02:00 gates start configuration=4/12 dataset=Traffic model=chronos2 formula=catboost_avgy_regressor_horizon lags=168 horizon=24 retrieval=instance_euclidean_1_online run=/home/h61084/codes/adapts/outputs/adaptation/catboost_ablation/Traffic/168_24/chronos2/catboost_avgy_regressor_horizon/instance/euclidean/1/online/run_0 computation_signature=d69e98a058e9a03689c73f20df924f3e9ce0ef953fd3a7a26f7dac944cf6d74c iterations=300 learning_rate=0.03 depth=4 early_stopping_rounds=50 task_type=CPU thread_count=2 validation_fraction=0.2 seed=1
2026-08-17 03:29:58,017 INFO [__main__] ========================================================================
2026-08-17 03:29:58,017 INFO [__main__] selected methods=('catboost_avgy_regressor_horizon',)
2026-08-17 03:30:01,380 INFO [__main__] gate fitting start candidate=avgy
2026-08-17 03:31:50,194 INFO [__main__] gate fitting done candidate=avgy
2026-08-17 03:31:50,791 INFO [__main__] experiment done seconds=112.76
2026-08-17 03:31:50,791 INFO [__main__] ========================================================================
2026-08-17T03:31:51+02:00 gates done configuration=4/12 dataset=Traffic model=chronos2 formula=catboost_avgy_regressor_horizon lags=168 horizon=24 retrieval=instance_euclidean_1_online

2026-08-17T03:31:51+02:00 gates start configuration=4/12 dataset=Traffic model=chronos2 formula=catboost_avgy_classifier_shared lags=168 horizon=24 retrieval=instance_euclidean_1_online run=/home/h61084/codes/adapts/outputs/adaptation/catboost_ablation/Traffic/168_24/chronos2/catboost_avgy_classifier_shared/instance/euclidean/1/online/run_0 computation_signature=72d034e502e6963b0aca414874f1f50641e3477d56a7018d7aa97027e74b4ec3 iterations=300 learning_rate=0.03 depth=4 early_stopping_rounds=50 task_type=CPU thread_count=2 validation_fraction=0.2 seed=1
2026-08-17 03:31:54,391 INFO [__main__] ========================================================================
2026-08-17 03:31:54,391 INFO [__main__] selected methods=('catboost_avgy_classifier_shared',)
2026-08-17 03:31:57,719 INFO [__main__] gate fitting start candidate=avgy
2026-08-17 03:32:09,976 INFO [__main__] gate fitting done candidate=avgy
2026-08-17 03:32:10,707 INFO [__main__] experiment done seconds=16.31
2026-08-17 03:32:10,707 INFO [__main__] ========================================================================
2026-08-17T03:32:11+02:00 gates done configuration=4/12 dataset=Traffic model=chronos2 formula=catboost_avgy_classifier_shared lags=168 horizon=24 retrieval=instance_euclidean_1_online

2026-08-17T03:32:11+02:00 gates start configuration=4/12 dataset=Traffic model=chronos2 formula=oracle_avgy_shared lags=168 horizon=24 retrieval=instance_euclidean_1_online run=/home/h61084/codes/adapts/outputs/adaptation/catboost_ablation/Traffic/168_24/chronos2/oracle_avgy_shared/instance/euclidean/1/online/run_0 computation_signature=e3320127a1978af129c9165546138b3fc5a49e3d5e2b9f3c37668e88da4d0ce6 iterations=300 learning_rate=0.03 depth=4 early_stopping_rounds=50 task_type=CPU thread_count=2 validation_fraction=0.2 seed=1
2026-08-17 03:32:14,251 INFO [__main__] ========================================================================
2026-08-17 03:32:14,251 INFO [__main__] selected methods=('oracle_avgy_shared',)
2026-08-17 03:32:17,531 INFO [__main__] gate fitting start candidate=avgy
2026-08-17 03:32:17,805 INFO [__main__] gate fitting done candidate=avgy
2026-08-17 03:32:17,832 INFO [__main__] experiment done seconds=3.58
2026-08-17 03:32:17,832 INFO [__main__] ========================================================================
2026-08-17T03:32:18+02:00 gates done configuration=4/12 dataset=Traffic model=chronos2 formula=oracle_avgy_shared lags=168 horizon=24 retrieval=instance_euclidean_1_online

2026-08-17T03:32:18+02:00 gates start configuration=4/12 dataset=Traffic model=chronos2 formula=oracle_avgy_horizon lags=168 horizon=24 retrieval=instance_euclidean_1_online run=/home/h61084/codes/adapts/outputs/adaptation/catboost_ablation/Traffic/168_24/chronos2/oracle_avgy_horizon/instance/euclidean/1/online/run_0 computation_signature=b6cb7c98f3b885692b15ea778b1224b6b095ea9cc96bd62739a33a18cf521a6a iterations=300 learning_rate=0.03 depth=4 early_stopping_rounds=50 task_type=CPU thread_count=2 validation_fraction=0.2 seed=1
2026-08-17 03:32:21,026 INFO [__main__] ========================================================================
2026-08-17 03:32:21,026 INFO [__main__] selected methods=('oracle_avgy_horizon',)
2026-08-17 03:32:24,212 INFO [__main__] gate fitting start candidate=avgy
2026-08-17 03:32:24,505 INFO [__main__] gate fitting done candidate=avgy
2026-08-17 03:32:24,533 INFO [__main__] experiment done seconds=3.50
2026-08-17 03:32:24,533 INFO [__main__] ========================================================================
2026-08-17T03:32:25+02:00 gates done configuration=4/12 dataset=Traffic model=chronos2 formula=oracle_avgy_horizon lags=168 horizon=24 retrieval=instance_euclidean_1_online
2026-08-17 03:32:27,347 INFO [__main__] extraction validation directory=/home/h61084/codes/adapts/outputs/extraction/Traffic/336_48/chronos2/instance/euclidean/1/online/run_1 status=complete

2026-08-17T03:32:27+02:00 gates start configuration=5/12 dataset=Traffic model=chronos2 formula=avgy lags=336 horizon=48 retrieval=instance_euclidean_1_online run=/home/h61084/codes/adapts/outputs/adaptation/catboost_ablation/Traffic/336_48/chronos2/avgy/instance/euclidean/1/online/run_0 computation_signature=1c3f1808701ec8510e50882db200e08320427f9c729bd0e70152fd3a4c8344b5 iterations=300 learning_rate=0.03 depth=4 early_stopping_rounds=50 task_type=CPU thread_count=2 validation_fraction=0.2 seed=1
2026-08-17 03:32:30,627 INFO [__main__] ========================================================================
2026-08-17 03:32:30,627 INFO [__main__] selected methods=('avgy',)
2026-08-17 03:32:44,452 INFO [__main__] experiment done seconds=13.82
2026-08-17 03:32:44,452 INFO [__main__] ========================================================================
2026-08-17T03:32:44+02:00 gates done configuration=5/12 dataset=Traffic model=chronos2 formula=avgy lags=336 horizon=48 retrieval=instance_euclidean_1_online

2026-08-17T03:32:45+02:00 gates start configuration=5/12 dataset=Traffic model=chronos2 formula=bayes_avgy_shared lags=336 horizon=48 retrieval=instance_euclidean_1_online run=/home/h61084/codes/adapts/outputs/adaptation/catboost_ablation/Traffic/336_48/chronos2/bayes_avgy_shared/instance/euclidean/1/online/run_0 computation_signature=132bcb242d28ea707db987ec2bb69305b909faf60db8a1f827b88db4936a7323 iterations=300 learning_rate=0.03 depth=4 early_stopping_rounds=50 task_type=CPU thread_count=2 validation_fraction=0.2 seed=1
2026-08-17 03:32:47,747 INFO [__main__] ========================================================================
2026-08-17 03:32:47,747 INFO [__main__] selected methods=('bayes_avgy_shared',)
2026-08-17 03:32:51,920 INFO [__main__] gate fitting start candidate=avgy
2026-08-17 03:32:52,473 INFO [__main__] gate fitting done candidate=avgy
2026-08-17 03:32:52,504 INFO [__main__] experiment done seconds=4.75
2026-08-17 03:32:52,504 INFO [__main__] ========================================================================
2026-08-17T03:32:53+02:00 gates done configuration=5/12 dataset=Traffic model=chronos2 formula=bayes_avgy_shared lags=336 horizon=48 retrieval=instance_euclidean_1_online

2026-08-17T03:32:53+02:00 gates start configuration=5/12 dataset=Traffic model=chronos2 formula=bayes_avgy_horizon lags=336 horizon=48 retrieval=instance_euclidean_1_online run=/home/h61084/codes/adapts/outputs/adaptation/catboost_ablation/Traffic/336_48/chronos2/bayes_avgy_horizon/instance/euclidean/1/online/run_0 computation_signature=78a0e537cf716dd579ee9b9bfa8b0bb831e5dfb7105dce7d4387c42a092437b2 iterations=300 learning_rate=0.03 depth=4 early_stopping_rounds=50 task_type=CPU thread_count=2 validation_fraction=0.2 seed=1
2026-08-17 03:32:55,675 INFO [__main__] ========================================================================
2026-08-17 03:32:55,675 INFO [__main__] selected methods=('bayes_avgy_horizon',)
2026-08-17 03:32:59,760 INFO [__main__] gate fitting start candidate=avgy
2026-08-17 03:33:00,307 INFO [__main__] gate fitting done candidate=avgy
2026-08-17 03:33:00,337 INFO [__main__] experiment done seconds=4.66
2026-08-17 03:33:00,337 INFO [__main__] ========================================================================
2026-08-17T03:33:00+02:00 gates done configuration=5/12 dataset=Traffic model=chronos2 formula=bayes_avgy_horizon lags=336 horizon=48 retrieval=instance_euclidean_1_online

2026-08-17T03:33:01+02:00 gates start configuration=5/12 dataset=Traffic model=chronos2 formula=catboost_avgy_regressor_shared lags=336 horizon=48 retrieval=instance_euclidean_1_online run=/home/h61084/codes/adapts/outputs/adaptation/catboost_ablation/Traffic/336_48/chronos2/catboost_avgy_regressor_shared/instance/euclidean/1/online/run_0 computation_signature=41be82097a2a000ab5b97551e85182d32e43826a4ed583b541c7624b49f0eccf iterations=300 learning_rate=0.03 depth=4 early_stopping_rounds=50 task_type=CPU thread_count=2 validation_fraction=0.2 seed=1
2026-08-17 03:33:03,448 INFO [__main__] ========================================================================
2026-08-17 03:33:03,448 INFO [__main__] selected methods=('catboost_avgy_regressor_shared',)
2026-08-17 03:33:07,530 INFO [__main__] gate fitting start candidate=avgy
2026-08-17 03:33:12,319 INFO [__main__] gate fitting done candidate=avgy
2026-08-17 03:33:12,966 INFO [__main__] experiment done seconds=9.51
2026-08-17 03:33:12,966 INFO [__main__] ========================================================================
2026-08-17T03:33:13+02:00 gates done configuration=5/12 dataset=Traffic model=chronos2 formula=catboost_avgy_regressor_shared lags=336 horizon=48 retrieval=instance_euclidean_1_online

2026-08-17T03:33:13+02:00 gates start configuration=5/12 dataset=Traffic model=chronos2 formula=catboost_avgy_regressor_shared_soft lags=336 horizon=48 retrieval=instance_euclidean_1_online run=/home/h61084/codes/adapts/outputs/adaptation/catboost_ablation/Traffic/336_48/chronos2/catboost_avgy_regressor_shared_soft/instance/euclidean/1/online/run_0 computation_signature=93db7863e579ce3e5a93486ef42e6dce78e8ae290ccdb728253c295441c902b8 iterations=300 learning_rate=0.03 depth=4 early_stopping_rounds=50 task_type=CPU thread_count=2 validation_fraction=0.2 seed=1
2026-08-17 03:33:16,429 INFO [__main__] ========================================================================
2026-08-17 03:33:16,429 INFO [__main__] selected methods=('catboost_avgy_regressor_shared_soft',)
2026-08-17 03:33:20,429 INFO [__main__] gate fitting start candidate=avgy
2026-08-17 03:33:25,526 INFO [__main__] gate fitting done candidate=avgy
2026-08-17 03:33:26,129 INFO [__main__] experiment done seconds=9.70
2026-08-17 03:33:26,130 INFO [__main__] ========================================================================
2026-08-17T03:33:26+02:00 gates done configuration=5/12 dataset=Traffic model=chronos2 formula=catboost_avgy_regressor_shared_soft lags=336 horizon=48 retrieval=instance_euclidean_1_online

2026-08-17T03:33:26+02:00 gates start configuration=5/12 dataset=Traffic model=chronos2 formula=catboost_avgy_regressor_horizon lags=336 horizon=48 retrieval=instance_euclidean_1_online run=/home/h61084/codes/adapts/outputs/adaptation/catboost_ablation/Traffic/336_48/chronos2/catboost_avgy_regressor_horizon/instance/euclidean/1/online/run_0 computation_signature=1b99ee02b227dde92e8b55542acb9d9235d6b1a2cca241e2521b9434543888a8 iterations=300 learning_rate=0.03 depth=4 early_stopping_rounds=50 task_type=CPU thread_count=2 validation_fraction=0.2 seed=1
2026-08-17 03:33:29,403 INFO [__main__] ========================================================================
2026-08-17 03:33:29,403 INFO [__main__] selected methods=('catboost_avgy_regressor_horizon',)
2026-08-17 03:33:33,574 INFO [__main__] gate fitting start candidate=avgy
2026-08-17 03:37:23,105 INFO [__main__] gate fitting done candidate=avgy
2026-08-17 03:37:23,738 INFO [__main__] experiment done seconds=234.33
2026-08-17 03:37:23,738 INFO [__main__] ========================================================================
2026-08-17T03:37:24+02:00 gates done configuration=5/12 dataset=Traffic model=chronos2 formula=catboost_avgy_regressor_horizon lags=336 horizon=48 retrieval=instance_euclidean_1_online

2026-08-17T03:37:24+02:00 gates start configuration=5/12 dataset=Traffic model=chronos2 formula=catboost_avgy_classifier_shared lags=336 horizon=48 retrieval=instance_euclidean_1_online run=/home/h61084/codes/adapts/outputs/adaptation/catboost_ablation/Traffic/336_48/chronos2/catboost_avgy_classifier_shared/instance/euclidean/1/online/run_0 computation_signature=ce83a6419fcee4cae1e7c754cbc59e0e31cf73b2d5395073002094bb0c6d2542 iterations=300 learning_rate=0.03 depth=4 early_stopping_rounds=50 task_type=CPU thread_count=2 validation_fraction=0.2 seed=1
2026-08-17 03:37:27,363 INFO [__main__] ========================================================================
2026-08-17 03:37:27,364 INFO [__main__] selected methods=('catboost_avgy_classifier_shared',)
2026-08-17 03:37:31,676 INFO [__main__] gate fitting start candidate=avgy
2026-08-17 03:37:43,261 INFO [__main__] gate fitting done candidate=avgy
2026-08-17 03:37:43,840 INFO [__main__] experiment done seconds=16.47
2026-08-17 03:37:43,840 INFO [__main__] ========================================================================
2026-08-17T03:37:44+02:00 gates done configuration=5/12 dataset=Traffic model=chronos2 formula=catboost_avgy_classifier_shared lags=336 horizon=48 retrieval=instance_euclidean_1_online

2026-08-17T03:37:44+02:00 gates start configuration=5/12 dataset=Traffic model=chronos2 formula=oracle_avgy_shared lags=336 horizon=48 retrieval=instance_euclidean_1_online run=/home/h61084/codes/adapts/outputs/adaptation/catboost_ablation/Traffic/336_48/chronos2/oracle_avgy_shared/instance/euclidean/1/online/run_0 computation_signature=f8bbae3c3d0a3bfcfd52f972d882c4f2b99d682f90c76ea4bc974db8611520db iterations=300 learning_rate=0.03 depth=4 early_stopping_rounds=50 task_type=CPU thread_count=2 validation_fraction=0.2 seed=1
2026-08-17 03:37:47,348 INFO [__main__] ========================================================================
2026-08-17 03:37:47,348 INFO [__main__] selected methods=('oracle_avgy_shared',)
2026-08-17 03:37:51,253 INFO [__main__] gate fitting start candidate=avgy
2026-08-17 03:37:51,683 INFO [__main__] gate fitting done candidate=avgy
2026-08-17 03:37:51,726 INFO [__main__] experiment done seconds=4.38
2026-08-17 03:37:51,726 INFO [__main__] ========================================================================
2026-08-17T03:37:52+02:00 gates done configuration=5/12 dataset=Traffic model=chronos2 formula=oracle_avgy_shared lags=336 horizon=48 retrieval=instance_euclidean_1_online

2026-08-17T03:37:52+02:00 gates start configuration=5/12 dataset=Traffic model=chronos2 formula=oracle_avgy_horizon lags=336 horizon=48 retrieval=instance_euclidean_1_online run=/home/h61084/codes/adapts/outputs/adaptation/catboost_ablation/Traffic/336_48/chronos2/oracle_avgy_horizon/instance/euclidean/1/online/run_0 computation_signature=9e792f8ac9702136e1e405e14db32ef2ede1b58d48bb5e9461e326ecda3e229a iterations=300 learning_rate=0.03 depth=4 early_stopping_rounds=50 task_type=CPU thread_count=2 validation_fraction=0.2 seed=1
2026-08-17 03:37:54,836 INFO [__main__] ========================================================================
2026-08-17 03:37:54,836 INFO [__main__] selected methods=('oracle_avgy_horizon',)
2026-08-17 03:37:58,964 INFO [__main__] gate fitting start candidate=avgy
2026-08-17 03:37:59,444 INFO [__main__] gate fitting done candidate=avgy
2026-08-17 03:37:59,474 INFO [__main__] experiment done seconds=4.63
2026-08-17 03:37:59,474 INFO [__main__] ========================================================================
2026-08-17T03:37:59+02:00 gates done configuration=5/12 dataset=Traffic model=chronos2 formula=oracle_avgy_horizon lags=336 horizon=48 retrieval=instance_euclidean_1_online
2026-08-17 03:38:02,214 INFO [__main__] extraction validation directory=/home/h61084/codes/adapts/outputs/extraction/Traffic/504_168/chronos2/instance/euclidean/1/online/run_1 status=complete

2026-08-17T03:38:02+02:00 gates start configuration=6/12 dataset=Traffic model=chronos2 formula=avgy lags=504 horizon=168 retrieval=instance_euclidean_1_online run=/home/h61084/codes/adapts/outputs/adaptation/catboost_ablation/Traffic/504_168/chronos2/avgy/instance/euclidean/1/online/run_0 computation_signature=88ea645a1cc319326781a2ad3aae8ff6d6a9fce14a3c904413b1cdffcd81f515 iterations=300 learning_rate=0.03 depth=4 early_stopping_rounds=50 task_type=CPU thread_count=2 validation_fraction=0.2 seed=1
2026-08-17 03:38:05,357 INFO [__main__] ========================================================================
2026-08-17 03:38:05,357 INFO [__main__] selected methods=('avgy',)
2026-08-17 03:38:33,426 INFO [__main__] experiment done seconds=28.06
2026-08-17 03:38:33,426 INFO [__main__] ========================================================================
2026-08-17T03:38:33+02:00 gates done configuration=6/12 dataset=Traffic model=chronos2 formula=avgy lags=504 horizon=168 retrieval=instance_euclidean_1_online

2026-08-17T03:38:34+02:00 gates start configuration=6/12 dataset=Traffic model=chronos2 formula=bayes_avgy_shared lags=504 horizon=168 retrieval=instance_euclidean_1_online run=/home/h61084/codes/adapts/outputs/adaptation/catboost_ablation/Traffic/504_168/chronos2/bayes_avgy_shared/instance/euclidean/1/online/run_0 computation_signature=9079eeb2b517e347f0fa6a120a575d85b2360ef3007ebd80aa771f4a4bc4af83 iterations=300 learning_rate=0.03 depth=4 early_stopping_rounds=50 task_type=CPU thread_count=2 validation_fraction=0.2 seed=1
2026-08-17 03:38:36,811 INFO [__main__] ========================================================================
2026-08-17 03:38:36,812 INFO [__main__] selected methods=('bayes_avgy_shared',)
2026-08-17 03:38:43,861 INFO [__main__] gate fitting start candidate=avgy
2026-08-17 03:38:45,404 INFO [__main__] gate fitting done candidate=avgy
2026-08-17 03:38:45,439 INFO [__main__] experiment done seconds=8.62
2026-08-17 03:38:45,439 INFO [__main__] ========================================================================
2026-08-17T03:38:45+02:00 gates done configuration=6/12 dataset=Traffic model=chronos2 formula=bayes_avgy_shared lags=504 horizon=168 retrieval=instance_euclidean_1_online

2026-08-17T03:38:46+02:00 gates start configuration=6/12 dataset=Traffic model=chronos2 formula=bayes_avgy_horizon lags=504 horizon=168 retrieval=instance_euclidean_1_online run=/home/h61084/codes/adapts/outputs/adaptation/catboost_ablation/Traffic/504_168/chronos2/bayes_avgy_horizon/instance/euclidean/1/online/run_0 computation_signature=a4c382f0108048178000916299c3ff334cd63fc33aa5b5f9e7d9012f63ced0df iterations=300 learning_rate=0.03 depth=4 early_stopping_rounds=50 task_type=CPU thread_count=2 validation_fraction=0.2 seed=1
2026-08-17 03:38:48,623 INFO [__main__] ========================================================================
2026-08-17 03:38:48,623 INFO [__main__] selected methods=('bayes_avgy_horizon',)
2026-08-17 03:38:55,737 INFO [__main__] gate fitting start candidate=avgy
2026-08-17 03:38:57,257 INFO [__main__] gate fitting done candidate=avgy
2026-08-17 03:38:57,293 INFO [__main__] experiment done seconds=8.67
2026-08-17 03:38:57,293 INFO [__main__] ========================================================================
2026-08-17T03:38:57+02:00 gates done configuration=6/12 dataset=Traffic model=chronos2 formula=bayes_avgy_horizon lags=504 horizon=168 retrieval=instance_euclidean_1_online

2026-08-17T03:38:58+02:00 gates start configuration=6/12 dataset=Traffic model=chronos2 formula=catboost_avgy_regressor_shared lags=504 horizon=168 retrieval=instance_euclidean_1_online run=/home/h61084/codes/adapts/outputs/adaptation/catboost_ablation/Traffic/504_168/chronos2/catboost_avgy_regressor_shared/instance/euclidean/1/online/run_0 computation_signature=4b96442c0b02a51b3285bd0dc730f17fd7ad663dcea93ae253976f99a2860826 iterations=300 learning_rate=0.03 depth=4 early_stopping_rounds=50 task_type=CPU thread_count=2 validation_fraction=0.2 seed=1
2026-08-17 03:39:00,442 INFO [__main__] ========================================================================
2026-08-17 03:39:00,442 INFO [__main__] selected methods=('catboost_avgy_regressor_shared',)
2026-08-17 03:39:07,797 INFO [__main__] gate fitting start candidate=avgy
2026-08-17 03:39:15,472 INFO [__main__] gate fitting done candidate=avgy
2026-08-17 03:39:16,119 INFO [__main__] experiment done seconds=15.67
2026-08-17 03:39:16,119 INFO [__main__] ========================================================================
2026-08-17T03:39:16+02:00 gates done configuration=6/12 dataset=Traffic model=chronos2 formula=catboost_avgy_regressor_shared lags=504 horizon=168 retrieval=instance_euclidean_1_online

2026-08-17T03:39:17+02:00 gates start configuration=6/12 dataset=Traffic model=chronos2 formula=catboost_avgy_regressor_shared_soft lags=504 horizon=168 retrieval=instance_euclidean_1_online run=/home/h61084/codes/adapts/outputs/adaptation/catboost_ablation/Traffic/504_168/chronos2/catboost_avgy_regressor_shared_soft/instance/euclidean/1/online/run_0 computation_signature=4e1a925d0653cbd5de4005325cee8f3e9a1041d6afa85d87f450effa461566ac iterations=300 learning_rate=0.03 depth=4 early_stopping_rounds=50 task_type=CPU thread_count=2 validation_fraction=0.2 seed=1
2026-08-17 03:39:19,440 INFO [__main__] ========================================================================
2026-08-17 03:39:19,441 INFO [__main__] selected methods=('catboost_avgy_regressor_shared_soft',)
2026-08-17 03:39:26,715 INFO [__main__] gate fitting start candidate=avgy
2026-08-17 03:39:34,332 INFO [__main__] gate fitting done candidate=avgy
2026-08-17 03:39:34,902 INFO [__main__] experiment done seconds=15.46
2026-08-17 03:39:34,902 INFO [__main__] ========================================================================
2026-08-17T03:39:35+02:00 gates done configuration=6/12 dataset=Traffic model=chronos2 formula=catboost_avgy_regressor_shared_soft lags=504 horizon=168 retrieval=instance_euclidean_1_online

2026-08-17T03:39:35+02:00 gates start configuration=6/12 dataset=Traffic model=chronos2 formula=catboost_avgy_regressor_horizon lags=504 horizon=168 retrieval=instance_euclidean_1_online run=/home/h61084/codes/adapts/outputs/adaptation/catboost_ablation/Traffic/504_168/chronos2/catboost_avgy_regressor_horizon/instance/euclidean/1/online/run_0 computation_signature=a32cae2e17fe36197c0e66b73e441c30109443d722b1a78dc8d14b26ff434293 iterations=300 learning_rate=0.03 depth=4 early_stopping_rounds=50 task_type=CPU thread_count=2 validation_fraction=0.2 seed=1
2026-08-17 03:39:38,348 INFO [__main__] ========================================================================
2026-08-17 03:39:38,348 INFO [__main__] selected methods=('catboost_avgy_regressor_horizon',)
2026-08-17 03:39:45,573 INFO [__main__] gate fitting start candidate=avgy
2026-08-17 03:52:42,711 INFO [__main__] gate fitting done candidate=avgy
2026-08-17 03:52:43,273 INFO [__main__] experiment done seconds=784.92
2026-08-17 03:52:43,273 INFO [__main__] ========================================================================
2026-08-17T03:52:44+02:00 gates done configuration=6/12 dataset=Traffic model=chronos2 formula=catboost_avgy_regressor_horizon lags=504 horizon=168 retrieval=instance_euclidean_1_online

2026-08-17T03:52:44+02:00 gates start configuration=6/12 dataset=Traffic model=chronos2 formula=catboost_avgy_classifier_shared lags=504 horizon=168 retrieval=instance_euclidean_1_online run=/home/h61084/codes/adapts/outputs/adaptation/catboost_ablation/Traffic/504_168/chronos2/catboost_avgy_classifier_shared/instance/euclidean/1/online/run_0 computation_signature=e62c1e541954601222b13b9036c06ea4a98b0bb316dd2185c682ff5952cebdea iterations=300 learning_rate=0.03 depth=4 early_stopping_rounds=50 task_type=CPU thread_count=2 validation_fraction=0.2 seed=1
2026-08-17 03:52:46,781 INFO [__main__] ========================================================================
2026-08-17 03:52:46,781 INFO [__main__] selected methods=('catboost_avgy_classifier_shared',)
2026-08-17 03:52:54,032 INFO [__main__] gate fitting start candidate=avgy
2026-08-17 03:53:08,243 INFO [__main__] gate fitting done candidate=avgy
2026-08-17 03:53:08,894 INFO [__main__] experiment done seconds=22.11
2026-08-17 03:53:08,894 INFO [__main__] ========================================================================
2026-08-17T03:53:09+02:00 gates done configuration=6/12 dataset=Traffic model=chronos2 formula=catboost_avgy_classifier_shared lags=504 horizon=168 retrieval=instance_euclidean_1_online

2026-08-17T03:53:09+02:00 gates start configuration=6/12 dataset=Traffic model=chronos2 formula=oracle_avgy_shared lags=504 horizon=168 retrieval=instance_euclidean_1_online run=/home/h61084/codes/adapts/outputs/adaptation/catboost_ablation/Traffic/504_168/chronos2/oracle_avgy_shared/instance/euclidean/1/online/run_0 computation_signature=3ca4c6d72d776a4a1b05fff2f9d0bfcc2757e22502c71b762455d4b906613917 iterations=300 learning_rate=0.03 depth=4 early_stopping_rounds=50 task_type=CPU thread_count=2 validation_fraction=0.2 seed=1
2026-08-17 03:53:12,252 INFO [__main__] ========================================================================
2026-08-17 03:53:12,252 INFO [__main__] selected methods=('oracle_avgy_shared',)
2026-08-17 03:53:19,415 INFO [__main__] gate fitting start candidate=avgy
2026-08-17 03:53:20,790 INFO [__main__] gate fitting done candidate=avgy
2026-08-17 03:53:20,827 INFO [__main__] experiment done seconds=8.57
2026-08-17 03:53:20,827 INFO [__main__] ========================================================================
2026-08-17T03:53:21+02:00 gates done configuration=6/12 dataset=Traffic model=chronos2 formula=oracle_avgy_shared lags=504 horizon=168 retrieval=instance_euclidean_1_online

2026-08-17T03:53:21+02:00 gates start configuration=6/12 dataset=Traffic model=chronos2 formula=oracle_avgy_horizon lags=504 horizon=168 retrieval=instance_euclidean_1_online run=/home/h61084/codes/adapts/outputs/adaptation/catboost_ablation/Traffic/504_168/chronos2/oracle_avgy_horizon/instance/euclidean/1/online/run_0 computation_signature=766c7321d7cfb23d716b48b4aba24d9f7138579907a3dbaf2e0600a96ad7fe68 iterations=300 learning_rate=0.03 depth=4 early_stopping_rounds=50 task_type=CPU thread_count=2 validation_fraction=0.2 seed=1
2026-08-17 03:53:24,043 INFO [__main__] ========================================================================
2026-08-17 03:53:24,043 INFO [__main__] selected methods=('oracle_avgy_horizon',)
2026-08-17 03:53:30,996 INFO [__main__] gate fitting start candidate=avgy
2026-08-17 03:53:32,479 INFO [__main__] gate fitting done candidate=avgy
2026-08-17 03:53:32,510 INFO [__main__] experiment done seconds=8.46
2026-08-17 03:53:32,510 INFO [__main__] ========================================================================
2026-08-17T03:53:33+02:00 gates done configuration=6/12 dataset=Traffic model=chronos2 formula=oracle_avgy_horizon lags=504 horizon=168 retrieval=instance_euclidean_1_online
2026-08-17 03:53:35,126 INFO [__main__] extraction validation directory=/home/h61084/codes/adapts/outputs/extraction/Solar/168_24/chronos2/instance/euclidean/1/online/run_1 status=complete

2026-08-17T03:53:35+02:00 gates start configuration=7/12 dataset=Solar model=chronos2 formula=avgy lags=168 horizon=24 retrieval=instance_euclidean_1_online run=/home/h61084/codes/adapts/outputs/adaptation/catboost_ablation/Solar/168_24/chronos2/avgy/instance/euclidean/1/online/run_0 computation_signature=d6fc5ad311a0d1cc945efbba417d788a8b5cf49f606d66915a3672973734bc4b iterations=300 learning_rate=0.03 depth=4 early_stopping_rounds=50 task_type=CPU thread_count=2 validation_fraction=0.2 seed=1
2026-08-17 03:53:38,175 INFO [__main__] ========================================================================
2026-08-17 03:53:38,176 INFO [__main__] selected methods=('avgy',)
2026-08-17 03:53:39,982 INFO [__main__] experiment done seconds=1.80
2026-08-17 03:53:39,982 INFO [__main__] ========================================================================
2026-08-17T03:53:40+02:00 gates done configuration=7/12 dataset=Solar model=chronos2 formula=avgy lags=168 horizon=24 retrieval=instance_euclidean_1_online

2026-08-17T03:53:40+02:00 gates start configuration=7/12 dataset=Solar model=chronos2 formula=bayes_avgy_shared lags=168 horizon=24 retrieval=instance_euclidean_1_online run=/home/h61084/codes/adapts/outputs/adaptation/catboost_ablation/Solar/168_24/chronos2/bayes_avgy_shared/instance/euclidean/1/online/run_0 computation_signature=515eed8fce28e833edcaa6eae08ec278f6406eec6096ddca5edc252a261c3098 iterations=300 learning_rate=0.03 depth=4 early_stopping_rounds=50 task_type=CPU thread_count=2 validation_fraction=0.2 seed=1
2026-08-17 03:53:43,220 INFO [__main__] ========================================================================
2026-08-17 03:53:43,220 INFO [__main__] selected methods=('bayes_avgy_shared',)
2026-08-17 03:53:44,993 INFO [__main__] gate fitting start candidate=avgy
2026-08-17 03:53:45,107 INFO [__main__] gate fitting done candidate=avgy
2026-08-17 03:53:45,135 INFO [__main__] experiment done seconds=1.91
2026-08-17 03:53:45,135 INFO [__main__] ========================================================================
2026-08-17T03:53:45+02:00 gates done configuration=7/12 dataset=Solar model=chronos2 formula=bayes_avgy_shared lags=168 horizon=24 retrieval=instance_euclidean_1_online

2026-08-17T03:53:45+02:00 gates start configuration=7/12 dataset=Solar model=chronos2 formula=bayes_avgy_horizon lags=168 horizon=24 retrieval=instance_euclidean_1_online run=/home/h61084/codes/adapts/outputs/adaptation/catboost_ablation/Solar/168_24/chronos2/bayes_avgy_horizon/instance/euclidean/1/online/run_0 computation_signature=da7363f8bc235c739a020960aff113ff53d14ecd12885d0fbc4e23a579cdda49 iterations=300 learning_rate=0.03 depth=4 early_stopping_rounds=50 task_type=CPU thread_count=2 validation_fraction=0.2 seed=1
2026-08-17 03:53:48,432 INFO [__main__] ========================================================================
2026-08-17 03:53:48,432 INFO [__main__] selected methods=('bayes_avgy_horizon',)
2026-08-17 03:53:50,177 INFO [__main__] gate fitting start candidate=avgy
2026-08-17 03:53:50,290 INFO [__main__] gate fitting done candidate=avgy
2026-08-17 03:53:50,338 INFO [__main__] experiment done seconds=1.90
2026-08-17 03:53:50,338 INFO [__main__] ========================================================================
2026-08-17T03:53:50+02:00 gates done configuration=7/12 dataset=Solar model=chronos2 formula=bayes_avgy_horizon lags=168 horizon=24 retrieval=instance_euclidean_1_online

2026-08-17T03:53:51+02:00 gates start configuration=7/12 dataset=Solar model=chronos2 formula=catboost_avgy_regressor_shared lags=168 horizon=24 retrieval=instance_euclidean_1_online run=/home/h61084/codes/adapts/outputs/adaptation/catboost_ablation/Solar/168_24/chronos2/catboost_avgy_regressor_shared/instance/euclidean/1/online/run_0 computation_signature=d1ca7bf5367bf2ffebe478e2be600dbd2de0165a2841dd196c8f2fff14ca4173 iterations=300 learning_rate=0.03 depth=4 early_stopping_rounds=50 task_type=CPU thread_count=2 validation_fraction=0.2 seed=1
2026-08-17 03:53:53,790 INFO [__main__] ========================================================================
2026-08-17 03:53:53,790 INFO [__main__] selected methods=('catboost_avgy_regressor_shared',)
2026-08-17 03:53:55,439 INFO [__main__] gate fitting start candidate=avgy
2026-08-17 03:53:56,921 INFO [__main__] gate fitting done candidate=avgy
2026-08-17 03:53:57,519 INFO [__main__] experiment done seconds=3.72
2026-08-17 03:53:57,519 INFO [__main__] ========================================================================
2026-08-17T03:53:58+02:00 gates done configuration=7/12 dataset=Solar model=chronos2 formula=catboost_avgy_regressor_shared lags=168 horizon=24 retrieval=instance_euclidean_1_online

2026-08-17T03:53:58+02:00 gates start configuration=7/12 dataset=Solar model=chronos2 formula=catboost_avgy_regressor_shared_soft lags=168 horizon=24 retrieval=instance_euclidean_1_online run=/home/h61084/codes/adapts/outputs/adaptation/catboost_ablation/Solar/168_24/chronos2/catboost_avgy_regressor_shared_soft/instance/euclidean/1/online/run_0 computation_signature=73aa52917546ce87cb22c10c96e8da2ca737e86dbd530e3960aa625332a23795 iterations=300 learning_rate=0.03 depth=4 early_stopping_rounds=50 task_type=CPU thread_count=2 validation_fraction=0.2 seed=1
2026-08-17 03:54:00,799 INFO [__main__] ========================================================================
2026-08-17 03:54:00,800 INFO [__main__] selected methods=('catboost_avgy_regressor_shared_soft',)
2026-08-17 03:54:02,583 INFO [__main__] gate fitting start candidate=avgy
2026-08-17 03:54:03,939 INFO [__main__] gate fitting done candidate=avgy
2026-08-17 03:54:04,525 INFO [__main__] experiment done seconds=3.72
2026-08-17 03:54:04,525 INFO [__main__] ========================================================================
2026-08-17T03:54:05+02:00 gates done configuration=7/12 dataset=Solar model=chronos2 formula=catboost_avgy_regressor_shared_soft lags=168 horizon=24 retrieval=instance_euclidean_1_online

2026-08-17T03:54:05+02:00 gates start configuration=7/12 dataset=Solar model=chronos2 formula=catboost_avgy_regressor_horizon lags=168 horizon=24 retrieval=instance_euclidean_1_online run=/home/h61084/codes/adapts/outputs/adaptation/catboost_ablation/Solar/168_24/chronos2/catboost_avgy_regressor_horizon/instance/euclidean/1/online/run_0 computation_signature=a97e10578f5d9b36b9123d57bf81cb62415e6d02278aa816530b87dbb583b361 iterations=300 learning_rate=0.03 depth=4 early_stopping_rounds=50 task_type=CPU thread_count=2 validation_fraction=0.2 seed=1
2026-08-17 03:54:07,856 INFO [__main__] ========================================================================
2026-08-17 03:54:07,857 INFO [__main__] selected methods=('catboost_avgy_regressor_horizon',)
2026-08-17 03:54:09,641 INFO [__main__] gate fitting start candidate=avgy
2026-08-17 03:54:21,421 INFO [__main__] gate fitting done candidate=avgy
2026-08-17 03:54:22,028 INFO [__main__] experiment done seconds=14.17
2026-08-17 03:54:22,028 INFO [__main__] ========================================================================
2026-08-17T03:54:22+02:00 gates done configuration=7/12 dataset=Solar model=chronos2 formula=catboost_avgy_regressor_horizon lags=168 horizon=24 retrieval=instance_euclidean_1_online

2026-08-17T03:54:23+02:00 gates start configuration=7/12 dataset=Solar model=chronos2 formula=catboost_avgy_classifier_shared lags=168 horizon=24 retrieval=instance_euclidean_1_online run=/home/h61084/codes/adapts/outputs/adaptation/catboost_ablation/Solar/168_24/chronos2/catboost_avgy_classifier_shared/instance/euclidean/1/online/run_0 computation_signature=c8f620b28a821b70eefaa9c83e0526e0b088c4c64e60e01e3627c6342baa6c61 iterations=300 learning_rate=0.03 depth=4 early_stopping_rounds=50 task_type=CPU thread_count=2 validation_fraction=0.2 seed=1
2026-08-17 03:54:25,582 INFO [__main__] ========================================================================
2026-08-17 03:54:25,582 INFO [__main__] selected methods=('catboost_avgy_classifier_shared',)
2026-08-17 03:54:27,637 INFO [__main__] gate fitting start candidate=avgy
2026-08-17 03:54:28,965 INFO [__main__] gate fitting done candidate=avgy
2026-08-17 03:54:29,539 INFO [__main__] experiment done seconds=3.95
2026-08-17 03:54:29,539 INFO [__main__] ========================================================================
2026-08-17T03:54:30+02:00 gates done configuration=7/12 dataset=Solar model=chronos2 formula=catboost_avgy_classifier_shared lags=168 horizon=24 retrieval=instance_euclidean_1_online

2026-08-17T03:54:30+02:00 gates start configuration=7/12 dataset=Solar model=chronos2 formula=oracle_avgy_shared lags=168 horizon=24 retrieval=instance_euclidean_1_online run=/home/h61084/codes/adapts/outputs/adaptation/catboost_ablation/Solar/168_24/chronos2/oracle_avgy_shared/instance/euclidean/1/online/run_0 computation_signature=e5c9c6bf7e71fec93b1ad8649036be3d277a1b453c76803efa88729301f2e307 iterations=300 learning_rate=0.03 depth=4 early_stopping_rounds=50 task_type=CPU thread_count=2 validation_fraction=0.2 seed=1
2026-08-17 03:54:32,749 INFO [__main__] ========================================================================
2026-08-17 03:54:32,750 INFO [__main__] selected methods=('oracle_avgy_shared',)
2026-08-17 03:54:34,423 INFO [__main__] gate fitting start candidate=avgy
2026-08-17 03:54:34,520 INFO [__main__] gate fitting done candidate=avgy
2026-08-17 03:54:34,548 INFO [__main__] experiment done seconds=1.80
2026-08-17 03:54:34,548 INFO [__main__] ========================================================================
2026-08-17T03:54:35+02:00 gates done configuration=7/12 dataset=Solar model=chronos2 formula=oracle_avgy_shared lags=168 horizon=24 retrieval=instance_euclidean_1_online

2026-08-17T03:54:35+02:00 gates start configuration=7/12 dataset=Solar model=chronos2 formula=oracle_avgy_horizon lags=168 horizon=24 retrieval=instance_euclidean_1_online run=/home/h61084/codes/adapts/outputs/adaptation/catboost_ablation/Solar/168_24/chronos2/oracle_avgy_horizon/instance/euclidean/1/online/run_0 computation_signature=217b207058907bf57b10e022cb1c7bd44ac963b828083caeb1d200b1d6d15920 iterations=300 learning_rate=0.03 depth=4 early_stopping_rounds=50 task_type=CPU thread_count=2 validation_fraction=0.2 seed=1
2026-08-17 03:54:37,631 INFO [__main__] ========================================================================
2026-08-17 03:54:37,632 INFO [__main__] selected methods=('oracle_avgy_horizon',)
2026-08-17 03:54:39,429 INFO [__main__] gate fitting start candidate=avgy
2026-08-17 03:54:39,521 INFO [__main__] gate fitting done candidate=avgy
2026-08-17 03:54:39,548 INFO [__main__] experiment done seconds=1.91
2026-08-17 03:54:39,548 INFO [__main__] ========================================================================
2026-08-17T03:54:40+02:00 gates done configuration=7/12 dataset=Solar model=chronos2 formula=oracle_avgy_horizon lags=168 horizon=24 retrieval=instance_euclidean_1_online
2026-08-17 03:54:42,174 INFO [__main__] extraction validation directory=/home/h61084/codes/adapts/outputs/extraction/Solar/336_48/chronos2/instance/euclidean/1/online/run_1 status=complete

2026-08-17T03:54:42+02:00 gates start configuration=8/12 dataset=Solar model=chronos2 formula=avgy lags=336 horizon=48 retrieval=instance_euclidean_1_online run=/home/h61084/codes/adapts/outputs/adaptation/catboost_ablation/Solar/336_48/chronos2/avgy/instance/euclidean/1/online/run_0 computation_signature=bccdbe60430cc9bf912c424da8b2405bf053222d1e7ea8939d38066114153a13 iterations=300 learning_rate=0.03 depth=4 early_stopping_rounds=50 task_type=CPU thread_count=2 validation_fraction=0.2 seed=1
2026-08-17 03:54:45,171 INFO [__main__] ========================================================================
2026-08-17 03:54:45,171 INFO [__main__] selected methods=('avgy',)
2026-08-17 03:54:47,848 INFO [__main__] experiment done seconds=2.67
2026-08-17 03:54:47,848 INFO [__main__] ========================================================================
2026-08-17T03:54:48+02:00 gates done configuration=8/12 dataset=Solar model=chronos2 formula=avgy lags=336 horizon=48 retrieval=instance_euclidean_1_online

2026-08-17T03:54:48+02:00 gates start configuration=8/12 dataset=Solar model=chronos2 formula=bayes_avgy_shared lags=336 horizon=48 retrieval=instance_euclidean_1_online run=/home/h61084/codes/adapts/outputs/adaptation/catboost_ablation/Solar/336_48/chronos2/bayes_avgy_shared/instance/euclidean/1/online/run_0 computation_signature=8327aaaf0f8e431f78e7e716c79b823d1145f8956b93c700e540d9e493e67fdc iterations=300 learning_rate=0.03 depth=4 early_stopping_rounds=50 task_type=CPU thread_count=2 validation_fraction=0.2 seed=1
2026-08-17 03:54:50,922 INFO [__main__] ========================================================================
2026-08-17 03:54:50,922 INFO [__main__] selected methods=('bayes_avgy_shared',)
2026-08-17 03:54:52,943 INFO [__main__] gate fitting start candidate=avgy
2026-08-17 03:54:53,071 INFO [__main__] gate fitting done candidate=avgy
2026-08-17 03:54:53,100 INFO [__main__] experiment done seconds=2.18
2026-08-17 03:54:53,100 INFO [__main__] ========================================================================
2026-08-17T03:54:53+02:00 gates done configuration=8/12 dataset=Solar model=chronos2 formula=bayes_avgy_shared lags=336 horizon=48 retrieval=instance_euclidean_1_online

2026-08-17T03:54:53+02:00 gates start configuration=8/12 dataset=Solar model=chronos2 formula=bayes_avgy_horizon lags=336 horizon=48 retrieval=instance_euclidean_1_online run=/home/h61084/codes/adapts/outputs/adaptation/catboost_ablation/Solar/336_48/chronos2/bayes_avgy_horizon/instance/euclidean/1/online/run_0 computation_signature=b278312ad1c0e7015c45f7f88206e05afeb95198d61c87fa1952432b84db222b iterations=300 learning_rate=0.03 depth=4 early_stopping_rounds=50 task_type=CPU thread_count=2 validation_fraction=0.2 seed=1
2026-08-17 03:54:56,362 INFO [__main__] ========================================================================
2026-08-17 03:54:56,362 INFO [__main__] selected methods=('bayes_avgy_horizon',)
2026-08-17 03:54:58,245 INFO [__main__] gate fitting start candidate=avgy
2026-08-17 03:54:58,359 INFO [__main__] gate fitting done candidate=avgy
2026-08-17 03:54:58,387 INFO [__main__] experiment done seconds=2.02
2026-08-17 03:54:58,387 INFO [__main__] ========================================================================
2026-08-17T03:54:58+02:00 gates done configuration=8/12 dataset=Solar model=chronos2 formula=bayes_avgy_horizon lags=336 horizon=48 retrieval=instance_euclidean_1_online

2026-08-17T03:54:59+02:00 gates start configuration=8/12 dataset=Solar model=chronos2 formula=catboost_avgy_regressor_shared lags=336 horizon=48 retrieval=instance_euclidean_1_online run=/home/h61084/codes/adapts/outputs/adaptation/catboost_ablation/Solar/336_48/chronos2/catboost_avgy_regressor_shared/instance/euclidean/1/online/run_0 computation_signature=5084600b50a71523551e7c450af2336ceb2a9bb5730ca08bb0eca0508dcad3db iterations=300 learning_rate=0.03 depth=4 early_stopping_rounds=50 task_type=CPU thread_count=2 validation_fraction=0.2 seed=1
2026-08-17 03:55:01,576 INFO [__main__] ========================================================================
2026-08-17 03:55:01,576 INFO [__main__] selected methods=('catboost_avgy_regressor_shared',)
2026-08-17 03:55:03,373 INFO [__main__] gate fitting start candidate=avgy
2026-08-17 03:55:05,285 INFO [__main__] gate fitting done candidate=avgy
2026-08-17 03:55:05,899 INFO [__main__] experiment done seconds=4.32
2026-08-17 03:55:05,899 INFO [__main__] ========================================================================
2026-08-17T03:55:06+02:00 gates done configuration=8/12 dataset=Solar model=chronos2 formula=catboost_avgy_regressor_shared lags=336 horizon=48 retrieval=instance_euclidean_1_online

2026-08-17T03:55:07+02:00 gates start configuration=8/12 dataset=Solar model=chronos2 formula=catboost_avgy_regressor_shared_soft lags=336 horizon=48 retrieval=instance_euclidean_1_online run=/home/h61084/codes/adapts/outputs/adaptation/catboost_ablation/Solar/336_48/chronos2/catboost_avgy_regressor_shared_soft/instance/euclidean/1/online/run_0 computation_signature=935393baa7374182d27fc5087f077563163f0e4381277f02841adf6170896f1f iterations=300 learning_rate=0.03 depth=4 early_stopping_rounds=50 task_type=CPU thread_count=2 validation_fraction=0.2 seed=1
2026-08-17 03:55:09,567 INFO [__main__] ========================================================================
2026-08-17 03:55:09,567 INFO [__main__] selected methods=('catboost_avgy_regressor_shared_soft',)
2026-08-17 03:55:11,318 INFO [__main__] gate fitting start candidate=avgy
2026-08-17 03:55:12,986 INFO [__main__] gate fitting done candidate=avgy
2026-08-17 03:55:13,563 INFO [__main__] experiment done seconds=3.99
2026-08-17 03:55:13,563 INFO [__main__] ========================================================================
2026-08-17T03:55:14+02:00 gates done configuration=8/12 dataset=Solar model=chronos2 formula=catboost_avgy_regressor_shared_soft lags=336 horizon=48 retrieval=instance_euclidean_1_online

2026-08-17T03:55:14+02:00 gates start configuration=8/12 dataset=Solar model=chronos2 formula=catboost_avgy_regressor_horizon lags=336 horizon=48 retrieval=instance_euclidean_1_online run=/home/h61084/codes/adapts/outputs/adaptation/catboost_ablation/Solar/336_48/chronos2/catboost_avgy_regressor_horizon/instance/euclidean/1/online/run_0 computation_signature=4f648d6c59e0450936514cbeb1228ee1c46471641ff47062ef8747c131a2bf15 iterations=300 learning_rate=0.03 depth=4 early_stopping_rounds=50 task_type=CPU thread_count=2 validation_fraction=0.2 seed=1
2026-08-17 03:55:17,191 INFO [__main__] ========================================================================
2026-08-17 03:55:17,192 INFO [__main__] selected methods=('catboost_avgy_regressor_horizon',)
2026-08-17 03:55:19,064 INFO [__main__] gate fitting start candidate=avgy
2026-08-17 03:55:49,347 INFO [__main__] gate fitting done candidate=avgy
2026-08-17 03:55:49,965 INFO [__main__] experiment done seconds=32.77
2026-08-17 03:55:49,965 INFO [__main__] ========================================================================
2026-08-17T03:55:50+02:00 gates done configuration=8/12 dataset=Solar model=chronos2 formula=catboost_avgy_regressor_horizon lags=336 horizon=48 retrieval=instance_euclidean_1_online

2026-08-17T03:55:50+02:00 gates start configuration=8/12 dataset=Solar model=chronos2 formula=catboost_avgy_classifier_shared lags=336 horizon=48 retrieval=instance_euclidean_1_online run=/home/h61084/codes/adapts/outputs/adaptation/catboost_ablation/Solar/336_48/chronos2/catboost_avgy_classifier_shared/instance/euclidean/1/online/run_0 computation_signature=041c9c2eb346b50b02318e5c1cb8ac91212780dbd51d09a6e6860607efec34f6 iterations=300 learning_rate=0.03 depth=4 early_stopping_rounds=50 task_type=CPU thread_count=2 validation_fraction=0.2 seed=1
2026-08-17 03:55:53,251 INFO [__main__] ========================================================================
2026-08-17 03:55:53,251 INFO [__main__] selected methods=('catboost_avgy_classifier_shared',)
2026-08-17 03:55:55,243 INFO [__main__] gate fitting start candidate=avgy
2026-08-17 03:55:57,675 INFO [__main__] gate fitting done candidate=avgy
2026-08-17 03:55:58,263 INFO [__main__] experiment done seconds=5.01
2026-08-17 03:55:58,263 INFO [__main__] ========================================================================
2026-08-17T03:55:58+02:00 gates done configuration=8/12 dataset=Solar model=chronos2 formula=catboost_avgy_classifier_shared lags=336 horizon=48 retrieval=instance_euclidean_1_online

2026-08-17T03:55:59+02:00 gates start configuration=8/12 dataset=Solar model=chronos2 formula=oracle_avgy_shared lags=336 horizon=48 retrieval=instance_euclidean_1_online run=/home/h61084/codes/adapts/outputs/adaptation/catboost_ablation/Solar/336_48/chronos2/oracle_avgy_shared/instance/euclidean/1/online/run_0 computation_signature=021f21bd0ca4b7b4e8e0745034c63bd54c11c0f6fccd55167832912dd3b1c9d9 iterations=300 learning_rate=0.03 depth=4 early_stopping_rounds=50 task_type=CPU thread_count=2 validation_fraction=0.2 seed=1
2026-08-17 03:56:01,446 INFO [__main__] ========================================================================
2026-08-17 03:56:01,446 INFO [__main__] selected methods=('oracle_avgy_shared',)
2026-08-17 03:56:03,215 INFO [__main__] gate fitting start candidate=avgy
2026-08-17 03:56:03,335 INFO [__main__] gate fitting done candidate=avgy
2026-08-17 03:56:03,363 INFO [__main__] experiment done seconds=1.91
2026-08-17 03:56:03,363 INFO [__main__] ========================================================================
2026-08-17T03:56:03+02:00 gates done configuration=8/12 dataset=Solar model=chronos2 formula=oracle_avgy_shared lags=336 horizon=48 retrieval=instance_euclidean_1_online

2026-08-17T03:56:04+02:00 gates start configuration=8/12 dataset=Solar model=chronos2 formula=oracle_avgy_horizon lags=336 horizon=48 retrieval=instance_euclidean_1_online run=/home/h61084/codes/adapts/outputs/adaptation/catboost_ablation/Solar/336_48/chronos2/oracle_avgy_horizon/instance/euclidean/1/online/run_0 computation_signature=c4c797086eb9921b3f28e1d83a951e84f762c991ebcc343689677265bd615074 iterations=300 learning_rate=0.03 depth=4 early_stopping_rounds=50 task_type=CPU thread_count=2 validation_fraction=0.2 seed=1
2026-08-17 03:56:06,515 INFO [__main__] ========================================================================
2026-08-17 03:56:06,516 INFO [__main__] selected methods=('oracle_avgy_horizon',)
2026-08-17 03:56:08,331 INFO [__main__] gate fitting start candidate=avgy
2026-08-17 03:56:08,456 INFO [__main__] gate fitting done candidate=avgy
2026-08-17 03:56:08,485 INFO [__main__] experiment done seconds=1.97
2026-08-17 03:56:08,485 INFO [__main__] ========================================================================
2026-08-17T03:56:09+02:00 gates done configuration=8/12 dataset=Solar model=chronos2 formula=oracle_avgy_horizon lags=336 horizon=48 retrieval=instance_euclidean_1_online
2026-08-17 03:56:11,232 INFO [__main__] extraction validation directory=/home/h61084/codes/adapts/outputs/extraction/Solar/504_168/chronos2/instance/euclidean/1/online/run_1 status=complete

2026-08-17T03:56:11+02:00 gates start configuration=9/12 dataset=Solar model=chronos2 formula=avgy lags=504 horizon=168 retrieval=instance_euclidean_1_online run=/home/h61084/codes/adapts/outputs/adaptation/catboost_ablation/Solar/504_168/chronos2/avgy/instance/euclidean/1/online/run_0 computation_signature=e287d47214a189af39a8dd4f546c9f4487f3a14412b98d91937b67eebcfb4583 iterations=300 learning_rate=0.03 depth=4 early_stopping_rounds=50 task_type=CPU thread_count=2 validation_fraction=0.2 seed=1
2026-08-17 03:56:14,490 INFO [__main__] ========================================================================
2026-08-17 03:56:14,490 INFO [__main__] selected methods=('avgy',)
2026-08-17 03:56:18,240 INFO [__main__] experiment done seconds=3.75
2026-08-17 03:56:18,241 INFO [__main__] ========================================================================
2026-08-17T03:56:18+02:00 gates done configuration=9/12 dataset=Solar model=chronos2 formula=avgy lags=504 horizon=168 retrieval=instance_euclidean_1_online

2026-08-17T03:56:18+02:00 gates start configuration=9/12 dataset=Solar model=chronos2 formula=bayes_avgy_shared lags=504 horizon=168 retrieval=instance_euclidean_1_online run=/home/h61084/codes/adapts/outputs/adaptation/catboost_ablation/Solar/504_168/chronos2/bayes_avgy_shared/instance/euclidean/1/online/run_0 computation_signature=20eca7ec572492a06520175765103210910a1a39bdddf1fc980e60fa432d5c17 iterations=300 learning_rate=0.03 depth=4 early_stopping_rounds=50 task_type=CPU thread_count=2 validation_fraction=0.2 seed=1
2026-08-17 03:56:21,315 INFO [__main__] ========================================================================
2026-08-17 03:56:21,315 INFO [__main__] selected methods=('bayes_avgy_shared',)
2026-08-17 03:56:23,411 INFO [__main__] gate fitting start candidate=avgy
2026-08-17 03:56:23,628 INFO [__main__] gate fitting done candidate=avgy
2026-08-17 03:56:23,659 INFO [__main__] experiment done seconds=2.34
2026-08-17 03:56:23,659 INFO [__main__] ========================================================================
2026-08-17T03:56:24+02:00 gates done configuration=9/12 dataset=Solar model=chronos2 formula=bayes_avgy_shared lags=504 horizon=168 retrieval=instance_euclidean_1_online

2026-08-17T03:56:24+02:00 gates start configuration=9/12 dataset=Solar model=chronos2 formula=bayes_avgy_horizon lags=504 horizon=168 retrieval=instance_euclidean_1_online run=/home/h61084/codes/adapts/outputs/adaptation/catboost_ablation/Solar/504_168/chronos2/bayes_avgy_horizon/instance/euclidean/1/online/run_0 computation_signature=0cb3c397835aa224c939d0b197f21e27a3a9b2cce2e5da718f7beba7d9c2dcf3 iterations=300 learning_rate=0.03 depth=4 early_stopping_rounds=50 task_type=CPU thread_count=2 validation_fraction=0.2 seed=1
2026-08-17 03:56:26,887 INFO [__main__] ========================================================================
2026-08-17 03:56:26,887 INFO [__main__] selected methods=('bayes_avgy_horizon',)
2026-08-17 03:56:28,985 INFO [__main__] gate fitting start candidate=avgy
2026-08-17 03:56:29,198 INFO [__main__] gate fitting done candidate=avgy
2026-08-17 03:56:29,231 INFO [__main__] experiment done seconds=2.34
2026-08-17 03:56:29,231 INFO [__main__] ========================================================================
2026-08-17T03:56:29+02:00 gates done configuration=9/12 dataset=Solar model=chronos2 formula=bayes_avgy_horizon lags=504 horizon=168 retrieval=instance_euclidean_1_online

2026-08-17T03:56:29+02:00 gates start configuration=9/12 dataset=Solar model=chronos2 formula=catboost_avgy_regressor_shared lags=504 horizon=168 retrieval=instance_euclidean_1_online run=/home/h61084/codes/adapts/outputs/adaptation/catboost_ablation/Solar/504_168/chronos2/catboost_avgy_regressor_shared/instance/euclidean/1/online/run_0 computation_signature=68230c47acd6ff4ee17ea64323eefe30147bb1741631aeb31f828e7f6ad3da2f iterations=300 learning_rate=0.03 depth=4 early_stopping_rounds=50 task_type=CPU thread_count=2 validation_fraction=0.2 seed=1
2026-08-17 03:56:32,365 INFO [__main__] ========================================================================
2026-08-17 03:56:32,365 INFO [__main__] selected methods=('catboost_avgy_regressor_shared',)
2026-08-17 03:56:34,382 INFO [__main__] gate fitting start candidate=avgy
2026-08-17 03:56:36,880 INFO [__main__] gate fitting done candidate=avgy
2026-08-17 03:56:37,475 INFO [__main__] experiment done seconds=5.11
2026-08-17 03:56:37,475 INFO [__main__] ========================================================================
2026-08-17T03:56:38+02:00 gates done configuration=9/12 dataset=Solar model=chronos2 formula=catboost_avgy_regressor_shared lags=504 horizon=168 retrieval=instance_euclidean_1_online

2026-08-17T03:56:38+02:00 gates start configuration=9/12 dataset=Solar model=chronos2 formula=catboost_avgy_regressor_shared_soft lags=504 horizon=168 retrieval=instance_euclidean_1_online run=/home/h61084/codes/adapts/outputs/adaptation/catboost_ablation/Solar/504_168/chronos2/catboost_avgy_regressor_shared_soft/instance/euclidean/1/online/run_0 computation_signature=4b5deb5b6ff12b0af51ae1d190c60a9293b83d30f0f2a439f0a3f85c185a3e9f iterations=300 learning_rate=0.03 depth=4 early_stopping_rounds=50 task_type=CPU thread_count=2 validation_fraction=0.2 seed=1
2026-08-17 03:56:40,834 INFO [__main__] ========================================================================
2026-08-17 03:56:40,834 INFO [__main__] selected methods=('catboost_avgy_regressor_shared_soft',)
2026-08-17 03:56:43,156 INFO [__main__] gate fitting start candidate=avgy
2026-08-17 03:56:45,482 INFO [__main__] gate fitting done candidate=avgy
2026-08-17 03:56:46,116 INFO [__main__] experiment done seconds=5.28
2026-08-17 03:56:46,116 INFO [__main__] ========================================================================
2026-08-17T03:56:46+02:00 gates done configuration=9/12 dataset=Solar model=chronos2 formula=catboost_avgy_regressor_shared_soft lags=504 horizon=168 retrieval=instance_euclidean_1_online

2026-08-17T03:56:46+02:00 gates start configuration=9/12 dataset=Solar model=chronos2 formula=catboost_avgy_regressor_horizon lags=504 horizon=168 retrieval=instance_euclidean_1_online run=/home/h61084/codes/adapts/outputs/adaptation/catboost_ablation/Solar/504_168/chronos2/catboost_avgy_regressor_horizon/instance/euclidean/1/online/run_0 computation_signature=0f00492852cc186f9bcdcd5e8b2034b29c0bdf0f858ff30b59305490f8c4c0ac iterations=300 learning_rate=0.03 depth=4 early_stopping_rounds=50 task_type=CPU thread_count=2 validation_fraction=0.2 seed=1
2026-08-17 03:56:49,454 INFO [__main__] ========================================================================
2026-08-17 03:56:49,454 INFO [__main__] selected methods=('catboost_avgy_regressor_horizon',)
2026-08-17 03:56:51,569 INFO [__main__] gate fitting start candidate=avgy
2026-08-17 03:58:49,940 INFO [__main__] gate fitting done candidate=avgy
2026-08-17 03:58:50,608 INFO [__main__] experiment done seconds=121.15
2026-08-17 03:58:50,609 INFO [__main__] ========================================================================
2026-08-17T03:58:51+02:00 gates done configuration=9/12 dataset=Solar model=chronos2 formula=catboost_avgy_regressor_horizon lags=504 horizon=168 retrieval=instance_euclidean_1_online

2026-08-17T03:58:51+02:00 gates start configuration=9/12 dataset=Solar model=chronos2 formula=catboost_avgy_classifier_shared lags=504 horizon=168 retrieval=instance_euclidean_1_online run=/home/h61084/codes/adapts/outputs/adaptation/catboost_ablation/Solar/504_168/chronos2/catboost_avgy_classifier_shared/instance/euclidean/1/online/run_0 computation_signature=91c3a8c12e4ffd3d25299877c47e470d466de3cb23edfb8002cb3673c282483d iterations=300 learning_rate=0.03 depth=4 early_stopping_rounds=50 task_type=CPU thread_count=2 validation_fraction=0.2 seed=1
2026-08-17 03:58:54,413 INFO [__main__] ========================================================================
2026-08-17 03:58:54,413 INFO [__main__] selected methods=('catboost_avgy_classifier_shared',)
2026-08-17 03:58:56,871 INFO [__main__] gate fitting start candidate=avgy
2026-08-17 03:58:58,782 INFO [__main__] gate fitting done candidate=avgy
2026-08-17 03:58:59,397 INFO [__main__] experiment done seconds=4.98
2026-08-17 03:58:59,397 INFO [__main__] ========================================================================
2026-08-17T03:59:00+02:00 gates done configuration=9/12 dataset=Solar model=chronos2 formula=catboost_avgy_classifier_shared lags=504 horizon=168 retrieval=instance_euclidean_1_online

2026-08-17T03:59:00+02:00 gates start configuration=9/12 dataset=Solar model=chronos2 formula=oracle_avgy_shared lags=504 horizon=168 retrieval=instance_euclidean_1_online run=/home/h61084/codes/adapts/outputs/adaptation/catboost_ablation/Solar/504_168/chronos2/oracle_avgy_shared/instance/euclidean/1/online/run_0 computation_signature=04972d298d70ba4615f9dca0c454069a15a85a87e0f4de77b022f477c76f1263 iterations=300 learning_rate=0.03 depth=4 early_stopping_rounds=50 task_type=CPU thread_count=2 validation_fraction=0.2 seed=1
2026-08-17 03:59:02,644 INFO [__main__] ========================================================================
2026-08-17 03:59:02,644 INFO [__main__] selected methods=('oracle_avgy_shared',)
2026-08-17 03:59:04,625 INFO [__main__] gate fitting start candidate=avgy
2026-08-17 03:59:04,849 INFO [__main__] gate fitting done candidate=avgy
2026-08-17 03:59:04,876 INFO [__main__] experiment done seconds=2.23
2026-08-17 03:59:04,876 INFO [__main__] ========================================================================
2026-08-17T03:59:05+02:00 gates done configuration=9/12 dataset=Solar model=chronos2 formula=oracle_avgy_shared lags=504 horizon=168 retrieval=instance_euclidean_1_online

2026-08-17T03:59:05+02:00 gates start configuration=9/12 dataset=Solar model=chronos2 formula=oracle_avgy_horizon lags=504 horizon=168 retrieval=instance_euclidean_1_online run=/home/h61084/codes/adapts/outputs/adaptation/catboost_ablation/Solar/504_168/chronos2/oracle_avgy_horizon/instance/euclidean/1/online/run_0 computation_signature=0a40418de28ad3d1c18c65bfe5931a7679de38b482feeafc7c603a5d6d850a8e iterations=300 learning_rate=0.03 depth=4 early_stopping_rounds=50 task_type=CPU thread_count=2 validation_fraction=0.2 seed=1
2026-08-17 03:59:08,190 INFO [__main__] ========================================================================
2026-08-17 03:59:08,190 INFO [__main__] selected methods=('oracle_avgy_horizon',)
2026-08-17 03:59:10,207 INFO [__main__] gate fitting start candidate=avgy
2026-08-17 03:59:10,415 INFO [__main__] gate fitting done candidate=avgy
2026-08-17 03:59:10,442 INFO [__main__] experiment done seconds=2.25
2026-08-17 03:59:10,442 INFO [__main__] ========================================================================
2026-08-17T03:59:11+02:00 gates done configuration=9/12 dataset=Solar model=chronos2 formula=oracle_avgy_horizon lags=504 horizon=168 retrieval=instance_euclidean_1_online
2026-08-17 03:59:13,103 INFO [__main__] extraction validation directory=/home/h61084/codes/adapts/outputs/extraction/exchange_rate/168_24/chronos2/instance/euclidean/1/online/run_1 status=complete

2026-08-17T03:59:13+02:00 gates start configuration=10/12 dataset=exchange_rate model=chronos2 formula=avgy lags=168 horizon=24 retrieval=instance_euclidean_1_online run=/home/h61084/codes/adapts/outputs/adaptation/catboost_ablation/exchange_rate/168_24/chronos2/avgy/instance/euclidean/1/online/run_0 computation_signature=04ca85316430aeb86599a589ce02bd3de5fa30277169051ec519d2aea34ddffd iterations=300 learning_rate=0.03 depth=4 early_stopping_rounds=50 task_type=CPU thread_count=2 validation_fraction=0.2 seed=1
2026-08-17 03:59:16,092 INFO [__main__] ========================================================================
2026-08-17 03:59:16,093 INFO [__main__] selected methods=('avgy',)
2026-08-17 03:59:17,818 INFO [__main__] experiment done seconds=1.72
2026-08-17 03:59:17,818 INFO [__main__] ========================================================================
2026-08-17T03:59:18+02:00 gates done configuration=10/12 dataset=exchange_rate model=chronos2 formula=avgy lags=168 horizon=24 retrieval=instance_euclidean_1_online

2026-08-17T03:59:18+02:00 gates start configuration=10/12 dataset=exchange_rate model=chronos2 formula=bayes_avgy_shared lags=168 horizon=24 retrieval=instance_euclidean_1_online run=/home/h61084/codes/adapts/outputs/adaptation/catboost_ablation/exchange_rate/168_24/chronos2/bayes_avgy_shared/instance/euclidean/1/online/run_0 computation_signature=68e5c2a435a2ef031093b018c0c581635cf46b5633a4a308f02e61a70abfe3dd iterations=300 learning_rate=0.03 depth=4 early_stopping_rounds=50 task_type=CPU thread_count=2 validation_fraction=0.2 seed=1
2026-08-17 03:59:21,041 INFO [__main__] ========================================================================
2026-08-17 03:59:21,041 INFO [__main__] selected methods=('bayes_avgy_shared',)
2026-08-17 03:59:22,676 INFO [__main__] gate fitting start candidate=avgy
2026-08-17 03:59:22,757 INFO [__main__] gate fitting done candidate=avgy
2026-08-17 03:59:22,784 INFO [__main__] experiment done seconds=1.74
2026-08-17 03:59:22,784 INFO [__main__] ========================================================================
2026-08-17T03:59:23+02:00 gates done configuration=10/12 dataset=exchange_rate model=chronos2 formula=bayes_avgy_shared lags=168 horizon=24 retrieval=instance_euclidean_1_online

2026-08-17T03:59:23+02:00 gates start configuration=10/12 dataset=exchange_rate model=chronos2 formula=bayes_avgy_horizon lags=168 horizon=24 retrieval=instance_euclidean_1_online run=/home/h61084/codes/adapts/outputs/adaptation/catboost_ablation/exchange_rate/168_24/chronos2/bayes_avgy_horizon/instance/euclidean/1/online/run_0 computation_signature=431f6af48fc89138614e598cc4d7ced9b520891555a4c66a0bf50e65f9c0e8d2 iterations=300 learning_rate=0.03 depth=4 early_stopping_rounds=50 task_type=CPU thread_count=2 validation_fraction=0.2 seed=1
2026-08-17 03:59:25,824 INFO [__main__] ========================================================================
2026-08-17 03:59:25,824 INFO [__main__] selected methods=('bayes_avgy_horizon',)
2026-08-17 03:59:27,467 INFO [__main__] gate fitting start candidate=avgy
2026-08-17 03:59:27,594 INFO [__main__] gate fitting done candidate=avgy
2026-08-17 03:59:27,626 INFO [__main__] experiment done seconds=1.80
2026-08-17 03:59:27,626 INFO [__main__] ========================================================================
2026-08-17T03:59:28+02:00 gates done configuration=10/12 dataset=exchange_rate model=chronos2 formula=bayes_avgy_horizon lags=168 horizon=24 retrieval=instance_euclidean_1_online

2026-08-17T03:59:28+02:00 gates start configuration=10/12 dataset=exchange_rate model=chronos2 formula=catboost_avgy_regressor_shared lags=168 horizon=24 retrieval=instance_euclidean_1_online run=/home/h61084/codes/adapts/outputs/adaptation/catboost_ablation/exchange_rate/168_24/chronos2/catboost_avgy_regressor_shared/instance/euclidean/1/online/run_0 computation_signature=59ad8cc47f1723bd385268ebeb02992c243c2226f4f6c923e89388705c5a6342 iterations=300 learning_rate=0.03 depth=4 early_stopping_rounds=50 task_type=CPU thread_count=2 validation_fraction=0.2 seed=1
2026-08-17 03:59:30,799 INFO [__main__] ========================================================================
2026-08-17 03:59:30,799 INFO [__main__] selected methods=('catboost_avgy_regressor_shared',)
2026-08-17 03:59:32,417 INFO [__main__] gate fitting start candidate=avgy
2026-08-17 03:59:33,814 INFO [__main__] gate fitting done candidate=avgy
2026-08-17 03:59:34,417 INFO [__main__] experiment done seconds=3.61
2026-08-17 03:59:34,417 INFO [__main__] ========================================================================
2026-08-17T03:59:35+02:00 gates done configuration=10/12 dataset=exchange_rate model=chronos2 formula=catboost_avgy_regressor_shared lags=168 horizon=24 retrieval=instance_euclidean_1_online

2026-08-17T03:59:35+02:00 gates start configuration=10/12 dataset=exchange_rate model=chronos2 formula=catboost_avgy_regressor_shared_soft lags=168 horizon=24 retrieval=instance_euclidean_1_online run=/home/h61084/codes/adapts/outputs/adaptation/catboost_ablation/exchange_rate/168_24/chronos2/catboost_avgy_regressor_shared_soft/instance/euclidean/1/online/run_0 computation_signature=e89a9a3fc882da8bd11c82723aa276eaec617705458ca37d515b06deee11eae5 iterations=300 learning_rate=0.03 depth=4 early_stopping_rounds=50 task_type=CPU thread_count=2 validation_fraction=0.2 seed=1
2026-08-17 03:59:38,074 INFO [__main__] ========================================================================
2026-08-17 03:59:38,074 INFO [__main__] selected methods=('catboost_avgy_regressor_shared_soft',)
2026-08-17 03:59:39,613 INFO [__main__] gate fitting start candidate=avgy
2026-08-17 03:59:41,071 INFO [__main__] gate fitting done candidate=avgy
2026-08-17 03:59:41,710 INFO [__main__] experiment done seconds=3.63
2026-08-17 03:59:41,710 INFO [__main__] ========================================================================
2026-08-17T03:59:42+02:00 gates done configuration=10/12 dataset=exchange_rate model=chronos2 formula=catboost_avgy_regressor_shared_soft lags=168 horizon=24 retrieval=instance_euclidean_1_online

2026-08-17T03:59:42+02:00 gates start configuration=10/12 dataset=exchange_rate model=chronos2 formula=catboost_avgy_regressor_horizon lags=168 horizon=24 retrieval=instance_euclidean_1_online run=/home/h61084/codes/adapts/outputs/adaptation/catboost_ablation/exchange_rate/168_24/chronos2/catboost_avgy_regressor_horizon/instance/euclidean/1/online/run_0 computation_signature=9c4a0779b2016c7227ebbb2e47317f0fe482e6457695d881027336087dde4660 iterations=300 learning_rate=0.03 depth=4 early_stopping_rounds=50 task_type=CPU thread_count=2 validation_fraction=0.2 seed=1
2026-08-17 03:59:45,104 INFO [__main__] ========================================================================
2026-08-17 03:59:45,104 INFO [__main__] selected methods=('catboost_avgy_regressor_horizon',)
2026-08-17 03:59:46,885 INFO [__main__] gate fitting start candidate=avgy
2026-08-17 03:59:57,816 INFO [__main__] gate fitting done candidate=avgy
2026-08-17 03:59:58,447 INFO [__main__] experiment done seconds=13.34
2026-08-17 03:59:58,447 INFO [__main__] ========================================================================
2026-08-17T03:59:59+02:00 gates done configuration=10/12 dataset=exchange_rate model=chronos2 formula=catboost_avgy_regressor_horizon lags=168 horizon=24 retrieval=instance_euclidean_1_online

2026-08-17T03:59:59+02:00 gates start configuration=10/12 dataset=exchange_rate model=chronos2 formula=catboost_avgy_classifier_shared lags=168 horizon=24 retrieval=instance_euclidean_1_online run=/home/h61084/codes/adapts/outputs/adaptation/catboost_ablation/exchange_rate/168_24/chronos2/catboost_avgy_classifier_shared/instance/euclidean/1/online/run_0 computation_signature=a64499f47280d6599e8858d8ff9867fba1053f6b86674fc4d7356266b992d8b2 iterations=300 learning_rate=0.03 depth=4 early_stopping_rounds=50 task_type=CPU thread_count=2 validation_fraction=0.2 seed=1
2026-08-17 04:00:02,042 INFO [__main__] ========================================================================
2026-08-17 04:00:02,042 INFO [__main__] selected methods=('catboost_avgy_classifier_shared',)
2026-08-17 04:00:03,572 INFO [__main__] gate fitting start candidate=avgy
2026-08-17 04:00:04,768 INFO [__main__] gate fitting done candidate=avgy
2026-08-17 04:00:05,350 INFO [__main__] experiment done seconds=3.31
2026-08-17 04:00:05,350 INFO [__main__] ========================================================================
2026-08-17T04:00:06+02:00 gates done configuration=10/12 dataset=exchange_rate model=chronos2 formula=catboost_avgy_classifier_shared lags=168 horizon=24 retrieval=instance_euclidean_1_online

2026-08-17T04:00:06+02:00 gates start configuration=10/12 dataset=exchange_rate model=chronos2 formula=oracle_avgy_shared lags=168 horizon=24 retrieval=instance_euclidean_1_online run=/home/h61084/codes/adapts/outputs/adaptation/catboost_ablation/exchange_rate/168_24/chronos2/oracle_avgy_shared/instance/euclidean/1/online/run_0 computation_signature=cac7432d24a0cafb7fc2ae398d55ff274a451cf86849eb226da29697ad0efccc iterations=300 learning_rate=0.03 depth=4 early_stopping_rounds=50 task_type=CPU thread_count=2 validation_fraction=0.2 seed=1
2026-08-17 04:00:08,605 INFO [__main__] ========================================================================
2026-08-17 04:00:08,605 INFO [__main__] selected methods=('oracle_avgy_shared',)
2026-08-17 04:00:10,223 INFO [__main__] gate fitting start candidate=avgy
2026-08-17 04:00:10,327 INFO [__main__] gate fitting done candidate=avgy
2026-08-17 04:00:10,355 INFO [__main__] experiment done seconds=1.75
2026-08-17 04:00:10,355 INFO [__main__] ========================================================================
2026-08-17T04:00:10+02:00 gates done configuration=10/12 dataset=exchange_rate model=chronos2 formula=oracle_avgy_shared lags=168 horizon=24 retrieval=instance_euclidean_1_online

2026-08-17T04:00:11+02:00 gates start configuration=10/12 dataset=exchange_rate model=chronos2 formula=oracle_avgy_horizon lags=168 horizon=24 retrieval=instance_euclidean_1_online run=/home/h61084/codes/adapts/outputs/adaptation/catboost_ablation/exchange_rate/168_24/chronos2/oracle_avgy_horizon/instance/euclidean/1/online/run_0 computation_signature=005d30dacf2e3fdd9b0711cd8b79306dfa48a479984f0346acb8fbb5c809af6b iterations=300 learning_rate=0.03 depth=4 early_stopping_rounds=50 task_type=CPU thread_count=2 validation_fraction=0.2 seed=1
2026-08-17 04:00:13,496 INFO [__main__] ========================================================================
2026-08-17 04:00:13,496 INFO [__main__] selected methods=('oracle_avgy_horizon',)
2026-08-17 04:00:15,065 INFO [__main__] gate fitting start candidate=avgy
2026-08-17 04:00:15,147 INFO [__main__] gate fitting done candidate=avgy
2026-08-17 04:00:15,177 INFO [__main__] experiment done seconds=1.68
2026-08-17 04:00:15,177 INFO [__main__] ========================================================================
2026-08-17T04:00:15+02:00 gates done configuration=10/12 dataset=exchange_rate model=chronos2 formula=oracle_avgy_horizon lags=168 horizon=24 retrieval=instance_euclidean_1_online
2026-08-17 04:00:18,084 INFO [__main__] extraction validation directory=/home/h61084/codes/adapts/outputs/extraction/exchange_rate/336_48/chronos2/instance/euclidean/1/online/run_1 status=complete

2026-08-17T04:00:18+02:00 gates start configuration=11/12 dataset=exchange_rate model=chronos2 formula=avgy lags=336 horizon=48 retrieval=instance_euclidean_1_online run=/home/h61084/codes/adapts/outputs/adaptation/catboost_ablation/exchange_rate/336_48/chronos2/avgy/instance/euclidean/1/online/run_0 computation_signature=860f2111863c5ce6e2a65df14febc2bf1bdd7706a45f98dcb049f77f089f393a iterations=300 learning_rate=0.03 depth=4 early_stopping_rounds=50 task_type=CPU thread_count=2 validation_fraction=0.2 seed=1
2026-08-17 04:00:21,667 INFO [__main__] ========================================================================
2026-08-17 04:00:21,667 INFO [__main__] selected methods=('avgy',)
2026-08-17 04:00:23,500 INFO [__main__] experiment done seconds=1.82
2026-08-17 04:00:23,500 INFO [__main__] ========================================================================
2026-08-17T04:00:24+02:00 gates done configuration=11/12 dataset=exchange_rate model=chronos2 formula=avgy lags=336 horizon=48 retrieval=instance_euclidean_1_online

2026-08-17T04:00:24+02:00 gates start configuration=11/12 dataset=exchange_rate model=chronos2 formula=bayes_avgy_shared lags=336 horizon=48 retrieval=instance_euclidean_1_online run=/home/h61084/codes/adapts/outputs/adaptation/catboost_ablation/exchange_rate/336_48/chronos2/bayes_avgy_shared/instance/euclidean/1/online/run_0 computation_signature=536409a2d7b57fadf926885a1205797c34ab4e90b9e5ed7bb8d275daa5b5cb82 iterations=300 learning_rate=0.03 depth=4 early_stopping_rounds=50 task_type=CPU thread_count=2 validation_fraction=0.2 seed=1
2026-08-17 04:00:26,748 INFO [__main__] ========================================================================
2026-08-17 04:00:26,749 INFO [__main__] selected methods=('bayes_avgy_shared',)
2026-08-17 04:00:28,405 INFO [__main__] gate fitting start candidate=avgy
2026-08-17 04:00:28,482 INFO [__main__] gate fitting done candidate=avgy
2026-08-17 04:00:28,519 INFO [__main__] experiment done seconds=1.77
2026-08-17 04:00:28,519 INFO [__main__] ========================================================================
2026-08-17T04:00:29+02:00 gates done configuration=11/12 dataset=exchange_rate model=chronos2 formula=bayes_avgy_shared lags=336 horizon=48 retrieval=instance_euclidean_1_online

2026-08-17T04:00:29+02:00 gates start configuration=11/12 dataset=exchange_rate model=chronos2 formula=bayes_avgy_horizon lags=336 horizon=48 retrieval=instance_euclidean_1_online run=/home/h61084/codes/adapts/outputs/adaptation/catboost_ablation/exchange_rate/336_48/chronos2/bayes_avgy_horizon/instance/euclidean/1/online/run_0 computation_signature=f414f38e66d8229d84cbdbc3eaa457904dec61aefefe5cf7fbb17331d154a6a7 iterations=300 learning_rate=0.03 depth=4 early_stopping_rounds=50 task_type=CPU thread_count=2 validation_fraction=0.2 seed=1
2026-08-17 04:00:31,695 INFO [__main__] ========================================================================
2026-08-17 04:00:31,695 INFO [__main__] selected methods=('bayes_avgy_horizon',)
2026-08-17 04:00:33,311 INFO [__main__] gate fitting start candidate=avgy
2026-08-17 04:00:33,383 INFO [__main__] gate fitting done candidate=avgy
2026-08-17 04:00:33,415 INFO [__main__] experiment done seconds=1.72
2026-08-17 04:00:33,415 INFO [__main__] ========================================================================
2026-08-17T04:00:33+02:00 gates done configuration=11/12 dataset=exchange_rate model=chronos2 formula=bayes_avgy_horizon lags=336 horizon=48 retrieval=instance_euclidean_1_online

2026-08-17T04:00:34+02:00 gates start configuration=11/12 dataset=exchange_rate model=chronos2 formula=catboost_avgy_regressor_shared lags=336 horizon=48 retrieval=instance_euclidean_1_online run=/home/h61084/codes/adapts/outputs/adaptation/catboost_ablation/exchange_rate/336_48/chronos2/catboost_avgy_regressor_shared/instance/euclidean/1/online/run_0 computation_signature=21fd1eb21afbb0099eb8252b0a88ad0129f50d882ff4fd45fe9b0a948dd19593 iterations=300 learning_rate=0.03 depth=4 early_stopping_rounds=50 task_type=CPU thread_count=2 validation_fraction=0.2 seed=1
2026-08-17 04:00:36,646 INFO [__main__] ========================================================================
2026-08-17 04:00:36,646 INFO [__main__] selected methods=('catboost_avgy_regressor_shared',)
2026-08-17 04:00:38,300 INFO [__main__] gate fitting start candidate=avgy
2026-08-17 04:00:39,743 INFO [__main__] gate fitting done candidate=avgy
2026-08-17 04:00:40,352 INFO [__main__] experiment done seconds=3.70
2026-08-17 04:00:40,352 INFO [__main__] ========================================================================
2026-08-17T04:00:41+02:00 gates done configuration=11/12 dataset=exchange_rate model=chronos2 formula=catboost_avgy_regressor_shared lags=336 horizon=48 retrieval=instance_euclidean_1_online

2026-08-17T04:00:41+02:00 gates start configuration=11/12 dataset=exchange_rate model=chronos2 formula=catboost_avgy_regressor_shared_soft lags=336 horizon=48 retrieval=instance_euclidean_1_online run=/home/h61084/codes/adapts/outputs/adaptation/catboost_ablation/exchange_rate/336_48/chronos2/catboost_avgy_regressor_shared_soft/instance/euclidean/1/online/run_0 computation_signature=e15e726385349de7bcfecae240254900408a51d2a05c281950b0ee2df88cb041 iterations=300 learning_rate=0.03 depth=4 early_stopping_rounds=50 task_type=CPU thread_count=2 validation_fraction=0.2 seed=1
2026-08-17 04:00:43,796 INFO [__main__] ========================================================================
2026-08-17 04:00:43,796 INFO [__main__] selected methods=('catboost_avgy_regressor_shared_soft',)
2026-08-17 04:00:45,485 INFO [__main__] gate fitting start candidate=avgy
2026-08-17 04:00:46,904 INFO [__main__] gate fitting done candidate=avgy
2026-08-17 04:00:47,507 INFO [__main__] experiment done seconds=3.71
2026-08-17 04:00:47,507 INFO [__main__] ========================================================================
2026-08-17T04:00:48+02:00 gates done configuration=11/12 dataset=exchange_rate model=chronos2 formula=catboost_avgy_regressor_shared_soft lags=336 horizon=48 retrieval=instance_euclidean_1_online

2026-08-17T04:00:48+02:00 gates start configuration=11/12 dataset=exchange_rate model=chronos2 formula=catboost_avgy_regressor_horizon lags=336 horizon=48 retrieval=instance_euclidean_1_online run=/home/h61084/codes/adapts/outputs/adaptation/catboost_ablation/exchange_rate/336_48/chronos2/catboost_avgy_regressor_horizon/instance/euclidean/1/online/run_0 computation_signature=5ba82bed2afe01275fea69cec62f460e349caef564c7ea8f63c85f36265e44a8 iterations=300 learning_rate=0.03 depth=4 early_stopping_rounds=50 task_type=CPU thread_count=2 validation_fraction=0.2 seed=1
2026-08-17 04:00:50,903 INFO [__main__] ========================================================================
2026-08-17 04:00:50,903 INFO [__main__] selected methods=('catboost_avgy_regressor_horizon',)
2026-08-17 04:00:52,578 INFO [__main__] gate fitting start candidate=avgy
2026-08-17 04:01:12,324 INFO [__main__] gate fitting done candidate=avgy
2026-08-17 04:01:12,971 INFO [__main__] experiment done seconds=22.07
2026-08-17 04:01:12,971 INFO [__main__] ========================================================================
2026-08-17T04:01:13+02:00 gates done configuration=11/12 dataset=exchange_rate model=chronos2 formula=catboost_avgy_regressor_horizon lags=336 horizon=48 retrieval=instance_euclidean_1_online

2026-08-17T04:01:13+02:00 gates start configuration=11/12 dataset=exchange_rate model=chronos2 formula=catboost_avgy_classifier_shared lags=336 horizon=48 retrieval=instance_euclidean_1_online run=/home/h61084/codes/adapts/outputs/adaptation/catboost_ablation/exchange_rate/336_48/chronos2/catboost_avgy_classifier_shared/instance/euclidean/1/online/run_0 computation_signature=b5bb897cbb047cdc91bdda2f286eb8c752bb7368ba34244e4d504d225a8cd136 iterations=300 learning_rate=0.03 depth=4 early_stopping_rounds=50 task_type=CPU thread_count=2 validation_fraction=0.2 seed=1
2026-08-17 04:01:16,535 INFO [__main__] ========================================================================
2026-08-17 04:01:16,535 INFO [__main__] selected methods=('catboost_avgy_classifier_shared',)
2026-08-17 04:01:18,441 INFO [__main__] gate fitting start candidate=avgy
2026-08-17 04:01:19,806 INFO [__main__] gate fitting done candidate=avgy
2026-08-17 04:01:20,465 INFO [__main__] experiment done seconds=3.93
2026-08-17 04:01:20,465 INFO [__main__] ========================================================================
2026-08-17T04:01:21+02:00 gates done configuration=11/12 dataset=exchange_rate model=chronos2 formula=catboost_avgy_classifier_shared lags=336 horizon=48 retrieval=instance_euclidean_1_online

2026-08-17T04:01:21+02:00 gates start configuration=11/12 dataset=exchange_rate model=chronos2 formula=oracle_avgy_shared lags=336 horizon=48 retrieval=instance_euclidean_1_online run=/home/h61084/codes/adapts/outputs/adaptation/catboost_ablation/exchange_rate/336_48/chronos2/oracle_avgy_shared/instance/euclidean/1/online/run_0 computation_signature=153276f5d6cf011b0fcb1c9e4bc4c119b826dd364f4000c506cce2d679401977 iterations=300 learning_rate=0.03 depth=4 early_stopping_rounds=50 task_type=CPU thread_count=2 validation_fraction=0.2 seed=1
2026-08-17 04:01:23,738 INFO [__main__] ========================================================================
2026-08-17 04:01:23,738 INFO [__main__] selected methods=('oracle_avgy_shared',)
2026-08-17 04:01:25,409 INFO [__main__] gate fitting start candidate=avgy
2026-08-17 04:01:25,474 INFO [__main__] gate fitting done candidate=avgy
2026-08-17 04:01:25,504 INFO [__main__] experiment done seconds=1.76
2026-08-17 04:01:25,504 INFO [__main__] ========================================================================
2026-08-17T04:01:25+02:00 gates done configuration=11/12 dataset=exchange_rate model=chronos2 formula=oracle_avgy_shared lags=336 horizon=48 retrieval=instance_euclidean_1_online

2026-08-17T04:01:26+02:00 gates start configuration=11/12 dataset=exchange_rate model=chronos2 formula=oracle_avgy_horizon lags=336 horizon=48 retrieval=instance_euclidean_1_online run=/home/h61084/codes/adapts/outputs/adaptation/catboost_ablation/exchange_rate/336_48/chronos2/oracle_avgy_horizon/instance/euclidean/1/online/run_0 computation_signature=0307bf1578c2de199b5ceb23b048533571775bd233f0f54f05bf485dbb87b523 iterations=300 learning_rate=0.03 depth=4 early_stopping_rounds=50 task_type=CPU thread_count=2 validation_fraction=0.2 seed=1
2026-08-17 04:01:28,661 INFO [__main__] ========================================================================
2026-08-17 04:01:28,661 INFO [__main__] selected methods=('oracle_avgy_horizon',)
2026-08-17 04:01:30,406 INFO [__main__] gate fitting start candidate=avgy
2026-08-17 04:01:30,468 INFO [__main__] gate fitting done candidate=avgy
2026-08-17 04:01:30,503 INFO [__main__] experiment done seconds=1.84
2026-08-17 04:01:30,503 INFO [__main__] ========================================================================
2026-08-17T04:01:31+02:00 gates done configuration=11/12 dataset=exchange_rate model=chronos2 formula=oracle_avgy_horizon lags=336 horizon=48 retrieval=instance_euclidean_1_online
2026-08-17 04:01:33,294 INFO [__main__] extraction validation directory=/home/h61084/codes/adapts/outputs/extraction/exchange_rate/504_168/chronos2/instance/euclidean/1/online/run_1 status=complete

2026-08-17T04:01:33+02:00 gates start configuration=12/12 dataset=exchange_rate model=chronos2 formula=avgy lags=504 horizon=168 retrieval=instance_euclidean_1_online run=/home/h61084/codes/adapts/outputs/adaptation/catboost_ablation/exchange_rate/504_168/chronos2/avgy/instance/euclidean/1/online/run_0 computation_signature=878f4b68f266a3c8bb302d244cfb6cdc8ab9d5bfcda2c7e4d8679607b718b53d iterations=300 learning_rate=0.03 depth=4 early_stopping_rounds=50 task_type=CPU thread_count=2 validation_fraction=0.2 seed=1
2026-08-17 04:01:36,453 INFO [__main__] ========================================================================
2026-08-17 04:01:36,454 INFO [__main__] selected methods=('avgy',)
2026-08-17 04:01:38,371 INFO [__main__] experiment done seconds=1.91
2026-08-17 04:01:38,371 INFO [__main__] ========================================================================
2026-08-17T04:01:38+02:00 gates done configuration=12/12 dataset=exchange_rate model=chronos2 formula=avgy lags=504 horizon=168 retrieval=instance_euclidean_1_online

2026-08-17T04:01:39+02:00 gates start configuration=12/12 dataset=exchange_rate model=chronos2 formula=bayes_avgy_shared lags=504 horizon=168 retrieval=instance_euclidean_1_online run=/home/h61084/codes/adapts/outputs/adaptation/catboost_ablation/exchange_rate/504_168/chronos2/bayes_avgy_shared/instance/euclidean/1/online/run_0 computation_signature=fba091c441d8ec35c2cb83065019bde1981cbb61cba51a7c650c2a6d1e23f0f4 iterations=300 learning_rate=0.03 depth=4 early_stopping_rounds=50 task_type=CPU thread_count=2 validation_fraction=0.2 seed=1
2026-08-17 04:01:41,629 INFO [__main__] ========================================================================
2026-08-17 04:01:41,629 INFO [__main__] selected methods=('bayes_avgy_shared',)
2026-08-17 04:01:43,266 INFO [__main__] gate fitting start candidate=avgy
2026-08-17 04:01:43,376 INFO [__main__] gate fitting done candidate=avgy
2026-08-17 04:01:43,408 INFO [__main__] experiment done seconds=1.78
2026-08-17 04:01:43,408 INFO [__main__] ========================================================================
2026-08-17T04:01:43+02:00 gates done configuration=12/12 dataset=exchange_rate model=chronos2 formula=bayes_avgy_shared lags=504 horizon=168 retrieval=instance_euclidean_1_online

2026-08-17T04:01:44+02:00 gates start configuration=12/12 dataset=exchange_rate model=chronos2 formula=bayes_avgy_horizon lags=504 horizon=168 retrieval=instance_euclidean_1_online run=/home/h61084/codes/adapts/outputs/adaptation/catboost_ablation/exchange_rate/504_168/chronos2/bayes_avgy_horizon/instance/euclidean/1/online/run_0 computation_signature=e6261ce637b8f58ca2b1d74512bffede6e59e26098ba59d9bb694c05eaba19de iterations=300 learning_rate=0.03 depth=4 early_stopping_rounds=50 task_type=CPU thread_count=2 validation_fraction=0.2 seed=1
2026-08-17 04:01:46,581 INFO [__main__] ========================================================================
2026-08-17 04:01:46,582 INFO [__main__] selected methods=('bayes_avgy_horizon',)
2026-08-17 04:01:48,128 INFO [__main__] gate fitting start candidate=avgy
2026-08-17 04:01:48,203 INFO [__main__] gate fitting done candidate=avgy
2026-08-17 04:01:48,231 INFO [__main__] experiment done seconds=1.65
2026-08-17 04:01:48,231 INFO [__main__] ========================================================================
2026-08-17T04:01:48+02:00 gates done configuration=12/12 dataset=exchange_rate model=chronos2 formula=bayes_avgy_horizon lags=504 horizon=168 retrieval=instance_euclidean_1_online

2026-08-17T04:01:48+02:00 gates start configuration=12/12 dataset=exchange_rate model=chronos2 formula=catboost_avgy_regressor_shared lags=504 horizon=168 retrieval=instance_euclidean_1_online run=/home/h61084/codes/adapts/outputs/adaptation/catboost_ablation/exchange_rate/504_168/chronos2/catboost_avgy_regressor_shared/instance/euclidean/1/online/run_0 computation_signature=c4a5425f4486dbd0e85dee4331e7866387496270c5e808dcf0159dc8af161f2a iterations=300 learning_rate=0.03 depth=4 early_stopping_rounds=50 task_type=CPU thread_count=2 validation_fraction=0.2 seed=1
2026-08-17 04:01:51,301 INFO [__main__] ========================================================================
2026-08-17 04:01:51,301 INFO [__main__] selected methods=('catboost_avgy_regressor_shared',)
2026-08-17 04:01:52,977 INFO [__main__] gate fitting start candidate=avgy
2026-08-17 04:01:54,427 INFO [__main__] gate fitting done candidate=avgy
2026-08-17 04:01:55,021 INFO [__main__] experiment done seconds=3.72
2026-08-17 04:01:55,021 INFO [__main__] ========================================================================
2026-08-17T04:01:55+02:00 gates done configuration=12/12 dataset=exchange_rate model=chronos2 formula=catboost_avgy_regressor_shared lags=504 horizon=168 retrieval=instance_euclidean_1_online

2026-08-17T04:01:55+02:00 gates start configuration=12/12 dataset=exchange_rate model=chronos2 formula=catboost_avgy_regressor_shared_soft lags=504 horizon=168 retrieval=instance_euclidean_1_online run=/home/h61084/codes/adapts/outputs/adaptation/catboost_ablation/exchange_rate/504_168/chronos2/catboost_avgy_regressor_shared_soft/instance/euclidean/1/online/run_0 computation_signature=ce343a5fbf3a5184166c9ebd16232cf55006322ea00a235bde2384e623a6ba20 iterations=300 learning_rate=0.03 depth=4 early_stopping_rounds=50 task_type=CPU thread_count=2 validation_fraction=0.2 seed=1
2026-08-17 04:01:58,288 INFO [__main__] ========================================================================
2026-08-17 04:01:58,289 INFO [__main__] selected methods=('catboost_avgy_regressor_shared_soft',)
2026-08-17 04:01:59,867 INFO [__main__] gate fitting start candidate=avgy
2026-08-17 04:02:01,436 INFO [__main__] gate fitting done candidate=avgy
2026-08-17 04:02:02,058 INFO [__main__] experiment done seconds=3.77
2026-08-17 04:02:02,058 INFO [__main__] ========================================================================
2026-08-17T04:02:03+02:00 gates done configuration=12/12 dataset=exchange_rate model=chronos2 formula=catboost_avgy_regressor_shared_soft lags=504 horizon=168 retrieval=instance_euclidean_1_online

2026-08-17T04:02:03+02:00 gates start configuration=12/12 dataset=exchange_rate model=chronos2 formula=catboost_avgy_regressor_horizon lags=504 horizon=168 retrieval=instance_euclidean_1_online run=/home/h61084/codes/adapts/outputs/adaptation/catboost_ablation/exchange_rate/504_168/chronos2/catboost_avgy_regressor_horizon/instance/euclidean/1/online/run_0 computation_signature=73d324b60cfea3b075426f2203a55cd155fdef5ac56faf18776f4ea9ad6a07fd iterations=300 learning_rate=0.03 depth=4 early_stopping_rounds=50 task_type=CPU thread_count=2 validation_fraction=0.2 seed=1
2026-08-17 04:02:05,524 INFO [__main__] ========================================================================
2026-08-17 04:02:05,524 INFO [__main__] selected methods=('catboost_avgy_regressor_horizon',)
2026-08-17 04:02:07,238 INFO [__main__] gate fitting start candidate=avgy
2026-08-17 04:03:15,705 INFO [__main__] gate fitting done candidate=avgy
2026-08-17 04:03:16,305 INFO [__main__] experiment done seconds=70.78
2026-08-17 04:03:16,305 INFO [__main__] ========================================================================
2026-08-17T04:03:16+02:00 gates done configuration=12/12 dataset=exchange_rate model=chronos2 formula=catboost_avgy_regressor_horizon lags=504 horizon=168 retrieval=instance_euclidean_1_online

2026-08-17T04:03:17+02:00 gates start configuration=12/12 dataset=exchange_rate model=chronos2 formula=catboost_avgy_classifier_shared lags=504 horizon=168 retrieval=instance_euclidean_1_online run=/home/h61084/codes/adapts/outputs/adaptation/catboost_ablation/exchange_rate/504_168/chronos2/catboost_avgy_classifier_shared/instance/euclidean/1/online/run_0 computation_signature=bb1382a53bb6d438c7542809f6fa8cb03b52817d5f0484d3d0fb2a7f926e8b1e iterations=300 learning_rate=0.03 depth=4 early_stopping_rounds=50 task_type=CPU thread_count=2 validation_fraction=0.2 seed=1
2026-08-17 04:03:19,630 INFO [__main__] ========================================================================
2026-08-17 04:03:19,630 INFO [__main__] selected methods=('catboost_avgy_classifier_shared',)
2026-08-17 04:03:21,573 INFO [__main__] gate fitting start candidate=avgy
2026-08-17 04:03:22,770 INFO [__main__] gate fitting done candidate=avgy
2026-08-17 04:03:23,392 INFO [__main__] experiment done seconds=3.76
2026-08-17 04:03:23,393 INFO [__main__] ========================================================================
2026-08-17T04:03:24+02:00 gates done configuration=12/12 dataset=exchange_rate model=chronos2 formula=catboost_avgy_classifier_shared lags=504 horizon=168 retrieval=instance_euclidean_1_online

2026-08-17T04:03:24+02:00 gates start configuration=12/12 dataset=exchange_rate model=chronos2 formula=oracle_avgy_shared lags=504 horizon=168 retrieval=instance_euclidean_1_online run=/home/h61084/codes/adapts/outputs/adaptation/catboost_ablation/exchange_rate/504_168/chronos2/oracle_avgy_shared/instance/euclidean/1/online/run_0 computation_signature=49a8779dc73d84b63eeb9279a4b7f6cc093d6bb00aa5b4d424f87fe77784a1b3 iterations=300 learning_rate=0.03 depth=4 early_stopping_rounds=50 task_type=CPU thread_count=2 validation_fraction=0.2 seed=1
2026-08-17 04:03:26,851 INFO [__main__] ========================================================================
2026-08-17 04:03:26,852 INFO [__main__] selected methods=('oracle_avgy_shared',)
2026-08-17 04:03:28,644 INFO [__main__] gate fitting start candidate=avgy
2026-08-17 04:03:28,736 INFO [__main__] gate fitting done candidate=avgy
2026-08-17 04:03:28,772 INFO [__main__] experiment done seconds=1.92
2026-08-17 04:03:28,772 INFO [__main__] ========================================================================
2026-08-17T04:03:29+02:00 gates done configuration=12/12 dataset=exchange_rate model=chronos2 formula=oracle_avgy_shared lags=504 horizon=168 retrieval=instance_euclidean_1_online

2026-08-17T04:03:29+02:00 gates start configuration=12/12 dataset=exchange_rate model=chronos2 formula=oracle_avgy_horizon lags=504 horizon=168 retrieval=instance_euclidean_1_online run=/home/h61084/codes/adapts/outputs/adaptation/catboost_ablation/exchange_rate/504_168/chronos2/oracle_avgy_horizon/instance/euclidean/1/online/run_0 computation_signature=e4ecea2767fe8bc6ffacd1e53523ee318b86ab245a88c982978aa3c036b1b4e3 iterations=300 learning_rate=0.03 depth=4 early_stopping_rounds=50 task_type=CPU thread_count=2 validation_fraction=0.2 seed=1
2026-08-17 04:03:31,870 INFO [__main__] ========================================================================
2026-08-17 04:03:31,870 INFO [__main__] selected methods=('oracle_avgy_horizon',)
2026-08-17 04:03:33,496 INFO [__main__] gate fitting start candidate=avgy
2026-08-17 04:03:33,568 INFO [__main__] gate fitting done candidate=avgy
2026-08-17 04:03:33,600 INFO [__main__] experiment done seconds=1.73
2026-08-17 04:03:33,600 INFO [__main__] ========================================================================
2026-08-17T04:03:34+02:00 gates done configuration=12/12 dataset=exchange_rate model=chronos2 formula=oracle_avgy_horizon lags=504 horizon=168 retrieval=instance_euclidean_1_online

2026-08-17T04:03:34+02:00 job done kind=gates output=outputs/adaptation/catboost_ablation

2026-08-17T04:03:34+02:00 job start kind=adaptation_tables experiment_mode=full datasets=Electricity,Traffic,Solar,exchange_rate models=chronos2 settings=168_24,336_48,504_168 families=gates metric=nmse distance_metrics=euclidean methods=cov_forecast,bayes_cov_shared,bayes_cov_horizon,catboost_cov_regressor_shared,catboost_cov_regressor_shared_soft,catboost_cov_regressor_horizon,catboost_cov_classifier_shared,oracle_cov_shared,oracle_cov_horizon,avgy,bayes_avgy_shared,bayes_avgy_horizon,catboost_avgy_regressor_shared,catboost_avgy_regressor_shared_soft,catboost_avgy_regressor_horizon,catboost_avgy_classifier_shared,oracle_avgy_shared,oracle_avgy_horizon table_kinds=full,average results_root=outputs/adaptation/catboost_ablation

2026-08-17T04:03:34+02:00 table start model=chronos2 kind=full metric=nmse split=eval decimals=2 output=/home/h61084/codes/adapts/outputs/reports/catboost_ablation/full/chronos2/full
LaTeX table written to /home/h61084/codes/adapts/outputs/reports/catboost_ablation/full/chronos2/full/gates_results.tex
2026-08-17T04:03:51+02:00 table done model=chronos2 kind=full output=/home/h61084/codes/adapts/outputs/reports/catboost_ablation/full/chronos2/full

2026-08-17T04:03:51+02:00 table start model=chronos2 kind=average metric=nmse split=eval decimals=2 output=/home/h61084/codes/adapts/outputs/reports/catboost_ablation/full/chronos2/average
LaTeX table written to /home/h61084/codes/adapts/outputs/reports/catboost_ablation/full/chronos2/average/gates_results.tex
LaTeX table written to /home/h61084/codes/adapts/outputs/reports/catboost_ablation/full/chronos2/average/positive_windows_results.tex
2026-08-17T04:04:05+02:00 table done model=chronos2 kind=average output=/home/h61084/codes/adapts/outputs/reports/catboost_ablation/full/chronos2/average

2026-08-17T04:04:05+02:00 baseline coefficient plots start model=chronos2 output=/home/h61084/codes/adapts/outputs/reports/catboost_ablation/full/chronos2/coefficients
Baseline coefficient outputs written: 0
Coefficient index written to /home/h61084/codes/adapts/outputs/reports/catboost_ablation/full/chronos2/coefficients/coefficient_index.csv
2026-08-17T04:04:09+02:00 baseline coefficient plots done model=chronos2 output=/home/h61084/codes/adapts/outputs/reports/catboost_ablation/full/chronos2/coefficients

2026-08-17T04:04:09+02:00 job done kind=adaptation_tables output=/home/h61084/codes/adapts/outputs/reports/catboost_ablation/full
