
2026-08-14T23:44:15+02:00 job start kind=adaptation_extraction family=convex_baselines_ablation experiment_mode=full skip_complete=true tasks=24 datasets=Electricity,Traffic,Solar,exchange_rate models=chronos2 settings=168:24,336:48,504:168 distance_spaces=instance distance_metrics=euclidean neighbors=3
2026-08-14T23:44:15+02:00 skip complete family=extraction dataset=Electricity model=chronos2 lags=168 horizon=24 retrieval=vanilla run=/home/h61084/codes/adapts/outputs/extraction/Electricity/168_24/chronos2/none/none/0/none/run_1
2026-08-14T23:44:15+02:00 skip complete family=extraction dataset=Electricity model=chronos2 lags=168 horizon=24 retrieval=instance_euclidean_3_online run=/home/h61084/codes/adapts/outputs/extraction/Electricity/168_24/chronos2/instance/euclidean/3/online/run_1
2026-08-14T23:44:16+02:00 skip complete family=extraction dataset=Electricity model=chronos2 lags=336 horizon=48 retrieval=vanilla run=/home/h61084/codes/adapts/outputs/extraction/Electricity/336_48/chronos2/none/none/0/none/run_1
2026-08-14T23:44:16+02:00 skip complete family=extraction dataset=Electricity model=chronos2 lags=336 horizon=48 retrieval=instance_euclidean_3_online run=/home/h61084/codes/adapts/outputs/extraction/Electricity/336_48/chronos2/instance/euclidean/3/online/run_1
2026-08-14T23:44:16+02:00 skip complete family=extraction dataset=Electricity model=chronos2 lags=504 horizon=168 retrieval=vanilla run=/home/h61084/codes/adapts/outputs/extraction/Electricity/504_168/chronos2/none/none/0/none/run_2
2026-08-14T23:44:16+02:00 skip complete family=extraction dataset=Electricity model=chronos2 lags=504 horizon=168 retrieval=instance_euclidean_3_online run=/home/h61084/codes/adapts/outputs/extraction/Electricity/504_168/chronos2/instance/euclidean/3/online/run_1
2026-08-14T23:44:16+02:00 skip complete family=extraction dataset=Traffic model=chronos2 lags=168 horizon=24 retrieval=vanilla run=/home/h61084/codes/adapts/outputs/extraction/Traffic/168_24/chronos2/none/none/0/none/run_1
2026-08-14T23:44:16+02:00 skip complete family=extraction dataset=Traffic model=chronos2 lags=168 horizon=24 retrieval=instance_euclidean_3_online run=/home/h61084/codes/adapts/outputs/extraction/Traffic/168_24/chronos2/instance/euclidean/3/online/run_1
2026-08-14T23:44:16+02:00 skip complete family=extraction dataset=Traffic model=chronos2 lags=336 horizon=48 retrieval=vanilla run=/home/h61084/codes/adapts/outputs/extraction/Traffic/336_48/chronos2/none/none/0/none/run_1
2026-08-14T23:44:16+02:00 skip complete family=extraction dataset=Traffic model=chronos2 lags=336 horizon=48 retrieval=instance_euclidean_3_online run=/home/h61084/codes/adapts/outputs/extraction/Traffic/336_48/chronos2/instance/euclidean/3/online/run_1
2026-08-14T23:44:16+02:00 skip complete family=extraction dataset=Traffic model=chronos2 lags=504 horizon=168 retrieval=vanilla run=/home/h61084/codes/adapts/outputs/extraction/Traffic/504_168/chronos2/none/none/0/none/run_1
2026-08-14T23:44:16+02:00 skip complete family=extraction dataset=Traffic model=chronos2 lags=504 horizon=168 retrieval=instance_euclidean_3_online run=/home/h61084/codes/adapts/outputs/extraction/Traffic/504_168/chronos2/instance/euclidean/3/online/run_1
2026-08-14T23:44:16+02:00 skip complete family=extraction dataset=Solar model=chronos2 lags=168 horizon=24 retrieval=vanilla run=/home/h61084/codes/adapts/outputs/extraction/Solar/168_24/chronos2/none/none/0/none/run_1
2026-08-14T23:44:16+02:00 skip complete family=extraction dataset=Solar model=chronos2 lags=168 horizon=24 retrieval=instance_euclidean_3_online run=/home/h61084/codes/adapts/outputs/extraction/Solar/168_24/chronos2/instance/euclidean/3/online/run_1
2026-08-14T23:44:16+02:00 skip complete family=extraction dataset=Solar model=chronos2 lags=336 horizon=48 retrieval=vanilla run=/home/h61084/codes/adapts/outputs/extraction/Solar/336_48/chronos2/none/none/0/none/run_1
2026-08-14T23:44:16+02:00 skip complete family=extraction dataset=Solar model=chronos2 lags=336 horizon=48 retrieval=instance_euclidean_3_online run=/home/h61084/codes/adapts/outputs/extraction/Solar/336_48/chronos2/instance/euclidean/3/online/run_1
2026-08-14T23:44:17+02:00 skip complete family=extraction dataset=Solar model=chronos2 lags=504 horizon=168 retrieval=vanilla run=/home/h61084/codes/adapts/outputs/extraction/Solar/504_168/chronos2/none/none/0/none/run_1
2026-08-14T23:44:17+02:00 skip complete family=extraction dataset=Solar model=chronos2 lags=504 horizon=168 retrieval=instance_euclidean_3_online run=/home/h61084/codes/adapts/outputs/extraction/Solar/504_168/chronos2/instance/euclidean/3/online/run_1
2026-08-14T23:44:17+02:00 skip complete family=extraction dataset=exchange_rate model=chronos2 lags=168 horizon=24 retrieval=vanilla run=/home/h61084/codes/adapts/outputs/extraction/exchange_rate/168_24/chronos2/none/none/0/none/run_1
2026-08-14T23:44:17+02:00 skip complete family=extraction dataset=exchange_rate model=chronos2 lags=168 horizon=24 retrieval=instance_euclidean_3_online run=/home/h61084/codes/adapts/outputs/extraction/exchange_rate/168_24/chronos2/instance/euclidean/3/online/run_1
2026-08-14T23:44:17+02:00 skip complete family=extraction dataset=exchange_rate model=chronos2 lags=336 horizon=48 retrieval=vanilla run=/home/h61084/codes/adapts/outputs/extraction/exchange_rate/336_48/chronos2/none/none/0/none/run_1
2026-08-14T23:44:17+02:00 skip complete family=extraction dataset=exchange_rate model=chronos2 lags=336 horizon=48 retrieval=instance_euclidean_3_online run=/home/h61084/codes/adapts/outputs/extraction/exchange_rate/336_48/chronos2/instance/euclidean/3/online/run_1
2026-08-14T23:44:17+02:00 skip complete family=extraction dataset=exchange_rate model=chronos2 lags=504 horizon=168 retrieval=vanilla run=/home/h61084/codes/adapts/outputs/extraction/exchange_rate/504_168/chronos2/none/none/0/none/run_1
2026-08-14T23:44:17+02:00 skip complete family=extraction dataset=exchange_rate model=chronos2 lags=504 horizon=168 retrieval=instance_euclidean_3_online run=/home/h61084/codes/adapts/outputs/extraction/exchange_rate/504_168/chronos2/instance/euclidean/3/online/run_1

2026-08-14T23:44:17+02:00 job done kind=adaptation_extraction output=outputs/extraction

2026-08-14T23:44:17+02:00 job start kind=baselines family=convex_baselines_ablation experiment_mode=full skip_complete=true tasks=12 datasets=Electricity,Traffic,Solar,exchange_rate models=chronos2 settings=168:24,336:48,504:168 distance_spaces=instance distance_metrics=euclidean neighbors=3 methods=full_ridge_shared,full_convex_shared,cov_y_ridge_shared,cov_y_convex_shared,cov_avgy_ridge_shared,cov_avgy_convex_shared results_root=outputs/adaptation/convex_baselines_ablation
2026-08-14 23:44:19,998 INFO [__main__] extraction validation directory=/home/h61084/codes/adapts/outputs/extraction/Electricity/168_24/chronos2/instance/euclidean/3/online/run_1 status=complete

2026-08-14T23:44:20+02:00 baselines start configuration=1/12 dataset=Electricity model=chronos2 formula=full_ridge_shared lags=168 horizon=24 retrieval=instance_euclidean_3_online run=/home/h61084/codes/adapts/outputs/adaptation/convex_baselines_ablation/Electricity/168_24/chronos2/full_ridge_shared/instance/euclidean/3/online/run_0 computation_signature=d0b5eb21877a7e6c592ecb15be56b07709b0a63093ef9ad19e036b2403c492b8 l2_grid=0,1e-6,1e-5,1e-4,1e-3,1e-2,1e-1,1,10 validation_fraction=0.2 fit_baselines_on_eval=false seed=1
2026-08-14 23:44:22,777 INFO [__main__] ========================================================================
2026-08-14 23:44:22,778 INFO [__main__] selected methods=('full_ridge_shared',)
2026-08-14 23:44:25,291 INFO [__main__] baseline selection start l2_grid=(0.0, 1e-06, 1e-05, 0.0001, 0.001, 0.01, 0.1, 1.0, 10.0)
2026-08-14 23:44:26,066 INFO [__main__] baseline selection done
2026-08-14 23:44:26,090 INFO [__main__] experiment done seconds=3.31
2026-08-14 23:44:26,090 INFO [__main__] ========================================================================
2026-08-14T23:44:26+02:00 baselines done configuration=1/12 dataset=Electricity model=chronos2 formula=full_ridge_shared lags=168 horizon=24 retrieval=instance_euclidean_3_online

2026-08-14T23:44:26+02:00 baselines start configuration=1/12 dataset=Electricity model=chronos2 formula=full_convex_shared lags=168 horizon=24 retrieval=instance_euclidean_3_online run=/home/h61084/codes/adapts/outputs/adaptation/convex_baselines_ablation/Electricity/168_24/chronos2/full_convex_shared/instance/euclidean/3/online/run_0 computation_signature=e94fc14834e0c1a7b34fe077eccec395e9397e81f13c29e55119e022c5e0baa3 l2_grid=0,1e-6,1e-5,1e-4,1e-3,1e-2,1e-1,1,10 validation_fraction=0.2 fit_baselines_on_eval=false seed=1
2026-08-14 23:44:29,098 INFO [__main__] ========================================================================
2026-08-14 23:44:29,098 INFO [__main__] selected methods=('full_convex_shared',)
2026-08-14 23:44:31,484 INFO [__main__] baseline selection start l2_grid=(0.0, 1e-06, 1e-05, 0.0001, 0.001, 0.01, 0.1, 1.0, 10.0)
2026-08-14 23:44:32,223 INFO [__main__] baseline selection done
2026-08-14 23:44:32,246 INFO [__main__] experiment done seconds=3.14
2026-08-14 23:44:32,246 INFO [__main__] ========================================================================
2026-08-14T23:44:32+02:00 baselines done configuration=1/12 dataset=Electricity model=chronos2 formula=full_convex_shared lags=168 horizon=24 retrieval=instance_euclidean_3_online

2026-08-14T23:44:32+02:00 baselines start configuration=1/12 dataset=Electricity model=chronos2 formula=cov_y_ridge_shared lags=168 horizon=24 retrieval=instance_euclidean_3_online run=/home/h61084/codes/adapts/outputs/adaptation/convex_baselines_ablation/Electricity/168_24/chronos2/cov_y_ridge_shared/instance/euclidean/3/online/run_0 computation_signature=bbc52083abbea590c0c4810f481d3ddc85ba09048b094731ed9b42ab39c3cb10 l2_grid=0,1e-6,1e-5,1e-4,1e-3,1e-2,1e-1,1,10 validation_fraction=0.2 fit_baselines_on_eval=false seed=1
2026-08-14 23:44:35,255 INFO [__main__] ========================================================================
2026-08-14 23:44:35,255 INFO [__main__] selected methods=('cov_y_ridge_shared',)
2026-08-14 23:44:37,694 INFO [__main__] baseline selection start l2_grid=(0.0, 1e-06, 1e-05, 0.0001, 0.001, 0.01, 0.1, 1.0, 10.0)
2026-08-14 23:44:38,287 INFO [__main__] baseline selection done
2026-08-14 23:44:38,309 INFO [__main__] experiment done seconds=3.05
2026-08-14 23:44:38,309 INFO [__main__] ========================================================================
2026-08-14T23:44:38+02:00 baselines done configuration=1/12 dataset=Electricity model=chronos2 formula=cov_y_ridge_shared lags=168 horizon=24 retrieval=instance_euclidean_3_online

2026-08-14T23:44:38+02:00 baselines start configuration=1/12 dataset=Electricity model=chronos2 formula=cov_y_convex_shared lags=168 horizon=24 retrieval=instance_euclidean_3_online run=/home/h61084/codes/adapts/outputs/adaptation/convex_baselines_ablation/Electricity/168_24/chronos2/cov_y_convex_shared/instance/euclidean/3/online/run_0 computation_signature=0443de2670f881f8063221018025fb5e23c250797c22908bd32b5abbc84f4743 l2_grid=0,1e-6,1e-5,1e-4,1e-3,1e-2,1e-1,1,10 validation_fraction=0.2 fit_baselines_on_eval=false seed=1
2026-08-14 23:44:41,395 INFO [__main__] ========================================================================
2026-08-14 23:44:41,396 INFO [__main__] selected methods=('cov_y_convex_shared',)
2026-08-14 23:44:43,915 INFO [__main__] baseline selection start l2_grid=(0.0, 1e-06, 1e-05, 0.0001, 0.001, 0.01, 0.1, 1.0, 10.0)
2026-08-14 23:44:44,395 INFO [__main__] baseline selection done
2026-08-14 23:44:44,419 INFO [__main__] experiment done seconds=3.02
2026-08-14 23:44:44,419 INFO [__main__] ========================================================================
2026-08-14T23:44:44+02:00 baselines done configuration=1/12 dataset=Electricity model=chronos2 formula=cov_y_convex_shared lags=168 horizon=24 retrieval=instance_euclidean_3_online

2026-08-14T23:44:45+02:00 baselines start configuration=1/12 dataset=Electricity model=chronos2 formula=cov_avgy_ridge_shared lags=168 horizon=24 retrieval=instance_euclidean_3_online run=/home/h61084/codes/adapts/outputs/adaptation/convex_baselines_ablation/Electricity/168_24/chronos2/cov_avgy_ridge_shared/instance/euclidean/3/online/run_0 computation_signature=d7e5f6416617874a64c2f4b98ab6ff9603514d84baa93cb83fed37abb6daf862 l2_grid=0,1e-6,1e-5,1e-4,1e-3,1e-2,1e-1,1,10 validation_fraction=0.2 fit_baselines_on_eval=false seed=1
2026-08-14 23:44:47,378 INFO [__main__] ========================================================================
2026-08-14 23:44:47,378 INFO [__main__] selected methods=('cov_avgy_ridge_shared',)
2026-08-14 23:44:50,065 INFO [__main__] baseline selection start l2_grid=(0.0, 1e-06, 1e-05, 0.0001, 0.001, 0.01, 0.1, 1.0, 10.0)
2026-08-14 23:44:50,844 INFO [__main__] baseline selection done
2026-08-14 23:44:50,880 INFO [__main__] experiment done seconds=3.50
2026-08-14 23:44:50,880 INFO [__main__] ========================================================================
2026-08-14T23:44:51+02:00 baselines done configuration=1/12 dataset=Electricity model=chronos2 formula=cov_avgy_ridge_shared lags=168 horizon=24 retrieval=instance_euclidean_3_online

2026-08-14T23:44:51+02:00 baselines start configuration=1/12 dataset=Electricity model=chronos2 formula=cov_avgy_convex_shared lags=168 horizon=24 retrieval=instance_euclidean_3_online run=/home/h61084/codes/adapts/outputs/adaptation/convex_baselines_ablation/Electricity/168_24/chronos2/cov_avgy_convex_shared/instance/euclidean/3/online/run_0 computation_signature=e7620946b4145d2939e098865719feb2f8207e24fa9cb727c3e0e4a89e38d5e5 l2_grid=0,1e-6,1e-5,1e-4,1e-3,1e-2,1e-1,1,10 validation_fraction=0.2 fit_baselines_on_eval=false seed=1
2026-08-14 23:44:54,003 INFO [__main__] ========================================================================
2026-08-14 23:44:54,003 INFO [__main__] selected methods=('cov_avgy_convex_shared',)
2026-08-14 23:44:56,558 INFO [__main__] baseline selection start l2_grid=(0.0, 1e-06, 1e-05, 0.0001, 0.001, 0.01, 0.1, 1.0, 10.0)
2026-08-14 23:44:57,106 INFO [__main__] baseline selection done
2026-08-14 23:44:57,130 INFO [__main__] experiment done seconds=3.12
2026-08-14 23:44:57,130 INFO [__main__] ========================================================================
2026-08-14T23:44:57+02:00 baselines done configuration=1/12 dataset=Electricity model=chronos2 formula=cov_avgy_convex_shared lags=168 horizon=24 retrieval=instance_euclidean_3_online
2026-08-14 23:44:59,784 INFO [__main__] extraction validation directory=/home/h61084/codes/adapts/outputs/extraction/Electricity/336_48/chronos2/instance/euclidean/3/online/run_1 status=complete

2026-08-14T23:45:00+02:00 baselines start configuration=2/12 dataset=Electricity model=chronos2 formula=full_ridge_shared lags=336 horizon=48 retrieval=instance_euclidean_3_online run=/home/h61084/codes/adapts/outputs/adaptation/convex_baselines_ablation/Electricity/336_48/chronos2/full_ridge_shared/instance/euclidean/3/online/run_0 computation_signature=43b2ad30ab8ca25fc90f71264c739ae1e20d3b8fcf3184fc5dfd46e0ed86b13c l2_grid=0,1e-6,1e-5,1e-4,1e-3,1e-2,1e-1,1,10 validation_fraction=0.2 fit_baselines_on_eval=false seed=1
2026-08-14 23:45:03,045 INFO [__main__] ========================================================================
2026-08-14 23:45:03,046 INFO [__main__] selected methods=('full_ridge_shared',)
2026-08-14 23:45:06,394 INFO [__main__] baseline selection start l2_grid=(0.0, 1e-06, 1e-05, 0.0001, 0.001, 0.01, 0.1, 1.0, 10.0)
2026-08-14 23:45:08,264 INFO [__main__] baseline selection done
2026-08-14 23:45:08,286 INFO [__main__] experiment done seconds=5.24
2026-08-14 23:45:08,286 INFO [__main__] ========================================================================
2026-08-14T23:45:08+02:00 baselines done configuration=2/12 dataset=Electricity model=chronos2 formula=full_ridge_shared lags=336 horizon=48 retrieval=instance_euclidean_3_online

2026-08-14T23:45:08+02:00 baselines start configuration=2/12 dataset=Electricity model=chronos2 formula=full_convex_shared lags=336 horizon=48 retrieval=instance_euclidean_3_online run=/home/h61084/codes/adapts/outputs/adaptation/convex_baselines_ablation/Electricity/336_48/chronos2/full_convex_shared/instance/euclidean/3/online/run_0 computation_signature=db6fd72ab9be4ac55d83f1c56a92f63eaeefea26f4a21819a5ac7ebc7134d61a l2_grid=0,1e-6,1e-5,1e-4,1e-3,1e-2,1e-1,1,10 validation_fraction=0.2 fit_baselines_on_eval=false seed=1
2026-08-14 23:45:11,392 INFO [__main__] ========================================================================
2026-08-14 23:45:11,392 INFO [__main__] selected methods=('full_convex_shared',)
2026-08-14 23:45:14,775 INFO [__main__] baseline selection start l2_grid=(0.0, 1e-06, 1e-05, 0.0001, 0.001, 0.01, 0.1, 1.0, 10.0)
2026-08-14 23:45:16,406 INFO [__main__] baseline selection done
2026-08-14 23:45:16,436 INFO [__main__] experiment done seconds=5.04
2026-08-14 23:45:16,436 INFO [__main__] ========================================================================
2026-08-14T23:45:16+02:00 baselines done configuration=2/12 dataset=Electricity model=chronos2 formula=full_convex_shared lags=336 horizon=48 retrieval=instance_euclidean_3_online

2026-08-14T23:45:17+02:00 baselines start configuration=2/12 dataset=Electricity model=chronos2 formula=cov_y_ridge_shared lags=336 horizon=48 retrieval=instance_euclidean_3_online run=/home/h61084/codes/adapts/outputs/adaptation/convex_baselines_ablation/Electricity/336_48/chronos2/cov_y_ridge_shared/instance/euclidean/3/online/run_0 computation_signature=979b23e998befabf247b40ece7788fae05e101eed50f44442fa01f4d26ef8fc4 l2_grid=0,1e-6,1e-5,1e-4,1e-3,1e-2,1e-1,1,10 validation_fraction=0.2 fit_baselines_on_eval=false seed=1
2026-08-14 23:45:19,591 INFO [__main__] ========================================================================
2026-08-14 23:45:19,591 INFO [__main__] selected methods=('cov_y_ridge_shared',)
2026-08-14 23:45:22,610 INFO [__main__] baseline selection start l2_grid=(0.0, 1e-06, 1e-05, 0.0001, 0.001, 0.01, 0.1, 1.0, 10.0)
2026-08-14 23:45:23,599 INFO [__main__] baseline selection done
2026-08-14 23:45:23,623 INFO [__main__] experiment done seconds=4.03
2026-08-14 23:45:23,623 INFO [__main__] ========================================================================
2026-08-14T23:45:24+02:00 baselines done configuration=2/12 dataset=Electricity model=chronos2 formula=cov_y_ridge_shared lags=336 horizon=48 retrieval=instance_euclidean_3_online

2026-08-14T23:45:24+02:00 baselines start configuration=2/12 dataset=Electricity model=chronos2 formula=cov_y_convex_shared lags=336 horizon=48 retrieval=instance_euclidean_3_online run=/home/h61084/codes/adapts/outputs/adaptation/convex_baselines_ablation/Electricity/336_48/chronos2/cov_y_convex_shared/instance/euclidean/3/online/run_0 computation_signature=e328ccdd652c297b918c5208145a2d063da5aee4c31aa19b12e48b724f47fa20 l2_grid=0,1e-6,1e-5,1e-4,1e-3,1e-2,1e-1,1,10 validation_fraction=0.2 fit_baselines_on_eval=false seed=1
2026-08-14 23:45:26,601 INFO [__main__] ========================================================================
2026-08-14 23:45:26,601 INFO [__main__] selected methods=('cov_y_convex_shared',)
2026-08-14 23:45:29,972 INFO [__main__] baseline selection start l2_grid=(0.0, 1e-06, 1e-05, 0.0001, 0.001, 0.01, 0.1, 1.0, 10.0)
2026-08-14 23:45:30,779 INFO [__main__] baseline selection done
2026-08-14 23:45:30,804 INFO [__main__] experiment done seconds=4.20
2026-08-14 23:45:30,804 INFO [__main__] ========================================================================
2026-08-14T23:45:31+02:00 baselines done configuration=2/12 dataset=Electricity model=chronos2 formula=cov_y_convex_shared lags=336 horizon=48 retrieval=instance_euclidean_3_online

2026-08-14T23:45:31+02:00 baselines start configuration=2/12 dataset=Electricity model=chronos2 formula=cov_avgy_ridge_shared lags=336 horizon=48 retrieval=instance_euclidean_3_online run=/home/h61084/codes/adapts/outputs/adaptation/convex_baselines_ablation/Electricity/336_48/chronos2/cov_avgy_ridge_shared/instance/euclidean/3/online/run_0 computation_signature=9f57661bc5c78dcdc0ec6722eba8533284dad2b53ce480c815a035952a58c2f0 l2_grid=0,1e-6,1e-5,1e-4,1e-3,1e-2,1e-1,1,10 validation_fraction=0.2 fit_baselines_on_eval=false seed=1
2026-08-14 23:45:33,952 INFO [__main__] ========================================================================
2026-08-14 23:45:33,953 INFO [__main__] selected methods=('cov_avgy_ridge_shared',)
2026-08-14 23:45:37,141 INFO [__main__] baseline selection start l2_grid=(0.0, 1e-06, 1e-05, 0.0001, 0.001, 0.01, 0.1, 1.0, 10.0)
2026-08-14 23:45:38,423 INFO [__main__] baseline selection done
2026-08-14 23:45:38,446 INFO [__main__] experiment done seconds=4.49
2026-08-14 23:45:38,446 INFO [__main__] ========================================================================
2026-08-14T23:45:39+02:00 baselines done configuration=2/12 dataset=Electricity model=chronos2 formula=cov_avgy_ridge_shared lags=336 horizon=48 retrieval=instance_euclidean_3_online

2026-08-14T23:45:39+02:00 baselines start configuration=2/12 dataset=Electricity model=chronos2 formula=cov_avgy_convex_shared lags=336 horizon=48 retrieval=instance_euclidean_3_online run=/home/h61084/codes/adapts/outputs/adaptation/convex_baselines_ablation/Electricity/336_48/chronos2/cov_avgy_convex_shared/instance/euclidean/3/online/run_0 computation_signature=e03f1dead3fd511e99ac5a3c12fafeca4a2dc5518cf740e1b6629cc7731e0df1 l2_grid=0,1e-6,1e-5,1e-4,1e-3,1e-2,1e-1,1,10 validation_fraction=0.2 fit_baselines_on_eval=false seed=1
2026-08-14 23:45:41,547 INFO [__main__] ========================================================================
2026-08-14 23:45:41,547 INFO [__main__] selected methods=('cov_avgy_convex_shared',)
2026-08-14 23:45:44,533 INFO [__main__] baseline selection start l2_grid=(0.0, 1e-06, 1e-05, 0.0001, 0.001, 0.01, 0.1, 1.0, 10.0)
2026-08-14 23:45:45,441 INFO [__main__] baseline selection done
2026-08-14 23:45:45,463 INFO [__main__] experiment done seconds=3.91
2026-08-14 23:45:45,463 INFO [__main__] ========================================================================
2026-08-14T23:45:45+02:00 baselines done configuration=2/12 dataset=Electricity model=chronos2 formula=cov_avgy_convex_shared lags=336 horizon=48 retrieval=instance_euclidean_3_online
2026-08-14 23:45:48,175 INFO [__main__] extraction validation directory=/home/h61084/codes/adapts/outputs/extraction/Electricity/504_168/chronos2/instance/euclidean/3/online/run_1 status=complete

2026-08-14T23:45:48+02:00 baselines start configuration=3/12 dataset=Electricity model=chronos2 formula=full_ridge_shared lags=504 horizon=168 retrieval=instance_euclidean_3_online run=/home/h61084/codes/adapts/outputs/adaptation/convex_baselines_ablation/Electricity/504_168/chronos2/full_ridge_shared/instance/euclidean/3/online/run_0 computation_signature=80108ff0e8b5aa45aa6f2f5b736683bfd7a73d8299a009d0395f95e99fd762ec l2_grid=0,1e-6,1e-5,1e-4,1e-3,1e-2,1e-1,1,10 validation_fraction=0.2 fit_baselines_on_eval=false seed=1
2026-08-14 23:45:51,117 INFO [__main__] ========================================================================
2026-08-14 23:45:51,117 INFO [__main__] selected methods=('full_ridge_shared',)
2026-08-14 23:45:55,368 INFO [__main__] baseline selection start l2_grid=(0.0, 1e-06, 1e-05, 0.0001, 0.001, 0.01, 0.1, 1.0, 10.0)
2026-08-14 23:45:59,699 INFO [__main__] baseline selection done
2026-08-14 23:45:59,723 INFO [__main__] experiment done seconds=8.60
2026-08-14 23:45:59,723 INFO [__main__] ========================================================================
2026-08-14T23:46:00+02:00 baselines done configuration=3/12 dataset=Electricity model=chronos2 formula=full_ridge_shared lags=504 horizon=168 retrieval=instance_euclidean_3_online

2026-08-14T23:46:00+02:00 baselines start configuration=3/12 dataset=Electricity model=chronos2 formula=full_convex_shared lags=504 horizon=168 retrieval=instance_euclidean_3_online run=/home/h61084/codes/adapts/outputs/adaptation/convex_baselines_ablation/Electricity/504_168/chronos2/full_convex_shared/instance/euclidean/3/online/run_0 computation_signature=5162ee0747bb2a45e1872bd47d4c27241a76dc04ba2f68627363cea269e28d06 l2_grid=0,1e-6,1e-5,1e-4,1e-3,1e-2,1e-1,1,10 validation_fraction=0.2 fit_baselines_on_eval=false seed=1
2026-08-14 23:46:02,843 INFO [__main__] ========================================================================
2026-08-14 23:46:02,843 INFO [__main__] selected methods=('full_convex_shared',)
2026-08-14 23:46:06,976 INFO [__main__] baseline selection start l2_grid=(0.0, 1e-06, 1e-05, 0.0001, 0.001, 0.01, 0.1, 1.0, 10.0)
2026-08-14 23:46:11,452 INFO [__main__] baseline selection done
2026-08-14 23:46:11,475 INFO [__main__] experiment done seconds=8.63
2026-08-14 23:46:11,475 INFO [__main__] ========================================================================
2026-08-14T23:46:12+02:00 baselines done configuration=3/12 dataset=Electricity model=chronos2 formula=full_convex_shared lags=504 horizon=168 retrieval=instance_euclidean_3_online

2026-08-14T23:46:12+02:00 baselines start configuration=3/12 dataset=Electricity model=chronos2 formula=cov_y_ridge_shared lags=504 horizon=168 retrieval=instance_euclidean_3_online run=/home/h61084/codes/adapts/outputs/adaptation/convex_baselines_ablation/Electricity/504_168/chronos2/cov_y_ridge_shared/instance/euclidean/3/online/run_0 computation_signature=8d64a65e97061dd1b76ea42b66d4f1ef4695bc2dec7eb52095eb89d2d16b81c3 l2_grid=0,1e-6,1e-5,1e-4,1e-3,1e-2,1e-1,1,10 validation_fraction=0.2 fit_baselines_on_eval=false seed=1
2026-08-14 23:46:14,591 INFO [__main__] ========================================================================
2026-08-14 23:46:14,592 INFO [__main__] selected methods=('cov_y_ridge_shared',)
2026-08-14 23:46:18,793 INFO [__main__] baseline selection start l2_grid=(0.0, 1e-06, 1e-05, 0.0001, 0.001, 0.01, 0.1, 1.0, 10.0)
2026-08-14 23:46:22,243 INFO [__main__] baseline selection done
2026-08-14 23:46:22,270 INFO [__main__] experiment done seconds=7.67
2026-08-14 23:46:22,270 INFO [__main__] ========================================================================
2026-08-14T23:46:22+02:00 baselines done configuration=3/12 dataset=Electricity model=chronos2 formula=cov_y_ridge_shared lags=504 horizon=168 retrieval=instance_euclidean_3_online

2026-08-14T23:46:23+02:00 baselines start configuration=3/12 dataset=Electricity model=chronos2 formula=cov_y_convex_shared lags=504 horizon=168 retrieval=instance_euclidean_3_online run=/home/h61084/codes/adapts/outputs/adaptation/convex_baselines_ablation/Electricity/504_168/chronos2/cov_y_convex_shared/instance/euclidean/3/online/run_0 computation_signature=fee169e17c7533e23f93dac31d55ecd03900169b2accac8759a0c85b876c4884 l2_grid=0,1e-6,1e-5,1e-4,1e-3,1e-2,1e-1,1,10 validation_fraction=0.2 fit_baselines_on_eval=false seed=1
2026-08-14 23:46:25,430 INFO [__main__] ========================================================================
2026-08-14 23:46:25,430 INFO [__main__] selected methods=('cov_y_convex_shared',)
2026-08-14 23:46:29,514 INFO [__main__] baseline selection start l2_grid=(0.0, 1e-06, 1e-05, 0.0001, 0.001, 0.01, 0.1, 1.0, 10.0)
2026-08-14 23:46:31,793 INFO [__main__] baseline selection done
2026-08-14 23:46:31,818 INFO [__main__] experiment done seconds=6.38
2026-08-14 23:46:31,818 INFO [__main__] ========================================================================
2026-08-14T23:46:32+02:00 baselines done configuration=3/12 dataset=Electricity model=chronos2 formula=cov_y_convex_shared lags=504 horizon=168 retrieval=instance_euclidean_3_online

2026-08-14T23:46:32+02:00 baselines start configuration=3/12 dataset=Electricity model=chronos2 formula=cov_avgy_ridge_shared lags=504 horizon=168 retrieval=instance_euclidean_3_online run=/home/h61084/codes/adapts/outputs/adaptation/convex_baselines_ablation/Electricity/504_168/chronos2/cov_avgy_ridge_shared/instance/euclidean/3/online/run_0 computation_signature=237344bfbd63b6bb556eef7e740385820ffb1c5cacf167b5c28d463e75e59b52 l2_grid=0,1e-6,1e-5,1e-4,1e-3,1e-2,1e-1,1,10 validation_fraction=0.2 fit_baselines_on_eval=false seed=1
2026-08-14 23:46:34,843 INFO [__main__] ========================================================================
2026-08-14 23:46:34,843 INFO [__main__] selected methods=('cov_avgy_ridge_shared',)
2026-08-14 23:46:38,993 INFO [__main__] baseline selection start l2_grid=(0.0, 1e-06, 1e-05, 0.0001, 0.001, 0.01, 0.1, 1.0, 10.0)
2026-08-14 23:46:42,679 INFO [__main__] baseline selection done
2026-08-14 23:46:42,701 INFO [__main__] experiment done seconds=7.85
2026-08-14 23:46:42,701 INFO [__main__] ========================================================================
2026-08-14T23:46:43+02:00 baselines done configuration=3/12 dataset=Electricity model=chronos2 formula=cov_avgy_ridge_shared lags=504 horizon=168 retrieval=instance_euclidean_3_online

2026-08-14T23:46:43+02:00 baselines start configuration=3/12 dataset=Electricity model=chronos2 formula=cov_avgy_convex_shared lags=504 horizon=168 retrieval=instance_euclidean_3_online run=/home/h61084/codes/adapts/outputs/adaptation/convex_baselines_ablation/Electricity/504_168/chronos2/cov_avgy_convex_shared/instance/euclidean/3/online/run_0 computation_signature=b4bba136a5aed2656876d0b9613afd88f10b33b4d0847205b06a154d29b605e1 l2_grid=0,1e-6,1e-5,1e-4,1e-3,1e-2,1e-1,1,10 validation_fraction=0.2 fit_baselines_on_eval=false seed=1
2026-08-14 23:46:45,889 INFO [__main__] ========================================================================
2026-08-14 23:46:45,889 INFO [__main__] selected methods=('cov_avgy_convex_shared',)
2026-08-14 23:46:49,979 INFO [__main__] baseline selection start l2_grid=(0.0, 1e-06, 1e-05, 0.0001, 0.001, 0.01, 0.1, 1.0, 10.0)
2026-08-14 23:46:52,239 INFO [__main__] baseline selection done
2026-08-14 23:46:52,263 INFO [__main__] experiment done seconds=6.37
2026-08-14 23:46:52,263 INFO [__main__] ========================================================================
2026-08-14T23:46:52+02:00 baselines done configuration=3/12 dataset=Electricity model=chronos2 formula=cov_avgy_convex_shared lags=504 horizon=168 retrieval=instance_euclidean_3_online
2026-08-14 23:46:54,988 INFO [__main__] extraction validation directory=/home/h61084/codes/adapts/outputs/extraction/Traffic/168_24/chronos2/instance/euclidean/3/online/run_1 status=complete

2026-08-14T23:46:55+02:00 baselines start configuration=4/12 dataset=Traffic model=chronos2 formula=full_ridge_shared lags=168 horizon=24 retrieval=instance_euclidean_3_online run=/home/h61084/codes/adapts/outputs/adaptation/convex_baselines_ablation/Traffic/168_24/chronos2/full_ridge_shared/instance/euclidean/3/online/run_0 computation_signature=9ca18a866e44d138baa1b6458feb47672a991f1609aa98ac521daab294e29b45 l2_grid=0,1e-6,1e-5,1e-4,1e-3,1e-2,1e-1,1,10 validation_fraction=0.2 fit_baselines_on_eval=false seed=1
2026-08-14 23:46:57,797 INFO [__main__] ========================================================================
2026-08-14 23:46:57,797 INFO [__main__] selected methods=('full_ridge_shared',)
2026-08-14 23:47:01,189 INFO [__main__] baseline selection start l2_grid=(0.0, 1e-06, 1e-05, 0.0001, 0.001, 0.01, 0.1, 1.0, 10.0)
2026-08-14 23:47:02,497 INFO [__main__] baseline selection done
2026-08-14 23:47:02,521 INFO [__main__] experiment done seconds=4.72
2026-08-14 23:47:02,521 INFO [__main__] ========================================================================
2026-08-14T23:47:03+02:00 baselines done configuration=4/12 dataset=Traffic model=chronos2 formula=full_ridge_shared lags=168 horizon=24 retrieval=instance_euclidean_3_online

2026-08-14T23:47:03+02:00 baselines start configuration=4/12 dataset=Traffic model=chronos2 formula=full_convex_shared lags=168 horizon=24 retrieval=instance_euclidean_3_online run=/home/h61084/codes/adapts/outputs/adaptation/convex_baselines_ablation/Traffic/168_24/chronos2/full_convex_shared/instance/euclidean/3/online/run_0 computation_signature=7ffd36421cdecb56151912af2a4ed0d2a3a570ec508429f57969b79daf35d4f3 l2_grid=0,1e-6,1e-5,1e-4,1e-3,1e-2,1e-1,1,10 validation_fraction=0.2 fit_baselines_on_eval=false seed=1
2026-08-14 23:47:05,599 INFO [__main__] ========================================================================
2026-08-14 23:47:05,600 INFO [__main__] selected methods=('full_convex_shared',)
2026-08-14 23:47:08,788 INFO [__main__] baseline selection start l2_grid=(0.0, 1e-06, 1e-05, 0.0001, 0.001, 0.01, 0.1, 1.0, 10.0)
2026-08-14 23:47:10,227 INFO [__main__] baseline selection done
2026-08-14 23:47:10,250 INFO [__main__] experiment done seconds=4.65
2026-08-14 23:47:10,250 INFO [__main__] ========================================================================
2026-08-14T23:47:10+02:00 baselines done configuration=4/12 dataset=Traffic model=chronos2 formula=full_convex_shared lags=168 horizon=24 retrieval=instance_euclidean_3_online

2026-08-14T23:47:10+02:00 baselines start configuration=4/12 dataset=Traffic model=chronos2 formula=cov_y_ridge_shared lags=168 horizon=24 retrieval=instance_euclidean_3_online run=/home/h61084/codes/adapts/outputs/adaptation/convex_baselines_ablation/Traffic/168_24/chronos2/cov_y_ridge_shared/instance/euclidean/3/online/run_0 computation_signature=bb4fb0a855d4364c8c2ca1513f8c8b862cefcecc404b4a56bd9c75a4f37f31d3 l2_grid=0,1e-6,1e-5,1e-4,1e-3,1e-2,1e-1,1,10 validation_fraction=0.2 fit_baselines_on_eval=false seed=1
2026-08-14 23:47:13,111 INFO [__main__] ========================================================================
2026-08-14 23:47:13,111 INFO [__main__] selected methods=('cov_y_ridge_shared',)
2026-08-14 23:47:16,282 INFO [__main__] baseline selection start l2_grid=(0.0, 1e-06, 1e-05, 0.0001, 0.001, 0.01, 0.1, 1.0, 10.0)
2026-08-14 23:47:17,221 INFO [__main__] baseline selection done
2026-08-14 23:47:17,243 INFO [__main__] experiment done seconds=4.13
2026-08-14 23:47:17,243 INFO [__main__] ========================================================================
2026-08-14T23:47:17+02:00 baselines done configuration=4/12 dataset=Traffic model=chronos2 formula=cov_y_ridge_shared lags=168 horizon=24 retrieval=instance_euclidean_3_online

2026-08-14T23:47:17+02:00 baselines start configuration=4/12 dataset=Traffic model=chronos2 formula=cov_y_convex_shared lags=168 horizon=24 retrieval=instance_euclidean_3_online run=/home/h61084/codes/adapts/outputs/adaptation/convex_baselines_ablation/Traffic/168_24/chronos2/cov_y_convex_shared/instance/euclidean/3/online/run_0 computation_signature=d10428030f1cbb013ccf0276dd57f83cfbc67278a1219403f571f9a098fe60b8 l2_grid=0,1e-6,1e-5,1e-4,1e-3,1e-2,1e-1,1,10 validation_fraction=0.2 fit_baselines_on_eval=false seed=1
2026-08-14 23:47:20,298 INFO [__main__] ========================================================================
2026-08-14 23:47:20,298 INFO [__main__] selected methods=('cov_y_convex_shared',)
2026-08-14 23:47:23,401 INFO [__main__] baseline selection start l2_grid=(0.0, 1e-06, 1e-05, 0.0001, 0.001, 0.01, 0.1, 1.0, 10.0)
2026-08-14 23:47:24,237 INFO [__main__] baseline selection done
2026-08-14 23:47:24,260 INFO [__main__] experiment done seconds=3.96
2026-08-14 23:47:24,260 INFO [__main__] ========================================================================
2026-08-14T23:47:24+02:00 baselines done configuration=4/12 dataset=Traffic model=chronos2 formula=cov_y_convex_shared lags=168 horizon=24 retrieval=instance_euclidean_3_online

2026-08-14T23:47:25+02:00 baselines start configuration=4/12 dataset=Traffic model=chronos2 formula=cov_avgy_ridge_shared lags=168 horizon=24 retrieval=instance_euclidean_3_online run=/home/h61084/codes/adapts/outputs/adaptation/convex_baselines_ablation/Traffic/168_24/chronos2/cov_avgy_ridge_shared/instance/euclidean/3/online/run_0 computation_signature=05781b12987438083812104d747c96c184bd8481fdb9813f6eeb3ce10a999027 l2_grid=0,1e-6,1e-5,1e-4,1e-3,1e-2,1e-1,1,10 validation_fraction=0.2 fit_baselines_on_eval=false seed=1
2026-08-14 23:47:27,319 INFO [__main__] ========================================================================
2026-08-14 23:47:27,319 INFO [__main__] selected methods=('cov_avgy_ridge_shared',)
2026-08-14 23:47:30,535 INFO [__main__] baseline selection start l2_grid=(0.0, 1e-06, 1e-05, 0.0001, 0.001, 0.01, 0.1, 1.0, 10.0)
2026-08-14 23:47:31,781 INFO [__main__] baseline selection done
2026-08-14 23:47:31,804 INFO [__main__] experiment done seconds=4.48
2026-08-14 23:47:31,804 INFO [__main__] ========================================================================
2026-08-14T23:47:32+02:00 baselines done configuration=4/12 dataset=Traffic model=chronos2 formula=cov_avgy_ridge_shared lags=168 horizon=24 retrieval=instance_euclidean_3_online

2026-08-14T23:47:32+02:00 baselines start configuration=4/12 dataset=Traffic model=chronos2 formula=cov_avgy_convex_shared lags=168 horizon=24 retrieval=instance_euclidean_3_online run=/home/h61084/codes/adapts/outputs/adaptation/convex_baselines_ablation/Traffic/168_24/chronos2/cov_avgy_convex_shared/instance/euclidean/3/online/run_0 computation_signature=36dc088673a61db7c74b339406f0b13940b71c1bfaf8be074ef14b6ef8d3dbea l2_grid=0,1e-6,1e-5,1e-4,1e-3,1e-2,1e-1,1,10 validation_fraction=0.2 fit_baselines_on_eval=false seed=1
2026-08-14 23:47:35,047 INFO [__main__] ========================================================================
2026-08-14 23:47:35,047 INFO [__main__] selected methods=('cov_avgy_convex_shared',)
2026-08-14 23:47:38,257 INFO [__main__] baseline selection start l2_grid=(0.0, 1e-06, 1e-05, 0.0001, 0.001, 0.01, 0.1, 1.0, 10.0)
2026-08-14 23:47:39,143 INFO [__main__] baseline selection done
2026-08-14 23:47:39,167 INFO [__main__] experiment done seconds=4.12
2026-08-14 23:47:39,167 INFO [__main__] ========================================================================
2026-08-14T23:47:39+02:00 baselines done configuration=4/12 dataset=Traffic model=chronos2 formula=cov_avgy_convex_shared lags=168 horizon=24 retrieval=instance_euclidean_3_online
2026-08-14 23:47:41,829 INFO [__main__] extraction validation directory=/home/h61084/codes/adapts/outputs/extraction/Traffic/336_48/chronos2/instance/euclidean/3/online/run_1 status=complete

2026-08-14T23:47:42+02:00 baselines start configuration=5/12 dataset=Traffic model=chronos2 formula=full_ridge_shared lags=336 horizon=48 retrieval=instance_euclidean_3_online run=/home/h61084/codes/adapts/outputs/adaptation/convex_baselines_ablation/Traffic/336_48/chronos2/full_ridge_shared/instance/euclidean/3/online/run_0 computation_signature=1cdcb8b35057c8069bea621f3d11a40a73ae97f23eaa36abf5168d0cf6f1c050 l2_grid=0,1e-6,1e-5,1e-4,1e-3,1e-2,1e-1,1,10 validation_fraction=0.2 fit_baselines_on_eval=false seed=1
2026-08-14 23:47:44,639 INFO [__main__] ========================================================================
2026-08-14 23:47:44,639 INFO [__main__] selected methods=('full_ridge_shared',)
2026-08-14 23:47:48,862 INFO [__main__] baseline selection start l2_grid=(0.0, 1e-06, 1e-05, 0.0001, 0.001, 0.01, 0.1, 1.0, 10.0)
2026-08-14 23:47:51,128 INFO [__main__] baseline selection done
2026-08-14 23:47:51,151 INFO [__main__] experiment done seconds=6.51
2026-08-14 23:47:51,151 INFO [__main__] ========================================================================
2026-08-14T23:47:51+02:00 baselines done configuration=5/12 dataset=Traffic model=chronos2 formula=full_ridge_shared lags=336 horizon=48 retrieval=instance_euclidean_3_online

2026-08-14T23:47:51+02:00 baselines start configuration=5/12 dataset=Traffic model=chronos2 formula=full_convex_shared lags=336 horizon=48 retrieval=instance_euclidean_3_online run=/home/h61084/codes/adapts/outputs/adaptation/convex_baselines_ablation/Traffic/336_48/chronos2/full_convex_shared/instance/euclidean/3/online/run_0 computation_signature=42bd0f9bdc9e9c695287779e340b4475afd5ecec44a9004df7295680b9a6e91b l2_grid=0,1e-6,1e-5,1e-4,1e-3,1e-2,1e-1,1,10 validation_fraction=0.2 fit_baselines_on_eval=false seed=1
2026-08-14 23:47:54,213 INFO [__main__] ========================================================================
2026-08-14 23:47:54,213 INFO [__main__] selected methods=('full_convex_shared',)
2026-08-14 23:47:58,470 INFO [__main__] baseline selection start l2_grid=(0.0, 1e-06, 1e-05, 0.0001, 0.001, 0.01, 0.1, 1.0, 10.0)
2026-08-14 23:48:01,019 INFO [__main__] baseline selection done
2026-08-14 23:48:01,059 INFO [__main__] experiment done seconds=6.84
2026-08-14 23:48:01,059 INFO [__main__] ========================================================================
2026-08-14T23:48:01+02:00 baselines done configuration=5/12 dataset=Traffic model=chronos2 formula=full_convex_shared lags=336 horizon=48 retrieval=instance_euclidean_3_online

2026-08-14T23:48:01+02:00 baselines start configuration=5/12 dataset=Traffic model=chronos2 formula=cov_y_ridge_shared lags=336 horizon=48 retrieval=instance_euclidean_3_online run=/home/h61084/codes/adapts/outputs/adaptation/convex_baselines_ablation/Traffic/336_48/chronos2/cov_y_ridge_shared/instance/euclidean/3/online/run_0 computation_signature=1144ac9b24498ce5742b838bf02f69ce8ae1f44bef5192d6959c690448be3e51 l2_grid=0,1e-6,1e-5,1e-4,1e-3,1e-2,1e-1,1,10 validation_fraction=0.2 fit_baselines_on_eval=false seed=1
2026-08-14 23:48:04,174 INFO [__main__] ========================================================================
2026-08-14 23:48:04,175 INFO [__main__] selected methods=('cov_y_ridge_shared',)
2026-08-14 23:48:08,542 INFO [__main__] baseline selection start l2_grid=(0.0, 1e-06, 1e-05, 0.0001, 0.001, 0.01, 0.1, 1.0, 10.0)
2026-08-14 23:48:10,276 INFO [__main__] baseline selection done
2026-08-14 23:48:10,300 INFO [__main__] experiment done seconds=6.12
2026-08-14 23:48:10,300 INFO [__main__] ========================================================================
2026-08-14T23:48:10+02:00 baselines done configuration=5/12 dataset=Traffic model=chronos2 formula=cov_y_ridge_shared lags=336 horizon=48 retrieval=instance_euclidean_3_online

2026-08-14T23:48:11+02:00 baselines start configuration=5/12 dataset=Traffic model=chronos2 formula=cov_y_convex_shared lags=336 horizon=48 retrieval=instance_euclidean_3_online run=/home/h61084/codes/adapts/outputs/adaptation/convex_baselines_ablation/Traffic/336_48/chronos2/cov_y_convex_shared/instance/euclidean/3/online/run_0 computation_signature=3a36b410a3ce9acbd25418640ba248b715c801ffbca3cf1bcd0cb5b8bc8cf923 l2_grid=0,1e-6,1e-5,1e-4,1e-3,1e-2,1e-1,1,10 validation_fraction=0.2 fit_baselines_on_eval=false seed=1
2026-08-14 23:48:13,358 INFO [__main__] ========================================================================
2026-08-14 23:48:13,358 INFO [__main__] selected methods=('cov_y_convex_shared',)
2026-08-14 23:48:17,581 INFO [__main__] baseline selection start l2_grid=(0.0, 1e-06, 1e-05, 0.0001, 0.001, 0.01, 0.1, 1.0, 10.0)
2026-08-14 23:48:18,875 INFO [__main__] baseline selection done
2026-08-14 23:48:18,899 INFO [__main__] experiment done seconds=5.54
2026-08-14 23:48:18,899 INFO [__main__] ========================================================================
2026-08-14T23:48:19+02:00 baselines done configuration=5/12 dataset=Traffic model=chronos2 formula=cov_y_convex_shared lags=336 horizon=48 retrieval=instance_euclidean_3_online

2026-08-14T23:48:19+02:00 baselines start configuration=5/12 dataset=Traffic model=chronos2 formula=cov_avgy_ridge_shared lags=336 horizon=48 retrieval=instance_euclidean_3_online run=/home/h61084/codes/adapts/outputs/adaptation/convex_baselines_ablation/Traffic/336_48/chronos2/cov_avgy_ridge_shared/instance/euclidean/3/online/run_0 computation_signature=c27928179879ba87e9c32d3ec1768f76a13d3c8c971919a7a9eb96d479442b68 l2_grid=0,1e-6,1e-5,1e-4,1e-3,1e-2,1e-1,1,10 validation_fraction=0.2 fit_baselines_on_eval=false seed=1
2026-08-14 23:48:21,882 INFO [__main__] ========================================================================
2026-08-14 23:48:21,882 INFO [__main__] selected methods=('cov_avgy_ridge_shared',)
2026-08-14 23:48:26,059 INFO [__main__] baseline selection start l2_grid=(0.0, 1e-06, 1e-05, 0.0001, 0.001, 0.01, 0.1, 1.0, 10.0)
2026-08-14 23:48:28,172 INFO [__main__] baseline selection done
2026-08-14 23:48:28,197 INFO [__main__] experiment done seconds=6.31
2026-08-14 23:48:28,197 INFO [__main__] ========================================================================
2026-08-14T23:48:28+02:00 baselines done configuration=5/12 dataset=Traffic model=chronos2 formula=cov_avgy_ridge_shared lags=336 horizon=48 retrieval=instance_euclidean_3_online

2026-08-14T23:48:28+02:00 baselines start configuration=5/12 dataset=Traffic model=chronos2 formula=cov_avgy_convex_shared lags=336 horizon=48 retrieval=instance_euclidean_3_online run=/home/h61084/codes/adapts/outputs/adaptation/convex_baselines_ablation/Traffic/336_48/chronos2/cov_avgy_convex_shared/instance/euclidean/3/online/run_0 computation_signature=7f47f6cf4db71fd16168f64fde5b3dc42a0f3e19c2de514a6072cd0277a296dd l2_grid=0,1e-6,1e-5,1e-4,1e-3,1e-2,1e-1,1,10 validation_fraction=0.2 fit_baselines_on_eval=false seed=1
2026-08-14 23:48:31,223 INFO [__main__] ========================================================================
2026-08-14 23:48:31,224 INFO [__main__] selected methods=('cov_avgy_convex_shared',)
2026-08-14 23:48:35,529 INFO [__main__] baseline selection start l2_grid=(0.0, 1e-06, 1e-05, 0.0001, 0.001, 0.01, 0.1, 1.0, 10.0)
2026-08-14 23:48:37,060 INFO [__main__] baseline selection done
2026-08-14 23:48:37,084 INFO [__main__] experiment done seconds=5.86
2026-08-14 23:48:37,084 INFO [__main__] ========================================================================
2026-08-14T23:48:37+02:00 baselines done configuration=5/12 dataset=Traffic model=chronos2 formula=cov_avgy_convex_shared lags=336 horizon=48 retrieval=instance_euclidean_3_online
2026-08-14 23:48:39,753 INFO [__main__] extraction validation directory=/home/h61084/codes/adapts/outputs/extraction/Traffic/504_168/chronos2/instance/euclidean/3/online/run_1 status=complete

2026-08-14T23:48:40+02:00 baselines start configuration=6/12 dataset=Traffic model=chronos2 formula=full_ridge_shared lags=504 horizon=168 retrieval=instance_euclidean_3_online run=/home/h61084/codes/adapts/outputs/adaptation/convex_baselines_ablation/Traffic/504_168/chronos2/full_ridge_shared/instance/euclidean/3/online/run_0 computation_signature=a8bfbdff3c41142770599247f41475926580ebedcf6c998805de447112f20cc9 l2_grid=0,1e-6,1e-5,1e-4,1e-3,1e-2,1e-1,1,10 validation_fraction=0.2 fit_baselines_on_eval=false seed=1
2026-08-14 23:48:42,602 INFO [__main__] ========================================================================
2026-08-14 23:48:42,602 INFO [__main__] selected methods=('full_ridge_shared',)
2026-08-14 23:48:48,719 INFO [__main__] baseline selection start l2_grid=(0.0, 1e-06, 1e-05, 0.0001, 0.001, 0.01, 0.1, 1.0, 10.0)
2026-08-14 23:48:57,120 INFO [__main__] baseline selection done
2026-08-14 23:48:57,148 INFO [__main__] experiment done seconds=14.54
2026-08-14 23:48:57,148 INFO [__main__] ========================================================================
2026-08-14T23:48:57+02:00 baselines done configuration=6/12 dataset=Traffic model=chronos2 formula=full_ridge_shared lags=504 horizon=168 retrieval=instance_euclidean_3_online

2026-08-14T23:48:57+02:00 baselines start configuration=6/12 dataset=Traffic model=chronos2 formula=full_convex_shared lags=504 horizon=168 retrieval=instance_euclidean_3_online run=/home/h61084/codes/adapts/outputs/adaptation/convex_baselines_ablation/Traffic/504_168/chronos2/full_convex_shared/instance/euclidean/3/online/run_0 computation_signature=71884dd65a4eb3bbef5b5b21cbb0649867eae80833f9f90810cd9e9e5fb3d4df l2_grid=0,1e-6,1e-5,1e-4,1e-3,1e-2,1e-1,1,10 validation_fraction=0.2 fit_baselines_on_eval=false seed=1
2026-08-14 23:49:00,202 INFO [__main__] ========================================================================
2026-08-14 23:49:00,203 INFO [__main__] selected methods=('full_convex_shared',)
2026-08-14 23:49:06,423 INFO [__main__] baseline selection start l2_grid=(0.0, 1e-06, 1e-05, 0.0001, 0.001, 0.01, 0.1, 1.0, 10.0)
2026-08-14 23:49:11,838 INFO [__main__] baseline selection done
2026-08-14 23:49:11,870 INFO [__main__] experiment done seconds=11.66
2026-08-14 23:49:11,870 INFO [__main__] ========================================================================
2026-08-14T23:49:12+02:00 baselines done configuration=6/12 dataset=Traffic model=chronos2 formula=full_convex_shared lags=504 horizon=168 retrieval=instance_euclidean_3_online

2026-08-14T23:49:12+02:00 baselines start configuration=6/12 dataset=Traffic model=chronos2 formula=cov_y_ridge_shared lags=504 horizon=168 retrieval=instance_euclidean_3_online run=/home/h61084/codes/adapts/outputs/adaptation/convex_baselines_ablation/Traffic/504_168/chronos2/cov_y_ridge_shared/instance/euclidean/3/online/run_0 computation_signature=f43c3783db28f95657f47f8b2620fbbde3464d175b99f6b66a7cf7a340f4da8f l2_grid=0,1e-6,1e-5,1e-4,1e-3,1e-2,1e-1,1,10 validation_fraction=0.2 fit_baselines_on_eval=false seed=1
2026-08-14 23:49:14,984 INFO [__main__] ========================================================================
2026-08-14 23:49:14,985 INFO [__main__] selected methods=('cov_y_ridge_shared',)
2026-08-14 23:49:21,254 INFO [__main__] baseline selection start l2_grid=(0.0, 1e-06, 1e-05, 0.0001, 0.001, 0.01, 0.1, 1.0, 10.0)
2026-08-14 23:49:27,152 INFO [__main__] baseline selection done
2026-08-14 23:49:27,180 INFO [__main__] experiment done seconds=12.19
2026-08-14 23:49:27,180 INFO [__main__] ========================================================================
2026-08-14T23:49:27+02:00 baselines done configuration=6/12 dataset=Traffic model=chronos2 formula=cov_y_ridge_shared lags=504 horizon=168 retrieval=instance_euclidean_3_online

2026-08-14T23:49:28+02:00 baselines start configuration=6/12 dataset=Traffic model=chronos2 formula=cov_y_convex_shared lags=504 horizon=168 retrieval=instance_euclidean_3_online run=/home/h61084/codes/adapts/outputs/adaptation/convex_baselines_ablation/Traffic/504_168/chronos2/cov_y_convex_shared/instance/euclidean/3/online/run_0 computation_signature=27c2aca89edf3a8fc36b19bf6aa477f57c07ab117ea67483dd7dde594f2e332d l2_grid=0,1e-6,1e-5,1e-4,1e-3,1e-2,1e-1,1,10 validation_fraction=0.2 fit_baselines_on_eval=false seed=1
2026-08-14 23:49:30,402 INFO [__main__] ========================================================================
2026-08-14 23:49:30,402 INFO [__main__] selected methods=('cov_y_convex_shared',)
2026-08-14 23:49:37,260 INFO [__main__] baseline selection start l2_grid=(0.0, 1e-06, 1e-05, 0.0001, 0.001, 0.01, 0.1, 1.0, 10.0)
2026-08-14 23:49:41,551 INFO [__main__] baseline selection done
2026-08-14 23:49:41,577 INFO [__main__] experiment done seconds=11.17
2026-08-14 23:49:41,577 INFO [__main__] ========================================================================
2026-08-14T23:49:42+02:00 baselines done configuration=6/12 dataset=Traffic model=chronos2 formula=cov_y_convex_shared lags=504 horizon=168 retrieval=instance_euclidean_3_online

2026-08-14T23:49:42+02:00 baselines start configuration=6/12 dataset=Traffic model=chronos2 formula=cov_avgy_ridge_shared lags=504 horizon=168 retrieval=instance_euclidean_3_online run=/home/h61084/codes/adapts/outputs/adaptation/convex_baselines_ablation/Traffic/504_168/chronos2/cov_avgy_ridge_shared/instance/euclidean/3/online/run_0 computation_signature=096b05cf33334f0d5561da3a67acba437217b402a7b11c94223c9ca61ad48a18 l2_grid=0,1e-6,1e-5,1e-4,1e-3,1e-2,1e-1,1,10 validation_fraction=0.2 fit_baselines_on_eval=false seed=1
2026-08-14 23:49:45,028 INFO [__main__] ========================================================================
2026-08-14 23:49:45,028 INFO [__main__] selected methods=('cov_avgy_ridge_shared',)
2026-08-14 23:49:51,917 INFO [__main__] baseline selection start l2_grid=(0.0, 1e-06, 1e-05, 0.0001, 0.001, 0.01, 0.1, 1.0, 10.0)
2026-08-14 23:49:58,329 INFO [__main__] baseline selection done
2026-08-14 23:49:58,360 INFO [__main__] experiment done seconds=13.33
2026-08-14 23:49:58,360 INFO [__main__] ========================================================================
2026-08-14T23:49:59+02:00 baselines done configuration=6/12 dataset=Traffic model=chronos2 formula=cov_avgy_ridge_shared lags=504 horizon=168 retrieval=instance_euclidean_3_online

2026-08-14T23:49:59+02:00 baselines start configuration=6/12 dataset=Traffic model=chronos2 formula=cov_avgy_convex_shared lags=504 horizon=168 retrieval=instance_euclidean_3_online run=/home/h61084/codes/adapts/outputs/adaptation/convex_baselines_ablation/Traffic/504_168/chronos2/cov_avgy_convex_shared/instance/euclidean/3/online/run_0 computation_signature=d22ea82eb71cfaae824f99ca8a4992a8867f118c93069a7b91a68e22e44cf4a2 l2_grid=0,1e-6,1e-5,1e-4,1e-3,1e-2,1e-1,1,10 validation_fraction=0.2 fit_baselines_on_eval=false seed=1
2026-08-14 23:50:01,674 INFO [__main__] ========================================================================
2026-08-14 23:50:01,675 INFO [__main__] selected methods=('cov_avgy_convex_shared',)
2026-08-14 23:50:08,372 INFO [__main__] baseline selection start l2_grid=(0.0, 1e-06, 1e-05, 0.0001, 0.001, 0.01, 0.1, 1.0, 10.0)
2026-08-14 23:50:12,636 INFO [__main__] baseline selection done
2026-08-14 23:50:12,664 INFO [__main__] experiment done seconds=10.98
2026-08-14 23:50:12,664 INFO [__main__] ========================================================================
2026-08-14T23:50:13+02:00 baselines done configuration=6/12 dataset=Traffic model=chronos2 formula=cov_avgy_convex_shared lags=504 horizon=168 retrieval=instance_euclidean_3_online
2026-08-14 23:50:15,336 INFO [__main__] extraction validation directory=/home/h61084/codes/adapts/outputs/extraction/Solar/168_24/chronos2/instance/euclidean/3/online/run_1 status=complete

2026-08-14T23:50:15+02:00 baselines start configuration=7/12 dataset=Solar model=chronos2 formula=full_ridge_shared lags=168 horizon=24 retrieval=instance_euclidean_3_online run=/home/h61084/codes/adapts/outputs/adaptation/convex_baselines_ablation/Solar/168_24/chronos2/full_ridge_shared/instance/euclidean/3/online/run_0 computation_signature=0dffde2590bf932ded5456ac24bfba0fcbcee1ba583c23468c4ff4e62e64de91 l2_grid=0,1e-6,1e-5,1e-4,1e-3,1e-2,1e-1,1,10 validation_fraction=0.2 fit_baselines_on_eval=false seed=1
2026-08-14 23:50:18,298 INFO [__main__] ========================================================================
2026-08-14 23:50:18,298 INFO [__main__] selected methods=('full_ridge_shared',)
2026-08-14 23:50:20,119 INFO [__main__] baseline selection start l2_grid=(0.0, 1e-06, 1e-05, 0.0001, 0.001, 0.01, 0.1, 1.0, 10.0)
2026-08-14 23:50:20,480 INFO [__main__] baseline selection done
2026-08-14 23:50:20,502 INFO [__main__] experiment done seconds=2.20
2026-08-14 23:50:20,502 INFO [__main__] ========================================================================
2026-08-14T23:50:21+02:00 baselines done configuration=7/12 dataset=Solar model=chronos2 formula=full_ridge_shared lags=168 horizon=24 retrieval=instance_euclidean_3_online

2026-08-14T23:50:21+02:00 baselines start configuration=7/12 dataset=Solar model=chronos2 formula=full_convex_shared lags=168 horizon=24 retrieval=instance_euclidean_3_online run=/home/h61084/codes/adapts/outputs/adaptation/convex_baselines_ablation/Solar/168_24/chronos2/full_convex_shared/instance/euclidean/3/online/run_0 computation_signature=6fa38df514437eb63367374bc77a165b0fc3756de13317044bc998286d1fc1d0 l2_grid=0,1e-6,1e-5,1e-4,1e-3,1e-2,1e-1,1,10 validation_fraction=0.2 fit_baselines_on_eval=false seed=1
2026-08-14 23:50:23,649 INFO [__main__] ========================================================================
2026-08-14 23:50:23,649 INFO [__main__] selected methods=('full_convex_shared',)
2026-08-14 23:50:25,529 INFO [__main__] baseline selection start l2_grid=(0.0, 1e-06, 1e-05, 0.0001, 0.001, 0.01, 0.1, 1.0, 10.0)
2026-08-14 23:50:25,804 INFO [__main__] baseline selection done
2026-08-14 23:50:25,829 INFO [__main__] experiment done seconds=2.18
2026-08-14 23:50:25,830 INFO [__main__] ========================================================================
2026-08-14T23:50:26+02:00 baselines done configuration=7/12 dataset=Solar model=chronos2 formula=full_convex_shared lags=168 horizon=24 retrieval=instance_euclidean_3_online

2026-08-14T23:50:26+02:00 baselines start configuration=7/12 dataset=Solar model=chronos2 formula=cov_y_ridge_shared lags=168 horizon=24 retrieval=instance_euclidean_3_online run=/home/h61084/codes/adapts/outputs/adaptation/convex_baselines_ablation/Solar/168_24/chronos2/cov_y_ridge_shared/instance/euclidean/3/online/run_0 computation_signature=5f9fbc5a89046083875f664bbdb7d376fb5496470127d99302b4e6b996e63da4 l2_grid=0,1e-6,1e-5,1e-4,1e-3,1e-2,1e-1,1,10 validation_fraction=0.2 fit_baselines_on_eval=false seed=1
2026-08-14 23:50:30,194 INFO [__main__] ========================================================================
2026-08-14 23:50:30,195 INFO [__main__] selected methods=('cov_y_ridge_shared',)
2026-08-14 23:50:32,114 INFO [__main__] baseline selection start l2_grid=(0.0, 1e-06, 1e-05, 0.0001, 0.001, 0.01, 0.1, 1.0, 10.0)
2026-08-14 23:50:32,335 INFO [__main__] baseline selection done
2026-08-14 23:50:32,361 INFO [__main__] experiment done seconds=2.16
2026-08-14 23:50:32,361 INFO [__main__] ========================================================================
2026-08-14T23:50:32+02:00 baselines done configuration=7/12 dataset=Solar model=chronos2 formula=cov_y_ridge_shared lags=168 horizon=24 retrieval=instance_euclidean_3_online

2026-08-14T23:50:33+02:00 baselines start configuration=7/12 dataset=Solar model=chronos2 formula=cov_y_convex_shared lags=168 horizon=24 retrieval=instance_euclidean_3_online run=/home/h61084/codes/adapts/outputs/adaptation/convex_baselines_ablation/Solar/168_24/chronos2/cov_y_convex_shared/instance/euclidean/3/online/run_0 computation_signature=9e39d407ec7b222a6db594a31ac96fb80b1a52d224744373ac00f4178dabdc92 l2_grid=0,1e-6,1e-5,1e-4,1e-3,1e-2,1e-1,1,10 validation_fraction=0.2 fit_baselines_on_eval=false seed=1
2026-08-14 23:50:35,708 INFO [__main__] ========================================================================
2026-08-14 23:50:35,708 INFO [__main__] selected methods=('cov_y_convex_shared',)
2026-08-14 23:50:37,341 INFO [__main__] baseline selection start l2_grid=(0.0, 1e-06, 1e-05, 0.0001, 0.001, 0.01, 0.1, 1.0, 10.0)
2026-08-14 23:50:37,538 INFO [__main__] baseline selection done
2026-08-14 23:50:37,560 INFO [__main__] experiment done seconds=1.85
2026-08-14 23:50:37,560 INFO [__main__] ========================================================================
2026-08-14T23:50:38+02:00 baselines done configuration=7/12 dataset=Solar model=chronos2 formula=cov_y_convex_shared lags=168 horizon=24 retrieval=instance_euclidean_3_online

2026-08-14T23:50:38+02:00 baselines start configuration=7/12 dataset=Solar model=chronos2 formula=cov_avgy_ridge_shared lags=168 horizon=24 retrieval=instance_euclidean_3_online run=/home/h61084/codes/adapts/outputs/adaptation/convex_baselines_ablation/Solar/168_24/chronos2/cov_avgy_ridge_shared/instance/euclidean/3/online/run_0 computation_signature=ad32a746c6d0c3911c06daea98accd688ade80768f863038b1ab62b5e5d3370f l2_grid=0,1e-6,1e-5,1e-4,1e-3,1e-2,1e-1,1,10 validation_fraction=0.2 fit_baselines_on_eval=false seed=1
2026-08-14 23:50:40,472 INFO [__main__] ========================================================================
2026-08-14 23:50:40,473 INFO [__main__] selected methods=('cov_avgy_ridge_shared',)
2026-08-14 23:50:42,163 INFO [__main__] baseline selection start l2_grid=(0.0, 1e-06, 1e-05, 0.0001, 0.001, 0.01, 0.1, 1.0, 10.0)
2026-08-14 23:50:42,400 INFO [__main__] baseline selection done
2026-08-14 23:50:42,424 INFO [__main__] experiment done seconds=1.95
2026-08-14 23:50:42,424 INFO [__main__] ========================================================================
2026-08-14T23:50:42+02:00 baselines done configuration=7/12 dataset=Solar model=chronos2 formula=cov_avgy_ridge_shared lags=168 horizon=24 retrieval=instance_euclidean_3_online

2026-08-14T23:50:43+02:00 baselines start configuration=7/12 dataset=Solar model=chronos2 formula=cov_avgy_convex_shared lags=168 horizon=24 retrieval=instance_euclidean_3_online run=/home/h61084/codes/adapts/outputs/adaptation/convex_baselines_ablation/Solar/168_24/chronos2/cov_avgy_convex_shared/instance/euclidean/3/online/run_0 computation_signature=551802edb168f786563f0be771c2d57a9e787ed79f137139af27811be653bfab l2_grid=0,1e-6,1e-5,1e-4,1e-3,1e-2,1e-1,1,10 validation_fraction=0.2 fit_baselines_on_eval=false seed=1
2026-08-14 23:50:45,727 INFO [__main__] ========================================================================
2026-08-14 23:50:45,727 INFO [__main__] selected methods=('cov_avgy_convex_shared',)
2026-08-14 23:50:47,461 INFO [__main__] baseline selection start l2_grid=(0.0, 1e-06, 1e-05, 0.0001, 0.001, 0.01, 0.1, 1.0, 10.0)
2026-08-14 23:50:47,658 INFO [__main__] baseline selection done
2026-08-14 23:50:47,680 INFO [__main__] experiment done seconds=1.95
2026-08-14 23:50:47,680 INFO [__main__] ========================================================================
2026-08-14T23:50:48+02:00 baselines done configuration=7/12 dataset=Solar model=chronos2 formula=cov_avgy_convex_shared lags=168 horizon=24 retrieval=instance_euclidean_3_online
2026-08-14 23:50:50,510 INFO [__main__] extraction validation directory=/home/h61084/codes/adapts/outputs/extraction/Solar/336_48/chronos2/instance/euclidean/3/online/run_1 status=complete

2026-08-14T23:50:51+02:00 baselines start configuration=8/12 dataset=Solar model=chronos2 formula=full_ridge_shared lags=336 horizon=48 retrieval=instance_euclidean_3_online run=/home/h61084/codes/adapts/outputs/adaptation/convex_baselines_ablation/Solar/336_48/chronos2/full_ridge_shared/instance/euclidean/3/online/run_0 computation_signature=0269b24428ff999fc19569625ae988371cf823e020e3b5ce3e3937c343adc18b l2_grid=0,1e-6,1e-5,1e-4,1e-3,1e-2,1e-1,1,10 validation_fraction=0.2 fit_baselines_on_eval=false seed=1
2026-08-14 23:50:53,753 INFO [__main__] ========================================================================
2026-08-14 23:50:53,753 INFO [__main__] selected methods=('full_ridge_shared',)
2026-08-14 23:50:55,741 INFO [__main__] baseline selection start l2_grid=(0.0, 1e-06, 1e-05, 0.0001, 0.001, 0.01, 0.1, 1.0, 10.0)
2026-08-14 23:50:56,158 INFO [__main__] baseline selection done
2026-08-14 23:50:56,184 INFO [__main__] experiment done seconds=2.43
2026-08-14 23:50:56,184 INFO [__main__] ========================================================================
2026-08-14T23:50:56+02:00 baselines done configuration=8/12 dataset=Solar model=chronos2 formula=full_ridge_shared lags=336 horizon=48 retrieval=instance_euclidean_3_online

2026-08-14T23:50:56+02:00 baselines start configuration=8/12 dataset=Solar model=chronos2 formula=full_convex_shared lags=336 horizon=48 retrieval=instance_euclidean_3_online run=/home/h61084/codes/adapts/outputs/adaptation/convex_baselines_ablation/Solar/336_48/chronos2/full_convex_shared/instance/euclidean/3/online/run_0 computation_signature=b130345a4bb0bc51fabc2a535efca3d57074c8193ae7457dc869d66eb9a1e64b l2_grid=0,1e-6,1e-5,1e-4,1e-3,1e-2,1e-1,1,10 validation_fraction=0.2 fit_baselines_on_eval=false seed=1
2026-08-14 23:51:00,329 INFO [__main__] ========================================================================
2026-08-14 23:51:00,329 INFO [__main__] selected methods=('full_convex_shared',)
2026-08-14 23:51:02,035 INFO [__main__] baseline selection start l2_grid=(0.0, 1e-06, 1e-05, 0.0001, 0.001, 0.01, 0.1, 1.0, 10.0)
2026-08-14 23:51:02,449 INFO [__main__] baseline selection done
2026-08-14 23:51:02,472 INFO [__main__] experiment done seconds=2.14
2026-08-14 23:51:02,472 INFO [__main__] ========================================================================
2026-08-14T23:51:02+02:00 baselines done configuration=8/12 dataset=Solar model=chronos2 formula=full_convex_shared lags=336 horizon=48 retrieval=instance_euclidean_3_online

2026-08-14T23:51:03+02:00 baselines start configuration=8/12 dataset=Solar model=chronos2 formula=cov_y_ridge_shared lags=336 horizon=48 retrieval=instance_euclidean_3_online run=/home/h61084/codes/adapts/outputs/adaptation/convex_baselines_ablation/Solar/336_48/chronos2/cov_y_ridge_shared/instance/euclidean/3/online/run_0 computation_signature=5ad37c847078d79614bf9386f190c92cb8f34161b6f4879e3c19c00d5bf8abd0 l2_grid=0,1e-6,1e-5,1e-4,1e-3,1e-2,1e-1,1,10 validation_fraction=0.2 fit_baselines_on_eval=false seed=1
2026-08-14 23:51:05,602 INFO [__main__] ========================================================================
2026-08-14 23:51:05,602 INFO [__main__] selected methods=('cov_y_ridge_shared',)
2026-08-14 23:51:07,407 INFO [__main__] baseline selection start l2_grid=(0.0, 1e-06, 1e-05, 0.0001, 0.001, 0.01, 0.1, 1.0, 10.0)
2026-08-14 23:51:07,665 INFO [__main__] baseline selection done
2026-08-14 23:51:07,687 INFO [__main__] experiment done seconds=2.08
2026-08-14 23:51:07,687 INFO [__main__] ========================================================================
2026-08-14T23:51:08+02:00 baselines done configuration=8/12 dataset=Solar model=chronos2 formula=cov_y_ridge_shared lags=336 horizon=48 retrieval=instance_euclidean_3_online

2026-08-14T23:51:08+02:00 baselines start configuration=8/12 dataset=Solar model=chronos2 formula=cov_y_convex_shared lags=336 horizon=48 retrieval=instance_euclidean_3_online run=/home/h61084/codes/adapts/outputs/adaptation/convex_baselines_ablation/Solar/336_48/chronos2/cov_y_convex_shared/instance/euclidean/3/online/run_0 computation_signature=6b23687e47f88c56fcad9c7dc755658b84f3867f02dde1297f99a3d56e748302 l2_grid=0,1e-6,1e-5,1e-4,1e-3,1e-2,1e-1,1,10 validation_fraction=0.2 fit_baselines_on_eval=false seed=1
2026-08-14 23:51:10,573 INFO [__main__] ========================================================================
2026-08-14 23:51:10,573 INFO [__main__] selected methods=('cov_y_convex_shared',)
2026-08-14 23:51:12,391 INFO [__main__] baseline selection start l2_grid=(0.0, 1e-06, 1e-05, 0.0001, 0.001, 0.01, 0.1, 1.0, 10.0)
2026-08-14 23:51:12,700 INFO [__main__] baseline selection done
2026-08-14 23:51:12,724 INFO [__main__] experiment done seconds=2.15
2026-08-14 23:51:12,724 INFO [__main__] ========================================================================
2026-08-14T23:51:13+02:00 baselines done configuration=8/12 dataset=Solar model=chronos2 formula=cov_y_convex_shared lags=336 horizon=48 retrieval=instance_euclidean_3_online

2026-08-14T23:51:13+02:00 baselines start configuration=8/12 dataset=Solar model=chronos2 formula=cov_avgy_ridge_shared lags=336 horizon=48 retrieval=instance_euclidean_3_online run=/home/h61084/codes/adapts/outputs/adaptation/convex_baselines_ablation/Solar/336_48/chronos2/cov_avgy_ridge_shared/instance/euclidean/3/online/run_0 computation_signature=d0a255b98f4ffabb55d0b52d61477c0e36a24cb9ddf7ac8abf27559ed3a42bb2 l2_grid=0,1e-6,1e-5,1e-4,1e-3,1e-2,1e-1,1,10 validation_fraction=0.2 fit_baselines_on_eval=false seed=1
2026-08-14 23:51:15,836 INFO [__main__] ========================================================================
2026-08-14 23:51:15,837 INFO [__main__] selected methods=('cov_avgy_ridge_shared',)
2026-08-14 23:51:17,585 INFO [__main__] baseline selection start l2_grid=(0.0, 1e-06, 1e-05, 0.0001, 0.001, 0.01, 0.1, 1.0, 10.0)
2026-08-14 23:51:17,877 INFO [__main__] baseline selection done
2026-08-14 23:51:17,900 INFO [__main__] experiment done seconds=2.06
2026-08-14 23:51:17,900 INFO [__main__] ========================================================================
2026-08-14T23:51:18+02:00 baselines done configuration=8/12 dataset=Solar model=chronos2 formula=cov_avgy_ridge_shared lags=336 horizon=48 retrieval=instance_euclidean_3_online

2026-08-14T23:51:18+02:00 baselines start configuration=8/12 dataset=Solar model=chronos2 formula=cov_avgy_convex_shared lags=336 horizon=48 retrieval=instance_euclidean_3_online run=/home/h61084/codes/adapts/outputs/adaptation/convex_baselines_ablation/Solar/336_48/chronos2/cov_avgy_convex_shared/instance/euclidean/3/online/run_0 computation_signature=3fbf67f54060c9c44afcaa93cdbeacc365229ca2266b1b6b2ae6fb279336255d l2_grid=0,1e-6,1e-5,1e-4,1e-3,1e-2,1e-1,1,10 validation_fraction=0.2 fit_baselines_on_eval=false seed=1
2026-08-14 23:51:20,998 INFO [__main__] ========================================================================
2026-08-14 23:51:20,998 INFO [__main__] selected methods=('cov_avgy_convex_shared',)
2026-08-14 23:51:22,986 INFO [__main__] baseline selection start l2_grid=(0.0, 1e-06, 1e-05, 0.0001, 0.001, 0.01, 0.1, 1.0, 10.0)
2026-08-14 23:51:23,295 INFO [__main__] baseline selection done
2026-08-14 23:51:23,331 INFO [__main__] experiment done seconds=2.32
2026-08-14 23:51:23,331 INFO [__main__] ========================================================================
2026-08-14T23:51:23+02:00 baselines done configuration=8/12 dataset=Solar model=chronos2 formula=cov_avgy_convex_shared lags=336 horizon=48 retrieval=instance_euclidean_3_online
2026-08-14 23:51:26,126 INFO [__main__] extraction validation directory=/home/h61084/codes/adapts/outputs/extraction/Solar/504_168/chronos2/instance/euclidean/3/online/run_1 status=complete

2026-08-14T23:51:26+02:00 baselines start configuration=9/12 dataset=Solar model=chronos2 formula=full_ridge_shared lags=504 horizon=168 retrieval=instance_euclidean_3_online run=/home/h61084/codes/adapts/outputs/adaptation/convex_baselines_ablation/Solar/504_168/chronos2/full_ridge_shared/instance/euclidean/3/online/run_0 computation_signature=a7e854a8f87fcc25a157cb20833b86dacab7bfacbed2ae72c887c9b45b58a119 l2_grid=0,1e-6,1e-5,1e-4,1e-3,1e-2,1e-1,1,10 validation_fraction=0.2 fit_baselines_on_eval=false seed=1
2026-08-14 23:51:29,316 INFO [__main__] ========================================================================
2026-08-14 23:51:29,316 INFO [__main__] selected methods=('full_ridge_shared',)
2026-08-14 23:51:31,600 INFO [__main__] baseline selection start l2_grid=(0.0, 1e-06, 1e-05, 0.0001, 0.001, 0.01, 0.1, 1.0, 10.0)
2026-08-14 23:51:32,648 INFO [__main__] baseline selection done
2026-08-14 23:51:32,673 INFO [__main__] experiment done seconds=3.35
2026-08-14 23:51:32,673 INFO [__main__] ========================================================================
2026-08-14T23:51:33+02:00 baselines done configuration=9/12 dataset=Solar model=chronos2 formula=full_ridge_shared lags=504 horizon=168 retrieval=instance_euclidean_3_online

2026-08-14T23:51:33+02:00 baselines start configuration=9/12 dataset=Solar model=chronos2 formula=full_convex_shared lags=504 horizon=168 retrieval=instance_euclidean_3_online run=/home/h61084/codes/adapts/outputs/adaptation/convex_baselines_ablation/Solar/504_168/chronos2/full_convex_shared/instance/euclidean/3/online/run_0 computation_signature=25aa3e266932336bdae7bca48ed576afeff8f8e8f9d7dc61e6509849ee912020 l2_grid=0,1e-6,1e-5,1e-4,1e-3,1e-2,1e-1,1,10 validation_fraction=0.2 fit_baselines_on_eval=false seed=1
2026-08-14 23:51:35,705 INFO [__main__] ========================================================================
2026-08-14 23:51:35,706 INFO [__main__] selected methods=('full_convex_shared',)
2026-08-14 23:51:37,747 INFO [__main__] baseline selection start l2_grid=(0.0, 1e-06, 1e-05, 0.0001, 0.001, 0.01, 0.1, 1.0, 10.0)
2026-08-14 23:51:38,336 INFO [__main__] baseline selection done
2026-08-14 23:51:38,364 INFO [__main__] experiment done seconds=2.66
2026-08-14 23:51:38,365 INFO [__main__] ========================================================================
2026-08-14T23:51:38+02:00 baselines done configuration=9/12 dataset=Solar model=chronos2 formula=full_convex_shared lags=504 horizon=168 retrieval=instance_euclidean_3_online

2026-08-14T23:51:39+02:00 baselines start configuration=9/12 dataset=Solar model=chronos2 formula=cov_y_ridge_shared lags=504 horizon=168 retrieval=instance_euclidean_3_online run=/home/h61084/codes/adapts/outputs/adaptation/convex_baselines_ablation/Solar/504_168/chronos2/cov_y_ridge_shared/instance/euclidean/3/online/run_0 computation_signature=45bc4d2a5ff714692b97ba2d72501d87bcb7ac062c1c546791273a8eddfd5ebe l2_grid=0,1e-6,1e-5,1e-4,1e-3,1e-2,1e-1,1,10 validation_fraction=0.2 fit_baselines_on_eval=false seed=1
2026-08-14 23:51:42,021 INFO [__main__] ========================================================================
2026-08-14 23:51:42,022 INFO [__main__] selected methods=('cov_y_ridge_shared',)
2026-08-14 23:51:44,273 INFO [__main__] baseline selection start l2_grid=(0.0, 1e-06, 1e-05, 0.0001, 0.001, 0.01, 0.1, 1.0, 10.0)
2026-08-14 23:51:44,818 INFO [__main__] baseline selection done
2026-08-14 23:51:44,843 INFO [__main__] experiment done seconds=2.82
2026-08-14 23:51:44,843 INFO [__main__] ========================================================================
2026-08-14T23:51:45+02:00 baselines done configuration=9/12 dataset=Solar model=chronos2 formula=cov_y_ridge_shared lags=504 horizon=168 retrieval=instance_euclidean_3_online

2026-08-14T23:51:45+02:00 baselines start configuration=9/12 dataset=Solar model=chronos2 formula=cov_y_convex_shared lags=504 horizon=168 retrieval=instance_euclidean_3_online run=/home/h61084/codes/adapts/outputs/adaptation/convex_baselines_ablation/Solar/504_168/chronos2/cov_y_convex_shared/instance/euclidean/3/online/run_0 computation_signature=22306ed8eda6b796aa4b9ca8afdba7e1e7d74041bb48323d9abeb6d714177118 l2_grid=0,1e-6,1e-5,1e-4,1e-3,1e-2,1e-1,1,10 validation_fraction=0.2 fit_baselines_on_eval=false seed=1
2026-08-14 23:51:48,455 INFO [__main__] ========================================================================
2026-08-14 23:51:48,456 INFO [__main__] selected methods=('cov_y_convex_shared',)
2026-08-14 23:51:50,986 INFO [__main__] baseline selection start l2_grid=(0.0, 1e-06, 1e-05, 0.0001, 0.001, 0.01, 0.1, 1.0, 10.0)
2026-08-14 23:51:51,479 INFO [__main__] baseline selection done
2026-08-14 23:51:51,517 INFO [__main__] experiment done seconds=3.05
2026-08-14 23:51:51,517 INFO [__main__] ========================================================================
2026-08-14T23:51:51+02:00 baselines done configuration=9/12 dataset=Solar model=chronos2 formula=cov_y_convex_shared lags=504 horizon=168 retrieval=instance_euclidean_3_online

2026-08-14T23:51:52+02:00 baselines start configuration=9/12 dataset=Solar model=chronos2 formula=cov_avgy_ridge_shared lags=504 horizon=168 retrieval=instance_euclidean_3_online run=/home/h61084/codes/adapts/outputs/adaptation/convex_baselines_ablation/Solar/504_168/chronos2/cov_avgy_ridge_shared/instance/euclidean/3/online/run_0 computation_signature=cbdb81249e3b3f61b54b51ccf96ff11ae617b0bbbe8897753a8b9d2e3de551c7 l2_grid=0,1e-6,1e-5,1e-4,1e-3,1e-2,1e-1,1,10 validation_fraction=0.2 fit_baselines_on_eval=false seed=1
2026-08-14 23:51:55,263 INFO [__main__] ========================================================================
2026-08-14 23:51:55,263 INFO [__main__] selected methods=('cov_avgy_ridge_shared',)
2026-08-14 23:51:57,267 INFO [__main__] baseline selection start l2_grid=(0.0, 1e-06, 1e-05, 0.0001, 0.001, 0.01, 0.1, 1.0, 10.0)
2026-08-14 23:51:57,871 INFO [__main__] baseline selection done
2026-08-14 23:51:57,893 INFO [__main__] experiment done seconds=2.63
2026-08-14 23:51:57,893 INFO [__main__] ========================================================================
2026-08-14T23:51:58+02:00 baselines done configuration=9/12 dataset=Solar model=chronos2 formula=cov_avgy_ridge_shared lags=504 horizon=168 retrieval=instance_euclidean_3_online

2026-08-14T23:51:58+02:00 baselines start configuration=9/12 dataset=Solar model=chronos2 formula=cov_avgy_convex_shared lags=504 horizon=168 retrieval=instance_euclidean_3_online run=/home/h61084/codes/adapts/outputs/adaptation/convex_baselines_ablation/Solar/504_168/chronos2/cov_avgy_convex_shared/instance/euclidean/3/online/run_0 computation_signature=f9411499f241a8fae5e4e55b90f4423fc0bd434416e64e4f4e5e054b49134fb7 l2_grid=0,1e-6,1e-5,1e-4,1e-3,1e-2,1e-1,1,10 validation_fraction=0.2 fit_baselines_on_eval=false seed=1
2026-08-14 23:52:00,969 INFO [__main__] ========================================================================
2026-08-14 23:52:00,969 INFO [__main__] selected methods=('cov_avgy_convex_shared',)
2026-08-14 23:52:03,066 INFO [__main__] baseline selection start l2_grid=(0.0, 1e-06, 1e-05, 0.0001, 0.001, 0.01, 0.1, 1.0, 10.0)
2026-08-14 23:52:03,552 INFO [__main__] baseline selection done
2026-08-14 23:52:03,576 INFO [__main__] experiment done seconds=2.60
2026-08-14 23:52:03,576 INFO [__main__] ========================================================================
2026-08-14T23:52:04+02:00 baselines done configuration=9/12 dataset=Solar model=chronos2 formula=cov_avgy_convex_shared lags=504 horizon=168 retrieval=instance_euclidean_3_online
2026-08-14 23:52:06,391 INFO [__main__] extraction validation directory=/home/h61084/codes/adapts/outputs/extraction/exchange_rate/168_24/chronos2/instance/euclidean/3/online/run_1 status=complete

2026-08-14T23:52:07+02:00 baselines start configuration=10/12 dataset=exchange_rate model=chronos2 formula=full_ridge_shared lags=168 horizon=24 retrieval=instance_euclidean_3_online run=/home/h61084/codes/adapts/outputs/adaptation/convex_baselines_ablation/exchange_rate/168_24/chronos2/full_ridge_shared/instance/euclidean/3/online/run_0 computation_signature=904dbe4d48ebb7b20ea19af40da7c50d2a3050b9cd7346ed2790db1b0cd567b9 l2_grid=0,1e-6,1e-5,1e-4,1e-3,1e-2,1e-1,1,10 validation_fraction=0.2 fit_baselines_on_eval=false seed=1
2026-08-14 23:52:09,412 INFO [__main__] ========================================================================
2026-08-14 23:52:09,412 INFO [__main__] selected methods=('full_ridge_shared',)
2026-08-14 23:52:11,011 INFO [__main__] baseline selection start l2_grid=(0.0, 1e-06, 1e-05, 0.0001, 0.001, 0.01, 0.1, 1.0, 10.0)
2026-08-14 23:52:11,157 INFO [__main__] baseline selection done
2026-08-14 23:52:11,180 INFO [__main__] experiment done seconds=1.76
2026-08-14 23:52:11,180 INFO [__main__] ========================================================================
2026-08-14T23:52:11+02:00 baselines done configuration=10/12 dataset=exchange_rate model=chronos2 formula=full_ridge_shared lags=168 horizon=24 retrieval=instance_euclidean_3_online

2026-08-14T23:52:11+02:00 baselines start configuration=10/12 dataset=exchange_rate model=chronos2 formula=full_convex_shared lags=168 horizon=24 retrieval=instance_euclidean_3_online run=/home/h61084/codes/adapts/outputs/adaptation/convex_baselines_ablation/exchange_rate/168_24/chronos2/full_convex_shared/instance/euclidean/3/online/run_0 computation_signature=6c6f15a424fb042e09a8fb5afc7739624907152373d60d27edfcf035d63ce2a8 l2_grid=0,1e-6,1e-5,1e-4,1e-3,1e-2,1e-1,1,10 validation_fraction=0.2 fit_baselines_on_eval=false seed=1
2026-08-14 23:52:14,208 INFO [__main__] ========================================================================
2026-08-14 23:52:14,209 INFO [__main__] selected methods=('full_convex_shared',)
2026-08-14 23:52:15,705 INFO [__main__] baseline selection start l2_grid=(0.0, 1e-06, 1e-05, 0.0001, 0.001, 0.01, 0.1, 1.0, 10.0)
2026-08-14 23:52:15,837 INFO [__main__] baseline selection done
2026-08-14 23:52:15,860 INFO [__main__] experiment done seconds=1.65
2026-08-14 23:52:15,860 INFO [__main__] ========================================================================
2026-08-14T23:52:16+02:00 baselines done configuration=10/12 dataset=exchange_rate model=chronos2 formula=full_convex_shared lags=168 horizon=24 retrieval=instance_euclidean_3_online

2026-08-14T23:52:16+02:00 baselines start configuration=10/12 dataset=exchange_rate model=chronos2 formula=cov_y_ridge_shared lags=168 horizon=24 retrieval=instance_euclidean_3_online run=/home/h61084/codes/adapts/outputs/adaptation/convex_baselines_ablation/exchange_rate/168_24/chronos2/cov_y_ridge_shared/instance/euclidean/3/online/run_0 computation_signature=9669c4d9c8051a9eca9b331e5ed0fe8dd811096e899e63748ba2ec5f225749aa l2_grid=0,1e-6,1e-5,1e-4,1e-3,1e-2,1e-1,1,10 validation_fraction=0.2 fit_baselines_on_eval=false seed=1
2026-08-14 23:52:19,027 INFO [__main__] ========================================================================
2026-08-14 23:52:19,027 INFO [__main__] selected methods=('cov_y_ridge_shared',)
2026-08-14 23:52:20,817 INFO [__main__] baseline selection start l2_grid=(0.0, 1e-06, 1e-05, 0.0001, 0.001, 0.01, 0.1, 1.0, 10.0)
2026-08-14 23:52:20,946 INFO [__main__] baseline selection done
2026-08-14 23:52:20,969 INFO [__main__] experiment done seconds=1.94
2026-08-14 23:52:20,969 INFO [__main__] ========================================================================
2026-08-14T23:52:21+02:00 baselines done configuration=10/12 dataset=exchange_rate model=chronos2 formula=cov_y_ridge_shared lags=168 horizon=24 retrieval=instance_euclidean_3_online

2026-08-14T23:52:21+02:00 baselines start configuration=10/12 dataset=exchange_rate model=chronos2 formula=cov_y_convex_shared lags=168 horizon=24 retrieval=instance_euclidean_3_online run=/home/h61084/codes/adapts/outputs/adaptation/convex_baselines_ablation/exchange_rate/168_24/chronos2/cov_y_convex_shared/instance/euclidean/3/online/run_0 computation_signature=4e90c1939a40a018acaadb23838a363c704e23dadb384ed0df425cf6d01dd933 l2_grid=0,1e-6,1e-5,1e-4,1e-3,1e-2,1e-1,1,10 validation_fraction=0.2 fit_baselines_on_eval=false seed=1
2026-08-14 23:52:24,075 INFO [__main__] ========================================================================
2026-08-14 23:52:24,076 INFO [__main__] selected methods=('cov_y_convex_shared',)
2026-08-14 23:52:25,935 INFO [__main__] baseline selection start l2_grid=(0.0, 1e-06, 1e-05, 0.0001, 0.001, 0.01, 0.1, 1.0, 10.0)
2026-08-14 23:52:26,050 INFO [__main__] baseline selection done
2026-08-14 23:52:26,077 INFO [__main__] experiment done seconds=2.00
2026-08-14 23:52:26,077 INFO [__main__] ========================================================================
2026-08-14T23:52:26+02:00 baselines done configuration=10/12 dataset=exchange_rate model=chronos2 formula=cov_y_convex_shared lags=168 horizon=24 retrieval=instance_euclidean_3_online

2026-08-14T23:52:26+02:00 baselines start configuration=10/12 dataset=exchange_rate model=chronos2 formula=cov_avgy_ridge_shared lags=168 horizon=24 retrieval=instance_euclidean_3_online run=/home/h61084/codes/adapts/outputs/adaptation/convex_baselines_ablation/exchange_rate/168_24/chronos2/cov_avgy_ridge_shared/instance/euclidean/3/online/run_0 computation_signature=ba25f345782ce9f6adb13e2b4de97e68e3b4c79e85b853eb85e69a8b2277b9f0 l2_grid=0,1e-6,1e-5,1e-4,1e-3,1e-2,1e-1,1,10 validation_fraction=0.2 fit_baselines_on_eval=false seed=1
2026-08-14 23:52:29,268 INFO [__main__] ========================================================================
2026-08-14 23:52:29,269 INFO [__main__] selected methods=('cov_avgy_ridge_shared',)
2026-08-14 23:52:30,921 INFO [__main__] baseline selection start l2_grid=(0.0, 1e-06, 1e-05, 0.0001, 0.001, 0.01, 0.1, 1.0, 10.0)
2026-08-14 23:52:31,057 INFO [__main__] baseline selection done
2026-08-14 23:52:31,087 INFO [__main__] experiment done seconds=1.81
2026-08-14 23:52:31,087 INFO [__main__] ========================================================================
2026-08-14T23:52:31+02:00 baselines done configuration=10/12 dataset=exchange_rate model=chronos2 formula=cov_avgy_ridge_shared lags=168 horizon=24 retrieval=instance_euclidean_3_online

2026-08-14T23:52:31+02:00 baselines start configuration=10/12 dataset=exchange_rate model=chronos2 formula=cov_avgy_convex_shared lags=168 horizon=24 retrieval=instance_euclidean_3_online run=/home/h61084/codes/adapts/outputs/adaptation/convex_baselines_ablation/exchange_rate/168_24/chronos2/cov_avgy_convex_shared/instance/euclidean/3/online/run_0 computation_signature=ee5ca9f85800e438f6c979d1102cb427f418432c483741e1a1656d29aeb1b1fa l2_grid=0,1e-6,1e-5,1e-4,1e-3,1e-2,1e-1,1,10 validation_fraction=0.2 fit_baselines_on_eval=false seed=1
2026-08-14 23:52:34,256 INFO [__main__] ========================================================================
2026-08-14 23:52:34,256 INFO [__main__] selected methods=('cov_avgy_convex_shared',)
2026-08-14 23:52:35,988 INFO [__main__] baseline selection start l2_grid=(0.0, 1e-06, 1e-05, 0.0001, 0.001, 0.01, 0.1, 1.0, 10.0)
2026-08-14 23:52:36,111 INFO [__main__] baseline selection done
2026-08-14 23:52:36,133 INFO [__main__] experiment done seconds=1.87
2026-08-14 23:52:36,133 INFO [__main__] ========================================================================
2026-08-14T23:52:36+02:00 baselines done configuration=10/12 dataset=exchange_rate model=chronos2 formula=cov_avgy_convex_shared lags=168 horizon=24 retrieval=instance_euclidean_3_online
2026-08-14 23:52:39,216 INFO [__main__] extraction validation directory=/home/h61084/codes/adapts/outputs/extraction/exchange_rate/336_48/chronos2/instance/euclidean/3/online/run_1 status=complete

2026-08-14T23:52:39+02:00 baselines start configuration=11/12 dataset=exchange_rate model=chronos2 formula=full_ridge_shared lags=336 horizon=48 retrieval=instance_euclidean_3_online run=/home/h61084/codes/adapts/outputs/adaptation/convex_baselines_ablation/exchange_rate/336_48/chronos2/full_ridge_shared/instance/euclidean/3/online/run_0 computation_signature=6c70ce26888650bd787e979d0fd602b03f180866923d7630e3ba190306d01b6b l2_grid=0,1e-6,1e-5,1e-4,1e-3,1e-2,1e-1,1,10 validation_fraction=0.2 fit_baselines_on_eval=false seed=1
2026-08-14 23:52:42,363 INFO [__main__] ========================================================================
2026-08-14 23:52:42,363 INFO [__main__] selected methods=('full_ridge_shared',)
2026-08-14 23:52:44,247 INFO [__main__] baseline selection start l2_grid=(0.0, 1e-06, 1e-05, 0.0001, 0.001, 0.01, 0.1, 1.0, 10.0)
2026-08-14 23:52:44,422 INFO [__main__] baseline selection done
2026-08-14 23:52:44,445 INFO [__main__] experiment done seconds=2.08
2026-08-14 23:52:44,445 INFO [__main__] ========================================================================
2026-08-14T23:52:44+02:00 baselines done configuration=11/12 dataset=exchange_rate model=chronos2 formula=full_ridge_shared lags=336 horizon=48 retrieval=instance_euclidean_3_online

2026-08-14T23:52:45+02:00 baselines start configuration=11/12 dataset=exchange_rate model=chronos2 formula=full_convex_shared lags=336 horizon=48 retrieval=instance_euclidean_3_online run=/home/h61084/codes/adapts/outputs/adaptation/convex_baselines_ablation/exchange_rate/336_48/chronos2/full_convex_shared/instance/euclidean/3/online/run_0 computation_signature=fc836cf2527330f51f1a6224c2645147305d6511aaf54f881ef9adc50fe6dfae l2_grid=0,1e-6,1e-5,1e-4,1e-3,1e-2,1e-1,1,10 validation_fraction=0.2 fit_baselines_on_eval=false seed=1
2026-08-14 23:52:47,731 INFO [__main__] ========================================================================
2026-08-14 23:52:47,732 INFO [__main__] selected methods=('full_convex_shared',)
2026-08-14 23:52:49,453 INFO [__main__] baseline selection start l2_grid=(0.0, 1e-06, 1e-05, 0.0001, 0.001, 0.01, 0.1, 1.0, 10.0)
2026-08-14 23:52:49,681 INFO [__main__] baseline selection done
2026-08-14 23:52:49,704 INFO [__main__] experiment done seconds=1.97
2026-08-14 23:52:49,704 INFO [__main__] ========================================================================
2026-08-14T23:52:50+02:00 baselines done configuration=11/12 dataset=exchange_rate model=chronos2 formula=full_convex_shared lags=336 horizon=48 retrieval=instance_euclidean_3_online

2026-08-14T23:52:50+02:00 baselines start configuration=11/12 dataset=exchange_rate model=chronos2 formula=cov_y_ridge_shared lags=336 horizon=48 retrieval=instance_euclidean_3_online run=/home/h61084/codes/adapts/outputs/adaptation/convex_baselines_ablation/exchange_rate/336_48/chronos2/cov_y_ridge_shared/instance/euclidean/3/online/run_0 computation_signature=2ff609626607d87af2fd96fe69760941a5b027f87bf7cc9c811d6d2833258c24 l2_grid=0,1e-6,1e-5,1e-4,1e-3,1e-2,1e-1,1,10 validation_fraction=0.2 fit_baselines_on_eval=false seed=1
2026-08-14 23:52:52,833 INFO [__main__] ========================================================================
2026-08-14 23:52:52,833 INFO [__main__] selected methods=('cov_y_ridge_shared',)
2026-08-14 23:52:54,654 INFO [__main__] baseline selection start l2_grid=(0.0, 1e-06, 1e-05, 0.0001, 0.001, 0.01, 0.1, 1.0, 10.0)
2026-08-14 23:52:54,801 INFO [__main__] baseline selection done
2026-08-14 23:52:54,825 INFO [__main__] experiment done seconds=1.99
2026-08-14 23:52:54,825 INFO [__main__] ========================================================================
2026-08-14T23:52:55+02:00 baselines done configuration=11/12 dataset=exchange_rate model=chronos2 formula=cov_y_ridge_shared lags=336 horizon=48 retrieval=instance_euclidean_3_online

2026-08-14T23:52:55+02:00 baselines start configuration=11/12 dataset=exchange_rate model=chronos2 formula=cov_y_convex_shared lags=336 horizon=48 retrieval=instance_euclidean_3_online run=/home/h61084/codes/adapts/outputs/adaptation/convex_baselines_ablation/exchange_rate/336_48/chronos2/cov_y_convex_shared/instance/euclidean/3/online/run_0 computation_signature=3619a4c717e753751a4dcb58ba11636638b893ab723b07779abcc4c4b84a474d l2_grid=0,1e-6,1e-5,1e-4,1e-3,1e-2,1e-1,1,10 validation_fraction=0.2 fit_baselines_on_eval=false seed=1
2026-08-14 23:52:57,860 INFO [__main__] ========================================================================
2026-08-14 23:52:57,861 INFO [__main__] selected methods=('cov_y_convex_shared',)
2026-08-14 23:52:59,517 INFO [__main__] baseline selection start l2_grid=(0.0, 1e-06, 1e-05, 0.0001, 0.001, 0.01, 0.1, 1.0, 10.0)
2026-08-14 23:52:59,685 INFO [__main__] baseline selection done
2026-08-14 23:52:59,710 INFO [__main__] experiment done seconds=1.85
2026-08-14 23:52:59,710 INFO [__main__] ========================================================================
2026-08-14T23:53:00+02:00 baselines done configuration=11/12 dataset=exchange_rate model=chronos2 formula=cov_y_convex_shared lags=336 horizon=48 retrieval=instance_euclidean_3_online

2026-08-14T23:53:00+02:00 baselines start configuration=11/12 dataset=exchange_rate model=chronos2 formula=cov_avgy_ridge_shared lags=336 horizon=48 retrieval=instance_euclidean_3_online run=/home/h61084/codes/adapts/outputs/adaptation/convex_baselines_ablation/exchange_rate/336_48/chronos2/cov_avgy_ridge_shared/instance/euclidean/3/online/run_0 computation_signature=16f0830ca6274021201b618943a17b4377a248150dc9a180fa60fe9965f31c49 l2_grid=0,1e-6,1e-5,1e-4,1e-3,1e-2,1e-1,1,10 validation_fraction=0.2 fit_baselines_on_eval=false seed=1
2026-08-14 23:53:02,837 INFO [__main__] ========================================================================
2026-08-14 23:53:02,838 INFO [__main__] selected methods=('cov_avgy_ridge_shared',)
2026-08-14 23:53:04,577 INFO [__main__] baseline selection start l2_grid=(0.0, 1e-06, 1e-05, 0.0001, 0.001, 0.01, 0.1, 1.0, 10.0)
2026-08-14 23:53:04,709 INFO [__main__] baseline selection done
2026-08-14 23:53:04,734 INFO [__main__] experiment done seconds=1.89
2026-08-14 23:53:04,734 INFO [__main__] ========================================================================
2026-08-14T23:53:05+02:00 baselines done configuration=11/12 dataset=exchange_rate model=chronos2 formula=cov_avgy_ridge_shared lags=336 horizon=48 retrieval=instance_euclidean_3_online

2026-08-14T23:53:05+02:00 baselines start configuration=11/12 dataset=exchange_rate model=chronos2 formula=cov_avgy_convex_shared lags=336 horizon=48 retrieval=instance_euclidean_3_online run=/home/h61084/codes/adapts/outputs/adaptation/convex_baselines_ablation/exchange_rate/336_48/chronos2/cov_avgy_convex_shared/instance/euclidean/3/online/run_0 computation_signature=19f3ebb23abc85c4249089455684ab75f853faca927115f1743a6d9d6962597a l2_grid=0,1e-6,1e-5,1e-4,1e-3,1e-2,1e-1,1,10 validation_fraction=0.2 fit_baselines_on_eval=false seed=1
2026-08-14 23:53:07,902 INFO [__main__] ========================================================================
2026-08-14 23:53:07,902 INFO [__main__] selected methods=('cov_avgy_convex_shared',)
2026-08-14 23:53:09,576 INFO [__main__] baseline selection start l2_grid=(0.0, 1e-06, 1e-05, 0.0001, 0.001, 0.01, 0.1, 1.0, 10.0)
2026-08-14 23:53:09,713 INFO [__main__] baseline selection done
2026-08-14 23:53:09,735 INFO [__main__] experiment done seconds=1.83
2026-08-14 23:53:09,735 INFO [__main__] ========================================================================
2026-08-14T23:53:10+02:00 baselines done configuration=11/12 dataset=exchange_rate model=chronos2 formula=cov_avgy_convex_shared lags=336 horizon=48 retrieval=instance_euclidean_3_online
2026-08-14 23:53:12,542 INFO [__main__] extraction validation directory=/home/h61084/codes/adapts/outputs/extraction/exchange_rate/504_168/chronos2/instance/euclidean/3/online/run_1 status=complete

2026-08-14T23:53:13+02:00 baselines start configuration=12/12 dataset=exchange_rate model=chronos2 formula=full_ridge_shared lags=504 horizon=168 retrieval=instance_euclidean_3_online run=/home/h61084/codes/adapts/outputs/adaptation/convex_baselines_ablation/exchange_rate/504_168/chronos2/full_ridge_shared/instance/euclidean/3/online/run_0 computation_signature=6f396233eafb78d2d6bc739025d3c480559dc9c509635067684d93c1c9a1a194 l2_grid=0,1e-6,1e-5,1e-4,1e-3,1e-2,1e-1,1,10 validation_fraction=0.2 fit_baselines_on_eval=false seed=1
2026-08-14 23:53:15,669 INFO [__main__] ========================================================================
2026-08-14 23:53:15,669 INFO [__main__] selected methods=('full_ridge_shared',)
2026-08-14 23:53:17,237 INFO [__main__] baseline selection start l2_grid=(0.0, 1e-06, 1e-05, 0.0001, 0.001, 0.01, 0.1, 1.0, 10.0)
2026-08-14 23:53:17,441 INFO [__main__] baseline selection done
2026-08-14 23:53:17,464 INFO [__main__] experiment done seconds=1.79
2026-08-14 23:53:17,464 INFO [__main__] ========================================================================
2026-08-14T23:53:17+02:00 baselines done configuration=12/12 dataset=exchange_rate model=chronos2 formula=full_ridge_shared lags=504 horizon=168 retrieval=instance_euclidean_3_online

2026-08-14T23:53:18+02:00 baselines start configuration=12/12 dataset=exchange_rate model=chronos2 formula=full_convex_shared lags=504 horizon=168 retrieval=instance_euclidean_3_online run=/home/h61084/codes/adapts/outputs/adaptation/convex_baselines_ablation/exchange_rate/504_168/chronos2/full_convex_shared/instance/euclidean/3/online/run_0 computation_signature=533d450f6abdd623dcc8cbe2763ea7c6957a8e9e14adecf9d35abd2feb9b01d0 l2_grid=0,1e-6,1e-5,1e-4,1e-3,1e-2,1e-1,1,10 validation_fraction=0.2 fit_baselines_on_eval=false seed=1
2026-08-14 23:53:20,531 INFO [__main__] ========================================================================
2026-08-14 23:53:20,531 INFO [__main__] selected methods=('full_convex_shared',)
2026-08-14 23:53:22,123 INFO [__main__] baseline selection start l2_grid=(0.0, 1e-06, 1e-05, 0.0001, 0.001, 0.01, 0.1, 1.0, 10.0)
2026-08-14 23:53:22,449 INFO [__main__] baseline selection done
2026-08-14 23:53:22,473 INFO [__main__] experiment done seconds=1.94
2026-08-14 23:53:22,473 INFO [__main__] ========================================================================
2026-08-14T23:53:23+02:00 baselines done configuration=12/12 dataset=exchange_rate model=chronos2 formula=full_convex_shared lags=504 horizon=168 retrieval=instance_euclidean_3_online

2026-08-14T23:53:23+02:00 baselines start configuration=12/12 dataset=exchange_rate model=chronos2 formula=cov_y_ridge_shared lags=504 horizon=168 retrieval=instance_euclidean_3_online run=/home/h61084/codes/adapts/outputs/adaptation/convex_baselines_ablation/exchange_rate/504_168/chronos2/cov_y_ridge_shared/instance/euclidean/3/online/run_0 computation_signature=ca09389fe8280ffe0b5aed43704265251a212b3966b2353dbd1e4416e73de947 l2_grid=0,1e-6,1e-5,1e-4,1e-3,1e-2,1e-1,1,10 validation_fraction=0.2 fit_baselines_on_eval=false seed=1
2026-08-14 23:53:25,727 INFO [__main__] ========================================================================
2026-08-14 23:53:25,728 INFO [__main__] selected methods=('cov_y_ridge_shared',)
2026-08-14 23:53:27,560 INFO [__main__] baseline selection start l2_grid=(0.0, 1e-06, 1e-05, 0.0001, 0.001, 0.01, 0.1, 1.0, 10.0)
2026-08-14 23:53:27,786 INFO [__main__] baseline selection done
2026-08-14 23:53:27,811 INFO [__main__] experiment done seconds=2.08
2026-08-14 23:53:27,811 INFO [__main__] ========================================================================
2026-08-14T23:53:28+02:00 baselines done configuration=12/12 dataset=exchange_rate model=chronos2 formula=cov_y_ridge_shared lags=504 horizon=168 retrieval=instance_euclidean_3_online

2026-08-14T23:53:28+02:00 baselines start configuration=12/12 dataset=exchange_rate model=chronos2 formula=cov_y_convex_shared lags=504 horizon=168 retrieval=instance_euclidean_3_online run=/home/h61084/codes/adapts/outputs/adaptation/convex_baselines_ablation/exchange_rate/504_168/chronos2/cov_y_convex_shared/instance/euclidean/3/online/run_0 computation_signature=b336fa548786545b78877d2839927898e63146bf40c0b6da9b12e8e6e9e647d4 l2_grid=0,1e-6,1e-5,1e-4,1e-3,1e-2,1e-1,1,10 validation_fraction=0.2 fit_baselines_on_eval=false seed=1
2026-08-14 23:53:31,008 INFO [__main__] ========================================================================
2026-08-14 23:53:31,008 INFO [__main__] selected methods=('cov_y_convex_shared',)
2026-08-14 23:53:32,625 INFO [__main__] baseline selection start l2_grid=(0.0, 1e-06, 1e-05, 0.0001, 0.001, 0.01, 0.1, 1.0, 10.0)
2026-08-14 23:53:32,811 INFO [__main__] baseline selection done
2026-08-14 23:53:32,835 INFO [__main__] experiment done seconds=1.82
2026-08-14 23:53:32,835 INFO [__main__] ========================================================================
2026-08-14T23:53:33+02:00 baselines done configuration=12/12 dataset=exchange_rate model=chronos2 formula=cov_y_convex_shared lags=504 horizon=168 retrieval=instance_euclidean_3_online

2026-08-14T23:53:33+02:00 baselines start configuration=12/12 dataset=exchange_rate model=chronos2 formula=cov_avgy_ridge_shared lags=504 horizon=168 retrieval=instance_euclidean_3_online run=/home/h61084/codes/adapts/outputs/adaptation/convex_baselines_ablation/exchange_rate/504_168/chronos2/cov_avgy_ridge_shared/instance/euclidean/3/online/run_0 computation_signature=b4f21638d224e6020ef2b393c9015fa0f987886a9923ea24aee1087ce728e0dd l2_grid=0,1e-6,1e-5,1e-4,1e-3,1e-2,1e-1,1,10 validation_fraction=0.2 fit_baselines_on_eval=false seed=1
2026-08-14 23:53:35,955 INFO [__main__] ========================================================================
2026-08-14 23:53:35,956 INFO [__main__] selected methods=('cov_avgy_ridge_shared',)
2026-08-14 23:53:37,578 INFO [__main__] baseline selection start l2_grid=(0.0, 1e-06, 1e-05, 0.0001, 0.001, 0.01, 0.1, 1.0, 10.0)
2026-08-14 23:53:37,780 INFO [__main__] baseline selection done
2026-08-14 23:53:37,803 INFO [__main__] experiment done seconds=1.84
2026-08-14 23:53:37,803 INFO [__main__] ========================================================================
2026-08-14T23:53:38+02:00 baselines done configuration=12/12 dataset=exchange_rate model=chronos2 formula=cov_avgy_ridge_shared lags=504 horizon=168 retrieval=instance_euclidean_3_online

2026-08-14T23:53:38+02:00 baselines start configuration=12/12 dataset=exchange_rate model=chronos2 formula=cov_avgy_convex_shared lags=504 horizon=168 retrieval=instance_euclidean_3_online run=/home/h61084/codes/adapts/outputs/adaptation/convex_baselines_ablation/exchange_rate/504_168/chronos2/cov_avgy_convex_shared/instance/euclidean/3/online/run_0 computation_signature=2703f1f82eca2fa2c96352e8207ec5700e492420bb3c3fed50b444022a625ed8 l2_grid=0,1e-6,1e-5,1e-4,1e-3,1e-2,1e-1,1,10 validation_fraction=0.2 fit_baselines_on_eval=false seed=1
2026-08-14 23:53:41,079 INFO [__main__] ========================================================================
2026-08-14 23:53:41,079 INFO [__main__] selected methods=('cov_avgy_convex_shared',)
2026-08-14 23:53:42,778 INFO [__main__] baseline selection start l2_grid=(0.0, 1e-06, 1e-05, 0.0001, 0.001, 0.01, 0.1, 1.0, 10.0)
2026-08-14 23:53:42,912 INFO [__main__] baseline selection done
2026-08-14 23:53:42,937 INFO [__main__] experiment done seconds=1.85
2026-08-14 23:53:42,937 INFO [__main__] ========================================================================
2026-08-14T23:53:43+02:00 baselines done configuration=12/12 dataset=exchange_rate model=chronos2 formula=cov_avgy_convex_shared lags=504 horizon=168 retrieval=instance_euclidean_3_online

2026-08-14T23:53:43+02:00 job done kind=baselines output=outputs/adaptation/convex_baselines_ablation

2026-08-14T23:53:43+02:00 job start kind=adaptation_extraction family=convex_baselines_ablation experiment_mode=full skip_complete=true tasks=24 datasets=Electricity,Traffic,Solar,exchange_rate models=chronos2 settings=168:24,336:48,504:168 distance_spaces=raw distance_metrics=euclidean neighbors=1
2026-08-14T23:53:43+02:00 skip complete family=extraction dataset=Electricity model=chronos2 lags=168 horizon=24 retrieval=vanilla run=/home/h61084/codes/adapts/outputs/extraction/Electricity/168_24/chronos2/none/none/0/none/run_1
2026-08-14T23:53:43+02:00 skip complete family=extraction dataset=Electricity model=chronos2 lags=168 horizon=24 retrieval=raw_euclidean_1_online run=/home/h61084/codes/adapts/outputs/extraction/Electricity/168_24/chronos2/raw/euclidean/1/online/run_1
2026-08-14T23:53:43+02:00 skip complete family=extraction dataset=Electricity model=chronos2 lags=336 horizon=48 retrieval=vanilla run=/home/h61084/codes/adapts/outputs/extraction/Electricity/336_48/chronos2/none/none/0/none/run_1
2026-08-14T23:53:43+02:00 skip complete family=extraction dataset=Electricity model=chronos2 lags=336 horizon=48 retrieval=raw_euclidean_1_online run=/home/h61084/codes/adapts/outputs/extraction/Electricity/336_48/chronos2/raw/euclidean/1/online/run_1
2026-08-14T23:53:43+02:00 skip complete family=extraction dataset=Electricity model=chronos2 lags=504 horizon=168 retrieval=vanilla run=/home/h61084/codes/adapts/outputs/extraction/Electricity/504_168/chronos2/none/none/0/none/run_2
2026-08-14T23:53:43+02:00 skip complete family=extraction dataset=Electricity model=chronos2 lags=504 horizon=168 retrieval=raw_euclidean_1_online run=/home/h61084/codes/adapts/outputs/extraction/Electricity/504_168/chronos2/raw/euclidean/1/online/run_1
2026-08-14T23:53:44+02:00 skip complete family=extraction dataset=Traffic model=chronos2 lags=168 horizon=24 retrieval=vanilla run=/home/h61084/codes/adapts/outputs/extraction/Traffic/168_24/chronos2/none/none/0/none/run_1
2026-08-14T23:53:44+02:00 skip complete family=extraction dataset=Traffic model=chronos2 lags=168 horizon=24 retrieval=raw_euclidean_1_online run=/home/h61084/codes/adapts/outputs/extraction/Traffic/168_24/chronos2/raw/euclidean/1/online/run_1
2026-08-14T23:53:44+02:00 skip complete family=extraction dataset=Traffic model=chronos2 lags=336 horizon=48 retrieval=vanilla run=/home/h61084/codes/adapts/outputs/extraction/Traffic/336_48/chronos2/none/none/0/none/run_1
2026-08-14T23:53:44+02:00 skip complete family=extraction dataset=Traffic model=chronos2 lags=336 horizon=48 retrieval=raw_euclidean_1_online run=/home/h61084/codes/adapts/outputs/extraction/Traffic/336_48/chronos2/raw/euclidean/1/online/run_1
2026-08-14T23:53:44+02:00 skip complete family=extraction dataset=Traffic model=chronos2 lags=504 horizon=168 retrieval=vanilla run=/home/h61084/codes/adapts/outputs/extraction/Traffic/504_168/chronos2/none/none/0/none/run_1
2026-08-14T23:53:44+02:00 skip complete family=extraction dataset=Traffic model=chronos2 lags=504 horizon=168 retrieval=raw_euclidean_1_online run=/home/h61084/codes/adapts/outputs/extraction/Traffic/504_168/chronos2/raw/euclidean/1/online/run_1
2026-08-14T23:53:44+02:00 skip complete family=extraction dataset=Solar model=chronos2 lags=168 horizon=24 retrieval=vanilla run=/home/h61084/codes/adapts/outputs/extraction/Solar/168_24/chronos2/none/none/0/none/run_1
2026-08-14T23:53:44+02:00 skip complete family=extraction dataset=Solar model=chronos2 lags=168 horizon=24 retrieval=raw_euclidean_1_online run=/home/h61084/codes/adapts/outputs/extraction/Solar/168_24/chronos2/raw/euclidean/1/online/run_1
2026-08-14T23:53:44+02:00 skip complete family=extraction dataset=Solar model=chronos2 lags=336 horizon=48 retrieval=vanilla run=/home/h61084/codes/adapts/outputs/extraction/Solar/336_48/chronos2/none/none/0/none/run_1
2026-08-14T23:53:44+02:00 skip complete family=extraction dataset=Solar model=chronos2 lags=336 horizon=48 retrieval=raw_euclidean_1_online run=/home/h61084/codes/adapts/outputs/extraction/Solar/336_48/chronos2/raw/euclidean/1/online/run_1
2026-08-14T23:53:44+02:00 skip complete family=extraction dataset=Solar model=chronos2 lags=504 horizon=168 retrieval=vanilla run=/home/h61084/codes/adapts/outputs/extraction/Solar/504_168/chronos2/none/none/0/none/run_1
2026-08-14T23:53:44+02:00 skip complete family=extraction dataset=Solar model=chronos2 lags=504 horizon=168 retrieval=raw_euclidean_1_online run=/home/h61084/codes/adapts/outputs/extraction/Solar/504_168/chronos2/raw/euclidean/1/online/run_1
2026-08-14T23:53:44+02:00 skip complete family=extraction dataset=exchange_rate model=chronos2 lags=168 horizon=24 retrieval=vanilla run=/home/h61084/codes/adapts/outputs/extraction/exchange_rate/168_24/chronos2/none/none/0/none/run_1
2026-08-14T23:53:44+02:00 skip complete family=extraction dataset=exchange_rate model=chronos2 lags=168 horizon=24 retrieval=raw_euclidean_1_online run=/home/h61084/codes/adapts/outputs/extraction/exchange_rate/168_24/chronos2/raw/euclidean/1/online/run_1
2026-08-14T23:53:45+02:00 skip complete family=extraction dataset=exchange_rate model=chronos2 lags=336 horizon=48 retrieval=vanilla run=/home/h61084/codes/adapts/outputs/extraction/exchange_rate/336_48/chronos2/none/none/0/none/run_1
2026-08-14T23:53:45+02:00 skip complete family=extraction dataset=exchange_rate model=chronos2 lags=336 horizon=48 retrieval=raw_euclidean_1_online run=/home/h61084/codes/adapts/outputs/extraction/exchange_rate/336_48/chronos2/raw/euclidean/1/online/run_1
2026-08-14T23:53:45+02:00 skip complete family=extraction dataset=exchange_rate model=chronos2 lags=504 horizon=168 retrieval=vanilla run=/home/h61084/codes/adapts/outputs/extraction/exchange_rate/504_168/chronos2/none/none/0/none/run_1
2026-08-14T23:53:45+02:00 skip complete family=extraction dataset=exchange_rate model=chronos2 lags=504 horizon=168 retrieval=raw_euclidean_1_online run=/home/h61084/codes/adapts/outputs/extraction/exchange_rate/504_168/chronos2/raw/euclidean/1/online/run_1

2026-08-14T23:53:45+02:00 job done kind=adaptation_extraction output=outputs/extraction

2026-08-14T23:53:45+02:00 job start kind=baselines family=convex_baselines_ablation experiment_mode=full skip_complete=true tasks=12 datasets=Electricity,Traffic,Solar,exchange_rate models=chronos2 settings=168:24,336:48,504:168 distance_spaces=raw distance_metrics=euclidean neighbors=1 methods=full_ridge_shared,full_convex_shared results_root=outputs/adaptation/convex_baselines_ablation
2026-08-14 23:53:47,630 INFO [__main__] extraction validation directory=/home/h61084/codes/adapts/outputs/extraction/Electricity/168_24/chronos2/raw/euclidean/1/online/run_1 status=complete

2026-08-14T23:53:48+02:00 baselines start configuration=1/12 dataset=Electricity model=chronos2 formula=full_ridge_shared lags=168 horizon=24 retrieval=raw_euclidean_1_online run=/home/h61084/codes/adapts/outputs/adaptation/convex_baselines_ablation/Electricity/168_24/chronos2/full_ridge_shared/raw/euclidean/1/online/run_0 computation_signature=9a253b68f22090e6d56202aaf696ec796e86ec616d975e021d82f9ae35887004 l2_grid=0,1e-6,1e-5,1e-4,1e-3,1e-2,1e-1,1,10 validation_fraction=0.2 fit_baselines_on_eval=false seed=1
2026-08-14 23:53:50,622 INFO [__main__] ========================================================================
2026-08-14 23:53:50,622 INFO [__main__] selected methods=('full_ridge_shared',)
2026-08-14 23:53:52,658 INFO [__main__] baseline selection start l2_grid=(0.0, 1e-06, 1e-05, 0.0001, 0.001, 0.01, 0.1, 1.0, 10.0)
2026-08-14 23:53:53,193 INFO [__main__] baseline selection done
2026-08-14 23:53:53,215 INFO [__main__] experiment done seconds=2.59
2026-08-14 23:53:53,215 INFO [__main__] ========================================================================
2026-08-14T23:53:53+02:00 baselines done configuration=1/12 dataset=Electricity model=chronos2 formula=full_ridge_shared lags=168 horizon=24 retrieval=raw_euclidean_1_online

2026-08-14T23:53:53+02:00 baselines start configuration=1/12 dataset=Electricity model=chronos2 formula=full_convex_shared lags=168 horizon=24 retrieval=raw_euclidean_1_online run=/home/h61084/codes/adapts/outputs/adaptation/convex_baselines_ablation/Electricity/168_24/chronos2/full_convex_shared/raw/euclidean/1/online/run_0 computation_signature=f7f28357ed3a04179cd6f652493a2f2db5ac7b14d61e1f6c5d28799b1fd8c3a3 l2_grid=0,1e-6,1e-5,1e-4,1e-3,1e-2,1e-1,1,10 validation_fraction=0.2 fit_baselines_on_eval=false seed=1
2026-08-14 23:53:56,585 INFO [__main__] ========================================================================
2026-08-14 23:53:56,585 INFO [__main__] selected methods=('full_convex_shared',)
2026-08-14 23:53:58,887 INFO [__main__] baseline selection start l2_grid=(0.0, 1e-06, 1e-05, 0.0001, 0.001, 0.01, 0.1, 1.0, 10.0)
2026-08-14 23:53:59,334 INFO [__main__] baseline selection done
2026-08-14 23:53:59,356 INFO [__main__] experiment done seconds=2.77
2026-08-14 23:53:59,356 INFO [__main__] ========================================================================
2026-08-14T23:53:59+02:00 baselines done configuration=1/12 dataset=Electricity model=chronos2 formula=full_convex_shared lags=168 horizon=24 retrieval=raw_euclidean_1_online
2026-08-14 23:54:02,211 INFO [__main__] extraction validation directory=/home/h61084/codes/adapts/outputs/extraction/Electricity/336_48/chronos2/raw/euclidean/1/online/run_1 status=complete

2026-08-14T23:54:02+02:00 baselines start configuration=2/12 dataset=Electricity model=chronos2 formula=full_ridge_shared lags=336 horizon=48 retrieval=raw_euclidean_1_online run=/home/h61084/codes/adapts/outputs/adaptation/convex_baselines_ablation/Electricity/336_48/chronos2/full_ridge_shared/raw/euclidean/1/online/run_0 computation_signature=8df5c446b6cd78d7463f919b60942f49bad0f6763aab1a867421bb3961c6aa2e l2_grid=0,1e-6,1e-5,1e-4,1e-3,1e-2,1e-1,1,10 validation_fraction=0.2 fit_baselines_on_eval=false seed=1
2026-08-14 23:54:05,274 INFO [__main__] ========================================================================
2026-08-14 23:54:05,275 INFO [__main__] selected methods=('full_ridge_shared',)
2026-08-14 23:54:07,701 INFO [__main__] baseline selection start l2_grid=(0.0, 1e-06, 1e-05, 0.0001, 0.001, 0.01, 0.1, 1.0, 10.0)
2026-08-14 23:54:08,642 INFO [__main__] baseline selection done
2026-08-14 23:54:08,665 INFO [__main__] experiment done seconds=3.39
2026-08-14 23:54:08,665 INFO [__main__] ========================================================================
2026-08-14T23:54:09+02:00 baselines done configuration=2/12 dataset=Electricity model=chronos2 formula=full_ridge_shared lags=336 horizon=48 retrieval=raw_euclidean_1_online

2026-08-14T23:54:09+02:00 baselines start configuration=2/12 dataset=Electricity model=chronos2 formula=full_convex_shared lags=336 horizon=48 retrieval=raw_euclidean_1_online run=/home/h61084/codes/adapts/outputs/adaptation/convex_baselines_ablation/Electricity/336_48/chronos2/full_convex_shared/raw/euclidean/1/online/run_0 computation_signature=3c2510675b697457f073380859f9ea213800495b5fba5d56f95642652fb45b4a l2_grid=0,1e-6,1e-5,1e-4,1e-3,1e-2,1e-1,1,10 validation_fraction=0.2 fit_baselines_on_eval=false seed=1
2026-08-14 23:54:11,899 INFO [__main__] ========================================================================
2026-08-14 23:54:11,899 INFO [__main__] selected methods=('full_convex_shared',)
2026-08-14 23:54:14,462 INFO [__main__] baseline selection start l2_grid=(0.0, 1e-06, 1e-05, 0.0001, 0.001, 0.01, 0.1, 1.0, 10.0)
2026-08-14 23:54:15,168 INFO [__main__] baseline selection done
2026-08-14 23:54:15,229 INFO [__main__] experiment done seconds=3.33
2026-08-14 23:54:15,229 INFO [__main__] ========================================================================
2026-08-14T23:54:15+02:00 baselines done configuration=2/12 dataset=Electricity model=chronos2 formula=full_convex_shared lags=336 horizon=48 retrieval=raw_euclidean_1_online
2026-08-14 23:54:17,943 INFO [__main__] extraction validation directory=/home/h61084/codes/adapts/outputs/extraction/Electricity/504_168/chronos2/raw/euclidean/1/online/run_1 status=complete

2026-08-14T23:54:18+02:00 baselines start configuration=3/12 dataset=Electricity model=chronos2 formula=full_ridge_shared lags=504 horizon=168 retrieval=raw_euclidean_1_online run=/home/h61084/codes/adapts/outputs/adaptation/convex_baselines_ablation/Electricity/504_168/chronos2/full_ridge_shared/raw/euclidean/1/online/run_0 computation_signature=3c4eaffec801c70331cb1e6af6bf3c99d5e6e1f60930254de142e460bf96e742 l2_grid=0,1e-6,1e-5,1e-4,1e-3,1e-2,1e-1,1,10 validation_fraction=0.2 fit_baselines_on_eval=false seed=1
2026-08-14 23:54:21,052 INFO [__main__] ========================================================================
2026-08-14 23:54:21,052 INFO [__main__] selected methods=('full_ridge_shared',)
2026-08-14 23:54:23,954 INFO [__main__] baseline selection start l2_grid=(0.0, 1e-06, 1e-05, 0.0001, 0.001, 0.01, 0.1, 1.0, 10.0)
2026-08-14 23:54:26,756 INFO [__main__] baseline selection done
2026-08-14 23:54:26,791 INFO [__main__] experiment done seconds=5.74
2026-08-14 23:54:26,791 INFO [__main__] ========================================================================
2026-08-14T23:54:27+02:00 baselines done configuration=3/12 dataset=Electricity model=chronos2 formula=full_ridge_shared lags=504 horizon=168 retrieval=raw_euclidean_1_online

2026-08-14T23:54:27+02:00 baselines start configuration=3/12 dataset=Electricity model=chronos2 formula=full_convex_shared lags=504 horizon=168 retrieval=raw_euclidean_1_online run=/home/h61084/codes/adapts/outputs/adaptation/convex_baselines_ablation/Electricity/504_168/chronos2/full_convex_shared/raw/euclidean/1/online/run_0 computation_signature=d4c804e4818cb8420493d95211f86c47f3d534b3ceefb0647a5cd6c9526085a2 l2_grid=0,1e-6,1e-5,1e-4,1e-3,1e-2,1e-1,1,10 validation_fraction=0.2 fit_baselines_on_eval=false seed=1
2026-08-14 23:54:29,939 INFO [__main__] ========================================================================
2026-08-14 23:54:29,939 INFO [__main__] selected methods=('full_convex_shared',)
2026-08-14 23:54:32,995 INFO [__main__] baseline selection start l2_grid=(0.0, 1e-06, 1e-05, 0.0001, 0.001, 0.01, 0.1, 1.0, 10.0)
2026-08-14 23:54:34,918 INFO [__main__] baseline selection done
2026-08-14 23:54:34,950 INFO [__main__] experiment done seconds=5.00
2026-08-14 23:54:34,950 INFO [__main__] ========================================================================
2026-08-14T23:54:35+02:00 baselines done configuration=3/12 dataset=Electricity model=chronos2 formula=full_convex_shared lags=504 horizon=168 retrieval=raw_euclidean_1_online
2026-08-14 23:54:37,997 INFO [__main__] extraction validation directory=/home/h61084/codes/adapts/outputs/extraction/Traffic/168_24/chronos2/raw/euclidean/1/online/run_1 status=complete

2026-08-14T23:54:38+02:00 baselines start configuration=4/12 dataset=Traffic model=chronos2 formula=full_ridge_shared lags=168 horizon=24 retrieval=raw_euclidean_1_online run=/home/h61084/codes/adapts/outputs/adaptation/convex_baselines_ablation/Traffic/168_24/chronos2/full_ridge_shared/raw/euclidean/1/online/run_0 computation_signature=0b5cbe483c74e205c89348d876e44b7f8e8c27a5b08c6cbd29d5a1c5c0334b58 l2_grid=0,1e-6,1e-5,1e-4,1e-3,1e-2,1e-1,1,10 validation_fraction=0.2 fit_baselines_on_eval=false seed=1
2026-08-14 23:54:41,080 INFO [__main__] ========================================================================
2026-08-14 23:54:41,080 INFO [__main__] selected methods=('full_ridge_shared',)
2026-08-14 23:54:43,784 INFO [__main__] baseline selection start l2_grid=(0.0, 1e-06, 1e-05, 0.0001, 0.001, 0.01, 0.1, 1.0, 10.0)
2026-08-14 23:54:44,638 INFO [__main__] baseline selection done
2026-08-14 23:54:44,659 INFO [__main__] experiment done seconds=3.58
2026-08-14 23:54:44,659 INFO [__main__] ========================================================================
2026-08-14T23:54:45+02:00 baselines done configuration=4/12 dataset=Traffic model=chronos2 formula=full_ridge_shared lags=168 horizon=24 retrieval=raw_euclidean_1_online

2026-08-14T23:54:45+02:00 baselines start configuration=4/12 dataset=Traffic model=chronos2 formula=full_convex_shared lags=168 horizon=24 retrieval=raw_euclidean_1_online run=/home/h61084/codes/adapts/outputs/adaptation/convex_baselines_ablation/Traffic/168_24/chronos2/full_convex_shared/raw/euclidean/1/online/run_0 computation_signature=889b1018f2cb1f69d8e9a14212c3b8ac142a71ef8b97db5f1104ca7fc4b2eb0a l2_grid=0,1e-6,1e-5,1e-4,1e-3,1e-2,1e-1,1,10 validation_fraction=0.2 fit_baselines_on_eval=false seed=1
2026-08-14 23:54:47,927 INFO [__main__] ========================================================================
2026-08-14 23:54:47,927 INFO [__main__] selected methods=('full_convex_shared',)
2026-08-14 23:54:50,437 INFO [__main__] baseline selection start l2_grid=(0.0, 1e-06, 1e-05, 0.0001, 0.001, 0.01, 0.1, 1.0, 10.0)
2026-08-14 23:54:51,145 INFO [__main__] baseline selection done
2026-08-14 23:54:51,169 INFO [__main__] experiment done seconds=3.24
2026-08-14 23:54:51,169 INFO [__main__] ========================================================================
2026-08-14T23:54:51+02:00 baselines done configuration=4/12 dataset=Traffic model=chronos2 formula=full_convex_shared lags=168 horizon=24 retrieval=raw_euclidean_1_online
2026-08-14 23:54:54,063 INFO [__main__] extraction validation directory=/home/h61084/codes/adapts/outputs/extraction/Traffic/336_48/chronos2/raw/euclidean/1/online/run_1 status=complete

2026-08-14T23:54:54+02:00 baselines start configuration=5/12 dataset=Traffic model=chronos2 formula=full_ridge_shared lags=336 horizon=48 retrieval=raw_euclidean_1_online run=/home/h61084/codes/adapts/outputs/adaptation/convex_baselines_ablation/Traffic/336_48/chronos2/full_ridge_shared/raw/euclidean/1/online/run_0 computation_signature=5f7f35dabff97fc477dd54c47382fdc72ab7da078182c00862a79b7dea305ef2 l2_grid=0,1e-6,1e-5,1e-4,1e-3,1e-2,1e-1,1,10 validation_fraction=0.2 fit_baselines_on_eval=false seed=1
2026-08-14 23:54:57,278 INFO [__main__] ========================================================================
2026-08-14 23:54:57,278 INFO [__main__] selected methods=('full_ridge_shared',)
2026-08-14 23:55:00,409 INFO [__main__] baseline selection start l2_grid=(0.0, 1e-06, 1e-05, 0.0001, 0.001, 0.01, 0.1, 1.0, 10.0)
2026-08-14 23:55:01,915 INFO [__main__] baseline selection done
2026-08-14 23:55:01,939 INFO [__main__] experiment done seconds=4.66
2026-08-14 23:55:01,939 INFO [__main__] ========================================================================
2026-08-14T23:55:02+02:00 baselines done configuration=5/12 dataset=Traffic model=chronos2 formula=full_ridge_shared lags=336 horizon=48 retrieval=raw_euclidean_1_online

2026-08-14T23:55:02+02:00 baselines start configuration=5/12 dataset=Traffic model=chronos2 formula=full_convex_shared lags=336 horizon=48 retrieval=raw_euclidean_1_online run=/home/h61084/codes/adapts/outputs/adaptation/convex_baselines_ablation/Traffic/336_48/chronos2/full_convex_shared/raw/euclidean/1/online/run_0 computation_signature=ea8f251fbdb6f3bdeefdbdf287b3e150c607d456fe20292f7e4e9521afb25f12 l2_grid=0,1e-6,1e-5,1e-4,1e-3,1e-2,1e-1,1,10 validation_fraction=0.2 fit_baselines_on_eval=false seed=1
2026-08-14 23:55:05,177 INFO [__main__] ========================================================================
2026-08-14 23:55:05,178 INFO [__main__] selected methods=('full_convex_shared',)
2026-08-14 23:55:08,351 INFO [__main__] baseline selection start l2_grid=(0.0, 1e-06, 1e-05, 0.0001, 0.001, 0.01, 0.1, 1.0, 10.0)
2026-08-14 23:55:09,517 INFO [__main__] baseline selection done
2026-08-14 23:55:09,543 INFO [__main__] experiment done seconds=4.36
2026-08-14 23:55:09,543 INFO [__main__] ========================================================================
2026-08-14T23:55:10+02:00 baselines done configuration=5/12 dataset=Traffic model=chronos2 formula=full_convex_shared lags=336 horizon=48 retrieval=raw_euclidean_1_online
2026-08-14 23:55:12,518 INFO [__main__] extraction validation directory=/home/h61084/codes/adapts/outputs/extraction/Traffic/504_168/chronos2/raw/euclidean/1/online/run_1 status=complete

2026-08-14T23:55:13+02:00 baselines start configuration=6/12 dataset=Traffic model=chronos2 formula=full_ridge_shared lags=504 horizon=168 retrieval=raw_euclidean_1_online run=/home/h61084/codes/adapts/outputs/adaptation/convex_baselines_ablation/Traffic/504_168/chronos2/full_ridge_shared/raw/euclidean/1/online/run_0 computation_signature=61455bb702aafb51ba1d277f88c757fdd3b24973e1896c197df982c536c2a96f l2_grid=0,1e-6,1e-5,1e-4,1e-3,1e-2,1e-1,1,10 validation_fraction=0.2 fit_baselines_on_eval=false seed=1
2026-08-14 23:55:15,573 INFO [__main__] ========================================================================
2026-08-14 23:55:15,573 INFO [__main__] selected methods=('full_ridge_shared',)
2026-08-14 23:55:19,721 INFO [__main__] baseline selection start l2_grid=(0.0, 1e-06, 1e-05, 0.0001, 0.001, 0.01, 0.1, 1.0, 10.0)
2026-08-14 23:55:24,781 INFO [__main__] baseline selection done
2026-08-14 23:55:24,807 INFO [__main__] experiment done seconds=9.23
2026-08-14 23:55:24,807 INFO [__main__] ========================================================================
2026-08-14T23:55:25+02:00 baselines done configuration=6/12 dataset=Traffic model=chronos2 formula=full_ridge_shared lags=504 horizon=168 retrieval=raw_euclidean_1_online

2026-08-14T23:55:25+02:00 baselines start configuration=6/12 dataset=Traffic model=chronos2 formula=full_convex_shared lags=504 horizon=168 retrieval=raw_euclidean_1_online run=/home/h61084/codes/adapts/outputs/adaptation/convex_baselines_ablation/Traffic/504_168/chronos2/full_convex_shared/raw/euclidean/1/online/run_0 computation_signature=55bf72637f8d24bfb6f6b6b6aac6243848ee39d610de38a4a3989af7a7b35ce3 l2_grid=0,1e-6,1e-5,1e-4,1e-3,1e-2,1e-1,1,10 validation_fraction=0.2 fit_baselines_on_eval=false seed=1
2026-08-14 23:55:28,034 INFO [__main__] ========================================================================
2026-08-14 23:55:28,034 INFO [__main__] selected methods=('full_convex_shared',)
2026-08-14 23:55:32,721 INFO [__main__] baseline selection start l2_grid=(0.0, 1e-06, 1e-05, 0.0001, 0.001, 0.01, 0.1, 1.0, 10.0)
2026-08-14 23:55:36,041 INFO [__main__] baseline selection done
2026-08-14 23:55:36,088 INFO [__main__] experiment done seconds=8.05
2026-08-14 23:55:36,088 INFO [__main__] ========================================================================
2026-08-14T23:55:36+02:00 baselines done configuration=6/12 dataset=Traffic model=chronos2 formula=full_convex_shared lags=504 horizon=168 retrieval=raw_euclidean_1_online
2026-08-14 23:55:38,911 INFO [__main__] extraction validation directory=/home/h61084/codes/adapts/outputs/extraction/Solar/168_24/chronos2/raw/euclidean/1/online/run_1 status=complete

2026-08-14T23:55:39+02:00 baselines start configuration=7/12 dataset=Solar model=chronos2 formula=full_ridge_shared lags=168 horizon=24 retrieval=raw_euclidean_1_online run=/home/h61084/codes/adapts/outputs/adaptation/convex_baselines_ablation/Solar/168_24/chronos2/full_ridge_shared/raw/euclidean/1/online/run_0 computation_signature=b59d92cacb645d18d111fa00f0d346a27c46728d5ba7efd2e56faa7da6c35616 l2_grid=0,1e-6,1e-5,1e-4,1e-3,1e-2,1e-1,1,10 validation_fraction=0.2 fit_baselines_on_eval=false seed=1
2026-08-14 23:55:41,928 INFO [__main__] ========================================================================
2026-08-14 23:55:41,928 INFO [__main__] selected methods=('full_ridge_shared',)
2026-08-14 23:55:43,677 INFO [__main__] baseline selection start l2_grid=(0.0, 1e-06, 1e-05, 0.0001, 0.001, 0.01, 0.1, 1.0, 10.0)
2026-08-14 23:55:43,879 INFO [__main__] baseline selection done
2026-08-14 23:55:43,902 INFO [__main__] experiment done seconds=1.97
2026-08-14 23:55:43,902 INFO [__main__] ========================================================================
2026-08-14T23:55:44+02:00 baselines done configuration=7/12 dataset=Solar model=chronos2 formula=full_ridge_shared lags=168 horizon=24 retrieval=raw_euclidean_1_online

2026-08-14T23:55:44+02:00 baselines start configuration=7/12 dataset=Solar model=chronos2 formula=full_convex_shared lags=168 horizon=24 retrieval=raw_euclidean_1_online run=/home/h61084/codes/adapts/outputs/adaptation/convex_baselines_ablation/Solar/168_24/chronos2/full_convex_shared/raw/euclidean/1/online/run_0 computation_signature=a915e9937b423988ec779766e03e5d22267d362ddb262b1a1952c8f90ccbc41c l2_grid=0,1e-6,1e-5,1e-4,1e-3,1e-2,1e-1,1,10 validation_fraction=0.2 fit_baselines_on_eval=false seed=1
2026-08-14 23:55:47,331 INFO [__main__] ========================================================================
2026-08-14 23:55:47,332 INFO [__main__] selected methods=('full_convex_shared',)
2026-08-14 23:55:49,140 INFO [__main__] baseline selection start l2_grid=(0.0, 1e-06, 1e-05, 0.0001, 0.001, 0.01, 0.1, 1.0, 10.0)
2026-08-14 23:55:49,327 INFO [__main__] baseline selection done
2026-08-14 23:55:49,352 INFO [__main__] experiment done seconds=2.02
2026-08-14 23:55:49,352 INFO [__main__] ========================================================================
2026-08-14T23:55:49+02:00 baselines done configuration=7/12 dataset=Solar model=chronos2 formula=full_convex_shared lags=168 horizon=24 retrieval=raw_euclidean_1_online
2026-08-14 23:55:52,194 INFO [__main__] extraction validation directory=/home/h61084/codes/adapts/outputs/extraction/Solar/336_48/chronos2/raw/euclidean/1/online/run_1 status=complete

2026-08-14T23:55:52+02:00 baselines start configuration=8/12 dataset=Solar model=chronos2 formula=full_ridge_shared lags=336 horizon=48 retrieval=raw_euclidean_1_online run=/home/h61084/codes/adapts/outputs/adaptation/convex_baselines_ablation/Solar/336_48/chronos2/full_ridge_shared/raw/euclidean/1/online/run_0 computation_signature=a19315f7f27f6f871ce132a09ee5fbd14b406e93c244eec08caa3381b0645809 l2_grid=0,1e-6,1e-5,1e-4,1e-3,1e-2,1e-1,1,10 validation_fraction=0.2 fit_baselines_on_eval=false seed=1
2026-08-14 23:55:55,322 INFO [__main__] ========================================================================
2026-08-14 23:55:55,322 INFO [__main__] selected methods=('full_ridge_shared',)
2026-08-14 23:55:57,250 INFO [__main__] baseline selection start l2_grid=(0.0, 1e-06, 1e-05, 0.0001, 0.001, 0.01, 0.1, 1.0, 10.0)
2026-08-14 23:55:57,615 INFO [__main__] baseline selection done
2026-08-14 23:55:57,640 INFO [__main__] experiment done seconds=2.31
2026-08-14 23:55:57,640 INFO [__main__] ========================================================================
2026-08-14T23:55:58+02:00 baselines done configuration=8/12 dataset=Solar model=chronos2 formula=full_ridge_shared lags=336 horizon=48 retrieval=raw_euclidean_1_online

2026-08-14T23:55:58+02:00 baselines start configuration=8/12 dataset=Solar model=chronos2 formula=full_convex_shared lags=336 horizon=48 retrieval=raw_euclidean_1_online run=/home/h61084/codes/adapts/outputs/adaptation/convex_baselines_ablation/Solar/336_48/chronos2/full_convex_shared/raw/euclidean/1/online/run_0 computation_signature=41fda95b9bd4c4c96c175e72ff1958a976729d1147ce6707e782b151a3511dd9 l2_grid=0,1e-6,1e-5,1e-4,1e-3,1e-2,1e-1,1,10 validation_fraction=0.2 fit_baselines_on_eval=false seed=1
2026-08-14 23:56:00,833 INFO [__main__] ========================================================================
2026-08-14 23:56:00,834 INFO [__main__] selected methods=('full_convex_shared',)
2026-08-14 23:56:02,760 INFO [__main__] baseline selection start l2_grid=(0.0, 1e-06, 1e-05, 0.0001, 0.001, 0.01, 0.1, 1.0, 10.0)
2026-08-14 23:56:02,992 INFO [__main__] baseline selection done
2026-08-14 23:56:03,015 INFO [__main__] experiment done seconds=2.18
2026-08-14 23:56:03,015 INFO [__main__] ========================================================================
2026-08-14T23:56:03+02:00 baselines done configuration=8/12 dataset=Solar model=chronos2 formula=full_convex_shared lags=336 horizon=48 retrieval=raw_euclidean_1_online
2026-08-14 23:56:05,921 INFO [__main__] extraction validation directory=/home/h61084/codes/adapts/outputs/extraction/Solar/504_168/chronos2/raw/euclidean/1/online/run_1 status=complete

2026-08-14T23:56:06+02:00 baselines start configuration=9/12 dataset=Solar model=chronos2 formula=full_ridge_shared lags=504 horizon=168 retrieval=raw_euclidean_1_online run=/home/h61084/codes/adapts/outputs/adaptation/convex_baselines_ablation/Solar/504_168/chronos2/full_ridge_shared/raw/euclidean/1/online/run_0 computation_signature=0446cce572f96b6b29d1957e1935267384a23c539e76465bd5b567118fbc71ca l2_grid=0,1e-6,1e-5,1e-4,1e-3,1e-2,1e-1,1,10 validation_fraction=0.2 fit_baselines_on_eval=false seed=1
2026-08-14 23:56:09,616 INFO [__main__] ========================================================================
2026-08-14 23:56:09,617 INFO [__main__] selected methods=('full_ridge_shared',)
2026-08-14 23:56:11,339 INFO [__main__] baseline selection start l2_grid=(0.0, 1e-06, 1e-05, 0.0001, 0.001, 0.01, 0.1, 1.0, 10.0)
2026-08-14 23:56:12,018 INFO [__main__] baseline selection done
2026-08-14 23:56:12,043 INFO [__main__] experiment done seconds=2.42
2026-08-14 23:56:12,043 INFO [__main__] ========================================================================
2026-08-14T23:56:12+02:00 baselines done configuration=9/12 dataset=Solar model=chronos2 formula=full_ridge_shared lags=504 horizon=168 retrieval=raw_euclidean_1_online

2026-08-14T23:56:12+02:00 baselines start configuration=9/12 dataset=Solar model=chronos2 formula=full_convex_shared lags=504 horizon=168 retrieval=raw_euclidean_1_online run=/home/h61084/codes/adapts/outputs/adaptation/convex_baselines_ablation/Solar/504_168/chronos2/full_convex_shared/raw/euclidean/1/online/run_0 computation_signature=1af9b888fc59e6aca9c051a252d5e6c467e0cdca41f2110dab924760f045332c l2_grid=0,1e-6,1e-5,1e-4,1e-3,1e-2,1e-1,1,10 validation_fraction=0.2 fit_baselines_on_eval=false seed=1
2026-08-14 23:56:15,274 INFO [__main__] ========================================================================
2026-08-14 23:56:15,274 INFO [__main__] selected methods=('full_convex_shared',)
2026-08-14 23:56:17,065 INFO [__main__] baseline selection start l2_grid=(0.0, 1e-06, 1e-05, 0.0001, 0.001, 0.01, 0.1, 1.0, 10.0)
2026-08-14 23:56:17,448 INFO [__main__] baseline selection done
2026-08-14 23:56:17,481 INFO [__main__] experiment done seconds=2.20
2026-08-14 23:56:17,481 INFO [__main__] ========================================================================
2026-08-14T23:56:18+02:00 baselines done configuration=9/12 dataset=Solar model=chronos2 formula=full_convex_shared lags=504 horizon=168 retrieval=raw_euclidean_1_online
2026-08-14 23:56:20,136 INFO [__main__] extraction validation directory=/home/h61084/codes/adapts/outputs/extraction/exchange_rate/168_24/chronos2/raw/euclidean/1/online/run_1 status=complete

2026-08-14T23:56:20+02:00 baselines start configuration=10/12 dataset=exchange_rate model=chronos2 formula=full_ridge_shared lags=168 horizon=24 retrieval=raw_euclidean_1_online run=/home/h61084/codes/adapts/outputs/adaptation/convex_baselines_ablation/exchange_rate/168_24/chronos2/full_ridge_shared/raw/euclidean/1/online/run_0 computation_signature=c72b3af6906eb95dae2b2b1a05b64e2d7868c3c0af0a172634c4cb47cbff8caa l2_grid=0,1e-6,1e-5,1e-4,1e-3,1e-2,1e-1,1,10 validation_fraction=0.2 fit_baselines_on_eval=false seed=1
2026-08-14 23:56:23,045 INFO [__main__] ========================================================================
2026-08-14 23:56:23,045 INFO [__main__] selected methods=('full_ridge_shared',)
2026-08-14 23:56:24,639 INFO [__main__] baseline selection start l2_grid=(0.0, 1e-06, 1e-05, 0.0001, 0.001, 0.01, 0.1, 1.0, 10.0)
2026-08-14 23:56:24,748 INFO [__main__] baseline selection done
2026-08-14 23:56:24,774 INFO [__main__] experiment done seconds=1.73
2026-08-14 23:56:24,774 INFO [__main__] ========================================================================
2026-08-14T23:56:25+02:00 baselines done configuration=10/12 dataset=exchange_rate model=chronos2 formula=full_ridge_shared lags=168 horizon=24 retrieval=raw_euclidean_1_online

2026-08-14T23:56:25+02:00 baselines start configuration=10/12 dataset=exchange_rate model=chronos2 formula=full_convex_shared lags=168 horizon=24 retrieval=raw_euclidean_1_online run=/home/h61084/codes/adapts/outputs/adaptation/convex_baselines_ablation/exchange_rate/168_24/chronos2/full_convex_shared/raw/euclidean/1/online/run_0 computation_signature=d782e7e6caf1ce5d768dce34e5a004f90d9867389b712c5f0a02e325f18910b8 l2_grid=0,1e-6,1e-5,1e-4,1e-3,1e-2,1e-1,1,10 validation_fraction=0.2 fit_baselines_on_eval=false seed=1
2026-08-14 23:56:28,181 INFO [__main__] ========================================================================
2026-08-14 23:56:28,181 INFO [__main__] selected methods=('full_convex_shared',)
2026-08-14 23:56:29,913 INFO [__main__] baseline selection start l2_grid=(0.0, 1e-06, 1e-05, 0.0001, 0.001, 0.01, 0.1, 1.0, 10.0)
2026-08-14 23:56:30,026 INFO [__main__] baseline selection done
2026-08-14 23:56:30,052 INFO [__main__] experiment done seconds=1.87
2026-08-14 23:56:30,052 INFO [__main__] ========================================================================
2026-08-14T23:56:30+02:00 baselines done configuration=10/12 dataset=exchange_rate model=chronos2 formula=full_convex_shared lags=168 horizon=24 retrieval=raw_euclidean_1_online
2026-08-14 23:56:33,094 INFO [__main__] extraction validation directory=/home/h61084/codes/adapts/outputs/extraction/exchange_rate/336_48/chronos2/raw/euclidean/1/online/run_1 status=complete

2026-08-14T23:56:33+02:00 baselines start configuration=11/12 dataset=exchange_rate model=chronos2 formula=full_ridge_shared lags=336 horizon=48 retrieval=raw_euclidean_1_online run=/home/h61084/codes/adapts/outputs/adaptation/convex_baselines_ablation/exchange_rate/336_48/chronos2/full_ridge_shared/raw/euclidean/1/online/run_0 computation_signature=25e6cc20b4b9384c6fbdeda7702145d3fd9f8c18203589f2985e17778a838a17 l2_grid=0,1e-6,1e-5,1e-4,1e-3,1e-2,1e-1,1,10 validation_fraction=0.2 fit_baselines_on_eval=false seed=1
2026-08-14 23:56:36,265 INFO [__main__] ========================================================================
2026-08-14 23:56:36,265 INFO [__main__] selected methods=('full_ridge_shared',)
2026-08-14 23:56:37,892 INFO [__main__] baseline selection start l2_grid=(0.0, 1e-06, 1e-05, 0.0001, 0.001, 0.01, 0.1, 1.0, 10.0)
2026-08-14 23:56:38,012 INFO [__main__] baseline selection done
2026-08-14 23:56:38,036 INFO [__main__] experiment done seconds=1.77
2026-08-14 23:56:38,036 INFO [__main__] ========================================================================
2026-08-14T23:56:38+02:00 baselines done configuration=11/12 dataset=exchange_rate model=chronos2 formula=full_ridge_shared lags=336 horizon=48 retrieval=raw_euclidean_1_online

2026-08-14T23:56:38+02:00 baselines start configuration=11/12 dataset=exchange_rate model=chronos2 formula=full_convex_shared lags=336 horizon=48 retrieval=raw_euclidean_1_online run=/home/h61084/codes/adapts/outputs/adaptation/convex_baselines_ablation/exchange_rate/336_48/chronos2/full_convex_shared/raw/euclidean/1/online/run_0 computation_signature=325be135451055a353cc386e24bb2d9e193b7c184b745d64e73e389fedc614d7 l2_grid=0,1e-6,1e-5,1e-4,1e-3,1e-2,1e-1,1,10 validation_fraction=0.2 fit_baselines_on_eval=false seed=1
2026-08-14 23:56:41,312 INFO [__main__] ========================================================================
2026-08-14 23:56:41,312 INFO [__main__] selected methods=('full_convex_shared',)
2026-08-14 23:56:43,149 INFO [__main__] baseline selection start l2_grid=(0.0, 1e-06, 1e-05, 0.0001, 0.001, 0.01, 0.1, 1.0, 10.0)
2026-08-14 23:56:43,285 INFO [__main__] baseline selection done
2026-08-14 23:56:43,309 INFO [__main__] experiment done seconds=1.99
2026-08-14 23:56:43,309 INFO [__main__] ========================================================================
2026-08-14T23:56:43+02:00 baselines done configuration=11/12 dataset=exchange_rate model=chronos2 formula=full_convex_shared lags=336 horizon=48 retrieval=raw_euclidean_1_online
2026-08-14 23:56:46,008 INFO [__main__] extraction validation directory=/home/h61084/codes/adapts/outputs/extraction/exchange_rate/504_168/chronos2/raw/euclidean/1/online/run_1 status=complete

2026-08-14T23:56:46+02:00 baselines start configuration=12/12 dataset=exchange_rate model=chronos2 formula=full_ridge_shared lags=504 horizon=168 retrieval=raw_euclidean_1_online run=/home/h61084/codes/adapts/outputs/adaptation/convex_baselines_ablation/exchange_rate/504_168/chronos2/full_ridge_shared/raw/euclidean/1/online/run_0 computation_signature=1aedb43350d31d5261c0e03e34dd6a098604e6cb06b930f663177a2ab64bb15b l2_grid=0,1e-6,1e-5,1e-4,1e-3,1e-2,1e-1,1,10 validation_fraction=0.2 fit_baselines_on_eval=false seed=1
2026-08-14 23:56:49,018 INFO [__main__] ========================================================================
2026-08-14 23:56:49,018 INFO [__main__] selected methods=('full_ridge_shared',)
2026-08-14 23:56:50,569 INFO [__main__] baseline selection start l2_grid=(0.0, 1e-06, 1e-05, 0.0001, 0.001, 0.01, 0.1, 1.0, 10.0)
2026-08-14 23:56:50,743 INFO [__main__] baseline selection done
2026-08-14 23:56:50,767 INFO [__main__] experiment done seconds=1.75
2026-08-14 23:56:50,767 INFO [__main__] ========================================================================
2026-08-14T23:56:51+02:00 baselines done configuration=12/12 dataset=exchange_rate model=chronos2 formula=full_ridge_shared lags=504 horizon=168 retrieval=raw_euclidean_1_online

2026-08-14T23:56:51+02:00 baselines start configuration=12/12 dataset=exchange_rate model=chronos2 formula=full_convex_shared lags=504 horizon=168 retrieval=raw_euclidean_1_online run=/home/h61084/codes/adapts/outputs/adaptation/convex_baselines_ablation/exchange_rate/504_168/chronos2/full_convex_shared/raw/euclidean/1/online/run_0 computation_signature=eb1ad2b023b2406da2104bbb3e8ac943aaf9f12c19b3ec1d4f5ada64972dd1c6 l2_grid=0,1e-6,1e-5,1e-4,1e-3,1e-2,1e-1,1,10 validation_fraction=0.2 fit_baselines_on_eval=false seed=1
2026-08-14 23:56:54,032 INFO [__main__] ========================================================================
2026-08-14 23:56:54,033 INFO [__main__] selected methods=('full_convex_shared',)
2026-08-14 23:56:55,576 INFO [__main__] baseline selection start l2_grid=(0.0, 1e-06, 1e-05, 0.0001, 0.001, 0.01, 0.1, 1.0, 10.0)
2026-08-14 23:56:55,736 INFO [__main__] baseline selection done
2026-08-14 23:56:55,759 INFO [__main__] experiment done seconds=1.72
2026-08-14 23:56:55,759 INFO [__main__] ========================================================================
2026-08-14T23:56:56+02:00 baselines done configuration=12/12 dataset=exchange_rate model=chronos2 formula=full_convex_shared lags=504 horizon=168 retrieval=raw_euclidean_1_online

2026-08-14T23:56:56+02:00 job done kind=baselines output=outputs/adaptation/convex_baselines_ablation

2026-08-14T23:56:56+02:00 job start kind=adaptation_extraction family=convex_baselines_ablation experiment_mode=full skip_complete=true tasks=24 datasets=Electricity,Traffic,Solar,exchange_rate models=chronos2 settings=168:24,336:48,504:168 distance_spaces=raw distance_metrics=euclidean neighbors=3
2026-08-14T23:56:56+02:00 skip complete family=extraction dataset=Electricity model=chronos2 lags=168 horizon=24 retrieval=vanilla run=/home/h61084/codes/adapts/outputs/extraction/Electricity/168_24/chronos2/none/none/0/none/run_1
2026-08-14T23:56:56+02:00 skip complete family=extraction dataset=Electricity model=chronos2 lags=168 horizon=24 retrieval=raw_euclidean_3_online run=/home/h61084/codes/adapts/outputs/extraction/Electricity/168_24/chronos2/raw/euclidean/3/online/run_1
2026-08-14T23:56:56+02:00 skip complete family=extraction dataset=Electricity model=chronos2 lags=336 horizon=48 retrieval=vanilla run=/home/h61084/codes/adapts/outputs/extraction/Electricity/336_48/chronos2/none/none/0/none/run_1
2026-08-14T23:56:56+02:00 skip complete family=extraction dataset=Electricity model=chronos2 lags=336 horizon=48 retrieval=raw_euclidean_3_online run=/home/h61084/codes/adapts/outputs/extraction/Electricity/336_48/chronos2/raw/euclidean/3/online/run_1
2026-08-14T23:56:56+02:00 skip complete family=extraction dataset=Electricity model=chronos2 lags=504 horizon=168 retrieval=vanilla run=/home/h61084/codes/adapts/outputs/extraction/Electricity/504_168/chronos2/none/none/0/none/run_2
2026-08-14T23:56:56+02:00 skip complete family=extraction dataset=Electricity model=chronos2 lags=504 horizon=168 retrieval=raw_euclidean_3_online run=/home/h61084/codes/adapts/outputs/extraction/Electricity/504_168/chronos2/raw/euclidean/3/online/run_2
2026-08-14T23:56:56+02:00 skip complete family=extraction dataset=Traffic model=chronos2 lags=168 horizon=24 retrieval=vanilla run=/home/h61084/codes/adapts/outputs/extraction/Traffic/168_24/chronos2/none/none/0/none/run_1
2026-08-14T23:56:56+02:00 skip complete family=extraction dataset=Traffic model=chronos2 lags=168 horizon=24 retrieval=raw_euclidean_3_online run=/home/h61084/codes/adapts/outputs/extraction/Traffic/168_24/chronos2/raw/euclidean/3/online/run_1
2026-08-14T23:56:56+02:00 skip complete family=extraction dataset=Traffic model=chronos2 lags=336 horizon=48 retrieval=vanilla run=/home/h61084/codes/adapts/outputs/extraction/Traffic/336_48/chronos2/none/none/0/none/run_1
2026-08-14T23:56:57+02:00 skip complete family=extraction dataset=Traffic model=chronos2 lags=336 horizon=48 retrieval=raw_euclidean_3_online run=/home/h61084/codes/adapts/outputs/extraction/Traffic/336_48/chronos2/raw/euclidean/3/online/run_1
2026-08-14T23:56:57+02:00 skip complete family=extraction dataset=Traffic model=chronos2 lags=504 horizon=168 retrieval=vanilla run=/home/h61084/codes/adapts/outputs/extraction/Traffic/504_168/chronos2/none/none/0/none/run_1
2026-08-14T23:56:57+02:00 skip complete family=extraction dataset=Traffic model=chronos2 lags=504 horizon=168 retrieval=raw_euclidean_3_online run=/home/h61084/codes/adapts/outputs/extraction/Traffic/504_168/chronos2/raw/euclidean/3/online/run_1
2026-08-14T23:56:57+02:00 skip complete family=extraction dataset=Solar model=chronos2 lags=168 horizon=24 retrieval=vanilla run=/home/h61084/codes/adapts/outputs/extraction/Solar/168_24/chronos2/none/none/0/none/run_1
2026-08-14T23:56:57+02:00 skip complete family=extraction dataset=Solar model=chronos2 lags=168 horizon=24 retrieval=raw_euclidean_3_online run=/home/h61084/codes/adapts/outputs/extraction/Solar/168_24/chronos2/raw/euclidean/3/online/run_1
2026-08-14T23:56:57+02:00 skip complete family=extraction dataset=Solar model=chronos2 lags=336 horizon=48 retrieval=vanilla run=/home/h61084/codes/adapts/outputs/extraction/Solar/336_48/chronos2/none/none/0/none/run_1
2026-08-14T23:56:57+02:00 skip complete family=extraction dataset=Solar model=chronos2 lags=336 horizon=48 retrieval=raw_euclidean_3_online run=/home/h61084/codes/adapts/outputs/extraction/Solar/336_48/chronos2/raw/euclidean/3/online/run_1
2026-08-14T23:56:57+02:00 skip complete family=extraction dataset=Solar model=chronos2 lags=504 horizon=168 retrieval=vanilla run=/home/h61084/codes/adapts/outputs/extraction/Solar/504_168/chronos2/none/none/0/none/run_1
2026-08-14T23:56:57+02:00 skip complete family=extraction dataset=Solar model=chronos2 lags=504 horizon=168 retrieval=raw_euclidean_3_online run=/home/h61084/codes/adapts/outputs/extraction/Solar/504_168/chronos2/raw/euclidean/3/online/run_1
2026-08-14T23:56:57+02:00 skip complete family=extraction dataset=exchange_rate model=chronos2 lags=168 horizon=24 retrieval=vanilla run=/home/h61084/codes/adapts/outputs/extraction/exchange_rate/168_24/chronos2/none/none/0/none/run_1
2026-08-14T23:56:57+02:00 skip complete family=extraction dataset=exchange_rate model=chronos2 lags=168 horizon=24 retrieval=raw_euclidean_3_online run=/home/h61084/codes/adapts/outputs/extraction/exchange_rate/168_24/chronos2/raw/euclidean/3/online/run_1
2026-08-14T23:56:57+02:00 skip complete family=extraction dataset=exchange_rate model=chronos2 lags=336 horizon=48 retrieval=vanilla run=/home/h61084/codes/adapts/outputs/extraction/exchange_rate/336_48/chronos2/none/none/0/none/run_1
2026-08-14T23:56:57+02:00 skip complete family=extraction dataset=exchange_rate model=chronos2 lags=336 horizon=48 retrieval=raw_euclidean_3_online run=/home/h61084/codes/adapts/outputs/extraction/exchange_rate/336_48/chronos2/raw/euclidean/3/online/run_1
2026-08-14T23:56:57+02:00 skip complete family=extraction dataset=exchange_rate model=chronos2 lags=504 horizon=168 retrieval=vanilla run=/home/h61084/codes/adapts/outputs/extraction/exchange_rate/504_168/chronos2/none/none/0/none/run_1
2026-08-14T23:56:58+02:00 skip complete family=extraction dataset=exchange_rate model=chronos2 lags=504 horizon=168 retrieval=raw_euclidean_3_online run=/home/h61084/codes/adapts/outputs/extraction/exchange_rate/504_168/chronos2/raw/euclidean/3/online/run_1

2026-08-14T23:56:58+02:00 job done kind=adaptation_extraction output=outputs/extraction

2026-08-14T23:56:58+02:00 job start kind=baselines family=convex_baselines_ablation experiment_mode=full skip_complete=true tasks=12 datasets=Electricity,Traffic,Solar,exchange_rate models=chronos2 settings=168:24,336:48,504:168 distance_spaces=raw distance_metrics=euclidean neighbors=3 methods=full_ridge_shared,full_convex_shared results_root=outputs/adaptation/convex_baselines_ablation
2026-08-14 23:57:00,168 INFO [__main__] extraction validation directory=/home/h61084/codes/adapts/outputs/extraction/Electricity/168_24/chronos2/raw/euclidean/3/online/run_1 status=complete

2026-08-14T23:57:00+02:00 baselines start configuration=1/12 dataset=Electricity model=chronos2 formula=full_ridge_shared lags=168 horizon=24 retrieval=raw_euclidean_3_online run=/home/h61084/codes/adapts/outputs/adaptation/convex_baselines_ablation/Electricity/168_24/chronos2/full_ridge_shared/raw/euclidean/3/online/run_0 computation_signature=c573add486e1e799de2e39ce70c0e548df9333313b8e7063189fe6f0a054de61 l2_grid=0,1e-6,1e-5,1e-4,1e-3,1e-2,1e-1,1,10 validation_fraction=0.2 fit_baselines_on_eval=false seed=1
2026-08-14 23:57:03,194 INFO [__main__] ========================================================================
2026-08-14 23:57:03,194 INFO [__main__] selected methods=('full_ridge_shared',)
2026-08-14 23:57:05,951 INFO [__main__] baseline selection start l2_grid=(0.0, 1e-06, 1e-05, 0.0001, 0.001, 0.01, 0.1, 1.0, 10.0)
2026-08-14 23:57:06,967 INFO [__main__] baseline selection done
2026-08-14 23:57:06,993 INFO [__main__] experiment done seconds=3.80
2026-08-14 23:57:06,993 INFO [__main__] ========================================================================
2026-08-14T23:57:07+02:00 baselines done configuration=1/12 dataset=Electricity model=chronos2 formula=full_ridge_shared lags=168 horizon=24 retrieval=raw_euclidean_3_online

2026-08-14T23:57:07+02:00 baselines start configuration=1/12 dataset=Electricity model=chronos2 formula=full_convex_shared lags=168 horizon=24 retrieval=raw_euclidean_3_online run=/home/h61084/codes/adapts/outputs/adaptation/convex_baselines_ablation/Electricity/168_24/chronos2/full_convex_shared/raw/euclidean/3/online/run_0 computation_signature=5d633367248eb1107bd4a987b381f3b4f773790e210571904dcd18ab1c194cd6 l2_grid=0,1e-6,1e-5,1e-4,1e-3,1e-2,1e-1,1,10 validation_fraction=0.2 fit_baselines_on_eval=false seed=1
2026-08-14 23:57:10,359 INFO [__main__] ========================================================================
2026-08-14 23:57:10,359 INFO [__main__] selected methods=('full_convex_shared',)
2026-08-14 23:57:12,834 INFO [__main__] baseline selection start l2_grid=(0.0, 1e-06, 1e-05, 0.0001, 0.001, 0.01, 0.1, 1.0, 10.0)
2026-08-14 23:57:13,794 INFO [__main__] baseline selection done
2026-08-14 23:57:13,817 INFO [__main__] experiment done seconds=3.46
2026-08-14 23:57:13,817 INFO [__main__] ========================================================================
2026-08-14T23:57:14+02:00 baselines done configuration=1/12 dataset=Electricity model=chronos2 formula=full_convex_shared lags=168 horizon=24 retrieval=raw_euclidean_3_online
2026-08-14 23:57:16,509 INFO [__main__] extraction validation directory=/home/h61084/codes/adapts/outputs/extraction/Electricity/336_48/chronos2/raw/euclidean/3/online/run_1 status=complete

2026-08-14T23:57:17+02:00 baselines start configuration=2/12 dataset=Electricity model=chronos2 formula=full_ridge_shared lags=336 horizon=48 retrieval=raw_euclidean_3_online run=/home/h61084/codes/adapts/outputs/adaptation/convex_baselines_ablation/Electricity/336_48/chronos2/full_ridge_shared/raw/euclidean/3/online/run_0 computation_signature=f9ea6c99589da99c0d7d971cc4f63868fc45f107c5ce2bb70e14f646f1b4891a l2_grid=0,1e-6,1e-5,1e-4,1e-3,1e-2,1e-1,1,10 validation_fraction=0.2 fit_baselines_on_eval=false seed=1
2026-08-14 23:57:19,423 INFO [__main__] ========================================================================
2026-08-14 23:57:19,423 INFO [__main__] selected methods=('full_ridge_shared',)
2026-08-14 23:57:22,484 INFO [__main__] baseline selection start l2_grid=(0.0, 1e-06, 1e-05, 0.0001, 0.001, 0.01, 0.1, 1.0, 10.0)
2026-08-14 23:57:24,293 INFO [__main__] baseline selection done
2026-08-14 23:57:24,316 INFO [__main__] experiment done seconds=4.89
2026-08-14 23:57:24,316 INFO [__main__] ========================================================================
2026-08-14T23:57:24+02:00 baselines done configuration=2/12 dataset=Electricity model=chronos2 formula=full_ridge_shared lags=336 horizon=48 retrieval=raw_euclidean_3_online

2026-08-14T23:57:25+02:00 baselines start configuration=2/12 dataset=Electricity model=chronos2 formula=full_convex_shared lags=336 horizon=48 retrieval=raw_euclidean_3_online run=/home/h61084/codes/adapts/outputs/adaptation/convex_baselines_ablation/Electricity/336_48/chronos2/full_convex_shared/raw/euclidean/3/online/run_0 computation_signature=a9ca5d0929dbbd190246a52786c5577a517b9ef9c5ed1d7cb9df32e08c25a3c3 l2_grid=0,1e-6,1e-5,1e-4,1e-3,1e-2,1e-1,1,10 validation_fraction=0.2 fit_baselines_on_eval=false seed=1
2026-08-14 23:57:27,262 INFO [__main__] ========================================================================
2026-08-14 23:57:27,262 INFO [__main__] selected methods=('full_convex_shared',)
2026-08-14 23:57:30,288 INFO [__main__] baseline selection start l2_grid=(0.0, 1e-06, 1e-05, 0.0001, 0.001, 0.01, 0.1, 1.0, 10.0)
2026-08-14 23:57:31,297 INFO [__main__] baseline selection done
2026-08-14 23:57:31,319 INFO [__main__] experiment done seconds=4.05
2026-08-14 23:57:31,319 INFO [__main__] ========================================================================
2026-08-14T23:57:31+02:00 baselines done configuration=2/12 dataset=Electricity model=chronos2 formula=full_convex_shared lags=336 horizon=48 retrieval=raw_euclidean_3_online
2026-08-14 23:57:33,989 INFO [__main__] extraction validation directory=/home/h61084/codes/adapts/outputs/extraction/Electricity/504_168/chronos2/raw/euclidean/3/online/run_2 status=complete

2026-08-14T23:57:34+02:00 baselines start configuration=3/12 dataset=Electricity model=chronos2 formula=full_ridge_shared lags=504 horizon=168 retrieval=raw_euclidean_3_online run=/home/h61084/codes/adapts/outputs/adaptation/convex_baselines_ablation/Electricity/504_168/chronos2/full_ridge_shared/raw/euclidean/3/online/run_0 computation_signature=d567d03519d119442e9e67b8631d784483e4f2b864ba987d335fbbd2eb8be38e l2_grid=0,1e-6,1e-5,1e-4,1e-3,1e-2,1e-1,1,10 validation_fraction=0.2 fit_baselines_on_eval=false seed=1
2026-08-14 23:57:36,977 INFO [__main__] ========================================================================
2026-08-14 23:57:36,978 INFO [__main__] selected methods=('full_ridge_shared',)
2026-08-14 23:57:41,281 INFO [__main__] baseline selection start l2_grid=(0.0, 1e-06, 1e-05, 0.0001, 0.001, 0.01, 0.1, 1.0, 10.0)
2026-08-14 23:57:46,204 INFO [__main__] baseline selection done
2026-08-14 23:57:46,231 INFO [__main__] experiment done seconds=9.25
2026-08-14 23:57:46,231 INFO [__main__] ========================================================================
2026-08-14T23:57:46+02:00 baselines done configuration=3/12 dataset=Electricity model=chronos2 formula=full_ridge_shared lags=504 horizon=168 retrieval=raw_euclidean_3_online

2026-08-14T23:57:46+02:00 baselines start configuration=3/12 dataset=Electricity model=chronos2 formula=full_convex_shared lags=504 horizon=168 retrieval=raw_euclidean_3_online run=/home/h61084/codes/adapts/outputs/adaptation/convex_baselines_ablation/Electricity/504_168/chronos2/full_convex_shared/raw/euclidean/3/online/run_0 computation_signature=137ec226539f6cb8b1bbe49bb69f43cd6d3e8db3c8743264ad7b2ab4ceab785f l2_grid=0,1e-6,1e-5,1e-4,1e-3,1e-2,1e-1,1,10 validation_fraction=0.2 fit_baselines_on_eval=false seed=1
2026-08-14 23:57:49,295 INFO [__main__] ========================================================================
2026-08-14 23:57:49,295 INFO [__main__] selected methods=('full_convex_shared',)
2026-08-14 23:57:53,482 INFO [__main__] baseline selection start l2_grid=(0.0, 1e-06, 1e-05, 0.0001, 0.001, 0.01, 0.1, 1.0, 10.0)
2026-08-14 23:57:56,679 INFO [__main__] baseline selection done
2026-08-14 23:57:56,703 INFO [__main__] experiment done seconds=7.40
2026-08-14 23:57:56,703 INFO [__main__] ========================================================================
2026-08-14T23:57:57+02:00 baselines done configuration=3/12 dataset=Electricity model=chronos2 formula=full_convex_shared lags=504 horizon=168 retrieval=raw_euclidean_3_online
2026-08-14 23:57:59,538 INFO [__main__] extraction validation directory=/home/h61084/codes/adapts/outputs/extraction/Traffic/168_24/chronos2/raw/euclidean/3/online/run_1 status=complete

2026-08-14T23:58:00+02:00 baselines start configuration=4/12 dataset=Traffic model=chronos2 formula=full_ridge_shared lags=168 horizon=24 retrieval=raw_euclidean_3_online run=/home/h61084/codes/adapts/outputs/adaptation/convex_baselines_ablation/Traffic/168_24/chronos2/full_ridge_shared/raw/euclidean/3/online/run_0 computation_signature=d92b33538b46fa83dedb03df4df6b2bdb32b929a99a46b136ca8f5b7a59b893a l2_grid=0,1e-6,1e-5,1e-4,1e-3,1e-2,1e-1,1,10 validation_fraction=0.2 fit_baselines_on_eval=false seed=1
2026-08-14 23:58:02,530 INFO [__main__] ========================================================================
2026-08-14 23:58:02,530 INFO [__main__] selected methods=('full_ridge_shared',)
2026-08-14 23:58:05,880 INFO [__main__] baseline selection start l2_grid=(0.0, 1e-06, 1e-05, 0.0001, 0.001, 0.01, 0.1, 1.0, 10.0)
2026-08-14 23:58:07,652 INFO [__main__] baseline selection done
2026-08-14 23:58:07,675 INFO [__main__] experiment done seconds=5.14
2026-08-14 23:58:07,675 INFO [__main__] ========================================================================
2026-08-14T23:58:08+02:00 baselines done configuration=4/12 dataset=Traffic model=chronos2 formula=full_ridge_shared lags=168 horizon=24 retrieval=raw_euclidean_3_online

2026-08-14T23:58:08+02:00 baselines start configuration=4/12 dataset=Traffic model=chronos2 formula=full_convex_shared lags=168 horizon=24 retrieval=raw_euclidean_3_online run=/home/h61084/codes/adapts/outputs/adaptation/convex_baselines_ablation/Traffic/168_24/chronos2/full_convex_shared/raw/euclidean/3/online/run_0 computation_signature=ae76fb85bc6fa72a57b04066c3de3e925832b17c864611c14811a1cf6d2caba4 l2_grid=0,1e-6,1e-5,1e-4,1e-3,1e-2,1e-1,1,10 validation_fraction=0.2 fit_baselines_on_eval=false seed=1
2026-08-14 23:58:10,644 INFO [__main__] ========================================================================
2026-08-14 23:58:10,644 INFO [__main__] selected methods=('full_convex_shared',)
2026-08-14 23:58:13,915 INFO [__main__] baseline selection start l2_grid=(0.0, 1e-06, 1e-05, 0.0001, 0.001, 0.01, 0.1, 1.0, 10.0)
2026-08-14 23:58:14,861 INFO [__main__] baseline selection done
2026-08-14 23:58:14,886 INFO [__main__] experiment done seconds=4.24
2026-08-14 23:58:14,886 INFO [__main__] ========================================================================
2026-08-14T23:58:15+02:00 baselines done configuration=4/12 dataset=Traffic model=chronos2 formula=full_convex_shared lags=168 horizon=24 retrieval=raw_euclidean_3_online
2026-08-14 23:58:17,480 INFO [__main__] extraction validation directory=/home/h61084/codes/adapts/outputs/extraction/Traffic/336_48/chronos2/raw/euclidean/3/online/run_1 status=complete

2026-08-14T23:58:18+02:00 baselines start configuration=5/12 dataset=Traffic model=chronos2 formula=full_ridge_shared lags=336 horizon=48 retrieval=raw_euclidean_3_online run=/home/h61084/codes/adapts/outputs/adaptation/convex_baselines_ablation/Traffic/336_48/chronos2/full_ridge_shared/raw/euclidean/3/online/run_0 computation_signature=83c5f6f00111c4d9a813cc1bc68e6bf276590d55c722105a578328d23b4ef186 l2_grid=0,1e-6,1e-5,1e-4,1e-3,1e-2,1e-1,1,10 validation_fraction=0.2 fit_baselines_on_eval=false seed=1
2026-08-14 23:58:20,278 INFO [__main__] ========================================================================
2026-08-14 23:58:20,278 INFO [__main__] selected methods=('full_ridge_shared',)
2026-08-14 23:58:24,417 INFO [__main__] baseline selection start l2_grid=(0.0, 1e-06, 1e-05, 0.0001, 0.001, 0.01, 0.1, 1.0, 10.0)
2026-08-14 23:58:26,722 INFO [__main__] baseline selection done
2026-08-14 23:58:26,749 INFO [__main__] experiment done seconds=6.47
2026-08-14 23:58:26,749 INFO [__main__] ========================================================================
2026-08-14T23:58:27+02:00 baselines done configuration=5/12 dataset=Traffic model=chronos2 formula=full_ridge_shared lags=336 horizon=48 retrieval=raw_euclidean_3_online

2026-08-14T23:58:27+02:00 baselines start configuration=5/12 dataset=Traffic model=chronos2 formula=full_convex_shared lags=336 horizon=48 retrieval=raw_euclidean_3_online run=/home/h61084/codes/adapts/outputs/adaptation/convex_baselines_ablation/Traffic/336_48/chronos2/full_convex_shared/raw/euclidean/3/online/run_0 computation_signature=a43bf7bd216c6313f628083aa25382c180c26a2a3f484d92cc9e3173458ef6c5 l2_grid=0,1e-6,1e-5,1e-4,1e-3,1e-2,1e-1,1,10 validation_fraction=0.2 fit_baselines_on_eval=false seed=1
2026-08-14 23:58:29,781 INFO [__main__] ========================================================================
2026-08-14 23:58:29,782 INFO [__main__] selected methods=('full_convex_shared',)
2026-08-14 23:58:33,964 INFO [__main__] baseline selection start l2_grid=(0.0, 1e-06, 1e-05, 0.0001, 0.001, 0.01, 0.1, 1.0, 10.0)
2026-08-14 23:58:35,720 INFO [__main__] baseline selection done
2026-08-14 23:58:35,742 INFO [__main__] experiment done seconds=5.96
2026-08-14 23:58:35,742 INFO [__main__] ========================================================================
2026-08-14T23:58:36+02:00 baselines done configuration=5/12 dataset=Traffic model=chronos2 formula=full_convex_shared lags=336 horizon=48 retrieval=raw_euclidean_3_online
2026-08-14 23:58:38,979 INFO [__main__] extraction validation directory=/home/h61084/codes/adapts/outputs/extraction/Traffic/504_168/chronos2/raw/euclidean/3/online/run_1 status=complete

2026-08-14T23:58:39+02:00 baselines start configuration=6/12 dataset=Traffic model=chronos2 formula=full_ridge_shared lags=504 horizon=168 retrieval=raw_euclidean_3_online run=/home/h61084/codes/adapts/outputs/adaptation/convex_baselines_ablation/Traffic/504_168/chronos2/full_ridge_shared/raw/euclidean/3/online/run_0 computation_signature=6f7d5c7c4ed6c566ee933715fc05908f8d7b9b70af29e00c585a286999bb61a0 l2_grid=0,1e-6,1e-5,1e-4,1e-3,1e-2,1e-1,1,10 validation_fraction=0.2 fit_baselines_on_eval=false seed=1
2026-08-14 23:58:42,067 INFO [__main__] ========================================================================
2026-08-14 23:58:42,067 INFO [__main__] selected methods=('full_ridge_shared',)
2026-08-14 23:58:48,920 INFO [__main__] baseline selection start l2_grid=(0.0, 1e-06, 1e-05, 0.0001, 0.001, 0.01, 0.1, 1.0, 10.0)
2026-08-14 23:58:56,862 INFO [__main__] baseline selection done
2026-08-14 23:58:56,892 INFO [__main__] experiment done seconds=14.82
2026-08-14 23:58:56,892 INFO [__main__] ========================================================================
2026-08-14T23:58:57+02:00 baselines done configuration=6/12 dataset=Traffic model=chronos2 formula=full_ridge_shared lags=504 horizon=168 retrieval=raw_euclidean_3_online

2026-08-14T23:58:57+02:00 baselines start configuration=6/12 dataset=Traffic model=chronos2 formula=full_convex_shared lags=504 horizon=168 retrieval=raw_euclidean_3_online run=/home/h61084/codes/adapts/outputs/adaptation/convex_baselines_ablation/Traffic/504_168/chronos2/full_convex_shared/raw/euclidean/3/online/run_0 computation_signature=e066795f2a5b325e0ef12287e2b263dd094ea203f20fb5223c8ebdc6a3430f7c l2_grid=0,1e-6,1e-5,1e-4,1e-3,1e-2,1e-1,1,10 validation_fraction=0.2 fit_baselines_on_eval=false seed=1
2026-08-14 23:59:00,427 INFO [__main__] ========================================================================
2026-08-14 23:59:00,427 INFO [__main__] selected methods=('full_convex_shared',)
2026-08-14 23:59:06,374 INFO [__main__] baseline selection start l2_grid=(0.0, 1e-06, 1e-05, 0.0001, 0.001, 0.01, 0.1, 1.0, 10.0)
2026-08-14 23:59:12,622 INFO [__main__] baseline selection done
2026-08-14 23:59:12,648 INFO [__main__] experiment done seconds=12.22
2026-08-14 23:59:12,649 INFO [__main__] ========================================================================
2026-08-14T23:59:13+02:00 baselines done configuration=6/12 dataset=Traffic model=chronos2 formula=full_convex_shared lags=504 horizon=168 retrieval=raw_euclidean_3_online
2026-08-14 23:59:15,302 INFO [__main__] extraction validation directory=/home/h61084/codes/adapts/outputs/extraction/Solar/168_24/chronos2/raw/euclidean/3/online/run_1 status=complete

2026-08-14T23:59:15+02:00 baselines start configuration=7/12 dataset=Solar model=chronos2 formula=full_ridge_shared lags=168 horizon=24 retrieval=raw_euclidean_3_online run=/home/h61084/codes/adapts/outputs/adaptation/convex_baselines_ablation/Solar/168_24/chronos2/full_ridge_shared/raw/euclidean/3/online/run_0 computation_signature=1560f77d27a1fde81aa11a64ff40dac09b3fc995b86304315644de61af16bbb2 l2_grid=0,1e-6,1e-5,1e-4,1e-3,1e-2,1e-1,1,10 validation_fraction=0.2 fit_baselines_on_eval=false seed=1
2026-08-14 23:59:18,320 INFO [__main__] ========================================================================
2026-08-14 23:59:18,320 INFO [__main__] selected methods=('full_ridge_shared',)
2026-08-14 23:59:20,117 INFO [__main__] baseline selection start l2_grid=(0.0, 1e-06, 1e-05, 0.0001, 0.001, 0.01, 0.1, 1.0, 10.0)
2026-08-14 23:59:20,403 INFO [__main__] baseline selection done
2026-08-14 23:59:20,427 INFO [__main__] experiment done seconds=2.10
2026-08-14 23:59:20,427 INFO [__main__] ========================================================================
2026-08-14T23:59:20+02:00 baselines done configuration=7/12 dataset=Solar model=chronos2 formula=full_ridge_shared lags=168 horizon=24 retrieval=raw_euclidean_3_online

2026-08-14T23:59:21+02:00 baselines start configuration=7/12 dataset=Solar model=chronos2 formula=full_convex_shared lags=168 horizon=24 retrieval=raw_euclidean_3_online run=/home/h61084/codes/adapts/outputs/adaptation/convex_baselines_ablation/Solar/168_24/chronos2/full_convex_shared/raw/euclidean/3/online/run_0 computation_signature=4b1a3e052d7df2360e78ab7b41c5ce5234817c7d9a8f63ecc8d32955bb92e8b7 l2_grid=0,1e-6,1e-5,1e-4,1e-3,1e-2,1e-1,1,10 validation_fraction=0.2 fit_baselines_on_eval=false seed=1
2026-08-14 23:59:23,334 INFO [__main__] ========================================================================
2026-08-14 23:59:23,334 INFO [__main__] selected methods=('full_convex_shared',)
2026-08-14 23:59:24,967 INFO [__main__] baseline selection start l2_grid=(0.0, 1e-06, 1e-05, 0.0001, 0.001, 0.01, 0.1, 1.0, 10.0)
2026-08-14 23:59:25,209 INFO [__main__] baseline selection done
2026-08-14 23:59:25,232 INFO [__main__] experiment done seconds=1.89
2026-08-14 23:59:25,232 INFO [__main__] ========================================================================
2026-08-14T23:59:25+02:00 baselines done configuration=7/12 dataset=Solar model=chronos2 formula=full_convex_shared lags=168 horizon=24 retrieval=raw_euclidean_3_online
2026-08-14 23:59:27,835 INFO [__main__] extraction validation directory=/home/h61084/codes/adapts/outputs/extraction/Solar/336_48/chronos2/raw/euclidean/3/online/run_1 status=complete

2026-08-14T23:59:28+02:00 baselines start configuration=8/12 dataset=Solar model=chronos2 formula=full_ridge_shared lags=336 horizon=48 retrieval=raw_euclidean_3_online run=/home/h61084/codes/adapts/outputs/adaptation/convex_baselines_ablation/Solar/336_48/chronos2/full_ridge_shared/raw/euclidean/3/online/run_0 computation_signature=456593c7d69f7920224357631e9f5af32e84fef540a096d34e36ff017df11523 l2_grid=0,1e-6,1e-5,1e-4,1e-3,1e-2,1e-1,1,10 validation_fraction=0.2 fit_baselines_on_eval=false seed=1
2026-08-14 23:59:30,886 INFO [__main__] ========================================================================
2026-08-14 23:59:30,886 INFO [__main__] selected methods=('full_ridge_shared',)
2026-08-14 23:59:32,883 INFO [__main__] baseline selection start l2_grid=(0.0, 1e-06, 1e-05, 0.0001, 0.001, 0.01, 0.1, 1.0, 10.0)
2026-08-14 23:59:33,308 INFO [__main__] baseline selection done
2026-08-14 23:59:33,331 INFO [__main__] experiment done seconds=2.44
2026-08-14 23:59:33,331 INFO [__main__] ========================================================================
2026-08-14T23:59:33+02:00 baselines done configuration=8/12 dataset=Solar model=chronos2 formula=full_ridge_shared lags=336 horizon=48 retrieval=raw_euclidean_3_online

2026-08-14T23:59:33+02:00 baselines start configuration=8/12 dataset=Solar model=chronos2 formula=full_convex_shared lags=336 horizon=48 retrieval=raw_euclidean_3_online run=/home/h61084/codes/adapts/outputs/adaptation/convex_baselines_ablation/Solar/336_48/chronos2/full_convex_shared/raw/euclidean/3/online/run_0 computation_signature=c6285aae0a58d16aafa44377f4022a81b24f0446c93beee63c0fc22313e0d067 l2_grid=0,1e-6,1e-5,1e-4,1e-3,1e-2,1e-1,1,10 validation_fraction=0.2 fit_baselines_on_eval=false seed=1
2026-08-14 23:59:36,527 INFO [__main__] ========================================================================
2026-08-14 23:59:36,527 INFO [__main__] selected methods=('full_convex_shared',)
2026-08-14 23:59:38,516 INFO [__main__] baseline selection start l2_grid=(0.0, 1e-06, 1e-05, 0.0001, 0.001, 0.01, 0.1, 1.0, 10.0)
2026-08-14 23:59:38,835 INFO [__main__] baseline selection done
2026-08-14 23:59:38,858 INFO [__main__] experiment done seconds=2.33
2026-08-14 23:59:38,858 INFO [__main__] ========================================================================
2026-08-14T23:59:39+02:00 baselines done configuration=8/12 dataset=Solar model=chronos2 formula=full_convex_shared lags=336 horizon=48 retrieval=raw_euclidean_3_online
2026-08-14 23:59:41,765 INFO [__main__] extraction validation directory=/home/h61084/codes/adapts/outputs/extraction/Solar/504_168/chronos2/raw/euclidean/3/online/run_1 status=complete

2026-08-14T23:59:42+02:00 baselines start configuration=9/12 dataset=Solar model=chronos2 formula=full_ridge_shared lags=504 horizon=168 retrieval=raw_euclidean_3_online run=/home/h61084/codes/adapts/outputs/adaptation/convex_baselines_ablation/Solar/504_168/chronos2/full_ridge_shared/raw/euclidean/3/online/run_0 computation_signature=bf3e2a8b80809de9df9aea12585c4ca1d2f6a599f8a10e89aac8c723563f8fbe l2_grid=0,1e-6,1e-5,1e-4,1e-3,1e-2,1e-1,1,10 validation_fraction=0.2 fit_baselines_on_eval=false seed=1
2026-08-14 23:59:44,479 INFO [__main__] ========================================================================
2026-08-14 23:59:44,479 INFO [__main__] selected methods=('full_ridge_shared',)
2026-08-14 23:59:46,546 INFO [__main__] baseline selection start l2_grid=(0.0, 1e-06, 1e-05, 0.0001, 0.001, 0.01, 0.1, 1.0, 10.0)
2026-08-14 23:59:47,362 INFO [__main__] baseline selection done
2026-08-14 23:59:47,387 INFO [__main__] experiment done seconds=2.90
2026-08-14 23:59:47,387 INFO [__main__] ========================================================================
2026-08-14T23:59:47+02:00 baselines done configuration=9/12 dataset=Solar model=chronos2 formula=full_ridge_shared lags=504 horizon=168 retrieval=raw_euclidean_3_online

2026-08-14T23:59:48+02:00 baselines start configuration=9/12 dataset=Solar model=chronos2 formula=full_convex_shared lags=504 horizon=168 retrieval=raw_euclidean_3_online run=/home/h61084/codes/adapts/outputs/adaptation/convex_baselines_ablation/Solar/504_168/chronos2/full_convex_shared/raw/euclidean/3/online/run_0 computation_signature=dd933ba391b0a28e3424082500ff4537f31c67769cfbd13141169f83de1b5d70 l2_grid=0,1e-6,1e-5,1e-4,1e-3,1e-2,1e-1,1,10 validation_fraction=0.2 fit_baselines_on_eval=false seed=1
2026-08-14 23:59:50,539 INFO [__main__] ========================================================================
2026-08-14 23:59:50,540 INFO [__main__] selected methods=('full_convex_shared',)
2026-08-14 23:59:52,535 INFO [__main__] baseline selection start l2_grid=(0.0, 1e-06, 1e-05, 0.0001, 0.001, 0.01, 0.1, 1.0, 10.0)
2026-08-14 23:59:53,388 INFO [__main__] baseline selection done
2026-08-14 23:59:53,410 INFO [__main__] experiment done seconds=2.87
2026-08-14 23:59:53,410 INFO [__main__] ========================================================================
2026-08-14T23:59:53+02:00 baselines done configuration=9/12 dataset=Solar model=chronos2 formula=full_convex_shared lags=504 horizon=168 retrieval=raw_euclidean_3_online
2026-08-14 23:59:56,036 INFO [__main__] extraction validation directory=/home/h61084/codes/adapts/outputs/extraction/exchange_rate/168_24/chronos2/raw/euclidean/3/online/run_1 status=complete

2026-08-14T23:59:56+02:00 baselines start configuration=10/12 dataset=exchange_rate model=chronos2 formula=full_ridge_shared lags=168 horizon=24 retrieval=raw_euclidean_3_online run=/home/h61084/codes/adapts/outputs/adaptation/convex_baselines_ablation/exchange_rate/168_24/chronos2/full_ridge_shared/raw/euclidean/3/online/run_0 computation_signature=dd1a3b3b4892a40e29dcba12e5697508443e2f559de41b599d881dbb4afcf3f8 l2_grid=0,1e-6,1e-5,1e-4,1e-3,1e-2,1e-1,1,10 validation_fraction=0.2 fit_baselines_on_eval=false seed=1
2026-08-14 23:59:59,064 INFO [__main__] ========================================================================
2026-08-14 23:59:59,064 INFO [__main__] selected methods=('full_ridge_shared',)
2026-08-15 00:00:00,636 INFO [__main__] baseline selection start l2_grid=(0.0, 1e-06, 1e-05, 0.0001, 0.001, 0.01, 0.1, 1.0, 10.0)
2026-08-15 00:00:00,757 INFO [__main__] baseline selection done
2026-08-15 00:00:00,782 INFO [__main__] experiment done seconds=1.71
2026-08-15 00:00:00,782 INFO [__main__] ========================================================================
2026-08-15T00:00:01+02:00 baselines done configuration=10/12 dataset=exchange_rate model=chronos2 formula=full_ridge_shared lags=168 horizon=24 retrieval=raw_euclidean_3_online

2026-08-15T00:00:01+02:00 baselines start configuration=10/12 dataset=exchange_rate model=chronos2 formula=full_convex_shared lags=168 horizon=24 retrieval=raw_euclidean_3_online run=/home/h61084/codes/adapts/outputs/adaptation/convex_baselines_ablation/exchange_rate/168_24/chronos2/full_convex_shared/raw/euclidean/3/online/run_0 computation_signature=31c6b89f4d723a2266e6b368b73c522c3d5066e603d655e2df8802fff59300ee l2_grid=0,1e-6,1e-5,1e-4,1e-3,1e-2,1e-1,1,10 validation_fraction=0.2 fit_baselines_on_eval=false seed=1
2026-08-15 00:00:04,097 INFO [__main__] ========================================================================
2026-08-15 00:00:04,098 INFO [__main__] selected methods=('full_convex_shared',)
2026-08-15 00:00:05,636 INFO [__main__] baseline selection start l2_grid=(0.0, 1e-06, 1e-05, 0.0001, 0.001, 0.01, 0.1, 1.0, 10.0)
2026-08-15 00:00:05,747 INFO [__main__] baseline selection done
2026-08-15 00:00:05,770 INFO [__main__] experiment done seconds=1.67
2026-08-15 00:00:05,770 INFO [__main__] ========================================================================
2026-08-15T00:00:06+02:00 baselines done configuration=10/12 dataset=exchange_rate model=chronos2 formula=full_convex_shared lags=168 horizon=24 retrieval=raw_euclidean_3_online
2026-08-15 00:00:08,310 INFO [__main__] extraction validation directory=/home/h61084/codes/adapts/outputs/extraction/exchange_rate/336_48/chronos2/raw/euclidean/3/online/run_1 status=complete

2026-08-15T00:00:08+02:00 baselines start configuration=11/12 dataset=exchange_rate model=chronos2 formula=full_ridge_shared lags=336 horizon=48 retrieval=raw_euclidean_3_online run=/home/h61084/codes/adapts/outputs/adaptation/convex_baselines_ablation/exchange_rate/336_48/chronos2/full_ridge_shared/raw/euclidean/3/online/run_0 computation_signature=68c9bb1dc7a742a2f43062d04fcdbdd8baaf1aa4a14408da721b055e7b5c6860 l2_grid=0,1e-6,1e-5,1e-4,1e-3,1e-2,1e-1,1,10 validation_fraction=0.2 fit_baselines_on_eval=false seed=1
2026-08-15 00:00:11,148 INFO [__main__] ========================================================================
2026-08-15 00:00:11,148 INFO [__main__] selected methods=('full_ridge_shared',)
2026-08-15 00:00:12,586 INFO [__main__] baseline selection start l2_grid=(0.0, 1e-06, 1e-05, 0.0001, 0.001, 0.01, 0.1, 1.0, 10.0)
2026-08-15 00:00:12,743 INFO [__main__] baseline selection done
2026-08-15 00:00:12,771 INFO [__main__] experiment done seconds=1.62
2026-08-15 00:00:12,772 INFO [__main__] ========================================================================
2026-08-15T00:00:13+02:00 baselines done configuration=11/12 dataset=exchange_rate model=chronos2 formula=full_ridge_shared lags=336 horizon=48 retrieval=raw_euclidean_3_online

2026-08-15T00:00:13+02:00 baselines start configuration=11/12 dataset=exchange_rate model=chronos2 formula=full_convex_shared lags=336 horizon=48 retrieval=raw_euclidean_3_online run=/home/h61084/codes/adapts/outputs/adaptation/convex_baselines_ablation/exchange_rate/336_48/chronos2/full_convex_shared/raw/euclidean/3/online/run_0 computation_signature=3dbc70f3565e44793d47ac944484bb54d7710b0974fa52ba8634e1f677e07a9f l2_grid=0,1e-6,1e-5,1e-4,1e-3,1e-2,1e-1,1,10 validation_fraction=0.2 fit_baselines_on_eval=false seed=1
2026-08-15 00:00:15,657 INFO [__main__] ========================================================================
2026-08-15 00:00:15,658 INFO [__main__] selected methods=('full_convex_shared',)
2026-08-15 00:00:17,139 INFO [__main__] baseline selection start l2_grid=(0.0, 1e-06, 1e-05, 0.0001, 0.001, 0.01, 0.1, 1.0, 10.0)
2026-08-15 00:00:17,284 INFO [__main__] baseline selection done
2026-08-15 00:00:17,307 INFO [__main__] experiment done seconds=1.65
2026-08-15 00:00:17,307 INFO [__main__] ========================================================================
2026-08-15T00:00:17+02:00 baselines done configuration=11/12 dataset=exchange_rate model=chronos2 formula=full_convex_shared lags=336 horizon=48 retrieval=raw_euclidean_3_online
2026-08-15 00:00:20,376 INFO [__main__] extraction validation directory=/home/h61084/codes/adapts/outputs/extraction/exchange_rate/504_168/chronos2/raw/euclidean/3/online/run_1 status=complete

2026-08-15T00:00:20+02:00 baselines start configuration=12/12 dataset=exchange_rate model=chronos2 formula=full_ridge_shared lags=504 horizon=168 retrieval=raw_euclidean_3_online run=/home/h61084/codes/adapts/outputs/adaptation/convex_baselines_ablation/exchange_rate/504_168/chronos2/full_ridge_shared/raw/euclidean/3/online/run_0 computation_signature=144f29b76ef70d8777eb50d92ea37d1f8e052d1e38dcba7cbfc24848c7c337da l2_grid=0,1e-6,1e-5,1e-4,1e-3,1e-2,1e-1,1,10 validation_fraction=0.2 fit_baselines_on_eval=false seed=1
2026-08-15 00:00:23,612 INFO [__main__] ========================================================================
2026-08-15 00:00:23,612 INFO [__main__] selected methods=('full_ridge_shared',)
2026-08-15 00:00:25,378 INFO [__main__] baseline selection start l2_grid=(0.0, 1e-06, 1e-05, 0.0001, 0.001, 0.01, 0.1, 1.0, 10.0)
2026-08-15 00:00:25,601 INFO [__main__] baseline selection done
2026-08-15 00:00:25,625 INFO [__main__] experiment done seconds=2.01
2026-08-15 00:00:25,625 INFO [__main__] ========================================================================
2026-08-15T00:00:26+02:00 baselines done configuration=12/12 dataset=exchange_rate model=chronos2 formula=full_ridge_shared lags=504 horizon=168 retrieval=raw_euclidean_3_online

2026-08-15T00:00:26+02:00 baselines start configuration=12/12 dataset=exchange_rate model=chronos2 formula=full_convex_shared lags=504 horizon=168 retrieval=raw_euclidean_3_online run=/home/h61084/codes/adapts/outputs/adaptation/convex_baselines_ablation/exchange_rate/504_168/chronos2/full_convex_shared/raw/euclidean/3/online/run_0 computation_signature=53bccc11cca000a74c98efc99a3177a05db5e7ddd48c17e3864b8f2614344185 l2_grid=0,1e-6,1e-5,1e-4,1e-3,1e-2,1e-1,1,10 validation_fraction=0.2 fit_baselines_on_eval=false seed=1
2026-08-15 00:00:28,599 INFO [__main__] ========================================================================
2026-08-15 00:00:28,599 INFO [__main__] selected methods=('full_convex_shared',)
2026-08-15 00:00:30,375 INFO [__main__] baseline selection start l2_grid=(0.0, 1e-06, 1e-05, 0.0001, 0.001, 0.01, 0.1, 1.0, 10.0)
2026-08-15 00:00:30,664 INFO [__main__] baseline selection done
2026-08-15 00:00:30,690 INFO [__main__] experiment done seconds=2.09
2026-08-15 00:00:30,691 INFO [__main__] ========================================================================
2026-08-15T00:00:31+02:00 baselines done configuration=12/12 dataset=exchange_rate model=chronos2 formula=full_convex_shared lags=504 horizon=168 retrieval=raw_euclidean_3_online

2026-08-15T00:00:31+02:00 job done kind=baselines output=outputs/adaptation/convex_baselines_ablation

2026-08-15T00:00:31+02:00 job start kind=adaptation_tables experiment_mode=full datasets=Electricity,Traffic,Solar,exchange_rate models=chronos2 settings=168_24,336_48,504_168 families=baselines metric=nmse distance_metrics=euclidean methods=full_ridge_shared,full_convex_shared,cov_y_ridge_shared,cov_y_convex_shared,cov_avgy_ridge_shared,cov_avgy_convex_shared table_kinds=full,average results_root=outputs/adaptation/convex_baselines_ablation

2026-08-15T00:00:31+02:00 table start model=chronos2 kind=full metric=nmse split=eval decimals=2 output=/home/h61084/codes/adapts/outputs/reports/convex_baselines_ablation/full/chronos2/full
LaTeX table written to /home/h61084/codes/adapts/outputs/reports/convex_baselines_ablation/full/chronos2/full/baselines_results.tex
2026-08-15T00:00:39+02:00 table done model=chronos2 kind=full output=/home/h61084/codes/adapts/outputs/reports/convex_baselines_ablation/full/chronos2/full

2026-08-15T00:00:39+02:00 table start model=chronos2 kind=average metric=nmse split=eval decimals=2 output=/home/h61084/codes/adapts/outputs/reports/convex_baselines_ablation/full/chronos2/average
LaTeX table written to /home/h61084/codes/adapts/outputs/reports/convex_baselines_ablation/full/chronos2/average/baselines_results.tex
LaTeX table written to /home/h61084/codes/adapts/outputs/reports/convex_baselines_ablation/full/chronos2/average/positive_windows_results.tex
2026-08-15T00:00:45+02:00 table done model=chronos2 kind=average output=/home/h61084/codes/adapts/outputs/reports/convex_baselines_ablation/full/chronos2/average

2026-08-15T00:00:45+02:00 baseline coefficient plots start model=chronos2 output=/home/h61084/codes/adapts/outputs/reports/convex_baselines_ablation/full/chronos2/coefficients
Baseline coefficient outputs written: 240
Coefficient index written to /home/h61084/codes/adapts/outputs/reports/convex_baselines_ablation/full/chronos2/coefficients/coefficient_index.csv
2026-08-15T00:01:04+02:00 baseline coefficient plots done model=chronos2 output=/home/h61084/codes/adapts/outputs/reports/convex_baselines_ablation/full/chronos2/coefficients

2026-08-15T00:01:04+02:00 job done kind=adaptation_tables output=/home/h61084/codes/adapts/outputs/reports/convex_baselines_ablation/full
