
2026-08-15T00:01:27+02:00 job start kind=adaptation_extraction family=delta_baselines_ablation experiment_mode=full skip_complete=true tasks=24 datasets=Electricity,Traffic,Solar,exchange_rate models=chronos2 settings=168:24,336:48,504:168 distance_spaces=instance distance_metrics=euclidean neighbors=3
2026-08-15T00:01:27+02:00 skip complete family=extraction dataset=Electricity model=chronos2 lags=168 horizon=24 retrieval=vanilla run=/home/h61084/codes/adapts/outputs/extraction/Electricity/168_24/chronos2/none/none/0/none/run_1
2026-08-15T00:01:27+02:00 skip complete family=extraction dataset=Electricity model=chronos2 lags=168 horizon=24 retrieval=instance_euclidean_3_online run=/home/h61084/codes/adapts/outputs/extraction/Electricity/168_24/chronos2/instance/euclidean/3/online/run_1
2026-08-15T00:01:27+02:00 skip complete family=extraction dataset=Electricity model=chronos2 lags=336 horizon=48 retrieval=vanilla run=/home/h61084/codes/adapts/outputs/extraction/Electricity/336_48/chronos2/none/none/0/none/run_1
2026-08-15T00:01:27+02:00 skip complete family=extraction dataset=Electricity model=chronos2 lags=336 horizon=48 retrieval=instance_euclidean_3_online run=/home/h61084/codes/adapts/outputs/extraction/Electricity/336_48/chronos2/instance/euclidean/3/online/run_1
2026-08-15T00:01:27+02:00 skip complete family=extraction dataset=Electricity model=chronos2 lags=504 horizon=168 retrieval=vanilla run=/home/h61084/codes/adapts/outputs/extraction/Electricity/504_168/chronos2/none/none/0/none/run_2
2026-08-15T00:01:27+02:00 skip complete family=extraction dataset=Electricity model=chronos2 lags=504 horizon=168 retrieval=instance_euclidean_3_online run=/home/h61084/codes/adapts/outputs/extraction/Electricity/504_168/chronos2/instance/euclidean/3/online/run_1
2026-08-15T00:01:27+02:00 skip complete family=extraction dataset=Traffic model=chronos2 lags=168 horizon=24 retrieval=vanilla run=/home/h61084/codes/adapts/outputs/extraction/Traffic/168_24/chronos2/none/none/0/none/run_1
2026-08-15T00:01:27+02:00 skip complete family=extraction dataset=Traffic model=chronos2 lags=168 horizon=24 retrieval=instance_euclidean_3_online run=/home/h61084/codes/adapts/outputs/extraction/Traffic/168_24/chronos2/instance/euclidean/3/online/run_1
2026-08-15T00:01:27+02:00 skip complete family=extraction dataset=Traffic model=chronos2 lags=336 horizon=48 retrieval=vanilla run=/home/h61084/codes/adapts/outputs/extraction/Traffic/336_48/chronos2/none/none/0/none/run_1
2026-08-15T00:01:27+02:00 skip complete family=extraction dataset=Traffic model=chronos2 lags=336 horizon=48 retrieval=instance_euclidean_3_online run=/home/h61084/codes/adapts/outputs/extraction/Traffic/336_48/chronos2/instance/euclidean/3/online/run_1
2026-08-15T00:01:27+02:00 skip complete family=extraction dataset=Traffic model=chronos2 lags=504 horizon=168 retrieval=vanilla run=/home/h61084/codes/adapts/outputs/extraction/Traffic/504_168/chronos2/none/none/0/none/run_1
2026-08-15T00:01:27+02:00 skip complete family=extraction dataset=Traffic model=chronos2 lags=504 horizon=168 retrieval=instance_euclidean_3_online run=/home/h61084/codes/adapts/outputs/extraction/Traffic/504_168/chronos2/instance/euclidean/3/online/run_1
2026-08-15T00:01:28+02:00 skip complete family=extraction dataset=Solar model=chronos2 lags=168 horizon=24 retrieval=vanilla run=/home/h61084/codes/adapts/outputs/extraction/Solar/168_24/chronos2/none/none/0/none/run_1
2026-08-15T00:01:28+02:00 skip complete family=extraction dataset=Solar model=chronos2 lags=168 horizon=24 retrieval=instance_euclidean_3_online run=/home/h61084/codes/adapts/outputs/extraction/Solar/168_24/chronos2/instance/euclidean/3/online/run_1
2026-08-15T00:01:28+02:00 skip complete family=extraction dataset=Solar model=chronos2 lags=336 horizon=48 retrieval=vanilla run=/home/h61084/codes/adapts/outputs/extraction/Solar/336_48/chronos2/none/none/0/none/run_1
2026-08-15T00:01:28+02:00 skip complete family=extraction dataset=Solar model=chronos2 lags=336 horizon=48 retrieval=instance_euclidean_3_online run=/home/h61084/codes/adapts/outputs/extraction/Solar/336_48/chronos2/instance/euclidean/3/online/run_1
2026-08-15T00:01:28+02:00 skip complete family=extraction dataset=Solar model=chronos2 lags=504 horizon=168 retrieval=vanilla run=/home/h61084/codes/adapts/outputs/extraction/Solar/504_168/chronos2/none/none/0/none/run_1
2026-08-15T00:01:28+02:00 skip complete family=extraction dataset=Solar model=chronos2 lags=504 horizon=168 retrieval=instance_euclidean_3_online run=/home/h61084/codes/adapts/outputs/extraction/Solar/504_168/chronos2/instance/euclidean/3/online/run_1
2026-08-15T00:01:28+02:00 skip complete family=extraction dataset=exchange_rate model=chronos2 lags=168 horizon=24 retrieval=vanilla run=/home/h61084/codes/adapts/outputs/extraction/exchange_rate/168_24/chronos2/none/none/0/none/run_1
2026-08-15T00:01:28+02:00 skip complete family=extraction dataset=exchange_rate model=chronos2 lags=168 horizon=24 retrieval=instance_euclidean_3_online run=/home/h61084/codes/adapts/outputs/extraction/exchange_rate/168_24/chronos2/instance/euclidean/3/online/run_1
2026-08-15T00:01:28+02:00 skip complete family=extraction dataset=exchange_rate model=chronos2 lags=336 horizon=48 retrieval=vanilla run=/home/h61084/codes/adapts/outputs/extraction/exchange_rate/336_48/chronos2/none/none/0/none/run_1
2026-08-15T00:01:28+02:00 skip complete family=extraction dataset=exchange_rate model=chronos2 lags=336 horizon=48 retrieval=instance_euclidean_3_online run=/home/h61084/codes/adapts/outputs/extraction/exchange_rate/336_48/chronos2/instance/euclidean/3/online/run_1
2026-08-15T00:01:28+02:00 skip complete family=extraction dataset=exchange_rate model=chronos2 lags=504 horizon=168 retrieval=vanilla run=/home/h61084/codes/adapts/outputs/extraction/exchange_rate/504_168/chronos2/none/none/0/none/run_1
2026-08-15T00:01:28+02:00 skip complete family=extraction dataset=exchange_rate model=chronos2 lags=504 horizon=168 retrieval=instance_euclidean_3_online run=/home/h61084/codes/adapts/outputs/extraction/exchange_rate/504_168/chronos2/instance/euclidean/3/online/run_1

2026-08-15T00:01:28+02:00 job done kind=adaptation_extraction output=outputs/extraction

2026-08-15T00:01:28+02:00 job start kind=baselines family=delta_baselines_ablation experiment_mode=full skip_complete=true tasks=12 datasets=Electricity,Traffic,Solar,exchange_rate models=chronos2 settings=168:24,336:48,504:168 distance_spaces=instance distance_metrics=euclidean neighbors=3 methods=full_ridge_shared,full_delta_ridge_shared,cov_y_ridge_shared,cov_y_delta_ridge_shared,cov_avgy_ridge_shared,cov_avgy_delta_ridge_shared results_root=outputs/adaptation/delta_baselines_ablation
2026-08-15 00:01:31,212 INFO [__main__] extraction validation directory=/home/h61084/codes/adapts/outputs/extraction/Electricity/168_24/chronos2/instance/euclidean/3/online/run_1 status=complete

2026-08-15T00:01:31+02:00 baselines start configuration=1/12 dataset=Electricity model=chronos2 formula=full_ridge_shared lags=168 horizon=24 retrieval=instance_euclidean_3_online run=/home/h61084/codes/adapts/outputs/adaptation/delta_baselines_ablation/Electricity/168_24/chronos2/full_ridge_shared/instance/euclidean/3/online/run_0 computation_signature=d0b5eb21877a7e6c592ecb15be56b07709b0a63093ef9ad19e036b2403c492b8 l2_grid=0,1e-6,1e-5,1e-4,1e-3,1e-2,1e-1,1,10 validation_fraction=0.2 fit_baselines_on_eval=false seed=1
2026-08-15 00:01:34,457 INFO [__main__] ========================================================================
2026-08-15 00:01:34,457 INFO [__main__] selected methods=('full_ridge_shared',)
2026-08-15 00:01:37,434 INFO [__main__] baseline selection start l2_grid=(0.0, 1e-06, 1e-05, 0.0001, 0.001, 0.01, 0.1, 1.0, 10.0)
2026-08-15 00:01:38,299 INFO [__main__] baseline selection done
2026-08-15 00:01:38,322 INFO [__main__] experiment done seconds=3.86
2026-08-15 00:01:38,322 INFO [__main__] ========================================================================
2026-08-15T00:01:38+02:00 baselines done configuration=1/12 dataset=Electricity model=chronos2 formula=full_ridge_shared lags=168 horizon=24 retrieval=instance_euclidean_3_online

2026-08-15T00:01:39+02:00 baselines start configuration=1/12 dataset=Electricity model=chronos2 formula=full_delta_ridge_shared lags=168 horizon=24 retrieval=instance_euclidean_3_online run=/home/h61084/codes/adapts/outputs/adaptation/delta_baselines_ablation/Electricity/168_24/chronos2/full_delta_ridge_shared/instance/euclidean/3/online/run_0 computation_signature=92c3bbc7d843b24bc2509d511b72e582702acc69fb56e14f59e9a88687771ecc l2_grid=0,1e-6,1e-5,1e-4,1e-3,1e-2,1e-1,1,10 validation_fraction=0.2 fit_baselines_on_eval=false seed=1
2026-08-15 00:01:41,325 INFO [__main__] ========================================================================
2026-08-15 00:01:41,325 INFO [__main__] selected methods=('full_delta_ridge_shared',)
2026-08-15 00:01:43,920 INFO [__main__] baseline selection start l2_grid=(0.0, 1e-06, 1e-05, 0.0001, 0.001, 0.01, 0.1, 1.0, 10.0)
2026-08-15 00:01:44,698 INFO [__main__] baseline selection done
2026-08-15 00:01:44,726 INFO [__main__] experiment done seconds=3.40
2026-08-15 00:01:44,727 INFO [__main__] ========================================================================
2026-08-15T00:01:45+02:00 baselines done configuration=1/12 dataset=Electricity model=chronos2 formula=full_delta_ridge_shared lags=168 horizon=24 retrieval=instance_euclidean_3_online

2026-08-15T00:01:45+02:00 baselines start configuration=1/12 dataset=Electricity model=chronos2 formula=cov_y_ridge_shared lags=168 horizon=24 retrieval=instance_euclidean_3_online run=/home/h61084/codes/adapts/outputs/adaptation/delta_baselines_ablation/Electricity/168_24/chronos2/cov_y_ridge_shared/instance/euclidean/3/online/run_0 computation_signature=bbc52083abbea590c0c4810f481d3ddc85ba09048b094731ed9b42ab39c3cb10 l2_grid=0,1e-6,1e-5,1e-4,1e-3,1e-2,1e-1,1,10 validation_fraction=0.2 fit_baselines_on_eval=false seed=1
2026-08-15 00:01:47,861 INFO [__main__] ========================================================================
2026-08-15 00:01:47,861 INFO [__main__] selected methods=('cov_y_ridge_shared',)
2026-08-15 00:01:50,281 INFO [__main__] baseline selection start l2_grid=(0.0, 1e-06, 1e-05, 0.0001, 0.001, 0.01, 0.1, 1.0, 10.0)
2026-08-15 00:01:50,853 INFO [__main__] baseline selection done
2026-08-15 00:01:50,875 INFO [__main__] experiment done seconds=3.01
2026-08-15 00:01:50,875 INFO [__main__] ========================================================================
2026-08-15T00:01:51+02:00 baselines done configuration=1/12 dataset=Electricity model=chronos2 formula=cov_y_ridge_shared lags=168 horizon=24 retrieval=instance_euclidean_3_online

2026-08-15T00:01:51+02:00 baselines start configuration=1/12 dataset=Electricity model=chronos2 formula=cov_y_delta_ridge_shared lags=168 horizon=24 retrieval=instance_euclidean_3_online run=/home/h61084/codes/adapts/outputs/adaptation/delta_baselines_ablation/Electricity/168_24/chronos2/cov_y_delta_ridge_shared/instance/euclidean/3/online/run_0 computation_signature=ba0119f793784a90f30870e5b3a8212958e54b51c065a672c644a2e96b9e906f l2_grid=0,1e-6,1e-5,1e-4,1e-3,1e-2,1e-1,1,10 validation_fraction=0.2 fit_baselines_on_eval=false seed=1
2026-08-15 00:01:53,956 INFO [__main__] ========================================================================
2026-08-15 00:01:53,956 INFO [__main__] selected methods=('cov_y_delta_ridge_shared',)
2026-08-15 00:01:56,369 INFO [__main__] baseline selection start l2_grid=(0.0, 1e-06, 1e-05, 0.0001, 0.001, 0.01, 0.1, 1.0, 10.0)
2026-08-15 00:01:56,913 INFO [__main__] baseline selection done
2026-08-15 00:01:56,936 INFO [__main__] experiment done seconds=2.98
2026-08-15 00:01:56,936 INFO [__main__] ========================================================================
2026-08-15T00:01:57+02:00 baselines done configuration=1/12 dataset=Electricity model=chronos2 formula=cov_y_delta_ridge_shared lags=168 horizon=24 retrieval=instance_euclidean_3_online

2026-08-15T00:01:57+02:00 baselines start configuration=1/12 dataset=Electricity model=chronos2 formula=cov_avgy_ridge_shared lags=168 horizon=24 retrieval=instance_euclidean_3_online run=/home/h61084/codes/adapts/outputs/adaptation/delta_baselines_ablation/Electricity/168_24/chronos2/cov_avgy_ridge_shared/instance/euclidean/3/online/run_0 computation_signature=d7e5f6416617874a64c2f4b98ab6ff9603514d84baa93cb83fed37abb6daf862 l2_grid=0,1e-6,1e-5,1e-4,1e-3,1e-2,1e-1,1,10 validation_fraction=0.2 fit_baselines_on_eval=false seed=1
2026-08-15 00:01:59,939 INFO [__main__] ========================================================================
2026-08-15 00:01:59,939 INFO [__main__] selected methods=('cov_avgy_ridge_shared',)
2026-08-15 00:02:02,358 INFO [__main__] baseline selection start l2_grid=(0.0, 1e-06, 1e-05, 0.0001, 0.001, 0.01, 0.1, 1.0, 10.0)
2026-08-15 00:02:03,112 INFO [__main__] baseline selection done
2026-08-15 00:02:03,135 INFO [__main__] experiment done seconds=3.19
2026-08-15 00:02:03,135 INFO [__main__] ========================================================================
2026-08-15T00:02:03+02:00 baselines done configuration=1/12 dataset=Electricity model=chronos2 formula=cov_avgy_ridge_shared lags=168 horizon=24 retrieval=instance_euclidean_3_online

2026-08-15T00:02:03+02:00 baselines start configuration=1/12 dataset=Electricity model=chronos2 formula=cov_avgy_delta_ridge_shared lags=168 horizon=24 retrieval=instance_euclidean_3_online run=/home/h61084/codes/adapts/outputs/adaptation/delta_baselines_ablation/Electricity/168_24/chronos2/cov_avgy_delta_ridge_shared/instance/euclidean/3/online/run_0 computation_signature=61cbabdbdbafa688908b9ede9ef8f01c668efc8d6e06bd31e14d6057e02266b3 l2_grid=0,1e-6,1e-5,1e-4,1e-3,1e-2,1e-1,1,10 validation_fraction=0.2 fit_baselines_on_eval=false seed=1
2026-08-15 00:02:06,227 INFO [__main__] ========================================================================
2026-08-15 00:02:06,228 INFO [__main__] selected methods=('cov_avgy_delta_ridge_shared',)
2026-08-15 00:02:08,629 INFO [__main__] baseline selection start l2_grid=(0.0, 1e-06, 1e-05, 0.0001, 0.001, 0.01, 0.1, 1.0, 10.0)
2026-08-15 00:02:09,367 INFO [__main__] baseline selection done
2026-08-15 00:02:09,389 INFO [__main__] experiment done seconds=3.16
2026-08-15 00:02:09,389 INFO [__main__] ========================================================================
2026-08-15T00:02:09+02:00 baselines done configuration=1/12 dataset=Electricity model=chronos2 formula=cov_avgy_delta_ridge_shared lags=168 horizon=24 retrieval=instance_euclidean_3_online
2026-08-15 00:02:12,002 INFO [__main__] extraction validation directory=/home/h61084/codes/adapts/outputs/extraction/Electricity/336_48/chronos2/instance/euclidean/3/online/run_1 status=complete

2026-08-15T00:02:12+02:00 baselines start configuration=2/12 dataset=Electricity model=chronos2 formula=full_ridge_shared lags=336 horizon=48 retrieval=instance_euclidean_3_online run=/home/h61084/codes/adapts/outputs/adaptation/delta_baselines_ablation/Electricity/336_48/chronos2/full_ridge_shared/instance/euclidean/3/online/run_0 computation_signature=43b2ad30ab8ca25fc90f71264c739ae1e20d3b8fcf3184fc5dfd46e0ed86b13c l2_grid=0,1e-6,1e-5,1e-4,1e-3,1e-2,1e-1,1,10 validation_fraction=0.2 fit_baselines_on_eval=false seed=1
2026-08-15 00:02:14,969 INFO [__main__] ========================================================================
2026-08-15 00:02:14,969 INFO [__main__] selected methods=('full_ridge_shared',)
2026-08-15 00:02:17,959 INFO [__main__] baseline selection start l2_grid=(0.0, 1e-06, 1e-05, 0.0001, 0.001, 0.01, 0.1, 1.0, 10.0)
2026-08-15 00:02:19,637 INFO [__main__] baseline selection done
2026-08-15 00:02:19,660 INFO [__main__] experiment done seconds=4.69
2026-08-15 00:02:19,660 INFO [__main__] ========================================================================
2026-08-15T00:02:20+02:00 baselines done configuration=2/12 dataset=Electricity model=chronos2 formula=full_ridge_shared lags=336 horizon=48 retrieval=instance_euclidean_3_online

2026-08-15T00:02:20+02:00 baselines start configuration=2/12 dataset=Electricity model=chronos2 formula=full_delta_ridge_shared lags=336 horizon=48 retrieval=instance_euclidean_3_online run=/home/h61084/codes/adapts/outputs/adaptation/delta_baselines_ablation/Electricity/336_48/chronos2/full_delta_ridge_shared/instance/euclidean/3/online/run_0 computation_signature=cc127c255f5db885803153cdc6ccf5e555683096665911a74c47d8f9b48a6ced l2_grid=0,1e-6,1e-5,1e-4,1e-3,1e-2,1e-1,1,10 validation_fraction=0.2 fit_baselines_on_eval=false seed=1
2026-08-15 00:02:22,993 INFO [__main__] ========================================================================
2026-08-15 00:02:22,993 INFO [__main__] selected methods=('full_delta_ridge_shared',)
2026-08-15 00:02:26,112 INFO [__main__] baseline selection start l2_grid=(0.0, 1e-06, 1e-05, 0.0001, 0.001, 0.01, 0.1, 1.0, 10.0)
2026-08-15 00:02:27,453 INFO [__main__] baseline selection done
2026-08-15 00:02:27,477 INFO [__main__] experiment done seconds=4.48
2026-08-15 00:02:27,477 INFO [__main__] ========================================================================
2026-08-15T00:02:28+02:00 baselines done configuration=2/12 dataset=Electricity model=chronos2 formula=full_delta_ridge_shared lags=336 horizon=48 retrieval=instance_euclidean_3_online

2026-08-15T00:02:28+02:00 baselines start configuration=2/12 dataset=Electricity model=chronos2 formula=cov_y_ridge_shared lags=336 horizon=48 retrieval=instance_euclidean_3_online run=/home/h61084/codes/adapts/outputs/adaptation/delta_baselines_ablation/Electricity/336_48/chronos2/cov_y_ridge_shared/instance/euclidean/3/online/run_0 computation_signature=979b23e998befabf247b40ece7788fae05e101eed50f44442fa01f4d26ef8fc4 l2_grid=0,1e-6,1e-5,1e-4,1e-3,1e-2,1e-1,1,10 validation_fraction=0.2 fit_baselines_on_eval=false seed=1
2026-08-15 00:02:30,510 INFO [__main__] ========================================================================
2026-08-15 00:02:30,510 INFO [__main__] selected methods=('cov_y_ridge_shared',)
2026-08-15 00:02:33,630 INFO [__main__] baseline selection start l2_grid=(0.0, 1e-06, 1e-05, 0.0001, 0.001, 0.01, 0.1, 1.0, 10.0)
2026-08-15 00:02:34,613 INFO [__main__] baseline selection done
2026-08-15 00:02:34,637 INFO [__main__] experiment done seconds=4.12
2026-08-15 00:02:34,637 INFO [__main__] ========================================================================
2026-08-15T00:02:35+02:00 baselines done configuration=2/12 dataset=Electricity model=chronos2 formula=cov_y_ridge_shared lags=336 horizon=48 retrieval=instance_euclidean_3_online

2026-08-15T00:02:35+02:00 baselines start configuration=2/12 dataset=Electricity model=chronos2 formula=cov_y_delta_ridge_shared lags=336 horizon=48 retrieval=instance_euclidean_3_online run=/home/h61084/codes/adapts/outputs/adaptation/delta_baselines_ablation/Electricity/336_48/chronos2/cov_y_delta_ridge_shared/instance/euclidean/3/online/run_0 computation_signature=c9536b706e23ef649c52621162079b354ac67ea4572e3667b86d82fc2611b206 l2_grid=0,1e-6,1e-5,1e-4,1e-3,1e-2,1e-1,1,10 validation_fraction=0.2 fit_baselines_on_eval=false seed=1
2026-08-15 00:02:37,686 INFO [__main__] ========================================================================
2026-08-15 00:02:37,686 INFO [__main__] selected methods=('cov_y_delta_ridge_shared',)
2026-08-15 00:02:40,986 INFO [__main__] baseline selection start l2_grid=(0.0, 1e-06, 1e-05, 0.0001, 0.001, 0.01, 0.1, 1.0, 10.0)
2026-08-15 00:02:41,976 INFO [__main__] baseline selection done
2026-08-15 00:02:42,000 INFO [__main__] experiment done seconds=4.31
2026-08-15 00:02:42,000 INFO [__main__] ========================================================================
2026-08-15T00:02:42+02:00 baselines done configuration=2/12 dataset=Electricity model=chronos2 formula=cov_y_delta_ridge_shared lags=336 horizon=48 retrieval=instance_euclidean_3_online

2026-08-15T00:02:42+02:00 baselines start configuration=2/12 dataset=Electricity model=chronos2 formula=cov_avgy_ridge_shared lags=336 horizon=48 retrieval=instance_euclidean_3_online run=/home/h61084/codes/adapts/outputs/adaptation/delta_baselines_ablation/Electricity/336_48/chronos2/cov_avgy_ridge_shared/instance/euclidean/3/online/run_0 computation_signature=9f57661bc5c78dcdc0ec6722eba8533284dad2b53ce480c815a035952a58c2f0 l2_grid=0,1e-6,1e-5,1e-4,1e-3,1e-2,1e-1,1,10 validation_fraction=0.2 fit_baselines_on_eval=false seed=1
2026-08-15 00:02:45,017 INFO [__main__] ========================================================================
2026-08-15 00:02:45,017 INFO [__main__] selected methods=('cov_avgy_ridge_shared',)
2026-08-15 00:02:48,212 INFO [__main__] baseline selection start l2_grid=(0.0, 1e-06, 1e-05, 0.0001, 0.001, 0.01, 0.1, 1.0, 10.0)
2026-08-15 00:02:49,418 INFO [__main__] baseline selection done
2026-08-15 00:02:49,442 INFO [__main__] experiment done seconds=4.42
2026-08-15 00:02:49,442 INFO [__main__] ========================================================================
2026-08-15T00:02:49+02:00 baselines done configuration=2/12 dataset=Electricity model=chronos2 formula=cov_avgy_ridge_shared lags=336 horizon=48 retrieval=instance_euclidean_3_online

2026-08-15T00:02:50+02:00 baselines start configuration=2/12 dataset=Electricity model=chronos2 formula=cov_avgy_delta_ridge_shared lags=336 horizon=48 retrieval=instance_euclidean_3_online run=/home/h61084/codes/adapts/outputs/adaptation/delta_baselines_ablation/Electricity/336_48/chronos2/cov_avgy_delta_ridge_shared/instance/euclidean/3/online/run_0 computation_signature=e21ddfce17bc3e4a2857b7375a592185cb23550d78ab95eb462cc15fe02274b9 l2_grid=0,1e-6,1e-5,1e-4,1e-3,1e-2,1e-1,1,10 validation_fraction=0.2 fit_baselines_on_eval=false seed=1
2026-08-15 00:02:52,511 INFO [__main__] ========================================================================
2026-08-15 00:02:52,511 INFO [__main__] selected methods=('cov_avgy_delta_ridge_shared',)
2026-08-15 00:02:55,593 INFO [__main__] baseline selection start l2_grid=(0.0, 1e-06, 1e-05, 0.0001, 0.001, 0.01, 0.1, 1.0, 10.0)
2026-08-15 00:02:56,727 INFO [__main__] baseline selection done
2026-08-15 00:02:56,749 INFO [__main__] experiment done seconds=4.24
2026-08-15 00:02:56,749 INFO [__main__] ========================================================================
2026-08-15T00:02:57+02:00 baselines done configuration=2/12 dataset=Electricity model=chronos2 formula=cov_avgy_delta_ridge_shared lags=336 horizon=48 retrieval=instance_euclidean_3_online
2026-08-15 00:02:59,404 INFO [__main__] extraction validation directory=/home/h61084/codes/adapts/outputs/extraction/Electricity/504_168/chronos2/instance/euclidean/3/online/run_1 status=complete

2026-08-15T00:03:00+02:00 baselines start configuration=3/12 dataset=Electricity model=chronos2 formula=full_ridge_shared lags=504 horizon=168 retrieval=instance_euclidean_3_online run=/home/h61084/codes/adapts/outputs/adaptation/delta_baselines_ablation/Electricity/504_168/chronos2/full_ridge_shared/instance/euclidean/3/online/run_0 computation_signature=80108ff0e8b5aa45aa6f2f5b736683bfd7a73d8299a009d0395f95e99fd762ec l2_grid=0,1e-6,1e-5,1e-4,1e-3,1e-2,1e-1,1,10 validation_fraction=0.2 fit_baselines_on_eval=false seed=1
2026-08-15 00:03:02,388 INFO [__main__] ========================================================================
2026-08-15 00:03:02,388 INFO [__main__] selected methods=('full_ridge_shared',)
2026-08-15 00:03:06,550 INFO [__main__] baseline selection start l2_grid=(0.0, 1e-06, 1e-05, 0.0001, 0.001, 0.01, 0.1, 1.0, 10.0)
2026-08-15 00:03:12,013 INFO [__main__] baseline selection done
2026-08-15 00:03:12,036 INFO [__main__] experiment done seconds=9.64
2026-08-15 00:03:12,036 INFO [__main__] ========================================================================
2026-08-15T00:03:12+02:00 baselines done configuration=3/12 dataset=Electricity model=chronos2 formula=full_ridge_shared lags=504 horizon=168 retrieval=instance_euclidean_3_online

2026-08-15T00:03:12+02:00 baselines start configuration=3/12 dataset=Electricity model=chronos2 formula=full_delta_ridge_shared lags=504 horizon=168 retrieval=instance_euclidean_3_online run=/home/h61084/codes/adapts/outputs/adaptation/delta_baselines_ablation/Electricity/504_168/chronos2/full_delta_ridge_shared/instance/euclidean/3/online/run_0 computation_signature=bc4de5ab96ea06e1be6c37dd9f8b23f3a61bd5ee7131b2566bd03165bde86524 l2_grid=0,1e-6,1e-5,1e-4,1e-3,1e-2,1e-1,1,10 validation_fraction=0.2 fit_baselines_on_eval=false seed=1
2026-08-15 00:03:15,056 INFO [__main__] ========================================================================
2026-08-15 00:03:15,056 INFO [__main__] selected methods=('full_delta_ridge_shared',)
2026-08-15 00:03:19,199 INFO [__main__] baseline selection start l2_grid=(0.0, 1e-06, 1e-05, 0.0001, 0.001, 0.01, 0.1, 1.0, 10.0)
2026-08-15 00:03:23,644 INFO [__main__] baseline selection done
2026-08-15 00:03:23,668 INFO [__main__] experiment done seconds=8.61
2026-08-15 00:03:23,668 INFO [__main__] ========================================================================
2026-08-15T00:03:24+02:00 baselines done configuration=3/12 dataset=Electricity model=chronos2 formula=full_delta_ridge_shared lags=504 horizon=168 retrieval=instance_euclidean_3_online

2026-08-15T00:03:24+02:00 baselines start configuration=3/12 dataset=Electricity model=chronos2 formula=cov_y_ridge_shared lags=504 horizon=168 retrieval=instance_euclidean_3_online run=/home/h61084/codes/adapts/outputs/adaptation/delta_baselines_ablation/Electricity/504_168/chronos2/cov_y_ridge_shared/instance/euclidean/3/online/run_0 computation_signature=8d64a65e97061dd1b76ea42b66d4f1ef4695bc2dec7eb52095eb89d2d16b81c3 l2_grid=0,1e-6,1e-5,1e-4,1e-3,1e-2,1e-1,1,10 validation_fraction=0.2 fit_baselines_on_eval=false seed=1
2026-08-15 00:03:27,036 INFO [__main__] ========================================================================
2026-08-15 00:03:27,036 INFO [__main__] selected methods=('cov_y_ridge_shared',)
2026-08-15 00:03:31,057 INFO [__main__] baseline selection start l2_grid=(0.0, 1e-06, 1e-05, 0.0001, 0.001, 0.01, 0.1, 1.0, 10.0)
2026-08-15 00:03:34,235 INFO [__main__] baseline selection done
2026-08-15 00:03:34,261 INFO [__main__] experiment done seconds=7.22
2026-08-15 00:03:34,261 INFO [__main__] ========================================================================
2026-08-15T00:03:34+02:00 baselines done configuration=3/12 dataset=Electricity model=chronos2 formula=cov_y_ridge_shared lags=504 horizon=168 retrieval=instance_euclidean_3_online

2026-08-15T00:03:35+02:00 baselines start configuration=3/12 dataset=Electricity model=chronos2 formula=cov_y_delta_ridge_shared lags=504 horizon=168 retrieval=instance_euclidean_3_online run=/home/h61084/codes/adapts/outputs/adaptation/delta_baselines_ablation/Electricity/504_168/chronos2/cov_y_delta_ridge_shared/instance/euclidean/3/online/run_0 computation_signature=d683a8b88da4eec061f6588974790755e58adaad82a8528ca8840ab81b72d558 l2_grid=0,1e-6,1e-5,1e-4,1e-3,1e-2,1e-1,1,10 validation_fraction=0.2 fit_baselines_on_eval=false seed=1
2026-08-15 00:03:37,362 INFO [__main__] ========================================================================
2026-08-15 00:03:37,362 INFO [__main__] selected methods=('cov_y_delta_ridge_shared',)
2026-08-15 00:03:41,643 INFO [__main__] baseline selection start l2_grid=(0.0, 1e-06, 1e-05, 0.0001, 0.001, 0.01, 0.1, 1.0, 10.0)
2026-08-15 00:03:44,690 INFO [__main__] baseline selection done
2026-08-15 00:03:44,719 INFO [__main__] experiment done seconds=7.35
2026-08-15 00:03:44,720 INFO [__main__] ========================================================================
2026-08-15T00:03:45+02:00 baselines done configuration=3/12 dataset=Electricity model=chronos2 formula=cov_y_delta_ridge_shared lags=504 horizon=168 retrieval=instance_euclidean_3_online

2026-08-15T00:03:45+02:00 baselines start configuration=3/12 dataset=Electricity model=chronos2 formula=cov_avgy_ridge_shared lags=504 horizon=168 retrieval=instance_euclidean_3_online run=/home/h61084/codes/adapts/outputs/adaptation/delta_baselines_ablation/Electricity/504_168/chronos2/cov_avgy_ridge_shared/instance/euclidean/3/online/run_0 computation_signature=237344bfbd63b6bb556eef7e740385820ffb1c5cacf167b5c28d463e75e59b52 l2_grid=0,1e-6,1e-5,1e-4,1e-3,1e-2,1e-1,1,10 validation_fraction=0.2 fit_baselines_on_eval=false seed=1
2026-08-15 00:03:47,779 INFO [__main__] ========================================================================
2026-08-15 00:03:47,779 INFO [__main__] selected methods=('cov_avgy_ridge_shared',)
2026-08-15 00:03:51,990 INFO [__main__] baseline selection start l2_grid=(0.0, 1e-06, 1e-05, 0.0001, 0.001, 0.01, 0.1, 1.0, 10.0)
2026-08-15 00:03:55,522 INFO [__main__] baseline selection done
2026-08-15 00:03:55,548 INFO [__main__] experiment done seconds=7.77
2026-08-15 00:03:55,548 INFO [__main__] ========================================================================
2026-08-15T00:03:56+02:00 baselines done configuration=3/12 dataset=Electricity model=chronos2 formula=cov_avgy_ridge_shared lags=504 horizon=168 retrieval=instance_euclidean_3_online

2026-08-15T00:03:56+02:00 baselines start configuration=3/12 dataset=Electricity model=chronos2 formula=cov_avgy_delta_ridge_shared lags=504 horizon=168 retrieval=instance_euclidean_3_online run=/home/h61084/codes/adapts/outputs/adaptation/delta_baselines_ablation/Electricity/504_168/chronos2/cov_avgy_delta_ridge_shared/instance/euclidean/3/online/run_0 computation_signature=e26adb967164412dd6a25574b729d472a087e9541f8c135f5f03ccd04f61520e l2_grid=0,1e-6,1e-5,1e-4,1e-3,1e-2,1e-1,1,10 validation_fraction=0.2 fit_baselines_on_eval=false seed=1
2026-08-15 00:03:58,651 INFO [__main__] ========================================================================
2026-08-15 00:03:58,651 INFO [__main__] selected methods=('cov_avgy_delta_ridge_shared',)
2026-08-15 00:04:02,708 INFO [__main__] baseline selection start l2_grid=(0.0, 1e-06, 1e-05, 0.0001, 0.001, 0.01, 0.1, 1.0, 10.0)
2026-08-15 00:04:06,302 INFO [__main__] baseline selection done
2026-08-15 00:04:06,325 INFO [__main__] experiment done seconds=7.67
2026-08-15 00:04:06,325 INFO [__main__] ========================================================================
2026-08-15T00:04:06+02:00 baselines done configuration=3/12 dataset=Electricity model=chronos2 formula=cov_avgy_delta_ridge_shared lags=504 horizon=168 retrieval=instance_euclidean_3_online
2026-08-15 00:04:08,892 INFO [__main__] extraction validation directory=/home/h61084/codes/adapts/outputs/extraction/Traffic/168_24/chronos2/instance/euclidean/3/online/run_1 status=complete

2026-08-15T00:04:09+02:00 baselines start configuration=4/12 dataset=Traffic model=chronos2 formula=full_ridge_shared lags=168 horizon=24 retrieval=instance_euclidean_3_online run=/home/h61084/codes/adapts/outputs/adaptation/delta_baselines_ablation/Traffic/168_24/chronos2/full_ridge_shared/instance/euclidean/3/online/run_0 computation_signature=9ca18a866e44d138baa1b6458feb47672a991f1609aa98ac521daab294e29b45 l2_grid=0,1e-6,1e-5,1e-4,1e-3,1e-2,1e-1,1,10 validation_fraction=0.2 fit_baselines_on_eval=false seed=1
2026-08-15 00:04:11,741 INFO [__main__] ========================================================================
2026-08-15 00:04:11,741 INFO [__main__] selected methods=('full_ridge_shared',)
2026-08-15 00:04:14,968 INFO [__main__] baseline selection start l2_grid=(0.0, 1e-06, 1e-05, 0.0001, 0.001, 0.01, 0.1, 1.0, 10.0)
2026-08-15 00:04:16,772 INFO [__main__] baseline selection done
2026-08-15 00:04:16,795 INFO [__main__] experiment done seconds=5.05
2026-08-15 00:04:16,795 INFO [__main__] ========================================================================
2026-08-15T00:04:17+02:00 baselines done configuration=4/12 dataset=Traffic model=chronos2 formula=full_ridge_shared lags=168 horizon=24 retrieval=instance_euclidean_3_online

2026-08-15T00:04:17+02:00 baselines start configuration=4/12 dataset=Traffic model=chronos2 formula=full_delta_ridge_shared lags=168 horizon=24 retrieval=instance_euclidean_3_online run=/home/h61084/codes/adapts/outputs/adaptation/delta_baselines_ablation/Traffic/168_24/chronos2/full_delta_ridge_shared/instance/euclidean/3/online/run_0 computation_signature=9c1b0fd7776cf858e4a0b59d5eef0115eda07d8c661de9ad9a9a149cd436d19b l2_grid=0,1e-6,1e-5,1e-4,1e-3,1e-2,1e-1,1,10 validation_fraction=0.2 fit_baselines_on_eval=false seed=1
2026-08-15 00:04:19,850 INFO [__main__] ========================================================================
2026-08-15 00:04:19,851 INFO [__main__] selected methods=('full_delta_ridge_shared',)
2026-08-15 00:04:23,143 INFO [__main__] baseline selection start l2_grid=(0.0, 1e-06, 1e-05, 0.0001, 0.001, 0.01, 0.1, 1.0, 10.0)
2026-08-15 00:04:24,439 INFO [__main__] baseline selection done
2026-08-15 00:04:24,464 INFO [__main__] experiment done seconds=4.61
2026-08-15 00:04:24,465 INFO [__main__] ========================================================================
2026-08-15T00:04:24+02:00 baselines done configuration=4/12 dataset=Traffic model=chronos2 formula=full_delta_ridge_shared lags=168 horizon=24 retrieval=instance_euclidean_3_online

2026-08-15T00:04:25+02:00 baselines start configuration=4/12 dataset=Traffic model=chronos2 formula=cov_y_ridge_shared lags=168 horizon=24 retrieval=instance_euclidean_3_online run=/home/h61084/codes/adapts/outputs/adaptation/delta_baselines_ablation/Traffic/168_24/chronos2/cov_y_ridge_shared/instance/euclidean/3/online/run_0 computation_signature=bb4fb0a855d4364c8c2ca1513f8c8b862cefcecc404b4a56bd9c75a4f37f31d3 l2_grid=0,1e-6,1e-5,1e-4,1e-3,1e-2,1e-1,1,10 validation_fraction=0.2 fit_baselines_on_eval=false seed=1
2026-08-15 00:04:27,701 INFO [__main__] ========================================================================
2026-08-15 00:04:27,701 INFO [__main__] selected methods=('cov_y_ridge_shared',)
2026-08-15 00:04:30,844 INFO [__main__] baseline selection start l2_grid=(0.0, 1e-06, 1e-05, 0.0001, 0.001, 0.01, 0.1, 1.0, 10.0)
2026-08-15 00:04:31,738 INFO [__main__] baseline selection done
2026-08-15 00:04:31,760 INFO [__main__] experiment done seconds=4.06
2026-08-15 00:04:31,760 INFO [__main__] ========================================================================
2026-08-15T00:04:32+02:00 baselines done configuration=4/12 dataset=Traffic model=chronos2 formula=cov_y_ridge_shared lags=168 horizon=24 retrieval=instance_euclidean_3_online

2026-08-15T00:04:32+02:00 baselines start configuration=4/12 dataset=Traffic model=chronos2 formula=cov_y_delta_ridge_shared lags=168 horizon=24 retrieval=instance_euclidean_3_online run=/home/h61084/codes/adapts/outputs/adaptation/delta_baselines_ablation/Traffic/168_24/chronos2/cov_y_delta_ridge_shared/instance/euclidean/3/online/run_0 computation_signature=b4779683e1d490e4b9d1ce1fe0584ddd8e68ef0ee6aaf5927cc596d26770f4b2 l2_grid=0,1e-6,1e-5,1e-4,1e-3,1e-2,1e-1,1,10 validation_fraction=0.2 fit_baselines_on_eval=false seed=1
2026-08-15 00:04:34,750 INFO [__main__] ========================================================================
2026-08-15 00:04:34,750 INFO [__main__] selected methods=('cov_y_delta_ridge_shared',)
2026-08-15 00:04:37,829 INFO [__main__] baseline selection start l2_grid=(0.0, 1e-06, 1e-05, 0.0001, 0.001, 0.01, 0.1, 1.0, 10.0)
2026-08-15 00:04:38,688 INFO [__main__] baseline selection done
2026-08-15 00:04:38,711 INFO [__main__] experiment done seconds=3.96
2026-08-15 00:04:38,712 INFO [__main__] ========================================================================
2026-08-15T00:04:39+02:00 baselines done configuration=4/12 dataset=Traffic model=chronos2 formula=cov_y_delta_ridge_shared lags=168 horizon=24 retrieval=instance_euclidean_3_online

2026-08-15T00:04:39+02:00 baselines start configuration=4/12 dataset=Traffic model=chronos2 formula=cov_avgy_ridge_shared lags=168 horizon=24 retrieval=instance_euclidean_3_online run=/home/h61084/codes/adapts/outputs/adaptation/delta_baselines_ablation/Traffic/168_24/chronos2/cov_avgy_ridge_shared/instance/euclidean/3/online/run_0 computation_signature=05781b12987438083812104d747c96c184bd8481fdb9813f6eeb3ce10a999027 l2_grid=0,1e-6,1e-5,1e-4,1e-3,1e-2,1e-1,1,10 validation_fraction=0.2 fit_baselines_on_eval=false seed=1
2026-08-15 00:04:41,756 INFO [__main__] ========================================================================
2026-08-15 00:04:41,756 INFO [__main__] selected methods=('cov_avgy_ridge_shared',)
2026-08-15 00:04:45,138 INFO [__main__] baseline selection start l2_grid=(0.0, 1e-06, 1e-05, 0.0001, 0.001, 0.01, 0.1, 1.0, 10.0)
2026-08-15 00:04:46,376 INFO [__main__] baseline selection done
2026-08-15 00:04:46,398 INFO [__main__] experiment done seconds=4.64
2026-08-15 00:04:46,398 INFO [__main__] ========================================================================
2026-08-15T00:04:46+02:00 baselines done configuration=4/12 dataset=Traffic model=chronos2 formula=cov_avgy_ridge_shared lags=168 horizon=24 retrieval=instance_euclidean_3_online

2026-08-15T00:04:47+02:00 baselines start configuration=4/12 dataset=Traffic model=chronos2 formula=cov_avgy_delta_ridge_shared lags=168 horizon=24 retrieval=instance_euclidean_3_online run=/home/h61084/codes/adapts/outputs/adaptation/delta_baselines_ablation/Traffic/168_24/chronos2/cov_avgy_delta_ridge_shared/instance/euclidean/3/online/run_0 computation_signature=a54a13b0b879e2e03c182f031edf3c559fa65fb1d75a9403c24bcc6ea31d0a5a l2_grid=0,1e-6,1e-5,1e-4,1e-3,1e-2,1e-1,1,10 validation_fraction=0.2 fit_baselines_on_eval=false seed=1
2026-08-15 00:04:49,492 INFO [__main__] ========================================================================
2026-08-15 00:04:49,492 INFO [__main__] selected methods=('cov_avgy_delta_ridge_shared',)
2026-08-15 00:04:52,657 INFO [__main__] baseline selection start l2_grid=(0.0, 1e-06, 1e-05, 0.0001, 0.001, 0.01, 0.1, 1.0, 10.0)
2026-08-15 00:04:53,847 INFO [__main__] baseline selection done
2026-08-15 00:04:53,870 INFO [__main__] experiment done seconds=4.37
2026-08-15 00:04:53,870 INFO [__main__] ========================================================================
2026-08-15T00:04:54+02:00 baselines done configuration=4/12 dataset=Traffic model=chronos2 formula=cov_avgy_delta_ridge_shared lags=168 horizon=24 retrieval=instance_euclidean_3_online
2026-08-15 00:04:56,502 INFO [__main__] extraction validation directory=/home/h61084/codes/adapts/outputs/extraction/Traffic/336_48/chronos2/instance/euclidean/3/online/run_1 status=complete

2026-08-15T00:04:57+02:00 baselines start configuration=5/12 dataset=Traffic model=chronos2 formula=full_ridge_shared lags=336 horizon=48 retrieval=instance_euclidean_3_online run=/home/h61084/codes/adapts/outputs/adaptation/delta_baselines_ablation/Traffic/336_48/chronos2/full_ridge_shared/instance/euclidean/3/online/run_0 computation_signature=1cdcb8b35057c8069bea621f3d11a40a73ae97f23eaa36abf5168d0cf6f1c050 l2_grid=0,1e-6,1e-5,1e-4,1e-3,1e-2,1e-1,1,10 validation_fraction=0.2 fit_baselines_on_eval=false seed=1
2026-08-15 00:04:59,477 INFO [__main__] ========================================================================
2026-08-15 00:04:59,477 INFO [__main__] selected methods=('full_ridge_shared',)
2026-08-15 00:05:03,614 INFO [__main__] baseline selection start l2_grid=(0.0, 1e-06, 1e-05, 0.0001, 0.001, 0.01, 0.1, 1.0, 10.0)
2026-08-15 00:05:06,346 INFO [__main__] baseline selection done
2026-08-15 00:05:06,371 INFO [__main__] experiment done seconds=6.89
2026-08-15 00:05:06,371 INFO [__main__] ========================================================================
2026-08-15T00:05:06+02:00 baselines done configuration=5/12 dataset=Traffic model=chronos2 formula=full_ridge_shared lags=336 horizon=48 retrieval=instance_euclidean_3_online

2026-08-15T00:05:07+02:00 baselines start configuration=5/12 dataset=Traffic model=chronos2 formula=full_delta_ridge_shared lags=336 horizon=48 retrieval=instance_euclidean_3_online run=/home/h61084/codes/adapts/outputs/adaptation/delta_baselines_ablation/Traffic/336_48/chronos2/full_delta_ridge_shared/instance/euclidean/3/online/run_0 computation_signature=d4b6db1aadb76bbc19d0dc1c300124ed001da27f350107018f26c1af6c972fa7 l2_grid=0,1e-6,1e-5,1e-4,1e-3,1e-2,1e-1,1,10 validation_fraction=0.2 fit_baselines_on_eval=false seed=1
2026-08-15 00:05:09,481 INFO [__main__] ========================================================================
2026-08-15 00:05:09,481 INFO [__main__] selected methods=('full_delta_ridge_shared',)
2026-08-15 00:05:13,606 INFO [__main__] baseline selection start l2_grid=(0.0, 1e-06, 1e-05, 0.0001, 0.001, 0.01, 0.1, 1.0, 10.0)
2026-08-15 00:05:15,922 INFO [__main__] baseline selection done
2026-08-15 00:05:15,946 INFO [__main__] experiment done seconds=6.46
2026-08-15 00:05:15,946 INFO [__main__] ========================================================================
2026-08-15T00:05:16+02:00 baselines done configuration=5/12 dataset=Traffic model=chronos2 formula=full_delta_ridge_shared lags=336 horizon=48 retrieval=instance_euclidean_3_online

2026-08-15T00:05:16+02:00 baselines start configuration=5/12 dataset=Traffic model=chronos2 formula=cov_y_ridge_shared lags=336 horizon=48 retrieval=instance_euclidean_3_online run=/home/h61084/codes/adapts/outputs/adaptation/delta_baselines_ablation/Traffic/336_48/chronos2/cov_y_ridge_shared/instance/euclidean/3/online/run_0 computation_signature=1144ac9b24498ce5742b838bf02f69ce8ae1f44bef5192d6959c690448be3e51 l2_grid=0,1e-6,1e-5,1e-4,1e-3,1e-2,1e-1,1,10 validation_fraction=0.2 fit_baselines_on_eval=false seed=1
2026-08-15 00:05:19,030 INFO [__main__] ========================================================================
2026-08-15 00:05:19,030 INFO [__main__] selected methods=('cov_y_ridge_shared',)
2026-08-15 00:05:23,172 INFO [__main__] baseline selection start l2_grid=(0.0, 1e-06, 1e-05, 0.0001, 0.001, 0.01, 0.1, 1.0, 10.0)
2026-08-15 00:05:24,931 INFO [__main__] baseline selection done
2026-08-15 00:05:24,960 INFO [__main__] experiment done seconds=5.93
2026-08-15 00:05:24,960 INFO [__main__] ========================================================================
2026-08-15T00:05:25+02:00 baselines done configuration=5/12 dataset=Traffic model=chronos2 formula=cov_y_ridge_shared lags=336 horizon=48 retrieval=instance_euclidean_3_online

2026-08-15T00:05:25+02:00 baselines start configuration=5/12 dataset=Traffic model=chronos2 formula=cov_y_delta_ridge_shared lags=336 horizon=48 retrieval=instance_euclidean_3_online run=/home/h61084/codes/adapts/outputs/adaptation/delta_baselines_ablation/Traffic/336_48/chronos2/cov_y_delta_ridge_shared/instance/euclidean/3/online/run_0 computation_signature=5b0ff14e8d50fe87538dffca4e816518a3af3438c1c96fed62307ee5c2c87ac5 l2_grid=0,1e-6,1e-5,1e-4,1e-3,1e-2,1e-1,1,10 validation_fraction=0.2 fit_baselines_on_eval=false seed=1
2026-08-15 00:05:28,300 INFO [__main__] ========================================================================
2026-08-15 00:05:28,300 INFO [__main__] selected methods=('cov_y_delta_ridge_shared',)
2026-08-15 00:05:32,561 INFO [__main__] baseline selection start l2_grid=(0.0, 1e-06, 1e-05, 0.0001, 0.001, 0.01, 0.1, 1.0, 10.0)
2026-08-15 00:05:34,170 INFO [__main__] baseline selection done
2026-08-15 00:05:34,195 INFO [__main__] experiment done seconds=5.89
2026-08-15 00:05:34,195 INFO [__main__] ========================================================================
2026-08-15T00:05:34+02:00 baselines done configuration=5/12 dataset=Traffic model=chronos2 formula=cov_y_delta_ridge_shared lags=336 horizon=48 retrieval=instance_euclidean_3_online

2026-08-15T00:05:34+02:00 baselines start configuration=5/12 dataset=Traffic model=chronos2 formula=cov_avgy_ridge_shared lags=336 horizon=48 retrieval=instance_euclidean_3_online run=/home/h61084/codes/adapts/outputs/adaptation/delta_baselines_ablation/Traffic/336_48/chronos2/cov_avgy_ridge_shared/instance/euclidean/3/online/run_0 computation_signature=c27928179879ba87e9c32d3ec1768f76a13d3c8c971919a7a9eb96d479442b68 l2_grid=0,1e-6,1e-5,1e-4,1e-3,1e-2,1e-1,1,10 validation_fraction=0.2 fit_baselines_on_eval=false seed=1
2026-08-15 00:05:37,532 INFO [__main__] ========================================================================
2026-08-15 00:05:37,532 INFO [__main__] selected methods=('cov_avgy_ridge_shared',)
2026-08-15 00:05:42,065 INFO [__main__] baseline selection start l2_grid=(0.0, 1e-06, 1e-05, 0.0001, 0.001, 0.01, 0.1, 1.0, 10.0)
2026-08-15 00:05:44,214 INFO [__main__] baseline selection done
2026-08-15 00:05:44,237 INFO [__main__] experiment done seconds=6.70
2026-08-15 00:05:44,237 INFO [__main__] ========================================================================
2026-08-15T00:05:44+02:00 baselines done configuration=5/12 dataset=Traffic model=chronos2 formula=cov_avgy_ridge_shared lags=336 horizon=48 retrieval=instance_euclidean_3_online

2026-08-15T00:05:44+02:00 baselines start configuration=5/12 dataset=Traffic model=chronos2 formula=cov_avgy_delta_ridge_shared lags=336 horizon=48 retrieval=instance_euclidean_3_online run=/home/h61084/codes/adapts/outputs/adaptation/delta_baselines_ablation/Traffic/336_48/chronos2/cov_avgy_delta_ridge_shared/instance/euclidean/3/online/run_0 computation_signature=3d841926ca089b3c391b4f69a65abe0c3cde8b2e422d4626b47d4661b5807475 l2_grid=0,1e-6,1e-5,1e-4,1e-3,1e-2,1e-1,1,10 validation_fraction=0.2 fit_baselines_on_eval=false seed=1
2026-08-15 00:05:47,293 INFO [__main__] ========================================================================
2026-08-15 00:05:47,293 INFO [__main__] selected methods=('cov_avgy_delta_ridge_shared',)
2026-08-15 00:05:51,787 INFO [__main__] baseline selection start l2_grid=(0.0, 1e-06, 1e-05, 0.0001, 0.001, 0.01, 0.1, 1.0, 10.0)
2026-08-15 00:05:53,723 INFO [__main__] baseline selection done
2026-08-15 00:05:53,747 INFO [__main__] experiment done seconds=6.45
2026-08-15 00:05:53,747 INFO [__main__] ========================================================================
2026-08-15T00:05:54+02:00 baselines done configuration=5/12 dataset=Traffic model=chronos2 formula=cov_avgy_delta_ridge_shared lags=336 horizon=48 retrieval=instance_euclidean_3_online
2026-08-15 00:05:56,394 INFO [__main__] extraction validation directory=/home/h61084/codes/adapts/outputs/extraction/Traffic/504_168/chronos2/instance/euclidean/3/online/run_1 status=complete

2026-08-15T00:05:56+02:00 baselines start configuration=6/12 dataset=Traffic model=chronos2 formula=full_ridge_shared lags=504 horizon=168 retrieval=instance_euclidean_3_online run=/home/h61084/codes/adapts/outputs/adaptation/delta_baselines_ablation/Traffic/504_168/chronos2/full_ridge_shared/instance/euclidean/3/online/run_0 computation_signature=a8bfbdff3c41142770599247f41475926580ebedcf6c998805de447112f20cc9 l2_grid=0,1e-6,1e-5,1e-4,1e-3,1e-2,1e-1,1,10 validation_fraction=0.2 fit_baselines_on_eval=false seed=1
2026-08-15 00:05:59,330 INFO [__main__] ========================================================================
2026-08-15 00:05:59,330 INFO [__main__] selected methods=('full_ridge_shared',)
2026-08-15 00:06:05,990 INFO [__main__] baseline selection start l2_grid=(0.0, 1e-06, 1e-05, 0.0001, 0.001, 0.01, 0.1, 1.0, 10.0)
2026-08-15 00:06:14,520 INFO [__main__] baseline selection done
2026-08-15 00:06:14,548 INFO [__main__] experiment done seconds=15.21
2026-08-15 00:06:14,548 INFO [__main__] ========================================================================
2026-08-15T00:06:15+02:00 baselines done configuration=6/12 dataset=Traffic model=chronos2 formula=full_ridge_shared lags=504 horizon=168 retrieval=instance_euclidean_3_online

2026-08-15T00:06:15+02:00 baselines start configuration=6/12 dataset=Traffic model=chronos2 formula=full_delta_ridge_shared lags=504 horizon=168 retrieval=instance_euclidean_3_online run=/home/h61084/codes/adapts/outputs/adaptation/delta_baselines_ablation/Traffic/504_168/chronos2/full_delta_ridge_shared/instance/euclidean/3/online/run_0 computation_signature=c20f06bdf93b2dd7def7d73f78c1e0471ecf6de33ec5e8296956539ecf774a06 l2_grid=0,1e-6,1e-5,1e-4,1e-3,1e-2,1e-1,1,10 validation_fraction=0.2 fit_baselines_on_eval=false seed=1
2026-08-15 00:06:17,645 INFO [__main__] ========================================================================
2026-08-15 00:06:17,645 INFO [__main__] selected methods=('full_delta_ridge_shared',)
2026-08-15 00:06:23,926 INFO [__main__] baseline selection start l2_grid=(0.0, 1e-06, 1e-05, 0.0001, 0.001, 0.01, 0.1, 1.0, 10.0)
2026-08-15 00:06:31,870 INFO [__main__] baseline selection done
2026-08-15 00:06:31,896 INFO [__main__] experiment done seconds=14.25
2026-08-15 00:06:31,896 INFO [__main__] ========================================================================
2026-08-15T00:06:32+02:00 baselines done configuration=6/12 dataset=Traffic model=chronos2 formula=full_delta_ridge_shared lags=504 horizon=168 retrieval=instance_euclidean_3_online

2026-08-15T00:06:32+02:00 baselines start configuration=6/12 dataset=Traffic model=chronos2 formula=cov_y_ridge_shared lags=504 horizon=168 retrieval=instance_euclidean_3_online run=/home/h61084/codes/adapts/outputs/adaptation/delta_baselines_ablation/Traffic/504_168/chronos2/cov_y_ridge_shared/instance/euclidean/3/online/run_0 computation_signature=f43c3783db28f95657f47f8b2620fbbde3464d175b99f6b66a7cf7a340f4da8f l2_grid=0,1e-6,1e-5,1e-4,1e-3,1e-2,1e-1,1,10 validation_fraction=0.2 fit_baselines_on_eval=false seed=1
2026-08-15 00:06:35,104 INFO [__main__] ========================================================================
2026-08-15 00:06:35,104 INFO [__main__] selected methods=('cov_y_ridge_shared',)
2026-08-15 00:06:42,180 INFO [__main__] baseline selection start l2_grid=(0.0, 1e-06, 1e-05, 0.0001, 0.001, 0.01, 0.1, 1.0, 10.0)
2026-08-15 00:06:48,090 INFO [__main__] baseline selection done
2026-08-15 00:06:48,115 INFO [__main__] experiment done seconds=13.01
2026-08-15 00:06:48,115 INFO [__main__] ========================================================================
2026-08-15T00:06:48+02:00 baselines done configuration=6/12 dataset=Traffic model=chronos2 formula=cov_y_ridge_shared lags=504 horizon=168 retrieval=instance_euclidean_3_online

2026-08-15T00:06:48+02:00 baselines start configuration=6/12 dataset=Traffic model=chronos2 formula=cov_y_delta_ridge_shared lags=504 horizon=168 retrieval=instance_euclidean_3_online run=/home/h61084/codes/adapts/outputs/adaptation/delta_baselines_ablation/Traffic/504_168/chronos2/cov_y_delta_ridge_shared/instance/euclidean/3/online/run_0 computation_signature=a258c2f91d99ab727ffa882d69e09f609c4c826746538be855060873503501b6 l2_grid=0,1e-6,1e-5,1e-4,1e-3,1e-2,1e-1,1,10 validation_fraction=0.2 fit_baselines_on_eval=false seed=1
2026-08-15 00:06:51,256 INFO [__main__] ========================================================================
2026-08-15 00:06:51,256 INFO [__main__] selected methods=('cov_y_delta_ridge_shared',)
2026-08-15 00:06:57,822 INFO [__main__] baseline selection start l2_grid=(0.0, 1e-06, 1e-05, 0.0001, 0.001, 0.01, 0.1, 1.0, 10.0)
2026-08-15 00:07:03,196 INFO [__main__] baseline selection done
2026-08-15 00:07:03,228 INFO [__main__] experiment done seconds=11.97
2026-08-15 00:07:03,228 INFO [__main__] ========================================================================
2026-08-15T00:07:03+02:00 baselines done configuration=6/12 dataset=Traffic model=chronos2 formula=cov_y_delta_ridge_shared lags=504 horizon=168 retrieval=instance_euclidean_3_online

2026-08-15T00:07:04+02:00 baselines start configuration=6/12 dataset=Traffic model=chronos2 formula=cov_avgy_ridge_shared lags=504 horizon=168 retrieval=instance_euclidean_3_online run=/home/h61084/codes/adapts/outputs/adaptation/delta_baselines_ablation/Traffic/504_168/chronos2/cov_avgy_ridge_shared/instance/euclidean/3/online/run_0 computation_signature=096b05cf33334f0d5561da3a67acba437217b402a7b11c94223c9ca61ad48a18 l2_grid=0,1e-6,1e-5,1e-4,1e-3,1e-2,1e-1,1,10 validation_fraction=0.2 fit_baselines_on_eval=false seed=1
2026-08-15 00:07:06,348 INFO [__main__] ========================================================================
2026-08-15 00:07:06,349 INFO [__main__] selected methods=('cov_avgy_ridge_shared',)
2026-08-15 00:07:13,295 INFO [__main__] baseline selection start l2_grid=(0.0, 1e-06, 1e-05, 0.0001, 0.001, 0.01, 0.1, 1.0, 10.0)
2026-08-15 00:07:19,777 INFO [__main__] baseline selection done
2026-08-15 00:07:19,804 INFO [__main__] experiment done seconds=13.45
2026-08-15 00:07:19,804 INFO [__main__] ========================================================================
2026-08-15T00:07:20+02:00 baselines done configuration=6/12 dataset=Traffic model=chronos2 formula=cov_avgy_ridge_shared lags=504 horizon=168 retrieval=instance_euclidean_3_online

2026-08-15T00:07:20+02:00 baselines start configuration=6/12 dataset=Traffic model=chronos2 formula=cov_avgy_delta_ridge_shared lags=504 horizon=168 retrieval=instance_euclidean_3_online run=/home/h61084/codes/adapts/outputs/adaptation/delta_baselines_ablation/Traffic/504_168/chronos2/cov_avgy_delta_ridge_shared/instance/euclidean/3/online/run_0 computation_signature=1440513633c82f25af75979b3cfb4ad06f7aef008c0a7882301610b7aa79ac1b l2_grid=0,1e-6,1e-5,1e-4,1e-3,1e-2,1e-1,1,10 validation_fraction=0.2 fit_baselines_on_eval=false seed=1
2026-08-15 00:07:22,955 INFO [__main__] ========================================================================
2026-08-15 00:07:22,956 INFO [__main__] selected methods=('cov_avgy_delta_ridge_shared',)
2026-08-15 00:07:30,257 INFO [__main__] baseline selection start l2_grid=(0.0, 1e-06, 1e-05, 0.0001, 0.001, 0.01, 0.1, 1.0, 10.0)
2026-08-15 00:07:36,597 INFO [__main__] baseline selection done
2026-08-15 00:07:36,624 INFO [__main__] experiment done seconds=13.66
2026-08-15 00:07:36,624 INFO [__main__] ========================================================================
2026-08-15T00:07:37+02:00 baselines done configuration=6/12 dataset=Traffic model=chronos2 formula=cov_avgy_delta_ridge_shared lags=504 horizon=168 retrieval=instance_euclidean_3_online
2026-08-15 00:07:39,557 INFO [__main__] extraction validation directory=/home/h61084/codes/adapts/outputs/extraction/Solar/168_24/chronos2/instance/euclidean/3/online/run_1 status=complete

2026-08-15T00:07:40+02:00 baselines start configuration=7/12 dataset=Solar model=chronos2 formula=full_ridge_shared lags=168 horizon=24 retrieval=instance_euclidean_3_online run=/home/h61084/codes/adapts/outputs/adaptation/delta_baselines_ablation/Solar/168_24/chronos2/full_ridge_shared/instance/euclidean/3/online/run_0 computation_signature=0dffde2590bf932ded5456ac24bfba0fcbcee1ba583c23468c4ff4e62e64de91 l2_grid=0,1e-6,1e-5,1e-4,1e-3,1e-2,1e-1,1,10 validation_fraction=0.2 fit_baselines_on_eval=false seed=1
2026-08-15 00:07:42,433 INFO [__main__] ========================================================================
2026-08-15 00:07:42,433 INFO [__main__] selected methods=('full_ridge_shared',)
2026-08-15 00:07:44,048 INFO [__main__] baseline selection start l2_grid=(0.0, 1e-06, 1e-05, 0.0001, 0.001, 0.01, 0.1, 1.0, 10.0)
2026-08-15 00:07:44,315 INFO [__main__] baseline selection done
2026-08-15 00:07:44,338 INFO [__main__] experiment done seconds=1.90
2026-08-15 00:07:44,338 INFO [__main__] ========================================================================
2026-08-15T00:07:46+02:00 baselines done configuration=7/12 dataset=Solar model=chronos2 formula=full_ridge_shared lags=168 horizon=24 retrieval=instance_euclidean_3_online

2026-08-15T00:07:47+02:00 baselines start configuration=7/12 dataset=Solar model=chronos2 formula=full_delta_ridge_shared lags=168 horizon=24 retrieval=instance_euclidean_3_online run=/home/h61084/codes/adapts/outputs/adaptation/delta_baselines_ablation/Solar/168_24/chronos2/full_delta_ridge_shared/instance/euclidean/3/online/run_0 computation_signature=9af827e68d49bcc7ee24ad16f1873a79262309ab08faefb5f23e75ec2964696f l2_grid=0,1e-6,1e-5,1e-4,1e-3,1e-2,1e-1,1,10 validation_fraction=0.2 fit_baselines_on_eval=false seed=1
2026-08-15 00:07:49,485 INFO [__main__] ========================================================================
2026-08-15 00:07:49,485 INFO [__main__] selected methods=('full_delta_ridge_shared',)
2026-08-15 00:07:51,139 INFO [__main__] baseline selection start l2_grid=(0.0, 1e-06, 1e-05, 0.0001, 0.001, 0.01, 0.1, 1.0, 10.0)
2026-08-15 00:07:51,370 INFO [__main__] baseline selection done
2026-08-15 00:07:51,392 INFO [__main__] experiment done seconds=1.90
2026-08-15 00:07:51,392 INFO [__main__] ========================================================================
2026-08-15T00:07:51+02:00 baselines done configuration=7/12 dataset=Solar model=chronos2 formula=full_delta_ridge_shared lags=168 horizon=24 retrieval=instance_euclidean_3_online

2026-08-15T00:07:52+02:00 baselines start configuration=7/12 dataset=Solar model=chronos2 formula=cov_y_ridge_shared lags=168 horizon=24 retrieval=instance_euclidean_3_online run=/home/h61084/codes/adapts/outputs/adaptation/delta_baselines_ablation/Solar/168_24/chronos2/cov_y_ridge_shared/instance/euclidean/3/online/run_0 computation_signature=5f9fbc5a89046083875f664bbdb7d376fb5496470127d99302b4e6b996e63da4 l2_grid=0,1e-6,1e-5,1e-4,1e-3,1e-2,1e-1,1,10 validation_fraction=0.2 fit_baselines_on_eval=false seed=1
2026-08-15 00:07:54,360 INFO [__main__] ========================================================================
2026-08-15 00:07:54,360 INFO [__main__] selected methods=('cov_y_ridge_shared',)
2026-08-15 00:07:56,163 INFO [__main__] baseline selection start l2_grid=(0.0, 1e-06, 1e-05, 0.0001, 0.001, 0.01, 0.1, 1.0, 10.0)
2026-08-15 00:07:56,359 INFO [__main__] baseline selection done
2026-08-15 00:07:56,381 INFO [__main__] experiment done seconds=2.02
2026-08-15 00:07:56,381 INFO [__main__] ========================================================================
2026-08-15T00:07:56+02:00 baselines done configuration=7/12 dataset=Solar model=chronos2 formula=cov_y_ridge_shared lags=168 horizon=24 retrieval=instance_euclidean_3_online

2026-08-15T00:07:57+02:00 baselines start configuration=7/12 dataset=Solar model=chronos2 formula=cov_y_delta_ridge_shared lags=168 horizon=24 retrieval=instance_euclidean_3_online run=/home/h61084/codes/adapts/outputs/adaptation/delta_baselines_ablation/Solar/168_24/chronos2/cov_y_delta_ridge_shared/instance/euclidean/3/online/run_0 computation_signature=e85baa3302cd8a5e6d8a69efe90df7c589ae05232481750865499b3cf1af6c02 l2_grid=0,1e-6,1e-5,1e-4,1e-3,1e-2,1e-1,1,10 validation_fraction=0.2 fit_baselines_on_eval=false seed=1
2026-08-15 00:07:59,374 INFO [__main__] ========================================================================
2026-08-15 00:07:59,374 INFO [__main__] selected methods=('cov_y_delta_ridge_shared',)
2026-08-15 00:08:01,101 INFO [__main__] baseline selection start l2_grid=(0.0, 1e-06, 1e-05, 0.0001, 0.001, 0.01, 0.1, 1.0, 10.0)
2026-08-15 00:08:01,308 INFO [__main__] baseline selection done
2026-08-15 00:08:01,330 INFO [__main__] experiment done seconds=1.95
2026-08-15 00:08:01,330 INFO [__main__] ========================================================================
2026-08-15T00:08:01+02:00 baselines done configuration=7/12 dataset=Solar model=chronos2 formula=cov_y_delta_ridge_shared lags=168 horizon=24 retrieval=instance_euclidean_3_online

2026-08-15T00:08:02+02:00 baselines start configuration=7/12 dataset=Solar model=chronos2 formula=cov_avgy_ridge_shared lags=168 horizon=24 retrieval=instance_euclidean_3_online run=/home/h61084/codes/adapts/outputs/adaptation/delta_baselines_ablation/Solar/168_24/chronos2/cov_avgy_ridge_shared/instance/euclidean/3/online/run_0 computation_signature=ad32a746c6d0c3911c06daea98accd688ade80768f863038b1ab62b5e5d3370f l2_grid=0,1e-6,1e-5,1e-4,1e-3,1e-2,1e-1,1,10 validation_fraction=0.2 fit_baselines_on_eval=false seed=1
2026-08-15 00:08:04,334 INFO [__main__] ========================================================================
2026-08-15 00:08:04,334 INFO [__main__] selected methods=('cov_avgy_ridge_shared',)
2026-08-15 00:08:06,020 INFO [__main__] baseline selection start l2_grid=(0.0, 1e-06, 1e-05, 0.0001, 0.001, 0.01, 0.1, 1.0, 10.0)
2026-08-15 00:08:06,270 INFO [__main__] baseline selection done
2026-08-15 00:08:06,293 INFO [__main__] experiment done seconds=1.96
2026-08-15 00:08:06,293 INFO [__main__] ========================================================================
2026-08-15T00:08:06+02:00 baselines done configuration=7/12 dataset=Solar model=chronos2 formula=cov_avgy_ridge_shared lags=168 horizon=24 retrieval=instance_euclidean_3_online

2026-08-15T00:08:06+02:00 baselines start configuration=7/12 dataset=Solar model=chronos2 formula=cov_avgy_delta_ridge_shared lags=168 horizon=24 retrieval=instance_euclidean_3_online run=/home/h61084/codes/adapts/outputs/adaptation/delta_baselines_ablation/Solar/168_24/chronos2/cov_avgy_delta_ridge_shared/instance/euclidean/3/online/run_0 computation_signature=a28b73acd6f798f2b24df7be132970fea369f60b7dc82abd77541536d41c9683 l2_grid=0,1e-6,1e-5,1e-4,1e-3,1e-2,1e-1,1,10 validation_fraction=0.2 fit_baselines_on_eval=false seed=1
2026-08-15 00:08:09,298 INFO [__main__] ========================================================================
2026-08-15 00:08:09,298 INFO [__main__] selected methods=('cov_avgy_delta_ridge_shared',)
2026-08-15 00:08:10,907 INFO [__main__] baseline selection start l2_grid=(0.0, 1e-06, 1e-05, 0.0001, 0.001, 0.01, 0.1, 1.0, 10.0)
2026-08-15 00:08:11,138 INFO [__main__] baseline selection done
2026-08-15 00:08:11,160 INFO [__main__] experiment done seconds=1.86
2026-08-15 00:08:11,160 INFO [__main__] ========================================================================
2026-08-15T00:08:11+02:00 baselines done configuration=7/12 dataset=Solar model=chronos2 formula=cov_avgy_delta_ridge_shared lags=168 horizon=24 retrieval=instance_euclidean_3_online
2026-08-15 00:08:13,712 INFO [__main__] extraction validation directory=/home/h61084/codes/adapts/outputs/extraction/Solar/336_48/chronos2/instance/euclidean/3/online/run_1 status=complete

2026-08-15T00:08:14+02:00 baselines start configuration=8/12 dataset=Solar model=chronos2 formula=full_ridge_shared lags=336 horizon=48 retrieval=instance_euclidean_3_online run=/home/h61084/codes/adapts/outputs/adaptation/delta_baselines_ablation/Solar/336_48/chronos2/full_ridge_shared/instance/euclidean/3/online/run_0 computation_signature=0269b24428ff999fc19569625ae988371cf823e020e3b5ce3e3937c343adc18b l2_grid=0,1e-6,1e-5,1e-4,1e-3,1e-2,1e-1,1,10 validation_fraction=0.2 fit_baselines_on_eval=false seed=1
2026-08-15 00:08:16,533 INFO [__main__] ========================================================================
2026-08-15 00:08:16,533 INFO [__main__] selected methods=('full_ridge_shared',)
2026-08-15 00:08:18,386 INFO [__main__] baseline selection start l2_grid=(0.0, 1e-06, 1e-05, 0.0001, 0.001, 0.01, 0.1, 1.0, 10.0)
2026-08-15 00:08:18,732 INFO [__main__] baseline selection done
2026-08-15 00:08:18,755 INFO [__main__] experiment done seconds=2.22
2026-08-15 00:08:18,755 INFO [__main__] ========================================================================
2026-08-15T00:08:19+02:00 baselines done configuration=8/12 dataset=Solar model=chronos2 formula=full_ridge_shared lags=336 horizon=48 retrieval=instance_euclidean_3_online

2026-08-15T00:08:19+02:00 baselines start configuration=8/12 dataset=Solar model=chronos2 formula=full_delta_ridge_shared lags=336 horizon=48 retrieval=instance_euclidean_3_online run=/home/h61084/codes/adapts/outputs/adaptation/delta_baselines_ablation/Solar/336_48/chronos2/full_delta_ridge_shared/instance/euclidean/3/online/run_0 computation_signature=d68be499dd04e29814fcc7b46fa655942b14b0c9bf9e1a98c9b82aa43a020f61 l2_grid=0,1e-6,1e-5,1e-4,1e-3,1e-2,1e-1,1,10 validation_fraction=0.2 fit_baselines_on_eval=false seed=1
2026-08-15 00:08:21,901 INFO [__main__] ========================================================================
2026-08-15 00:08:21,901 INFO [__main__] selected methods=('full_delta_ridge_shared',)
2026-08-15 00:08:23,730 INFO [__main__] baseline selection start l2_grid=(0.0, 1e-06, 1e-05, 0.0001, 0.001, 0.01, 0.1, 1.0, 10.0)
2026-08-15 00:08:24,060 INFO [__main__] baseline selection done
2026-08-15 00:08:24,088 INFO [__main__] experiment done seconds=2.18
2026-08-15 00:08:24,088 INFO [__main__] ========================================================================
2026-08-15T00:08:24+02:00 baselines done configuration=8/12 dataset=Solar model=chronos2 formula=full_delta_ridge_shared lags=336 horizon=48 retrieval=instance_euclidean_3_online

2026-08-15T00:08:24+02:00 baselines start configuration=8/12 dataset=Solar model=chronos2 formula=cov_y_ridge_shared lags=336 horizon=48 retrieval=instance_euclidean_3_online run=/home/h61084/codes/adapts/outputs/adaptation/delta_baselines_ablation/Solar/336_48/chronos2/cov_y_ridge_shared/instance/euclidean/3/online/run_0 computation_signature=5ad37c847078d79614bf9386f190c92cb8f34161b6f4879e3c19c00d5bf8abd0 l2_grid=0,1e-6,1e-5,1e-4,1e-3,1e-2,1e-1,1,10 validation_fraction=0.2 fit_baselines_on_eval=false seed=1
2026-08-15 00:08:27,338 INFO [__main__] ========================================================================
2026-08-15 00:08:27,339 INFO [__main__] selected methods=('cov_y_ridge_shared',)
2026-08-15 00:08:29,032 INFO [__main__] baseline selection start l2_grid=(0.0, 1e-06, 1e-05, 0.0001, 0.001, 0.01, 0.1, 1.0, 10.0)
2026-08-15 00:08:29,298 INFO [__main__] baseline selection done
2026-08-15 00:08:29,321 INFO [__main__] experiment done seconds=1.98
2026-08-15 00:08:29,321 INFO [__main__] ========================================================================
2026-08-15T00:08:29+02:00 baselines done configuration=8/12 dataset=Solar model=chronos2 formula=cov_y_ridge_shared lags=336 horizon=48 retrieval=instance_euclidean_3_online

2026-08-15T00:08:30+02:00 baselines start configuration=8/12 dataset=Solar model=chronos2 formula=cov_y_delta_ridge_shared lags=336 horizon=48 retrieval=instance_euclidean_3_online run=/home/h61084/codes/adapts/outputs/adaptation/delta_baselines_ablation/Solar/336_48/chronos2/cov_y_delta_ridge_shared/instance/euclidean/3/online/run_0 computation_signature=2a2ac76473947b9343224fc49ca9730f0e5f4b6d648821541f608cde93ea1886 l2_grid=0,1e-6,1e-5,1e-4,1e-3,1e-2,1e-1,1,10 validation_fraction=0.2 fit_baselines_on_eval=false seed=1
2026-08-15 00:08:32,566 INFO [__main__] ========================================================================
2026-08-15 00:08:32,566 INFO [__main__] selected methods=('cov_y_delta_ridge_shared',)
2026-08-15 00:08:34,366 INFO [__main__] baseline selection start l2_grid=(0.0, 1e-06, 1e-05, 0.0001, 0.001, 0.01, 0.1, 1.0, 10.0)
2026-08-15 00:08:34,627 INFO [__main__] baseline selection done
2026-08-15 00:08:34,650 INFO [__main__] experiment done seconds=2.08
2026-08-15 00:08:34,650 INFO [__main__] ========================================================================
2026-08-15T00:08:35+02:00 baselines done configuration=8/12 dataset=Solar model=chronos2 formula=cov_y_delta_ridge_shared lags=336 horizon=48 retrieval=instance_euclidean_3_online

2026-08-15T00:08:35+02:00 baselines start configuration=8/12 dataset=Solar model=chronos2 formula=cov_avgy_ridge_shared lags=336 horizon=48 retrieval=instance_euclidean_3_online run=/home/h61084/codes/adapts/outputs/adaptation/delta_baselines_ablation/Solar/336_48/chronos2/cov_avgy_ridge_shared/instance/euclidean/3/online/run_0 computation_signature=d0a255b98f4ffabb55d0b52d61477c0e36a24cb9ddf7ac8abf27559ed3a42bb2 l2_grid=0,1e-6,1e-5,1e-4,1e-3,1e-2,1e-1,1,10 validation_fraction=0.2 fit_baselines_on_eval=false seed=1
2026-08-15 00:08:37,896 INFO [__main__] ========================================================================
2026-08-15 00:08:37,897 INFO [__main__] selected methods=('cov_avgy_ridge_shared',)
2026-08-15 00:08:39,698 INFO [__main__] baseline selection start l2_grid=(0.0, 1e-06, 1e-05, 0.0001, 0.001, 0.01, 0.1, 1.0, 10.0)
2026-08-15 00:08:40,078 INFO [__main__] baseline selection done
2026-08-15 00:08:40,102 INFO [__main__] experiment done seconds=2.20
2026-08-15 00:08:40,102 INFO [__main__] ========================================================================
2026-08-15T00:08:40+02:00 baselines done configuration=8/12 dataset=Solar model=chronos2 formula=cov_avgy_ridge_shared lags=336 horizon=48 retrieval=instance_euclidean_3_online

2026-08-15T00:08:40+02:00 baselines start configuration=8/12 dataset=Solar model=chronos2 formula=cov_avgy_delta_ridge_shared lags=336 horizon=48 retrieval=instance_euclidean_3_online run=/home/h61084/codes/adapts/outputs/adaptation/delta_baselines_ablation/Solar/336_48/chronos2/cov_avgy_delta_ridge_shared/instance/euclidean/3/online/run_0 computation_signature=8af014ca9401c97f444dbfb17cf9e81749b01e449eeb7327bd0d100eba5ca713 l2_grid=0,1e-6,1e-5,1e-4,1e-3,1e-2,1e-1,1,10 validation_fraction=0.2 fit_baselines_on_eval=false seed=1
2026-08-15 00:08:43,246 INFO [__main__] ========================================================================
2026-08-15 00:08:43,246 INFO [__main__] selected methods=('cov_avgy_delta_ridge_shared',)
2026-08-15 00:08:45,085 INFO [__main__] baseline selection start l2_grid=(0.0, 1e-06, 1e-05, 0.0001, 0.001, 0.01, 0.1, 1.0, 10.0)
2026-08-15 00:08:45,412 INFO [__main__] baseline selection done
2026-08-15 00:08:45,435 INFO [__main__] experiment done seconds=2.19
2026-08-15 00:08:45,436 INFO [__main__] ========================================================================
2026-08-15T00:08:45+02:00 baselines done configuration=8/12 dataset=Solar model=chronos2 formula=cov_avgy_delta_ridge_shared lags=336 horizon=48 retrieval=instance_euclidean_3_online
2026-08-15 00:08:48,123 INFO [__main__] extraction validation directory=/home/h61084/codes/adapts/outputs/extraction/Solar/504_168/chronos2/instance/euclidean/3/online/run_1 status=complete

2026-08-15T00:08:48+02:00 baselines start configuration=9/12 dataset=Solar model=chronos2 formula=full_ridge_shared lags=504 horizon=168 retrieval=instance_euclidean_3_online run=/home/h61084/codes/adapts/outputs/adaptation/delta_baselines_ablation/Solar/504_168/chronos2/full_ridge_shared/instance/euclidean/3/online/run_0 computation_signature=a7e854a8f87fcc25a157cb20833b86dacab7bfacbed2ae72c887c9b45b58a119 l2_grid=0,1e-6,1e-5,1e-4,1e-3,1e-2,1e-1,1,10 validation_fraction=0.2 fit_baselines_on_eval=false seed=1
2026-08-15 00:08:51,118 INFO [__main__] ========================================================================
2026-08-15 00:08:51,118 INFO [__main__] selected methods=('full_ridge_shared',)
2026-08-15 00:08:53,275 INFO [__main__] baseline selection start l2_grid=(0.0, 1e-06, 1e-05, 0.0001, 0.001, 0.01, 0.1, 1.0, 10.0)
2026-08-15 00:08:53,991 INFO [__main__] baseline selection done
2026-08-15 00:08:54,015 INFO [__main__] experiment done seconds=2.89
2026-08-15 00:08:54,015 INFO [__main__] ========================================================================
2026-08-15T00:08:54+02:00 baselines done configuration=9/12 dataset=Solar model=chronos2 formula=full_ridge_shared lags=504 horizon=168 retrieval=instance_euclidean_3_online

2026-08-15T00:08:54+02:00 baselines start configuration=9/12 dataset=Solar model=chronos2 formula=full_delta_ridge_shared lags=504 horizon=168 retrieval=instance_euclidean_3_online run=/home/h61084/codes/adapts/outputs/adaptation/delta_baselines_ablation/Solar/504_168/chronos2/full_delta_ridge_shared/instance/euclidean/3/online/run_0 computation_signature=3001f702f456a5eb16aac6a927ac88dc15c3fb7b98d081363f10b923216c6600 l2_grid=0,1e-6,1e-5,1e-4,1e-3,1e-2,1e-1,1,10 validation_fraction=0.2 fit_baselines_on_eval=false seed=1
2026-08-15 00:08:57,214 INFO [__main__] ========================================================================
2026-08-15 00:08:57,214 INFO [__main__] selected methods=('full_delta_ridge_shared',)
2026-08-15 00:08:59,187 INFO [__main__] baseline selection start l2_grid=(0.0, 1e-06, 1e-05, 0.0001, 0.001, 0.01, 0.1, 1.0, 10.0)
2026-08-15 00:08:59,912 INFO [__main__] baseline selection done
2026-08-15 00:08:59,940 INFO [__main__] experiment done seconds=2.72
2026-08-15 00:08:59,940 INFO [__main__] ========================================================================
2026-08-15T00:09:00+02:00 baselines done configuration=9/12 dataset=Solar model=chronos2 formula=full_delta_ridge_shared lags=504 horizon=168 retrieval=instance_euclidean_3_online

2026-08-15T00:09:00+02:00 baselines start configuration=9/12 dataset=Solar model=chronos2 formula=cov_y_ridge_shared lags=504 horizon=168 retrieval=instance_euclidean_3_online run=/home/h61084/codes/adapts/outputs/adaptation/delta_baselines_ablation/Solar/504_168/chronos2/cov_y_ridge_shared/instance/euclidean/3/online/run_0 computation_signature=45bc4d2a5ff714692b97ba2d72501d87bcb7ac062c1c546791273a8eddfd5ebe l2_grid=0,1e-6,1e-5,1e-4,1e-3,1e-2,1e-1,1,10 validation_fraction=0.2 fit_baselines_on_eval=false seed=1
2026-08-15 00:09:02,990 INFO [__main__] ========================================================================
2026-08-15 00:09:02,990 INFO [__main__] selected methods=('cov_y_ridge_shared',)
2026-08-15 00:09:05,001 INFO [__main__] baseline selection start l2_grid=(0.0, 1e-06, 1e-05, 0.0001, 0.001, 0.01, 0.1, 1.0, 10.0)
2026-08-15 00:09:05,558 INFO [__main__] baseline selection done
2026-08-15 00:09:05,580 INFO [__main__] experiment done seconds=2.59
2026-08-15 00:09:05,580 INFO [__main__] ========================================================================
2026-08-15T00:09:06+02:00 baselines done configuration=9/12 dataset=Solar model=chronos2 formula=cov_y_ridge_shared lags=504 horizon=168 retrieval=instance_euclidean_3_online

2026-08-15T00:09:06+02:00 baselines start configuration=9/12 dataset=Solar model=chronos2 formula=cov_y_delta_ridge_shared lags=504 horizon=168 retrieval=instance_euclidean_3_online run=/home/h61084/codes/adapts/outputs/adaptation/delta_baselines_ablation/Solar/504_168/chronos2/cov_y_delta_ridge_shared/instance/euclidean/3/online/run_0 computation_signature=a147bff423e11dc22381fd0c77bcc981a7463ca897d554a1e31a55fb95a7b102 l2_grid=0,1e-6,1e-5,1e-4,1e-3,1e-2,1e-1,1,10 validation_fraction=0.2 fit_baselines_on_eval=false seed=1
2026-08-15 00:09:08,557 INFO [__main__] ========================================================================
2026-08-15 00:09:08,557 INFO [__main__] selected methods=('cov_y_delta_ridge_shared',)
2026-08-15 00:09:10,472 INFO [__main__] baseline selection start l2_grid=(0.0, 1e-06, 1e-05, 0.0001, 0.001, 0.01, 0.1, 1.0, 10.0)
2026-08-15 00:09:10,973 INFO [__main__] baseline selection done
2026-08-15 00:09:10,998 INFO [__main__] experiment done seconds=2.44
2026-08-15 00:09:10,998 INFO [__main__] ========================================================================
2026-08-15T00:09:11+02:00 baselines done configuration=9/12 dataset=Solar model=chronos2 formula=cov_y_delta_ridge_shared lags=504 horizon=168 retrieval=instance_euclidean_3_online

2026-08-15T00:09:11+02:00 baselines start configuration=9/12 dataset=Solar model=chronos2 formula=cov_avgy_ridge_shared lags=504 horizon=168 retrieval=instance_euclidean_3_online run=/home/h61084/codes/adapts/outputs/adaptation/delta_baselines_ablation/Solar/504_168/chronos2/cov_avgy_ridge_shared/instance/euclidean/3/online/run_0 computation_signature=cbdb81249e3b3f61b54b51ccf96ff11ae617b0bbbe8897753a8b9d2e3de551c7 l2_grid=0,1e-6,1e-5,1e-4,1e-3,1e-2,1e-1,1,10 validation_fraction=0.2 fit_baselines_on_eval=false seed=1
2026-08-15 00:09:14,086 INFO [__main__] ========================================================================
2026-08-15 00:09:14,087 INFO [__main__] selected methods=('cov_avgy_ridge_shared',)
2026-08-15 00:09:16,043 INFO [__main__] baseline selection start l2_grid=(0.0, 1e-06, 1e-05, 0.0001, 0.001, 0.01, 0.1, 1.0, 10.0)
2026-08-15 00:09:16,708 INFO [__main__] baseline selection done
2026-08-15 00:09:16,731 INFO [__main__] experiment done seconds=2.64
2026-08-15 00:09:16,731 INFO [__main__] ========================================================================
2026-08-15T00:09:17+02:00 baselines done configuration=9/12 dataset=Solar model=chronos2 formula=cov_avgy_ridge_shared lags=504 horizon=168 retrieval=instance_euclidean_3_online

2026-08-15T00:09:17+02:00 baselines start configuration=9/12 dataset=Solar model=chronos2 formula=cov_avgy_delta_ridge_shared lags=504 horizon=168 retrieval=instance_euclidean_3_online run=/home/h61084/codes/adapts/outputs/adaptation/delta_baselines_ablation/Solar/504_168/chronos2/cov_avgy_delta_ridge_shared/instance/euclidean/3/online/run_0 computation_signature=f941ba6e0a719c4707cc7c5da4d47a696c8664a2f410b1d995e3f11f5b3763ef l2_grid=0,1e-6,1e-5,1e-4,1e-3,1e-2,1e-1,1,10 validation_fraction=0.2 fit_baselines_on_eval=false seed=1
2026-08-15 00:09:19,673 INFO [__main__] ========================================================================
2026-08-15 00:09:19,673 INFO [__main__] selected methods=('cov_avgy_delta_ridge_shared',)
2026-08-15 00:09:21,548 INFO [__main__] baseline selection start l2_grid=(0.0, 1e-06, 1e-05, 0.0001, 0.001, 0.01, 0.1, 1.0, 10.0)
2026-08-15 00:09:22,139 INFO [__main__] baseline selection done
2026-08-15 00:09:22,161 INFO [__main__] experiment done seconds=2.49
2026-08-15 00:09:22,161 INFO [__main__] ========================================================================
2026-08-15T00:09:22+02:00 baselines done configuration=9/12 dataset=Solar model=chronos2 formula=cov_avgy_delta_ridge_shared lags=504 horizon=168 retrieval=instance_euclidean_3_online
2026-08-15 00:09:24,702 INFO [__main__] extraction validation directory=/home/h61084/codes/adapts/outputs/extraction/exchange_rate/168_24/chronos2/instance/euclidean/3/online/run_1 status=complete

2026-08-15T00:09:25+02:00 baselines start configuration=10/12 dataset=exchange_rate model=chronos2 formula=full_ridge_shared lags=168 horizon=24 retrieval=instance_euclidean_3_online run=/home/h61084/codes/adapts/outputs/adaptation/delta_baselines_ablation/exchange_rate/168_24/chronos2/full_ridge_shared/instance/euclidean/3/online/run_0 computation_signature=904dbe4d48ebb7b20ea19af40da7c50d2a3050b9cd7346ed2790db1b0cd567b9 l2_grid=0,1e-6,1e-5,1e-4,1e-3,1e-2,1e-1,1,10 validation_fraction=0.2 fit_baselines_on_eval=false seed=1
2026-08-15 00:09:27,592 INFO [__main__] ========================================================================
2026-08-15 00:09:27,592 INFO [__main__] selected methods=('full_ridge_shared',)
2026-08-15 00:09:29,055 INFO [__main__] baseline selection start l2_grid=(0.0, 1e-06, 1e-05, 0.0001, 0.001, 0.01, 0.1, 1.0, 10.0)
2026-08-15 00:09:29,174 INFO [__main__] baseline selection done
2026-08-15 00:09:29,197 INFO [__main__] experiment done seconds=1.60
2026-08-15 00:09:29,197 INFO [__main__] ========================================================================
2026-08-15T00:09:29+02:00 baselines done configuration=10/12 dataset=exchange_rate model=chronos2 formula=full_ridge_shared lags=168 horizon=24 retrieval=instance_euclidean_3_online

2026-08-15T00:09:29+02:00 baselines start configuration=10/12 dataset=exchange_rate model=chronos2 formula=full_delta_ridge_shared lags=168 horizon=24 retrieval=instance_euclidean_3_online run=/home/h61084/codes/adapts/outputs/adaptation/delta_baselines_ablation/exchange_rate/168_24/chronos2/full_delta_ridge_shared/instance/euclidean/3/online/run_0 computation_signature=9828e11b7e642806ba007c65c01932815f928c67e5df67038b4320e7b8c22757 l2_grid=0,1e-6,1e-5,1e-4,1e-3,1e-2,1e-1,1,10 validation_fraction=0.2 fit_baselines_on_eval=false seed=1
2026-08-15 00:09:32,409 INFO [__main__] ========================================================================
2026-08-15 00:09:32,409 INFO [__main__] selected methods=('full_delta_ridge_shared',)
2026-08-15 00:09:33,975 INFO [__main__] baseline selection start l2_grid=(0.0, 1e-06, 1e-05, 0.0001, 0.001, 0.01, 0.1, 1.0, 10.0)
2026-08-15 00:09:34,091 INFO [__main__] baseline selection done
2026-08-15 00:09:34,130 INFO [__main__] experiment done seconds=1.71
2026-08-15 00:09:34,130 INFO [__main__] ========================================================================
2026-08-15T00:09:34+02:00 baselines done configuration=10/12 dataset=exchange_rate model=chronos2 formula=full_delta_ridge_shared lags=168 horizon=24 retrieval=instance_euclidean_3_online

2026-08-15T00:09:34+02:00 baselines start configuration=10/12 dataset=exchange_rate model=chronos2 formula=cov_y_ridge_shared lags=168 horizon=24 retrieval=instance_euclidean_3_online run=/home/h61084/codes/adapts/outputs/adaptation/delta_baselines_ablation/exchange_rate/168_24/chronos2/cov_y_ridge_shared/instance/euclidean/3/online/run_0 computation_signature=9669c4d9c8051a9eca9b331e5ed0fe8dd811096e899e63748ba2ec5f225749aa l2_grid=0,1e-6,1e-5,1e-4,1e-3,1e-2,1e-1,1,10 validation_fraction=0.2 fit_baselines_on_eval=false seed=1
2026-08-15 00:09:37,245 INFO [__main__] ========================================================================
2026-08-15 00:09:37,245 INFO [__main__] selected methods=('cov_y_ridge_shared',)
2026-08-15 00:09:38,881 INFO [__main__] baseline selection start l2_grid=(0.0, 1e-06, 1e-05, 0.0001, 0.001, 0.01, 0.1, 1.0, 10.0)
2026-08-15 00:09:39,002 INFO [__main__] baseline selection done
2026-08-15 00:09:39,028 INFO [__main__] experiment done seconds=1.78
2026-08-15 00:09:39,028 INFO [__main__] ========================================================================
2026-08-15T00:09:39+02:00 baselines done configuration=10/12 dataset=exchange_rate model=chronos2 formula=cov_y_ridge_shared lags=168 horizon=24 retrieval=instance_euclidean_3_online

2026-08-15T00:09:39+02:00 baselines start configuration=10/12 dataset=exchange_rate model=chronos2 formula=cov_y_delta_ridge_shared lags=168 horizon=24 retrieval=instance_euclidean_3_online run=/home/h61084/codes/adapts/outputs/adaptation/delta_baselines_ablation/exchange_rate/168_24/chronos2/cov_y_delta_ridge_shared/instance/euclidean/3/online/run_0 computation_signature=fc35b00419e58c438844b0d5c0572ca5c253709d4cc9b4da2aed525803dc6a58 l2_grid=0,1e-6,1e-5,1e-4,1e-3,1e-2,1e-1,1,10 validation_fraction=0.2 fit_baselines_on_eval=false seed=1
2026-08-15 00:09:42,692 INFO [__main__] ========================================================================
2026-08-15 00:09:42,692 INFO [__main__] selected methods=('cov_y_delta_ridge_shared',)
2026-08-15 00:09:44,490 INFO [__main__] baseline selection start l2_grid=(0.0, 1e-06, 1e-05, 0.0001, 0.001, 0.01, 0.1, 1.0, 10.0)
2026-08-15 00:09:44,610 INFO [__main__] baseline selection done
2026-08-15 00:09:44,634 INFO [__main__] experiment done seconds=1.94
2026-08-15 00:09:44,635 INFO [__main__] ========================================================================
2026-08-15T00:09:45+02:00 baselines done configuration=10/12 dataset=exchange_rate model=chronos2 formula=cov_y_delta_ridge_shared lags=168 horizon=24 retrieval=instance_euclidean_3_online

2026-08-15T00:09:45+02:00 baselines start configuration=10/12 dataset=exchange_rate model=chronos2 formula=cov_avgy_ridge_shared lags=168 horizon=24 retrieval=instance_euclidean_3_online run=/home/h61084/codes/adapts/outputs/adaptation/delta_baselines_ablation/exchange_rate/168_24/chronos2/cov_avgy_ridge_shared/instance/euclidean/3/online/run_0 computation_signature=ba25f345782ce9f6adb13e2b4de97e68e3b4c79e85b853eb85e69a8b2277b9f0 l2_grid=0,1e-6,1e-5,1e-4,1e-3,1e-2,1e-1,1,10 validation_fraction=0.2 fit_baselines_on_eval=false seed=1
2026-08-15 00:09:47,603 INFO [__main__] ========================================================================
2026-08-15 00:09:47,603 INFO [__main__] selected methods=('cov_avgy_ridge_shared',)
2026-08-15 00:09:49,306 INFO [__main__] baseline selection start l2_grid=(0.0, 1e-06, 1e-05, 0.0001, 0.001, 0.01, 0.1, 1.0, 10.0)
2026-08-15 00:09:49,422 INFO [__main__] baseline selection done
2026-08-15 00:09:49,447 INFO [__main__] experiment done seconds=1.84
2026-08-15 00:09:49,447 INFO [__main__] ========================================================================
2026-08-15T00:09:49+02:00 baselines done configuration=10/12 dataset=exchange_rate model=chronos2 formula=cov_avgy_ridge_shared lags=168 horizon=24 retrieval=instance_euclidean_3_online

2026-08-15T00:09:50+02:00 baselines start configuration=10/12 dataset=exchange_rate model=chronos2 formula=cov_avgy_delta_ridge_shared lags=168 horizon=24 retrieval=instance_euclidean_3_online run=/home/h61084/codes/adapts/outputs/adaptation/delta_baselines_ablation/exchange_rate/168_24/chronos2/cov_avgy_delta_ridge_shared/instance/euclidean/3/online/run_0 computation_signature=4deb3a2794fb00007a2c5a858fa68c4a365913e1224061ab2d6e58831ef499e5 l2_grid=0,1e-6,1e-5,1e-4,1e-3,1e-2,1e-1,1,10 validation_fraction=0.2 fit_baselines_on_eval=false seed=1
2026-08-15 00:09:52,650 INFO [__main__] ========================================================================
2026-08-15 00:09:52,650 INFO [__main__] selected methods=('cov_avgy_delta_ridge_shared',)
2026-08-15 00:09:54,189 INFO [__main__] baseline selection start l2_grid=(0.0, 1e-06, 1e-05, 0.0001, 0.001, 0.01, 0.1, 1.0, 10.0)
2026-08-15 00:09:54,302 INFO [__main__] baseline selection done
2026-08-15 00:09:54,325 INFO [__main__] experiment done seconds=1.67
2026-08-15 00:09:54,325 INFO [__main__] ========================================================================
2026-08-15T00:09:54+02:00 baselines done configuration=10/12 dataset=exchange_rate model=chronos2 formula=cov_avgy_delta_ridge_shared lags=168 horizon=24 retrieval=instance_euclidean_3_online
2026-08-15 00:09:57,330 INFO [__main__] extraction validation directory=/home/h61084/codes/adapts/outputs/extraction/exchange_rate/336_48/chronos2/instance/euclidean/3/online/run_1 status=complete

2026-08-15T00:09:57+02:00 baselines start configuration=11/12 dataset=exchange_rate model=chronos2 formula=full_ridge_shared lags=336 horizon=48 retrieval=instance_euclidean_3_online run=/home/h61084/codes/adapts/outputs/adaptation/delta_baselines_ablation/exchange_rate/336_48/chronos2/full_ridge_shared/instance/euclidean/3/online/run_0 computation_signature=6c70ce26888650bd787e979d0fd602b03f180866923d7630e3ba190306d01b6b l2_grid=0,1e-6,1e-5,1e-4,1e-3,1e-2,1e-1,1,10 validation_fraction=0.2 fit_baselines_on_eval=false seed=1
2026-08-15 00:10:00,553 INFO [__main__] ========================================================================
2026-08-15 00:10:00,553 INFO [__main__] selected methods=('full_ridge_shared',)
2026-08-15 00:10:02,524 INFO [__main__] baseline selection start l2_grid=(0.0, 1e-06, 1e-05, 0.0001, 0.001, 0.01, 0.1, 1.0, 10.0)
2026-08-15 00:10:02,702 INFO [__main__] baseline selection done
2026-08-15 00:10:02,731 INFO [__main__] experiment done seconds=2.17
2026-08-15 00:10:02,731 INFO [__main__] ========================================================================
2026-08-15T00:10:03+02:00 baselines done configuration=11/12 dataset=exchange_rate model=chronos2 formula=full_ridge_shared lags=336 horizon=48 retrieval=instance_euclidean_3_online

2026-08-15T00:10:03+02:00 baselines start configuration=11/12 dataset=exchange_rate model=chronos2 formula=full_delta_ridge_shared lags=336 horizon=48 retrieval=instance_euclidean_3_online run=/home/h61084/codes/adapts/outputs/adaptation/delta_baselines_ablation/exchange_rate/336_48/chronos2/full_delta_ridge_shared/instance/euclidean/3/online/run_0 computation_signature=a9624292c7179380c114cf850e2ca8af364e22aa6fa5b5fe9588b16834e8b472 l2_grid=0,1e-6,1e-5,1e-4,1e-3,1e-2,1e-1,1,10 validation_fraction=0.2 fit_baselines_on_eval=false seed=1
2026-08-15 00:10:06,057 INFO [__main__] ========================================================================
2026-08-15 00:10:06,057 INFO [__main__] selected methods=('full_delta_ridge_shared',)
2026-08-15 00:10:08,059 INFO [__main__] baseline selection start l2_grid=(0.0, 1e-06, 1e-05, 0.0001, 0.001, 0.01, 0.1, 1.0, 10.0)
2026-08-15 00:10:08,236 INFO [__main__] baseline selection done
2026-08-15 00:10:08,263 INFO [__main__] experiment done seconds=2.20
2026-08-15 00:10:08,263 INFO [__main__] ========================================================================
2026-08-15T00:10:08+02:00 baselines done configuration=11/12 dataset=exchange_rate model=chronos2 formula=full_delta_ridge_shared lags=336 horizon=48 retrieval=instance_euclidean_3_online

2026-08-15T00:10:09+02:00 baselines start configuration=11/12 dataset=exchange_rate model=chronos2 formula=cov_y_ridge_shared lags=336 horizon=48 retrieval=instance_euclidean_3_online run=/home/h61084/codes/adapts/outputs/adaptation/delta_baselines_ablation/exchange_rate/336_48/chronos2/cov_y_ridge_shared/instance/euclidean/3/online/run_0 computation_signature=2ff609626607d87af2fd96fe69760941a5b027f87bf7cc9c811d6d2833258c24 l2_grid=0,1e-6,1e-5,1e-4,1e-3,1e-2,1e-1,1,10 validation_fraction=0.2 fit_baselines_on_eval=false seed=1
2026-08-15 00:10:11,611 INFO [__main__] ========================================================================
2026-08-15 00:10:11,611 INFO [__main__] selected methods=('cov_y_ridge_shared',)
2026-08-15 00:10:13,283 INFO [__main__] baseline selection start l2_grid=(0.0, 1e-06, 1e-05, 0.0001, 0.001, 0.01, 0.1, 1.0, 10.0)
2026-08-15 00:10:13,415 INFO [__main__] baseline selection done
2026-08-15 00:10:13,441 INFO [__main__] experiment done seconds=1.83
2026-08-15 00:10:13,441 INFO [__main__] ========================================================================
2026-08-15T00:10:13+02:00 baselines done configuration=11/12 dataset=exchange_rate model=chronos2 formula=cov_y_ridge_shared lags=336 horizon=48 retrieval=instance_euclidean_3_online

2026-08-15T00:10:14+02:00 baselines start configuration=11/12 dataset=exchange_rate model=chronos2 formula=cov_y_delta_ridge_shared lags=336 horizon=48 retrieval=instance_euclidean_3_online run=/home/h61084/codes/adapts/outputs/adaptation/delta_baselines_ablation/exchange_rate/336_48/chronos2/cov_y_delta_ridge_shared/instance/euclidean/3/online/run_0 computation_signature=3d1b8447eb43f35a6cb579b0dfecdef17a09323e3b12db32f15f5ee017bb79c7 l2_grid=0,1e-6,1e-5,1e-4,1e-3,1e-2,1e-1,1,10 validation_fraction=0.2 fit_baselines_on_eval=false seed=1
2026-08-15 00:10:16,631 INFO [__main__] ========================================================================
2026-08-15 00:10:16,631 INFO [__main__] selected methods=('cov_y_delta_ridge_shared',)
2026-08-15 00:10:18,310 INFO [__main__] baseline selection start l2_grid=(0.0, 1e-06, 1e-05, 0.0001, 0.001, 0.01, 0.1, 1.0, 10.0)
2026-08-15 00:10:18,443 INFO [__main__] baseline selection done
2026-08-15 00:10:18,468 INFO [__main__] experiment done seconds=1.83
2026-08-15 00:10:18,468 INFO [__main__] ========================================================================
2026-08-15T00:10:18+02:00 baselines done configuration=11/12 dataset=exchange_rate model=chronos2 formula=cov_y_delta_ridge_shared lags=336 horizon=48 retrieval=instance_euclidean_3_online

2026-08-15T00:10:19+02:00 baselines start configuration=11/12 dataset=exchange_rate model=chronos2 formula=cov_avgy_ridge_shared lags=336 horizon=48 retrieval=instance_euclidean_3_online run=/home/h61084/codes/adapts/outputs/adaptation/delta_baselines_ablation/exchange_rate/336_48/chronos2/cov_avgy_ridge_shared/instance/euclidean/3/online/run_0 computation_signature=16f0830ca6274021201b618943a17b4377a248150dc9a180fa60fe9965f31c49 l2_grid=0,1e-6,1e-5,1e-4,1e-3,1e-2,1e-1,1,10 validation_fraction=0.2 fit_baselines_on_eval=false seed=1
2026-08-15 00:10:21,727 INFO [__main__] ========================================================================
2026-08-15 00:10:21,727 INFO [__main__] selected methods=('cov_avgy_ridge_shared',)
2026-08-15 00:10:23,462 INFO [__main__] baseline selection start l2_grid=(0.0, 1e-06, 1e-05, 0.0001, 0.001, 0.01, 0.1, 1.0, 10.0)
2026-08-15 00:10:23,581 INFO [__main__] baseline selection done
2026-08-15 00:10:23,606 INFO [__main__] experiment done seconds=1.87
2026-08-15 00:10:23,606 INFO [__main__] ========================================================================
2026-08-15T00:10:24+02:00 baselines done configuration=11/12 dataset=exchange_rate model=chronos2 formula=cov_avgy_ridge_shared lags=336 horizon=48 retrieval=instance_euclidean_3_online

2026-08-15T00:10:24+02:00 baselines start configuration=11/12 dataset=exchange_rate model=chronos2 formula=cov_avgy_delta_ridge_shared lags=336 horizon=48 retrieval=instance_euclidean_3_online run=/home/h61084/codes/adapts/outputs/adaptation/delta_baselines_ablation/exchange_rate/336_48/chronos2/cov_avgy_delta_ridge_shared/instance/euclidean/3/online/run_0 computation_signature=ee7e66ba7c8be7e407daad85240ec6bb9d43601e60b4ecce8df9becadaa197b5 l2_grid=0,1e-6,1e-5,1e-4,1e-3,1e-2,1e-1,1,10 validation_fraction=0.2 fit_baselines_on_eval=false seed=1
2026-08-15 00:10:26,760 INFO [__main__] ========================================================================
2026-08-15 00:10:26,760 INFO [__main__] selected methods=('cov_avgy_delta_ridge_shared',)
2026-08-15 00:10:28,394 INFO [__main__] baseline selection start l2_grid=(0.0, 1e-06, 1e-05, 0.0001, 0.001, 0.01, 0.1, 1.0, 10.0)
2026-08-15 00:10:28,519 INFO [__main__] baseline selection done
2026-08-15 00:10:28,545 INFO [__main__] experiment done seconds=1.78
2026-08-15 00:10:28,545 INFO [__main__] ========================================================================
2026-08-15T00:10:29+02:00 baselines done configuration=11/12 dataset=exchange_rate model=chronos2 formula=cov_avgy_delta_ridge_shared lags=336 horizon=48 retrieval=instance_euclidean_3_online
2026-08-15 00:10:31,305 INFO [__main__] extraction validation directory=/home/h61084/codes/adapts/outputs/extraction/exchange_rate/504_168/chronos2/instance/euclidean/3/online/run_1 status=complete

2026-08-15T00:10:31+02:00 baselines start configuration=12/12 dataset=exchange_rate model=chronos2 formula=full_ridge_shared lags=504 horizon=168 retrieval=instance_euclidean_3_online run=/home/h61084/codes/adapts/outputs/adaptation/delta_baselines_ablation/exchange_rate/504_168/chronos2/full_ridge_shared/instance/euclidean/3/online/run_0 computation_signature=6f396233eafb78d2d6bc739025d3c480559dc9c509635067684d93c1c9a1a194 l2_grid=0,1e-6,1e-5,1e-4,1e-3,1e-2,1e-1,1,10 validation_fraction=0.2 fit_baselines_on_eval=false seed=1
2026-08-15 00:10:34,481 INFO [__main__] ========================================================================
2026-08-15 00:10:34,481 INFO [__main__] selected methods=('full_ridge_shared',)
2026-08-15 00:10:36,164 INFO [__main__] baseline selection start l2_grid=(0.0, 1e-06, 1e-05, 0.0001, 0.001, 0.01, 0.1, 1.0, 10.0)
2026-08-15 00:10:36,400 INFO [__main__] baseline selection done
2026-08-15 00:10:36,425 INFO [__main__] experiment done seconds=1.94
2026-08-15 00:10:36,425 INFO [__main__] ========================================================================
2026-08-15T00:10:36+02:00 baselines done configuration=12/12 dataset=exchange_rate model=chronos2 formula=full_ridge_shared lags=504 horizon=168 retrieval=instance_euclidean_3_online

2026-08-15T00:10:37+02:00 baselines start configuration=12/12 dataset=exchange_rate model=chronos2 formula=full_delta_ridge_shared lags=504 horizon=168 retrieval=instance_euclidean_3_online run=/home/h61084/codes/adapts/outputs/adaptation/delta_baselines_ablation/exchange_rate/504_168/chronos2/full_delta_ridge_shared/instance/euclidean/3/online/run_0 computation_signature=86b4cdbf5e78859da62eb3fd2d5d75132572963b626d25b47182e7d8a19747b7 l2_grid=0,1e-6,1e-5,1e-4,1e-3,1e-2,1e-1,1,10 validation_fraction=0.2 fit_baselines_on_eval=false seed=1
2026-08-15 00:10:39,723 INFO [__main__] ========================================================================
2026-08-15 00:10:39,723 INFO [__main__] selected methods=('full_delta_ridge_shared',)
2026-08-15 00:10:41,426 INFO [__main__] baseline selection start l2_grid=(0.0, 1e-06, 1e-05, 0.0001, 0.001, 0.01, 0.1, 1.0, 10.0)
2026-08-15 00:10:41,595 INFO [__main__] baseline selection done
2026-08-15 00:10:41,621 INFO [__main__] experiment done seconds=1.89
2026-08-15 00:10:41,621 INFO [__main__] ========================================================================
2026-08-15T00:10:42+02:00 baselines done configuration=12/12 dataset=exchange_rate model=chronos2 formula=full_delta_ridge_shared lags=504 horizon=168 retrieval=instance_euclidean_3_online

2026-08-15T00:10:42+02:00 baselines start configuration=12/12 dataset=exchange_rate model=chronos2 formula=cov_y_ridge_shared lags=504 horizon=168 retrieval=instance_euclidean_3_online run=/home/h61084/codes/adapts/outputs/adaptation/delta_baselines_ablation/exchange_rate/504_168/chronos2/cov_y_ridge_shared/instance/euclidean/3/online/run_0 computation_signature=ca09389fe8280ffe0b5aed43704265251a212b3966b2353dbd1e4416e73de947 l2_grid=0,1e-6,1e-5,1e-4,1e-3,1e-2,1e-1,1,10 validation_fraction=0.2 fit_baselines_on_eval=false seed=1
2026-08-15 00:10:45,137 INFO [__main__] ========================================================================
2026-08-15 00:10:45,137 INFO [__main__] selected methods=('cov_y_ridge_shared',)
2026-08-15 00:10:46,862 INFO [__main__] baseline selection start l2_grid=(0.0, 1e-06, 1e-05, 0.0001, 0.001, 0.01, 0.1, 1.0, 10.0)
2026-08-15 00:10:47,045 INFO [__main__] baseline selection done
2026-08-15 00:10:47,071 INFO [__main__] experiment done seconds=1.93
2026-08-15 00:10:47,071 INFO [__main__] ========================================================================
2026-08-15T00:10:47+02:00 baselines done configuration=12/12 dataset=exchange_rate model=chronos2 formula=cov_y_ridge_shared lags=504 horizon=168 retrieval=instance_euclidean_3_online

2026-08-15T00:10:47+02:00 baselines start configuration=12/12 dataset=exchange_rate model=chronos2 formula=cov_y_delta_ridge_shared lags=504 horizon=168 retrieval=instance_euclidean_3_online run=/home/h61084/codes/adapts/outputs/adaptation/delta_baselines_ablation/exchange_rate/504_168/chronos2/cov_y_delta_ridge_shared/instance/euclidean/3/online/run_0 computation_signature=b3ad60da5ab828e0f6dacbc1b5d807f8b402fb02165533726526486069934f27 l2_grid=0,1e-6,1e-5,1e-4,1e-3,1e-2,1e-1,1,10 validation_fraction=0.2 fit_baselines_on_eval=false seed=1
2026-08-15 00:10:50,352 INFO [__main__] ========================================================================
2026-08-15 00:10:50,352 INFO [__main__] selected methods=('cov_y_delta_ridge_shared',)
2026-08-15 00:10:52,093 INFO [__main__] baseline selection start l2_grid=(0.0, 1e-06, 1e-05, 0.0001, 0.001, 0.01, 0.1, 1.0, 10.0)
2026-08-15 00:10:52,276 INFO [__main__] baseline selection done
2026-08-15 00:10:52,304 INFO [__main__] experiment done seconds=1.95
2026-08-15 00:10:52,304 INFO [__main__] ========================================================================
2026-08-15T00:10:52+02:00 baselines done configuration=12/12 dataset=exchange_rate model=chronos2 formula=cov_y_delta_ridge_shared lags=504 horizon=168 retrieval=instance_euclidean_3_online

2026-08-15T00:10:53+02:00 baselines start configuration=12/12 dataset=exchange_rate model=chronos2 formula=cov_avgy_ridge_shared lags=504 horizon=168 retrieval=instance_euclidean_3_online run=/home/h61084/codes/adapts/outputs/adaptation/delta_baselines_ablation/exchange_rate/504_168/chronos2/cov_avgy_ridge_shared/instance/euclidean/3/online/run_0 computation_signature=b4f21638d224e6020ef2b393c9015fa0f987886a9923ea24aee1087ce728e0dd l2_grid=0,1e-6,1e-5,1e-4,1e-3,1e-2,1e-1,1,10 validation_fraction=0.2 fit_baselines_on_eval=false seed=1
2026-08-15 00:10:55,527 INFO [__main__] ========================================================================
2026-08-15 00:10:55,528 INFO [__main__] selected methods=('cov_avgy_ridge_shared',)
2026-08-15 00:10:57,158 INFO [__main__] baseline selection start l2_grid=(0.0, 1e-06, 1e-05, 0.0001, 0.001, 0.01, 0.1, 1.0, 10.0)
2026-08-15 00:10:57,312 INFO [__main__] baseline selection done
2026-08-15 00:10:57,338 INFO [__main__] experiment done seconds=1.81
2026-08-15 00:10:57,338 INFO [__main__] ========================================================================
2026-08-15T00:10:57+02:00 baselines done configuration=12/12 dataset=exchange_rate model=chronos2 formula=cov_avgy_ridge_shared lags=504 horizon=168 retrieval=instance_euclidean_3_online

2026-08-15T00:10:58+02:00 baselines start configuration=12/12 dataset=exchange_rate model=chronos2 formula=cov_avgy_delta_ridge_shared lags=504 horizon=168 retrieval=instance_euclidean_3_online run=/home/h61084/codes/adapts/outputs/adaptation/delta_baselines_ablation/exchange_rate/504_168/chronos2/cov_avgy_delta_ridge_shared/instance/euclidean/3/online/run_0 computation_signature=26afb71a9668234d33d71495b20ef253d4b61253452a2ab383777ecb8164df1e l2_grid=0,1e-6,1e-5,1e-4,1e-3,1e-2,1e-1,1,10 validation_fraction=0.2 fit_baselines_on_eval=false seed=1
2026-08-15 00:11:00,565 INFO [__main__] ========================================================================
2026-08-15 00:11:00,565 INFO [__main__] selected methods=('cov_avgy_delta_ridge_shared',)
2026-08-15 00:11:02,396 INFO [__main__] baseline selection start l2_grid=(0.0, 1e-06, 1e-05, 0.0001, 0.001, 0.01, 0.1, 1.0, 10.0)
2026-08-15 00:11:02,610 INFO [__main__] baseline selection done
2026-08-15 00:11:02,635 INFO [__main__] experiment done seconds=2.07
2026-08-15 00:11:02,635 INFO [__main__] ========================================================================
2026-08-15T00:11:03+02:00 baselines done configuration=12/12 dataset=exchange_rate model=chronos2 formula=cov_avgy_delta_ridge_shared lags=504 horizon=168 retrieval=instance_euclidean_3_online

2026-08-15T00:11:03+02:00 job done kind=baselines output=outputs/adaptation/delta_baselines_ablation

2026-08-15T00:11:03+02:00 job start kind=adaptation_extraction family=delta_baselines_ablation experiment_mode=full skip_complete=true tasks=24 datasets=Electricity,Traffic,Solar,exchange_rate models=chronos2 settings=168:24,336:48,504:168 distance_spaces=raw distance_metrics=euclidean neighbors=1
2026-08-15T00:11:03+02:00 skip complete family=extraction dataset=Electricity model=chronos2 lags=168 horizon=24 retrieval=vanilla run=/home/h61084/codes/adapts/outputs/extraction/Electricity/168_24/chronos2/none/none/0/none/run_1
2026-08-15T00:11:03+02:00 skip complete family=extraction dataset=Electricity model=chronos2 lags=168 horizon=24 retrieval=raw_euclidean_1_online run=/home/h61084/codes/adapts/outputs/extraction/Electricity/168_24/chronos2/raw/euclidean/1/online/run_1
2026-08-15T00:11:03+02:00 skip complete family=extraction dataset=Electricity model=chronos2 lags=336 horizon=48 retrieval=vanilla run=/home/h61084/codes/adapts/outputs/extraction/Electricity/336_48/chronos2/none/none/0/none/run_1
2026-08-15T00:11:03+02:00 skip complete family=extraction dataset=Electricity model=chronos2 lags=336 horizon=48 retrieval=raw_euclidean_1_online run=/home/h61084/codes/adapts/outputs/extraction/Electricity/336_48/chronos2/raw/euclidean/1/online/run_1
2026-08-15T00:11:03+02:00 skip complete family=extraction dataset=Electricity model=chronos2 lags=504 horizon=168 retrieval=vanilla run=/home/h61084/codes/adapts/outputs/extraction/Electricity/504_168/chronos2/none/none/0/none/run_2
2026-08-15T00:11:03+02:00 skip complete family=extraction dataset=Electricity model=chronos2 lags=504 horizon=168 retrieval=raw_euclidean_1_online run=/home/h61084/codes/adapts/outputs/extraction/Electricity/504_168/chronos2/raw/euclidean/1/online/run_1
2026-08-15T00:11:03+02:00 skip complete family=extraction dataset=Traffic model=chronos2 lags=168 horizon=24 retrieval=vanilla run=/home/h61084/codes/adapts/outputs/extraction/Traffic/168_24/chronos2/none/none/0/none/run_1
2026-08-15T00:11:03+02:00 skip complete family=extraction dataset=Traffic model=chronos2 lags=168 horizon=24 retrieval=raw_euclidean_1_online run=/home/h61084/codes/adapts/outputs/extraction/Traffic/168_24/chronos2/raw/euclidean/1/online/run_1
2026-08-15T00:11:04+02:00 skip complete family=extraction dataset=Traffic model=chronos2 lags=336 horizon=48 retrieval=vanilla run=/home/h61084/codes/adapts/outputs/extraction/Traffic/336_48/chronos2/none/none/0/none/run_1
2026-08-15T00:11:04+02:00 skip complete family=extraction dataset=Traffic model=chronos2 lags=336 horizon=48 retrieval=raw_euclidean_1_online run=/home/h61084/codes/adapts/outputs/extraction/Traffic/336_48/chronos2/raw/euclidean/1/online/run_1
2026-08-15T00:11:04+02:00 skip complete family=extraction dataset=Traffic model=chronos2 lags=504 horizon=168 retrieval=vanilla run=/home/h61084/codes/adapts/outputs/extraction/Traffic/504_168/chronos2/none/none/0/none/run_1
2026-08-15T00:11:04+02:00 skip complete family=extraction dataset=Traffic model=chronos2 lags=504 horizon=168 retrieval=raw_euclidean_1_online run=/home/h61084/codes/adapts/outputs/extraction/Traffic/504_168/chronos2/raw/euclidean/1/online/run_1
2026-08-15T00:11:04+02:00 skip complete family=extraction dataset=Solar model=chronos2 lags=168 horizon=24 retrieval=vanilla run=/home/h61084/codes/adapts/outputs/extraction/Solar/168_24/chronos2/none/none/0/none/run_1
2026-08-15T00:11:04+02:00 skip complete family=extraction dataset=Solar model=chronos2 lags=168 horizon=24 retrieval=raw_euclidean_1_online run=/home/h61084/codes/adapts/outputs/extraction/Solar/168_24/chronos2/raw/euclidean/1/online/run_1
2026-08-15T00:11:04+02:00 skip complete family=extraction dataset=Solar model=chronos2 lags=336 horizon=48 retrieval=vanilla run=/home/h61084/codes/adapts/outputs/extraction/Solar/336_48/chronos2/none/none/0/none/run_1
2026-08-15T00:11:04+02:00 skip complete family=extraction dataset=Solar model=chronos2 lags=336 horizon=48 retrieval=raw_euclidean_1_online run=/home/h61084/codes/adapts/outputs/extraction/Solar/336_48/chronos2/raw/euclidean/1/online/run_1
2026-08-15T00:11:04+02:00 skip complete family=extraction dataset=Solar model=chronos2 lags=504 horizon=168 retrieval=vanilla run=/home/h61084/codes/adapts/outputs/extraction/Solar/504_168/chronos2/none/none/0/none/run_1
2026-08-15T00:11:04+02:00 skip complete family=extraction dataset=Solar model=chronos2 lags=504 horizon=168 retrieval=raw_euclidean_1_online run=/home/h61084/codes/adapts/outputs/extraction/Solar/504_168/chronos2/raw/euclidean/1/online/run_1
2026-08-15T00:11:04+02:00 skip complete family=extraction dataset=exchange_rate model=chronos2 lags=168 horizon=24 retrieval=vanilla run=/home/h61084/codes/adapts/outputs/extraction/exchange_rate/168_24/chronos2/none/none/0/none/run_1
2026-08-15T00:11:04+02:00 skip complete family=extraction dataset=exchange_rate model=chronos2 lags=168 horizon=24 retrieval=raw_euclidean_1_online run=/home/h61084/codes/adapts/outputs/extraction/exchange_rate/168_24/chronos2/raw/euclidean/1/online/run_1
2026-08-15T00:11:04+02:00 skip complete family=extraction dataset=exchange_rate model=chronos2 lags=336 horizon=48 retrieval=vanilla run=/home/h61084/codes/adapts/outputs/extraction/exchange_rate/336_48/chronos2/none/none/0/none/run_1
2026-08-15T00:11:05+02:00 skip complete family=extraction dataset=exchange_rate model=chronos2 lags=336 horizon=48 retrieval=raw_euclidean_1_online run=/home/h61084/codes/adapts/outputs/extraction/exchange_rate/336_48/chronos2/raw/euclidean/1/online/run_1
2026-08-15T00:11:05+02:00 skip complete family=extraction dataset=exchange_rate model=chronos2 lags=504 horizon=168 retrieval=vanilla run=/home/h61084/codes/adapts/outputs/extraction/exchange_rate/504_168/chronos2/none/none/0/none/run_1
2026-08-15T00:11:05+02:00 skip complete family=extraction dataset=exchange_rate model=chronos2 lags=504 horizon=168 retrieval=raw_euclidean_1_online run=/home/h61084/codes/adapts/outputs/extraction/exchange_rate/504_168/chronos2/raw/euclidean/1/online/run_1

2026-08-15T00:11:05+02:00 job done kind=adaptation_extraction output=outputs/extraction

2026-08-15T00:11:05+02:00 job start kind=baselines family=delta_baselines_ablation experiment_mode=full skip_complete=true tasks=12 datasets=Electricity,Traffic,Solar,exchange_rate models=chronos2 settings=168:24,336:48,504:168 distance_spaces=raw distance_metrics=euclidean neighbors=1 methods=full_ridge_shared,full_delta_ridge_shared results_root=outputs/adaptation/delta_baselines_ablation
2026-08-15 00:11:07,433 INFO [__main__] extraction validation directory=/home/h61084/codes/adapts/outputs/extraction/Electricity/168_24/chronos2/raw/euclidean/1/online/run_1 status=complete

2026-08-15T00:11:08+02:00 baselines start configuration=1/12 dataset=Electricity model=chronos2 formula=full_ridge_shared lags=168 horizon=24 retrieval=raw_euclidean_1_online run=/home/h61084/codes/adapts/outputs/adaptation/delta_baselines_ablation/Electricity/168_24/chronos2/full_ridge_shared/raw/euclidean/1/online/run_0 computation_signature=9a253b68f22090e6d56202aaf696ec796e86ec616d975e021d82f9ae35887004 l2_grid=0,1e-6,1e-5,1e-4,1e-3,1e-2,1e-1,1,10 validation_fraction=0.2 fit_baselines_on_eval=false seed=1
2026-08-15 00:11:10,802 INFO [__main__] ========================================================================
2026-08-15 00:11:10,802 INFO [__main__] selected methods=('full_ridge_shared',)
2026-08-15 00:11:13,111 INFO [__main__] baseline selection start l2_grid=(0.0, 1e-06, 1e-05, 0.0001, 0.001, 0.01, 0.1, 1.0, 10.0)
2026-08-15 00:11:13,649 INFO [__main__] baseline selection done
2026-08-15 00:11:13,674 INFO [__main__] experiment done seconds=2.87
2026-08-15 00:11:13,674 INFO [__main__] ========================================================================
2026-08-15T00:11:14+02:00 baselines done configuration=1/12 dataset=Electricity model=chronos2 formula=full_ridge_shared lags=168 horizon=24 retrieval=raw_euclidean_1_online

2026-08-15T00:11:14+02:00 baselines start configuration=1/12 dataset=Electricity model=chronos2 formula=full_delta_ridge_shared lags=168 horizon=24 retrieval=raw_euclidean_1_online run=/home/h61084/codes/adapts/outputs/adaptation/delta_baselines_ablation/Electricity/168_24/chronos2/full_delta_ridge_shared/raw/euclidean/1/online/run_0 computation_signature=7a5851647a4b993191ac6f96386af8bd67b940f518009183c3e9064c1f8dd94a l2_grid=0,1e-6,1e-5,1e-4,1e-3,1e-2,1e-1,1,10 validation_fraction=0.2 fit_baselines_on_eval=false seed=1
2026-08-15 00:11:16,787 INFO [__main__] ========================================================================
2026-08-15 00:11:16,787 INFO [__main__] selected methods=('full_delta_ridge_shared',)
2026-08-15 00:11:19,008 INFO [__main__] baseline selection start l2_grid=(0.0, 1e-06, 1e-05, 0.0001, 0.001, 0.01, 0.1, 1.0, 10.0)
2026-08-15 00:11:19,542 INFO [__main__] baseline selection done
2026-08-15 00:11:19,566 INFO [__main__] experiment done seconds=2.78
2026-08-15 00:11:19,566 INFO [__main__] ========================================================================
2026-08-15T00:11:20+02:00 baselines done configuration=1/12 dataset=Electricity model=chronos2 formula=full_delta_ridge_shared lags=168 horizon=24 retrieval=raw_euclidean_1_online
2026-08-15 00:11:22,388 INFO [__main__] extraction validation directory=/home/h61084/codes/adapts/outputs/extraction/Electricity/336_48/chronos2/raw/euclidean/1/online/run_1 status=complete

2026-08-15T00:11:22+02:00 baselines start configuration=2/12 dataset=Electricity model=chronos2 formula=full_ridge_shared lags=336 horizon=48 retrieval=raw_euclidean_1_online run=/home/h61084/codes/adapts/outputs/adaptation/delta_baselines_ablation/Electricity/336_48/chronos2/full_ridge_shared/raw/euclidean/1/online/run_0 computation_signature=8df5c446b6cd78d7463f919b60942f49bad0f6763aab1a867421bb3961c6aa2e l2_grid=0,1e-6,1e-5,1e-4,1e-3,1e-2,1e-1,1,10 validation_fraction=0.2 fit_baselines_on_eval=false seed=1
2026-08-15 00:11:25,446 INFO [__main__] ========================================================================
2026-08-15 00:11:25,447 INFO [__main__] selected methods=('full_ridge_shared',)
2026-08-15 00:11:27,777 INFO [__main__] baseline selection start l2_grid=(0.0, 1e-06, 1e-05, 0.0001, 0.001, 0.01, 0.1, 1.0, 10.0)
2026-08-15 00:11:28,638 INFO [__main__] baseline selection done
2026-08-15 00:11:28,661 INFO [__main__] experiment done seconds=3.21
2026-08-15 00:11:28,661 INFO [__main__] ========================================================================
2026-08-15T00:11:29+02:00 baselines done configuration=2/12 dataset=Electricity model=chronos2 formula=full_ridge_shared lags=336 horizon=48 retrieval=raw_euclidean_1_online

2026-08-15T00:11:29+02:00 baselines start configuration=2/12 dataset=Electricity model=chronos2 formula=full_delta_ridge_shared lags=336 horizon=48 retrieval=raw_euclidean_1_online run=/home/h61084/codes/adapts/outputs/adaptation/delta_baselines_ablation/Electricity/336_48/chronos2/full_delta_ridge_shared/raw/euclidean/1/online/run_0 computation_signature=7018149107c1ce74b39f9791bc29d3bc5246161a4d069221eec70b5e2cef803c l2_grid=0,1e-6,1e-5,1e-4,1e-3,1e-2,1e-1,1,10 validation_fraction=0.2 fit_baselines_on_eval=false seed=1
2026-08-15 00:11:32,048 INFO [__main__] ========================================================================
2026-08-15 00:11:32,049 INFO [__main__] selected methods=('full_delta_ridge_shared',)
2026-08-15 00:11:34,862 INFO [__main__] baseline selection start l2_grid=(0.0, 1e-06, 1e-05, 0.0001, 0.001, 0.01, 0.1, 1.0, 10.0)
2026-08-15 00:11:35,807 INFO [__main__] baseline selection done
2026-08-15 00:11:35,834 INFO [__main__] experiment done seconds=3.78
2026-08-15 00:11:35,834 INFO [__main__] ========================================================================
2026-08-15T00:11:36+02:00 baselines done configuration=2/12 dataset=Electricity model=chronos2 formula=full_delta_ridge_shared lags=336 horizon=48 retrieval=raw_euclidean_1_online
2026-08-15 00:11:38,551 INFO [__main__] extraction validation directory=/home/h61084/codes/adapts/outputs/extraction/Electricity/504_168/chronos2/raw/euclidean/1/online/run_1 status=complete

2026-08-15T00:11:39+02:00 baselines start configuration=3/12 dataset=Electricity model=chronos2 formula=full_ridge_shared lags=504 horizon=168 retrieval=raw_euclidean_1_online run=/home/h61084/codes/adapts/outputs/adaptation/delta_baselines_ablation/Electricity/504_168/chronos2/full_ridge_shared/raw/euclidean/1/online/run_0 computation_signature=3c4eaffec801c70331cb1e6af6bf3c99d5e6e1f60930254de142e460bf96e742 l2_grid=0,1e-6,1e-5,1e-4,1e-3,1e-2,1e-1,1,10 validation_fraction=0.2 fit_baselines_on_eval=false seed=1
2026-08-15 00:11:41,492 INFO [__main__] ========================================================================
2026-08-15 00:11:41,492 INFO [__main__] selected methods=('full_ridge_shared',)
2026-08-15 00:11:44,520 INFO [__main__] baseline selection start l2_grid=(0.0, 1e-06, 1e-05, 0.0001, 0.001, 0.01, 0.1, 1.0, 10.0)
2026-08-15 00:11:47,371 INFO [__main__] baseline selection done
2026-08-15 00:11:47,407 INFO [__main__] experiment done seconds=5.91
2026-08-15 00:11:47,407 INFO [__main__] ========================================================================
2026-08-15T00:11:47+02:00 baselines done configuration=3/12 dataset=Electricity model=chronos2 formula=full_ridge_shared lags=504 horizon=168 retrieval=raw_euclidean_1_online

2026-08-15T00:11:48+02:00 baselines start configuration=3/12 dataset=Electricity model=chronos2 formula=full_delta_ridge_shared lags=504 horizon=168 retrieval=raw_euclidean_1_online run=/home/h61084/codes/adapts/outputs/adaptation/delta_baselines_ablation/Electricity/504_168/chronos2/full_delta_ridge_shared/raw/euclidean/1/online/run_0 computation_signature=8151d3f912e2476b75c9cead78ac257fc2dbbd6fff4c87e612aa29e572ae0ada l2_grid=0,1e-6,1e-5,1e-4,1e-3,1e-2,1e-1,1,10 validation_fraction=0.2 fit_baselines_on_eval=false seed=1
2026-08-15 00:11:50,590 INFO [__main__] ========================================================================
2026-08-15 00:11:50,591 INFO [__main__] selected methods=('full_delta_ridge_shared',)
2026-08-15 00:11:53,730 INFO [__main__] baseline selection start l2_grid=(0.0, 1e-06, 1e-05, 0.0001, 0.001, 0.01, 0.1, 1.0, 10.0)
2026-08-15 00:11:56,724 INFO [__main__] baseline selection done
2026-08-15 00:11:56,756 INFO [__main__] experiment done seconds=6.16
2026-08-15 00:11:56,756 INFO [__main__] ========================================================================
2026-08-15T00:11:57+02:00 baselines done configuration=3/12 dataset=Electricity model=chronos2 formula=full_delta_ridge_shared lags=504 horizon=168 retrieval=raw_euclidean_1_online
2026-08-15 00:11:59,644 INFO [__main__] extraction validation directory=/home/h61084/codes/adapts/outputs/extraction/Traffic/168_24/chronos2/raw/euclidean/1/online/run_1 status=complete

2026-08-15T00:12:00+02:00 baselines start configuration=4/12 dataset=Traffic model=chronos2 formula=full_ridge_shared lags=168 horizon=24 retrieval=raw_euclidean_1_online run=/home/h61084/codes/adapts/outputs/adaptation/delta_baselines_ablation/Traffic/168_24/chronos2/full_ridge_shared/raw/euclidean/1/online/run_0 computation_signature=0b5cbe483c74e205c89348d876e44b7f8e8c27a5b08c6cbd29d5a1c5c0334b58 l2_grid=0,1e-6,1e-5,1e-4,1e-3,1e-2,1e-1,1,10 validation_fraction=0.2 fit_baselines_on_eval=false seed=1
2026-08-15 00:12:02,631 INFO [__main__] ========================================================================
2026-08-15 00:12:02,632 INFO [__main__] selected methods=('full_ridge_shared',)
2026-08-15 00:12:05,225 INFO [__main__] baseline selection start l2_grid=(0.0, 1e-06, 1e-05, 0.0001, 0.001, 0.01, 0.1, 1.0, 10.0)
2026-08-15 00:12:06,029 INFO [__main__] baseline selection done
2026-08-15 00:12:06,053 INFO [__main__] experiment done seconds=3.42
2026-08-15 00:12:06,053 INFO [__main__] ========================================================================
2026-08-15T00:12:06+02:00 baselines done configuration=4/12 dataset=Traffic model=chronos2 formula=full_ridge_shared lags=168 horizon=24 retrieval=raw_euclidean_1_online

2026-08-15T00:12:06+02:00 baselines start configuration=4/12 dataset=Traffic model=chronos2 formula=full_delta_ridge_shared lags=168 horizon=24 retrieval=raw_euclidean_1_online run=/home/h61084/codes/adapts/outputs/adaptation/delta_baselines_ablation/Traffic/168_24/chronos2/full_delta_ridge_shared/raw/euclidean/1/online/run_0 computation_signature=7f70fd23f62cf6f860a3a7912f937a49f5a7af91b3ab4c51346bd28055520515 l2_grid=0,1e-6,1e-5,1e-4,1e-3,1e-2,1e-1,1,10 validation_fraction=0.2 fit_baselines_on_eval=false seed=1
2026-08-15 00:12:09,193 INFO [__main__] ========================================================================
2026-08-15 00:12:09,194 INFO [__main__] selected methods=('full_delta_ridge_shared',)
2026-08-15 00:12:11,734 INFO [__main__] baseline selection start l2_grid=(0.0, 1e-06, 1e-05, 0.0001, 0.001, 0.01, 0.1, 1.0, 10.0)
2026-08-15 00:12:12,578 INFO [__main__] baseline selection done
2026-08-15 00:12:12,602 INFO [__main__] experiment done seconds=3.40
2026-08-15 00:12:12,602 INFO [__main__] ========================================================================
2026-08-15T00:12:13+02:00 baselines done configuration=4/12 dataset=Traffic model=chronos2 formula=full_delta_ridge_shared lags=168 horizon=24 retrieval=raw_euclidean_1_online
2026-08-15 00:12:15,511 INFO [__main__] extraction validation directory=/home/h61084/codes/adapts/outputs/extraction/Traffic/336_48/chronos2/raw/euclidean/1/online/run_1 status=complete

2026-08-15T00:12:16+02:00 baselines start configuration=5/12 dataset=Traffic model=chronos2 formula=full_ridge_shared lags=336 horizon=48 retrieval=raw_euclidean_1_online run=/home/h61084/codes/adapts/outputs/adaptation/delta_baselines_ablation/Traffic/336_48/chronos2/full_ridge_shared/raw/euclidean/1/online/run_0 computation_signature=5f7f35dabff97fc477dd54c47382fdc72ab7da078182c00862a79b7dea305ef2 l2_grid=0,1e-6,1e-5,1e-4,1e-3,1e-2,1e-1,1,10 validation_fraction=0.2 fit_baselines_on_eval=false seed=1
2026-08-15 00:12:18,700 INFO [__main__] ========================================================================
2026-08-15 00:12:18,701 INFO [__main__] selected methods=('full_ridge_shared',)
2026-08-15 00:12:22,072 INFO [__main__] baseline selection start l2_grid=(0.0, 1e-06, 1e-05, 0.0001, 0.001, 0.01, 0.1, 1.0, 10.0)
2026-08-15 00:12:23,599 INFO [__main__] baseline selection done
2026-08-15 00:12:23,627 INFO [__main__] experiment done seconds=4.92
2026-08-15 00:12:23,627 INFO [__main__] ========================================================================
2026-08-15T00:12:24+02:00 baselines done configuration=5/12 dataset=Traffic model=chronos2 formula=full_ridge_shared lags=336 horizon=48 retrieval=raw_euclidean_1_online

2026-08-15T00:12:24+02:00 baselines start configuration=5/12 dataset=Traffic model=chronos2 formula=full_delta_ridge_shared lags=336 horizon=48 retrieval=raw_euclidean_1_online run=/home/h61084/codes/adapts/outputs/adaptation/delta_baselines_ablation/Traffic/336_48/chronos2/full_delta_ridge_shared/raw/euclidean/1/online/run_0 computation_signature=5bf3740fe390545d700283cc95f7e55ede3487dc38638e3e9a39bc5ece82f789 l2_grid=0,1e-6,1e-5,1e-4,1e-3,1e-2,1e-1,1,10 validation_fraction=0.2 fit_baselines_on_eval=false seed=1
2026-08-15 00:12:26,809 INFO [__main__] ========================================================================
2026-08-15 00:12:26,809 INFO [__main__] selected methods=('full_delta_ridge_shared',)
2026-08-15 00:12:30,058 INFO [__main__] baseline selection start l2_grid=(0.0, 1e-06, 1e-05, 0.0001, 0.001, 0.01, 0.1, 1.0, 10.0)
2026-08-15 00:12:31,638 INFO [__main__] baseline selection done
2026-08-15 00:12:31,662 INFO [__main__] experiment done seconds=4.85
2026-08-15 00:12:31,662 INFO [__main__] ========================================================================
2026-08-15T00:12:32+02:00 baselines done configuration=5/12 dataset=Traffic model=chronos2 formula=full_delta_ridge_shared lags=336 horizon=48 retrieval=raw_euclidean_1_online
2026-08-15 00:12:34,513 INFO [__main__] extraction validation directory=/home/h61084/codes/adapts/outputs/extraction/Traffic/504_168/chronos2/raw/euclidean/1/online/run_1 status=complete

2026-08-15T00:12:35+02:00 baselines start configuration=6/12 dataset=Traffic model=chronos2 formula=full_ridge_shared lags=504 horizon=168 retrieval=raw_euclidean_1_online run=/home/h61084/codes/adapts/outputs/adaptation/delta_baselines_ablation/Traffic/504_168/chronos2/full_ridge_shared/raw/euclidean/1/online/run_0 computation_signature=61455bb702aafb51ba1d277f88c757fdd3b24973e1896c197df982c536c2a96f l2_grid=0,1e-6,1e-5,1e-4,1e-3,1e-2,1e-1,1,10 validation_fraction=0.2 fit_baselines_on_eval=false seed=1
2026-08-15 00:12:37,777 INFO [__main__] ========================================================================
2026-08-15 00:12:37,777 INFO [__main__] selected methods=('full_ridge_shared',)
2026-08-15 00:12:42,060 INFO [__main__] baseline selection start l2_grid=(0.0, 1e-06, 1e-05, 0.0001, 0.001, 0.01, 0.1, 1.0, 10.0)
2026-08-15 00:12:47,412 INFO [__main__] baseline selection done
2026-08-15 00:12:47,439 INFO [__main__] experiment done seconds=9.66
2026-08-15 00:12:47,439 INFO [__main__] ========================================================================
2026-08-15T00:12:47+02:00 baselines done configuration=6/12 dataset=Traffic model=chronos2 formula=full_ridge_shared lags=504 horizon=168 retrieval=raw_euclidean_1_online

2026-08-15T00:12:48+02:00 baselines start configuration=6/12 dataset=Traffic model=chronos2 formula=full_delta_ridge_shared lags=504 horizon=168 retrieval=raw_euclidean_1_online run=/home/h61084/codes/adapts/outputs/adaptation/delta_baselines_ablation/Traffic/504_168/chronos2/full_delta_ridge_shared/raw/euclidean/1/online/run_0 computation_signature=671e5d9091692389b84bcdf20833df7b000c7059481a35bceb1e57dfe344ea44 l2_grid=0,1e-6,1e-5,1e-4,1e-3,1e-2,1e-1,1,10 validation_fraction=0.2 fit_baselines_on_eval=false seed=1
2026-08-15 00:12:51,053 INFO [__main__] ========================================================================
2026-08-15 00:12:51,053 INFO [__main__] selected methods=('full_delta_ridge_shared',)
2026-08-15 00:12:55,269 INFO [__main__] baseline selection start l2_grid=(0.0, 1e-06, 1e-05, 0.0001, 0.001, 0.01, 0.1, 1.0, 10.0)
2026-08-15 00:13:00,852 INFO [__main__] baseline selection done
2026-08-15 00:13:00,876 INFO [__main__] experiment done seconds=9.82
2026-08-15 00:13:00,876 INFO [__main__] ========================================================================
2026-08-15T00:13:01+02:00 baselines done configuration=6/12 dataset=Traffic model=chronos2 formula=full_delta_ridge_shared lags=504 horizon=168 retrieval=raw_euclidean_1_online
2026-08-15 00:13:03,661 INFO [__main__] extraction validation directory=/home/h61084/codes/adapts/outputs/extraction/Solar/168_24/chronos2/raw/euclidean/1/online/run_1 status=complete

2026-08-15T00:13:04+02:00 baselines start configuration=7/12 dataset=Solar model=chronos2 formula=full_ridge_shared lags=168 horizon=24 retrieval=raw_euclidean_1_online run=/home/h61084/codes/adapts/outputs/adaptation/delta_baselines_ablation/Solar/168_24/chronos2/full_ridge_shared/raw/euclidean/1/online/run_0 computation_signature=b59d92cacb645d18d111fa00f0d346a27c46728d5ba7efd2e56faa7da6c35616 l2_grid=0,1e-6,1e-5,1e-4,1e-3,1e-2,1e-1,1,10 validation_fraction=0.2 fit_baselines_on_eval=false seed=1
2026-08-15 00:13:06,649 INFO [__main__] ========================================================================
2026-08-15 00:13:06,649 INFO [__main__] selected methods=('full_ridge_shared',)
2026-08-15 00:13:08,611 INFO [__main__] baseline selection start l2_grid=(0.0, 1e-06, 1e-05, 0.0001, 0.001, 0.01, 0.1, 1.0, 10.0)
2026-08-15 00:13:08,811 INFO [__main__] baseline selection done
2026-08-15 00:13:08,834 INFO [__main__] experiment done seconds=2.18
2026-08-15 00:13:08,835 INFO [__main__] ========================================================================
2026-08-15T00:13:09+02:00 baselines done configuration=7/12 dataset=Solar model=chronos2 formula=full_ridge_shared lags=168 horizon=24 retrieval=raw_euclidean_1_online

2026-08-15T00:13:09+02:00 baselines start configuration=7/12 dataset=Solar model=chronos2 formula=full_delta_ridge_shared lags=168 horizon=24 retrieval=raw_euclidean_1_online run=/home/h61084/codes/adapts/outputs/adaptation/delta_baselines_ablation/Solar/168_24/chronos2/full_delta_ridge_shared/raw/euclidean/1/online/run_0 computation_signature=f373408bc452daaec165ad114817fe017cbcb7bd000c48a7f4d1b48394a63365 l2_grid=0,1e-6,1e-5,1e-4,1e-3,1e-2,1e-1,1,10 validation_fraction=0.2 fit_baselines_on_eval=false seed=1
2026-08-15 00:13:12,065 INFO [__main__] ========================================================================
2026-08-15 00:13:12,065 INFO [__main__] selected methods=('full_delta_ridge_shared',)
2026-08-15 00:13:13,794 INFO [__main__] baseline selection start l2_grid=(0.0, 1e-06, 1e-05, 0.0001, 0.001, 0.01, 0.1, 1.0, 10.0)
2026-08-15 00:13:13,997 INFO [__main__] baseline selection done
2026-08-15 00:13:14,020 INFO [__main__] experiment done seconds=1.95
2026-08-15 00:13:14,020 INFO [__main__] ========================================================================
2026-08-15T00:13:14+02:00 baselines done configuration=7/12 dataset=Solar model=chronos2 formula=full_delta_ridge_shared lags=168 horizon=24 retrieval=raw_euclidean_1_online
2026-08-15 00:13:16,919 INFO [__main__] extraction validation directory=/home/h61084/codes/adapts/outputs/extraction/Solar/336_48/chronos2/raw/euclidean/1/online/run_1 status=complete

2026-08-15T00:13:17+02:00 baselines start configuration=8/12 dataset=Solar model=chronos2 formula=full_ridge_shared lags=336 horizon=48 retrieval=raw_euclidean_1_online run=/home/h61084/codes/adapts/outputs/adaptation/delta_baselines_ablation/Solar/336_48/chronos2/full_ridge_shared/raw/euclidean/1/online/run_0 computation_signature=a19315f7f27f6f871ce132a09ee5fbd14b406e93c244eec08caa3381b0645809 l2_grid=0,1e-6,1e-5,1e-4,1e-3,1e-2,1e-1,1,10 validation_fraction=0.2 fit_baselines_on_eval=false seed=1
2026-08-15 00:13:19,984 INFO [__main__] ========================================================================
2026-08-15 00:13:19,984 INFO [__main__] selected methods=('full_ridge_shared',)
2026-08-15 00:13:21,753 INFO [__main__] baseline selection start l2_grid=(0.0, 1e-06, 1e-05, 0.0001, 0.001, 0.01, 0.1, 1.0, 10.0)
2026-08-15 00:13:22,007 INFO [__main__] baseline selection done
2026-08-15 00:13:22,032 INFO [__main__] experiment done seconds=2.04
2026-08-15 00:13:22,032 INFO [__main__] ========================================================================
2026-08-15T00:13:22+02:00 baselines done configuration=8/12 dataset=Solar model=chronos2 formula=full_ridge_shared lags=336 horizon=48 retrieval=raw_euclidean_1_online

2026-08-15T00:13:22+02:00 baselines start configuration=8/12 dataset=Solar model=chronos2 formula=full_delta_ridge_shared lags=336 horizon=48 retrieval=raw_euclidean_1_online run=/home/h61084/codes/adapts/outputs/adaptation/delta_baselines_ablation/Solar/336_48/chronos2/full_delta_ridge_shared/raw/euclidean/1/online/run_0 computation_signature=7d9b692220caa1c63af9bf7d538bc7c93fc4a8399b370001f68fbc00a21eb78a l2_grid=0,1e-6,1e-5,1e-4,1e-3,1e-2,1e-1,1,10 validation_fraction=0.2 fit_baselines_on_eval=false seed=1
2026-08-15 00:13:25,271 INFO [__main__] ========================================================================
2026-08-15 00:13:25,271 INFO [__main__] selected methods=('full_delta_ridge_shared',)
2026-08-15 00:13:27,108 INFO [__main__] baseline selection start l2_grid=(0.0, 1e-06, 1e-05, 0.0001, 0.001, 0.01, 0.1, 1.0, 10.0)
2026-08-15 00:13:27,385 INFO [__main__] baseline selection done
2026-08-15 00:13:27,410 INFO [__main__] experiment done seconds=2.14
2026-08-15 00:13:27,410 INFO [__main__] ========================================================================
2026-08-15T00:13:27+02:00 baselines done configuration=8/12 dataset=Solar model=chronos2 formula=full_delta_ridge_shared lags=336 horizon=48 retrieval=raw_euclidean_1_online
2026-08-15 00:13:30,188 INFO [__main__] extraction validation directory=/home/h61084/codes/adapts/outputs/extraction/Solar/504_168/chronos2/raw/euclidean/1/online/run_1 status=complete

2026-08-15T00:13:30+02:00 baselines start configuration=9/12 dataset=Solar model=chronos2 formula=full_ridge_shared lags=504 horizon=168 retrieval=raw_euclidean_1_online run=/home/h61084/codes/adapts/outputs/adaptation/delta_baselines_ablation/Solar/504_168/chronos2/full_ridge_shared/raw/euclidean/1/online/run_0 computation_signature=0446cce572f96b6b29d1957e1935267384a23c539e76465bd5b567118fbc71ca l2_grid=0,1e-6,1e-5,1e-4,1e-3,1e-2,1e-1,1,10 validation_fraction=0.2 fit_baselines_on_eval=false seed=1
2026-08-15 00:13:33,457 INFO [__main__] ========================================================================
2026-08-15 00:13:33,457 INFO [__main__] selected methods=('full_ridge_shared',)
2026-08-15 00:13:35,246 INFO [__main__] baseline selection start l2_grid=(0.0, 1e-06, 1e-05, 0.0001, 0.001, 0.01, 0.1, 1.0, 10.0)
2026-08-15 00:13:35,757 INFO [__main__] baseline selection done
2026-08-15 00:13:35,782 INFO [__main__] experiment done seconds=2.32
2026-08-15 00:13:35,782 INFO [__main__] ========================================================================
2026-08-15T00:13:36+02:00 baselines done configuration=9/12 dataset=Solar model=chronos2 formula=full_ridge_shared lags=504 horizon=168 retrieval=raw_euclidean_1_online

2026-08-15T00:13:36+02:00 baselines start configuration=9/12 dataset=Solar model=chronos2 formula=full_delta_ridge_shared lags=504 horizon=168 retrieval=raw_euclidean_1_online run=/home/h61084/codes/adapts/outputs/adaptation/delta_baselines_ablation/Solar/504_168/chronos2/full_delta_ridge_shared/raw/euclidean/1/online/run_0 computation_signature=c23b0507ccf906c35c76420efe85416e25fd20efc0a3288eca5a143b4f95799f l2_grid=0,1e-6,1e-5,1e-4,1e-3,1e-2,1e-1,1,10 validation_fraction=0.2 fit_baselines_on_eval=false seed=1
2026-08-15 00:13:39,026 INFO [__main__] ========================================================================
2026-08-15 00:13:39,026 INFO [__main__] selected methods=('full_delta_ridge_shared',)
2026-08-15 00:13:40,981 INFO [__main__] baseline selection start l2_grid=(0.0, 1e-06, 1e-05, 0.0001, 0.001, 0.01, 0.1, 1.0, 10.0)
2026-08-15 00:13:41,555 INFO [__main__] baseline selection done
2026-08-15 00:13:41,583 INFO [__main__] experiment done seconds=2.55
2026-08-15 00:13:41,583 INFO [__main__] ========================================================================
2026-08-15T00:13:42+02:00 baselines done configuration=9/12 dataset=Solar model=chronos2 formula=full_delta_ridge_shared lags=504 horizon=168 retrieval=raw_euclidean_1_online
2026-08-15 00:13:44,528 INFO [__main__] extraction validation directory=/home/h61084/codes/adapts/outputs/extraction/exchange_rate/168_24/chronos2/raw/euclidean/1/online/run_1 status=complete

2026-08-15T00:13:45+02:00 baselines start configuration=10/12 dataset=exchange_rate model=chronos2 formula=full_ridge_shared lags=168 horizon=24 retrieval=raw_euclidean_1_online run=/home/h61084/codes/adapts/outputs/adaptation/delta_baselines_ablation/exchange_rate/168_24/chronos2/full_ridge_shared/raw/euclidean/1/online/run_0 computation_signature=c72b3af6906eb95dae2b2b1a05b64e2d7868c3c0af0a172634c4cb47cbff8caa l2_grid=0,1e-6,1e-5,1e-4,1e-3,1e-2,1e-1,1,10 validation_fraction=0.2 fit_baselines_on_eval=false seed=1
2026-08-15 00:13:47,765 INFO [__main__] ========================================================================
2026-08-15 00:13:47,766 INFO [__main__] selected methods=('full_ridge_shared',)
2026-08-15 00:13:49,511 INFO [__main__] baseline selection start l2_grid=(0.0, 1e-06, 1e-05, 0.0001, 0.001, 0.01, 0.1, 1.0, 10.0)
2026-08-15 00:13:49,656 INFO [__main__] baseline selection done
2026-08-15 00:13:49,682 INFO [__main__] experiment done seconds=1.91
2026-08-15 00:13:49,683 INFO [__main__] ========================================================================
2026-08-15T00:13:50+02:00 baselines done configuration=10/12 dataset=exchange_rate model=chronos2 formula=full_ridge_shared lags=168 horizon=24 retrieval=raw_euclidean_1_online

2026-08-15T00:13:50+02:00 baselines start configuration=10/12 dataset=exchange_rate model=chronos2 formula=full_delta_ridge_shared lags=168 horizon=24 retrieval=raw_euclidean_1_online run=/home/h61084/codes/adapts/outputs/adaptation/delta_baselines_ablation/exchange_rate/168_24/chronos2/full_delta_ridge_shared/raw/euclidean/1/online/run_0 computation_signature=8157ceef0680d3e4a4af945cca5d0da4e08598749b8d0d159bcab866bb2ce97c l2_grid=0,1e-6,1e-5,1e-4,1e-3,1e-2,1e-1,1,10 validation_fraction=0.2 fit_baselines_on_eval=false seed=1
2026-08-15 00:13:53,192 INFO [__main__] ========================================================================
2026-08-15 00:13:53,192 INFO [__main__] selected methods=('full_delta_ridge_shared',)
2026-08-15 00:13:54,839 INFO [__main__] baseline selection start l2_grid=(0.0, 1e-06, 1e-05, 0.0001, 0.001, 0.01, 0.1, 1.0, 10.0)
2026-08-15 00:13:54,965 INFO [__main__] baseline selection done
2026-08-15 00:13:54,990 INFO [__main__] experiment done seconds=1.79
2026-08-15 00:13:54,990 INFO [__main__] ========================================================================
2026-08-15T00:13:55+02:00 baselines done configuration=10/12 dataset=exchange_rate model=chronos2 formula=full_delta_ridge_shared lags=168 horizon=24 retrieval=raw_euclidean_1_online
2026-08-15 00:13:57,752 INFO [__main__] extraction validation directory=/home/h61084/codes/adapts/outputs/extraction/exchange_rate/336_48/chronos2/raw/euclidean/1/online/run_1 status=complete

2026-08-15T00:13:58+02:00 baselines start configuration=11/12 dataset=exchange_rate model=chronos2 formula=full_ridge_shared lags=336 horizon=48 retrieval=raw_euclidean_1_online run=/home/h61084/codes/adapts/outputs/adaptation/delta_baselines_ablation/exchange_rate/336_48/chronos2/full_ridge_shared/raw/euclidean/1/online/run_0 computation_signature=25e6cc20b4b9384c6fbdeda7702145d3fd9f8c18203589f2985e17778a838a17 l2_grid=0,1e-6,1e-5,1e-4,1e-3,1e-2,1e-1,1,10 validation_fraction=0.2 fit_baselines_on_eval=false seed=1
2026-08-15 00:14:00,800 INFO [__main__] ========================================================================
2026-08-15 00:14:00,800 INFO [__main__] selected methods=('full_ridge_shared',)
2026-08-15 00:14:02,498 INFO [__main__] baseline selection start l2_grid=(0.0, 1e-06, 1e-05, 0.0001, 0.001, 0.01, 0.1, 1.0, 10.0)
2026-08-15 00:14:02,624 INFO [__main__] baseline selection done
2026-08-15 00:14:02,649 INFO [__main__] experiment done seconds=1.84
2026-08-15 00:14:02,649 INFO [__main__] ========================================================================
2026-08-15T00:14:03+02:00 baselines done configuration=11/12 dataset=exchange_rate model=chronos2 formula=full_ridge_shared lags=336 horizon=48 retrieval=raw_euclidean_1_online

2026-08-15T00:14:03+02:00 baselines start configuration=11/12 dataset=exchange_rate model=chronos2 formula=full_delta_ridge_shared lags=336 horizon=48 retrieval=raw_euclidean_1_online run=/home/h61084/codes/adapts/outputs/adaptation/delta_baselines_ablation/exchange_rate/336_48/chronos2/full_delta_ridge_shared/raw/euclidean/1/online/run_0 computation_signature=8d527f9098070178a1f621553edb4811c9030aaa0c3f20e630f89166e4683902 l2_grid=0,1e-6,1e-5,1e-4,1e-3,1e-2,1e-1,1,10 validation_fraction=0.2 fit_baselines_on_eval=false seed=1
2026-08-15 00:14:05,954 INFO [__main__] ========================================================================
2026-08-15 00:14:05,954 INFO [__main__] selected methods=('full_delta_ridge_shared',)
2026-08-15 00:14:07,951 INFO [__main__] baseline selection start l2_grid=(0.0, 1e-06, 1e-05, 0.0001, 0.001, 0.01, 0.1, 1.0, 10.0)
2026-08-15 00:14:08,103 INFO [__main__] baseline selection done
2026-08-15 00:14:08,129 INFO [__main__] experiment done seconds=2.17
2026-08-15 00:14:08,129 INFO [__main__] ========================================================================
2026-08-15T00:14:08+02:00 baselines done configuration=11/12 dataset=exchange_rate model=chronos2 formula=full_delta_ridge_shared lags=336 horizon=48 retrieval=raw_euclidean_1_online
2026-08-15 00:14:11,250 INFO [__main__] extraction validation directory=/home/h61084/codes/adapts/outputs/extraction/exchange_rate/504_168/chronos2/raw/euclidean/1/online/run_1 status=complete

2026-08-15T00:14:11+02:00 baselines start configuration=12/12 dataset=exchange_rate model=chronos2 formula=full_ridge_shared lags=504 horizon=168 retrieval=raw_euclidean_1_online run=/home/h61084/codes/adapts/outputs/adaptation/delta_baselines_ablation/exchange_rate/504_168/chronos2/full_ridge_shared/raw/euclidean/1/online/run_0 computation_signature=1aedb43350d31d5261c0e03e34dd6a098604e6cb06b930f663177a2ab64bb15b l2_grid=0,1e-6,1e-5,1e-4,1e-3,1e-2,1e-1,1,10 validation_fraction=0.2 fit_baselines_on_eval=false seed=1
2026-08-15 00:14:14,330 INFO [__main__] ========================================================================
2026-08-15 00:14:14,330 INFO [__main__] selected methods=('full_ridge_shared',)
2026-08-15 00:14:16,082 INFO [__main__] baseline selection start l2_grid=(0.0, 1e-06, 1e-05, 0.0001, 0.001, 0.01, 0.1, 1.0, 10.0)
2026-08-15 00:14:16,247 INFO [__main__] baseline selection done
2026-08-15 00:14:16,279 INFO [__main__] experiment done seconds=1.95
2026-08-15 00:14:16,279 INFO [__main__] ========================================================================
2026-08-15T00:14:16+02:00 baselines done configuration=12/12 dataset=exchange_rate model=chronos2 formula=full_ridge_shared lags=504 horizon=168 retrieval=raw_euclidean_1_online

2026-08-15T00:14:16+02:00 baselines start configuration=12/12 dataset=exchange_rate model=chronos2 formula=full_delta_ridge_shared lags=504 horizon=168 retrieval=raw_euclidean_1_online run=/home/h61084/codes/adapts/outputs/adaptation/delta_baselines_ablation/exchange_rate/504_168/chronos2/full_delta_ridge_shared/raw/euclidean/1/online/run_0 computation_signature=683014f7e86318951812ca3e74eb95bd555ad247db2b3dcf62363121f7ceaccd l2_grid=0,1e-6,1e-5,1e-4,1e-3,1e-2,1e-1,1,10 validation_fraction=0.2 fit_baselines_on_eval=false seed=1
2026-08-15 00:14:19,591 INFO [__main__] ========================================================================
2026-08-15 00:14:19,591 INFO [__main__] selected methods=('full_delta_ridge_shared',)
2026-08-15 00:14:21,272 INFO [__main__] baseline selection start l2_grid=(0.0, 1e-06, 1e-05, 0.0001, 0.001, 0.01, 0.1, 1.0, 10.0)
2026-08-15 00:14:21,433 INFO [__main__] baseline selection done
2026-08-15 00:14:21,460 INFO [__main__] experiment done seconds=1.87
2026-08-15 00:14:21,460 INFO [__main__] ========================================================================
2026-08-15T00:14:21+02:00 baselines done configuration=12/12 dataset=exchange_rate model=chronos2 formula=full_delta_ridge_shared lags=504 horizon=168 retrieval=raw_euclidean_1_online

2026-08-15T00:14:21+02:00 job done kind=baselines output=outputs/adaptation/delta_baselines_ablation

2026-08-15T00:14:22+02:00 job start kind=adaptation_extraction family=delta_baselines_ablation experiment_mode=full skip_complete=true tasks=24 datasets=Electricity,Traffic,Solar,exchange_rate models=chronos2 settings=168:24,336:48,504:168 distance_spaces=raw distance_metrics=euclidean neighbors=3
2026-08-15T00:14:22+02:00 skip complete family=extraction dataset=Electricity model=chronos2 lags=168 horizon=24 retrieval=vanilla run=/home/h61084/codes/adapts/outputs/extraction/Electricity/168_24/chronos2/none/none/0/none/run_1
2026-08-15T00:14:22+02:00 skip complete family=extraction dataset=Electricity model=chronos2 lags=168 horizon=24 retrieval=raw_euclidean_3_online run=/home/h61084/codes/adapts/outputs/extraction/Electricity/168_24/chronos2/raw/euclidean/3/online/run_1
2026-08-15T00:14:22+02:00 skip complete family=extraction dataset=Electricity model=chronos2 lags=336 horizon=48 retrieval=vanilla run=/home/h61084/codes/adapts/outputs/extraction/Electricity/336_48/chronos2/none/none/0/none/run_1
2026-08-15T00:14:22+02:00 skip complete family=extraction dataset=Electricity model=chronos2 lags=336 horizon=48 retrieval=raw_euclidean_3_online run=/home/h61084/codes/adapts/outputs/extraction/Electricity/336_48/chronos2/raw/euclidean/3/online/run_1
2026-08-15T00:14:22+02:00 skip complete family=extraction dataset=Electricity model=chronos2 lags=504 horizon=168 retrieval=vanilla run=/home/h61084/codes/adapts/outputs/extraction/Electricity/504_168/chronos2/none/none/0/none/run_2
2026-08-15T00:14:22+02:00 skip complete family=extraction dataset=Electricity model=chronos2 lags=504 horizon=168 retrieval=raw_euclidean_3_online run=/home/h61084/codes/adapts/outputs/extraction/Electricity/504_168/chronos2/raw/euclidean/3/online/run_2
2026-08-15T00:14:22+02:00 skip complete family=extraction dataset=Traffic model=chronos2 lags=168 horizon=24 retrieval=vanilla run=/home/h61084/codes/adapts/outputs/extraction/Traffic/168_24/chronos2/none/none/0/none/run_1
2026-08-15T00:14:22+02:00 skip complete family=extraction dataset=Traffic model=chronos2 lags=168 horizon=24 retrieval=raw_euclidean_3_online run=/home/h61084/codes/adapts/outputs/extraction/Traffic/168_24/chronos2/raw/euclidean/3/online/run_1
2026-08-15T00:14:22+02:00 skip complete family=extraction dataset=Traffic model=chronos2 lags=336 horizon=48 retrieval=vanilla run=/home/h61084/codes/adapts/outputs/extraction/Traffic/336_48/chronos2/none/none/0/none/run_1
2026-08-15T00:14:22+02:00 skip complete family=extraction dataset=Traffic model=chronos2 lags=336 horizon=48 retrieval=raw_euclidean_3_online run=/home/h61084/codes/adapts/outputs/extraction/Traffic/336_48/chronos2/raw/euclidean/3/online/run_1
2026-08-15T00:14:22+02:00 skip complete family=extraction dataset=Traffic model=chronos2 lags=504 horizon=168 retrieval=vanilla run=/home/h61084/codes/adapts/outputs/extraction/Traffic/504_168/chronos2/none/none/0/none/run_1
2026-08-15T00:14:22+02:00 skip complete family=extraction dataset=Traffic model=chronos2 lags=504 horizon=168 retrieval=raw_euclidean_3_online run=/home/h61084/codes/adapts/outputs/extraction/Traffic/504_168/chronos2/raw/euclidean/3/online/run_1
2026-08-15T00:14:23+02:00 skip complete family=extraction dataset=Solar model=chronos2 lags=168 horizon=24 retrieval=vanilla run=/home/h61084/codes/adapts/outputs/extraction/Solar/168_24/chronos2/none/none/0/none/run_1
2026-08-15T00:14:23+02:00 skip complete family=extraction dataset=Solar model=chronos2 lags=168 horizon=24 retrieval=raw_euclidean_3_online run=/home/h61084/codes/adapts/outputs/extraction/Solar/168_24/chronos2/raw/euclidean/3/online/run_1
2026-08-15T00:14:23+02:00 skip complete family=extraction dataset=Solar model=chronos2 lags=336 horizon=48 retrieval=vanilla run=/home/h61084/codes/adapts/outputs/extraction/Solar/336_48/chronos2/none/none/0/none/run_1
2026-08-15T00:14:23+02:00 skip complete family=extraction dataset=Solar model=chronos2 lags=336 horizon=48 retrieval=raw_euclidean_3_online run=/home/h61084/codes/adapts/outputs/extraction/Solar/336_48/chronos2/raw/euclidean/3/online/run_1
2026-08-15T00:14:23+02:00 skip complete family=extraction dataset=Solar model=chronos2 lags=504 horizon=168 retrieval=vanilla run=/home/h61084/codes/adapts/outputs/extraction/Solar/504_168/chronos2/none/none/0/none/run_1
2026-08-15T00:14:23+02:00 skip complete family=extraction dataset=Solar model=chronos2 lags=504 horizon=168 retrieval=raw_euclidean_3_online run=/home/h61084/codes/adapts/outputs/extraction/Solar/504_168/chronos2/raw/euclidean/3/online/run_1
2026-08-15T00:14:23+02:00 skip complete family=extraction dataset=exchange_rate model=chronos2 lags=168 horizon=24 retrieval=vanilla run=/home/h61084/codes/adapts/outputs/extraction/exchange_rate/168_24/chronos2/none/none/0/none/run_1
2026-08-15T00:14:23+02:00 skip complete family=extraction dataset=exchange_rate model=chronos2 lags=168 horizon=24 retrieval=raw_euclidean_3_online run=/home/h61084/codes/adapts/outputs/extraction/exchange_rate/168_24/chronos2/raw/euclidean/3/online/run_1
2026-08-15T00:14:23+02:00 skip complete family=extraction dataset=exchange_rate model=chronos2 lags=336 horizon=48 retrieval=vanilla run=/home/h61084/codes/adapts/outputs/extraction/exchange_rate/336_48/chronos2/none/none/0/none/run_1
2026-08-15T00:14:23+02:00 skip complete family=extraction dataset=exchange_rate model=chronos2 lags=336 horizon=48 retrieval=raw_euclidean_3_online run=/home/h61084/codes/adapts/outputs/extraction/exchange_rate/336_48/chronos2/raw/euclidean/3/online/run_1
2026-08-15T00:14:23+02:00 skip complete family=extraction dataset=exchange_rate model=chronos2 lags=504 horizon=168 retrieval=vanilla run=/home/h61084/codes/adapts/outputs/extraction/exchange_rate/504_168/chronos2/none/none/0/none/run_1
2026-08-15T00:14:23+02:00 skip complete family=extraction dataset=exchange_rate model=chronos2 lags=504 horizon=168 retrieval=raw_euclidean_3_online run=/home/h61084/codes/adapts/outputs/extraction/exchange_rate/504_168/chronos2/raw/euclidean/3/online/run_1

2026-08-15T00:14:23+02:00 job done kind=adaptation_extraction output=outputs/extraction

2026-08-15T00:14:23+02:00 job start kind=baselines family=delta_baselines_ablation experiment_mode=full skip_complete=true tasks=12 datasets=Electricity,Traffic,Solar,exchange_rate models=chronos2 settings=168:24,336:48,504:168 distance_spaces=raw distance_metrics=euclidean neighbors=3 methods=full_ridge_shared,full_delta_ridge_shared results_root=outputs/adaptation/delta_baselines_ablation
2026-08-15 00:14:26,095 INFO [__main__] extraction validation directory=/home/h61084/codes/adapts/outputs/extraction/Electricity/168_24/chronos2/raw/euclidean/3/online/run_1 status=complete

2026-08-15T00:14:26+02:00 baselines start configuration=1/12 dataset=Electricity model=chronos2 formula=full_ridge_shared lags=168 horizon=24 retrieval=raw_euclidean_3_online run=/home/h61084/codes/adapts/outputs/adaptation/delta_baselines_ablation/Electricity/168_24/chronos2/full_ridge_shared/raw/euclidean/3/online/run_0 computation_signature=c573add486e1e799de2e39ce70c0e548df9333313b8e7063189fe6f0a054de61 l2_grid=0,1e-6,1e-5,1e-4,1e-3,1e-2,1e-1,1,10 validation_fraction=0.2 fit_baselines_on_eval=false seed=1
2026-08-15 00:14:29,062 INFO [__main__] ========================================================================
2026-08-15 00:14:29,062 INFO [__main__] selected methods=('full_ridge_shared',)
2026-08-15 00:14:32,202 INFO [__main__] baseline selection start l2_grid=(0.0, 1e-06, 1e-05, 0.0001, 0.001, 0.01, 0.1, 1.0, 10.0)
2026-08-15 00:14:32,960 INFO [__main__] baseline selection done
2026-08-15 00:14:32,984 INFO [__main__] experiment done seconds=3.92
2026-08-15 00:14:32,984 INFO [__main__] ========================================================================
2026-08-15T00:14:33+02:00 baselines done configuration=1/12 dataset=Electricity model=chronos2 formula=full_ridge_shared lags=168 horizon=24 retrieval=raw_euclidean_3_online

2026-08-15T00:14:33+02:00 baselines start configuration=1/12 dataset=Electricity model=chronos2 formula=full_delta_ridge_shared lags=168 horizon=24 retrieval=raw_euclidean_3_online run=/home/h61084/codes/adapts/outputs/adaptation/delta_baselines_ablation/Electricity/168_24/chronos2/full_delta_ridge_shared/raw/euclidean/3/online/run_0 computation_signature=0f597f83025c986fd306aae00665445a3758645b642968d38928853101837d36 l2_grid=0,1e-6,1e-5,1e-4,1e-3,1e-2,1e-1,1,10 validation_fraction=0.2 fit_baselines_on_eval=false seed=1
2026-08-15 00:14:36,004 INFO [__main__] ========================================================================
2026-08-15 00:14:36,005 INFO [__main__] selected methods=('full_delta_ridge_shared',)
2026-08-15 00:14:38,639 INFO [__main__] baseline selection start l2_grid=(0.0, 1e-06, 1e-05, 0.0001, 0.001, 0.01, 0.1, 1.0, 10.0)
2026-08-15 00:14:39,394 INFO [__main__] baseline selection done
2026-08-15 00:14:39,420 INFO [__main__] experiment done seconds=3.41
2026-08-15 00:14:39,420 INFO [__main__] ========================================================================
2026-08-15T00:14:39+02:00 baselines done configuration=1/12 dataset=Electricity model=chronos2 formula=full_delta_ridge_shared lags=168 horizon=24 retrieval=raw_euclidean_3_online
2026-08-15 00:14:42,364 INFO [__main__] extraction validation directory=/home/h61084/codes/adapts/outputs/extraction/Electricity/336_48/chronos2/raw/euclidean/3/online/run_1 status=complete

2026-08-15T00:14:42+02:00 baselines start configuration=2/12 dataset=Electricity model=chronos2 formula=full_ridge_shared lags=336 horizon=48 retrieval=raw_euclidean_3_online run=/home/h61084/codes/adapts/outputs/adaptation/delta_baselines_ablation/Electricity/336_48/chronos2/full_ridge_shared/raw/euclidean/3/online/run_0 computation_signature=f9ea6c99589da99c0d7d971cc4f63868fc45f107c5ce2bb70e14f646f1b4891a l2_grid=0,1e-6,1e-5,1e-4,1e-3,1e-2,1e-1,1,10 validation_fraction=0.2 fit_baselines_on_eval=false seed=1
2026-08-15 00:14:45,932 INFO [__main__] ========================================================================
2026-08-15 00:14:45,932 INFO [__main__] selected methods=('full_ridge_shared',)
2026-08-15 00:14:49,578 INFO [__main__] baseline selection start l2_grid=(0.0, 1e-06, 1e-05, 0.0001, 0.001, 0.01, 0.1, 1.0, 10.0)
2026-08-15 00:14:51,118 INFO [__main__] baseline selection done
2026-08-15 00:14:51,141 INFO [__main__] experiment done seconds=5.21
2026-08-15 00:14:51,141 INFO [__main__] ========================================================================
2026-08-15T00:14:51+02:00 baselines done configuration=2/12 dataset=Electricity model=chronos2 formula=full_ridge_shared lags=336 horizon=48 retrieval=raw_euclidean_3_online

2026-08-15T00:14:51+02:00 baselines start configuration=2/12 dataset=Electricity model=chronos2 formula=full_delta_ridge_shared lags=336 horizon=48 retrieval=raw_euclidean_3_online run=/home/h61084/codes/adapts/outputs/adaptation/delta_baselines_ablation/Electricity/336_48/chronos2/full_delta_ridge_shared/raw/euclidean/3/online/run_0 computation_signature=ef773de847929e16b39ffcaa21b66ba169931541d1274119dc742bc461d35256 l2_grid=0,1e-6,1e-5,1e-4,1e-3,1e-2,1e-1,1,10 validation_fraction=0.2 fit_baselines_on_eval=false seed=1
2026-08-15 00:14:54,507 INFO [__main__] ========================================================================
2026-08-15 00:14:54,507 INFO [__main__] selected methods=('full_delta_ridge_shared',)
2026-08-15 00:14:59,253 INFO [__main__] baseline selection start l2_grid=(0.0, 1e-06, 1e-05, 0.0001, 0.001, 0.01, 0.1, 1.0, 10.0)
2026-08-15 00:15:00,717 INFO [__main__] baseline selection done
2026-08-15 00:15:00,749 INFO [__main__] experiment done seconds=6.24
2026-08-15 00:15:00,749 INFO [__main__] ========================================================================
2026-08-15T00:15:01+02:00 baselines done configuration=2/12 dataset=Electricity model=chronos2 formula=full_delta_ridge_shared lags=336 horizon=48 retrieval=raw_euclidean_3_online
2026-08-15 00:15:03,649 INFO [__main__] extraction validation directory=/home/h61084/codes/adapts/outputs/extraction/Electricity/504_168/chronos2/raw/euclidean/3/online/run_2 status=complete

2026-08-15T00:15:04+02:00 baselines start configuration=3/12 dataset=Electricity model=chronos2 formula=full_ridge_shared lags=504 horizon=168 retrieval=raw_euclidean_3_online run=/home/h61084/codes/adapts/outputs/adaptation/delta_baselines_ablation/Electricity/504_168/chronos2/full_ridge_shared/raw/euclidean/3/online/run_0 computation_signature=d567d03519d119442e9e67b8631d784483e4f2b864ba987d335fbbd2eb8be38e l2_grid=0,1e-6,1e-5,1e-4,1e-3,1e-2,1e-1,1,10 validation_fraction=0.2 fit_baselines_on_eval=false seed=1
2026-08-15 00:15:06,839 INFO [__main__] ========================================================================
2026-08-15 00:15:06,840 INFO [__main__] selected methods=('full_ridge_shared',)
2026-08-15 00:15:11,145 INFO [__main__] baseline selection start l2_grid=(0.0, 1e-06, 1e-05, 0.0001, 0.001, 0.01, 0.1, 1.0, 10.0)
2026-08-15 00:15:16,220 INFO [__main__] baseline selection done
2026-08-15 00:15:16,251 INFO [__main__] experiment done seconds=9.41
2026-08-15 00:15:16,251 INFO [__main__] ========================================================================
2026-08-15T00:15:16+02:00 baselines done configuration=3/12 dataset=Electricity model=chronos2 formula=full_ridge_shared lags=504 horizon=168 retrieval=raw_euclidean_3_online

2026-08-15T00:15:16+02:00 baselines start configuration=3/12 dataset=Electricity model=chronos2 formula=full_delta_ridge_shared lags=504 horizon=168 retrieval=raw_euclidean_3_online run=/home/h61084/codes/adapts/outputs/adaptation/delta_baselines_ablation/Electricity/504_168/chronos2/full_delta_ridge_shared/raw/euclidean/3/online/run_0 computation_signature=5a6e1ba45730a52af326149502ee17b06d1e1500bfbf8143dd9321a571fb9d7b l2_grid=0,1e-6,1e-5,1e-4,1e-3,1e-2,1e-1,1,10 validation_fraction=0.2 fit_baselines_on_eval=false seed=1
2026-08-15 00:15:19,601 INFO [__main__] ========================================================================
2026-08-15 00:15:19,601 INFO [__main__] selected methods=('full_delta_ridge_shared',)
2026-08-15 00:15:25,126 INFO [__main__] baseline selection start l2_grid=(0.0, 1e-06, 1e-05, 0.0001, 0.001, 0.01, 0.1, 1.0, 10.0)
2026-08-15 00:15:29,568 INFO [__main__] baseline selection done
2026-08-15 00:15:29,596 INFO [__main__] experiment done seconds=9.99
2026-08-15 00:15:29,596 INFO [__main__] ========================================================================
2026-08-15T00:15:30+02:00 baselines done configuration=3/12 dataset=Electricity model=chronos2 formula=full_delta_ridge_shared lags=504 horizon=168 retrieval=raw_euclidean_3_online
2026-08-15 00:15:32,435 INFO [__main__] extraction validation directory=/home/h61084/codes/adapts/outputs/extraction/Traffic/168_24/chronos2/raw/euclidean/3/online/run_1 status=complete

2026-08-15T00:15:33+02:00 baselines start configuration=4/12 dataset=Traffic model=chronos2 formula=full_ridge_shared lags=168 horizon=24 retrieval=raw_euclidean_3_online run=/home/h61084/codes/adapts/outputs/adaptation/delta_baselines_ablation/Traffic/168_24/chronos2/full_ridge_shared/raw/euclidean/3/online/run_0 computation_signature=d92b33538b46fa83dedb03df4df6b2bdb32b929a99a46b136ca8f5b7a59b893a l2_grid=0,1e-6,1e-5,1e-4,1e-3,1e-2,1e-1,1,10 validation_fraction=0.2 fit_baselines_on_eval=false seed=1
2026-08-15 00:15:35,375 INFO [__main__] ========================================================================
2026-08-15 00:15:35,376 INFO [__main__] selected methods=('full_ridge_shared',)
2026-08-15 00:15:38,583 INFO [__main__] baseline selection start l2_grid=(0.0, 1e-06, 1e-05, 0.0001, 0.001, 0.01, 0.1, 1.0, 10.0)
2026-08-15 00:15:39,834 INFO [__main__] baseline selection done
2026-08-15 00:15:39,857 INFO [__main__] experiment done seconds=4.48
2026-08-15 00:15:39,857 INFO [__main__] ========================================================================
2026-08-15T00:15:40+02:00 baselines done configuration=4/12 dataset=Traffic model=chronos2 formula=full_ridge_shared lags=168 horizon=24 retrieval=raw_euclidean_3_online

2026-08-15T00:15:40+02:00 baselines start configuration=4/12 dataset=Traffic model=chronos2 formula=full_delta_ridge_shared lags=168 horizon=24 retrieval=raw_euclidean_3_online run=/home/h61084/codes/adapts/outputs/adaptation/delta_baselines_ablation/Traffic/168_24/chronos2/full_delta_ridge_shared/raw/euclidean/3/online/run_0 computation_signature=092e683c364876a64f6a7d00a5939a98b1b3cbddb9d0c1a539be30c8a5faa794 l2_grid=0,1e-6,1e-5,1e-4,1e-3,1e-2,1e-1,1,10 validation_fraction=0.2 fit_baselines_on_eval=false seed=1
2026-08-15 00:15:42,997 INFO [__main__] ========================================================================
2026-08-15 00:15:42,997 INFO [__main__] selected methods=('full_delta_ridge_shared',)
2026-08-15 00:15:46,308 INFO [__main__] baseline selection start l2_grid=(0.0, 1e-06, 1e-05, 0.0001, 0.001, 0.01, 0.1, 1.0, 10.0)
2026-08-15 00:15:47,620 INFO [__main__] baseline selection done
2026-08-15 00:15:47,646 INFO [__main__] experiment done seconds=4.65
2026-08-15 00:15:47,646 INFO [__main__] ========================================================================
2026-08-15T00:15:48+02:00 baselines done configuration=4/12 dataset=Traffic model=chronos2 formula=full_delta_ridge_shared lags=168 horizon=24 retrieval=raw_euclidean_3_online
2026-08-15 00:15:50,551 INFO [__main__] extraction validation directory=/home/h61084/codes/adapts/outputs/extraction/Traffic/336_48/chronos2/raw/euclidean/3/online/run_1 status=complete

2026-08-15T00:15:51+02:00 baselines start configuration=5/12 dataset=Traffic model=chronos2 formula=full_ridge_shared lags=336 horizon=48 retrieval=raw_euclidean_3_online run=/home/h61084/codes/adapts/outputs/adaptation/delta_baselines_ablation/Traffic/336_48/chronos2/full_ridge_shared/raw/euclidean/3/online/run_0 computation_signature=83c5f6f00111c4d9a813cc1bc68e6bf276590d55c722105a578328d23b4ef186 l2_grid=0,1e-6,1e-5,1e-4,1e-3,1e-2,1e-1,1,10 validation_fraction=0.2 fit_baselines_on_eval=false seed=1
2026-08-15 00:15:53,797 INFO [__main__] ========================================================================
2026-08-15 00:15:53,797 INFO [__main__] selected methods=('full_ridge_shared',)
2026-08-15 00:15:58,167 INFO [__main__] baseline selection start l2_grid=(0.0, 1e-06, 1e-05, 0.0001, 0.001, 0.01, 0.1, 1.0, 10.0)
2026-08-15 00:16:01,044 INFO [__main__] baseline selection done
2026-08-15 00:16:01,067 INFO [__main__] experiment done seconds=7.27
2026-08-15 00:16:01,068 INFO [__main__] ========================================================================
2026-08-15T00:16:01+02:00 baselines done configuration=5/12 dataset=Traffic model=chronos2 formula=full_ridge_shared lags=336 horizon=48 retrieval=raw_euclidean_3_online

2026-08-15T00:16:01+02:00 baselines start configuration=5/12 dataset=Traffic model=chronos2 formula=full_delta_ridge_shared lags=336 horizon=48 retrieval=raw_euclidean_3_online run=/home/h61084/codes/adapts/outputs/adaptation/delta_baselines_ablation/Traffic/336_48/chronos2/full_delta_ridge_shared/raw/euclidean/3/online/run_0 computation_signature=40574b2e453b7d928777dee1c9b7c28e5fa2881b5c8f61f6d3f0a60f5f73ca33 l2_grid=0,1e-6,1e-5,1e-4,1e-3,1e-2,1e-1,1,10 validation_fraction=0.2 fit_baselines_on_eval=false seed=1
2026-08-15 00:16:04,202 INFO [__main__] ========================================================================
2026-08-15 00:16:04,202 INFO [__main__] selected methods=('full_delta_ridge_shared',)
2026-08-15 00:16:08,447 INFO [__main__] baseline selection start l2_grid=(0.0, 1e-06, 1e-05, 0.0001, 0.001, 0.01, 0.1, 1.0, 10.0)
2026-08-15 00:16:10,848 INFO [__main__] baseline selection done
2026-08-15 00:16:10,875 INFO [__main__] experiment done seconds=6.67
2026-08-15 00:16:10,875 INFO [__main__] ========================================================================
2026-08-15T00:16:11+02:00 baselines done configuration=5/12 dataset=Traffic model=chronos2 formula=full_delta_ridge_shared lags=336 horizon=48 retrieval=raw_euclidean_3_online
2026-08-15 00:16:13,742 INFO [__main__] extraction validation directory=/home/h61084/codes/adapts/outputs/extraction/Traffic/504_168/chronos2/raw/euclidean/3/online/run_1 status=complete

2026-08-15T00:16:14+02:00 baselines start configuration=6/12 dataset=Traffic model=chronos2 formula=full_ridge_shared lags=504 horizon=168 retrieval=raw_euclidean_3_online run=/home/h61084/codes/adapts/outputs/adaptation/delta_baselines_ablation/Traffic/504_168/chronos2/full_ridge_shared/raw/euclidean/3/online/run_0 computation_signature=6f7d5c7c4ed6c566ee933715fc05908f8d7b9b70af29e00c585a286999bb61a0 l2_grid=0,1e-6,1e-5,1e-4,1e-3,1e-2,1e-1,1,10 validation_fraction=0.2 fit_baselines_on_eval=false seed=1
2026-08-15 00:16:16,912 INFO [__main__] ========================================================================
2026-08-15 00:16:16,912 INFO [__main__] selected methods=('full_ridge_shared',)
2026-08-15 00:16:23,093 INFO [__main__] baseline selection start l2_grid=(0.0, 1e-06, 1e-05, 0.0001, 0.001, 0.01, 0.1, 1.0, 10.0)
2026-08-15 00:16:31,987 INFO [__main__] baseline selection done
2026-08-15 00:16:32,014 INFO [__main__] experiment done seconds=15.10
2026-08-15 00:16:32,014 INFO [__main__] ========================================================================
2026-08-15T00:16:32+02:00 baselines done configuration=6/12 dataset=Traffic model=chronos2 formula=full_ridge_shared lags=504 horizon=168 retrieval=raw_euclidean_3_online

2026-08-15T00:16:32+02:00 baselines start configuration=6/12 dataset=Traffic model=chronos2 formula=full_delta_ridge_shared lags=504 horizon=168 retrieval=raw_euclidean_3_online run=/home/h61084/codes/adapts/outputs/adaptation/delta_baselines_ablation/Traffic/504_168/chronos2/full_delta_ridge_shared/raw/euclidean/3/online/run_0 computation_signature=3b9b968238cf49b3fdbd299e4d15bb50d25d7d28f4a98c17511f8c3114e2f45c l2_grid=0,1e-6,1e-5,1e-4,1e-3,1e-2,1e-1,1,10 validation_fraction=0.2 fit_baselines_on_eval=false seed=1
2026-08-15 00:16:35,441 INFO [__main__] ========================================================================
2026-08-15 00:16:35,441 INFO [__main__] selected methods=('full_delta_ridge_shared',)
2026-08-15 00:16:41,463 INFO [__main__] baseline selection start l2_grid=(0.0, 1e-06, 1e-05, 0.0001, 0.001, 0.01, 0.1, 1.0, 10.0)
2026-08-15 00:16:49,784 INFO [__main__] baseline selection done
2026-08-15 00:16:49,811 INFO [__main__] experiment done seconds=14.36
2026-08-15 00:16:49,811 INFO [__main__] ========================================================================
2026-08-15T00:16:50+02:00 baselines done configuration=6/12 dataset=Traffic model=chronos2 formula=full_delta_ridge_shared lags=504 horizon=168 retrieval=raw_euclidean_3_online
2026-08-15 00:16:52,649 INFO [__main__] extraction validation directory=/home/h61084/codes/adapts/outputs/extraction/Solar/168_24/chronos2/raw/euclidean/3/online/run_1 status=complete

2026-08-15T00:16:53+02:00 baselines start configuration=7/12 dataset=Solar model=chronos2 formula=full_ridge_shared lags=168 horizon=24 retrieval=raw_euclidean_3_online run=/home/h61084/codes/adapts/outputs/adaptation/delta_baselines_ablation/Solar/168_24/chronos2/full_ridge_shared/raw/euclidean/3/online/run_0 computation_signature=1560f77d27a1fde81aa11a64ff40dac09b3fc995b86304315644de61af16bbb2 l2_grid=0,1e-6,1e-5,1e-4,1e-3,1e-2,1e-1,1,10 validation_fraction=0.2 fit_baselines_on_eval=false seed=1
2026-08-15 00:16:55,668 INFO [__main__] ========================================================================
2026-08-15 00:16:55,669 INFO [__main__] selected methods=('full_ridge_shared',)
2026-08-15 00:16:57,351 INFO [__main__] baseline selection start l2_grid=(0.0, 1e-06, 1e-05, 0.0001, 0.001, 0.01, 0.1, 1.0, 10.0)
2026-08-15 00:16:57,590 INFO [__main__] baseline selection done
2026-08-15 00:16:57,612 INFO [__main__] experiment done seconds=1.94
2026-08-15 00:16:57,612 INFO [__main__] ========================================================================
2026-08-15T00:16:58+02:00 baselines done configuration=7/12 dataset=Solar model=chronos2 formula=full_ridge_shared lags=168 horizon=24 retrieval=raw_euclidean_3_online

2026-08-15T00:16:58+02:00 baselines start configuration=7/12 dataset=Solar model=chronos2 formula=full_delta_ridge_shared lags=168 horizon=24 retrieval=raw_euclidean_3_online run=/home/h61084/codes/adapts/outputs/adaptation/delta_baselines_ablation/Solar/168_24/chronos2/full_delta_ridge_shared/raw/euclidean/3/online/run_0 computation_signature=212f81d078395c6a359622e1ea7b80fa1e7d423b5e6d37e12657f75cdc088120 l2_grid=0,1e-6,1e-5,1e-4,1e-3,1e-2,1e-1,1,10 validation_fraction=0.2 fit_baselines_on_eval=false seed=1
2026-08-15 00:17:00,489 INFO [__main__] ========================================================================
2026-08-15 00:17:00,490 INFO [__main__] selected methods=('full_delta_ridge_shared',)
2026-08-15 00:17:02,135 INFO [__main__] baseline selection start l2_grid=(0.0, 1e-06, 1e-05, 0.0001, 0.001, 0.01, 0.1, 1.0, 10.0)
2026-08-15 00:17:02,375 INFO [__main__] baseline selection done
2026-08-15 00:17:02,397 INFO [__main__] experiment done seconds=1.90
2026-08-15 00:17:02,397 INFO [__main__] ========================================================================
2026-08-15T00:17:02+02:00 baselines done configuration=7/12 dataset=Solar model=chronos2 formula=full_delta_ridge_shared lags=168 horizon=24 retrieval=raw_euclidean_3_online
2026-08-15 00:17:04,954 INFO [__main__] extraction validation directory=/home/h61084/codes/adapts/outputs/extraction/Solar/336_48/chronos2/raw/euclidean/3/online/run_1 status=complete

2026-08-15T00:17:05+02:00 baselines start configuration=8/12 dataset=Solar model=chronos2 formula=full_ridge_shared lags=336 horizon=48 retrieval=raw_euclidean_3_online run=/home/h61084/codes/adapts/outputs/adaptation/delta_baselines_ablation/Solar/336_48/chronos2/full_ridge_shared/raw/euclidean/3/online/run_0 computation_signature=456593c7d69f7920224357631e9f5af32e84fef540a096d34e36ff017df11523 l2_grid=0,1e-6,1e-5,1e-4,1e-3,1e-2,1e-1,1,10 validation_fraction=0.2 fit_baselines_on_eval=false seed=1
2026-08-15 00:17:07,957 INFO [__main__] ========================================================================
2026-08-15 00:17:07,957 INFO [__main__] selected methods=('full_ridge_shared',)
2026-08-15 00:17:09,687 INFO [__main__] baseline selection start l2_grid=(0.0, 1e-06, 1e-05, 0.0001, 0.001, 0.01, 0.1, 1.0, 10.0)
2026-08-15 00:17:10,111 INFO [__main__] baseline selection done
2026-08-15 00:17:10,135 INFO [__main__] experiment done seconds=2.17
2026-08-15 00:17:10,135 INFO [__main__] ========================================================================
2026-08-15T00:17:10+02:00 baselines done configuration=8/12 dataset=Solar model=chronos2 formula=full_ridge_shared lags=336 horizon=48 retrieval=raw_euclidean_3_online

2026-08-15T00:17:10+02:00 baselines start configuration=8/12 dataset=Solar model=chronos2 formula=full_delta_ridge_shared lags=336 horizon=48 retrieval=raw_euclidean_3_online run=/home/h61084/codes/adapts/outputs/adaptation/delta_baselines_ablation/Solar/336_48/chronos2/full_delta_ridge_shared/raw/euclidean/3/online/run_0 computation_signature=3e57be92e34f42280aa1db1c319fc41a9cd8447e2ca569028c9a3631045256be l2_grid=0,1e-6,1e-5,1e-4,1e-3,1e-2,1e-1,1,10 validation_fraction=0.2 fit_baselines_on_eval=false seed=1
2026-08-15 00:17:13,214 INFO [__main__] ========================================================================
2026-08-15 00:17:13,214 INFO [__main__] selected methods=('full_delta_ridge_shared',)
2026-08-15 00:17:15,179 INFO [__main__] baseline selection start l2_grid=(0.0, 1e-06, 1e-05, 0.0001, 0.001, 0.01, 0.1, 1.0, 10.0)
2026-08-15 00:17:15,524 INFO [__main__] baseline selection done
2026-08-15 00:17:15,547 INFO [__main__] experiment done seconds=2.33
2026-08-15 00:17:15,547 INFO [__main__] ========================================================================
2026-08-15T00:17:16+02:00 baselines done configuration=8/12 dataset=Solar model=chronos2 formula=full_delta_ridge_shared lags=336 horizon=48 retrieval=raw_euclidean_3_online
2026-08-15 00:17:18,356 INFO [__main__] extraction validation directory=/home/h61084/codes/adapts/outputs/extraction/Solar/504_168/chronos2/raw/euclidean/3/online/run_1 status=complete

2026-08-15T00:17:18+02:00 baselines start configuration=9/12 dataset=Solar model=chronos2 formula=full_ridge_shared lags=504 horizon=168 retrieval=raw_euclidean_3_online run=/home/h61084/codes/adapts/outputs/adaptation/delta_baselines_ablation/Solar/504_168/chronos2/full_ridge_shared/raw/euclidean/3/online/run_0 computation_signature=bf3e2a8b80809de9df9aea12585c4ca1d2f6a599f8a10e89aac8c723563f8fbe l2_grid=0,1e-6,1e-5,1e-4,1e-3,1e-2,1e-1,1,10 validation_fraction=0.2 fit_baselines_on_eval=false seed=1
2026-08-15 00:17:21,240 INFO [__main__] ========================================================================
2026-08-15 00:17:21,240 INFO [__main__] selected methods=('full_ridge_shared',)
2026-08-15 00:17:23,252 INFO [__main__] baseline selection start l2_grid=(0.0, 1e-06, 1e-05, 0.0001, 0.001, 0.01, 0.1, 1.0, 10.0)
2026-08-15 00:17:24,015 INFO [__main__] baseline selection done
2026-08-15 00:17:24,040 INFO [__main__] experiment done seconds=2.80
2026-08-15 00:17:24,040 INFO [__main__] ========================================================================
2026-08-15T00:17:24+02:00 baselines done configuration=9/12 dataset=Solar model=chronos2 formula=full_ridge_shared lags=504 horizon=168 retrieval=raw_euclidean_3_online

2026-08-15T00:17:24+02:00 baselines start configuration=9/12 dataset=Solar model=chronos2 formula=full_delta_ridge_shared lags=504 horizon=168 retrieval=raw_euclidean_3_online run=/home/h61084/codes/adapts/outputs/adaptation/delta_baselines_ablation/Solar/504_168/chronos2/full_delta_ridge_shared/raw/euclidean/3/online/run_0 computation_signature=4892f24db352946f2823add64351bd95bf26455a6d5f231b700b6b712531fa8a l2_grid=0,1e-6,1e-5,1e-4,1e-3,1e-2,1e-1,1,10 validation_fraction=0.2 fit_baselines_on_eval=false seed=1
2026-08-15 00:17:26,961 INFO [__main__] ========================================================================
2026-08-15 00:17:26,962 INFO [__main__] selected methods=('full_delta_ridge_shared',)
2026-08-15 00:17:28,850 INFO [__main__] baseline selection start l2_grid=(0.0, 1e-06, 1e-05, 0.0001, 0.001, 0.01, 0.1, 1.0, 10.0)
2026-08-15 00:17:29,556 INFO [__main__] baseline selection done
2026-08-15 00:17:29,579 INFO [__main__] experiment done seconds=2.61
2026-08-15 00:17:29,579 INFO [__main__] ========================================================================
2026-08-15T00:17:30+02:00 baselines done configuration=9/12 dataset=Solar model=chronos2 formula=full_delta_ridge_shared lags=504 horizon=168 retrieval=raw_euclidean_3_online
2026-08-15 00:17:32,194 INFO [__main__] extraction validation directory=/home/h61084/codes/adapts/outputs/extraction/exchange_rate/168_24/chronos2/raw/euclidean/3/online/run_1 status=complete

2026-08-15T00:17:32+02:00 baselines start configuration=10/12 dataset=exchange_rate model=chronos2 formula=full_ridge_shared lags=168 horizon=24 retrieval=raw_euclidean_3_online run=/home/h61084/codes/adapts/outputs/adaptation/delta_baselines_ablation/exchange_rate/168_24/chronos2/full_ridge_shared/raw/euclidean/3/online/run_0 computation_signature=dd1a3b3b4892a40e29dcba12e5697508443e2f559de41b599d881dbb4afcf3f8 l2_grid=0,1e-6,1e-5,1e-4,1e-3,1e-2,1e-1,1,10 validation_fraction=0.2 fit_baselines_on_eval=false seed=1
2026-08-15 00:17:35,141 INFO [__main__] ========================================================================
2026-08-15 00:17:35,141 INFO [__main__] selected methods=('full_ridge_shared',)
2026-08-15 00:17:36,664 INFO [__main__] baseline selection start l2_grid=(0.0, 1e-06, 1e-05, 0.0001, 0.001, 0.01, 0.1, 1.0, 10.0)
2026-08-15 00:17:36,783 INFO [__main__] baseline selection done
2026-08-15 00:17:36,806 INFO [__main__] experiment done seconds=1.66
2026-08-15 00:17:36,806 INFO [__main__] ========================================================================
2026-08-15T00:17:37+02:00 baselines done configuration=10/12 dataset=exchange_rate model=chronos2 formula=full_ridge_shared lags=168 horizon=24 retrieval=raw_euclidean_3_online

2026-08-15T00:17:37+02:00 baselines start configuration=10/12 dataset=exchange_rate model=chronos2 formula=full_delta_ridge_shared lags=168 horizon=24 retrieval=raw_euclidean_3_online run=/home/h61084/codes/adapts/outputs/adaptation/delta_baselines_ablation/exchange_rate/168_24/chronos2/full_delta_ridge_shared/raw/euclidean/3/online/run_0 computation_signature=47ef80ccd967fbaa5d0d546734700f25f34276436e44206458e09771c309ccbd l2_grid=0,1e-6,1e-5,1e-4,1e-3,1e-2,1e-1,1,10 validation_fraction=0.2 fit_baselines_on_eval=false seed=1
2026-08-15 00:17:39,901 INFO [__main__] ========================================================================
2026-08-15 00:17:39,901 INFO [__main__] selected methods=('full_delta_ridge_shared',)
2026-08-15 00:17:41,461 INFO [__main__] baseline selection start l2_grid=(0.0, 1e-06, 1e-05, 0.0001, 0.001, 0.01, 0.1, 1.0, 10.0)
2026-08-15 00:17:41,577 INFO [__main__] baseline selection done
2026-08-15 00:17:41,604 INFO [__main__] experiment done seconds=1.70
2026-08-15 00:17:41,605 INFO [__main__] ========================================================================
2026-08-15T00:17:42+02:00 baselines done configuration=10/12 dataset=exchange_rate model=chronos2 formula=full_delta_ridge_shared lags=168 horizon=24 retrieval=raw_euclidean_3_online
2026-08-15 00:17:44,271 INFO [__main__] extraction validation directory=/home/h61084/codes/adapts/outputs/extraction/exchange_rate/336_48/chronos2/raw/euclidean/3/online/run_1 status=complete

2026-08-15T00:17:44+02:00 baselines start configuration=11/12 dataset=exchange_rate model=chronos2 formula=full_ridge_shared lags=336 horizon=48 retrieval=raw_euclidean_3_online run=/home/h61084/codes/adapts/outputs/adaptation/delta_baselines_ablation/exchange_rate/336_48/chronos2/full_ridge_shared/raw/euclidean/3/online/run_0 computation_signature=68c9bb1dc7a742a2f43062d04fcdbdd8baaf1aa4a14408da721b055e7b5c6860 l2_grid=0,1e-6,1e-5,1e-4,1e-3,1e-2,1e-1,1,10 validation_fraction=0.2 fit_baselines_on_eval=false seed=1
2026-08-15 00:17:47,194 INFO [__main__] ========================================================================
2026-08-15 00:17:47,194 INFO [__main__] selected methods=('full_ridge_shared',)
2026-08-15 00:17:48,714 INFO [__main__] baseline selection start l2_grid=(0.0, 1e-06, 1e-05, 0.0001, 0.001, 0.01, 0.1, 1.0, 10.0)
2026-08-15 00:17:48,872 INFO [__main__] baseline selection done
2026-08-15 00:17:48,896 INFO [__main__] experiment done seconds=1.70
2026-08-15 00:17:48,896 INFO [__main__] ========================================================================
2026-08-15T00:17:49+02:00 baselines done configuration=11/12 dataset=exchange_rate model=chronos2 formula=full_ridge_shared lags=336 horizon=48 retrieval=raw_euclidean_3_online

2026-08-15T00:17:49+02:00 baselines start configuration=11/12 dataset=exchange_rate model=chronos2 formula=full_delta_ridge_shared lags=336 horizon=48 retrieval=raw_euclidean_3_online run=/home/h61084/codes/adapts/outputs/adaptation/delta_baselines_ablation/exchange_rate/336_48/chronos2/full_delta_ridge_shared/raw/euclidean/3/online/run_0 computation_signature=6cac557c5f212badbeb85f5a5c0996ba6f421386afda38dd14e5192a04f0a146 l2_grid=0,1e-6,1e-5,1e-4,1e-3,1e-2,1e-1,1,10 validation_fraction=0.2 fit_baselines_on_eval=false seed=1
2026-08-15 00:17:51,951 INFO [__main__] ========================================================================
2026-08-15 00:17:51,951 INFO [__main__] selected methods=('full_delta_ridge_shared',)
2026-08-15 00:17:53,499 INFO [__main__] baseline selection start l2_grid=(0.0, 1e-06, 1e-05, 0.0001, 0.001, 0.01, 0.1, 1.0, 10.0)
2026-08-15 00:17:53,632 INFO [__main__] baseline selection done
2026-08-15 00:17:53,656 INFO [__main__] experiment done seconds=1.70
2026-08-15 00:17:53,656 INFO [__main__] ========================================================================
2026-08-15T00:17:54+02:00 baselines done configuration=11/12 dataset=exchange_rate model=chronos2 formula=full_delta_ridge_shared lags=336 horizon=48 retrieval=raw_euclidean_3_online
2026-08-15 00:17:56,500 INFO [__main__] extraction validation directory=/home/h61084/codes/adapts/outputs/extraction/exchange_rate/504_168/chronos2/raw/euclidean/3/online/run_1 status=complete

2026-08-15T00:17:57+02:00 baselines start configuration=12/12 dataset=exchange_rate model=chronos2 formula=full_ridge_shared lags=504 horizon=168 retrieval=raw_euclidean_3_online run=/home/h61084/codes/adapts/outputs/adaptation/delta_baselines_ablation/exchange_rate/504_168/chronos2/full_ridge_shared/raw/euclidean/3/online/run_0 computation_signature=144f29b76ef70d8777eb50d92ea37d1f8e052d1e38dcba7cbfc24848c7c337da l2_grid=0,1e-6,1e-5,1e-4,1e-3,1e-2,1e-1,1,10 validation_fraction=0.2 fit_baselines_on_eval=false seed=1
2026-08-15 00:17:59,377 INFO [__main__] ========================================================================
2026-08-15 00:17:59,377 INFO [__main__] selected methods=('full_ridge_shared',)
2026-08-15 00:18:00,915 INFO [__main__] baseline selection start l2_grid=(0.0, 1e-06, 1e-05, 0.0001, 0.001, 0.01, 0.1, 1.0, 10.0)
2026-08-15 00:18:01,113 INFO [__main__] baseline selection done
2026-08-15 00:18:01,142 INFO [__main__] experiment done seconds=1.76
2026-08-15 00:18:01,143 INFO [__main__] ========================================================================
2026-08-15T00:18:01+02:00 baselines done configuration=12/12 dataset=exchange_rate model=chronos2 formula=full_ridge_shared lags=504 horizon=168 retrieval=raw_euclidean_3_online

2026-08-15T00:18:01+02:00 baselines start configuration=12/12 dataset=exchange_rate model=chronos2 formula=full_delta_ridge_shared lags=504 horizon=168 retrieval=raw_euclidean_3_online run=/home/h61084/codes/adapts/outputs/adaptation/delta_baselines_ablation/exchange_rate/504_168/chronos2/full_delta_ridge_shared/raw/euclidean/3/online/run_0 computation_signature=acf9a3d2b1479706882e28465b5f5103de2f88dcff536aa1f9bef0fb2ae35dac l2_grid=0,1e-6,1e-5,1e-4,1e-3,1e-2,1e-1,1,10 validation_fraction=0.2 fit_baselines_on_eval=false seed=1
2026-08-15 00:18:04,207 INFO [__main__] ========================================================================
2026-08-15 00:18:04,207 INFO [__main__] selected methods=('full_delta_ridge_shared',)
2026-08-15 00:18:05,775 INFO [__main__] baseline selection start l2_grid=(0.0, 1e-06, 1e-05, 0.0001, 0.001, 0.01, 0.1, 1.0, 10.0)
2026-08-15 00:18:05,955 INFO [__main__] baseline selection done
2026-08-15 00:18:05,979 INFO [__main__] experiment done seconds=1.77
2026-08-15 00:18:05,979 INFO [__main__] ========================================================================
2026-08-15T00:18:06+02:00 baselines done configuration=12/12 dataset=exchange_rate model=chronos2 formula=full_delta_ridge_shared lags=504 horizon=168 retrieval=raw_euclidean_3_online

2026-08-15T00:18:06+02:00 job done kind=baselines output=outputs/adaptation/delta_baselines_ablation

2026-08-15T00:18:06+02:00 job start kind=adaptation_tables experiment_mode=full datasets=Electricity,Traffic,Solar,exchange_rate models=chronos2 settings=168_24,336_48,504_168 families=baselines metric=nmse distance_metrics=euclidean methods=full_ridge_shared,full_delta_ridge_shared,cov_y_ridge_shared,cov_y_delta_ridge_shared,cov_avgy_ridge_shared,cov_avgy_delta_ridge_shared table_kinds=full,average results_root=outputs/adaptation/delta_baselines_ablation

2026-08-15T00:18:06+02:00 table start model=chronos2 kind=full metric=nmse split=eval decimals=2 output=/home/h61084/codes/adapts/outputs/reports/delta_baselines_ablation/full/chronos2/full
LaTeX table written to /home/h61084/codes/adapts/outputs/reports/delta_baselines_ablation/full/chronos2/full/baselines_results.tex
2026-08-15T00:18:15+02:00 table done model=chronos2 kind=full output=/home/h61084/codes/adapts/outputs/reports/delta_baselines_ablation/full/chronos2/full

2026-08-15T00:18:15+02:00 table start model=chronos2 kind=average metric=nmse split=eval decimals=2 output=/home/h61084/codes/adapts/outputs/reports/delta_baselines_ablation/full/chronos2/average
LaTeX table written to /home/h61084/codes/adapts/outputs/reports/delta_baselines_ablation/full/chronos2/average/baselines_results.tex
LaTeX table written to /home/h61084/codes/adapts/outputs/reports/delta_baselines_ablation/full/chronos2/average/positive_windows_results.tex
2026-08-15T00:18:21+02:00 table done model=chronos2 kind=average output=/home/h61084/codes/adapts/outputs/reports/delta_baselines_ablation/full/chronos2/average

2026-08-15T00:18:21+02:00 baseline coefficient plots start model=chronos2 output=/home/h61084/codes/adapts/outputs/reports/delta_baselines_ablation/full/chronos2/coefficients
Baseline coefficient outputs written: 240
Coefficient index written to /home/h61084/codes/adapts/outputs/reports/delta_baselines_ablation/full/chronos2/coefficients/coefficient_index.csv
2026-08-15T00:18:40+02:00 baseline coefficient plots done model=chronos2 output=/home/h61084/codes/adapts/outputs/reports/delta_baselines_ablation/full/chronos2/coefficients

2026-08-15T00:18:40+02:00 job done kind=adaptation_tables output=/home/h61084/codes/adapts/outputs/reports/delta_baselines_ablation/full
