
2026-07-30T23:19:46+02:00 job start kind=adaptation_extraction experiment_mode=small skip_complete=true compute_transformed_prediction=false tasks=84 datasets=Traffic,Electricity,Solar models=chronos2 settings=168:24,504:24,504:168,504:504 distance_spaces=raw,instance distance_metrics=euclidean neighbors=1,3,10

2026-07-30T23:19:46+02:00 extraction start configuration=1/84 dataset=Traffic model=chronos2 lags=168 horizon=24 retrieval=vanilla datastore_stride=24 adapt_stride=24 eval_stride=128 max_store_windows=30000 compute_transformed_prediction=false seed=1
2026-07-30 23:19:48,974 INFO [__main__] ========================================================================
2026-07-30 23:19:48,974 INFO [__main__] experiment start kind=extraction dataset=Traffic model=chronos2 lags=168 horizon=24 neighbors=0 distance=raw/euclidean
2026-07-30 23:19:49,284 INFO [__main__] extraction skipped dir=/home/h61084/codes/adapts/outputs/adaptation/Traffic/168_24/chronos2/vanilla reason=complete
2026-07-30 23:19:49,284 INFO [__main__] ========================================================================
2026-07-30T23:19:49+02:00 extraction done configuration=1/84 dataset=Traffic model=chronos2 lags=168 horizon=24 retrieval=vanilla

2026-07-30T23:19:49+02:00 extraction start configuration=2/84 dataset=Traffic model=chronos2 lags=168 horizon=24 retrieval=raw_euclidean_1_online datastore_stride=24 adapt_stride=24 eval_stride=128 max_store_windows=30000 compute_transformed_prediction=false seed=1
2026-07-30 23:19:52,038 INFO [__main__] ========================================================================
2026-07-30 23:19:52,038 INFO [__main__] experiment start kind=extraction dataset=Traffic model=chronos2 lags=168 horizon=24 neighbors=1 distance=raw/euclidean
2026-07-30 23:19:52,320 INFO [__main__] extraction skipped dir=/home/h61084/codes/adapts/outputs/adaptation/Traffic/168_24/chronos2/raw_euclidean_1_online/extracted reason=complete
2026-07-30 23:19:52,320 INFO [__main__] ========================================================================
2026-07-30T23:19:52+02:00 extraction done configuration=2/84 dataset=Traffic model=chronos2 lags=168 horizon=24 retrieval=raw_euclidean_1_online

2026-07-30T23:19:52+02:00 extraction start configuration=3/84 dataset=Traffic model=chronos2 lags=168 horizon=24 retrieval=raw_euclidean_3_online datastore_stride=24 adapt_stride=24 eval_stride=128 max_store_windows=30000 compute_transformed_prediction=false seed=1
2026-07-30 23:19:55,200 INFO [__main__] ========================================================================
2026-07-30 23:19:55,201 INFO [__main__] experiment start kind=extraction dataset=Traffic model=chronos2 lags=168 horizon=24 neighbors=3 distance=raw/euclidean
2026-07-30 23:19:55,499 INFO [__main__] existing extraction not reusable dir=/home/h61084/codes/adapts/outputs/adaptation/Traffic/168_24/chronos2/raw_euclidean_3_online/extracted reason=missing completion marker: /home/h61084/codes/adapts/outputs/adaptation/Traffic/168_24/chronos2/raw_euclidean_3_online/extracted/extraction_manifest.json
2026-07-30 23:19:55,499 INFO [__main__] dataset load start
2026-07-30 23:19:55,500 INFO [src.data.load_dataset] loaded dataset config path=/home/h61084/codes/datasets/traffic/config.json keys=['aggr', 'date_col', 'drop_users']
2026-07-30 23:19:56,685 INFO [__main__] dataset load done dates=17544 users=860
2026-07-30 23:19:56,685 INFO [__main__] model load start
2026-07-30 23:20:10,075 INFO [__main__] model load done name=chronos2 device=cuda parameters_total=119,477,664 parameters_trainable=0
2026-07-30 23:20:10,078 INFO [__main__] extraction start split=adapt queries=365
2026-07-30 23:30:46,890 INFO [__main__] extraction done split=adapt
2026-07-30 23:30:46,890 INFO [__main__] extraction start split=eval queries=28
2026-07-30 23:31:34,652 INFO [__main__] extraction done split=eval
2026-07-30 23:31:35,648 INFO [__main__] completion marker saved path=/home/h61084/codes/adapts/outputs/adaptation/Traffic/168_24/chronos2/raw_euclidean_3_online/extracted/extraction_manifest.json
2026-07-30 23:31:35,648 INFO [__main__] outputs saved dir=/home/h61084/codes/adapts/outputs/adaptation/Traffic/168_24/chronos2/raw_euclidean_3_online/extracted
2026-07-30 23:31:35,648 INFO [__main__] experiment done seconds=700.44
2026-07-30 23:31:35,648 INFO [__main__] ========================================================================
2026-07-30T23:31:36+02:00 extraction done configuration=3/84 dataset=Traffic model=chronos2 lags=168 horizon=24 retrieval=raw_euclidean_3_online

2026-07-30T23:31:36+02:00 extraction start configuration=4/84 dataset=Traffic model=chronos2 lags=168 horizon=24 retrieval=raw_euclidean_10_online datastore_stride=24 adapt_stride=24 eval_stride=128 max_store_windows=30000 compute_transformed_prediction=false seed=1
2026-07-30 23:31:39,005 INFO [__main__] ========================================================================
2026-07-30 23:31:39,005 INFO [__main__] experiment start kind=extraction dataset=Traffic model=chronos2 lags=168 horizon=24 neighbors=10 distance=raw/euclidean
2026-07-30 23:31:39,299 INFO [__main__] extraction skipped dir=/home/h61084/codes/adapts/outputs/adaptation/Traffic/168_24/chronos2/raw_euclidean_10_online/extracted reason=complete
2026-07-30 23:31:39,299 INFO [__main__] ========================================================================
2026-07-30T23:31:39+02:00 extraction done configuration=4/84 dataset=Traffic model=chronos2 lags=168 horizon=24 retrieval=raw_euclidean_10_online

2026-07-30T23:31:39+02:00 extraction start configuration=5/84 dataset=Traffic model=chronos2 lags=168 horizon=24 retrieval=instance_euclidean_1_online datastore_stride=24 adapt_stride=24 eval_stride=128 max_store_windows=30000 compute_transformed_prediction=false seed=1
2026-07-30 23:31:41,972 INFO [__main__] ========================================================================
2026-07-30 23:31:41,972 INFO [__main__] experiment start kind=extraction dataset=Traffic model=chronos2 lags=168 horizon=24 neighbors=1 distance=instance/euclidean
2026-07-30 23:31:42,262 INFO [__main__] extraction skipped dir=/home/h61084/codes/adapts/outputs/adaptation/Traffic/168_24/chronos2/instance_euclidean_1_online/extracted reason=complete
2026-07-30 23:31:42,262 INFO [__main__] ========================================================================
2026-07-30T23:31:42+02:00 extraction done configuration=5/84 dataset=Traffic model=chronos2 lags=168 horizon=24 retrieval=instance_euclidean_1_online

2026-07-30T23:31:42+02:00 extraction start configuration=6/84 dataset=Traffic model=chronos2 lags=168 horizon=24 retrieval=instance_euclidean_3_online datastore_stride=24 adapt_stride=24 eval_stride=128 max_store_windows=30000 compute_transformed_prediction=false seed=1
2026-07-30 23:31:45,054 INFO [__main__] ========================================================================
2026-07-30 23:31:45,054 INFO [__main__] experiment start kind=extraction dataset=Traffic model=chronos2 lags=168 horizon=24 neighbors=3 distance=instance/euclidean
2026-07-30 23:31:45,338 INFO [__main__] existing extraction not reusable dir=/home/h61084/codes/adapts/outputs/adaptation/Traffic/168_24/chronos2/instance_euclidean_3_online/extracted reason=missing completion marker: /home/h61084/codes/adapts/outputs/adaptation/Traffic/168_24/chronos2/instance_euclidean_3_online/extracted/extraction_manifest.json
2026-07-30 23:31:45,338 INFO [__main__] dataset load start
2026-07-30 23:31:45,338 INFO [src.data.load_dataset] loaded dataset config path=/home/h61084/codes/datasets/traffic/config.json keys=['aggr', 'date_col', 'drop_users']
2026-07-30 23:31:46,498 INFO [__main__] dataset load done dates=17544 users=860
2026-07-30 23:31:46,498 INFO [__main__] model load start
2026-07-30 23:31:58,252 INFO [__main__] model load done name=chronos2 device=cuda parameters_total=119,477,664 parameters_trainable=0
2026-07-30 23:31:58,254 INFO [__main__] extraction start split=adapt queries=365
2026-07-30 23:42:26,466 INFO [__main__] extraction done split=adapt
2026-07-30 23:42:26,466 INFO [__main__] extraction start split=eval queries=28
2026-07-30 23:43:16,708 INFO [__main__] extraction done split=eval
2026-07-30 23:43:17,773 INFO [__main__] completion marker saved path=/home/h61084/codes/adapts/outputs/adaptation/Traffic/168_24/chronos2/instance_euclidean_3_online/extracted/extraction_manifest.json
2026-07-30 23:43:17,773 INFO [__main__] outputs saved dir=/home/h61084/codes/adapts/outputs/adaptation/Traffic/168_24/chronos2/instance_euclidean_3_online/extracted
2026-07-30 23:43:17,773 INFO [__main__] experiment done seconds=692.71
2026-07-30 23:43:17,773 INFO [__main__] ========================================================================
2026-07-30T23:43:19+02:00 extraction done configuration=6/84 dataset=Traffic model=chronos2 lags=168 horizon=24 retrieval=instance_euclidean_3_online

2026-07-30T23:43:19+02:00 extraction start configuration=7/84 dataset=Traffic model=chronos2 lags=168 horizon=24 retrieval=instance_euclidean_10_online datastore_stride=24 adapt_stride=24 eval_stride=128 max_store_windows=30000 compute_transformed_prediction=false seed=1
2026-07-30 23:43:21,754 INFO [__main__] ========================================================================
2026-07-30 23:43:21,754 INFO [__main__] experiment start kind=extraction dataset=Traffic model=chronos2 lags=168 horizon=24 neighbors=10 distance=instance/euclidean
2026-07-30 23:43:22,057 INFO [__main__] extraction skipped dir=/home/h61084/codes/adapts/outputs/adaptation/Traffic/168_24/chronos2/instance_euclidean_10_online/extracted reason=complete
2026-07-30 23:43:22,057 INFO [__main__] ========================================================================
2026-07-30T23:43:22+02:00 extraction done configuration=7/84 dataset=Traffic model=chronos2 lags=168 horizon=24 retrieval=instance_euclidean_10_online

2026-07-30T23:43:22+02:00 extraction start configuration=8/84 dataset=Traffic model=chronos2 lags=504 horizon=24 retrieval=vanilla datastore_stride=24 adapt_stride=24 eval_stride=128 max_store_windows=30000 compute_transformed_prediction=false seed=1
2026-07-30 23:43:24,753 INFO [__main__] ========================================================================
2026-07-30 23:43:24,753 INFO [__main__] experiment start kind=extraction dataset=Traffic model=chronos2 lags=504 horizon=24 neighbors=0 distance=raw/euclidean
2026-07-30 23:43:25,082 INFO [__main__] existing extraction not reusable dir=/home/h61084/codes/adapts/outputs/adaptation/Traffic/504_24/chronos2/vanilla reason=missing completion marker: /home/h61084/codes/adapts/outputs/adaptation/Traffic/504_24/chronos2/vanilla/extraction_manifest.json
2026-07-30 23:43:25,082 INFO [__main__] dataset load start
2026-07-30 23:43:25,083 INFO [src.data.load_dataset] loaded dataset config path=/home/h61084/codes/datasets/traffic/config.json keys=['aggr', 'date_col', 'drop_users']
2026-07-30 23:43:26,247 INFO [__main__] dataset load done dates=17544 users=860
2026-07-30 23:43:26,247 INFO [__main__] model load start
2026-07-30 23:43:37,018 INFO [__main__] model load done name=chronos2 device=cuda parameters_total=119,477,664 parameters_trainable=0
2026-07-30 23:43:37,020 INFO [__main__] extraction start split=adapt queries=365
2026-07-30 23:45:40,603 INFO [__main__] extraction done split=adapt
2026-07-30 23:45:40,603 INFO [__main__] extraction start split=eval queries=28
2026-07-30 23:45:50,019 INFO [__main__] extraction done split=eval
2026-07-30 23:45:50,105 INFO [__main__] vanilla metrics saved path=/home/h61084/codes/adapts/outputs/adaptation/Traffic/504_24/chronos2/vanilla/vanilla_metrics.json
2026-07-30 23:45:50,110 INFO [__main__] completion marker saved path=/home/h61084/codes/adapts/outputs/adaptation/Traffic/504_24/chronos2/vanilla/extraction_manifest.json
2026-07-30 23:45:50,110 INFO [__main__] outputs saved dir=/home/h61084/codes/adapts/outputs/adaptation/Traffic/504_24/chronos2/vanilla
2026-07-30 23:45:50,110 INFO [__main__] experiment done seconds=145.35
2026-07-30 23:45:50,110 INFO [__main__] ========================================================================
2026-07-30T23:45:50+02:00 extraction done configuration=8/84 dataset=Traffic model=chronos2 lags=504 horizon=24 retrieval=vanilla

2026-07-30T23:45:50+02:00 extraction start configuration=9/84 dataset=Traffic model=chronos2 lags=504 horizon=24 retrieval=raw_euclidean_1_online datastore_stride=24 adapt_stride=24 eval_stride=128 max_store_windows=30000 compute_transformed_prediction=false seed=1
2026-07-30 23:45:53,342 INFO [__main__] ========================================================================
2026-07-30 23:45:53,342 INFO [__main__] experiment start kind=extraction dataset=Traffic model=chronos2 lags=504 horizon=24 neighbors=1 distance=raw/euclidean
2026-07-30 23:45:53,647 INFO [__main__] existing extraction not reusable dir=/home/h61084/codes/adapts/outputs/adaptation/Traffic/504_24/chronos2/raw_euclidean_1_online/extracted reason=missing completion marker: /home/h61084/codes/adapts/outputs/adaptation/Traffic/504_24/chronos2/raw_euclidean_1_online/extracted/extraction_manifest.json
2026-07-30 23:45:53,647 INFO [__main__] dataset load start
2026-07-30 23:45:53,648 INFO [src.data.load_dataset] loaded dataset config path=/home/h61084/codes/datasets/traffic/config.json keys=['aggr', 'date_col', 'drop_users']
2026-07-30 23:45:54,841 INFO [__main__] dataset load done dates=17544 users=860
2026-07-30 23:45:54,841 INFO [__main__] model load start
2026-07-30 23:46:05,810 INFO [__main__] model load done name=chronos2 device=cuda parameters_total=119,477,664 parameters_trainable=0
2026-07-30 23:46:05,812 INFO [__main__] extraction start split=adapt queries=365
2026-07-30 23:56:33,524 INFO [__main__] extraction done split=adapt
2026-07-30 23:56:33,524 INFO [__main__] extraction start split=eval queries=28
2026-07-30 23:57:20,775 INFO [__main__] extraction done split=eval
2026-07-30 23:57:21,629 INFO [__main__] completion marker saved path=/home/h61084/codes/adapts/outputs/adaptation/Traffic/504_24/chronos2/raw_euclidean_1_online/extracted/extraction_manifest.json
2026-07-30 23:57:21,629 INFO [__main__] outputs saved dir=/home/h61084/codes/adapts/outputs/adaptation/Traffic/504_24/chronos2/raw_euclidean_1_online/extracted
2026-07-30 23:57:21,629 INFO [__main__] experiment done seconds=688.28
2026-07-30 23:57:21,629 INFO [__main__] ========================================================================
2026-07-30T23:57:22+02:00 extraction done configuration=9/84 dataset=Traffic model=chronos2 lags=504 horizon=24 retrieval=raw_euclidean_1_online

2026-07-30T23:57:22+02:00 extraction start configuration=10/84 dataset=Traffic model=chronos2 lags=504 horizon=24 retrieval=raw_euclidean_3_online datastore_stride=24 adapt_stride=24 eval_stride=128 max_store_windows=30000 compute_transformed_prediction=false seed=1
2026-07-30 23:57:24,830 INFO [__main__] ========================================================================
2026-07-30 23:57:24,831 INFO [__main__] experiment start kind=extraction dataset=Traffic model=chronos2 lags=504 horizon=24 neighbors=3 distance=raw/euclidean
2026-07-30 23:57:25,145 INFO [__main__] existing extraction not reusable dir=/home/h61084/codes/adapts/outputs/adaptation/Traffic/504_24/chronos2/raw_euclidean_3_online/extracted reason=missing completion marker: /home/h61084/codes/adapts/outputs/adaptation/Traffic/504_24/chronos2/raw_euclidean_3_online/extracted/extraction_manifest.json
2026-07-30 23:57:25,145 INFO [__main__] dataset load start
2026-07-30 23:57:25,146 INFO [src.data.load_dataset] loaded dataset config path=/home/h61084/codes/datasets/traffic/config.json keys=['aggr', 'date_col', 'drop_users']
2026-07-30 23:57:26,306 INFO [__main__] dataset load done dates=17544 users=860
2026-07-30 23:57:26,306 INFO [__main__] model load start
2026-07-30 23:57:36,679 INFO [__main__] model load done name=chronos2 device=cuda parameters_total=119,477,664 parameters_trainable=0
2026-07-30 23:57:36,681 INFO [__main__] extraction start split=adapt queries=365
2026-07-31 00:15:11,410 INFO [__main__] extraction done split=adapt
2026-07-31 00:15:11,411 INFO [__main__] extraction start split=eval queries=28
2026-07-31 00:16:32,136 INFO [__main__] extraction done split=eval
2026-07-31 00:16:33,191 INFO [__main__] completion marker saved path=/home/h61084/codes/adapts/outputs/adaptation/Traffic/504_24/chronos2/raw_euclidean_3_online/extracted/extraction_manifest.json
2026-07-31 00:16:33,191 INFO [__main__] outputs saved dir=/home/h61084/codes/adapts/outputs/adaptation/Traffic/504_24/chronos2/raw_euclidean_3_online/extracted
2026-07-31 00:16:33,191 INFO [__main__] experiment done seconds=1148.35
2026-07-31 00:16:33,191 INFO [__main__] ========================================================================
2026-07-31T00:16:34+02:00 extraction done configuration=10/84 dataset=Traffic model=chronos2 lags=504 horizon=24 retrieval=raw_euclidean_3_online

2026-07-31T00:16:34+02:00 extraction start configuration=11/84 dataset=Traffic model=chronos2 lags=504 horizon=24 retrieval=raw_euclidean_10_online datastore_stride=24 adapt_stride=24 eval_stride=128 max_store_windows=30000 compute_transformed_prediction=false seed=1
2026-07-31 00:16:37,027 INFO [__main__] ========================================================================
2026-07-31 00:16:37,027 INFO [__main__] experiment start kind=extraction dataset=Traffic model=chronos2 lags=504 horizon=24 neighbors=10 distance=raw/euclidean
2026-07-31 00:16:37,381 INFO [__main__] existing extraction not reusable dir=/home/h61084/codes/adapts/outputs/adaptation/Traffic/504_24/chronos2/raw_euclidean_10_online/extracted reason=missing completion marker: /home/h61084/codes/adapts/outputs/adaptation/Traffic/504_24/chronos2/raw_euclidean_10_online/extracted/extraction_manifest.json
2026-07-31 00:16:37,381 INFO [__main__] dataset load start
2026-07-31 00:16:37,382 INFO [src.data.load_dataset] loaded dataset config path=/home/h61084/codes/datasets/traffic/config.json keys=['aggr', 'date_col', 'drop_users']
2026-07-31 00:16:38,612 INFO [__main__] dataset load done dates=17544 users=860
2026-07-31 00:16:38,612 INFO [__main__] model load start
2026-07-31 00:16:50,292 INFO [__main__] model load done name=chronos2 device=cuda parameters_total=119,477,664 parameters_trainable=0
2026-07-31 00:16:50,294 INFO [__main__] extraction start split=adapt queries=365
2026-07-31 00:59:45,706 INFO [__main__] extraction done split=adapt
2026-07-31 00:59:45,706 INFO [__main__] extraction start split=eval queries=28
2026-07-31 01:03:02,263 INFO [__main__] extraction done split=eval
2026-07-31 01:03:03,291 INFO [__main__] completion marker saved path=/home/h61084/codes/adapts/outputs/adaptation/Traffic/504_24/chronos2/raw_euclidean_10_online/extracted/extraction_manifest.json
2026-07-31 01:03:03,291 INFO [__main__] outputs saved dir=/home/h61084/codes/adapts/outputs/adaptation/Traffic/504_24/chronos2/raw_euclidean_10_online/extracted
2026-07-31 01:03:03,291 INFO [__main__] experiment done seconds=2786.25
2026-07-31 01:03:03,291 INFO [__main__] ========================================================================
2026-07-31T01:03:04+02:00 extraction done configuration=11/84 dataset=Traffic model=chronos2 lags=504 horizon=24 retrieval=raw_euclidean_10_online

2026-07-31T01:03:04+02:00 extraction start configuration=12/84 dataset=Traffic model=chronos2 lags=504 horizon=24 retrieval=instance_euclidean_1_online datastore_stride=24 adapt_stride=24 eval_stride=128 max_store_windows=30000 compute_transformed_prediction=false seed=1
2026-07-31 01:03:07,467 INFO [__main__] ========================================================================
2026-07-31 01:03:07,467 INFO [__main__] experiment start kind=extraction dataset=Traffic model=chronos2 lags=504 horizon=24 neighbors=1 distance=instance/euclidean
2026-07-31 01:03:07,761 INFO [__main__] existing extraction not reusable dir=/home/h61084/codes/adapts/outputs/adaptation/Traffic/504_24/chronos2/instance_euclidean_1_online/extracted reason=missing completion marker: /home/h61084/codes/adapts/outputs/adaptation/Traffic/504_24/chronos2/instance_euclidean_1_online/extracted/extraction_manifest.json
2026-07-31 01:03:07,761 INFO [__main__] dataset load start
2026-07-31 01:03:07,762 INFO [src.data.load_dataset] loaded dataset config path=/home/h61084/codes/datasets/traffic/config.json keys=['aggr', 'date_col', 'drop_users']
2026-07-31 01:03:08,891 INFO [__main__] dataset load done dates=17544 users=860
2026-07-31 01:03:08,891 INFO [__main__] model load start
2026-07-31 01:03:20,248 INFO [__main__] model load done name=chronos2 device=cuda parameters_total=119,477,664 parameters_trainable=0
2026-07-31 01:03:20,250 INFO [__main__] extraction start split=adapt queries=365
2026-07-31 01:14:08,084 INFO [__main__] extraction done split=adapt
2026-07-31 01:14:08,084 INFO [__main__] extraction start split=eval queries=28
2026-07-31 01:14:57,950 INFO [__main__] extraction done split=eval
2026-07-31 01:14:58,935 INFO [__main__] completion marker saved path=/home/h61084/codes/adapts/outputs/adaptation/Traffic/504_24/chronos2/instance_euclidean_1_online/extracted/extraction_manifest.json
2026-07-31 01:14:58,936 INFO [__main__] outputs saved dir=/home/h61084/codes/adapts/outputs/adaptation/Traffic/504_24/chronos2/instance_euclidean_1_online/extracted
2026-07-31 01:14:58,936 INFO [__main__] experiment done seconds=711.46
2026-07-31 01:14:58,936 INFO [__main__] ========================================================================
2026-07-31T01:14:59+02:00 extraction done configuration=12/84 dataset=Traffic model=chronos2 lags=504 horizon=24 retrieval=instance_euclidean_1_online

2026-07-31T01:14:59+02:00 extraction start configuration=13/84 dataset=Traffic model=chronos2 lags=504 horizon=24 retrieval=instance_euclidean_3_online datastore_stride=24 adapt_stride=24 eval_stride=128 max_store_windows=30000 compute_transformed_prediction=false seed=1
2026-07-31 01:15:02,819 INFO [__main__] ========================================================================
2026-07-31 01:15:02,819 INFO [__main__] experiment start kind=extraction dataset=Traffic model=chronos2 lags=504 horizon=24 neighbors=3 distance=instance/euclidean
2026-07-31 01:15:03,158 INFO [__main__] existing extraction not reusable dir=/home/h61084/codes/adapts/outputs/adaptation/Traffic/504_24/chronos2/instance_euclidean_3_online/extracted reason=missing completion marker: /home/h61084/codes/adapts/outputs/adaptation/Traffic/504_24/chronos2/instance_euclidean_3_online/extracted/extraction_manifest.json
2026-07-31 01:15:03,158 INFO [__main__] dataset load start
2026-07-31 01:15:03,159 INFO [src.data.load_dataset] loaded dataset config path=/home/h61084/codes/datasets/traffic/config.json keys=['aggr', 'date_col', 'drop_users']
2026-07-31 01:15:04,272 INFO [__main__] dataset load done dates=17544 users=860
2026-07-31 01:15:04,273 INFO [__main__] model load start
2026-07-31 01:15:15,737 INFO [__main__] model load done name=chronos2 device=cuda parameters_total=119,477,664 parameters_trainable=0
2026-07-31 01:15:15,739 INFO [__main__] extraction start split=adapt queries=365
2026-07-31 01:33:12,718 INFO [__main__] extraction done split=adapt
2026-07-31 01:33:12,718 INFO [__main__] extraction start split=eval queries=28
2026-07-31 01:34:35,496 INFO [__main__] extraction done split=eval
2026-07-31 01:34:36,665 INFO [__main__] completion marker saved path=/home/h61084/codes/adapts/outputs/adaptation/Traffic/504_24/chronos2/instance_euclidean_3_online/extracted/extraction_manifest.json
2026-07-31 01:34:36,666 INFO [__main__] outputs saved dir=/home/h61084/codes/adapts/outputs/adaptation/Traffic/504_24/chronos2/instance_euclidean_3_online/extracted
2026-07-31 01:34:36,666 INFO [__main__] experiment done seconds=1173.84
2026-07-31 01:34:36,666 INFO [__main__] ========================================================================
2026-07-31T01:34:37+02:00 extraction done configuration=13/84 dataset=Traffic model=chronos2 lags=504 horizon=24 retrieval=instance_euclidean_3_online

2026-07-31T01:34:37+02:00 extraction start configuration=14/84 dataset=Traffic model=chronos2 lags=504 horizon=24 retrieval=instance_euclidean_10_online datastore_stride=24 adapt_stride=24 eval_stride=128 max_store_windows=30000 compute_transformed_prediction=false seed=1
2026-07-31 01:34:40,726 INFO [__main__] ========================================================================
2026-07-31 01:34:40,726 INFO [__main__] experiment start kind=extraction dataset=Traffic model=chronos2 lags=504 horizon=24 neighbors=10 distance=instance/euclidean
2026-07-31 01:34:41,025 INFO [__main__] existing extraction not reusable dir=/home/h61084/codes/adapts/outputs/adaptation/Traffic/504_24/chronos2/instance_euclidean_10_online/extracted reason=missing completion marker: /home/h61084/codes/adapts/outputs/adaptation/Traffic/504_24/chronos2/instance_euclidean_10_online/extracted/extraction_manifest.json
2026-07-31 01:34:41,025 INFO [__main__] dataset load start
2026-07-31 01:34:41,026 INFO [src.data.load_dataset] loaded dataset config path=/home/h61084/codes/datasets/traffic/config.json keys=['aggr', 'date_col', 'drop_users']
2026-07-31 01:34:42,198 INFO [__main__] dataset load done dates=17544 users=860
2026-07-31 01:34:42,198 INFO [__main__] model load start
2026-07-31 01:34:53,646 INFO [__main__] model load done name=chronos2 device=cuda parameters_total=119,477,664 parameters_trainable=0
2026-07-31 01:34:53,648 INFO [__main__] extraction start split=adapt queries=365
2026-07-31 02:18:25,957 INFO [__main__] extraction done split=adapt
2026-07-31 02:18:25,958 INFO [__main__] extraction start split=eval queries=28
2026-07-31 02:21:46,351 INFO [__main__] extraction done split=eval
2026-07-31 02:21:47,562 INFO [__main__] completion marker saved path=/home/h61084/codes/adapts/outputs/adaptation/Traffic/504_24/chronos2/instance_euclidean_10_online/extracted/extraction_manifest.json
2026-07-31 02:21:47,562 INFO [__main__] outputs saved dir=/home/h61084/codes/adapts/outputs/adaptation/Traffic/504_24/chronos2/instance_euclidean_10_online/extracted
2026-07-31 02:21:47,562 INFO [__main__] experiment done seconds=2826.79
2026-07-31 02:21:47,562 INFO [__main__] ========================================================================
2026-07-31T02:21:48+02:00 extraction done configuration=14/84 dataset=Traffic model=chronos2 lags=504 horizon=24 retrieval=instance_euclidean_10_online

2026-07-31T02:21:48+02:00 extraction start configuration=15/84 dataset=Traffic model=chronos2 lags=504 horizon=168 retrieval=vanilla datastore_stride=24 adapt_stride=24 eval_stride=128 max_store_windows=30000 compute_transformed_prediction=false seed=1
2026-07-31 02:21:51,917 INFO [__main__] ========================================================================
2026-07-31 02:21:51,918 INFO [__main__] experiment start kind=extraction dataset=Traffic model=chronos2 lags=504 horizon=168 neighbors=0 distance=raw/euclidean
2026-07-31 02:21:52,197 INFO [__main__] extraction skipped dir=/home/h61084/codes/adapts/outputs/adaptation/Traffic/504_168/chronos2/vanilla reason=complete
2026-07-31 02:21:52,197 INFO [__main__] ========================================================================
2026-07-31T02:21:52+02:00 extraction done configuration=15/84 dataset=Traffic model=chronos2 lags=504 horizon=168 retrieval=vanilla

2026-07-31T02:21:52+02:00 extraction start configuration=16/84 dataset=Traffic model=chronos2 lags=504 horizon=168 retrieval=raw_euclidean_1_online datastore_stride=24 adapt_stride=24 eval_stride=128 max_store_windows=30000 compute_transformed_prediction=false seed=1
2026-07-31 02:21:54,799 INFO [__main__] ========================================================================
2026-07-31 02:21:54,799 INFO [__main__] experiment start kind=extraction dataset=Traffic model=chronos2 lags=504 horizon=168 neighbors=1 distance=raw/euclidean
2026-07-31 02:21:55,097 INFO [__main__] extraction skipped dir=/home/h61084/codes/adapts/outputs/adaptation/Traffic/504_168/chronos2/raw_euclidean_1_online/extracted reason=complete
2026-07-31 02:21:55,097 INFO [__main__] ========================================================================
2026-07-31T02:21:55+02:00 extraction done configuration=16/84 dataset=Traffic model=chronos2 lags=504 horizon=168 retrieval=raw_euclidean_1_online

2026-07-31T02:21:55+02:00 extraction start configuration=17/84 dataset=Traffic model=chronos2 lags=504 horizon=168 retrieval=raw_euclidean_3_online datastore_stride=24 adapt_stride=24 eval_stride=128 max_store_windows=30000 compute_transformed_prediction=false seed=1
2026-07-31 02:21:57,756 INFO [__main__] ========================================================================
2026-07-31 02:21:57,757 INFO [__main__] experiment start kind=extraction dataset=Traffic model=chronos2 lags=504 horizon=168 neighbors=3 distance=raw/euclidean
2026-07-31 02:21:58,030 INFO [__main__] existing extraction not reusable dir=/home/h61084/codes/adapts/outputs/adaptation/Traffic/504_168/chronos2/raw_euclidean_3_online/extracted reason=missing completion marker: /home/h61084/codes/adapts/outputs/adaptation/Traffic/504_168/chronos2/raw_euclidean_3_online/extracted/extraction_manifest.json
2026-07-31 02:21:58,030 INFO [__main__] dataset load start
2026-07-31 02:21:58,031 INFO [src.data.load_dataset] loaded dataset config path=/home/h61084/codes/datasets/traffic/config.json keys=['aggr', 'date_col', 'drop_users']
2026-07-31 02:21:59,130 INFO [__main__] dataset load done dates=17544 users=860
2026-07-31 02:21:59,130 INFO [__main__] model load start
2026-07-31 02:22:11,023 INFO [__main__] model load done name=chronos2 device=cuda parameters_total=119,477,664 parameters_trainable=0
2026-07-31 02:22:11,025 INFO [__main__] extraction start split=adapt queries=359
2026-07-31 02:41:11,114 INFO [__main__] extraction done split=adapt
2026-07-31 02:41:11,115 INFO [__main__] extraction start split=eval queries=27
2026-07-31 02:42:36,791 INFO [__main__] extraction done split=eval
2026-07-31 02:42:37,765 INFO [__main__] completion marker saved path=/home/h61084/codes/adapts/outputs/adaptation/Traffic/504_168/chronos2/raw_euclidean_3_online/extracted/extraction_manifest.json
2026-07-31 02:42:37,765 INFO [__main__] outputs saved dir=/home/h61084/codes/adapts/outputs/adaptation/Traffic/504_168/chronos2/raw_euclidean_3_online/extracted
2026-07-31 02:42:37,765 INFO [__main__] experiment done seconds=1240.00
2026-07-31 02:42:37,765 INFO [__main__] ========================================================================
2026-07-31T02:42:38+02:00 extraction done configuration=17/84 dataset=Traffic model=chronos2 lags=504 horizon=168 retrieval=raw_euclidean_3_online

2026-07-31T02:42:38+02:00 extraction start configuration=18/84 dataset=Traffic model=chronos2 lags=504 horizon=168 retrieval=raw_euclidean_10_online datastore_stride=24 adapt_stride=24 eval_stride=128 max_store_windows=30000 compute_transformed_prediction=false seed=1
2026-07-31 02:42:41,531 INFO [__main__] ========================================================================
2026-07-31 02:42:41,531 INFO [__main__] experiment start kind=extraction dataset=Traffic model=chronos2 lags=504 horizon=168 neighbors=10 distance=raw/euclidean
2026-07-31 02:42:41,909 INFO [__main__] extraction skipped dir=/home/h61084/codes/adapts/outputs/adaptation/Traffic/504_168/chronos2/raw_euclidean_10_online/extracted reason=complete
2026-07-31 02:42:41,909 INFO [__main__] ========================================================================
2026-07-31T02:42:42+02:00 extraction done configuration=18/84 dataset=Traffic model=chronos2 lags=504 horizon=168 retrieval=raw_euclidean_10_online

2026-07-31T02:42:42+02:00 extraction start configuration=19/84 dataset=Traffic model=chronos2 lags=504 horizon=168 retrieval=instance_euclidean_1_online datastore_stride=24 adapt_stride=24 eval_stride=128 max_store_windows=30000 compute_transformed_prediction=false seed=1
2026-07-31 02:42:44,521 INFO [__main__] ========================================================================
2026-07-31 02:42:44,521 INFO [__main__] experiment start kind=extraction dataset=Traffic model=chronos2 lags=504 horizon=168 neighbors=1 distance=instance/euclidean
2026-07-31 02:42:44,818 INFO [__main__] extraction skipped dir=/home/h61084/codes/adapts/outputs/adaptation/Traffic/504_168/chronos2/instance_euclidean_1_online/extracted reason=complete
2026-07-31 02:42:44,818 INFO [__main__] ========================================================================
2026-07-31T02:42:45+02:00 extraction done configuration=19/84 dataset=Traffic model=chronos2 lags=504 horizon=168 retrieval=instance_euclidean_1_online

2026-07-31T02:42:45+02:00 extraction start configuration=20/84 dataset=Traffic model=chronos2 lags=504 horizon=168 retrieval=instance_euclidean_3_online datastore_stride=24 adapt_stride=24 eval_stride=128 max_store_windows=30000 compute_transformed_prediction=false seed=1
2026-07-31 02:42:47,435 INFO [__main__] ========================================================================
2026-07-31 02:42:47,436 INFO [__main__] experiment start kind=extraction dataset=Traffic model=chronos2 lags=504 horizon=168 neighbors=3 distance=instance/euclidean
2026-07-31 02:42:47,841 INFO [__main__] existing extraction not reusable dir=/home/h61084/codes/adapts/outputs/adaptation/Traffic/504_168/chronos2/instance_euclidean_3_online/extracted reason=missing completion marker: /home/h61084/codes/adapts/outputs/adaptation/Traffic/504_168/chronos2/instance_euclidean_3_online/extracted/extraction_manifest.json
2026-07-31 02:42:47,841 INFO [__main__] dataset load start
2026-07-31 02:42:47,842 INFO [src.data.load_dataset] loaded dataset config path=/home/h61084/codes/datasets/traffic/config.json keys=['aggr', 'date_col', 'drop_users']
2026-07-31 02:42:49,054 INFO [__main__] dataset load done dates=17544 users=860
2026-07-31 02:42:49,054 INFO [__main__] model load start
2026-07-31 02:43:00,052 INFO [__main__] model load done name=chronos2 device=cuda parameters_total=119,477,664 parameters_trainable=0
2026-07-31 02:43:00,054 INFO [__main__] extraction start split=adapt queries=359
2026-07-31 03:02:39,854 INFO [__main__] extraction done split=adapt
2026-07-31 03:02:39,854 INFO [__main__] extraction start split=eval queries=27
2026-07-31 03:04:11,725 INFO [__main__] extraction done split=eval
2026-07-31 03:04:12,788 INFO [__main__] completion marker saved path=/home/h61084/codes/adapts/outputs/adaptation/Traffic/504_168/chronos2/instance_euclidean_3_online/extracted/extraction_manifest.json
2026-07-31 03:04:12,789 INFO [__main__] outputs saved dir=/home/h61084/codes/adapts/outputs/adaptation/Traffic/504_168/chronos2/instance_euclidean_3_online/extracted
2026-07-31 03:04:12,789 INFO [__main__] experiment done seconds=1285.35
2026-07-31 03:04:12,789 INFO [__main__] ========================================================================
2026-07-31T03:04:14+02:00 extraction done configuration=20/84 dataset=Traffic model=chronos2 lags=504 horizon=168 retrieval=instance_euclidean_3_online

2026-07-31T03:04:14+02:00 extraction start configuration=21/84 dataset=Traffic model=chronos2 lags=504 horizon=168 retrieval=instance_euclidean_10_online datastore_stride=24 adapt_stride=24 eval_stride=128 max_store_windows=30000 compute_transformed_prediction=false seed=1
2026-07-31 03:04:16,803 INFO [__main__] ========================================================================
2026-07-31 03:04:16,803 INFO [__main__] experiment start kind=extraction dataset=Traffic model=chronos2 lags=504 horizon=168 neighbors=10 distance=instance/euclidean
2026-07-31 03:04:17,161 INFO [__main__] extraction skipped dir=/home/h61084/codes/adapts/outputs/adaptation/Traffic/504_168/chronos2/instance_euclidean_10_online/extracted reason=complete
2026-07-31 03:04:17,161 INFO [__main__] ========================================================================
2026-07-31T03:04:17+02:00 extraction done configuration=21/84 dataset=Traffic model=chronos2 lags=504 horizon=168 retrieval=instance_euclidean_10_online

2026-07-31T03:04:17+02:00 extraction start configuration=22/84 dataset=Traffic model=chronos2 lags=504 horizon=504 retrieval=vanilla datastore_stride=24 adapt_stride=24 eval_stride=128 max_store_windows=30000 compute_transformed_prediction=false seed=1
2026-07-31 03:04:19,811 INFO [__main__] ========================================================================
2026-07-31 03:04:19,811 INFO [__main__] experiment start kind=extraction dataset=Traffic model=chronos2 lags=504 horizon=504 neighbors=0 distance=raw/euclidean
2026-07-31 03:04:20,123 INFO [__main__] existing extraction not reusable dir=/home/h61084/codes/adapts/outputs/adaptation/Traffic/504_504/chronos2/vanilla reason=missing completion marker: /home/h61084/codes/adapts/outputs/adaptation/Traffic/504_504/chronos2/vanilla/extraction_manifest.json
2026-07-31 03:04:20,123 INFO [__main__] dataset load start
2026-07-31 03:04:20,124 INFO [src.data.load_dataset] loaded dataset config path=/home/h61084/codes/datasets/traffic/config.json keys=['aggr', 'date_col', 'drop_users']
2026-07-31 03:04:21,235 INFO [__main__] dataset load done dates=17544 users=860
2026-07-31 03:04:21,236 INFO [__main__] model load start
2026-07-31 03:04:32,132 INFO [__main__] model load done name=chronos2 device=cuda parameters_total=119,477,664 parameters_trainable=0
2026-07-31 03:04:32,134 INFO [__main__] extraction start split=adapt queries=345
2026-07-31 03:07:38,177 INFO [__main__] extraction done split=adapt
2026-07-31 03:07:38,177 INFO [__main__] extraction start split=eval queries=24
2026-07-31 03:07:50,874 INFO [__main__] extraction done split=eval
2026-07-31 03:07:56,080 INFO [__main__] vanilla metrics saved path=/home/h61084/codes/adapts/outputs/adaptation/Traffic/504_504/chronos2/vanilla/vanilla_metrics.json
2026-07-31 03:07:56,086 INFO [__main__] completion marker saved path=/home/h61084/codes/adapts/outputs/adaptation/Traffic/504_504/chronos2/vanilla/extraction_manifest.json
2026-07-31 03:07:56,086 INFO [__main__] outputs saved dir=/home/h61084/codes/adapts/outputs/adaptation/Traffic/504_504/chronos2/vanilla
2026-07-31 03:07:56,086 INFO [__main__] experiment done seconds=216.27
2026-07-31 03:07:56,086 INFO [__main__] ========================================================================
2026-07-31T03:07:56+02:00 extraction done configuration=22/84 dataset=Traffic model=chronos2 lags=504 horizon=504 retrieval=vanilla

2026-07-31T03:07:56+02:00 extraction start configuration=23/84 dataset=Traffic model=chronos2 lags=504 horizon=504 retrieval=raw_euclidean_1_online datastore_stride=24 adapt_stride=24 eval_stride=128 max_store_windows=30000 compute_transformed_prediction=false seed=1
2026-07-31 03:07:59,576 INFO [__main__] ========================================================================
2026-07-31 03:07:59,576 INFO [__main__] experiment start kind=extraction dataset=Traffic model=chronos2 lags=504 horizon=504 neighbors=1 distance=raw/euclidean
2026-07-31 03:07:59,951 INFO [__main__] existing extraction not reusable dir=/home/h61084/codes/adapts/outputs/adaptation/Traffic/504_504/chronos2/raw_euclidean_1_online/extracted reason=missing completion marker: /home/h61084/codes/adapts/outputs/adaptation/Traffic/504_504/chronos2/raw_euclidean_1_online/extracted/extraction_manifest.json
2026-07-31 03:07:59,951 INFO [__main__] dataset load start
2026-07-31 03:07:59,951 INFO [src.data.load_dataset] loaded dataset config path=/home/h61084/codes/datasets/traffic/config.json keys=['aggr', 'date_col', 'drop_users']
2026-07-31 03:08:01,132 INFO [__main__] dataset load done dates=17544 users=860
2026-07-31 03:08:01,133 INFO [__main__] model load start
2026-07-31 03:08:12,347 INFO [__main__] model load done name=chronos2 device=cuda parameters_total=119,477,664 parameters_trainable=0
2026-07-31 03:08:12,349 INFO [__main__] extraction start split=adapt queries=345
2026-07-31 03:23:09,719 INFO [__main__] extraction done split=adapt
2026-07-31 03:23:09,719 INFO [__main__] extraction start split=eval queries=24
2026-07-31 03:24:11,760 INFO [__main__] extraction done split=eval
2026-07-31 03:24:12,952 INFO [__main__] completion marker saved path=/home/h61084/codes/adapts/outputs/adaptation/Traffic/504_504/chronos2/raw_euclidean_1_online/extracted/extraction_manifest.json
2026-07-31 03:24:12,952 INFO [__main__] outputs saved dir=/home/h61084/codes/adapts/outputs/adaptation/Traffic/504_504/chronos2/raw_euclidean_1_online/extracted
2026-07-31 03:24:12,952 INFO [__main__] experiment done seconds=973.36
2026-07-31 03:24:12,952 INFO [__main__] ========================================================================
2026-07-31T03:24:14+02:00 extraction done configuration=23/84 dataset=Traffic model=chronos2 lags=504 horizon=504 retrieval=raw_euclidean_1_online

2026-07-31T03:24:14+02:00 extraction start configuration=24/84 dataset=Traffic model=chronos2 lags=504 horizon=504 retrieval=raw_euclidean_3_online datastore_stride=24 adapt_stride=24 eval_stride=128 max_store_windows=30000 compute_transformed_prediction=false seed=1
2026-07-31 03:24:16,936 INFO [__main__] ========================================================================
2026-07-31 03:24:16,937 INFO [__main__] experiment start kind=extraction dataset=Traffic model=chronos2 lags=504 horizon=504 neighbors=3 distance=raw/euclidean
2026-07-31 03:24:17,257 INFO [__main__] existing extraction not reusable dir=/home/h61084/codes/adapts/outputs/adaptation/Traffic/504_504/chronos2/raw_euclidean_3_online/extracted reason=missing completion marker: /home/h61084/codes/adapts/outputs/adaptation/Traffic/504_504/chronos2/raw_euclidean_3_online/extracted/extraction_manifest.json
2026-07-31 03:24:17,257 INFO [__main__] dataset load start
2026-07-31 03:24:17,258 INFO [src.data.load_dataset] loaded dataset config path=/home/h61084/codes/datasets/traffic/config.json keys=['aggr', 'date_col', 'drop_users']
2026-07-31 03:24:18,407 INFO [__main__] dataset load done dates=17544 users=860
2026-07-31 03:24:18,408 INFO [__main__] model load start
2026-07-31 03:24:29,319 INFO [__main__] model load done name=chronos2 device=cuda parameters_total=119,477,664 parameters_trainable=0
2026-07-31 03:24:29,321 INFO [__main__] extraction start split=adapt queries=345
2026-07-31 03:50:27,336 INFO [__main__] extraction done split=adapt
2026-07-31 03:50:27,336 INFO [__main__] extraction start split=eval queries=24
2026-07-31 03:52:14,056 INFO [__main__] extraction done split=eval
2026-07-31 03:52:15,279 INFO [__main__] completion marker saved path=/home/h61084/codes/adapts/outputs/adaptation/Traffic/504_504/chronos2/raw_euclidean_3_online/extracted/extraction_manifest.json
2026-07-31 03:52:15,280 INFO [__main__] outputs saved dir=/home/h61084/codes/adapts/outputs/adaptation/Traffic/504_504/chronos2/raw_euclidean_3_online/extracted
2026-07-31 03:52:15,280 INFO [__main__] experiment done seconds=1678.33
2026-07-31 03:52:15,280 INFO [__main__] ========================================================================
2026-07-31T03:52:16+02:00 extraction done configuration=24/84 dataset=Traffic model=chronos2 lags=504 horizon=504 retrieval=raw_euclidean_3_online

2026-07-31T03:52:16+02:00 extraction start configuration=25/84 dataset=Traffic model=chronos2 lags=504 horizon=504 retrieval=raw_euclidean_10_online datastore_stride=24 adapt_stride=24 eval_stride=128 max_store_windows=30000 compute_transformed_prediction=false seed=1
2026-07-31 03:52:19,410 INFO [__main__] ========================================================================
2026-07-31 03:52:19,411 INFO [__main__] experiment start kind=extraction dataset=Traffic model=chronos2 lags=504 horizon=504 neighbors=10 distance=raw/euclidean
2026-07-31 03:52:19,724 INFO [__main__] existing extraction not reusable dir=/home/h61084/codes/adapts/outputs/adaptation/Traffic/504_504/chronos2/raw_euclidean_10_online/extracted reason=missing completion marker: /home/h61084/codes/adapts/outputs/adaptation/Traffic/504_504/chronos2/raw_euclidean_10_online/extracted/extraction_manifest.json
2026-07-31 03:52:19,724 INFO [__main__] dataset load start
2026-07-31 03:52:19,724 INFO [src.data.load_dataset] loaded dataset config path=/home/h61084/codes/datasets/traffic/config.json keys=['aggr', 'date_col', 'drop_users']
2026-07-31 03:52:20,935 INFO [__main__] dataset load done dates=17544 users=860
2026-07-31 03:52:20,935 INFO [__main__] model load start
2026-07-31 03:52:31,900 INFO [__main__] model load done name=chronos2 device=cuda parameters_total=119,477,664 parameters_trainable=0
2026-07-31 03:52:31,902 INFO [__main__] extraction start split=adapt queries=345
2026-07-31 05:01:17,144 INFO [__main__] extraction done split=adapt
2026-07-31 05:01:17,144 INFO [__main__] extraction start split=eval queries=24
2026-07-31 05:06:07,688 INFO [__main__] extraction done split=eval
2026-07-31 05:06:08,967 INFO [__main__] completion marker saved path=/home/h61084/codes/adapts/outputs/adaptation/Traffic/504_504/chronos2/raw_euclidean_10_online/extracted/extraction_manifest.json
2026-07-31 05:06:08,967 INFO [__main__] outputs saved dir=/home/h61084/codes/adapts/outputs/adaptation/Traffic/504_504/chronos2/raw_euclidean_10_online/extracted
2026-07-31 05:06:08,967 INFO [__main__] experiment done seconds=4429.54
2026-07-31 05:06:08,967 INFO [__main__] ========================================================================
2026-07-31T05:06:10+02:00 extraction done configuration=25/84 dataset=Traffic model=chronos2 lags=504 horizon=504 retrieval=raw_euclidean_10_online

2026-07-31T05:06:10+02:00 extraction start configuration=26/84 dataset=Traffic model=chronos2 lags=504 horizon=504 retrieval=instance_euclidean_1_online datastore_stride=24 adapt_stride=24 eval_stride=128 max_store_windows=30000 compute_transformed_prediction=false seed=1
2026-07-31 05:06:13,707 INFO [__main__] ========================================================================
2026-07-31 05:06:13,708 INFO [__main__] experiment start kind=extraction dataset=Traffic model=chronos2 lags=504 horizon=504 neighbors=1 distance=instance/euclidean
2026-07-31 05:06:14,068 INFO [__main__] existing extraction not reusable dir=/home/h61084/codes/adapts/outputs/adaptation/Traffic/504_504/chronos2/instance_euclidean_1_online/extracted reason=missing completion marker: /home/h61084/codes/adapts/outputs/adaptation/Traffic/504_504/chronos2/instance_euclidean_1_online/extracted/extraction_manifest.json
2026-07-31 05:06:14,068 INFO [__main__] dataset load start
2026-07-31 05:06:14,069 INFO [src.data.load_dataset] loaded dataset config path=/home/h61084/codes/datasets/traffic/config.json keys=['aggr', 'date_col', 'drop_users']
2026-07-31 05:06:15,262 INFO [__main__] dataset load done dates=17544 users=860
2026-07-31 05:06:15,262 INFO [__main__] model load start
2026-07-31 05:06:26,352 INFO [__main__] model load done name=chronos2 device=cuda parameters_total=119,477,664 parameters_trainable=0
2026-07-31 05:06:26,354 INFO [__main__] extraction start split=adapt queries=345
2026-07-31 05:21:55,238 INFO [__main__] extraction done split=adapt
2026-07-31 05:21:55,239 INFO [__main__] extraction start split=eval queries=24
2026-07-31 05:22:59,598 INFO [__main__] extraction done split=eval
2026-07-31 05:23:00,826 INFO [__main__] completion marker saved path=/home/h61084/codes/adapts/outputs/adaptation/Traffic/504_504/chronos2/instance_euclidean_1_online/extracted/extraction_manifest.json
2026-07-31 05:23:00,826 INFO [__main__] outputs saved dir=/home/h61084/codes/adapts/outputs/adaptation/Traffic/504_504/chronos2/instance_euclidean_1_online/extracted
2026-07-31 05:23:00,826 INFO [__main__] experiment done seconds=1007.11
2026-07-31 05:23:00,826 INFO [__main__] ========================================================================
2026-07-31T05:23:02+02:00 extraction done configuration=26/84 dataset=Traffic model=chronos2 lags=504 horizon=504 retrieval=instance_euclidean_1_online

2026-07-31T05:23:02+02:00 extraction start configuration=27/84 dataset=Traffic model=chronos2 lags=504 horizon=504 retrieval=instance_euclidean_3_online datastore_stride=24 adapt_stride=24 eval_stride=128 max_store_windows=30000 compute_transformed_prediction=false seed=1
2026-07-31 05:23:04,687 INFO [__main__] ========================================================================
2026-07-31 05:23:04,687 INFO [__main__] experiment start kind=extraction dataset=Traffic model=chronos2 lags=504 horizon=504 neighbors=3 distance=instance/euclidean
2026-07-31 05:23:04,985 INFO [__main__] existing extraction not reusable dir=/home/h61084/codes/adapts/outputs/adaptation/Traffic/504_504/chronos2/instance_euclidean_3_online/extracted reason=missing completion marker: /home/h61084/codes/adapts/outputs/adaptation/Traffic/504_504/chronos2/instance_euclidean_3_online/extracted/extraction_manifest.json
2026-07-31 05:23:04,985 INFO [__main__] dataset load start
2026-07-31 05:23:04,985 INFO [src.data.load_dataset] loaded dataset config path=/home/h61084/codes/datasets/traffic/config.json keys=['aggr', 'date_col', 'drop_users']
2026-07-31 05:23:06,143 INFO [__main__] dataset load done dates=17544 users=860
2026-07-31 05:23:06,143 INFO [__main__] model load start
2026-07-31 05:23:16,863 INFO [__main__] model load done name=chronos2 device=cuda parameters_total=119,477,664 parameters_trainable=0
2026-07-31 05:23:16,865 INFO [__main__] extraction start split=adapt queries=345
2026-07-31 05:49:32,959 INFO [__main__] extraction done split=adapt
2026-07-31 05:49:32,959 INFO [__main__] extraction start split=eval queries=24
2026-07-31 05:51:22,480 INFO [__main__] extraction done split=eval
2026-07-31 05:51:23,734 INFO [__main__] completion marker saved path=/home/h61084/codes/adapts/outputs/adaptation/Traffic/504_504/chronos2/instance_euclidean_3_online/extracted/extraction_manifest.json
2026-07-31 05:51:23,734 INFO [__main__] outputs saved dir=/home/h61084/codes/adapts/outputs/adaptation/Traffic/504_504/chronos2/instance_euclidean_3_online/extracted
2026-07-31 05:51:23,734 INFO [__main__] experiment done seconds=1699.02
2026-07-31 05:51:23,734 INFO [__main__] ========================================================================
2026-07-31T05:51:25+02:00 extraction done configuration=27/84 dataset=Traffic model=chronos2 lags=504 horizon=504 retrieval=instance_euclidean_3_online

2026-07-31T05:51:25+02:00 extraction start configuration=28/84 dataset=Traffic model=chronos2 lags=504 horizon=504 retrieval=instance_euclidean_10_online datastore_stride=24 adapt_stride=24 eval_stride=128 max_store_windows=30000 compute_transformed_prediction=false seed=1
2026-07-31 05:51:27,749 INFO [__main__] ========================================================================
2026-07-31 05:51:27,749 INFO [__main__] experiment start kind=extraction dataset=Traffic model=chronos2 lags=504 horizon=504 neighbors=10 distance=instance/euclidean
2026-07-31 05:51:28,006 INFO [__main__] existing extraction not reusable dir=/home/h61084/codes/adapts/outputs/adaptation/Traffic/504_504/chronos2/instance_euclidean_10_online/extracted reason=missing completion marker: /home/h61084/codes/adapts/outputs/adaptation/Traffic/504_504/chronos2/instance_euclidean_10_online/extracted/extraction_manifest.json
2026-07-31 05:51:28,006 INFO [__main__] dataset load start
2026-07-31 05:51:28,007 INFO [src.data.load_dataset] loaded dataset config path=/home/h61084/codes/datasets/traffic/config.json keys=['aggr', 'date_col', 'drop_users']
2026-07-31 05:51:29,166 INFO [__main__] dataset load done dates=17544 users=860
2026-07-31 05:51:29,166 INFO [__main__] model load start
2026-07-31 05:51:39,717 INFO [__main__] model load done name=chronos2 device=cuda parameters_total=119,477,664 parameters_trainable=0
2026-07-31 05:51:39,719 INFO [__main__] extraction start split=adapt queries=345
2026-07-31 07:00:37,625 INFO [__main__] extraction done split=adapt
2026-07-31 07:00:37,625 INFO [__main__] extraction start split=eval queries=24
2026-07-31 07:05:26,557 INFO [__main__] extraction done split=eval
2026-07-31 07:05:27,889 INFO [__main__] completion marker saved path=/home/h61084/codes/adapts/outputs/adaptation/Traffic/504_504/chronos2/instance_euclidean_10_online/extracted/extraction_manifest.json
2026-07-31 07:05:27,890 INFO [__main__] outputs saved dir=/home/h61084/codes/adapts/outputs/adaptation/Traffic/504_504/chronos2/instance_euclidean_10_online/extracted
2026-07-31 07:05:27,890 INFO [__main__] experiment done seconds=4440.13
2026-07-31 07:05:27,890 INFO [__main__] ========================================================================
2026-07-31T07:05:30+02:00 extraction done configuration=28/84 dataset=Traffic model=chronos2 lags=504 horizon=504 retrieval=instance_euclidean_10_online

2026-07-31T07:05:30+02:00 extraction start configuration=29/84 dataset=Electricity model=chronos2 lags=168 horizon=24 retrieval=vanilla datastore_stride=24 adapt_stride=24 eval_stride=128 max_store_windows=30000 compute_transformed_prediction=false seed=1
2026-07-31 07:05:32,845 INFO [__main__] ========================================================================
2026-07-31 07:05:32,845 INFO [__main__] experiment start kind=extraction dataset=Electricity model=chronos2 lags=168 horizon=24 neighbors=0 distance=raw/euclidean
2026-07-31 07:05:33,095 INFO [__main__] extraction skipped dir=/home/h61084/codes/adapts/outputs/adaptation/Electricity/168_24/chronos2/vanilla reason=complete
2026-07-31 07:05:33,095 INFO [__main__] ========================================================================
2026-07-31T07:05:33+02:00 extraction done configuration=29/84 dataset=Electricity model=chronos2 lags=168 horizon=24 retrieval=vanilla

2026-07-31T07:05:33+02:00 extraction start configuration=30/84 dataset=Electricity model=chronos2 lags=168 horizon=24 retrieval=raw_euclidean_1_online datastore_stride=24 adapt_stride=24 eval_stride=128 max_store_windows=30000 compute_transformed_prediction=false seed=1
2026-07-31 07:05:35,756 INFO [__main__] ========================================================================
2026-07-31 07:05:35,756 INFO [__main__] experiment start kind=extraction dataset=Electricity model=chronos2 lags=168 horizon=24 neighbors=1 distance=raw/euclidean
2026-07-31 07:05:35,998 INFO [__main__] extraction skipped dir=/home/h61084/codes/adapts/outputs/adaptation/Electricity/168_24/chronos2/raw_euclidean_1_online/extracted reason=complete
2026-07-31 07:05:35,998 INFO [__main__] ========================================================================
2026-07-31T07:05:36+02:00 extraction done configuration=30/84 dataset=Electricity model=chronos2 lags=168 horizon=24 retrieval=raw_euclidean_1_online

2026-07-31T07:05:36+02:00 extraction start configuration=31/84 dataset=Electricity model=chronos2 lags=168 horizon=24 retrieval=raw_euclidean_3_online datastore_stride=24 adapt_stride=24 eval_stride=128 max_store_windows=30000 compute_transformed_prediction=false seed=1
2026-07-31 07:05:38,532 INFO [__main__] ========================================================================
2026-07-31 07:05:38,532 INFO [__main__] experiment start kind=extraction dataset=Electricity model=chronos2 lags=168 horizon=24 neighbors=3 distance=raw/euclidean
2026-07-31 07:05:38,848 INFO [__main__] existing extraction not reusable dir=/home/h61084/codes/adapts/outputs/adaptation/Electricity/168_24/chronos2/raw_euclidean_3_online/extracted reason=completion marker belongs to a different extraction configuration
2026-07-31 07:05:38,850 INFO [__main__] dataset load start
2026-07-31 07:05:38,850 INFO [src.data.load_dataset] loaded dataset config path=/home/h61084/codes/datasets/electricity/config.json keys=['aggr', 'date_col', 'drop_users']
2026-07-31 07:05:39,566 INFO [__main__] dataset load done dates=26304 users=312
2026-07-31 07:05:39,566 INFO [__main__] model load start
2026-07-31 07:05:50,608 INFO [__main__] model load done name=chronos2 device=cuda parameters_total=119,477,664 parameters_trainable=0
2026-07-31 07:05:50,611 INFO [__main__] extraction start split=adapt queries=548
2026-07-31 07:12:11,912 INFO [__main__] extraction done split=adapt
2026-07-31 07:12:11,912 INFO [__main__] extraction start split=eval queries=41
2026-07-31 07:12:40,728 INFO [__main__] extraction done split=eval
2026-07-31 07:12:41,475 INFO [__main__] completion marker saved path=/home/h61084/codes/adapts/outputs/adaptation/Electricity/168_24/chronos2/raw_euclidean_3_online/extracted/extraction_manifest.json
2026-07-31 07:12:41,475 INFO [__main__] outputs saved dir=/home/h61084/codes/adapts/outputs/adaptation/Electricity/168_24/chronos2/raw_euclidean_3_online/extracted
2026-07-31 07:12:41,475 INFO [__main__] experiment done seconds=422.94
2026-07-31 07:12:41,475 INFO [__main__] ========================================================================
2026-07-31T07:12:42+02:00 extraction done configuration=31/84 dataset=Electricity model=chronos2 lags=168 horizon=24 retrieval=raw_euclidean_3_online

2026-07-31T07:12:42+02:00 extraction start configuration=32/84 dataset=Electricity model=chronos2 lags=168 horizon=24 retrieval=raw_euclidean_10_online datastore_stride=24 adapt_stride=24 eval_stride=128 max_store_windows=30000 compute_transformed_prediction=false seed=1
2026-07-31 07:12:44,877 INFO [__main__] ========================================================================
2026-07-31 07:12:44,877 INFO [__main__] experiment start kind=extraction dataset=Electricity model=chronos2 lags=168 horizon=24 neighbors=10 distance=raw/euclidean
2026-07-31 07:12:45,138 INFO [__main__] extraction skipped dir=/home/h61084/codes/adapts/outputs/adaptation/Electricity/168_24/chronos2/raw_euclidean_10_online/extracted reason=complete
2026-07-31 07:12:45,138 INFO [__main__] ========================================================================
2026-07-31T07:12:45+02:00 extraction done configuration=32/84 dataset=Electricity model=chronos2 lags=168 horizon=24 retrieval=raw_euclidean_10_online

2026-07-31T07:12:45+02:00 extraction start configuration=33/84 dataset=Electricity model=chronos2 lags=168 horizon=24 retrieval=instance_euclidean_1_online datastore_stride=24 adapt_stride=24 eval_stride=128 max_store_windows=30000 compute_transformed_prediction=false seed=1
2026-07-31 07:12:47,688 INFO [__main__] ========================================================================
2026-07-31 07:12:47,689 INFO [__main__] experiment start kind=extraction dataset=Electricity model=chronos2 lags=168 horizon=24 neighbors=1 distance=instance/euclidean
2026-07-31 07:12:48,280 INFO [__main__] extraction skipped dir=/home/h61084/codes/adapts/outputs/adaptation/Electricity/168_24/chronos2/instance_euclidean_1_online/extracted reason=complete
2026-07-31 07:12:48,280 INFO [__main__] ========================================================================
2026-07-31T07:12:48+02:00 extraction done configuration=33/84 dataset=Electricity model=chronos2 lags=168 horizon=24 retrieval=instance_euclidean_1_online

2026-07-31T07:12:48+02:00 extraction start configuration=34/84 dataset=Electricity model=chronos2 lags=168 horizon=24 retrieval=instance_euclidean_3_online datastore_stride=24 adapt_stride=24 eval_stride=128 max_store_windows=30000 compute_transformed_prediction=false seed=1
2026-07-31 07:12:50,946 INFO [__main__] ========================================================================
2026-07-31 07:12:50,947 INFO [__main__] experiment start kind=extraction dataset=Electricity model=chronos2 lags=168 horizon=24 neighbors=3 distance=instance/euclidean
2026-07-31 07:12:51,209 INFO [__main__] existing extraction not reusable dir=/home/h61084/codes/adapts/outputs/adaptation/Electricity/168_24/chronos2/instance_euclidean_3_online/extracted reason=missing completion marker: /home/h61084/codes/adapts/outputs/adaptation/Electricity/168_24/chronos2/instance_euclidean_3_online/extracted/extraction_manifest.json
2026-07-31 07:12:51,209 INFO [__main__] dataset load start
2026-07-31 07:12:51,209 INFO [src.data.load_dataset] loaded dataset config path=/home/h61084/codes/datasets/electricity/config.json keys=['aggr', 'date_col', 'drop_users']
2026-07-31 07:12:51,965 INFO [__main__] dataset load done dates=26304 users=312
2026-07-31 07:12:51,965 INFO [__main__] model load start
2026-07-31 07:13:02,789 INFO [__main__] model load done name=chronos2 device=cuda parameters_total=119,477,664 parameters_trainable=0
2026-07-31 07:13:02,792 INFO [__main__] extraction start split=adapt queries=548
2026-07-31 07:19:27,477 INFO [__main__] extraction done split=adapt
2026-07-31 07:19:27,477 INFO [__main__] extraction start split=eval queries=41
2026-07-31 07:19:56,540 INFO [__main__] extraction done split=eval
2026-07-31 07:19:57,336 INFO [__main__] completion marker saved path=/home/h61084/codes/adapts/outputs/adaptation/Electricity/168_24/chronos2/instance_euclidean_3_online/extracted/extraction_manifest.json
2026-07-31 07:19:57,337 INFO [__main__] outputs saved dir=/home/h61084/codes/adapts/outputs/adaptation/Electricity/168_24/chronos2/instance_euclidean_3_online/extracted
2026-07-31 07:19:57,337 INFO [__main__] experiment done seconds=426.38
2026-07-31 07:19:57,337 INFO [__main__] ========================================================================
2026-07-31T07:19:58+02:00 extraction done configuration=34/84 dataset=Electricity model=chronos2 lags=168 horizon=24 retrieval=instance_euclidean_3_online

2026-07-31T07:19:58+02:00 extraction start configuration=35/84 dataset=Electricity model=chronos2 lags=168 horizon=24 retrieval=instance_euclidean_10_online datastore_stride=24 adapt_stride=24 eval_stride=128 max_store_windows=30000 compute_transformed_prediction=false seed=1
2026-07-31 07:20:00,769 INFO [__main__] ========================================================================
2026-07-31 07:20:00,769 INFO [__main__] experiment start kind=extraction dataset=Electricity model=chronos2 lags=168 horizon=24 neighbors=10 distance=instance/euclidean
2026-07-31 07:20:01,083 INFO [__main__] extraction skipped dir=/home/h61084/codes/adapts/outputs/adaptation/Electricity/168_24/chronos2/instance_euclidean_10_online/extracted reason=complete
2026-07-31 07:20:01,083 INFO [__main__] ========================================================================
2026-07-31T07:20:01+02:00 extraction done configuration=35/84 dataset=Electricity model=chronos2 lags=168 horizon=24 retrieval=instance_euclidean_10_online

2026-07-31T07:20:01+02:00 extraction start configuration=36/84 dataset=Electricity model=chronos2 lags=504 horizon=24 retrieval=vanilla datastore_stride=24 adapt_stride=24 eval_stride=128 max_store_windows=30000 compute_transformed_prediction=false seed=1
2026-07-31 07:20:03,758 INFO [__main__] ========================================================================
2026-07-31 07:20:03,759 INFO [__main__] experiment start kind=extraction dataset=Electricity model=chronos2 lags=504 horizon=24 neighbors=0 distance=raw/euclidean
2026-07-31 07:20:04,018 INFO [__main__] existing extraction not reusable dir=/home/h61084/codes/adapts/outputs/adaptation/Electricity/504_24/chronos2/vanilla reason=missing completion marker: /home/h61084/codes/adapts/outputs/adaptation/Electricity/504_24/chronos2/vanilla/extraction_manifest.json
2026-07-31 07:20:04,019 INFO [__main__] dataset load start
2026-07-31 07:20:04,019 INFO [src.data.load_dataset] loaded dataset config path=/home/h61084/codes/datasets/electricity/config.json keys=['aggr', 'date_col', 'drop_users']
2026-07-31 07:20:04,785 INFO [__main__] dataset load done dates=26304 users=312
2026-07-31 07:20:04,785 INFO [__main__] model load start
2026-07-31 07:20:15,803 INFO [__main__] model load done name=chronos2 device=cuda parameters_total=119,477,664 parameters_trainable=0
2026-07-31 07:20:15,806 INFO [__main__] extraction start split=adapt queries=548
2026-07-31 07:21:27,949 INFO [__main__] extraction done split=adapt
2026-07-31 07:21:27,949 INFO [__main__] extraction start split=eval queries=41
2026-07-31 07:21:33,298 INFO [__main__] extraction done split=eval
2026-07-31 07:21:33,366 INFO [__main__] vanilla metrics saved path=/home/h61084/codes/adapts/outputs/adaptation/Electricity/504_24/chronos2/vanilla/vanilla_metrics.json
2026-07-31 07:21:33,371 INFO [__main__] completion marker saved path=/home/h61084/codes/adapts/outputs/adaptation/Electricity/504_24/chronos2/vanilla/extraction_manifest.json
2026-07-31 07:21:33,371 INFO [__main__] outputs saved dir=/home/h61084/codes/adapts/outputs/adaptation/Electricity/504_24/chronos2/vanilla
2026-07-31 07:21:33,371 INFO [__main__] experiment done seconds=89.61
2026-07-31 07:21:33,372 INFO [__main__] ========================================================================
2026-07-31T07:21:34+02:00 extraction done configuration=36/84 dataset=Electricity model=chronos2 lags=504 horizon=24 retrieval=vanilla

2026-07-31T07:21:34+02:00 extraction start configuration=37/84 dataset=Electricity model=chronos2 lags=504 horizon=24 retrieval=raw_euclidean_1_online datastore_stride=24 adapt_stride=24 eval_stride=128 max_store_windows=30000 compute_transformed_prediction=false seed=1
2026-07-31 07:21:36,785 INFO [__main__] ========================================================================
2026-07-31 07:21:36,785 INFO [__main__] experiment start kind=extraction dataset=Electricity model=chronos2 lags=504 horizon=24 neighbors=1 distance=raw/euclidean
2026-07-31 07:21:37,121 INFO [__main__] existing extraction not reusable dir=/home/h61084/codes/adapts/outputs/adaptation/Electricity/504_24/chronos2/raw_euclidean_1_online/extracted reason=missing completion marker: /home/h61084/codes/adapts/outputs/adaptation/Electricity/504_24/chronos2/raw_euclidean_1_online/extracted/extraction_manifest.json
2026-07-31 07:21:37,121 INFO [__main__] dataset load start
2026-07-31 07:21:37,121 INFO [src.data.load_dataset] loaded dataset config path=/home/h61084/codes/datasets/electricity/config.json keys=['aggr', 'date_col', 'drop_users']
2026-07-31 07:21:37,858 INFO [__main__] dataset load done dates=26304 users=312
2026-07-31 07:21:37,858 INFO [__main__] model load start
2026-07-31 07:21:48,735 INFO [__main__] model load done name=chronos2 device=cuda parameters_total=119,477,664 parameters_trainable=0
2026-07-31 07:21:48,738 INFO [__main__] extraction start split=adapt queries=548
2026-07-31 07:28:53,711 INFO [__main__] extraction done split=adapt
2026-07-31 07:28:53,711 INFO [__main__] extraction start split=eval queries=41
2026-07-31 07:29:25,393 INFO [__main__] extraction done split=eval
2026-07-31 07:29:26,128 INFO [__main__] completion marker saved path=/home/h61084/codes/adapts/outputs/adaptation/Electricity/504_24/chronos2/raw_euclidean_1_online/extracted/extraction_manifest.json
2026-07-31 07:29:26,128 INFO [__main__] outputs saved dir=/home/h61084/codes/adapts/outputs/adaptation/Electricity/504_24/chronos2/raw_euclidean_1_online/extracted
2026-07-31 07:29:26,128 INFO [__main__] experiment done seconds=469.34
2026-07-31 07:29:26,128 INFO [__main__] ========================================================================
2026-07-31T07:29:26+02:00 extraction done configuration=37/84 dataset=Electricity model=chronos2 lags=504 horizon=24 retrieval=raw_euclidean_1_online

2026-07-31T07:29:26+02:00 extraction start configuration=38/84 dataset=Electricity model=chronos2 lags=504 horizon=24 retrieval=raw_euclidean_3_online datastore_stride=24 adapt_stride=24 eval_stride=128 max_store_windows=30000 compute_transformed_prediction=false seed=1
2026-07-31 07:29:29,568 INFO [__main__] ========================================================================
2026-07-31 07:29:29,569 INFO [__main__] experiment start kind=extraction dataset=Electricity model=chronos2 lags=504 horizon=24 neighbors=3 distance=raw/euclidean
2026-07-31 07:29:29,827 INFO [__main__] existing extraction not reusable dir=/home/h61084/codes/adapts/outputs/adaptation/Electricity/504_24/chronos2/raw_euclidean_3_online/extracted reason=missing completion marker: /home/h61084/codes/adapts/outputs/adaptation/Electricity/504_24/chronos2/raw_euclidean_3_online/extracted/extraction_manifest.json
2026-07-31 07:29:29,827 INFO [__main__] dataset load start
2026-07-31 07:29:29,828 INFO [src.data.load_dataset] loaded dataset config path=/home/h61084/codes/datasets/electricity/config.json keys=['aggr', 'date_col', 'drop_users']
2026-07-31 07:29:30,556 INFO [__main__] dataset load done dates=26304 users=312
2026-07-31 07:29:30,556 INFO [__main__] model load start
2026-07-31 07:29:41,613 INFO [__main__] model load done name=chronos2 device=cuda parameters_total=119,477,664 parameters_trainable=0
2026-07-31 07:29:41,616 INFO [__main__] extraction start split=adapt queries=548
2026-07-31 07:40:45,761 INFO [__main__] extraction done split=adapt
2026-07-31 07:40:45,761 INFO [__main__] extraction start split=eval queries=41
2026-07-31 07:41:35,252 INFO [__main__] extraction done split=eval
2026-07-31 07:41:36,183 INFO [__main__] completion marker saved path=/home/h61084/codes/adapts/outputs/adaptation/Electricity/504_24/chronos2/raw_euclidean_3_online/extracted/extraction_manifest.json
2026-07-31 07:41:36,183 INFO [__main__] outputs saved dir=/home/h61084/codes/adapts/outputs/adaptation/Electricity/504_24/chronos2/raw_euclidean_3_online/extracted
2026-07-31 07:41:36,183 INFO [__main__] experiment done seconds=726.61
2026-07-31 07:41:36,183 INFO [__main__] ========================================================================
2026-07-31T07:41:37+02:00 extraction done configuration=38/84 dataset=Electricity model=chronos2 lags=504 horizon=24 retrieval=raw_euclidean_3_online

2026-07-31T07:41:37+02:00 extraction start configuration=39/84 dataset=Electricity model=chronos2 lags=504 horizon=24 retrieval=raw_euclidean_10_online datastore_stride=24 adapt_stride=24 eval_stride=128 max_store_windows=30000 compute_transformed_prediction=false seed=1
2026-07-31 07:41:39,937 INFO [__main__] ========================================================================
2026-07-31 07:41:39,937 INFO [__main__] experiment start kind=extraction dataset=Electricity model=chronos2 lags=504 horizon=24 neighbors=10 distance=raw/euclidean
2026-07-31 07:41:40,194 INFO [__main__] existing extraction not reusable dir=/home/h61084/codes/adapts/outputs/adaptation/Electricity/504_24/chronos2/raw_euclidean_10_online/extracted reason=missing completion marker: /home/h61084/codes/adapts/outputs/adaptation/Electricity/504_24/chronos2/raw_euclidean_10_online/extracted/extraction_manifest.json
2026-07-31 07:41:40,194 INFO [__main__] dataset load start
2026-07-31 07:41:40,195 INFO [src.data.load_dataset] loaded dataset config path=/home/h61084/codes/datasets/electricity/config.json keys=['aggr', 'date_col', 'drop_users']
2026-07-31 07:41:40,956 INFO [__main__] dataset load done dates=26304 users=312
2026-07-31 07:41:40,956 INFO [__main__] model load start
2026-07-31 07:41:51,603 INFO [__main__] model load done name=chronos2 device=cuda parameters_total=119,477,664 parameters_trainable=0
2026-07-31 07:41:51,606 INFO [__main__] extraction start split=adapt queries=548
2026-07-31 08:06:49,982 INFO [__main__] extraction done split=adapt
2026-07-31 08:06:49,982 INFO [__main__] extraction start split=eval queries=41
2026-07-31 08:08:42,329 INFO [__main__] extraction done split=eval
2026-07-31 08:08:43,287 INFO [__main__] completion marker saved path=/home/h61084/codes/adapts/outputs/adaptation/Electricity/504_24/chronos2/raw_euclidean_10_online/extracted/extraction_manifest.json
2026-07-31 08:08:43,288 INFO [__main__] outputs saved dir=/home/h61084/codes/adapts/outputs/adaptation/Electricity/504_24/chronos2/raw_euclidean_10_online/extracted
2026-07-31 08:08:43,288 INFO [__main__] experiment done seconds=1623.35
2026-07-31 08:08:43,288 INFO [__main__] ========================================================================
2026-07-31T08:08:44+02:00 extraction done configuration=39/84 dataset=Electricity model=chronos2 lags=504 horizon=24 retrieval=raw_euclidean_10_online

2026-07-31T08:08:44+02:00 extraction start configuration=40/84 dataset=Electricity model=chronos2 lags=504 horizon=24 retrieval=instance_euclidean_1_online datastore_stride=24 adapt_stride=24 eval_stride=128 max_store_windows=30000 compute_transformed_prediction=false seed=1
2026-07-31 08:08:47,281 INFO [__main__] ========================================================================
2026-07-31 08:08:47,281 INFO [__main__] experiment start kind=extraction dataset=Electricity model=chronos2 lags=504 horizon=24 neighbors=1 distance=instance/euclidean
2026-07-31 08:08:47,562 INFO [__main__] existing extraction not reusable dir=/home/h61084/codes/adapts/outputs/adaptation/Electricity/504_24/chronos2/instance_euclidean_1_online/extracted reason=missing completion marker: /home/h61084/codes/adapts/outputs/adaptation/Electricity/504_24/chronos2/instance_euclidean_1_online/extracted/extraction_manifest.json
2026-07-31 08:08:47,562 INFO [__main__] dataset load start
2026-07-31 08:08:47,563 INFO [src.data.load_dataset] loaded dataset config path=/home/h61084/codes/datasets/electricity/config.json keys=['aggr', 'date_col', 'drop_users']
2026-07-31 08:08:48,352 INFO [__main__] dataset load done dates=26304 users=312
2026-07-31 08:08:48,353 INFO [__main__] model load start
2026-07-31 08:08:59,023 INFO [__main__] model load done name=chronos2 device=cuda parameters_total=119,477,664 parameters_trainable=0
2026-07-31 08:08:59,027 INFO [__main__] extraction start split=adapt queries=548
2026-07-31 08:16:50,785 INFO [__main__] extraction done split=adapt
2026-07-31 08:16:50,785 INFO [__main__] extraction start split=eval queries=41
2026-07-31 08:17:26,054 INFO [__main__] extraction done split=eval
2026-07-31 08:17:26,885 INFO [__main__] completion marker saved path=/home/h61084/codes/adapts/outputs/adaptation/Electricity/504_24/chronos2/instance_euclidean_1_online/extracted/extraction_manifest.json
2026-07-31 08:17:26,885 INFO [__main__] outputs saved dir=/home/h61084/codes/adapts/outputs/adaptation/Electricity/504_24/chronos2/instance_euclidean_1_online/extracted
2026-07-31 08:17:26,885 INFO [__main__] experiment done seconds=519.60
2026-07-31 08:17:26,885 INFO [__main__] ========================================================================
2026-07-31T08:17:27+02:00 extraction done configuration=40/84 dataset=Electricity model=chronos2 lags=504 horizon=24 retrieval=instance_euclidean_1_online

2026-07-31T08:17:27+02:00 extraction start configuration=41/84 dataset=Electricity model=chronos2 lags=504 horizon=24 retrieval=instance_euclidean_3_online datastore_stride=24 adapt_stride=24 eval_stride=128 max_store_windows=30000 compute_transformed_prediction=false seed=1
2026-07-31 08:17:30,447 INFO [__main__] ========================================================================
2026-07-31 08:17:30,447 INFO [__main__] experiment start kind=extraction dataset=Electricity model=chronos2 lags=504 horizon=24 neighbors=3 distance=instance/euclidean
2026-07-31 08:17:30,786 INFO [__main__] existing extraction not reusable dir=/home/h61084/codes/adapts/outputs/adaptation/Electricity/504_24/chronos2/instance_euclidean_3_online/extracted reason=missing completion marker: /home/h61084/codes/adapts/outputs/adaptation/Electricity/504_24/chronos2/instance_euclidean_3_online/extracted/extraction_manifest.json
2026-07-31 08:17:30,786 INFO [__main__] dataset load start
2026-07-31 08:17:30,787 INFO [src.data.load_dataset] loaded dataset config path=/home/h61084/codes/datasets/electricity/config.json keys=['aggr', 'date_col', 'drop_users']
2026-07-31 08:17:31,502 INFO [__main__] dataset load done dates=26304 users=312
2026-07-31 08:17:31,503 INFO [__main__] model load start
2026-07-31 08:17:42,337 INFO [__main__] model load done name=chronos2 device=cuda parameters_total=119,477,664 parameters_trainable=0
2026-07-31 08:17:42,340 INFO [__main__] extraction start split=adapt queries=548
2026-07-31 08:29:23,691 INFO [__main__] extraction done split=adapt
2026-07-31 08:29:23,691 INFO [__main__] extraction start split=eval queries=41
2026-07-31 08:30:16,875 INFO [__main__] extraction done split=eval
2026-07-31 08:30:17,875 INFO [__main__] completion marker saved path=/home/h61084/codes/adapts/outputs/adaptation/Electricity/504_24/chronos2/instance_euclidean_3_online/extracted/extraction_manifest.json
2026-07-31 08:30:17,876 INFO [__main__] outputs saved dir=/home/h61084/codes/adapts/outputs/adaptation/Electricity/504_24/chronos2/instance_euclidean_3_online/extracted
2026-07-31 08:30:17,876 INFO [__main__] experiment done seconds=767.39
2026-07-31 08:30:17,876 INFO [__main__] ========================================================================
2026-07-31T08:30:18+02:00 extraction done configuration=41/84 dataset=Electricity model=chronos2 lags=504 horizon=24 retrieval=instance_euclidean_3_online

2026-07-31T08:30:18+02:00 extraction start configuration=42/84 dataset=Electricity model=chronos2 lags=504 horizon=24 retrieval=instance_euclidean_10_online datastore_stride=24 adapt_stride=24 eval_stride=128 max_store_windows=30000 compute_transformed_prediction=false seed=1
2026-07-31 08:30:21,693 INFO [__main__] ========================================================================
2026-07-31 08:30:21,693 INFO [__main__] experiment start kind=extraction dataset=Electricity model=chronos2 lags=504 horizon=24 neighbors=10 distance=instance/euclidean
2026-07-31 08:30:21,934 INFO [__main__] existing extraction not reusable dir=/home/h61084/codes/adapts/outputs/adaptation/Electricity/504_24/chronos2/instance_euclidean_10_online/extracted reason=missing completion marker: /home/h61084/codes/adapts/outputs/adaptation/Electricity/504_24/chronos2/instance_euclidean_10_online/extracted/extraction_manifest.json
2026-07-31 08:30:21,934 INFO [__main__] dataset load start
2026-07-31 08:30:21,935 INFO [src.data.load_dataset] loaded dataset config path=/home/h61084/codes/datasets/electricity/config.json keys=['aggr', 'date_col', 'drop_users']
2026-07-31 08:30:22,645 INFO [__main__] dataset load done dates=26304 users=312
2026-07-31 08:30:22,645 INFO [__main__] model load start
2026-07-31 08:30:34,057 INFO [__main__] model load done name=chronos2 device=cuda parameters_total=119,477,664 parameters_trainable=0
2026-07-31 08:30:34,060 INFO [__main__] extraction start split=adapt queries=548
2026-07-31 08:56:11,777 INFO [__main__] extraction done split=adapt
2026-07-31 08:56:11,777 INFO [__main__] extraction start split=eval queries=41
2026-07-31 08:58:10,209 INFO [__main__] extraction done split=eval
2026-07-31 08:58:11,209 INFO [__main__] completion marker saved path=/home/h61084/codes/adapts/outputs/adaptation/Electricity/504_24/chronos2/instance_euclidean_10_online/extracted/extraction_manifest.json
2026-07-31 08:58:11,210 INFO [__main__] outputs saved dir=/home/h61084/codes/adapts/outputs/adaptation/Electricity/504_24/chronos2/instance_euclidean_10_online/extracted
2026-07-31 08:58:11,210 INFO [__main__] experiment done seconds=1669.51
2026-07-31 08:58:11,210 INFO [__main__] ========================================================================
2026-07-31T08:58:12+02:00 extraction done configuration=42/84 dataset=Electricity model=chronos2 lags=504 horizon=24 retrieval=instance_euclidean_10_online

2026-07-31T08:58:12+02:00 extraction start configuration=43/84 dataset=Electricity model=chronos2 lags=504 horizon=168 retrieval=vanilla datastore_stride=24 adapt_stride=24 eval_stride=128 max_store_windows=30000 compute_transformed_prediction=false seed=1
2026-07-31 08:58:15,165 INFO [__main__] ========================================================================
2026-07-31 08:58:15,165 INFO [__main__] experiment start kind=extraction dataset=Electricity model=chronos2 lags=504 horizon=168 neighbors=0 distance=raw/euclidean
2026-07-31 08:58:15,559 INFO [__main__] extraction skipped dir=/home/h61084/codes/adapts/outputs/adaptation/Electricity/504_168/chronos2/vanilla reason=complete
2026-07-31 08:58:15,560 INFO [__main__] ========================================================================
2026-07-31T08:58:15+02:00 extraction done configuration=43/84 dataset=Electricity model=chronos2 lags=504 horizon=168 retrieval=vanilla

2026-07-31T08:58:15+02:00 extraction start configuration=44/84 dataset=Electricity model=chronos2 lags=504 horizon=168 retrieval=raw_euclidean_1_online datastore_stride=24 adapt_stride=24 eval_stride=128 max_store_windows=30000 compute_transformed_prediction=false seed=1
2026-07-31 08:58:18,202 INFO [__main__] ========================================================================
2026-07-31 08:58:18,202 INFO [__main__] experiment start kind=extraction dataset=Electricity model=chronos2 lags=504 horizon=168 neighbors=1 distance=raw/euclidean
2026-07-31 08:58:18,520 INFO [__main__] extraction skipped dir=/home/h61084/codes/adapts/outputs/adaptation/Electricity/504_168/chronos2/raw_euclidean_1_online/extracted reason=complete
2026-07-31 08:58:18,520 INFO [__main__] ========================================================================
2026-07-31T08:58:18+02:00 extraction done configuration=44/84 dataset=Electricity model=chronos2 lags=504 horizon=168 retrieval=raw_euclidean_1_online

2026-07-31T08:58:18+02:00 extraction start configuration=45/84 dataset=Electricity model=chronos2 lags=504 horizon=168 retrieval=raw_euclidean_3_online datastore_stride=24 adapt_stride=24 eval_stride=128 max_store_windows=30000 compute_transformed_prediction=false seed=1
2026-07-31 08:58:21,383 INFO [__main__] ========================================================================
2026-07-31 08:58:21,383 INFO [__main__] experiment start kind=extraction dataset=Electricity model=chronos2 lags=504 horizon=168 neighbors=3 distance=raw/euclidean
2026-07-31 08:58:21,725 INFO [__main__] existing extraction not reusable dir=/home/h61084/codes/adapts/outputs/adaptation/Electricity/504_168/chronos2/raw_euclidean_3_online/extracted reason=missing completion marker: /home/h61084/codes/adapts/outputs/adaptation/Electricity/504_168/chronos2/raw_euclidean_3_online/extracted/extraction_manifest.json
2026-07-31 08:58:21,726 INFO [__main__] dataset load start
2026-07-31 08:58:21,726 INFO [src.data.load_dataset] loaded dataset config path=/home/h61084/codes/datasets/electricity/config.json keys=['aggr', 'date_col', 'drop_users']
2026-07-31 08:58:22,424 INFO [__main__] dataset load done dates=26304 users=312
2026-07-31 08:58:22,424 INFO [__main__] model load start
2026-07-31 08:58:33,177 INFO [__main__] model load done name=chronos2 device=cuda parameters_total=119,477,664 parameters_trainable=0
2026-07-31 08:58:33,180 INFO [__main__] extraction start split=adapt queries=542
2026-07-31 09:10:45,180 INFO [__main__] extraction done split=adapt
2026-07-31 09:10:45,180 INFO [__main__] extraction start split=eval queries=40
2026-07-31 09:11:38,735 INFO [__main__] extraction done split=eval
2026-07-31 09:11:39,751 INFO [__main__] completion marker saved path=/home/h61084/codes/adapts/outputs/adaptation/Electricity/504_168/chronos2/raw_euclidean_3_online/extracted/extraction_manifest.json
2026-07-31 09:11:39,752 INFO [__main__] outputs saved dir=/home/h61084/codes/adapts/outputs/adaptation/Electricity/504_168/chronos2/raw_euclidean_3_online/extracted
2026-07-31 09:11:39,752 INFO [__main__] experiment done seconds=798.36
2026-07-31 09:11:39,752 INFO [__main__] ========================================================================
2026-07-31T09:11:40+02:00 extraction done configuration=45/84 dataset=Electricity model=chronos2 lags=504 horizon=168 retrieval=raw_euclidean_3_online

2026-07-31T09:11:40+02:00 extraction start configuration=46/84 dataset=Electricity model=chronos2 lags=504 horizon=168 retrieval=raw_euclidean_10_online datastore_stride=24 adapt_stride=24 eval_stride=128 max_store_windows=30000 compute_transformed_prediction=false seed=1
2026-07-31 09:11:43,816 INFO [__main__] ========================================================================
2026-07-31 09:11:43,816 INFO [__main__] experiment start kind=extraction dataset=Electricity model=chronos2 lags=504 horizon=168 neighbors=10 distance=raw/euclidean
2026-07-31 09:11:44,062 INFO [__main__] extraction skipped dir=/home/h61084/codes/adapts/outputs/adaptation/Electricity/504_168/chronos2/raw_euclidean_10_online/extracted reason=complete
2026-07-31 09:11:44,062 INFO [__main__] ========================================================================
2026-07-31T09:11:44+02:00 extraction done configuration=46/84 dataset=Electricity model=chronos2 lags=504 horizon=168 retrieval=raw_euclidean_10_online

2026-07-31T09:11:44+02:00 extraction start configuration=47/84 dataset=Electricity model=chronos2 lags=504 horizon=168 retrieval=instance_euclidean_1_online datastore_stride=24 adapt_stride=24 eval_stride=128 max_store_windows=30000 compute_transformed_prediction=false seed=1
2026-07-31 09:11:46,891 INFO [__main__] ========================================================================
2026-07-31 09:11:46,891 INFO [__main__] experiment start kind=extraction dataset=Electricity model=chronos2 lags=504 horizon=168 neighbors=1 distance=instance/euclidean
2026-07-31 09:11:47,172 INFO [__main__] extraction skipped dir=/home/h61084/codes/adapts/outputs/adaptation/Electricity/504_168/chronos2/instance_euclidean_1_online/extracted reason=complete
2026-07-31 09:11:47,172 INFO [__main__] ========================================================================
2026-07-31T09:11:47+02:00 extraction done configuration=47/84 dataset=Electricity model=chronos2 lags=504 horizon=168 retrieval=instance_euclidean_1_online

2026-07-31T09:11:47+02:00 extraction start configuration=48/84 dataset=Electricity model=chronos2 lags=504 horizon=168 retrieval=instance_euclidean_3_online datastore_stride=24 adapt_stride=24 eval_stride=128 max_store_windows=30000 compute_transformed_prediction=false seed=1
2026-07-31 09:11:49,882 INFO [__main__] ========================================================================
2026-07-31 09:11:49,883 INFO [__main__] experiment start kind=extraction dataset=Electricity model=chronos2 lags=504 horizon=168 neighbors=3 distance=instance/euclidean
2026-07-31 09:11:50,133 INFO [__main__] existing extraction not reusable dir=/home/h61084/codes/adapts/outputs/adaptation/Electricity/504_168/chronos2/instance_euclidean_3_online/extracted reason=missing completion marker: /home/h61084/codes/adapts/outputs/adaptation/Electricity/504_168/chronos2/instance_euclidean_3_online/extracted/extraction_manifest.json
2026-07-31 09:11:50,133 INFO [__main__] dataset load start
2026-07-31 09:11:50,134 INFO [src.data.load_dataset] loaded dataset config path=/home/h61084/codes/datasets/electricity/config.json keys=['aggr', 'date_col', 'drop_users']
2026-07-31 09:11:50,862 INFO [__main__] dataset load done dates=26304 users=312
2026-07-31 09:11:50,863 INFO [__main__] model load start
2026-07-31 09:12:02,405 INFO [__main__] model load done name=chronos2 device=cuda parameters_total=119,477,664 parameters_trainable=0
2026-07-31 09:12:02,408 INFO [__main__] extraction start split=adapt queries=542
2026-07-31 09:25:05,448 INFO [__main__] extraction done split=adapt
2026-07-31 09:25:05,448 INFO [__main__] extraction start split=eval queries=40
2026-07-31 09:26:02,698 INFO [__main__] extraction done split=eval
2026-07-31 09:26:03,753 INFO [__main__] completion marker saved path=/home/h61084/codes/adapts/outputs/adaptation/Electricity/504_168/chronos2/instance_euclidean_3_online/extracted/extraction_manifest.json
2026-07-31 09:26:03,753 INFO [__main__] outputs saved dir=/home/h61084/codes/adapts/outputs/adaptation/Electricity/504_168/chronos2/instance_euclidean_3_online/extracted
2026-07-31 09:26:03,753 INFO [__main__] experiment done seconds=853.86
2026-07-31 09:26:03,753 INFO [__main__] ========================================================================
2026-07-31T09:26:05+02:00 extraction done configuration=48/84 dataset=Electricity model=chronos2 lags=504 horizon=168 retrieval=instance_euclidean_3_online

2026-07-31T09:26:05+02:00 extraction start configuration=49/84 dataset=Electricity model=chronos2 lags=504 horizon=168 retrieval=instance_euclidean_10_online datastore_stride=24 adapt_stride=24 eval_stride=128 max_store_windows=30000 compute_transformed_prediction=false seed=1
2026-07-31 09:26:08,330 INFO [__main__] ========================================================================
2026-07-31 09:26:08,330 INFO [__main__] experiment start kind=extraction dataset=Electricity model=chronos2 lags=504 horizon=168 neighbors=10 distance=instance/euclidean
2026-07-31 09:26:08,627 INFO [__main__] extraction skipped dir=/home/h61084/codes/adapts/outputs/adaptation/Electricity/504_168/chronos2/instance_euclidean_10_online/extracted reason=complete
2026-07-31 09:26:08,627 INFO [__main__] ========================================================================
2026-07-31T09:26:08+02:00 extraction done configuration=49/84 dataset=Electricity model=chronos2 lags=504 horizon=168 retrieval=instance_euclidean_10_online

2026-07-31T09:26:08+02:00 extraction start configuration=50/84 dataset=Electricity model=chronos2 lags=504 horizon=504 retrieval=vanilla datastore_stride=24 adapt_stride=24 eval_stride=128 max_store_windows=30000 compute_transformed_prediction=false seed=1
2026-07-31 09:26:11,421 INFO [__main__] ========================================================================
2026-07-31 09:26:11,421 INFO [__main__] experiment start kind=extraction dataset=Electricity model=chronos2 lags=504 horizon=504 neighbors=0 distance=raw/euclidean
2026-07-31 09:26:11,753 INFO [__main__] existing extraction not reusable dir=/home/h61084/codes/adapts/outputs/adaptation/Electricity/504_504/chronos2/vanilla reason=missing completion marker: /home/h61084/codes/adapts/outputs/adaptation/Electricity/504_504/chronos2/vanilla/extraction_manifest.json
2026-07-31 09:26:11,753 INFO [__main__] dataset load start
2026-07-31 09:26:11,753 INFO [src.data.load_dataset] loaded dataset config path=/home/h61084/codes/datasets/electricity/config.json keys=['aggr', 'date_col', 'drop_users']
2026-07-31 09:26:12,448 INFO [__main__] dataset load done dates=26304 users=312
2026-07-31 09:26:12,448 INFO [__main__] model load start
2026-07-31 09:26:26,343 INFO [__main__] model load done name=chronos2 device=cuda parameters_total=119,477,664 parameters_trainable=0
2026-07-31 09:26:26,346 INFO [__main__] extraction start split=adapt queries=528
2026-07-31 09:28:11,416 INFO [__main__] extraction done split=adapt
2026-07-31 09:28:11,416 INFO [__main__] extraction start split=eval queries=38
2026-07-31 09:28:18,956 INFO [__main__] extraction done split=eval
2026-07-31 09:28:19,211 INFO [__main__] vanilla metrics saved path=/home/h61084/codes/adapts/outputs/adaptation/Electricity/504_504/chronos2/vanilla/vanilla_metrics.json
2026-07-31 09:28:19,217 INFO [__main__] completion marker saved path=/home/h61084/codes/adapts/outputs/adaptation/Electricity/504_504/chronos2/vanilla/extraction_manifest.json
2026-07-31 09:28:19,217 INFO [__main__] outputs saved dir=/home/h61084/codes/adapts/outputs/adaptation/Electricity/504_504/chronos2/vanilla
2026-07-31 09:28:19,217 INFO [__main__] experiment done seconds=127.79
2026-07-31 09:28:19,217 INFO [__main__] ========================================================================
2026-07-31T09:28:20+02:00 extraction done configuration=50/84 dataset=Electricity model=chronos2 lags=504 horizon=504 retrieval=vanilla

2026-07-31T09:28:20+02:00 extraction start configuration=51/84 dataset=Electricity model=chronos2 lags=504 horizon=504 retrieval=raw_euclidean_1_online datastore_stride=24 adapt_stride=24 eval_stride=128 max_store_windows=30000 compute_transformed_prediction=false seed=1
2026-07-31 09:28:23,061 INFO [__main__] ========================================================================
2026-07-31 09:28:23,061 INFO [__main__] experiment start kind=extraction dataset=Electricity model=chronos2 lags=504 horizon=504 neighbors=1 distance=raw/euclidean
2026-07-31 09:28:23,350 INFO [__main__] existing extraction not reusable dir=/home/h61084/codes/adapts/outputs/adaptation/Electricity/504_504/chronos2/raw_euclidean_1_online/extracted reason=missing completion marker: /home/h61084/codes/adapts/outputs/adaptation/Electricity/504_504/chronos2/raw_euclidean_1_online/extracted/extraction_manifest.json
2026-07-31 09:28:23,350 INFO [__main__] dataset load start
2026-07-31 09:28:23,351 INFO [src.data.load_dataset] loaded dataset config path=/home/h61084/codes/datasets/electricity/config.json keys=['aggr', 'date_col', 'drop_users']
2026-07-31 09:28:24,087 INFO [__main__] dataset load done dates=26304 users=312
2026-07-31 09:28:24,087 INFO [__main__] model load start
2026-07-31 09:28:40,276 INFO [__main__] model load done name=chronos2 device=cuda parameters_total=119,477,664 parameters_trainable=0
2026-07-31 09:28:40,279 INFO [__main__] extraction start split=adapt queries=528
2026-07-31 09:39:03,940 INFO [__main__] extraction done split=adapt
2026-07-31 09:39:03,941 INFO [__main__] extraction start split=eval queries=38
2026-07-31 09:39:47,891 INFO [__main__] extraction done split=eval
2026-07-31 09:39:49,033 INFO [__main__] completion marker saved path=/home/h61084/codes/adapts/outputs/adaptation/Electricity/504_504/chronos2/raw_euclidean_1_online/extracted/extraction_manifest.json
2026-07-31 09:39:49,033 INFO [__main__] outputs saved dir=/home/h61084/codes/adapts/outputs/adaptation/Electricity/504_504/chronos2/raw_euclidean_1_online/extracted
2026-07-31 09:39:49,033 INFO [__main__] experiment done seconds=685.94
2026-07-31 09:39:49,033 INFO [__main__] ========================================================================
2026-07-31T09:39:50+02:00 extraction done configuration=51/84 dataset=Electricity model=chronos2 lags=504 horizon=504 retrieval=raw_euclidean_1_online

2026-07-31T09:39:50+02:00 extraction start configuration=52/84 dataset=Electricity model=chronos2 lags=504 horizon=504 retrieval=raw_euclidean_3_online datastore_stride=24 adapt_stride=24 eval_stride=128 max_store_windows=30000 compute_transformed_prediction=false seed=1
2026-07-31 09:39:53,782 INFO [__main__] ========================================================================
2026-07-31 09:39:53,782 INFO [__main__] experiment start kind=extraction dataset=Electricity model=chronos2 lags=504 horizon=504 neighbors=3 distance=raw/euclidean
2026-07-31 09:39:54,062 INFO [__main__] existing extraction not reusable dir=/home/h61084/codes/adapts/outputs/adaptation/Electricity/504_504/chronos2/raw_euclidean_3_online/extracted reason=missing completion marker: /home/h61084/codes/adapts/outputs/adaptation/Electricity/504_504/chronos2/raw_euclidean_3_online/extracted/extraction_manifest.json
2026-07-31 09:39:54,062 INFO [__main__] dataset load start
2026-07-31 09:39:54,063 INFO [src.data.load_dataset] loaded dataset config path=/home/h61084/codes/datasets/electricity/config.json keys=['aggr', 'date_col', 'drop_users']
2026-07-31 09:39:54,828 INFO [__main__] dataset load done dates=26304 users=312
2026-07-31 09:39:54,829 INFO [__main__] model load start
2026-07-31 09:40:09,867 INFO [__main__] model load done name=chronos2 device=cuda parameters_total=119,477,664 parameters_trainable=0
2026-07-31 09:40:09,870 INFO [__main__] extraction start split=adapt queries=528
2026-07-31 09:56:20,083 INFO [__main__] extraction done split=adapt
2026-07-31 09:56:20,084 INFO [__main__] extraction start split=eval queries=38
2026-07-31 09:57:28,540 INFO [__main__] extraction done split=eval
2026-07-31 09:57:29,544 INFO [__main__] completion marker saved path=/home/h61084/codes/adapts/outputs/adaptation/Electricity/504_504/chronos2/raw_euclidean_3_online/extracted/extraction_manifest.json
2026-07-31 09:57:29,544 INFO [__main__] outputs saved dir=/home/h61084/codes/adapts/outputs/adaptation/Electricity/504_504/chronos2/raw_euclidean_3_online/extracted
2026-07-31 09:57:29,544 INFO [__main__] experiment done seconds=1055.76
2026-07-31 09:57:29,545 INFO [__main__] ========================================================================
2026-07-31T09:57:30+02:00 extraction done configuration=52/84 dataset=Electricity model=chronos2 lags=504 horizon=504 retrieval=raw_euclidean_3_online

2026-07-31T09:57:30+02:00 extraction start configuration=53/84 dataset=Electricity model=chronos2 lags=504 horizon=504 retrieval=raw_euclidean_10_online datastore_stride=24 adapt_stride=24 eval_stride=128 max_store_windows=30000 compute_transformed_prediction=false seed=1
2026-07-31 09:57:33,357 INFO [__main__] ========================================================================
2026-07-31 09:57:33,357 INFO [__main__] experiment start kind=extraction dataset=Electricity model=chronos2 lags=504 horizon=504 neighbors=10 distance=raw/euclidean
2026-07-31 09:57:33,634 INFO [__main__] existing extraction not reusable dir=/home/h61084/codes/adapts/outputs/adaptation/Electricity/504_504/chronos2/raw_euclidean_10_online/extracted reason=missing completion marker: /home/h61084/codes/adapts/outputs/adaptation/Electricity/504_504/chronos2/raw_euclidean_10_online/extracted/extraction_manifest.json
2026-07-31 09:57:33,634 INFO [__main__] dataset load start
2026-07-31 09:57:33,635 INFO [src.data.load_dataset] loaded dataset config path=/home/h61084/codes/datasets/electricity/config.json keys=['aggr', 'date_col', 'drop_users']
2026-07-31 09:57:34,329 INFO [__main__] dataset load done dates=26304 users=312
2026-07-31 09:57:34,330 INFO [__main__] model load start
2026-07-31 09:57:46,325 INFO [__main__] model load done name=chronos2 device=cuda parameters_total=119,477,664 parameters_trainable=0
2026-07-31 09:57:46,328 INFO [__main__] extraction start split=adapt queries=528
2026-07-31 10:37:57,623 INFO [__main__] extraction done split=adapt
2026-07-31 10:37:57,623 INFO [__main__] extraction start split=eval queries=38
2026-07-31 10:40:50,473 INFO [__main__] extraction done split=eval
2026-07-31 10:40:51,667 INFO [__main__] completion marker saved path=/home/h61084/codes/adapts/outputs/adaptation/Electricity/504_504/chronos2/raw_euclidean_10_online/extracted/extraction_manifest.json
2026-07-31 10:40:51,667 INFO [__main__] outputs saved dir=/home/h61084/codes/adapts/outputs/adaptation/Electricity/504_504/chronos2/raw_euclidean_10_online/extracted
2026-07-31 10:40:51,667 INFO [__main__] experiment done seconds=2598.30
2026-07-31 10:40:51,667 INFO [__main__] ========================================================================
2026-07-31T10:40:53+02:00 extraction done configuration=53/84 dataset=Electricity model=chronos2 lags=504 horizon=504 retrieval=raw_euclidean_10_online

2026-07-31T10:40:53+02:00 extraction start configuration=54/84 dataset=Electricity model=chronos2 lags=504 horizon=504 retrieval=instance_euclidean_1_online datastore_stride=24 adapt_stride=24 eval_stride=128 max_store_windows=30000 compute_transformed_prediction=false seed=1
2026-07-31 10:40:56,849 INFO [__main__] ========================================================================
2026-07-31 10:40:56,849 INFO [__main__] experiment start kind=extraction dataset=Electricity model=chronos2 lags=504 horizon=504 neighbors=1 distance=instance/euclidean
2026-07-31 10:40:57,141 INFO [__main__] existing extraction not reusable dir=/home/h61084/codes/adapts/outputs/adaptation/Electricity/504_504/chronos2/instance_euclidean_1_online/extracted reason=missing completion marker: /home/h61084/codes/adapts/outputs/adaptation/Electricity/504_504/chronos2/instance_euclidean_1_online/extracted/extraction_manifest.json
2026-07-31 10:40:57,141 INFO [__main__] dataset load start
2026-07-31 10:40:57,143 INFO [src.data.load_dataset] loaded dataset config path=/home/h61084/codes/datasets/electricity/config.json keys=['aggr', 'date_col', 'drop_users']
2026-07-31 10:40:57,885 INFO [__main__] dataset load done dates=26304 users=312
2026-07-31 10:40:57,885 INFO [__main__] model load start
2026-07-31 10:41:12,831 INFO [__main__] model load done name=chronos2 device=cuda parameters_total=119,477,664 parameters_trainable=0
2026-07-31 10:41:12,834 INFO [__main__] extraction start split=adapt queries=528
2026-07-31 10:52:14,862 INFO [__main__] extraction done split=adapt
2026-07-31 10:52:14,862 INFO [__main__] extraction start split=eval queries=38
2026-07-31 10:53:02,609 INFO [__main__] extraction done split=eval
2026-07-31 10:53:03,772 INFO [__main__] completion marker saved path=/home/h61084/codes/adapts/outputs/adaptation/Electricity/504_504/chronos2/instance_euclidean_1_online/extracted/extraction_manifest.json
2026-07-31 10:53:03,772 INFO [__main__] outputs saved dir=/home/h61084/codes/adapts/outputs/adaptation/Electricity/504_504/chronos2/instance_euclidean_1_online/extracted
2026-07-31 10:53:03,772 INFO [__main__] experiment done seconds=726.92
2026-07-31 10:53:03,772 INFO [__main__] ========================================================================
2026-07-31T10:53:04+02:00 extraction done configuration=54/84 dataset=Electricity model=chronos2 lags=504 horizon=504 retrieval=instance_euclidean_1_online

2026-07-31T10:53:04+02:00 extraction start configuration=55/84 dataset=Electricity model=chronos2 lags=504 horizon=504 retrieval=instance_euclidean_3_online datastore_stride=24 adapt_stride=24 eval_stride=128 max_store_windows=30000 compute_transformed_prediction=false seed=1
2026-07-31 10:53:07,517 INFO [__main__] ========================================================================
2026-07-31 10:53:07,517 INFO [__main__] experiment start kind=extraction dataset=Electricity model=chronos2 lags=504 horizon=504 neighbors=3 distance=instance/euclidean
2026-07-31 10:53:07,806 INFO [__main__] existing extraction not reusable dir=/home/h61084/codes/adapts/outputs/adaptation/Electricity/504_504/chronos2/instance_euclidean_3_online/extracted reason=missing completion marker: /home/h61084/codes/adapts/outputs/adaptation/Electricity/504_504/chronos2/instance_euclidean_3_online/extracted/extraction_manifest.json
2026-07-31 10:53:07,806 INFO [__main__] dataset load start
2026-07-31 10:53:07,807 INFO [src.data.load_dataset] loaded dataset config path=/home/h61084/codes/datasets/electricity/config.json keys=['aggr', 'date_col', 'drop_users']
2026-07-31 10:53:08,508 INFO [__main__] dataset load done dates=26304 users=312
2026-07-31 10:53:08,508 INFO [__main__] model load start
2026-07-31 10:53:19,952 INFO [__main__] model load done name=chronos2 device=cuda parameters_total=119,477,664 parameters_trainable=0
2026-07-31 10:53:19,955 INFO [__main__] extraction start split=adapt queries=528
2026-07-31 11:10:24,273 INFO [__main__] extraction done split=adapt
2026-07-31 11:10:24,274 INFO [__main__] extraction start split=eval queries=38
2026-07-31 11:11:38,342 INFO [__main__] extraction done split=eval
2026-07-31 11:11:39,533 INFO [__main__] completion marker saved path=/home/h61084/codes/adapts/outputs/adaptation/Electricity/504_504/chronos2/instance_euclidean_3_online/extracted/extraction_manifest.json
2026-07-31 11:11:39,533 INFO [__main__] outputs saved dir=/home/h61084/codes/adapts/outputs/adaptation/Electricity/504_504/chronos2/instance_euclidean_3_online/extracted
2026-07-31 11:11:39,533 INFO [__main__] experiment done seconds=1112.01
2026-07-31 11:11:39,533 INFO [__main__] ========================================================================
2026-07-31T11:11:40+02:00 extraction done configuration=55/84 dataset=Electricity model=chronos2 lags=504 horizon=504 retrieval=instance_euclidean_3_online

2026-07-31T11:11:40+02:00 extraction start configuration=56/84 dataset=Electricity model=chronos2 lags=504 horizon=504 retrieval=instance_euclidean_10_online datastore_stride=24 adapt_stride=24 eval_stride=128 max_store_windows=30000 compute_transformed_prediction=false seed=1
2026-07-31 11:11:43,596 INFO [__main__] ========================================================================
2026-07-31 11:11:43,596 INFO [__main__] experiment start kind=extraction dataset=Electricity model=chronos2 lags=504 horizon=504 neighbors=10 distance=instance/euclidean
2026-07-31 11:11:43,917 INFO [__main__] existing extraction not reusable dir=/home/h61084/codes/adapts/outputs/adaptation/Electricity/504_504/chronos2/instance_euclidean_10_online/extracted reason=missing completion marker: /home/h61084/codes/adapts/outputs/adaptation/Electricity/504_504/chronos2/instance_euclidean_10_online/extracted/extraction_manifest.json
2026-07-31 11:11:43,917 INFO [__main__] dataset load start
2026-07-31 11:11:43,918 INFO [src.data.load_dataset] loaded dataset config path=/home/h61084/codes/datasets/electricity/config.json keys=['aggr', 'date_col', 'drop_users']
2026-07-31 11:11:44,678 INFO [__main__] dataset load done dates=26304 users=312
2026-07-31 11:11:44,678 INFO [__main__] model load start
2026-07-31 11:11:56,803 INFO [__main__] model load done name=chronos2 device=cuda parameters_total=119,477,664 parameters_trainable=0
2026-07-31 11:11:56,806 INFO [__main__] extraction start split=adapt queries=528
2026-07-31 11:52:50,753 INFO [__main__] extraction done split=adapt
2026-07-31 11:52:50,754 INFO [__main__] extraction start split=eval queries=38
2026-07-31 11:55:45,298 INFO [__main__] extraction done split=eval
2026-07-31 11:55:46,585 INFO [__main__] completion marker saved path=/home/h61084/codes/adapts/outputs/adaptation/Electricity/504_504/chronos2/instance_euclidean_10_online/extracted/extraction_manifest.json
2026-07-31 11:55:46,585 INFO [__main__] outputs saved dir=/home/h61084/codes/adapts/outputs/adaptation/Electricity/504_504/chronos2/instance_euclidean_10_online/extracted
2026-07-31 11:55:46,585 INFO [__main__] experiment done seconds=2642.98
2026-07-31 11:55:46,585 INFO [__main__] ========================================================================
2026-07-31T11:55:48+02:00 extraction done configuration=56/84 dataset=Electricity model=chronos2 lags=504 horizon=504 retrieval=instance_euclidean_10_online

2026-07-31T11:55:48+02:00 extraction start configuration=57/84 dataset=Solar model=chronos2 lags=168 horizon=24 retrieval=vanilla datastore_stride=24 adapt_stride=24 eval_stride=128 max_store_windows=30000 compute_transformed_prediction=false seed=1
2026-07-31 11:55:51,181 INFO [__main__] ========================================================================
2026-07-31 11:55:51,182 INFO [__main__] experiment start kind=extraction dataset=Solar model=chronos2 lags=168 horizon=24 neighbors=0 distance=raw/euclidean
2026-07-31 11:55:51,503 INFO [__main__] extraction skipped dir=/home/h61084/codes/adapts/outputs/adaptation/Solar/168_24/chronos2/vanilla reason=complete
2026-07-31 11:55:51,503 INFO [__main__] ========================================================================
2026-07-31T11:55:51+02:00 extraction done configuration=57/84 dataset=Solar model=chronos2 lags=168 horizon=24 retrieval=vanilla

2026-07-31T11:55:51+02:00 extraction start configuration=58/84 dataset=Solar model=chronos2 lags=168 horizon=24 retrieval=raw_euclidean_1_online datastore_stride=24 adapt_stride=24 eval_stride=128 max_store_windows=30000 compute_transformed_prediction=false seed=1
2026-07-31 11:55:54,343 INFO [__main__] ========================================================================
2026-07-31 11:55:54,344 INFO [__main__] experiment start kind=extraction dataset=Solar model=chronos2 lags=168 horizon=24 neighbors=1 distance=raw/euclidean
2026-07-31 11:55:54,617 INFO [__main__] extraction skipped dir=/home/h61084/codes/adapts/outputs/adaptation/Solar/168_24/chronos2/raw_euclidean_1_online/extracted reason=complete
2026-07-31 11:55:54,617 INFO [__main__] ========================================================================
2026-07-31T11:55:54+02:00 extraction done configuration=58/84 dataset=Solar model=chronos2 lags=168 horizon=24 retrieval=raw_euclidean_1_online

2026-07-31T11:55:54+02:00 extraction start configuration=59/84 dataset=Solar model=chronos2 lags=168 horizon=24 retrieval=raw_euclidean_3_online datastore_stride=24 adapt_stride=24 eval_stride=128 max_store_windows=30000 compute_transformed_prediction=false seed=1
2026-07-31 11:55:57,395 INFO [__main__] ========================================================================
2026-07-31 11:55:57,396 INFO [__main__] experiment start kind=extraction dataset=Solar model=chronos2 lags=168 horizon=24 neighbors=3 distance=raw/euclidean
2026-07-31 11:55:57,690 INFO [__main__] existing extraction not reusable dir=/home/h61084/codes/adapts/outputs/adaptation/Solar/168_24/chronos2/raw_euclidean_3_online/extracted reason=missing completion marker: /home/h61084/codes/adapts/outputs/adaptation/Solar/168_24/chronos2/raw_euclidean_3_online/extracted/extraction_manifest.json
2026-07-31 11:55:57,690 INFO [__main__] dataset load start
2026-07-31 11:55:57,691 INFO [src.data.load_dataset] loaded dataset config path=/home/h61084/codes/datasets/solar/config.json keys=['aggr', 'date_col', 'drop_users']
2026-07-31 11:55:58,096 INFO [__main__] dataset load done dates=8760 users=137
2026-07-31 11:55:58,096 INFO [__main__] model load start
2026-07-31 11:56:12,937 INFO [__main__] model load done name=chronos2 device=cuda parameters_total=119,477,664 parameters_trainable=0
2026-07-31 11:56:12,938 INFO [__main__] extraction start split=adapt queries=182
2026-07-31 11:57:15,024 INFO [__main__] extraction done split=adapt
2026-07-31 11:57:15,024 INFO [__main__] extraction start split=eval queries=14
2026-07-31 11:57:19,792 INFO [__main__] extraction done split=eval
2026-07-31 11:57:20,430 INFO [__main__] completion marker saved path=/home/h61084/codes/adapts/outputs/adaptation/Solar/168_24/chronos2/raw_euclidean_3_online/extracted/extraction_manifest.json
2026-07-31 11:57:20,430 INFO [__main__] outputs saved dir=/home/h61084/codes/adapts/outputs/adaptation/Solar/168_24/chronos2/raw_euclidean_3_online/extracted
2026-07-31 11:57:20,430 INFO [__main__] experiment done seconds=83.03
2026-07-31 11:57:20,430 INFO [__main__] ========================================================================
2026-07-31T11:57:21+02:00 extraction done configuration=59/84 dataset=Solar model=chronos2 lags=168 horizon=24 retrieval=raw_euclidean_3_online

2026-07-31T11:57:21+02:00 extraction start configuration=60/84 dataset=Solar model=chronos2 lags=168 horizon=24 retrieval=raw_euclidean_10_online datastore_stride=24 adapt_stride=24 eval_stride=128 max_store_windows=30000 compute_transformed_prediction=false seed=1
2026-07-31 11:57:24,103 INFO [__main__] ========================================================================
2026-07-31 11:57:24,103 INFO [__main__] experiment start kind=extraction dataset=Solar model=chronos2 lags=168 horizon=24 neighbors=10 distance=raw/euclidean
2026-07-31 11:57:24,428 INFO [__main__] extraction skipped dir=/home/h61084/codes/adapts/outputs/adaptation/Solar/168_24/chronos2/raw_euclidean_10_online/extracted reason=complete
2026-07-31 11:57:24,428 INFO [__main__] ========================================================================
2026-07-31T11:57:24+02:00 extraction done configuration=60/84 dataset=Solar model=chronos2 lags=168 horizon=24 retrieval=raw_euclidean_10_online

2026-07-31T11:57:24+02:00 extraction start configuration=61/84 dataset=Solar model=chronos2 lags=168 horizon=24 retrieval=instance_euclidean_1_online datastore_stride=24 adapt_stride=24 eval_stride=128 max_store_windows=30000 compute_transformed_prediction=false seed=1
2026-07-31 11:57:27,052 INFO [__main__] ========================================================================
2026-07-31 11:57:27,052 INFO [__main__] experiment start kind=extraction dataset=Solar model=chronos2 lags=168 horizon=24 neighbors=1 distance=instance/euclidean
2026-07-31 11:57:27,345 INFO [__main__] extraction skipped dir=/home/h61084/codes/adapts/outputs/adaptation/Solar/168_24/chronos2/instance_euclidean_1_online/extracted reason=complete
2026-07-31 11:57:27,345 INFO [__main__] ========================================================================
2026-07-31T11:57:27+02:00 extraction done configuration=61/84 dataset=Solar model=chronos2 lags=168 horizon=24 retrieval=instance_euclidean_1_online

2026-07-31T11:57:27+02:00 extraction start configuration=62/84 dataset=Solar model=chronos2 lags=168 horizon=24 retrieval=instance_euclidean_3_online datastore_stride=24 adapt_stride=24 eval_stride=128 max_store_windows=30000 compute_transformed_prediction=false seed=1
2026-07-31 11:57:29,949 INFO [__main__] ========================================================================
2026-07-31 11:57:29,949 INFO [__main__] experiment start kind=extraction dataset=Solar model=chronos2 lags=168 horizon=24 neighbors=3 distance=instance/euclidean
2026-07-31 11:57:30,279 INFO [__main__] existing extraction not reusable dir=/home/h61084/codes/adapts/outputs/adaptation/Solar/168_24/chronos2/instance_euclidean_3_online/extracted reason=missing completion marker: /home/h61084/codes/adapts/outputs/adaptation/Solar/168_24/chronos2/instance_euclidean_3_online/extracted/extraction_manifest.json
2026-07-31 11:57:30,279 INFO [__main__] dataset load start
2026-07-31 11:57:30,280 INFO [src.data.load_dataset] loaded dataset config path=/home/h61084/codes/datasets/solar/config.json keys=['aggr', 'date_col', 'drop_users']
2026-07-31 11:57:30,684 INFO [__main__] dataset load done dates=8760 users=137
2026-07-31 11:57:30,684 INFO [__main__] model load start
2026-07-31 11:57:42,426 INFO [__main__] model load done name=chronos2 device=cuda parameters_total=119,477,664 parameters_trainable=0
2026-07-31 11:57:42,427 INFO [__main__] extraction start split=adapt queries=182
2026-07-31 11:58:49,781 INFO [__main__] extraction done split=adapt
2026-07-31 11:58:49,781 INFO [__main__] extraction start split=eval queries=14
2026-07-31 11:58:55,276 INFO [__main__] extraction done split=eval
2026-07-31 11:58:55,916 INFO [__main__] completion marker saved path=/home/h61084/codes/adapts/outputs/adaptation/Solar/168_24/chronos2/instance_euclidean_3_online/extracted/extraction_manifest.json
2026-07-31 11:58:55,916 INFO [__main__] outputs saved dir=/home/h61084/codes/adapts/outputs/adaptation/Solar/168_24/chronos2/instance_euclidean_3_online/extracted
2026-07-31 11:58:55,916 INFO [__main__] experiment done seconds=85.96
2026-07-31 11:58:55,916 INFO [__main__] ========================================================================
2026-07-31T11:58:56+02:00 extraction done configuration=62/84 dataset=Solar model=chronos2 lags=168 horizon=24 retrieval=instance_euclidean_3_online

2026-07-31T11:58:56+02:00 extraction start configuration=63/84 dataset=Solar model=chronos2 lags=168 horizon=24 retrieval=instance_euclidean_10_online datastore_stride=24 adapt_stride=24 eval_stride=128 max_store_windows=30000 compute_transformed_prediction=false seed=1
2026-07-31 11:58:59,805 INFO [__main__] ========================================================================
2026-07-31 11:58:59,805 INFO [__main__] experiment start kind=extraction dataset=Solar model=chronos2 lags=168 horizon=24 neighbors=10 distance=instance/euclidean
2026-07-31 11:59:00,076 INFO [__main__] extraction skipped dir=/home/h61084/codes/adapts/outputs/adaptation/Solar/168_24/chronos2/instance_euclidean_10_online/extracted reason=complete
2026-07-31 11:59:00,076 INFO [__main__] ========================================================================
2026-07-31T11:59:00+02:00 extraction done configuration=63/84 dataset=Solar model=chronos2 lags=168 horizon=24 retrieval=instance_euclidean_10_online

2026-07-31T11:59:00+02:00 extraction start configuration=64/84 dataset=Solar model=chronos2 lags=504 horizon=24 retrieval=vanilla datastore_stride=24 adapt_stride=24 eval_stride=128 max_store_windows=30000 compute_transformed_prediction=false seed=1
2026-07-31 11:59:02,827 INFO [__main__] ========================================================================
2026-07-31 11:59:02,827 INFO [__main__] experiment start kind=extraction dataset=Solar model=chronos2 lags=504 horizon=24 neighbors=0 distance=raw/euclidean
2026-07-31 11:59:03,116 INFO [__main__] existing extraction not reusable dir=/home/h61084/codes/adapts/outputs/adaptation/Solar/504_24/chronos2/vanilla reason=missing completion marker: /home/h61084/codes/adapts/outputs/adaptation/Solar/504_24/chronos2/vanilla/extraction_manifest.json
2026-07-31 11:59:03,116 INFO [__main__] dataset load start
2026-07-31 11:59:03,117 INFO [src.data.load_dataset] loaded dataset config path=/home/h61084/codes/datasets/solar/config.json keys=['aggr', 'date_col', 'drop_users']
2026-07-31 11:59:03,517 INFO [__main__] dataset load done dates=8760 users=137
2026-07-31 11:59:03,517 INFO [__main__] model load start
2026-07-31 11:59:16,861 INFO [__main__] model load done name=chronos2 device=cuda parameters_total=119,477,664 parameters_trainable=0
2026-07-31 11:59:16,862 INFO [__main__] extraction start split=adapt queries=182
2026-07-31 11:59:27,318 INFO [__main__] extraction done split=adapt
2026-07-31 11:59:27,318 INFO [__main__] extraction start split=eval queries=14
2026-07-31 11:59:28,090 INFO [__main__] extraction done split=eval
2026-07-31 11:59:28,128 INFO [__main__] vanilla metrics saved path=/home/h61084/codes/adapts/outputs/adaptation/Solar/504_24/chronos2/vanilla/vanilla_metrics.json
2026-07-31 11:59:28,135 INFO [__main__] completion marker saved path=/home/h61084/codes/adapts/outputs/adaptation/Solar/504_24/chronos2/vanilla/extraction_manifest.json
2026-07-31 11:59:28,135 INFO [__main__] outputs saved dir=/home/h61084/codes/adapts/outputs/adaptation/Solar/504_24/chronos2/vanilla
2026-07-31 11:59:28,135 INFO [__main__] experiment done seconds=25.30
2026-07-31 11:59:28,135 INFO [__main__] ========================================================================
2026-07-31T11:59:28+02:00 extraction done configuration=64/84 dataset=Solar model=chronos2 lags=504 horizon=24 retrieval=vanilla

2026-07-31T11:59:28+02:00 extraction start configuration=65/84 dataset=Solar model=chronos2 lags=504 horizon=24 retrieval=raw_euclidean_1_online datastore_stride=24 adapt_stride=24 eval_stride=128 max_store_windows=30000 compute_transformed_prediction=false seed=1
2026-07-31 11:59:31,130 INFO [__main__] ========================================================================
2026-07-31 11:59:31,130 INFO [__main__] experiment start kind=extraction dataset=Solar model=chronos2 lags=504 horizon=24 neighbors=1 distance=raw/euclidean
2026-07-31 11:59:31,434 INFO [__main__] existing extraction not reusable dir=/home/h61084/codes/adapts/outputs/adaptation/Solar/504_24/chronos2/raw_euclidean_1_online/extracted reason=missing completion marker: /home/h61084/codes/adapts/outputs/adaptation/Solar/504_24/chronos2/raw_euclidean_1_online/extracted/extraction_manifest.json
2026-07-31 11:59:31,434 INFO [__main__] dataset load start
2026-07-31 11:59:31,435 INFO [src.data.load_dataset] loaded dataset config path=/home/h61084/codes/datasets/solar/config.json keys=['aggr', 'date_col', 'drop_users']
2026-07-31 11:59:31,831 INFO [__main__] dataset load done dates=8760 users=137
2026-07-31 11:59:31,831 INFO [__main__] model load start
2026-07-31 11:59:39,655 INFO [__main__] model load done name=chronos2 device=cuda parameters_total=119,477,664 parameters_trainable=0
2026-07-31 11:59:39,656 INFO [__main__] extraction start split=adapt queries=182
2026-07-31 12:00:54,726 INFO [__main__] extraction done split=adapt
2026-07-31 12:00:54,727 INFO [__main__] extraction start split=eval queries=14
2026-07-31 12:01:00,003 INFO [__main__] extraction done split=eval
2026-07-31 12:01:00,803 INFO [__main__] completion marker saved path=/home/h61084/codes/adapts/outputs/adaptation/Solar/504_24/chronos2/raw_euclidean_1_online/extracted/extraction_manifest.json
2026-07-31 12:01:00,804 INFO [__main__] outputs saved dir=/home/h61084/codes/adapts/outputs/adaptation/Solar/504_24/chronos2/raw_euclidean_1_online/extracted
2026-07-31 12:01:00,804 INFO [__main__] experiment done seconds=89.64
2026-07-31 12:01:00,804 INFO [__main__] ========================================================================
2026-07-31T12:01:01+02:00 extraction done configuration=65/84 dataset=Solar model=chronos2 lags=504 horizon=24 retrieval=raw_euclidean_1_online

2026-07-31T12:01:01+02:00 extraction start configuration=66/84 dataset=Solar model=chronos2 lags=504 horizon=24 retrieval=raw_euclidean_3_online datastore_stride=24 adapt_stride=24 eval_stride=128 max_store_windows=30000 compute_transformed_prediction=false seed=1
2026-07-31 12:01:04,313 INFO [__main__] ========================================================================
2026-07-31 12:01:04,313 INFO [__main__] experiment start kind=extraction dataset=Solar model=chronos2 lags=504 horizon=24 neighbors=3 distance=raw/euclidean
2026-07-31 12:01:04,592 INFO [__main__] existing extraction not reusable dir=/home/h61084/codes/adapts/outputs/adaptation/Solar/504_24/chronos2/raw_euclidean_3_online/extracted reason=missing completion marker: /home/h61084/codes/adapts/outputs/adaptation/Solar/504_24/chronos2/raw_euclidean_3_online/extracted/extraction_manifest.json
2026-07-31 12:01:04,592 INFO [__main__] dataset load start
2026-07-31 12:01:04,593 INFO [src.data.load_dataset] loaded dataset config path=/home/h61084/codes/datasets/solar/config.json keys=['aggr', 'date_col', 'drop_users']
2026-07-31 12:01:04,999 INFO [__main__] dataset load done dates=8760 users=137
2026-07-31 12:01:04,999 INFO [__main__] model load start
2026-07-31 12:01:16,488 INFO [__main__] model load done name=chronos2 device=cuda parameters_total=119,477,664 parameters_trainable=0
2026-07-31 12:01:16,490 INFO [__main__] extraction start split=adapt queries=182
2026-07-31 12:02:53,550 INFO [__main__] extraction done split=adapt
2026-07-31 12:02:53,550 INFO [__main__] extraction start split=eval queries=14
2026-07-31 12:03:01,515 INFO [__main__] extraction done split=eval
2026-07-31 12:03:02,110 INFO [__main__] completion marker saved path=/home/h61084/codes/adapts/outputs/adaptation/Solar/504_24/chronos2/raw_euclidean_3_online/extracted/extraction_manifest.json
2026-07-31 12:03:02,110 INFO [__main__] outputs saved dir=/home/h61084/codes/adapts/outputs/adaptation/Solar/504_24/chronos2/raw_euclidean_3_online/extracted
2026-07-31 12:03:02,110 INFO [__main__] experiment done seconds=117.79
2026-07-31 12:03:02,110 INFO [__main__] ========================================================================
2026-07-31T12:03:02+02:00 extraction done configuration=66/84 dataset=Solar model=chronos2 lags=504 horizon=24 retrieval=raw_euclidean_3_online

2026-07-31T12:03:02+02:00 extraction start configuration=67/84 dataset=Solar model=chronos2 lags=504 horizon=24 retrieval=raw_euclidean_10_online datastore_stride=24 adapt_stride=24 eval_stride=128 max_store_windows=30000 compute_transformed_prediction=false seed=1
2026-07-31 12:03:05,779 INFO [__main__] ========================================================================
2026-07-31 12:03:05,779 INFO [__main__] experiment start kind=extraction dataset=Solar model=chronos2 lags=504 horizon=24 neighbors=10 distance=raw/euclidean
2026-07-31 12:03:06,070 INFO [__main__] existing extraction not reusable dir=/home/h61084/codes/adapts/outputs/adaptation/Solar/504_24/chronos2/raw_euclidean_10_online/extracted reason=missing completion marker: /home/h61084/codes/adapts/outputs/adaptation/Solar/504_24/chronos2/raw_euclidean_10_online/extracted/extraction_manifest.json
2026-07-31 12:03:06,070 INFO [__main__] dataset load start
2026-07-31 12:03:06,071 INFO [src.data.load_dataset] loaded dataset config path=/home/h61084/codes/datasets/solar/config.json keys=['aggr', 'date_col', 'drop_users']
2026-07-31 12:03:06,476 INFO [__main__] dataset load done dates=8760 users=137
2026-07-31 12:03:06,476 INFO [__main__] model load start
2026-07-31 12:03:18,423 INFO [__main__] model load done name=chronos2 device=cuda parameters_total=119,477,664 parameters_trainable=0
2026-07-31 12:03:18,424 INFO [__main__] extraction start split=adapt queries=182
2026-07-31 12:07:00,299 INFO [__main__] extraction done split=adapt
2026-07-31 12:07:00,299 INFO [__main__] extraction start split=eval queries=14
2026-07-31 12:07:17,490 INFO [__main__] extraction done split=eval
2026-07-31 12:07:18,084 INFO [__main__] completion marker saved path=/home/h61084/codes/adapts/outputs/adaptation/Solar/504_24/chronos2/raw_euclidean_10_online/extracted/extraction_manifest.json
2026-07-31 12:07:18,084 INFO [__main__] outputs saved dir=/home/h61084/codes/adapts/outputs/adaptation/Solar/504_24/chronos2/raw_euclidean_10_online/extracted
2026-07-31 12:07:18,084 INFO [__main__] experiment done seconds=252.30
2026-07-31 12:07:18,084 INFO [__main__] ========================================================================
2026-07-31T12:07:19+02:00 extraction done configuration=67/84 dataset=Solar model=chronos2 lags=504 horizon=24 retrieval=raw_euclidean_10_online

2026-07-31T12:07:19+02:00 extraction start configuration=68/84 dataset=Solar model=chronos2 lags=504 horizon=24 retrieval=instance_euclidean_1_online datastore_stride=24 adapt_stride=24 eval_stride=128 max_store_windows=30000 compute_transformed_prediction=false seed=1
2026-07-31 12:07:21,382 INFO [__main__] ========================================================================
2026-07-31 12:07:21,382 INFO [__main__] experiment start kind=extraction dataset=Solar model=chronos2 lags=504 horizon=24 neighbors=1 distance=instance/euclidean
2026-07-31 12:07:21,717 INFO [__main__] existing extraction not reusable dir=/home/h61084/codes/adapts/outputs/adaptation/Solar/504_24/chronos2/instance_euclidean_1_online/extracted reason=missing completion marker: /home/h61084/codes/adapts/outputs/adaptation/Solar/504_24/chronos2/instance_euclidean_1_online/extracted/extraction_manifest.json
2026-07-31 12:07:21,717 INFO [__main__] dataset load start
2026-07-31 12:07:21,718 INFO [src.data.load_dataset] loaded dataset config path=/home/h61084/codes/datasets/solar/config.json keys=['aggr', 'date_col', 'drop_users']
2026-07-31 12:07:22,122 INFO [__main__] dataset load done dates=8760 users=137
2026-07-31 12:07:22,122 INFO [__main__] model load start
2026-07-31 12:07:33,432 INFO [__main__] model load done name=chronos2 device=cuda parameters_total=119,477,664 parameters_trainable=0
2026-07-31 12:07:33,433 INFO [__main__] extraction start split=adapt queries=182
2026-07-31 12:08:49,540 INFO [__main__] extraction done split=adapt
2026-07-31 12:08:49,540 INFO [__main__] extraction start split=eval queries=14
2026-07-31 12:08:55,752 INFO [__main__] extraction done split=eval
2026-07-31 12:08:56,641 INFO [__main__] completion marker saved path=/home/h61084/codes/adapts/outputs/adaptation/Solar/504_24/chronos2/instance_euclidean_1_online/extracted/extraction_manifest.json
2026-07-31 12:08:56,641 INFO [__main__] outputs saved dir=/home/h61084/codes/adapts/outputs/adaptation/Solar/504_24/chronos2/instance_euclidean_1_online/extracted
2026-07-31 12:08:56,641 INFO [__main__] experiment done seconds=95.25
2026-07-31 12:08:56,641 INFO [__main__] ========================================================================
2026-07-31T12:08:57+02:00 extraction done configuration=68/84 dataset=Solar model=chronos2 lags=504 horizon=24 retrieval=instance_euclidean_1_online

2026-07-31T12:08:57+02:00 extraction start configuration=69/84 dataset=Solar model=chronos2 lags=504 horizon=24 retrieval=instance_euclidean_3_online datastore_stride=24 adapt_stride=24 eval_stride=128 max_store_windows=30000 compute_transformed_prediction=false seed=1
2026-07-31 12:09:00,590 INFO [__main__] ========================================================================
2026-07-31 12:09:00,590 INFO [__main__] experiment start kind=extraction dataset=Solar model=chronos2 lags=504 horizon=24 neighbors=3 distance=instance/euclidean
2026-07-31 12:09:00,914 INFO [__main__] existing extraction not reusable dir=/home/h61084/codes/adapts/outputs/adaptation/Solar/504_24/chronos2/instance_euclidean_3_online/extracted reason=missing completion marker: /home/h61084/codes/adapts/outputs/adaptation/Solar/504_24/chronos2/instance_euclidean_3_online/extracted/extraction_manifest.json
2026-07-31 12:09:00,914 INFO [__main__] dataset load start
2026-07-31 12:09:00,915 INFO [src.data.load_dataset] loaded dataset config path=/home/h61084/codes/datasets/solar/config.json keys=['aggr', 'date_col', 'drop_users']
2026-07-31 12:09:01,290 INFO [__main__] dataset load done dates=8760 users=137
2026-07-31 12:09:01,290 INFO [__main__] model load start
2026-07-31 12:09:12,852 INFO [__main__] model load done name=chronos2 device=cuda parameters_total=119,477,664 parameters_trainable=0
2026-07-31 12:09:12,853 INFO [__main__] extraction start split=adapt queries=182
2026-07-31 12:11:06,550 INFO [__main__] extraction done split=adapt
2026-07-31 12:11:06,550 INFO [__main__] extraction start split=eval queries=14
2026-07-31 12:11:14,836 INFO [__main__] extraction done split=eval
2026-07-31 12:11:15,462 INFO [__main__] completion marker saved path=/home/h61084/codes/adapts/outputs/adaptation/Solar/504_24/chronos2/instance_euclidean_3_online/extracted/extraction_manifest.json
2026-07-31 12:11:15,462 INFO [__main__] outputs saved dir=/home/h61084/codes/adapts/outputs/adaptation/Solar/504_24/chronos2/instance_euclidean_3_online/extracted
2026-07-31 12:11:15,462 INFO [__main__] experiment done seconds=134.87
2026-07-31 12:11:15,462 INFO [__main__] ========================================================================
2026-07-31T12:11:16+02:00 extraction done configuration=69/84 dataset=Solar model=chronos2 lags=504 horizon=24 retrieval=instance_euclidean_3_online

2026-07-31T12:11:16+02:00 extraction start configuration=70/84 dataset=Solar model=chronos2 lags=504 horizon=24 retrieval=instance_euclidean_10_online datastore_stride=24 adapt_stride=24 eval_stride=128 max_store_windows=30000 compute_transformed_prediction=false seed=1
2026-07-31 12:11:18,800 INFO [__main__] ========================================================================
2026-07-31 12:11:18,800 INFO [__main__] experiment start kind=extraction dataset=Solar model=chronos2 lags=504 horizon=24 neighbors=10 distance=instance/euclidean
2026-07-31 12:11:19,142 INFO [__main__] existing extraction not reusable dir=/home/h61084/codes/adapts/outputs/adaptation/Solar/504_24/chronos2/instance_euclidean_10_online/extracted reason=missing completion marker: /home/h61084/codes/adapts/outputs/adaptation/Solar/504_24/chronos2/instance_euclidean_10_online/extracted/extraction_manifest.json
2026-07-31 12:11:19,142 INFO [__main__] dataset load start
2026-07-31 12:11:19,143 INFO [src.data.load_dataset] loaded dataset config path=/home/h61084/codes/datasets/solar/config.json keys=['aggr', 'date_col', 'drop_users']
2026-07-31 12:11:19,546 INFO [__main__] dataset load done dates=8760 users=137
2026-07-31 12:11:19,547 INFO [__main__] model load start
2026-07-31 12:11:31,053 INFO [__main__] model load done name=chronos2 device=cuda parameters_total=119,477,664 parameters_trainable=0
2026-07-31 12:11:31,054 INFO [__main__] extraction start split=adapt queries=182
2026-07-31 12:15:17,677 INFO [__main__] extraction done split=adapt
2026-07-31 12:15:17,677 INFO [__main__] extraction start split=eval queries=14
2026-07-31 12:15:35,487 INFO [__main__] extraction done split=eval
2026-07-31 12:15:36,222 INFO [__main__] completion marker saved path=/home/h61084/codes/adapts/outputs/adaptation/Solar/504_24/chronos2/instance_euclidean_10_online/extracted/extraction_manifest.json
2026-07-31 12:15:36,223 INFO [__main__] outputs saved dir=/home/h61084/codes/adapts/outputs/adaptation/Solar/504_24/chronos2/instance_euclidean_10_online/extracted
2026-07-31 12:15:36,223 INFO [__main__] experiment done seconds=257.42
2026-07-31 12:15:36,223 INFO [__main__] ========================================================================
2026-07-31T12:15:37+02:00 extraction done configuration=70/84 dataset=Solar model=chronos2 lags=504 horizon=24 retrieval=instance_euclidean_10_online

2026-07-31T12:15:37+02:00 extraction start configuration=71/84 dataset=Solar model=chronos2 lags=504 horizon=168 retrieval=vanilla datastore_stride=24 adapt_stride=24 eval_stride=128 max_store_windows=30000 compute_transformed_prediction=false seed=1
2026-07-31 12:15:40,281 INFO [__main__] ========================================================================
2026-07-31 12:15:40,281 INFO [__main__] experiment start kind=extraction dataset=Solar model=chronos2 lags=504 horizon=168 neighbors=0 distance=raw/euclidean
2026-07-31 12:15:40,618 INFO [__main__] extraction skipped dir=/home/h61084/codes/adapts/outputs/adaptation/Solar/504_168/chronos2/vanilla reason=complete
2026-07-31 12:15:40,618 INFO [__main__] ========================================================================
2026-07-31T12:15:40+02:00 extraction done configuration=71/84 dataset=Solar model=chronos2 lags=504 horizon=168 retrieval=vanilla

2026-07-31T12:15:41+02:00 extraction start configuration=72/84 dataset=Solar model=chronos2 lags=504 horizon=168 retrieval=raw_euclidean_1_online datastore_stride=24 adapt_stride=24 eval_stride=128 max_store_windows=30000 compute_transformed_prediction=false seed=1
2026-07-31 12:15:43,295 INFO [__main__] ========================================================================
2026-07-31 12:15:43,295 INFO [__main__] experiment start kind=extraction dataset=Solar model=chronos2 lags=504 horizon=168 neighbors=1 distance=raw/euclidean
2026-07-31 12:15:43,745 INFO [__main__] extraction skipped dir=/home/h61084/codes/adapts/outputs/adaptation/Solar/504_168/chronos2/raw_euclidean_1_online/extracted reason=complete
2026-07-31 12:15:43,745 INFO [__main__] ========================================================================
2026-07-31T12:15:44+02:00 extraction done configuration=72/84 dataset=Solar model=chronos2 lags=504 horizon=168 retrieval=raw_euclidean_1_online

2026-07-31T12:15:44+02:00 extraction start configuration=73/84 dataset=Solar model=chronos2 lags=504 horizon=168 retrieval=raw_euclidean_3_online datastore_stride=24 adapt_stride=24 eval_stride=128 max_store_windows=30000 compute_transformed_prediction=false seed=1
2026-07-31 12:15:46,340 INFO [__main__] ========================================================================
2026-07-31 12:15:46,340 INFO [__main__] experiment start kind=extraction dataset=Solar model=chronos2 lags=504 horizon=168 neighbors=3 distance=raw/euclidean
2026-07-31 12:15:46,658 INFO [__main__] existing extraction not reusable dir=/home/h61084/codes/adapts/outputs/adaptation/Solar/504_168/chronos2/raw_euclidean_3_online/extracted reason=missing completion marker: /home/h61084/codes/adapts/outputs/adaptation/Solar/504_168/chronos2/raw_euclidean_3_online/extracted/extraction_manifest.json
2026-07-31 12:15:46,658 INFO [__main__] dataset load start
2026-07-31 12:15:46,658 INFO [src.data.load_dataset] loaded dataset config path=/home/h61084/codes/datasets/solar/config.json keys=['aggr', 'date_col', 'drop_users']
2026-07-31 12:15:47,028 INFO [__main__] dataset load done dates=8760 users=137
2026-07-31 12:15:47,028 INFO [__main__] model load start
2026-07-31 12:15:58,591 INFO [__main__] model load done name=chronos2 device=cuda parameters_total=119,477,664 parameters_trainable=0
2026-07-31 12:15:58,592 INFO [__main__] extraction start split=adapt queries=176
2026-07-31 12:17:48,776 INFO [__main__] extraction done split=adapt
2026-07-31 12:17:48,776 INFO [__main__] extraction start split=eval queries=13
2026-07-31 12:17:56,304 INFO [__main__] extraction done split=eval
2026-07-31 12:17:56,985 INFO [__main__] completion marker saved path=/home/h61084/codes/adapts/outputs/adaptation/Solar/504_168/chronos2/raw_euclidean_3_online/extracted/extraction_manifest.json
2026-07-31 12:17:56,985 INFO [__main__] outputs saved dir=/home/h61084/codes/adapts/outputs/adaptation/Solar/504_168/chronos2/raw_euclidean_3_online/extracted
2026-07-31 12:17:56,985 INFO [__main__] experiment done seconds=130.64
2026-07-31 12:17:56,986 INFO [__main__] ========================================================================
2026-07-31T12:17:57+02:00 extraction done configuration=73/84 dataset=Solar model=chronos2 lags=504 horizon=168 retrieval=raw_euclidean_3_online

2026-07-31T12:17:57+02:00 extraction start configuration=74/84 dataset=Solar model=chronos2 lags=504 horizon=168 retrieval=raw_euclidean_10_online datastore_stride=24 adapt_stride=24 eval_stride=128 max_store_windows=30000 compute_transformed_prediction=false seed=1
2026-07-31 12:18:00,665 INFO [__main__] ========================================================================
2026-07-31 12:18:00,665 INFO [__main__] experiment start kind=extraction dataset=Solar model=chronos2 lags=504 horizon=168 neighbors=10 distance=raw/euclidean
2026-07-31 12:18:01,002 INFO [__main__] extraction skipped dir=/home/h61084/codes/adapts/outputs/adaptation/Solar/504_168/chronos2/raw_euclidean_10_online/extracted reason=complete
2026-07-31 12:18:01,002 INFO [__main__] ========================================================================
2026-07-31T12:18:01+02:00 extraction done configuration=74/84 dataset=Solar model=chronos2 lags=504 horizon=168 retrieval=raw_euclidean_10_online

2026-07-31T12:18:01+02:00 extraction start configuration=75/84 dataset=Solar model=chronos2 lags=504 horizon=168 retrieval=instance_euclidean_1_online datastore_stride=24 adapt_stride=24 eval_stride=128 max_store_windows=30000 compute_transformed_prediction=false seed=1
2026-07-31 12:18:03,704 INFO [__main__] ========================================================================
2026-07-31 12:18:03,704 INFO [__main__] experiment start kind=extraction dataset=Solar model=chronos2 lags=504 horizon=168 neighbors=1 distance=instance/euclidean
2026-07-31 12:18:04,056 INFO [__main__] extraction skipped dir=/home/h61084/codes/adapts/outputs/adaptation/Solar/504_168/chronos2/instance_euclidean_1_online/extracted reason=complete
2026-07-31 12:18:04,056 INFO [__main__] ========================================================================
2026-07-31T12:18:04+02:00 extraction done configuration=75/84 dataset=Solar model=chronos2 lags=504 horizon=168 retrieval=instance_euclidean_1_online

2026-07-31T12:18:04+02:00 extraction start configuration=76/84 dataset=Solar model=chronos2 lags=504 horizon=168 retrieval=instance_euclidean_3_online datastore_stride=24 adapt_stride=24 eval_stride=128 max_store_windows=30000 compute_transformed_prediction=false seed=1
2026-07-31 12:18:06,693 INFO [__main__] ========================================================================
2026-07-31 12:18:06,693 INFO [__main__] experiment start kind=extraction dataset=Solar model=chronos2 lags=504 horizon=168 neighbors=3 distance=instance/euclidean
2026-07-31 12:18:07,007 INFO [__main__] existing extraction not reusable dir=/home/h61084/codes/adapts/outputs/adaptation/Solar/504_168/chronos2/instance_euclidean_3_online/extracted reason=missing completion marker: /home/h61084/codes/adapts/outputs/adaptation/Solar/504_168/chronos2/instance_euclidean_3_online/extracted/extraction_manifest.json
2026-07-31 12:18:07,007 INFO [__main__] dataset load start
2026-07-31 12:18:07,008 INFO [src.data.load_dataset] loaded dataset config path=/home/h61084/codes/datasets/solar/config.json keys=['aggr', 'date_col', 'drop_users']
2026-07-31 12:18:07,384 INFO [__main__] dataset load done dates=8760 users=137
2026-07-31 12:18:07,384 INFO [__main__] model load start
2026-07-31 12:18:19,050 INFO [__main__] model load done name=chronos2 device=cuda parameters_total=119,477,664 parameters_trainable=0
2026-07-31 12:18:19,051 INFO [__main__] extraction start split=adapt queries=176
2026-07-31 12:20:15,479 INFO [__main__] extraction done split=adapt
2026-07-31 12:20:15,479 INFO [__main__] extraction start split=eval queries=13
2026-07-31 12:20:24,713 INFO [__main__] extraction done split=eval
2026-07-31 12:20:25,393 INFO [__main__] completion marker saved path=/home/h61084/codes/adapts/outputs/adaptation/Solar/504_168/chronos2/instance_euclidean_3_online/extracted/extraction_manifest.json
2026-07-31 12:20:25,393 INFO [__main__] outputs saved dir=/home/h61084/codes/adapts/outputs/adaptation/Solar/504_168/chronos2/instance_euclidean_3_online/extracted
2026-07-31 12:20:25,393 INFO [__main__] experiment done seconds=138.69
2026-07-31 12:20:25,393 INFO [__main__] ========================================================================
2026-07-31T12:20:26+02:00 extraction done configuration=76/84 dataset=Solar model=chronos2 lags=504 horizon=168 retrieval=instance_euclidean_3_online

2026-07-31T12:20:26+02:00 extraction start configuration=77/84 dataset=Solar model=chronos2 lags=504 horizon=168 retrieval=instance_euclidean_10_online datastore_stride=24 adapt_stride=24 eval_stride=128 max_store_windows=30000 compute_transformed_prediction=false seed=1
2026-07-31 12:20:29,061 INFO [__main__] ========================================================================
2026-07-31 12:20:29,061 INFO [__main__] experiment start kind=extraction dataset=Solar model=chronos2 lags=504 horizon=168 neighbors=10 distance=instance/euclidean
2026-07-31 12:20:29,395 INFO [__main__] extraction skipped dir=/home/h61084/codes/adapts/outputs/adaptation/Solar/504_168/chronos2/instance_euclidean_10_online/extracted reason=complete
2026-07-31 12:20:29,395 INFO [__main__] ========================================================================
2026-07-31T12:20:29+02:00 extraction done configuration=77/84 dataset=Solar model=chronos2 lags=504 horizon=168 retrieval=instance_euclidean_10_online

2026-07-31T12:20:29+02:00 extraction start configuration=78/84 dataset=Solar model=chronos2 lags=504 horizon=504 retrieval=vanilla datastore_stride=24 adapt_stride=24 eval_stride=128 max_store_windows=30000 compute_transformed_prediction=false seed=1
2026-07-31 12:20:32,092 INFO [__main__] ========================================================================
2026-07-31 12:20:32,092 INFO [__main__] experiment start kind=extraction dataset=Solar model=chronos2 lags=504 horizon=504 neighbors=0 distance=raw/euclidean
2026-07-31 12:20:32,450 INFO [__main__] existing extraction not reusable dir=/home/h61084/codes/adapts/outputs/adaptation/Solar/504_504/chronos2/vanilla reason=missing completion marker: /home/h61084/codes/adapts/outputs/adaptation/Solar/504_504/chronos2/vanilla/extraction_manifest.json
2026-07-31 12:20:32,450 INFO [__main__] dataset load start
2026-07-31 12:20:32,451 INFO [src.data.load_dataset] loaded dataset config path=/home/h61084/codes/datasets/solar/config.json keys=['aggr', 'date_col', 'drop_users']
2026-07-31 12:20:32,854 INFO [__main__] dataset load done dates=8760 users=137
2026-07-31 12:20:32,854 INFO [__main__] model load start
2026-07-31 12:20:44,558 INFO [__main__] model load done name=chronos2 device=cuda parameters_total=119,477,664 parameters_trainable=0
2026-07-31 12:20:44,559 INFO [__main__] extraction start split=adapt queries=162
2026-07-31 12:21:00,016 INFO [__main__] extraction done split=adapt
2026-07-31 12:21:00,016 INFO [__main__] extraction start split=eval queries=10
2026-07-31 12:21:00,930 INFO [__main__] extraction done split=eval
2026-07-31 12:21:00,968 INFO [__main__] vanilla metrics saved path=/home/h61084/codes/adapts/outputs/adaptation/Solar/504_504/chronos2/vanilla/vanilla_metrics.json
2026-07-31 12:21:00,973 INFO [__main__] completion marker saved path=/home/h61084/codes/adapts/outputs/adaptation/Solar/504_504/chronos2/vanilla/extraction_manifest.json
2026-07-31 12:21:00,974 INFO [__main__] outputs saved dir=/home/h61084/codes/adapts/outputs/adaptation/Solar/504_504/chronos2/vanilla
2026-07-31 12:21:00,974 INFO [__main__] experiment done seconds=28.88
2026-07-31 12:21:00,974 INFO [__main__] ========================================================================
2026-07-31T12:21:01+02:00 extraction done configuration=78/84 dataset=Solar model=chronos2 lags=504 horizon=504 retrieval=vanilla

2026-07-31T12:21:01+02:00 extraction start configuration=79/84 dataset=Solar model=chronos2 lags=504 horizon=504 retrieval=raw_euclidean_1_online datastore_stride=24 adapt_stride=24 eval_stride=128 max_store_windows=30000 compute_transformed_prediction=false seed=1
2026-07-31 12:21:03,993 INFO [__main__] ========================================================================
2026-07-31 12:21:03,994 INFO [__main__] experiment start kind=extraction dataset=Solar model=chronos2 lags=504 horizon=504 neighbors=1 distance=raw/euclidean
2026-07-31 12:21:04,338 INFO [__main__] existing extraction not reusable dir=/home/h61084/codes/adapts/outputs/adaptation/Solar/504_504/chronos2/raw_euclidean_1_online/extracted reason=missing completion marker: /home/h61084/codes/adapts/outputs/adaptation/Solar/504_504/chronos2/raw_euclidean_1_online/extracted/extraction_manifest.json
2026-07-31 12:21:04,338 INFO [__main__] dataset load start
2026-07-31 12:21:04,339 INFO [src.data.load_dataset] loaded dataset config path=/home/h61084/codes/datasets/solar/config.json keys=['aggr', 'date_col', 'drop_users']
2026-07-31 12:21:04,743 INFO [__main__] dataset load done dates=8760 users=137
2026-07-31 12:21:04,743 INFO [__main__] model load start
2026-07-31 12:21:12,805 INFO [__main__] model load done name=chronos2 device=cuda parameters_total=119,477,664 parameters_trainable=0
2026-07-31 12:21:12,806 INFO [__main__] extraction start split=adapt queries=162
2026-07-31 12:22:39,788 INFO [__main__] extraction done split=adapt
2026-07-31 12:22:39,788 INFO [__main__] extraction start split=eval queries=10
2026-07-31 12:22:45,996 INFO [__main__] extraction done split=eval
2026-07-31 12:22:46,648 INFO [__main__] completion marker saved path=/home/h61084/codes/adapts/outputs/adaptation/Solar/504_504/chronos2/raw_euclidean_1_online/extracted/extraction_manifest.json
2026-07-31 12:22:46,649 INFO [__main__] outputs saved dir=/home/h61084/codes/adapts/outputs/adaptation/Solar/504_504/chronos2/raw_euclidean_1_online/extracted
2026-07-31 12:22:46,649 INFO [__main__] experiment done seconds=102.65
2026-07-31 12:22:46,649 INFO [__main__] ========================================================================
2026-07-31T12:22:47+02:00 extraction done configuration=79/84 dataset=Solar model=chronos2 lags=504 horizon=504 retrieval=raw_euclidean_1_online

2026-07-31T12:22:47+02:00 extraction start configuration=80/84 dataset=Solar model=chronos2 lags=504 horizon=504 retrieval=raw_euclidean_3_online datastore_stride=24 adapt_stride=24 eval_stride=128 max_store_windows=30000 compute_transformed_prediction=false seed=1
2026-07-31 12:22:50,267 INFO [__main__] ========================================================================
2026-07-31 12:22:50,267 INFO [__main__] experiment start kind=extraction dataset=Solar model=chronos2 lags=504 horizon=504 neighbors=3 distance=raw/euclidean
2026-07-31 12:22:50,646 INFO [__main__] existing extraction not reusable dir=/home/h61084/codes/adapts/outputs/adaptation/Solar/504_504/chronos2/raw_euclidean_3_online/extracted reason=missing completion marker: /home/h61084/codes/adapts/outputs/adaptation/Solar/504_504/chronos2/raw_euclidean_3_online/extracted/extraction_manifest.json
2026-07-31 12:22:50,646 INFO [__main__] dataset load start
2026-07-31 12:22:50,647 INFO [src.data.load_dataset] loaded dataset config path=/home/h61084/codes/datasets/solar/config.json keys=['aggr', 'date_col', 'drop_users']
2026-07-31 12:22:51,054 INFO [__main__] dataset load done dates=8760 users=137
2026-07-31 12:22:51,054 INFO [__main__] model load start
2026-07-31 12:23:02,786 INFO [__main__] model load done name=chronos2 device=cuda parameters_total=119,477,664 parameters_trainable=0
2026-07-31 12:23:02,787 INFO [__main__] extraction start split=adapt queries=162
2026-07-31 12:25:16,854 INFO [__main__] extraction done split=adapt
2026-07-31 12:25:16,854 INFO [__main__] extraction start split=eval queries=10
2026-07-31 12:25:25,527 INFO [__main__] extraction done split=eval
2026-07-31 12:25:26,263 INFO [__main__] completion marker saved path=/home/h61084/codes/adapts/outputs/adaptation/Solar/504_504/chronos2/raw_euclidean_3_online/extracted/extraction_manifest.json
2026-07-31 12:25:26,263 INFO [__main__] outputs saved dir=/home/h61084/codes/adapts/outputs/adaptation/Solar/504_504/chronos2/raw_euclidean_3_online/extracted
2026-07-31 12:25:26,263 INFO [__main__] experiment done seconds=155.99
2026-07-31 12:25:26,264 INFO [__main__] ========================================================================
2026-07-31T12:25:27+02:00 extraction done configuration=80/84 dataset=Solar model=chronos2 lags=504 horizon=504 retrieval=raw_euclidean_3_online

2026-07-31T12:25:27+02:00 extraction start configuration=81/84 dataset=Solar model=chronos2 lags=504 horizon=504 retrieval=raw_euclidean_10_online datastore_stride=24 adapt_stride=24 eval_stride=128 max_store_windows=30000 compute_transformed_prediction=false seed=1
2026-07-31 12:25:29,409 INFO [__main__] ========================================================================
2026-07-31 12:25:29,409 INFO [__main__] experiment start kind=extraction dataset=Solar model=chronos2 lags=504 horizon=504 neighbors=10 distance=raw/euclidean
2026-07-31 12:25:29,772 INFO [__main__] existing extraction not reusable dir=/home/h61084/codes/adapts/outputs/adaptation/Solar/504_504/chronos2/raw_euclidean_10_online/extracted reason=missing completion marker: /home/h61084/codes/adapts/outputs/adaptation/Solar/504_504/chronos2/raw_euclidean_10_online/extracted/extraction_manifest.json
2026-07-31 12:25:29,772 INFO [__main__] dataset load start
2026-07-31 12:25:29,773 INFO [src.data.load_dataset] loaded dataset config path=/home/h61084/codes/datasets/solar/config.json keys=['aggr', 'date_col', 'drop_users']
2026-07-31 12:25:30,173 INFO [__main__] dataset load done dates=8760 users=137
2026-07-31 12:25:30,173 INFO [__main__] model load start
2026-07-31 12:25:41,925 INFO [__main__] model load done name=chronos2 device=cuda parameters_total=119,477,664 parameters_trainable=0
2026-07-31 12:25:41,927 INFO [__main__] extraction start split=adapt queries=162
2026-07-31 12:31:18,261 INFO [__main__] extraction done split=adapt
2026-07-31 12:31:18,261 INFO [__main__] extraction start split=eval queries=10
2026-07-31 12:31:38,604 INFO [__main__] extraction done split=eval
2026-07-31 12:31:39,380 INFO [__main__] completion marker saved path=/home/h61084/codes/adapts/outputs/adaptation/Solar/504_504/chronos2/raw_euclidean_10_online/extracted/extraction_manifest.json
2026-07-31 12:31:39,380 INFO [__main__] outputs saved dir=/home/h61084/codes/adapts/outputs/adaptation/Solar/504_504/chronos2/raw_euclidean_10_online/extracted
2026-07-31 12:31:39,380 INFO [__main__] experiment done seconds=369.97
2026-07-31 12:31:39,380 INFO [__main__] ========================================================================
2026-07-31T12:31:40+02:00 extraction done configuration=81/84 dataset=Solar model=chronos2 lags=504 horizon=504 retrieval=raw_euclidean_10_online

2026-07-31T12:31:40+02:00 extraction start configuration=82/84 dataset=Solar model=chronos2 lags=504 horizon=504 retrieval=instance_euclidean_1_online datastore_stride=24 adapt_stride=24 eval_stride=128 max_store_windows=30000 compute_transformed_prediction=false seed=1
2026-07-31 12:31:43,114 INFO [__main__] ========================================================================
2026-07-31 12:31:43,114 INFO [__main__] experiment start kind=extraction dataset=Solar model=chronos2 lags=504 horizon=504 neighbors=1 distance=instance/euclidean
2026-07-31 12:31:43,433 INFO [__main__] existing extraction not reusable dir=/home/h61084/codes/adapts/outputs/adaptation/Solar/504_504/chronos2/instance_euclidean_1_online/extracted reason=missing completion marker: /home/h61084/codes/adapts/outputs/adaptation/Solar/504_504/chronos2/instance_euclidean_1_online/extracted/extraction_manifest.json
2026-07-31 12:31:43,433 INFO [__main__] dataset load start
2026-07-31 12:31:43,434 INFO [src.data.load_dataset] loaded dataset config path=/home/h61084/codes/datasets/solar/config.json keys=['aggr', 'date_col', 'drop_users']
2026-07-31 12:31:43,841 INFO [__main__] dataset load done dates=8760 users=137
2026-07-31 12:31:43,841 INFO [__main__] model load start
2026-07-31 12:31:55,474 INFO [__main__] model load done name=chronos2 device=cuda parameters_total=119,477,664 parameters_trainable=0
2026-07-31 12:31:55,476 INFO [__main__] extraction start split=adapt queries=162
2026-07-31 12:33:27,081 INFO [__main__] extraction done split=adapt
2026-07-31 12:33:27,082 INFO [__main__] extraction start split=eval queries=10
2026-07-31 12:33:32,021 INFO [__main__] extraction done split=eval
2026-07-31 12:33:32,629 INFO [__main__] completion marker saved path=/home/h61084/codes/adapts/outputs/adaptation/Solar/504_504/chronos2/instance_euclidean_1_online/extracted/extraction_manifest.json
2026-07-31 12:33:32,629 INFO [__main__] outputs saved dir=/home/h61084/codes/adapts/outputs/adaptation/Solar/504_504/chronos2/instance_euclidean_1_online/extracted
2026-07-31 12:33:32,629 INFO [__main__] experiment done seconds=109.51
2026-07-31 12:33:32,629 INFO [__main__] ========================================================================
2026-07-31T12:33:33+02:00 extraction done configuration=82/84 dataset=Solar model=chronos2 lags=504 horizon=504 retrieval=instance_euclidean_1_online

2026-07-31T12:33:33+02:00 extraction start configuration=83/84 dataset=Solar model=chronos2 lags=504 horizon=504 retrieval=instance_euclidean_3_online datastore_stride=24 adapt_stride=24 eval_stride=128 max_store_windows=30000 compute_transformed_prediction=false seed=1
2026-07-31 12:33:36,322 INFO [__main__] ========================================================================
2026-07-31 12:33:36,323 INFO [__main__] experiment start kind=extraction dataset=Solar model=chronos2 lags=504 horizon=504 neighbors=3 distance=instance/euclidean
2026-07-31 12:33:36,674 INFO [__main__] existing extraction not reusable dir=/home/h61084/codes/adapts/outputs/adaptation/Solar/504_504/chronos2/instance_euclidean_3_online/extracted reason=missing completion marker: /home/h61084/codes/adapts/outputs/adaptation/Solar/504_504/chronos2/instance_euclidean_3_online/extracted/extraction_manifest.json
2026-07-31 12:33:36,674 INFO [__main__] dataset load start
2026-07-31 12:33:36,675 INFO [src.data.load_dataset] loaded dataset config path=/home/h61084/codes/datasets/solar/config.json keys=['aggr', 'date_col', 'drop_users']
2026-07-31 12:33:37,083 INFO [__main__] dataset load done dates=8760 users=137
2026-07-31 12:33:37,084 INFO [__main__] model load start
2026-07-31 12:33:48,825 INFO [__main__] model load done name=chronos2 device=cuda parameters_total=119,477,664 parameters_trainable=0
2026-07-31 12:33:48,826 INFO [__main__] extraction start split=adapt queries=162
2026-07-31 12:36:09,909 INFO [__main__] extraction done split=adapt
2026-07-31 12:36:09,909 INFO [__main__] extraction start split=eval queries=10
2026-07-31 12:36:18,696 INFO [__main__] extraction done split=eval
2026-07-31 12:36:19,526 INFO [__main__] completion marker saved path=/home/h61084/codes/adapts/outputs/adaptation/Solar/504_504/chronos2/instance_euclidean_3_online/extracted/extraction_manifest.json
2026-07-31 12:36:19,527 INFO [__main__] outputs saved dir=/home/h61084/codes/adapts/outputs/adaptation/Solar/504_504/chronos2/instance_euclidean_3_online/extracted
2026-07-31 12:36:19,527 INFO [__main__] experiment done seconds=163.20
2026-07-31 12:36:19,527 INFO [__main__] ========================================================================
2026-07-31T12:36:20+02:00 extraction done configuration=83/84 dataset=Solar model=chronos2 lags=504 horizon=504 retrieval=instance_euclidean_3_online

2026-07-31T12:36:20+02:00 extraction start configuration=84/84 dataset=Solar model=chronos2 lags=504 horizon=504 retrieval=instance_euclidean_10_online datastore_stride=24 adapt_stride=24 eval_stride=128 max_store_windows=30000 compute_transformed_prediction=false seed=1
2026-07-31 12:36:23,299 INFO [__main__] ========================================================================
2026-07-31 12:36:23,299 INFO [__main__] experiment start kind=extraction dataset=Solar model=chronos2 lags=504 horizon=504 neighbors=10 distance=instance/euclidean
2026-07-31 12:36:23,617 INFO [__main__] existing extraction not reusable dir=/home/h61084/codes/adapts/outputs/adaptation/Solar/504_504/chronos2/instance_euclidean_10_online/extracted reason=missing completion marker: /home/h61084/codes/adapts/outputs/adaptation/Solar/504_504/chronos2/instance_euclidean_10_online/extracted/extraction_manifest.json
2026-07-31 12:36:23,617 INFO [__main__] dataset load start
2026-07-31 12:36:23,618 INFO [src.data.load_dataset] loaded dataset config path=/home/h61084/codes/datasets/solar/config.json keys=['aggr', 'date_col', 'drop_users']
2026-07-31 12:36:24,022 INFO [__main__] dataset load done dates=8760 users=137
2026-07-31 12:36:24,022 INFO [__main__] model load start
2026-07-31 12:36:35,752 INFO [__main__] model load done name=chronos2 device=cuda parameters_total=119,477,664 parameters_trainable=0
2026-07-31 12:36:35,753 INFO [__main__] extraction start split=adapt queries=162
2026-07-31 12:42:11,438 INFO [__main__] extraction done split=adapt
2026-07-31 12:42:11,438 INFO [__main__] extraction start split=eval queries=10
2026-07-31 12:42:31,742 INFO [__main__] extraction done split=eval
2026-07-31 12:42:32,565 INFO [__main__] completion marker saved path=/home/h61084/codes/adapts/outputs/adaptation/Solar/504_504/chronos2/instance_euclidean_10_online/extracted/extraction_manifest.json
2026-07-31 12:42:32,566 INFO [__main__] outputs saved dir=/home/h61084/codes/adapts/outputs/adaptation/Solar/504_504/chronos2/instance_euclidean_10_online/extracted
2026-07-31 12:42:32,566 INFO [__main__] experiment done seconds=369.26
2026-07-31 12:42:32,566 INFO [__main__] ========================================================================
2026-07-31T12:42:33+02:00 extraction done configuration=84/84 dataset=Solar model=chronos2 lags=504 horizon=504 retrieval=instance_euclidean_10_online

2026-07-31T12:42:33+02:00 job done kind=adaptation_extraction output=outputs/adaptation
