
2026-08-16T23:07:50+02:00 job start kind=adaptation_extraction family=h_ablation experiment_mode=full skip_complete=true tasks=24 datasets=Electricity,Traffic,Solar,exchange_rate models=chronos2 settings=504:24,504:168,504:504 distance_spaces=raw distance_metrics=euclidean neighbors=1
2026-08-16T23:07:50+02:00 skip complete family=extraction dataset=Electricity model=chronos2 lags=504 horizon=24 retrieval=vanilla run=/home/h61084/codes/adapts/outputs/extraction/Electricity/504_24/chronos2/none/none/0/none/run_0
2026-08-16T23:07:50+02:00 skip complete family=extraction dataset=Electricity model=chronos2 lags=504 horizon=24 retrieval=raw_euclidean_1_online run=/home/h61084/codes/adapts/outputs/extraction/Electricity/504_24/chronos2/raw/euclidean/1/online/run_0
2026-08-16T23:07:50+02:00 skip complete family=extraction dataset=Electricity model=chronos2 lags=504 horizon=168 retrieval=vanilla run=/home/h61084/codes/adapts/outputs/extraction/Electricity/504_168/chronos2/none/none/0/none/run_2
2026-08-16T23:07:50+02:00 skip complete family=extraction dataset=Electricity model=chronos2 lags=504 horizon=168 retrieval=raw_euclidean_1_online run=/home/h61084/codes/adapts/outputs/extraction/Electricity/504_168/chronos2/raw/euclidean/1/online/run_1
2026-08-16T23:07:50+02:00 skip complete family=extraction dataset=Electricity model=chronos2 lags=504 horizon=504 retrieval=vanilla run=/home/h61084/codes/adapts/outputs/extraction/Electricity/504_504/chronos2/none/none/0/none/run_0
2026-08-16T23:07:50+02:00 skip complete family=extraction dataset=Electricity model=chronos2 lags=504 horizon=504 retrieval=raw_euclidean_1_online run=/home/h61084/codes/adapts/outputs/extraction/Electricity/504_504/chronos2/raw/euclidean/1/online/run_0
2026-08-16T23:07:50+02:00 skip complete family=extraction dataset=Traffic model=chronos2 lags=504 horizon=24 retrieval=vanilla run=/home/h61084/codes/adapts/outputs/extraction/Traffic/504_24/chronos2/none/none/0/none/run_0
2026-08-16T23:07:51+02:00 skip complete family=extraction dataset=Traffic model=chronos2 lags=504 horizon=24 retrieval=raw_euclidean_1_online run=/home/h61084/codes/adapts/outputs/extraction/Traffic/504_24/chronos2/raw/euclidean/1/online/run_0
2026-08-16T23:07:51+02:00 skip complete family=extraction dataset=Traffic model=chronos2 lags=504 horizon=168 retrieval=vanilla run=/home/h61084/codes/adapts/outputs/extraction/Traffic/504_168/chronos2/none/none/0/none/run_1
2026-08-16T23:07:51+02:00 skip complete family=extraction dataset=Traffic model=chronos2 lags=504 horizon=168 retrieval=raw_euclidean_1_online run=/home/h61084/codes/adapts/outputs/extraction/Traffic/504_168/chronos2/raw/euclidean/1/online/run_1
2026-08-16T23:07:51+02:00 skip complete family=extraction dataset=Traffic model=chronos2 lags=504 horizon=504 retrieval=vanilla run=/home/h61084/codes/adapts/outputs/extraction/Traffic/504_504/chronos2/none/none/0/none/run_0
2026-08-16T23:07:51+02:00 skip complete family=extraction dataset=Traffic model=chronos2 lags=504 horizon=504 retrieval=raw_euclidean_1_online run=/home/h61084/codes/adapts/outputs/extraction/Traffic/504_504/chronos2/raw/euclidean/1/online/run_0
2026-08-16T23:07:51+02:00 skip complete family=extraction dataset=Solar model=chronos2 lags=504 horizon=24 retrieval=vanilla run=/home/h61084/codes/adapts/outputs/extraction/Solar/504_24/chronos2/none/none/0/none/run_0
2026-08-16T23:07:51+02:00 skip complete family=extraction dataset=Solar model=chronos2 lags=504 horizon=24 retrieval=raw_euclidean_1_online run=/home/h61084/codes/adapts/outputs/extraction/Solar/504_24/chronos2/raw/euclidean/1/online/run_0
2026-08-16T23:07:51+02:00 skip complete family=extraction dataset=Solar model=chronos2 lags=504 horizon=168 retrieval=vanilla run=/home/h61084/codes/adapts/outputs/extraction/Solar/504_168/chronos2/none/none/0/none/run_1
2026-08-16T23:07:51+02:00 skip complete family=extraction dataset=Solar model=chronos2 lags=504 horizon=168 retrieval=raw_euclidean_1_online run=/home/h61084/codes/adapts/outputs/extraction/Solar/504_168/chronos2/raw/euclidean/1/online/run_1
2026-08-16T23:07:51+02:00 skip complete family=extraction dataset=Solar model=chronos2 lags=504 horizon=504 retrieval=vanilla run=/home/h61084/codes/adapts/outputs/extraction/Solar/504_504/chronos2/none/none/0/none/run_0
2026-08-16T23:07:52+02:00 skip complete family=extraction dataset=Solar model=chronos2 lags=504 horizon=504 retrieval=raw_euclidean_1_online run=/home/h61084/codes/adapts/outputs/extraction/Solar/504_504/chronos2/raw/euclidean/1/online/run_0
2026-08-16T23:07:52+02:00 skip complete family=extraction dataset=exchange_rate model=chronos2 lags=504 horizon=24 retrieval=vanilla run=/home/h61084/codes/adapts/outputs/extraction/exchange_rate/504_24/chronos2/none/none/0/none/run_0
2026-08-16T23:07:52+02:00 skip complete family=extraction dataset=exchange_rate model=chronos2 lags=504 horizon=24 retrieval=raw_euclidean_1_online run=/home/h61084/codes/adapts/outputs/extraction/exchange_rate/504_24/chronos2/raw/euclidean/1/online/run_0
2026-08-16T23:07:52+02:00 skip complete family=extraction dataset=exchange_rate model=chronos2 lags=504 horizon=168 retrieval=vanilla run=/home/h61084/codes/adapts/outputs/extraction/exchange_rate/504_168/chronos2/none/none/0/none/run_1
2026-08-16T23:07:52+02:00 skip complete family=extraction dataset=exchange_rate model=chronos2 lags=504 horizon=168 retrieval=raw_euclidean_1_online run=/home/h61084/codes/adapts/outputs/extraction/exchange_rate/504_168/chronos2/raw/euclidean/1/online/run_1
2026-08-16T23:07:52+02:00 skip complete family=extraction dataset=exchange_rate model=chronos2 lags=504 horizon=504 retrieval=vanilla run=/home/h61084/codes/adapts/outputs/extraction/exchange_rate/504_504/chronos2/none/none/0/none/run_0
2026-08-16T23:07:52+02:00 skip complete family=extraction dataset=exchange_rate model=chronos2 lags=504 horizon=504 retrieval=raw_euclidean_1_online run=/home/h61084/codes/adapts/outputs/extraction/exchange_rate/504_504/chronos2/raw/euclidean/1/online/run_0

2026-08-16T23:07:52+02:00 job done kind=adaptation_extraction output=outputs/extraction

2026-08-16T23:07:52+02:00 job start kind=gates family=h_ablation experiment_mode=full skip_complete=true tasks=12 datasets=Electricity,Traffic,Solar,exchange_rate models=chronos2 settings=504:24,504:168,504:504 distance_spaces=raw distance_metrics=euclidean neighbors=1 methods=catboost_cov_regressor_shared,bayes_cov_shared task_type=CPU thread_count=2 horizon_fits=serial allocated_cpus=16 results_root=outputs/adaptation/h_ablation
2026-08-16 23:07:55,734 INFO [__main__] extraction validation directory=/home/h61084/codes/adapts/outputs/extraction/Electricity/504_24/chronos2/raw/euclidean/1/online/run_0 status=complete
2026-08-16T23:07:56+02:00 skip complete family=gates dataset=Electricity model=chronos2 formula=catboost_cov_regressor_shared lags=504 horizon=24 retrieval=raw_euclidean_1_online run=/home/h61084/codes/adapts/outputs/adaptation/h_ablation/Electricity/504_24/chronos2/catboost_cov_regressor_shared/raw/euclidean/1/online/run_0
2026-08-16T23:07:56+02:00 skip complete family=gates dataset=Electricity model=chronos2 formula=bayes_cov_shared lags=504 horizon=24 retrieval=raw_euclidean_1_online run=/home/h61084/codes/adapts/outputs/adaptation/h_ablation/Electricity/504_24/chronos2/bayes_cov_shared/raw/euclidean/1/online/run_0
2026-08-16 23:07:58,646 INFO [__main__] extraction validation directory=/home/h61084/codes/adapts/outputs/extraction/Electricity/504_168/chronos2/raw/euclidean/1/online/run_1 status=complete
2026-08-16T23:07:59+02:00 skip complete family=gates dataset=Electricity model=chronos2 formula=catboost_cov_regressor_shared lags=504 horizon=168 retrieval=raw_euclidean_1_online run=/home/h61084/codes/adapts/outputs/adaptation/h_ablation/Electricity/504_168/chronos2/catboost_cov_regressor_shared/raw/euclidean/1/online/run_0
2026-08-16T23:07:59+02:00 skip complete family=gates dataset=Electricity model=chronos2 formula=bayes_cov_shared lags=504 horizon=168 retrieval=raw_euclidean_1_online run=/home/h61084/codes/adapts/outputs/adaptation/h_ablation/Electricity/504_168/chronos2/bayes_cov_shared/raw/euclidean/1/online/run_0
2026-08-16 23:08:01,448 INFO [__main__] extraction validation directory=/home/h61084/codes/adapts/outputs/extraction/Electricity/504_504/chronos2/raw/euclidean/1/online/run_0 status=complete
2026-08-16T23:08:01+02:00 skip complete family=gates dataset=Electricity model=chronos2 formula=catboost_cov_regressor_shared lags=504 horizon=504 retrieval=raw_euclidean_1_online run=/home/h61084/codes/adapts/outputs/adaptation/h_ablation/Electricity/504_504/chronos2/catboost_cov_regressor_shared/raw/euclidean/1/online/run_0
2026-08-16T23:08:01+02:00 skip complete family=gates dataset=Electricity model=chronos2 formula=bayes_cov_shared lags=504 horizon=504 retrieval=raw_euclidean_1_online run=/home/h61084/codes/adapts/outputs/adaptation/h_ablation/Electricity/504_504/chronos2/bayes_cov_shared/raw/euclidean/1/online/run_0
2026-08-16 23:08:04,174 INFO [__main__] extraction validation directory=/home/h61084/codes/adapts/outputs/extraction/Traffic/504_24/chronos2/raw/euclidean/1/online/run_0 status=complete
2026-08-16T23:08:04+02:00 skip complete family=gates dataset=Traffic model=chronos2 formula=catboost_cov_regressor_shared lags=504 horizon=24 retrieval=raw_euclidean_1_online run=/home/h61084/codes/adapts/outputs/adaptation/h_ablation/Traffic/504_24/chronos2/catboost_cov_regressor_shared/raw/euclidean/1/online/run_0
2026-08-16T23:08:04+02:00 skip complete family=gates dataset=Traffic model=chronos2 formula=bayes_cov_shared lags=504 horizon=24 retrieval=raw_euclidean_1_online run=/home/h61084/codes/adapts/outputs/adaptation/h_ablation/Traffic/504_24/chronos2/bayes_cov_shared/raw/euclidean/1/online/run_0
2026-08-16 23:08:06,989 INFO [__main__] extraction validation directory=/home/h61084/codes/adapts/outputs/extraction/Traffic/504_168/chronos2/raw/euclidean/1/online/run_1 status=complete
2026-08-16T23:08:07+02:00 skip complete family=gates dataset=Traffic model=chronos2 formula=catboost_cov_regressor_shared lags=504 horizon=168 retrieval=raw_euclidean_1_online run=/home/h61084/codes/adapts/outputs/adaptation/h_ablation/Traffic/504_168/chronos2/catboost_cov_regressor_shared/raw/euclidean/1/online/run_0
2026-08-16T23:08:07+02:00 skip complete family=gates dataset=Traffic model=chronos2 formula=bayes_cov_shared lags=504 horizon=168 retrieval=raw_euclidean_1_online run=/home/h61084/codes/adapts/outputs/adaptation/h_ablation/Traffic/504_168/chronos2/bayes_cov_shared/raw/euclidean/1/online/run_0
2026-08-16 23:08:09,771 INFO [__main__] extraction validation directory=/home/h61084/codes/adapts/outputs/extraction/Traffic/504_504/chronos2/raw/euclidean/1/online/run_0 status=complete
2026-08-16T23:08:10+02:00 skip complete family=gates dataset=Traffic model=chronos2 formula=catboost_cov_regressor_shared lags=504 horizon=504 retrieval=raw_euclidean_1_online run=/home/h61084/codes/adapts/outputs/adaptation/h_ablation/Traffic/504_504/chronos2/catboost_cov_regressor_shared/raw/euclidean/1/online/run_0
2026-08-16T23:08:10+02:00 skip complete family=gates dataset=Traffic model=chronos2 formula=bayes_cov_shared lags=504 horizon=504 retrieval=raw_euclidean_1_online run=/home/h61084/codes/adapts/outputs/adaptation/h_ablation/Traffic/504_504/chronos2/bayes_cov_shared/raw/euclidean/1/online/run_0
2026-08-16 23:08:12,582 INFO [__main__] extraction validation directory=/home/h61084/codes/adapts/outputs/extraction/Solar/504_24/chronos2/raw/euclidean/1/online/run_0 status=complete
2026-08-16T23:08:13+02:00 skip complete family=gates dataset=Solar model=chronos2 formula=catboost_cov_regressor_shared lags=504 horizon=24 retrieval=raw_euclidean_1_online run=/home/h61084/codes/adapts/outputs/adaptation/h_ablation/Solar/504_24/chronos2/catboost_cov_regressor_shared/raw/euclidean/1/online/run_0
2026-08-16T23:08:13+02:00 skip complete family=gates dataset=Solar model=chronos2 formula=bayes_cov_shared lags=504 horizon=24 retrieval=raw_euclidean_1_online run=/home/h61084/codes/adapts/outputs/adaptation/h_ablation/Solar/504_24/chronos2/bayes_cov_shared/raw/euclidean/1/online/run_0
2026-08-16 23:08:15,474 INFO [__main__] extraction validation directory=/home/h61084/codes/adapts/outputs/extraction/Solar/504_168/chronos2/raw/euclidean/1/online/run_1 status=complete
2026-08-16T23:08:15+02:00 skip complete family=gates dataset=Solar model=chronos2 formula=catboost_cov_regressor_shared lags=504 horizon=168 retrieval=raw_euclidean_1_online run=/home/h61084/codes/adapts/outputs/adaptation/h_ablation/Solar/504_168/chronos2/catboost_cov_regressor_shared/raw/euclidean/1/online/run_0
2026-08-16T23:08:16+02:00 skip complete family=gates dataset=Solar model=chronos2 formula=bayes_cov_shared lags=504 horizon=168 retrieval=raw_euclidean_1_online run=/home/h61084/codes/adapts/outputs/adaptation/h_ablation/Solar/504_168/chronos2/bayes_cov_shared/raw/euclidean/1/online/run_0
2026-08-16 23:08:18,449 INFO [__main__] extraction validation directory=/home/h61084/codes/adapts/outputs/extraction/Solar/504_504/chronos2/raw/euclidean/1/online/run_0 status=complete
2026-08-16T23:08:18+02:00 skip complete family=gates dataset=Solar model=chronos2 formula=catboost_cov_regressor_shared lags=504 horizon=504 retrieval=raw_euclidean_1_online run=/home/h61084/codes/adapts/outputs/adaptation/h_ablation/Solar/504_504/chronos2/catboost_cov_regressor_shared/raw/euclidean/1/online/run_0
2026-08-16T23:08:18+02:00 skip complete family=gates dataset=Solar model=chronos2 formula=bayes_cov_shared lags=504 horizon=504 retrieval=raw_euclidean_1_online run=/home/h61084/codes/adapts/outputs/adaptation/h_ablation/Solar/504_504/chronos2/bayes_cov_shared/raw/euclidean/1/online/run_0
2026-08-16 23:08:21,409 INFO [__main__] extraction validation directory=/home/h61084/codes/adapts/outputs/extraction/exchange_rate/504_24/chronos2/raw/euclidean/1/online/run_0 status=complete
2026-08-16T23:08:21+02:00 skip complete family=gates dataset=exchange_rate model=chronos2 formula=catboost_cov_regressor_shared lags=504 horizon=24 retrieval=raw_euclidean_1_online run=/home/h61084/codes/adapts/outputs/adaptation/h_ablation/exchange_rate/504_24/chronos2/catboost_cov_regressor_shared/raw/euclidean/1/online/run_0
2026-08-16T23:08:21+02:00 skip complete family=gates dataset=exchange_rate model=chronos2 formula=bayes_cov_shared lags=504 horizon=24 retrieval=raw_euclidean_1_online run=/home/h61084/codes/adapts/outputs/adaptation/h_ablation/exchange_rate/504_24/chronos2/bayes_cov_shared/raw/euclidean/1/online/run_0
2026-08-16 23:08:24,316 INFO [__main__] extraction validation directory=/home/h61084/codes/adapts/outputs/extraction/exchange_rate/504_168/chronos2/raw/euclidean/1/online/run_1 status=complete
2026-08-16T23:08:24+02:00 skip complete family=gates dataset=exchange_rate model=chronos2 formula=catboost_cov_regressor_shared lags=504 horizon=168 retrieval=raw_euclidean_1_online run=/home/h61084/codes/adapts/outputs/adaptation/h_ablation/exchange_rate/504_168/chronos2/catboost_cov_regressor_shared/raw/euclidean/1/online/run_0
2026-08-16T23:08:24+02:00 skip complete family=gates dataset=exchange_rate model=chronos2 formula=bayes_cov_shared lags=504 horizon=168 retrieval=raw_euclidean_1_online run=/home/h61084/codes/adapts/outputs/adaptation/h_ablation/exchange_rate/504_168/chronos2/bayes_cov_shared/raw/euclidean/1/online/run_0
2026-08-16 23:08:27,198 INFO [__main__] extraction validation directory=/home/h61084/codes/adapts/outputs/extraction/exchange_rate/504_504/chronos2/raw/euclidean/1/online/run_0 status=complete
2026-08-16T23:08:27+02:00 skip complete family=gates dataset=exchange_rate model=chronos2 formula=catboost_cov_regressor_shared lags=504 horizon=504 retrieval=raw_euclidean_1_online run=/home/h61084/codes/adapts/outputs/adaptation/h_ablation/exchange_rate/504_504/chronos2/catboost_cov_regressor_shared/raw/euclidean/1/online/run_0
2026-08-16T23:08:27+02:00 skip complete family=gates dataset=exchange_rate model=chronos2 formula=bayes_cov_shared lags=504 horizon=504 retrieval=raw_euclidean_1_online run=/home/h61084/codes/adapts/outputs/adaptation/h_ablation/exchange_rate/504_504/chronos2/bayes_cov_shared/raw/euclidean/1/online/run_0

2026-08-16T23:08:27+02:00 job done kind=gates output=outputs/adaptation/h_ablation

2026-08-16T23:08:27+02:00 job start kind=adaptation_extraction family=h_ablation experiment_mode=full skip_complete=true tasks=24 datasets=Electricity,Traffic,Solar,exchange_rate models=chronos2 settings=504:24,504:168,504:504 distance_spaces=instance distance_metrics=euclidean neighbors=3
2026-08-16T23:08:27+02:00 skip complete family=extraction dataset=Electricity model=chronos2 lags=504 horizon=24 retrieval=vanilla run=/home/h61084/codes/adapts/outputs/extraction/Electricity/504_24/chronos2/none/none/0/none/run_0
2026-08-16T23:08:27+02:00 skip complete family=extraction dataset=Electricity model=chronos2 lags=504 horizon=24 retrieval=instance_euclidean_3_online run=/home/h61084/codes/adapts/outputs/extraction/Electricity/504_24/chronos2/instance/euclidean/3/online/run_0
2026-08-16T23:08:28+02:00 skip complete family=extraction dataset=Electricity model=chronos2 lags=504 horizon=168 retrieval=vanilla run=/home/h61084/codes/adapts/outputs/extraction/Electricity/504_168/chronos2/none/none/0/none/run_2
2026-08-16T23:08:28+02:00 skip complete family=extraction dataset=Electricity model=chronos2 lags=504 horizon=168 retrieval=instance_euclidean_3_online run=/home/h61084/codes/adapts/outputs/extraction/Electricity/504_168/chronos2/instance/euclidean/3/online/run_1
2026-08-16T23:08:28+02:00 skip complete family=extraction dataset=Electricity model=chronos2 lags=504 horizon=504 retrieval=vanilla run=/home/h61084/codes/adapts/outputs/extraction/Electricity/504_504/chronos2/none/none/0/none/run_0

2026-08-16T23:08:28+02:00 extraction start configuration=6/24 dataset=Electricity model=chronos2 lags=504 horizon=504 retrieval=instance_euclidean_3_online run=/home/h61084/codes/adapts/outputs/extraction/Electricity/504_504/chronos2/instance/euclidean/3/online/run_0 computation_signature=aa37748c750dbed6dbfb7a0b1c560d654ef2a38fd88287ee464139df35a5ecbc period=24 align_period=false datastore_stride=25 adapt_stride=25 eval_stride=127 max_store_windows=30000 seed=1
2026-08-16 23:08:30,896 INFO [__main__] ========================================================================
2026-08-16 23:08:30,896 INFO [__main__] experiment start kind=extraction dataset=Electricity model=chronos2 lags=504 horizon=504 neighbors=3 distance=instance/euclidean
2026-08-16 23:08:31,182 INFO [__main__] dataset load start
2026-08-16 23:08:31,184 INFO [src.data.load_dataset] loaded dataset config path=/home/h61084/codes/datasets/electricity/config.json keys=['aggr', 'date_col', 'drop_users']
2026-08-16 23:08:31,952 INFO [__main__] dataset load done dates=26304 users=312
2026-08-16 23:08:31,952 INFO [__main__] model load start
2026-08-16 23:08:44,511 INFO [__main__] model load done name=chronos2 device=cuda parameters_total=119,477,664 parameters_trainable=0
2026-08-16 23:08:44,513 INFO [__main__] extraction start split=adapt queries=506
2026-08-16 23:39:09,175 INFO [__main__] extraction done split=adapt
2026-08-16 23:39:09,176 INFO [__main__] extraction start split=eval queries=38
2026-08-16 23:41:25,879 INFO [__main__] extraction done split=eval
2026-08-16 23:41:26,974 INFO [__main__] completion marker saved path=/home/h61084/codes/adapts/outputs/extraction/Electricity/504_504/chronos2/instance/euclidean/3/online/run_0/extraction_manifest.json
2026-08-16 23:41:26,974 INFO [__main__] outputs saved dir=/home/h61084/codes/adapts/outputs/extraction/Electricity/504_504/chronos2/instance/euclidean/3/online/run_0
2026-08-16 23:41:26,974 INFO [__main__] experiment done seconds=1976.07
2026-08-16 23:41:26,974 INFO [__main__] ========================================================================
2026-08-16 23:41:30,428 INFO [__main__] extraction validation directory=/home/h61084/codes/adapts/outputs/extraction/Electricity/504_504/chronos2/instance/euclidean/3/online/run_0 status=complete
2026-08-16T23:41:30+02:00 extraction done configuration=6/24 dataset=Electricity model=chronos2 lags=504 horizon=504 retrieval=instance_euclidean_3_online
2026-08-16T23:41:30+02:00 skip complete family=extraction dataset=Traffic model=chronos2 lags=504 horizon=24 retrieval=vanilla run=/home/h61084/codes/adapts/outputs/extraction/Traffic/504_24/chronos2/none/none/0/none/run_0
2026-08-16T23:41:31+02:00 skip complete family=extraction dataset=Traffic model=chronos2 lags=504 horizon=24 retrieval=instance_euclidean_3_online run=/home/h61084/codes/adapts/outputs/extraction/Traffic/504_24/chronos2/instance/euclidean/3/online/run_0
2026-08-16T23:41:31+02:00 skip complete family=extraction dataset=Traffic model=chronos2 lags=504 horizon=168 retrieval=vanilla run=/home/h61084/codes/adapts/outputs/extraction/Traffic/504_168/chronos2/none/none/0/none/run_1
2026-08-16T23:41:31+02:00 skip complete family=extraction dataset=Traffic model=chronos2 lags=504 horizon=168 retrieval=instance_euclidean_3_online run=/home/h61084/codes/adapts/outputs/extraction/Traffic/504_168/chronos2/instance/euclidean/3/online/run_1
2026-08-16T23:41:31+02:00 skip complete family=extraction dataset=Traffic model=chronos2 lags=504 horizon=504 retrieval=vanilla run=/home/h61084/codes/adapts/outputs/extraction/Traffic/504_504/chronos2/none/none/0/none/run_0

2026-08-16T23:41:31+02:00 extraction start configuration=12/24 dataset=Traffic model=chronos2 lags=504 horizon=504 retrieval=instance_euclidean_3_online run=/home/h61084/codes/adapts/outputs/extraction/Traffic/504_504/chronos2/instance/euclidean/3/online/run_0 computation_signature=7f7302d763493ff7b17ed5aae272f6c3282caced7f1416860e4add9c17b8ba7e period=24 align_period=false datastore_stride=25 adapt_stride=25 eval_stride=127 max_store_windows=30000 seed=1
2026-08-16 23:41:33,772 INFO [__main__] ========================================================================
2026-08-16 23:41:33,772 INFO [__main__] experiment start kind=extraction dataset=Traffic model=chronos2 lags=504 horizon=504 neighbors=3 distance=instance/euclidean
2026-08-16 23:41:34,059 INFO [__main__] dataset load start
2026-08-16 23:41:34,060 INFO [src.data.load_dataset] loaded dataset config path=/home/h61084/codes/datasets/traffic/config.json keys=['aggr', 'date_col', 'drop_users']
2026-08-16 23:41:35,189 INFO [__main__] dataset load done dates=17544 users=860
2026-08-16 23:41:35,189 INFO [__main__] model load start
2026-08-16 23:41:45,876 INFO [__main__] model load done name=chronos2 device=cuda parameters_total=119,477,664 parameters_trainable=0
2026-08-16 23:41:45,877 INFO [__main__] extraction start split=adapt queries=331
2026-08-17 00:34:25,392 INFO [__main__] extraction done split=adapt
2026-08-17 00:34:25,392 INFO [__main__] extraction start split=eval queries=24
2026-08-17 00:38:06,780 INFO [__main__] extraction done split=eval
2026-08-17 00:38:08,100 INFO [__main__] completion marker saved path=/home/h61084/codes/adapts/outputs/extraction/Traffic/504_504/chronos2/instance/euclidean/3/online/run_0/extraction_manifest.json
2026-08-17 00:38:08,100 INFO [__main__] outputs saved dir=/home/h61084/codes/adapts/outputs/extraction/Traffic/504_504/chronos2/instance/euclidean/3/online/run_0
2026-08-17 00:38:08,100 INFO [__main__] experiment done seconds=3394.32
2026-08-17 00:38:08,100 INFO [__main__] ========================================================================
2026-08-17 00:38:11,684 INFO [__main__] extraction validation directory=/home/h61084/codes/adapts/outputs/extraction/Traffic/504_504/chronos2/instance/euclidean/3/online/run_0 status=complete
2026-08-17T00:38:12+02:00 extraction done configuration=12/24 dataset=Traffic model=chronos2 lags=504 horizon=504 retrieval=instance_euclidean_3_online
2026-08-17T00:38:12+02:00 skip complete family=extraction dataset=Solar model=chronos2 lags=504 horizon=24 retrieval=vanilla run=/home/h61084/codes/adapts/outputs/extraction/Solar/504_24/chronos2/none/none/0/none/run_0
2026-08-17T00:38:12+02:00 skip complete family=extraction dataset=Solar model=chronos2 lags=504 horizon=24 retrieval=instance_euclidean_3_online run=/home/h61084/codes/adapts/outputs/extraction/Solar/504_24/chronos2/instance/euclidean/3/online/run_0
2026-08-17T00:38:12+02:00 skip complete family=extraction dataset=Solar model=chronos2 lags=504 horizon=168 retrieval=vanilla run=/home/h61084/codes/adapts/outputs/extraction/Solar/504_168/chronos2/none/none/0/none/run_1
2026-08-17T00:38:12+02:00 skip complete family=extraction dataset=Solar model=chronos2 lags=504 horizon=168 retrieval=instance_euclidean_3_online run=/home/h61084/codes/adapts/outputs/extraction/Solar/504_168/chronos2/instance/euclidean/3/online/run_1
2026-08-17T00:38:12+02:00 skip complete family=extraction dataset=Solar model=chronos2 lags=504 horizon=504 retrieval=vanilla run=/home/h61084/codes/adapts/outputs/extraction/Solar/504_504/chronos2/none/none/0/none/run_0

2026-08-17T00:38:12+02:00 extraction start configuration=18/24 dataset=Solar model=chronos2 lags=504 horizon=504 retrieval=instance_euclidean_3_online run=/home/h61084/codes/adapts/outputs/extraction/Solar/504_504/chronos2/instance/euclidean/3/online/run_0 computation_signature=fc70ec589e42c224cf968f8c9ceea7af455d86532dbc329e13abf9ce11f8caa0 period=24 align_period=false datastore_stride=25 adapt_stride=25 eval_stride=127 max_store_windows=30000 seed=1
2026-08-17 00:38:15,054 INFO [__main__] ========================================================================
2026-08-17 00:38:15,055 INFO [__main__] experiment start kind=extraction dataset=Solar model=chronos2 lags=504 horizon=504 neighbors=3 distance=instance/euclidean
2026-08-17 00:38:15,378 INFO [__main__] dataset load start
2026-08-17 00:38:15,379 INFO [src.data.load_dataset] loaded dataset config path=/home/h61084/codes/datasets/solar/config.json keys=['aggr', 'date_col', 'drop_users']
2026-08-17 00:38:15,788 INFO [__main__] dataset load done dates=8760 users=137
2026-08-17 00:38:15,788 INFO [__main__] model load start
2026-08-17 00:38:27,095 INFO [__main__] model load done name=chronos2 device=cuda parameters_total=119,477,664 parameters_trainable=0
2026-08-17 00:38:27,096 INFO [__main__] extraction start split=adapt queries=156
2026-08-17 00:42:39,037 INFO [__main__] extraction done split=adapt
2026-08-17 00:42:39,037 INFO [__main__] extraction start split=eval queries=10
2026-08-17 00:42:54,434 INFO [__main__] extraction done split=eval
2026-08-17 00:42:55,086 INFO [__main__] completion marker saved path=/home/h61084/codes/adapts/outputs/extraction/Solar/504_504/chronos2/instance/euclidean/3/online/run_0/extraction_manifest.json
2026-08-17 00:42:55,086 INFO [__main__] outputs saved dir=/home/h61084/codes/adapts/outputs/extraction/Solar/504_504/chronos2/instance/euclidean/3/online/run_0
2026-08-17 00:42:55,086 INFO [__main__] experiment done seconds=280.03
2026-08-17 00:42:55,086 INFO [__main__] ========================================================================
2026-08-17 00:42:58,376 INFO [__main__] extraction validation directory=/home/h61084/codes/adapts/outputs/extraction/Solar/504_504/chronos2/instance/euclidean/3/online/run_0 status=complete
2026-08-17T00:42:58+02:00 extraction done configuration=18/24 dataset=Solar model=chronos2 lags=504 horizon=504 retrieval=instance_euclidean_3_online
2026-08-17T00:42:58+02:00 skip complete family=extraction dataset=exchange_rate model=chronos2 lags=504 horizon=24 retrieval=vanilla run=/home/h61084/codes/adapts/outputs/extraction/exchange_rate/504_24/chronos2/none/none/0/none/run_0
2026-08-17T00:42:58+02:00 skip complete family=extraction dataset=exchange_rate model=chronos2 lags=504 horizon=24 retrieval=instance_euclidean_3_online run=/home/h61084/codes/adapts/outputs/extraction/exchange_rate/504_24/chronos2/instance/euclidean/3/online/run_0
2026-08-17T00:42:59+02:00 skip complete family=extraction dataset=exchange_rate model=chronos2 lags=504 horizon=168 retrieval=vanilla run=/home/h61084/codes/adapts/outputs/extraction/exchange_rate/504_168/chronos2/none/none/0/none/run_1
2026-08-17T00:42:59+02:00 skip complete family=extraction dataset=exchange_rate model=chronos2 lags=504 horizon=168 retrieval=instance_euclidean_3_online run=/home/h61084/codes/adapts/outputs/extraction/exchange_rate/504_168/chronos2/instance/euclidean/3/online/run_1
2026-08-17T00:42:59+02:00 skip complete family=extraction dataset=exchange_rate model=chronos2 lags=504 horizon=504 retrieval=vanilla run=/home/h61084/codes/adapts/outputs/extraction/exchange_rate/504_504/chronos2/none/none/0/none/run_0

2026-08-17T00:42:59+02:00 extraction start configuration=24/24 dataset=exchange_rate model=chronos2 lags=504 horizon=504 retrieval=instance_euclidean_3_online run=/home/h61084/codes/adapts/outputs/extraction/exchange_rate/504_504/chronos2/instance/euclidean/3/online/run_0 computation_signature=45d000f6d6bc108266609a592ccddc0ea3e4624bf469969d0365109e8781e6d6 period=24 align_period=false datastore_stride=25 adapt_stride=25 eval_stride=127 max_store_windows=30000 seed=1
2026-08-17 00:43:01,700 INFO [__main__] ========================================================================
2026-08-17 00:43:01,700 INFO [__main__] experiment start kind=extraction dataset=exchange_rate model=chronos2 lags=504 horizon=504 neighbors=3 distance=instance/euclidean
2026-08-17 00:43:01,960 INFO [__main__] dataset load start
2026-08-17 00:43:01,961 INFO [src.data.load_dataset] loaded dataset config path=/home/h61084/codes/datasets/exchange_rate/config.json keys=['aggr', 'date_col', 'drop_users']
2026-08-17 00:43:01,979 INFO [__main__] dataset load done dates=7588 users=8
2026-08-17 00:43:01,979 INFO [__main__] model load start
2026-08-17 00:43:13,242 INFO [__main__] model load done name=chronos2 device=cuda parameters_total=119,477,664 parameters_trainable=0
2026-08-17 00:43:13,243 INFO [__main__] extraction start split=adapt queries=132
2026-08-17 00:43:25,015 INFO [__main__] extraction done split=adapt
2026-08-17 00:43:25,015 INFO [__main__] extraction start split=eval queries=8
2026-08-17 00:43:25,760 INFO [__main__] extraction done split=eval
2026-08-17 00:43:26,234 INFO [__main__] completion marker saved path=/home/h61084/codes/adapts/outputs/extraction/exchange_rate/504_504/chronos2/instance/euclidean/3/online/run_0/extraction_manifest.json
2026-08-17 00:43:26,234 INFO [__main__] outputs saved dir=/home/h61084/codes/adapts/outputs/extraction/exchange_rate/504_504/chronos2/instance/euclidean/3/online/run_0
2026-08-17 00:43:26,234 INFO [__main__] experiment done seconds=24.53
2026-08-17 00:43:26,234 INFO [__main__] ========================================================================
2026-08-17 00:43:29,041 INFO [__main__] extraction validation directory=/home/h61084/codes/adapts/outputs/extraction/exchange_rate/504_504/chronos2/instance/euclidean/3/online/run_0 status=complete
2026-08-17T00:43:29+02:00 extraction done configuration=24/24 dataset=exchange_rate model=chronos2 lags=504 horizon=504 retrieval=instance_euclidean_3_online

2026-08-17T00:43:29+02:00 job done kind=adaptation_extraction output=outputs/extraction

2026-08-17T00:43:29+02:00 job start kind=baselines family=h_ablation experiment_mode=full skip_complete=true tasks=12 datasets=Electricity,Traffic,Solar,exchange_rate models=chronos2 settings=504:24,504:168,504:504 distance_spaces=instance distance_metrics=euclidean neighbors=3 methods=full_ridge_shared,cov_y_ridge_shared,cov_avgy_ridge_shared results_root=outputs/adaptation/h_ablation
2026-08-17 00:43:31,683 INFO [__main__] extraction validation directory=/home/h61084/codes/adapts/outputs/extraction/Electricity/504_24/chronos2/instance/euclidean/3/online/run_0 status=complete

2026-08-17T00:43:32+02:00 baselines start configuration=1/12 dataset=Electricity model=chronos2 formula=full_ridge_shared lags=504 horizon=24 retrieval=instance_euclidean_3_online run=/home/h61084/codes/adapts/outputs/adaptation/h_ablation/Electricity/504_24/chronos2/full_ridge_shared/instance/euclidean/3/online/run_0 computation_signature=eba7d311419d8f77ece134d8feafc770fdd320a2af5c2058ce8864974c1d0bc0 l2_grid=0,1e-6,1e-5,1e-4,1e-3,1e-2,1e-1,1,10 validation_fraction=0.2 fit_baselines_on_eval=false seed=1
2026-08-17 00:43:34,608 INFO [__main__] ========================================================================
2026-08-17 00:43:34,608 INFO [__main__] selected methods=('full_ridge_shared',)
2026-08-17 00:43:38,122 INFO [__main__] baseline selection start l2_grid=(0.0, 1e-06, 1e-05, 0.0001, 0.001, 0.01, 0.1, 1.0, 10.0)
2026-08-17 00:43:38,874 INFO [__main__] baseline selection done
2026-08-17 00:43:38,901 INFO [__main__] experiment done seconds=4.29
2026-08-17 00:43:38,901 INFO [__main__] ========================================================================
2026-08-17T00:43:39+02:00 baselines done configuration=1/12 dataset=Electricity model=chronos2 formula=full_ridge_shared lags=504 horizon=24 retrieval=instance_euclidean_3_online

2026-08-17T00:43:39+02:00 baselines start configuration=1/12 dataset=Electricity model=chronos2 formula=cov_y_ridge_shared lags=504 horizon=24 retrieval=instance_euclidean_3_online run=/home/h61084/codes/adapts/outputs/adaptation/h_ablation/Electricity/504_24/chronos2/cov_y_ridge_shared/instance/euclidean/3/online/run_0 computation_signature=6dfb3c8532239b561b30bef7748dbda68d3549fa2972eae52e02adabf293abba l2_grid=0,1e-6,1e-5,1e-4,1e-3,1e-2,1e-1,1,10 validation_fraction=0.2 fit_baselines_on_eval=false seed=1
2026-08-17 00:43:41,912 INFO [__main__] ========================================================================
2026-08-17 00:43:41,912 INFO [__main__] selected methods=('cov_y_ridge_shared',)
2026-08-17 00:43:45,383 INFO [__main__] baseline selection start l2_grid=(0.0, 1e-06, 1e-05, 0.0001, 0.001, 0.01, 0.1, 1.0, 10.0)
2026-08-17 00:43:45,993 INFO [__main__] baseline selection done
2026-08-17 00:43:46,016 INFO [__main__] experiment done seconds=4.10
2026-08-17 00:43:46,016 INFO [__main__] ========================================================================
2026-08-17T00:43:46+02:00 baselines done configuration=1/12 dataset=Electricity model=chronos2 formula=cov_y_ridge_shared lags=504 horizon=24 retrieval=instance_euclidean_3_online

2026-08-17T00:43:46+02:00 baselines start configuration=1/12 dataset=Electricity model=chronos2 formula=cov_avgy_ridge_shared lags=504 horizon=24 retrieval=instance_euclidean_3_online run=/home/h61084/codes/adapts/outputs/adaptation/h_ablation/Electricity/504_24/chronos2/cov_avgy_ridge_shared/instance/euclidean/3/online/run_0 computation_signature=3c9889c76489db76f204840198a402821a107ec07a63762abf3f48a30b94b26e l2_grid=0,1e-6,1e-5,1e-4,1e-3,1e-2,1e-1,1,10 validation_fraction=0.2 fit_baselines_on_eval=false seed=1
2026-08-17 00:43:49,087 INFO [__main__] ========================================================================
2026-08-17 00:43:49,088 INFO [__main__] selected methods=('cov_avgy_ridge_shared',)
2026-08-17 00:43:52,591 INFO [__main__] baseline selection start l2_grid=(0.0, 1e-06, 1e-05, 0.0001, 0.001, 0.01, 0.1, 1.0, 10.0)
2026-08-17 00:43:53,359 INFO [__main__] baseline selection done
2026-08-17 00:43:53,381 INFO [__main__] experiment done seconds=4.29
2026-08-17 00:43:53,381 INFO [__main__] ========================================================================
2026-08-17T00:43:53+02:00 baselines done configuration=1/12 dataset=Electricity model=chronos2 formula=cov_avgy_ridge_shared lags=504 horizon=24 retrieval=instance_euclidean_3_online
2026-08-17 00:43:56,045 INFO [__main__] extraction validation directory=/home/h61084/codes/adapts/outputs/extraction/Electricity/504_168/chronos2/instance/euclidean/3/online/run_1 status=complete

2026-08-17T00:43:56+02:00 baselines start configuration=2/12 dataset=Electricity model=chronos2 formula=full_ridge_shared lags=504 horizon=168 retrieval=instance_euclidean_3_online run=/home/h61084/codes/adapts/outputs/adaptation/h_ablation/Electricity/504_168/chronos2/full_ridge_shared/instance/euclidean/3/online/run_0 computation_signature=80108ff0e8b5aa45aa6f2f5b736683bfd7a73d8299a009d0395f95e99fd762ec l2_grid=0,1e-6,1e-5,1e-4,1e-3,1e-2,1e-1,1,10 validation_fraction=0.2 fit_baselines_on_eval=false seed=1
2026-08-17 00:43:59,163 INFO [__main__] ========================================================================
2026-08-17 00:43:59,163 INFO [__main__] selected methods=('full_ridge_shared',)
2026-08-17 00:44:03,381 INFO [__main__] baseline selection start l2_grid=(0.0, 1e-06, 1e-05, 0.0001, 0.001, 0.01, 0.1, 1.0, 10.0)
2026-08-17 00:44:08,001 INFO [__main__] baseline selection done
2026-08-17 00:44:08,028 INFO [__main__] experiment done seconds=8.86
2026-08-17 00:44:08,028 INFO [__main__] ========================================================================
2026-08-17T00:44:08+02:00 baselines done configuration=2/12 dataset=Electricity model=chronos2 formula=full_ridge_shared lags=504 horizon=168 retrieval=instance_euclidean_3_online

2026-08-17T00:44:08+02:00 baselines start configuration=2/12 dataset=Electricity model=chronos2 formula=cov_y_ridge_shared lags=504 horizon=168 retrieval=instance_euclidean_3_online run=/home/h61084/codes/adapts/outputs/adaptation/h_ablation/Electricity/504_168/chronos2/cov_y_ridge_shared/instance/euclidean/3/online/run_0 computation_signature=8d64a65e97061dd1b76ea42b66d4f1ef4695bc2dec7eb52095eb89d2d16b81c3 l2_grid=0,1e-6,1e-5,1e-4,1e-3,1e-2,1e-1,1,10 validation_fraction=0.2 fit_baselines_on_eval=false seed=1
2026-08-17 00:44:11,109 INFO [__main__] ========================================================================
2026-08-17 00:44:11,110 INFO [__main__] selected methods=('cov_y_ridge_shared',)
2026-08-17 00:44:15,434 INFO [__main__] baseline selection start l2_grid=(0.0, 1e-06, 1e-05, 0.0001, 0.001, 0.01, 0.1, 1.0, 10.0)
2026-08-17 00:44:18,751 INFO [__main__] baseline selection done
2026-08-17 00:44:18,777 INFO [__main__] experiment done seconds=7.66
2026-08-17 00:44:18,777 INFO [__main__] ========================================================================
2026-08-17T00:44:19+02:00 baselines done configuration=2/12 dataset=Electricity model=chronos2 formula=cov_y_ridge_shared lags=504 horizon=168 retrieval=instance_euclidean_3_online

2026-08-17T00:44:19+02:00 baselines start configuration=2/12 dataset=Electricity model=chronos2 formula=cov_avgy_ridge_shared lags=504 horizon=168 retrieval=instance_euclidean_3_online run=/home/h61084/codes/adapts/outputs/adaptation/h_ablation/Electricity/504_168/chronos2/cov_avgy_ridge_shared/instance/euclidean/3/online/run_0 computation_signature=237344bfbd63b6bb556eef7e740385820ffb1c5cacf167b5c28d463e75e59b52 l2_grid=0,1e-6,1e-5,1e-4,1e-3,1e-2,1e-1,1,10 validation_fraction=0.2 fit_baselines_on_eval=false seed=1
2026-08-17 00:44:21,956 INFO [__main__] ========================================================================
2026-08-17 00:44:21,956 INFO [__main__] selected methods=('cov_avgy_ridge_shared',)
2026-08-17 00:44:26,034 INFO [__main__] baseline selection start l2_grid=(0.0, 1e-06, 1e-05, 0.0001, 0.001, 0.01, 0.1, 1.0, 10.0)
2026-08-17 00:44:29,727 INFO [__main__] baseline selection done
2026-08-17 00:44:29,752 INFO [__main__] experiment done seconds=7.79
2026-08-17 00:44:29,752 INFO [__main__] ========================================================================
2026-08-17T00:44:30+02:00 baselines done configuration=2/12 dataset=Electricity model=chronos2 formula=cov_avgy_ridge_shared lags=504 horizon=168 retrieval=instance_euclidean_3_online
2026-08-17 00:44:32,450 INFO [__main__] extraction validation directory=/home/h61084/codes/adapts/outputs/extraction/Electricity/504_504/chronos2/instance/euclidean/3/online/run_0 status=complete

2026-08-17T00:44:33+02:00 baselines start configuration=3/12 dataset=Electricity model=chronos2 formula=full_ridge_shared lags=504 horizon=504 retrieval=instance_euclidean_3_online run=/home/h61084/codes/adapts/outputs/adaptation/h_ablation/Electricity/504_504/chronos2/full_ridge_shared/instance/euclidean/3/online/run_0 computation_signature=ba500f6830bee31ed8bc8710144b7ef7f21418e686c3be07d588d1ff7b4c116b l2_grid=0,1e-6,1e-5,1e-4,1e-3,1e-2,1e-1,1,10 validation_fraction=0.2 fit_baselines_on_eval=false seed=1
2026-08-17 00:44:35,427 INFO [__main__] ========================================================================
2026-08-17 00:44:35,427 INFO [__main__] selected methods=('full_ridge_shared',)
2026-08-17 00:45:00,895 INFO [__main__] baseline selection start l2_grid=(0.0, 1e-06, 1e-05, 0.0001, 0.001, 0.01, 0.1, 1.0, 10.0)
2026-08-17 00:45:14,179 INFO [__main__] baseline selection done
2026-08-17 00:45:14,203 INFO [__main__] experiment done seconds=38.77
2026-08-17 00:45:14,203 INFO [__main__] ========================================================================
2026-08-17T00:45:14+02:00 baselines done configuration=3/12 dataset=Electricity model=chronos2 formula=full_ridge_shared lags=504 horizon=504 retrieval=instance_euclidean_3_online

2026-08-17T00:45:15+02:00 baselines start configuration=3/12 dataset=Electricity model=chronos2 formula=cov_y_ridge_shared lags=504 horizon=504 retrieval=instance_euclidean_3_online run=/home/h61084/codes/adapts/outputs/adaptation/h_ablation/Electricity/504_504/chronos2/cov_y_ridge_shared/instance/euclidean/3/online/run_0 computation_signature=326d1e5ec79738336ddf32dfd1c2c0f010464900e18ec0223a8299bb8bf83a96 l2_grid=0,1e-6,1e-5,1e-4,1e-3,1e-2,1e-1,1,10 validation_fraction=0.2 fit_baselines_on_eval=false seed=1
2026-08-17 00:45:17,653 INFO [__main__] ========================================================================
2026-08-17 00:45:17,653 INFO [__main__] selected methods=('cov_y_ridge_shared',)
2026-08-17 00:45:23,395 INFO [__main__] baseline selection start l2_grid=(0.0, 1e-06, 1e-05, 0.0001, 0.001, 0.01, 0.1, 1.0, 10.0)
2026-08-17 00:45:32,817 INFO [__main__] baseline selection done
2026-08-17 00:45:32,840 INFO [__main__] experiment done seconds=15.18
2026-08-17 00:45:32,840 INFO [__main__] ========================================================================
2026-08-17T00:45:33+02:00 baselines done configuration=3/12 dataset=Electricity model=chronos2 formula=cov_y_ridge_shared lags=504 horizon=504 retrieval=instance_euclidean_3_online

2026-08-17T00:45:33+02:00 baselines start configuration=3/12 dataset=Electricity model=chronos2 formula=cov_avgy_ridge_shared lags=504 horizon=504 retrieval=instance_euclidean_3_online run=/home/h61084/codes/adapts/outputs/adaptation/h_ablation/Electricity/504_504/chronos2/cov_avgy_ridge_shared/instance/euclidean/3/online/run_0 computation_signature=52aefe1c2d95da79b3adc8be0cfd0eb9ad23bd748c7eaa4a785fd1d306504670 l2_grid=0,1e-6,1e-5,1e-4,1e-3,1e-2,1e-1,1,10 validation_fraction=0.2 fit_baselines_on_eval=false seed=1
2026-08-17 00:45:36,104 INFO [__main__] ========================================================================
2026-08-17 00:45:36,104 INFO [__main__] selected methods=('cov_avgy_ridge_shared',)
2026-08-17 00:45:41,507 INFO [__main__] baseline selection start l2_grid=(0.0, 1e-06, 1e-05, 0.0001, 0.001, 0.01, 0.1, 1.0, 10.0)
2026-08-17 00:45:52,300 INFO [__main__] baseline selection done
2026-08-17 00:45:52,323 INFO [__main__] experiment done seconds=16.22
2026-08-17 00:45:52,323 INFO [__main__] ========================================================================
2026-08-17T00:45:52+02:00 baselines done configuration=3/12 dataset=Electricity model=chronos2 formula=cov_avgy_ridge_shared lags=504 horizon=504 retrieval=instance_euclidean_3_online
2026-08-17 00:45:55,116 INFO [__main__] extraction validation directory=/home/h61084/codes/adapts/outputs/extraction/Traffic/504_24/chronos2/instance/euclidean/3/online/run_0 status=complete

2026-08-17T00:45:55+02:00 baselines start configuration=4/12 dataset=Traffic model=chronos2 formula=full_ridge_shared lags=504 horizon=24 retrieval=instance_euclidean_3_online run=/home/h61084/codes/adapts/outputs/adaptation/h_ablation/Traffic/504_24/chronos2/full_ridge_shared/instance/euclidean/3/online/run_0 computation_signature=b7832525e1051b988b2fdec698c9f99f94e845efe2227a142825240470b25844 l2_grid=0,1e-6,1e-5,1e-4,1e-3,1e-2,1e-1,1,10 validation_fraction=0.2 fit_baselines_on_eval=false seed=1
2026-08-17 00:45:58,099 INFO [__main__] ========================================================================
2026-08-17 00:45:58,099 INFO [__main__] selected methods=('full_ridge_shared',)
2026-08-17 00:46:02,894 INFO [__main__] baseline selection start l2_grid=(0.0, 1e-06, 1e-05, 0.0001, 0.001, 0.01, 0.1, 1.0, 10.0)
2026-08-17 00:46:04,702 INFO [__main__] baseline selection done
2026-08-17 00:46:04,724 INFO [__main__] experiment done seconds=6.62
2026-08-17 00:46:04,724 INFO [__main__] ========================================================================
2026-08-17T00:46:05+02:00 baselines done configuration=4/12 dataset=Traffic model=chronos2 formula=full_ridge_shared lags=504 horizon=24 retrieval=instance_euclidean_3_online

2026-08-17T00:46:05+02:00 baselines start configuration=4/12 dataset=Traffic model=chronos2 formula=cov_y_ridge_shared lags=504 horizon=24 retrieval=instance_euclidean_3_online run=/home/h61084/codes/adapts/outputs/adaptation/h_ablation/Traffic/504_24/chronos2/cov_y_ridge_shared/instance/euclidean/3/online/run_0 computation_signature=2e901ff1b3e30d53cff6a6266081ec715c2be86e54698fa7ba689d60c430fb71 l2_grid=0,1e-6,1e-5,1e-4,1e-3,1e-2,1e-1,1,10 validation_fraction=0.2 fit_baselines_on_eval=false seed=1
2026-08-17 00:46:07,844 INFO [__main__] ========================================================================
2026-08-17 00:46:07,844 INFO [__main__] selected methods=('cov_y_ridge_shared',)
2026-08-17 00:46:12,643 INFO [__main__] baseline selection start l2_grid=(0.0, 1e-06, 1e-05, 0.0001, 0.001, 0.01, 0.1, 1.0, 10.0)
2026-08-17 00:46:13,607 INFO [__main__] baseline selection done
2026-08-17 00:46:13,630 INFO [__main__] experiment done seconds=5.78
2026-08-17 00:46:13,630 INFO [__main__] ========================================================================
2026-08-17T00:46:14+02:00 baselines done configuration=4/12 dataset=Traffic model=chronos2 formula=cov_y_ridge_shared lags=504 horizon=24 retrieval=instance_euclidean_3_online

2026-08-17T00:46:14+02:00 baselines start configuration=4/12 dataset=Traffic model=chronos2 formula=cov_avgy_ridge_shared lags=504 horizon=24 retrieval=instance_euclidean_3_online run=/home/h61084/codes/adapts/outputs/adaptation/h_ablation/Traffic/504_24/chronos2/cov_avgy_ridge_shared/instance/euclidean/3/online/run_0 computation_signature=4880dc4b70a4c1726bdf97fdebb44a6f54dca95fdb803c789880654006735e66 l2_grid=0,1e-6,1e-5,1e-4,1e-3,1e-2,1e-1,1,10 validation_fraction=0.2 fit_baselines_on_eval=false seed=1
2026-08-17 00:46:16,776 INFO [__main__] ========================================================================
2026-08-17 00:46:16,777 INFO [__main__] selected methods=('cov_avgy_ridge_shared',)
2026-08-17 00:46:21,667 INFO [__main__] baseline selection start l2_grid=(0.0, 1e-06, 1e-05, 0.0001, 0.001, 0.01, 0.1, 1.0, 10.0)
2026-08-17 00:46:22,923 INFO [__main__] baseline selection done
2026-08-17 00:46:22,945 INFO [__main__] experiment done seconds=6.17
2026-08-17 00:46:22,946 INFO [__main__] ========================================================================
2026-08-17T00:46:23+02:00 baselines done configuration=4/12 dataset=Traffic model=chronos2 formula=cov_avgy_ridge_shared lags=504 horizon=24 retrieval=instance_euclidean_3_online
2026-08-17 00:46:25,765 INFO [__main__] extraction validation directory=/home/h61084/codes/adapts/outputs/extraction/Traffic/504_168/chronos2/instance/euclidean/3/online/run_1 status=complete

2026-08-17T00:46:26+02:00 baselines start configuration=5/12 dataset=Traffic model=chronos2 formula=full_ridge_shared lags=504 horizon=168 retrieval=instance_euclidean_3_online run=/home/h61084/codes/adapts/outputs/adaptation/h_ablation/Traffic/504_168/chronos2/full_ridge_shared/instance/euclidean/3/online/run_0 computation_signature=a8bfbdff3c41142770599247f41475926580ebedcf6c998805de447112f20cc9 l2_grid=0,1e-6,1e-5,1e-4,1e-3,1e-2,1e-1,1,10 validation_fraction=0.2 fit_baselines_on_eval=false seed=1
2026-08-17 00:46:28,695 INFO [__main__] ========================================================================
2026-08-17 00:46:28,695 INFO [__main__] selected methods=('full_ridge_shared',)
2026-08-17 00:46:35,272 INFO [__main__] baseline selection start l2_grid=(0.0, 1e-06, 1e-05, 0.0001, 0.001, 0.01, 0.1, 1.0, 10.0)
2026-08-17 00:46:43,915 INFO [__main__] baseline selection done
2026-08-17 00:46:43,943 INFO [__main__] experiment done seconds=15.24
2026-08-17 00:46:43,943 INFO [__main__] ========================================================================
2026-08-17T00:46:44+02:00 baselines done configuration=5/12 dataset=Traffic model=chronos2 formula=full_ridge_shared lags=504 horizon=168 retrieval=instance_euclidean_3_online

2026-08-17T00:46:44+02:00 baselines start configuration=5/12 dataset=Traffic model=chronos2 formula=cov_y_ridge_shared lags=504 horizon=168 retrieval=instance_euclidean_3_online run=/home/h61084/codes/adapts/outputs/adaptation/h_ablation/Traffic/504_168/chronos2/cov_y_ridge_shared/instance/euclidean/3/online/run_0 computation_signature=f43c3783db28f95657f47f8b2620fbbde3464d175b99f6b66a7cf7a340f4da8f l2_grid=0,1e-6,1e-5,1e-4,1e-3,1e-2,1e-1,1,10 validation_fraction=0.2 fit_baselines_on_eval=false seed=1
2026-08-17 00:46:47,069 INFO [__main__] ========================================================================
2026-08-17 00:46:47,070 INFO [__main__] selected methods=('cov_y_ridge_shared',)
2026-08-17 00:46:53,626 INFO [__main__] baseline selection start l2_grid=(0.0, 1e-06, 1e-05, 0.0001, 0.001, 0.01, 0.1, 1.0, 10.0)
2026-08-17 00:46:59,613 INFO [__main__] baseline selection done
2026-08-17 00:46:59,643 INFO [__main__] experiment done seconds=12.57
2026-08-17 00:46:59,643 INFO [__main__] ========================================================================
2026-08-17T00:47:00+02:00 baselines done configuration=5/12 dataset=Traffic model=chronos2 formula=cov_y_ridge_shared lags=504 horizon=168 retrieval=instance_euclidean_3_online

2026-08-17T00:47:00+02:00 baselines start configuration=5/12 dataset=Traffic model=chronos2 formula=cov_avgy_ridge_shared lags=504 horizon=168 retrieval=instance_euclidean_3_online run=/home/h61084/codes/adapts/outputs/adaptation/h_ablation/Traffic/504_168/chronos2/cov_avgy_ridge_shared/instance/euclidean/3/online/run_0 computation_signature=096b05cf33334f0d5561da3a67acba437217b402a7b11c94223c9ca61ad48a18 l2_grid=0,1e-6,1e-5,1e-4,1e-3,1e-2,1e-1,1,10 validation_fraction=0.2 fit_baselines_on_eval=false seed=1
2026-08-17 00:47:02,756 INFO [__main__] ========================================================================
2026-08-17 00:47:02,757 INFO [__main__] selected methods=('cov_avgy_ridge_shared',)
2026-08-17 00:47:09,032 INFO [__main__] baseline selection start l2_grid=(0.0, 1e-06, 1e-05, 0.0001, 0.001, 0.01, 0.1, 1.0, 10.0)
2026-08-17 00:47:15,509 INFO [__main__] baseline selection done
2026-08-17 00:47:15,532 INFO [__main__] experiment done seconds=12.77
2026-08-17 00:47:15,532 INFO [__main__] ========================================================================
2026-08-17T00:47:16+02:00 baselines done configuration=5/12 dataset=Traffic model=chronos2 formula=cov_avgy_ridge_shared lags=504 horizon=168 retrieval=instance_euclidean_3_online
2026-08-17 00:47:18,364 INFO [__main__] extraction validation directory=/home/h61084/codes/adapts/outputs/extraction/Traffic/504_504/chronos2/instance/euclidean/3/online/run_0 status=complete

2026-08-17T00:47:18+02:00 baselines start configuration=6/12 dataset=Traffic model=chronos2 formula=full_ridge_shared lags=504 horizon=504 retrieval=instance_euclidean_3_online run=/home/h61084/codes/adapts/outputs/adaptation/h_ablation/Traffic/504_504/chronos2/full_ridge_shared/instance/euclidean/3/online/run_0 computation_signature=7d6e4473be4b601834728750dc6d13ea81df5f1e8b7c4204cb75e25a585adc42 l2_grid=0,1e-6,1e-5,1e-4,1e-3,1e-2,1e-1,1,10 validation_fraction=0.2 fit_baselines_on_eval=false seed=1
2026-08-17 00:47:21,330 INFO [__main__] ========================================================================
2026-08-17 00:47:21,330 INFO [__main__] selected methods=('full_ridge_shared',)
2026-08-17 00:48:08,694 INFO [__main__] baseline selection start l2_grid=(0.0, 1e-06, 1e-05, 0.0001, 0.001, 0.01, 0.1, 1.0, 10.0)
2026-08-17 00:48:33,222 INFO [__main__] baseline selection done
2026-08-17 00:48:33,250 INFO [__main__] experiment done seconds=71.92
2026-08-17 00:48:33,250 INFO [__main__] ========================================================================
2026-08-17T00:48:34+02:00 baselines done configuration=6/12 dataset=Traffic model=chronos2 formula=full_ridge_shared lags=504 horizon=504 retrieval=instance_euclidean_3_online

2026-08-17T00:48:34+02:00 baselines start configuration=6/12 dataset=Traffic model=chronos2 formula=cov_y_ridge_shared lags=504 horizon=504 retrieval=instance_euclidean_3_online run=/home/h61084/codes/adapts/outputs/adaptation/h_ablation/Traffic/504_504/chronos2/cov_y_ridge_shared/instance/euclidean/3/online/run_0 computation_signature=1bdf9637788c52880a8ee582b1ca5041f8223e0e845cf4f6c8cd188c782bd471 l2_grid=0,1e-6,1e-5,1e-4,1e-3,1e-2,1e-1,1,10 validation_fraction=0.2 fit_baselines_on_eval=false seed=1
2026-08-17 00:48:37,044 INFO [__main__] ========================================================================
2026-08-17 00:48:37,045 INFO [__main__] selected methods=('cov_y_ridge_shared',)
2026-08-17 00:48:46,767 INFO [__main__] baseline selection start l2_grid=(0.0, 1e-06, 1e-05, 0.0001, 0.001, 0.01, 0.1, 1.0, 10.0)
2026-08-17 00:49:03,890 INFO [__main__] baseline selection done
2026-08-17 00:49:03,915 INFO [__main__] experiment done seconds=26.87
2026-08-17 00:49:03,915 INFO [__main__] ========================================================================
2026-08-17T00:49:04+02:00 baselines done configuration=6/12 dataset=Traffic model=chronos2 formula=cov_y_ridge_shared lags=504 horizon=504 retrieval=instance_euclidean_3_online

2026-08-17T00:49:04+02:00 baselines start configuration=6/12 dataset=Traffic model=chronos2 formula=cov_avgy_ridge_shared lags=504 horizon=504 retrieval=instance_euclidean_3_online run=/home/h61084/codes/adapts/outputs/adaptation/h_ablation/Traffic/504_504/chronos2/cov_avgy_ridge_shared/instance/euclidean/3/online/run_0 computation_signature=9f3805f88dd422223c28a6784555ba1ab6512b0a0c6a5cfbd056aed8f54e16ef l2_grid=0,1e-6,1e-5,1e-4,1e-3,1e-2,1e-1,1,10 validation_fraction=0.2 fit_baselines_on_eval=false seed=1
2026-08-17 00:49:07,277 INFO [__main__] ========================================================================
2026-08-17 00:49:07,278 INFO [__main__] selected methods=('cov_avgy_ridge_shared',)
2026-08-17 00:49:16,835 INFO [__main__] baseline selection start l2_grid=(0.0, 1e-06, 1e-05, 0.0001, 0.001, 0.01, 0.1, 1.0, 10.0)
2026-08-17 00:49:36,049 INFO [__main__] baseline selection done
2026-08-17 00:49:36,073 INFO [__main__] experiment done seconds=28.79
2026-08-17 00:49:36,073 INFO [__main__] ========================================================================
2026-08-17T00:49:36+02:00 baselines done configuration=6/12 dataset=Traffic model=chronos2 formula=cov_avgy_ridge_shared lags=504 horizon=504 retrieval=instance_euclidean_3_online
2026-08-17 00:49:39,191 INFO [__main__] extraction validation directory=/home/h61084/codes/adapts/outputs/extraction/Solar/504_24/chronos2/instance/euclidean/3/online/run_0 status=complete

2026-08-17T00:49:39+02:00 baselines start configuration=7/12 dataset=Solar model=chronos2 formula=full_ridge_shared lags=504 horizon=24 retrieval=instance_euclidean_3_online run=/home/h61084/codes/adapts/outputs/adaptation/h_ablation/Solar/504_24/chronos2/full_ridge_shared/instance/euclidean/3/online/run_0 computation_signature=e89727e6aab725acae17fc0384577790a9744724622e678c0987aff134a4edcf l2_grid=0,1e-6,1e-5,1e-4,1e-3,1e-2,1e-1,1,10 validation_fraction=0.2 fit_baselines_on_eval=false seed=1
2026-08-17 00:49:42,178 INFO [__main__] ========================================================================
2026-08-17 00:49:42,179 INFO [__main__] selected methods=('full_ridge_shared',)
2026-08-17 00:49:43,980 INFO [__main__] baseline selection start l2_grid=(0.0, 1e-06, 1e-05, 0.0001, 0.001, 0.01, 0.1, 1.0, 10.0)
2026-08-17 00:49:44,258 INFO [__main__] baseline selection done
2026-08-17 00:49:44,281 INFO [__main__] experiment done seconds=2.10
2026-08-17 00:49:44,281 INFO [__main__] ========================================================================
2026-08-17T00:49:44+02:00 baselines done configuration=7/12 dataset=Solar model=chronos2 formula=full_ridge_shared lags=504 horizon=24 retrieval=instance_euclidean_3_online

2026-08-17T00:49:44+02:00 baselines start configuration=7/12 dataset=Solar model=chronos2 formula=cov_y_ridge_shared lags=504 horizon=24 retrieval=instance_euclidean_3_online run=/home/h61084/codes/adapts/outputs/adaptation/h_ablation/Solar/504_24/chronos2/cov_y_ridge_shared/instance/euclidean/3/online/run_0 computation_signature=22c44980ed35789727bf5fd3d56cb77abf86cc64625e94a8d4cfbdd462fe0443 l2_grid=0,1e-6,1e-5,1e-4,1e-3,1e-2,1e-1,1,10 validation_fraction=0.2 fit_baselines_on_eval=false seed=1
2026-08-17 00:49:47,255 INFO [__main__] ========================================================================
2026-08-17 00:49:47,256 INFO [__main__] selected methods=('cov_y_ridge_shared',)
2026-08-17 00:49:49,205 INFO [__main__] baseline selection start l2_grid=(0.0, 1e-06, 1e-05, 0.0001, 0.001, 0.01, 0.1, 1.0, 10.0)
2026-08-17 00:49:49,413 INFO [__main__] baseline selection done
2026-08-17 00:49:49,435 INFO [__main__] experiment done seconds=2.18
2026-08-17 00:49:49,435 INFO [__main__] ========================================================================
2026-08-17T00:49:49+02:00 baselines done configuration=7/12 dataset=Solar model=chronos2 formula=cov_y_ridge_shared lags=504 horizon=24 retrieval=instance_euclidean_3_online

2026-08-17T00:49:50+02:00 baselines start configuration=7/12 dataset=Solar model=chronos2 formula=cov_avgy_ridge_shared lags=504 horizon=24 retrieval=instance_euclidean_3_online run=/home/h61084/codes/adapts/outputs/adaptation/h_ablation/Solar/504_24/chronos2/cov_avgy_ridge_shared/instance/euclidean/3/online/run_0 computation_signature=0cfd35f7056eda349084331dba314891e93ec596f65d0973d1ac741faab6d4c2 l2_grid=0,1e-6,1e-5,1e-4,1e-3,1e-2,1e-1,1,10 validation_fraction=0.2 fit_baselines_on_eval=false seed=1
2026-08-17 00:49:52,484 INFO [__main__] ========================================================================
2026-08-17 00:49:52,484 INFO [__main__] selected methods=('cov_avgy_ridge_shared',)
2026-08-17 00:49:54,270 INFO [__main__] baseline selection start l2_grid=(0.0, 1e-06, 1e-05, 0.0001, 0.001, 0.01, 0.1, 1.0, 10.0)
2026-08-17 00:49:54,492 INFO [__main__] baseline selection done
2026-08-17 00:49:54,515 INFO [__main__] experiment done seconds=2.03
2026-08-17 00:49:54,515 INFO [__main__] ========================================================================
2026-08-17T00:49:55+02:00 baselines done configuration=7/12 dataset=Solar model=chronos2 formula=cov_avgy_ridge_shared lags=504 horizon=24 retrieval=instance_euclidean_3_online
2026-08-17 00:49:57,201 INFO [__main__] extraction validation directory=/home/h61084/codes/adapts/outputs/extraction/Solar/504_168/chronos2/instance/euclidean/3/online/run_1 status=complete

2026-08-17T00:49:57+02:00 baselines start configuration=8/12 dataset=Solar model=chronos2 formula=full_ridge_shared lags=504 horizon=168 retrieval=instance_euclidean_3_online run=/home/h61084/codes/adapts/outputs/adaptation/h_ablation/Solar/504_168/chronos2/full_ridge_shared/instance/euclidean/3/online/run_0 computation_signature=a7e854a8f87fcc25a157cb20833b86dacab7bfacbed2ae72c887c9b45b58a119 l2_grid=0,1e-6,1e-5,1e-4,1e-3,1e-2,1e-1,1,10 validation_fraction=0.2 fit_baselines_on_eval=false seed=1
2026-08-17 00:50:00,195 INFO [__main__] ========================================================================
2026-08-17 00:50:00,195 INFO [__main__] selected methods=('full_ridge_shared',)
2026-08-17 00:50:02,216 INFO [__main__] baseline selection start l2_grid=(0.0, 1e-06, 1e-05, 0.0001, 0.001, 0.01, 0.1, 1.0, 10.0)
2026-08-17 00:50:03,597 INFO [__main__] baseline selection done
2026-08-17 00:50:03,620 INFO [__main__] experiment done seconds=3.42
2026-08-17 00:50:03,620 INFO [__main__] ========================================================================
2026-08-17T00:50:04+02:00 baselines done configuration=8/12 dataset=Solar model=chronos2 formula=full_ridge_shared lags=504 horizon=168 retrieval=instance_euclidean_3_online

2026-08-17T00:50:04+02:00 baselines start configuration=8/12 dataset=Solar model=chronos2 formula=cov_y_ridge_shared lags=504 horizon=168 retrieval=instance_euclidean_3_online run=/home/h61084/codes/adapts/outputs/adaptation/h_ablation/Solar/504_168/chronos2/cov_y_ridge_shared/instance/euclidean/3/online/run_0 computation_signature=45bc4d2a5ff714692b97ba2d72501d87bcb7ac062c1c546791273a8eddfd5ebe l2_grid=0,1e-6,1e-5,1e-4,1e-3,1e-2,1e-1,1,10 validation_fraction=0.2 fit_baselines_on_eval=false seed=1
2026-08-17 00:50:06,705 INFO [__main__] ========================================================================
2026-08-17 00:50:06,705 INFO [__main__] selected methods=('cov_y_ridge_shared',)
2026-08-17 00:50:08,667 INFO [__main__] baseline selection start l2_grid=(0.0, 1e-06, 1e-05, 0.0001, 0.001, 0.01, 0.1, 1.0, 10.0)
2026-08-17 00:50:09,220 INFO [__main__] baseline selection done
2026-08-17 00:50:09,242 INFO [__main__] experiment done seconds=2.53
2026-08-17 00:50:09,242 INFO [__main__] ========================================================================
2026-08-17T00:50:09+02:00 baselines done configuration=8/12 dataset=Solar model=chronos2 formula=cov_y_ridge_shared lags=504 horizon=168 retrieval=instance_euclidean_3_online

2026-08-17T00:50:09+02:00 baselines start configuration=8/12 dataset=Solar model=chronos2 formula=cov_avgy_ridge_shared lags=504 horizon=168 retrieval=instance_euclidean_3_online run=/home/h61084/codes/adapts/outputs/adaptation/h_ablation/Solar/504_168/chronos2/cov_avgy_ridge_shared/instance/euclidean/3/online/run_0 computation_signature=cbdb81249e3b3f61b54b51ccf96ff11ae617b0bbbe8897753a8b9d2e3de551c7 l2_grid=0,1e-6,1e-5,1e-4,1e-3,1e-2,1e-1,1,10 validation_fraction=0.2 fit_baselines_on_eval=false seed=1
2026-08-17 00:50:12,188 INFO [__main__] ========================================================================
2026-08-17 00:50:12,188 INFO [__main__] selected methods=('cov_avgy_ridge_shared',)
2026-08-17 00:50:14,195 INFO [__main__] baseline selection start l2_grid=(0.0, 1e-06, 1e-05, 0.0001, 0.001, 0.01, 0.1, 1.0, 10.0)
2026-08-17 00:50:14,811 INFO [__main__] baseline selection done
2026-08-17 00:50:14,834 INFO [__main__] experiment done seconds=2.64
2026-08-17 00:50:14,834 INFO [__main__] ========================================================================
2026-08-17T00:50:15+02:00 baselines done configuration=8/12 dataset=Solar model=chronos2 formula=cov_avgy_ridge_shared lags=504 horizon=168 retrieval=instance_euclidean_3_online
2026-08-17 00:50:17,377 INFO [__main__] extraction validation directory=/home/h61084/codes/adapts/outputs/extraction/Solar/504_504/chronos2/instance/euclidean/3/online/run_0 status=complete

2026-08-17T00:50:17+02:00 baselines start configuration=9/12 dataset=Solar model=chronos2 formula=full_ridge_shared lags=504 horizon=504 retrieval=instance_euclidean_3_online run=/home/h61084/codes/adapts/outputs/adaptation/h_ablation/Solar/504_504/chronos2/full_ridge_shared/instance/euclidean/3/online/run_0 computation_signature=427a44f1d51974c75756d71c9da742205d0ae083c7d4258e3a7cc7babc24b696 l2_grid=0,1e-6,1e-5,1e-4,1e-3,1e-2,1e-1,1,10 validation_fraction=0.2 fit_baselines_on_eval=false seed=1
2026-08-17 00:50:20,279 INFO [__main__] ========================================================================
2026-08-17 00:50:20,280 INFO [__main__] selected methods=('full_ridge_shared',)
2026-08-17 00:50:25,575 INFO [__main__] baseline selection start l2_grid=(0.0, 1e-06, 1e-05, 0.0001, 0.001, 0.01, 0.1, 1.0, 10.0)
2026-08-17 00:50:27,431 INFO [__main__] baseline selection done
2026-08-17 00:50:27,453 INFO [__main__] experiment done seconds=7.17
2026-08-17 00:50:27,453 INFO [__main__] ========================================================================
2026-08-17T00:50:27+02:00 baselines done configuration=9/12 dataset=Solar model=chronos2 formula=full_ridge_shared lags=504 horizon=504 retrieval=instance_euclidean_3_online

2026-08-17T00:50:28+02:00 baselines start configuration=9/12 dataset=Solar model=chronos2 formula=cov_y_ridge_shared lags=504 horizon=504 retrieval=instance_euclidean_3_online run=/home/h61084/codes/adapts/outputs/adaptation/h_ablation/Solar/504_504/chronos2/cov_y_ridge_shared/instance/euclidean/3/online/run_0 computation_signature=0c9f520ef3f6b4f5df10dc329d795ff3c9438a861efc891d057cab62400cae55 l2_grid=0,1e-6,1e-5,1e-4,1e-3,1e-2,1e-1,1,10 validation_fraction=0.2 fit_baselines_on_eval=false seed=1
2026-08-17 00:50:30,536 INFO [__main__] ========================================================================
2026-08-17 00:50:30,536 INFO [__main__] selected methods=('cov_y_ridge_shared',)
2026-08-17 00:50:32,816 INFO [__main__] baseline selection start l2_grid=(0.0, 1e-06, 1e-05, 0.0001, 0.001, 0.01, 0.1, 1.0, 10.0)
2026-08-17 00:50:34,115 INFO [__main__] baseline selection done
2026-08-17 00:50:34,138 INFO [__main__] experiment done seconds=3.60
2026-08-17 00:50:34,138 INFO [__main__] ========================================================================
2026-08-17T00:50:34+02:00 baselines done configuration=9/12 dataset=Solar model=chronos2 formula=cov_y_ridge_shared lags=504 horizon=504 retrieval=instance_euclidean_3_online

2026-08-17T00:50:34+02:00 baselines start configuration=9/12 dataset=Solar model=chronos2 formula=cov_avgy_ridge_shared lags=504 horizon=504 retrieval=instance_euclidean_3_online run=/home/h61084/codes/adapts/outputs/adaptation/h_ablation/Solar/504_504/chronos2/cov_avgy_ridge_shared/instance/euclidean/3/online/run_0 computation_signature=e1a0c2df87c705bb98807733e1643b6f947723c6cbf468fcc86c08696b4fb1e4 l2_grid=0,1e-6,1e-5,1e-4,1e-3,1e-2,1e-1,1,10 validation_fraction=0.2 fit_baselines_on_eval=false seed=1
2026-08-17 00:50:37,157 INFO [__main__] ========================================================================
2026-08-17 00:50:37,157 INFO [__main__] selected methods=('cov_avgy_ridge_shared',)
2026-08-17 00:50:39,369 INFO [__main__] baseline selection start l2_grid=(0.0, 1e-06, 1e-05, 0.0001, 0.001, 0.01, 0.1, 1.0, 10.0)
2026-08-17 00:50:40,715 INFO [__main__] baseline selection done
2026-08-17 00:50:40,738 INFO [__main__] experiment done seconds=3.58
2026-08-17 00:50:40,738 INFO [__main__] ========================================================================
2026-08-17T00:50:41+02:00 baselines done configuration=9/12 dataset=Solar model=chronos2 formula=cov_avgy_ridge_shared lags=504 horizon=504 retrieval=instance_euclidean_3_online
2026-08-17 00:50:43,600 INFO [__main__] extraction validation directory=/home/h61084/codes/adapts/outputs/extraction/exchange_rate/504_24/chronos2/instance/euclidean/3/online/run_0 status=complete

2026-08-17T00:50:44+02:00 baselines start configuration=10/12 dataset=exchange_rate model=chronos2 formula=full_ridge_shared lags=504 horizon=24 retrieval=instance_euclidean_3_online run=/home/h61084/codes/adapts/outputs/adaptation/h_ablation/exchange_rate/504_24/chronos2/full_ridge_shared/instance/euclidean/3/online/run_0 computation_signature=b950bbec47e2f4732d6e5252eea8269733f6519ac3d2fab044f40c4d642813d0 l2_grid=0,1e-6,1e-5,1e-4,1e-3,1e-2,1e-1,1,10 validation_fraction=0.2 fit_baselines_on_eval=false seed=1
2026-08-17 00:50:46,498 INFO [__main__] ========================================================================
2026-08-17 00:50:46,499 INFO [__main__] selected methods=('full_ridge_shared',)
2026-08-17 00:50:48,023 INFO [__main__] baseline selection start l2_grid=(0.0, 1e-06, 1e-05, 0.0001, 0.001, 0.01, 0.1, 1.0, 10.0)
2026-08-17 00:50:48,142 INFO [__main__] baseline selection done
2026-08-17 00:50:48,165 INFO [__main__] experiment done seconds=1.66
2026-08-17 00:50:48,165 INFO [__main__] ========================================================================
2026-08-17T00:50:48+02:00 baselines done configuration=10/12 dataset=exchange_rate model=chronos2 formula=full_ridge_shared lags=504 horizon=24 retrieval=instance_euclidean_3_online

2026-08-17T00:50:48+02:00 baselines start configuration=10/12 dataset=exchange_rate model=chronos2 formula=cov_y_ridge_shared lags=504 horizon=24 retrieval=instance_euclidean_3_online run=/home/h61084/codes/adapts/outputs/adaptation/h_ablation/exchange_rate/504_24/chronos2/cov_y_ridge_shared/instance/euclidean/3/online/run_0 computation_signature=6f7c2455068e87cfe746f5db17d2220fcc0ae762c56dd7f3020ddb53f0d04489 l2_grid=0,1e-6,1e-5,1e-4,1e-3,1e-2,1e-1,1,10 validation_fraction=0.2 fit_baselines_on_eval=false seed=1
2026-08-17 00:50:51,201 INFO [__main__] ========================================================================
2026-08-17 00:50:51,201 INFO [__main__] selected methods=('cov_y_ridge_shared',)
2026-08-17 00:50:52,748 INFO [__main__] baseline selection start l2_grid=(0.0, 1e-06, 1e-05, 0.0001, 0.001, 0.01, 0.1, 1.0, 10.0)
2026-08-17 00:50:52,861 INFO [__main__] baseline selection done
2026-08-17 00:50:52,884 INFO [__main__] experiment done seconds=1.68
2026-08-17 00:50:52,884 INFO [__main__] ========================================================================
2026-08-17T00:50:53+02:00 baselines done configuration=10/12 dataset=exchange_rate model=chronos2 formula=cov_y_ridge_shared lags=504 horizon=24 retrieval=instance_euclidean_3_online

2026-08-17T00:50:53+02:00 baselines start configuration=10/12 dataset=exchange_rate model=chronos2 formula=cov_avgy_ridge_shared lags=504 horizon=24 retrieval=instance_euclidean_3_online run=/home/h61084/codes/adapts/outputs/adaptation/h_ablation/exchange_rate/504_24/chronos2/cov_avgy_ridge_shared/instance/euclidean/3/online/run_0 computation_signature=c0ff0abdb3373c6bded64498fa74a3fb5cab46a81a2e3b879080f06684b11000 l2_grid=0,1e-6,1e-5,1e-4,1e-3,1e-2,1e-1,1,10 validation_fraction=0.2 fit_baselines_on_eval=false seed=1
2026-08-17 00:50:55,939 INFO [__main__] ========================================================================
2026-08-17 00:50:55,940 INFO [__main__] selected methods=('cov_avgy_ridge_shared',)
2026-08-17 00:50:57,456 INFO [__main__] baseline selection start l2_grid=(0.0, 1e-06, 1e-05, 0.0001, 0.001, 0.01, 0.1, 1.0, 10.0)
2026-08-17 00:50:57,574 INFO [__main__] baseline selection done
2026-08-17 00:50:57,596 INFO [__main__] experiment done seconds=1.65
2026-08-17 00:50:57,596 INFO [__main__] ========================================================================
2026-08-17T00:50:58+02:00 baselines done configuration=10/12 dataset=exchange_rate model=chronos2 formula=cov_avgy_ridge_shared lags=504 horizon=24 retrieval=instance_euclidean_3_online
2026-08-17 00:51:00,137 INFO [__main__] extraction validation directory=/home/h61084/codes/adapts/outputs/extraction/exchange_rate/504_168/chronos2/instance/euclidean/3/online/run_1 status=complete

2026-08-17T00:51:00+02:00 baselines start configuration=11/12 dataset=exchange_rate model=chronos2 formula=full_ridge_shared lags=504 horizon=168 retrieval=instance_euclidean_3_online run=/home/h61084/codes/adapts/outputs/adaptation/h_ablation/exchange_rate/504_168/chronos2/full_ridge_shared/instance/euclidean/3/online/run_0 computation_signature=6f396233eafb78d2d6bc739025d3c480559dc9c509635067684d93c1c9a1a194 l2_grid=0,1e-6,1e-5,1e-4,1e-3,1e-2,1e-1,1,10 validation_fraction=0.2 fit_baselines_on_eval=false seed=1
2026-08-17 00:51:03,032 INFO [__main__] ========================================================================
2026-08-17 00:51:03,032 INFO [__main__] selected methods=('full_ridge_shared',)
2026-08-17 00:51:04,544 INFO [__main__] baseline selection start l2_grid=(0.0, 1e-06, 1e-05, 0.0001, 0.001, 0.01, 0.1, 1.0, 10.0)
2026-08-17 00:51:04,749 INFO [__main__] baseline selection done
2026-08-17 00:51:04,779 INFO [__main__] experiment done seconds=1.74
2026-08-17 00:51:04,780 INFO [__main__] ========================================================================
2026-08-17T00:51:05+02:00 baselines done configuration=11/12 dataset=exchange_rate model=chronos2 formula=full_ridge_shared lags=504 horizon=168 retrieval=instance_euclidean_3_online

2026-08-17T00:51:05+02:00 baselines start configuration=11/12 dataset=exchange_rate model=chronos2 formula=cov_y_ridge_shared lags=504 horizon=168 retrieval=instance_euclidean_3_online run=/home/h61084/codes/adapts/outputs/adaptation/h_ablation/exchange_rate/504_168/chronos2/cov_y_ridge_shared/instance/euclidean/3/online/run_0 computation_signature=ca09389fe8280ffe0b5aed43704265251a212b3966b2353dbd1e4416e73de947 l2_grid=0,1e-6,1e-5,1e-4,1e-3,1e-2,1e-1,1,10 validation_fraction=0.2 fit_baselines_on_eval=false seed=1
2026-08-17 00:51:07,849 INFO [__main__] ========================================================================
2026-08-17 00:51:07,849 INFO [__main__] selected methods=('cov_y_ridge_shared',)
2026-08-17 00:51:09,432 INFO [__main__] baseline selection start l2_grid=(0.0, 1e-06, 1e-05, 0.0001, 0.001, 0.01, 0.1, 1.0, 10.0)
2026-08-17 00:51:09,634 INFO [__main__] baseline selection done
2026-08-17 00:51:09,657 INFO [__main__] experiment done seconds=1.81
2026-08-17 00:51:09,657 INFO [__main__] ========================================================================
2026-08-17T00:51:10+02:00 baselines done configuration=11/12 dataset=exchange_rate model=chronos2 formula=cov_y_ridge_shared lags=504 horizon=168 retrieval=instance_euclidean_3_online

2026-08-17T00:51:10+02:00 baselines start configuration=11/12 dataset=exchange_rate model=chronos2 formula=cov_avgy_ridge_shared lags=504 horizon=168 retrieval=instance_euclidean_3_online run=/home/h61084/codes/adapts/outputs/adaptation/h_ablation/exchange_rate/504_168/chronos2/cov_avgy_ridge_shared/instance/euclidean/3/online/run_0 computation_signature=b4f21638d224e6020ef2b393c9015fa0f987886a9923ea24aee1087ce728e0dd l2_grid=0,1e-6,1e-5,1e-4,1e-3,1e-2,1e-1,1,10 validation_fraction=0.2 fit_baselines_on_eval=false seed=1
2026-08-17 00:51:12,751 INFO [__main__] ========================================================================
2026-08-17 00:51:12,751 INFO [__main__] selected methods=('cov_avgy_ridge_shared',)
2026-08-17 00:51:14,341 INFO [__main__] baseline selection start l2_grid=(0.0, 1e-06, 1e-05, 0.0001, 0.001, 0.01, 0.1, 1.0, 10.0)
2026-08-17 00:51:14,491 INFO [__main__] baseline selection done
2026-08-17 00:51:14,513 INFO [__main__] experiment done seconds=1.76
2026-08-17 00:51:14,513 INFO [__main__] ========================================================================
2026-08-17T00:51:15+02:00 baselines done configuration=11/12 dataset=exchange_rate model=chronos2 formula=cov_avgy_ridge_shared lags=504 horizon=168 retrieval=instance_euclidean_3_online
2026-08-17 00:51:17,278 INFO [__main__] extraction validation directory=/home/h61084/codes/adapts/outputs/extraction/exchange_rate/504_504/chronos2/instance/euclidean/3/online/run_0 status=complete

2026-08-17T00:51:17+02:00 baselines start configuration=12/12 dataset=exchange_rate model=chronos2 formula=full_ridge_shared lags=504 horizon=504 retrieval=instance_euclidean_3_online run=/home/h61084/codes/adapts/outputs/adaptation/h_ablation/exchange_rate/504_504/chronos2/full_ridge_shared/instance/euclidean/3/online/run_0 computation_signature=544a7e5e00951aee4ab3fbec83338276835ddedfb3fccd775970f8043d184d28 l2_grid=0,1e-6,1e-5,1e-4,1e-3,1e-2,1e-1,1,10 validation_fraction=0.2 fit_baselines_on_eval=false seed=1
2026-08-17 00:51:20,279 INFO [__main__] ========================================================================
2026-08-17 00:51:20,279 INFO [__main__] selected methods=('full_ridge_shared',)
2026-08-17 00:51:22,183 INFO [__main__] baseline selection start l2_grid=(0.0, 1e-06, 1e-05, 0.0001, 0.001, 0.01, 0.1, 1.0, 10.0)
2026-08-17 00:51:22,480 INFO [__main__] baseline selection done
2026-08-17 00:51:22,503 INFO [__main__] experiment done seconds=2.22
2026-08-17 00:51:22,503 INFO [__main__] ========================================================================
2026-08-17T00:51:22+02:00 baselines done configuration=12/12 dataset=exchange_rate model=chronos2 formula=full_ridge_shared lags=504 horizon=504 retrieval=instance_euclidean_3_online

2026-08-17T00:51:23+02:00 baselines start configuration=12/12 dataset=exchange_rate model=chronos2 formula=cov_y_ridge_shared lags=504 horizon=504 retrieval=instance_euclidean_3_online run=/home/h61084/codes/adapts/outputs/adaptation/h_ablation/exchange_rate/504_504/chronos2/cov_y_ridge_shared/instance/euclidean/3/online/run_0 computation_signature=02bb918b20b6bee4614440ef594bef9d6fec6ace45150758f247f5fefe2f39b4 l2_grid=0,1e-6,1e-5,1e-4,1e-3,1e-2,1e-1,1,10 validation_fraction=0.2 fit_baselines_on_eval=false seed=1
2026-08-17 00:51:25,439 INFO [__main__] ========================================================================
2026-08-17 00:51:25,439 INFO [__main__] selected methods=('cov_y_ridge_shared',)
2026-08-17 00:51:27,238 INFO [__main__] baseline selection start l2_grid=(0.0, 1e-06, 1e-05, 0.0001, 0.001, 0.01, 0.1, 1.0, 10.0)
2026-08-17 00:51:27,441 INFO [__main__] baseline selection done
2026-08-17 00:51:27,463 INFO [__main__] experiment done seconds=2.02
2026-08-17 00:51:27,463 INFO [__main__] ========================================================================
2026-08-17T00:51:27+02:00 baselines done configuration=12/12 dataset=exchange_rate model=chronos2 formula=cov_y_ridge_shared lags=504 horizon=504 retrieval=instance_euclidean_3_online

2026-08-17T00:51:28+02:00 baselines start configuration=12/12 dataset=exchange_rate model=chronos2 formula=cov_avgy_ridge_shared lags=504 horizon=504 retrieval=instance_euclidean_3_online run=/home/h61084/codes/adapts/outputs/adaptation/h_ablation/exchange_rate/504_504/chronos2/cov_avgy_ridge_shared/instance/euclidean/3/online/run_0 computation_signature=9535eae2f3708c08050e7e2cf2a020a001641ed660100d0d21433b183508b1c1 l2_grid=0,1e-6,1e-5,1e-4,1e-3,1e-2,1e-1,1,10 validation_fraction=0.2 fit_baselines_on_eval=false seed=1
2026-08-17 00:51:30,507 INFO [__main__] ========================================================================
2026-08-17 00:51:30,507 INFO [__main__] selected methods=('cov_avgy_ridge_shared',)
2026-08-17 00:51:32,045 INFO [__main__] baseline selection start l2_grid=(0.0, 1e-06, 1e-05, 0.0001, 0.001, 0.01, 0.1, 1.0, 10.0)
2026-08-17 00:51:32,261 INFO [__main__] baseline selection done
2026-08-17 00:51:32,283 INFO [__main__] experiment done seconds=1.77
2026-08-17 00:51:32,283 INFO [__main__] ========================================================================
2026-08-17T00:51:32+02:00 baselines done configuration=12/12 dataset=exchange_rate model=chronos2 formula=cov_avgy_ridge_shared lags=504 horizon=504 retrieval=instance_euclidean_3_online

2026-08-17T00:51:32+02:00 job done kind=baselines output=outputs/adaptation/h_ablation

2026-08-17T00:51:32+02:00 job start kind=adaptation_extraction family=h_ablation experiment_mode=full skip_complete=true tasks=24 datasets=Electricity,Traffic,Solar,exchange_rate models=chronos2 settings=504:24,504:168,504:504 distance_spaces=raw distance_metrics=euclidean neighbors=1
2026-08-17T00:51:32+02:00 skip complete family=extraction dataset=Electricity model=chronos2 lags=504 horizon=24 retrieval=vanilla run=/home/h61084/codes/adapts/outputs/extraction/Electricity/504_24/chronos2/none/none/0/none/run_0
2026-08-17T00:51:32+02:00 skip complete family=extraction dataset=Electricity model=chronos2 lags=504 horizon=24 retrieval=raw_euclidean_1_online run=/home/h61084/codes/adapts/outputs/extraction/Electricity/504_24/chronos2/raw/euclidean/1/online/run_0
2026-08-17T00:51:33+02:00 skip complete family=extraction dataset=Electricity model=chronos2 lags=504 horizon=168 retrieval=vanilla run=/home/h61084/codes/adapts/outputs/extraction/Electricity/504_168/chronos2/none/none/0/none/run_2
2026-08-17T00:51:33+02:00 skip complete family=extraction dataset=Electricity model=chronos2 lags=504 horizon=168 retrieval=raw_euclidean_1_online run=/home/h61084/codes/adapts/outputs/extraction/Electricity/504_168/chronos2/raw/euclidean/1/online/run_1
2026-08-17T00:51:33+02:00 skip complete family=extraction dataset=Electricity model=chronos2 lags=504 horizon=504 retrieval=vanilla run=/home/h61084/codes/adapts/outputs/extraction/Electricity/504_504/chronos2/none/none/0/none/run_0
2026-08-17T00:51:33+02:00 skip complete family=extraction dataset=Electricity model=chronos2 lags=504 horizon=504 retrieval=raw_euclidean_1_online run=/home/h61084/codes/adapts/outputs/extraction/Electricity/504_504/chronos2/raw/euclidean/1/online/run_0
2026-08-17T00:51:33+02:00 skip complete family=extraction dataset=Traffic model=chronos2 lags=504 horizon=24 retrieval=vanilla run=/home/h61084/codes/adapts/outputs/extraction/Traffic/504_24/chronos2/none/none/0/none/run_0
2026-08-17T00:51:33+02:00 skip complete family=extraction dataset=Traffic model=chronos2 lags=504 horizon=24 retrieval=raw_euclidean_1_online run=/home/h61084/codes/adapts/outputs/extraction/Traffic/504_24/chronos2/raw/euclidean/1/online/run_0
2026-08-17T00:51:33+02:00 skip complete family=extraction dataset=Traffic model=chronos2 lags=504 horizon=168 retrieval=vanilla run=/home/h61084/codes/adapts/outputs/extraction/Traffic/504_168/chronos2/none/none/0/none/run_1
2026-08-17T00:51:33+02:00 skip complete family=extraction dataset=Traffic model=chronos2 lags=504 horizon=168 retrieval=raw_euclidean_1_online run=/home/h61084/codes/adapts/outputs/extraction/Traffic/504_168/chronos2/raw/euclidean/1/online/run_1
2026-08-17T00:51:33+02:00 skip complete family=extraction dataset=Traffic model=chronos2 lags=504 horizon=504 retrieval=vanilla run=/home/h61084/codes/adapts/outputs/extraction/Traffic/504_504/chronos2/none/none/0/none/run_0
2026-08-17T00:51:33+02:00 skip complete family=extraction dataset=Traffic model=chronos2 lags=504 horizon=504 retrieval=raw_euclidean_1_online run=/home/h61084/codes/adapts/outputs/extraction/Traffic/504_504/chronos2/raw/euclidean/1/online/run_0
2026-08-17T00:51:33+02:00 skip complete family=extraction dataset=Solar model=chronos2 lags=504 horizon=24 retrieval=vanilla run=/home/h61084/codes/adapts/outputs/extraction/Solar/504_24/chronos2/none/none/0/none/run_0
2026-08-17T00:51:33+02:00 skip complete family=extraction dataset=Solar model=chronos2 lags=504 horizon=24 retrieval=raw_euclidean_1_online run=/home/h61084/codes/adapts/outputs/extraction/Solar/504_24/chronos2/raw/euclidean/1/online/run_0
2026-08-17T00:51:33+02:00 skip complete family=extraction dataset=Solar model=chronos2 lags=504 horizon=168 retrieval=vanilla run=/home/h61084/codes/adapts/outputs/extraction/Solar/504_168/chronos2/none/none/0/none/run_1
2026-08-17T00:51:33+02:00 skip complete family=extraction dataset=Solar model=chronos2 lags=504 horizon=168 retrieval=raw_euclidean_1_online run=/home/h61084/codes/adapts/outputs/extraction/Solar/504_168/chronos2/raw/euclidean/1/online/run_1
2026-08-17T00:51:34+02:00 skip complete family=extraction dataset=Solar model=chronos2 lags=504 horizon=504 retrieval=vanilla run=/home/h61084/codes/adapts/outputs/extraction/Solar/504_504/chronos2/none/none/0/none/run_0
2026-08-17T00:51:34+02:00 skip complete family=extraction dataset=Solar model=chronos2 lags=504 horizon=504 retrieval=raw_euclidean_1_online run=/home/h61084/codes/adapts/outputs/extraction/Solar/504_504/chronos2/raw/euclidean/1/online/run_0
2026-08-17T00:51:34+02:00 skip complete family=extraction dataset=exchange_rate model=chronos2 lags=504 horizon=24 retrieval=vanilla run=/home/h61084/codes/adapts/outputs/extraction/exchange_rate/504_24/chronos2/none/none/0/none/run_0
2026-08-17T00:51:34+02:00 skip complete family=extraction dataset=exchange_rate model=chronos2 lags=504 horizon=24 retrieval=raw_euclidean_1_online run=/home/h61084/codes/adapts/outputs/extraction/exchange_rate/504_24/chronos2/raw/euclidean/1/online/run_0
2026-08-17T00:51:34+02:00 skip complete family=extraction dataset=exchange_rate model=chronos2 lags=504 horizon=168 retrieval=vanilla run=/home/h61084/codes/adapts/outputs/extraction/exchange_rate/504_168/chronos2/none/none/0/none/run_1
2026-08-17T00:51:34+02:00 skip complete family=extraction dataset=exchange_rate model=chronos2 lags=504 horizon=168 retrieval=raw_euclidean_1_online run=/home/h61084/codes/adapts/outputs/extraction/exchange_rate/504_168/chronos2/raw/euclidean/1/online/run_1
2026-08-17T00:51:34+02:00 skip complete family=extraction dataset=exchange_rate model=chronos2 lags=504 horizon=504 retrieval=vanilla run=/home/h61084/codes/adapts/outputs/extraction/exchange_rate/504_504/chronos2/none/none/0/none/run_0
2026-08-17T00:51:34+02:00 skip complete family=extraction dataset=exchange_rate model=chronos2 lags=504 horizon=504 retrieval=raw_euclidean_1_online run=/home/h61084/codes/adapts/outputs/extraction/exchange_rate/504_504/chronos2/raw/euclidean/1/online/run_0

2026-08-17T00:51:34+02:00 job done kind=adaptation_extraction output=outputs/extraction

2026-08-17T00:51:34+02:00 job start kind=baselines family=h_ablation experiment_mode=full skip_complete=true tasks=12 datasets=Electricity,Traffic,Solar,exchange_rate models=chronos2 settings=504:24,504:168,504:504 distance_spaces=raw distance_metrics=euclidean neighbors=1 methods=full_ridge_shared results_root=outputs/adaptation/h_ablation
2026-08-17 00:51:36,645 INFO [__main__] extraction validation directory=/home/h61084/codes/adapts/outputs/extraction/Electricity/504_24/chronos2/raw/euclidean/1/online/run_0 status=complete

2026-08-17T00:51:37+02:00 baselines start configuration=1/12 dataset=Electricity model=chronos2 formula=full_ridge_shared lags=504 horizon=24 retrieval=raw_euclidean_1_online run=/home/h61084/codes/adapts/outputs/adaptation/h_ablation/Electricity/504_24/chronos2/full_ridge_shared/raw/euclidean/1/online/run_0 computation_signature=7d0bb86be9398a106c563c6e23f658c95a12742a7c73ddcd0a7614872f00e49a l2_grid=0,1e-6,1e-5,1e-4,1e-3,1e-2,1e-1,1,10 validation_fraction=0.2 fit_baselines_on_eval=false seed=1
2026-08-17 00:51:39,582 INFO [__main__] ========================================================================
2026-08-17 00:51:39,582 INFO [__main__] selected methods=('full_ridge_shared',)
2026-08-17 00:51:42,171 INFO [__main__] baseline selection start l2_grid=(0.0, 1e-06, 1e-05, 0.0001, 0.001, 0.01, 0.1, 1.0, 10.0)
2026-08-17 00:51:42,710 INFO [__main__] baseline selection done
2026-08-17 00:51:42,734 INFO [__main__] experiment done seconds=3.15
2026-08-17 00:51:42,734 INFO [__main__] ========================================================================
2026-08-17T00:51:43+02:00 baselines done configuration=1/12 dataset=Electricity model=chronos2 formula=full_ridge_shared lags=504 horizon=24 retrieval=raw_euclidean_1_online
2026-08-17 00:51:45,745 INFO [__main__] extraction validation directory=/home/h61084/codes/adapts/outputs/extraction/Electricity/504_168/chronos2/raw/euclidean/1/online/run_1 status=complete

2026-08-17T00:51:46+02:00 baselines start configuration=2/12 dataset=Electricity model=chronos2 formula=full_ridge_shared lags=504 horizon=168 retrieval=raw_euclidean_1_online run=/home/h61084/codes/adapts/outputs/adaptation/h_ablation/Electricity/504_168/chronos2/full_ridge_shared/raw/euclidean/1/online/run_0 computation_signature=3c4eaffec801c70331cb1e6af6bf3c99d5e6e1f60930254de142e460bf96e742 l2_grid=0,1e-6,1e-5,1e-4,1e-3,1e-2,1e-1,1,10 validation_fraction=0.2 fit_baselines_on_eval=false seed=1
2026-08-17 00:51:48,593 INFO [__main__] ========================================================================
2026-08-17 00:51:48,594 INFO [__main__] selected methods=('full_ridge_shared',)
2026-08-17 00:51:51,592 INFO [__main__] baseline selection start l2_grid=(0.0, 1e-06, 1e-05, 0.0001, 0.001, 0.01, 0.1, 1.0, 10.0)
2026-08-17 00:51:54,487 INFO [__main__] baseline selection done
2026-08-17 00:51:54,512 INFO [__main__] experiment done seconds=5.91
2026-08-17 00:51:54,512 INFO [__main__] ========================================================================
2026-08-17T00:51:55+02:00 baselines done configuration=2/12 dataset=Electricity model=chronos2 formula=full_ridge_shared lags=504 horizon=168 retrieval=raw_euclidean_1_online
2026-08-17 00:51:57,152 INFO [__main__] extraction validation directory=/home/h61084/codes/adapts/outputs/extraction/Electricity/504_504/chronos2/raw/euclidean/1/online/run_0 status=complete

2026-08-17T00:51:57+02:00 baselines start configuration=3/12 dataset=Electricity model=chronos2 formula=full_ridge_shared lags=504 horizon=504 retrieval=raw_euclidean_1_online run=/home/h61084/codes/adapts/outputs/adaptation/h_ablation/Electricity/504_504/chronos2/full_ridge_shared/raw/euclidean/1/online/run_0 computation_signature=4b812d1dbbf70222dc9d07898babd3831735c32614f0fede5f40ce970854690f l2_grid=0,1e-6,1e-5,1e-4,1e-3,1e-2,1e-1,1,10 validation_fraction=0.2 fit_baselines_on_eval=false seed=1
2026-08-17 00:52:00,192 INFO [__main__] ========================================================================
2026-08-17 00:52:00,192 INFO [__main__] selected methods=('full_ridge_shared',)
2026-08-17 00:52:03,790 INFO [__main__] baseline selection start l2_grid=(0.0, 1e-06, 1e-05, 0.0001, 0.001, 0.01, 0.1, 1.0, 10.0)
2026-08-17 00:52:11,857 INFO [__main__] baseline selection done
2026-08-17 00:52:11,900 INFO [__main__] experiment done seconds=11.70
2026-08-17 00:52:11,900 INFO [__main__] ========================================================================
2026-08-17T00:52:12+02:00 baselines done configuration=3/12 dataset=Electricity model=chronos2 formula=full_ridge_shared lags=504 horizon=504 retrieval=raw_euclidean_1_online
2026-08-17 00:52:14,474 INFO [__main__] extraction validation directory=/home/h61084/codes/adapts/outputs/extraction/Traffic/504_24/chronos2/raw/euclidean/1/online/run_0 status=complete

2026-08-17T00:52:15+02:00 baselines start configuration=4/12 dataset=Traffic model=chronos2 formula=full_ridge_shared lags=504 horizon=24 retrieval=raw_euclidean_1_online run=/home/h61084/codes/adapts/outputs/adaptation/h_ablation/Traffic/504_24/chronos2/full_ridge_shared/raw/euclidean/1/online/run_0 computation_signature=b192e58d07631bb473ea700efad93d3c77ddc2f2e0be2c6ae41a9a67a344f6fc l2_grid=0,1e-6,1e-5,1e-4,1e-3,1e-2,1e-1,1,10 validation_fraction=0.2 fit_baselines_on_eval=false seed=1
2026-08-17 00:52:17,371 INFO [__main__] ========================================================================
2026-08-17 00:52:17,371 INFO [__main__] selected methods=('full_ridge_shared',)
2026-08-17 00:52:20,770 INFO [__main__] baseline selection start l2_grid=(0.0, 1e-06, 1e-05, 0.0001, 0.001, 0.01, 0.1, 1.0, 10.0)
2026-08-17 00:52:21,612 INFO [__main__] baseline selection done
2026-08-17 00:52:21,636 INFO [__main__] experiment done seconds=4.26
2026-08-17 00:52:21,636 INFO [__main__] ========================================================================
2026-08-17T00:52:22+02:00 baselines done configuration=4/12 dataset=Traffic model=chronos2 formula=full_ridge_shared lags=504 horizon=24 retrieval=raw_euclidean_1_online
2026-08-17 00:52:24,241 INFO [__main__] extraction validation directory=/home/h61084/codes/adapts/outputs/extraction/Traffic/504_168/chronos2/raw/euclidean/1/online/run_1 status=complete

2026-08-17T00:52:24+02:00 baselines start configuration=5/12 dataset=Traffic model=chronos2 formula=full_ridge_shared lags=504 horizon=168 retrieval=raw_euclidean_1_online run=/home/h61084/codes/adapts/outputs/adaptation/h_ablation/Traffic/504_168/chronos2/full_ridge_shared/raw/euclidean/1/online/run_0 computation_signature=61455bb702aafb51ba1d277f88c757fdd3b24973e1896c197df982c536c2a96f l2_grid=0,1e-6,1e-5,1e-4,1e-3,1e-2,1e-1,1,10 validation_fraction=0.2 fit_baselines_on_eval=false seed=1
2026-08-17 00:52:27,171 INFO [__main__] ========================================================================
2026-08-17 00:52:27,171 INFO [__main__] selected methods=('full_ridge_shared',)
2026-08-17 00:52:31,359 INFO [__main__] baseline selection start l2_grid=(0.0, 1e-06, 1e-05, 0.0001, 0.001, 0.01, 0.1, 1.0, 10.0)
2026-08-17 00:52:36,705 INFO [__main__] baseline selection done
2026-08-17 00:52:36,744 INFO [__main__] experiment done seconds=9.57
2026-08-17 00:52:36,744 INFO [__main__] ========================================================================
2026-08-17T00:52:37+02:00 baselines done configuration=5/12 dataset=Traffic model=chronos2 formula=full_ridge_shared lags=504 horizon=168 retrieval=raw_euclidean_1_online
2026-08-17 00:52:39,432 INFO [__main__] extraction validation directory=/home/h61084/codes/adapts/outputs/extraction/Traffic/504_504/chronos2/raw/euclidean/1/online/run_0 status=complete

2026-08-17T00:52:40+02:00 baselines start configuration=6/12 dataset=Traffic model=chronos2 formula=full_ridge_shared lags=504 horizon=504 retrieval=raw_euclidean_1_online run=/home/h61084/codes/adapts/outputs/adaptation/h_ablation/Traffic/504_504/chronos2/full_ridge_shared/raw/euclidean/1/online/run_0 computation_signature=df79d00d7bcdd0780aa15f2566ef45c327c59fb97614bcf7b88a2ddbcdc4b786 l2_grid=0,1e-6,1e-5,1e-4,1e-3,1e-2,1e-1,1,10 validation_fraction=0.2 fit_baselines_on_eval=false seed=1
2026-08-17 00:52:42,449 INFO [__main__] ========================================================================
2026-08-17 00:52:42,449 INFO [__main__] selected methods=('full_ridge_shared',)
2026-08-17 00:52:47,882 INFO [__main__] baseline selection start l2_grid=(0.0, 1e-06, 1e-05, 0.0001, 0.001, 0.01, 0.1, 1.0, 10.0)
2026-08-17 00:53:03,178 INFO [__main__] baseline selection done
2026-08-17 00:53:03,202 INFO [__main__] experiment done seconds=20.75
2026-08-17 00:53:03,202 INFO [__main__] ========================================================================
2026-08-17T00:53:03+02:00 baselines done configuration=6/12 dataset=Traffic model=chronos2 formula=full_ridge_shared lags=504 horizon=504 retrieval=raw_euclidean_1_online
2026-08-17 00:53:06,181 INFO [__main__] extraction validation directory=/home/h61084/codes/adapts/outputs/extraction/Solar/504_24/chronos2/raw/euclidean/1/online/run_0 status=complete

2026-08-17T00:53:06+02:00 baselines start configuration=7/12 dataset=Solar model=chronos2 formula=full_ridge_shared lags=504 horizon=24 retrieval=raw_euclidean_1_online run=/home/h61084/codes/adapts/outputs/adaptation/h_ablation/Solar/504_24/chronos2/full_ridge_shared/raw/euclidean/1/online/run_0 computation_signature=aec0ec36e62a89337d034b91758538b317184e1515a50233ff0f9448518eb3f1 l2_grid=0,1e-6,1e-5,1e-4,1e-3,1e-2,1e-1,1,10 validation_fraction=0.2 fit_baselines_on_eval=false seed=1
2026-08-17 00:53:09,195 INFO [__main__] ========================================================================
2026-08-17 00:53:09,195 INFO [__main__] selected methods=('full_ridge_shared',)
2026-08-17 00:53:10,893 INFO [__main__] baseline selection start l2_grid=(0.0, 1e-06, 1e-05, 0.0001, 0.001, 0.01, 0.1, 1.0, 10.0)
2026-08-17 00:53:11,124 INFO [__main__] baseline selection done
2026-08-17 00:53:11,156 INFO [__main__] experiment done seconds=1.96
2026-08-17 00:53:11,156 INFO [__main__] ========================================================================
2026-08-17T00:53:11+02:00 baselines done configuration=7/12 dataset=Solar model=chronos2 formula=full_ridge_shared lags=504 horizon=24 retrieval=raw_euclidean_1_online
2026-08-17 00:53:13,827 INFO [__main__] extraction validation directory=/home/h61084/codes/adapts/outputs/extraction/Solar/504_168/chronos2/raw/euclidean/1/online/run_1 status=complete

2026-08-17T00:53:14+02:00 baselines start configuration=8/12 dataset=Solar model=chronos2 formula=full_ridge_shared lags=504 horizon=168 retrieval=raw_euclidean_1_online run=/home/h61084/codes/adapts/outputs/adaptation/h_ablation/Solar/504_168/chronos2/full_ridge_shared/raw/euclidean/1/online/run_0 computation_signature=0446cce572f96b6b29d1957e1935267384a23c539e76465bd5b567118fbc71ca l2_grid=0,1e-6,1e-5,1e-4,1e-3,1e-2,1e-1,1,10 validation_fraction=0.2 fit_baselines_on_eval=false seed=1
2026-08-17 00:53:16,751 INFO [__main__] ========================================================================
2026-08-17 00:53:16,751 INFO [__main__] selected methods=('full_ridge_shared',)
2026-08-17 00:53:18,504 INFO [__main__] baseline selection start l2_grid=(0.0, 1e-06, 1e-05, 0.0001, 0.001, 0.01, 0.1, 1.0, 10.0)
2026-08-17 00:53:19,046 INFO [__main__] baseline selection done
2026-08-17 00:53:19,069 INFO [__main__] experiment done seconds=2.32
2026-08-17 00:53:19,069 INFO [__main__] ========================================================================
2026-08-17T00:53:19+02:00 baselines done configuration=8/12 dataset=Solar model=chronos2 formula=full_ridge_shared lags=504 horizon=168 retrieval=raw_euclidean_1_online
2026-08-17 00:53:21,648 INFO [__main__] extraction validation directory=/home/h61084/codes/adapts/outputs/extraction/Solar/504_504/chronos2/raw/euclidean/1/online/run_0 status=complete

2026-08-17T00:53:22+02:00 baselines start configuration=9/12 dataset=Solar model=chronos2 formula=full_ridge_shared lags=504 horizon=504 retrieval=raw_euclidean_1_online run=/home/h61084/codes/adapts/outputs/adaptation/h_ablation/Solar/504_504/chronos2/full_ridge_shared/raw/euclidean/1/online/run_0 computation_signature=11d346e487deb554d13a46079f4dd97741f82072c44e2dbdcf02f4ee25b82dcf l2_grid=0,1e-6,1e-5,1e-4,1e-3,1e-2,1e-1,1,10 validation_fraction=0.2 fit_baselines_on_eval=false seed=1
2026-08-17 00:53:24,550 INFO [__main__] ========================================================================
2026-08-17 00:53:24,550 INFO [__main__] selected methods=('full_ridge_shared',)
2026-08-17 00:53:26,547 INFO [__main__] baseline selection start l2_grid=(0.0, 1e-06, 1e-05, 0.0001, 0.001, 0.01, 0.1, 1.0, 10.0)
2026-08-17 00:53:27,711 INFO [__main__] baseline selection done
2026-08-17 00:53:27,775 INFO [__main__] experiment done seconds=3.22
2026-08-17 00:53:27,775 INFO [__main__] ========================================================================
2026-08-17T00:53:28+02:00 baselines done configuration=9/12 dataset=Solar model=chronos2 formula=full_ridge_shared lags=504 horizon=504 retrieval=raw_euclidean_1_online
2026-08-17 00:53:30,433 INFO [__main__] extraction validation directory=/home/h61084/codes/adapts/outputs/extraction/exchange_rate/504_24/chronos2/raw/euclidean/1/online/run_0 status=complete

2026-08-17T00:53:30+02:00 baselines start configuration=10/12 dataset=exchange_rate model=chronos2 formula=full_ridge_shared lags=504 horizon=24 retrieval=raw_euclidean_1_online run=/home/h61084/codes/adapts/outputs/adaptation/h_ablation/exchange_rate/504_24/chronos2/full_ridge_shared/raw/euclidean/1/online/run_0 computation_signature=b569b704ce05ba01e1a011e947c84fc72eb8160664a20c6b1b5e4700f5c8be07 l2_grid=0,1e-6,1e-5,1e-4,1e-3,1e-2,1e-1,1,10 validation_fraction=0.2 fit_baselines_on_eval=false seed=1
2026-08-17 00:53:33,328 INFO [__main__] ========================================================================
2026-08-17 00:53:33,328 INFO [__main__] selected methods=('full_ridge_shared',)
2026-08-17 00:53:35,119 INFO [__main__] baseline selection start l2_grid=(0.0, 1e-06, 1e-05, 0.0001, 0.001, 0.01, 0.1, 1.0, 10.0)
2026-08-17 00:53:35,262 INFO [__main__] baseline selection done
2026-08-17 00:53:35,285 INFO [__main__] experiment done seconds=1.95
2026-08-17 00:53:35,285 INFO [__main__] ========================================================================
2026-08-17T00:53:35+02:00 baselines done configuration=10/12 dataset=exchange_rate model=chronos2 formula=full_ridge_shared lags=504 horizon=24 retrieval=raw_euclidean_1_online
2026-08-17 00:53:37,987 INFO [__main__] extraction validation directory=/home/h61084/codes/adapts/outputs/extraction/exchange_rate/504_168/chronos2/raw/euclidean/1/online/run_1 status=complete

2026-08-17T00:53:38+02:00 baselines start configuration=11/12 dataset=exchange_rate model=chronos2 formula=full_ridge_shared lags=504 horizon=168 retrieval=raw_euclidean_1_online run=/home/h61084/codes/adapts/outputs/adaptation/h_ablation/exchange_rate/504_168/chronos2/full_ridge_shared/raw/euclidean/1/online/run_0 computation_signature=1aedb43350d31d5261c0e03e34dd6a098604e6cb06b930f663177a2ab64bb15b l2_grid=0,1e-6,1e-5,1e-4,1e-3,1e-2,1e-1,1,10 validation_fraction=0.2 fit_baselines_on_eval=false seed=1
2026-08-17 00:53:40,994 INFO [__main__] ========================================================================
2026-08-17 00:53:40,994 INFO [__main__] selected methods=('full_ridge_shared',)
2026-08-17 00:53:42,502 INFO [__main__] baseline selection start l2_grid=(0.0, 1e-06, 1e-05, 0.0001, 0.001, 0.01, 0.1, 1.0, 10.0)
2026-08-17 00:53:42,651 INFO [__main__] baseline selection done
2026-08-17 00:53:42,674 INFO [__main__] experiment done seconds=1.68
2026-08-17 00:53:42,674 INFO [__main__] ========================================================================
2026-08-17T00:53:43+02:00 baselines done configuration=11/12 dataset=exchange_rate model=chronos2 formula=full_ridge_shared lags=504 horizon=168 retrieval=raw_euclidean_1_online
2026-08-17 00:53:45,283 INFO [__main__] extraction validation directory=/home/h61084/codes/adapts/outputs/extraction/exchange_rate/504_504/chronos2/raw/euclidean/1/online/run_0 status=complete

2026-08-17T00:53:45+02:00 baselines start configuration=12/12 dataset=exchange_rate model=chronos2 formula=full_ridge_shared lags=504 horizon=504 retrieval=raw_euclidean_1_online run=/home/h61084/codes/adapts/outputs/adaptation/h_ablation/exchange_rate/504_504/chronos2/full_ridge_shared/raw/euclidean/1/online/run_0 computation_signature=a4c9af96f11613ed8e0dcb85cf4a9a77e775ad2c2948c50cff9b4f87c0617871 l2_grid=0,1e-6,1e-5,1e-4,1e-3,1e-2,1e-1,1,10 validation_fraction=0.2 fit_baselines_on_eval=false seed=1
2026-08-17 00:53:48,277 INFO [__main__] ========================================================================
2026-08-17 00:53:48,278 INFO [__main__] selected methods=('full_ridge_shared',)
2026-08-17 00:53:49,811 INFO [__main__] baseline selection start l2_grid=(0.0, 1e-06, 1e-05, 0.0001, 0.001, 0.01, 0.1, 1.0, 10.0)
2026-08-17 00:53:50,012 INFO [__main__] baseline selection done
2026-08-17 00:53:50,035 INFO [__main__] experiment done seconds=1.75
2026-08-17 00:53:50,035 INFO [__main__] ========================================================================
2026-08-17T00:53:50+02:00 baselines done configuration=12/12 dataset=exchange_rate model=chronos2 formula=full_ridge_shared lags=504 horizon=504 retrieval=raw_euclidean_1_online

2026-08-17T00:53:50+02:00 job done kind=baselines output=outputs/adaptation/h_ablation

2026-08-17T00:53:50+02:00 job start kind=adaptation_extraction family=h_ablation experiment_mode=full skip_complete=true tasks=24 datasets=Electricity,Traffic,Solar,exchange_rate models=chronos2 settings=504:24,504:168,504:504 distance_spaces=instance distance_metrics=euclidean neighbors=1
2026-08-17T00:53:50+02:00 skip complete family=extraction dataset=Electricity model=chronos2 lags=504 horizon=24 retrieval=vanilla run=/home/h61084/codes/adapts/outputs/extraction/Electricity/504_24/chronos2/none/none/0/none/run_0
2026-08-17T00:53:50+02:00 skip complete family=extraction dataset=Electricity model=chronos2 lags=504 horizon=24 retrieval=instance_euclidean_1_online run=/home/h61084/codes/adapts/outputs/extraction/Electricity/504_24/chronos2/instance/euclidean/1/online/run_0
2026-08-17T00:53:50+02:00 skip complete family=extraction dataset=Electricity model=chronos2 lags=504 horizon=168 retrieval=vanilla run=/home/h61084/codes/adapts/outputs/extraction/Electricity/504_168/chronos2/none/none/0/none/run_2
2026-08-17T00:53:50+02:00 skip complete family=extraction dataset=Electricity model=chronos2 lags=504 horizon=168 retrieval=instance_euclidean_1_online run=/home/h61084/codes/adapts/outputs/extraction/Electricity/504_168/chronos2/instance/euclidean/1/online/run_1
2026-08-17T00:53:50+02:00 skip complete family=extraction dataset=Electricity model=chronos2 lags=504 horizon=504 retrieval=vanilla run=/home/h61084/codes/adapts/outputs/extraction/Electricity/504_504/chronos2/none/none/0/none/run_0

2026-08-17T00:53:51+02:00 extraction start configuration=6/24 dataset=Electricity model=chronos2 lags=504 horizon=504 retrieval=instance_euclidean_1_online run=/home/h61084/codes/adapts/outputs/extraction/Electricity/504_504/chronos2/instance/euclidean/1/online/run_0 computation_signature=0a775ac144a1f13ff0330e05b0740a7a53d321c22847a17fb180485da988a3a6 period=24 align_period=false datastore_stride=25 adapt_stride=25 eval_stride=127 max_store_windows=30000 seed=1
2026-08-17 00:53:53,467 INFO [__main__] ========================================================================
2026-08-17 00:53:53,468 INFO [__main__] experiment start kind=extraction dataset=Electricity model=chronos2 lags=504 horizon=504 neighbors=1 distance=instance/euclidean
2026-08-17 00:53:53,768 INFO [__main__] dataset load start
2026-08-17 00:53:53,770 INFO [src.data.load_dataset] loaded dataset config path=/home/h61084/codes/datasets/electricity/config.json keys=['aggr', 'date_col', 'drop_users']
2026-08-17 00:53:54,465 INFO [__main__] dataset load done dates=26304 users=312
2026-08-17 00:53:54,466 INFO [__main__] model load start
2026-08-17 00:54:05,409 INFO [__main__] model load done name=chronos2 device=cuda parameters_total=119,477,664 parameters_trainable=0
2026-08-17 00:54:05,411 INFO [__main__] extraction start split=adapt queries=506
2026-08-17 01:11:36,313 INFO [__main__] extraction done split=adapt
2026-08-17 01:11:36,314 INFO [__main__] extraction start split=eval queries=38
2026-08-17 01:12:56,635 INFO [__main__] extraction done split=eval
2026-08-17 01:12:57,696 INFO [__main__] completion marker saved path=/home/h61084/codes/adapts/outputs/extraction/Electricity/504_504/chronos2/instance/euclidean/1/online/run_0/extraction_manifest.json
2026-08-17 01:12:57,696 INFO [__main__] outputs saved dir=/home/h61084/codes/adapts/outputs/extraction/Electricity/504_504/chronos2/instance/euclidean/1/online/run_0
2026-08-17 01:12:57,696 INFO [__main__] experiment done seconds=1144.22
2026-08-17 01:12:57,696 INFO [__main__] ========================================================================
2026-08-17 01:13:01,100 INFO [__main__] extraction validation directory=/home/h61084/codes/adapts/outputs/extraction/Electricity/504_504/chronos2/instance/euclidean/1/online/run_0 status=complete
2026-08-17T01:13:01+02:00 extraction done configuration=6/24 dataset=Electricity model=chronos2 lags=504 horizon=504 retrieval=instance_euclidean_1_online
2026-08-17T01:13:01+02:00 skip complete family=extraction dataset=Traffic model=chronos2 lags=504 horizon=24 retrieval=vanilla run=/home/h61084/codes/adapts/outputs/extraction/Traffic/504_24/chronos2/none/none/0/none/run_0
2026-08-17T01:13:01+02:00 skip complete family=extraction dataset=Traffic model=chronos2 lags=504 horizon=24 retrieval=instance_euclidean_1_online run=/home/h61084/codes/adapts/outputs/extraction/Traffic/504_24/chronos2/instance/euclidean/1/online/run_0
2026-08-17T01:13:01+02:00 skip complete family=extraction dataset=Traffic model=chronos2 lags=504 horizon=168 retrieval=vanilla run=/home/h61084/codes/adapts/outputs/extraction/Traffic/504_168/chronos2/none/none/0/none/run_1
2026-08-17T01:13:01+02:00 skip complete family=extraction dataset=Traffic model=chronos2 lags=504 horizon=168 retrieval=instance_euclidean_1_online run=/home/h61084/codes/adapts/outputs/extraction/Traffic/504_168/chronos2/instance/euclidean/1/online/run_1
2026-08-17T01:13:01+02:00 skip complete family=extraction dataset=Traffic model=chronos2 lags=504 horizon=504 retrieval=vanilla run=/home/h61084/codes/adapts/outputs/extraction/Traffic/504_504/chronos2/none/none/0/none/run_0

2026-08-17T01:13:02+02:00 extraction start configuration=12/24 dataset=Traffic model=chronos2 lags=504 horizon=504 retrieval=instance_euclidean_1_online run=/home/h61084/codes/adapts/outputs/extraction/Traffic/504_504/chronos2/instance/euclidean/1/online/run_0 computation_signature=f3cffa438f31143285dfae27d77364d0149978f7a747106443c9468e166383d9 period=24 align_period=false datastore_stride=25 adapt_stride=25 eval_stride=127 max_store_windows=30000 seed=1
2026-08-17 01:13:04,461 INFO [__main__] ========================================================================
2026-08-17 01:13:04,461 INFO [__main__] experiment start kind=extraction dataset=Traffic model=chronos2 lags=504 horizon=504 neighbors=1 distance=instance/euclidean
2026-08-17 01:13:04,826 INFO [__main__] dataset load start
2026-08-17 01:13:04,827 INFO [src.data.load_dataset] loaded dataset config path=/home/h61084/codes/datasets/traffic/config.json keys=['aggr', 'date_col', 'drop_users']
2026-08-17 01:13:05,986 INFO [__main__] dataset load done dates=17544 users=860
2026-08-17 01:13:05,986 INFO [__main__] model load start
2026-08-17 01:13:17,286 INFO [__main__] model load done name=chronos2 device=cuda parameters_total=119,477,664 parameters_trainable=0
2026-08-17 01:13:17,288 INFO [__main__] extraction start split=adapt queries=331
2026-08-17 01:40:53,183 INFO [__main__] extraction done split=adapt
2026-08-17 01:40:53,183 INFO [__main__] extraction start split=eval queries=24
2026-08-17 01:42:50,593 INFO [__main__] extraction done split=eval
2026-08-17 01:42:51,664 INFO [__main__] completion marker saved path=/home/h61084/codes/adapts/outputs/extraction/Traffic/504_504/chronos2/instance/euclidean/1/online/run_0/extraction_manifest.json
2026-08-17 01:42:51,664 INFO [__main__] outputs saved dir=/home/h61084/codes/adapts/outputs/extraction/Traffic/504_504/chronos2/instance/euclidean/1/online/run_0
2026-08-17 01:42:51,664 INFO [__main__] experiment done seconds=1787.20
2026-08-17 01:42:51,664 INFO [__main__] ========================================================================
2026-08-17 01:42:55,153 INFO [__main__] extraction validation directory=/home/h61084/codes/adapts/outputs/extraction/Traffic/504_504/chronos2/instance/euclidean/1/online/run_0 status=complete
2026-08-17T01:42:55+02:00 extraction done configuration=12/24 dataset=Traffic model=chronos2 lags=504 horizon=504 retrieval=instance_euclidean_1_online
2026-08-17T01:42:55+02:00 skip complete family=extraction dataset=Solar model=chronos2 lags=504 horizon=24 retrieval=vanilla run=/home/h61084/codes/adapts/outputs/extraction/Solar/504_24/chronos2/none/none/0/none/run_0
2026-08-17T01:42:55+02:00 skip complete family=extraction dataset=Solar model=chronos2 lags=504 horizon=24 retrieval=instance_euclidean_1_online run=/home/h61084/codes/adapts/outputs/extraction/Solar/504_24/chronos2/instance/euclidean/1/online/run_0
2026-08-17T01:42:55+02:00 skip complete family=extraction dataset=Solar model=chronos2 lags=504 horizon=168 retrieval=vanilla run=/home/h61084/codes/adapts/outputs/extraction/Solar/504_168/chronos2/none/none/0/none/run_1
2026-08-17T01:42:55+02:00 skip complete family=extraction dataset=Solar model=chronos2 lags=504 horizon=168 retrieval=instance_euclidean_1_online run=/home/h61084/codes/adapts/outputs/extraction/Solar/504_168/chronos2/instance/euclidean/1/online/run_1
2026-08-17T01:42:56+02:00 skip complete family=extraction dataset=Solar model=chronos2 lags=504 horizon=504 retrieval=vanilla run=/home/h61084/codes/adapts/outputs/extraction/Solar/504_504/chronos2/none/none/0/none/run_0

2026-08-17T01:42:56+02:00 extraction start configuration=18/24 dataset=Solar model=chronos2 lags=504 horizon=504 retrieval=instance_euclidean_1_online run=/home/h61084/codes/adapts/outputs/extraction/Solar/504_504/chronos2/instance/euclidean/1/online/run_0 computation_signature=f79bb85637375da6cbb2de81eb27c0d5cc8d5ee753c2b800d803b5d6e39d4438 period=24 align_period=false datastore_stride=25 adapt_stride=25 eval_stride=127 max_store_windows=30000 seed=1
2026-08-17 01:42:58,493 INFO [__main__] ========================================================================
2026-08-17 01:42:58,494 INFO [__main__] experiment start kind=extraction dataset=Solar model=chronos2 lags=504 horizon=504 neighbors=1 distance=instance/euclidean
2026-08-17 01:42:58,807 INFO [__main__] dataset load start
2026-08-17 01:42:58,808 INFO [src.data.load_dataset] loaded dataset config path=/home/h61084/codes/datasets/solar/config.json keys=['aggr', 'date_col', 'drop_users']
2026-08-17 01:42:59,208 INFO [__main__] dataset load done dates=8760 users=137
2026-08-17 01:42:59,208 INFO [__main__] model load start
2026-08-17 01:43:10,262 INFO [__main__] model load done name=chronos2 device=cuda parameters_total=119,477,664 parameters_trainable=0
2026-08-17 01:43:10,263 INFO [__main__] extraction start split=adapt queries=156
2026-08-17 01:45:32,340 INFO [__main__] extraction done split=adapt
2026-08-17 01:45:32,340 INFO [__main__] extraction start split=eval queries=10
2026-08-17 01:45:40,369 INFO [__main__] extraction done split=eval
2026-08-17 01:45:41,234 INFO [__main__] completion marker saved path=/home/h61084/codes/adapts/outputs/extraction/Solar/504_504/chronos2/instance/euclidean/1/online/run_0/extraction_manifest.json
2026-08-17 01:45:41,235 INFO [__main__] outputs saved dir=/home/h61084/codes/adapts/outputs/extraction/Solar/504_504/chronos2/instance/euclidean/1/online/run_0
2026-08-17 01:45:41,235 INFO [__main__] experiment done seconds=162.74
2026-08-17 01:45:41,235 INFO [__main__] ========================================================================
2026-08-17 01:45:44,515 INFO [__main__] extraction validation directory=/home/h61084/codes/adapts/outputs/extraction/Solar/504_504/chronos2/instance/euclidean/1/online/run_0 status=complete
2026-08-17T01:45:44+02:00 extraction done configuration=18/24 dataset=Solar model=chronos2 lags=504 horizon=504 retrieval=instance_euclidean_1_online
2026-08-17T01:45:45+02:00 skip complete family=extraction dataset=exchange_rate model=chronos2 lags=504 horizon=24 retrieval=vanilla run=/home/h61084/codes/adapts/outputs/extraction/exchange_rate/504_24/chronos2/none/none/0/none/run_0
2026-08-17T01:45:45+02:00 skip complete family=extraction dataset=exchange_rate model=chronos2 lags=504 horizon=24 retrieval=instance_euclidean_1_online run=/home/h61084/codes/adapts/outputs/extraction/exchange_rate/504_24/chronos2/instance/euclidean/1/online/run_0
2026-08-17T01:45:45+02:00 skip complete family=extraction dataset=exchange_rate model=chronos2 lags=504 horizon=168 retrieval=vanilla run=/home/h61084/codes/adapts/outputs/extraction/exchange_rate/504_168/chronos2/none/none/0/none/run_1
2026-08-17T01:45:45+02:00 skip complete family=extraction dataset=exchange_rate model=chronos2 lags=504 horizon=168 retrieval=instance_euclidean_1_online run=/home/h61084/codes/adapts/outputs/extraction/exchange_rate/504_168/chronos2/instance/euclidean/1/online/run_1
2026-08-17T01:45:45+02:00 skip complete family=extraction dataset=exchange_rate model=chronos2 lags=504 horizon=504 retrieval=vanilla run=/home/h61084/codes/adapts/outputs/extraction/exchange_rate/504_504/chronos2/none/none/0/none/run_0

2026-08-17T01:45:45+02:00 extraction start configuration=24/24 dataset=exchange_rate model=chronos2 lags=504 horizon=504 retrieval=instance_euclidean_1_online run=/home/h61084/codes/adapts/outputs/extraction/exchange_rate/504_504/chronos2/instance/euclidean/1/online/run_0 computation_signature=e2b15b904181244fd9d5997cb2f0e228b9fb3c4e751ebf6fe5bb4ccf9ccdfd80 period=24 align_period=false datastore_stride=25 adapt_stride=25 eval_stride=127 max_store_windows=30000 seed=1
2026-08-17 01:45:47,934 INFO [__main__] ========================================================================
2026-08-17 01:45:47,934 INFO [__main__] experiment start kind=extraction dataset=exchange_rate model=chronos2 lags=504 horizon=504 neighbors=1 distance=instance/euclidean
2026-08-17 01:45:48,229 INFO [__main__] dataset load start
2026-08-17 01:45:48,230 INFO [src.data.load_dataset] loaded dataset config path=/home/h61084/codes/datasets/exchange_rate/config.json keys=['aggr', 'date_col', 'drop_users']
2026-08-17 01:45:48,249 INFO [__main__] dataset load done dates=7588 users=8
2026-08-17 01:45:48,249 INFO [__main__] model load start
2026-08-17 01:45:59,131 INFO [__main__] model load done name=chronos2 device=cuda parameters_total=119,477,664 parameters_trainable=0
2026-08-17 01:45:59,132 INFO [__main__] extraction start split=adapt queries=132
2026-08-17 01:46:07,473 INFO [__main__] extraction done split=adapt
2026-08-17 01:46:07,473 INFO [__main__] extraction start split=eval queries=8
2026-08-17 01:46:07,974 INFO [__main__] extraction done split=eval
2026-08-17 01:46:08,426 INFO [__main__] completion marker saved path=/home/h61084/codes/adapts/outputs/extraction/exchange_rate/504_504/chronos2/instance/euclidean/1/online/run_0/extraction_manifest.json
2026-08-17 01:46:08,426 INFO [__main__] outputs saved dir=/home/h61084/codes/adapts/outputs/extraction/exchange_rate/504_504/chronos2/instance/euclidean/1/online/run_0
2026-08-17 01:46:08,426 INFO [__main__] experiment done seconds=20.49
2026-08-17 01:46:08,426 INFO [__main__] ========================================================================
2026-08-17 01:46:11,124 INFO [__main__] extraction validation directory=/home/h61084/codes/adapts/outputs/extraction/exchange_rate/504_504/chronos2/instance/euclidean/1/online/run_0 status=complete
2026-08-17T01:46:11+02:00 extraction done configuration=24/24 dataset=exchange_rate model=chronos2 lags=504 horizon=504 retrieval=instance_euclidean_1_online

2026-08-17T01:46:11+02:00 job done kind=adaptation_extraction output=outputs/extraction

2026-08-17T01:46:11+02:00 job start kind=gates family=h_ablation experiment_mode=full skip_complete=true tasks=12 datasets=Electricity,Traffic,Solar,exchange_rate models=chronos2 settings=504:24,504:168,504:504 distance_spaces=instance distance_metrics=euclidean neighbors=1 methods=catboost_avgy_regressor_shared,bayes_avgy_shared task_type=CPU thread_count=2 horizon_fits=serial allocated_cpus=16 results_root=outputs/adaptation/h_ablation
2026-08-17 01:46:13,619 INFO [__main__] extraction validation directory=/home/h61084/codes/adapts/outputs/extraction/Electricity/504_24/chronos2/instance/euclidean/1/online/run_0 status=complete

2026-08-17T01:46:14+02:00 gates start configuration=1/12 dataset=Electricity model=chronos2 formula=catboost_avgy_regressor_shared lags=504 horizon=24 retrieval=instance_euclidean_1_online run=/home/h61084/codes/adapts/outputs/adaptation/h_ablation/Electricity/504_24/chronos2/catboost_avgy_regressor_shared/instance/euclidean/1/online/run_0 computation_signature=1c9999085010677d3a15a7f4b92e903c2d8d7c3b9a26a861264225045f396e1a iterations=300 learning_rate=0.03 depth=4 early_stopping_rounds=50 task_type=CPU thread_count=2 validation_fraction=0.2 seed=1
2026-08-17 01:46:16,469 INFO [__main__] ========================================================================
2026-08-17 01:46:16,469 INFO [__main__] selected methods=('catboost_avgy_regressor_shared',)
2026-08-17 01:46:19,305 INFO [__main__] gate fitting start candidate=avgy
2026-08-17 01:46:21,988 INFO [__main__] gate fitting done candidate=avgy
2026-08-17 01:46:22,581 INFO [__main__] experiment done seconds=6.11
2026-08-17 01:46:22,581 INFO [__main__] ========================================================================
2026-08-17T01:46:23+02:00 gates done configuration=1/12 dataset=Electricity model=chronos2 formula=catboost_avgy_regressor_shared lags=504 horizon=24 retrieval=instance_euclidean_1_online

2026-08-17T01:46:23+02:00 gates start configuration=1/12 dataset=Electricity model=chronos2 formula=bayes_avgy_shared lags=504 horizon=24 retrieval=instance_euclidean_1_online run=/home/h61084/codes/adapts/outputs/adaptation/h_ablation/Electricity/504_24/chronos2/bayes_avgy_shared/instance/euclidean/1/online/run_0 computation_signature=d07ce140657b37fc2f2037d6cd2f55ea9c1b3c63784c14c75657e3210e186f0c iterations=300 learning_rate=0.03 depth=4 early_stopping_rounds=50 task_type=CPU thread_count=2 validation_fraction=0.2 seed=1
2026-08-17 01:46:25,840 INFO [__main__] ========================================================================
2026-08-17 01:46:25,840 INFO [__main__] selected methods=('bayes_avgy_shared',)
2026-08-17 01:46:28,791 INFO [__main__] gate fitting start candidate=avgy
2026-08-17 01:46:28,995 INFO [__main__] gate fitting done candidate=avgy
2026-08-17 01:46:29,022 INFO [__main__] experiment done seconds=3.18
2026-08-17 01:46:29,022 INFO [__main__] ========================================================================
2026-08-17T01:46:29+02:00 gates done configuration=1/12 dataset=Electricity model=chronos2 formula=bayes_avgy_shared lags=504 horizon=24 retrieval=instance_euclidean_1_online
2026-08-17 01:46:31,655 INFO [__main__] extraction validation directory=/home/h61084/codes/adapts/outputs/extraction/Electricity/504_168/chronos2/instance/euclidean/1/online/run_1 status=complete

2026-08-17T01:46:32+02:00 gates start configuration=2/12 dataset=Electricity model=chronos2 formula=catboost_avgy_regressor_shared lags=504 horizon=168 retrieval=instance_euclidean_1_online run=/home/h61084/codes/adapts/outputs/adaptation/h_ablation/Electricity/504_168/chronos2/catboost_avgy_regressor_shared/instance/euclidean/1/online/run_0 computation_signature=24e18f9dd299897370d058a8872120ed1f008ac59d8e32c669ed406c3dd8a2b2 iterations=300 learning_rate=0.03 depth=4 early_stopping_rounds=50 task_type=CPU thread_count=2 validation_fraction=0.2 seed=1
2026-08-17 01:46:34,585 INFO [__main__] ========================================================================
2026-08-17 01:46:34,585 INFO [__main__] selected methods=('catboost_avgy_regressor_shared',)
2026-08-17 01:46:48,100 INFO [__main__] gate fitting start candidate=avgy
2026-08-17 01:46:52,396 INFO [__main__] gate fitting done candidate=avgy
2026-08-17 01:46:53,018 INFO [__main__] experiment done seconds=18.43
2026-08-17 01:46:53,018 INFO [__main__] ========================================================================
2026-08-17T01:46:53+02:00 gates done configuration=2/12 dataset=Electricity model=chronos2 formula=catboost_avgy_regressor_shared lags=504 horizon=168 retrieval=instance_euclidean_1_online

2026-08-17T01:46:53+02:00 gates start configuration=2/12 dataset=Electricity model=chronos2 formula=bayes_avgy_shared lags=504 horizon=168 retrieval=instance_euclidean_1_online run=/home/h61084/codes/adapts/outputs/adaptation/h_ablation/Electricity/504_168/chronos2/bayes_avgy_shared/instance/euclidean/1/online/run_0 computation_signature=f21d9cecd59230ca975b6c3cc018e1dbf080a0ef0f36a8f71d7c7fca63c5f305 iterations=300 learning_rate=0.03 depth=4 early_stopping_rounds=50 task_type=CPU thread_count=2 validation_fraction=0.2 seed=1
2026-08-17 01:46:56,400 INFO [__main__] ========================================================================
2026-08-17 01:46:56,400 INFO [__main__] selected methods=('bayes_avgy_shared',)
2026-08-17 01:47:01,029 INFO [__main__] gate fitting start candidate=avgy
2026-08-17 01:47:01,894 INFO [__main__] gate fitting done candidate=avgy
2026-08-17 01:47:01,921 INFO [__main__] experiment done seconds=5.52
2026-08-17 01:47:01,921 INFO [__main__] ========================================================================
2026-08-17T01:47:02+02:00 gates done configuration=2/12 dataset=Electricity model=chronos2 formula=bayes_avgy_shared lags=504 horizon=168 retrieval=instance_euclidean_1_online
2026-08-17 01:47:04,540 INFO [__main__] extraction validation directory=/home/h61084/codes/adapts/outputs/extraction/Electricity/504_504/chronos2/instance/euclidean/1/online/run_0 status=complete

2026-08-17T01:47:05+02:00 gates start configuration=3/12 dataset=Electricity model=chronos2 formula=catboost_avgy_regressor_shared lags=504 horizon=504 retrieval=instance_euclidean_1_online run=/home/h61084/codes/adapts/outputs/adaptation/h_ablation/Electricity/504_504/chronos2/catboost_avgy_regressor_shared/instance/euclidean/1/online/run_0 computation_signature=47f153269f29b12c761c575803d897d42b897fd013f7e0cd6a6abf3ab31bb3a5 iterations=300 learning_rate=0.03 depth=4 early_stopping_rounds=50 task_type=CPU thread_count=2 validation_fraction=0.2 seed=1
2026-08-17 01:47:07,485 INFO [__main__] ========================================================================
2026-08-17 01:47:07,485 INFO [__main__] selected methods=('catboost_avgy_regressor_shared',)
2026-08-17 01:47:27,084 INFO [__main__] gate fitting start candidate=avgy
2026-08-17 01:47:33,837 INFO [__main__] gate fitting done candidate=avgy
2026-08-17 01:47:34,419 INFO [__main__] experiment done seconds=26.93
2026-08-17 01:47:34,419 INFO [__main__] ========================================================================
2026-08-17T01:47:35+02:00 gates done configuration=3/12 dataset=Electricity model=chronos2 formula=catboost_avgy_regressor_shared lags=504 horizon=504 retrieval=instance_euclidean_1_online

2026-08-17T01:47:35+02:00 gates start configuration=3/12 dataset=Electricity model=chronos2 formula=bayes_avgy_shared lags=504 horizon=504 retrieval=instance_euclidean_1_online run=/home/h61084/codes/adapts/outputs/adaptation/h_ablation/Electricity/504_504/chronos2/bayes_avgy_shared/instance/euclidean/1/online/run_0 computation_signature=29d9f86a0eb4f2f6395ee027e5cb86961bb123b469ff241762e740e7b4e6a54b iterations=300 learning_rate=0.03 depth=4 early_stopping_rounds=50 task_type=CPU thread_count=2 validation_fraction=0.2 seed=1
2026-08-17 01:47:37,595 INFO [__main__] ========================================================================
2026-08-17 01:47:37,595 INFO [__main__] selected methods=('bayes_avgy_shared',)
2026-08-17 01:47:45,561 INFO [__main__] gate fitting start candidate=avgy
2026-08-17 01:47:47,965 INFO [__main__] gate fitting done candidate=avgy
2026-08-17 01:47:47,997 INFO [__main__] experiment done seconds=10.40
2026-08-17 01:47:47,997 INFO [__main__] ========================================================================
2026-08-17T01:47:48+02:00 gates done configuration=3/12 dataset=Electricity model=chronos2 formula=bayes_avgy_shared lags=504 horizon=504 retrieval=instance_euclidean_1_online
2026-08-17 01:47:50,674 INFO [__main__] extraction validation directory=/home/h61084/codes/adapts/outputs/extraction/Traffic/504_24/chronos2/instance/euclidean/1/online/run_0 status=complete

2026-08-17T01:47:51+02:00 gates start configuration=4/12 dataset=Traffic model=chronos2 formula=catboost_avgy_regressor_shared lags=504 horizon=24 retrieval=instance_euclidean_1_online run=/home/h61084/codes/adapts/outputs/adaptation/h_ablation/Traffic/504_24/chronos2/catboost_avgy_regressor_shared/instance/euclidean/1/online/run_0 computation_signature=345dddf8feaab389a505789c7552010bcc5ea4e068bd06d429618f0c3c6ccd27 iterations=300 learning_rate=0.03 depth=4 early_stopping_rounds=50 task_type=CPU thread_count=2 validation_fraction=0.2 seed=1
2026-08-17 01:47:53,625 INFO [__main__] ========================================================================
2026-08-17 01:47:53,625 INFO [__main__] selected methods=('catboost_avgy_regressor_shared',)
2026-08-17 01:47:57,712 INFO [__main__] gate fitting start candidate=avgy
2026-08-17 01:48:04,298 INFO [__main__] gate fitting done candidate=avgy
2026-08-17 01:48:04,919 INFO [__main__] experiment done seconds=11.29
2026-08-17 01:48:04,919 INFO [__main__] ========================================================================
2026-08-17T01:48:05+02:00 gates done configuration=4/12 dataset=Traffic model=chronos2 formula=catboost_avgy_regressor_shared lags=504 horizon=24 retrieval=instance_euclidean_1_online

2026-08-17T01:48:05+02:00 gates start configuration=4/12 dataset=Traffic model=chronos2 formula=bayes_avgy_shared lags=504 horizon=24 retrieval=instance_euclidean_1_online run=/home/h61084/codes/adapts/outputs/adaptation/h_ablation/Traffic/504_24/chronos2/bayes_avgy_shared/instance/euclidean/1/online/run_0 computation_signature=16f23ca5f2527a5ee30c4493b62ece63575e3d1530ff2accb600a4e5c787facc iterations=300 learning_rate=0.03 depth=4 early_stopping_rounds=50 task_type=CPU thread_count=2 validation_fraction=0.2 seed=1
2026-08-17 01:48:08,311 INFO [__main__] ========================================================================
2026-08-17 01:48:08,312 INFO [__main__] selected methods=('bayes_avgy_shared',)
2026-08-17 01:48:12,510 INFO [__main__] gate fitting start candidate=avgy
2026-08-17 01:48:12,799 INFO [__main__] gate fitting done candidate=avgy
2026-08-17 01:48:12,826 INFO [__main__] experiment done seconds=4.51
2026-08-17 01:48:12,826 INFO [__main__] ========================================================================
2026-08-17T01:48:13+02:00 gates done configuration=4/12 dataset=Traffic model=chronos2 formula=bayes_avgy_shared lags=504 horizon=24 retrieval=instance_euclidean_1_online
2026-08-17 01:48:15,357 INFO [__main__] extraction validation directory=/home/h61084/codes/adapts/outputs/extraction/Traffic/504_168/chronos2/instance/euclidean/1/online/run_1 status=complete

2026-08-17T01:48:15+02:00 gates start configuration=5/12 dataset=Traffic model=chronos2 formula=catboost_avgy_regressor_shared lags=504 horizon=168 retrieval=instance_euclidean_1_online run=/home/h61084/codes/adapts/outputs/adaptation/h_ablation/Traffic/504_168/chronos2/catboost_avgy_regressor_shared/instance/euclidean/1/online/run_0 computation_signature=4b96442c0b02a51b3285bd0dc730f17fd7ad663dcea93ae253976f99a2860826 iterations=300 learning_rate=0.03 depth=4 early_stopping_rounds=50 task_type=CPU thread_count=2 validation_fraction=0.2 seed=1
2026-08-17 01:48:18,235 INFO [__main__] ========================================================================
2026-08-17 01:48:18,235 INFO [__main__] selected methods=('catboost_avgy_regressor_shared',)
2026-08-17 01:49:29,212 INFO [__main__] gate fitting start candidate=avgy
2026-08-17 01:49:36,678 INFO [__main__] gate fitting done candidate=avgy
2026-08-17 01:49:37,328 INFO [__main__] experiment done seconds=79.09
2026-08-17 01:49:37,328 INFO [__main__] ========================================================================
2026-08-17T01:49:37+02:00 gates done configuration=5/12 dataset=Traffic model=chronos2 formula=catboost_avgy_regressor_shared lags=504 horizon=168 retrieval=instance_euclidean_1_online

2026-08-17T01:49:38+02:00 gates start configuration=5/12 dataset=Traffic model=chronos2 formula=bayes_avgy_shared lags=504 horizon=168 retrieval=instance_euclidean_1_online run=/home/h61084/codes/adapts/outputs/adaptation/h_ablation/Traffic/504_168/chronos2/bayes_avgy_shared/instance/euclidean/1/online/run_0 computation_signature=9079eeb2b517e347f0fa6a120a575d85b2360ef3007ebd80aa771f4a4bc4af83 iterations=300 learning_rate=0.03 depth=4 early_stopping_rounds=50 task_type=CPU thread_count=2 validation_fraction=0.2 seed=1
2026-08-17 01:49:40,811 INFO [__main__] ========================================================================
2026-08-17 01:49:40,811 INFO [__main__] selected methods=('bayes_avgy_shared',)
2026-08-17 01:49:47,337 INFO [__main__] gate fitting start candidate=avgy
2026-08-17 01:49:48,945 INFO [__main__] gate fitting done candidate=avgy
2026-08-17 01:49:48,978 INFO [__main__] experiment done seconds=8.16
2026-08-17 01:49:48,978 INFO [__main__] ========================================================================
2026-08-17T01:49:49+02:00 gates done configuration=5/12 dataset=Traffic model=chronos2 formula=bayes_avgy_shared lags=504 horizon=168 retrieval=instance_euclidean_1_online
2026-08-17 01:49:51,443 INFO [__main__] extraction validation directory=/home/h61084/codes/adapts/outputs/extraction/Traffic/504_504/chronos2/instance/euclidean/1/online/run_0 status=complete

2026-08-17T01:49:51+02:00 gates start configuration=6/12 dataset=Traffic model=chronos2 formula=catboost_avgy_regressor_shared lags=504 horizon=504 retrieval=instance_euclidean_1_online run=/home/h61084/codes/adapts/outputs/adaptation/h_ablation/Traffic/504_504/chronos2/catboost_avgy_regressor_shared/instance/euclidean/1/online/run_0 computation_signature=632aa298e2b50876e1b588a953b54798955521723b00d5c5dfeda172751dd256 iterations=300 learning_rate=0.03 depth=4 early_stopping_rounds=50 task_type=CPU thread_count=2 validation_fraction=0.2 seed=1
2026-08-17 01:49:54,214 INFO [__main__] ========================================================================
2026-08-17 01:49:54,214 INFO [__main__] selected methods=('catboost_avgy_regressor_shared',)
2026-08-17 01:50:27,877 INFO [__main__] gate fitting start candidate=avgy
2026-08-17 01:50:44,467 INFO [__main__] gate fitting done candidate=avgy
2026-08-17 01:50:45,112 INFO [__main__] experiment done seconds=50.89
2026-08-17 01:50:45,112 INFO [__main__] ========================================================================
2026-08-17T01:50:45+02:00 gates done configuration=6/12 dataset=Traffic model=chronos2 formula=catboost_avgy_regressor_shared lags=504 horizon=504 retrieval=instance_euclidean_1_online

2026-08-17T01:50:45+02:00 gates start configuration=6/12 dataset=Traffic model=chronos2 formula=bayes_avgy_shared lags=504 horizon=504 retrieval=instance_euclidean_1_online run=/home/h61084/codes/adapts/outputs/adaptation/h_ablation/Traffic/504_504/chronos2/bayes_avgy_shared/instance/euclidean/1/online/run_0 computation_signature=bb9f559e520c7ed1118fbbaa041342de8de99734e9b5067a5837c0a38ca102a9 iterations=300 learning_rate=0.03 depth=4 early_stopping_rounds=50 task_type=CPU thread_count=2 validation_fraction=0.2 seed=1
2026-08-17 01:50:48,424 INFO [__main__] ========================================================================
2026-08-17 01:50:48,424 INFO [__main__] selected methods=('bayes_avgy_shared',)
2026-08-17 01:51:02,501 INFO [__main__] gate fitting start candidate=avgy
2026-08-17 01:51:06,718 INFO [__main__] gate fitting done candidate=avgy
2026-08-17 01:51:06,749 INFO [__main__] experiment done seconds=18.32
2026-08-17 01:51:06,749 INFO [__main__] ========================================================================
2026-08-17T01:51:07+02:00 gates done configuration=6/12 dataset=Traffic model=chronos2 formula=bayes_avgy_shared lags=504 horizon=504 retrieval=instance_euclidean_1_online
2026-08-17 01:51:09,308 INFO [__main__] extraction validation directory=/home/h61084/codes/adapts/outputs/extraction/Solar/504_24/chronos2/instance/euclidean/1/online/run_0 status=complete

2026-08-17T01:51:09+02:00 gates start configuration=7/12 dataset=Solar model=chronos2 formula=catboost_avgy_regressor_shared lags=504 horizon=24 retrieval=instance_euclidean_1_online run=/home/h61084/codes/adapts/outputs/adaptation/h_ablation/Solar/504_24/chronos2/catboost_avgy_regressor_shared/instance/euclidean/1/online/run_0 computation_signature=50f18b0859df1414f33b18b2c2ef7fe996f2d591b2eeb05c748a31ff2c6c1e9f iterations=300 learning_rate=0.03 depth=4 early_stopping_rounds=50 task_type=CPU thread_count=2 validation_fraction=0.2 seed=1
2026-08-17 01:51:12,121 INFO [__main__] ========================================================================
2026-08-17 01:51:12,121 INFO [__main__] selected methods=('catboost_avgy_regressor_shared',)
2026-08-17 01:51:13,838 INFO [__main__] gate fitting start candidate=avgy
2026-08-17 01:51:15,278 INFO [__main__] gate fitting done candidate=avgy
2026-08-17 01:51:15,857 INFO [__main__] experiment done seconds=3.73
2026-08-17 01:51:15,857 INFO [__main__] ========================================================================
2026-08-17T01:51:16+02:00 gates done configuration=7/12 dataset=Solar model=chronos2 formula=catboost_avgy_regressor_shared lags=504 horizon=24 retrieval=instance_euclidean_1_online

2026-08-17T01:51:16+02:00 gates start configuration=7/12 dataset=Solar model=chronos2 formula=bayes_avgy_shared lags=504 horizon=24 retrieval=instance_euclidean_1_online run=/home/h61084/codes/adapts/outputs/adaptation/h_ablation/Solar/504_24/chronos2/bayes_avgy_shared/instance/euclidean/1/online/run_0 computation_signature=52d229740bdc60c9ecd3f32ab3c7b63168617b8950f37e28b1bb3b8bcf9bbb8f iterations=300 learning_rate=0.03 depth=4 early_stopping_rounds=50 task_type=CPU thread_count=2 validation_fraction=0.2 seed=1
2026-08-17 01:51:19,016 INFO [__main__] ========================================================================
2026-08-17 01:51:19,016 INFO [__main__] selected methods=('bayes_avgy_shared',)
2026-08-17 01:51:20,809 INFO [__main__] gate fitting start candidate=avgy
2026-08-17 01:51:20,902 INFO [__main__] gate fitting done candidate=avgy
2026-08-17 01:51:20,929 INFO [__main__] experiment done seconds=1.91
2026-08-17 01:51:20,929 INFO [__main__] ========================================================================
2026-08-17T01:51:21+02:00 gates done configuration=7/12 dataset=Solar model=chronos2 formula=bayes_avgy_shared lags=504 horizon=24 retrieval=instance_euclidean_1_online
2026-08-17 01:51:23,412 INFO [__main__] extraction validation directory=/home/h61084/codes/adapts/outputs/extraction/Solar/504_168/chronos2/instance/euclidean/1/online/run_1 status=complete

2026-08-17T01:51:23+02:00 gates start configuration=8/12 dataset=Solar model=chronos2 formula=catboost_avgy_regressor_shared lags=504 horizon=168 retrieval=instance_euclidean_1_online run=/home/h61084/codes/adapts/outputs/adaptation/h_ablation/Solar/504_168/chronos2/catboost_avgy_regressor_shared/instance/euclidean/1/online/run_0 computation_signature=68230c47acd6ff4ee17ea64323eefe30147bb1741631aeb31f828e7f6ad3da2f iterations=300 learning_rate=0.03 depth=4 early_stopping_rounds=50 task_type=CPU thread_count=2 validation_fraction=0.2 seed=1
2026-08-17 01:51:26,276 INFO [__main__] ========================================================================
2026-08-17 01:51:26,276 INFO [__main__] selected methods=('catboost_avgy_regressor_shared',)
2026-08-17 01:51:29,706 INFO [__main__] gate fitting start candidate=avgy
2026-08-17 01:51:31,804 INFO [__main__] gate fitting done candidate=avgy
2026-08-17 01:51:32,370 INFO [__main__] experiment done seconds=6.09
2026-08-17 01:51:32,370 INFO [__main__] ========================================================================
2026-08-17T01:51:33+02:00 gates done configuration=8/12 dataset=Solar model=chronos2 formula=catboost_avgy_regressor_shared lags=504 horizon=168 retrieval=instance_euclidean_1_online

2026-08-17T01:51:33+02:00 gates start configuration=8/12 dataset=Solar model=chronos2 formula=bayes_avgy_shared lags=504 horizon=168 retrieval=instance_euclidean_1_online run=/home/h61084/codes/adapts/outputs/adaptation/h_ablation/Solar/504_168/chronos2/bayes_avgy_shared/instance/euclidean/1/online/run_0 computation_signature=20eca7ec572492a06520175765103210910a1a39bdddf1fc980e60fa432d5c17 iterations=300 learning_rate=0.03 depth=4 early_stopping_rounds=50 task_type=CPU thread_count=2 validation_fraction=0.2 seed=1
2026-08-17 01:51:35,441 INFO [__main__] ========================================================================
2026-08-17 01:51:35,442 INFO [__main__] selected methods=('bayes_avgy_shared',)
2026-08-17 01:51:37,461 INFO [__main__] gate fitting start candidate=avgy
2026-08-17 01:51:37,670 INFO [__main__] gate fitting done candidate=avgy
2026-08-17 01:51:37,698 INFO [__main__] experiment done seconds=2.25
2026-08-17 01:51:37,698 INFO [__main__] ========================================================================
2026-08-17T01:51:38+02:00 gates done configuration=8/12 dataset=Solar model=chronos2 formula=bayes_avgy_shared lags=504 horizon=168 retrieval=instance_euclidean_1_online
2026-08-17 01:51:40,332 INFO [__main__] extraction validation directory=/home/h61084/codes/adapts/outputs/extraction/Solar/504_504/chronos2/instance/euclidean/1/online/run_0 status=complete

2026-08-17T01:51:40+02:00 gates start configuration=9/12 dataset=Solar model=chronos2 formula=catboost_avgy_regressor_shared lags=504 horizon=504 retrieval=instance_euclidean_1_online run=/home/h61084/codes/adapts/outputs/adaptation/h_ablation/Solar/504_504/chronos2/catboost_avgy_regressor_shared/instance/euclidean/1/online/run_0 computation_signature=5f3dcf222462b6b680b364df890c8f4f54978db0bc7b9f2f5f8216d1aebad298 iterations=300 learning_rate=0.03 depth=4 early_stopping_rounds=50 task_type=CPU thread_count=2 validation_fraction=0.2 seed=1
2026-08-17 01:51:43,243 INFO [__main__] ========================================================================
2026-08-17 01:51:43,243 INFO [__main__] selected methods=('catboost_avgy_regressor_shared',)
2026-08-17 01:51:47,178 INFO [__main__] gate fitting start candidate=avgy
2026-08-17 01:51:49,360 INFO [__main__] gate fitting done candidate=avgy
2026-08-17 01:51:49,972 INFO [__main__] experiment done seconds=6.73
2026-08-17 01:51:49,972 INFO [__main__] ========================================================================
2026-08-17T01:51:50+02:00 gates done configuration=9/12 dataset=Solar model=chronos2 formula=catboost_avgy_regressor_shared lags=504 horizon=504 retrieval=instance_euclidean_1_online

2026-08-17T01:51:50+02:00 gates start configuration=9/12 dataset=Solar model=chronos2 formula=bayes_avgy_shared lags=504 horizon=504 retrieval=instance_euclidean_1_online run=/home/h61084/codes/adapts/outputs/adaptation/h_ablation/Solar/504_504/chronos2/bayes_avgy_shared/instance/euclidean/1/online/run_0 computation_signature=798eb22eb8b7e53172ef0e9e01ba1b6e9ad946551e3b00fb885a8355d93d8258 iterations=300 learning_rate=0.03 depth=4 early_stopping_rounds=50 task_type=CPU thread_count=2 validation_fraction=0.2 seed=1
2026-08-17 01:51:53,372 INFO [__main__] ========================================================================
2026-08-17 01:51:53,372 INFO [__main__] selected methods=('bayes_avgy_shared',)
2026-08-17 01:51:56,068 INFO [__main__] gate fitting start candidate=avgy
2026-08-17 01:51:56,437 INFO [__main__] gate fitting done candidate=avgy
2026-08-17 01:51:56,466 INFO [__main__] experiment done seconds=3.09
2026-08-17 01:51:56,466 INFO [__main__] ========================================================================
2026-08-17T01:51:56+02:00 gates done configuration=9/12 dataset=Solar model=chronos2 formula=bayes_avgy_shared lags=504 horizon=504 retrieval=instance_euclidean_1_online
2026-08-17 01:51:59,014 INFO [__main__] extraction validation directory=/home/h61084/codes/adapts/outputs/extraction/exchange_rate/504_24/chronos2/instance/euclidean/1/online/run_0 status=complete

2026-08-17T01:51:59+02:00 gates start configuration=10/12 dataset=exchange_rate model=chronos2 formula=catboost_avgy_regressor_shared lags=504 horizon=24 retrieval=instance_euclidean_1_online run=/home/h61084/codes/adapts/outputs/adaptation/h_ablation/exchange_rate/504_24/chronos2/catboost_avgy_regressor_shared/instance/euclidean/1/online/run_0 computation_signature=f1b35c95824eb04ae3f70f63111b878641da841f133c6907f20786faeff201f1 iterations=300 learning_rate=0.03 depth=4 early_stopping_rounds=50 task_type=CPU thread_count=2 validation_fraction=0.2 seed=1
2026-08-17 01:52:01,941 INFO [__main__] ========================================================================
2026-08-17 01:52:01,941 INFO [__main__] selected methods=('catboost_avgy_regressor_shared',)
2026-08-17 01:52:03,476 INFO [__main__] gate fitting start candidate=avgy
2026-08-17 01:52:04,664 INFO [__main__] gate fitting done candidate=avgy
2026-08-17 01:52:05,241 INFO [__main__] experiment done seconds=3.30
2026-08-17 01:52:05,241 INFO [__main__] ========================================================================
2026-08-17T01:52:05+02:00 gates done configuration=10/12 dataset=exchange_rate model=chronos2 formula=catboost_avgy_regressor_shared lags=504 horizon=24 retrieval=instance_euclidean_1_online

2026-08-17T01:52:06+02:00 gates start configuration=10/12 dataset=exchange_rate model=chronos2 formula=bayes_avgy_shared lags=504 horizon=24 retrieval=instance_euclidean_1_online run=/home/h61084/codes/adapts/outputs/adaptation/h_ablation/exchange_rate/504_24/chronos2/bayes_avgy_shared/instance/euclidean/1/online/run_0 computation_signature=798291286d7797f94e8b9bd151ae7c3a1f5859605676881ee8dfe04e857e077c iterations=300 learning_rate=0.03 depth=4 early_stopping_rounds=50 task_type=CPU thread_count=2 validation_fraction=0.2 seed=1
2026-08-17 01:52:08,427 INFO [__main__] ========================================================================
2026-08-17 01:52:08,428 INFO [__main__] selected methods=('bayes_avgy_shared',)
2026-08-17 01:52:09,918 INFO [__main__] gate fitting start candidate=avgy
2026-08-17 01:52:09,976 INFO [__main__] gate fitting done candidate=avgy
2026-08-17 01:52:10,003 INFO [__main__] experiment done seconds=1.57
2026-08-17 01:52:10,003 INFO [__main__] ========================================================================
2026-08-17T01:52:10+02:00 gates done configuration=10/12 dataset=exchange_rate model=chronos2 formula=bayes_avgy_shared lags=504 horizon=24 retrieval=instance_euclidean_1_online
2026-08-17 01:52:12,648 INFO [__main__] extraction validation directory=/home/h61084/codes/adapts/outputs/extraction/exchange_rate/504_168/chronos2/instance/euclidean/1/online/run_1 status=complete

2026-08-17T01:52:13+02:00 gates start configuration=11/12 dataset=exchange_rate model=chronos2 formula=catboost_avgy_regressor_shared lags=504 horizon=168 retrieval=instance_euclidean_1_online run=/home/h61084/codes/adapts/outputs/adaptation/h_ablation/exchange_rate/504_168/chronos2/catboost_avgy_regressor_shared/instance/euclidean/1/online/run_0 computation_signature=c4a5425f4486dbd0e85dee4331e7866387496270c5e808dcf0159dc8af161f2a iterations=300 learning_rate=0.03 depth=4 early_stopping_rounds=50 task_type=CPU thread_count=2 validation_fraction=0.2 seed=1
2026-08-17 01:52:15,561 INFO [__main__] ========================================================================
2026-08-17 01:52:15,561 INFO [__main__] selected methods=('catboost_avgy_regressor_shared',)
2026-08-17 01:52:17,251 INFO [__main__] gate fitting start candidate=avgy
2026-08-17 01:52:18,604 INFO [__main__] gate fitting done candidate=avgy
2026-08-17 01:52:19,176 INFO [__main__] experiment done seconds=3.61
2026-08-17 01:52:19,176 INFO [__main__] ========================================================================
2026-08-17T01:52:19+02:00 gates done configuration=11/12 dataset=exchange_rate model=chronos2 formula=catboost_avgy_regressor_shared lags=504 horizon=168 retrieval=instance_euclidean_1_online

2026-08-17T01:52:19+02:00 gates start configuration=11/12 dataset=exchange_rate model=chronos2 formula=bayes_avgy_shared lags=504 horizon=168 retrieval=instance_euclidean_1_online run=/home/h61084/codes/adapts/outputs/adaptation/h_ablation/exchange_rate/504_168/chronos2/bayes_avgy_shared/instance/euclidean/1/online/run_0 computation_signature=fba091c441d8ec35c2cb83065019bde1981cbb61cba51a7c650c2a6d1e23f0f4 iterations=300 learning_rate=0.03 depth=4 early_stopping_rounds=50 task_type=CPU thread_count=2 validation_fraction=0.2 seed=1
2026-08-17 01:52:22,268 INFO [__main__] ========================================================================
2026-08-17 01:52:22,268 INFO [__main__] selected methods=('bayes_avgy_shared',)
2026-08-17 01:52:23,802 INFO [__main__] gate fitting start candidate=avgy
2026-08-17 01:52:23,864 INFO [__main__] gate fitting done candidate=avgy
2026-08-17 01:52:23,892 INFO [__main__] experiment done seconds=1.62
2026-08-17 01:52:23,892 INFO [__main__] ========================================================================
2026-08-17T01:52:24+02:00 gates done configuration=11/12 dataset=exchange_rate model=chronos2 formula=bayes_avgy_shared lags=504 horizon=168 retrieval=instance_euclidean_1_online
2026-08-17 01:52:26,359 INFO [__main__] extraction validation directory=/home/h61084/codes/adapts/outputs/extraction/exchange_rate/504_504/chronos2/instance/euclidean/1/online/run_0 status=complete

2026-08-17T01:52:26+02:00 gates start configuration=12/12 dataset=exchange_rate model=chronos2 formula=catboost_avgy_regressor_shared lags=504 horizon=504 retrieval=instance_euclidean_1_online run=/home/h61084/codes/adapts/outputs/adaptation/h_ablation/exchange_rate/504_504/chronos2/catboost_avgy_regressor_shared/instance/euclidean/1/online/run_0 computation_signature=982100fb39720446f362e1c5582e7579deb533a25d081b6fa7f1e7389b3d4210 iterations=300 learning_rate=0.03 depth=4 early_stopping_rounds=50 task_type=CPU thread_count=2 validation_fraction=0.2 seed=1
2026-08-17 01:52:29,224 INFO [__main__] ========================================================================
2026-08-17 01:52:29,224 INFO [__main__] selected methods=('catboost_avgy_regressor_shared',)
2026-08-17 01:52:31,032 INFO [__main__] gate fitting start candidate=avgy
2026-08-17 01:52:32,414 INFO [__main__] gate fitting done candidate=avgy
2026-08-17 01:52:32,996 INFO [__main__] experiment done seconds=3.77
2026-08-17 01:52:32,996 INFO [__main__] ========================================================================
2026-08-17T01:52:33+02:00 gates done configuration=12/12 dataset=exchange_rate model=chronos2 formula=catboost_avgy_regressor_shared lags=504 horizon=504 retrieval=instance_euclidean_1_online

2026-08-17T01:52:33+02:00 gates start configuration=12/12 dataset=exchange_rate model=chronos2 formula=bayes_avgy_shared lags=504 horizon=504 retrieval=instance_euclidean_1_online run=/home/h61084/codes/adapts/outputs/adaptation/h_ablation/exchange_rate/504_504/chronos2/bayes_avgy_shared/instance/euclidean/1/online/run_0 computation_signature=20ff7142b4cdb0f54027c65b4fe6c50b423e9779811bd1acb7ca6e4e1032ce73 iterations=300 learning_rate=0.03 depth=4 early_stopping_rounds=50 task_type=CPU thread_count=2 validation_fraction=0.2 seed=1
2026-08-17 01:52:36,115 INFO [__main__] ========================================================================
2026-08-17 01:52:36,115 INFO [__main__] selected methods=('bayes_avgy_shared',)
2026-08-17 01:52:37,707 INFO [__main__] gate fitting start candidate=avgy
2026-08-17 01:52:37,786 INFO [__main__] gate fitting done candidate=avgy
2026-08-17 01:52:37,813 INFO [__main__] experiment done seconds=1.70
2026-08-17 01:52:37,813 INFO [__main__] ========================================================================
2026-08-17T01:52:38+02:00 gates done configuration=12/12 dataset=exchange_rate model=chronos2 formula=bayes_avgy_shared lags=504 horizon=504 retrieval=instance_euclidean_1_online

2026-08-17T01:52:38+02:00 job done kind=gates output=outputs/adaptation/h_ablation

2026-08-17T01:52:38+02:00 job start kind=adaptation_extraction family=h_ablation experiment_mode=full skip_complete=true tasks=24 datasets=Electricity,Traffic,Solar,exchange_rate models=chronos2 settings=504:24,504:168,504:504 distance_spaces=raw distance_metrics=euclidean neighbors=3
2026-08-17T01:52:38+02:00 skip complete family=extraction dataset=Electricity model=chronos2 lags=504 horizon=24 retrieval=vanilla run=/home/h61084/codes/adapts/outputs/extraction/Electricity/504_24/chronos2/none/none/0/none/run_0
2026-08-17T01:52:38+02:00 skip complete family=extraction dataset=Electricity model=chronos2 lags=504 horizon=24 retrieval=raw_euclidean_3_online run=/home/h61084/codes/adapts/outputs/extraction/Electricity/504_24/chronos2/raw/euclidean/3/online/run_0
2026-08-17T01:52:38+02:00 skip complete family=extraction dataset=Electricity model=chronos2 lags=504 horizon=168 retrieval=vanilla run=/home/h61084/codes/adapts/outputs/extraction/Electricity/504_168/chronos2/none/none/0/none/run_2
2026-08-17T01:52:38+02:00 skip complete family=extraction dataset=Electricity model=chronos2 lags=504 horizon=168 retrieval=raw_euclidean_3_online run=/home/h61084/codes/adapts/outputs/extraction/Electricity/504_168/chronos2/raw/euclidean/3/online/run_2
2026-08-17T01:52:38+02:00 skip complete family=extraction dataset=Electricity model=chronos2 lags=504 horizon=504 retrieval=vanilla run=/home/h61084/codes/adapts/outputs/extraction/Electricity/504_504/chronos2/none/none/0/none/run_0

2026-08-17T01:52:38+02:00 extraction start configuration=6/24 dataset=Electricity model=chronos2 lags=504 horizon=504 retrieval=raw_euclidean_3_online run=/home/h61084/codes/adapts/outputs/extraction/Electricity/504_504/chronos2/raw/euclidean/3/online/run_0 computation_signature=639d38d9dfd33cc2dc7cb9ff0ae5497d56141809bde5cc2b8945a8c407fe7def period=24 align_period=false datastore_stride=25 adapt_stride=25 eval_stride=127 max_store_windows=30000 seed=1
2026-08-17 01:52:41,255 INFO [__main__] ========================================================================
2026-08-17 01:52:41,255 INFO [__main__] experiment start kind=extraction dataset=Electricity model=chronos2 lags=504 horizon=504 neighbors=3 distance=raw/euclidean
2026-08-17 01:52:41,579 INFO [__main__] dataset load start
2026-08-17 01:52:41,581 INFO [src.data.load_dataset] loaded dataset config path=/home/h61084/codes/datasets/electricity/config.json keys=['aggr', 'date_col', 'drop_users']
2026-08-17 01:52:42,335 INFO [__main__] dataset load done dates=26304 users=312
2026-08-17 01:52:42,335 INFO [__main__] model load start
2026-08-17 01:52:52,803 INFO [__main__] model load done name=chronos2 device=cuda parameters_total=119,477,664 parameters_trainable=0
2026-08-17 01:52:52,805 INFO [__main__] extraction start split=adapt queries=506
2026-08-17 02:23:10,887 INFO [__main__] extraction done split=adapt
2026-08-17 02:23:10,887 INFO [__main__] extraction start split=eval queries=38
2026-08-17 02:25:25,180 INFO [__main__] extraction done split=eval
2026-08-17 02:25:26,107 INFO [__main__] completion marker saved path=/home/h61084/codes/adapts/outputs/extraction/Electricity/504_504/chronos2/raw/euclidean/3/online/run_0/extraction_manifest.json
2026-08-17 02:25:26,107 INFO [__main__] outputs saved dir=/home/h61084/codes/adapts/outputs/extraction/Electricity/504_504/chronos2/raw/euclidean/3/online/run_0
2026-08-17 02:25:26,107 INFO [__main__] experiment done seconds=1964.85
2026-08-17 02:25:26,107 INFO [__main__] ========================================================================
2026-08-17 02:25:29,058 INFO [__main__] extraction validation directory=/home/h61084/codes/adapts/outputs/extraction/Electricity/504_504/chronos2/raw/euclidean/3/online/run_0 status=complete
2026-08-17T02:25:29+02:00 extraction done configuration=6/24 dataset=Electricity model=chronos2 lags=504 horizon=504 retrieval=raw_euclidean_3_online
2026-08-17T02:25:29+02:00 skip complete family=extraction dataset=Traffic model=chronos2 lags=504 horizon=24 retrieval=vanilla run=/home/h61084/codes/adapts/outputs/extraction/Traffic/504_24/chronos2/none/none/0/none/run_0
2026-08-17T02:25:29+02:00 skip complete family=extraction dataset=Traffic model=chronos2 lags=504 horizon=24 retrieval=raw_euclidean_3_online run=/home/h61084/codes/adapts/outputs/extraction/Traffic/504_24/chronos2/raw/euclidean/3/online/run_0
2026-08-17T02:25:29+02:00 skip complete family=extraction dataset=Traffic model=chronos2 lags=504 horizon=168 retrieval=vanilla run=/home/h61084/codes/adapts/outputs/extraction/Traffic/504_168/chronos2/none/none/0/none/run_1
2026-08-17T02:25:29+02:00 skip complete family=extraction dataset=Traffic model=chronos2 lags=504 horizon=168 retrieval=raw_euclidean_3_online run=/home/h61084/codes/adapts/outputs/extraction/Traffic/504_168/chronos2/raw/euclidean/3/online/run_1
2026-08-17T02:25:29+02:00 skip complete family=extraction dataset=Traffic model=chronos2 lags=504 horizon=504 retrieval=vanilla run=/home/h61084/codes/adapts/outputs/extraction/Traffic/504_504/chronos2/none/none/0/none/run_0

2026-08-17T02:25:30+02:00 extraction start configuration=12/24 dataset=Traffic model=chronos2 lags=504 horizon=504 retrieval=raw_euclidean_3_online run=/home/h61084/codes/adapts/outputs/extraction/Traffic/504_504/chronos2/raw/euclidean/3/online/run_0 computation_signature=c4560fc3190f6464168db44cb76e2b908dd791be386db4fcbc06a0dc336766fb period=24 align_period=false datastore_stride=25 adapt_stride=25 eval_stride=127 max_store_windows=30000 seed=1
2026-08-17 02:25:32,288 INFO [__main__] ========================================================================
2026-08-17 02:25:32,288 INFO [__main__] experiment start kind=extraction dataset=Traffic model=chronos2 lags=504 horizon=504 neighbors=3 distance=raw/euclidean
2026-08-17 02:25:32,575 INFO [__main__] dataset load start
2026-08-17 02:25:32,576 INFO [src.data.load_dataset] loaded dataset config path=/home/h61084/codes/datasets/traffic/config.json keys=['aggr', 'date_col', 'drop_users']
2026-08-17 02:25:33,745 INFO [__main__] dataset load done dates=17544 users=860
2026-08-17 02:25:33,745 INFO [__main__] model load start
2026-08-17 02:25:41,201 INFO [__main__] model load done name=chronos2 device=cuda parameters_total=119,477,664 parameters_trainable=0
2026-08-17 02:25:41,203 INFO [__main__] extraction start split=adapt queries=331
2026-08-17 03:18:42,041 INFO [__main__] extraction done split=adapt
2026-08-17 03:18:42,041 INFO [__main__] extraction start split=eval queries=24
2026-08-17 03:22:34,273 INFO [__main__] extraction done split=eval
2026-08-17 03:22:35,307 INFO [__main__] completion marker saved path=/home/h61084/codes/adapts/outputs/extraction/Traffic/504_504/chronos2/raw/euclidean/3/online/run_0/extraction_manifest.json
2026-08-17 03:22:35,307 INFO [__main__] outputs saved dir=/home/h61084/codes/adapts/outputs/extraction/Traffic/504_504/chronos2/raw/euclidean/3/online/run_0
2026-08-17 03:22:35,307 INFO [__main__] experiment done seconds=3423.01
2026-08-17 03:22:35,307 INFO [__main__] ========================================================================
2026-08-17 03:22:39,271 INFO [__main__] extraction validation directory=/home/h61084/codes/adapts/outputs/extraction/Traffic/504_504/chronos2/raw/euclidean/3/online/run_0 status=complete
2026-08-17T03:22:39+02:00 extraction done configuration=12/24 dataset=Traffic model=chronos2 lags=504 horizon=504 retrieval=raw_euclidean_3_online
2026-08-17T03:22:39+02:00 skip complete family=extraction dataset=Solar model=chronos2 lags=504 horizon=24 retrieval=vanilla run=/home/h61084/codes/adapts/outputs/extraction/Solar/504_24/chronos2/none/none/0/none/run_0
2026-08-17T03:22:39+02:00 skip complete family=extraction dataset=Solar model=chronos2 lags=504 horizon=24 retrieval=raw_euclidean_3_online run=/home/h61084/codes/adapts/outputs/extraction/Solar/504_24/chronos2/raw/euclidean/3/online/run_0
2026-08-17T03:22:40+02:00 skip complete family=extraction dataset=Solar model=chronos2 lags=504 horizon=168 retrieval=vanilla run=/home/h61084/codes/adapts/outputs/extraction/Solar/504_168/chronos2/none/none/0/none/run_1
2026-08-17T03:22:40+02:00 skip complete family=extraction dataset=Solar model=chronos2 lags=504 horizon=168 retrieval=raw_euclidean_3_online run=/home/h61084/codes/adapts/outputs/extraction/Solar/504_168/chronos2/raw/euclidean/3/online/run_1
2026-08-17T03:22:40+02:00 skip complete family=extraction dataset=Solar model=chronos2 lags=504 horizon=504 retrieval=vanilla run=/home/h61084/codes/adapts/outputs/extraction/Solar/504_504/chronos2/none/none/0/none/run_0

2026-08-17T03:22:40+02:00 extraction start configuration=18/24 dataset=Solar model=chronos2 lags=504 horizon=504 retrieval=raw_euclidean_3_online run=/home/h61084/codes/adapts/outputs/extraction/Solar/504_504/chronos2/raw/euclidean/3/online/run_0 computation_signature=259fe54c1d3ebdc0517e5165f8f577d741106dbc47a5895025686392c1139d3d period=24 align_period=false datastore_stride=25 adapt_stride=25 eval_stride=127 max_store_windows=30000 seed=1
2026-08-17 03:22:43,018 INFO [__main__] ========================================================================
2026-08-17 03:22:43,018 INFO [__main__] experiment start kind=extraction dataset=Solar model=chronos2 lags=504 horizon=504 neighbors=3 distance=raw/euclidean
2026-08-17 03:22:43,256 INFO [__main__] dataset load start
2026-08-17 03:22:43,257 INFO [src.data.load_dataset] loaded dataset config path=/home/h61084/codes/datasets/solar/config.json keys=['aggr', 'date_col', 'drop_users']
2026-08-17 03:22:43,679 INFO [__main__] dataset load done dates=8760 users=137
2026-08-17 03:22:43,679 INFO [__main__] model load start
2026-08-17 03:22:56,676 INFO [__main__] model load done name=chronos2 device=cuda parameters_total=119,477,664 parameters_trainable=0
2026-08-17 03:22:56,677 INFO [__main__] extraction start split=adapt queries=156
2026-08-17 03:27:11,955 INFO [__main__] extraction done split=adapt
2026-08-17 03:27:11,955 INFO [__main__] extraction start split=eval queries=10
2026-08-17 03:27:29,014 INFO [__main__] extraction done split=eval
2026-08-17 03:27:29,579 INFO [__main__] completion marker saved path=/home/h61084/codes/adapts/outputs/extraction/Solar/504_504/chronos2/raw/euclidean/3/online/run_0/extraction_manifest.json
2026-08-17 03:27:29,579 INFO [__main__] outputs saved dir=/home/h61084/codes/adapts/outputs/extraction/Solar/504_504/chronos2/raw/euclidean/3/online/run_0
2026-08-17 03:27:29,579 INFO [__main__] experiment done seconds=286.56
2026-08-17 03:27:29,579 INFO [__main__] ========================================================================
2026-08-17 03:27:32,673 INFO [__main__] extraction validation directory=/home/h61084/codes/adapts/outputs/extraction/Solar/504_504/chronos2/raw/euclidean/3/online/run_0 status=complete
2026-08-17T03:27:33+02:00 extraction done configuration=18/24 dataset=Solar model=chronos2 lags=504 horizon=504 retrieval=raw_euclidean_3_online
2026-08-17T03:27:33+02:00 skip complete family=extraction dataset=exchange_rate model=chronos2 lags=504 horizon=24 retrieval=vanilla run=/home/h61084/codes/adapts/outputs/extraction/exchange_rate/504_24/chronos2/none/none/0/none/run_0
2026-08-17T03:27:33+02:00 skip complete family=extraction dataset=exchange_rate model=chronos2 lags=504 horizon=24 retrieval=raw_euclidean_3_online run=/home/h61084/codes/adapts/outputs/extraction/exchange_rate/504_24/chronos2/raw/euclidean/3/online/run_0
2026-08-17T03:27:33+02:00 skip complete family=extraction dataset=exchange_rate model=chronos2 lags=504 horizon=168 retrieval=vanilla run=/home/h61084/codes/adapts/outputs/extraction/exchange_rate/504_168/chronos2/none/none/0/none/run_1
2026-08-17T03:27:33+02:00 skip complete family=extraction dataset=exchange_rate model=chronos2 lags=504 horizon=168 retrieval=raw_euclidean_3_online run=/home/h61084/codes/adapts/outputs/extraction/exchange_rate/504_168/chronos2/raw/euclidean/3/online/run_1
2026-08-17T03:27:33+02:00 skip complete family=extraction dataset=exchange_rate model=chronos2 lags=504 horizon=504 retrieval=vanilla run=/home/h61084/codes/adapts/outputs/extraction/exchange_rate/504_504/chronos2/none/none/0/none/run_0

2026-08-17T03:27:33+02:00 extraction start configuration=24/24 dataset=exchange_rate model=chronos2 lags=504 horizon=504 retrieval=raw_euclidean_3_online run=/home/h61084/codes/adapts/outputs/extraction/exchange_rate/504_504/chronos2/raw/euclidean/3/online/run_0 computation_signature=419b4fc344f92dd0cc258069edbdca35fdc69fc1e5bcd4fda15c3d8823094e88 period=24 align_period=false datastore_stride=25 adapt_stride=25 eval_stride=127 max_store_windows=30000 seed=1
2026-08-17 03:27:36,316 INFO [__main__] ========================================================================
2026-08-17 03:27:36,316 INFO [__main__] experiment start kind=extraction dataset=exchange_rate model=chronos2 lags=504 horizon=504 neighbors=3 distance=raw/euclidean
2026-08-17 03:27:36,616 INFO [__main__] dataset load start
2026-08-17 03:27:36,617 INFO [src.data.load_dataset] loaded dataset config path=/home/h61084/codes/datasets/exchange_rate/config.json keys=['aggr', 'date_col', 'drop_users']
2026-08-17 03:27:36,635 INFO [__main__] dataset load done dates=7588 users=8
2026-08-17 03:27:36,635 INFO [__main__] model load start
2026-08-17 03:27:49,399 INFO [__main__] model load done name=chronos2 device=cuda parameters_total=119,477,664 parameters_trainable=0
2026-08-17 03:27:49,400 INFO [__main__] extraction start split=adapt queries=132
2026-08-17 03:28:01,556 INFO [__main__] extraction done split=adapt
2026-08-17 03:28:01,556 INFO [__main__] extraction start split=eval queries=8
2026-08-17 03:28:02,316 INFO [__main__] extraction done split=eval
2026-08-17 03:28:02,810 INFO [__main__] completion marker saved path=/home/h61084/codes/adapts/outputs/extraction/exchange_rate/504_504/chronos2/raw/euclidean/3/online/run_0/extraction_manifest.json
2026-08-17 03:28:02,811 INFO [__main__] outputs saved dir=/home/h61084/codes/adapts/outputs/extraction/exchange_rate/504_504/chronos2/raw/euclidean/3/online/run_0
2026-08-17 03:28:02,811 INFO [__main__] experiment done seconds=26.49
2026-08-17 03:28:02,811 INFO [__main__] ========================================================================
2026-08-17 03:28:05,814 INFO [__main__] extraction validation directory=/home/h61084/codes/adapts/outputs/extraction/exchange_rate/504_504/chronos2/raw/euclidean/3/online/run_0 status=complete
2026-08-17T03:28:06+02:00 extraction done configuration=24/24 dataset=exchange_rate model=chronos2 lags=504 horizon=504 retrieval=raw_euclidean_3_online

2026-08-17T03:28:06+02:00 job done kind=adaptation_extraction output=outputs/extraction

2026-08-17T03:28:06+02:00 job start kind=baselines family=h_ablation experiment_mode=full skip_complete=true tasks=12 datasets=Electricity,Traffic,Solar,exchange_rate models=chronos2 settings=504:24,504:168,504:504 distance_spaces=raw distance_metrics=euclidean neighbors=3 methods=full_ridge_shared results_root=outputs/adaptation/h_ablation
2026-08-17 03:28:08,524 INFO [__main__] extraction validation directory=/home/h61084/codes/adapts/outputs/extraction/Electricity/504_24/chronos2/raw/euclidean/3/online/run_0 status=complete

2026-08-17T03:28:09+02:00 baselines start configuration=1/12 dataset=Electricity model=chronos2 formula=full_ridge_shared lags=504 horizon=24 retrieval=raw_euclidean_3_online run=/home/h61084/codes/adapts/outputs/adaptation/h_ablation/Electricity/504_24/chronos2/full_ridge_shared/raw/euclidean/3/online/run_0 computation_signature=1baa6be5ff6043b5d25a6bf28049932ea21b51dc10af8777d0ce878fc6ecbc07 l2_grid=0,1e-6,1e-5,1e-4,1e-3,1e-2,1e-1,1,10 validation_fraction=0.2 fit_baselines_on_eval=false seed=1
2026-08-17 03:28:11,472 INFO [__main__] ========================================================================
2026-08-17 03:28:11,472 INFO [__main__] selected methods=('full_ridge_shared',)
2026-08-17 03:28:15,215 INFO [__main__] baseline selection start l2_grid=(0.0, 1e-06, 1e-05, 0.0001, 0.001, 0.01, 0.1, 1.0, 10.0)
2026-08-17 03:28:16,225 INFO [__main__] baseline selection done
2026-08-17 03:28:16,249 INFO [__main__] experiment done seconds=4.77
2026-08-17 03:28:16,249 INFO [__main__] ========================================================================
2026-08-17T03:28:16+02:00 baselines done configuration=1/12 dataset=Electricity model=chronos2 formula=full_ridge_shared lags=504 horizon=24 retrieval=raw_euclidean_3_online
2026-08-17 03:28:19,153 INFO [__main__] extraction validation directory=/home/h61084/codes/adapts/outputs/extraction/Electricity/504_168/chronos2/raw/euclidean/3/online/run_2 status=complete

2026-08-17T03:28:19+02:00 baselines start configuration=2/12 dataset=Electricity model=chronos2 formula=full_ridge_shared lags=504 horizon=168 retrieval=raw_euclidean_3_online run=/home/h61084/codes/adapts/outputs/adaptation/h_ablation/Electricity/504_168/chronos2/full_ridge_shared/raw/euclidean/3/online/run_0 computation_signature=d567d03519d119442e9e67b8631d784483e4f2b864ba987d335fbbd2eb8be38e l2_grid=0,1e-6,1e-5,1e-4,1e-3,1e-2,1e-1,1,10 validation_fraction=0.2 fit_baselines_on_eval=false seed=1
2026-08-17 03:28:22,347 INFO [__main__] ========================================================================
2026-08-17 03:28:22,347 INFO [__main__] selected methods=('full_ridge_shared',)
2026-08-17 03:28:26,637 INFO [__main__] baseline selection start l2_grid=(0.0, 1e-06, 1e-05, 0.0001, 0.001, 0.01, 0.1, 1.0, 10.0)
2026-08-17 03:28:31,800 INFO [__main__] baseline selection done
2026-08-17 03:28:31,825 INFO [__main__] experiment done seconds=9.47
2026-08-17 03:28:31,825 INFO [__main__] ========================================================================
2026-08-17T03:28:32+02:00 baselines done configuration=2/12 dataset=Electricity model=chronos2 formula=full_ridge_shared lags=504 horizon=168 retrieval=raw_euclidean_3_online
2026-08-17 03:28:35,129 INFO [__main__] extraction validation directory=/home/h61084/codes/adapts/outputs/extraction/Electricity/504_504/chronos2/raw/euclidean/3/online/run_0 status=complete

2026-08-17T03:28:35+02:00 baselines start configuration=3/12 dataset=Electricity model=chronos2 formula=full_ridge_shared lags=504 horizon=504 retrieval=raw_euclidean_3_online run=/home/h61084/codes/adapts/outputs/adaptation/h_ablation/Electricity/504_504/chronos2/full_ridge_shared/raw/euclidean/3/online/run_0 computation_signature=3300ec1b086b94e56e2648a7b868466a770011f52002d2acebce5ad422849a77 l2_grid=0,1e-6,1e-5,1e-4,1e-3,1e-2,1e-1,1,10 validation_fraction=0.2 fit_baselines_on_eval=false seed=1
2026-08-17 03:28:38,494 INFO [__main__] ========================================================================
2026-08-17 03:28:38,494 INFO [__main__] selected methods=('full_ridge_shared',)
2026-08-17 03:29:08,743 INFO [__main__] baseline selection start l2_grid=(0.0, 1e-06, 1e-05, 0.0001, 0.001, 0.01, 0.1, 1.0, 10.0)
2026-08-17 03:29:21,285 INFO [__main__] baseline selection done
2026-08-17 03:29:21,311 INFO [__main__] experiment done seconds=42.81
2026-08-17 03:29:21,311 INFO [__main__] ========================================================================
2026-08-17T03:29:22+02:00 baselines done configuration=3/12 dataset=Electricity model=chronos2 formula=full_ridge_shared lags=504 horizon=504 retrieval=raw_euclidean_3_online
2026-08-17 03:29:24,410 INFO [__main__] extraction validation directory=/home/h61084/codes/adapts/outputs/extraction/Traffic/504_24/chronos2/raw/euclidean/3/online/run_0 status=complete

2026-08-17T03:29:25+02:00 baselines start configuration=4/12 dataset=Traffic model=chronos2 formula=full_ridge_shared lags=504 horizon=24 retrieval=raw_euclidean_3_online run=/home/h61084/codes/adapts/outputs/adaptation/h_ablation/Traffic/504_24/chronos2/full_ridge_shared/raw/euclidean/3/online/run_0 computation_signature=6d49fc0b7c69373b40e4dfa769431af621970b56f35b446edc4fc93342e539d2 l2_grid=0,1e-6,1e-5,1e-4,1e-3,1e-2,1e-1,1,10 validation_fraction=0.2 fit_baselines_on_eval=false seed=1
2026-08-17 03:29:27,570 INFO [__main__] ========================================================================
2026-08-17 03:29:27,571 INFO [__main__] selected methods=('full_ridge_shared',)
2026-08-17 03:29:32,935 INFO [__main__] baseline selection start l2_grid=(0.0, 1e-06, 1e-05, 0.0001, 0.001, 0.01, 0.1, 1.0, 10.0)
2026-08-17 03:29:34,653 INFO [__main__] baseline selection done
2026-08-17 03:29:34,678 INFO [__main__] experiment done seconds=7.10
2026-08-17 03:29:34,678 INFO [__main__] ========================================================================
2026-08-17T03:29:35+02:00 baselines done configuration=4/12 dataset=Traffic model=chronos2 formula=full_ridge_shared lags=504 horizon=24 retrieval=raw_euclidean_3_online
2026-08-17 03:29:37,676 INFO [__main__] extraction validation directory=/home/h61084/codes/adapts/outputs/extraction/Traffic/504_168/chronos2/raw/euclidean/3/online/run_1 status=complete

2026-08-17T03:29:38+02:00 baselines start configuration=5/12 dataset=Traffic model=chronos2 formula=full_ridge_shared lags=504 horizon=168 retrieval=raw_euclidean_3_online run=/home/h61084/codes/adapts/outputs/adaptation/h_ablation/Traffic/504_168/chronos2/full_ridge_shared/raw/euclidean/3/online/run_0 computation_signature=6f7d5c7c4ed6c566ee933715fc05908f8d7b9b70af29e00c585a286999bb61a0 l2_grid=0,1e-6,1e-5,1e-4,1e-3,1e-2,1e-1,1,10 validation_fraction=0.2 fit_baselines_on_eval=false seed=1
2026-08-17 03:29:41,027 INFO [__main__] ========================================================================
2026-08-17 03:29:41,028 INFO [__main__] selected methods=('full_ridge_shared',)
2026-08-17 03:29:47,351 INFO [__main__] baseline selection start l2_grid=(0.0, 1e-06, 1e-05, 0.0001, 0.001, 0.01, 0.1, 1.0, 10.0)
2026-08-17 03:29:56,033 INFO [__main__] baseline selection done
2026-08-17 03:29:56,066 INFO [__main__] experiment done seconds=15.03
2026-08-17 03:29:56,067 INFO [__main__] ========================================================================
2026-08-17T03:29:56+02:00 baselines done configuration=5/12 dataset=Traffic model=chronos2 formula=full_ridge_shared lags=504 horizon=168 retrieval=raw_euclidean_3_online
2026-08-17 03:29:58,974 INFO [__main__] extraction validation directory=/home/h61084/codes/adapts/outputs/extraction/Traffic/504_504/chronos2/raw/euclidean/3/online/run_0 status=complete

2026-08-17T03:29:59+02:00 baselines start configuration=6/12 dataset=Traffic model=chronos2 formula=full_ridge_shared lags=504 horizon=504 retrieval=raw_euclidean_3_online run=/home/h61084/codes/adapts/outputs/adaptation/h_ablation/Traffic/504_504/chronos2/full_ridge_shared/raw/euclidean/3/online/run_0 computation_signature=16dc3f6600790773ace9c78d3270b80c53dbd95aa0d1e43df01f4b50ba9061b8 l2_grid=0,1e-6,1e-5,1e-4,1e-3,1e-2,1e-1,1,10 validation_fraction=0.2 fit_baselines_on_eval=false seed=1
2026-08-17 03:30:02,299 INFO [__main__] ========================================================================
2026-08-17 03:30:02,299 INFO [__main__] selected methods=('full_ridge_shared',)
2026-08-17 03:30:53,134 INFO [__main__] baseline selection start l2_grid=(0.0, 1e-06, 1e-05, 0.0001, 0.001, 0.01, 0.1, 1.0, 10.0)
2026-08-17 03:31:18,246 INFO [__main__] baseline selection done
2026-08-17 03:31:18,272 INFO [__main__] experiment done seconds=75.97
2026-08-17 03:31:18,272 INFO [__main__] ========================================================================
2026-08-17T03:31:19+02:00 baselines done configuration=6/12 dataset=Traffic model=chronos2 formula=full_ridge_shared lags=504 horizon=504 retrieval=raw_euclidean_3_online
2026-08-17 03:31:21,337 INFO [__main__] extraction validation directory=/home/h61084/codes/adapts/outputs/extraction/Solar/504_24/chronos2/raw/euclidean/3/online/run_0 status=complete

2026-08-17T03:31:21+02:00 baselines start configuration=7/12 dataset=Solar model=chronos2 formula=full_ridge_shared lags=504 horizon=24 retrieval=raw_euclidean_3_online run=/home/h61084/codes/adapts/outputs/adaptation/h_ablation/Solar/504_24/chronos2/full_ridge_shared/raw/euclidean/3/online/run_0 computation_signature=b4f00800da457c19ece6c1f562119e6e3f0d1564b19a1f871ae96229b4cb60ba l2_grid=0,1e-6,1e-5,1e-4,1e-3,1e-2,1e-1,1,10 validation_fraction=0.2 fit_baselines_on_eval=false seed=1
2026-08-17 03:31:24,369 INFO [__main__] ========================================================================
2026-08-17 03:31:24,369 INFO [__main__] selected methods=('full_ridge_shared',)
2026-08-17 03:31:26,551 INFO [__main__] baseline selection start l2_grid=(0.0, 1e-06, 1e-05, 0.0001, 0.001, 0.01, 0.1, 1.0, 10.0)
2026-08-17 03:31:26,921 INFO [__main__] baseline selection done
2026-08-17 03:31:26,944 INFO [__main__] experiment done seconds=2.57
2026-08-17 03:31:26,944 INFO [__main__] ========================================================================
2026-08-17T03:31:27+02:00 baselines done configuration=7/12 dataset=Solar model=chronos2 formula=full_ridge_shared lags=504 horizon=24 retrieval=raw_euclidean_3_online
2026-08-17 03:31:29,760 INFO [__main__] extraction validation directory=/home/h61084/codes/adapts/outputs/extraction/Solar/504_168/chronos2/raw/euclidean/3/online/run_1 status=complete

2026-08-17T03:31:30+02:00 baselines start configuration=8/12 dataset=Solar model=chronos2 formula=full_ridge_shared lags=504 horizon=168 retrieval=raw_euclidean_3_online run=/home/h61084/codes/adapts/outputs/adaptation/h_ablation/Solar/504_168/chronos2/full_ridge_shared/raw/euclidean/3/online/run_0 computation_signature=bf3e2a8b80809de9df9aea12585c4ca1d2f6a599f8a10e89aac8c723563f8fbe l2_grid=0,1e-6,1e-5,1e-4,1e-3,1e-2,1e-1,1,10 validation_fraction=0.2 fit_baselines_on_eval=false seed=1
2026-08-17 03:31:32,765 INFO [__main__] ========================================================================
2026-08-17 03:31:32,765 INFO [__main__] selected methods=('full_ridge_shared',)
2026-08-17 03:31:34,902 INFO [__main__] baseline selection start l2_grid=(0.0, 1e-06, 1e-05, 0.0001, 0.001, 0.01, 0.1, 1.0, 10.0)
2026-08-17 03:31:36,040 INFO [__main__] baseline selection done
2026-08-17 03:31:36,063 INFO [__main__] experiment done seconds=3.30
2026-08-17 03:31:36,063 INFO [__main__] ========================================================================
2026-08-17T03:31:36+02:00 baselines done configuration=8/12 dataset=Solar model=chronos2 formula=full_ridge_shared lags=504 horizon=168 retrieval=raw_euclidean_3_online
2026-08-17 03:31:38,989 INFO [__main__] extraction validation directory=/home/h61084/codes/adapts/outputs/extraction/Solar/504_504/chronos2/raw/euclidean/3/online/run_0 status=complete

2026-08-17T03:31:39+02:00 baselines start configuration=9/12 dataset=Solar model=chronos2 formula=full_ridge_shared lags=504 horizon=504 retrieval=raw_euclidean_3_online run=/home/h61084/codes/adapts/outputs/adaptation/h_ablation/Solar/504_504/chronos2/full_ridge_shared/raw/euclidean/3/online/run_0 computation_signature=f0d6026c361a1bccf9de8c59d3ab049e993581d54787972e2e4cdd907e890979 l2_grid=0,1e-6,1e-5,1e-4,1e-3,1e-2,1e-1,1,10 validation_fraction=0.2 fit_baselines_on_eval=false seed=1
2026-08-17 03:31:42,041 INFO [__main__] ========================================================================
2026-08-17 03:31:42,041 INFO [__main__] selected methods=('full_ridge_shared',)
2026-08-17 03:31:47,544 INFO [__main__] baseline selection start l2_grid=(0.0, 1e-06, 1e-05, 0.0001, 0.001, 0.01, 0.1, 1.0, 10.0)
2026-08-17 03:31:50,013 INFO [__main__] baseline selection done
2026-08-17 03:31:50,046 INFO [__main__] experiment done seconds=8.00
2026-08-17 03:31:50,046 INFO [__main__] ========================================================================
2026-08-17T03:31:50+02:00 baselines done configuration=9/12 dataset=Solar model=chronos2 formula=full_ridge_shared lags=504 horizon=504 retrieval=raw_euclidean_3_online
2026-08-17 03:31:53,005 INFO [__main__] extraction validation directory=/home/h61084/codes/adapts/outputs/extraction/exchange_rate/504_24/chronos2/raw/euclidean/3/online/run_0 status=complete

2026-08-17T03:31:53+02:00 baselines start configuration=10/12 dataset=exchange_rate model=chronos2 formula=full_ridge_shared lags=504 horizon=24 retrieval=raw_euclidean_3_online run=/home/h61084/codes/adapts/outputs/adaptation/h_ablation/exchange_rate/504_24/chronos2/full_ridge_shared/raw/euclidean/3/online/run_0 computation_signature=315817921053f0be14d2ffa9aa25c2362006d347597b158e40299c2d0dc2adb9 l2_grid=0,1e-6,1e-5,1e-4,1e-3,1e-2,1e-1,1,10 validation_fraction=0.2 fit_baselines_on_eval=false seed=1
2026-08-17 03:31:56,351 INFO [__main__] ========================================================================
2026-08-17 03:31:56,351 INFO [__main__] selected methods=('full_ridge_shared',)
2026-08-17 03:31:57,914 INFO [__main__] baseline selection start l2_grid=(0.0, 1e-06, 1e-05, 0.0001, 0.001, 0.01, 0.1, 1.0, 10.0)
2026-08-17 03:31:58,093 INFO [__main__] baseline selection done
2026-08-17 03:31:58,125 INFO [__main__] experiment done seconds=1.77
2026-08-17 03:31:58,126 INFO [__main__] ========================================================================
2026-08-17T03:31:58+02:00 baselines done configuration=10/12 dataset=exchange_rate model=chronos2 formula=full_ridge_shared lags=504 horizon=24 retrieval=raw_euclidean_3_online
2026-08-17 03:32:00,971 INFO [__main__] extraction validation directory=/home/h61084/codes/adapts/outputs/extraction/exchange_rate/504_168/chronos2/raw/euclidean/3/online/run_1 status=complete

2026-08-17T03:32:01+02:00 baselines start configuration=11/12 dataset=exchange_rate model=chronos2 formula=full_ridge_shared lags=504 horizon=168 retrieval=raw_euclidean_3_online run=/home/h61084/codes/adapts/outputs/adaptation/h_ablation/exchange_rate/504_168/chronos2/full_ridge_shared/raw/euclidean/3/online/run_0 computation_signature=144f29b76ef70d8777eb50d92ea37d1f8e052d1e38dcba7cbfc24848c7c337da l2_grid=0,1e-6,1e-5,1e-4,1e-3,1e-2,1e-1,1,10 validation_fraction=0.2 fit_baselines_on_eval=false seed=1
2026-08-17 03:32:04,162 INFO [__main__] ========================================================================
2026-08-17 03:32:04,162 INFO [__main__] selected methods=('full_ridge_shared',)
2026-08-17 03:32:05,927 INFO [__main__] baseline selection start l2_grid=(0.0, 1e-06, 1e-05, 0.0001, 0.001, 0.01, 0.1, 1.0, 10.0)
2026-08-17 03:32:06,193 INFO [__main__] baseline selection done
2026-08-17 03:32:06,217 INFO [__main__] experiment done seconds=2.05
2026-08-17 03:32:06,217 INFO [__main__] ========================================================================
2026-08-17T03:32:06+02:00 baselines done configuration=11/12 dataset=exchange_rate model=chronos2 formula=full_ridge_shared lags=504 horizon=168 retrieval=raw_euclidean_3_online
2026-08-17 03:32:09,025 INFO [__main__] extraction validation directory=/home/h61084/codes/adapts/outputs/extraction/exchange_rate/504_504/chronos2/raw/euclidean/3/online/run_0 status=complete

2026-08-17T03:32:09+02:00 baselines start configuration=12/12 dataset=exchange_rate model=chronos2 formula=full_ridge_shared lags=504 horizon=504 retrieval=raw_euclidean_3_online run=/home/h61084/codes/adapts/outputs/adaptation/h_ablation/exchange_rate/504_504/chronos2/full_ridge_shared/raw/euclidean/3/online/run_0 computation_signature=3721ab8a78e93ab6c7892e6901f08eb4082faee0bdb55fea69435f47536f393b l2_grid=0,1e-6,1e-5,1e-4,1e-3,1e-2,1e-1,1,10 validation_fraction=0.2 fit_baselines_on_eval=false seed=1
2026-08-17 03:32:12,403 INFO [__main__] ========================================================================
2026-08-17 03:32:12,403 INFO [__main__] selected methods=('full_ridge_shared',)
2026-08-17 03:32:14,637 INFO [__main__] baseline selection start l2_grid=(0.0, 1e-06, 1e-05, 0.0001, 0.001, 0.01, 0.1, 1.0, 10.0)
2026-08-17 03:32:14,959 INFO [__main__] baseline selection done
2026-08-17 03:32:14,994 INFO [__main__] experiment done seconds=2.59
2026-08-17 03:32:14,994 INFO [__main__] ========================================================================
2026-08-17T03:32:15+02:00 baselines done configuration=12/12 dataset=exchange_rate model=chronos2 formula=full_ridge_shared lags=504 horizon=504 retrieval=raw_euclidean_3_online

2026-08-17T03:32:15+02:00 job done kind=baselines output=outputs/adaptation/h_ablation

2026-08-17T03:32:15+02:00 job start kind=adaptation_tables experiment_mode=full datasets=Electricity,Traffic,Solar,exchange_rate models=chronos2 settings=504_24,504_168,504_504 families=baselines,gates metric=nmse distance_metrics=euclidean methods=full_ridge_shared,cov_y_ridge_shared,cov_avgy_ridge_shared,catboost_cov_regressor_shared,catboost_avgy_regressor_shared,bayes_cov_shared,bayes_avgy_shared table_kinds=full,average results_root=outputs/adaptation/h_ablation

2026-08-17T03:32:15+02:00 table start model=chronos2 kind=full metric=nmse split=eval decimals=2 output=/home/h61084/codes/adapts/outputs/reports/h_ablation/full/chronos2/full
LaTeX table written to /home/h61084/codes/adapts/outputs/reports/h_ablation/full/chronos2/full/baselines_results.tex
LaTeX table written to /home/h61084/codes/adapts/outputs/reports/h_ablation/full/chronos2/full/gates_results.tex
2026-08-17T03:32:36+02:00 table done model=chronos2 kind=full output=/home/h61084/codes/adapts/outputs/reports/h_ablation/full/chronos2/full

2026-08-17T03:32:36+02:00 table start model=chronos2 kind=average metric=nmse split=eval decimals=2 output=/home/h61084/codes/adapts/outputs/reports/h_ablation/full/chronos2/average
LaTeX table written to /home/h61084/codes/adapts/outputs/reports/h_ablation/full/chronos2/average/baselines_results.tex
LaTeX table written to /home/h61084/codes/adapts/outputs/reports/h_ablation/full/chronos2/average/gates_results.tex
LaTeX table written to /home/h61084/codes/adapts/outputs/reports/h_ablation/full/chronos2/average/positive_windows_results.tex
2026-08-17T03:32:44+02:00 table done model=chronos2 kind=average output=/home/h61084/codes/adapts/outputs/reports/h_ablation/full/chronos2/average

2026-08-17T03:32:44+02:00 baseline coefficient plots start model=chronos2 output=/home/h61084/codes/adapts/outputs/reports/h_ablation/full/chronos2/coefficients
Baseline coefficient outputs written: 120
Coefficient index written to /home/h61084/codes/adapts/outputs/reports/h_ablation/full/chronos2/coefficients/coefficient_index.csv
2026-08-17T03:32:57+02:00 baseline coefficient plots done model=chronos2 output=/home/h61084/codes/adapts/outputs/reports/h_ablation/full/chronos2/coefficients

2026-08-17T03:32:57+02:00 job done kind=adaptation_tables output=/home/h61084/codes/adapts/outputs/reports/h_ablation/full
