
2026-08-14T22:53:51+02:00 job start kind=adaptation_extraction family=horizon_baselines_ablation experiment_mode=full skip_complete=true tasks=24 datasets=Electricity,Traffic,Solar,exchange_rate models=chronos2 settings=168:24,336:48,504:168 distance_spaces=instance distance_metrics=euclidean neighbors=3
2026-08-14T22:53:51+02:00 skip complete family=extraction dataset=Electricity model=chronos2 lags=168 horizon=24 retrieval=vanilla run=/home/h61084/codes/adapts/outputs/extraction/Electricity/168_24/chronos2/none/none/0/none/run_1
2026-08-14T22:53:51+02:00 skip complete family=extraction dataset=Electricity model=chronos2 lags=168 horizon=24 retrieval=instance_euclidean_3_online run=/home/h61084/codes/adapts/outputs/extraction/Electricity/168_24/chronos2/instance/euclidean/3/online/run_1
2026-08-14T22:53:51+02:00 skip complete family=extraction dataset=Electricity model=chronos2 lags=336 horizon=48 retrieval=vanilla run=/home/h61084/codes/adapts/outputs/extraction/Electricity/336_48/chronos2/none/none/0/none/run_1
2026-08-14T22:53:51+02:00 skip complete family=extraction dataset=Electricity model=chronos2 lags=336 horizon=48 retrieval=instance_euclidean_3_online run=/home/h61084/codes/adapts/outputs/extraction/Electricity/336_48/chronos2/instance/euclidean/3/online/run_1
2026-08-14T22:53:51+02:00 skip complete family=extraction dataset=Electricity model=chronos2 lags=504 horizon=168 retrieval=vanilla run=/home/h61084/codes/adapts/outputs/extraction/Electricity/504_168/chronos2/none/none/0/none/run_2
2026-08-14T22:53:51+02:00 skip complete family=extraction dataset=Electricity model=chronos2 lags=504 horizon=168 retrieval=instance_euclidean_3_online run=/home/h61084/codes/adapts/outputs/extraction/Electricity/504_168/chronos2/instance/euclidean/3/online/run_1
2026-08-14T22:53:51+02:00 skip complete family=extraction dataset=Traffic model=chronos2 lags=168 horizon=24 retrieval=vanilla run=/home/h61084/codes/adapts/outputs/extraction/Traffic/168_24/chronos2/none/none/0/none/run_1
2026-08-14T22:53:52+02:00 skip complete family=extraction dataset=Traffic model=chronos2 lags=168 horizon=24 retrieval=instance_euclidean_3_online run=/home/h61084/codes/adapts/outputs/extraction/Traffic/168_24/chronos2/instance/euclidean/3/online/run_1
2026-08-14T22:53:52+02:00 skip complete family=extraction dataset=Traffic model=chronos2 lags=336 horizon=48 retrieval=vanilla run=/home/h61084/codes/adapts/outputs/extraction/Traffic/336_48/chronos2/none/none/0/none/run_1
2026-08-14T22:53:52+02:00 skip complete family=extraction dataset=Traffic model=chronos2 lags=336 horizon=48 retrieval=instance_euclidean_3_online run=/home/h61084/codes/adapts/outputs/extraction/Traffic/336_48/chronos2/instance/euclidean/3/online/run_1
2026-08-14T22:53:52+02:00 skip complete family=extraction dataset=Traffic model=chronos2 lags=504 horizon=168 retrieval=vanilla run=/home/h61084/codes/adapts/outputs/extraction/Traffic/504_168/chronos2/none/none/0/none/run_1
2026-08-14T22:53:52+02:00 skip complete family=extraction dataset=Traffic model=chronos2 lags=504 horizon=168 retrieval=instance_euclidean_3_online run=/home/h61084/codes/adapts/outputs/extraction/Traffic/504_168/chronos2/instance/euclidean/3/online/run_1
2026-08-14T22:53:52+02:00 skip complete family=extraction dataset=Solar model=chronos2 lags=168 horizon=24 retrieval=vanilla run=/home/h61084/codes/adapts/outputs/extraction/Solar/168_24/chronos2/none/none/0/none/run_1
2026-08-14T22:53:52+02:00 skip complete family=extraction dataset=Solar model=chronos2 lags=168 horizon=24 retrieval=instance_euclidean_3_online run=/home/h61084/codes/adapts/outputs/extraction/Solar/168_24/chronos2/instance/euclidean/3/online/run_1
2026-08-14T22:53:52+02:00 skip complete family=extraction dataset=Solar model=chronos2 lags=336 horizon=48 retrieval=vanilla run=/home/h61084/codes/adapts/outputs/extraction/Solar/336_48/chronos2/none/none/0/none/run_1
2026-08-14T22:53:52+02:00 skip complete family=extraction dataset=Solar model=chronos2 lags=336 horizon=48 retrieval=instance_euclidean_3_online run=/home/h61084/codes/adapts/outputs/extraction/Solar/336_48/chronos2/instance/euclidean/3/online/run_1
2026-08-14T22:53:52+02:00 skip complete family=extraction dataset=Solar model=chronos2 lags=504 horizon=168 retrieval=vanilla run=/home/h61084/codes/adapts/outputs/extraction/Solar/504_168/chronos2/none/none/0/none/run_1
2026-08-14T22:53:52+02:00 skip complete family=extraction dataset=Solar model=chronos2 lags=504 horizon=168 retrieval=instance_euclidean_3_online run=/home/h61084/codes/adapts/outputs/extraction/Solar/504_168/chronos2/instance/euclidean/3/online/run_1
2026-08-14T22:53:52+02:00 skip complete family=extraction dataset=exchange_rate model=chronos2 lags=168 horizon=24 retrieval=vanilla run=/home/h61084/codes/adapts/outputs/extraction/exchange_rate/168_24/chronos2/none/none/0/none/run_1
2026-08-14T22:53:52+02:00 skip complete family=extraction dataset=exchange_rate model=chronos2 lags=168 horizon=24 retrieval=instance_euclidean_3_online run=/home/h61084/codes/adapts/outputs/extraction/exchange_rate/168_24/chronos2/instance/euclidean/3/online/run_1
2026-08-14T22:53:53+02:00 skip complete family=extraction dataset=exchange_rate model=chronos2 lags=336 horizon=48 retrieval=vanilla run=/home/h61084/codes/adapts/outputs/extraction/exchange_rate/336_48/chronos2/none/none/0/none/run_1
2026-08-14T22:53:53+02:00 skip complete family=extraction dataset=exchange_rate model=chronos2 lags=336 horizon=48 retrieval=instance_euclidean_3_online run=/home/h61084/codes/adapts/outputs/extraction/exchange_rate/336_48/chronos2/instance/euclidean/3/online/run_1
2026-08-14T22:53:53+02:00 skip complete family=extraction dataset=exchange_rate model=chronos2 lags=504 horizon=168 retrieval=vanilla run=/home/h61084/codes/adapts/outputs/extraction/exchange_rate/504_168/chronos2/none/none/0/none/run_1
2026-08-14T22:53:53+02:00 skip complete family=extraction dataset=exchange_rate model=chronos2 lags=504 horizon=168 retrieval=instance_euclidean_3_online run=/home/h61084/codes/adapts/outputs/extraction/exchange_rate/504_168/chronos2/instance/euclidean/3/online/run_1

2026-08-14T22:53:53+02:00 job done kind=adaptation_extraction output=outputs/extraction

2026-08-14T22:53:53+02:00 job start kind=baselines family=horizon_baselines_ablation experiment_mode=full skip_complete=true tasks=12 datasets=Electricity,Traffic,Solar,exchange_rate models=chronos2 settings=168:24,336:48,504:168 distance_spaces=instance distance_metrics=euclidean neighbors=3 methods=full_ridge_shared,full_ridge_horizon,cov_y_ridge_shared,cov_y_ridge_horizon,cov_avgy_ridge_shared,cov_avgy_ridge_horizon results_root=outputs/adaptation/horizon_baselines_ablation
2026-08-14 22:53:55,691 INFO [__main__] extraction validation directory=/home/h61084/codes/adapts/outputs/extraction/Electricity/168_24/chronos2/instance/euclidean/3/online/run_1 status=complete

2026-08-14T22:53:56+02:00 baselines start configuration=1/12 dataset=Electricity model=chronos2 formula=full_ridge_shared lags=168 horizon=24 retrieval=instance_euclidean_3_online run=/home/h61084/codes/adapts/outputs/adaptation/horizon_baselines_ablation/Electricity/168_24/chronos2/full_ridge_shared/instance/euclidean/3/online/run_0 computation_signature=d0b5eb21877a7e6c592ecb15be56b07709b0a63093ef9ad19e036b2403c492b8 l2_grid=0,1e-6,1e-5,1e-4,1e-3,1e-2,1e-1,1,10 validation_fraction=0.2 fit_baselines_on_eval=false seed=1
2026-08-14 22:53:58,607 INFO [__main__] ========================================================================
2026-08-14 22:53:58,607 INFO [__main__] selected methods=('full_ridge_shared',)
2026-08-14 22:54:01,520 INFO [__main__] baseline selection start l2_grid=(0.0, 1e-06, 1e-05, 0.0001, 0.001, 0.01, 0.1, 1.0, 10.0)
2026-08-14 22:54:02,575 INFO [__main__] baseline selection done
2026-08-14 22:54:02,600 INFO [__main__] experiment done seconds=3.99
2026-08-14 22:54:02,600 INFO [__main__] ========================================================================
2026-08-14T22:54:03+02:00 baselines done configuration=1/12 dataset=Electricity model=chronos2 formula=full_ridge_shared lags=168 horizon=24 retrieval=instance_euclidean_3_online

2026-08-14T22:54:03+02:00 baselines start configuration=1/12 dataset=Electricity model=chronos2 formula=full_ridge_horizon lags=168 horizon=24 retrieval=instance_euclidean_3_online run=/home/h61084/codes/adapts/outputs/adaptation/horizon_baselines_ablation/Electricity/168_24/chronos2/full_ridge_horizon/instance/euclidean/3/online/run_0 computation_signature=31d3a17e6c79b884a7177ed8ef426f8def70e3530b7197ddc530f471b5b75c60 l2_grid=0,1e-6,1e-5,1e-4,1e-3,1e-2,1e-1,1,10 validation_fraction=0.2 fit_baselines_on_eval=false seed=1
2026-08-14 22:54:05,588 INFO [__main__] ========================================================================
2026-08-14 22:54:05,589 INFO [__main__] selected methods=('full_ridge_horizon',)
2026-08-14 22:54:08,177 INFO [__main__] baseline selection start l2_grid=(0.0, 1e-06, 1e-05, 0.0001, 0.001, 0.01, 0.1, 1.0, 10.0)
2026-08-14 22:54:09,203 INFO [__main__] baseline selection done
2026-08-14 22:54:09,225 INFO [__main__] experiment done seconds=3.63
2026-08-14 22:54:09,226 INFO [__main__] ========================================================================
2026-08-14T22:54:09+02:00 baselines done configuration=1/12 dataset=Electricity model=chronos2 formula=full_ridge_horizon lags=168 horizon=24 retrieval=instance_euclidean_3_online

2026-08-14T22:54:09+02:00 baselines start configuration=1/12 dataset=Electricity model=chronos2 formula=cov_y_ridge_shared lags=168 horizon=24 retrieval=instance_euclidean_3_online run=/home/h61084/codes/adapts/outputs/adaptation/horizon_baselines_ablation/Electricity/168_24/chronos2/cov_y_ridge_shared/instance/euclidean/3/online/run_0 computation_signature=bbc52083abbea590c0c4810f481d3ddc85ba09048b094731ed9b42ab39c3cb10 l2_grid=0,1e-6,1e-5,1e-4,1e-3,1e-2,1e-1,1,10 validation_fraction=0.2 fit_baselines_on_eval=false seed=1
2026-08-14 22:54:12,376 INFO [__main__] ========================================================================
2026-08-14 22:54:12,377 INFO [__main__] selected methods=('cov_y_ridge_shared',)
2026-08-14 22:54:14,810 INFO [__main__] baseline selection start l2_grid=(0.0, 1e-06, 1e-05, 0.0001, 0.001, 0.01, 0.1, 1.0, 10.0)
2026-08-14 22:54:15,393 INFO [__main__] baseline selection done
2026-08-14 22:54:15,417 INFO [__main__] experiment done seconds=3.04
2026-08-14 22:54:15,417 INFO [__main__] ========================================================================
2026-08-14T22:54:15+02:00 baselines done configuration=1/12 dataset=Electricity model=chronos2 formula=cov_y_ridge_shared lags=168 horizon=24 retrieval=instance_euclidean_3_online

2026-08-14T22:54:16+02:00 baselines start configuration=1/12 dataset=Electricity model=chronos2 formula=cov_y_ridge_horizon lags=168 horizon=24 retrieval=instance_euclidean_3_online run=/home/h61084/codes/adapts/outputs/adaptation/horizon_baselines_ablation/Electricity/168_24/chronos2/cov_y_ridge_horizon/instance/euclidean/3/online/run_0 computation_signature=9fd21e577fca033b2286223edf383e994b864ae0be6e4e977c3d6d332c866dff l2_grid=0,1e-6,1e-5,1e-4,1e-3,1e-2,1e-1,1,10 validation_fraction=0.2 fit_baselines_on_eval=false seed=1
2026-08-14 22:54:18,466 INFO [__main__] ========================================================================
2026-08-14 22:54:18,466 INFO [__main__] selected methods=('cov_y_ridge_horizon',)
2026-08-14 22:54:20,899 INFO [__main__] baseline selection start l2_grid=(0.0, 1e-06, 1e-05, 0.0001, 0.001, 0.01, 0.1, 1.0, 10.0)
2026-08-14 22:54:21,577 INFO [__main__] baseline selection done
2026-08-14 22:54:21,600 INFO [__main__] experiment done seconds=3.13
2026-08-14 22:54:21,600 INFO [__main__] ========================================================================
2026-08-14T22:54:22+02:00 baselines done configuration=1/12 dataset=Electricity model=chronos2 formula=cov_y_ridge_horizon lags=168 horizon=24 retrieval=instance_euclidean_3_online

2026-08-14T22:54:22+02:00 baselines start configuration=1/12 dataset=Electricity model=chronos2 formula=cov_avgy_ridge_shared lags=168 horizon=24 retrieval=instance_euclidean_3_online run=/home/h61084/codes/adapts/outputs/adaptation/horizon_baselines_ablation/Electricity/168_24/chronos2/cov_avgy_ridge_shared/instance/euclidean/3/online/run_0 computation_signature=d7e5f6416617874a64c2f4b98ab6ff9603514d84baa93cb83fed37abb6daf862 l2_grid=0,1e-6,1e-5,1e-4,1e-3,1e-2,1e-1,1,10 validation_fraction=0.2 fit_baselines_on_eval=false seed=1
2026-08-14 22:54:24,633 INFO [__main__] ========================================================================
2026-08-14 22:54:24,634 INFO [__main__] selected methods=('cov_avgy_ridge_shared',)
2026-08-14 22:54:27,154 INFO [__main__] baseline selection start l2_grid=(0.0, 1e-06, 1e-05, 0.0001, 0.001, 0.01, 0.1, 1.0, 10.0)
2026-08-14 22:54:27,911 INFO [__main__] baseline selection done
2026-08-14 22:54:27,935 INFO [__main__] experiment done seconds=3.30
2026-08-14 22:54:27,935 INFO [__main__] ========================================================================
2026-08-14T22:54:28+02:00 baselines done configuration=1/12 dataset=Electricity model=chronos2 formula=cov_avgy_ridge_shared lags=168 horizon=24 retrieval=instance_euclidean_3_online

2026-08-14T22:54:28+02:00 baselines start configuration=1/12 dataset=Electricity model=chronos2 formula=cov_avgy_ridge_horizon lags=168 horizon=24 retrieval=instance_euclidean_3_online run=/home/h61084/codes/adapts/outputs/adaptation/horizon_baselines_ablation/Electricity/168_24/chronos2/cov_avgy_ridge_horizon/instance/euclidean/3/online/run_0 computation_signature=36e15fe355bc6c570df0bdb6f281aeec0a3d9e8954a67dd357ac72ea6f0d70ac l2_grid=0,1e-6,1e-5,1e-4,1e-3,1e-2,1e-1,1,10 validation_fraction=0.2 fit_baselines_on_eval=false seed=1
2026-08-14 22:54:30,989 INFO [__main__] ========================================================================
2026-08-14 22:54:30,989 INFO [__main__] selected methods=('cov_avgy_ridge_horizon',)
2026-08-14 22:54:33,503 INFO [__main__] baseline selection start l2_grid=(0.0, 1e-06, 1e-05, 0.0001, 0.001, 0.01, 0.1, 1.0, 10.0)
2026-08-14 22:54:34,395 INFO [__main__] baseline selection done
2026-08-14 22:54:34,419 INFO [__main__] experiment done seconds=3.43
2026-08-14 22:54:34,419 INFO [__main__] ========================================================================
2026-08-14T22:54:34+02:00 baselines done configuration=1/12 dataset=Electricity model=chronos2 formula=cov_avgy_ridge_horizon lags=168 horizon=24 retrieval=instance_euclidean_3_online
2026-08-14 22:54:37,477 INFO [__main__] extraction validation directory=/home/h61084/codes/adapts/outputs/extraction/Electricity/336_48/chronos2/instance/euclidean/3/online/run_1 status=complete

2026-08-14T22:54:38+02:00 baselines start configuration=2/12 dataset=Electricity model=chronos2 formula=full_ridge_shared lags=336 horizon=48 retrieval=instance_euclidean_3_online run=/home/h61084/codes/adapts/outputs/adaptation/horizon_baselines_ablation/Electricity/336_48/chronos2/full_ridge_shared/instance/euclidean/3/online/run_0 computation_signature=43b2ad30ab8ca25fc90f71264c739ae1e20d3b8fcf3184fc5dfd46e0ed86b13c l2_grid=0,1e-6,1e-5,1e-4,1e-3,1e-2,1e-1,1,10 validation_fraction=0.2 fit_baselines_on_eval=false seed=1
2026-08-14 22:54:40,780 INFO [__main__] ========================================================================
2026-08-14 22:54:40,780 INFO [__main__] selected methods=('full_ridge_shared',)
2026-08-14 22:54:44,148 INFO [__main__] baseline selection start l2_grid=(0.0, 1e-06, 1e-05, 0.0001, 0.001, 0.01, 0.1, 1.0, 10.0)
2026-08-14 22:54:45,934 INFO [__main__] baseline selection done
2026-08-14 22:54:45,963 INFO [__main__] experiment done seconds=5.18
2026-08-14 22:54:45,963 INFO [__main__] ========================================================================
2026-08-14T22:54:46+02:00 baselines done configuration=2/12 dataset=Electricity model=chronos2 formula=full_ridge_shared lags=336 horizon=48 retrieval=instance_euclidean_3_online

2026-08-14T22:54:46+02:00 baselines start configuration=2/12 dataset=Electricity model=chronos2 formula=full_ridge_horizon lags=336 horizon=48 retrieval=instance_euclidean_3_online run=/home/h61084/codes/adapts/outputs/adaptation/horizon_baselines_ablation/Electricity/336_48/chronos2/full_ridge_horizon/instance/euclidean/3/online/run_0 computation_signature=eddea01c0fe0890b58c0194556785d03f37ecf375576541c3311e771651ab75b l2_grid=0,1e-6,1e-5,1e-4,1e-3,1e-2,1e-1,1,10 validation_fraction=0.2 fit_baselines_on_eval=false seed=1
2026-08-14 22:54:49,156 INFO [__main__] ========================================================================
2026-08-14 22:54:49,156 INFO [__main__] selected methods=('full_ridge_horizon',)
2026-08-14 22:54:52,462 INFO [__main__] baseline selection start l2_grid=(0.0, 1e-06, 1e-05, 0.0001, 0.001, 0.01, 0.1, 1.0, 10.0)
2026-08-14 22:54:54,230 INFO [__main__] baseline selection done
2026-08-14 22:54:54,256 INFO [__main__] experiment done seconds=5.10
2026-08-14 22:54:54,256 INFO [__main__] ========================================================================
2026-08-14T22:54:54+02:00 baselines done configuration=2/12 dataset=Electricity model=chronos2 formula=full_ridge_horizon lags=336 horizon=48 retrieval=instance_euclidean_3_online

2026-08-14T22:54:54+02:00 baselines start configuration=2/12 dataset=Electricity model=chronos2 formula=cov_y_ridge_shared lags=336 horizon=48 retrieval=instance_euclidean_3_online run=/home/h61084/codes/adapts/outputs/adaptation/horizon_baselines_ablation/Electricity/336_48/chronos2/cov_y_ridge_shared/instance/euclidean/3/online/run_0 computation_signature=979b23e998befabf247b40ece7788fae05e101eed50f44442fa01f4d26ef8fc4 l2_grid=0,1e-6,1e-5,1e-4,1e-3,1e-2,1e-1,1,10 validation_fraction=0.2 fit_baselines_on_eval=false seed=1
2026-08-14 22:54:57,956 INFO [__main__] ========================================================================
2026-08-14 22:54:57,957 INFO [__main__] selected methods=('cov_y_ridge_shared',)
2026-08-14 22:55:01,080 INFO [__main__] baseline selection start l2_grid=(0.0, 1e-06, 1e-05, 0.0001, 0.001, 0.01, 0.1, 1.0, 10.0)
2026-08-14 22:55:02,060 INFO [__main__] baseline selection done
2026-08-14 22:55:02,084 INFO [__main__] experiment done seconds=4.12
2026-08-14 22:55:02,084 INFO [__main__] ========================================================================
2026-08-14T22:55:02+02:00 baselines done configuration=2/12 dataset=Electricity model=chronos2 formula=cov_y_ridge_shared lags=336 horizon=48 retrieval=instance_euclidean_3_online

2026-08-14T22:55:02+02:00 baselines start configuration=2/12 dataset=Electricity model=chronos2 formula=cov_y_ridge_horizon lags=336 horizon=48 retrieval=instance_euclidean_3_online run=/home/h61084/codes/adapts/outputs/adaptation/horizon_baselines_ablation/Electricity/336_48/chronos2/cov_y_ridge_horizon/instance/euclidean/3/online/run_0 computation_signature=f50843cffc125e09166e64e75b2f0c348afb4cb6778d71ee772c6526f6c656c4 l2_grid=0,1e-6,1e-5,1e-4,1e-3,1e-2,1e-1,1,10 validation_fraction=0.2 fit_baselines_on_eval=false seed=1
2026-08-14 22:55:05,199 INFO [__main__] ========================================================================
2026-08-14 22:55:05,199 INFO [__main__] selected methods=('cov_y_ridge_horizon',)
2026-08-14 22:55:08,351 INFO [__main__] baseline selection start l2_grid=(0.0, 1e-06, 1e-05, 0.0001, 0.001, 0.01, 0.1, 1.0, 10.0)
2026-08-14 22:55:09,494 INFO [__main__] baseline selection done
2026-08-14 22:55:09,518 INFO [__main__] experiment done seconds=4.32
2026-08-14 22:55:09,518 INFO [__main__] ========================================================================
2026-08-14T22:55:10+02:00 baselines done configuration=2/12 dataset=Electricity model=chronos2 formula=cov_y_ridge_horizon lags=336 horizon=48 retrieval=instance_euclidean_3_online

2026-08-14T22:55:10+02:00 baselines start configuration=2/12 dataset=Electricity model=chronos2 formula=cov_avgy_ridge_shared lags=336 horizon=48 retrieval=instance_euclidean_3_online run=/home/h61084/codes/adapts/outputs/adaptation/horizon_baselines_ablation/Electricity/336_48/chronos2/cov_avgy_ridge_shared/instance/euclidean/3/online/run_0 computation_signature=9f57661bc5c78dcdc0ec6722eba8533284dad2b53ce480c815a035952a58c2f0 l2_grid=0,1e-6,1e-5,1e-4,1e-3,1e-2,1e-1,1,10 validation_fraction=0.2 fit_baselines_on_eval=false seed=1
2026-08-14 22:55:12,395 INFO [__main__] ========================================================================
2026-08-14 22:55:12,395 INFO [__main__] selected methods=('cov_avgy_ridge_shared',)
2026-08-14 22:55:15,619 INFO [__main__] baseline selection start l2_grid=(0.0, 1e-06, 1e-05, 0.0001, 0.001, 0.01, 0.1, 1.0, 10.0)
2026-08-14 22:55:16,884 INFO [__main__] baseline selection done
2026-08-14 22:55:16,909 INFO [__main__] experiment done seconds=4.51
2026-08-14 22:55:16,909 INFO [__main__] ========================================================================
2026-08-14T22:55:17+02:00 baselines done configuration=2/12 dataset=Electricity model=chronos2 formula=cov_avgy_ridge_shared lags=336 horizon=48 retrieval=instance_euclidean_3_online

2026-08-14T22:55:17+02:00 baselines start configuration=2/12 dataset=Electricity model=chronos2 formula=cov_avgy_ridge_horizon lags=336 horizon=48 retrieval=instance_euclidean_3_online run=/home/h61084/codes/adapts/outputs/adaptation/horizon_baselines_ablation/Electricity/336_48/chronos2/cov_avgy_ridge_horizon/instance/euclidean/3/online/run_0 computation_signature=528e049575d1e203d39c054df01c5b53291b59f8d1f1b7d0e047db937d56a4ad l2_grid=0,1e-6,1e-5,1e-4,1e-3,1e-2,1e-1,1,10 validation_fraction=0.2 fit_baselines_on_eval=false seed=1
2026-08-14 22:55:19,984 INFO [__main__] ========================================================================
2026-08-14 22:55:19,984 INFO [__main__] selected methods=('cov_avgy_ridge_horizon',)
2026-08-14 22:55:23,128 INFO [__main__] baseline selection start l2_grid=(0.0, 1e-06, 1e-05, 0.0001, 0.001, 0.01, 0.1, 1.0, 10.0)
2026-08-14 22:55:24,624 INFO [__main__] baseline selection done
2026-08-14 22:55:24,651 INFO [__main__] experiment done seconds=4.66
2026-08-14 22:55:24,651 INFO [__main__] ========================================================================
2026-08-14T22:55:25+02:00 baselines done configuration=2/12 dataset=Electricity model=chronos2 formula=cov_avgy_ridge_horizon lags=336 horizon=48 retrieval=instance_euclidean_3_online
2026-08-14 22:55:27,342 INFO [__main__] extraction validation directory=/home/h61084/codes/adapts/outputs/extraction/Electricity/504_168/chronos2/instance/euclidean/3/online/run_1 status=complete

2026-08-14T22:55:27+02:00 baselines start configuration=3/12 dataset=Electricity model=chronos2 formula=full_ridge_shared lags=504 horizon=168 retrieval=instance_euclidean_3_online run=/home/h61084/codes/adapts/outputs/adaptation/horizon_baselines_ablation/Electricity/504_168/chronos2/full_ridge_shared/instance/euclidean/3/online/run_0 computation_signature=80108ff0e8b5aa45aa6f2f5b736683bfd7a73d8299a009d0395f95e99fd762ec l2_grid=0,1e-6,1e-5,1e-4,1e-3,1e-2,1e-1,1,10 validation_fraction=0.2 fit_baselines_on_eval=false seed=1
2026-08-14 22:55:30,413 INFO [__main__] ========================================================================
2026-08-14 22:55:30,414 INFO [__main__] selected methods=('full_ridge_shared',)
2026-08-14 22:55:34,601 INFO [__main__] baseline selection start l2_grid=(0.0, 1e-06, 1e-05, 0.0001, 0.001, 0.01, 0.1, 1.0, 10.0)
2026-08-14 22:55:39,833 INFO [__main__] baseline selection done
2026-08-14 22:55:39,863 INFO [__main__] experiment done seconds=9.44
2026-08-14 22:55:39,863 INFO [__main__] ========================================================================
2026-08-14T22:55:40+02:00 baselines done configuration=3/12 dataset=Electricity model=chronos2 formula=full_ridge_shared lags=504 horizon=168 retrieval=instance_euclidean_3_online

2026-08-14T22:55:40+02:00 baselines start configuration=3/12 dataset=Electricity model=chronos2 formula=full_ridge_horizon lags=504 horizon=168 retrieval=instance_euclidean_3_online run=/home/h61084/codes/adapts/outputs/adaptation/horizon_baselines_ablation/Electricity/504_168/chronos2/full_ridge_horizon/instance/euclidean/3/online/run_0 computation_signature=0d4408fc845514d77b7312c64b058d13bc052427fe82de1c3d75572808ecc101 l2_grid=0,1e-6,1e-5,1e-4,1e-3,1e-2,1e-1,1,10 validation_fraction=0.2 fit_baselines_on_eval=false seed=1
2026-08-14 22:55:42,952 INFO [__main__] ========================================================================
2026-08-14 22:55:42,952 INFO [__main__] selected methods=('full_ridge_horizon',)
2026-08-14 22:55:47,233 INFO [__main__] baseline selection start l2_grid=(0.0, 1e-06, 1e-05, 0.0001, 0.001, 0.01, 0.1, 1.0, 10.0)
2026-08-14 22:55:52,647 INFO [__main__] baseline selection done
2026-08-14 22:55:52,674 INFO [__main__] experiment done seconds=9.72
2026-08-14 22:55:52,675 INFO [__main__] ========================================================================
2026-08-14T22:55:53+02:00 baselines done configuration=3/12 dataset=Electricity model=chronos2 formula=full_ridge_horizon lags=504 horizon=168 retrieval=instance_euclidean_3_online

2026-08-14T22:55:53+02:00 baselines start configuration=3/12 dataset=Electricity model=chronos2 formula=cov_y_ridge_shared lags=504 horizon=168 retrieval=instance_euclidean_3_online run=/home/h61084/codes/adapts/outputs/adaptation/horizon_baselines_ablation/Electricity/504_168/chronos2/cov_y_ridge_shared/instance/euclidean/3/online/run_0 computation_signature=8d64a65e97061dd1b76ea42b66d4f1ef4695bc2dec7eb52095eb89d2d16b81c3 l2_grid=0,1e-6,1e-5,1e-4,1e-3,1e-2,1e-1,1,10 validation_fraction=0.2 fit_baselines_on_eval=false seed=1
2026-08-14 22:55:55,708 INFO [__main__] ========================================================================
2026-08-14 22:55:55,708 INFO [__main__] selected methods=('cov_y_ridge_shared',)
2026-08-14 22:55:59,917 INFO [__main__] baseline selection start l2_grid=(0.0, 1e-06, 1e-05, 0.0001, 0.001, 0.01, 0.1, 1.0, 10.0)
2026-08-14 22:56:03,446 INFO [__main__] baseline selection done
2026-08-14 22:56:03,476 INFO [__main__] experiment done seconds=7.76
2026-08-14 22:56:03,476 INFO [__main__] ========================================================================
2026-08-14T22:56:04+02:00 baselines done configuration=3/12 dataset=Electricity model=chronos2 formula=cov_y_ridge_shared lags=504 horizon=168 retrieval=instance_euclidean_3_online

2026-08-14T22:56:04+02:00 baselines start configuration=3/12 dataset=Electricity model=chronos2 formula=cov_y_ridge_horizon lags=504 horizon=168 retrieval=instance_euclidean_3_online run=/home/h61084/codes/adapts/outputs/adaptation/horizon_baselines_ablation/Electricity/504_168/chronos2/cov_y_ridge_horizon/instance/euclidean/3/online/run_0 computation_signature=cb015da1ec56c862558f0b8a5b8b2a464d893bda4df446f24756394bb217c5c2 l2_grid=0,1e-6,1e-5,1e-4,1e-3,1e-2,1e-1,1,10 validation_fraction=0.2 fit_baselines_on_eval=false seed=1
2026-08-14 22:56:06,678 INFO [__main__] ========================================================================
2026-08-14 22:56:06,678 INFO [__main__] selected methods=('cov_y_ridge_horizon',)
2026-08-14 22:56:11,054 INFO [__main__] baseline selection start l2_grid=(0.0, 1e-06, 1e-05, 0.0001, 0.001, 0.01, 0.1, 1.0, 10.0)
2026-08-14 22:56:14,640 INFO [__main__] baseline selection done
2026-08-14 22:56:14,668 INFO [__main__] experiment done seconds=7.99
2026-08-14 22:56:14,668 INFO [__main__] ========================================================================
2026-08-14T22:56:15+02:00 baselines done configuration=3/12 dataset=Electricity model=chronos2 formula=cov_y_ridge_horizon lags=504 horizon=168 retrieval=instance_euclidean_3_online

2026-08-14T22:56:15+02:00 baselines start configuration=3/12 dataset=Electricity model=chronos2 formula=cov_avgy_ridge_shared lags=504 horizon=168 retrieval=instance_euclidean_3_online run=/home/h61084/codes/adapts/outputs/adaptation/horizon_baselines_ablation/Electricity/504_168/chronos2/cov_avgy_ridge_shared/instance/euclidean/3/online/run_0 computation_signature=237344bfbd63b6bb556eef7e740385820ffb1c5cacf167b5c28d463e75e59b52 l2_grid=0,1e-6,1e-5,1e-4,1e-3,1e-2,1e-1,1,10 validation_fraction=0.2 fit_baselines_on_eval=false seed=1
2026-08-14 22:56:17,578 INFO [__main__] ========================================================================
2026-08-14 22:56:17,578 INFO [__main__] selected methods=('cov_avgy_ridge_shared',)
2026-08-14 22:56:21,752 INFO [__main__] baseline selection start l2_grid=(0.0, 1e-06, 1e-05, 0.0001, 0.001, 0.01, 0.1, 1.0, 10.0)
2026-08-14 22:56:25,454 INFO [__main__] baseline selection done
2026-08-14 22:56:25,487 INFO [__main__] experiment done seconds=7.90
2026-08-14 22:56:25,487 INFO [__main__] ========================================================================
2026-08-14T22:56:26+02:00 baselines done configuration=3/12 dataset=Electricity model=chronos2 formula=cov_avgy_ridge_shared lags=504 horizon=168 retrieval=instance_euclidean_3_online

2026-08-14T22:56:26+02:00 baselines start configuration=3/12 dataset=Electricity model=chronos2 formula=cov_avgy_ridge_horizon lags=504 horizon=168 retrieval=instance_euclidean_3_online run=/home/h61084/codes/adapts/outputs/adaptation/horizon_baselines_ablation/Electricity/504_168/chronos2/cov_avgy_ridge_horizon/instance/euclidean/3/online/run_0 computation_signature=a0847b7be6865cfd4de8ccf9b91a8be6dbd139621b2eacf93dc0968568082007 l2_grid=0,1e-6,1e-5,1e-4,1e-3,1e-2,1e-1,1,10 validation_fraction=0.2 fit_baselines_on_eval=false seed=1
2026-08-14 22:56:28,468 INFO [__main__] ========================================================================
2026-08-14 22:56:28,468 INFO [__main__] selected methods=('cov_avgy_ridge_horizon',)
2026-08-14 22:56:32,621 INFO [__main__] baseline selection start l2_grid=(0.0, 1e-06, 1e-05, 0.0001, 0.001, 0.01, 0.1, 1.0, 10.0)
2026-08-14 22:56:37,210 INFO [__main__] baseline selection done
2026-08-14 22:56:37,233 INFO [__main__] experiment done seconds=8.76
2026-08-14 22:56:37,233 INFO [__main__] ========================================================================
2026-08-14T22:56:37+02:00 baselines done configuration=3/12 dataset=Electricity model=chronos2 formula=cov_avgy_ridge_horizon lags=504 horizon=168 retrieval=instance_euclidean_3_online
2026-08-14 22:56:39,953 INFO [__main__] extraction validation directory=/home/h61084/codes/adapts/outputs/extraction/Traffic/168_24/chronos2/instance/euclidean/3/online/run_1 status=complete

2026-08-14T22:56:40+02:00 baselines start configuration=4/12 dataset=Traffic model=chronos2 formula=full_ridge_shared lags=168 horizon=24 retrieval=instance_euclidean_3_online run=/home/h61084/codes/adapts/outputs/adaptation/horizon_baselines_ablation/Traffic/168_24/chronos2/full_ridge_shared/instance/euclidean/3/online/run_0 computation_signature=9ca18a866e44d138baa1b6458feb47672a991f1609aa98ac521daab294e29b45 l2_grid=0,1e-6,1e-5,1e-4,1e-3,1e-2,1e-1,1,10 validation_fraction=0.2 fit_baselines_on_eval=false seed=1
2026-08-14 22:56:42,971 INFO [__main__] ========================================================================
2026-08-14 22:56:42,972 INFO [__main__] selected methods=('full_ridge_shared',)
2026-08-14 22:56:46,165 INFO [__main__] baseline selection start l2_grid=(0.0, 1e-06, 1e-05, 0.0001, 0.001, 0.01, 0.1, 1.0, 10.0)
2026-08-14 22:56:48,091 INFO [__main__] baseline selection done
2026-08-14 22:56:48,118 INFO [__main__] experiment done seconds=5.14
2026-08-14 22:56:48,119 INFO [__main__] ========================================================================
2026-08-14T22:56:48+02:00 baselines done configuration=4/12 dataset=Traffic model=chronos2 formula=full_ridge_shared lags=168 horizon=24 retrieval=instance_euclidean_3_online

2026-08-14T22:56:48+02:00 baselines start configuration=4/12 dataset=Traffic model=chronos2 formula=full_ridge_horizon lags=168 horizon=24 retrieval=instance_euclidean_3_online run=/home/h61084/codes/adapts/outputs/adaptation/horizon_baselines_ablation/Traffic/168_24/chronos2/full_ridge_horizon/instance/euclidean/3/online/run_0 computation_signature=1228d20942d4d794108fdf127f0096c4628d97f8244abed8cdd0a76887b0bc7b l2_grid=0,1e-6,1e-5,1e-4,1e-3,1e-2,1e-1,1,10 validation_fraction=0.2 fit_baselines_on_eval=false seed=1
2026-08-14 22:56:51,134 INFO [__main__] ========================================================================
2026-08-14 22:56:51,134 INFO [__main__] selected methods=('full_ridge_horizon',)
2026-08-14 22:56:54,380 INFO [__main__] baseline selection start l2_grid=(0.0, 1e-06, 1e-05, 0.0001, 0.001, 0.01, 0.1, 1.0, 10.0)
2026-08-14 22:56:56,183 INFO [__main__] baseline selection done
2026-08-14 22:56:56,208 INFO [__main__] experiment done seconds=5.07
2026-08-14 22:56:56,208 INFO [__main__] ========================================================================
2026-08-14T22:56:56+02:00 baselines done configuration=4/12 dataset=Traffic model=chronos2 formula=full_ridge_horizon lags=168 horizon=24 retrieval=instance_euclidean_3_online

2026-08-14T22:56:56+02:00 baselines start configuration=4/12 dataset=Traffic model=chronos2 formula=cov_y_ridge_shared lags=168 horizon=24 retrieval=instance_euclidean_3_online run=/home/h61084/codes/adapts/outputs/adaptation/horizon_baselines_ablation/Traffic/168_24/chronos2/cov_y_ridge_shared/instance/euclidean/3/online/run_0 computation_signature=bb4fb0a855d4364c8c2ca1513f8c8b862cefcecc404b4a56bd9c75a4f37f31d3 l2_grid=0,1e-6,1e-5,1e-4,1e-3,1e-2,1e-1,1,10 validation_fraction=0.2 fit_baselines_on_eval=false seed=1
2026-08-14 22:56:59,354 INFO [__main__] ========================================================================
2026-08-14 22:56:59,354 INFO [__main__] selected methods=('cov_y_ridge_shared',)
2026-08-14 22:57:02,505 INFO [__main__] baseline selection start l2_grid=(0.0, 1e-06, 1e-05, 0.0001, 0.001, 0.01, 0.1, 1.0, 10.0)
2026-08-14 22:57:03,475 INFO [__main__] baseline selection done
2026-08-14 22:57:03,508 INFO [__main__] experiment done seconds=4.15
2026-08-14 22:57:03,508 INFO [__main__] ========================================================================
2026-08-14T22:57:04+02:00 baselines done configuration=4/12 dataset=Traffic model=chronos2 formula=cov_y_ridge_shared lags=168 horizon=24 retrieval=instance_euclidean_3_online

2026-08-14T22:57:04+02:00 baselines start configuration=4/12 dataset=Traffic model=chronos2 formula=cov_y_ridge_horizon lags=168 horizon=24 retrieval=instance_euclidean_3_online run=/home/h61084/codes/adapts/outputs/adaptation/horizon_baselines_ablation/Traffic/168_24/chronos2/cov_y_ridge_horizon/instance/euclidean/3/online/run_0 computation_signature=129ad4bfa2b97260b8faa061b0b7c30617111b6a3d9d781b33a1c97ed4cafc28 l2_grid=0,1e-6,1e-5,1e-4,1e-3,1e-2,1e-1,1,10 validation_fraction=0.2 fit_baselines_on_eval=false seed=1
2026-08-14 22:57:06,662 INFO [__main__] ========================================================================
2026-08-14 22:57:06,662 INFO [__main__] selected methods=('cov_y_ridge_horizon',)
2026-08-14 22:57:10,041 INFO [__main__] baseline selection start l2_grid=(0.0, 1e-06, 1e-05, 0.0001, 0.001, 0.01, 0.1, 1.0, 10.0)
2026-08-14 22:57:11,275 INFO [__main__] baseline selection done
2026-08-14 22:57:11,300 INFO [__main__] experiment done seconds=4.63
2026-08-14 22:57:11,300 INFO [__main__] ========================================================================
2026-08-14T22:57:11+02:00 baselines done configuration=4/12 dataset=Traffic model=chronos2 formula=cov_y_ridge_horizon lags=168 horizon=24 retrieval=instance_euclidean_3_online

2026-08-14T22:57:12+02:00 baselines start configuration=4/12 dataset=Traffic model=chronos2 formula=cov_avgy_ridge_shared lags=168 horizon=24 retrieval=instance_euclidean_3_online run=/home/h61084/codes/adapts/outputs/adaptation/horizon_baselines_ablation/Traffic/168_24/chronos2/cov_avgy_ridge_shared/instance/euclidean/3/online/run_0 computation_signature=05781b12987438083812104d747c96c184bd8481fdb9813f6eeb3ce10a999027 l2_grid=0,1e-6,1e-5,1e-4,1e-3,1e-2,1e-1,1,10 validation_fraction=0.2 fit_baselines_on_eval=false seed=1
2026-08-14 22:57:14,396 INFO [__main__] ========================================================================
2026-08-14 22:57:14,397 INFO [__main__] selected methods=('cov_avgy_ridge_shared',)
2026-08-14 22:57:17,858 INFO [__main__] baseline selection start l2_grid=(0.0, 1e-06, 1e-05, 0.0001, 0.001, 0.01, 0.1, 1.0, 10.0)
2026-08-14 22:57:19,112 INFO [__main__] baseline selection done
2026-08-14 22:57:19,154 INFO [__main__] experiment done seconds=4.73
2026-08-14 22:57:19,154 INFO [__main__] ========================================================================
2026-08-14T22:57:19+02:00 baselines done configuration=4/12 dataset=Traffic model=chronos2 formula=cov_avgy_ridge_shared lags=168 horizon=24 retrieval=instance_euclidean_3_online

2026-08-14T22:57:19+02:00 baselines start configuration=4/12 dataset=Traffic model=chronos2 formula=cov_avgy_ridge_horizon lags=168 horizon=24 retrieval=instance_euclidean_3_online run=/home/h61084/codes/adapts/outputs/adaptation/horizon_baselines_ablation/Traffic/168_24/chronos2/cov_avgy_ridge_horizon/instance/euclidean/3/online/run_0 computation_signature=82e3cb259b10e2aa3c1f421f264814f607dbe9df9db845b9d2a0b4fee0c446ce l2_grid=0,1e-6,1e-5,1e-4,1e-3,1e-2,1e-1,1,10 validation_fraction=0.2 fit_baselines_on_eval=false seed=1
2026-08-14 22:57:22,276 INFO [__main__] ========================================================================
2026-08-14 22:57:22,276 INFO [__main__] selected methods=('cov_avgy_ridge_horizon',)
2026-08-14 22:57:25,491 INFO [__main__] baseline selection start l2_grid=(0.0, 1e-06, 1e-05, 0.0001, 0.001, 0.01, 0.1, 1.0, 10.0)
2026-08-14 22:57:27,030 INFO [__main__] baseline selection done
2026-08-14 22:57:27,053 INFO [__main__] experiment done seconds=4.77
2026-08-14 22:57:27,053 INFO [__main__] ========================================================================
2026-08-14T22:57:27+02:00 baselines done configuration=4/12 dataset=Traffic model=chronos2 formula=cov_avgy_ridge_horizon lags=168 horizon=24 retrieval=instance_euclidean_3_online
2026-08-14 22:57:29,761 INFO [__main__] extraction validation directory=/home/h61084/codes/adapts/outputs/extraction/Traffic/336_48/chronos2/instance/euclidean/3/online/run_1 status=complete

2026-08-14T22:57:30+02:00 baselines start configuration=5/12 dataset=Traffic model=chronos2 formula=full_ridge_shared lags=336 horizon=48 retrieval=instance_euclidean_3_online run=/home/h61084/codes/adapts/outputs/adaptation/horizon_baselines_ablation/Traffic/336_48/chronos2/full_ridge_shared/instance/euclidean/3/online/run_0 computation_signature=1cdcb8b35057c8069bea621f3d11a40a73ae97f23eaa36abf5168d0cf6f1c050 l2_grid=0,1e-6,1e-5,1e-4,1e-3,1e-2,1e-1,1,10 validation_fraction=0.2 fit_baselines_on_eval=false seed=1
2026-08-14 22:57:32,700 INFO [__main__] ========================================================================
2026-08-14 22:57:32,700 INFO [__main__] selected methods=('full_ridge_shared',)
2026-08-14 22:57:36,983 INFO [__main__] baseline selection start l2_grid=(0.0, 1e-06, 1e-05, 0.0001, 0.001, 0.01, 0.1, 1.0, 10.0)
2026-08-14 22:57:39,527 INFO [__main__] baseline selection done
2026-08-14 22:57:39,565 INFO [__main__] experiment done seconds=6.86
2026-08-14 22:57:39,565 INFO [__main__] ========================================================================
2026-08-14T22:57:40+02:00 baselines done configuration=5/12 dataset=Traffic model=chronos2 formula=full_ridge_shared lags=336 horizon=48 retrieval=instance_euclidean_3_online

2026-08-14T22:57:40+02:00 baselines start configuration=5/12 dataset=Traffic model=chronos2 formula=full_ridge_horizon lags=336 horizon=48 retrieval=instance_euclidean_3_online run=/home/h61084/codes/adapts/outputs/adaptation/horizon_baselines_ablation/Traffic/336_48/chronos2/full_ridge_horizon/instance/euclidean/3/online/run_0 computation_signature=43e10a7a878c90621f1169b1d8f01bf491848bc8ed0da705f41ae68911d241a1 l2_grid=0,1e-6,1e-5,1e-4,1e-3,1e-2,1e-1,1,10 validation_fraction=0.2 fit_baselines_on_eval=false seed=1
2026-08-14 22:57:42,932 INFO [__main__] ========================================================================
2026-08-14 22:57:42,932 INFO [__main__] selected methods=('full_ridge_horizon',)
2026-08-14 22:57:47,308 INFO [__main__] baseline selection start l2_grid=(0.0, 1e-06, 1e-05, 0.0001, 0.001, 0.01, 0.1, 1.0, 10.0)
2026-08-14 22:57:50,658 INFO [__main__] baseline selection done
2026-08-14 22:57:50,708 INFO [__main__] experiment done seconds=7.77
2026-08-14 22:57:50,708 INFO [__main__] ========================================================================
2026-08-14T22:57:51+02:00 baselines done configuration=5/12 dataset=Traffic model=chronos2 formula=full_ridge_horizon lags=336 horizon=48 retrieval=instance_euclidean_3_online

2026-08-14T22:57:51+02:00 baselines start configuration=5/12 dataset=Traffic model=chronos2 formula=cov_y_ridge_shared lags=336 horizon=48 retrieval=instance_euclidean_3_online run=/home/h61084/codes/adapts/outputs/adaptation/horizon_baselines_ablation/Traffic/336_48/chronos2/cov_y_ridge_shared/instance/euclidean/3/online/run_0 computation_signature=1144ac9b24498ce5742b838bf02f69ce8ae1f44bef5192d6959c690448be3e51 l2_grid=0,1e-6,1e-5,1e-4,1e-3,1e-2,1e-1,1,10 validation_fraction=0.2 fit_baselines_on_eval=false seed=1
2026-08-14 22:57:53,812 INFO [__main__] ========================================================================
2026-08-14 22:57:53,812 INFO [__main__] selected methods=('cov_y_ridge_shared',)
2026-08-14 22:57:58,061 INFO [__main__] baseline selection start l2_grid=(0.0, 1e-06, 1e-05, 0.0001, 0.001, 0.01, 0.1, 1.0, 10.0)
2026-08-14 22:57:59,789 INFO [__main__] baseline selection done
2026-08-14 22:57:59,813 INFO [__main__] experiment done seconds=6.00
2026-08-14 22:57:59,813 INFO [__main__] ========================================================================
2026-08-14T22:58:00+02:00 baselines done configuration=5/12 dataset=Traffic model=chronos2 formula=cov_y_ridge_shared lags=336 horizon=48 retrieval=instance_euclidean_3_online

2026-08-14T22:58:00+02:00 baselines start configuration=5/12 dataset=Traffic model=chronos2 formula=cov_y_ridge_horizon lags=336 horizon=48 retrieval=instance_euclidean_3_online run=/home/h61084/codes/adapts/outputs/adaptation/horizon_baselines_ablation/Traffic/336_48/chronos2/cov_y_ridge_horizon/instance/euclidean/3/online/run_0 computation_signature=c5d528bfe980e94c490b88635c495865dc3a0b81137b7e2ecccace5815aa8bf1 l2_grid=0,1e-6,1e-5,1e-4,1e-3,1e-2,1e-1,1,10 validation_fraction=0.2 fit_baselines_on_eval=false seed=1
2026-08-14 22:58:02,920 INFO [__main__] ========================================================================
2026-08-14 22:58:02,921 INFO [__main__] selected methods=('cov_y_ridge_horizon',)
2026-08-14 22:58:07,204 INFO [__main__] baseline selection start l2_grid=(0.0, 1e-06, 1e-05, 0.0001, 0.001, 0.01, 0.1, 1.0, 10.0)
2026-08-14 22:58:09,184 INFO [__main__] baseline selection done
2026-08-14 22:58:09,207 INFO [__main__] experiment done seconds=6.28
2026-08-14 22:58:09,207 INFO [__main__] ========================================================================
2026-08-14T22:58:09+02:00 baselines done configuration=5/12 dataset=Traffic model=chronos2 formula=cov_y_ridge_horizon lags=336 horizon=48 retrieval=instance_euclidean_3_online

2026-08-14T22:58:09+02:00 baselines start configuration=5/12 dataset=Traffic model=chronos2 formula=cov_avgy_ridge_shared lags=336 horizon=48 retrieval=instance_euclidean_3_online run=/home/h61084/codes/adapts/outputs/adaptation/horizon_baselines_ablation/Traffic/336_48/chronos2/cov_avgy_ridge_shared/instance/euclidean/3/online/run_0 computation_signature=c27928179879ba87e9c32d3ec1768f76a13d3c8c971919a7a9eb96d479442b68 l2_grid=0,1e-6,1e-5,1e-4,1e-3,1e-2,1e-1,1,10 validation_fraction=0.2 fit_baselines_on_eval=false seed=1
2026-08-14 22:58:12,520 INFO [__main__] ========================================================================
2026-08-14 22:58:12,520 INFO [__main__] selected methods=('cov_avgy_ridge_shared',)
2026-08-14 22:58:16,874 INFO [__main__] baseline selection start l2_grid=(0.0, 1e-06, 1e-05, 0.0001, 0.001, 0.01, 0.1, 1.0, 10.0)
2026-08-14 22:58:18,918 INFO [__main__] baseline selection done
2026-08-14 22:58:18,942 INFO [__main__] experiment done seconds=6.42
2026-08-14 22:58:18,942 INFO [__main__] ========================================================================
2026-08-14T22:58:19+02:00 baselines done configuration=5/12 dataset=Traffic model=chronos2 formula=cov_avgy_ridge_shared lags=336 horizon=48 retrieval=instance_euclidean_3_online

2026-08-14T22:58:19+02:00 baselines start configuration=5/12 dataset=Traffic model=chronos2 formula=cov_avgy_ridge_horizon lags=336 horizon=48 retrieval=instance_euclidean_3_online run=/home/h61084/codes/adapts/outputs/adaptation/horizon_baselines_ablation/Traffic/336_48/chronos2/cov_avgy_ridge_horizon/instance/euclidean/3/online/run_0 computation_signature=4a21cf1b44c8d6be91dfcde3fbf66827bfca72c11afe948db7ec952b8382fff7 l2_grid=0,1e-6,1e-5,1e-4,1e-3,1e-2,1e-1,1,10 validation_fraction=0.2 fit_baselines_on_eval=false seed=1
2026-08-14 22:58:22,046 INFO [__main__] ========================================================================
2026-08-14 22:58:22,046 INFO [__main__] selected methods=('cov_avgy_ridge_horizon',)
2026-08-14 22:58:26,588 INFO [__main__] baseline selection start l2_grid=(0.0, 1e-06, 1e-05, 0.0001, 0.001, 0.01, 0.1, 1.0, 10.0)
2026-08-14 22:58:29,190 INFO [__main__] baseline selection done
2026-08-14 22:58:29,212 INFO [__main__] experiment done seconds=7.16
2026-08-14 22:58:29,212 INFO [__main__] ========================================================================
2026-08-14T22:58:29+02:00 baselines done configuration=5/12 dataset=Traffic model=chronos2 formula=cov_avgy_ridge_horizon lags=336 horizon=48 retrieval=instance_euclidean_3_online
2026-08-14 22:58:31,914 INFO [__main__] extraction validation directory=/home/h61084/codes/adapts/outputs/extraction/Traffic/504_168/chronos2/instance/euclidean/3/online/run_1 status=complete

2026-08-14T22:58:32+02:00 baselines start configuration=6/12 dataset=Traffic model=chronos2 formula=full_ridge_shared lags=504 horizon=168 retrieval=instance_euclidean_3_online run=/home/h61084/codes/adapts/outputs/adaptation/horizon_baselines_ablation/Traffic/504_168/chronos2/full_ridge_shared/instance/euclidean/3/online/run_0 computation_signature=a8bfbdff3c41142770599247f41475926580ebedcf6c998805de447112f20cc9 l2_grid=0,1e-6,1e-5,1e-4,1e-3,1e-2,1e-1,1,10 validation_fraction=0.2 fit_baselines_on_eval=false seed=1
2026-08-14 22:58:34,879 INFO [__main__] ========================================================================
2026-08-14 22:58:34,879 INFO [__main__] selected methods=('full_ridge_shared',)
2026-08-14 22:58:41,648 INFO [__main__] baseline selection start l2_grid=(0.0, 1e-06, 1e-05, 0.0001, 0.001, 0.01, 0.1, 1.0, 10.0)
2026-08-14 22:58:51,096 INFO [__main__] baseline selection done
2026-08-14 22:58:51,124 INFO [__main__] experiment done seconds=16.24
2026-08-14 22:58:51,125 INFO [__main__] ========================================================================
2026-08-14T22:58:51+02:00 baselines done configuration=6/12 dataset=Traffic model=chronos2 formula=full_ridge_shared lags=504 horizon=168 retrieval=instance_euclidean_3_online

2026-08-14T22:58:51+02:00 baselines start configuration=6/12 dataset=Traffic model=chronos2 formula=full_ridge_horizon lags=504 horizon=168 retrieval=instance_euclidean_3_online run=/home/h61084/codes/adapts/outputs/adaptation/horizon_baselines_ablation/Traffic/504_168/chronos2/full_ridge_horizon/instance/euclidean/3/online/run_0 computation_signature=b59669ae94c24c7931bb26ce2af2e9a23822357aa5a74ae4b0006118dd0b1662 l2_grid=0,1e-6,1e-5,1e-4,1e-3,1e-2,1e-1,1,10 validation_fraction=0.2 fit_baselines_on_eval=false seed=1
2026-08-14 22:58:54,217 INFO [__main__] ========================================================================
2026-08-14 22:58:54,218 INFO [__main__] selected methods=('full_ridge_horizon',)
2026-08-14 22:59:00,440 INFO [__main__] baseline selection start l2_grid=(0.0, 1e-06, 1e-05, 0.0001, 0.001, 0.01, 0.1, 1.0, 10.0)
2026-08-14 22:59:10,962 INFO [__main__] baseline selection done
2026-08-14 22:59:10,992 INFO [__main__] experiment done seconds=16.77
2026-08-14 22:59:10,992 INFO [__main__] ========================================================================
2026-08-14T22:59:11+02:00 baselines done configuration=6/12 dataset=Traffic model=chronos2 formula=full_ridge_horizon lags=504 horizon=168 retrieval=instance_euclidean_3_online

2026-08-14T22:59:11+02:00 baselines start configuration=6/12 dataset=Traffic model=chronos2 formula=cov_y_ridge_shared lags=504 horizon=168 retrieval=instance_euclidean_3_online run=/home/h61084/codes/adapts/outputs/adaptation/horizon_baselines_ablation/Traffic/504_168/chronos2/cov_y_ridge_shared/instance/euclidean/3/online/run_0 computation_signature=f43c3783db28f95657f47f8b2620fbbde3464d175b99f6b66a7cf7a340f4da8f l2_grid=0,1e-6,1e-5,1e-4,1e-3,1e-2,1e-1,1,10 validation_fraction=0.2 fit_baselines_on_eval=false seed=1
2026-08-14 22:59:14,479 INFO [__main__] ========================================================================
2026-08-14 22:59:14,479 INFO [__main__] selected methods=('cov_y_ridge_shared',)
2026-08-14 22:59:21,167 INFO [__main__] baseline selection start l2_grid=(0.0, 1e-06, 1e-05, 0.0001, 0.001, 0.01, 0.1, 1.0, 10.0)
2026-08-14 22:59:27,160 INFO [__main__] baseline selection done
2026-08-14 22:59:27,183 INFO [__main__] experiment done seconds=12.70
2026-08-14 22:59:27,183 INFO [__main__] ========================================================================
2026-08-14T22:59:27+02:00 baselines done configuration=6/12 dataset=Traffic model=chronos2 formula=cov_y_ridge_shared lags=504 horizon=168 retrieval=instance_euclidean_3_online

2026-08-14T22:59:28+02:00 baselines start configuration=6/12 dataset=Traffic model=chronos2 formula=cov_y_ridge_horizon lags=504 horizon=168 retrieval=instance_euclidean_3_online run=/home/h61084/codes/adapts/outputs/adaptation/horizon_baselines_ablation/Traffic/504_168/chronos2/cov_y_ridge_horizon/instance/euclidean/3/online/run_0 computation_signature=5f896649aa57baae0a177ea2de7bb6d4dcc5bf0e0c21013cdade16987f2d8c00 l2_grid=0,1e-6,1e-5,1e-4,1e-3,1e-2,1e-1,1,10 validation_fraction=0.2 fit_baselines_on_eval=false seed=1
2026-08-14 22:59:30,427 INFO [__main__] ========================================================================
2026-08-14 22:59:30,427 INFO [__main__] selected methods=('cov_y_ridge_horizon',)
2026-08-14 22:59:36,933 INFO [__main__] baseline selection start l2_grid=(0.0, 1e-06, 1e-05, 0.0001, 0.001, 0.01, 0.1, 1.0, 10.0)
2026-08-14 22:59:43,599 INFO [__main__] baseline selection done
2026-08-14 22:59:43,631 INFO [__main__] experiment done seconds=13.20
2026-08-14 22:59:43,631 INFO [__main__] ========================================================================
2026-08-14T22:59:44+02:00 baselines done configuration=6/12 dataset=Traffic model=chronos2 formula=cov_y_ridge_horizon lags=504 horizon=168 retrieval=instance_euclidean_3_online

2026-08-14T22:59:44+02:00 baselines start configuration=6/12 dataset=Traffic model=chronos2 formula=cov_avgy_ridge_shared lags=504 horizon=168 retrieval=instance_euclidean_3_online run=/home/h61084/codes/adapts/outputs/adaptation/horizon_baselines_ablation/Traffic/504_168/chronos2/cov_avgy_ridge_shared/instance/euclidean/3/online/run_0 computation_signature=096b05cf33334f0d5561da3a67acba437217b402a7b11c94223c9ca61ad48a18 l2_grid=0,1e-6,1e-5,1e-4,1e-3,1e-2,1e-1,1,10 validation_fraction=0.2 fit_baselines_on_eval=false seed=1
2026-08-14 22:59:46,882 INFO [__main__] ========================================================================
2026-08-14 22:59:46,883 INFO [__main__] selected methods=('cov_avgy_ridge_shared',)
2026-08-14 22:59:53,889 INFO [__main__] baseline selection start l2_grid=(0.0, 1e-06, 1e-05, 0.0001, 0.001, 0.01, 0.1, 1.0, 10.0)
2026-08-14 23:00:00,377 INFO [__main__] baseline selection done
2026-08-14 23:00:00,411 INFO [__main__] experiment done seconds=13.52
2026-08-14 23:00:00,411 INFO [__main__] ========================================================================
2026-08-14T23:00:01+02:00 baselines done configuration=6/12 dataset=Traffic model=chronos2 formula=cov_avgy_ridge_shared lags=504 horizon=168 retrieval=instance_euclidean_3_online

2026-08-14T23:00:01+02:00 baselines start configuration=6/12 dataset=Traffic model=chronos2 formula=cov_avgy_ridge_horizon lags=504 horizon=168 retrieval=instance_euclidean_3_online run=/home/h61084/codes/adapts/outputs/adaptation/horizon_baselines_ablation/Traffic/504_168/chronos2/cov_avgy_ridge_horizon/instance/euclidean/3/online/run_0 computation_signature=73735d854dcaa1cc8dab675e68bf1d53caa8f7373f2abf776b34121459aea6c0 l2_grid=0,1e-6,1e-5,1e-4,1e-3,1e-2,1e-1,1,10 validation_fraction=0.2 fit_baselines_on_eval=false seed=1
2026-08-14 23:00:03,521 INFO [__main__] ========================================================================
2026-08-14 23:00:03,522 INFO [__main__] selected methods=('cov_avgy_ridge_horizon',)
2026-08-14 23:00:09,680 INFO [__main__] baseline selection start l2_grid=(0.0, 1e-06, 1e-05, 0.0001, 0.001, 0.01, 0.1, 1.0, 10.0)
2026-08-14 23:00:17,703 INFO [__main__] baseline selection done
2026-08-14 23:00:17,730 INFO [__main__] experiment done seconds=14.20
2026-08-14 23:00:17,730 INFO [__main__] ========================================================================
2026-08-14T23:00:18+02:00 baselines done configuration=6/12 dataset=Traffic model=chronos2 formula=cov_avgy_ridge_horizon lags=504 horizon=168 retrieval=instance_euclidean_3_online
2026-08-14 23:00:20,701 INFO [__main__] extraction validation directory=/home/h61084/codes/adapts/outputs/extraction/Solar/168_24/chronos2/instance/euclidean/3/online/run_1 status=complete

2026-08-14T23:00:21+02:00 baselines start configuration=7/12 dataset=Solar model=chronos2 formula=full_ridge_shared lags=168 horizon=24 retrieval=instance_euclidean_3_online run=/home/h61084/codes/adapts/outputs/adaptation/horizon_baselines_ablation/Solar/168_24/chronos2/full_ridge_shared/instance/euclidean/3/online/run_0 computation_signature=0dffde2590bf932ded5456ac24bfba0fcbcee1ba583c23468c4ff4e62e64de91 l2_grid=0,1e-6,1e-5,1e-4,1e-3,1e-2,1e-1,1,10 validation_fraction=0.2 fit_baselines_on_eval=false seed=1
2026-08-14 23:00:23,837 INFO [__main__] ========================================================================
2026-08-14 23:00:23,837 INFO [__main__] selected methods=('full_ridge_shared',)
2026-08-14 23:00:25,876 INFO [__main__] baseline selection start l2_grid=(0.0, 1e-06, 1e-05, 0.0001, 0.001, 0.01, 0.1, 1.0, 10.0)
2026-08-14 23:00:26,134 INFO [__main__] baseline selection done
2026-08-14 23:00:26,163 INFO [__main__] experiment done seconds=2.32
2026-08-14 23:00:26,163 INFO [__main__] ========================================================================
2026-08-14T23:00:26+02:00 baselines done configuration=7/12 dataset=Solar model=chronos2 formula=full_ridge_shared lags=168 horizon=24 retrieval=instance_euclidean_3_online

2026-08-14T23:00:26+02:00 baselines start configuration=7/12 dataset=Solar model=chronos2 formula=full_ridge_horizon lags=168 horizon=24 retrieval=instance_euclidean_3_online run=/home/h61084/codes/adapts/outputs/adaptation/horizon_baselines_ablation/Solar/168_24/chronos2/full_ridge_horizon/instance/euclidean/3/online/run_0 computation_signature=d1f2e62146ae8ff4d45943e73daaa1b82ec68c24836c236c3ef3667f653a4919 l2_grid=0,1e-6,1e-5,1e-4,1e-3,1e-2,1e-1,1,10 validation_fraction=0.2 fit_baselines_on_eval=false seed=1
2026-08-14 23:00:29,540 INFO [__main__] ========================================================================
2026-08-14 23:00:29,540 INFO [__main__] selected methods=('full_ridge_horizon',)
2026-08-14 23:00:31,680 INFO [__main__] baseline selection start l2_grid=(0.0, 1e-06, 1e-05, 0.0001, 0.001, 0.01, 0.1, 1.0, 10.0)
2026-08-14 23:00:31,967 INFO [__main__] baseline selection done
2026-08-14 23:00:31,995 INFO [__main__] experiment done seconds=2.45
2026-08-14 23:00:31,996 INFO [__main__] ========================================================================
2026-08-14T23:00:32+02:00 baselines done configuration=7/12 dataset=Solar model=chronos2 formula=full_ridge_horizon lags=168 horizon=24 retrieval=instance_euclidean_3_online

2026-08-14T23:00:32+02:00 baselines start configuration=7/12 dataset=Solar model=chronos2 formula=cov_y_ridge_shared lags=168 horizon=24 retrieval=instance_euclidean_3_online run=/home/h61084/codes/adapts/outputs/adaptation/horizon_baselines_ablation/Solar/168_24/chronos2/cov_y_ridge_shared/instance/euclidean/3/online/run_0 computation_signature=5f9fbc5a89046083875f664bbdb7d376fb5496470127d99302b4e6b996e63da4 l2_grid=0,1e-6,1e-5,1e-4,1e-3,1e-2,1e-1,1,10 validation_fraction=0.2 fit_baselines_on_eval=false seed=1
2026-08-14 23:00:35,227 INFO [__main__] ========================================================================
2026-08-14 23:00:35,227 INFO [__main__] selected methods=('cov_y_ridge_shared',)
2026-08-14 23:00:37,503 INFO [__main__] baseline selection start l2_grid=(0.0, 1e-06, 1e-05, 0.0001, 0.001, 0.01, 0.1, 1.0, 10.0)
2026-08-14 23:00:37,718 INFO [__main__] baseline selection done
2026-08-14 23:00:37,742 INFO [__main__] experiment done seconds=2.51
2026-08-14 23:00:37,742 INFO [__main__] ========================================================================
2026-08-14T23:00:38+02:00 baselines done configuration=7/12 dataset=Solar model=chronos2 formula=cov_y_ridge_shared lags=168 horizon=24 retrieval=instance_euclidean_3_online

2026-08-14T23:00:38+02:00 baselines start configuration=7/12 dataset=Solar model=chronos2 formula=cov_y_ridge_horizon lags=168 horizon=24 retrieval=instance_euclidean_3_online run=/home/h61084/codes/adapts/outputs/adaptation/horizon_baselines_ablation/Solar/168_24/chronos2/cov_y_ridge_horizon/instance/euclidean/3/online/run_0 computation_signature=dc9305eed6b0b3acdcce0878970c6d7d272dedbbed487f1600a80fc40eb42e7a l2_grid=0,1e-6,1e-5,1e-4,1e-3,1e-2,1e-1,1,10 validation_fraction=0.2 fit_baselines_on_eval=false seed=1
2026-08-14 23:00:40,896 INFO [__main__] ========================================================================
2026-08-14 23:00:40,896 INFO [__main__] selected methods=('cov_y_ridge_horizon',)
2026-08-14 23:00:42,569 INFO [__main__] baseline selection start l2_grid=(0.0, 1e-06, 1e-05, 0.0001, 0.001, 0.01, 0.1, 1.0, 10.0)
2026-08-14 23:00:42,787 INFO [__main__] baseline selection done
2026-08-14 23:00:42,810 INFO [__main__] experiment done seconds=1.91
2026-08-14 23:00:42,810 INFO [__main__] ========================================================================
2026-08-14T23:00:43+02:00 baselines done configuration=7/12 dataset=Solar model=chronos2 formula=cov_y_ridge_horizon lags=168 horizon=24 retrieval=instance_euclidean_3_online

2026-08-14T23:00:43+02:00 baselines start configuration=7/12 dataset=Solar model=chronos2 formula=cov_avgy_ridge_shared lags=168 horizon=24 retrieval=instance_euclidean_3_online run=/home/h61084/codes/adapts/outputs/adaptation/horizon_baselines_ablation/Solar/168_24/chronos2/cov_avgy_ridge_shared/instance/euclidean/3/online/run_0 computation_signature=ad32a746c6d0c3911c06daea98accd688ade80768f863038b1ab62b5e5d3370f l2_grid=0,1e-6,1e-5,1e-4,1e-3,1e-2,1e-1,1,10 validation_fraction=0.2 fit_baselines_on_eval=false seed=1
2026-08-14 23:00:45,883 INFO [__main__] ========================================================================
2026-08-14 23:00:45,884 INFO [__main__] selected methods=('cov_avgy_ridge_shared',)
2026-08-14 23:00:47,572 INFO [__main__] baseline selection start l2_grid=(0.0, 1e-06, 1e-05, 0.0001, 0.001, 0.01, 0.1, 1.0, 10.0)
2026-08-14 23:00:47,816 INFO [__main__] baseline selection done
2026-08-14 23:00:47,839 INFO [__main__] experiment done seconds=1.95
2026-08-14 23:00:47,839 INFO [__main__] ========================================================================
2026-08-14T23:00:48+02:00 baselines done configuration=7/12 dataset=Solar model=chronos2 formula=cov_avgy_ridge_shared lags=168 horizon=24 retrieval=instance_euclidean_3_online

2026-08-14T23:00:48+02:00 baselines start configuration=7/12 dataset=Solar model=chronos2 formula=cov_avgy_ridge_horizon lags=168 horizon=24 retrieval=instance_euclidean_3_online run=/home/h61084/codes/adapts/outputs/adaptation/horizon_baselines_ablation/Solar/168_24/chronos2/cov_avgy_ridge_horizon/instance/euclidean/3/online/run_0 computation_signature=a78cd39e66073cba98e6d8601298418d52a74465b717c20097e294cfd15b674b l2_grid=0,1e-6,1e-5,1e-4,1e-3,1e-2,1e-1,1,10 validation_fraction=0.2 fit_baselines_on_eval=false seed=1
2026-08-14 23:00:50,935 INFO [__main__] ========================================================================
2026-08-14 23:00:50,935 INFO [__main__] selected methods=('cov_avgy_ridge_horizon',)
2026-08-14 23:00:52,672 INFO [__main__] baseline selection start l2_grid=(0.0, 1e-06, 1e-05, 0.0001, 0.001, 0.01, 0.1, 1.0, 10.0)
2026-08-14 23:00:52,923 INFO [__main__] baseline selection done
2026-08-14 23:00:52,945 INFO [__main__] experiment done seconds=2.01
2026-08-14 23:00:52,945 INFO [__main__] ========================================================================
2026-08-14T23:00:53+02:00 baselines done configuration=7/12 dataset=Solar model=chronos2 formula=cov_avgy_ridge_horizon lags=168 horizon=24 retrieval=instance_euclidean_3_online
2026-08-14 23:00:55,428 INFO [__main__] extraction validation directory=/home/h61084/codes/adapts/outputs/extraction/Solar/336_48/chronos2/instance/euclidean/3/online/run_1 status=complete

2026-08-14T23:00:55+02:00 baselines start configuration=8/12 dataset=Solar model=chronos2 formula=full_ridge_shared lags=336 horizon=48 retrieval=instance_euclidean_3_online run=/home/h61084/codes/adapts/outputs/adaptation/horizon_baselines_ablation/Solar/336_48/chronos2/full_ridge_shared/instance/euclidean/3/online/run_0 computation_signature=0269b24428ff999fc19569625ae988371cf823e020e3b5ce3e3937c343adc18b l2_grid=0,1e-6,1e-5,1e-4,1e-3,1e-2,1e-1,1,10 validation_fraction=0.2 fit_baselines_on_eval=false seed=1
2026-08-14 23:00:58,497 INFO [__main__] ========================================================================
2026-08-14 23:00:58,497 INFO [__main__] selected methods=('full_ridge_shared',)
2026-08-14 23:01:00,206 INFO [__main__] baseline selection start l2_grid=(0.0, 1e-06, 1e-05, 0.0001, 0.001, 0.01, 0.1, 1.0, 10.0)
2026-08-14 23:01:00,522 INFO [__main__] baseline selection done
2026-08-14 23:01:00,546 INFO [__main__] experiment done seconds=2.05
2026-08-14 23:01:00,546 INFO [__main__] ========================================================================
2026-08-14T23:01:01+02:00 baselines done configuration=8/12 dataset=Solar model=chronos2 formula=full_ridge_shared lags=336 horizon=48 retrieval=instance_euclidean_3_online

2026-08-14T23:01:01+02:00 baselines start configuration=8/12 dataset=Solar model=chronos2 formula=full_ridge_horizon lags=336 horizon=48 retrieval=instance_euclidean_3_online run=/home/h61084/codes/adapts/outputs/adaptation/horizon_baselines_ablation/Solar/336_48/chronos2/full_ridge_horizon/instance/euclidean/3/online/run_0 computation_signature=ed8e1b9fe5ff30fc7feef4c4e801cb6a8a0c7708d76bad0b04bdb37289c04720 l2_grid=0,1e-6,1e-5,1e-4,1e-3,1e-2,1e-1,1,10 validation_fraction=0.2 fit_baselines_on_eval=false seed=1
2026-08-14 23:01:04,607 INFO [__main__] ========================================================================
2026-08-14 23:01:04,607 INFO [__main__] selected methods=('full_ridge_horizon',)
2026-08-14 23:01:07,455 INFO [__main__] baseline selection start l2_grid=(0.0, 1e-06, 1e-05, 0.0001, 0.001, 0.01, 0.1, 1.0, 10.0)
2026-08-14 23:01:07,830 INFO [__main__] baseline selection done
2026-08-14 23:01:07,853 INFO [__main__] experiment done seconds=3.24
2026-08-14 23:01:07,853 INFO [__main__] ========================================================================
2026-08-14T23:01:08+02:00 baselines done configuration=8/12 dataset=Solar model=chronos2 formula=full_ridge_horizon lags=336 horizon=48 retrieval=instance_euclidean_3_online

2026-08-14T23:01:08+02:00 baselines start configuration=8/12 dataset=Solar model=chronos2 formula=cov_y_ridge_shared lags=336 horizon=48 retrieval=instance_euclidean_3_online run=/home/h61084/codes/adapts/outputs/adaptation/horizon_baselines_ablation/Solar/336_48/chronos2/cov_y_ridge_shared/instance/euclidean/3/online/run_0 computation_signature=5ad37c847078d79614bf9386f190c92cb8f34161b6f4879e3c19c00d5bf8abd0 l2_grid=0,1e-6,1e-5,1e-4,1e-3,1e-2,1e-1,1,10 validation_fraction=0.2 fit_baselines_on_eval=false seed=1
2026-08-14 23:01:10,952 INFO [__main__] ========================================================================
2026-08-14 23:01:10,952 INFO [__main__] selected methods=('cov_y_ridge_shared',)
2026-08-14 23:01:12,634 INFO [__main__] baseline selection start l2_grid=(0.0, 1e-06, 1e-05, 0.0001, 0.001, 0.01, 0.1, 1.0, 10.0)
2026-08-14 23:01:12,900 INFO [__main__] baseline selection done
2026-08-14 23:01:12,923 INFO [__main__] experiment done seconds=1.97
2026-08-14 23:01:12,923 INFO [__main__] ========================================================================
2026-08-14T23:01:13+02:00 baselines done configuration=8/12 dataset=Solar model=chronos2 formula=cov_y_ridge_shared lags=336 horizon=48 retrieval=instance_euclidean_3_online

2026-08-14T23:01:13+02:00 baselines start configuration=8/12 dataset=Solar model=chronos2 formula=cov_y_ridge_horizon lags=336 horizon=48 retrieval=instance_euclidean_3_online run=/home/h61084/codes/adapts/outputs/adaptation/horizon_baselines_ablation/Solar/336_48/chronos2/cov_y_ridge_horizon/instance/euclidean/3/online/run_0 computation_signature=bc300cb79c4a12f3eeac3300ba12afd0d843ca1a3f6e828a4d4ae1a60986ebda l2_grid=0,1e-6,1e-5,1e-4,1e-3,1e-2,1e-1,1,10 validation_fraction=0.2 fit_baselines_on_eval=false seed=1
2026-08-14 23:01:16,270 INFO [__main__] ========================================================================
2026-08-14 23:01:16,271 INFO [__main__] selected methods=('cov_y_ridge_horizon',)
2026-08-14 23:01:18,015 INFO [__main__] baseline selection start l2_grid=(0.0, 1e-06, 1e-05, 0.0001, 0.001, 0.01, 0.1, 1.0, 10.0)
2026-08-14 23:01:18,309 INFO [__main__] baseline selection done
2026-08-14 23:01:18,334 INFO [__main__] experiment done seconds=2.06
2026-08-14 23:01:18,334 INFO [__main__] ========================================================================
2026-08-14T23:01:18+02:00 baselines done configuration=8/12 dataset=Solar model=chronos2 formula=cov_y_ridge_horizon lags=336 horizon=48 retrieval=instance_euclidean_3_online

2026-08-14T23:01:18+02:00 baselines start configuration=8/12 dataset=Solar model=chronos2 formula=cov_avgy_ridge_shared lags=336 horizon=48 retrieval=instance_euclidean_3_online run=/home/h61084/codes/adapts/outputs/adaptation/horizon_baselines_ablation/Solar/336_48/chronos2/cov_avgy_ridge_shared/instance/euclidean/3/online/run_0 computation_signature=d0a255b98f4ffabb55d0b52d61477c0e36a24cb9ddf7ac8abf27559ed3a42bb2 l2_grid=0,1e-6,1e-5,1e-4,1e-3,1e-2,1e-1,1,10 validation_fraction=0.2 fit_baselines_on_eval=false seed=1
2026-08-14 23:01:21,420 INFO [__main__] ========================================================================
2026-08-14 23:01:21,420 INFO [__main__] selected methods=('cov_avgy_ridge_shared',)
2026-08-14 23:01:23,249 INFO [__main__] baseline selection start l2_grid=(0.0, 1e-06, 1e-05, 0.0001, 0.001, 0.01, 0.1, 1.0, 10.0)
2026-08-14 23:01:23,548 INFO [__main__] baseline selection done
2026-08-14 23:01:23,571 INFO [__main__] experiment done seconds=2.15
2026-08-14 23:01:23,571 INFO [__main__] ========================================================================
2026-08-14T23:01:24+02:00 baselines done configuration=8/12 dataset=Solar model=chronos2 formula=cov_avgy_ridge_shared lags=336 horizon=48 retrieval=instance_euclidean_3_online

2026-08-14T23:01:24+02:00 baselines start configuration=8/12 dataset=Solar model=chronos2 formula=cov_avgy_ridge_horizon lags=336 horizon=48 retrieval=instance_euclidean_3_online run=/home/h61084/codes/adapts/outputs/adaptation/horizon_baselines_ablation/Solar/336_48/chronos2/cov_avgy_ridge_horizon/instance/euclidean/3/online/run_0 computation_signature=51facd3410f76a2bd9c5bd5a7f76c8c3c3e1994a268326a18cdef36a823a3f4a l2_grid=0,1e-6,1e-5,1e-4,1e-3,1e-2,1e-1,1,10 validation_fraction=0.2 fit_baselines_on_eval=false seed=1
2026-08-14 23:01:26,580 INFO [__main__] ========================================================================
2026-08-14 23:01:26,580 INFO [__main__] selected methods=('cov_avgy_ridge_horizon',)
2026-08-14 23:01:28,462 INFO [__main__] baseline selection start l2_grid=(0.0, 1e-06, 1e-05, 0.0001, 0.001, 0.01, 0.1, 1.0, 10.0)
2026-08-14 23:01:28,801 INFO [__main__] baseline selection done
2026-08-14 23:01:28,823 INFO [__main__] experiment done seconds=2.24
2026-08-14 23:01:28,823 INFO [__main__] ========================================================================
2026-08-14T23:01:29+02:00 baselines done configuration=8/12 dataset=Solar model=chronos2 formula=cov_avgy_ridge_horizon lags=336 horizon=48 retrieval=instance_euclidean_3_online
2026-08-14 23:01:31,416 INFO [__main__] extraction validation directory=/home/h61084/codes/adapts/outputs/extraction/Solar/504_168/chronos2/instance/euclidean/3/online/run_1 status=complete

2026-08-14T23:01:31+02:00 baselines start configuration=9/12 dataset=Solar model=chronos2 formula=full_ridge_shared lags=504 horizon=168 retrieval=instance_euclidean_3_online run=/home/h61084/codes/adapts/outputs/adaptation/horizon_baselines_ablation/Solar/504_168/chronos2/full_ridge_shared/instance/euclidean/3/online/run_0 computation_signature=a7e854a8f87fcc25a157cb20833b86dacab7bfacbed2ae72c887c9b45b58a119 l2_grid=0,1e-6,1e-5,1e-4,1e-3,1e-2,1e-1,1,10 validation_fraction=0.2 fit_baselines_on_eval=false seed=1
2026-08-14 23:01:34,279 INFO [__main__] ========================================================================
2026-08-14 23:01:34,279 INFO [__main__] selected methods=('full_ridge_shared',)
2026-08-14 23:01:36,223 INFO [__main__] baseline selection start l2_grid=(0.0, 1e-06, 1e-05, 0.0001, 0.001, 0.01, 0.1, 1.0, 10.0)
2026-08-14 23:01:37,206 INFO [__main__] baseline selection done
2026-08-14 23:01:37,383 INFO [__main__] experiment done seconds=3.10
2026-08-14 23:01:37,383 INFO [__main__] ========================================================================
2026-08-14T23:01:37+02:00 baselines done configuration=9/12 dataset=Solar model=chronos2 formula=full_ridge_shared lags=504 horizon=168 retrieval=instance_euclidean_3_online

2026-08-14T23:01:38+02:00 baselines start configuration=9/12 dataset=Solar model=chronos2 formula=full_ridge_horizon lags=504 horizon=168 retrieval=instance_euclidean_3_online run=/home/h61084/codes/adapts/outputs/adaptation/horizon_baselines_ablation/Solar/504_168/chronos2/full_ridge_horizon/instance/euclidean/3/online/run_0 computation_signature=683630c9ff3bf264519c99a0fc3543f2dccc8baa4a6cc896ec3091b474eab217 l2_grid=0,1e-6,1e-5,1e-4,1e-3,1e-2,1e-1,1,10 validation_fraction=0.2 fit_baselines_on_eval=false seed=1
2026-08-14 23:01:40,485 INFO [__main__] ========================================================================
2026-08-14 23:01:40,485 INFO [__main__] selected methods=('full_ridge_horizon',)
2026-08-14 23:01:42,731 INFO [__main__] baseline selection start l2_grid=(0.0, 1e-06, 1e-05, 0.0001, 0.001, 0.01, 0.1, 1.0, 10.0)
2026-08-14 23:01:43,661 INFO [__main__] baseline selection done
2026-08-14 23:01:43,703 INFO [__main__] experiment done seconds=3.21
2026-08-14 23:01:43,703 INFO [__main__] ========================================================================
2026-08-14T23:01:44+02:00 baselines done configuration=9/12 dataset=Solar model=chronos2 formula=full_ridge_horizon lags=504 horizon=168 retrieval=instance_euclidean_3_online

2026-08-14T23:01:44+02:00 baselines start configuration=9/12 dataset=Solar model=chronos2 formula=cov_y_ridge_shared lags=504 horizon=168 retrieval=instance_euclidean_3_online run=/home/h61084/codes/adapts/outputs/adaptation/horizon_baselines_ablation/Solar/504_168/chronos2/cov_y_ridge_shared/instance/euclidean/3/online/run_0 computation_signature=45bc4d2a5ff714692b97ba2d72501d87bcb7ac062c1c546791273a8eddfd5ebe l2_grid=0,1e-6,1e-5,1e-4,1e-3,1e-2,1e-1,1,10 validation_fraction=0.2 fit_baselines_on_eval=false seed=1
2026-08-14 23:01:46,671 INFO [__main__] ========================================================================
2026-08-14 23:01:46,671 INFO [__main__] selected methods=('cov_y_ridge_shared',)
2026-08-14 23:01:48,612 INFO [__main__] baseline selection start l2_grid=(0.0, 1e-06, 1e-05, 0.0001, 0.001, 0.01, 0.1, 1.0, 10.0)
2026-08-14 23:01:49,176 INFO [__main__] baseline selection done
2026-08-14 23:01:49,199 INFO [__main__] experiment done seconds=2.53
2026-08-14 23:01:49,200 INFO [__main__] ========================================================================
2026-08-14T23:01:49+02:00 baselines done configuration=9/12 dataset=Solar model=chronos2 formula=cov_y_ridge_shared lags=504 horizon=168 retrieval=instance_euclidean_3_online

2026-08-14T23:01:49+02:00 baselines start configuration=9/12 dataset=Solar model=chronos2 formula=cov_y_ridge_horizon lags=504 horizon=168 retrieval=instance_euclidean_3_online run=/home/h61084/codes/adapts/outputs/adaptation/horizon_baselines_ablation/Solar/504_168/chronos2/cov_y_ridge_horizon/instance/euclidean/3/online/run_0 computation_signature=5709763b2dc7a2ea13860f1c4d5d2e30698d95cdeac0ef5c2c53315c438d6050 l2_grid=0,1e-6,1e-5,1e-4,1e-3,1e-2,1e-1,1,10 validation_fraction=0.2 fit_baselines_on_eval=false seed=1
2026-08-14 23:01:52,076 INFO [__main__] ========================================================================
2026-08-14 23:01:52,076 INFO [__main__] selected methods=('cov_y_ridge_horizon',)
2026-08-14 23:01:54,064 INFO [__main__] baseline selection start l2_grid=(0.0, 1e-06, 1e-05, 0.0001, 0.001, 0.01, 0.1, 1.0, 10.0)
2026-08-14 23:01:54,696 INFO [__main__] baseline selection done
2026-08-14 23:01:54,719 INFO [__main__] experiment done seconds=2.64
2026-08-14 23:01:54,719 INFO [__main__] ========================================================================
2026-08-14T23:01:55+02:00 baselines done configuration=9/12 dataset=Solar model=chronos2 formula=cov_y_ridge_horizon lags=504 horizon=168 retrieval=instance_euclidean_3_online

2026-08-14T23:01:55+02:00 baselines start configuration=9/12 dataset=Solar model=chronos2 formula=cov_avgy_ridge_shared lags=504 horizon=168 retrieval=instance_euclidean_3_online run=/home/h61084/codes/adapts/outputs/adaptation/horizon_baselines_ablation/Solar/504_168/chronos2/cov_avgy_ridge_shared/instance/euclidean/3/online/run_0 computation_signature=cbdb81249e3b3f61b54b51ccf96ff11ae617b0bbbe8897753a8b9d2e3de551c7 l2_grid=0,1e-6,1e-5,1e-4,1e-3,1e-2,1e-1,1,10 validation_fraction=0.2 fit_baselines_on_eval=false seed=1
2026-08-14 23:01:57,768 INFO [__main__] ========================================================================
2026-08-14 23:01:57,769 INFO [__main__] selected methods=('cov_avgy_ridge_shared',)
2026-08-14 23:01:59,935 INFO [__main__] baseline selection start l2_grid=(0.0, 1e-06, 1e-05, 0.0001, 0.001, 0.01, 0.1, 1.0, 10.0)
2026-08-14 23:02:00,559 INFO [__main__] baseline selection done
2026-08-14 23:02:00,583 INFO [__main__] experiment done seconds=2.81
2026-08-14 23:02:00,583 INFO [__main__] ========================================================================
2026-08-14T23:02:01+02:00 baselines done configuration=9/12 dataset=Solar model=chronos2 formula=cov_avgy_ridge_shared lags=504 horizon=168 retrieval=instance_euclidean_3_online

2026-08-14T23:02:01+02:00 baselines start configuration=9/12 dataset=Solar model=chronos2 formula=cov_avgy_ridge_horizon lags=504 horizon=168 retrieval=instance_euclidean_3_online run=/home/h61084/codes/adapts/outputs/adaptation/horizon_baselines_ablation/Solar/504_168/chronos2/cov_avgy_ridge_horizon/instance/euclidean/3/online/run_0 computation_signature=9d37d85a22ca694cbc52bb4d7d747aaad9327cbbc36c06081c34c10bc68e26f6 l2_grid=0,1e-6,1e-5,1e-4,1e-3,1e-2,1e-1,1,10 validation_fraction=0.2 fit_baselines_on_eval=false seed=1
2026-08-14 23:02:03,726 INFO [__main__] ========================================================================
2026-08-14 23:02:03,726 INFO [__main__] selected methods=('cov_avgy_ridge_horizon',)
2026-08-14 23:02:05,849 INFO [__main__] baseline selection start l2_grid=(0.0, 1e-06, 1e-05, 0.0001, 0.001, 0.01, 0.1, 1.0, 10.0)
2026-08-14 23:02:06,593 INFO [__main__] baseline selection done
2026-08-14 23:02:06,616 INFO [__main__] experiment done seconds=2.89
2026-08-14 23:02:06,616 INFO [__main__] ========================================================================
2026-08-14T23:02:07+02:00 baselines done configuration=9/12 dataset=Solar model=chronos2 formula=cov_avgy_ridge_horizon lags=504 horizon=168 retrieval=instance_euclidean_3_online
2026-08-14 23:02:09,122 INFO [__main__] extraction validation directory=/home/h61084/codes/adapts/outputs/extraction/exchange_rate/168_24/chronos2/instance/euclidean/3/online/run_1 status=complete

2026-08-14T23:02:09+02:00 baselines start configuration=10/12 dataset=exchange_rate model=chronos2 formula=full_ridge_shared lags=168 horizon=24 retrieval=instance_euclidean_3_online run=/home/h61084/codes/adapts/outputs/adaptation/horizon_baselines_ablation/exchange_rate/168_24/chronos2/full_ridge_shared/instance/euclidean/3/online/run_0 computation_signature=904dbe4d48ebb7b20ea19af40da7c50d2a3050b9cd7346ed2790db1b0cd567b9 l2_grid=0,1e-6,1e-5,1e-4,1e-3,1e-2,1e-1,1,10 validation_fraction=0.2 fit_baselines_on_eval=false seed=1
2026-08-14 23:02:12,111 INFO [__main__] ========================================================================
2026-08-14 23:02:12,111 INFO [__main__] selected methods=('full_ridge_shared',)
2026-08-14 23:02:13,635 INFO [__main__] baseline selection start l2_grid=(0.0, 1e-06, 1e-05, 0.0001, 0.001, 0.01, 0.1, 1.0, 10.0)
2026-08-14 23:02:13,825 INFO [__main__] baseline selection done
2026-08-14 23:02:13,849 INFO [__main__] experiment done seconds=1.73
2026-08-14 23:02:13,849 INFO [__main__] ========================================================================
2026-08-14T23:02:14+02:00 baselines done configuration=10/12 dataset=exchange_rate model=chronos2 formula=full_ridge_shared lags=168 horizon=24 retrieval=instance_euclidean_3_online

2026-08-14T23:02:14+02:00 baselines start configuration=10/12 dataset=exchange_rate model=chronos2 formula=full_ridge_horizon lags=168 horizon=24 retrieval=instance_euclidean_3_online run=/home/h61084/codes/adapts/outputs/adaptation/horizon_baselines_ablation/exchange_rate/168_24/chronos2/full_ridge_horizon/instance/euclidean/3/online/run_0 computation_signature=a8a1a66b5abaf1ed23242eee0660ee3d62582032465a05273b6e3c24a520cffe l2_grid=0,1e-6,1e-5,1e-4,1e-3,1e-2,1e-1,1,10 validation_fraction=0.2 fit_baselines_on_eval=false seed=1
2026-08-14 23:02:17,366 INFO [__main__] ========================================================================
2026-08-14 23:02:17,366 INFO [__main__] selected methods=('full_ridge_horizon',)
2026-08-14 23:02:19,000 INFO [__main__] baseline selection start l2_grid=(0.0, 1e-06, 1e-05, 0.0001, 0.001, 0.01, 0.1, 1.0, 10.0)
2026-08-14 23:02:19,128 INFO [__main__] baseline selection done
2026-08-14 23:02:19,151 INFO [__main__] experiment done seconds=1.78
2026-08-14 23:02:19,151 INFO [__main__] ========================================================================
2026-08-14T23:02:19+02:00 baselines done configuration=10/12 dataset=exchange_rate model=chronos2 formula=full_ridge_horizon lags=168 horizon=24 retrieval=instance_euclidean_3_online

2026-08-14T23:02:19+02:00 baselines start configuration=10/12 dataset=exchange_rate model=chronos2 formula=cov_y_ridge_shared lags=168 horizon=24 retrieval=instance_euclidean_3_online run=/home/h61084/codes/adapts/outputs/adaptation/horizon_baselines_ablation/exchange_rate/168_24/chronos2/cov_y_ridge_shared/instance/euclidean/3/online/run_0 computation_signature=9669c4d9c8051a9eca9b331e5ed0fe8dd811096e899e63748ba2ec5f225749aa l2_grid=0,1e-6,1e-5,1e-4,1e-3,1e-2,1e-1,1,10 validation_fraction=0.2 fit_baselines_on_eval=false seed=1
2026-08-14 23:02:22,260 INFO [__main__] ========================================================================
2026-08-14 23:02:22,260 INFO [__main__] selected methods=('cov_y_ridge_shared',)
2026-08-14 23:02:23,794 INFO [__main__] baseline selection start l2_grid=(0.0, 1e-06, 1e-05, 0.0001, 0.001, 0.01, 0.1, 1.0, 10.0)
2026-08-14 23:02:23,982 INFO [__main__] baseline selection done
2026-08-14 23:02:24,005 INFO [__main__] experiment done seconds=1.74
2026-08-14 23:02:24,005 INFO [__main__] ========================================================================
2026-08-14T23:02:24+02:00 baselines done configuration=10/12 dataset=exchange_rate model=chronos2 formula=cov_y_ridge_shared lags=168 horizon=24 retrieval=instance_euclidean_3_online

2026-08-14T23:02:24+02:00 baselines start configuration=10/12 dataset=exchange_rate model=chronos2 formula=cov_y_ridge_horizon lags=168 horizon=24 retrieval=instance_euclidean_3_online run=/home/h61084/codes/adapts/outputs/adaptation/horizon_baselines_ablation/exchange_rate/168_24/chronos2/cov_y_ridge_horizon/instance/euclidean/3/online/run_0 computation_signature=d03f9da8edbf221f524e68c1f5e2cc15931ff0035f20e44583c41e33c9257962 l2_grid=0,1e-6,1e-5,1e-4,1e-3,1e-2,1e-1,1,10 validation_fraction=0.2 fit_baselines_on_eval=false seed=1
2026-08-14 23:02:26,895 INFO [__main__] ========================================================================
2026-08-14 23:02:26,895 INFO [__main__] selected methods=('cov_y_ridge_horizon',)
2026-08-14 23:02:28,479 INFO [__main__] baseline selection start l2_grid=(0.0, 1e-06, 1e-05, 0.0001, 0.001, 0.01, 0.1, 1.0, 10.0)
2026-08-14 23:02:28,616 INFO [__main__] baseline selection done
2026-08-14 23:02:28,653 INFO [__main__] experiment done seconds=1.75
2026-08-14 23:02:28,653 INFO [__main__] ========================================================================
2026-08-14T23:02:29+02:00 baselines done configuration=10/12 dataset=exchange_rate model=chronos2 formula=cov_y_ridge_horizon lags=168 horizon=24 retrieval=instance_euclidean_3_online

2026-08-14T23:02:29+02:00 baselines start configuration=10/12 dataset=exchange_rate model=chronos2 formula=cov_avgy_ridge_shared lags=168 horizon=24 retrieval=instance_euclidean_3_online run=/home/h61084/codes/adapts/outputs/adaptation/horizon_baselines_ablation/exchange_rate/168_24/chronos2/cov_avgy_ridge_shared/instance/euclidean/3/online/run_0 computation_signature=ba25f345782ce9f6adb13e2b4de97e68e3b4c79e85b853eb85e69a8b2277b9f0 l2_grid=0,1e-6,1e-5,1e-4,1e-3,1e-2,1e-1,1,10 validation_fraction=0.2 fit_baselines_on_eval=false seed=1
2026-08-14 23:02:31,639 INFO [__main__] ========================================================================
2026-08-14 23:02:31,639 INFO [__main__] selected methods=('cov_avgy_ridge_shared',)
2026-08-14 23:02:33,202 INFO [__main__] baseline selection start l2_grid=(0.0, 1e-06, 1e-05, 0.0001, 0.001, 0.01, 0.1, 1.0, 10.0)
2026-08-14 23:02:33,340 INFO [__main__] baseline selection done
2026-08-14 23:02:33,363 INFO [__main__] experiment done seconds=1.72
2026-08-14 23:02:33,363 INFO [__main__] ========================================================================
2026-08-14T23:02:33+02:00 baselines done configuration=10/12 dataset=exchange_rate model=chronos2 formula=cov_avgy_ridge_shared lags=168 horizon=24 retrieval=instance_euclidean_3_online

2026-08-14T23:02:34+02:00 baselines start configuration=10/12 dataset=exchange_rate model=chronos2 formula=cov_avgy_ridge_horizon lags=168 horizon=24 retrieval=instance_euclidean_3_online run=/home/h61084/codes/adapts/outputs/adaptation/horizon_baselines_ablation/exchange_rate/168_24/chronos2/cov_avgy_ridge_horizon/instance/euclidean/3/online/run_0 computation_signature=41b0beb52e0dbf68657a6cf14c5e007236aefa9d38f3b0470b938f01d622eed2 l2_grid=0,1e-6,1e-5,1e-4,1e-3,1e-2,1e-1,1,10 validation_fraction=0.2 fit_baselines_on_eval=false seed=1
2026-08-14 23:02:36,334 INFO [__main__] ========================================================================
2026-08-14 23:02:36,335 INFO [__main__] selected methods=('cov_avgy_ridge_horizon',)
2026-08-14 23:02:38,107 INFO [__main__] baseline selection start l2_grid=(0.0, 1e-06, 1e-05, 0.0001, 0.001, 0.01, 0.1, 1.0, 10.0)
2026-08-14 23:02:38,246 INFO [__main__] baseline selection done
2026-08-14 23:02:38,270 INFO [__main__] experiment done seconds=1.93
2026-08-14 23:02:38,271 INFO [__main__] ========================================================================
2026-08-14T23:02:38+02:00 baselines done configuration=10/12 dataset=exchange_rate model=chronos2 formula=cov_avgy_ridge_horizon lags=168 horizon=24 retrieval=instance_euclidean_3_online
2026-08-14 23:02:40,948 INFO [__main__] extraction validation directory=/home/h61084/codes/adapts/outputs/extraction/exchange_rate/336_48/chronos2/instance/euclidean/3/online/run_1 status=complete

2026-08-14T23:02:41+02:00 baselines start configuration=11/12 dataset=exchange_rate model=chronos2 formula=full_ridge_shared lags=336 horizon=48 retrieval=instance_euclidean_3_online run=/home/h61084/codes/adapts/outputs/adaptation/horizon_baselines_ablation/exchange_rate/336_48/chronos2/full_ridge_shared/instance/euclidean/3/online/run_0 computation_signature=6c70ce26888650bd787e979d0fd602b03f180866923d7630e3ba190306d01b6b l2_grid=0,1e-6,1e-5,1e-4,1e-3,1e-2,1e-1,1,10 validation_fraction=0.2 fit_baselines_on_eval=false seed=1
2026-08-14 23:02:43,787 INFO [__main__] ========================================================================
2026-08-14 23:02:43,788 INFO [__main__] selected methods=('full_ridge_shared',)
2026-08-14 23:02:45,548 INFO [__main__] baseline selection start l2_grid=(0.0, 1e-06, 1e-05, 0.0001, 0.001, 0.01, 0.1, 1.0, 10.0)
2026-08-14 23:02:45,742 INFO [__main__] baseline selection done
2026-08-14 23:02:45,869 INFO [__main__] experiment done seconds=2.06
2026-08-14 23:02:45,869 INFO [__main__] ========================================================================
2026-08-14T23:02:46+02:00 baselines done configuration=11/12 dataset=exchange_rate model=chronos2 formula=full_ridge_shared lags=336 horizon=48 retrieval=instance_euclidean_3_online

2026-08-14T23:02:46+02:00 baselines start configuration=11/12 dataset=exchange_rate model=chronos2 formula=full_ridge_horizon lags=336 horizon=48 retrieval=instance_euclidean_3_online run=/home/h61084/codes/adapts/outputs/adaptation/horizon_baselines_ablation/exchange_rate/336_48/chronos2/full_ridge_horizon/instance/euclidean/3/online/run_0 computation_signature=54637d56d1c967edf845a856c5cc473d587c0131f7e73b710163924f392a9525 l2_grid=0,1e-6,1e-5,1e-4,1e-3,1e-2,1e-1,1,10 validation_fraction=0.2 fit_baselines_on_eval=false seed=1
2026-08-14 23:02:49,325 INFO [__main__] ========================================================================
2026-08-14 23:02:49,325 INFO [__main__] selected methods=('full_ridge_horizon',)
2026-08-14 23:02:51,031 INFO [__main__] baseline selection start l2_grid=(0.0, 1e-06, 1e-05, 0.0001, 0.001, 0.01, 0.1, 1.0, 10.0)
2026-08-14 23:02:51,232 INFO [__main__] baseline selection done
2026-08-14 23:02:51,256 INFO [__main__] experiment done seconds=1.93
2026-08-14 23:02:51,256 INFO [__main__] ========================================================================
2026-08-14T23:02:51+02:00 baselines done configuration=11/12 dataset=exchange_rate model=chronos2 formula=full_ridge_horizon lags=336 horizon=48 retrieval=instance_euclidean_3_online

2026-08-14T23:02:52+02:00 baselines start configuration=11/12 dataset=exchange_rate model=chronos2 formula=cov_y_ridge_shared lags=336 horizon=48 retrieval=instance_euclidean_3_online run=/home/h61084/codes/adapts/outputs/adaptation/horizon_baselines_ablation/exchange_rate/336_48/chronos2/cov_y_ridge_shared/instance/euclidean/3/online/run_0 computation_signature=2ff609626607d87af2fd96fe69760941a5b027f87bf7cc9c811d6d2833258c24 l2_grid=0,1e-6,1e-5,1e-4,1e-3,1e-2,1e-1,1,10 validation_fraction=0.2 fit_baselines_on_eval=false seed=1
2026-08-14 23:02:54,361 INFO [__main__] ========================================================================
2026-08-14 23:02:54,361 INFO [__main__] selected methods=('cov_y_ridge_shared',)
2026-08-14 23:02:55,887 INFO [__main__] baseline selection start l2_grid=(0.0, 1e-06, 1e-05, 0.0001, 0.001, 0.01, 0.1, 1.0, 10.0)
2026-08-14 23:02:56,020 INFO [__main__] baseline selection done
2026-08-14 23:02:56,050 INFO [__main__] experiment done seconds=1.69
2026-08-14 23:02:56,050 INFO [__main__] ========================================================================
2026-08-14T23:02:56+02:00 baselines done configuration=11/12 dataset=exchange_rate model=chronos2 formula=cov_y_ridge_shared lags=336 horizon=48 retrieval=instance_euclidean_3_online

2026-08-14T23:02:56+02:00 baselines start configuration=11/12 dataset=exchange_rate model=chronos2 formula=cov_y_ridge_horizon lags=336 horizon=48 retrieval=instance_euclidean_3_online run=/home/h61084/codes/adapts/outputs/adaptation/horizon_baselines_ablation/exchange_rate/336_48/chronos2/cov_y_ridge_horizon/instance/euclidean/3/online/run_0 computation_signature=9e188e4c538673a116e127afcaedba7a795abf9ba7d1d5da38edc4a684d6e13e l2_grid=0,1e-6,1e-5,1e-4,1e-3,1e-2,1e-1,1,10 validation_fraction=0.2 fit_baselines_on_eval=false seed=1
2026-08-14 23:02:59,158 INFO [__main__] ========================================================================
2026-08-14 23:02:59,158 INFO [__main__] selected methods=('cov_y_ridge_horizon',)
2026-08-14 23:03:00,770 INFO [__main__] baseline selection start l2_grid=(0.0, 1e-06, 1e-05, 0.0001, 0.001, 0.01, 0.1, 1.0, 10.0)
2026-08-14 23:03:00,999 INFO [__main__] baseline selection done
2026-08-14 23:03:01,024 INFO [__main__] experiment done seconds=1.86
2026-08-14 23:03:01,024 INFO [__main__] ========================================================================
2026-08-14T23:03:01+02:00 baselines done configuration=11/12 dataset=exchange_rate model=chronos2 formula=cov_y_ridge_horizon lags=336 horizon=48 retrieval=instance_euclidean_3_online

2026-08-14T23:03:01+02:00 baselines start configuration=11/12 dataset=exchange_rate model=chronos2 formula=cov_avgy_ridge_shared lags=336 horizon=48 retrieval=instance_euclidean_3_online run=/home/h61084/codes/adapts/outputs/adaptation/horizon_baselines_ablation/exchange_rate/336_48/chronos2/cov_avgy_ridge_shared/instance/euclidean/3/online/run_0 computation_signature=16f0830ca6274021201b618943a17b4377a248150dc9a180fa60fe9965f31c49 l2_grid=0,1e-6,1e-5,1e-4,1e-3,1e-2,1e-1,1,10 validation_fraction=0.2 fit_baselines_on_eval=false seed=1
2026-08-14 23:03:04,007 INFO [__main__] ========================================================================
2026-08-14 23:03:04,007 INFO [__main__] selected methods=('cov_avgy_ridge_shared',)
2026-08-14 23:03:05,498 INFO [__main__] baseline selection start l2_grid=(0.0, 1e-06, 1e-05, 0.0001, 0.001, 0.01, 0.1, 1.0, 10.0)
2026-08-14 23:03:05,620 INFO [__main__] baseline selection done
2026-08-14 23:03:05,643 INFO [__main__] experiment done seconds=1.63
2026-08-14 23:03:05,643 INFO [__main__] ========================================================================
2026-08-14T23:03:06+02:00 baselines done configuration=11/12 dataset=exchange_rate model=chronos2 formula=cov_avgy_ridge_shared lags=336 horizon=48 retrieval=instance_euclidean_3_online

2026-08-14T23:03:06+02:00 baselines start configuration=11/12 dataset=exchange_rate model=chronos2 formula=cov_avgy_ridge_horizon lags=336 horizon=48 retrieval=instance_euclidean_3_online run=/home/h61084/codes/adapts/outputs/adaptation/horizon_baselines_ablation/exchange_rate/336_48/chronos2/cov_avgy_ridge_horizon/instance/euclidean/3/online/run_0 computation_signature=90c76a0e063991b9a499dc609992a3e391d16b39e0a30d49d489778d3974c468 l2_grid=0,1e-6,1e-5,1e-4,1e-3,1e-2,1e-1,1,10 validation_fraction=0.2 fit_baselines_on_eval=false seed=1
2026-08-14 23:03:08,793 INFO [__main__] ========================================================================
2026-08-14 23:03:08,793 INFO [__main__] selected methods=('cov_avgy_ridge_horizon',)
2026-08-14 23:03:10,362 INFO [__main__] baseline selection start l2_grid=(0.0, 1e-06, 1e-05, 0.0001, 0.001, 0.01, 0.1, 1.0, 10.0)
2026-08-14 23:03:10,531 INFO [__main__] baseline selection done
2026-08-14 23:03:10,554 INFO [__main__] experiment done seconds=1.76
2026-08-14 23:03:10,554 INFO [__main__] ========================================================================
2026-08-14T23:03:11+02:00 baselines done configuration=11/12 dataset=exchange_rate model=chronos2 formula=cov_avgy_ridge_horizon lags=336 horizon=48 retrieval=instance_euclidean_3_online
2026-08-14 23:03:13,276 INFO [__main__] extraction validation directory=/home/h61084/codes/adapts/outputs/extraction/exchange_rate/504_168/chronos2/instance/euclidean/3/online/run_1 status=complete

2026-08-14T23:03:13+02:00 baselines start configuration=12/12 dataset=exchange_rate model=chronos2 formula=full_ridge_shared lags=504 horizon=168 retrieval=instance_euclidean_3_online run=/home/h61084/codes/adapts/outputs/adaptation/horizon_baselines_ablation/exchange_rate/504_168/chronos2/full_ridge_shared/instance/euclidean/3/online/run_0 computation_signature=6f396233eafb78d2d6bc739025d3c480559dc9c509635067684d93c1c9a1a194 l2_grid=0,1e-6,1e-5,1e-4,1e-3,1e-2,1e-1,1,10 validation_fraction=0.2 fit_baselines_on_eval=false seed=1
2026-08-14 23:03:16,350 INFO [__main__] ========================================================================
2026-08-14 23:03:16,350 INFO [__main__] selected methods=('full_ridge_shared',)
2026-08-14 23:03:17,851 INFO [__main__] baseline selection start l2_grid=(0.0, 1e-06, 1e-05, 0.0001, 0.001, 0.01, 0.1, 1.0, 10.0)
2026-08-14 23:03:18,078 INFO [__main__] baseline selection done
2026-08-14 23:03:18,101 INFO [__main__] experiment done seconds=1.75
2026-08-14 23:03:18,101 INFO [__main__] ========================================================================
2026-08-14T23:03:18+02:00 baselines done configuration=12/12 dataset=exchange_rate model=chronos2 formula=full_ridge_shared lags=504 horizon=168 retrieval=instance_euclidean_3_online

2026-08-14T23:03:18+02:00 baselines start configuration=12/12 dataset=exchange_rate model=chronos2 formula=full_ridge_horizon lags=504 horizon=168 retrieval=instance_euclidean_3_online run=/home/h61084/codes/adapts/outputs/adaptation/horizon_baselines_ablation/exchange_rate/504_168/chronos2/full_ridge_horizon/instance/euclidean/3/online/run_0 computation_signature=805ee52870ffca67cee773faa19314960cf895af0814e748fc37215aa140dd9e l2_grid=0,1e-6,1e-5,1e-4,1e-3,1e-2,1e-1,1,10 validation_fraction=0.2 fit_baselines_on_eval=false seed=1
2026-08-14 23:03:21,178 INFO [__main__] ========================================================================
2026-08-14 23:03:21,178 INFO [__main__] selected methods=('full_ridge_horizon',)
2026-08-14 23:03:22,699 INFO [__main__] baseline selection start l2_grid=(0.0, 1e-06, 1e-05, 0.0001, 0.001, 0.01, 0.1, 1.0, 10.0)
2026-08-14 23:03:22,903 INFO [__main__] baseline selection done
2026-08-14 23:03:22,925 INFO [__main__] experiment done seconds=1.74
2026-08-14 23:03:22,925 INFO [__main__] ========================================================================
2026-08-14T23:03:23+02:00 baselines done configuration=12/12 dataset=exchange_rate model=chronos2 formula=full_ridge_horizon lags=504 horizon=168 retrieval=instance_euclidean_3_online

2026-08-14T23:03:23+02:00 baselines start configuration=12/12 dataset=exchange_rate model=chronos2 formula=cov_y_ridge_shared lags=504 horizon=168 retrieval=instance_euclidean_3_online run=/home/h61084/codes/adapts/outputs/adaptation/horizon_baselines_ablation/exchange_rate/504_168/chronos2/cov_y_ridge_shared/instance/euclidean/3/online/run_0 computation_signature=ca09389fe8280ffe0b5aed43704265251a212b3966b2353dbd1e4416e73de947 l2_grid=0,1e-6,1e-5,1e-4,1e-3,1e-2,1e-1,1,10 validation_fraction=0.2 fit_baselines_on_eval=false seed=1
2026-08-14 23:03:25,973 INFO [__main__] ========================================================================
2026-08-14 23:03:25,974 INFO [__main__] selected methods=('cov_y_ridge_shared',)
2026-08-14 23:03:27,468 INFO [__main__] baseline selection start l2_grid=(0.0, 1e-06, 1e-05, 0.0001, 0.001, 0.01, 0.1, 1.0, 10.0)
2026-08-14 23:03:27,608 INFO [__main__] baseline selection done
2026-08-14 23:03:27,630 INFO [__main__] experiment done seconds=1.65
2026-08-14 23:03:27,630 INFO [__main__] ========================================================================
2026-08-14T23:03:28+02:00 baselines done configuration=12/12 dataset=exchange_rate model=chronos2 formula=cov_y_ridge_shared lags=504 horizon=168 retrieval=instance_euclidean_3_online

2026-08-14T23:03:28+02:00 baselines start configuration=12/12 dataset=exchange_rate model=chronos2 formula=cov_y_ridge_horizon lags=504 horizon=168 retrieval=instance_euclidean_3_online run=/home/h61084/codes/adapts/outputs/adaptation/horizon_baselines_ablation/exchange_rate/504_168/chronos2/cov_y_ridge_horizon/instance/euclidean/3/online/run_0 computation_signature=11da3cbbefa0daff626ad16e89068eab392d99b139582bdfcaefa9075b5dd2f6 l2_grid=0,1e-6,1e-5,1e-4,1e-3,1e-2,1e-1,1,10 validation_fraction=0.2 fit_baselines_on_eval=false seed=1
2026-08-14 23:03:30,479 INFO [__main__] ========================================================================
2026-08-14 23:03:30,479 INFO [__main__] selected methods=('cov_y_ridge_horizon',)
2026-08-14 23:03:32,154 INFO [__main__] baseline selection start l2_grid=(0.0, 1e-06, 1e-05, 0.0001, 0.001, 0.01, 0.1, 1.0, 10.0)
2026-08-14 23:03:32,385 INFO [__main__] baseline selection done
2026-08-14 23:03:32,408 INFO [__main__] experiment done seconds=1.93
2026-08-14 23:03:32,408 INFO [__main__] ========================================================================
2026-08-14T23:03:32+02:00 baselines done configuration=12/12 dataset=exchange_rate model=chronos2 formula=cov_y_ridge_horizon lags=504 horizon=168 retrieval=instance_euclidean_3_online

2026-08-14T23:03:33+02:00 baselines start configuration=12/12 dataset=exchange_rate model=chronos2 formula=cov_avgy_ridge_shared lags=504 horizon=168 retrieval=instance_euclidean_3_online run=/home/h61084/codes/adapts/outputs/adaptation/horizon_baselines_ablation/exchange_rate/504_168/chronos2/cov_avgy_ridge_shared/instance/euclidean/3/online/run_0 computation_signature=b4f21638d224e6020ef2b393c9015fa0f987886a9923ea24aee1087ce728e0dd l2_grid=0,1e-6,1e-5,1e-4,1e-3,1e-2,1e-1,1,10 validation_fraction=0.2 fit_baselines_on_eval=false seed=1
2026-08-14 23:03:35,291 INFO [__main__] ========================================================================
2026-08-14 23:03:35,292 INFO [__main__] selected methods=('cov_avgy_ridge_shared',)
2026-08-14 23:03:36,742 INFO [__main__] baseline selection start l2_grid=(0.0, 1e-06, 1e-05, 0.0001, 0.001, 0.01, 0.1, 1.0, 10.0)
2026-08-14 23:03:36,882 INFO [__main__] baseline selection done
2026-08-14 23:03:36,904 INFO [__main__] experiment done seconds=1.61
2026-08-14 23:03:36,904 INFO [__main__] ========================================================================
2026-08-14T23:03:37+02:00 baselines done configuration=12/12 dataset=exchange_rate model=chronos2 formula=cov_avgy_ridge_shared lags=504 horizon=168 retrieval=instance_euclidean_3_online

2026-08-14T23:03:37+02:00 baselines start configuration=12/12 dataset=exchange_rate model=chronos2 formula=cov_avgy_ridge_horizon lags=504 horizon=168 retrieval=instance_euclidean_3_online run=/home/h61084/codes/adapts/outputs/adaptation/horizon_baselines_ablation/exchange_rate/504_168/chronos2/cov_avgy_ridge_horizon/instance/euclidean/3/online/run_0 computation_signature=52315f3e61b74ba9a84aa37ffa52e49270edfe0424dfcc13493c61c3d41734df l2_grid=0,1e-6,1e-5,1e-4,1e-3,1e-2,1e-1,1,10 validation_fraction=0.2 fit_baselines_on_eval=false seed=1
2026-08-14 23:03:39,947 INFO [__main__] ========================================================================
2026-08-14 23:03:39,947 INFO [__main__] selected methods=('cov_avgy_ridge_horizon',)
2026-08-14 23:03:41,452 INFO [__main__] baseline selection start l2_grid=(0.0, 1e-06, 1e-05, 0.0001, 0.001, 0.01, 0.1, 1.0, 10.0)
2026-08-14 23:03:41,621 INFO [__main__] baseline selection done
2026-08-14 23:03:41,644 INFO [__main__] experiment done seconds=1.69
2026-08-14 23:03:41,644 INFO [__main__] ========================================================================
2026-08-14T23:03:42+02:00 baselines done configuration=12/12 dataset=exchange_rate model=chronos2 formula=cov_avgy_ridge_horizon lags=504 horizon=168 retrieval=instance_euclidean_3_online

2026-08-14T23:03:42+02:00 job done kind=baselines output=outputs/adaptation/horizon_baselines_ablation

2026-08-14T23:03:42+02:00 job start kind=adaptation_extraction family=horizon_baselines_ablation experiment_mode=full skip_complete=true tasks=24 datasets=Electricity,Traffic,Solar,exchange_rate models=chronos2 settings=168:24,336:48,504:168 distance_spaces=raw distance_metrics=euclidean neighbors=1
2026-08-14T23:03:42+02:00 skip complete family=extraction dataset=Electricity model=chronos2 lags=168 horizon=24 retrieval=vanilla run=/home/h61084/codes/adapts/outputs/extraction/Electricity/168_24/chronos2/none/none/0/none/run_1
2026-08-14T23:03:42+02:00 skip complete family=extraction dataset=Electricity model=chronos2 lags=168 horizon=24 retrieval=raw_euclidean_1_online run=/home/h61084/codes/adapts/outputs/extraction/Electricity/168_24/chronos2/raw/euclidean/1/online/run_1
2026-08-14T23:03:42+02:00 skip complete family=extraction dataset=Electricity model=chronos2 lags=336 horizon=48 retrieval=vanilla run=/home/h61084/codes/adapts/outputs/extraction/Electricity/336_48/chronos2/none/none/0/none/run_1
2026-08-14T23:03:42+02:00 skip complete family=extraction dataset=Electricity model=chronos2 lags=336 horizon=48 retrieval=raw_euclidean_1_online run=/home/h61084/codes/adapts/outputs/extraction/Electricity/336_48/chronos2/raw/euclidean/1/online/run_1
2026-08-14T23:03:42+02:00 skip complete family=extraction dataset=Electricity model=chronos2 lags=504 horizon=168 retrieval=vanilla run=/home/h61084/codes/adapts/outputs/extraction/Electricity/504_168/chronos2/none/none/0/none/run_2
2026-08-14T23:03:42+02:00 skip complete family=extraction dataset=Electricity model=chronos2 lags=504 horizon=168 retrieval=raw_euclidean_1_online run=/home/h61084/codes/adapts/outputs/extraction/Electricity/504_168/chronos2/raw/euclidean/1/online/run_1
2026-08-14T23:03:42+02:00 skip complete family=extraction dataset=Traffic model=chronos2 lags=168 horizon=24 retrieval=vanilla run=/home/h61084/codes/adapts/outputs/extraction/Traffic/168_24/chronos2/none/none/0/none/run_1
2026-08-14T23:03:42+02:00 skip complete family=extraction dataset=Traffic model=chronos2 lags=168 horizon=24 retrieval=raw_euclidean_1_online run=/home/h61084/codes/adapts/outputs/extraction/Traffic/168_24/chronos2/raw/euclidean/1/online/run_1
2026-08-14T23:03:42+02:00 skip complete family=extraction dataset=Traffic model=chronos2 lags=336 horizon=48 retrieval=vanilla run=/home/h61084/codes/adapts/outputs/extraction/Traffic/336_48/chronos2/none/none/0/none/run_1
2026-08-14T23:03:42+02:00 skip complete family=extraction dataset=Traffic model=chronos2 lags=336 horizon=48 retrieval=raw_euclidean_1_online run=/home/h61084/codes/adapts/outputs/extraction/Traffic/336_48/chronos2/raw/euclidean/1/online/run_1
2026-08-14T23:03:43+02:00 skip complete family=extraction dataset=Traffic model=chronos2 lags=504 horizon=168 retrieval=vanilla run=/home/h61084/codes/adapts/outputs/extraction/Traffic/504_168/chronos2/none/none/0/none/run_1
2026-08-14T23:03:43+02:00 skip complete family=extraction dataset=Traffic model=chronos2 lags=504 horizon=168 retrieval=raw_euclidean_1_online run=/home/h61084/codes/adapts/outputs/extraction/Traffic/504_168/chronos2/raw/euclidean/1/online/run_1
2026-08-14T23:03:43+02:00 skip complete family=extraction dataset=Solar model=chronos2 lags=168 horizon=24 retrieval=vanilla run=/home/h61084/codes/adapts/outputs/extraction/Solar/168_24/chronos2/none/none/0/none/run_1
2026-08-14T23:03:43+02:00 skip complete family=extraction dataset=Solar model=chronos2 lags=168 horizon=24 retrieval=raw_euclidean_1_online run=/home/h61084/codes/adapts/outputs/extraction/Solar/168_24/chronos2/raw/euclidean/1/online/run_1
2026-08-14T23:03:43+02:00 skip complete family=extraction dataset=Solar model=chronos2 lags=336 horizon=48 retrieval=vanilla run=/home/h61084/codes/adapts/outputs/extraction/Solar/336_48/chronos2/none/none/0/none/run_1
2026-08-14T23:03:43+02:00 skip complete family=extraction dataset=Solar model=chronos2 lags=336 horizon=48 retrieval=raw_euclidean_1_online run=/home/h61084/codes/adapts/outputs/extraction/Solar/336_48/chronos2/raw/euclidean/1/online/run_1
2026-08-14T23:03:43+02:00 skip complete family=extraction dataset=Solar model=chronos2 lags=504 horizon=168 retrieval=vanilla run=/home/h61084/codes/adapts/outputs/extraction/Solar/504_168/chronos2/none/none/0/none/run_1
2026-08-14T23:03:43+02:00 skip complete family=extraction dataset=Solar model=chronos2 lags=504 horizon=168 retrieval=raw_euclidean_1_online run=/home/h61084/codes/adapts/outputs/extraction/Solar/504_168/chronos2/raw/euclidean/1/online/run_1
2026-08-14T23:03:43+02:00 skip complete family=extraction dataset=exchange_rate model=chronos2 lags=168 horizon=24 retrieval=vanilla run=/home/h61084/codes/adapts/outputs/extraction/exchange_rate/168_24/chronos2/none/none/0/none/run_1
2026-08-14T23:03:43+02:00 skip complete family=extraction dataset=exchange_rate model=chronos2 lags=168 horizon=24 retrieval=raw_euclidean_1_online run=/home/h61084/codes/adapts/outputs/extraction/exchange_rate/168_24/chronos2/raw/euclidean/1/online/run_1
2026-08-14T23:03:43+02:00 skip complete family=extraction dataset=exchange_rate model=chronos2 lags=336 horizon=48 retrieval=vanilla run=/home/h61084/codes/adapts/outputs/extraction/exchange_rate/336_48/chronos2/none/none/0/none/run_1
2026-08-14T23:03:43+02:00 skip complete family=extraction dataset=exchange_rate model=chronos2 lags=336 horizon=48 retrieval=raw_euclidean_1_online run=/home/h61084/codes/adapts/outputs/extraction/exchange_rate/336_48/chronos2/raw/euclidean/1/online/run_1
2026-08-14T23:03:43+02:00 skip complete family=extraction dataset=exchange_rate model=chronos2 lags=504 horizon=168 retrieval=vanilla run=/home/h61084/codes/adapts/outputs/extraction/exchange_rate/504_168/chronos2/none/none/0/none/run_1
2026-08-14T23:03:44+02:00 skip complete family=extraction dataset=exchange_rate model=chronos2 lags=504 horizon=168 retrieval=raw_euclidean_1_online run=/home/h61084/codes/adapts/outputs/extraction/exchange_rate/504_168/chronos2/raw/euclidean/1/online/run_1

2026-08-14T23:03:44+02:00 job done kind=adaptation_extraction output=outputs/extraction

2026-08-14T23:03:44+02:00 job start kind=baselines family=horizon_baselines_ablation experiment_mode=full skip_complete=true tasks=12 datasets=Electricity,Traffic,Solar,exchange_rate models=chronos2 settings=168:24,336:48,504:168 distance_spaces=raw distance_metrics=euclidean neighbors=1 methods=full_ridge_shared,full_ridge_horizon results_root=outputs/adaptation/horizon_baselines_ablation
2026-08-14 23:03:46,315 INFO [__main__] extraction validation directory=/home/h61084/codes/adapts/outputs/extraction/Electricity/168_24/chronos2/raw/euclidean/1/online/run_1 status=complete

2026-08-14T23:03:46+02:00 baselines start configuration=1/12 dataset=Electricity model=chronos2 formula=full_ridge_shared lags=168 horizon=24 retrieval=raw_euclidean_1_online run=/home/h61084/codes/adapts/outputs/adaptation/horizon_baselines_ablation/Electricity/168_24/chronos2/full_ridge_shared/raw/euclidean/1/online/run_0 computation_signature=9a253b68f22090e6d56202aaf696ec796e86ec616d975e021d82f9ae35887004 l2_grid=0,1e-6,1e-5,1e-4,1e-3,1e-2,1e-1,1,10 validation_fraction=0.2 fit_baselines_on_eval=false seed=1
2026-08-14 23:03:49,155 INFO [__main__] ========================================================================
2026-08-14 23:03:49,155 INFO [__main__] selected methods=('full_ridge_shared',)
2026-08-14 23:03:51,405 INFO [__main__] baseline selection start l2_grid=(0.0, 1e-06, 1e-05, 0.0001, 0.001, 0.01, 0.1, 1.0, 10.0)
2026-08-14 23:03:51,901 INFO [__main__] baseline selection done
2026-08-14 23:03:51,925 INFO [__main__] experiment done seconds=2.77
2026-08-14 23:03:51,925 INFO [__main__] ========================================================================
2026-08-14T23:03:52+02:00 baselines done configuration=1/12 dataset=Electricity model=chronos2 formula=full_ridge_shared lags=168 horizon=24 retrieval=raw_euclidean_1_online

2026-08-14T23:03:52+02:00 baselines start configuration=1/12 dataset=Electricity model=chronos2 formula=full_ridge_horizon lags=168 horizon=24 retrieval=raw_euclidean_1_online run=/home/h61084/codes/adapts/outputs/adaptation/horizon_baselines_ablation/Electricity/168_24/chronos2/full_ridge_horizon/raw/euclidean/1/online/run_0 computation_signature=a89827fcd152d0b4ba0fed57cbc7c855354a2819712980746b1bbfc2834b9c55 l2_grid=0,1e-6,1e-5,1e-4,1e-3,1e-2,1e-1,1,10 validation_fraction=0.2 fit_baselines_on_eval=false seed=1
2026-08-14 23:03:54,958 INFO [__main__] ========================================================================
2026-08-14 23:03:54,959 INFO [__main__] selected methods=('full_ridge_horizon',)
2026-08-14 23:03:56,961 INFO [__main__] baseline selection start l2_grid=(0.0, 1e-06, 1e-05, 0.0001, 0.001, 0.01, 0.1, 1.0, 10.0)
2026-08-14 23:03:57,676 INFO [__main__] baseline selection done
2026-08-14 23:03:57,704 INFO [__main__] experiment done seconds=2.74
2026-08-14 23:03:57,704 INFO [__main__] ========================================================================
2026-08-14T23:03:58+02:00 baselines done configuration=1/12 dataset=Electricity model=chronos2 formula=full_ridge_horizon lags=168 horizon=24 retrieval=raw_euclidean_1_online
2026-08-14 23:04:00,185 INFO [__main__] extraction validation directory=/home/h61084/codes/adapts/outputs/extraction/Electricity/336_48/chronos2/raw/euclidean/1/online/run_1 status=complete

2026-08-14T23:04:00+02:00 baselines start configuration=2/12 dataset=Electricity model=chronos2 formula=full_ridge_shared lags=336 horizon=48 retrieval=raw_euclidean_1_online run=/home/h61084/codes/adapts/outputs/adaptation/horizon_baselines_ablation/Electricity/336_48/chronos2/full_ridge_shared/raw/euclidean/1/online/run_0 computation_signature=8df5c446b6cd78d7463f919b60942f49bad0f6763aab1a867421bb3961c6aa2e l2_grid=0,1e-6,1e-5,1e-4,1e-3,1e-2,1e-1,1,10 validation_fraction=0.2 fit_baselines_on_eval=false seed=1
2026-08-14 23:04:03,045 INFO [__main__] ========================================================================
2026-08-14 23:04:03,046 INFO [__main__] selected methods=('full_ridge_shared',)
2026-08-14 23:04:09,604 INFO [__main__] baseline selection start l2_grid=(0.0, 1e-06, 1e-05, 0.0001, 0.001, 0.01, 0.1, 1.0, 10.0)
2026-08-14 23:04:10,477 INFO [__main__] baseline selection done
2026-08-14 23:04:10,502 INFO [__main__] experiment done seconds=7.45
2026-08-14 23:04:10,502 INFO [__main__] ========================================================================
2026-08-14T23:04:11+02:00 baselines done configuration=2/12 dataset=Electricity model=chronos2 formula=full_ridge_shared lags=336 horizon=48 retrieval=raw_euclidean_1_online

2026-08-14T23:04:11+02:00 baselines start configuration=2/12 dataset=Electricity model=chronos2 formula=full_ridge_horizon lags=336 horizon=48 retrieval=raw_euclidean_1_online run=/home/h61084/codes/adapts/outputs/adaptation/horizon_baselines_ablation/Electricity/336_48/chronos2/full_ridge_horizon/raw/euclidean/1/online/run_0 computation_signature=b45ab7453bdccc12682ebc38277ee18347ba7357a705966b9a1e6b4ae1048c57 l2_grid=0,1e-6,1e-5,1e-4,1e-3,1e-2,1e-1,1,10 validation_fraction=0.2 fit_baselines_on_eval=false seed=1
2026-08-14 23:04:13,598 INFO [__main__] ========================================================================
2026-08-14 23:04:13,599 INFO [__main__] selected methods=('full_ridge_horizon',)
2026-08-14 23:04:16,127 INFO [__main__] baseline selection start l2_grid=(0.0, 1e-06, 1e-05, 0.0001, 0.001, 0.01, 0.1, 1.0, 10.0)
2026-08-14 23:04:17,613 INFO [__main__] baseline selection done
2026-08-14 23:04:17,641 INFO [__main__] experiment done seconds=4.04
2026-08-14 23:04:17,641 INFO [__main__] ========================================================================
2026-08-14T23:04:18+02:00 baselines done configuration=2/12 dataset=Electricity model=chronos2 formula=full_ridge_horizon lags=336 horizon=48 retrieval=raw_euclidean_1_online
2026-08-14 23:04:20,452 INFO [__main__] extraction validation directory=/home/h61084/codes/adapts/outputs/extraction/Electricity/504_168/chronos2/raw/euclidean/1/online/run_1 status=complete

2026-08-14T23:04:21+02:00 baselines start configuration=3/12 dataset=Electricity model=chronos2 formula=full_ridge_shared lags=504 horizon=168 retrieval=raw_euclidean_1_online run=/home/h61084/codes/adapts/outputs/adaptation/horizon_baselines_ablation/Electricity/504_168/chronos2/full_ridge_shared/raw/euclidean/1/online/run_0 computation_signature=3c4eaffec801c70331cb1e6af6bf3c99d5e6e1f60930254de142e460bf96e742 l2_grid=0,1e-6,1e-5,1e-4,1e-3,1e-2,1e-1,1,10 validation_fraction=0.2 fit_baselines_on_eval=false seed=1
2026-08-14 23:04:23,461 INFO [__main__] ========================================================================
2026-08-14 23:04:23,461 INFO [__main__] selected methods=('full_ridge_shared',)
2026-08-14 23:04:26,526 INFO [__main__] baseline selection start l2_grid=(0.0, 1e-06, 1e-05, 0.0001, 0.001, 0.01, 0.1, 1.0, 10.0)
2026-08-14 23:04:29,687 INFO [__main__] baseline selection done
2026-08-14 23:04:29,712 INFO [__main__] experiment done seconds=6.25
2026-08-14 23:04:29,712 INFO [__main__] ========================================================================
2026-08-14T23:04:30+02:00 baselines done configuration=3/12 dataset=Electricity model=chronos2 formula=full_ridge_shared lags=504 horizon=168 retrieval=raw_euclidean_1_online

2026-08-14T23:04:30+02:00 baselines start configuration=3/12 dataset=Electricity model=chronos2 formula=full_ridge_horizon lags=504 horizon=168 retrieval=raw_euclidean_1_online run=/home/h61084/codes/adapts/outputs/adaptation/horizon_baselines_ablation/Electricity/504_168/chronos2/full_ridge_horizon/raw/euclidean/1/online/run_0 computation_signature=0f10a2c8e7b90ea67e58ef2143b41c616cc3491de0a6786b515b6c1a537e7b9f l2_grid=0,1e-6,1e-5,1e-4,1e-3,1e-2,1e-1,1,10 validation_fraction=0.2 fit_baselines_on_eval=false seed=1
2026-08-14 23:04:32,809 INFO [__main__] ========================================================================
2026-08-14 23:04:32,809 INFO [__main__] selected methods=('full_ridge_horizon',)
2026-08-14 23:04:35,762 INFO [__main__] baseline selection start l2_grid=(0.0, 1e-06, 1e-05, 0.0001, 0.001, 0.01, 0.1, 1.0, 10.0)
2026-08-14 23:04:40,149 INFO [__main__] baseline selection done
2026-08-14 23:04:40,176 INFO [__main__] experiment done seconds=7.36
2026-08-14 23:04:40,176 INFO [__main__] ========================================================================
2026-08-14T23:04:40+02:00 baselines done configuration=3/12 dataset=Electricity model=chronos2 formula=full_ridge_horizon lags=504 horizon=168 retrieval=raw_euclidean_1_online
2026-08-14 23:04:42,948 INFO [__main__] extraction validation directory=/home/h61084/codes/adapts/outputs/extraction/Traffic/168_24/chronos2/raw/euclidean/1/online/run_1 status=complete

2026-08-14T23:04:43+02:00 baselines start configuration=4/12 dataset=Traffic model=chronos2 formula=full_ridge_shared lags=168 horizon=24 retrieval=raw_euclidean_1_online run=/home/h61084/codes/adapts/outputs/adaptation/horizon_baselines_ablation/Traffic/168_24/chronos2/full_ridge_shared/raw/euclidean/1/online/run_0 computation_signature=0b5cbe483c74e205c89348d876e44b7f8e8c27a5b08c6cbd29d5a1c5c0334b58 l2_grid=0,1e-6,1e-5,1e-4,1e-3,1e-2,1e-1,1,10 validation_fraction=0.2 fit_baselines_on_eval=false seed=1
2026-08-14 23:04:45,860 INFO [__main__] ========================================================================
2026-08-14 23:04:45,860 INFO [__main__] selected methods=('full_ridge_shared',)
2026-08-14 23:04:48,386 INFO [__main__] baseline selection start l2_grid=(0.0, 1e-06, 1e-05, 0.0001, 0.001, 0.01, 0.1, 1.0, 10.0)
2026-08-14 23:04:49,237 INFO [__main__] baseline selection done
2026-08-14 23:04:49,259 INFO [__main__] experiment done seconds=3.40
2026-08-14 23:04:49,260 INFO [__main__] ========================================================================
2026-08-14T23:04:49+02:00 baselines done configuration=4/12 dataset=Traffic model=chronos2 formula=full_ridge_shared lags=168 horizon=24 retrieval=raw_euclidean_1_online

2026-08-14T23:04:49+02:00 baselines start configuration=4/12 dataset=Traffic model=chronos2 formula=full_ridge_horizon lags=168 horizon=24 retrieval=raw_euclidean_1_online run=/home/h61084/codes/adapts/outputs/adaptation/horizon_baselines_ablation/Traffic/168_24/chronos2/full_ridge_horizon/raw/euclidean/1/online/run_0 computation_signature=1bb85e4b651f9e8cab2779a44066e8725b9cf1c03e47ac7ceca8f0af4b52cff1 l2_grid=0,1e-6,1e-5,1e-4,1e-3,1e-2,1e-1,1,10 validation_fraction=0.2 fit_baselines_on_eval=false seed=1
2026-08-14 23:04:52,313 INFO [__main__] ========================================================================
2026-08-14 23:04:52,313 INFO [__main__] selected methods=('full_ridge_horizon',)
2026-08-14 23:04:55,121 INFO [__main__] baseline selection start l2_grid=(0.0, 1e-06, 1e-05, 0.0001, 0.001, 0.01, 0.1, 1.0, 10.0)
2026-08-14 23:04:56,444 INFO [__main__] baseline selection done
2026-08-14 23:04:56,467 INFO [__main__] experiment done seconds=4.15
2026-08-14 23:04:56,467 INFO [__main__] ========================================================================
2026-08-14T23:04:56+02:00 baselines done configuration=4/12 dataset=Traffic model=chronos2 formula=full_ridge_horizon lags=168 horizon=24 retrieval=raw_euclidean_1_online
2026-08-14 23:04:59,122 INFO [__main__] extraction validation directory=/home/h61084/codes/adapts/outputs/extraction/Traffic/336_48/chronos2/raw/euclidean/1/online/run_1 status=complete

2026-08-14T23:04:59+02:00 baselines start configuration=5/12 dataset=Traffic model=chronos2 formula=full_ridge_shared lags=336 horizon=48 retrieval=raw_euclidean_1_online run=/home/h61084/codes/adapts/outputs/adaptation/horizon_baselines_ablation/Traffic/336_48/chronos2/full_ridge_shared/raw/euclidean/1/online/run_0 computation_signature=5f7f35dabff97fc477dd54c47382fdc72ab7da078182c00862a79b7dea305ef2 l2_grid=0,1e-6,1e-5,1e-4,1e-3,1e-2,1e-1,1,10 validation_fraction=0.2 fit_baselines_on_eval=false seed=1
2026-08-14 23:05:02,183 INFO [__main__] ========================================================================
2026-08-14 23:05:02,183 INFO [__main__] selected methods=('full_ridge_shared',)
2026-08-14 23:05:09,402 INFO [__main__] baseline selection start l2_grid=(0.0, 1e-06, 1e-05, 0.0001, 0.001, 0.01, 0.1, 1.0, 10.0)
2026-08-14 23:05:10,975 INFO [__main__] baseline selection done
2026-08-14 23:05:10,999 INFO [__main__] experiment done seconds=8.81
2026-08-14 23:05:10,999 INFO [__main__] ========================================================================
2026-08-14T23:05:11+02:00 baselines done configuration=5/12 dataset=Traffic model=chronos2 formula=full_ridge_shared lags=336 horizon=48 retrieval=raw_euclidean_1_online

2026-08-14T23:05:11+02:00 baselines start configuration=5/12 dataset=Traffic model=chronos2 formula=full_ridge_horizon lags=336 horizon=48 retrieval=raw_euclidean_1_online run=/home/h61084/codes/adapts/outputs/adaptation/horizon_baselines_ablation/Traffic/336_48/chronos2/full_ridge_horizon/raw/euclidean/1/online/run_0 computation_signature=52b8f7ada594cef40b5cca7b03c36657590bb1debc34592b5635200095d7b4d8 l2_grid=0,1e-6,1e-5,1e-4,1e-3,1e-2,1e-1,1,10 validation_fraction=0.2 fit_baselines_on_eval=false seed=1
2026-08-14 23:05:14,072 INFO [__main__] ========================================================================
2026-08-14 23:05:14,072 INFO [__main__] selected methods=('full_ridge_horizon',)
2026-08-14 23:05:17,119 INFO [__main__] baseline selection start l2_grid=(0.0, 1e-06, 1e-05, 0.0001, 0.001, 0.01, 0.1, 1.0, 10.0)
2026-08-14 23:05:19,383 INFO [__main__] baseline selection done
2026-08-14 23:05:19,410 INFO [__main__] experiment done seconds=5.33
2026-08-14 23:05:19,410 INFO [__main__] ========================================================================
2026-08-14T23:05:19+02:00 baselines done configuration=5/12 dataset=Traffic model=chronos2 formula=full_ridge_horizon lags=336 horizon=48 retrieval=raw_euclidean_1_online
2026-08-14 23:05:22,095 INFO [__main__] extraction validation directory=/home/h61084/codes/adapts/outputs/extraction/Traffic/504_168/chronos2/raw/euclidean/1/online/run_1 status=complete

2026-08-14T23:05:22+02:00 baselines start configuration=6/12 dataset=Traffic model=chronos2 formula=full_ridge_shared lags=504 horizon=168 retrieval=raw_euclidean_1_online run=/home/h61084/codes/adapts/outputs/adaptation/horizon_baselines_ablation/Traffic/504_168/chronos2/full_ridge_shared/raw/euclidean/1/online/run_0 computation_signature=61455bb702aafb51ba1d277f88c757fdd3b24973e1896c197df982c536c2a96f l2_grid=0,1e-6,1e-5,1e-4,1e-3,1e-2,1e-1,1,10 validation_fraction=0.2 fit_baselines_on_eval=false seed=1
2026-08-14 23:05:25,163 INFO [__main__] ========================================================================
2026-08-14 23:05:25,163 INFO [__main__] selected methods=('full_ridge_shared',)
2026-08-14 23:05:29,225 INFO [__main__] baseline selection start l2_grid=(0.0, 1e-06, 1e-05, 0.0001, 0.001, 0.01, 0.1, 1.0, 10.0)
2026-08-14 23:05:34,268 INFO [__main__] baseline selection done
2026-08-14 23:05:34,303 INFO [__main__] experiment done seconds=9.13
2026-08-14 23:05:34,303 INFO [__main__] ========================================================================
2026-08-14T23:05:34+02:00 baselines done configuration=6/12 dataset=Traffic model=chronos2 formula=full_ridge_shared lags=504 horizon=168 retrieval=raw_euclidean_1_online

2026-08-14T23:05:35+02:00 baselines start configuration=6/12 dataset=Traffic model=chronos2 formula=full_ridge_horizon lags=504 horizon=168 retrieval=raw_euclidean_1_online run=/home/h61084/codes/adapts/outputs/adaptation/horizon_baselines_ablation/Traffic/504_168/chronos2/full_ridge_horizon/raw/euclidean/1/online/run_0 computation_signature=0b4c6c5ef85a401ef15b98a697d909346658ba72df21f385d68195f4abb881c8 l2_grid=0,1e-6,1e-5,1e-4,1e-3,1e-2,1e-1,1,10 validation_fraction=0.2 fit_baselines_on_eval=false seed=1
2026-08-14 23:05:37,423 INFO [__main__] ========================================================================
2026-08-14 23:05:37,424 INFO [__main__] selected methods=('full_ridge_horizon',)
2026-08-14 23:05:41,478 INFO [__main__] baseline selection start l2_grid=(0.0, 1e-06, 1e-05, 0.0001, 0.001, 0.01, 0.1, 1.0, 10.0)
2026-08-14 23:05:49,640 INFO [__main__] baseline selection done
2026-08-14 23:05:49,670 INFO [__main__] experiment done seconds=12.24
2026-08-14 23:05:49,670 INFO [__main__] ========================================================================
2026-08-14T23:05:50+02:00 baselines done configuration=6/12 dataset=Traffic model=chronos2 formula=full_ridge_horizon lags=504 horizon=168 retrieval=raw_euclidean_1_online
2026-08-14 23:05:52,293 INFO [__main__] extraction validation directory=/home/h61084/codes/adapts/outputs/extraction/Solar/168_24/chronos2/raw/euclidean/1/online/run_1 status=complete

2026-08-14T23:05:52+02:00 baselines start configuration=7/12 dataset=Solar model=chronos2 formula=full_ridge_shared lags=168 horizon=24 retrieval=raw_euclidean_1_online run=/home/h61084/codes/adapts/outputs/adaptation/horizon_baselines_ablation/Solar/168_24/chronos2/full_ridge_shared/raw/euclidean/1/online/run_0 computation_signature=b59d92cacb645d18d111fa00f0d346a27c46728d5ba7efd2e56faa7da6c35616 l2_grid=0,1e-6,1e-5,1e-4,1e-3,1e-2,1e-1,1,10 validation_fraction=0.2 fit_baselines_on_eval=false seed=1
2026-08-14 23:05:55,101 INFO [__main__] ========================================================================
2026-08-14 23:05:55,101 INFO [__main__] selected methods=('full_ridge_shared',)
2026-08-14 23:05:57,035 INFO [__main__] baseline selection start l2_grid=(0.0, 1e-06, 1e-05, 0.0001, 0.001, 0.01, 0.1, 1.0, 10.0)
2026-08-14 23:05:57,257 INFO [__main__] baseline selection done
2026-08-14 23:05:57,280 INFO [__main__] experiment done seconds=2.18
2026-08-14 23:05:57,280 INFO [__main__] ========================================================================
2026-08-14T23:05:57+02:00 baselines done configuration=7/12 dataset=Solar model=chronos2 formula=full_ridge_shared lags=168 horizon=24 retrieval=raw_euclidean_1_online

2026-08-14T23:05:57+02:00 baselines start configuration=7/12 dataset=Solar model=chronos2 formula=full_ridge_horizon lags=168 horizon=24 retrieval=raw_euclidean_1_online run=/home/h61084/codes/adapts/outputs/adaptation/horizon_baselines_ablation/Solar/168_24/chronos2/full_ridge_horizon/raw/euclidean/1/online/run_0 computation_signature=f7f936ef4726b4d75047dcae96a77b22ecb13213a0e7f5b3f999b4b3c8649cb9 l2_grid=0,1e-6,1e-5,1e-4,1e-3,1e-2,1e-1,1,10 validation_fraction=0.2 fit_baselines_on_eval=false seed=1
2026-08-14 23:06:00,241 INFO [__main__] ========================================================================
2026-08-14 23:06:00,242 INFO [__main__] selected methods=('full_ridge_horizon',)
2026-08-14 23:06:01,825 INFO [__main__] baseline selection start l2_grid=(0.0, 1e-06, 1e-05, 0.0001, 0.001, 0.01, 0.1, 1.0, 10.0)
2026-08-14 23:06:02,079 INFO [__main__] baseline selection done
2026-08-14 23:06:02,108 INFO [__main__] experiment done seconds=1.86
2026-08-14 23:06:02,108 INFO [__main__] ========================================================================
2026-08-14T23:06:02+02:00 baselines done configuration=7/12 dataset=Solar model=chronos2 formula=full_ridge_horizon lags=168 horizon=24 retrieval=raw_euclidean_1_online
2026-08-14 23:06:04,739 INFO [__main__] extraction validation directory=/home/h61084/codes/adapts/outputs/extraction/Solar/336_48/chronos2/raw/euclidean/1/online/run_1 status=complete

2026-08-14T23:06:05+02:00 baselines start configuration=8/12 dataset=Solar model=chronos2 formula=full_ridge_shared lags=336 horizon=48 retrieval=raw_euclidean_1_online run=/home/h61084/codes/adapts/outputs/adaptation/horizon_baselines_ablation/Solar/336_48/chronos2/full_ridge_shared/raw/euclidean/1/online/run_0 computation_signature=a19315f7f27f6f871ce132a09ee5fbd14b406e93c244eec08caa3381b0645809 l2_grid=0,1e-6,1e-5,1e-4,1e-3,1e-2,1e-1,1,10 validation_fraction=0.2 fit_baselines_on_eval=false seed=1
2026-08-14 23:06:07,632 INFO [__main__] ========================================================================
2026-08-14 23:06:07,632 INFO [__main__] selected methods=('full_ridge_shared',)
2026-08-14 23:06:09,778 INFO [__main__] baseline selection start l2_grid=(0.0, 1e-06, 1e-05, 0.0001, 0.001, 0.01, 0.1, 1.0, 10.0)
2026-08-14 23:06:10,042 INFO [__main__] baseline selection done
2026-08-14 23:06:10,065 INFO [__main__] experiment done seconds=2.43
2026-08-14 23:06:10,065 INFO [__main__] ========================================================================
2026-08-14T23:06:10+02:00 baselines done configuration=8/12 dataset=Solar model=chronos2 formula=full_ridge_shared lags=336 horizon=48 retrieval=raw_euclidean_1_online

2026-08-14T23:06:10+02:00 baselines start configuration=8/12 dataset=Solar model=chronos2 formula=full_ridge_horizon lags=336 horizon=48 retrieval=raw_euclidean_1_online run=/home/h61084/codes/adapts/outputs/adaptation/horizon_baselines_ablation/Solar/336_48/chronos2/full_ridge_horizon/raw/euclidean/1/online/run_0 computation_signature=1a89dbcb319a305b7a7517969911d2e689321a4d5ce1bc9dcd828955d04f93ec l2_grid=0,1e-6,1e-5,1e-4,1e-3,1e-2,1e-1,1,10 validation_fraction=0.2 fit_baselines_on_eval=false seed=1
2026-08-14 23:06:12,924 INFO [__main__] ========================================================================
2026-08-14 23:06:12,924 INFO [__main__] selected methods=('full_ridge_horizon',)
2026-08-14 23:06:14,497 INFO [__main__] baseline selection start l2_grid=(0.0, 1e-06, 1e-05, 0.0001, 0.001, 0.01, 0.1, 1.0, 10.0)
2026-08-14 23:06:14,800 INFO [__main__] baseline selection done
2026-08-14 23:06:14,824 INFO [__main__] experiment done seconds=1.90
2026-08-14 23:06:14,824 INFO [__main__] ========================================================================
2026-08-14T23:06:15+02:00 baselines done configuration=8/12 dataset=Solar model=chronos2 formula=full_ridge_horizon lags=336 horizon=48 retrieval=raw_euclidean_1_online
2026-08-14 23:06:17,373 INFO [__main__] extraction validation directory=/home/h61084/codes/adapts/outputs/extraction/Solar/504_168/chronos2/raw/euclidean/1/online/run_1 status=complete

2026-08-14T23:06:17+02:00 baselines start configuration=9/12 dataset=Solar model=chronos2 formula=full_ridge_shared lags=504 horizon=168 retrieval=raw_euclidean_1_online run=/home/h61084/codes/adapts/outputs/adaptation/horizon_baselines_ablation/Solar/504_168/chronos2/full_ridge_shared/raw/euclidean/1/online/run_0 computation_signature=0446cce572f96b6b29d1957e1935267384a23c539e76465bd5b567118fbc71ca l2_grid=0,1e-6,1e-5,1e-4,1e-3,1e-2,1e-1,1,10 validation_fraction=0.2 fit_baselines_on_eval=false seed=1
2026-08-14 23:06:20,262 INFO [__main__] ========================================================================
2026-08-14 23:06:20,262 INFO [__main__] selected methods=('full_ridge_shared',)
2026-08-14 23:06:22,029 INFO [__main__] baseline selection start l2_grid=(0.0, 1e-06, 1e-05, 0.0001, 0.001, 0.01, 0.1, 1.0, 10.0)
2026-08-14 23:06:22,567 INFO [__main__] baseline selection done
2026-08-14 23:06:22,591 INFO [__main__] experiment done seconds=2.33
2026-08-14 23:06:22,591 INFO [__main__] ========================================================================
2026-08-14T23:06:23+02:00 baselines done configuration=9/12 dataset=Solar model=chronos2 formula=full_ridge_shared lags=504 horizon=168 retrieval=raw_euclidean_1_online

2026-08-14T23:06:23+02:00 baselines start configuration=9/12 dataset=Solar model=chronos2 formula=full_ridge_horizon lags=504 horizon=168 retrieval=raw_euclidean_1_online run=/home/h61084/codes/adapts/outputs/adaptation/horizon_baselines_ablation/Solar/504_168/chronos2/full_ridge_horizon/raw/euclidean/1/online/run_0 computation_signature=964a42f5fdefc49e13e89254fc6ceadd1be97c2c32f4e6cfb4283d4c3b849600 l2_grid=0,1e-6,1e-5,1e-4,1e-3,1e-2,1e-1,1,10 validation_fraction=0.2 fit_baselines_on_eval=false seed=1
2026-08-14 23:06:26,042 INFO [__main__] ========================================================================
2026-08-14 23:06:26,042 INFO [__main__] selected methods=('full_ridge_horizon',)
2026-08-14 23:06:27,707 INFO [__main__] baseline selection start l2_grid=(0.0, 1e-06, 1e-05, 0.0001, 0.001, 0.01, 0.1, 1.0, 10.0)
2026-08-14 23:06:28,424 INFO [__main__] baseline selection done
2026-08-14 23:06:28,447 INFO [__main__] experiment done seconds=2.40
2026-08-14 23:06:28,447 INFO [__main__] ========================================================================
2026-08-14T23:06:28+02:00 baselines done configuration=9/12 dataset=Solar model=chronos2 formula=full_ridge_horizon lags=504 horizon=168 retrieval=raw_euclidean_1_online
2026-08-14 23:06:31,013 INFO [__main__] extraction validation directory=/home/h61084/codes/adapts/outputs/extraction/exchange_rate/168_24/chronos2/raw/euclidean/1/online/run_1 status=complete

2026-08-14T23:06:31+02:00 baselines start configuration=10/12 dataset=exchange_rate model=chronos2 formula=full_ridge_shared lags=168 horizon=24 retrieval=raw_euclidean_1_online run=/home/h61084/codes/adapts/outputs/adaptation/horizon_baselines_ablation/exchange_rate/168_24/chronos2/full_ridge_shared/raw/euclidean/1/online/run_0 computation_signature=c72b3af6906eb95dae2b2b1a05b64e2d7868c3c0af0a172634c4cb47cbff8caa l2_grid=0,1e-6,1e-5,1e-4,1e-3,1e-2,1e-1,1,10 validation_fraction=0.2 fit_baselines_on_eval=false seed=1
2026-08-14 23:06:33,944 INFO [__main__] ========================================================================
2026-08-14 23:06:33,944 INFO [__main__] selected methods=('full_ridge_shared',)
2026-08-14 23:06:35,384 INFO [__main__] baseline selection start l2_grid=(0.0, 1e-06, 1e-05, 0.0001, 0.001, 0.01, 0.1, 1.0, 10.0)
2026-08-14 23:06:35,497 INFO [__main__] baseline selection done
2026-08-14 23:06:35,520 INFO [__main__] experiment done seconds=1.57
2026-08-14 23:06:35,520 INFO [__main__] ========================================================================
2026-08-14T23:06:36+02:00 baselines done configuration=10/12 dataset=exchange_rate model=chronos2 formula=full_ridge_shared lags=168 horizon=24 retrieval=raw_euclidean_1_online

2026-08-14T23:06:36+02:00 baselines start configuration=10/12 dataset=exchange_rate model=chronos2 formula=full_ridge_horizon lags=168 horizon=24 retrieval=raw_euclidean_1_online run=/home/h61084/codes/adapts/outputs/adaptation/horizon_baselines_ablation/exchange_rate/168_24/chronos2/full_ridge_horizon/raw/euclidean/1/online/run_0 computation_signature=6a194e52869bd0254508bc042a14e6fc70b977be79ef873587ee1491741a64ed l2_grid=0,1e-6,1e-5,1e-4,1e-3,1e-2,1e-1,1,10 validation_fraction=0.2 fit_baselines_on_eval=false seed=1
2026-08-14 23:06:38,541 INFO [__main__] ========================================================================
2026-08-14 23:06:38,541 INFO [__main__] selected methods=('full_ridge_horizon',)
2026-08-14 23:06:40,178 INFO [__main__] baseline selection start l2_grid=(0.0, 1e-06, 1e-05, 0.0001, 0.001, 0.01, 0.1, 1.0, 10.0)
2026-08-14 23:06:40,293 INFO [__main__] baseline selection done
2026-08-14 23:06:40,316 INFO [__main__] experiment done seconds=1.77
2026-08-14 23:06:40,316 INFO [__main__] ========================================================================
2026-08-14T23:06:40+02:00 baselines done configuration=10/12 dataset=exchange_rate model=chronos2 formula=full_ridge_horizon lags=168 horizon=24 retrieval=raw_euclidean_1_online
2026-08-14 23:06:43,008 INFO [__main__] extraction validation directory=/home/h61084/codes/adapts/outputs/extraction/exchange_rate/336_48/chronos2/raw/euclidean/1/online/run_1 status=complete

2026-08-14T23:06:43+02:00 baselines start configuration=11/12 dataset=exchange_rate model=chronos2 formula=full_ridge_shared lags=336 horizon=48 retrieval=raw_euclidean_1_online run=/home/h61084/codes/adapts/outputs/adaptation/horizon_baselines_ablation/exchange_rate/336_48/chronos2/full_ridge_shared/raw/euclidean/1/online/run_0 computation_signature=25e6cc20b4b9384c6fbdeda7702145d3fd9f8c18203589f2985e17778a838a17 l2_grid=0,1e-6,1e-5,1e-4,1e-3,1e-2,1e-1,1,10 validation_fraction=0.2 fit_baselines_on_eval=false seed=1
2026-08-14 23:06:45,848 INFO [__main__] ========================================================================
2026-08-14 23:06:45,849 INFO [__main__] selected methods=('full_ridge_shared',)
2026-08-14 23:06:47,477 INFO [__main__] baseline selection start l2_grid=(0.0, 1e-06, 1e-05, 0.0001, 0.001, 0.01, 0.1, 1.0, 10.0)
2026-08-14 23:06:47,597 INFO [__main__] baseline selection done
2026-08-14 23:06:47,626 INFO [__main__] experiment done seconds=1.77
2026-08-14 23:06:47,627 INFO [__main__] ========================================================================
2026-08-14T23:06:48+02:00 baselines done configuration=11/12 dataset=exchange_rate model=chronos2 formula=full_ridge_shared lags=336 horizon=48 retrieval=raw_euclidean_1_online

2026-08-14T23:06:48+02:00 baselines start configuration=11/12 dataset=exchange_rate model=chronos2 formula=full_ridge_horizon lags=336 horizon=48 retrieval=raw_euclidean_1_online run=/home/h61084/codes/adapts/outputs/adaptation/horizon_baselines_ablation/exchange_rate/336_48/chronos2/full_ridge_horizon/raw/euclidean/1/online/run_0 computation_signature=3c8747dc510967e6fcaeacc561e292ea06c83a4b65ec1ac6b4c2e268f236c3f2 l2_grid=0,1e-6,1e-5,1e-4,1e-3,1e-2,1e-1,1,10 validation_fraction=0.2 fit_baselines_on_eval=false seed=1
2026-08-14 23:06:50,704 INFO [__main__] ========================================================================
2026-08-14 23:06:50,705 INFO [__main__] selected methods=('full_ridge_horizon',)
2026-08-14 23:06:52,206 INFO [__main__] baseline selection start l2_grid=(0.0, 1e-06, 1e-05, 0.0001, 0.001, 0.01, 0.1, 1.0, 10.0)
2026-08-14 23:06:52,358 INFO [__main__] baseline selection done
2026-08-14 23:06:52,384 INFO [__main__] experiment done seconds=1.68
2026-08-14 23:06:52,384 INFO [__main__] ========================================================================
2026-08-14T23:06:52+02:00 baselines done configuration=11/12 dataset=exchange_rate model=chronos2 formula=full_ridge_horizon lags=336 horizon=48 retrieval=raw_euclidean_1_online
2026-08-14 23:06:54,955 INFO [__main__] extraction validation directory=/home/h61084/codes/adapts/outputs/extraction/exchange_rate/504_168/chronos2/raw/euclidean/1/online/run_1 status=complete

2026-08-14T23:06:55+02:00 baselines start configuration=12/12 dataset=exchange_rate model=chronos2 formula=full_ridge_shared lags=504 horizon=168 retrieval=raw_euclidean_1_online run=/home/h61084/codes/adapts/outputs/adaptation/horizon_baselines_ablation/exchange_rate/504_168/chronos2/full_ridge_shared/raw/euclidean/1/online/run_0 computation_signature=1aedb43350d31d5261c0e03e34dd6a098604e6cb06b930f663177a2ab64bb15b l2_grid=0,1e-6,1e-5,1e-4,1e-3,1e-2,1e-1,1,10 validation_fraction=0.2 fit_baselines_on_eval=false seed=1
2026-08-14 23:06:57,821 INFO [__main__] ========================================================================
2026-08-14 23:06:57,822 INFO [__main__] selected methods=('full_ridge_shared',)
2026-08-14 23:06:59,538 INFO [__main__] baseline selection start l2_grid=(0.0, 1e-06, 1e-05, 0.0001, 0.001, 0.01, 0.1, 1.0, 10.0)
2026-08-14 23:06:59,688 INFO [__main__] baseline selection done
2026-08-14 23:06:59,711 INFO [__main__] experiment done seconds=1.89
2026-08-14 23:06:59,711 INFO [__main__] ========================================================================
2026-08-14T23:07:00+02:00 baselines done configuration=12/12 dataset=exchange_rate model=chronos2 formula=full_ridge_shared lags=504 horizon=168 retrieval=raw_euclidean_1_online

2026-08-14T23:07:00+02:00 baselines start configuration=12/12 dataset=exchange_rate model=chronos2 formula=full_ridge_horizon lags=504 horizon=168 retrieval=raw_euclidean_1_online run=/home/h61084/codes/adapts/outputs/adaptation/horizon_baselines_ablation/exchange_rate/504_168/chronos2/full_ridge_horizon/raw/euclidean/1/online/run_0 computation_signature=97cfba58506498b691023915dce510fb7387d2a8814efd96bb289af589b35143 l2_grid=0,1e-6,1e-5,1e-4,1e-3,1e-2,1e-1,1,10 validation_fraction=0.2 fit_baselines_on_eval=false seed=1
2026-08-14 23:07:02,812 INFO [__main__] ========================================================================
2026-08-14 23:07:02,812 INFO [__main__] selected methods=('full_ridge_horizon',)
2026-08-14 23:07:04,342 INFO [__main__] baseline selection start l2_grid=(0.0, 1e-06, 1e-05, 0.0001, 0.001, 0.01, 0.1, 1.0, 10.0)
2026-08-14 23:07:04,538 INFO [__main__] baseline selection done
2026-08-14 23:07:04,562 INFO [__main__] experiment done seconds=1.75
2026-08-14 23:07:04,562 INFO [__main__] ========================================================================
2026-08-14T23:07:05+02:00 baselines done configuration=12/12 dataset=exchange_rate model=chronos2 formula=full_ridge_horizon lags=504 horizon=168 retrieval=raw_euclidean_1_online

2026-08-14T23:07:05+02:00 job done kind=baselines output=outputs/adaptation/horizon_baselines_ablation

2026-08-14T23:07:05+02:00 job start kind=adaptation_extraction family=horizon_baselines_ablation experiment_mode=full skip_complete=true tasks=24 datasets=Electricity,Traffic,Solar,exchange_rate models=chronos2 settings=168:24,336:48,504:168 distance_spaces=raw distance_metrics=euclidean neighbors=3
2026-08-14T23:07:05+02:00 skip complete family=extraction dataset=Electricity model=chronos2 lags=168 horizon=24 retrieval=vanilla run=/home/h61084/codes/adapts/outputs/extraction/Electricity/168_24/chronos2/none/none/0/none/run_1
2026-08-14T23:07:05+02:00 skip complete family=extraction dataset=Electricity model=chronos2 lags=168 horizon=24 retrieval=raw_euclidean_3_online run=/home/h61084/codes/adapts/outputs/extraction/Electricity/168_24/chronos2/raw/euclidean/3/online/run_1
2026-08-14T23:07:05+02:00 skip complete family=extraction dataset=Electricity model=chronos2 lags=336 horizon=48 retrieval=vanilla run=/home/h61084/codes/adapts/outputs/extraction/Electricity/336_48/chronos2/none/none/0/none/run_1
2026-08-14T23:07:05+02:00 skip complete family=extraction dataset=Electricity model=chronos2 lags=336 horizon=48 retrieval=raw_euclidean_3_online run=/home/h61084/codes/adapts/outputs/extraction/Electricity/336_48/chronos2/raw/euclidean/3/online/run_1
2026-08-14T23:07:05+02:00 skip complete family=extraction dataset=Electricity model=chronos2 lags=504 horizon=168 retrieval=vanilla run=/home/h61084/codes/adapts/outputs/extraction/Electricity/504_168/chronos2/none/none/0/none/run_2
2026-08-14T23:07:05+02:00 skip complete family=extraction dataset=Electricity model=chronos2 lags=504 horizon=168 retrieval=raw_euclidean_3_online run=/home/h61084/codes/adapts/outputs/extraction/Electricity/504_168/chronos2/raw/euclidean/3/online/run_2
2026-08-14T23:07:05+02:00 skip complete family=extraction dataset=Traffic model=chronos2 lags=168 horizon=24 retrieval=vanilla run=/home/h61084/codes/adapts/outputs/extraction/Traffic/168_24/chronos2/none/none/0/none/run_1
2026-08-14T23:07:05+02:00 skip complete family=extraction dataset=Traffic model=chronos2 lags=168 horizon=24 retrieval=raw_euclidean_3_online run=/home/h61084/codes/adapts/outputs/extraction/Traffic/168_24/chronos2/raw/euclidean/3/online/run_1
2026-08-14T23:07:05+02:00 skip complete family=extraction dataset=Traffic model=chronos2 lags=336 horizon=48 retrieval=vanilla run=/home/h61084/codes/adapts/outputs/extraction/Traffic/336_48/chronos2/none/none/0/none/run_1
2026-08-14T23:07:05+02:00 skip complete family=extraction dataset=Traffic model=chronos2 lags=336 horizon=48 retrieval=raw_euclidean_3_online run=/home/h61084/codes/adapts/outputs/extraction/Traffic/336_48/chronos2/raw/euclidean/3/online/run_1
2026-08-14T23:07:05+02:00 skip complete family=extraction dataset=Traffic model=chronos2 lags=504 horizon=168 retrieval=vanilla run=/home/h61084/codes/adapts/outputs/extraction/Traffic/504_168/chronos2/none/none/0/none/run_1
2026-08-14T23:07:05+02:00 skip complete family=extraction dataset=Traffic model=chronos2 lags=504 horizon=168 retrieval=raw_euclidean_3_online run=/home/h61084/codes/adapts/outputs/extraction/Traffic/504_168/chronos2/raw/euclidean/3/online/run_1
2026-08-14T23:07:06+02:00 skip complete family=extraction dataset=Solar model=chronos2 lags=168 horizon=24 retrieval=vanilla run=/home/h61084/codes/adapts/outputs/extraction/Solar/168_24/chronos2/none/none/0/none/run_1
2026-08-14T23:07:06+02:00 skip complete family=extraction dataset=Solar model=chronos2 lags=168 horizon=24 retrieval=raw_euclidean_3_online run=/home/h61084/codes/adapts/outputs/extraction/Solar/168_24/chronos2/raw/euclidean/3/online/run_1
2026-08-14T23:07:06+02:00 skip complete family=extraction dataset=Solar model=chronos2 lags=336 horizon=48 retrieval=vanilla run=/home/h61084/codes/adapts/outputs/extraction/Solar/336_48/chronos2/none/none/0/none/run_1
2026-08-14T23:07:06+02:00 skip complete family=extraction dataset=Solar model=chronos2 lags=336 horizon=48 retrieval=raw_euclidean_3_online run=/home/h61084/codes/adapts/outputs/extraction/Solar/336_48/chronos2/raw/euclidean/3/online/run_1
2026-08-14T23:07:06+02:00 skip complete family=extraction dataset=Solar model=chronos2 lags=504 horizon=168 retrieval=vanilla run=/home/h61084/codes/adapts/outputs/extraction/Solar/504_168/chronos2/none/none/0/none/run_1
2026-08-14T23:07:06+02:00 skip complete family=extraction dataset=Solar model=chronos2 lags=504 horizon=168 retrieval=raw_euclidean_3_online run=/home/h61084/codes/adapts/outputs/extraction/Solar/504_168/chronos2/raw/euclidean/3/online/run_1
2026-08-14T23:07:06+02:00 skip complete family=extraction dataset=exchange_rate model=chronos2 lags=168 horizon=24 retrieval=vanilla run=/home/h61084/codes/adapts/outputs/extraction/exchange_rate/168_24/chronos2/none/none/0/none/run_1
2026-08-14T23:07:06+02:00 skip complete family=extraction dataset=exchange_rate model=chronos2 lags=168 horizon=24 retrieval=raw_euclidean_3_online run=/home/h61084/codes/adapts/outputs/extraction/exchange_rate/168_24/chronos2/raw/euclidean/3/online/run_1
2026-08-14T23:07:06+02:00 skip complete family=extraction dataset=exchange_rate model=chronos2 lags=336 horizon=48 retrieval=vanilla run=/home/h61084/codes/adapts/outputs/extraction/exchange_rate/336_48/chronos2/none/none/0/none/run_1
2026-08-14T23:07:06+02:00 skip complete family=extraction dataset=exchange_rate model=chronos2 lags=336 horizon=48 retrieval=raw_euclidean_3_online run=/home/h61084/codes/adapts/outputs/extraction/exchange_rate/336_48/chronos2/raw/euclidean/3/online/run_1
2026-08-14T23:07:06+02:00 skip complete family=extraction dataset=exchange_rate model=chronos2 lags=504 horizon=168 retrieval=vanilla run=/home/h61084/codes/adapts/outputs/extraction/exchange_rate/504_168/chronos2/none/none/0/none/run_1
2026-08-14T23:07:06+02:00 skip complete family=extraction dataset=exchange_rate model=chronos2 lags=504 horizon=168 retrieval=raw_euclidean_3_online run=/home/h61084/codes/adapts/outputs/extraction/exchange_rate/504_168/chronos2/raw/euclidean/3/online/run_1

2026-08-14T23:07:06+02:00 job done kind=adaptation_extraction output=outputs/extraction

2026-08-14T23:07:06+02:00 job start kind=baselines family=horizon_baselines_ablation experiment_mode=full skip_complete=true tasks=12 datasets=Electricity,Traffic,Solar,exchange_rate models=chronos2 settings=168:24,336:48,504:168 distance_spaces=raw distance_metrics=euclidean neighbors=3 methods=full_ridge_shared,full_ridge_horizon results_root=outputs/adaptation/horizon_baselines_ablation
2026-08-14 23:07:09,029 INFO [__main__] extraction validation directory=/home/h61084/codes/adapts/outputs/extraction/Electricity/168_24/chronos2/raw/euclidean/3/online/run_1 status=complete

2026-08-14T23:07:09+02:00 baselines start configuration=1/12 dataset=Electricity model=chronos2 formula=full_ridge_shared lags=168 horizon=24 retrieval=raw_euclidean_3_online run=/home/h61084/codes/adapts/outputs/adaptation/horizon_baselines_ablation/Electricity/168_24/chronos2/full_ridge_shared/raw/euclidean/3/online/run_0 computation_signature=c573add486e1e799de2e39ce70c0e548df9333313b8e7063189fe6f0a054de61 l2_grid=0,1e-6,1e-5,1e-4,1e-3,1e-2,1e-1,1,10 validation_fraction=0.2 fit_baselines_on_eval=false seed=1
2026-08-14 23:07:11,957 INFO [__main__] ========================================================================
2026-08-14 23:07:11,957 INFO [__main__] selected methods=('full_ridge_shared',)
2026-08-14 23:07:18,323 INFO [__main__] baseline selection start l2_grid=(0.0, 1e-06, 1e-05, 0.0001, 0.001, 0.01, 0.1, 1.0, 10.0)
2026-08-14 23:07:19,462 INFO [__main__] baseline selection done
2026-08-14 23:07:19,486 INFO [__main__] experiment done seconds=7.53
2026-08-14 23:07:19,487 INFO [__main__] ========================================================================
2026-08-14T23:07:20+02:00 baselines done configuration=1/12 dataset=Electricity model=chronos2 formula=full_ridge_shared lags=168 horizon=24 retrieval=raw_euclidean_3_online

2026-08-14T23:07:20+02:00 baselines start configuration=1/12 dataset=Electricity model=chronos2 formula=full_ridge_horizon lags=168 horizon=24 retrieval=raw_euclidean_3_online run=/home/h61084/codes/adapts/outputs/adaptation/horizon_baselines_ablation/Electricity/168_24/chronos2/full_ridge_horizon/raw/euclidean/3/online/run_0 computation_signature=1432c30131a6c151f823e558a8193a1e1df7e95e9542878bfff6a95fa09af634 l2_grid=0,1e-6,1e-5,1e-4,1e-3,1e-2,1e-1,1,10 validation_fraction=0.2 fit_baselines_on_eval=false seed=1
2026-08-14 23:07:22,406 INFO [__main__] ========================================================================
2026-08-14 23:07:22,406 INFO [__main__] selected methods=('full_ridge_horizon',)
2026-08-14 23:07:24,923 INFO [__main__] baseline selection start l2_grid=(0.0, 1e-06, 1e-05, 0.0001, 0.001, 0.01, 0.1, 1.0, 10.0)
2026-08-14 23:07:25,940 INFO [__main__] baseline selection done
2026-08-14 23:07:25,963 INFO [__main__] experiment done seconds=3.55
2026-08-14 23:07:25,963 INFO [__main__] ========================================================================
2026-08-14T23:07:26+02:00 baselines done configuration=1/12 dataset=Electricity model=chronos2 formula=full_ridge_horizon lags=168 horizon=24 retrieval=raw_euclidean_3_online
2026-08-14 23:07:28,884 INFO [__main__] extraction validation directory=/home/h61084/codes/adapts/outputs/extraction/Electricity/336_48/chronos2/raw/euclidean/3/online/run_1 status=complete

2026-08-14T23:07:29+02:00 baselines start configuration=2/12 dataset=Electricity model=chronos2 formula=full_ridge_shared lags=336 horizon=48 retrieval=raw_euclidean_3_online run=/home/h61084/codes/adapts/outputs/adaptation/horizon_baselines_ablation/Electricity/336_48/chronos2/full_ridge_shared/raw/euclidean/3/online/run_0 computation_signature=f9ea6c99589da99c0d7d971cc4f63868fc45f107c5ce2bb70e14f646f1b4891a l2_grid=0,1e-6,1e-5,1e-4,1e-3,1e-2,1e-1,1,10 validation_fraction=0.2 fit_baselines_on_eval=false seed=1
2026-08-14 23:07:31,813 INFO [__main__] ========================================================================
2026-08-14 23:07:31,813 INFO [__main__] selected methods=('full_ridge_shared',)
2026-08-14 23:07:47,862 INFO [__main__] baseline selection start l2_grid=(0.0, 1e-06, 1e-05, 0.0001, 0.001, 0.01, 0.1, 1.0, 10.0)
2026-08-14 23:07:49,156 INFO [__main__] baseline selection done
2026-08-14 23:07:49,179 INFO [__main__] experiment done seconds=17.36
2026-08-14 23:07:49,179 INFO [__main__] ========================================================================
2026-08-14T23:07:49+02:00 baselines done configuration=2/12 dataset=Electricity model=chronos2 formula=full_ridge_shared lags=336 horizon=48 retrieval=raw_euclidean_3_online

2026-08-14T23:07:49+02:00 baselines start configuration=2/12 dataset=Electricity model=chronos2 formula=full_ridge_horizon lags=336 horizon=48 retrieval=raw_euclidean_3_online run=/home/h61084/codes/adapts/outputs/adaptation/horizon_baselines_ablation/Electricity/336_48/chronos2/full_ridge_horizon/raw/euclidean/3/online/run_0 computation_signature=ebad5a250b75eb2d47673957d1e7c7a155e3a7d4e993b605fde5adf01ae79f7a l2_grid=0,1e-6,1e-5,1e-4,1e-3,1e-2,1e-1,1,10 validation_fraction=0.2 fit_baselines_on_eval=false seed=1
2026-08-14 23:07:52,233 INFO [__main__] ========================================================================
2026-08-14 23:07:52,234 INFO [__main__] selected methods=('full_ridge_horizon',)
2026-08-14 23:07:55,235 INFO [__main__] baseline selection start l2_grid=(0.0, 1e-06, 1e-05, 0.0001, 0.001, 0.01, 0.1, 1.0, 10.0)
2026-08-14 23:07:56,999 INFO [__main__] baseline selection done
2026-08-14 23:07:57,022 INFO [__main__] experiment done seconds=4.79
2026-08-14 23:07:57,022 INFO [__main__] ========================================================================
2026-08-14T23:07:57+02:00 baselines done configuration=2/12 dataset=Electricity model=chronos2 formula=full_ridge_horizon lags=336 horizon=48 retrieval=raw_euclidean_3_online
2026-08-14 23:07:59,549 INFO [__main__] extraction validation directory=/home/h61084/codes/adapts/outputs/extraction/Electricity/504_168/chronos2/raw/euclidean/3/online/run_2 status=complete

2026-08-14T23:08:00+02:00 baselines start configuration=3/12 dataset=Electricity model=chronos2 formula=full_ridge_shared lags=504 horizon=168 retrieval=raw_euclidean_3_online run=/home/h61084/codes/adapts/outputs/adaptation/horizon_baselines_ablation/Electricity/504_168/chronos2/full_ridge_shared/raw/euclidean/3/online/run_0 computation_signature=d567d03519d119442e9e67b8631d784483e4f2b864ba987d335fbbd2eb8be38e l2_grid=0,1e-6,1e-5,1e-4,1e-3,1e-2,1e-1,1,10 validation_fraction=0.2 fit_baselines_on_eval=false seed=1
2026-08-14 23:08:02,467 INFO [__main__] ========================================================================
2026-08-14 23:08:02,467 INFO [__main__] selected methods=('full_ridge_shared',)
2026-08-14 23:08:22,214 INFO [__main__] baseline selection start l2_grid=(0.0, 1e-06, 1e-05, 0.0001, 0.001, 0.01, 0.1, 1.0, 10.0)
2026-08-14 23:08:26,882 INFO [__main__] baseline selection done
2026-08-14 23:08:26,911 INFO [__main__] experiment done seconds=24.44
2026-08-14 23:08:26,911 INFO [__main__] ========================================================================
2026-08-14T23:08:27+02:00 baselines done configuration=3/12 dataset=Electricity model=chronos2 formula=full_ridge_shared lags=504 horizon=168 retrieval=raw_euclidean_3_online

2026-08-14T23:08:27+02:00 baselines start configuration=3/12 dataset=Electricity model=chronos2 formula=full_ridge_horizon lags=504 horizon=168 retrieval=raw_euclidean_3_online run=/home/h61084/codes/adapts/outputs/adaptation/horizon_baselines_ablation/Electricity/504_168/chronos2/full_ridge_horizon/raw/euclidean/3/online/run_0 computation_signature=887f37a49266212acabcd49604ae8e34aa1cfe81daa6ce1141f5aa97e6244f34 l2_grid=0,1e-6,1e-5,1e-4,1e-3,1e-2,1e-1,1,10 validation_fraction=0.2 fit_baselines_on_eval=false seed=1
2026-08-14 23:08:30,189 INFO [__main__] ========================================================================
2026-08-14 23:08:30,189 INFO [__main__] selected methods=('full_ridge_horizon',)
2026-08-14 23:08:34,589 INFO [__main__] baseline selection start l2_grid=(0.0, 1e-06, 1e-05, 0.0001, 0.001, 0.01, 0.1, 1.0, 10.0)
2026-08-14 23:08:40,324 INFO [__main__] baseline selection done
2026-08-14 23:08:40,350 INFO [__main__] experiment done seconds=10.16
2026-08-14 23:08:40,350 INFO [__main__] ========================================================================
2026-08-14T23:08:40+02:00 baselines done configuration=3/12 dataset=Electricity model=chronos2 formula=full_ridge_horizon lags=504 horizon=168 retrieval=raw_euclidean_3_online
2026-08-14 23:08:43,130 INFO [__main__] extraction validation directory=/home/h61084/codes/adapts/outputs/extraction/Traffic/168_24/chronos2/raw/euclidean/3/online/run_1 status=complete

2026-08-14T23:08:43+02:00 baselines start configuration=4/12 dataset=Traffic model=chronos2 formula=full_ridge_shared lags=168 horizon=24 retrieval=raw_euclidean_3_online run=/home/h61084/codes/adapts/outputs/adaptation/horizon_baselines_ablation/Traffic/168_24/chronos2/full_ridge_shared/raw/euclidean/3/online/run_0 computation_signature=d92b33538b46fa83dedb03df4df6b2bdb32b929a99a46b136ca8f5b7a59b893a l2_grid=0,1e-6,1e-5,1e-4,1e-3,1e-2,1e-1,1,10 validation_fraction=0.2 fit_baselines_on_eval=false seed=1
2026-08-14 23:08:46,112 INFO [__main__] ========================================================================
2026-08-14 23:08:46,113 INFO [__main__] selected methods=('full_ridge_shared',)
2026-08-14 23:08:58,007 INFO [__main__] baseline selection start l2_grid=(0.0, 1e-06, 1e-05, 0.0001, 0.001, 0.01, 0.1, 1.0, 10.0)
2026-08-14 23:08:59,664 INFO [__main__] baseline selection done
2026-08-14 23:08:59,688 INFO [__main__] experiment done seconds=13.57
2026-08-14 23:08:59,688 INFO [__main__] ========================================================================
2026-08-14T23:09:00+02:00 baselines done configuration=4/12 dataset=Traffic model=chronos2 formula=full_ridge_shared lags=168 horizon=24 retrieval=raw_euclidean_3_online

2026-08-14T23:09:00+02:00 baselines start configuration=4/12 dataset=Traffic model=chronos2 formula=full_ridge_horizon lags=168 horizon=24 retrieval=raw_euclidean_3_online run=/home/h61084/codes/adapts/outputs/adaptation/horizon_baselines_ablation/Traffic/168_24/chronos2/full_ridge_horizon/raw/euclidean/3/online/run_0 computation_signature=eb39737b163859523ede5c332ae22976fc37e778e7e901469e14b8fe6f407624 l2_grid=0,1e-6,1e-5,1e-4,1e-3,1e-2,1e-1,1,10 validation_fraction=0.2 fit_baselines_on_eval=false seed=1
2026-08-14 23:09:02,933 INFO [__main__] ========================================================================
2026-08-14 23:09:02,933 INFO [__main__] selected methods=('full_ridge_horizon',)
2026-08-14 23:09:06,124 INFO [__main__] baseline selection start l2_grid=(0.0, 1e-06, 1e-05, 0.0001, 0.001, 0.01, 0.1, 1.0, 10.0)
2026-08-14 23:09:07,836 INFO [__main__] baseline selection done
2026-08-14 23:09:07,860 INFO [__main__] experiment done seconds=4.92
2026-08-14 23:09:07,860 INFO [__main__] ========================================================================
2026-08-14T23:09:08+02:00 baselines done configuration=4/12 dataset=Traffic model=chronos2 formula=full_ridge_horizon lags=168 horizon=24 retrieval=raw_euclidean_3_online
2026-08-14 23:09:10,459 INFO [__main__] extraction validation directory=/home/h61084/codes/adapts/outputs/extraction/Traffic/336_48/chronos2/raw/euclidean/3/online/run_1 status=complete

2026-08-14T23:09:11+02:00 baselines start configuration=5/12 dataset=Traffic model=chronos2 formula=full_ridge_shared lags=336 horizon=48 retrieval=raw_euclidean_3_online run=/home/h61084/codes/adapts/outputs/adaptation/horizon_baselines_ablation/Traffic/336_48/chronos2/full_ridge_shared/raw/euclidean/3/online/run_0 computation_signature=83c5f6f00111c4d9a813cc1bc68e6bf276590d55c722105a578328d23b4ef186 l2_grid=0,1e-6,1e-5,1e-4,1e-3,1e-2,1e-1,1,10 validation_fraction=0.2 fit_baselines_on_eval=false seed=1
2026-08-14 23:09:13,344 INFO [__main__] ========================================================================
2026-08-14 23:09:13,345 INFO [__main__] selected methods=('full_ridge_shared',)
2026-08-14 23:09:34,621 INFO [__main__] baseline selection start l2_grid=(0.0, 1e-06, 1e-05, 0.0001, 0.001, 0.01, 0.1, 1.0, 10.0)
2026-08-14 23:09:37,467 INFO [__main__] baseline selection done
2026-08-14 23:09:37,490 INFO [__main__] experiment done seconds=24.14
2026-08-14 23:09:37,491 INFO [__main__] ========================================================================
2026-08-14T23:09:38+02:00 baselines done configuration=5/12 dataset=Traffic model=chronos2 formula=full_ridge_shared lags=336 horizon=48 retrieval=raw_euclidean_3_online

2026-08-14T23:09:38+02:00 baselines start configuration=5/12 dataset=Traffic model=chronos2 formula=full_ridge_horizon lags=336 horizon=48 retrieval=raw_euclidean_3_online run=/home/h61084/codes/adapts/outputs/adaptation/horizon_baselines_ablation/Traffic/336_48/chronos2/full_ridge_horizon/raw/euclidean/3/online/run_0 computation_signature=8507fa66532502c9669528f31d5b0244f73df59442373f331aae26071018e698 l2_grid=0,1e-6,1e-5,1e-4,1e-3,1e-2,1e-1,1,10 validation_fraction=0.2 fit_baselines_on_eval=false seed=1
2026-08-14 23:09:40,987 INFO [__main__] ========================================================================
2026-08-14 23:09:40,987 INFO [__main__] selected methods=('full_ridge_horizon',)
2026-08-14 23:09:45,396 INFO [__main__] baseline selection start l2_grid=(0.0, 1e-06, 1e-05, 0.0001, 0.001, 0.01, 0.1, 1.0, 10.0)
2026-08-14 23:09:48,835 INFO [__main__] baseline selection done
2026-08-14 23:09:48,867 INFO [__main__] experiment done seconds=7.88
2026-08-14 23:09:48,867 INFO [__main__] ========================================================================
2026-08-14T23:09:49+02:00 baselines done configuration=5/12 dataset=Traffic model=chronos2 formula=full_ridge_horizon lags=336 horizon=48 retrieval=raw_euclidean_3_online
2026-08-14 23:09:51,716 INFO [__main__] extraction validation directory=/home/h61084/codes/adapts/outputs/extraction/Traffic/504_168/chronos2/raw/euclidean/3/online/run_1 status=complete

2026-08-14T23:09:52+02:00 baselines start configuration=6/12 dataset=Traffic model=chronos2 formula=full_ridge_shared lags=504 horizon=168 retrieval=raw_euclidean_3_online run=/home/h61084/codes/adapts/outputs/adaptation/horizon_baselines_ablation/Traffic/504_168/chronos2/full_ridge_shared/raw/euclidean/3/online/run_0 computation_signature=6f7d5c7c4ed6c566ee933715fc05908f8d7b9b70af29e00c585a286999bb61a0 l2_grid=0,1e-6,1e-5,1e-4,1e-3,1e-2,1e-1,1,10 validation_fraction=0.2 fit_baselines_on_eval=false seed=1
2026-08-14 23:09:54,720 INFO [__main__] ========================================================================
2026-08-14 23:09:54,720 INFO [__main__] selected methods=('full_ridge_shared',)
2026-08-14 23:10:31,688 INFO [__main__] baseline selection start l2_grid=(0.0, 1e-06, 1e-05, 0.0001, 0.001, 0.01, 0.1, 1.0, 10.0)
2026-08-14 23:10:39,975 INFO [__main__] baseline selection done
2026-08-14 23:10:40,035 INFO [__main__] experiment done seconds=45.27
2026-08-14 23:10:40,035 INFO [__main__] ========================================================================
2026-08-14T23:10:40+02:00 baselines done configuration=6/12 dataset=Traffic model=chronos2 formula=full_ridge_shared lags=504 horizon=168 retrieval=raw_euclidean_3_online

2026-08-14T23:10:40+02:00 baselines start configuration=6/12 dataset=Traffic model=chronos2 formula=full_ridge_horizon lags=504 horizon=168 retrieval=raw_euclidean_3_online run=/home/h61084/codes/adapts/outputs/adaptation/horizon_baselines_ablation/Traffic/504_168/chronos2/full_ridge_horizon/raw/euclidean/3/online/run_0 computation_signature=c751ce78bbd416a4c0f6b5d616f9f4c968d7bdc2a066a81baeceee109c87c81b l2_grid=0,1e-6,1e-5,1e-4,1e-3,1e-2,1e-1,1,10 validation_fraction=0.2 fit_baselines_on_eval=false seed=1
2026-08-14 23:10:43,653 INFO [__main__] ========================================================================
2026-08-14 23:10:43,653 INFO [__main__] selected methods=('full_ridge_horizon',)
2026-08-14 23:10:50,147 INFO [__main__] baseline selection start l2_grid=(0.0, 1e-06, 1e-05, 0.0001, 0.001, 0.01, 0.1, 1.0, 10.0)
2026-08-14 23:11:00,249 INFO [__main__] baseline selection done
2026-08-14 23:11:00,274 INFO [__main__] experiment done seconds=16.62
2026-08-14 23:11:00,274 INFO [__main__] ========================================================================
2026-08-14T23:11:00+02:00 baselines done configuration=6/12 dataset=Traffic model=chronos2 formula=full_ridge_horizon lags=504 horizon=168 retrieval=raw_euclidean_3_online
2026-08-14 23:11:02,938 INFO [__main__] extraction validation directory=/home/h61084/codes/adapts/outputs/extraction/Solar/168_24/chronos2/raw/euclidean/3/online/run_1 status=complete

2026-08-14T23:11:03+02:00 baselines start configuration=7/12 dataset=Solar model=chronos2 formula=full_ridge_shared lags=168 horizon=24 retrieval=raw_euclidean_3_online run=/home/h61084/codes/adapts/outputs/adaptation/horizon_baselines_ablation/Solar/168_24/chronos2/full_ridge_shared/raw/euclidean/3/online/run_0 computation_signature=1560f77d27a1fde81aa11a64ff40dac09b3fc995b86304315644de61af16bbb2 l2_grid=0,1e-6,1e-5,1e-4,1e-3,1e-2,1e-1,1,10 validation_fraction=0.2 fit_baselines_on_eval=false seed=1
2026-08-14 23:11:05,938 INFO [__main__] ========================================================================
2026-08-14 23:11:05,938 INFO [__main__] selected methods=('full_ridge_shared',)
2026-08-14 23:11:08,341 INFO [__main__] baseline selection start l2_grid=(0.0, 1e-06, 1e-05, 0.0001, 0.001, 0.01, 0.1, 1.0, 10.0)
2026-08-14 23:11:08,574 INFO [__main__] baseline selection done
2026-08-14 23:11:08,598 INFO [__main__] experiment done seconds=2.66
2026-08-14 23:11:08,598 INFO [__main__] ========================================================================
2026-08-14T23:11:09+02:00 baselines done configuration=7/12 dataset=Solar model=chronos2 formula=full_ridge_shared lags=168 horizon=24 retrieval=raw_euclidean_3_online

2026-08-14T23:11:09+02:00 baselines start configuration=7/12 dataset=Solar model=chronos2 formula=full_ridge_horizon lags=168 horizon=24 retrieval=raw_euclidean_3_online run=/home/h61084/codes/adapts/outputs/adaptation/horizon_baselines_ablation/Solar/168_24/chronos2/full_ridge_horizon/raw/euclidean/3/online/run_0 computation_signature=cd493e5bef9845ae9df66abc4f92acac62727b2abb5c51f948fb83f13353ce15 l2_grid=0,1e-6,1e-5,1e-4,1e-3,1e-2,1e-1,1,10 validation_fraction=0.2 fit_baselines_on_eval=false seed=1
2026-08-14 23:11:11,409 INFO [__main__] ========================================================================
2026-08-14 23:11:11,409 INFO [__main__] selected methods=('full_ridge_horizon',)
2026-08-14 23:11:13,024 INFO [__main__] baseline selection start l2_grid=(0.0, 1e-06, 1e-05, 0.0001, 0.001, 0.01, 0.1, 1.0, 10.0)
2026-08-14 23:11:13,303 INFO [__main__] baseline selection done
2026-08-14 23:11:13,327 INFO [__main__] experiment done seconds=1.91
2026-08-14 23:11:13,327 INFO [__main__] ========================================================================
2026-08-14T23:11:13+02:00 baselines done configuration=7/12 dataset=Solar model=chronos2 formula=full_ridge_horizon lags=168 horizon=24 retrieval=raw_euclidean_3_online
2026-08-14 23:11:15,927 INFO [__main__] extraction validation directory=/home/h61084/codes/adapts/outputs/extraction/Solar/336_48/chronos2/raw/euclidean/3/online/run_1 status=complete

2026-08-14T23:11:16+02:00 baselines start configuration=8/12 dataset=Solar model=chronos2 formula=full_ridge_shared lags=336 horizon=48 retrieval=raw_euclidean_3_online run=/home/h61084/codes/adapts/outputs/adaptation/horizon_baselines_ablation/Solar/336_48/chronos2/full_ridge_shared/raw/euclidean/3/online/run_0 computation_signature=456593c7d69f7920224357631e9f5af32e84fef540a096d34e36ff017df11523 l2_grid=0,1e-6,1e-5,1e-4,1e-3,1e-2,1e-1,1,10 validation_fraction=0.2 fit_baselines_on_eval=false seed=1
2026-08-14 23:11:18,842 INFO [__main__] ========================================================================
2026-08-14 23:11:18,843 INFO [__main__] selected methods=('full_ridge_shared',)
2026-08-14 23:11:21,814 INFO [__main__] baseline selection start l2_grid=(0.0, 1e-06, 1e-05, 0.0001, 0.001, 0.01, 0.1, 1.0, 10.0)
2026-08-14 23:11:22,240 INFO [__main__] baseline selection done
2026-08-14 23:11:22,263 INFO [__main__] experiment done seconds=3.42
2026-08-14 23:11:22,263 INFO [__main__] ========================================================================
2026-08-14T23:11:22+02:00 baselines done configuration=8/12 dataset=Solar model=chronos2 formula=full_ridge_shared lags=336 horizon=48 retrieval=raw_euclidean_3_online

2026-08-14T23:11:22+02:00 baselines start configuration=8/12 dataset=Solar model=chronos2 formula=full_ridge_horizon lags=336 horizon=48 retrieval=raw_euclidean_3_online run=/home/h61084/codes/adapts/outputs/adaptation/horizon_baselines_ablation/Solar/336_48/chronos2/full_ridge_horizon/raw/euclidean/3/online/run_0 computation_signature=5a941fa44b9b5f9918ef84ec3289d1e7266e750becf7b8e5be0d716cc3198259 l2_grid=0,1e-6,1e-5,1e-4,1e-3,1e-2,1e-1,1,10 validation_fraction=0.2 fit_baselines_on_eval=false seed=1
2026-08-14 23:11:25,190 INFO [__main__] ========================================================================
2026-08-14 23:11:25,190 INFO [__main__] selected methods=('full_ridge_horizon',)
2026-08-14 23:11:26,829 INFO [__main__] baseline selection start l2_grid=(0.0, 1e-06, 1e-05, 0.0001, 0.001, 0.01, 0.1, 1.0, 10.0)
2026-08-14 23:11:27,216 INFO [__main__] baseline selection done
2026-08-14 23:11:27,240 INFO [__main__] experiment done seconds=2.05
2026-08-14 23:11:27,240 INFO [__main__] ========================================================================
2026-08-14T23:11:27+02:00 baselines done configuration=8/12 dataset=Solar model=chronos2 formula=full_ridge_horizon lags=336 horizon=48 retrieval=raw_euclidean_3_online
2026-08-14 23:11:29,925 INFO [__main__] extraction validation directory=/home/h61084/codes/adapts/outputs/extraction/Solar/504_168/chronos2/raw/euclidean/3/online/run_1 status=complete

2026-08-14T23:11:30+02:00 baselines start configuration=9/12 dataset=Solar model=chronos2 formula=full_ridge_shared lags=504 horizon=168 retrieval=raw_euclidean_3_online run=/home/h61084/codes/adapts/outputs/adaptation/horizon_baselines_ablation/Solar/504_168/chronos2/full_ridge_shared/raw/euclidean/3/online/run_0 computation_signature=bf3e2a8b80809de9df9aea12585c4ca1d2f6a599f8a10e89aac8c723563f8fbe l2_grid=0,1e-6,1e-5,1e-4,1e-3,1e-2,1e-1,1,10 validation_fraction=0.2 fit_baselines_on_eval=false seed=1
2026-08-14 23:11:32,864 INFO [__main__] ========================================================================
2026-08-14 23:11:32,864 INFO [__main__] selected methods=('full_ridge_shared',)
2026-08-14 23:11:36,961 INFO [__main__] baseline selection start l2_grid=(0.0, 1e-06, 1e-05, 0.0001, 0.001, 0.01, 0.1, 1.0, 10.0)
2026-08-14 23:11:37,937 INFO [__main__] baseline selection done
2026-08-14 23:11:37,960 INFO [__main__] experiment done seconds=5.09
2026-08-14 23:11:37,960 INFO [__main__] ========================================================================
2026-08-14T23:11:38+02:00 baselines done configuration=9/12 dataset=Solar model=chronos2 formula=full_ridge_shared lags=504 horizon=168 retrieval=raw_euclidean_3_online

2026-08-14T23:11:38+02:00 baselines start configuration=9/12 dataset=Solar model=chronos2 formula=full_ridge_horizon lags=504 horizon=168 retrieval=raw_euclidean_3_online run=/home/h61084/codes/adapts/outputs/adaptation/horizon_baselines_ablation/Solar/504_168/chronos2/full_ridge_horizon/raw/euclidean/3/online/run_0 computation_signature=6c2b76a79b58f4c0cfc009902a67969fda308b934749bdf385428888904ee6dc l2_grid=0,1e-6,1e-5,1e-4,1e-3,1e-2,1e-1,1,10 validation_fraction=0.2 fit_baselines_on_eval=false seed=1
2026-08-14 23:11:40,982 INFO [__main__] ========================================================================
2026-08-14 23:11:40,982 INFO [__main__] selected methods=('full_ridge_horizon',)
2026-08-14 23:11:42,874 INFO [__main__] baseline selection start l2_grid=(0.0, 1e-06, 1e-05, 0.0001, 0.001, 0.01, 0.1, 1.0, 10.0)
2026-08-14 23:11:43,725 INFO [__main__] baseline selection done
2026-08-14 23:11:43,748 INFO [__main__] experiment done seconds=2.76
2026-08-14 23:11:43,748 INFO [__main__] ========================================================================
2026-08-14T23:11:44+02:00 baselines done configuration=9/12 dataset=Solar model=chronos2 formula=full_ridge_horizon lags=504 horizon=168 retrieval=raw_euclidean_3_online
2026-08-14 23:11:46,803 INFO [__main__] extraction validation directory=/home/h61084/codes/adapts/outputs/extraction/exchange_rate/168_24/chronos2/raw/euclidean/3/online/run_1 status=complete

2026-08-14T23:11:47+02:00 baselines start configuration=10/12 dataset=exchange_rate model=chronos2 formula=full_ridge_shared lags=168 horizon=24 retrieval=raw_euclidean_3_online run=/home/h61084/codes/adapts/outputs/adaptation/horizon_baselines_ablation/exchange_rate/168_24/chronos2/full_ridge_shared/raw/euclidean/3/online/run_0 computation_signature=dd1a3b3b4892a40e29dcba12e5697508443e2f559de41b599d881dbb4afcf3f8 l2_grid=0,1e-6,1e-5,1e-4,1e-3,1e-2,1e-1,1,10 validation_fraction=0.2 fit_baselines_on_eval=false seed=1
2026-08-14 23:11:49,582 INFO [__main__] ========================================================================
2026-08-14 23:11:49,582 INFO [__main__] selected methods=('full_ridge_shared',)
2026-08-14 23:11:51,402 INFO [__main__] baseline selection start l2_grid=(0.0, 1e-06, 1e-05, 0.0001, 0.001, 0.01, 0.1, 1.0, 10.0)
2026-08-14 23:11:51,516 INFO [__main__] baseline selection done
2026-08-14 23:11:51,538 INFO [__main__] experiment done seconds=1.95
2026-08-14 23:11:51,538 INFO [__main__] ========================================================================
2026-08-14T23:11:52+02:00 baselines done configuration=10/12 dataset=exchange_rate model=chronos2 formula=full_ridge_shared lags=168 horizon=24 retrieval=raw_euclidean_3_online

2026-08-14T23:11:52+02:00 baselines start configuration=10/12 dataset=exchange_rate model=chronos2 formula=full_ridge_horizon lags=168 horizon=24 retrieval=raw_euclidean_3_online run=/home/h61084/codes/adapts/outputs/adaptation/horizon_baselines_ablation/exchange_rate/168_24/chronos2/full_ridge_horizon/raw/euclidean/3/online/run_0 computation_signature=5c85bb72f46ed8fdc5d17e6d2555e9d3f8b3560a4faf6abd9599887d8a9c1d34 l2_grid=0,1e-6,1e-5,1e-4,1e-3,1e-2,1e-1,1,10 validation_fraction=0.2 fit_baselines_on_eval=false seed=1
2026-08-14 23:11:54,574 INFO [__main__] ========================================================================
2026-08-14 23:11:54,574 INFO [__main__] selected methods=('full_ridge_horizon',)
2026-08-14 23:11:56,075 INFO [__main__] baseline selection start l2_grid=(0.0, 1e-06, 1e-05, 0.0001, 0.001, 0.01, 0.1, 1.0, 10.0)
2026-08-14 23:11:56,224 INFO [__main__] baseline selection done
2026-08-14 23:11:56,248 INFO [__main__] experiment done seconds=1.67
2026-08-14 23:11:56,248 INFO [__main__] ========================================================================
2026-08-14T23:11:56+02:00 baselines done configuration=10/12 dataset=exchange_rate model=chronos2 formula=full_ridge_horizon lags=168 horizon=24 retrieval=raw_euclidean_3_online
2026-08-14 23:11:58,814 INFO [__main__] extraction validation directory=/home/h61084/codes/adapts/outputs/extraction/exchange_rate/336_48/chronos2/raw/euclidean/3/online/run_1 status=complete

2026-08-14T23:11:59+02:00 baselines start configuration=11/12 dataset=exchange_rate model=chronos2 formula=full_ridge_shared lags=336 horizon=48 retrieval=raw_euclidean_3_online run=/home/h61084/codes/adapts/outputs/adaptation/horizon_baselines_ablation/exchange_rate/336_48/chronos2/full_ridge_shared/raw/euclidean/3/online/run_0 computation_signature=68c9bb1dc7a742a2f43062d04fcdbdd8baaf1aa4a14408da721b055e7b5c6860 l2_grid=0,1e-6,1e-5,1e-4,1e-3,1e-2,1e-1,1,10 validation_fraction=0.2 fit_baselines_on_eval=false seed=1
2026-08-14 23:12:01,608 INFO [__main__] ========================================================================
2026-08-14 23:12:01,608 INFO [__main__] selected methods=('full_ridge_shared',)
2026-08-14 23:12:03,264 INFO [__main__] baseline selection start l2_grid=(0.0, 1e-06, 1e-05, 0.0001, 0.001, 0.01, 0.1, 1.0, 10.0)
2026-08-14 23:12:03,397 INFO [__main__] baseline selection done
2026-08-14 23:12:03,420 INFO [__main__] experiment done seconds=1.81
2026-08-14 23:12:03,420 INFO [__main__] ========================================================================
2026-08-14T23:12:03+02:00 baselines done configuration=11/12 dataset=exchange_rate model=chronos2 formula=full_ridge_shared lags=336 horizon=48 retrieval=raw_euclidean_3_online

2026-08-14T23:12:04+02:00 baselines start configuration=11/12 dataset=exchange_rate model=chronos2 formula=full_ridge_horizon lags=336 horizon=48 retrieval=raw_euclidean_3_online run=/home/h61084/codes/adapts/outputs/adaptation/horizon_baselines_ablation/exchange_rate/336_48/chronos2/full_ridge_horizon/raw/euclidean/3/online/run_0 computation_signature=835f27282fca28dee541417c1b5347256d6d730b5f8a80501616ca0f9e0069a5 l2_grid=0,1e-6,1e-5,1e-4,1e-3,1e-2,1e-1,1,10 validation_fraction=0.2 fit_baselines_on_eval=false seed=1
2026-08-14 23:12:06,535 INFO [__main__] ========================================================================
2026-08-14 23:12:06,536 INFO [__main__] selected methods=('full_ridge_horizon',)
2026-08-14 23:12:08,025 INFO [__main__] baseline selection start l2_grid=(0.0, 1e-06, 1e-05, 0.0001, 0.001, 0.01, 0.1, 1.0, 10.0)
2026-08-14 23:12:08,187 INFO [__main__] baseline selection done
2026-08-14 23:12:08,212 INFO [__main__] experiment done seconds=1.67
2026-08-14 23:12:08,212 INFO [__main__] ========================================================================
2026-08-14T23:12:08+02:00 baselines done configuration=11/12 dataset=exchange_rate model=chronos2 formula=full_ridge_horizon lags=336 horizon=48 retrieval=raw_euclidean_3_online
2026-08-14 23:12:10,840 INFO [__main__] extraction validation directory=/home/h61084/codes/adapts/outputs/extraction/exchange_rate/504_168/chronos2/raw/euclidean/3/online/run_1 status=complete

2026-08-14T23:12:11+02:00 baselines start configuration=12/12 dataset=exchange_rate model=chronos2 formula=full_ridge_shared lags=504 horizon=168 retrieval=raw_euclidean_3_online run=/home/h61084/codes/adapts/outputs/adaptation/horizon_baselines_ablation/exchange_rate/504_168/chronos2/full_ridge_shared/raw/euclidean/3/online/run_0 computation_signature=144f29b76ef70d8777eb50d92ea37d1f8e052d1e38dcba7cbfc24848c7c337da l2_grid=0,1e-6,1e-5,1e-4,1e-3,1e-2,1e-1,1,10 validation_fraction=0.2 fit_baselines_on_eval=false seed=1
2026-08-14 23:12:13,603 INFO [__main__] ========================================================================
2026-08-14 23:12:13,603 INFO [__main__] selected methods=('full_ridge_shared',)
2026-08-14 23:12:15,320 INFO [__main__] baseline selection start l2_grid=(0.0, 1e-06, 1e-05, 0.0001, 0.001, 0.01, 0.1, 1.0, 10.0)
2026-08-14 23:12:15,506 INFO [__main__] baseline selection done
2026-08-14 23:12:15,528 INFO [__main__] experiment done seconds=1.92
2026-08-14 23:12:15,529 INFO [__main__] ========================================================================
2026-08-14T23:12:15+02:00 baselines done configuration=12/12 dataset=exchange_rate model=chronos2 formula=full_ridge_shared lags=504 horizon=168 retrieval=raw_euclidean_3_online

2026-08-14T23:12:16+02:00 baselines start configuration=12/12 dataset=exchange_rate model=chronos2 formula=full_ridge_horizon lags=504 horizon=168 retrieval=raw_euclidean_3_online run=/home/h61084/codes/adapts/outputs/adaptation/horizon_baselines_ablation/exchange_rate/504_168/chronos2/full_ridge_horizon/raw/euclidean/3/online/run_0 computation_signature=08b71141b8efb8036e29ec452ef7c16a40694898bae1d35af3c0a7492552711e l2_grid=0,1e-6,1e-5,1e-4,1e-3,1e-2,1e-1,1,10 validation_fraction=0.2 fit_baselines_on_eval=false seed=1
2026-08-14 23:12:18,383 INFO [__main__] ========================================================================
2026-08-14 23:12:18,384 INFO [__main__] selected methods=('full_ridge_horizon',)
2026-08-14 23:12:19,870 INFO [__main__] baseline selection start l2_grid=(0.0, 1e-06, 1e-05, 0.0001, 0.001, 0.01, 0.1, 1.0, 10.0)
2026-08-14 23:12:20,057 INFO [__main__] baseline selection done
2026-08-14 23:12:20,080 INFO [__main__] experiment done seconds=1.69
2026-08-14 23:12:20,080 INFO [__main__] ========================================================================
2026-08-14T23:12:20+02:00 baselines done configuration=12/12 dataset=exchange_rate model=chronos2 formula=full_ridge_horizon lags=504 horizon=168 retrieval=raw_euclidean_3_online

2026-08-14T23:12:20+02:00 job done kind=baselines output=outputs/adaptation/horizon_baselines_ablation

2026-08-14T23:12:20+02:00 job start kind=adaptation_tables experiment_mode=full datasets=Electricity,Traffic,Solar,exchange_rate models=chronos2 settings=168_24,336_48,504_168 families=baselines metric=nmse distance_metrics=euclidean methods=full_ridge_shared,full_ridge_horizon,cov_y_ridge_shared,cov_y_ridge_horizon,cov_avgy_ridge_shared,cov_avgy_ridge_horizon table_kinds=full,average results_root=outputs/adaptation/horizon_baselines_ablation

2026-08-14T23:12:20+02:00 table start model=chronos2 kind=full metric=nmse split=eval decimals=2 output=/home/h61084/codes/adapts/outputs/reports/horizon_baselines_ablation/full/chronos2/full
LaTeX table written to /home/h61084/codes/adapts/outputs/reports/horizon_baselines_ablation/full/chronos2/full/baselines_results.tex
2026-08-14T23:12:29+02:00 table done model=chronos2 kind=full output=/home/h61084/codes/adapts/outputs/reports/horizon_baselines_ablation/full/chronos2/full

2026-08-14T23:12:29+02:00 table start model=chronos2 kind=average metric=nmse split=eval decimals=2 output=/home/h61084/codes/adapts/outputs/reports/horizon_baselines_ablation/full/chronos2/average
LaTeX table written to /home/h61084/codes/adapts/outputs/reports/horizon_baselines_ablation/full/chronos2/average/baselines_results.tex
LaTeX table written to /home/h61084/codes/adapts/outputs/reports/horizon_baselines_ablation/full/chronos2/average/positive_windows_results.tex
2026-08-14T23:12:34+02:00 table done model=chronos2 kind=average output=/home/h61084/codes/adapts/outputs/reports/horizon_baselines_ablation/full/chronos2/average

2026-08-14T23:12:34+02:00 baseline coefficient plots start model=chronos2 output=/home/h61084/codes/adapts/outputs/reports/horizon_baselines_ablation/full/chronos2/coefficients
Baseline coefficient outputs written: 240
Coefficient index written to /home/h61084/codes/adapts/outputs/reports/horizon_baselines_ablation/full/chronos2/coefficients/coefficient_index.csv
2026-08-14T23:12:57+02:00 baseline coefficient plots done model=chronos2 output=/home/h61084/codes/adapts/outputs/reports/horizon_baselines_ablation/full/chronos2/coefficients

2026-08-14T23:12:57+02:00 job done kind=adaptation_tables output=/home/h61084/codes/adapts/outputs/reports/horizon_baselines_ablation/full
