
2026-08-15T16:21:30+02:00 job start kind=adaptation_extraction family=k_ablation experiment_mode=full skip_complete=true tasks=84 datasets=Electricity,Traffic,Solar,exchange_rate models=chronos2 settings=168:24,336:48,504:168 distance_spaces=instance distance_metrics=euclidean neighbors=1,3,5,10,15,20
2026-08-15T16:21:30+02:00 skip complete family=extraction dataset=Electricity model=chronos2 lags=168 horizon=24 retrieval=vanilla run=/home/h61084/codes/adapts/outputs/extraction/Electricity/168_24/chronos2/none/none/0/none/run_1
2026-08-15T16:21:30+02:00 skip complete family=extraction dataset=Electricity model=chronos2 lags=168 horizon=24 retrieval=instance_euclidean_1_online run=/home/h61084/codes/adapts/outputs/extraction/Electricity/168_24/chronos2/instance/euclidean/1/online/run_1
2026-08-15T16:21:30+02:00 skip complete family=extraction dataset=Electricity model=chronos2 lags=168 horizon=24 retrieval=instance_euclidean_3_online run=/home/h61084/codes/adapts/outputs/extraction/Electricity/168_24/chronos2/instance/euclidean/3/online/run_1

2026-08-15T16:21:30+02:00 extraction start configuration=4/84 dataset=Electricity model=chronos2 lags=168 horizon=24 retrieval=instance_euclidean_5_online run=/home/h61084/codes/adapts/outputs/extraction/Electricity/168_24/chronos2/instance/euclidean/5/online/run_0 computation_signature=7860b0fa7020087a28ee4eb2b59c7a23a0fa19a36ad2b461aa7e1ef49f74d8b7 period=24 align_period=false datastore_stride=25 adapt_stride=25 eval_stride=127 max_store_windows=30000 seed=1
2026-08-15 16:21:33,467 INFO [__main__] ========================================================================
2026-08-15 16:21:33,467 INFO [__main__] experiment start kind=extraction dataset=Electricity model=chronos2 lags=168 horizon=24 neighbors=5 distance=instance/euclidean
2026-08-15 16:21:33,772 INFO [__main__] dataset load start
2026-08-15 16:21:33,774 INFO [src.data.load_dataset] loaded dataset config path=/home/h61084/codes/datasets/electricity/config.json keys=['aggr', 'date_col', 'drop_users']
2026-08-15 16:21:34,463 INFO [__main__] dataset load done dates=26304 users=312
2026-08-15 16:21:34,464 INFO [__main__] model load start
2026-08-15 16:21:44,993 INFO [__main__] model load done name=chronos2 device=cuda parameters_total=119,477,664 parameters_trainable=0
2026-08-15 16:21:44,996 INFO [__main__] extraction start split=adapt queries=526
2026-08-15 16:30:01,558 INFO [__main__] extraction done split=adapt
2026-08-15 16:30:01,558 INFO [__main__] extraction start split=eval queries=42
2026-08-15 16:30:42,347 INFO [__main__] extraction done split=eval
2026-08-15 16:30:43,044 INFO [__main__] completion marker saved path=/home/h61084/codes/adapts/outputs/extraction/Electricity/168_24/chronos2/instance/euclidean/5/online/run_0/extraction_manifest.json
2026-08-15 16:30:43,044 INFO [__main__] outputs saved dir=/home/h61084/codes/adapts/outputs/extraction/Electricity/168_24/chronos2/instance/euclidean/5/online/run_0
2026-08-15 16:30:43,044 INFO [__main__] experiment done seconds=549.57
2026-08-15 16:30:43,044 INFO [__main__] ========================================================================
2026-08-15 16:30:46,335 INFO [__main__] extraction validation directory=/home/h61084/codes/adapts/outputs/extraction/Electricity/168_24/chronos2/instance/euclidean/5/online/run_0 status=complete
2026-08-15T16:30:46+02:00 extraction done configuration=4/84 dataset=Electricity model=chronos2 lags=168 horizon=24 retrieval=instance_euclidean_5_online

2026-08-15T16:30:46+02:00 extraction start configuration=5/84 dataset=Electricity model=chronos2 lags=168 horizon=24 retrieval=instance_euclidean_10_online run=/home/h61084/codes/adapts/outputs/extraction/Electricity/168_24/chronos2/instance/euclidean/10/online/run_0 computation_signature=7acd1623e3c9c6e9da9338fb80b21e9fc1f08454681b455e2fdb31d5ee69f588 period=24 align_period=false datastore_stride=25 adapt_stride=25 eval_stride=127 max_store_windows=30000 seed=1
2026-08-15 16:30:49,113 INFO [__main__] ========================================================================
2026-08-15 16:30:49,113 INFO [__main__] experiment start kind=extraction dataset=Electricity model=chronos2 lags=168 horizon=24 neighbors=10 distance=instance/euclidean
2026-08-15 16:30:49,423 INFO [__main__] dataset load start
2026-08-15 16:30:49,425 INFO [src.data.load_dataset] loaded dataset config path=/home/h61084/codes/datasets/electricity/config.json keys=['aggr', 'date_col', 'drop_users']
2026-08-15 16:30:50,109 INFO [__main__] dataset load done dates=26304 users=312
2026-08-15 16:30:50,109 INFO [__main__] model load start
2026-08-15 16:31:00,641 INFO [__main__] model load done name=chronos2 device=cuda parameters_total=119,477,664 parameters_trainable=0
2026-08-15 16:31:00,644 INFO [__main__] extraction start split=adapt queries=526
2026-08-15 16:44:05,224 INFO [__main__] extraction done split=adapt
2026-08-15 16:44:05,224 INFO [__main__] extraction start split=eval queries=42
2026-08-15 16:45:09,848 INFO [__main__] extraction done split=eval
2026-08-15 16:45:10,718 INFO [__main__] completion marker saved path=/home/h61084/codes/adapts/outputs/extraction/Electricity/168_24/chronos2/instance/euclidean/10/online/run_0/extraction_manifest.json
2026-08-15 16:45:10,718 INFO [__main__] outputs saved dir=/home/h61084/codes/adapts/outputs/extraction/Electricity/168_24/chronos2/instance/euclidean/10/online/run_0
2026-08-15 16:45:10,718 INFO [__main__] experiment done seconds=861.60
2026-08-15 16:45:10,718 INFO [__main__] ========================================================================
2026-08-15 16:45:13,903 INFO [__main__] extraction validation directory=/home/h61084/codes/adapts/outputs/extraction/Electricity/168_24/chronos2/instance/euclidean/10/online/run_0 status=complete
2026-08-15T16:45:14+02:00 extraction done configuration=5/84 dataset=Electricity model=chronos2 lags=168 horizon=24 retrieval=instance_euclidean_10_online

2026-08-15T16:45:14+02:00 extraction start configuration=6/84 dataset=Electricity model=chronos2 lags=168 horizon=24 retrieval=instance_euclidean_15_online run=/home/h61084/codes/adapts/outputs/extraction/Electricity/168_24/chronos2/instance/euclidean/15/online/run_0 computation_signature=d46ebaa6ee5a10b4c7ec1283544ff3bae77bce090d893cae30451d3f92e4574d period=24 align_period=false datastore_stride=25 adapt_stride=25 eval_stride=127 max_store_windows=30000 seed=1
2026-08-15 16:45:16,776 INFO [__main__] ========================================================================
2026-08-15 16:45:16,777 INFO [__main__] experiment start kind=extraction dataset=Electricity model=chronos2 lags=168 horizon=24 neighbors=15 distance=instance/euclidean
2026-08-15 16:45:17,045 INFO [__main__] dataset load start
2026-08-15 16:45:17,046 INFO [src.data.load_dataset] loaded dataset config path=/home/h61084/codes/datasets/electricity/config.json keys=['aggr', 'date_col', 'drop_users']
2026-08-15 16:45:17,726 INFO [__main__] dataset load done dates=26304 users=312
2026-08-15 16:45:17,726 INFO [__main__] model load start
2026-08-15 16:45:28,263 INFO [__main__] model load done name=chronos2 device=cuda parameters_total=119,477,664 parameters_trainable=0
2026-08-15 16:45:28,266 INFO [__main__] extraction start split=adapt queries=526
2026-08-15 17:03:31,488 INFO [__main__] extraction done split=adapt
2026-08-15 17:03:31,489 INFO [__main__] extraction start split=eval queries=42
2026-08-15 17:04:57,635 INFO [__main__] extraction done split=eval
2026-08-15 17:04:58,503 INFO [__main__] completion marker saved path=/home/h61084/codes/adapts/outputs/extraction/Electricity/168_24/chronos2/instance/euclidean/15/online/run_0/extraction_manifest.json
2026-08-15 17:04:58,503 INFO [__main__] outputs saved dir=/home/h61084/codes/adapts/outputs/extraction/Electricity/168_24/chronos2/instance/euclidean/15/online/run_0
2026-08-15 17:04:58,503 INFO [__main__] experiment done seconds=1181.72
2026-08-15 17:04:58,503 INFO [__main__] ========================================================================
2026-08-15 17:05:01,909 INFO [__main__] extraction validation directory=/home/h61084/codes/adapts/outputs/extraction/Electricity/168_24/chronos2/instance/euclidean/15/online/run_0 status=complete
2026-08-15T17:05:02+02:00 extraction done configuration=6/84 dataset=Electricity model=chronos2 lags=168 horizon=24 retrieval=instance_euclidean_15_online

2026-08-15T17:05:02+02:00 extraction start configuration=7/84 dataset=Electricity model=chronos2 lags=168 horizon=24 retrieval=instance_euclidean_20_online run=/home/h61084/codes/adapts/outputs/extraction/Electricity/168_24/chronos2/instance/euclidean/20/online/run_0 computation_signature=2ded35176cb7aee44d051f3d1c45aaef67ffef88754a22201e22b8de454b8c0e period=24 align_period=false datastore_stride=25 adapt_stride=25 eval_stride=127 max_store_windows=30000 seed=1
2026-08-15 17:05:04,856 INFO [__main__] ========================================================================
2026-08-15 17:05:04,856 INFO [__main__] experiment start kind=extraction dataset=Electricity model=chronos2 lags=168 horizon=24 neighbors=20 distance=instance/euclidean
2026-08-15 17:05:05,136 INFO [__main__] dataset load start
2026-08-15 17:05:05,137 INFO [src.data.load_dataset] loaded dataset config path=/home/h61084/codes/datasets/electricity/config.json keys=['aggr', 'date_col', 'drop_users']
2026-08-15 17:05:05,830 INFO [__main__] dataset load done dates=26304 users=312
2026-08-15 17:05:05,830 INFO [__main__] model load start
2026-08-15 17:05:16,581 INFO [__main__] model load done name=chronos2 device=cuda parameters_total=119,477,664 parameters_trainable=0
2026-08-15 17:05:16,583 INFO [__main__] extraction start split=adapt queries=526
2026-08-15 17:28:43,338 INFO [__main__] extraction done split=adapt
2026-08-15 17:28:43,338 INFO [__main__] extraction start split=eval queries=42
2026-08-15 17:30:33,840 INFO [__main__] extraction done split=eval
2026-08-15 17:30:34,795 INFO [__main__] completion marker saved path=/home/h61084/codes/adapts/outputs/extraction/Electricity/168_24/chronos2/instance/euclidean/20/online/run_0/extraction_manifest.json
2026-08-15 17:30:34,795 INFO [__main__] outputs saved dir=/home/h61084/codes/adapts/outputs/extraction/Electricity/168_24/chronos2/instance/euclidean/20/online/run_0
2026-08-15 17:30:34,795 INFO [__main__] experiment done seconds=1529.93
2026-08-15 17:30:34,795 INFO [__main__] ========================================================================
2026-08-15 17:30:38,346 INFO [__main__] extraction validation directory=/home/h61084/codes/adapts/outputs/extraction/Electricity/168_24/chronos2/instance/euclidean/20/online/run_0 status=complete
2026-08-15T17:30:38+02:00 extraction done configuration=7/84 dataset=Electricity model=chronos2 lags=168 horizon=24 retrieval=instance_euclidean_20_online
2026-08-15T17:30:38+02:00 skip complete family=extraction dataset=Electricity model=chronos2 lags=336 horizon=48 retrieval=vanilla run=/home/h61084/codes/adapts/outputs/extraction/Electricity/336_48/chronos2/none/none/0/none/run_1
2026-08-15T17:30:38+02:00 skip complete family=extraction dataset=Electricity model=chronos2 lags=336 horizon=48 retrieval=instance_euclidean_1_online run=/home/h61084/codes/adapts/outputs/extraction/Electricity/336_48/chronos2/instance/euclidean/1/online/run_1
2026-08-15T17:30:39+02:00 skip complete family=extraction dataset=Electricity model=chronos2 lags=336 horizon=48 retrieval=instance_euclidean_3_online run=/home/h61084/codes/adapts/outputs/extraction/Electricity/336_48/chronos2/instance/euclidean/3/online/run_1

2026-08-15T17:30:39+02:00 extraction start configuration=11/84 dataset=Electricity model=chronos2 lags=336 horizon=48 retrieval=instance_euclidean_5_online run=/home/h61084/codes/adapts/outputs/extraction/Electricity/336_48/chronos2/instance/euclidean/5/online/run_0 computation_signature=5147ca39384bd8f7a5f4981abca07cfe2a86edb6b77763990657c2130b7b491d period=24 align_period=false datastore_stride=25 adapt_stride=25 eval_stride=127 max_store_windows=30000 seed=1
2026-08-15 17:30:41,614 INFO [__main__] ========================================================================
2026-08-15 17:30:41,614 INFO [__main__] experiment start kind=extraction dataset=Electricity model=chronos2 lags=336 horizon=48 neighbors=5 distance=instance/euclidean
2026-08-15 17:30:41,877 INFO [__main__] dataset load start
2026-08-15 17:30:41,878 INFO [src.data.load_dataset] loaded dataset config path=/home/h61084/codes/datasets/electricity/config.json keys=['aggr', 'date_col', 'drop_users']
2026-08-15 17:30:42,578 INFO [__main__] dataset load done dates=26304 users=312
2026-08-15 17:30:42,578 INFO [__main__] model load start
2026-08-15 17:30:53,223 INFO [__main__] model load done name=chronos2 device=cuda parameters_total=119,477,664 parameters_trainable=0
2026-08-15 17:30:53,226 INFO [__main__] extraction start split=adapt queries=525
2026-08-15 17:43:11,764 INFO [__main__] extraction done split=adapt
2026-08-15 17:43:11,764 INFO [__main__] extraction start split=eval queries=42
2026-08-15 17:44:11,091 INFO [__main__] extraction done split=eval
2026-08-15 17:44:11,863 INFO [__main__] completion marker saved path=/home/h61084/codes/adapts/outputs/extraction/Electricity/336_48/chronos2/instance/euclidean/5/online/run_0/extraction_manifest.json
2026-08-15 17:44:11,864 INFO [__main__] outputs saved dir=/home/h61084/codes/adapts/outputs/extraction/Electricity/336_48/chronos2/instance/euclidean/5/online/run_0
2026-08-15 17:44:11,864 INFO [__main__] experiment done seconds=810.24
2026-08-15 17:44:11,864 INFO [__main__] ========================================================================
2026-08-15 17:44:15,195 INFO [__main__] extraction validation directory=/home/h61084/codes/adapts/outputs/extraction/Electricity/336_48/chronos2/instance/euclidean/5/online/run_0 status=complete
2026-08-15T17:44:15+02:00 extraction done configuration=11/84 dataset=Electricity model=chronos2 lags=336 horizon=48 retrieval=instance_euclidean_5_online

2026-08-15T17:44:15+02:00 extraction start configuration=12/84 dataset=Electricity model=chronos2 lags=336 horizon=48 retrieval=instance_euclidean_10_online run=/home/h61084/codes/adapts/outputs/extraction/Electricity/336_48/chronos2/instance/euclidean/10/online/run_0 computation_signature=62a7c87342139e8388137bd5ec861ae4abad5bd5d8182c50affbbd1fff3b079f period=24 align_period=false datastore_stride=25 adapt_stride=25 eval_stride=127 max_store_windows=30000 seed=1
2026-08-15 17:44:18,164 INFO [__main__] ========================================================================
2026-08-15 17:44:18,164 INFO [__main__] experiment start kind=extraction dataset=Electricity model=chronos2 lags=336 horizon=48 neighbors=10 distance=instance/euclidean
2026-08-15 17:44:18,441 INFO [__main__] dataset load start
2026-08-15 17:44:18,443 INFO [src.data.load_dataset] loaded dataset config path=/home/h61084/codes/datasets/electricity/config.json keys=['aggr', 'date_col', 'drop_users']
2026-08-15 17:44:19,140 INFO [__main__] dataset load done dates=26304 users=312
2026-08-15 17:44:19,141 INFO [__main__] model load start
2026-08-15 17:44:29,696 INFO [__main__] model load done name=chronos2 device=cuda parameters_total=119,477,664 parameters_trainable=0
2026-08-15 17:44:29,699 INFO [__main__] extraction start split=adapt queries=525
2026-08-15 18:04:10,378 INFO [__main__] extraction done split=adapt
2026-08-15 18:04:10,378 INFO [__main__] extraction start split=eval queries=42
2026-08-15 18:05:45,644 INFO [__main__] extraction done split=eval
2026-08-15 18:05:46,561 INFO [__main__] completion marker saved path=/home/h61084/codes/adapts/outputs/extraction/Electricity/336_48/chronos2/instance/euclidean/10/online/run_0/extraction_manifest.json
2026-08-15 18:05:46,561 INFO [__main__] outputs saved dir=/home/h61084/codes/adapts/outputs/extraction/Electricity/336_48/chronos2/instance/euclidean/10/online/run_0
2026-08-15 18:05:46,561 INFO [__main__] experiment done seconds=1288.39
2026-08-15 18:05:46,561 INFO [__main__] ========================================================================
2026-08-15 18:05:49,915 INFO [__main__] extraction validation directory=/home/h61084/codes/adapts/outputs/extraction/Electricity/336_48/chronos2/instance/euclidean/10/online/run_0 status=complete
2026-08-15T18:05:50+02:00 extraction done configuration=12/84 dataset=Electricity model=chronos2 lags=336 horizon=48 retrieval=instance_euclidean_10_online

2026-08-15T18:05:50+02:00 extraction start configuration=13/84 dataset=Electricity model=chronos2 lags=336 horizon=48 retrieval=instance_euclidean_15_online run=/home/h61084/codes/adapts/outputs/extraction/Electricity/336_48/chronos2/instance/euclidean/15/online/run_0 computation_signature=e6db0da160ed28698d6226a7beaaa6d18c1523868ed8ac06438a16ef0f0402c8 period=24 align_period=false datastore_stride=25 adapt_stride=25 eval_stride=127 max_store_windows=30000 seed=1
2026-08-15 18:05:52,903 INFO [__main__] ========================================================================
2026-08-15 18:05:52,903 INFO [__main__] experiment start kind=extraction dataset=Electricity model=chronos2 lags=336 horizon=48 neighbors=15 distance=instance/euclidean
2026-08-15 18:05:53,237 INFO [__main__] dataset load start
2026-08-15 18:05:53,238 INFO [src.data.load_dataset] loaded dataset config path=/home/h61084/codes/datasets/electricity/config.json keys=['aggr', 'date_col', 'drop_users']
2026-08-15 18:05:53,982 INFO [__main__] dataset load done dates=26304 users=312
2026-08-15 18:05:53,983 INFO [__main__] model load start
2026-08-15 18:06:04,730 INFO [__main__] model load done name=chronos2 device=cuda parameters_total=119,477,664 parameters_trainable=0
2026-08-15 18:06:04,732 INFO [__main__] extraction start split=adapt queries=525
2026-08-15 18:33:07,678 INFO [__main__] extraction done split=adapt
2026-08-15 18:33:07,678 INFO [__main__] extraction start split=eval queries=42
2026-08-15 18:35:18,532 INFO [__main__] extraction done split=eval
2026-08-15 18:35:19,519 INFO [__main__] completion marker saved path=/home/h61084/codes/adapts/outputs/extraction/Electricity/336_48/chronos2/instance/euclidean/15/online/run_0/extraction_manifest.json
2026-08-15 18:35:19,519 INFO [__main__] outputs saved dir=/home/h61084/codes/adapts/outputs/extraction/Electricity/336_48/chronos2/instance/euclidean/15/online/run_0
2026-08-15 18:35:19,519 INFO [__main__] experiment done seconds=1766.61
2026-08-15 18:35:19,519 INFO [__main__] ========================================================================
2026-08-15 18:35:23,073 INFO [__main__] extraction validation directory=/home/h61084/codes/adapts/outputs/extraction/Electricity/336_48/chronos2/instance/euclidean/15/online/run_0 status=complete
2026-08-15T18:35:23+02:00 extraction done configuration=13/84 dataset=Electricity model=chronos2 lags=336 horizon=48 retrieval=instance_euclidean_15_online

2026-08-15T18:35:23+02:00 extraction start configuration=14/84 dataset=Electricity model=chronos2 lags=336 horizon=48 retrieval=instance_euclidean_20_online run=/home/h61084/codes/adapts/outputs/extraction/Electricity/336_48/chronos2/instance/euclidean/20/online/run_0 computation_signature=76231ede12eeed5ab6ae2893c06acad5f69a296a640c0b44119a52d2212f1f71 period=24 align_period=false datastore_stride=25 adapt_stride=25 eval_stride=127 max_store_windows=30000 seed=1
2026-08-15 18:35:26,063 INFO [__main__] ========================================================================
2026-08-15 18:35:26,063 INFO [__main__] experiment start kind=extraction dataset=Electricity model=chronos2 lags=336 horizon=48 neighbors=20 distance=instance/euclidean
2026-08-15 18:35:26,345 INFO [__main__] dataset load start
2026-08-15 18:35:26,347 INFO [src.data.load_dataset] loaded dataset config path=/home/h61084/codes/datasets/electricity/config.json keys=['aggr', 'date_col', 'drop_users']
2026-08-15 18:35:27,118 INFO [__main__] dataset load done dates=26304 users=312
2026-08-15 18:35:27,118 INFO [__main__] model load start
2026-08-15 18:35:37,945 INFO [__main__] model load done name=chronos2 device=cuda parameters_total=119,477,664 parameters_trainable=0
2026-08-15 18:35:37,948 INFO [__main__] extraction start split=adapt queries=525
2026-08-15 19:10:34,032 INFO [__main__] extraction done split=adapt
2026-08-15 19:10:34,032 INFO [__main__] extraction start split=eval queries=42
2026-08-15 19:13:21,726 INFO [__main__] extraction done split=eval
2026-08-15 19:13:22,699 INFO [__main__] completion marker saved path=/home/h61084/codes/adapts/outputs/extraction/Electricity/336_48/chronos2/instance/euclidean/20/online/run_0/extraction_manifest.json
2026-08-15 19:13:22,700 INFO [__main__] outputs saved dir=/home/h61084/codes/adapts/outputs/extraction/Electricity/336_48/chronos2/instance/euclidean/20/online/run_0
2026-08-15 19:13:22,700 INFO [__main__] experiment done seconds=2276.63
2026-08-15 19:13:22,700 INFO [__main__] ========================================================================
2026-08-15 19:13:26,149 INFO [__main__] extraction validation directory=/home/h61084/codes/adapts/outputs/extraction/Electricity/336_48/chronos2/instance/euclidean/20/online/run_0 status=complete
2026-08-15T19:13:26+02:00 extraction done configuration=14/84 dataset=Electricity model=chronos2 lags=336 horizon=48 retrieval=instance_euclidean_20_online
2026-08-15T19:13:26+02:00 skip complete family=extraction dataset=Electricity model=chronos2 lags=504 horizon=168 retrieval=vanilla run=/home/h61084/codes/adapts/outputs/extraction/Electricity/504_168/chronos2/none/none/0/none/run_2
2026-08-15T19:13:26+02:00 skip complete family=extraction dataset=Electricity model=chronos2 lags=504 horizon=168 retrieval=instance_euclidean_1_online run=/home/h61084/codes/adapts/outputs/extraction/Electricity/504_168/chronos2/instance/euclidean/1/online/run_1
2026-08-15T19:13:26+02:00 skip complete family=extraction dataset=Electricity model=chronos2 lags=504 horizon=168 retrieval=instance_euclidean_3_online run=/home/h61084/codes/adapts/outputs/extraction/Electricity/504_168/chronos2/instance/euclidean/3/online/run_1

2026-08-15T19:13:26+02:00 extraction start configuration=18/84 dataset=Electricity model=chronos2 lags=504 horizon=168 retrieval=instance_euclidean_5_online run=/home/h61084/codes/adapts/outputs/extraction/Electricity/504_168/chronos2/instance/euclidean/5/online/run_0 computation_signature=0200899a063965c406e60c978821c68df1f5f08de9e20532abf1f7e92c09a21b period=24 align_period=false datastore_stride=25 adapt_stride=25 eval_stride=127 max_store_windows=30000 seed=1
2026-08-15 19:13:29,202 INFO [__main__] ========================================================================
2026-08-15 19:13:29,202 INFO [__main__] experiment start kind=extraction dataset=Electricity model=chronos2 lags=504 horizon=168 neighbors=5 distance=instance/euclidean
2026-08-15 19:13:29,544 INFO [__main__] dataset load start
2026-08-15 19:13:29,546 INFO [src.data.load_dataset] loaded dataset config path=/home/h61084/codes/datasets/electricity/config.json keys=['aggr', 'date_col', 'drop_users']
2026-08-15 19:13:30,232 INFO [__main__] dataset load done dates=26304 users=312
2026-08-15 19:13:30,232 INFO [__main__] model load start
2026-08-15 19:13:40,743 INFO [__main__] model load done name=chronos2 device=cuda parameters_total=119,477,664 parameters_trainable=0
2026-08-15 19:13:40,746 INFO [__main__] extraction start split=adapt queries=520
2026-08-15 19:31:16,994 INFO [__main__] extraction done split=adapt
2026-08-15 19:31:16,994 INFO [__main__] extraction start split=eval queries=41
2026-08-15 19:32:40,418 INFO [__main__] extraction done split=eval
2026-08-15 19:32:41,347 INFO [__main__] completion marker saved path=/home/h61084/codes/adapts/outputs/extraction/Electricity/504_168/chronos2/instance/euclidean/5/online/run_0/extraction_manifest.json
2026-08-15 19:32:41,347 INFO [__main__] outputs saved dir=/home/h61084/codes/adapts/outputs/extraction/Electricity/504_168/chronos2/instance/euclidean/5/online/run_0
2026-08-15 19:32:41,347 INFO [__main__] experiment done seconds=1152.14
2026-08-15 19:32:41,347 INFO [__main__] ========================================================================
2026-08-15 19:32:44,685 INFO [__main__] extraction validation directory=/home/h61084/codes/adapts/outputs/extraction/Electricity/504_168/chronos2/instance/euclidean/5/online/run_0 status=complete
2026-08-15T19:32:45+02:00 extraction done configuration=18/84 dataset=Electricity model=chronos2 lags=504 horizon=168 retrieval=instance_euclidean_5_online

2026-08-15T19:32:45+02:00 extraction start configuration=19/84 dataset=Electricity model=chronos2 lags=504 horizon=168 retrieval=instance_euclidean_10_online run=/home/h61084/codes/adapts/outputs/extraction/Electricity/504_168/chronos2/instance/euclidean/10/online/run_0 computation_signature=856c9c7c686a95d18f25702b3ae664d1e86483c5ca905e7c1b09c7d32defa6d6 period=24 align_period=false datastore_stride=25 adapt_stride=25 eval_stride=127 max_store_windows=30000 seed=1
2026-08-15 19:32:47,577 INFO [__main__] ========================================================================
2026-08-15 19:32:47,577 INFO [__main__] experiment start kind=extraction dataset=Electricity model=chronos2 lags=504 horizon=168 neighbors=10 distance=instance/euclidean
2026-08-15 19:32:47,888 INFO [__main__] dataset load start
2026-08-15 19:32:47,889 INFO [src.data.load_dataset] loaded dataset config path=/home/h61084/codes/datasets/electricity/config.json keys=['aggr', 'date_col', 'drop_users']
2026-08-15 19:32:48,578 INFO [__main__] dataset load done dates=26304 users=312
2026-08-15 19:32:48,579 INFO [__main__] model load start
2026-08-15 19:32:59,068 INFO [__main__] model load done name=chronos2 device=cuda parameters_total=119,477,664 parameters_trainable=0
2026-08-15 19:32:59,071 INFO [__main__] extraction start split=adapt queries=520
2026-08-15 20:01:54,607 INFO [__main__] extraction done split=adapt
2026-08-15 20:01:54,607 INFO [__main__] extraction start split=eval queries=41
2026-08-15 20:04:10,312 INFO [__main__] extraction done split=eval
2026-08-15 20:04:11,281 INFO [__main__] completion marker saved path=/home/h61084/codes/adapts/outputs/extraction/Electricity/504_168/chronos2/instance/euclidean/10/online/run_0/extraction_manifest.json
2026-08-15 20:04:11,281 INFO [__main__] outputs saved dir=/home/h61084/codes/adapts/outputs/extraction/Electricity/504_168/chronos2/instance/euclidean/10/online/run_0
2026-08-15 20:04:11,281 INFO [__main__] experiment done seconds=1883.70
2026-08-15 20:04:11,281 INFO [__main__] ========================================================================
2026-08-15 20:04:14,784 INFO [__main__] extraction validation directory=/home/h61084/codes/adapts/outputs/extraction/Electricity/504_168/chronos2/instance/euclidean/10/online/run_0 status=complete
2026-08-15T20:04:15+02:00 extraction done configuration=19/84 dataset=Electricity model=chronos2 lags=504 horizon=168 retrieval=instance_euclidean_10_online

2026-08-15T20:04:15+02:00 extraction start configuration=20/84 dataset=Electricity model=chronos2 lags=504 horizon=168 retrieval=instance_euclidean_15_online run=/home/h61084/codes/adapts/outputs/extraction/Electricity/504_168/chronos2/instance/euclidean/15/online/run_0 computation_signature=7ff41a1333c4b3f9c4b35c6315fcf6defa949c7b688be4a8dff738b5df0516d1 period=24 align_period=false datastore_stride=25 adapt_stride=25 eval_stride=127 max_store_windows=30000 seed=1
2026-08-15 20:04:17,667 INFO [__main__] ========================================================================
2026-08-15 20:04:17,667 INFO [__main__] experiment start kind=extraction dataset=Electricity model=chronos2 lags=504 horizon=168 neighbors=15 distance=instance/euclidean
2026-08-15 20:04:17,926 INFO [__main__] dataset load start
2026-08-15 20:04:17,928 INFO [src.data.load_dataset] loaded dataset config path=/home/h61084/codes/datasets/electricity/config.json keys=['aggr', 'date_col', 'drop_users']
2026-08-15 20:04:18,615 INFO [__main__] dataset load done dates=26304 users=312
2026-08-15 20:04:18,616 INFO [__main__] model load start
2026-08-15 20:04:29,268 INFO [__main__] model load done name=chronos2 device=cuda parameters_total=119,477,664 parameters_trainable=0
2026-08-15 20:04:29,271 INFO [__main__] extraction start split=adapt queries=520
2026-08-15 20:41:47,161 INFO [__main__] extraction done split=adapt
2026-08-15 20:41:47,161 INFO [__main__] extraction start split=eval queries=41
2026-08-15 20:44:44,176 INFO [__main__] extraction done split=eval
2026-08-15 20:44:45,247 INFO [__main__] completion marker saved path=/home/h61084/codes/adapts/outputs/extraction/Electricity/504_168/chronos2/instance/euclidean/15/online/run_0/extraction_manifest.json
2026-08-15 20:44:45,247 INFO [__main__] outputs saved dir=/home/h61084/codes/adapts/outputs/extraction/Electricity/504_168/chronos2/instance/euclidean/15/online/run_0
2026-08-15 20:44:45,247 INFO [__main__] experiment done seconds=2427.58
2026-08-15 20:44:45,248 INFO [__main__] ========================================================================
2026-08-15 20:44:48,854 INFO [__main__] extraction validation directory=/home/h61084/codes/adapts/outputs/extraction/Electricity/504_168/chronos2/instance/euclidean/15/online/run_0 status=complete
2026-08-15T20:44:49+02:00 extraction done configuration=20/84 dataset=Electricity model=chronos2 lags=504 horizon=168 retrieval=instance_euclidean_15_online

2026-08-15T20:44:49+02:00 extraction start configuration=21/84 dataset=Electricity model=chronos2 lags=504 horizon=168 retrieval=instance_euclidean_20_online run=/home/h61084/codes/adapts/outputs/extraction/Electricity/504_168/chronos2/instance/euclidean/20/online/run_0 computation_signature=af5ed62d3dcc4c4031da1d0b2b45e4fa676bd418b5a723bb130a715c936f0803 period=24 align_period=false datastore_stride=25 adapt_stride=25 eval_stride=127 max_store_windows=30000 seed=1
2026-08-15 20:44:51,775 INFO [__main__] ========================================================================
2026-08-15 20:44:51,775 INFO [__main__] experiment start kind=extraction dataset=Electricity model=chronos2 lags=504 horizon=168 neighbors=20 distance=instance/euclidean
2026-08-15 20:44:52,042 INFO [__main__] dataset load start
2026-08-15 20:44:52,044 INFO [src.data.load_dataset] loaded dataset config path=/home/h61084/codes/datasets/electricity/config.json keys=['aggr', 'date_col', 'drop_users']
2026-08-15 20:44:52,737 INFO [__main__] dataset load done dates=26304 users=312
2026-08-15 20:44:52,738 INFO [__main__] model load start
2026-08-15 20:45:03,335 INFO [__main__] model load done name=chronos2 device=cuda parameters_total=119,477,664 parameters_trainable=0
2026-08-15 20:45:03,338 INFO [__main__] extraction start split=adapt queries=520
2026-08-15 21:36:10,746 INFO [__main__] extraction done split=adapt
2026-08-15 21:36:10,746 INFO [__main__] extraction start split=eval queries=41
2026-08-15 21:40:11,984 INFO [__main__] extraction done split=eval
2026-08-15 21:40:13,191 INFO [__main__] completion marker saved path=/home/h61084/codes/adapts/outputs/extraction/Electricity/504_168/chronos2/instance/euclidean/20/online/run_0/extraction_manifest.json
2026-08-15 21:40:13,191 INFO [__main__] outputs saved dir=/home/h61084/codes/adapts/outputs/extraction/Electricity/504_168/chronos2/instance/euclidean/20/online/run_0
2026-08-15 21:40:13,191 INFO [__main__] experiment done seconds=3321.41
2026-08-15 21:40:13,191 INFO [__main__] ========================================================================
2026-08-15 21:40:17,096 INFO [__main__] extraction validation directory=/home/h61084/codes/adapts/outputs/extraction/Electricity/504_168/chronos2/instance/euclidean/20/online/run_0 status=complete
2026-08-15T21:40:17+02:00 extraction done configuration=21/84 dataset=Electricity model=chronos2 lags=504 horizon=168 retrieval=instance_euclidean_20_online
2026-08-15T21:40:17+02:00 skip complete family=extraction dataset=Traffic model=chronos2 lags=168 horizon=24 retrieval=vanilla run=/home/h61084/codes/adapts/outputs/extraction/Traffic/168_24/chronos2/none/none/0/none/run_1
2026-08-15T21:40:17+02:00 skip complete family=extraction dataset=Traffic model=chronos2 lags=168 horizon=24 retrieval=instance_euclidean_1_online run=/home/h61084/codes/adapts/outputs/extraction/Traffic/168_24/chronos2/instance/euclidean/1/online/run_1
2026-08-15T21:40:17+02:00 skip complete family=extraction dataset=Traffic model=chronos2 lags=168 horizon=24 retrieval=instance_euclidean_3_online run=/home/h61084/codes/adapts/outputs/extraction/Traffic/168_24/chronos2/instance/euclidean/3/online/run_1

2026-08-15T21:40:17+02:00 extraction start configuration=25/84 dataset=Traffic model=chronos2 lags=168 horizon=24 retrieval=instance_euclidean_5_online run=/home/h61084/codes/adapts/outputs/extraction/Traffic/168_24/chronos2/instance/euclidean/5/online/run_0 computation_signature=9725e34a3fac301069871ced5f8753c8df815316613e7c17453724817ebd788c period=24 align_period=false datastore_stride=25 adapt_stride=25 eval_stride=127 max_store_windows=30000 seed=1
2026-08-15 21:40:20,160 INFO [__main__] ========================================================================
2026-08-15 21:40:20,161 INFO [__main__] experiment start kind=extraction dataset=Traffic model=chronos2 lags=168 horizon=24 neighbors=5 distance=instance/euclidean
2026-08-15 21:40:20,450 INFO [__main__] dataset load start
2026-08-15 21:40:20,451 INFO [src.data.load_dataset] loaded dataset config path=/home/h61084/codes/datasets/traffic/config.json keys=['aggr', 'date_col', 'drop_users']
2026-08-15 21:40:21,538 INFO [__main__] dataset load done dates=17544 users=860
2026-08-15 21:40:21,539 INFO [__main__] model load start
2026-08-15 21:40:32,123 INFO [__main__] model load done name=chronos2 device=cuda parameters_total=119,477,664 parameters_trainable=0
2026-08-15 21:40:32,125 INFO [__main__] extraction start split=adapt queries=350
2026-08-15 21:53:56,983 INFO [__main__] extraction done split=adapt
2026-08-15 21:53:56,984 INFO [__main__] extraction start split=eval queries=28
2026-08-15 21:55:03,091 INFO [__main__] extraction done split=eval
2026-08-15 21:55:03,962 INFO [__main__] completion marker saved path=/home/h61084/codes/adapts/outputs/extraction/Traffic/168_24/chronos2/instance/euclidean/5/online/run_0/extraction_manifest.json
2026-08-15 21:55:03,962 INFO [__main__] outputs saved dir=/home/h61084/codes/adapts/outputs/extraction/Traffic/168_24/chronos2/instance/euclidean/5/online/run_0
2026-08-15 21:55:03,962 INFO [__main__] experiment done seconds=883.80
2026-08-15 21:55:03,963 INFO [__main__] ========================================================================
2026-08-15 21:55:07,196 INFO [__main__] extraction validation directory=/home/h61084/codes/adapts/outputs/extraction/Traffic/168_24/chronos2/instance/euclidean/5/online/run_0 status=complete
2026-08-15T21:55:07+02:00 extraction done configuration=25/84 dataset=Traffic model=chronos2 lags=168 horizon=24 retrieval=instance_euclidean_5_online

2026-08-15T21:55:07+02:00 extraction start configuration=26/84 dataset=Traffic model=chronos2 lags=168 horizon=24 retrieval=instance_euclidean_10_online run=/home/h61084/codes/adapts/outputs/extraction/Traffic/168_24/chronos2/instance/euclidean/10/online/run_0 computation_signature=f03a178a92dee47077cf6d42fbe1987d7eeeb04088bdc62ce79e0afb8d2a2eb7 period=24 align_period=false datastore_stride=25 adapt_stride=25 eval_stride=127 max_store_windows=30000 seed=1
2026-08-15 21:55:10,065 INFO [__main__] ========================================================================
2026-08-15 21:55:10,065 INFO [__main__] experiment start kind=extraction dataset=Traffic model=chronos2 lags=168 horizon=24 neighbors=10 distance=instance/euclidean
2026-08-15 21:55:10,358 INFO [__main__] dataset load start
2026-08-15 21:55:10,359 INFO [src.data.load_dataset] loaded dataset config path=/home/h61084/codes/datasets/traffic/config.json keys=['aggr', 'date_col', 'drop_users']
2026-08-15 21:55:11,461 INFO [__main__] dataset load done dates=17544 users=860
2026-08-15 21:55:11,462 INFO [__main__] model load start
2026-08-15 21:55:21,986 INFO [__main__] model load done name=chronos2 device=cuda parameters_total=119,477,664 parameters_trainable=0
2026-08-15 21:55:21,987 INFO [__main__] extraction start split=adapt queries=350
2026-08-15 22:17:43,712 INFO [__main__] extraction done split=adapt
2026-08-15 22:17:43,712 INFO [__main__] extraction start split=eval queries=28
2026-08-15 22:19:31,490 INFO [__main__] extraction done split=eval
2026-08-15 22:19:32,545 INFO [__main__] completion marker saved path=/home/h61084/codes/adapts/outputs/extraction/Traffic/168_24/chronos2/instance/euclidean/10/online/run_0/extraction_manifest.json
2026-08-15 22:19:32,545 INFO [__main__] outputs saved dir=/home/h61084/codes/adapts/outputs/extraction/Traffic/168_24/chronos2/instance/euclidean/10/online/run_0
2026-08-15 22:19:32,546 INFO [__main__] experiment done seconds=1462.48
2026-08-15 22:19:32,546 INFO [__main__] ========================================================================
2026-08-15 22:19:36,012 INFO [__main__] extraction validation directory=/home/h61084/codes/adapts/outputs/extraction/Traffic/168_24/chronos2/instance/euclidean/10/online/run_0 status=complete
2026-08-15T22:19:36+02:00 extraction done configuration=26/84 dataset=Traffic model=chronos2 lags=168 horizon=24 retrieval=instance_euclidean_10_online

2026-08-15T22:19:36+02:00 extraction start configuration=27/84 dataset=Traffic model=chronos2 lags=168 horizon=24 retrieval=instance_euclidean_15_online run=/home/h61084/codes/adapts/outputs/extraction/Traffic/168_24/chronos2/instance/euclidean/15/online/run_0 computation_signature=3623cfbfd83a4ae23630df58f2ceca6f594c37cbf8fc36c6e7d7b490e4d947ea period=24 align_period=false datastore_stride=25 adapt_stride=25 eval_stride=127 max_store_windows=30000 seed=1
2026-08-15 22:19:38,905 INFO [__main__] ========================================================================
2026-08-15 22:19:38,905 INFO [__main__] experiment start kind=extraction dataset=Traffic model=chronos2 lags=168 horizon=24 neighbors=15 distance=instance/euclidean
2026-08-15 22:19:39,209 INFO [__main__] dataset load start
2026-08-15 22:19:39,211 INFO [src.data.load_dataset] loaded dataset config path=/home/h61084/codes/datasets/traffic/config.json keys=['aggr', 'date_col', 'drop_users']
2026-08-15 22:19:40,314 INFO [__main__] dataset load done dates=17544 users=860
2026-08-15 22:19:40,314 INFO [__main__] model load start
2026-08-15 22:19:50,944 INFO [__main__] model load done name=chronos2 device=cuda parameters_total=119,477,664 parameters_trainable=0
2026-08-15 22:19:50,946 INFO [__main__] extraction start split=adapt queries=350
2026-08-15 22:51:19,203 INFO [__main__] extraction done split=adapt
2026-08-15 22:51:19,203 INFO [__main__] extraction start split=eval queries=28
2026-08-15 22:53:52,025 INFO [__main__] extraction done split=eval
2026-08-15 22:53:52,960 INFO [__main__] completion marker saved path=/home/h61084/codes/adapts/outputs/extraction/Traffic/168_24/chronos2/instance/euclidean/15/online/run_0/extraction_manifest.json
2026-08-15 22:53:52,961 INFO [__main__] outputs saved dir=/home/h61084/codes/adapts/outputs/extraction/Traffic/168_24/chronos2/instance/euclidean/15/online/run_0
2026-08-15 22:53:52,961 INFO [__main__] experiment done seconds=2054.05
2026-08-15 22:53:52,961 INFO [__main__] ========================================================================
2026-08-15 22:53:56,455 INFO [__main__] extraction validation directory=/home/h61084/codes/adapts/outputs/extraction/Traffic/168_24/chronos2/instance/euclidean/15/online/run_0 status=complete
2026-08-15T22:53:56+02:00 extraction done configuration=27/84 dataset=Traffic model=chronos2 lags=168 horizon=24 retrieval=instance_euclidean_15_online

2026-08-15T22:53:57+02:00 extraction start configuration=28/84 dataset=Traffic model=chronos2 lags=168 horizon=24 retrieval=instance_euclidean_20_online run=/home/h61084/codes/adapts/outputs/extraction/Traffic/168_24/chronos2/instance/euclidean/20/online/run_0 computation_signature=b9fe0f926fbd344a35c2e5cff42da3d75a62bd9571bf3aaa1a0a36847583087e period=24 align_period=false datastore_stride=25 adapt_stride=25 eval_stride=127 max_store_windows=30000 seed=1
2026-08-15 22:53:59,417 INFO [__main__] ========================================================================
2026-08-15 22:53:59,417 INFO [__main__] experiment start kind=extraction dataset=Traffic model=chronos2 lags=168 horizon=24 neighbors=20 distance=instance/euclidean
2026-08-15 22:53:59,685 INFO [__main__] dataset load start
2026-08-15 22:53:59,687 INFO [src.data.load_dataset] loaded dataset config path=/home/h61084/codes/datasets/traffic/config.json keys=['aggr', 'date_col', 'drop_users']
2026-08-15 22:54:00,789 INFO [__main__] dataset load done dates=17544 users=860
2026-08-15 22:54:00,790 INFO [__main__] model load start
2026-08-15 22:54:11,322 INFO [__main__] model load done name=chronos2 device=cuda parameters_total=119,477,664 parameters_trainable=0
2026-08-15 22:54:11,324 INFO [__main__] extraction start split=adapt queries=350
2026-08-15 23:35:23,172 INFO [__main__] extraction done split=adapt
2026-08-15 23:35:23,172 INFO [__main__] extraction start split=eval queries=28
2026-08-15 23:38:41,495 INFO [__main__] extraction done split=eval
2026-08-15 23:38:42,643 INFO [__main__] completion marker saved path=/home/h61084/codes/adapts/outputs/extraction/Traffic/168_24/chronos2/instance/euclidean/20/online/run_0/extraction_manifest.json
2026-08-15 23:38:42,643 INFO [__main__] outputs saved dir=/home/h61084/codes/adapts/outputs/extraction/Traffic/168_24/chronos2/instance/euclidean/20/online/run_0
2026-08-15 23:38:42,643 INFO [__main__] experiment done seconds=2683.22
2026-08-15 23:38:42,643 INFO [__main__] ========================================================================
2026-08-15 23:38:46,287 INFO [__main__] extraction validation directory=/home/h61084/codes/adapts/outputs/extraction/Traffic/168_24/chronos2/instance/euclidean/20/online/run_0 status=complete
2026-08-15T23:38:46+02:00 extraction done configuration=28/84 dataset=Traffic model=chronos2 lags=168 horizon=24 retrieval=instance_euclidean_20_online
2026-08-15T23:38:46+02:00 skip complete family=extraction dataset=Traffic model=chronos2 lags=336 horizon=48 retrieval=vanilla run=/home/h61084/codes/adapts/outputs/extraction/Traffic/336_48/chronos2/none/none/0/none/run_1
2026-08-15T23:38:46+02:00 skip complete family=extraction dataset=Traffic model=chronos2 lags=336 horizon=48 retrieval=instance_euclidean_1_online run=/home/h61084/codes/adapts/outputs/extraction/Traffic/336_48/chronos2/instance/euclidean/1/online/run_1
2026-08-15T23:38:46+02:00 skip complete family=extraction dataset=Traffic model=chronos2 lags=336 horizon=48 retrieval=instance_euclidean_3_online run=/home/h61084/codes/adapts/outputs/extraction/Traffic/336_48/chronos2/instance/euclidean/3/online/run_1

2026-08-15T23:38:47+02:00 extraction start configuration=32/84 dataset=Traffic model=chronos2 lags=336 horizon=48 retrieval=instance_euclidean_5_online run=/home/h61084/codes/adapts/outputs/extraction/Traffic/336_48/chronos2/instance/euclidean/5/online/run_0 computation_signature=3f9dfcd511f3c25acfcf5ebb0ffc34174dfa2e659658d012f5c485d32cf7b9d6 period=24 align_period=false datastore_stride=25 adapt_stride=25 eval_stride=127 max_store_windows=30000 seed=1
2026-08-15 23:38:49,401 INFO [__main__] ========================================================================
2026-08-15 23:38:49,402 INFO [__main__] experiment start kind=extraction dataset=Traffic model=chronos2 lags=336 horizon=48 neighbors=5 distance=instance/euclidean
2026-08-15 23:38:49,677 INFO [__main__] dataset load start
2026-08-15 23:38:49,679 INFO [src.data.load_dataset] loaded dataset config path=/home/h61084/codes/datasets/traffic/config.json keys=['aggr', 'date_col', 'drop_users']
2026-08-15 23:38:50,785 INFO [__main__] dataset load done dates=17544 users=860
2026-08-15 23:38:50,786 INFO [__main__] model load start
2026-08-15 23:39:01,389 INFO [__main__] model load done name=chronos2 device=cuda parameters_total=119,477,664 parameters_trainable=0
2026-08-15 23:39:01,391 INFO [__main__] extraction start split=adapt queries=349
2026-08-15 23:58:53,926 INFO [__main__] extraction done split=adapt
2026-08-15 23:58:53,926 INFO [__main__] extraction start split=eval queries=28
2026-08-16 00:00:26,798 INFO [__main__] extraction done split=eval
2026-08-16 00:00:27,889 INFO [__main__] completion marker saved path=/home/h61084/codes/adapts/outputs/extraction/Traffic/336_48/chronos2/instance/euclidean/5/online/run_0/extraction_manifest.json
2026-08-16 00:00:27,889 INFO [__main__] outputs saved dir=/home/h61084/codes/adapts/outputs/extraction/Traffic/336_48/chronos2/instance/euclidean/5/online/run_0
2026-08-16 00:00:27,889 INFO [__main__] experiment done seconds=1298.48
2026-08-16 00:00:27,889 INFO [__main__] ========================================================================
2026-08-16 00:00:31,349 INFO [__main__] extraction validation directory=/home/h61084/codes/adapts/outputs/extraction/Traffic/336_48/chronos2/instance/euclidean/5/online/run_0 status=complete
2026-08-16T00:00:31+02:00 extraction done configuration=32/84 dataset=Traffic model=chronos2 lags=336 horizon=48 retrieval=instance_euclidean_5_online

2026-08-16T00:00:31+02:00 extraction start configuration=33/84 dataset=Traffic model=chronos2 lags=336 horizon=48 retrieval=instance_euclidean_10_online run=/home/h61084/codes/adapts/outputs/extraction/Traffic/336_48/chronos2/instance/euclidean/10/online/run_0 computation_signature=f0608f34b64270dc34fe0fe65523583ec3a5f5ba173e92a2c8b935231f2e334d period=24 align_period=false datastore_stride=25 adapt_stride=25 eval_stride=127 max_store_windows=30000 seed=1
2026-08-16 00:00:34,301 INFO [__main__] ========================================================================
2026-08-16 00:00:34,301 INFO [__main__] experiment start kind=extraction dataset=Traffic model=chronos2 lags=336 horizon=48 neighbors=10 distance=instance/euclidean
2026-08-16 00:00:34,605 INFO [__main__] dataset load start
2026-08-16 00:00:34,606 INFO [src.data.load_dataset] loaded dataset config path=/home/h61084/codes/datasets/traffic/config.json keys=['aggr', 'date_col', 'drop_users']
2026-08-16 00:00:35,729 INFO [__main__] dataset load done dates=17544 users=860
2026-08-16 00:00:35,729 INFO [__main__] model load start
2026-08-16 00:00:46,500 INFO [__main__] model load done name=chronos2 device=cuda parameters_total=119,477,664 parameters_trainable=0
2026-08-16 00:00:46,502 INFO [__main__] extraction start split=adapt queries=349
2026-08-16 00:34:05,125 INFO [__main__] extraction done split=adapt
2026-08-16 00:34:05,125 INFO [__main__] extraction start split=eval queries=28
2026-08-16 00:36:46,649 INFO [__main__] extraction done split=eval
2026-08-16 00:36:47,756 INFO [__main__] completion marker saved path=/home/h61084/codes/adapts/outputs/extraction/Traffic/336_48/chronos2/instance/euclidean/10/online/run_0/extraction_manifest.json
2026-08-16 00:36:47,756 INFO [__main__] outputs saved dir=/home/h61084/codes/adapts/outputs/extraction/Traffic/336_48/chronos2/instance/euclidean/10/online/run_0
2026-08-16 00:36:47,756 INFO [__main__] experiment done seconds=2173.45
2026-08-16 00:36:47,756 INFO [__main__] ========================================================================
2026-08-16 00:36:51,384 INFO [__main__] extraction validation directory=/home/h61084/codes/adapts/outputs/extraction/Traffic/336_48/chronos2/instance/euclidean/10/online/run_0 status=complete
2026-08-16T00:36:51+02:00 extraction done configuration=33/84 dataset=Traffic model=chronos2 lags=336 horizon=48 retrieval=instance_euclidean_10_online

2026-08-16T00:36:52+02:00 extraction start configuration=34/84 dataset=Traffic model=chronos2 lags=336 horizon=48 retrieval=instance_euclidean_15_online run=/home/h61084/codes/adapts/outputs/extraction/Traffic/336_48/chronos2/instance/euclidean/15/online/run_0 computation_signature=dc66daac3b811e5c702f6c1a688d41e540135048af256ed35b641a74b4c41f10 period=24 align_period=false datastore_stride=25 adapt_stride=25 eval_stride=127 max_store_windows=30000 seed=1
2026-08-16 00:36:54,327 INFO [__main__] ========================================================================
2026-08-16 00:36:54,327 INFO [__main__] experiment start kind=extraction dataset=Traffic model=chronos2 lags=336 horizon=48 neighbors=15 distance=instance/euclidean
2026-08-16 00:36:54,616 INFO [__main__] dataset load start
2026-08-16 00:36:54,617 INFO [src.data.load_dataset] loaded dataset config path=/home/h61084/codes/datasets/traffic/config.json keys=['aggr', 'date_col', 'drop_users']
2026-08-16 00:36:55,785 INFO [__main__] dataset load done dates=17544 users=860
2026-08-16 00:36:55,785 INFO [__main__] model load start
2026-08-16 00:37:07,094 INFO [__main__] model load done name=chronos2 device=cuda parameters_total=119,477,664 parameters_trainable=0
2026-08-16 00:37:07,096 INFO [__main__] extraction start split=adapt queries=349
2026-08-16 01:24:05,903 INFO [__main__] extraction done split=adapt
2026-08-16 01:24:05,903 INFO [__main__] extraction start split=eval queries=28
2026-08-16 01:27:53,331 INFO [__main__] extraction done split=eval
2026-08-16 01:27:54,431 INFO [__main__] completion marker saved path=/home/h61084/codes/adapts/outputs/extraction/Traffic/336_48/chronos2/instance/euclidean/15/online/run_0/extraction_manifest.json
2026-08-16 01:27:54,432 INFO [__main__] outputs saved dir=/home/h61084/codes/adapts/outputs/extraction/Traffic/336_48/chronos2/instance/euclidean/15/online/run_0
2026-08-16 01:27:54,432 INFO [__main__] experiment done seconds=3060.10
2026-08-16 01:27:54,432 INFO [__main__] ========================================================================
2026-08-16 01:27:58,380 INFO [__main__] extraction validation directory=/home/h61084/codes/adapts/outputs/extraction/Traffic/336_48/chronos2/instance/euclidean/15/online/run_0 status=complete
2026-08-16T01:27:58+02:00 extraction done configuration=34/84 dataset=Traffic model=chronos2 lags=336 horizon=48 retrieval=instance_euclidean_15_online

2026-08-16T01:27:59+02:00 extraction start configuration=35/84 dataset=Traffic model=chronos2 lags=336 horizon=48 retrieval=instance_euclidean_20_online run=/home/h61084/codes/adapts/outputs/extraction/Traffic/336_48/chronos2/instance/euclidean/20/online/run_0 computation_signature=5ed2fcc1b0770e12bb002b9470c9fa637d9994b449be2b51e3a142e02106b83e period=24 align_period=false datastore_stride=25 adapt_stride=25 eval_stride=127 max_store_windows=30000 seed=1
2026-08-16 01:28:01,460 INFO [__main__] ========================================================================
2026-08-16 01:28:01,460 INFO [__main__] experiment start kind=extraction dataset=Traffic model=chronos2 lags=336 horizon=48 neighbors=20 distance=instance/euclidean
2026-08-16 01:28:01,825 INFO [__main__] dataset load start
2026-08-16 01:28:01,827 INFO [src.data.load_dataset] loaded dataset config path=/home/h61084/codes/datasets/traffic/config.json keys=['aggr', 'date_col', 'drop_users']
2026-08-16 01:28:02,919 INFO [__main__] dataset load done dates=17544 users=860
2026-08-16 01:28:02,920 INFO [__main__] model load start
2026-08-16 01:28:15,452 INFO [__main__] model load done name=chronos2 device=cuda parameters_total=119,477,664 parameters_trainable=0
2026-08-16 01:28:15,454 INFO [__main__] extraction start split=adapt queries=349
2026-08-16 02:29:48,142 INFO [__main__] extraction done split=adapt
2026-08-16 02:29:48,143 INFO [__main__] extraction start split=eval queries=28
2026-08-16 02:34:45,310 INFO [__main__] extraction done split=eval
2026-08-16 02:34:46,439 INFO [__main__] completion marker saved path=/home/h61084/codes/adapts/outputs/extraction/Traffic/336_48/chronos2/instance/euclidean/20/online/run_0/extraction_manifest.json
2026-08-16 02:34:46,439 INFO [__main__] outputs saved dir=/home/h61084/codes/adapts/outputs/extraction/Traffic/336_48/chronos2/instance/euclidean/20/online/run_0
2026-08-16 02:34:46,439 INFO [__main__] experiment done seconds=4004.97
2026-08-16 02:34:46,439 INFO [__main__] ========================================================================
2026-08-16 02:34:50,513 INFO [__main__] extraction validation directory=/home/h61084/codes/adapts/outputs/extraction/Traffic/336_48/chronos2/instance/euclidean/20/online/run_0 status=complete
2026-08-16T02:34:50+02:00 extraction done configuration=35/84 dataset=Traffic model=chronos2 lags=336 horizon=48 retrieval=instance_euclidean_20_online
2026-08-16T02:34:51+02:00 skip complete family=extraction dataset=Traffic model=chronos2 lags=504 horizon=168 retrieval=vanilla run=/home/h61084/codes/adapts/outputs/extraction/Traffic/504_168/chronos2/none/none/0/none/run_1
2026-08-16T02:34:51+02:00 skip complete family=extraction dataset=Traffic model=chronos2 lags=504 horizon=168 retrieval=instance_euclidean_1_online run=/home/h61084/codes/adapts/outputs/extraction/Traffic/504_168/chronos2/instance/euclidean/1/online/run_1
2026-08-16T02:34:51+02:00 skip complete family=extraction dataset=Traffic model=chronos2 lags=504 horizon=168 retrieval=instance_euclidean_3_online run=/home/h61084/codes/adapts/outputs/extraction/Traffic/504_168/chronos2/instance/euclidean/3/online/run_1

2026-08-16T02:34:51+02:00 extraction start configuration=39/84 dataset=Traffic model=chronos2 lags=504 horizon=168 retrieval=instance_euclidean_5_online run=/home/h61084/codes/adapts/outputs/extraction/Traffic/504_168/chronos2/instance/euclidean/5/online/run_0 computation_signature=8a241f606931f9e9516d01101d74c57181b4203ef642e6c8e41325e69976190d period=24 align_period=false datastore_stride=25 adapt_stride=25 eval_stride=127 max_store_windows=30000 seed=1
2026-08-16 02:34:53,800 INFO [__main__] ========================================================================
2026-08-16 02:34:53,800 INFO [__main__] experiment start kind=extraction dataset=Traffic model=chronos2 lags=504 horizon=168 neighbors=5 distance=instance/euclidean
2026-08-16 02:34:54,074 INFO [__main__] dataset load start
2026-08-16 02:34:54,076 INFO [src.data.load_dataset] loaded dataset config path=/home/h61084/codes/datasets/traffic/config.json keys=['aggr', 'date_col', 'drop_users']
2026-08-16 02:34:55,172 INFO [__main__] dataset load done dates=17544 users=860
2026-08-16 02:34:55,172 INFO [__main__] model load start
2026-08-16 02:35:06,061 INFO [__main__] model load done name=chronos2 device=cuda parameters_total=119,477,664 parameters_trainable=0
2026-08-16 02:35:06,063 INFO [__main__] extraction start split=adapt queries=345
2026-08-16 03:03:36,012 INFO [__main__] extraction done split=adapt
2026-08-16 03:03:36,013 INFO [__main__] extraction start split=eval queries=27
2026-08-16 03:05:53,639 INFO [__main__] extraction done split=eval
2026-08-16 03:05:54,870 INFO [__main__] completion marker saved path=/home/h61084/codes/adapts/outputs/extraction/Traffic/504_168/chronos2/instance/euclidean/5/online/run_0/extraction_manifest.json
2026-08-16 03:05:54,870 INFO [__main__] outputs saved dir=/home/h61084/codes/adapts/outputs/extraction/Traffic/504_168/chronos2/instance/euclidean/5/online/run_0
2026-08-16 03:05:54,870 INFO [__main__] experiment done seconds=1861.07
2026-08-16 03:05:54,870 INFO [__main__] ========================================================================
2026-08-16 03:05:58,648 INFO [__main__] extraction validation directory=/home/h61084/codes/adapts/outputs/extraction/Traffic/504_168/chronos2/instance/euclidean/5/online/run_0 status=complete
2026-08-16T03:05:59+02:00 extraction done configuration=39/84 dataset=Traffic model=chronos2 lags=504 horizon=168 retrieval=instance_euclidean_5_online

2026-08-16T03:05:59+02:00 extraction start configuration=40/84 dataset=Traffic model=chronos2 lags=504 horizon=168 retrieval=instance_euclidean_10_online run=/home/h61084/codes/adapts/outputs/extraction/Traffic/504_168/chronos2/instance/euclidean/10/online/run_0 computation_signature=025ba0a607b2d49181ee95e49ae0ca8f6054bdba9429363338b68daefc846ba0 period=24 align_period=false datastore_stride=25 adapt_stride=25 eval_stride=127 max_store_windows=30000 seed=1
2026-08-16 03:06:01,649 INFO [__main__] ========================================================================
2026-08-16 03:06:01,649 INFO [__main__] experiment start kind=extraction dataset=Traffic model=chronos2 lags=504 horizon=168 neighbors=10 distance=instance/euclidean
2026-08-16 03:06:02,000 INFO [__main__] dataset load start
2026-08-16 03:06:02,001 INFO [src.data.load_dataset] loaded dataset config path=/home/h61084/codes/datasets/traffic/config.json keys=['aggr', 'date_col', 'drop_users']
2026-08-16 03:06:03,207 INFO [__main__] dataset load done dates=17544 users=860
2026-08-16 03:06:03,208 INFO [__main__] model load start
2026-08-16 03:06:14,209 INFO [__main__] model load done name=chronos2 device=cuda parameters_total=119,477,664 parameters_trainable=0
2026-08-16 03:06:14,211 INFO [__main__] extraction start split=adapt queries=345
2026-08-16 03:55:08,287 INFO [__main__] extraction done split=adapt
2026-08-16 03:55:08,287 INFO [__main__] extraction start split=eval queries=27
2026-08-16 03:58:56,693 INFO [__main__] extraction done split=eval
2026-08-16 03:58:57,752 INFO [__main__] completion marker saved path=/home/h61084/codes/adapts/outputs/extraction/Traffic/504_168/chronos2/instance/euclidean/10/online/run_0/extraction_manifest.json
2026-08-16 03:58:57,752 INFO [__main__] outputs saved dir=/home/h61084/codes/adapts/outputs/extraction/Traffic/504_168/chronos2/instance/euclidean/10/online/run_0
2026-08-16 03:58:57,752 INFO [__main__] experiment done seconds=3176.10
2026-08-16 03:58:57,752 INFO [__main__] ========================================================================
2026-08-16 03:59:01,570 INFO [__main__] extraction validation directory=/home/h61084/codes/adapts/outputs/extraction/Traffic/504_168/chronos2/instance/euclidean/10/online/run_0 status=complete
2026-08-16T03:59:02+02:00 extraction done configuration=40/84 dataset=Traffic model=chronos2 lags=504 horizon=168 retrieval=instance_euclidean_10_online

2026-08-16T03:59:02+02:00 extraction start configuration=41/84 dataset=Traffic model=chronos2 lags=504 horizon=168 retrieval=instance_euclidean_15_online run=/home/h61084/codes/adapts/outputs/extraction/Traffic/504_168/chronos2/instance/euclidean/15/online/run_0 computation_signature=e9b2b587ff7c23000a7ce046b590de2b03efbd5897b0f6983fb358ef78a034fd period=24 align_period=false datastore_stride=25 adapt_stride=25 eval_stride=127 max_store_windows=30000 seed=1
2026-08-16 03:59:04,426 INFO [__main__] ========================================================================
2026-08-16 03:59:04,426 INFO [__main__] experiment start kind=extraction dataset=Traffic model=chronos2 lags=504 horizon=168 neighbors=15 distance=instance/euclidean
2026-08-16 03:59:04,732 INFO [__main__] dataset load start
2026-08-16 03:59:04,733 INFO [src.data.load_dataset] loaded dataset config path=/home/h61084/codes/datasets/traffic/config.json keys=['aggr', 'date_col', 'drop_users']
2026-08-16 03:59:05,840 INFO [__main__] dataset load done dates=17544 users=860
2026-08-16 03:59:05,840 INFO [__main__] model load start
2026-08-16 03:59:16,554 INFO [__main__] model load done name=chronos2 device=cuda parameters_total=119,477,664 parameters_trainable=0
2026-08-16 03:59:16,556 INFO [__main__] extraction start split=adapt queries=345
2026-08-16 05:02:56,891 INFO [__main__] extraction done split=adapt
2026-08-16 05:02:56,891 INFO [__main__] extraction start split=eval queries=27
2026-08-16 05:07:55,121 INFO [__main__] extraction done split=eval
2026-08-16 05:07:56,240 INFO [__main__] completion marker saved path=/home/h61084/codes/adapts/outputs/extraction/Traffic/504_168/chronos2/instance/euclidean/15/online/run_0/extraction_manifest.json
2026-08-16 05:07:56,240 INFO [__main__] outputs saved dir=/home/h61084/codes/adapts/outputs/extraction/Traffic/504_168/chronos2/instance/euclidean/15/online/run_0
2026-08-16 05:07:56,240 INFO [__main__] experiment done seconds=4131.81
2026-08-16 05:07:56,240 INFO [__main__] ========================================================================
2026-08-16 05:08:00,418 INFO [__main__] extraction validation directory=/home/h61084/codes/adapts/outputs/extraction/Traffic/504_168/chronos2/instance/euclidean/15/online/run_0 status=complete
2026-08-16T05:08:00+02:00 extraction done configuration=41/84 dataset=Traffic model=chronos2 lags=504 horizon=168 retrieval=instance_euclidean_15_online

2026-08-16T05:08:01+02:00 extraction start configuration=42/84 dataset=Traffic model=chronos2 lags=504 horizon=168 retrieval=instance_euclidean_20_online run=/home/h61084/codes/adapts/outputs/extraction/Traffic/504_168/chronos2/instance/euclidean/20/online/run_0 computation_signature=7e6c10f3c781bcef375da39481881f2b8f9a1a2e104356aaa6616e76ded09137 period=24 align_period=false datastore_stride=25 adapt_stride=25 eval_stride=127 max_store_windows=30000 seed=1
2026-08-16 05:08:03,449 INFO [__main__] ========================================================================
2026-08-16 05:08:03,449 INFO [__main__] experiment start kind=extraction dataset=Traffic model=chronos2 lags=504 horizon=168 neighbors=20 distance=instance/euclidean
2026-08-16 05:08:03,668 INFO [__main__] dataset load start
2026-08-16 05:08:03,670 INFO [src.data.load_dataset] loaded dataset config path=/home/h61084/codes/datasets/traffic/config.json keys=['aggr', 'date_col', 'drop_users']
2026-08-16 05:08:04,778 INFO [__main__] dataset load done dates=17544 users=860
2026-08-16 05:08:04,778 INFO [__main__] model load start
2026-08-16 05:08:15,553 INFO [__main__] model load done name=chronos2 device=cuda parameters_total=119,477,664 parameters_trainable=0
2026-08-16 05:08:15,555 INFO [__main__] extraction start split=adapt queries=345
2026-08-16 06:37:04,690 INFO [__main__] extraction done split=adapt
2026-08-16 06:37:04,690 INFO [__main__] extraction start split=eval queries=27
2026-08-16 06:44:03,957 INFO [__main__] extraction done split=eval
2026-08-16 06:44:05,194 INFO [__main__] completion marker saved path=/home/h61084/codes/adapts/outputs/extraction/Traffic/504_168/chronos2/instance/euclidean/20/online/run_0/extraction_manifest.json
2026-08-16 06:44:05,194 INFO [__main__] outputs saved dir=/home/h61084/codes/adapts/outputs/extraction/Traffic/504_168/chronos2/instance/euclidean/20/online/run_0
2026-08-16 06:44:05,194 INFO [__main__] experiment done seconds=5761.74
2026-08-16 06:44:05,194 INFO [__main__] ========================================================================
2026-08-16 06:44:09,720 INFO [__main__] extraction validation directory=/home/h61084/codes/adapts/outputs/extraction/Traffic/504_168/chronos2/instance/euclidean/20/online/run_0 status=complete
2026-08-16T06:44:10+02:00 extraction done configuration=42/84 dataset=Traffic model=chronos2 lags=504 horizon=168 retrieval=instance_euclidean_20_online
2026-08-16T06:44:10+02:00 skip complete family=extraction dataset=Solar model=chronos2 lags=168 horizon=24 retrieval=vanilla run=/home/h61084/codes/adapts/outputs/extraction/Solar/168_24/chronos2/none/none/0/none/run_1
2026-08-16T06:44:10+02:00 skip complete family=extraction dataset=Solar model=chronos2 lags=168 horizon=24 retrieval=instance_euclidean_1_online run=/home/h61084/codes/adapts/outputs/extraction/Solar/168_24/chronos2/instance/euclidean/1/online/run_1
2026-08-16T06:44:10+02:00 skip complete family=extraction dataset=Solar model=chronos2 lags=168 horizon=24 retrieval=instance_euclidean_3_online run=/home/h61084/codes/adapts/outputs/extraction/Solar/168_24/chronos2/instance/euclidean/3/online/run_1

2026-08-16T06:44:10+02:00 extraction start configuration=46/84 dataset=Solar model=chronos2 lags=168 horizon=24 retrieval=instance_euclidean_5_online run=/home/h61084/codes/adapts/outputs/extraction/Solar/168_24/chronos2/instance/euclidean/5/online/run_0 computation_signature=e6242859dba2c8c98a0351a4056235c10a2c31433b906240cf81b6f81c69276f period=24 align_period=false datastore_stride=25 adapt_stride=25 eval_stride=127 max_store_windows=30000 seed=1
2026-08-16 06:44:13,034 INFO [__main__] ========================================================================
2026-08-16 06:44:13,035 INFO [__main__] experiment start kind=extraction dataset=Solar model=chronos2 lags=168 horizon=24 neighbors=5 distance=instance/euclidean
2026-08-16 06:44:13,278 INFO [__main__] dataset load start
2026-08-16 06:44:13,279 INFO [src.data.load_dataset] loaded dataset config path=/home/h61084/codes/datasets/solar/config.json keys=['aggr', 'date_col', 'drop_users']
2026-08-16 06:44:13,678 INFO [__main__] dataset load done dates=8760 users=137
2026-08-16 06:44:13,679 INFO [__main__] model load start
2026-08-16 06:44:24,468 INFO [__main__] model load done name=chronos2 device=cuda parameters_total=119,477,664 parameters_trainable=0
2026-08-16 06:44:24,469 INFO [__main__] extraction start split=adapt queries=175
2026-08-16 06:45:38,632 INFO [__main__] extraction done split=adapt
2026-08-16 06:45:38,632 INFO [__main__] extraction start split=eval queries=14
2026-08-16 06:45:44,821 INFO [__main__] extraction done split=eval
2026-08-16 06:45:45,531 INFO [__main__] completion marker saved path=/home/h61084/codes/adapts/outputs/extraction/Solar/168_24/chronos2/instance/euclidean/5/online/run_0/extraction_manifest.json
2026-08-16 06:45:45,531 INFO [__main__] outputs saved dir=/home/h61084/codes/adapts/outputs/extraction/Solar/168_24/chronos2/instance/euclidean/5/online/run_0
2026-08-16 06:45:45,531 INFO [__main__] experiment done seconds=92.49
2026-08-16 06:45:45,531 INFO [__main__] ========================================================================
2026-08-16 06:45:48,803 INFO [__main__] extraction validation directory=/home/h61084/codes/adapts/outputs/extraction/Solar/168_24/chronos2/instance/euclidean/5/online/run_0 status=complete
2026-08-16T06:45:49+02:00 extraction done configuration=46/84 dataset=Solar model=chronos2 lags=168 horizon=24 retrieval=instance_euclidean_5_online

2026-08-16T06:45:49+02:00 extraction start configuration=47/84 dataset=Solar model=chronos2 lags=168 horizon=24 retrieval=instance_euclidean_10_online run=/home/h61084/codes/adapts/outputs/extraction/Solar/168_24/chronos2/instance/euclidean/10/online/run_0 computation_signature=fb3afbdc51914bf6dca5994771d1139fe9827841532e5a3232904e2999947272 period=24 align_period=false datastore_stride=25 adapt_stride=25 eval_stride=127 max_store_windows=30000 seed=1
2026-08-16 06:45:51,700 INFO [__main__] ========================================================================
2026-08-16 06:45:51,701 INFO [__main__] experiment start kind=extraction dataset=Solar model=chronos2 lags=168 horizon=24 neighbors=10 distance=instance/euclidean
2026-08-16 06:45:51,894 INFO [__main__] dataset load start
2026-08-16 06:45:51,895 INFO [src.data.load_dataset] loaded dataset config path=/home/h61084/codes/datasets/solar/config.json keys=['aggr', 'date_col', 'drop_users']
2026-08-16 06:45:52,258 INFO [__main__] dataset load done dates=8760 users=137
2026-08-16 06:45:52,258 INFO [__main__] model load start
2026-08-16 06:46:02,962 INFO [__main__] model load done name=chronos2 device=cuda parameters_total=119,477,664 parameters_trainable=0
2026-08-16 06:46:02,963 INFO [__main__] extraction start split=adapt queries=175
2026-08-16 06:48:07,151 INFO [__main__] extraction done split=adapt
2026-08-16 06:48:07,151 INFO [__main__] extraction start split=eval queries=14
2026-08-16 06:48:17,803 INFO [__main__] extraction done split=eval
2026-08-16 06:48:18,430 INFO [__main__] completion marker saved path=/home/h61084/codes/adapts/outputs/extraction/Solar/168_24/chronos2/instance/euclidean/10/online/run_0/extraction_manifest.json
2026-08-16 06:48:18,430 INFO [__main__] outputs saved dir=/home/h61084/codes/adapts/outputs/extraction/Solar/168_24/chronos2/instance/euclidean/10/online/run_0
2026-08-16 06:48:18,430 INFO [__main__] experiment done seconds=146.72
2026-08-16 06:48:18,430 INFO [__main__] ========================================================================
2026-08-16 06:48:21,764 INFO [__main__] extraction validation directory=/home/h61084/codes/adapts/outputs/extraction/Solar/168_24/chronos2/instance/euclidean/10/online/run_0 status=complete
2026-08-16T06:48:22+02:00 extraction done configuration=47/84 dataset=Solar model=chronos2 lags=168 horizon=24 retrieval=instance_euclidean_10_online

2026-08-16T06:48:22+02:00 extraction start configuration=48/84 dataset=Solar model=chronos2 lags=168 horizon=24 retrieval=instance_euclidean_15_online run=/home/h61084/codes/adapts/outputs/extraction/Solar/168_24/chronos2/instance/euclidean/15/online/run_0 computation_signature=7eaae4522df66157ca199fe0b6b4de35773cd1bddb2534998aea8e52406645c1 period=24 align_period=false datastore_stride=25 adapt_stride=25 eval_stride=127 max_store_windows=30000 seed=1
2026-08-16 06:48:24,700 INFO [__main__] ========================================================================
2026-08-16 06:48:24,701 INFO [__main__] experiment start kind=extraction dataset=Solar model=chronos2 lags=168 horizon=24 neighbors=15 distance=instance/euclidean
2026-08-16 06:48:24,937 INFO [__main__] dataset load start
2026-08-16 06:48:24,938 INFO [src.data.load_dataset] loaded dataset config path=/home/h61084/codes/datasets/solar/config.json keys=['aggr', 'date_col', 'drop_users']
2026-08-16 06:48:25,302 INFO [__main__] dataset load done dates=8760 users=137
2026-08-16 06:48:25,302 INFO [__main__] model load start
2026-08-16 06:48:36,105 INFO [__main__] model load done name=chronos2 device=cuda parameters_total=119,477,664 parameters_trainable=0
2026-08-16 06:48:36,106 INFO [__main__] extraction start split=adapt queries=175
2026-08-16 06:51:29,530 INFO [__main__] extraction done split=adapt
2026-08-16 06:51:29,531 INFO [__main__] extraction start split=eval queries=14
2026-08-16 06:51:43,127 INFO [__main__] extraction done split=eval
2026-08-16 06:51:43,814 INFO [__main__] completion marker saved path=/home/h61084/codes/adapts/outputs/extraction/Solar/168_24/chronos2/instance/euclidean/15/online/run_0/extraction_manifest.json
2026-08-16 06:51:43,814 INFO [__main__] outputs saved dir=/home/h61084/codes/adapts/outputs/extraction/Solar/168_24/chronos2/instance/euclidean/15/online/run_0
2026-08-16 06:51:43,814 INFO [__main__] experiment done seconds=199.11
2026-08-16 06:51:43,814 INFO [__main__] ========================================================================
2026-08-16 06:51:47,110 INFO [__main__] extraction validation directory=/home/h61084/codes/adapts/outputs/extraction/Solar/168_24/chronos2/instance/euclidean/15/online/run_0 status=complete
2026-08-16T06:51:47+02:00 extraction done configuration=48/84 dataset=Solar model=chronos2 lags=168 horizon=24 retrieval=instance_euclidean_15_online

2026-08-16T06:51:47+02:00 extraction start configuration=49/84 dataset=Solar model=chronos2 lags=168 horizon=24 retrieval=instance_euclidean_20_online run=/home/h61084/codes/adapts/outputs/extraction/Solar/168_24/chronos2/instance/euclidean/20/online/run_0 computation_signature=06720d9b3099ce75f4d29c8ec6bc62d07cbd4a8e2e79357da67207085bf45d87 period=24 align_period=false datastore_stride=25 adapt_stride=25 eval_stride=127 max_store_windows=30000 seed=1
2026-08-16 06:51:50,037 INFO [__main__] ========================================================================
2026-08-16 06:51:50,037 INFO [__main__] experiment start kind=extraction dataset=Solar model=chronos2 lags=168 horizon=24 neighbors=20 distance=instance/euclidean
2026-08-16 06:51:50,281 INFO [__main__] dataset load start
2026-08-16 06:51:50,283 INFO [src.data.load_dataset] loaded dataset config path=/home/h61084/codes/datasets/solar/config.json keys=['aggr', 'date_col', 'drop_users']
2026-08-16 06:51:50,647 INFO [__main__] dataset load done dates=8760 users=137
2026-08-16 06:51:50,647 INFO [__main__] model load start
2026-08-16 06:52:01,422 INFO [__main__] model load done name=chronos2 device=cuda parameters_total=119,477,664 parameters_trainable=0
2026-08-16 06:52:01,423 INFO [__main__] extraction start split=adapt queries=175
2026-08-16 06:55:26,539 INFO [__main__] extraction done split=adapt
2026-08-16 06:55:26,539 INFO [__main__] extraction start split=eval queries=14
2026-08-16 06:55:44,054 INFO [__main__] extraction done split=eval
2026-08-16 06:55:44,871 INFO [__main__] completion marker saved path=/home/h61084/codes/adapts/outputs/extraction/Solar/168_24/chronos2/instance/euclidean/20/online/run_0/extraction_manifest.json
2026-08-16 06:55:44,871 INFO [__main__] outputs saved dir=/home/h61084/codes/adapts/outputs/extraction/Solar/168_24/chronos2/instance/euclidean/20/online/run_0
2026-08-16 06:55:44,871 INFO [__main__] experiment done seconds=234.83
2026-08-16 06:55:44,871 INFO [__main__] ========================================================================
2026-08-16 06:55:48,136 INFO [__main__] extraction validation directory=/home/h61084/codes/adapts/outputs/extraction/Solar/168_24/chronos2/instance/euclidean/20/online/run_0 status=complete
2026-08-16T06:55:48+02:00 extraction done configuration=49/84 dataset=Solar model=chronos2 lags=168 horizon=24 retrieval=instance_euclidean_20_online
2026-08-16T06:55:48+02:00 skip complete family=extraction dataset=Solar model=chronos2 lags=336 horizon=48 retrieval=vanilla run=/home/h61084/codes/adapts/outputs/extraction/Solar/336_48/chronos2/none/none/0/none/run_1
2026-08-16T06:55:48+02:00 skip complete family=extraction dataset=Solar model=chronos2 lags=336 horizon=48 retrieval=instance_euclidean_1_online run=/home/h61084/codes/adapts/outputs/extraction/Solar/336_48/chronos2/instance/euclidean/1/online/run_1
2026-08-16T06:55:48+02:00 skip complete family=extraction dataset=Solar model=chronos2 lags=336 horizon=48 retrieval=instance_euclidean_3_online run=/home/h61084/codes/adapts/outputs/extraction/Solar/336_48/chronos2/instance/euclidean/3/online/run_1

2026-08-16T06:55:49+02:00 extraction start configuration=53/84 dataset=Solar model=chronos2 lags=336 horizon=48 retrieval=instance_euclidean_5_online run=/home/h61084/codes/adapts/outputs/extraction/Solar/336_48/chronos2/instance/euclidean/5/online/run_0 computation_signature=485e39d9aee2f7d64abb7182057125f873ffdaf92d14cd0f5c8c89ac25b191a3 period=24 align_period=false datastore_stride=25 adapt_stride=25 eval_stride=127 max_store_windows=30000 seed=1
2026-08-16 06:55:51,342 INFO [__main__] ========================================================================
2026-08-16 06:55:51,342 INFO [__main__] experiment start kind=extraction dataset=Solar model=chronos2 lags=336 horizon=48 neighbors=5 distance=instance/euclidean
2026-08-16 06:55:51,604 INFO [__main__] dataset load start
2026-08-16 06:55:51,605 INFO [src.data.load_dataset] loaded dataset config path=/home/h61084/codes/datasets/solar/config.json keys=['aggr', 'date_col', 'drop_users']
2026-08-16 06:55:51,975 INFO [__main__] dataset load done dates=8760 users=137
2026-08-16 06:55:51,975 INFO [__main__] model load start
2026-08-16 06:56:02,719 INFO [__main__] model load done name=chronos2 device=cuda parameters_total=119,477,664 parameters_trainable=0
2026-08-16 06:56:02,720 INFO [__main__] extraction start split=adapt queries=174
2026-08-16 06:57:58,742 INFO [__main__] extraction done split=adapt
2026-08-16 06:57:58,742 INFO [__main__] extraction start split=eval queries=14
2026-08-16 06:58:08,503 INFO [__main__] extraction done split=eval
2026-08-16 06:58:09,266 INFO [__main__] completion marker saved path=/home/h61084/codes/adapts/outputs/extraction/Solar/336_48/chronos2/instance/euclidean/5/online/run_0/extraction_manifest.json
2026-08-16 06:58:09,266 INFO [__main__] outputs saved dir=/home/h61084/codes/adapts/outputs/extraction/Solar/336_48/chronos2/instance/euclidean/5/online/run_0
2026-08-16 06:58:09,266 INFO [__main__] experiment done seconds=137.92
2026-08-16 06:58:09,266 INFO [__main__] ========================================================================
2026-08-16 06:58:12,538 INFO [__main__] extraction validation directory=/home/h61084/codes/adapts/outputs/extraction/Solar/336_48/chronos2/instance/euclidean/5/online/run_0 status=complete
2026-08-16T06:58:12+02:00 extraction done configuration=53/84 dataset=Solar model=chronos2 lags=336 horizon=48 retrieval=instance_euclidean_5_online

2026-08-16T06:58:13+02:00 extraction start configuration=54/84 dataset=Solar model=chronos2 lags=336 horizon=48 retrieval=instance_euclidean_10_online run=/home/h61084/codes/adapts/outputs/extraction/Solar/336_48/chronos2/instance/euclidean/10/online/run_0 computation_signature=70c1f48daa707c00c2491223358f4be1befaf5b683301291a4ba7bb235b4de4f period=24 align_period=false datastore_stride=25 adapt_stride=25 eval_stride=127 max_store_windows=30000 seed=1
2026-08-16 06:58:15,475 INFO [__main__] ========================================================================
2026-08-16 06:58:15,476 INFO [__main__] experiment start kind=extraction dataset=Solar model=chronos2 lags=336 horizon=48 neighbors=10 distance=instance/euclidean
2026-08-16 06:58:15,722 INFO [__main__] dataset load start
2026-08-16 06:58:15,723 INFO [src.data.load_dataset] loaded dataset config path=/home/h61084/codes/datasets/solar/config.json keys=['aggr', 'date_col', 'drop_users']
2026-08-16 06:58:16,091 INFO [__main__] dataset load done dates=8760 users=137
2026-08-16 06:58:16,091 INFO [__main__] model load start
2026-08-16 06:58:26,779 INFO [__main__] model load done name=chronos2 device=cuda parameters_total=119,477,664 parameters_trainable=0
2026-08-16 06:58:26,780 INFO [__main__] extraction start split=adapt queries=174
2026-08-16 07:01:23,170 INFO [__main__] extraction done split=adapt
2026-08-16 07:01:23,170 INFO [__main__] extraction start split=eval queries=14
2026-08-16 07:01:37,717 INFO [__main__] extraction done split=eval
2026-08-16 07:01:38,355 INFO [__main__] completion marker saved path=/home/h61084/codes/adapts/outputs/extraction/Solar/336_48/chronos2/instance/euclidean/10/online/run_0/extraction_manifest.json
2026-08-16 07:01:38,355 INFO [__main__] outputs saved dir=/home/h61084/codes/adapts/outputs/extraction/Solar/336_48/chronos2/instance/euclidean/10/online/run_0
2026-08-16 07:01:38,355 INFO [__main__] experiment done seconds=202.87
2026-08-16 07:01:38,355 INFO [__main__] ========================================================================
2026-08-16 07:01:41,654 INFO [__main__] extraction validation directory=/home/h61084/codes/adapts/outputs/extraction/Solar/336_48/chronos2/instance/euclidean/10/online/run_0 status=complete
2026-08-16T07:01:42+02:00 extraction done configuration=54/84 dataset=Solar model=chronos2 lags=336 horizon=48 retrieval=instance_euclidean_10_online

2026-08-16T07:01:42+02:00 extraction start configuration=55/84 dataset=Solar model=chronos2 lags=336 horizon=48 retrieval=instance_euclidean_15_online run=/home/h61084/codes/adapts/outputs/extraction/Solar/336_48/chronos2/instance/euclidean/15/online/run_0 computation_signature=78a30422b7ae15454fd50982e5e0d4a88a48a3a4b7ecda6adf75f2fb8957b4a1 period=24 align_period=false datastore_stride=25 adapt_stride=25 eval_stride=127 max_store_windows=30000 seed=1
2026-08-16 07:01:44,595 INFO [__main__] ========================================================================
2026-08-16 07:01:44,595 INFO [__main__] experiment start kind=extraction dataset=Solar model=chronos2 lags=336 horizon=48 neighbors=15 distance=instance/euclidean
2026-08-16 07:01:44,827 INFO [__main__] dataset load start
2026-08-16 07:01:44,829 INFO [src.data.load_dataset] loaded dataset config path=/home/h61084/codes/datasets/solar/config.json keys=['aggr', 'date_col', 'drop_users']
2026-08-16 07:01:45,235 INFO [__main__] dataset load done dates=8760 users=137
2026-08-16 07:01:45,235 INFO [__main__] model load start
2026-08-16 07:01:56,082 INFO [__main__] model load done name=chronos2 device=cuda parameters_total=119,477,664 parameters_trainable=0
2026-08-16 07:01:56,083 INFO [__main__] extraction start split=adapt queries=174
2026-08-16 07:05:56,975 INFO [__main__] extraction done split=adapt
2026-08-16 07:05:56,975 INFO [__main__] extraction start split=eval queries=14
2026-08-16 07:06:16,838 INFO [__main__] extraction done split=eval
2026-08-16 07:06:17,635 INFO [__main__] completion marker saved path=/home/h61084/codes/adapts/outputs/extraction/Solar/336_48/chronos2/instance/euclidean/15/online/run_0/extraction_manifest.json
2026-08-16 07:06:17,635 INFO [__main__] outputs saved dir=/home/h61084/codes/adapts/outputs/extraction/Solar/336_48/chronos2/instance/euclidean/15/online/run_0
2026-08-16 07:06:17,635 INFO [__main__] experiment done seconds=273.03
2026-08-16 07:06:17,635 INFO [__main__] ========================================================================
2026-08-16 07:06:20,876 INFO [__main__] extraction validation directory=/home/h61084/codes/adapts/outputs/extraction/Solar/336_48/chronos2/instance/euclidean/15/online/run_0 status=complete
2026-08-16T07:06:21+02:00 extraction done configuration=55/84 dataset=Solar model=chronos2 lags=336 horizon=48 retrieval=instance_euclidean_15_online

2026-08-16T07:06:21+02:00 extraction start configuration=56/84 dataset=Solar model=chronos2 lags=336 horizon=48 retrieval=instance_euclidean_20_online run=/home/h61084/codes/adapts/outputs/extraction/Solar/336_48/chronos2/instance/euclidean/20/online/run_0 computation_signature=bac15bdc4a9ea2e9611aebeeba1865478a53f3dc4b6ed5c88e38a58715126d24 period=24 align_period=false datastore_stride=25 adapt_stride=25 eval_stride=127 max_store_windows=30000 seed=1
2026-08-16 07:06:23,786 INFO [__main__] ========================================================================
2026-08-16 07:06:23,786 INFO [__main__] experiment start kind=extraction dataset=Solar model=chronos2 lags=336 horizon=48 neighbors=20 distance=instance/euclidean
2026-08-16 07:06:24,024 INFO [__main__] dataset load start
2026-08-16 07:06:24,026 INFO [src.data.load_dataset] loaded dataset config path=/home/h61084/codes/datasets/solar/config.json keys=['aggr', 'date_col', 'drop_users']
2026-08-16 07:06:24,386 INFO [__main__] dataset load done dates=8760 users=137
2026-08-16 07:06:24,386 INFO [__main__] model load start
2026-08-16 07:06:35,152 INFO [__main__] model load done name=chronos2 device=cuda parameters_total=119,477,664 parameters_trainable=0
2026-08-16 07:06:35,153 INFO [__main__] extraction start split=adapt queries=174
2026-08-16 07:11:55,630 INFO [__main__] extraction done split=adapt
2026-08-16 07:11:55,630 INFO [__main__] extraction start split=eval queries=14
2026-08-16 07:12:21,035 INFO [__main__] extraction done split=eval
2026-08-16 07:12:21,853 INFO [__main__] completion marker saved path=/home/h61084/codes/adapts/outputs/extraction/Solar/336_48/chronos2/instance/euclidean/20/online/run_0/extraction_manifest.json
2026-08-16 07:12:21,853 INFO [__main__] outputs saved dir=/home/h61084/codes/adapts/outputs/extraction/Solar/336_48/chronos2/instance/euclidean/20/online/run_0
2026-08-16 07:12:21,853 INFO [__main__] experiment done seconds=358.06
2026-08-16 07:12:21,853 INFO [__main__] ========================================================================
2026-08-16 07:12:25,225 INFO [__main__] extraction validation directory=/home/h61084/codes/adapts/outputs/extraction/Solar/336_48/chronos2/instance/euclidean/20/online/run_0 status=complete
2026-08-16T07:12:25+02:00 extraction done configuration=56/84 dataset=Solar model=chronos2 lags=336 horizon=48 retrieval=instance_euclidean_20_online
2026-08-16T07:12:25+02:00 skip complete family=extraction dataset=Solar model=chronos2 lags=504 horizon=168 retrieval=vanilla run=/home/h61084/codes/adapts/outputs/extraction/Solar/504_168/chronos2/none/none/0/none/run_1
2026-08-16T07:12:25+02:00 skip complete family=extraction dataset=Solar model=chronos2 lags=504 horizon=168 retrieval=instance_euclidean_1_online run=/home/h61084/codes/adapts/outputs/extraction/Solar/504_168/chronos2/instance/euclidean/1/online/run_1
2026-08-16T07:12:25+02:00 skip complete family=extraction dataset=Solar model=chronos2 lags=504 horizon=168 retrieval=instance_euclidean_3_online run=/home/h61084/codes/adapts/outputs/extraction/Solar/504_168/chronos2/instance/euclidean/3/online/run_1

2026-08-16T07:12:26+02:00 extraction start configuration=60/84 dataset=Solar model=chronos2 lags=504 horizon=168 retrieval=instance_euclidean_5_online run=/home/h61084/codes/adapts/outputs/extraction/Solar/504_168/chronos2/instance/euclidean/5/online/run_0 computation_signature=7c302a7b03d2d59406a3181fb589d439b734b2f2902dd5318c759bb7f114912f period=24 align_period=false datastore_stride=25 adapt_stride=25 eval_stride=127 max_store_windows=30000 seed=1
2026-08-16 07:12:28,501 INFO [__main__] ========================================================================
2026-08-16 07:12:28,501 INFO [__main__] experiment start kind=extraction dataset=Solar model=chronos2 lags=504 horizon=168 neighbors=5 distance=instance/euclidean
2026-08-16 07:12:28,728 INFO [__main__] dataset load start
2026-08-16 07:12:28,729 INFO [src.data.load_dataset] loaded dataset config path=/home/h61084/codes/datasets/solar/config.json keys=['aggr', 'date_col', 'drop_users']
2026-08-16 07:12:29,099 INFO [__main__] dataset load done dates=8760 users=137
2026-08-16 07:12:29,099 INFO [__main__] model load start
2026-08-16 07:12:39,882 INFO [__main__] model load done name=chronos2 device=cuda parameters_total=119,477,664 parameters_trainable=0
2026-08-16 07:12:39,883 INFO [__main__] extraction start split=adapt queries=169
2026-08-16 07:15:21,029 INFO [__main__] extraction done split=adapt
2026-08-16 07:15:21,029 INFO [__main__] extraction start split=eval queries=13
2026-08-16 07:15:32,860 INFO [__main__] extraction done split=eval
2026-08-16 07:15:33,501 INFO [__main__] completion marker saved path=/home/h61084/codes/adapts/outputs/extraction/Solar/504_168/chronos2/instance/euclidean/5/online/run_0/extraction_manifest.json
2026-08-16 07:15:33,501 INFO [__main__] outputs saved dir=/home/h61084/codes/adapts/outputs/extraction/Solar/504_168/chronos2/instance/euclidean/5/online/run_0
2026-08-16 07:15:33,501 INFO [__main__] experiment done seconds=184.99
2026-08-16 07:15:33,501 INFO [__main__] ========================================================================
2026-08-16 07:15:36,788 INFO [__main__] extraction validation directory=/home/h61084/codes/adapts/outputs/extraction/Solar/504_168/chronos2/instance/euclidean/5/online/run_0 status=complete
2026-08-16T07:15:37+02:00 extraction done configuration=60/84 dataset=Solar model=chronos2 lags=504 horizon=168 retrieval=instance_euclidean_5_online

2026-08-16T07:15:37+02:00 extraction start configuration=61/84 dataset=Solar model=chronos2 lags=504 horizon=168 retrieval=instance_euclidean_10_online run=/home/h61084/codes/adapts/outputs/extraction/Solar/504_168/chronos2/instance/euclidean/10/online/run_0 computation_signature=a46bf6b9137e48a5ec50c3598f789a9da281bf80632b7693676f86c0c4e31e41 period=24 align_period=false datastore_stride=25 adapt_stride=25 eval_stride=127 max_store_windows=30000 seed=1
2026-08-16 07:15:39,817 INFO [__main__] ========================================================================
2026-08-16 07:15:39,817 INFO [__main__] experiment start kind=extraction dataset=Solar model=chronos2 lags=504 horizon=168 neighbors=10 distance=instance/euclidean
2026-08-16 07:15:40,015 INFO [__main__] dataset load start
2026-08-16 07:15:40,016 INFO [src.data.load_dataset] loaded dataset config path=/home/h61084/codes/datasets/solar/config.json keys=['aggr', 'date_col', 'drop_users']
2026-08-16 07:15:40,397 INFO [__main__] dataset load done dates=8760 users=137
2026-08-16 07:15:40,397 INFO [__main__] model load start
2026-08-16 07:15:51,196 INFO [__main__] model load done name=chronos2 device=cuda parameters_total=119,477,664 parameters_trainable=0
2026-08-16 07:15:51,198 INFO [__main__] extraction start split=adapt queries=169
2026-08-16 07:20:06,301 INFO [__main__] extraction done split=adapt
2026-08-16 07:20:06,301 INFO [__main__] extraction start split=eval queries=13
2026-08-16 07:20:25,487 INFO [__main__] extraction done split=eval
2026-08-16 07:20:26,334 INFO [__main__] completion marker saved path=/home/h61084/codes/adapts/outputs/extraction/Solar/504_168/chronos2/instance/euclidean/10/online/run_0/extraction_manifest.json
2026-08-16 07:20:26,335 INFO [__main__] outputs saved dir=/home/h61084/codes/adapts/outputs/extraction/Solar/504_168/chronos2/instance/euclidean/10/online/run_0
2026-08-16 07:20:26,335 INFO [__main__] experiment done seconds=286.51
2026-08-16 07:20:26,335 INFO [__main__] ========================================================================
2026-08-16 07:20:29,603 INFO [__main__] extraction validation directory=/home/h61084/codes/adapts/outputs/extraction/Solar/504_168/chronos2/instance/euclidean/10/online/run_0 status=complete
2026-08-16T07:20:29+02:00 extraction done configuration=61/84 dataset=Solar model=chronos2 lags=504 horizon=168 retrieval=instance_euclidean_10_online

2026-08-16T07:20:30+02:00 extraction start configuration=62/84 dataset=Solar model=chronos2 lags=504 horizon=168 retrieval=instance_euclidean_15_online run=/home/h61084/codes/adapts/outputs/extraction/Solar/504_168/chronos2/instance/euclidean/15/online/run_0 computation_signature=167c33278903987fa2b5b0c9f1b60f0931bc795a58b4702c051e5b85fa4bf306 period=24 align_period=false datastore_stride=25 adapt_stride=25 eval_stride=127 max_store_windows=30000 seed=1
2026-08-16 07:20:32,488 INFO [__main__] ========================================================================
2026-08-16 07:20:32,488 INFO [__main__] experiment start kind=extraction dataset=Solar model=chronos2 lags=504 horizon=168 neighbors=15 distance=instance/euclidean
2026-08-16 07:20:32,717 INFO [__main__] dataset load start
2026-08-16 07:20:32,718 INFO [src.data.load_dataset] loaded dataset config path=/home/h61084/codes/datasets/solar/config.json keys=['aggr', 'date_col', 'drop_users']
2026-08-16 07:20:33,088 INFO [__main__] dataset load done dates=8760 users=137
2026-08-16 07:20:33,089 INFO [__main__] model load start
2026-08-16 07:20:43,978 INFO [__main__] model load done name=chronos2 device=cuda parameters_total=119,477,664 parameters_trainable=0
2026-08-16 07:20:43,979 INFO [__main__] extraction start split=adapt queries=169
2026-08-16 07:26:07,659 INFO [__main__] extraction done split=adapt
2026-08-16 07:26:07,660 INFO [__main__] extraction start split=eval queries=13
2026-08-16 07:26:32,457 INFO [__main__] extraction done split=eval
2026-08-16 07:26:33,291 INFO [__main__] completion marker saved path=/home/h61084/codes/adapts/outputs/extraction/Solar/504_168/chronos2/instance/euclidean/15/online/run_0/extraction_manifest.json
2026-08-16 07:26:33,291 INFO [__main__] outputs saved dir=/home/h61084/codes/adapts/outputs/extraction/Solar/504_168/chronos2/instance/euclidean/15/online/run_0
2026-08-16 07:26:33,291 INFO [__main__] experiment done seconds=360.80
2026-08-16 07:26:33,291 INFO [__main__] ========================================================================
2026-08-16 07:26:36,582 INFO [__main__] extraction validation directory=/home/h61084/codes/adapts/outputs/extraction/Solar/504_168/chronos2/instance/euclidean/15/online/run_0 status=complete
2026-08-16T07:26:36+02:00 extraction done configuration=62/84 dataset=Solar model=chronos2 lags=504 horizon=168 retrieval=instance_euclidean_15_online

2026-08-16T07:26:37+02:00 extraction start configuration=63/84 dataset=Solar model=chronos2 lags=504 horizon=168 retrieval=instance_euclidean_20_online run=/home/h61084/codes/adapts/outputs/extraction/Solar/504_168/chronos2/instance/euclidean/20/online/run_0 computation_signature=1c0f5acd8032dca104af1183837c38b9ce04d0b3fdaebd7505f274829ef72ff6 period=24 align_period=false datastore_stride=25 adapt_stride=25 eval_stride=127 max_store_windows=30000 seed=1
2026-08-16 07:26:39,460 INFO [__main__] ========================================================================
2026-08-16 07:26:39,461 INFO [__main__] experiment start kind=extraction dataset=Solar model=chronos2 lags=504 horizon=168 neighbors=20 distance=instance/euclidean
2026-08-16 07:26:39,717 INFO [__main__] dataset load start
2026-08-16 07:26:39,719 INFO [src.data.load_dataset] loaded dataset config path=/home/h61084/codes/datasets/solar/config.json keys=['aggr', 'date_col', 'drop_users']
2026-08-16 07:26:40,125 INFO [__main__] dataset load done dates=8760 users=137
2026-08-16 07:26:40,126 INFO [__main__] model load start
2026-08-16 07:26:50,808 INFO [__main__] model load done name=chronos2 device=cuda parameters_total=119,477,664 parameters_trainable=0
2026-08-16 07:26:50,809 INFO [__main__] extraction start split=adapt queries=169
2026-08-16 07:34:02,604 INFO [__main__] extraction done split=adapt
2026-08-16 07:34:02,604 INFO [__main__] extraction start split=eval queries=13
2026-08-16 07:34:36,653 INFO [__main__] extraction done split=eval
2026-08-16 07:34:37,389 INFO [__main__] completion marker saved path=/home/h61084/codes/adapts/outputs/extraction/Solar/504_168/chronos2/instance/euclidean/20/online/run_0/extraction_manifest.json
2026-08-16 07:34:37,389 INFO [__main__] outputs saved dir=/home/h61084/codes/adapts/outputs/extraction/Solar/504_168/chronos2/instance/euclidean/20/online/run_0
2026-08-16 07:34:37,389 INFO [__main__] experiment done seconds=477.92
2026-08-16 07:34:37,389 INFO [__main__] ========================================================================
2026-08-16 07:34:40,698 INFO [__main__] extraction validation directory=/home/h61084/codes/adapts/outputs/extraction/Solar/504_168/chronos2/instance/euclidean/20/online/run_0 status=complete
2026-08-16T07:34:41+02:00 extraction done configuration=63/84 dataset=Solar model=chronos2 lags=504 horizon=168 retrieval=instance_euclidean_20_online
2026-08-16T07:34:41+02:00 skip complete family=extraction dataset=exchange_rate model=chronos2 lags=168 horizon=24 retrieval=vanilla run=/home/h61084/codes/adapts/outputs/extraction/exchange_rate/168_24/chronos2/none/none/0/none/run_1
2026-08-16T07:34:41+02:00 skip complete family=extraction dataset=exchange_rate model=chronos2 lags=168 horizon=24 retrieval=instance_euclidean_1_online run=/home/h61084/codes/adapts/outputs/extraction/exchange_rate/168_24/chronos2/instance/euclidean/1/online/run_1
2026-08-16T07:34:41+02:00 skip complete family=extraction dataset=exchange_rate model=chronos2 lags=168 horizon=24 retrieval=instance_euclidean_3_online run=/home/h61084/codes/adapts/outputs/extraction/exchange_rate/168_24/chronos2/instance/euclidean/3/online/run_1

2026-08-16T07:34:41+02:00 extraction start configuration=67/84 dataset=exchange_rate model=chronos2 lags=168 horizon=24 retrieval=instance_euclidean_5_online run=/home/h61084/codes/adapts/outputs/extraction/exchange_rate/168_24/chronos2/instance/euclidean/5/online/run_0 computation_signature=e5f98d79d6b627c6adddefd573032e04d563855724c8c47456f608a581be1ce3 period=24 align_period=false datastore_stride=25 adapt_stride=25 eval_stride=127 max_store_windows=30000 seed=1
2026-08-16 07:34:44,014 INFO [__main__] ========================================================================
2026-08-16 07:34:44,014 INFO [__main__] experiment start kind=extraction dataset=exchange_rate model=chronos2 lags=168 horizon=24 neighbors=5 distance=instance/euclidean
2026-08-16 07:34:44,218 INFO [__main__] dataset load start
2026-08-16 07:34:44,219 INFO [src.data.load_dataset] loaded dataset config path=/home/h61084/codes/datasets/exchange_rate/config.json keys=['aggr', 'date_col', 'drop_users']
2026-08-16 07:34:44,237 INFO [__main__] dataset load done dates=7588 users=8
2026-08-16 07:34:44,237 INFO [__main__] model load start
2026-08-16 07:34:55,019 INFO [__main__] model load done name=chronos2 device=cuda parameters_total=119,477,664 parameters_trainable=0
2026-08-16 07:34:55,020 INFO [__main__] extraction start split=adapt queries=151
2026-08-16 07:35:03,210 INFO [__main__] extraction done split=adapt
2026-08-16 07:35:03,210 INFO [__main__] extraction start split=eval queries=12
2026-08-16 07:35:03,836 INFO [__main__] extraction done split=eval
2026-08-16 07:35:04,401 INFO [__main__] completion marker saved path=/home/h61084/codes/adapts/outputs/extraction/exchange_rate/168_24/chronos2/instance/euclidean/5/online/run_0/extraction_manifest.json
2026-08-16 07:35:04,401 INFO [__main__] outputs saved dir=/home/h61084/codes/adapts/outputs/extraction/exchange_rate/168_24/chronos2/instance/euclidean/5/online/run_0
2026-08-16 07:35:04,401 INFO [__main__] experiment done seconds=20.38
2026-08-16 07:35:04,401 INFO [__main__] ========================================================================
2026-08-16 07:35:07,208 INFO [__main__] extraction validation directory=/home/h61084/codes/adapts/outputs/extraction/exchange_rate/168_24/chronos2/instance/euclidean/5/online/run_0 status=complete
2026-08-16T07:35:07+02:00 extraction done configuration=67/84 dataset=exchange_rate model=chronos2 lags=168 horizon=24 retrieval=instance_euclidean_5_online

2026-08-16T07:35:07+02:00 extraction start configuration=68/84 dataset=exchange_rate model=chronos2 lags=168 horizon=24 retrieval=instance_euclidean_10_online run=/home/h61084/codes/adapts/outputs/extraction/exchange_rate/168_24/chronos2/instance/euclidean/10/online/run_0 computation_signature=961b90253273a58352a3299181e40d91ff8fd135ade7e59a1edfa63e6824952a period=24 align_period=false datastore_stride=25 adapt_stride=25 eval_stride=127 max_store_windows=30000 seed=1
2026-08-16 07:35:10,098 INFO [__main__] ========================================================================
2026-08-16 07:35:10,099 INFO [__main__] experiment start kind=extraction dataset=exchange_rate model=chronos2 lags=168 horizon=24 neighbors=10 distance=instance/euclidean
2026-08-16 07:35:10,299 INFO [__main__] dataset load start
2026-08-16 07:35:10,300 INFO [src.data.load_dataset] loaded dataset config path=/home/h61084/codes/datasets/exchange_rate/config.json keys=['aggr', 'date_col', 'drop_users']
2026-08-16 07:35:10,318 INFO [__main__] dataset load done dates=7588 users=8
2026-08-16 07:35:10,318 INFO [__main__] model load start
2026-08-16 07:35:17,743 INFO [__main__] model load done name=chronos2 device=cuda parameters_total=119,477,664 parameters_trainable=0
2026-08-16 07:35:17,744 INFO [__main__] extraction start split=adapt queries=151
2026-08-16 07:35:27,710 INFO [__main__] extraction done split=adapt
2026-08-16 07:35:27,711 INFO [__main__] extraction start split=eval queries=12
2026-08-16 07:35:28,440 INFO [__main__] extraction done split=eval
2026-08-16 07:35:29,041 INFO [__main__] completion marker saved path=/home/h61084/codes/adapts/outputs/extraction/exchange_rate/168_24/chronos2/instance/euclidean/10/online/run_0/extraction_manifest.json
2026-08-16 07:35:29,041 INFO [__main__] outputs saved dir=/home/h61084/codes/adapts/outputs/extraction/exchange_rate/168_24/chronos2/instance/euclidean/10/online/run_0
2026-08-16 07:35:29,041 INFO [__main__] experiment done seconds=18.94
2026-08-16 07:35:29,041 INFO [__main__] ========================================================================
2026-08-16 07:35:31,845 INFO [__main__] extraction validation directory=/home/h61084/codes/adapts/outputs/extraction/exchange_rate/168_24/chronos2/instance/euclidean/10/online/run_0 status=complete
2026-08-16T07:35:32+02:00 extraction done configuration=68/84 dataset=exchange_rate model=chronos2 lags=168 horizon=24 retrieval=instance_euclidean_10_online

2026-08-16T07:35:32+02:00 extraction start configuration=69/84 dataset=exchange_rate model=chronos2 lags=168 horizon=24 retrieval=instance_euclidean_15_online run=/home/h61084/codes/adapts/outputs/extraction/exchange_rate/168_24/chronos2/instance/euclidean/15/online/run_0 computation_signature=030f1dca4dfd2d5fce4974b424f03630b56beb1012bde88f629f35293f33976a period=24 align_period=false datastore_stride=25 adapt_stride=25 eval_stride=127 max_store_windows=30000 seed=1
2026-08-16 07:35:34,803 INFO [__main__] ========================================================================
2026-08-16 07:35:34,803 INFO [__main__] experiment start kind=extraction dataset=exchange_rate model=chronos2 lags=168 horizon=24 neighbors=15 distance=instance/euclidean
2026-08-16 07:35:35,032 INFO [__main__] dataset load start
2026-08-16 07:35:35,034 INFO [src.data.load_dataset] loaded dataset config path=/home/h61084/codes/datasets/exchange_rate/config.json keys=['aggr', 'date_col', 'drop_users']
2026-08-16 07:35:35,050 INFO [__main__] dataset load done dates=7588 users=8
2026-08-16 07:35:35,051 INFO [__main__] model load start
2026-08-16 07:35:42,437 INFO [__main__] model load done name=chronos2 device=cuda parameters_total=119,477,664 parameters_trainable=0
2026-08-16 07:35:42,438 INFO [__main__] extraction start split=adapt queries=151
2026-08-16 07:35:53,792 INFO [__main__] extraction done split=adapt
2026-08-16 07:35:53,792 INFO [__main__] extraction start split=eval queries=12
2026-08-16 07:35:54,671 INFO [__main__] extraction done split=eval
2026-08-16 07:35:55,312 INFO [__main__] completion marker saved path=/home/h61084/codes/adapts/outputs/extraction/exchange_rate/168_24/chronos2/instance/euclidean/15/online/run_0/extraction_manifest.json
2026-08-16 07:35:55,313 INFO [__main__] outputs saved dir=/home/h61084/codes/adapts/outputs/extraction/exchange_rate/168_24/chronos2/instance/euclidean/15/online/run_0
2026-08-16 07:35:55,313 INFO [__main__] experiment done seconds=20.50
2026-08-16 07:35:55,313 INFO [__main__] ========================================================================
2026-08-16 07:35:58,371 INFO [__main__] extraction validation directory=/home/h61084/codes/adapts/outputs/extraction/exchange_rate/168_24/chronos2/instance/euclidean/15/online/run_0 status=complete
2026-08-16T07:35:58+02:00 extraction done configuration=69/84 dataset=exchange_rate model=chronos2 lags=168 horizon=24 retrieval=instance_euclidean_15_online

2026-08-16T07:35:59+02:00 extraction start configuration=70/84 dataset=exchange_rate model=chronos2 lags=168 horizon=24 retrieval=instance_euclidean_20_online run=/home/h61084/codes/adapts/outputs/extraction/exchange_rate/168_24/chronos2/instance/euclidean/20/online/run_0 computation_signature=ba2967558e858d6a45b8f25b79705b145b7f0d4960bf674e1366d0187e1e003a period=24 align_period=false datastore_stride=25 adapt_stride=25 eval_stride=127 max_store_windows=30000 seed=1
2026-08-16 07:36:01,363 INFO [__main__] ========================================================================
2026-08-16 07:36:01,363 INFO [__main__] experiment start kind=extraction dataset=exchange_rate model=chronos2 lags=168 horizon=24 neighbors=20 distance=instance/euclidean
2026-08-16 07:36:01,574 INFO [__main__] dataset load start
2026-08-16 07:36:01,576 INFO [src.data.load_dataset] loaded dataset config path=/home/h61084/codes/datasets/exchange_rate/config.json keys=['aggr', 'date_col', 'drop_users']
2026-08-16 07:36:01,592 INFO [__main__] dataset load done dates=7588 users=8
2026-08-16 07:36:01,592 INFO [__main__] model load start
2026-08-16 07:36:11,810 INFO [__main__] model load done name=chronos2 device=cuda parameters_total=119,477,664 parameters_trainable=0
2026-08-16 07:36:11,811 INFO [__main__] extraction start split=adapt queries=151
2026-08-16 07:36:24,937 INFO [__main__] extraction done split=adapt
2026-08-16 07:36:24,937 INFO [__main__] extraction start split=eval queries=12
2026-08-16 07:36:25,970 INFO [__main__] extraction done split=eval
2026-08-16 07:36:26,507 INFO [__main__] completion marker saved path=/home/h61084/codes/adapts/outputs/extraction/exchange_rate/168_24/chronos2/instance/euclidean/20/online/run_0/extraction_manifest.json
2026-08-16 07:36:26,507 INFO [__main__] outputs saved dir=/home/h61084/codes/adapts/outputs/extraction/exchange_rate/168_24/chronos2/instance/euclidean/20/online/run_0
2026-08-16 07:36:26,507 INFO [__main__] experiment done seconds=25.14
2026-08-16 07:36:26,507 INFO [__main__] ========================================================================
2026-08-16 07:36:29,353 INFO [__main__] extraction validation directory=/home/h61084/codes/adapts/outputs/extraction/exchange_rate/168_24/chronos2/instance/euclidean/20/online/run_0 status=complete
2026-08-16T07:36:29+02:00 extraction done configuration=70/84 dataset=exchange_rate model=chronos2 lags=168 horizon=24 retrieval=instance_euclidean_20_online
2026-08-16T07:36:29+02:00 skip complete family=extraction dataset=exchange_rate model=chronos2 lags=336 horizon=48 retrieval=vanilla run=/home/h61084/codes/adapts/outputs/extraction/exchange_rate/336_48/chronos2/none/none/0/none/run_1
2026-08-16T07:36:29+02:00 skip complete family=extraction dataset=exchange_rate model=chronos2 lags=336 horizon=48 retrieval=instance_euclidean_1_online run=/home/h61084/codes/adapts/outputs/extraction/exchange_rate/336_48/chronos2/instance/euclidean/1/online/run_1
2026-08-16T07:36:30+02:00 skip complete family=extraction dataset=exchange_rate model=chronos2 lags=336 horizon=48 retrieval=instance_euclidean_3_online run=/home/h61084/codes/adapts/outputs/extraction/exchange_rate/336_48/chronos2/instance/euclidean/3/online/run_1

2026-08-16T07:36:30+02:00 extraction start configuration=74/84 dataset=exchange_rate model=chronos2 lags=336 horizon=48 retrieval=instance_euclidean_5_online run=/home/h61084/codes/adapts/outputs/extraction/exchange_rate/336_48/chronos2/instance/euclidean/5/online/run_0 computation_signature=3eb88ffce50a773d743bd8d3d429838672740ca26ae4f8b7988f3debb8f0009c period=24 align_period=false datastore_stride=25 adapt_stride=25 eval_stride=127 max_store_windows=30000 seed=1
2026-08-16 07:36:32,517 INFO [__main__] ========================================================================
2026-08-16 07:36:32,517 INFO [__main__] experiment start kind=extraction dataset=exchange_rate model=chronos2 lags=336 horizon=48 neighbors=5 distance=instance/euclidean
2026-08-16 07:36:32,748 INFO [__main__] dataset load start
2026-08-16 07:36:32,750 INFO [src.data.load_dataset] loaded dataset config path=/home/h61084/codes/datasets/exchange_rate/config.json keys=['aggr', 'date_col', 'drop_users']
2026-08-16 07:36:32,766 INFO [__main__] dataset load done dates=7588 users=8
2026-08-16 07:36:32,767 INFO [__main__] model load start
2026-08-16 07:36:40,150 INFO [__main__] model load done name=chronos2 device=cuda parameters_total=119,477,664 parameters_trainable=0
2026-08-16 07:36:40,151 INFO [__main__] extraction start split=adapt queries=150
2026-08-16 07:36:49,013 INFO [__main__] extraction done split=adapt
2026-08-16 07:36:49,013 INFO [__main__] extraction start split=eval queries=12
2026-08-16 07:36:49,689 INFO [__main__] extraction done split=eval
2026-08-16 07:36:50,292 INFO [__main__] completion marker saved path=/home/h61084/codes/adapts/outputs/extraction/exchange_rate/336_48/chronos2/instance/euclidean/5/online/run_0/extraction_manifest.json
2026-08-16 07:36:50,292 INFO [__main__] outputs saved dir=/home/h61084/codes/adapts/outputs/extraction/exchange_rate/336_48/chronos2/instance/euclidean/5/online/run_0
2026-08-16 07:36:50,292 INFO [__main__] experiment done seconds=17.77
2026-08-16 07:36:50,292 INFO [__main__] ========================================================================
2026-08-16 07:36:52,967 INFO [__main__] extraction validation directory=/home/h61084/codes/adapts/outputs/extraction/exchange_rate/336_48/chronos2/instance/euclidean/5/online/run_0 status=complete
2026-08-16T07:36:53+02:00 extraction done configuration=74/84 dataset=exchange_rate model=chronos2 lags=336 horizon=48 retrieval=instance_euclidean_5_online

2026-08-16T07:36:53+02:00 extraction start configuration=75/84 dataset=exchange_rate model=chronos2 lags=336 horizon=48 retrieval=instance_euclidean_10_online run=/home/h61084/codes/adapts/outputs/extraction/exchange_rate/336_48/chronos2/instance/euclidean/10/online/run_0 computation_signature=b5da0d458ed15ad41cb99fe2974ec0c765aa70e85caf9eaeddd4a5ab9ab23f15 period=24 align_period=false datastore_stride=25 adapt_stride=25 eval_stride=127 max_store_windows=30000 seed=1
2026-08-16 07:36:55,908 INFO [__main__] ========================================================================
2026-08-16 07:36:55,909 INFO [__main__] experiment start kind=extraction dataset=exchange_rate model=chronos2 lags=336 horizon=48 neighbors=10 distance=instance/euclidean
2026-08-16 07:36:56,109 INFO [__main__] dataset load start
2026-08-16 07:36:56,111 INFO [src.data.load_dataset] loaded dataset config path=/home/h61084/codes/datasets/exchange_rate/config.json keys=['aggr', 'date_col', 'drop_users']
2026-08-16 07:36:56,128 INFO [__main__] dataset load done dates=7588 users=8
2026-08-16 07:36:56,128 INFO [__main__] model load start
2026-08-16 07:37:03,697 INFO [__main__] model load done name=chronos2 device=cuda parameters_total=119,477,664 parameters_trainable=0
2026-08-16 07:37:03,698 INFO [__main__] extraction start split=adapt queries=150
2026-08-16 07:37:15,727 INFO [__main__] extraction done split=adapt
2026-08-16 07:37:15,727 INFO [__main__] extraction start split=eval queries=12
2026-08-16 07:37:16,794 INFO [__main__] extraction done split=eval
2026-08-16 07:37:17,415 INFO [__main__] completion marker saved path=/home/h61084/codes/adapts/outputs/extraction/exchange_rate/336_48/chronos2/instance/euclidean/10/online/run_0/extraction_manifest.json
2026-08-16 07:37:17,415 INFO [__main__] outputs saved dir=/home/h61084/codes/adapts/outputs/extraction/exchange_rate/336_48/chronos2/instance/euclidean/10/online/run_0
2026-08-16 07:37:17,415 INFO [__main__] experiment done seconds=21.50
2026-08-16 07:37:17,415 INFO [__main__] ========================================================================
2026-08-16 07:37:20,230 INFO [__main__] extraction validation directory=/home/h61084/codes/adapts/outputs/extraction/exchange_rate/336_48/chronos2/instance/euclidean/10/online/run_0 status=complete
2026-08-16T07:37:20+02:00 extraction done configuration=75/84 dataset=exchange_rate model=chronos2 lags=336 horizon=48 retrieval=instance_euclidean_10_online

2026-08-16T07:37:20+02:00 extraction start configuration=76/84 dataset=exchange_rate model=chronos2 lags=336 horizon=48 retrieval=instance_euclidean_15_online run=/home/h61084/codes/adapts/outputs/extraction/exchange_rate/336_48/chronos2/instance/euclidean/15/online/run_0 computation_signature=2cab6bdcddeac1b06d1c4e3364abb75ba89f931cc8d96e6a440d576aeccaf1b5 period=24 align_period=false datastore_stride=25 adapt_stride=25 eval_stride=127 max_store_windows=30000 seed=1
2026-08-16 07:37:23,020 INFO [__main__] ========================================================================
2026-08-16 07:37:23,021 INFO [__main__] experiment start kind=extraction dataset=exchange_rate model=chronos2 lags=336 horizon=48 neighbors=15 distance=instance/euclidean
2026-08-16 07:37:23,272 INFO [__main__] dataset load start
2026-08-16 07:37:23,273 INFO [src.data.load_dataset] loaded dataset config path=/home/h61084/codes/datasets/exchange_rate/config.json keys=['aggr', 'date_col', 'drop_users']
2026-08-16 07:37:23,288 INFO [__main__] dataset load done dates=7588 users=8
2026-08-16 07:37:23,288 INFO [__main__] model load start
2026-08-16 07:37:33,492 INFO [__main__] model load done name=chronos2 device=cuda parameters_total=119,477,664 parameters_trainable=0
2026-08-16 07:37:33,493 INFO [__main__] extraction start split=adapt queries=150
2026-08-16 07:38:01,962 INFO [__main__] extraction done split=adapt
2026-08-16 07:38:01,962 INFO [__main__] extraction start split=eval queries=12
2026-08-16 07:38:04,353 INFO [__main__] extraction done split=eval
2026-08-16 07:38:05,081 INFO [__main__] completion marker saved path=/home/h61084/codes/adapts/outputs/extraction/exchange_rate/336_48/chronos2/instance/euclidean/15/online/run_0/extraction_manifest.json
2026-08-16 07:38:05,081 INFO [__main__] outputs saved dir=/home/h61084/codes/adapts/outputs/extraction/exchange_rate/336_48/chronos2/instance/euclidean/15/online/run_0
2026-08-16 07:38:05,081 INFO [__main__] experiment done seconds=42.06
2026-08-16 07:38:05,082 INFO [__main__] ========================================================================
2026-08-16 07:38:07,948 INFO [__main__] extraction validation directory=/home/h61084/codes/adapts/outputs/extraction/exchange_rate/336_48/chronos2/instance/euclidean/15/online/run_0 status=complete
2026-08-16T07:38:08+02:00 extraction done configuration=76/84 dataset=exchange_rate model=chronos2 lags=336 horizon=48 retrieval=instance_euclidean_15_online

2026-08-16T07:38:08+02:00 extraction start configuration=77/84 dataset=exchange_rate model=chronos2 lags=336 horizon=48 retrieval=instance_euclidean_20_online run=/home/h61084/codes/adapts/outputs/extraction/exchange_rate/336_48/chronos2/instance/euclidean/20/online/run_0 computation_signature=5c0ed4258584f075dab61d56a20551fd5bcfc868d14cdbeaa1133a28f6f50e90 period=24 align_period=false datastore_stride=25 adapt_stride=25 eval_stride=127 max_store_windows=30000 seed=1
2026-08-16 07:38:10,824 INFO [__main__] ========================================================================
2026-08-16 07:38:10,824 INFO [__main__] experiment start kind=extraction dataset=exchange_rate model=chronos2 lags=336 horizon=48 neighbors=20 distance=instance/euclidean
2026-08-16 07:38:11,047 INFO [__main__] dataset load start
2026-08-16 07:38:11,049 INFO [src.data.load_dataset] loaded dataset config path=/home/h61084/codes/datasets/exchange_rate/config.json keys=['aggr', 'date_col', 'drop_users']
2026-08-16 07:38:11,066 INFO [__main__] dataset load done dates=7588 users=8
2026-08-16 07:38:11,066 INFO [__main__] model load start
2026-08-16 07:38:18,493 INFO [__main__] model load done name=chronos2 device=cuda parameters_total=119,477,664 parameters_trainable=0
2026-08-16 07:38:18,494 INFO [__main__] extraction start split=adapt queries=150
2026-08-16 07:38:51,362 INFO [__main__] extraction done split=adapt
2026-08-16 07:38:51,362 INFO [__main__] extraction start split=eval queries=12
2026-08-16 07:38:53,839 INFO [__main__] extraction done split=eval
2026-08-16 07:38:54,643 INFO [__main__] completion marker saved path=/home/h61084/codes/adapts/outputs/extraction/exchange_rate/336_48/chronos2/instance/euclidean/20/online/run_0/extraction_manifest.json
2026-08-16 07:38:54,643 INFO [__main__] outputs saved dir=/home/h61084/codes/adapts/outputs/extraction/exchange_rate/336_48/chronos2/instance/euclidean/20/online/run_0
2026-08-16 07:38:54,644 INFO [__main__] experiment done seconds=43.81
2026-08-16 07:38:54,644 INFO [__main__] ========================================================================
2026-08-16 07:38:57,700 INFO [__main__] extraction validation directory=/home/h61084/codes/adapts/outputs/extraction/exchange_rate/336_48/chronos2/instance/euclidean/20/online/run_0 status=complete
2026-08-16T07:38:58+02:00 extraction done configuration=77/84 dataset=exchange_rate model=chronos2 lags=336 horizon=48 retrieval=instance_euclidean_20_online
2026-08-16T07:38:58+02:00 skip complete family=extraction dataset=exchange_rate model=chronos2 lags=504 horizon=168 retrieval=vanilla run=/home/h61084/codes/adapts/outputs/extraction/exchange_rate/504_168/chronos2/none/none/0/none/run_1
2026-08-16T07:38:58+02:00 skip complete family=extraction dataset=exchange_rate model=chronos2 lags=504 horizon=168 retrieval=instance_euclidean_1_online run=/home/h61084/codes/adapts/outputs/extraction/exchange_rate/504_168/chronos2/instance/euclidean/1/online/run_1
2026-08-16T07:38:58+02:00 skip complete family=extraction dataset=exchange_rate model=chronos2 lags=504 horizon=168 retrieval=instance_euclidean_3_online run=/home/h61084/codes/adapts/outputs/extraction/exchange_rate/504_168/chronos2/instance/euclidean/3/online/run_1

2026-08-16T07:38:58+02:00 extraction start configuration=81/84 dataset=exchange_rate model=chronos2 lags=504 horizon=168 retrieval=instance_euclidean_5_online run=/home/h61084/codes/adapts/outputs/extraction/exchange_rate/504_168/chronos2/instance/euclidean/5/online/run_0 computation_signature=5638918875a0002af3141f88073db24a8701daaf4a4a56afdda0fd2360dd6f14 period=24 align_period=false datastore_stride=25 adapt_stride=25 eval_stride=127 max_store_windows=30000 seed=1
2026-08-16 07:39:00,903 INFO [__main__] ========================================================================
2026-08-16 07:39:00,903 INFO [__main__] experiment start kind=extraction dataset=exchange_rate model=chronos2 lags=504 horizon=168 neighbors=5 distance=instance/euclidean
2026-08-16 07:39:01,110 INFO [__main__] dataset load start
2026-08-16 07:39:01,111 INFO [src.data.load_dataset] loaded dataset config path=/home/h61084/codes/datasets/exchange_rate/config.json keys=['aggr', 'date_col', 'drop_users']
2026-08-16 07:39:01,128 INFO [__main__] dataset load done dates=7588 users=8
2026-08-16 07:39:01,128 INFO [__main__] model load start
2026-08-16 07:39:11,192 INFO [__main__] model load done name=chronos2 device=cuda parameters_total=119,477,664 parameters_trainable=0
2026-08-16 07:39:11,193 INFO [__main__] extraction start split=adapt queries=146
2026-08-16 07:39:22,727 INFO [__main__] extraction done split=adapt
2026-08-16 07:39:22,727 INFO [__main__] extraction start split=eval queries=11
2026-08-16 07:39:23,634 INFO [__main__] extraction done split=eval
2026-08-16 07:39:24,248 INFO [__main__] completion marker saved path=/home/h61084/codes/adapts/outputs/extraction/exchange_rate/504_168/chronos2/instance/euclidean/5/online/run_0/extraction_manifest.json
2026-08-16 07:39:24,248 INFO [__main__] outputs saved dir=/home/h61084/codes/adapts/outputs/extraction/exchange_rate/504_168/chronos2/instance/euclidean/5/online/run_0
2026-08-16 07:39:24,248 INFO [__main__] experiment done seconds=23.34
2026-08-16 07:39:24,248 INFO [__main__] ========================================================================
2026-08-16 07:39:27,075 INFO [__main__] extraction validation directory=/home/h61084/codes/adapts/outputs/extraction/exchange_rate/504_168/chronos2/instance/euclidean/5/online/run_0 status=complete
2026-08-16T07:39:27+02:00 extraction done configuration=81/84 dataset=exchange_rate model=chronos2 lags=504 horizon=168 retrieval=instance_euclidean_5_online

2026-08-16T07:39:27+02:00 extraction start configuration=82/84 dataset=exchange_rate model=chronos2 lags=504 horizon=168 retrieval=instance_euclidean_10_online run=/home/h61084/codes/adapts/outputs/extraction/exchange_rate/504_168/chronos2/instance/euclidean/10/online/run_0 computation_signature=c989d18572c5e439a08545101beceda5887815e68757d10b0f82e10d4d01fcdd period=24 align_period=false datastore_stride=25 adapt_stride=25 eval_stride=127 max_store_windows=30000 seed=1
2026-08-16 07:39:29,938 INFO [__main__] ========================================================================
2026-08-16 07:39:29,938 INFO [__main__] experiment start kind=extraction dataset=exchange_rate model=chronos2 lags=504 horizon=168 neighbors=10 distance=instance/euclidean
2026-08-16 07:39:30,139 INFO [__main__] dataset load start
2026-08-16 07:39:30,140 INFO [src.data.load_dataset] loaded dataset config path=/home/h61084/codes/datasets/exchange_rate/config.json keys=['aggr', 'date_col', 'drop_users']
2026-08-16 07:39:30,157 INFO [__main__] dataset load done dates=7588 users=8
2026-08-16 07:39:30,157 INFO [__main__] model load start
2026-08-16 07:39:37,634 INFO [__main__] model load done name=chronos2 device=cuda parameters_total=119,477,664 parameters_trainable=0
2026-08-16 07:39:37,635 INFO [__main__] extraction start split=adapt queries=146
2026-08-16 07:40:07,578 INFO [__main__] extraction done split=adapt
2026-08-16 07:40:07,578 INFO [__main__] extraction start split=eval queries=11
2026-08-16 07:40:09,843 INFO [__main__] extraction done split=eval
2026-08-16 07:40:10,458 INFO [__main__] completion marker saved path=/home/h61084/codes/adapts/outputs/extraction/exchange_rate/504_168/chronos2/instance/euclidean/10/online/run_0/extraction_manifest.json
2026-08-16 07:40:10,458 INFO [__main__] outputs saved dir=/home/h61084/codes/adapts/outputs/extraction/exchange_rate/504_168/chronos2/instance/euclidean/10/online/run_0
2026-08-16 07:40:10,458 INFO [__main__] experiment done seconds=40.51
2026-08-16 07:40:10,458 INFO [__main__] ========================================================================
2026-08-16 07:40:13,467 INFO [__main__] extraction validation directory=/home/h61084/codes/adapts/outputs/extraction/exchange_rate/504_168/chronos2/instance/euclidean/10/online/run_0 status=complete
2026-08-16T07:40:13+02:00 extraction done configuration=82/84 dataset=exchange_rate model=chronos2 lags=504 horizon=168 retrieval=instance_euclidean_10_online

2026-08-16T07:40:14+02:00 extraction start configuration=83/84 dataset=exchange_rate model=chronos2 lags=504 horizon=168 retrieval=instance_euclidean_15_online run=/home/h61084/codes/adapts/outputs/extraction/exchange_rate/504_168/chronos2/instance/euclidean/15/online/run_0 computation_signature=96c9ec1ee5841d7fcfbfa6f2f9683b99aa95ae4de0adb53fdee6542f8a3f400d period=24 align_period=false datastore_stride=25 adapt_stride=25 eval_stride=127 max_store_windows=30000 seed=1
2026-08-16 07:40:16,392 INFO [__main__] ========================================================================
2026-08-16 07:40:16,392 INFO [__main__] experiment start kind=extraction dataset=exchange_rate model=chronos2 lags=504 horizon=168 neighbors=15 distance=instance/euclidean
2026-08-16 07:40:16,616 INFO [__main__] dataset load start
2026-08-16 07:40:16,617 INFO [src.data.load_dataset] loaded dataset config path=/home/h61084/codes/datasets/exchange_rate/config.json keys=['aggr', 'date_col', 'drop_users']
2026-08-16 07:40:16,635 INFO [__main__] dataset load done dates=7588 users=8
2026-08-16 07:40:16,635 INFO [__main__] model load start
2026-08-16 07:40:26,696 INFO [__main__] model load done name=chronos2 device=cuda parameters_total=119,477,664 parameters_trainable=0
2026-08-16 07:40:26,697 INFO [__main__] extraction start split=adapt queries=146
2026-08-16 07:40:59,361 INFO [__main__] extraction done split=adapt
2026-08-16 07:40:59,361 INFO [__main__] extraction start split=eval queries=11
2026-08-16 07:41:01,763 INFO [__main__] extraction done split=eval
2026-08-16 07:41:02,493 INFO [__main__] completion marker saved path=/home/h61084/codes/adapts/outputs/extraction/exchange_rate/504_168/chronos2/instance/euclidean/15/online/run_0/extraction_manifest.json
2026-08-16 07:41:02,493 INFO [__main__] outputs saved dir=/home/h61084/codes/adapts/outputs/extraction/exchange_rate/504_168/chronos2/instance/euclidean/15/online/run_0
2026-08-16 07:41:02,493 INFO [__main__] experiment done seconds=46.10
2026-08-16 07:41:02,493 INFO [__main__] ========================================================================
2026-08-16 07:41:05,426 INFO [__main__] extraction validation directory=/home/h61084/codes/adapts/outputs/extraction/exchange_rate/504_168/chronos2/instance/euclidean/15/online/run_0 status=complete
2026-08-16T07:41:05+02:00 extraction done configuration=83/84 dataset=exchange_rate model=chronos2 lags=504 horizon=168 retrieval=instance_euclidean_15_online

2026-08-16T07:41:06+02:00 extraction start configuration=84/84 dataset=exchange_rate model=chronos2 lags=504 horizon=168 retrieval=instance_euclidean_20_online run=/home/h61084/codes/adapts/outputs/extraction/exchange_rate/504_168/chronos2/instance/euclidean/20/online/run_0 computation_signature=179fd3c220425d3346723fbf6cf1559397f4d18ce8e25f3a2f1a86c392d3cd24 period=24 align_period=false datastore_stride=25 adapt_stride=25 eval_stride=127 max_store_windows=30000 seed=1
2026-08-16 07:41:08,407 INFO [__main__] ========================================================================
2026-08-16 07:41:08,408 INFO [__main__] experiment start kind=extraction dataset=exchange_rate model=chronos2 lags=504 horizon=168 neighbors=20 distance=instance/euclidean
2026-08-16 07:41:08,657 INFO [__main__] dataset load start
2026-08-16 07:41:08,659 INFO [src.data.load_dataset] loaded dataset config path=/home/h61084/codes/datasets/exchange_rate/config.json keys=['aggr', 'date_col', 'drop_users']
2026-08-16 07:41:08,677 INFO [__main__] dataset load done dates=7588 users=8
2026-08-16 07:41:08,677 INFO [__main__] model load start
2026-08-16 07:41:16,088 INFO [__main__] model load done name=chronos2 device=cuda parameters_total=119,477,664 parameters_trainable=0
2026-08-16 07:41:16,089 INFO [__main__] extraction start split=adapt queries=146
2026-08-16 07:41:54,982 INFO [__main__] extraction done split=adapt
2026-08-16 07:41:54,982 INFO [__main__] extraction start split=eval queries=11
2026-08-16 07:41:57,812 INFO [__main__] extraction done split=eval
2026-08-16 07:41:58,403 INFO [__main__] completion marker saved path=/home/h61084/codes/adapts/outputs/extraction/exchange_rate/504_168/chronos2/instance/euclidean/20/online/run_0/extraction_manifest.json
2026-08-16 07:41:58,403 INFO [__main__] outputs saved dir=/home/h61084/codes/adapts/outputs/extraction/exchange_rate/504_168/chronos2/instance/euclidean/20/online/run_0
2026-08-16 07:41:58,403 INFO [__main__] experiment done seconds=49.99
2026-08-16 07:41:58,403 INFO [__main__] ========================================================================
2026-08-16 07:42:01,391 INFO [__main__] extraction validation directory=/home/h61084/codes/adapts/outputs/extraction/exchange_rate/504_168/chronos2/instance/euclidean/20/online/run_0 status=complete
2026-08-16T07:42:01+02:00 extraction done configuration=84/84 dataset=exchange_rate model=chronos2 lags=504 horizon=168 retrieval=instance_euclidean_20_online

2026-08-16T07:42:01+02:00 job done kind=adaptation_extraction output=outputs/extraction

2026-08-16T07:42:01+02:00 job start kind=gates family=k_ablation experiment_mode=full skip_complete=true tasks=72 datasets=Electricity,Traffic,Solar,exchange_rate models=chronos2 settings=168:24,336:48,504:168 distance_spaces=instance distance_metrics=euclidean neighbors=1,3,5,10,15,20 methods=catboost_avgy_regressor_shared,bayes_avgy_shared task_type=CPU thread_count=2 horizon_fits=serial allocated_cpus=16 results_root=outputs/adaptation/k_ablation
2026-08-16 07:42:04,004 INFO [__main__] extraction validation directory=/home/h61084/codes/adapts/outputs/extraction/Electricity/168_24/chronos2/instance/euclidean/1/online/run_1 status=complete

2026-08-16T07:42:04+02:00 gates start configuration=1/72 dataset=Electricity model=chronos2 formula=catboost_avgy_regressor_shared lags=168 horizon=24 retrieval=instance_euclidean_1_online run=/home/h61084/codes/adapts/outputs/adaptation/k_ablation/Electricity/168_24/chronos2/catboost_avgy_regressor_shared/instance/euclidean/1/online/run_0 computation_signature=a605b0a6af82ae046777881bb0966b8f45f296a27a9c8f068a8a1a4f4121ac38 iterations=300 learning_rate=0.03 depth=4 early_stopping_rounds=50 task_type=CPU thread_count=2 validation_fraction=0.2 seed=1
2026-08-16 07:42:07,032 INFO [__main__] ========================================================================
2026-08-16 07:42:07,032 INFO [__main__] selected methods=('catboost_avgy_regressor_shared',)
2026-08-16 07:42:09,586 INFO [__main__] gate fitting start candidate=avgy
2026-08-16 07:42:11,925 INFO [__main__] gate fitting done candidate=avgy
2026-08-16 07:42:12,592 INFO [__main__] experiment done seconds=5.56
2026-08-16 07:42:12,592 INFO [__main__] ========================================================================
2026-08-16T07:42:13+02:00 gates done configuration=1/72 dataset=Electricity model=chronos2 formula=catboost_avgy_regressor_shared lags=168 horizon=24 retrieval=instance_euclidean_1_online

2026-08-16T07:42:13+02:00 gates start configuration=1/72 dataset=Electricity model=chronos2 formula=bayes_avgy_shared lags=168 horizon=24 retrieval=instance_euclidean_1_online run=/home/h61084/codes/adapts/outputs/adaptation/k_ablation/Electricity/168_24/chronos2/bayes_avgy_shared/instance/euclidean/1/online/run_0 computation_signature=86f009f262e97a8c0861ee2535d1be6f85817d3ab2ce1d5d6852de2f2acf3886 iterations=300 learning_rate=0.03 depth=4 early_stopping_rounds=50 task_type=CPU thread_count=2 validation_fraction=0.2 seed=1
2026-08-16 07:42:15,881 INFO [__main__] ========================================================================
2026-08-16 07:42:15,881 INFO [__main__] selected methods=('bayes_avgy_shared',)
2026-08-16 07:42:18,151 INFO [__main__] gate fitting start candidate=avgy
2026-08-16 07:42:18,364 INFO [__main__] gate fitting done candidate=avgy
2026-08-16 07:42:18,411 INFO [__main__] experiment done seconds=2.53
2026-08-16 07:42:18,411 INFO [__main__] ========================================================================
2026-08-16T07:42:18+02:00 gates done configuration=1/72 dataset=Electricity model=chronos2 formula=bayes_avgy_shared lags=168 horizon=24 retrieval=instance_euclidean_1_online
2026-08-16 07:42:21,060 INFO [__main__] extraction validation directory=/home/h61084/codes/adapts/outputs/extraction/Electricity/168_24/chronos2/instance/euclidean/3/online/run_1 status=complete

2026-08-16T07:42:21+02:00 gates start configuration=2/72 dataset=Electricity model=chronos2 formula=catboost_avgy_regressor_shared lags=168 horizon=24 retrieval=instance_euclidean_3_online run=/home/h61084/codes/adapts/outputs/adaptation/k_ablation/Electricity/168_24/chronos2/catboost_avgy_regressor_shared/instance/euclidean/3/online/run_0 computation_signature=ec43d732e2d4dec9f63cce471d02ba59d3d79c41858585297d03db708ef55283 iterations=300 learning_rate=0.03 depth=4 early_stopping_rounds=50 task_type=CPU thread_count=2 validation_fraction=0.2 seed=1
2026-08-16 07:42:23,977 INFO [__main__] ========================================================================
2026-08-16 07:42:23,978 INFO [__main__] selected methods=('catboost_avgy_regressor_shared',)
2026-08-16 07:42:27,025 INFO [__main__] gate fitting start candidate=avgy
2026-08-16 07:42:29,465 INFO [__main__] gate fitting done candidate=avgy
2026-08-16 07:42:30,056 INFO [__main__] experiment done seconds=6.08
2026-08-16 07:42:30,056 INFO [__main__] ========================================================================
2026-08-16T07:42:30+02:00 gates done configuration=2/72 dataset=Electricity model=chronos2 formula=catboost_avgy_regressor_shared lags=168 horizon=24 retrieval=instance_euclidean_3_online

2026-08-16T07:42:30+02:00 gates start configuration=2/72 dataset=Electricity model=chronos2 formula=bayes_avgy_shared lags=168 horizon=24 retrieval=instance_euclidean_3_online run=/home/h61084/codes/adapts/outputs/adaptation/k_ablation/Electricity/168_24/chronos2/bayes_avgy_shared/instance/euclidean/3/online/run_0 computation_signature=0ad8ee08cf8b181d48519de5200551ac6ea3128e08f88bedf30a59e958a98fd2 iterations=300 learning_rate=0.03 depth=4 early_stopping_rounds=50 task_type=CPU thread_count=2 validation_fraction=0.2 seed=1
2026-08-16 07:42:33,118 INFO [__main__] ========================================================================
2026-08-16 07:42:33,119 INFO [__main__] selected methods=('bayes_avgy_shared',)
2026-08-16 07:42:36,014 INFO [__main__] gate fitting start candidate=avgy
2026-08-16 07:42:36,213 INFO [__main__] gate fitting done candidate=avgy
2026-08-16 07:42:36,240 INFO [__main__] experiment done seconds=3.12
2026-08-16 07:42:36,240 INFO [__main__] ========================================================================
2026-08-16T07:42:36+02:00 gates done configuration=2/72 dataset=Electricity model=chronos2 formula=bayes_avgy_shared lags=168 horizon=24 retrieval=instance_euclidean_3_online
2026-08-16 07:42:38,752 INFO [__main__] extraction validation directory=/home/h61084/codes/adapts/outputs/extraction/Electricity/168_24/chronos2/instance/euclidean/5/online/run_0 status=complete

2026-08-16T07:42:39+02:00 gates start configuration=3/72 dataset=Electricity model=chronos2 formula=catboost_avgy_regressor_shared lags=168 horizon=24 retrieval=instance_euclidean_5_online run=/home/h61084/codes/adapts/outputs/adaptation/k_ablation/Electricity/168_24/chronos2/catboost_avgy_regressor_shared/instance/euclidean/5/online/run_0 computation_signature=350bde42fd6c4a3bfaac7c20108a8165dec8bcb8b0ea12f2f88688361ff48965 iterations=300 learning_rate=0.03 depth=4 early_stopping_rounds=50 task_type=CPU thread_count=2 validation_fraction=0.2 seed=1
2026-08-16 07:42:41,683 INFO [__main__] ========================================================================
2026-08-16 07:42:41,683 INFO [__main__] selected methods=('catboost_avgy_regressor_shared',)
2026-08-16 07:42:50,049 INFO [__main__] gate fitting start candidate=avgy
2026-08-16 07:42:52,259 INFO [__main__] gate fitting done candidate=avgy
2026-08-16 07:42:52,830 INFO [__main__] experiment done seconds=11.14
2026-08-16 07:42:52,830 INFO [__main__] ========================================================================
2026-08-16T07:42:53+02:00 gates done configuration=3/72 dataset=Electricity model=chronos2 formula=catboost_avgy_regressor_shared lags=168 horizon=24 retrieval=instance_euclidean_5_online

2026-08-16T07:42:53+02:00 gates start configuration=3/72 dataset=Electricity model=chronos2 formula=bayes_avgy_shared lags=168 horizon=24 retrieval=instance_euclidean_5_online run=/home/h61084/codes/adapts/outputs/adaptation/k_ablation/Electricity/168_24/chronos2/bayes_avgy_shared/instance/euclidean/5/online/run_0 computation_signature=e587e5589b511fab643e9f310d07aad1fd3ecb5f5f1cb6804ecc1e24331a1fbc iterations=300 learning_rate=0.03 depth=4 early_stopping_rounds=50 task_type=CPU thread_count=2 validation_fraction=0.2 seed=1
2026-08-16 07:42:55,930 INFO [__main__] ========================================================================
2026-08-16 07:42:55,930 INFO [__main__] selected methods=('bayes_avgy_shared',)
2026-08-16 07:42:59,635 INFO [__main__] gate fitting start candidate=avgy
2026-08-16 07:42:59,852 INFO [__main__] gate fitting done candidate=avgy
2026-08-16 07:42:59,880 INFO [__main__] experiment done seconds=3.95
2026-08-16 07:42:59,880 INFO [__main__] ========================================================================
2026-08-16T07:43:00+02:00 gates done configuration=3/72 dataset=Electricity model=chronos2 formula=bayes_avgy_shared lags=168 horizon=24 retrieval=instance_euclidean_5_online
2026-08-16 07:43:02,589 INFO [__main__] extraction validation directory=/home/h61084/codes/adapts/outputs/extraction/Electricity/168_24/chronos2/instance/euclidean/10/online/run_0 status=complete

2026-08-16T07:43:03+02:00 gates start configuration=4/72 dataset=Electricity model=chronos2 formula=catboost_avgy_regressor_shared lags=168 horizon=24 retrieval=instance_euclidean_10_online run=/home/h61084/codes/adapts/outputs/adaptation/k_ablation/Electricity/168_24/chronos2/catboost_avgy_regressor_shared/instance/euclidean/10/online/run_0 computation_signature=6788307fed8e54fcbdf11800df5a4e9449e91ba9e017ae1429c85fd012fd6769 iterations=300 learning_rate=0.03 depth=4 early_stopping_rounds=50 task_type=CPU thread_count=2 validation_fraction=0.2 seed=1
2026-08-16 07:43:05,506 INFO [__main__] ========================================================================
2026-08-16 07:43:05,506 INFO [__main__] selected methods=('catboost_avgy_regressor_shared',)
2026-08-16 07:43:19,874 INFO [__main__] gate fitting start candidate=avgy
2026-08-16 07:43:22,318 INFO [__main__] gate fitting done candidate=avgy
2026-08-16 07:43:22,952 INFO [__main__] experiment done seconds=17.44
2026-08-16 07:43:22,952 INFO [__main__] ========================================================================
2026-08-16T07:43:23+02:00 gates done configuration=4/72 dataset=Electricity model=chronos2 formula=catboost_avgy_regressor_shared lags=168 horizon=24 retrieval=instance_euclidean_10_online

2026-08-16T07:43:23+02:00 gates start configuration=4/72 dataset=Electricity model=chronos2 formula=bayes_avgy_shared lags=168 horizon=24 retrieval=instance_euclidean_10_online run=/home/h61084/codes/adapts/outputs/adaptation/k_ablation/Electricity/168_24/chronos2/bayes_avgy_shared/instance/euclidean/10/online/run_0 computation_signature=5730b79c0d1e92d980faac22d677a14a3eeed2e19b0e0a252626ad6233302212 iterations=300 learning_rate=0.03 depth=4 early_stopping_rounds=50 task_type=CPU thread_count=2 validation_fraction=0.2 seed=1
2026-08-16 07:43:26,199 INFO [__main__] ========================================================================
2026-08-16 07:43:26,199 INFO [__main__] selected methods=('bayes_avgy_shared',)
2026-08-16 07:43:31,127 INFO [__main__] gate fitting start candidate=avgy
2026-08-16 07:43:31,320 INFO [__main__] gate fitting done candidate=avgy
2026-08-16 07:43:31,368 INFO [__main__] experiment done seconds=5.17
2026-08-16 07:43:31,368 INFO [__main__] ========================================================================
2026-08-16T07:43:31+02:00 gates done configuration=4/72 dataset=Electricity model=chronos2 formula=bayes_avgy_shared lags=168 horizon=24 retrieval=instance_euclidean_10_online
2026-08-16 07:43:34,028 INFO [__main__] extraction validation directory=/home/h61084/codes/adapts/outputs/extraction/Electricity/168_24/chronos2/instance/euclidean/15/online/run_0 status=complete

2026-08-16T07:43:34+02:00 gates start configuration=5/72 dataset=Electricity model=chronos2 formula=catboost_avgy_regressor_shared lags=168 horizon=24 retrieval=instance_euclidean_15_online run=/home/h61084/codes/adapts/outputs/adaptation/k_ablation/Electricity/168_24/chronos2/catboost_avgy_regressor_shared/instance/euclidean/15/online/run_0 computation_signature=79c49123df50bd3c1d4d3aa4f658458d83a26e526c09dd5d3773d3ff080a5c7f iterations=300 learning_rate=0.03 depth=4 early_stopping_rounds=50 task_type=CPU thread_count=2 validation_fraction=0.2 seed=1
2026-08-16 07:43:36,935 INFO [__main__] ========================================================================
2026-08-16 07:43:36,935 INFO [__main__] selected methods=('catboost_avgy_regressor_shared',)
2026-08-16 07:43:54,780 INFO [__main__] gate fitting start candidate=avgy
2026-08-16 07:43:57,007 INFO [__main__] gate fitting done candidate=avgy
2026-08-16 07:43:57,576 INFO [__main__] experiment done seconds=20.64
2026-08-16 07:43:57,577 INFO [__main__] ========================================================================
2026-08-16T07:43:58+02:00 gates done configuration=5/72 dataset=Electricity model=chronos2 formula=catboost_avgy_regressor_shared lags=168 horizon=24 retrieval=instance_euclidean_15_online

2026-08-16T07:43:58+02:00 gates start configuration=5/72 dataset=Electricity model=chronos2 formula=bayes_avgy_shared lags=168 horizon=24 retrieval=instance_euclidean_15_online run=/home/h61084/codes/adapts/outputs/adaptation/k_ablation/Electricity/168_24/chronos2/bayes_avgy_shared/instance/euclidean/15/online/run_0 computation_signature=bb37636ce263ac4ef77d28f28d97b15b4d4f186426ff9cdc0cce5b2a166cd353 iterations=300 learning_rate=0.03 depth=4 early_stopping_rounds=50 task_type=CPU thread_count=2 validation_fraction=0.2 seed=1
2026-08-16 07:44:00,672 INFO [__main__] ========================================================================
2026-08-16 07:44:00,672 INFO [__main__] selected methods=('bayes_avgy_shared',)
2026-08-16 07:44:07,038 INFO [__main__] gate fitting start candidate=avgy
2026-08-16 07:44:07,247 INFO [__main__] gate fitting done candidate=avgy
2026-08-16 07:44:07,273 INFO [__main__] experiment done seconds=6.60
2026-08-16 07:44:07,273 INFO [__main__] ========================================================================
2026-08-16T07:44:07+02:00 gates done configuration=5/72 dataset=Electricity model=chronos2 formula=bayes_avgy_shared lags=168 horizon=24 retrieval=instance_euclidean_15_online
2026-08-16 07:44:10,142 INFO [__main__] extraction validation directory=/home/h61084/codes/adapts/outputs/extraction/Electricity/168_24/chronos2/instance/euclidean/20/online/run_0 status=complete

2026-08-16T07:44:10+02:00 gates start configuration=6/72 dataset=Electricity model=chronos2 formula=catboost_avgy_regressor_shared lags=168 horizon=24 retrieval=instance_euclidean_20_online run=/home/h61084/codes/adapts/outputs/adaptation/k_ablation/Electricity/168_24/chronos2/catboost_avgy_regressor_shared/instance/euclidean/20/online/run_0 computation_signature=200006eb41d259066224560c0a5f5ad95322e722d6b3f94a67b3e243c39a569c iterations=300 learning_rate=0.03 depth=4 early_stopping_rounds=50 task_type=CPU thread_count=2 validation_fraction=0.2 seed=1
2026-08-16 07:44:12,965 INFO [__main__] ========================================================================
2026-08-16 07:44:12,965 INFO [__main__] selected methods=('catboost_avgy_regressor_shared',)
2026-08-16 07:44:35,591 INFO [__main__] gate fitting start candidate=avgy
2026-08-16 07:44:38,090 INFO [__main__] gate fitting done candidate=avgy
2026-08-16 07:44:38,703 INFO [__main__] experiment done seconds=25.74
2026-08-16 07:44:38,703 INFO [__main__] ========================================================================
2026-08-16T07:44:39+02:00 gates done configuration=6/72 dataset=Electricity model=chronos2 formula=catboost_avgy_regressor_shared lags=168 horizon=24 retrieval=instance_euclidean_20_online

2026-08-16T07:44:39+02:00 gates start configuration=6/72 dataset=Electricity model=chronos2 formula=bayes_avgy_shared lags=168 horizon=24 retrieval=instance_euclidean_20_online run=/home/h61084/codes/adapts/outputs/adaptation/k_ablation/Electricity/168_24/chronos2/bayes_avgy_shared/instance/euclidean/20/online/run_0 computation_signature=423870f2a5854a9bf596008919d7c8c200b089a127bdb55f6b6909d81a9c826f iterations=300 learning_rate=0.03 depth=4 early_stopping_rounds=50 task_type=CPU thread_count=2 validation_fraction=0.2 seed=1
2026-08-16 07:44:41,959 INFO [__main__] ========================================================================
2026-08-16 07:44:41,959 INFO [__main__] selected methods=('bayes_avgy_shared',)
2026-08-16 07:44:49,968 INFO [__main__] gate fitting start candidate=avgy
2026-08-16 07:44:50,203 INFO [__main__] gate fitting done candidate=avgy
2026-08-16 07:44:50,230 INFO [__main__] experiment done seconds=8.27
2026-08-16 07:44:50,230 INFO [__main__] ========================================================================
2026-08-16T07:44:50+02:00 gates done configuration=6/72 dataset=Electricity model=chronos2 formula=bayes_avgy_shared lags=168 horizon=24 retrieval=instance_euclidean_20_online
2026-08-16 07:44:52,888 INFO [__main__] extraction validation directory=/home/h61084/codes/adapts/outputs/extraction/Electricity/336_48/chronos2/instance/euclidean/1/online/run_1 status=complete

2026-08-16T07:44:53+02:00 gates start configuration=7/72 dataset=Electricity model=chronos2 formula=catboost_avgy_regressor_shared lags=336 horizon=48 retrieval=instance_euclidean_1_online run=/home/h61084/codes/adapts/outputs/adaptation/k_ablation/Electricity/336_48/chronos2/catboost_avgy_regressor_shared/instance/euclidean/1/online/run_0 computation_signature=dc41c8ccffe19a3478d62340c88bee30c755189fab00e12061499d15d3048265 iterations=300 learning_rate=0.03 depth=4 early_stopping_rounds=50 task_type=CPU thread_count=2 validation_fraction=0.2 seed=1
2026-08-16 07:44:55,852 INFO [__main__] ========================================================================
2026-08-16 07:44:55,853 INFO [__main__] selected methods=('catboost_avgy_regressor_shared',)
2026-08-16 07:45:02,970 INFO [__main__] gate fitting start candidate=avgy
2026-08-16 07:45:05,520 INFO [__main__] gate fitting done candidate=avgy
2026-08-16 07:45:06,088 INFO [__main__] experiment done seconds=10.23
2026-08-16 07:45:06,088 INFO [__main__] ========================================================================
2026-08-16T07:45:06+02:00 gates done configuration=7/72 dataset=Electricity model=chronos2 formula=catboost_avgy_regressor_shared lags=336 horizon=48 retrieval=instance_euclidean_1_online

2026-08-16T07:45:06+02:00 gates start configuration=7/72 dataset=Electricity model=chronos2 formula=bayes_avgy_shared lags=336 horizon=48 retrieval=instance_euclidean_1_online run=/home/h61084/codes/adapts/outputs/adaptation/k_ablation/Electricity/336_48/chronos2/bayes_avgy_shared/instance/euclidean/1/online/run_0 computation_signature=6f4edba8d6c2a19e93d6efcb6a26bca6afbe7f721f6323af22f7fa4d651afef7 iterations=300 learning_rate=0.03 depth=4 early_stopping_rounds=50 task_type=CPU thread_count=2 validation_fraction=0.2 seed=1
2026-08-16 07:45:09,290 INFO [__main__] ========================================================================
2026-08-16 07:45:09,290 INFO [__main__] selected methods=('bayes_avgy_shared',)
2026-08-16 07:45:12,065 INFO [__main__] gate fitting start candidate=avgy
2026-08-16 07:45:12,381 INFO [__main__] gate fitting done candidate=avgy
2026-08-16 07:45:12,411 INFO [__main__] experiment done seconds=3.12
2026-08-16 07:45:12,411 INFO [__main__] ========================================================================
2026-08-16T07:45:12+02:00 gates done configuration=7/72 dataset=Electricity model=chronos2 formula=bayes_avgy_shared lags=336 horizon=48 retrieval=instance_euclidean_1_online
2026-08-16 07:45:15,171 INFO [__main__] extraction validation directory=/home/h61084/codes/adapts/outputs/extraction/Electricity/336_48/chronos2/instance/euclidean/3/online/run_1 status=complete

2026-08-16T07:45:15+02:00 gates start configuration=8/72 dataset=Electricity model=chronos2 formula=catboost_avgy_regressor_shared lags=336 horizon=48 retrieval=instance_euclidean_3_online run=/home/h61084/codes/adapts/outputs/adaptation/k_ablation/Electricity/336_48/chronos2/catboost_avgy_regressor_shared/instance/euclidean/3/online/run_0 computation_signature=5ca1acfc1604bc307c555608642f98a96383acc762ba8eb32fcfd145a2931677 iterations=300 learning_rate=0.03 depth=4 early_stopping_rounds=50 task_type=CPU thread_count=2 validation_fraction=0.2 seed=1
2026-08-16 07:45:18,127 INFO [__main__] ========================================================================
2026-08-16 07:45:18,128 INFO [__main__] selected methods=('catboost_avgy_regressor_shared',)
2026-08-16 07:45:22,324 INFO [__main__] gate fitting start candidate=avgy
2026-08-16 07:45:25,239 INFO [__main__] gate fitting done candidate=avgy
2026-08-16 07:45:25,813 INFO [__main__] experiment done seconds=7.68
2026-08-16 07:45:25,813 INFO [__main__] ========================================================================
2026-08-16T07:45:26+02:00 gates done configuration=8/72 dataset=Electricity model=chronos2 formula=catboost_avgy_regressor_shared lags=336 horizon=48 retrieval=instance_euclidean_3_online

2026-08-16T07:45:26+02:00 gates start configuration=8/72 dataset=Electricity model=chronos2 formula=bayes_avgy_shared lags=336 horizon=48 retrieval=instance_euclidean_3_online run=/home/h61084/codes/adapts/outputs/adaptation/k_ablation/Electricity/336_48/chronos2/bayes_avgy_shared/instance/euclidean/3/online/run_0 computation_signature=016ff3bb4fcb98f2d4ae48eec1272aff4bda8ed16072c2f65bd45c0f625fad45 iterations=300 learning_rate=0.03 depth=4 early_stopping_rounds=50 task_type=CPU thread_count=2 validation_fraction=0.2 seed=1
2026-08-16 07:45:29,037 INFO [__main__] ========================================================================
2026-08-16 07:45:29,037 INFO [__main__] selected methods=('bayes_avgy_shared',)
2026-08-16 07:45:33,295 INFO [__main__] gate fitting start candidate=avgy
2026-08-16 07:45:33,627 INFO [__main__] gate fitting done candidate=avgy
2026-08-16 07:45:33,654 INFO [__main__] experiment done seconds=4.61
2026-08-16 07:45:33,654 INFO [__main__] ========================================================================
2026-08-16T07:45:34+02:00 gates done configuration=8/72 dataset=Electricity model=chronos2 formula=bayes_avgy_shared lags=336 horizon=48 retrieval=instance_euclidean_3_online
2026-08-16 07:45:36,337 INFO [__main__] extraction validation directory=/home/h61084/codes/adapts/outputs/extraction/Electricity/336_48/chronos2/instance/euclidean/5/online/run_0 status=complete

2026-08-16T07:45:36+02:00 gates start configuration=9/72 dataset=Electricity model=chronos2 formula=catboost_avgy_regressor_shared lags=336 horizon=48 retrieval=instance_euclidean_5_online run=/home/h61084/codes/adapts/outputs/adaptation/k_ablation/Electricity/336_48/chronos2/catboost_avgy_regressor_shared/instance/euclidean/5/online/run_0 computation_signature=631169c01f28934ec8f0ddb8a471bf29cafe0fd913cb409fc289169ad38b8410 iterations=300 learning_rate=0.03 depth=4 early_stopping_rounds=50 task_type=CPU thread_count=2 validation_fraction=0.2 seed=1
2026-08-16 07:45:39,243 INFO [__main__] ========================================================================
2026-08-16 07:45:39,244 INFO [__main__] selected methods=('catboost_avgy_regressor_shared',)
2026-08-16 07:45:54,555 INFO [__main__] gate fitting start candidate=avgy
2026-08-16 07:45:57,875 INFO [__main__] gate fitting done candidate=avgy
2026-08-16 07:45:58,493 INFO [__main__] experiment done seconds=19.25
2026-08-16 07:45:58,494 INFO [__main__] ========================================================================
2026-08-16T07:45:59+02:00 gates done configuration=9/72 dataset=Electricity model=chronos2 formula=catboost_avgy_regressor_shared lags=336 horizon=48 retrieval=instance_euclidean_5_online

2026-08-16T07:45:59+02:00 gates start configuration=9/72 dataset=Electricity model=chronos2 formula=bayes_avgy_shared lags=336 horizon=48 retrieval=instance_euclidean_5_online run=/home/h61084/codes/adapts/outputs/adaptation/k_ablation/Electricity/336_48/chronos2/bayes_avgy_shared/instance/euclidean/5/online/run_0 computation_signature=025f25f97565b704789280d8d66c104f449d3f612fe91f2a6d8102cb399aee0f iterations=300 learning_rate=0.03 depth=4 early_stopping_rounds=50 task_type=CPU thread_count=2 validation_fraction=0.2 seed=1
2026-08-16 07:46:01,708 INFO [__main__] ========================================================================
2026-08-16 07:46:01,708 INFO [__main__] selected methods=('bayes_avgy_shared',)
2026-08-16 07:46:06,541 INFO [__main__] gate fitting start candidate=avgy
2026-08-16 07:46:06,871 INFO [__main__] gate fitting done candidate=avgy
2026-08-16 07:46:06,898 INFO [__main__] experiment done seconds=5.19
2026-08-16 07:46:06,898 INFO [__main__] ========================================================================
2026-08-16T07:46:07+02:00 gates done configuration=9/72 dataset=Electricity model=chronos2 formula=bayes_avgy_shared lags=336 horizon=48 retrieval=instance_euclidean_5_online
2026-08-16 07:46:09,587 INFO [__main__] extraction validation directory=/home/h61084/codes/adapts/outputs/extraction/Electricity/336_48/chronos2/instance/euclidean/10/online/run_0 status=complete

2026-08-16T07:46:10+02:00 gates start configuration=10/72 dataset=Electricity model=chronos2 formula=catboost_avgy_regressor_shared lags=336 horizon=48 retrieval=instance_euclidean_10_online run=/home/h61084/codes/adapts/outputs/adaptation/k_ablation/Electricity/336_48/chronos2/catboost_avgy_regressor_shared/instance/euclidean/10/online/run_0 computation_signature=09a18bb5bbdb3b1a421b44914030f26b311f7da130cfff1499e51e8fe33dd27d iterations=300 learning_rate=0.03 depth=4 early_stopping_rounds=50 task_type=CPU thread_count=2 validation_fraction=0.2 seed=1
2026-08-16 07:46:12,480 INFO [__main__] ========================================================================
2026-08-16 07:46:12,480 INFO [__main__] selected methods=('catboost_avgy_regressor_shared',)
2026-08-16 07:46:39,479 INFO [__main__] gate fitting start candidate=avgy
2026-08-16 07:46:45,110 INFO [__main__] gate fitting done candidate=avgy
2026-08-16 07:46:45,694 INFO [__main__] experiment done seconds=33.21
2026-08-16 07:46:45,694 INFO [__main__] ========================================================================
2026-08-16T07:46:46+02:00 gates done configuration=10/72 dataset=Electricity model=chronos2 formula=catboost_avgy_regressor_shared lags=336 horizon=48 retrieval=instance_euclidean_10_online

2026-08-16T07:46:46+02:00 gates start configuration=10/72 dataset=Electricity model=chronos2 formula=bayes_avgy_shared lags=336 horizon=48 retrieval=instance_euclidean_10_online run=/home/h61084/codes/adapts/outputs/adaptation/k_ablation/Electricity/336_48/chronos2/bayes_avgy_shared/instance/euclidean/10/online/run_0 computation_signature=9e6cf320cd83bfe75c075c1e246426d6f50e0c5dcdd962ab2dc5a0e0438d31df iterations=300 learning_rate=0.03 depth=4 early_stopping_rounds=50 task_type=CPU thread_count=2 validation_fraction=0.2 seed=1
2026-08-16 07:46:49,046 INFO [__main__] ========================================================================
2026-08-16 07:46:49,046 INFO [__main__] selected methods=('bayes_avgy_shared',)
2026-08-16 07:46:56,192 INFO [__main__] gate fitting start candidate=avgy
2026-08-16 07:46:56,502 INFO [__main__] gate fitting done candidate=avgy
2026-08-16 07:46:56,548 INFO [__main__] experiment done seconds=7.50
2026-08-16 07:46:56,548 INFO [__main__] ========================================================================
2026-08-16T07:46:57+02:00 gates done configuration=10/72 dataset=Electricity model=chronos2 formula=bayes_avgy_shared lags=336 horizon=48 retrieval=instance_euclidean_10_online
2026-08-16 07:46:59,126 INFO [__main__] extraction validation directory=/home/h61084/codes/adapts/outputs/extraction/Electricity/336_48/chronos2/instance/euclidean/15/online/run_0 status=complete

2026-08-16T07:46:59+02:00 gates start configuration=11/72 dataset=Electricity model=chronos2 formula=catboost_avgy_regressor_shared lags=336 horizon=48 retrieval=instance_euclidean_15_online run=/home/h61084/codes/adapts/outputs/adaptation/k_ablation/Electricity/336_48/chronos2/catboost_avgy_regressor_shared/instance/euclidean/15/online/run_0 computation_signature=e25923396f835bf5abc5ab4f3194b9e383b42a55fdba4096704475a01b6d173b iterations=300 learning_rate=0.03 depth=4 early_stopping_rounds=50 task_type=CPU thread_count=2 validation_fraction=0.2 seed=1
2026-08-16 07:47:01,945 INFO [__main__] ========================================================================
2026-08-16 07:47:01,945 INFO [__main__] selected methods=('catboost_avgy_regressor_shared',)
2026-08-16 07:47:36,764 INFO [__main__] gate fitting start candidate=avgy
2026-08-16 07:47:40,741 INFO [__main__] gate fitting done candidate=avgy
2026-08-16 07:47:41,367 INFO [__main__] experiment done seconds=39.42
2026-08-16 07:47:41,367 INFO [__main__] ========================================================================
2026-08-16T07:47:42+02:00 gates done configuration=11/72 dataset=Electricity model=chronos2 formula=catboost_avgy_regressor_shared lags=336 horizon=48 retrieval=instance_euclidean_15_online

2026-08-16T07:47:42+02:00 gates start configuration=11/72 dataset=Electricity model=chronos2 formula=bayes_avgy_shared lags=336 horizon=48 retrieval=instance_euclidean_15_online run=/home/h61084/codes/adapts/outputs/adaptation/k_ablation/Electricity/336_48/chronos2/bayes_avgy_shared/instance/euclidean/15/online/run_0 computation_signature=78149e5b946eb30884f64060ef4ced8312cd4101de855741347cb9d26599f669 iterations=300 learning_rate=0.03 depth=4 early_stopping_rounds=50 task_type=CPU thread_count=2 validation_fraction=0.2 seed=1
2026-08-16 07:47:44,544 INFO [__main__] ========================================================================
2026-08-16 07:47:44,545 INFO [__main__] selected methods=('bayes_avgy_shared',)
2026-08-16 07:47:54,398 INFO [__main__] gate fitting start candidate=avgy
2026-08-16 07:47:54,712 INFO [__main__] gate fitting done candidate=avgy
2026-08-16 07:47:54,740 INFO [__main__] experiment done seconds=10.19
2026-08-16 07:47:54,740 INFO [__main__] ========================================================================
2026-08-16T07:47:55+02:00 gates done configuration=11/72 dataset=Electricity model=chronos2 formula=bayes_avgy_shared lags=336 horizon=48 retrieval=instance_euclidean_15_online
2026-08-16 07:47:57,572 INFO [__main__] extraction validation directory=/home/h61084/codes/adapts/outputs/extraction/Electricity/336_48/chronos2/instance/euclidean/20/online/run_0 status=complete

2026-08-16T07:47:58+02:00 gates start configuration=12/72 dataset=Electricity model=chronos2 formula=catboost_avgy_regressor_shared lags=336 horizon=48 retrieval=instance_euclidean_20_online run=/home/h61084/codes/adapts/outputs/adaptation/k_ablation/Electricity/336_48/chronos2/catboost_avgy_regressor_shared/instance/euclidean/20/online/run_0 computation_signature=6b99e91860877ce092de52a2ae797293c36f7035d63fc6536e0ca65e2c63f5ca iterations=300 learning_rate=0.03 depth=4 early_stopping_rounds=50 task_type=CPU thread_count=2 validation_fraction=0.2 seed=1
2026-08-16 07:48:00,370 INFO [__main__] ========================================================================
2026-08-16 07:48:00,371 INFO [__main__] selected methods=('catboost_avgy_regressor_shared',)
2026-08-16 07:48:40,331 INFO [__main__] gate fitting start candidate=avgy
2026-08-16 07:48:43,700 INFO [__main__] gate fitting done candidate=avgy
2026-08-16 07:48:44,332 INFO [__main__] experiment done seconds=43.96
2026-08-16 07:48:44,332 INFO [__main__] ========================================================================
2026-08-16T07:48:45+02:00 gates done configuration=12/72 dataset=Electricity model=chronos2 formula=catboost_avgy_regressor_shared lags=336 horizon=48 retrieval=instance_euclidean_20_online

2026-08-16T07:48:45+02:00 gates start configuration=12/72 dataset=Electricity model=chronos2 formula=bayes_avgy_shared lags=336 horizon=48 retrieval=instance_euclidean_20_online run=/home/h61084/codes/adapts/outputs/adaptation/k_ablation/Electricity/336_48/chronos2/bayes_avgy_shared/instance/euclidean/20/online/run_0 computation_signature=d07f8f30e3a109139986e5eb517cde287497575d856614004fdfd67046addba6 iterations=300 learning_rate=0.03 depth=4 early_stopping_rounds=50 task_type=CPU thread_count=2 validation_fraction=0.2 seed=1
2026-08-16 07:48:47,507 INFO [__main__] ========================================================================
2026-08-16 07:48:47,508 INFO [__main__] selected methods=('bayes_avgy_shared',)
2026-08-16 07:49:00,620 INFO [__main__] gate fitting start candidate=avgy
2026-08-16 07:49:00,943 INFO [__main__] gate fitting done candidate=avgy
2026-08-16 07:49:00,971 INFO [__main__] experiment done seconds=13.46
2026-08-16 07:49:00,971 INFO [__main__] ========================================================================
2026-08-16T07:49:01+02:00 gates done configuration=12/72 dataset=Electricity model=chronos2 formula=bayes_avgy_shared lags=336 horizon=48 retrieval=instance_euclidean_20_online
2026-08-16 07:49:03,710 INFO [__main__] extraction validation directory=/home/h61084/codes/adapts/outputs/extraction/Electricity/504_168/chronos2/instance/euclidean/1/online/run_1 status=complete

2026-08-16T07:49:04+02:00 gates start configuration=13/72 dataset=Electricity model=chronos2 formula=catboost_avgy_regressor_shared lags=504 horizon=168 retrieval=instance_euclidean_1_online run=/home/h61084/codes/adapts/outputs/adaptation/k_ablation/Electricity/504_168/chronos2/catboost_avgy_regressor_shared/instance/euclidean/1/online/run_0 computation_signature=24e18f9dd299897370d058a8872120ed1f008ac59d8e32c669ed406c3dd8a2b2 iterations=300 learning_rate=0.03 depth=4 early_stopping_rounds=50 task_type=CPU thread_count=2 validation_fraction=0.2 seed=1
2026-08-16 07:49:06,622 INFO [__main__] ========================================================================
2026-08-16 07:49:06,622 INFO [__main__] selected methods=('catboost_avgy_regressor_shared',)
2026-08-16 07:49:19,747 INFO [__main__] gate fitting start candidate=avgy
2026-08-16 07:49:24,170 INFO [__main__] gate fitting done candidate=avgy
2026-08-16 07:49:24,757 INFO [__main__] experiment done seconds=18.13
2026-08-16 07:49:24,757 INFO [__main__] ========================================================================
2026-08-16T07:49:25+02:00 gates done configuration=13/72 dataset=Electricity model=chronos2 formula=catboost_avgy_regressor_shared lags=504 horizon=168 retrieval=instance_euclidean_1_online

2026-08-16T07:49:25+02:00 gates start configuration=13/72 dataset=Electricity model=chronos2 formula=bayes_avgy_shared lags=504 horizon=168 retrieval=instance_euclidean_1_online run=/home/h61084/codes/adapts/outputs/adaptation/k_ablation/Electricity/504_168/chronos2/bayes_avgy_shared/instance/euclidean/1/online/run_0 computation_signature=f21d9cecd59230ca975b6c3cc018e1dbf080a0ef0f36a8f71d7c7fca63c5f305 iterations=300 learning_rate=0.03 depth=4 early_stopping_rounds=50 task_type=CPU thread_count=2 validation_fraction=0.2 seed=1
2026-08-16 07:49:27,902 INFO [__main__] ========================================================================
2026-08-16 07:49:27,902 INFO [__main__] selected methods=('bayes_avgy_shared',)
2026-08-16 07:49:32,235 INFO [__main__] gate fitting start candidate=avgy
2026-08-16 07:49:33,113 INFO [__main__] gate fitting done candidate=avgy
2026-08-16 07:49:33,156 INFO [__main__] experiment done seconds=5.25
2026-08-16 07:49:33,156 INFO [__main__] ========================================================================
2026-08-16T07:49:33+02:00 gates done configuration=13/72 dataset=Electricity model=chronos2 formula=bayes_avgy_shared lags=504 horizon=168 retrieval=instance_euclidean_1_online
2026-08-16 07:49:35,790 INFO [__main__] extraction validation directory=/home/h61084/codes/adapts/outputs/extraction/Electricity/504_168/chronos2/instance/euclidean/3/online/run_1 status=complete

2026-08-16T07:49:36+02:00 gates start configuration=14/72 dataset=Electricity model=chronos2 formula=catboost_avgy_regressor_shared lags=504 horizon=168 retrieval=instance_euclidean_3_online run=/home/h61084/codes/adapts/outputs/adaptation/k_ablation/Electricity/504_168/chronos2/catboost_avgy_regressor_shared/instance/euclidean/3/online/run_0 computation_signature=234daae3dfa6d653c5522a6ab5e2a1d8392558dbb469d6d5409c8b8af307f983 iterations=300 learning_rate=0.03 depth=4 early_stopping_rounds=50 task_type=CPU thread_count=2 validation_fraction=0.2 seed=1
2026-08-16 07:49:38,715 INFO [__main__] ========================================================================
2026-08-16 07:49:38,715 INFO [__main__] selected methods=('catboost_avgy_regressor_shared',)
2026-08-16 07:49:45,394 INFO [__main__] gate fitting start candidate=avgy
2026-08-16 07:49:51,388 INFO [__main__] gate fitting done candidate=avgy
2026-08-16 07:49:51,989 INFO [__main__] experiment done seconds=13.27
2026-08-16 07:49:51,989 INFO [__main__] ========================================================================
2026-08-16T07:49:52+02:00 gates done configuration=14/72 dataset=Electricity model=chronos2 formula=catboost_avgy_regressor_shared lags=504 horizon=168 retrieval=instance_euclidean_3_online

2026-08-16T07:49:52+02:00 gates start configuration=14/72 dataset=Electricity model=chronos2 formula=bayes_avgy_shared lags=504 horizon=168 retrieval=instance_euclidean_3_online run=/home/h61084/codes/adapts/outputs/adaptation/k_ablation/Electricity/504_168/chronos2/bayes_avgy_shared/instance/euclidean/3/online/run_0 computation_signature=73a4f0081e21ebe998ec0cb25df42a4b958c0bb85df6f07964566b0e864aee19 iterations=300 learning_rate=0.03 depth=4 early_stopping_rounds=50 task_type=CPU thread_count=2 validation_fraction=0.2 seed=1
2026-08-16 07:49:55,215 INFO [__main__] ========================================================================
2026-08-16 07:49:55,215 INFO [__main__] selected methods=('bayes_avgy_shared',)
2026-08-16 07:50:02,106 INFO [__main__] gate fitting start candidate=avgy
2026-08-16 07:50:02,992 INFO [__main__] gate fitting done candidate=avgy
2026-08-16 07:50:03,022 INFO [__main__] experiment done seconds=7.80
2026-08-16 07:50:03,022 INFO [__main__] ========================================================================
2026-08-16T07:50:03+02:00 gates done configuration=14/72 dataset=Electricity model=chronos2 formula=bayes_avgy_shared lags=504 horizon=168 retrieval=instance_euclidean_3_online
2026-08-16 07:50:05,874 INFO [__main__] extraction validation directory=/home/h61084/codes/adapts/outputs/extraction/Electricity/504_168/chronos2/instance/euclidean/5/online/run_0 status=complete

2026-08-16T07:50:06+02:00 gates start configuration=15/72 dataset=Electricity model=chronos2 formula=catboost_avgy_regressor_shared lags=504 horizon=168 retrieval=instance_euclidean_5_online run=/home/h61084/codes/adapts/outputs/adaptation/k_ablation/Electricity/504_168/chronos2/catboost_avgy_regressor_shared/instance/euclidean/5/online/run_0 computation_signature=c57cb6c2b68b4cca438ab4a98e910953b7678164564476c854184ada2c8166b3 iterations=300 learning_rate=0.03 depth=4 early_stopping_rounds=50 task_type=CPU thread_count=2 validation_fraction=0.2 seed=1
2026-08-16 07:50:08,871 INFO [__main__] ========================================================================
2026-08-16 07:50:08,871 INFO [__main__] selected methods=('catboost_avgy_regressor_shared',)
2026-08-16 07:50:38,767 INFO [__main__] gate fitting start candidate=avgy
2026-08-16 07:50:45,301 INFO [__main__] gate fitting done candidate=avgy
2026-08-16 07:50:45,884 INFO [__main__] experiment done seconds=37.01
2026-08-16 07:50:45,884 INFO [__main__] ========================================================================
2026-08-16T07:50:46+02:00 gates done configuration=15/72 dataset=Electricity model=chronos2 formula=catboost_avgy_regressor_shared lags=504 horizon=168 retrieval=instance_euclidean_5_online

2026-08-16T07:50:46+02:00 gates start configuration=15/72 dataset=Electricity model=chronos2 formula=bayes_avgy_shared lags=504 horizon=168 retrieval=instance_euclidean_5_online run=/home/h61084/codes/adapts/outputs/adaptation/k_ablation/Electricity/504_168/chronos2/bayes_avgy_shared/instance/euclidean/5/online/run_0 computation_signature=8163bbc8b5ec8b9ba477e1372744c661db19a359c7687e52c3cf4463ba771e14 iterations=300 learning_rate=0.03 depth=4 early_stopping_rounds=50 task_type=CPU thread_count=2 validation_fraction=0.2 seed=1
2026-08-16 07:50:49,038 INFO [__main__] ========================================================================
2026-08-16 07:50:49,038 INFO [__main__] selected methods=('bayes_avgy_shared',)
2026-08-16 07:50:58,527 INFO [__main__] gate fitting start candidate=avgy
2026-08-16 07:50:59,393 INFO [__main__] gate fitting done candidate=avgy
2026-08-16 07:50:59,420 INFO [__main__] experiment done seconds=10.38
2026-08-16 07:50:59,420 INFO [__main__] ========================================================================
2026-08-16T07:50:59+02:00 gates done configuration=15/72 dataset=Electricity model=chronos2 formula=bayes_avgy_shared lags=504 horizon=168 retrieval=instance_euclidean_5_online
2026-08-16 07:51:02,153 INFO [__main__] extraction validation directory=/home/h61084/codes/adapts/outputs/extraction/Electricity/504_168/chronos2/instance/euclidean/10/online/run_0 status=complete

2026-08-16T07:51:02+02:00 gates start configuration=16/72 dataset=Electricity model=chronos2 formula=catboost_avgy_regressor_shared lags=504 horizon=168 retrieval=instance_euclidean_10_online run=/home/h61084/codes/adapts/outputs/adaptation/k_ablation/Electricity/504_168/chronos2/catboost_avgy_regressor_shared/instance/euclidean/10/online/run_0 computation_signature=67f281880602ae874f5dd551cae2102d15c409c643789b44921fdbd2d5cd95e9 iterations=300 learning_rate=0.03 depth=4 early_stopping_rounds=50 task_type=CPU thread_count=2 validation_fraction=0.2 seed=1
2026-08-16 07:51:04,911 INFO [__main__] ========================================================================
2026-08-16 07:51:04,911 INFO [__main__] selected methods=('catboost_avgy_regressor_shared',)
2026-08-16 07:51:54,058 INFO [__main__] gate fitting start candidate=avgy
2026-08-16 07:51:59,162 INFO [__main__] gate fitting done candidate=avgy
2026-08-16 07:51:59,823 INFO [__main__] experiment done seconds=54.91
2026-08-16 07:51:59,823 INFO [__main__] ========================================================================
2026-08-16T07:52:00+02:00 gates done configuration=16/72 dataset=Electricity model=chronos2 formula=catboost_avgy_regressor_shared lags=504 horizon=168 retrieval=instance_euclidean_10_online

2026-08-16T07:52:00+02:00 gates start configuration=16/72 dataset=Electricity model=chronos2 formula=bayes_avgy_shared lags=504 horizon=168 retrieval=instance_euclidean_10_online run=/home/h61084/codes/adapts/outputs/adaptation/k_ablation/Electricity/504_168/chronos2/bayes_avgy_shared/instance/euclidean/10/online/run_0 computation_signature=ce848a1caee090d5c9cbf5944f51c834f9abd9a1f6d46a0f573f5411d2d59789 iterations=300 learning_rate=0.03 depth=4 early_stopping_rounds=50 task_type=CPU thread_count=2 validation_fraction=0.2 seed=1
2026-08-16 07:52:03,217 INFO [__main__] ========================================================================
2026-08-16 07:52:03,217 INFO [__main__] selected methods=('bayes_avgy_shared',)
2026-08-16 07:52:19,258 INFO [__main__] gate fitting start candidate=avgy
2026-08-16 07:52:20,158 INFO [__main__] gate fitting done candidate=avgy
2026-08-16 07:52:20,212 INFO [__main__] experiment done seconds=16.99
2026-08-16 07:52:20,212 INFO [__main__] ========================================================================
2026-08-16T07:52:20+02:00 gates done configuration=16/72 dataset=Electricity model=chronos2 formula=bayes_avgy_shared lags=504 horizon=168 retrieval=instance_euclidean_10_online
2026-08-16 07:52:22,871 INFO [__main__] extraction validation directory=/home/h61084/codes/adapts/outputs/extraction/Electricity/504_168/chronos2/instance/euclidean/15/online/run_0 status=complete

2026-08-16T07:52:23+02:00 gates start configuration=17/72 dataset=Electricity model=chronos2 formula=catboost_avgy_regressor_shared lags=504 horizon=168 retrieval=instance_euclidean_15_online run=/home/h61084/codes/adapts/outputs/adaptation/k_ablation/Electricity/504_168/chronos2/catboost_avgy_regressor_shared/instance/euclidean/15/online/run_0 computation_signature=1b197d40196040642858f4a3cefb4706b83df0d39f52f59c8e8ad0065abbd706 iterations=300 learning_rate=0.03 depth=4 early_stopping_rounds=50 task_type=CPU thread_count=2 validation_fraction=0.2 seed=1
2026-08-16 07:52:25,801 INFO [__main__] ========================================================================
2026-08-16 07:52:25,801 INFO [__main__] selected methods=('catboost_avgy_regressor_shared',)
2026-08-16 07:53:42,084 INFO [__main__] gate fitting start candidate=avgy
2026-08-16 07:53:48,154 INFO [__main__] gate fitting done candidate=avgy
2026-08-16 07:53:48,776 INFO [__main__] experiment done seconds=82.97
2026-08-16 07:53:48,776 INFO [__main__] ========================================================================
2026-08-16T07:53:49+02:00 gates done configuration=17/72 dataset=Electricity model=chronos2 formula=catboost_avgy_regressor_shared lags=504 horizon=168 retrieval=instance_euclidean_15_online

2026-08-16T07:53:49+02:00 gates start configuration=17/72 dataset=Electricity model=chronos2 formula=bayes_avgy_shared lags=504 horizon=168 retrieval=instance_euclidean_15_online run=/home/h61084/codes/adapts/outputs/adaptation/k_ablation/Electricity/504_168/chronos2/bayes_avgy_shared/instance/euclidean/15/online/run_0 computation_signature=01196582dfbb611f86426a95f745707eec0e8c7c3d960243bf8cb573f1147278 iterations=300 learning_rate=0.03 depth=4 early_stopping_rounds=50 task_type=CPU thread_count=2 validation_fraction=0.2 seed=1
2026-08-16 07:53:52,389 INFO [__main__] ========================================================================
2026-08-16 07:53:52,389 INFO [__main__] selected methods=('bayes_avgy_shared',)
2026-08-16 07:54:18,330 INFO [__main__] gate fitting start candidate=avgy
2026-08-16 07:54:19,198 INFO [__main__] gate fitting done candidate=avgy
2026-08-16 07:54:19,226 INFO [__main__] experiment done seconds=26.83
2026-08-16 07:54:19,226 INFO [__main__] ========================================================================
2026-08-16T07:54:19+02:00 gates done configuration=17/72 dataset=Electricity model=chronos2 formula=bayes_avgy_shared lags=504 horizon=168 retrieval=instance_euclidean_15_online
2026-08-16 07:54:21,933 INFO [__main__] extraction validation directory=/home/h61084/codes/adapts/outputs/extraction/Electricity/504_168/chronos2/instance/euclidean/20/online/run_0 status=complete

2026-08-16T07:54:22+02:00 gates start configuration=18/72 dataset=Electricity model=chronos2 formula=catboost_avgy_regressor_shared lags=504 horizon=168 retrieval=instance_euclidean_20_online run=/home/h61084/codes/adapts/outputs/adaptation/k_ablation/Electricity/504_168/chronos2/catboost_avgy_regressor_shared/instance/euclidean/20/online/run_0 computation_signature=9d31396d96dde0c3f0600b94a0207d3609e32b4ea776153ee9a582e70bca06bc iterations=300 learning_rate=0.03 depth=4 early_stopping_rounds=50 task_type=CPU thread_count=2 validation_fraction=0.2 seed=1
2026-08-16 07:54:24,811 INFO [__main__] ========================================================================
2026-08-16 07:54:24,811 INFO [__main__] selected methods=('catboost_avgy_regressor_shared',)
2026-08-16 07:56:03,976 INFO [__main__] gate fitting start candidate=avgy
2026-08-16 07:56:09,689 INFO [__main__] gate fitting done candidate=avgy
2026-08-16 07:56:10,341 INFO [__main__] experiment done seconds=105.53
2026-08-16 07:56:10,341 INFO [__main__] ========================================================================
2026-08-16T07:56:11+02:00 gates done configuration=18/72 dataset=Electricity model=chronos2 formula=catboost_avgy_regressor_shared lags=504 horizon=168 retrieval=instance_euclidean_20_online

2026-08-16T07:56:11+02:00 gates start configuration=18/72 dataset=Electricity model=chronos2 formula=bayes_avgy_shared lags=504 horizon=168 retrieval=instance_euclidean_20_online run=/home/h61084/codes/adapts/outputs/adaptation/k_ablation/Electricity/504_168/chronos2/bayes_avgy_shared/instance/euclidean/20/online/run_0 computation_signature=71317cda15f8d62d033921baceb027364bc341d3c222301c21d34f91fbb8c99c iterations=300 learning_rate=0.03 depth=4 early_stopping_rounds=50 task_type=CPU thread_count=2 validation_fraction=0.2 seed=1
2026-08-16 07:56:13,940 INFO [__main__] ========================================================================
2026-08-16 07:56:13,940 INFO [__main__] selected methods=('bayes_avgy_shared',)
2026-08-16 07:56:48,232 INFO [__main__] gate fitting start candidate=avgy
2026-08-16 07:56:49,141 INFO [__main__] gate fitting done candidate=avgy
2026-08-16 07:56:49,168 INFO [__main__] experiment done seconds=35.23
2026-08-16 07:56:49,168 INFO [__main__] ========================================================================
2026-08-16T07:56:49+02:00 gates done configuration=18/72 dataset=Electricity model=chronos2 formula=bayes_avgy_shared lags=504 horizon=168 retrieval=instance_euclidean_20_online
2026-08-16 07:56:51,773 INFO [__main__] extraction validation directory=/home/h61084/codes/adapts/outputs/extraction/Traffic/168_24/chronos2/instance/euclidean/1/online/run_1 status=complete

2026-08-16T07:56:52+02:00 gates start configuration=19/72 dataset=Traffic model=chronos2 formula=catboost_avgy_regressor_shared lags=168 horizon=24 retrieval=instance_euclidean_1_online run=/home/h61084/codes/adapts/outputs/adaptation/k_ablation/Traffic/168_24/chronos2/catboost_avgy_regressor_shared/instance/euclidean/1/online/run_0 computation_signature=86bb7339e39cf7eff7c21cf5bde617b1934d724e0cd76a939f7649a76b957008 iterations=300 learning_rate=0.03 depth=4 early_stopping_rounds=50 task_type=CPU thread_count=2 validation_fraction=0.2 seed=1
2026-08-16 07:56:54,715 INFO [__main__] ========================================================================
2026-08-16 07:56:54,715 INFO [__main__] selected methods=('catboost_avgy_regressor_shared',)
2026-08-16 07:56:57,960 INFO [__main__] gate fitting start candidate=avgy
2026-08-16 07:57:01,821 INFO [__main__] gate fitting done candidate=avgy
2026-08-16 07:57:02,393 INFO [__main__] experiment done seconds=7.68
2026-08-16 07:57:02,393 INFO [__main__] ========================================================================
2026-08-16T07:57:03+02:00 gates done configuration=19/72 dataset=Traffic model=chronos2 formula=catboost_avgy_regressor_shared lags=168 horizon=24 retrieval=instance_euclidean_1_online

2026-08-16T07:57:03+02:00 gates start configuration=19/72 dataset=Traffic model=chronos2 formula=bayes_avgy_shared lags=168 horizon=24 retrieval=instance_euclidean_1_online run=/home/h61084/codes/adapts/outputs/adaptation/k_ablation/Traffic/168_24/chronos2/bayes_avgy_shared/instance/euclidean/1/online/run_0 computation_signature=a848066c46dc7be32ebea2b72b8baa3e3732f29a69c53800453ac8b77ed32ffd iterations=300 learning_rate=0.03 depth=4 early_stopping_rounds=50 task_type=CPU thread_count=2 validation_fraction=0.2 seed=1
2026-08-16 07:57:05,487 INFO [__main__] ========================================================================
2026-08-16 07:57:05,487 INFO [__main__] selected methods=('bayes_avgy_shared',)
2026-08-16 07:57:08,305 INFO [__main__] gate fitting start candidate=avgy
2026-08-16 07:57:08,604 INFO [__main__] gate fitting done candidate=avgy
2026-08-16 07:57:08,634 INFO [__main__] experiment done seconds=3.14
2026-08-16 07:57:08,634 INFO [__main__] ========================================================================
2026-08-16T07:57:09+02:00 gates done configuration=19/72 dataset=Traffic model=chronos2 formula=bayes_avgy_shared lags=168 horizon=24 retrieval=instance_euclidean_1_online
2026-08-16 07:57:11,314 INFO [__main__] extraction validation directory=/home/h61084/codes/adapts/outputs/extraction/Traffic/168_24/chronos2/instance/euclidean/3/online/run_1 status=complete

2026-08-16T07:57:11+02:00 gates start configuration=20/72 dataset=Traffic model=chronos2 formula=catboost_avgy_regressor_shared lags=168 horizon=24 retrieval=instance_euclidean_3_online run=/home/h61084/codes/adapts/outputs/adaptation/k_ablation/Traffic/168_24/chronos2/catboost_avgy_regressor_shared/instance/euclidean/3/online/run_0 computation_signature=1e1c6905127adc0f14dc5d72cefb1e5b96eacac1683f2368f365a0ee49710687 iterations=300 learning_rate=0.03 depth=4 early_stopping_rounds=50 task_type=CPU thread_count=2 validation_fraction=0.2 seed=1
2026-08-16 07:57:14,382 INFO [__main__] ========================================================================
2026-08-16 07:57:14,382 INFO [__main__] selected methods=('catboost_avgy_regressor_shared',)
2026-08-16 07:57:18,618 INFO [__main__] gate fitting start candidate=avgy
2026-08-16 07:57:27,179 INFO [__main__] gate fitting done candidate=avgy
2026-08-16 07:57:27,806 INFO [__main__] experiment done seconds=13.42
2026-08-16 07:57:27,806 INFO [__main__] ========================================================================
2026-08-16T07:57:28+02:00 gates done configuration=20/72 dataset=Traffic model=chronos2 formula=catboost_avgy_regressor_shared lags=168 horizon=24 retrieval=instance_euclidean_3_online

2026-08-16T07:57:28+02:00 gates start configuration=20/72 dataset=Traffic model=chronos2 formula=bayes_avgy_shared lags=168 horizon=24 retrieval=instance_euclidean_3_online run=/home/h61084/codes/adapts/outputs/adaptation/k_ablation/Traffic/168_24/chronos2/bayes_avgy_shared/instance/euclidean/3/online/run_0 computation_signature=449e45c658464a6cae68a60c80a915f8c0dc06094be2d2574d746c3bc9eca5c5 iterations=300 learning_rate=0.03 depth=4 early_stopping_rounds=50 task_type=CPU thread_count=2 validation_fraction=0.2 seed=1
2026-08-16 07:57:30,912 INFO [__main__] ========================================================================
2026-08-16 07:57:30,912 INFO [__main__] selected methods=('bayes_avgy_shared',)
2026-08-16 07:57:35,154 INFO [__main__] gate fitting start candidate=avgy
2026-08-16 07:57:35,465 INFO [__main__] gate fitting done candidate=avgy
2026-08-16 07:57:35,492 INFO [__main__] experiment done seconds=4.58
2026-08-16 07:57:35,492 INFO [__main__] ========================================================================
2026-08-16T07:57:36+02:00 gates done configuration=20/72 dataset=Traffic model=chronos2 formula=bayes_avgy_shared lags=168 horizon=24 retrieval=instance_euclidean_3_online
2026-08-16 07:57:38,017 INFO [__main__] extraction validation directory=/home/h61084/codes/adapts/outputs/extraction/Traffic/168_24/chronos2/instance/euclidean/5/online/run_0 status=complete

2026-08-16T07:57:38+02:00 gates start configuration=21/72 dataset=Traffic model=chronos2 formula=catboost_avgy_regressor_shared lags=168 horizon=24 retrieval=instance_euclidean_5_online run=/home/h61084/codes/adapts/outputs/adaptation/k_ablation/Traffic/168_24/chronos2/catboost_avgy_regressor_shared/instance/euclidean/5/online/run_0 computation_signature=6693028cb397c77880c73cfa98ea8f27a9f1576fdca3d027c545a695a68d7c28 iterations=300 learning_rate=0.03 depth=4 early_stopping_rounds=50 task_type=CPU thread_count=2 validation_fraction=0.2 seed=1
2026-08-16 07:57:40,885 INFO [__main__] ========================================================================
2026-08-16 07:57:40,885 INFO [__main__] selected methods=('catboost_avgy_regressor_shared',)
2026-08-16 07:57:53,961 INFO [__main__] gate fitting start candidate=avgy
2026-08-16 07:57:58,162 INFO [__main__] gate fitting done candidate=avgy
2026-08-16 07:57:58,741 INFO [__main__] experiment done seconds=17.85
2026-08-16 07:57:58,741 INFO [__main__] ========================================================================
2026-08-16T07:57:59+02:00 gates done configuration=21/72 dataset=Traffic model=chronos2 formula=catboost_avgy_regressor_shared lags=168 horizon=24 retrieval=instance_euclidean_5_online

2026-08-16T07:57:59+02:00 gates start configuration=21/72 dataset=Traffic model=chronos2 formula=bayes_avgy_shared lags=168 horizon=24 retrieval=instance_euclidean_5_online run=/home/h61084/codes/adapts/outputs/adaptation/k_ablation/Traffic/168_24/chronos2/bayes_avgy_shared/instance/euclidean/5/online/run_0 computation_signature=6e46eacc7c20b6bf2f6b1245bcacaa7bcd316d5b212e5209f05c282addc24f53 iterations=300 learning_rate=0.03 depth=4 early_stopping_rounds=50 task_type=CPU thread_count=2 validation_fraction=0.2 seed=1
2026-08-16 07:58:01,917 INFO [__main__] ========================================================================
2026-08-16 07:58:01,917 INFO [__main__] selected methods=('bayes_avgy_shared',)
2026-08-16 07:58:07,423 INFO [__main__] gate fitting start candidate=avgy
2026-08-16 07:58:07,747 INFO [__main__] gate fitting done candidate=avgy
2026-08-16 07:58:07,774 INFO [__main__] experiment done seconds=5.85
2026-08-16 07:58:07,774 INFO [__main__] ========================================================================
2026-08-16T07:58:08+02:00 gates done configuration=21/72 dataset=Traffic model=chronos2 formula=bayes_avgy_shared lags=168 horizon=24 retrieval=instance_euclidean_5_online
2026-08-16 07:58:10,401 INFO [__main__] extraction validation directory=/home/h61084/codes/adapts/outputs/extraction/Traffic/168_24/chronos2/instance/euclidean/10/online/run_0 status=complete

2026-08-16T07:58:10+02:00 gates start configuration=22/72 dataset=Traffic model=chronos2 formula=catboost_avgy_regressor_shared lags=168 horizon=24 retrieval=instance_euclidean_10_online run=/home/h61084/codes/adapts/outputs/adaptation/k_ablation/Traffic/168_24/chronos2/catboost_avgy_regressor_shared/instance/euclidean/10/online/run_0 computation_signature=41163ab49de09b83c9ea72829548109c79dc9d062dd13cc01d63a19b87035a0d iterations=300 learning_rate=0.03 depth=4 early_stopping_rounds=50 task_type=CPU thread_count=2 validation_fraction=0.2 seed=1
2026-08-16 07:58:13,355 INFO [__main__] ========================================================================
2026-08-16 07:58:13,355 INFO [__main__] selected methods=('catboost_avgy_regressor_shared',)
2026-08-16 07:58:37,348 INFO [__main__] gate fitting start candidate=avgy
2026-08-16 07:58:41,377 INFO [__main__] gate fitting done candidate=avgy
2026-08-16 07:58:41,991 INFO [__main__] experiment done seconds=28.63
2026-08-16 07:58:41,991 INFO [__main__] ========================================================================
2026-08-16T07:58:42+02:00 gates done configuration=22/72 dataset=Traffic model=chronos2 formula=catboost_avgy_regressor_shared lags=168 horizon=24 retrieval=instance_euclidean_10_online

2026-08-16T07:58:42+02:00 gates start configuration=22/72 dataset=Traffic model=chronos2 formula=bayes_avgy_shared lags=168 horizon=24 retrieval=instance_euclidean_10_online run=/home/h61084/codes/adapts/outputs/adaptation/k_ablation/Traffic/168_24/chronos2/bayes_avgy_shared/instance/euclidean/10/online/run_0 computation_signature=66bfe9ddb585cb88e725a4bbcaef37e43f0be67a85051b69a6d27ca68d3203a4 iterations=300 learning_rate=0.03 depth=4 early_stopping_rounds=50 task_type=CPU thread_count=2 validation_fraction=0.2 seed=1
2026-08-16 07:58:45,358 INFO [__main__] ========================================================================
2026-08-16 07:58:45,358 INFO [__main__] selected methods=('bayes_avgy_shared',)
2026-08-16 07:58:53,303 INFO [__main__] gate fitting start candidate=avgy
2026-08-16 07:58:53,602 INFO [__main__] gate fitting done candidate=avgy
2026-08-16 07:58:53,641 INFO [__main__] experiment done seconds=8.28
2026-08-16 07:58:53,641 INFO [__main__] ========================================================================
2026-08-16T07:58:54+02:00 gates done configuration=22/72 dataset=Traffic model=chronos2 formula=bayes_avgy_shared lags=168 horizon=24 retrieval=instance_euclidean_10_online
2026-08-16 07:58:56,301 INFO [__main__] extraction validation directory=/home/h61084/codes/adapts/outputs/extraction/Traffic/168_24/chronos2/instance/euclidean/15/online/run_0 status=complete

2026-08-16T07:58:56+02:00 gates start configuration=23/72 dataset=Traffic model=chronos2 formula=catboost_avgy_regressor_shared lags=168 horizon=24 retrieval=instance_euclidean_15_online run=/home/h61084/codes/adapts/outputs/adaptation/k_ablation/Traffic/168_24/chronos2/catboost_avgy_regressor_shared/instance/euclidean/15/online/run_0 computation_signature=efd232d028a238768b45eca1cb3fb122e3ab5fafed5f7f8ef6f8a574d0044d8b iterations=300 learning_rate=0.03 depth=4 early_stopping_rounds=50 task_type=CPU thread_count=2 validation_fraction=0.2 seed=1
2026-08-16 07:58:59,145 INFO [__main__] ========================================================================
2026-08-16 07:58:59,145 INFO [__main__] selected methods=('catboost_avgy_regressor_shared',)
2026-08-16 07:59:34,133 INFO [__main__] gate fitting start candidate=avgy
2026-08-16 07:59:37,291 INFO [__main__] gate fitting done candidate=avgy
2026-08-16 07:59:37,934 INFO [__main__] experiment done seconds=38.79
2026-08-16 07:59:37,934 INFO [__main__] ========================================================================
2026-08-16T07:59:38+02:00 gates done configuration=23/72 dataset=Traffic model=chronos2 formula=catboost_avgy_regressor_shared lags=168 horizon=24 retrieval=instance_euclidean_15_online

2026-08-16T07:59:38+02:00 gates start configuration=23/72 dataset=Traffic model=chronos2 formula=bayes_avgy_shared lags=168 horizon=24 retrieval=instance_euclidean_15_online run=/home/h61084/codes/adapts/outputs/adaptation/k_ablation/Traffic/168_24/chronos2/bayes_avgy_shared/instance/euclidean/15/online/run_0 computation_signature=e1ef2cdb3025573960d9bc0a312ee2d3c63991a6e0580c60c5ba5b6ef004837a iterations=300 learning_rate=0.03 depth=4 early_stopping_rounds=50 task_type=CPU thread_count=2 validation_fraction=0.2 seed=1
2026-08-16 07:59:41,223 INFO [__main__] ========================================================================
2026-08-16 07:59:41,224 INFO [__main__] selected methods=('bayes_avgy_shared',)
2026-08-16 07:59:52,006 INFO [__main__] gate fitting start candidate=avgy
2026-08-16 07:59:52,307 INFO [__main__] gate fitting done candidate=avgy
2026-08-16 07:59:52,335 INFO [__main__] experiment done seconds=11.11
2026-08-16 07:59:52,335 INFO [__main__] ========================================================================
2026-08-16T07:59:52+02:00 gates done configuration=23/72 dataset=Traffic model=chronos2 formula=bayes_avgy_shared lags=168 horizon=24 retrieval=instance_euclidean_15_online
2026-08-16 07:59:55,183 INFO [__main__] extraction validation directory=/home/h61084/codes/adapts/outputs/extraction/Traffic/168_24/chronos2/instance/euclidean/20/online/run_0 status=complete

2026-08-16T07:59:55+02:00 gates start configuration=24/72 dataset=Traffic model=chronos2 formula=catboost_avgy_regressor_shared lags=168 horizon=24 retrieval=instance_euclidean_20_online run=/home/h61084/codes/adapts/outputs/adaptation/k_ablation/Traffic/168_24/chronos2/catboost_avgy_regressor_shared/instance/euclidean/20/online/run_0 computation_signature=8cfaa2a9da808456dbd3896b285e2d9f7e974c88b9029c0af5df95882919c92f iterations=300 learning_rate=0.03 depth=4 early_stopping_rounds=50 task_type=CPU thread_count=2 validation_fraction=0.2 seed=1
2026-08-16 07:59:58,136 INFO [__main__] ========================================================================
2026-08-16 07:59:58,136 INFO [__main__] selected methods=('catboost_avgy_regressor_shared',)
2026-08-16 08:00:38,392 INFO [__main__] gate fitting start candidate=avgy
2026-08-16 08:00:41,657 INFO [__main__] gate fitting done candidate=avgy
2026-08-16 08:00:42,293 INFO [__main__] experiment done seconds=44.15
2026-08-16 08:00:42,293 INFO [__main__] ========================================================================
2026-08-16T08:00:43+02:00 gates done configuration=24/72 dataset=Traffic model=chronos2 formula=catboost_avgy_regressor_shared lags=168 horizon=24 retrieval=instance_euclidean_20_online

2026-08-16T08:00:43+02:00 gates start configuration=24/72 dataset=Traffic model=chronos2 formula=bayes_avgy_shared lags=168 horizon=24 retrieval=instance_euclidean_20_online run=/home/h61084/codes/adapts/outputs/adaptation/k_ablation/Traffic/168_24/chronos2/bayes_avgy_shared/instance/euclidean/20/online/run_0 computation_signature=af001110ce685ba0158ca0caf357a5068b4ebff9ba8232c3a56742f9555439d8 iterations=300 learning_rate=0.03 depth=4 early_stopping_rounds=50 task_type=CPU thread_count=2 validation_fraction=0.2 seed=1
2026-08-16 08:00:45,651 INFO [__main__] ========================================================================
2026-08-16 08:00:45,651 INFO [__main__] selected methods=('bayes_avgy_shared',)
2026-08-16 08:00:58,527 INFO [__main__] gate fitting start candidate=avgy
2026-08-16 08:00:58,837 INFO [__main__] gate fitting done candidate=avgy
2026-08-16 08:00:58,866 INFO [__main__] experiment done seconds=13.21
2026-08-16 08:00:58,866 INFO [__main__] ========================================================================
2026-08-16T08:00:59+02:00 gates done configuration=24/72 dataset=Traffic model=chronos2 formula=bayes_avgy_shared lags=168 horizon=24 retrieval=instance_euclidean_20_online
2026-08-16 08:01:01,598 INFO [__main__] extraction validation directory=/home/h61084/codes/adapts/outputs/extraction/Traffic/336_48/chronos2/instance/euclidean/1/online/run_1 status=complete

2026-08-16T08:01:02+02:00 gates start configuration=25/72 dataset=Traffic model=chronos2 formula=catboost_avgy_regressor_shared lags=336 horizon=48 retrieval=instance_euclidean_1_online run=/home/h61084/codes/adapts/outputs/adaptation/k_ablation/Traffic/336_48/chronos2/catboost_avgy_regressor_shared/instance/euclidean/1/online/run_0 computation_signature=41be82097a2a000ab5b97551e85182d32e43826a4ed583b541c7624b49f0eccf iterations=300 learning_rate=0.03 depth=4 early_stopping_rounds=50 task_type=CPU thread_count=2 validation_fraction=0.2 seed=1
2026-08-16 08:01:04,514 INFO [__main__] ========================================================================
2026-08-16 08:01:04,514 INFO [__main__] selected methods=('catboost_avgy_regressor_shared',)
2026-08-16 08:01:15,477 INFO [__main__] gate fitting start candidate=avgy
2026-08-16 08:01:20,176 INFO [__main__] gate fitting done candidate=avgy
2026-08-16 08:01:20,756 INFO [__main__] experiment done seconds=16.24
2026-08-16 08:01:20,756 INFO [__main__] ========================================================================
2026-08-16T08:01:21+02:00 gates done configuration=25/72 dataset=Traffic model=chronos2 formula=catboost_avgy_regressor_shared lags=336 horizon=48 retrieval=instance_euclidean_1_online

2026-08-16T08:01:21+02:00 gates start configuration=25/72 dataset=Traffic model=chronos2 formula=bayes_avgy_shared lags=336 horizon=48 retrieval=instance_euclidean_1_online run=/home/h61084/codes/adapts/outputs/adaptation/k_ablation/Traffic/336_48/chronos2/bayes_avgy_shared/instance/euclidean/1/online/run_0 computation_signature=132bcb242d28ea707db987ec2bb69305b909faf60db8a1f827b88db4936a7323 iterations=300 learning_rate=0.03 depth=4 early_stopping_rounds=50 task_type=CPU thread_count=2 validation_fraction=0.2 seed=1
2026-08-16 08:01:23,947 INFO [__main__] ========================================================================
2026-08-16 08:01:23,947 INFO [__main__] selected methods=('bayes_avgy_shared',)
2026-08-16 08:01:27,997 INFO [__main__] gate fitting start candidate=avgy
2026-08-16 08:01:28,533 INFO [__main__] gate fitting done candidate=avgy
2026-08-16 08:01:28,561 INFO [__main__] experiment done seconds=4.61
2026-08-16 08:01:28,561 INFO [__main__] ========================================================================
2026-08-16T08:01:29+02:00 gates done configuration=25/72 dataset=Traffic model=chronos2 formula=bayes_avgy_shared lags=336 horizon=48 retrieval=instance_euclidean_1_online
2026-08-16 08:01:31,156 INFO [__main__] extraction validation directory=/home/h61084/codes/adapts/outputs/extraction/Traffic/336_48/chronos2/instance/euclidean/3/online/run_1 status=complete

2026-08-16T08:01:31+02:00 gates start configuration=26/72 dataset=Traffic model=chronos2 formula=catboost_avgy_regressor_shared lags=336 horizon=48 retrieval=instance_euclidean_3_online run=/home/h61084/codes/adapts/outputs/adaptation/k_ablation/Traffic/336_48/chronos2/catboost_avgy_regressor_shared/instance/euclidean/3/online/run_0 computation_signature=ab482164a9ec32ccf7e6eaf55497daff89767a76e7148bd30cec42013f5becb6 iterations=300 learning_rate=0.03 depth=4 early_stopping_rounds=50 task_type=CPU thread_count=2 validation_fraction=0.2 seed=1
2026-08-16 08:01:34,136 INFO [__main__] ========================================================================
2026-08-16 08:01:34,137 INFO [__main__] selected methods=('catboost_avgy_regressor_shared',)
2026-08-16 08:01:40,118 INFO [__main__] gate fitting start candidate=avgy
2026-08-16 08:01:43,555 INFO [__main__] gate fitting done candidate=avgy
2026-08-16 08:01:44,165 INFO [__main__] experiment done seconds=10.03
2026-08-16 08:01:44,165 INFO [__main__] ========================================================================
2026-08-16T08:01:44+02:00 gates done configuration=26/72 dataset=Traffic model=chronos2 formula=catboost_avgy_regressor_shared lags=336 horizon=48 retrieval=instance_euclidean_3_online

2026-08-16T08:01:44+02:00 gates start configuration=26/72 dataset=Traffic model=chronos2 formula=bayes_avgy_shared lags=336 horizon=48 retrieval=instance_euclidean_3_online run=/home/h61084/codes/adapts/outputs/adaptation/k_ablation/Traffic/336_48/chronos2/bayes_avgy_shared/instance/euclidean/3/online/run_0 computation_signature=7506004d3cd070dcc882819ca6a0f9e7c810f57a8d09c14ae1f461a1ec1e6c5b iterations=300 learning_rate=0.03 depth=4 early_stopping_rounds=50 task_type=CPU thread_count=2 validation_fraction=0.2 seed=1
2026-08-16 08:01:47,363 INFO [__main__] ========================================================================
2026-08-16 08:01:47,363 INFO [__main__] selected methods=('bayes_avgy_shared',)
2026-08-16 08:01:53,179 INFO [__main__] gate fitting start candidate=avgy
2026-08-16 08:01:53,665 INFO [__main__] gate fitting done candidate=avgy
2026-08-16 08:01:53,692 INFO [__main__] experiment done seconds=6.33
2026-08-16 08:01:53,692 INFO [__main__] ========================================================================
2026-08-16T08:01:54+02:00 gates done configuration=26/72 dataset=Traffic model=chronos2 formula=bayes_avgy_shared lags=336 horizon=48 retrieval=instance_euclidean_3_online
2026-08-16 08:01:56,323 INFO [__main__] extraction validation directory=/home/h61084/codes/adapts/outputs/extraction/Traffic/336_48/chronos2/instance/euclidean/5/online/run_0 status=complete

2026-08-16T08:01:56+02:00 gates start configuration=27/72 dataset=Traffic model=chronos2 formula=catboost_avgy_regressor_shared lags=336 horizon=48 retrieval=instance_euclidean_5_online run=/home/h61084/codes/adapts/outputs/adaptation/k_ablation/Traffic/336_48/chronos2/catboost_avgy_regressor_shared/instance/euclidean/5/online/run_0 computation_signature=8f5b33541de4da14bd269cfb1b9c952b504ca5f95f3d377eb722829d2cb3e3cd iterations=300 learning_rate=0.03 depth=4 early_stopping_rounds=50 task_type=CPU thread_count=2 validation_fraction=0.2 seed=1
2026-08-16 08:01:59,098 INFO [__main__] ========================================================================
2026-08-16 08:01:59,098 INFO [__main__] selected methods=('catboost_avgy_regressor_shared',)
2026-08-16 08:02:28,048 INFO [__main__] gate fitting start candidate=avgy
2026-08-16 08:02:31,432 INFO [__main__] gate fitting done candidate=avgy
2026-08-16 08:02:32,010 INFO [__main__] experiment done seconds=32.91
2026-08-16 08:02:32,010 INFO [__main__] ========================================================================
2026-08-16T08:02:32+02:00 gates done configuration=27/72 dataset=Traffic model=chronos2 formula=catboost_avgy_regressor_shared lags=336 horizon=48 retrieval=instance_euclidean_5_online

2026-08-16T08:02:32+02:00 gates start configuration=27/72 dataset=Traffic model=chronos2 formula=bayes_avgy_shared lags=336 horizon=48 retrieval=instance_euclidean_5_online run=/home/h61084/codes/adapts/outputs/adaptation/k_ablation/Traffic/336_48/chronos2/bayes_avgy_shared/instance/euclidean/5/online/run_0 computation_signature=7baa94daa08ac0d4bf6edcdc5429865c77961fe487f3c7bb311559b7f2ac5e9a iterations=300 learning_rate=0.03 depth=4 early_stopping_rounds=50 task_type=CPU thread_count=2 validation_fraction=0.2 seed=1
2026-08-16 08:02:35,286 INFO [__main__] ========================================================================
2026-08-16 08:02:35,287 INFO [__main__] selected methods=('bayes_avgy_shared',)
2026-08-16 08:02:43,375 INFO [__main__] gate fitting start candidate=avgy
2026-08-16 08:02:43,880 INFO [__main__] gate fitting done candidate=avgy
2026-08-16 08:02:43,907 INFO [__main__] experiment done seconds=8.62
2026-08-16 08:02:43,907 INFO [__main__] ========================================================================
2026-08-16T08:02:44+02:00 gates done configuration=27/72 dataset=Traffic model=chronos2 formula=bayes_avgy_shared lags=336 horizon=48 retrieval=instance_euclidean_5_online
2026-08-16 08:02:46,645 INFO [__main__] extraction validation directory=/home/h61084/codes/adapts/outputs/extraction/Traffic/336_48/chronos2/instance/euclidean/10/online/run_0 status=complete

2026-08-16T08:02:47+02:00 gates start configuration=28/72 dataset=Traffic model=chronos2 formula=catboost_avgy_regressor_shared lags=336 horizon=48 retrieval=instance_euclidean_10_online run=/home/h61084/codes/adapts/outputs/adaptation/k_ablation/Traffic/336_48/chronos2/catboost_avgy_regressor_shared/instance/euclidean/10/online/run_0 computation_signature=992fc3f057918b24e65fdbbf17ab3f14110e394bc6d171ec989a924790548e62 iterations=300 learning_rate=0.03 depth=4 early_stopping_rounds=50 task_type=CPU thread_count=2 validation_fraction=0.2 seed=1
2026-08-16 08:02:49,590 INFO [__main__] ========================================================================
2026-08-16 08:02:49,590 INFO [__main__] selected methods=('catboost_avgy_regressor_shared',)
2026-08-16 08:03:27,759 INFO [__main__] gate fitting start candidate=avgy
2026-08-16 08:03:31,719 INFO [__main__] gate fitting done candidate=avgy
2026-08-16 08:03:32,350 INFO [__main__] experiment done seconds=42.76
2026-08-16 08:03:32,350 INFO [__main__] ========================================================================
2026-08-16T08:03:33+02:00 gates done configuration=28/72 dataset=Traffic model=chronos2 formula=catboost_avgy_regressor_shared lags=336 horizon=48 retrieval=instance_euclidean_10_online

2026-08-16T08:03:33+02:00 gates start configuration=28/72 dataset=Traffic model=chronos2 formula=bayes_avgy_shared lags=336 horizon=48 retrieval=instance_euclidean_10_online run=/home/h61084/codes/adapts/outputs/adaptation/k_ablation/Traffic/336_48/chronos2/bayes_avgy_shared/instance/euclidean/10/online/run_0 computation_signature=6d6696b1db7ebe1b44520acea1d8c68d8b08281f82548740d5c847b31d5cae25 iterations=300 learning_rate=0.03 depth=4 early_stopping_rounds=50 task_type=CPU thread_count=2 validation_fraction=0.2 seed=1
2026-08-16 08:03:35,710 INFO [__main__] ========================================================================
2026-08-16 08:03:35,710 INFO [__main__] selected methods=('bayes_avgy_shared',)
2026-08-16 08:03:49,101 INFO [__main__] gate fitting start candidate=avgy
2026-08-16 08:03:49,619 INFO [__main__] gate fitting done candidate=avgy
2026-08-16 08:03:49,670 INFO [__main__] experiment done seconds=13.96
2026-08-16 08:03:49,670 INFO [__main__] ========================================================================
2026-08-16T08:03:50+02:00 gates done configuration=28/72 dataset=Traffic model=chronos2 formula=bayes_avgy_shared lags=336 horizon=48 retrieval=instance_euclidean_10_online
2026-08-16 08:03:52,413 INFO [__main__] extraction validation directory=/home/h61084/codes/adapts/outputs/extraction/Traffic/336_48/chronos2/instance/euclidean/15/online/run_0 status=complete

2026-08-16T08:03:52+02:00 gates start configuration=29/72 dataset=Traffic model=chronos2 formula=catboost_avgy_regressor_shared lags=336 horizon=48 retrieval=instance_euclidean_15_online run=/home/h61084/codes/adapts/outputs/adaptation/k_ablation/Traffic/336_48/chronos2/catboost_avgy_regressor_shared/instance/euclidean/15/online/run_0 computation_signature=e659c93b93dacd71052a77bc8b1f35c21f3bd1b1a9af29e15764bc14d0b1dc6f iterations=300 learning_rate=0.03 depth=4 early_stopping_rounds=50 task_type=CPU thread_count=2 validation_fraction=0.2 seed=1
2026-08-16 08:03:55,295 INFO [__main__] ========================================================================
2026-08-16 08:03:55,295 INFO [__main__] selected methods=('catboost_avgy_regressor_shared',)
2026-08-16 08:04:50,234 INFO [__main__] gate fitting start candidate=avgy
2026-08-16 08:04:55,684 INFO [__main__] gate fitting done candidate=avgy
2026-08-16 08:04:56,333 INFO [__main__] experiment done seconds=61.03
2026-08-16 08:04:56,333 INFO [__main__] ========================================================================
2026-08-16T08:04:57+02:00 gates done configuration=29/72 dataset=Traffic model=chronos2 formula=catboost_avgy_regressor_shared lags=336 horizon=48 retrieval=instance_euclidean_15_online

2026-08-16T08:04:57+02:00 gates start configuration=29/72 dataset=Traffic model=chronos2 formula=bayes_avgy_shared lags=336 horizon=48 retrieval=instance_euclidean_15_online run=/home/h61084/codes/adapts/outputs/adaptation/k_ablation/Traffic/336_48/chronos2/bayes_avgy_shared/instance/euclidean/15/online/run_0 computation_signature=c5f242ae872f2bec631fd988b669a024901eb6e72195f48c71db54e8ecfc1eae iterations=300 learning_rate=0.03 depth=4 early_stopping_rounds=50 task_type=CPU thread_count=2 validation_fraction=0.2 seed=1
2026-08-16 08:04:59,949 INFO [__main__] ========================================================================
2026-08-16 08:04:59,949 INFO [__main__] selected methods=('bayes_avgy_shared',)
2026-08-16 08:05:17,462 INFO [__main__] gate fitting start candidate=avgy
2026-08-16 08:05:17,951 INFO [__main__] gate fitting done candidate=avgy
2026-08-16 08:05:17,977 INFO [__main__] experiment done seconds=18.03
2026-08-16 08:05:17,977 INFO [__main__] ========================================================================
2026-08-16T08:05:18+02:00 gates done configuration=29/72 dataset=Traffic model=chronos2 formula=bayes_avgy_shared lags=336 horizon=48 retrieval=instance_euclidean_15_online
2026-08-16 08:05:20,606 INFO [__main__] extraction validation directory=/home/h61084/codes/adapts/outputs/extraction/Traffic/336_48/chronos2/instance/euclidean/20/online/run_0 status=complete

2026-08-16T08:05:21+02:00 gates start configuration=30/72 dataset=Traffic model=chronos2 formula=catboost_avgy_regressor_shared lags=336 horizon=48 retrieval=instance_euclidean_20_online run=/home/h61084/codes/adapts/outputs/adaptation/k_ablation/Traffic/336_48/chronos2/catboost_avgy_regressor_shared/instance/euclidean/20/online/run_0 computation_signature=0cbc0e6515a7ace62415c1b8380aa5cb3cfc818c076e464ff8d8753bd34535ce iterations=300 learning_rate=0.03 depth=4 early_stopping_rounds=50 task_type=CPU thread_count=2 validation_fraction=0.2 seed=1
2026-08-16 08:05:23,480 INFO [__main__] ========================================================================
2026-08-16 08:05:23,480 INFO [__main__] selected methods=('catboost_avgy_regressor_shared',)
2026-08-16 08:06:34,706 INFO [__main__] gate fitting start candidate=avgy
2026-08-16 08:06:44,334 INFO [__main__] gate fitting done candidate=avgy
2026-08-16 08:06:44,950 INFO [__main__] experiment done seconds=81.47
2026-08-16 08:06:44,950 INFO [__main__] ========================================================================
2026-08-16T08:06:45+02:00 gates done configuration=30/72 dataset=Traffic model=chronos2 formula=catboost_avgy_regressor_shared lags=336 horizon=48 retrieval=instance_euclidean_20_online

2026-08-16T08:06:45+02:00 gates start configuration=30/72 dataset=Traffic model=chronos2 formula=bayes_avgy_shared lags=336 horizon=48 retrieval=instance_euclidean_20_online run=/home/h61084/codes/adapts/outputs/adaptation/k_ablation/Traffic/336_48/chronos2/bayes_avgy_shared/instance/euclidean/20/online/run_0 computation_signature=1192b567dbe5c29950cabd935fdd71f699d22b6741ad79f0b542730ae529f893 iterations=300 learning_rate=0.03 depth=4 early_stopping_rounds=50 task_type=CPU thread_count=2 validation_fraction=0.2 seed=1
2026-08-16 08:06:48,426 INFO [__main__] ========================================================================
2026-08-16 08:06:48,426 INFO [__main__] selected methods=('bayes_avgy_shared',)
2026-08-16 08:07:10,859 INFO [__main__] gate fitting start candidate=avgy
2026-08-16 08:07:11,408 INFO [__main__] gate fitting done candidate=avgy
2026-08-16 08:07:11,436 INFO [__main__] experiment done seconds=23.01
2026-08-16 08:07:11,436 INFO [__main__] ========================================================================
2026-08-16T08:07:11+02:00 gates done configuration=30/72 dataset=Traffic model=chronos2 formula=bayes_avgy_shared lags=336 horizon=48 retrieval=instance_euclidean_20_online
2026-08-16 08:07:13,970 INFO [__main__] extraction validation directory=/home/h61084/codes/adapts/outputs/extraction/Traffic/504_168/chronos2/instance/euclidean/1/online/run_1 status=complete

2026-08-16T08:07:14+02:00 gates start configuration=31/72 dataset=Traffic model=chronos2 formula=catboost_avgy_regressor_shared lags=504 horizon=168 retrieval=instance_euclidean_1_online run=/home/h61084/codes/adapts/outputs/adaptation/k_ablation/Traffic/504_168/chronos2/catboost_avgy_regressor_shared/instance/euclidean/1/online/run_0 computation_signature=4b96442c0b02a51b3285bd0dc730f17fd7ad663dcea93ae253976f99a2860826 iterations=300 learning_rate=0.03 depth=4 early_stopping_rounds=50 task_type=CPU thread_count=2 validation_fraction=0.2 seed=1
2026-08-16 08:07:16,854 INFO [__main__] ========================================================================
2026-08-16 08:07:16,854 INFO [__main__] selected methods=('catboost_avgy_regressor_shared',)
2026-08-16 08:07:37,438 INFO [__main__] gate fitting start candidate=avgy
2026-08-16 08:07:44,866 INFO [__main__] gate fitting done candidate=avgy
2026-08-16 08:07:45,530 INFO [__main__] experiment done seconds=28.67
2026-08-16 08:07:45,530 INFO [__main__] ========================================================================
2026-08-16T08:07:46+02:00 gates done configuration=31/72 dataset=Traffic model=chronos2 formula=catboost_avgy_regressor_shared lags=504 horizon=168 retrieval=instance_euclidean_1_online

2026-08-16T08:07:46+02:00 gates start configuration=31/72 dataset=Traffic model=chronos2 formula=bayes_avgy_shared lags=504 horizon=168 retrieval=instance_euclidean_1_online run=/home/h61084/codes/adapts/outputs/adaptation/k_ablation/Traffic/504_168/chronos2/bayes_avgy_shared/instance/euclidean/1/online/run_0 computation_signature=9079eeb2b517e347f0fa6a120a575d85b2360ef3007ebd80aa771f4a4bc4af83 iterations=300 learning_rate=0.03 depth=4 early_stopping_rounds=50 task_type=CPU thread_count=2 validation_fraction=0.2 seed=1
2026-08-16 08:07:49,136 INFO [__main__] ========================================================================
2026-08-16 08:07:49,136 INFO [__main__] selected methods=('bayes_avgy_shared',)
2026-08-16 08:07:55,785 INFO [__main__] gate fitting start candidate=avgy
2026-08-16 08:07:57,326 INFO [__main__] gate fitting done candidate=avgy
2026-08-16 08:07:57,359 INFO [__main__] experiment done seconds=8.22
2026-08-16 08:07:57,359 INFO [__main__] ========================================================================
2026-08-16T08:07:57+02:00 gates done configuration=31/72 dataset=Traffic model=chronos2 formula=bayes_avgy_shared lags=504 horizon=168 retrieval=instance_euclidean_1_online
2026-08-16 08:07:59,926 INFO [__main__] extraction validation directory=/home/h61084/codes/adapts/outputs/extraction/Traffic/504_168/chronos2/instance/euclidean/3/online/run_1 status=complete

2026-08-16T08:08:00+02:00 gates start configuration=32/72 dataset=Traffic model=chronos2 formula=catboost_avgy_regressor_shared lags=504 horizon=168 retrieval=instance_euclidean_3_online run=/home/h61084/codes/adapts/outputs/adaptation/k_ablation/Traffic/504_168/chronos2/catboost_avgy_regressor_shared/instance/euclidean/3/online/run_0 computation_signature=389e7ee34bc6665dd5caeda9ceeec3358c9c21810dd9a28339980cf5aeab64b8 iterations=300 learning_rate=0.03 depth=4 early_stopping_rounds=50 task_type=CPU thread_count=2 validation_fraction=0.2 seed=1
2026-08-16 08:08:02,827 INFO [__main__] ========================================================================
2026-08-16 08:08:02,827 INFO [__main__] selected methods=('catboost_avgy_regressor_shared',)
2026-08-16 08:08:13,461 INFO [__main__] gate fitting start candidate=avgy
2026-08-16 08:08:25,045 INFO [__main__] gate fitting done candidate=avgy
2026-08-16 08:08:25,668 INFO [__main__] experiment done seconds=22.84
2026-08-16 08:08:25,669 INFO [__main__] ========================================================================
2026-08-16T08:08:26+02:00 gates done configuration=32/72 dataset=Traffic model=chronos2 formula=catboost_avgy_regressor_shared lags=504 horizon=168 retrieval=instance_euclidean_3_online

2026-08-16T08:08:26+02:00 gates start configuration=32/72 dataset=Traffic model=chronos2 formula=bayes_avgy_shared lags=504 horizon=168 retrieval=instance_euclidean_3_online run=/home/h61084/codes/adapts/outputs/adaptation/k_ablation/Traffic/504_168/chronos2/bayes_avgy_shared/instance/euclidean/3/online/run_0 computation_signature=c94c2483d4e5bd523f5483784c8efd9952b281825eeb259ae1086cef40b2a350 iterations=300 learning_rate=0.03 depth=4 early_stopping_rounds=50 task_type=CPU thread_count=2 validation_fraction=0.2 seed=1
2026-08-16 08:08:28,902 INFO [__main__] ========================================================================
2026-08-16 08:08:28,903 INFO [__main__] selected methods=('bayes_avgy_shared',)
2026-08-16 08:08:39,757 INFO [__main__] gate fitting start candidate=avgy
2026-08-16 08:08:41,240 INFO [__main__] gate fitting done candidate=avgy
2026-08-16 08:08:41,272 INFO [__main__] experiment done seconds=12.36
2026-08-16 08:08:41,272 INFO [__main__] ========================================================================
2026-08-16T08:08:41+02:00 gates done configuration=32/72 dataset=Traffic model=chronos2 formula=bayes_avgy_shared lags=504 horizon=168 retrieval=instance_euclidean_3_online
2026-08-16 08:08:43,806 INFO [__main__] extraction validation directory=/home/h61084/codes/adapts/outputs/extraction/Traffic/504_168/chronos2/instance/euclidean/5/online/run_0 status=complete

2026-08-16T08:08:44+02:00 gates start configuration=33/72 dataset=Traffic model=chronos2 formula=catboost_avgy_regressor_shared lags=504 horizon=168 retrieval=instance_euclidean_5_online run=/home/h61084/codes/adapts/outputs/adaptation/k_ablation/Traffic/504_168/chronos2/catboost_avgy_regressor_shared/instance/euclidean/5/online/run_0 computation_signature=d2fff24b2da943d89dce4a2979bd9a251b22abc77440898c55fc2e476aea0613 iterations=300 learning_rate=0.03 depth=4 early_stopping_rounds=50 task_type=CPU thread_count=2 validation_fraction=0.2 seed=1
2026-08-16 08:08:46,580 INFO [__main__] ========================================================================
2026-08-16 08:08:46,580 INFO [__main__] selected methods=('catboost_avgy_regressor_shared',)
2026-08-16 08:09:31,700 INFO [__main__] gate fitting start candidate=avgy
2026-08-16 08:09:43,304 INFO [__main__] gate fitting done candidate=avgy
2026-08-16 08:09:43,923 INFO [__main__] experiment done seconds=57.34
2026-08-16 08:09:43,923 INFO [__main__] ========================================================================
2026-08-16T08:09:44+02:00 gates done configuration=33/72 dataset=Traffic model=chronos2 formula=catboost_avgy_regressor_shared lags=504 horizon=168 retrieval=instance_euclidean_5_online

2026-08-16T08:09:44+02:00 gates start configuration=33/72 dataset=Traffic model=chronos2 formula=bayes_avgy_shared lags=504 horizon=168 retrieval=instance_euclidean_5_online run=/home/h61084/codes/adapts/outputs/adaptation/k_ablation/Traffic/504_168/chronos2/bayes_avgy_shared/instance/euclidean/5/online/run_0 computation_signature=501d85e186de84e974770fba75e95f9a251a29be47c5fdd7419c87c489a0bace iterations=300 learning_rate=0.03 depth=4 early_stopping_rounds=50 task_type=CPU thread_count=2 validation_fraction=0.2 seed=1
2026-08-16 08:09:47,471 INFO [__main__] ========================================================================
2026-08-16 08:09:47,472 INFO [__main__] selected methods=('bayes_avgy_shared',)
2026-08-16 08:10:03,400 INFO [__main__] gate fitting start candidate=avgy
2026-08-16 08:10:04,880 INFO [__main__] gate fitting done candidate=avgy
2026-08-16 08:10:04,907 INFO [__main__] experiment done seconds=17.43
2026-08-16 08:10:04,907 INFO [__main__] ========================================================================
2026-08-16T08:10:05+02:00 gates done configuration=33/72 dataset=Traffic model=chronos2 formula=bayes_avgy_shared lags=504 horizon=168 retrieval=instance_euclidean_5_online
2026-08-16 08:10:07,383 INFO [__main__] extraction validation directory=/home/h61084/codes/adapts/outputs/extraction/Traffic/504_168/chronos2/instance/euclidean/10/online/run_0 status=complete

2026-08-16T08:10:07+02:00 gates start configuration=34/72 dataset=Traffic model=chronos2 formula=catboost_avgy_regressor_shared lags=504 horizon=168 retrieval=instance_euclidean_10_online run=/home/h61084/codes/adapts/outputs/adaptation/k_ablation/Traffic/504_168/chronos2/catboost_avgy_regressor_shared/instance/euclidean/10/online/run_0 computation_signature=03ffdbcaa989df21ac6b8b610bceb12afa59c644bd0ae813c06e9c538a740e72 iterations=300 learning_rate=0.03 depth=4 early_stopping_rounds=50 task_type=CPU thread_count=2 validation_fraction=0.2 seed=1
2026-08-16 08:10:10,211 INFO [__main__] ========================================================================
2026-08-16 08:10:10,211 INFO [__main__] selected methods=('catboost_avgy_regressor_shared',)
2026-08-16 08:11:29,691 INFO [__main__] gate fitting start candidate=avgy
2026-08-16 08:11:38,949 INFO [__main__] gate fitting done candidate=avgy
2026-08-16 08:11:39,590 INFO [__main__] experiment done seconds=89.38
2026-08-16 08:11:39,591 INFO [__main__] ========================================================================
2026-08-16T08:11:40+02:00 gates done configuration=34/72 dataset=Traffic model=chronos2 formula=catboost_avgy_regressor_shared lags=504 horizon=168 retrieval=instance_euclidean_10_online

2026-08-16T08:11:40+02:00 gates start configuration=34/72 dataset=Traffic model=chronos2 formula=bayes_avgy_shared lags=504 horizon=168 retrieval=instance_euclidean_10_online run=/home/h61084/codes/adapts/outputs/adaptation/k_ablation/Traffic/504_168/chronos2/bayes_avgy_shared/instance/euclidean/10/online/run_0 computation_signature=740cf8d6705591a71f05c366f85cb7a347b3b7e2ad15ffe230e0da5e8eba2178 iterations=300 learning_rate=0.03 depth=4 early_stopping_rounds=50 task_type=CPU thread_count=2 validation_fraction=0.2 seed=1
2026-08-16 08:11:43,173 INFO [__main__] ========================================================================
2026-08-16 08:11:43,173 INFO [__main__] selected methods=('bayes_avgy_shared',)
2026-08-16 08:12:12,448 INFO [__main__] gate fitting start candidate=avgy
2026-08-16 08:12:13,937 INFO [__main__] gate fitting done candidate=avgy
2026-08-16 08:12:13,965 INFO [__main__] experiment done seconds=30.79
2026-08-16 08:12:13,965 INFO [__main__] ========================================================================
2026-08-16T08:12:14+02:00 gates done configuration=34/72 dataset=Traffic model=chronos2 formula=bayes_avgy_shared lags=504 horizon=168 retrieval=instance_euclidean_10_online
2026-08-16 08:12:16,655 INFO [__main__] extraction validation directory=/home/h61084/codes/adapts/outputs/extraction/Traffic/504_168/chronos2/instance/euclidean/15/online/run_0 status=complete

2026-08-16T08:12:17+02:00 gates start configuration=35/72 dataset=Traffic model=chronos2 formula=catboost_avgy_regressor_shared lags=504 horizon=168 retrieval=instance_euclidean_15_online run=/home/h61084/codes/adapts/outputs/adaptation/k_ablation/Traffic/504_168/chronos2/catboost_avgy_regressor_shared/instance/euclidean/15/online/run_0 computation_signature=c80c3b79e2e0feed29745fed2c96b946efeafec308b69246588ed85c84f052e7 iterations=300 learning_rate=0.03 depth=4 early_stopping_rounds=50 task_type=CPU thread_count=2 validation_fraction=0.2 seed=1
2026-08-16 08:12:19,517 INFO [__main__] ========================================================================
2026-08-16 08:12:19,517 INFO [__main__] selected methods=('catboost_avgy_regressor_shared',)
2026-08-16 08:14:15,560 INFO [__main__] gate fitting start candidate=avgy
2026-08-16 08:14:27,310 INFO [__main__] gate fitting done candidate=avgy
2026-08-16 08:14:28,022 INFO [__main__] experiment done seconds=128.50
2026-08-16 08:14:28,022 INFO [__main__] ========================================================================
2026-08-16T08:14:28+02:00 gates done configuration=35/72 dataset=Traffic model=chronos2 formula=catboost_avgy_regressor_shared lags=504 horizon=168 retrieval=instance_euclidean_15_online

2026-08-16T08:14:29+02:00 gates start configuration=35/72 dataset=Traffic model=chronos2 formula=bayes_avgy_shared lags=504 horizon=168 retrieval=instance_euclidean_15_online run=/home/h61084/codes/adapts/outputs/adaptation/k_ablation/Traffic/504_168/chronos2/bayes_avgy_shared/instance/euclidean/15/online/run_0 computation_signature=daa2a47dacce4b3e7b3c6bc441d4b87bbe2f73acae0b32f30c5c482ec51d7dfd iterations=300 learning_rate=0.03 depth=4 early_stopping_rounds=50 task_type=CPU thread_count=2 validation_fraction=0.2 seed=1
2026-08-16 08:14:31,773 INFO [__main__] ========================================================================
2026-08-16 08:14:31,774 INFO [__main__] selected methods=('bayes_avgy_shared',)
2026-08-16 08:15:52,920 INFO [__main__] gate fitting start candidate=avgy
2026-08-16 08:15:54,532 INFO [__main__] gate fitting done candidate=avgy
2026-08-16 08:15:54,577 INFO [__main__] experiment done seconds=82.80
2026-08-16 08:15:54,577 INFO [__main__] ========================================================================
2026-08-16T08:15:55+02:00 gates done configuration=35/72 dataset=Traffic model=chronos2 formula=bayes_avgy_shared lags=504 horizon=168 retrieval=instance_euclidean_15_online
2026-08-16 08:15:57,573 INFO [__main__] extraction validation directory=/home/h61084/codes/adapts/outputs/extraction/Traffic/504_168/chronos2/instance/euclidean/20/online/run_0 status=complete

2026-08-16T08:15:58+02:00 gates start configuration=36/72 dataset=Traffic model=chronos2 formula=catboost_avgy_regressor_shared lags=504 horizon=168 retrieval=instance_euclidean_20_online run=/home/h61084/codes/adapts/outputs/adaptation/k_ablation/Traffic/504_168/chronos2/catboost_avgy_regressor_shared/instance/euclidean/20/online/run_0 computation_signature=7d070fff421547b953a67e942b26e1f9768fb3120377070f11cbbbd80e238dcd iterations=300 learning_rate=0.03 depth=4 early_stopping_rounds=50 task_type=CPU thread_count=2 validation_fraction=0.2 seed=1
2026-08-16 08:16:00,576 INFO [__main__] ========================================================================
2026-08-16 08:16:00,576 INFO [__main__] selected methods=('catboost_avgy_regressor_shared',)
2026-08-16 08:18:40,690 INFO [__main__] gate fitting start candidate=avgy
2026-08-16 08:18:52,461 INFO [__main__] gate fitting done candidate=avgy
2026-08-16 08:18:53,093 INFO [__main__] experiment done seconds=172.51
2026-08-16 08:18:53,093 INFO [__main__] ========================================================================
2026-08-16T08:18:53+02:00 gates done configuration=36/72 dataset=Traffic model=chronos2 formula=catboost_avgy_regressor_shared lags=504 horizon=168 retrieval=instance_euclidean_20_online

2026-08-16T08:18:54+02:00 gates start configuration=36/72 dataset=Traffic model=chronos2 formula=bayes_avgy_shared lags=504 horizon=168 retrieval=instance_euclidean_20_online run=/home/h61084/codes/adapts/outputs/adaptation/k_ablation/Traffic/504_168/chronos2/bayes_avgy_shared/instance/euclidean/20/online/run_0 computation_signature=6a5f24b469d77a4cb37005f09d927162c3a92819883769e60b60748be0bfeb2d iterations=300 learning_rate=0.03 depth=4 early_stopping_rounds=50 task_type=CPU thread_count=2 validation_fraction=0.2 seed=1
2026-08-16 08:18:56,745 INFO [__main__] ========================================================================
2026-08-16 08:18:56,745 INFO [__main__] selected methods=('bayes_avgy_shared',)
2026-08-16 08:21:36,302 INFO [__main__] gate fitting start candidate=avgy
2026-08-16 08:21:37,769 INFO [__main__] gate fitting done candidate=avgy
2026-08-16 08:21:37,799 INFO [__main__] experiment done seconds=161.05
2026-08-16 08:21:37,799 INFO [__main__] ========================================================================
2026-08-16T08:21:38+02:00 gates done configuration=36/72 dataset=Traffic model=chronos2 formula=bayes_avgy_shared lags=504 horizon=168 retrieval=instance_euclidean_20_online
2026-08-16 08:21:40,784 INFO [__main__] extraction validation directory=/home/h61084/codes/adapts/outputs/extraction/Solar/168_24/chronos2/instance/euclidean/1/online/run_1 status=complete

2026-08-16T08:21:41+02:00 gates start configuration=37/72 dataset=Solar model=chronos2 formula=catboost_avgy_regressor_shared lags=168 horizon=24 retrieval=instance_euclidean_1_online run=/home/h61084/codes/adapts/outputs/adaptation/k_ablation/Solar/168_24/chronos2/catboost_avgy_regressor_shared/instance/euclidean/1/online/run_0 computation_signature=d1ca7bf5367bf2ffebe478e2be600dbd2de0165a2841dd196c8f2fff14ca4173 iterations=300 learning_rate=0.03 depth=4 early_stopping_rounds=50 task_type=CPU thread_count=2 validation_fraction=0.2 seed=1
2026-08-16 08:21:43,715 INFO [__main__] ========================================================================
2026-08-16 08:21:43,715 INFO [__main__] selected methods=('catboost_avgy_regressor_shared',)
2026-08-16 08:21:45,343 INFO [__main__] gate fitting start candidate=avgy
2026-08-16 08:21:46,821 INFO [__main__] gate fitting done candidate=avgy
2026-08-16 08:21:47,471 INFO [__main__] experiment done seconds=3.75
2026-08-16 08:21:47,471 INFO [__main__] ========================================================================
2026-08-16T08:21:48+02:00 gates done configuration=37/72 dataset=Solar model=chronos2 formula=catboost_avgy_regressor_shared lags=168 horizon=24 retrieval=instance_euclidean_1_online

2026-08-16T08:21:48+02:00 gates start configuration=37/72 dataset=Solar model=chronos2 formula=bayes_avgy_shared lags=168 horizon=24 retrieval=instance_euclidean_1_online run=/home/h61084/codes/adapts/outputs/adaptation/k_ablation/Solar/168_24/chronos2/bayes_avgy_shared/instance/euclidean/1/online/run_0 computation_signature=515eed8fce28e833edcaa6eae08ec278f6406eec6096ddca5edc252a261c3098 iterations=300 learning_rate=0.03 depth=4 early_stopping_rounds=50 task_type=CPU thread_count=2 validation_fraction=0.2 seed=1
2026-08-16 08:21:50,673 INFO [__main__] ========================================================================
2026-08-16 08:21:50,673 INFO [__main__] selected methods=('bayes_avgy_shared',)
2026-08-16 08:21:52,523 INFO [__main__] gate fitting start candidate=avgy
2026-08-16 08:21:52,632 INFO [__main__] gate fitting done candidate=avgy
2026-08-16 08:21:52,669 INFO [__main__] experiment done seconds=1.99
2026-08-16 08:21:52,669 INFO [__main__] ========================================================================
2026-08-16T08:21:53+02:00 gates done configuration=37/72 dataset=Solar model=chronos2 formula=bayes_avgy_shared lags=168 horizon=24 retrieval=instance_euclidean_1_online
2026-08-16 08:21:55,311 INFO [__main__] extraction validation directory=/home/h61084/codes/adapts/outputs/extraction/Solar/168_24/chronos2/instance/euclidean/3/online/run_1 status=complete

2026-08-16T08:21:55+02:00 gates start configuration=38/72 dataset=Solar model=chronos2 formula=catboost_avgy_regressor_shared lags=168 horizon=24 retrieval=instance_euclidean_3_online run=/home/h61084/codes/adapts/outputs/adaptation/k_ablation/Solar/168_24/chronos2/catboost_avgy_regressor_shared/instance/euclidean/3/online/run_0 computation_signature=448f2e7bfbd17aa975fb450c1880eaf0dc607ebaaa4d157d844a7674a9d3724a iterations=300 learning_rate=0.03 depth=4 early_stopping_rounds=50 task_type=CPU thread_count=2 validation_fraction=0.2 seed=1
2026-08-16 08:21:58,113 INFO [__main__] ========================================================================
2026-08-16 08:21:58,113 INFO [__main__] selected methods=('catboost_avgy_regressor_shared',)
2026-08-16 08:21:59,848 INFO [__main__] gate fitting start candidate=avgy
2026-08-16 08:22:01,114 INFO [__main__] gate fitting done candidate=avgy
2026-08-16 08:22:01,683 INFO [__main__] experiment done seconds=3.57
2026-08-16 08:22:01,683 INFO [__main__] ========================================================================
2026-08-16T08:22:02+02:00 gates done configuration=38/72 dataset=Solar model=chronos2 formula=catboost_avgy_regressor_shared lags=168 horizon=24 retrieval=instance_euclidean_3_online

2026-08-16T08:22:02+02:00 gates start configuration=38/72 dataset=Solar model=chronos2 formula=bayes_avgy_shared lags=168 horizon=24 retrieval=instance_euclidean_3_online run=/home/h61084/codes/adapts/outputs/adaptation/k_ablation/Solar/168_24/chronos2/bayes_avgy_shared/instance/euclidean/3/online/run_0 computation_signature=26e702bba8b55b5d27db7fc637a7aa6f6590cc8e25e2fe70bb88f187da951726 iterations=300 learning_rate=0.03 depth=4 early_stopping_rounds=50 task_type=CPU thread_count=2 validation_fraction=0.2 seed=1
2026-08-16 08:22:04,872 INFO [__main__] ========================================================================
2026-08-16 08:22:04,872 INFO [__main__] selected methods=('bayes_avgy_shared',)
2026-08-16 08:22:06,694 INFO [__main__] gate fitting start candidate=avgy
2026-08-16 08:22:06,806 INFO [__main__] gate fitting done candidate=avgy
2026-08-16 08:22:06,834 INFO [__main__] experiment done seconds=1.96
2026-08-16 08:22:06,834 INFO [__main__] ========================================================================
2026-08-16T08:22:07+02:00 gates done configuration=38/72 dataset=Solar model=chronos2 formula=bayes_avgy_shared lags=168 horizon=24 retrieval=instance_euclidean_3_online
2026-08-16 08:22:09,465 INFO [__main__] extraction validation directory=/home/h61084/codes/adapts/outputs/extraction/Solar/168_24/chronos2/instance/euclidean/5/online/run_0 status=complete

2026-08-16T08:22:10+02:00 gates start configuration=39/72 dataset=Solar model=chronos2 formula=catboost_avgy_regressor_shared lags=168 horizon=24 retrieval=instance_euclidean_5_online run=/home/h61084/codes/adapts/outputs/adaptation/k_ablation/Solar/168_24/chronos2/catboost_avgy_regressor_shared/instance/euclidean/5/online/run_0 computation_signature=5451bec0ef438410f8c30c071ec47745066afa08ed56a1c88b263c8af617d58b iterations=300 learning_rate=0.03 depth=4 early_stopping_rounds=50 task_type=CPU thread_count=2 validation_fraction=0.2 seed=1
2026-08-16 08:22:12,337 INFO [__main__] ========================================================================
2026-08-16 08:22:12,337 INFO [__main__] selected methods=('catboost_avgy_regressor_shared',)
2026-08-16 08:22:15,063 INFO [__main__] gate fitting start candidate=avgy
2026-08-16 08:22:16,294 INFO [__main__] gate fitting done candidate=avgy
2026-08-16 08:22:16,860 INFO [__main__] experiment done seconds=4.52
2026-08-16 08:22:16,860 INFO [__main__] ========================================================================
2026-08-16T08:22:17+02:00 gates done configuration=39/72 dataset=Solar model=chronos2 formula=catboost_avgy_regressor_shared lags=168 horizon=24 retrieval=instance_euclidean_5_online

2026-08-16T08:22:17+02:00 gates start configuration=39/72 dataset=Solar model=chronos2 formula=bayes_avgy_shared lags=168 horizon=24 retrieval=instance_euclidean_5_online run=/home/h61084/codes/adapts/outputs/adaptation/k_ablation/Solar/168_24/chronos2/bayes_avgy_shared/instance/euclidean/5/online/run_0 computation_signature=b37bf871769ed7aeb9ec349bc4f61073d250651533d97d3d5d9e6eb063e205b3 iterations=300 learning_rate=0.03 depth=4 early_stopping_rounds=50 task_type=CPU thread_count=2 validation_fraction=0.2 seed=1
2026-08-16 08:22:19,925 INFO [__main__] ========================================================================
2026-08-16 08:22:19,925 INFO [__main__] selected methods=('bayes_avgy_shared',)
2026-08-16 08:22:21,729 INFO [__main__] gate fitting start candidate=avgy
2026-08-16 08:22:21,846 INFO [__main__] gate fitting done candidate=avgy
2026-08-16 08:22:21,872 INFO [__main__] experiment done seconds=1.94
2026-08-16 08:22:21,872 INFO [__main__] ========================================================================
2026-08-16T08:22:22+02:00 gates done configuration=39/72 dataset=Solar model=chronos2 formula=bayes_avgy_shared lags=168 horizon=24 retrieval=instance_euclidean_5_online
2026-08-16 08:22:24,454 INFO [__main__] extraction validation directory=/home/h61084/codes/adapts/outputs/extraction/Solar/168_24/chronos2/instance/euclidean/10/online/run_0 status=complete

2026-08-16T08:22:25+02:00 gates start configuration=40/72 dataset=Solar model=chronos2 formula=catboost_avgy_regressor_shared lags=168 horizon=24 retrieval=instance_euclidean_10_online run=/home/h61084/codes/adapts/outputs/adaptation/k_ablation/Solar/168_24/chronos2/catboost_avgy_regressor_shared/instance/euclidean/10/online/run_0 computation_signature=de2ee01e657d0d0ebca929e9b2bfbffeb1932b5417a049fb6708910d6183fd29 iterations=300 learning_rate=0.03 depth=4 early_stopping_rounds=50 task_type=CPU thread_count=2 validation_fraction=0.2 seed=1
2026-08-16 08:22:27,291 INFO [__main__] ========================================================================
2026-08-16 08:22:27,292 INFO [__main__] selected methods=('catboost_avgy_regressor_shared',)
2026-08-16 08:22:30,757 INFO [__main__] gate fitting start candidate=avgy
2026-08-16 08:22:32,010 INFO [__main__] gate fitting done candidate=avgy
2026-08-16 08:22:32,592 INFO [__main__] experiment done seconds=5.30
2026-08-16 08:22:32,592 INFO [__main__] ========================================================================
2026-08-16T08:22:33+02:00 gates done configuration=40/72 dataset=Solar model=chronos2 formula=catboost_avgy_regressor_shared lags=168 horizon=24 retrieval=instance_euclidean_10_online

2026-08-16T08:22:33+02:00 gates start configuration=40/72 dataset=Solar model=chronos2 formula=bayes_avgy_shared lags=168 horizon=24 retrieval=instance_euclidean_10_online run=/home/h61084/codes/adapts/outputs/adaptation/k_ablation/Solar/168_24/chronos2/bayes_avgy_shared/instance/euclidean/10/online/run_0 computation_signature=de118e0d7075c6a0bd95381206816fc99a236ec41befdc1d8d6a2995ab2091a3 iterations=300 learning_rate=0.03 depth=4 early_stopping_rounds=50 task_type=CPU thread_count=2 validation_fraction=0.2 seed=1
2026-08-16 08:22:35,819 INFO [__main__] ========================================================================
2026-08-16 08:22:35,819 INFO [__main__] selected methods=('bayes_avgy_shared',)
2026-08-16 08:22:37,859 INFO [__main__] gate fitting start candidate=avgy
2026-08-16 08:22:37,943 INFO [__main__] gate fitting done candidate=avgy
2026-08-16 08:22:37,970 INFO [__main__] experiment done seconds=2.15
2026-08-16 08:22:37,971 INFO [__main__] ========================================================================
2026-08-16T08:22:38+02:00 gates done configuration=40/72 dataset=Solar model=chronos2 formula=bayes_avgy_shared lags=168 horizon=24 retrieval=instance_euclidean_10_online
2026-08-16 08:22:40,788 INFO [__main__] extraction validation directory=/home/h61084/codes/adapts/outputs/extraction/Solar/168_24/chronos2/instance/euclidean/15/online/run_0 status=complete

2026-08-16T08:22:41+02:00 gates start configuration=41/72 dataset=Solar model=chronos2 formula=catboost_avgy_regressor_shared lags=168 horizon=24 retrieval=instance_euclidean_15_online run=/home/h61084/codes/adapts/outputs/adaptation/k_ablation/Solar/168_24/chronos2/catboost_avgy_regressor_shared/instance/euclidean/15/online/run_0 computation_signature=5712481922b0bbc5724c67c59e1edca8cc51c28fede5c2745b11978dd14c19e7 iterations=300 learning_rate=0.03 depth=4 early_stopping_rounds=50 task_type=CPU thread_count=2 validation_fraction=0.2 seed=1
2026-08-16 08:22:43,598 INFO [__main__] ========================================================================
2026-08-16 08:22:43,599 INFO [__main__] selected methods=('catboost_avgy_regressor_shared',)
2026-08-16 08:22:47,994 INFO [__main__] gate fitting start candidate=avgy
2026-08-16 08:22:49,395 INFO [__main__] gate fitting done candidate=avgy
2026-08-16 08:22:50,010 INFO [__main__] experiment done seconds=6.41
2026-08-16 08:22:50,010 INFO [__main__] ========================================================================
2026-08-16T08:22:50+02:00 gates done configuration=41/72 dataset=Solar model=chronos2 formula=catboost_avgy_regressor_shared lags=168 horizon=24 retrieval=instance_euclidean_15_online

2026-08-16T08:22:50+02:00 gates start configuration=41/72 dataset=Solar model=chronos2 formula=bayes_avgy_shared lags=168 horizon=24 retrieval=instance_euclidean_15_online run=/home/h61084/codes/adapts/outputs/adaptation/k_ablation/Solar/168_24/chronos2/bayes_avgy_shared/instance/euclidean/15/online/run_0 computation_signature=3f9a30bda9bb984b10094da8f71dea8fac0144ad8e075fb1ffe1f3fe07c101f7 iterations=300 learning_rate=0.03 depth=4 early_stopping_rounds=50 task_type=CPU thread_count=2 validation_fraction=0.2 seed=1
2026-08-16 08:22:53,229 INFO [__main__] ========================================================================
2026-08-16 08:22:53,230 INFO [__main__] selected methods=('bayes_avgy_shared',)
2026-08-16 08:22:55,779 INFO [__main__] gate fitting start candidate=avgy
2026-08-16 08:22:55,863 INFO [__main__] gate fitting done candidate=avgy
2026-08-16 08:22:55,890 INFO [__main__] experiment done seconds=2.66
2026-08-16 08:22:55,890 INFO [__main__] ========================================================================
2026-08-16T08:22:56+02:00 gates done configuration=41/72 dataset=Solar model=chronos2 formula=bayes_avgy_shared lags=168 horizon=24 retrieval=instance_euclidean_15_online
2026-08-16 08:22:58,369 INFO [__main__] extraction validation directory=/home/h61084/codes/adapts/outputs/extraction/Solar/168_24/chronos2/instance/euclidean/20/online/run_0 status=complete

2026-08-16T08:22:58+02:00 gates start configuration=42/72 dataset=Solar model=chronos2 formula=catboost_avgy_regressor_shared lags=168 horizon=24 retrieval=instance_euclidean_20_online run=/home/h61084/codes/adapts/outputs/adaptation/k_ablation/Solar/168_24/chronos2/catboost_avgy_regressor_shared/instance/euclidean/20/online/run_0 computation_signature=7a5fe5a963c85ea275a076e8dfd5d8b32ae09bae42c80917ac931c6b5a3a9edb iterations=300 learning_rate=0.03 depth=4 early_stopping_rounds=50 task_type=CPU thread_count=2 validation_fraction=0.2 seed=1
2026-08-16 08:23:01,326 INFO [__main__] ========================================================================
2026-08-16 08:23:01,326 INFO [__main__] selected methods=('catboost_avgy_regressor_shared',)
2026-08-16 08:23:05,901 INFO [__main__] gate fitting start candidate=avgy
2026-08-16 08:23:07,128 INFO [__main__] gate fitting done candidate=avgy
2026-08-16 08:23:07,699 INFO [__main__] experiment done seconds=6.37
2026-08-16 08:23:07,699 INFO [__main__] ========================================================================
2026-08-16T08:23:08+02:00 gates done configuration=42/72 dataset=Solar model=chronos2 formula=catboost_avgy_regressor_shared lags=168 horizon=24 retrieval=instance_euclidean_20_online

2026-08-16T08:23:08+02:00 gates start configuration=42/72 dataset=Solar model=chronos2 formula=bayes_avgy_shared lags=168 horizon=24 retrieval=instance_euclidean_20_online run=/home/h61084/codes/adapts/outputs/adaptation/k_ablation/Solar/168_24/chronos2/bayes_avgy_shared/instance/euclidean/20/online/run_0 computation_signature=822054077a2e5f67bf4bb5a3817a9fd438640180a8487f54713acf8cac7c838e iterations=300 learning_rate=0.03 depth=4 early_stopping_rounds=50 task_type=CPU thread_count=2 validation_fraction=0.2 seed=1
2026-08-16 08:23:10,825 INFO [__main__] ========================================================================
2026-08-16 08:23:10,825 INFO [__main__] selected methods=('bayes_avgy_shared',)
2026-08-16 08:23:13,286 INFO [__main__] gate fitting start candidate=avgy
2026-08-16 08:23:13,369 INFO [__main__] gate fitting done candidate=avgy
2026-08-16 08:23:13,397 INFO [__main__] experiment done seconds=2.57
2026-08-16 08:23:13,397 INFO [__main__] ========================================================================
2026-08-16T08:23:13+02:00 gates done configuration=42/72 dataset=Solar model=chronos2 formula=bayes_avgy_shared lags=168 horizon=24 retrieval=instance_euclidean_20_online
2026-08-16 08:23:15,950 INFO [__main__] extraction validation directory=/home/h61084/codes/adapts/outputs/extraction/Solar/336_48/chronos2/instance/euclidean/1/online/run_1 status=complete

2026-08-16T08:23:16+02:00 gates start configuration=43/72 dataset=Solar model=chronos2 formula=catboost_avgy_regressor_shared lags=336 horizon=48 retrieval=instance_euclidean_1_online run=/home/h61084/codes/adapts/outputs/adaptation/k_ablation/Solar/336_48/chronos2/catboost_avgy_regressor_shared/instance/euclidean/1/online/run_0 computation_signature=5084600b50a71523551e7c450af2336ceb2a9bb5730ca08bb0eca0508dcad3db iterations=300 learning_rate=0.03 depth=4 early_stopping_rounds=50 task_type=CPU thread_count=2 validation_fraction=0.2 seed=1
2026-08-16 08:23:18,839 INFO [__main__] ========================================================================
2026-08-16 08:23:18,839 INFO [__main__] selected methods=('catboost_avgy_regressor_shared',)
2026-08-16 08:23:21,428 INFO [__main__] gate fitting start candidate=avgy
2026-08-16 08:23:22,976 INFO [__main__] gate fitting done candidate=avgy
2026-08-16 08:23:23,542 INFO [__main__] experiment done seconds=4.70
2026-08-16 08:23:23,542 INFO [__main__] ========================================================================
2026-08-16T08:23:24+02:00 gates done configuration=43/72 dataset=Solar model=chronos2 formula=catboost_avgy_regressor_shared lags=336 horizon=48 retrieval=instance_euclidean_1_online

2026-08-16T08:23:24+02:00 gates start configuration=43/72 dataset=Solar model=chronos2 formula=bayes_avgy_shared lags=336 horizon=48 retrieval=instance_euclidean_1_online run=/home/h61084/codes/adapts/outputs/adaptation/k_ablation/Solar/336_48/chronos2/bayes_avgy_shared/instance/euclidean/1/online/run_0 computation_signature=8327aaaf0f8e431f78e7e716c79b823d1145f8956b93c700e540d9e493e67fdc iterations=300 learning_rate=0.03 depth=4 early_stopping_rounds=50 task_type=CPU thread_count=2 validation_fraction=0.2 seed=1
2026-08-16 08:23:26,602 INFO [__main__] ========================================================================
2026-08-16 08:23:26,602 INFO [__main__] selected methods=('bayes_avgy_shared',)
2026-08-16 08:23:28,222 INFO [__main__] gate fitting start candidate=avgy
2026-08-16 08:23:28,319 INFO [__main__] gate fitting done candidate=avgy
2026-08-16 08:23:28,346 INFO [__main__] experiment done seconds=1.74
2026-08-16 08:23:28,346 INFO [__main__] ========================================================================
2026-08-16T08:23:28+02:00 gates done configuration=43/72 dataset=Solar model=chronos2 formula=bayes_avgy_shared lags=336 horizon=48 retrieval=instance_euclidean_1_online
2026-08-16 08:23:30,921 INFO [__main__] extraction validation directory=/home/h61084/codes/adapts/outputs/extraction/Solar/336_48/chronos2/instance/euclidean/3/online/run_1 status=complete

2026-08-16T08:23:31+02:00 gates start configuration=44/72 dataset=Solar model=chronos2 formula=catboost_avgy_regressor_shared lags=336 horizon=48 retrieval=instance_euclidean_3_online run=/home/h61084/codes/adapts/outputs/adaptation/k_ablation/Solar/336_48/chronos2/catboost_avgy_regressor_shared/instance/euclidean/3/online/run_0 computation_signature=7f9f99a3733041bf79737f0440c749ebd92cda776e65a022ffc6d52579df2385 iterations=300 learning_rate=0.03 depth=4 early_stopping_rounds=50 task_type=CPU thread_count=2 validation_fraction=0.2 seed=1
2026-08-16 08:23:33,844 INFO [__main__] ========================================================================
2026-08-16 08:23:33,844 INFO [__main__] selected methods=('catboost_avgy_regressor_shared',)
2026-08-16 08:23:35,771 INFO [__main__] gate fitting start candidate=avgy
2026-08-16 08:23:37,673 INFO [__main__] gate fitting done candidate=avgy
2026-08-16 08:23:38,248 INFO [__main__] experiment done seconds=4.40
2026-08-16 08:23:38,248 INFO [__main__] ========================================================================
2026-08-16T08:23:38+02:00 gates done configuration=44/72 dataset=Solar model=chronos2 formula=catboost_avgy_regressor_shared lags=336 horizon=48 retrieval=instance_euclidean_3_online

2026-08-16T08:23:39+02:00 gates start configuration=44/72 dataset=Solar model=chronos2 formula=bayes_avgy_shared lags=336 horizon=48 retrieval=instance_euclidean_3_online run=/home/h61084/codes/adapts/outputs/adaptation/k_ablation/Solar/336_48/chronos2/bayes_avgy_shared/instance/euclidean/3/online/run_0 computation_signature=04fc3a44b798ee51d334992a42d2f991f16ed865c3a57c9c2434a218d8eaad95 iterations=300 learning_rate=0.03 depth=4 early_stopping_rounds=50 task_type=CPU thread_count=2 validation_fraction=0.2 seed=1
2026-08-16 08:23:41,624 INFO [__main__] ========================================================================
2026-08-16 08:23:41,625 INFO [__main__] selected methods=('bayes_avgy_shared',)
2026-08-16 08:23:43,462 INFO [__main__] gate fitting start candidate=avgy
2026-08-16 08:23:43,570 INFO [__main__] gate fitting done candidate=avgy
2026-08-16 08:23:43,598 INFO [__main__] experiment done seconds=1.97
2026-08-16 08:23:43,598 INFO [__main__] ========================================================================
2026-08-16T08:23:44+02:00 gates done configuration=44/72 dataset=Solar model=chronos2 formula=bayes_avgy_shared lags=336 horizon=48 retrieval=instance_euclidean_3_online
2026-08-16 08:23:46,270 INFO [__main__] extraction validation directory=/home/h61084/codes/adapts/outputs/extraction/Solar/336_48/chronos2/instance/euclidean/5/online/run_0 status=complete

2026-08-16T08:23:46+02:00 gates start configuration=45/72 dataset=Solar model=chronos2 formula=catboost_avgy_regressor_shared lags=336 horizon=48 retrieval=instance_euclidean_5_online run=/home/h61084/codes/adapts/outputs/adaptation/k_ablation/Solar/336_48/chronos2/catboost_avgy_regressor_shared/instance/euclidean/5/online/run_0 computation_signature=31cbbb6091ee0e8dd97d47878f93ca24d4efa6da251783838308e6ead2ce4268 iterations=300 learning_rate=0.03 depth=4 early_stopping_rounds=50 task_type=CPU thread_count=2 validation_fraction=0.2 seed=1
2026-08-16 08:23:49,210 INFO [__main__] ========================================================================
2026-08-16 08:23:49,211 INFO [__main__] selected methods=('catboost_avgy_regressor_shared',)
2026-08-16 08:23:52,702 INFO [__main__] gate fitting start candidate=avgy
2026-08-16 08:23:54,908 INFO [__main__] gate fitting done candidate=avgy
2026-08-16 08:23:55,532 INFO [__main__] experiment done seconds=6.32
2026-08-16 08:23:55,532 INFO [__main__] ========================================================================
2026-08-16T08:23:56+02:00 gates done configuration=45/72 dataset=Solar model=chronos2 formula=catboost_avgy_regressor_shared lags=336 horizon=48 retrieval=instance_euclidean_5_online

2026-08-16T08:23:56+02:00 gates start configuration=45/72 dataset=Solar model=chronos2 formula=bayes_avgy_shared lags=336 horizon=48 retrieval=instance_euclidean_5_online run=/home/h61084/codes/adapts/outputs/adaptation/k_ablation/Solar/336_48/chronos2/bayes_avgy_shared/instance/euclidean/5/online/run_0 computation_signature=98456c71bc446fa19de92d0be043bd234e8ae109f0f84031e5ff1661319d6f71 iterations=300 learning_rate=0.03 depth=4 early_stopping_rounds=50 task_type=CPU thread_count=2 validation_fraction=0.2 seed=1
2026-08-16 08:23:58,764 INFO [__main__] ========================================================================
2026-08-16 08:23:58,765 INFO [__main__] selected methods=('bayes_avgy_shared',)
2026-08-16 08:24:01,045 INFO [__main__] gate fitting start candidate=avgy
2026-08-16 08:24:01,147 INFO [__main__] gate fitting done candidate=avgy
2026-08-16 08:24:01,174 INFO [__main__] experiment done seconds=2.41
2026-08-16 08:24:01,174 INFO [__main__] ========================================================================
2026-08-16T08:24:01+02:00 gates done configuration=45/72 dataset=Solar model=chronos2 formula=bayes_avgy_shared lags=336 horizon=48 retrieval=instance_euclidean_5_online
2026-08-16 08:24:03,739 INFO [__main__] extraction validation directory=/home/h61084/codes/adapts/outputs/extraction/Solar/336_48/chronos2/instance/euclidean/10/online/run_0 status=complete

2026-08-16T08:24:04+02:00 gates start configuration=46/72 dataset=Solar model=chronos2 formula=catboost_avgy_regressor_shared lags=336 horizon=48 retrieval=instance_euclidean_10_online run=/home/h61084/codes/adapts/outputs/adaptation/k_ablation/Solar/336_48/chronos2/catboost_avgy_regressor_shared/instance/euclidean/10/online/run_0 computation_signature=033c61741e6a3ba374b15f3dd5642007ad3387aefacc8de23007eedfcf57941c iterations=300 learning_rate=0.03 depth=4 early_stopping_rounds=50 task_type=CPU thread_count=2 validation_fraction=0.2 seed=1
2026-08-16 08:24:06,683 INFO [__main__] ========================================================================
2026-08-16 08:24:06,683 INFO [__main__] selected methods=('catboost_avgy_regressor_shared',)
2026-08-16 08:24:11,616 INFO [__main__] gate fitting start candidate=avgy
2026-08-16 08:24:13,407 INFO [__main__] gate fitting done candidate=avgy
2026-08-16 08:24:13,971 INFO [__main__] experiment done seconds=7.28
2026-08-16 08:24:13,971 INFO [__main__] ========================================================================
2026-08-16T08:24:14+02:00 gates done configuration=46/72 dataset=Solar model=chronos2 formula=catboost_avgy_regressor_shared lags=336 horizon=48 retrieval=instance_euclidean_10_online

2026-08-16T08:24:14+02:00 gates start configuration=46/72 dataset=Solar model=chronos2 formula=bayes_avgy_shared lags=336 horizon=48 retrieval=instance_euclidean_10_online run=/home/h61084/codes/adapts/outputs/adaptation/k_ablation/Solar/336_48/chronos2/bayes_avgy_shared/instance/euclidean/10/online/run_0 computation_signature=f8458191702bed326b75c7bd9bd65f8ac996c7395db68beff42da0c5bbcb36f5 iterations=300 learning_rate=0.03 depth=4 early_stopping_rounds=50 task_type=CPU thread_count=2 validation_fraction=0.2 seed=1
2026-08-16 08:24:17,036 INFO [__main__] ========================================================================
2026-08-16 08:24:17,036 INFO [__main__] selected methods=('bayes_avgy_shared',)
2026-08-16 08:24:19,427 INFO [__main__] gate fitting start candidate=avgy
2026-08-16 08:24:19,532 INFO [__main__] gate fitting done candidate=avgy
2026-08-16 08:24:19,577 INFO [__main__] experiment done seconds=2.54
2026-08-16 08:24:19,577 INFO [__main__] ========================================================================
2026-08-16T08:24:20+02:00 gates done configuration=46/72 dataset=Solar model=chronos2 formula=bayes_avgy_shared lags=336 horizon=48 retrieval=instance_euclidean_10_online
2026-08-16 08:24:22,023 INFO [__main__] extraction validation directory=/home/h61084/codes/adapts/outputs/extraction/Solar/336_48/chronos2/instance/euclidean/15/online/run_0 status=complete

2026-08-16T08:24:22+02:00 gates start configuration=47/72 dataset=Solar model=chronos2 formula=catboost_avgy_regressor_shared lags=336 horizon=48 retrieval=instance_euclidean_15_online run=/home/h61084/codes/adapts/outputs/adaptation/k_ablation/Solar/336_48/chronos2/catboost_avgy_regressor_shared/instance/euclidean/15/online/run_0 computation_signature=8f28eebc708a368af41aa1b84eb2cf573f8dff260f6f9fb866c626574792e47d iterations=300 learning_rate=0.03 depth=4 early_stopping_rounds=50 task_type=CPU thread_count=2 validation_fraction=0.2 seed=1
2026-08-16 08:24:24,886 INFO [__main__] ========================================================================
2026-08-16 08:24:24,886 INFO [__main__] selected methods=('catboost_avgy_regressor_shared',)
2026-08-16 08:24:31,185 INFO [__main__] gate fitting start candidate=avgy
2026-08-16 08:24:32,904 INFO [__main__] gate fitting done candidate=avgy
2026-08-16 08:24:33,487 INFO [__main__] experiment done seconds=8.60
2026-08-16 08:24:33,487 INFO [__main__] ========================================================================
2026-08-16T08:24:34+02:00 gates done configuration=47/72 dataset=Solar model=chronos2 formula=catboost_avgy_regressor_shared lags=336 horizon=48 retrieval=instance_euclidean_15_online

2026-08-16T08:24:34+02:00 gates start configuration=47/72 dataset=Solar model=chronos2 formula=bayes_avgy_shared lags=336 horizon=48 retrieval=instance_euclidean_15_online run=/home/h61084/codes/adapts/outputs/adaptation/k_ablation/Solar/336_48/chronos2/bayes_avgy_shared/instance/euclidean/15/online/run_0 computation_signature=c33ae0e5612d0cfebdb6615d165b0c8bc21c1ec2e9231e70b79ec718750de608 iterations=300 learning_rate=0.03 depth=4 early_stopping_rounds=50 task_type=CPU thread_count=2 validation_fraction=0.2 seed=1
2026-08-16 08:24:36,652 INFO [__main__] ========================================================================
2026-08-16 08:24:36,652 INFO [__main__] selected methods=('bayes_avgy_shared',)
2026-08-16 08:24:39,502 INFO [__main__] gate fitting start candidate=avgy
2026-08-16 08:24:39,613 INFO [__main__] gate fitting done candidate=avgy
2026-08-16 08:24:39,640 INFO [__main__] experiment done seconds=2.99
2026-08-16 08:24:39,641 INFO [__main__] ========================================================================
2026-08-16T08:24:40+02:00 gates done configuration=47/72 dataset=Solar model=chronos2 formula=bayes_avgy_shared lags=336 horizon=48 retrieval=instance_euclidean_15_online
2026-08-16 08:24:42,491 INFO [__main__] extraction validation directory=/home/h61084/codes/adapts/outputs/extraction/Solar/336_48/chronos2/instance/euclidean/20/online/run_0 status=complete

2026-08-16T08:24:43+02:00 gates start configuration=48/72 dataset=Solar model=chronos2 formula=catboost_avgy_regressor_shared lags=336 horizon=48 retrieval=instance_euclidean_20_online run=/home/h61084/codes/adapts/outputs/adaptation/k_ablation/Solar/336_48/chronos2/catboost_avgy_regressor_shared/instance/euclidean/20/online/run_0 computation_signature=304abd9dbce4d2e19e2ab81fceda07178b6504a799391c332d509e1de88942e2 iterations=300 learning_rate=0.03 depth=4 early_stopping_rounds=50 task_type=CPU thread_count=2 validation_fraction=0.2 seed=1
2026-08-16 08:24:45,463 INFO [__main__] ========================================================================
2026-08-16 08:24:45,463 INFO [__main__] selected methods=('catboost_avgy_regressor_shared',)
2026-08-16 08:24:52,959 INFO [__main__] gate fitting start candidate=avgy
2026-08-16 08:24:54,899 INFO [__main__] gate fitting done candidate=avgy
2026-08-16 08:24:55,464 INFO [__main__] experiment done seconds=10.00
2026-08-16 08:24:55,464 INFO [__main__] ========================================================================
2026-08-16T08:24:56+02:00 gates done configuration=48/72 dataset=Solar model=chronos2 formula=catboost_avgy_regressor_shared lags=336 horizon=48 retrieval=instance_euclidean_20_online

2026-08-16T08:24:56+02:00 gates start configuration=48/72 dataset=Solar model=chronos2 formula=bayes_avgy_shared lags=336 horizon=48 retrieval=instance_euclidean_20_online run=/home/h61084/codes/adapts/outputs/adaptation/k_ablation/Solar/336_48/chronos2/bayes_avgy_shared/instance/euclidean/20/online/run_0 computation_signature=b833d1a4aee358d433c2b725c1bca22349ef44f66299823720b50b9eaff4d5ad iterations=300 learning_rate=0.03 depth=4 early_stopping_rounds=50 task_type=CPU thread_count=2 validation_fraction=0.2 seed=1
2026-08-16 08:24:58,586 INFO [__main__] ========================================================================
2026-08-16 08:24:58,586 INFO [__main__] selected methods=('bayes_avgy_shared',)
2026-08-16 08:25:02,067 INFO [__main__] gate fitting start candidate=avgy
2026-08-16 08:25:02,200 INFO [__main__] gate fitting done candidate=avgy
2026-08-16 08:25:02,228 INFO [__main__] experiment done seconds=3.64
2026-08-16 08:25:02,229 INFO [__main__] ========================================================================
2026-08-16T08:25:02+02:00 gates done configuration=48/72 dataset=Solar model=chronos2 formula=bayes_avgy_shared lags=336 horizon=48 retrieval=instance_euclidean_20_online
2026-08-16 08:25:04,859 INFO [__main__] extraction validation directory=/home/h61084/codes/adapts/outputs/extraction/Solar/504_168/chronos2/instance/euclidean/1/online/run_1 status=complete

2026-08-16T08:25:05+02:00 gates start configuration=49/72 dataset=Solar model=chronos2 formula=catboost_avgy_regressor_shared lags=504 horizon=168 retrieval=instance_euclidean_1_online run=/home/h61084/codes/adapts/outputs/adaptation/k_ablation/Solar/504_168/chronos2/catboost_avgy_regressor_shared/instance/euclidean/1/online/run_0 computation_signature=68230c47acd6ff4ee17ea64323eefe30147bb1741631aeb31f828e7f6ad3da2f iterations=300 learning_rate=0.03 depth=4 early_stopping_rounds=50 task_type=CPU thread_count=2 validation_fraction=0.2 seed=1
2026-08-16 08:25:07,725 INFO [__main__] ========================================================================
2026-08-16 08:25:07,726 INFO [__main__] selected methods=('catboost_avgy_regressor_shared',)
2026-08-16 08:25:11,591 INFO [__main__] gate fitting start candidate=avgy
2026-08-16 08:25:13,822 INFO [__main__] gate fitting done candidate=avgy
2026-08-16 08:25:14,431 INFO [__main__] experiment done seconds=6.70
2026-08-16 08:25:14,431 INFO [__main__] ========================================================================
2026-08-16T08:25:15+02:00 gates done configuration=49/72 dataset=Solar model=chronos2 formula=catboost_avgy_regressor_shared lags=504 horizon=168 retrieval=instance_euclidean_1_online

2026-08-16T08:25:15+02:00 gates start configuration=49/72 dataset=Solar model=chronos2 formula=bayes_avgy_shared lags=504 horizon=168 retrieval=instance_euclidean_1_online run=/home/h61084/codes/adapts/outputs/adaptation/k_ablation/Solar/504_168/chronos2/bayes_avgy_shared/instance/euclidean/1/online/run_0 computation_signature=20eca7ec572492a06520175765103210910a1a39bdddf1fc980e60fa432d5c17 iterations=300 learning_rate=0.03 depth=4 early_stopping_rounds=50 task_type=CPU thread_count=2 validation_fraction=0.2 seed=1
2026-08-16 08:25:17,529 INFO [__main__] ========================================================================
2026-08-16 08:25:17,529 INFO [__main__] selected methods=('bayes_avgy_shared',)
2026-08-16 08:25:19,450 INFO [__main__] gate fitting start candidate=avgy
2026-08-16 08:25:19,649 INFO [__main__] gate fitting done candidate=avgy
2026-08-16 08:25:19,690 INFO [__main__] experiment done seconds=2.16
2026-08-16 08:25:19,690 INFO [__main__] ========================================================================
2026-08-16T08:25:20+02:00 gates done configuration=49/72 dataset=Solar model=chronos2 formula=bayes_avgy_shared lags=504 horizon=168 retrieval=instance_euclidean_1_online
2026-08-16 08:25:22,306 INFO [__main__] extraction validation directory=/home/h61084/codes/adapts/outputs/extraction/Solar/504_168/chronos2/instance/euclidean/3/online/run_1 status=complete

2026-08-16T08:25:22+02:00 gates start configuration=50/72 dataset=Solar model=chronos2 formula=catboost_avgy_regressor_shared lags=504 horizon=168 retrieval=instance_euclidean_3_online run=/home/h61084/codes/adapts/outputs/adaptation/k_ablation/Solar/504_168/chronos2/catboost_avgy_regressor_shared/instance/euclidean/3/online/run_0 computation_signature=7f6eaa8f93b58db140c11dbfb8bd21cf87e7d8d5a903b6588812a3225b309cc0 iterations=300 learning_rate=0.03 depth=4 early_stopping_rounds=50 task_type=CPU thread_count=2 validation_fraction=0.2 seed=1
2026-08-16 08:25:25,205 INFO [__main__] ========================================================================
2026-08-16 08:25:25,205 INFO [__main__] selected methods=('catboost_avgy_regressor_shared',)
2026-08-16 08:25:27,487 INFO [__main__] gate fitting start candidate=avgy
2026-08-16 08:25:29,874 INFO [__main__] gate fitting done candidate=avgy
2026-08-16 08:25:30,451 INFO [__main__] experiment done seconds=5.24
2026-08-16 08:25:30,451 INFO [__main__] ========================================================================
2026-08-16T08:25:31+02:00 gates done configuration=50/72 dataset=Solar model=chronos2 formula=catboost_avgy_regressor_shared lags=504 horizon=168 retrieval=instance_euclidean_3_online

2026-08-16T08:25:31+02:00 gates start configuration=50/72 dataset=Solar model=chronos2 formula=bayes_avgy_shared lags=504 horizon=168 retrieval=instance_euclidean_3_online run=/home/h61084/codes/adapts/outputs/adaptation/k_ablation/Solar/504_168/chronos2/bayes_avgy_shared/instance/euclidean/3/online/run_0 computation_signature=241c014cb1f05cc7ae769d8fd2a7bf393f6a73d9b2b47260aaaca1ff7db00bfb iterations=300 learning_rate=0.03 depth=4 early_stopping_rounds=50 task_type=CPU thread_count=2 validation_fraction=0.2 seed=1
2026-08-16 08:25:33,652 INFO [__main__] ========================================================================
2026-08-16 08:25:33,652 INFO [__main__] selected methods=('bayes_avgy_shared',)
2026-08-16 08:25:35,922 INFO [__main__] gate fitting start candidate=avgy
2026-08-16 08:25:36,116 INFO [__main__] gate fitting done candidate=avgy
2026-08-16 08:25:36,143 INFO [__main__] experiment done seconds=2.49
2026-08-16 08:25:36,144 INFO [__main__] ========================================================================
2026-08-16T08:25:36+02:00 gates done configuration=50/72 dataset=Solar model=chronos2 formula=bayes_avgy_shared lags=504 horizon=168 retrieval=instance_euclidean_3_online
2026-08-16 08:25:38,775 INFO [__main__] extraction validation directory=/home/h61084/codes/adapts/outputs/extraction/Solar/504_168/chronos2/instance/euclidean/5/online/run_0 status=complete

2026-08-16T08:25:39+02:00 gates start configuration=51/72 dataset=Solar model=chronos2 formula=catboost_avgy_regressor_shared lags=504 horizon=168 retrieval=instance_euclidean_5_online run=/home/h61084/codes/adapts/outputs/adaptation/k_ablation/Solar/504_168/chronos2/catboost_avgy_regressor_shared/instance/euclidean/5/online/run_0 computation_signature=cdeafc631be1b9ecc2842db8300fea9852aa788922e3bba8e53bc62e293144c2 iterations=300 learning_rate=0.03 depth=4 early_stopping_rounds=50 task_type=CPU thread_count=2 validation_fraction=0.2 seed=1
2026-08-16 08:25:41,812 INFO [__main__] ========================================================================
2026-08-16 08:25:41,812 INFO [__main__] selected methods=('catboost_avgy_regressor_shared',)
2026-08-16 08:25:47,608 INFO [__main__] gate fitting start candidate=avgy
2026-08-16 08:25:50,105 INFO [__main__] gate fitting done candidate=avgy
2026-08-16 08:25:50,705 INFO [__main__] experiment done seconds=8.89
2026-08-16 08:25:50,705 INFO [__main__] ========================================================================
2026-08-16T08:25:51+02:00 gates done configuration=51/72 dataset=Solar model=chronos2 formula=catboost_avgy_regressor_shared lags=504 horizon=168 retrieval=instance_euclidean_5_online

2026-08-16T08:25:51+02:00 gates start configuration=51/72 dataset=Solar model=chronos2 formula=bayes_avgy_shared lags=504 horizon=168 retrieval=instance_euclidean_5_online run=/home/h61084/codes/adapts/outputs/adaptation/k_ablation/Solar/504_168/chronos2/bayes_avgy_shared/instance/euclidean/5/online/run_0 computation_signature=f58ab978c90cf1d4996d67da42c5a0b6416cf88ffc54cbea09e81831c6a29bee iterations=300 learning_rate=0.03 depth=4 early_stopping_rounds=50 task_type=CPU thread_count=2 validation_fraction=0.2 seed=1
2026-08-16 08:25:54,121 INFO [__main__] ========================================================================
2026-08-16 08:25:54,121 INFO [__main__] selected methods=('bayes_avgy_shared',)
2026-08-16 08:25:56,784 INFO [__main__] gate fitting start candidate=avgy
2026-08-16 08:25:56,971 INFO [__main__] gate fitting done candidate=avgy
2026-08-16 08:25:56,998 INFO [__main__] experiment done seconds=2.87
2026-08-16 08:25:56,998 INFO [__main__] ========================================================================
2026-08-16T08:25:57+02:00 gates done configuration=51/72 dataset=Solar model=chronos2 formula=bayes_avgy_shared lags=504 horizon=168 retrieval=instance_euclidean_5_online
2026-08-16 08:25:59,649 INFO [__main__] extraction validation directory=/home/h61084/codes/adapts/outputs/extraction/Solar/504_168/chronos2/instance/euclidean/10/online/run_0 status=complete

2026-08-16T08:26:00+02:00 gates start configuration=52/72 dataset=Solar model=chronos2 formula=catboost_avgy_regressor_shared lags=504 horizon=168 retrieval=instance_euclidean_10_online run=/home/h61084/codes/adapts/outputs/adaptation/k_ablation/Solar/504_168/chronos2/catboost_avgy_regressor_shared/instance/euclidean/10/online/run_0 computation_signature=7847d0b3edb8c2ec42a34e0ec6dddaa383a4ed6561fa45214b03c43c6ccb5035 iterations=300 learning_rate=0.03 depth=4 early_stopping_rounds=50 task_type=CPU thread_count=2 validation_fraction=0.2 seed=1
2026-08-16 08:26:02,603 INFO [__main__] ========================================================================
2026-08-16 08:26:02,603 INFO [__main__] selected methods=('catboost_avgy_regressor_shared',)
2026-08-16 08:26:11,285 INFO [__main__] gate fitting start candidate=avgy
2026-08-16 08:26:13,936 INFO [__main__] gate fitting done candidate=avgy
2026-08-16 08:26:14,550 INFO [__main__] experiment done seconds=11.94
2026-08-16 08:26:14,550 INFO [__main__] ========================================================================
2026-08-16T08:26:15+02:00 gates done configuration=52/72 dataset=Solar model=chronos2 formula=catboost_avgy_regressor_shared lags=504 horizon=168 retrieval=instance_euclidean_10_online

2026-08-16T08:26:15+02:00 gates start configuration=52/72 dataset=Solar model=chronos2 formula=bayes_avgy_shared lags=504 horizon=168 retrieval=instance_euclidean_10_online run=/home/h61084/codes/adapts/outputs/adaptation/k_ablation/Solar/504_168/chronos2/bayes_avgy_shared/instance/euclidean/10/online/run_0 computation_signature=d6517dd10a40866eac3c225e2d80703297baf6b5d903ab90c4a41ef0d28ecf90 iterations=300 learning_rate=0.03 depth=4 early_stopping_rounds=50 task_type=CPU thread_count=2 validation_fraction=0.2 seed=1
2026-08-16 08:26:17,744 INFO [__main__] ========================================================================
2026-08-16 08:26:17,744 INFO [__main__] selected methods=('bayes_avgy_shared',)
2026-08-16 08:26:21,384 INFO [__main__] gate fitting start candidate=avgy
2026-08-16 08:26:21,573 INFO [__main__] gate fitting done candidate=avgy
2026-08-16 08:26:21,603 INFO [__main__] experiment done seconds=3.86
2026-08-16 08:26:21,603 INFO [__main__] ========================================================================
2026-08-16T08:26:22+02:00 gates done configuration=52/72 dataset=Solar model=chronos2 formula=bayes_avgy_shared lags=504 horizon=168 retrieval=instance_euclidean_10_online
2026-08-16 08:26:24,239 INFO [__main__] extraction validation directory=/home/h61084/codes/adapts/outputs/extraction/Solar/504_168/chronos2/instance/euclidean/15/online/run_0 status=complete

2026-08-16T08:26:24+02:00 gates start configuration=53/72 dataset=Solar model=chronos2 formula=catboost_avgy_regressor_shared lags=504 horizon=168 retrieval=instance_euclidean_15_online run=/home/h61084/codes/adapts/outputs/adaptation/k_ablation/Solar/504_168/chronos2/catboost_avgy_regressor_shared/instance/euclidean/15/online/run_0 computation_signature=260631cc74eb2652eeb587a7aa48bde876635a76b46b8851396b787a9a07be88 iterations=300 learning_rate=0.03 depth=4 early_stopping_rounds=50 task_type=CPU thread_count=2 validation_fraction=0.2 seed=1
2026-08-16 08:26:27,126 INFO [__main__] ========================================================================
2026-08-16 08:26:27,126 INFO [__main__] selected methods=('catboost_avgy_regressor_shared',)
2026-08-16 08:26:37,220 INFO [__main__] gate fitting start candidate=avgy
2026-08-16 08:26:39,070 INFO [__main__] gate fitting done candidate=avgy
2026-08-16 08:26:39,642 INFO [__main__] experiment done seconds=12.51
2026-08-16 08:26:39,642 INFO [__main__] ========================================================================
2026-08-16T08:26:40+02:00 gates done configuration=53/72 dataset=Solar model=chronos2 formula=catboost_avgy_regressor_shared lags=504 horizon=168 retrieval=instance_euclidean_15_online

2026-08-16T08:26:40+02:00 gates start configuration=53/72 dataset=Solar model=chronos2 formula=bayes_avgy_shared lags=504 horizon=168 retrieval=instance_euclidean_15_online run=/home/h61084/codes/adapts/outputs/adaptation/k_ablation/Solar/504_168/chronos2/bayes_avgy_shared/instance/euclidean/15/online/run_0 computation_signature=bba7dfbbe7607c9f08572f2de8a49a18f060c4eb8b388eeab9080b8ade86bd16 iterations=300 learning_rate=0.03 depth=4 early_stopping_rounds=50 task_type=CPU thread_count=2 validation_fraction=0.2 seed=1
2026-08-16 08:26:42,710 INFO [__main__] ========================================================================
2026-08-16 08:26:42,710 INFO [__main__] selected methods=('bayes_avgy_shared',)
2026-08-16 08:26:47,428 INFO [__main__] gate fitting start candidate=avgy
2026-08-16 08:26:47,621 INFO [__main__] gate fitting done candidate=avgy
2026-08-16 08:26:47,649 INFO [__main__] experiment done seconds=4.94
2026-08-16 08:26:47,649 INFO [__main__] ========================================================================
2026-08-16T08:26:48+02:00 gates done configuration=53/72 dataset=Solar model=chronos2 formula=bayes_avgy_shared lags=504 horizon=168 retrieval=instance_euclidean_15_online
2026-08-16 08:26:50,203 INFO [__main__] extraction validation directory=/home/h61084/codes/adapts/outputs/extraction/Solar/504_168/chronos2/instance/euclidean/20/online/run_0 status=complete

2026-08-16T08:26:50+02:00 gates start configuration=54/72 dataset=Solar model=chronos2 formula=catboost_avgy_regressor_shared lags=504 horizon=168 retrieval=instance_euclidean_20_online run=/home/h61084/codes/adapts/outputs/adaptation/k_ablation/Solar/504_168/chronos2/catboost_avgy_regressor_shared/instance/euclidean/20/online/run_0 computation_signature=9f00d92f4e7513bf2b203caf3829fe62cce8739021e5711e1df8ff5a06eb2245 iterations=300 learning_rate=0.03 depth=4 early_stopping_rounds=50 task_type=CPU thread_count=2 validation_fraction=0.2 seed=1
2026-08-16 08:26:53,126 INFO [__main__] ========================================================================
2026-08-16 08:26:53,126 INFO [__main__] selected methods=('catboost_avgy_regressor_shared',)
2026-08-16 08:27:07,148 INFO [__main__] gate fitting start candidate=avgy
2026-08-16 08:27:08,950 INFO [__main__] gate fitting done candidate=avgy
2026-08-16 08:27:09,510 INFO [__main__] experiment done seconds=16.38
2026-08-16 08:27:09,510 INFO [__main__] ========================================================================
2026-08-16T08:27:10+02:00 gates done configuration=54/72 dataset=Solar model=chronos2 formula=catboost_avgy_regressor_shared lags=504 horizon=168 retrieval=instance_euclidean_20_online

2026-08-16T08:27:10+02:00 gates start configuration=54/72 dataset=Solar model=chronos2 formula=bayes_avgy_shared lags=504 horizon=168 retrieval=instance_euclidean_20_online run=/home/h61084/codes/adapts/outputs/adaptation/k_ablation/Solar/504_168/chronos2/bayes_avgy_shared/instance/euclidean/20/online/run_0 computation_signature=6ca0c2f8d900b7df5847390a23755fafb3f32bae6605e1bd57432adade9774b0 iterations=300 learning_rate=0.03 depth=4 early_stopping_rounds=50 task_type=CPU thread_count=2 validation_fraction=0.2 seed=1
2026-08-16 08:27:12,832 INFO [__main__] ========================================================================
2026-08-16 08:27:12,833 INFO [__main__] selected methods=('bayes_avgy_shared',)
2026-08-16 08:27:18,930 INFO [__main__] gate fitting start candidate=avgy
2026-08-16 08:27:19,123 INFO [__main__] gate fitting done candidate=avgy
2026-08-16 08:27:19,150 INFO [__main__] experiment done seconds=6.31
2026-08-16 08:27:19,150 INFO [__main__] ========================================================================
2026-08-16T08:27:19+02:00 gates done configuration=54/72 dataset=Solar model=chronos2 formula=bayes_avgy_shared lags=504 horizon=168 retrieval=instance_euclidean_20_online
2026-08-16 08:27:21,748 INFO [__main__] extraction validation directory=/home/h61084/codes/adapts/outputs/extraction/exchange_rate/168_24/chronos2/instance/euclidean/1/online/run_1 status=complete

2026-08-16T08:27:22+02:00 gates start configuration=55/72 dataset=exchange_rate model=chronos2 formula=catboost_avgy_regressor_shared lags=168 horizon=24 retrieval=instance_euclidean_1_online run=/home/h61084/codes/adapts/outputs/adaptation/k_ablation/exchange_rate/168_24/chronos2/catboost_avgy_regressor_shared/instance/euclidean/1/online/run_0 computation_signature=59ad8cc47f1723bd385268ebeb02992c243c2226f4f6c923e89388705c5a6342 iterations=300 learning_rate=0.03 depth=4 early_stopping_rounds=50 task_type=CPU thread_count=2 validation_fraction=0.2 seed=1
2026-08-16 08:27:24,672 INFO [__main__] ========================================================================
2026-08-16 08:27:24,672 INFO [__main__] selected methods=('catboost_avgy_regressor_shared',)
2026-08-16 08:27:26,209 INFO [__main__] gate fitting start candidate=avgy
2026-08-16 08:27:27,666 INFO [__main__] gate fitting done candidate=avgy
2026-08-16 08:27:28,279 INFO [__main__] experiment done seconds=3.60
2026-08-16 08:27:28,279 INFO [__main__] ========================================================================
2026-08-16T08:27:28+02:00 gates done configuration=55/72 dataset=exchange_rate model=chronos2 formula=catboost_avgy_regressor_shared lags=168 horizon=24 retrieval=instance_euclidean_1_online

2026-08-16T08:27:29+02:00 gates start configuration=55/72 dataset=exchange_rate model=chronos2 formula=bayes_avgy_shared lags=168 horizon=24 retrieval=instance_euclidean_1_online run=/home/h61084/codes/adapts/outputs/adaptation/k_ablation/exchange_rate/168_24/chronos2/bayes_avgy_shared/instance/euclidean/1/online/run_0 computation_signature=68e5c2a435a2ef031093b018c0c581635cf46b5633a4a308f02e61a70abfe3dd iterations=300 learning_rate=0.03 depth=4 early_stopping_rounds=50 task_type=CPU thread_count=2 validation_fraction=0.2 seed=1
2026-08-16 08:27:31,368 INFO [__main__] ========================================================================
2026-08-16 08:27:31,368 INFO [__main__] selected methods=('bayes_avgy_shared',)
2026-08-16 08:27:32,879 INFO [__main__] gate fitting start candidate=avgy
2026-08-16 08:27:32,933 INFO [__main__] gate fitting done candidate=avgy
2026-08-16 08:27:32,961 INFO [__main__] experiment done seconds=1.59
2026-08-16 08:27:32,961 INFO [__main__] ========================================================================
2026-08-16T08:27:33+02:00 gates done configuration=55/72 dataset=exchange_rate model=chronos2 formula=bayes_avgy_shared lags=168 horizon=24 retrieval=instance_euclidean_1_online
2026-08-16 08:27:35,610 INFO [__main__] extraction validation directory=/home/h61084/codes/adapts/outputs/extraction/exchange_rate/168_24/chronos2/instance/euclidean/3/online/run_1 status=complete

2026-08-16T08:27:36+02:00 gates start configuration=56/72 dataset=exchange_rate model=chronos2 formula=catboost_avgy_regressor_shared lags=168 horizon=24 retrieval=instance_euclidean_3_online run=/home/h61084/codes/adapts/outputs/adaptation/k_ablation/exchange_rate/168_24/chronos2/catboost_avgy_regressor_shared/instance/euclidean/3/online/run_0 computation_signature=6020fc0fe9aa5efd58d9508d5ff23cca26de3ef2e0cd99c78ce887ebd1a3a7f1 iterations=300 learning_rate=0.03 depth=4 early_stopping_rounds=50 task_type=CPU thread_count=2 validation_fraction=0.2 seed=1
2026-08-16 08:27:38,596 INFO [__main__] ========================================================================
2026-08-16 08:27:38,597 INFO [__main__] selected methods=('catboost_avgy_regressor_shared',)
2026-08-16 08:27:40,119 INFO [__main__] gate fitting start candidate=avgy
2026-08-16 08:27:41,351 INFO [__main__] gate fitting done candidate=avgy
2026-08-16 08:27:41,945 INFO [__main__] experiment done seconds=3.35
2026-08-16 08:27:41,945 INFO [__main__] ========================================================================
2026-08-16T08:27:42+02:00 gates done configuration=56/72 dataset=exchange_rate model=chronos2 formula=catboost_avgy_regressor_shared lags=168 horizon=24 retrieval=instance_euclidean_3_online

2026-08-16T08:27:42+02:00 gates start configuration=56/72 dataset=exchange_rate model=chronos2 formula=bayes_avgy_shared lags=168 horizon=24 retrieval=instance_euclidean_3_online run=/home/h61084/codes/adapts/outputs/adaptation/k_ablation/exchange_rate/168_24/chronos2/bayes_avgy_shared/instance/euclidean/3/online/run_0 computation_signature=4a762ddc88340b3868f0ab18fa7c911ae785af69ff10ebf1dbaba31dc7090712 iterations=300 learning_rate=0.03 depth=4 early_stopping_rounds=50 task_type=CPU thread_count=2 validation_fraction=0.2 seed=1
2026-08-16 08:27:45,225 INFO [__main__] ========================================================================
2026-08-16 08:27:45,225 INFO [__main__] selected methods=('bayes_avgy_shared',)
2026-08-16 08:27:46,717 INFO [__main__] gate fitting start candidate=avgy
2026-08-16 08:27:46,775 INFO [__main__] gate fitting done candidate=avgy
2026-08-16 08:27:46,802 INFO [__main__] experiment done seconds=1.57
2026-08-16 08:27:46,802 INFO [__main__] ========================================================================
2026-08-16T08:27:47+02:00 gates done configuration=56/72 dataset=exchange_rate model=chronos2 formula=bayes_avgy_shared lags=168 horizon=24 retrieval=instance_euclidean_3_online
2026-08-16 08:27:49,414 INFO [__main__] extraction validation directory=/home/h61084/codes/adapts/outputs/extraction/exchange_rate/168_24/chronos2/instance/euclidean/5/online/run_0 status=complete

2026-08-16T08:27:49+02:00 gates start configuration=57/72 dataset=exchange_rate model=chronos2 formula=catboost_avgy_regressor_shared lags=168 horizon=24 retrieval=instance_euclidean_5_online run=/home/h61084/codes/adapts/outputs/adaptation/k_ablation/exchange_rate/168_24/chronos2/catboost_avgy_regressor_shared/instance/euclidean/5/online/run_0 computation_signature=ab266952104879986963594e72ba3f68597a49a7001eec12b54b46fe1c2dbf3b iterations=300 learning_rate=0.03 depth=4 early_stopping_rounds=50 task_type=CPU thread_count=2 validation_fraction=0.2 seed=1
2026-08-16 08:27:52,323 INFO [__main__] ========================================================================
2026-08-16 08:27:52,324 INFO [__main__] selected methods=('catboost_avgy_regressor_shared',)
2026-08-16 08:27:53,952 INFO [__main__] gate fitting start candidate=avgy
2026-08-16 08:27:55,005 INFO [__main__] gate fitting done candidate=avgy
2026-08-16 08:27:55,578 INFO [__main__] experiment done seconds=3.25
2026-08-16 08:27:55,579 INFO [__main__] ========================================================================
2026-08-16T08:27:56+02:00 gates done configuration=57/72 dataset=exchange_rate model=chronos2 formula=catboost_avgy_regressor_shared lags=168 horizon=24 retrieval=instance_euclidean_5_online

2026-08-16T08:27:56+02:00 gates start configuration=57/72 dataset=exchange_rate model=chronos2 formula=bayes_avgy_shared lags=168 horizon=24 retrieval=instance_euclidean_5_online run=/home/h61084/codes/adapts/outputs/adaptation/k_ablation/exchange_rate/168_24/chronos2/bayes_avgy_shared/instance/euclidean/5/online/run_0 computation_signature=a287bb0ba655d4a81b0d124ea2df48fe1a207983c17a8c3757df58907ecd9eec iterations=300 learning_rate=0.03 depth=4 early_stopping_rounds=50 task_type=CPU thread_count=2 validation_fraction=0.2 seed=1
2026-08-16 08:27:58,797 INFO [__main__] ========================================================================
2026-08-16 08:27:58,798 INFO [__main__] selected methods=('bayes_avgy_shared',)
2026-08-16 08:28:00,396 INFO [__main__] gate fitting start candidate=avgy
2026-08-16 08:28:00,452 INFO [__main__] gate fitting done candidate=avgy
2026-08-16 08:28:00,478 INFO [__main__] experiment done seconds=1.68
2026-08-16 08:28:00,478 INFO [__main__] ========================================================================
2026-08-16T08:28:00+02:00 gates done configuration=57/72 dataset=exchange_rate model=chronos2 formula=bayes_avgy_shared lags=168 horizon=24 retrieval=instance_euclidean_5_online
2026-08-16 08:28:03,015 INFO [__main__] extraction validation directory=/home/h61084/codes/adapts/outputs/extraction/exchange_rate/168_24/chronos2/instance/euclidean/10/online/run_0 status=complete

2026-08-16T08:28:03+02:00 gates start configuration=58/72 dataset=exchange_rate model=chronos2 formula=catboost_avgy_regressor_shared lags=168 horizon=24 retrieval=instance_euclidean_10_online run=/home/h61084/codes/adapts/outputs/adaptation/k_ablation/exchange_rate/168_24/chronos2/catboost_avgy_regressor_shared/instance/euclidean/10/online/run_0 computation_signature=44555528638955aaa28de7d41738c760e0c2f0094eca375493663e593a51a040 iterations=300 learning_rate=0.03 depth=4 early_stopping_rounds=50 task_type=CPU thread_count=2 validation_fraction=0.2 seed=1
2026-08-16 08:28:05,807 INFO [__main__] ========================================================================
2026-08-16 08:28:05,807 INFO [__main__] selected methods=('catboost_avgy_regressor_shared',)
2026-08-16 08:28:07,620 INFO [__main__] gate fitting start candidate=avgy
2026-08-16 08:28:08,980 INFO [__main__] gate fitting done candidate=avgy
2026-08-16 08:28:09,551 INFO [__main__] experiment done seconds=3.74
2026-08-16 08:28:09,551 INFO [__main__] ========================================================================
2026-08-16T08:28:10+02:00 gates done configuration=58/72 dataset=exchange_rate model=chronos2 formula=catboost_avgy_regressor_shared lags=168 horizon=24 retrieval=instance_euclidean_10_online

2026-08-16T08:28:10+02:00 gates start configuration=58/72 dataset=exchange_rate model=chronos2 formula=bayes_avgy_shared lags=168 horizon=24 retrieval=instance_euclidean_10_online run=/home/h61084/codes/adapts/outputs/adaptation/k_ablation/exchange_rate/168_24/chronos2/bayes_avgy_shared/instance/euclidean/10/online/run_0 computation_signature=dd73ae2f85f61e527cbb845c7748b4959329c773220c94b66c658bce31ef7d7d iterations=300 learning_rate=0.03 depth=4 early_stopping_rounds=50 task_type=CPU thread_count=2 validation_fraction=0.2 seed=1
2026-08-16 08:28:12,784 INFO [__main__] ========================================================================
2026-08-16 08:28:12,784 INFO [__main__] selected methods=('bayes_avgy_shared',)
2026-08-16 08:28:14,322 INFO [__main__] gate fitting start candidate=avgy
2026-08-16 08:28:14,378 INFO [__main__] gate fitting done candidate=avgy
2026-08-16 08:28:14,407 INFO [__main__] experiment done seconds=1.62
2026-08-16 08:28:14,407 INFO [__main__] ========================================================================
2026-08-16T08:28:14+02:00 gates done configuration=58/72 dataset=exchange_rate model=chronos2 formula=bayes_avgy_shared lags=168 horizon=24 retrieval=instance_euclidean_10_online
2026-08-16 08:28:17,076 INFO [__main__] extraction validation directory=/home/h61084/codes/adapts/outputs/extraction/exchange_rate/168_24/chronos2/instance/euclidean/15/online/run_0 status=complete

2026-08-16T08:28:17+02:00 gates start configuration=59/72 dataset=exchange_rate model=chronos2 formula=catboost_avgy_regressor_shared lags=168 horizon=24 retrieval=instance_euclidean_15_online run=/home/h61084/codes/adapts/outputs/adaptation/k_ablation/exchange_rate/168_24/chronos2/catboost_avgy_regressor_shared/instance/euclidean/15/online/run_0 computation_signature=bd34dc677cd0ebd2671d1313027991a6b2c2a906892e9df8d43becdc3ba6fd9e iterations=300 learning_rate=0.03 depth=4 early_stopping_rounds=50 task_type=CPU thread_count=2 validation_fraction=0.2 seed=1
2026-08-16 08:28:20,075 INFO [__main__] ========================================================================
2026-08-16 08:28:20,075 INFO [__main__] selected methods=('catboost_avgy_regressor_shared',)
2026-08-16 08:28:22,069 INFO [__main__] gate fitting start candidate=avgy
2026-08-16 08:28:23,308 INFO [__main__] gate fitting done candidate=avgy
2026-08-16 08:28:23,885 INFO [__main__] experiment done seconds=3.81
2026-08-16 08:28:23,885 INFO [__main__] ========================================================================
2026-08-16T08:28:24+02:00 gates done configuration=59/72 dataset=exchange_rate model=chronos2 formula=catboost_avgy_regressor_shared lags=168 horizon=24 retrieval=instance_euclidean_15_online

2026-08-16T08:28:24+02:00 gates start configuration=59/72 dataset=exchange_rate model=chronos2 formula=bayes_avgy_shared lags=168 horizon=24 retrieval=instance_euclidean_15_online run=/home/h61084/codes/adapts/outputs/adaptation/k_ablation/exchange_rate/168_24/chronos2/bayes_avgy_shared/instance/euclidean/15/online/run_0 computation_signature=86d5aa5cbd850d6924159ffc4ddc78f4d9c77b7b465caad2674cb866049a72f3 iterations=300 learning_rate=0.03 depth=4 early_stopping_rounds=50 task_type=CPU thread_count=2 validation_fraction=0.2 seed=1
2026-08-16 08:28:27,026 INFO [__main__] ========================================================================
2026-08-16 08:28:27,026 INFO [__main__] selected methods=('bayes_avgy_shared',)
2026-08-16 08:28:28,552 INFO [__main__] gate fitting start candidate=avgy
2026-08-16 08:28:28,608 INFO [__main__] gate fitting done candidate=avgy
2026-08-16 08:28:28,649 INFO [__main__] experiment done seconds=1.62
2026-08-16 08:28:28,649 INFO [__main__] ========================================================================
2026-08-16T08:28:29+02:00 gates done configuration=59/72 dataset=exchange_rate model=chronos2 formula=bayes_avgy_shared lags=168 horizon=24 retrieval=instance_euclidean_15_online
2026-08-16 08:28:31,109 INFO [__main__] extraction validation directory=/home/h61084/codes/adapts/outputs/extraction/exchange_rate/168_24/chronos2/instance/euclidean/20/online/run_0 status=complete

2026-08-16T08:28:31+02:00 gates start configuration=60/72 dataset=exchange_rate model=chronos2 formula=catboost_avgy_regressor_shared lags=168 horizon=24 retrieval=instance_euclidean_20_online run=/home/h61084/codes/adapts/outputs/adaptation/k_ablation/exchange_rate/168_24/chronos2/catboost_avgy_regressor_shared/instance/euclidean/20/online/run_0 computation_signature=14c60f84f85d478cbba2b92e3353daf75106b16d588fbab6f7949848913524fa iterations=300 learning_rate=0.03 depth=4 early_stopping_rounds=50 task_type=CPU thread_count=2 validation_fraction=0.2 seed=1
2026-08-16 08:28:34,012 INFO [__main__] ========================================================================
2026-08-16 08:28:34,013 INFO [__main__] selected methods=('catboost_avgy_regressor_shared',)
2026-08-16 08:28:35,847 INFO [__main__] gate fitting start candidate=avgy
2026-08-16 08:28:37,401 INFO [__main__] gate fitting done candidate=avgy
2026-08-16 08:28:38,003 INFO [__main__] experiment done seconds=3.99
2026-08-16 08:28:38,003 INFO [__main__] ========================================================================
2026-08-16T08:28:38+02:00 gates done configuration=60/72 dataset=exchange_rate model=chronos2 formula=catboost_avgy_regressor_shared lags=168 horizon=24 retrieval=instance_euclidean_20_online

2026-08-16T08:28:38+02:00 gates start configuration=60/72 dataset=exchange_rate model=chronos2 formula=bayes_avgy_shared lags=168 horizon=24 retrieval=instance_euclidean_20_online run=/home/h61084/codes/adapts/outputs/adaptation/k_ablation/exchange_rate/168_24/chronos2/bayes_avgy_shared/instance/euclidean/20/online/run_0 computation_signature=ac75b7c84a3efdaa3ae98ecea7eedfcca2c0fa58723616d6323c37a035fef712 iterations=300 learning_rate=0.03 depth=4 early_stopping_rounds=50 task_type=CPU thread_count=2 validation_fraction=0.2 seed=1
2026-08-16 08:28:41,158 INFO [__main__] ========================================================================
2026-08-16 08:28:41,158 INFO [__main__] selected methods=('bayes_avgy_shared',)
2026-08-16 08:28:42,679 INFO [__main__] gate fitting start candidate=avgy
2026-08-16 08:28:42,738 INFO [__main__] gate fitting done candidate=avgy
2026-08-16 08:28:42,765 INFO [__main__] experiment done seconds=1.60
2026-08-16 08:28:42,765 INFO [__main__] ========================================================================
2026-08-16T08:28:43+02:00 gates done configuration=60/72 dataset=exchange_rate model=chronos2 formula=bayes_avgy_shared lags=168 horizon=24 retrieval=instance_euclidean_20_online
2026-08-16 08:28:45,552 INFO [__main__] extraction validation directory=/home/h61084/codes/adapts/outputs/extraction/exchange_rate/336_48/chronos2/instance/euclidean/1/online/run_1 status=complete

2026-08-16T08:28:46+02:00 gates start configuration=61/72 dataset=exchange_rate model=chronos2 formula=catboost_avgy_regressor_shared lags=336 horizon=48 retrieval=instance_euclidean_1_online run=/home/h61084/codes/adapts/outputs/adaptation/k_ablation/exchange_rate/336_48/chronos2/catboost_avgy_regressor_shared/instance/euclidean/1/online/run_0 computation_signature=21fd1eb21afbb0099eb8252b0a88ad0129f50d882ff4fd45fe9b0a948dd19593 iterations=300 learning_rate=0.03 depth=4 early_stopping_rounds=50 task_type=CPU thread_count=2 validation_fraction=0.2 seed=1
2026-08-16 08:28:48,506 INFO [__main__] ========================================================================
2026-08-16 08:28:48,506 INFO [__main__] selected methods=('catboost_avgy_regressor_shared',)
2026-08-16 08:28:50,138 INFO [__main__] gate fitting start candidate=avgy
2026-08-16 08:28:51,481 INFO [__main__] gate fitting done candidate=avgy
2026-08-16 08:28:52,064 INFO [__main__] experiment done seconds=3.56
2026-08-16 08:28:52,065 INFO [__main__] ========================================================================
2026-08-16T08:28:52+02:00 gates done configuration=61/72 dataset=exchange_rate model=chronos2 formula=catboost_avgy_regressor_shared lags=336 horizon=48 retrieval=instance_euclidean_1_online

2026-08-16T08:28:52+02:00 gates start configuration=61/72 dataset=exchange_rate model=chronos2 formula=bayes_avgy_shared lags=336 horizon=48 retrieval=instance_euclidean_1_online run=/home/h61084/codes/adapts/outputs/adaptation/k_ablation/exchange_rate/336_48/chronos2/bayes_avgy_shared/instance/euclidean/1/online/run_0 computation_signature=536409a2d7b57fadf926885a1205797c34ab4e90b9e5ed7bb8d275daa5b5cb82 iterations=300 learning_rate=0.03 depth=4 early_stopping_rounds=50 task_type=CPU thread_count=2 validation_fraction=0.2 seed=1
2026-08-16 08:28:55,248 INFO [__main__] ========================================================================
2026-08-16 08:28:55,248 INFO [__main__] selected methods=('bayes_avgy_shared',)
2026-08-16 08:28:56,779 INFO [__main__] gate fitting start candidate=avgy
2026-08-16 08:28:56,839 INFO [__main__] gate fitting done candidate=avgy
2026-08-16 08:28:56,867 INFO [__main__] experiment done seconds=1.62
2026-08-16 08:28:56,867 INFO [__main__] ========================================================================
2026-08-16T08:28:57+02:00 gates done configuration=61/72 dataset=exchange_rate model=chronos2 formula=bayes_avgy_shared lags=336 horizon=48 retrieval=instance_euclidean_1_online
2026-08-16 08:28:59,444 INFO [__main__] extraction validation directory=/home/h61084/codes/adapts/outputs/extraction/exchange_rate/336_48/chronos2/instance/euclidean/3/online/run_1 status=complete

2026-08-16T08:29:00+02:00 gates start configuration=62/72 dataset=exchange_rate model=chronos2 formula=catboost_avgy_regressor_shared lags=336 horizon=48 retrieval=instance_euclidean_3_online run=/home/h61084/codes/adapts/outputs/adaptation/k_ablation/exchange_rate/336_48/chronos2/catboost_avgy_regressor_shared/instance/euclidean/3/online/run_0 computation_signature=fd234dc0a90ebb78ad77187e474d777992c9990650d0a020d865b39036fc0e46 iterations=300 learning_rate=0.03 depth=4 early_stopping_rounds=50 task_type=CPU thread_count=2 validation_fraction=0.2 seed=1
2026-08-16 08:29:02,349 INFO [__main__] ========================================================================
2026-08-16 08:29:02,350 INFO [__main__] selected methods=('catboost_avgy_regressor_shared',)
2026-08-16 08:29:03,818 INFO [__main__] gate fitting start candidate=avgy
2026-08-16 08:29:05,178 INFO [__main__] gate fitting done candidate=avgy
2026-08-16 08:29:05,756 INFO [__main__] experiment done seconds=3.40
2026-08-16 08:29:05,756 INFO [__main__] ========================================================================
2026-08-16T08:29:06+02:00 gates done configuration=62/72 dataset=exchange_rate model=chronos2 formula=catboost_avgy_regressor_shared lags=336 horizon=48 retrieval=instance_euclidean_3_online

2026-08-16T08:29:06+02:00 gates start configuration=62/72 dataset=exchange_rate model=chronos2 formula=bayes_avgy_shared lags=336 horizon=48 retrieval=instance_euclidean_3_online run=/home/h61084/codes/adapts/outputs/adaptation/k_ablation/exchange_rate/336_48/chronos2/bayes_avgy_shared/instance/euclidean/3/online/run_0 computation_signature=9c07e27bef9912e06f39d017dbaa789301a4e05d6655a31084d4a8986f265bb2 iterations=300 learning_rate=0.03 depth=4 early_stopping_rounds=50 task_type=CPU thread_count=2 validation_fraction=0.2 seed=1
2026-08-16 08:29:08,888 INFO [__main__] ========================================================================
2026-08-16 08:29:08,889 INFO [__main__] selected methods=('bayes_avgy_shared',)
2026-08-16 08:29:10,422 INFO [__main__] gate fitting start candidate=avgy
2026-08-16 08:29:10,482 INFO [__main__] gate fitting done candidate=avgy
2026-08-16 08:29:10,511 INFO [__main__] experiment done seconds=1.62
2026-08-16 08:29:10,511 INFO [__main__] ========================================================================
2026-08-16T08:29:11+02:00 gates done configuration=62/72 dataset=exchange_rate model=chronos2 formula=bayes_avgy_shared lags=336 horizon=48 retrieval=instance_euclidean_3_online
2026-08-16 08:29:13,227 INFO [__main__] extraction validation directory=/home/h61084/codes/adapts/outputs/extraction/exchange_rate/336_48/chronos2/instance/euclidean/5/online/run_0 status=complete

2026-08-16T08:29:13+02:00 gates start configuration=63/72 dataset=exchange_rate model=chronos2 formula=catboost_avgy_regressor_shared lags=336 horizon=48 retrieval=instance_euclidean_5_online run=/home/h61084/codes/adapts/outputs/adaptation/k_ablation/exchange_rate/336_48/chronos2/catboost_avgy_regressor_shared/instance/euclidean/5/online/run_0 computation_signature=a4610876a8db304a3ca156029d988b7a51c16aa15ff366bd5f65b5e762c36262 iterations=300 learning_rate=0.03 depth=4 early_stopping_rounds=50 task_type=CPU thread_count=2 validation_fraction=0.2 seed=1
2026-08-16 08:29:16,182 INFO [__main__] ========================================================================
2026-08-16 08:29:16,182 INFO [__main__] selected methods=('catboost_avgy_regressor_shared',)
2026-08-16 08:29:18,018 INFO [__main__] gate fitting start candidate=avgy
2026-08-16 08:29:19,518 INFO [__main__] gate fitting done candidate=avgy
2026-08-16 08:29:20,094 INFO [__main__] experiment done seconds=3.91
2026-08-16 08:29:20,094 INFO [__main__] ========================================================================
2026-08-16T08:29:20+02:00 gates done configuration=63/72 dataset=exchange_rate model=chronos2 formula=catboost_avgy_regressor_shared lags=336 horizon=48 retrieval=instance_euclidean_5_online

2026-08-16T08:29:20+02:00 gates start configuration=63/72 dataset=exchange_rate model=chronos2 formula=bayes_avgy_shared lags=336 horizon=48 retrieval=instance_euclidean_5_online run=/home/h61084/codes/adapts/outputs/adaptation/k_ablation/exchange_rate/336_48/chronos2/bayes_avgy_shared/instance/euclidean/5/online/run_0 computation_signature=94f8ce0de8d8d9e837ee46471ec87457f77817cc26df4318b32da3ca5215370a iterations=300 learning_rate=0.03 depth=4 early_stopping_rounds=50 task_type=CPU thread_count=2 validation_fraction=0.2 seed=1
2026-08-16 08:29:23,256 INFO [__main__] ========================================================================
2026-08-16 08:29:23,256 INFO [__main__] selected methods=('bayes_avgy_shared',)
2026-08-16 08:29:25,090 INFO [__main__] gate fitting start candidate=avgy
2026-08-16 08:29:25,150 INFO [__main__] gate fitting done candidate=avgy
2026-08-16 08:29:25,178 INFO [__main__] experiment done seconds=1.92
2026-08-16 08:29:25,178 INFO [__main__] ========================================================================
2026-08-16T08:29:25+02:00 gates done configuration=63/72 dataset=exchange_rate model=chronos2 formula=bayes_avgy_shared lags=336 horizon=48 retrieval=instance_euclidean_5_online
2026-08-16 08:29:27,823 INFO [__main__] extraction validation directory=/home/h61084/codes/adapts/outputs/extraction/exchange_rate/336_48/chronos2/instance/euclidean/10/online/run_0 status=complete

2026-08-16T08:29:28+02:00 gates start configuration=64/72 dataset=exchange_rate model=chronos2 formula=catboost_avgy_regressor_shared lags=336 horizon=48 retrieval=instance_euclidean_10_online run=/home/h61084/codes/adapts/outputs/adaptation/k_ablation/exchange_rate/336_48/chronos2/catboost_avgy_regressor_shared/instance/euclidean/10/online/run_0 computation_signature=b51b20a6579a9653d800cf798d84a30acbee581159d7b88384791213d9a1b3aa iterations=300 learning_rate=0.03 depth=4 early_stopping_rounds=50 task_type=CPU thread_count=2 validation_fraction=0.2 seed=1
2026-08-16 08:29:30,744 INFO [__main__] ========================================================================
2026-08-16 08:29:30,745 INFO [__main__] selected methods=('catboost_avgy_regressor_shared',)
2026-08-16 08:29:32,404 INFO [__main__] gate fitting start candidate=avgy
2026-08-16 08:29:33,540 INFO [__main__] gate fitting done candidate=avgy
2026-08-16 08:29:34,125 INFO [__main__] experiment done seconds=3.38
2026-08-16 08:29:34,125 INFO [__main__] ========================================================================
2026-08-16T08:29:34+02:00 gates done configuration=64/72 dataset=exchange_rate model=chronos2 formula=catboost_avgy_regressor_shared lags=336 horizon=48 retrieval=instance_euclidean_10_online

2026-08-16T08:29:34+02:00 gates start configuration=64/72 dataset=exchange_rate model=chronos2 formula=bayes_avgy_shared lags=336 horizon=48 retrieval=instance_euclidean_10_online run=/home/h61084/codes/adapts/outputs/adaptation/k_ablation/exchange_rate/336_48/chronos2/bayes_avgy_shared/instance/euclidean/10/online/run_0 computation_signature=56e0bee45b64fa0fa322faf29e97d2ad0c568dc3c7e5108f5b9c9291596e0c4e iterations=300 learning_rate=0.03 depth=4 early_stopping_rounds=50 task_type=CPU thread_count=2 validation_fraction=0.2 seed=1
2026-08-16 08:29:37,309 INFO [__main__] ========================================================================
2026-08-16 08:29:37,309 INFO [__main__] selected methods=('bayes_avgy_shared',)
2026-08-16 08:29:38,853 INFO [__main__] gate fitting start candidate=avgy
2026-08-16 08:29:38,910 INFO [__main__] gate fitting done candidate=avgy
2026-08-16 08:29:38,938 INFO [__main__] experiment done seconds=1.63
2026-08-16 08:29:38,938 INFO [__main__] ========================================================================
2026-08-16T08:29:39+02:00 gates done configuration=64/72 dataset=exchange_rate model=chronos2 formula=bayes_avgy_shared lags=336 horizon=48 retrieval=instance_euclidean_10_online
2026-08-16 08:29:41,563 INFO [__main__] extraction validation directory=/home/h61084/codes/adapts/outputs/extraction/exchange_rate/336_48/chronos2/instance/euclidean/15/online/run_0 status=complete

2026-08-16T08:29:42+02:00 gates start configuration=65/72 dataset=exchange_rate model=chronos2 formula=catboost_avgy_regressor_shared lags=336 horizon=48 retrieval=instance_euclidean_15_online run=/home/h61084/codes/adapts/outputs/adaptation/k_ablation/exchange_rate/336_48/chronos2/catboost_avgy_regressor_shared/instance/euclidean/15/online/run_0 computation_signature=a911a50636907cbb6974d813536838a927951ca8580cde05931b09c40fe01f0c iterations=300 learning_rate=0.03 depth=4 early_stopping_rounds=50 task_type=CPU thread_count=2 validation_fraction=0.2 seed=1
2026-08-16 08:29:44,434 INFO [__main__] ========================================================================
2026-08-16 08:29:44,434 INFO [__main__] selected methods=('catboost_avgy_regressor_shared',)
2026-08-16 08:29:46,379 INFO [__main__] gate fitting start candidate=avgy
2026-08-16 08:29:47,689 INFO [__main__] gate fitting done candidate=avgy
2026-08-16 08:29:48,293 INFO [__main__] experiment done seconds=3.86
2026-08-16 08:29:48,293 INFO [__main__] ========================================================================
2026-08-16T08:29:48+02:00 gates done configuration=65/72 dataset=exchange_rate model=chronos2 formula=catboost_avgy_regressor_shared lags=336 horizon=48 retrieval=instance_euclidean_15_online

2026-08-16T08:29:49+02:00 gates start configuration=65/72 dataset=exchange_rate model=chronos2 formula=bayes_avgy_shared lags=336 horizon=48 retrieval=instance_euclidean_15_online run=/home/h61084/codes/adapts/outputs/adaptation/k_ablation/exchange_rate/336_48/chronos2/bayes_avgy_shared/instance/euclidean/15/online/run_0 computation_signature=d6796546eee36fa5aa03a0d79e07fce6105502d92bd2716cf45b95d754de375f iterations=300 learning_rate=0.03 depth=4 early_stopping_rounds=50 task_type=CPU thread_count=2 validation_fraction=0.2 seed=1
2026-08-16 08:29:51,441 INFO [__main__] ========================================================================
2026-08-16 08:29:51,442 INFO [__main__] selected methods=('bayes_avgy_shared',)
2026-08-16 08:29:52,969 INFO [__main__] gate fitting start candidate=avgy
2026-08-16 08:29:53,029 INFO [__main__] gate fitting done candidate=avgy
2026-08-16 08:29:53,057 INFO [__main__] experiment done seconds=1.61
2026-08-16 08:29:53,057 INFO [__main__] ========================================================================
2026-08-16T08:29:53+02:00 gates done configuration=65/72 dataset=exchange_rate model=chronos2 formula=bayes_avgy_shared lags=336 horizon=48 retrieval=instance_euclidean_15_online
2026-08-16 08:29:55,571 INFO [__main__] extraction validation directory=/home/h61084/codes/adapts/outputs/extraction/exchange_rate/336_48/chronos2/instance/euclidean/20/online/run_0 status=complete

2026-08-16T08:29:56+02:00 gates start configuration=66/72 dataset=exchange_rate model=chronos2 formula=catboost_avgy_regressor_shared lags=336 horizon=48 retrieval=instance_euclidean_20_online run=/home/h61084/codes/adapts/outputs/adaptation/k_ablation/exchange_rate/336_48/chronos2/catboost_avgy_regressor_shared/instance/euclidean/20/online/run_0 computation_signature=29c2791d546cbeb66f6492cb5d7dab41ac9ec1b95e248390790c1bd76c922d58 iterations=300 learning_rate=0.03 depth=4 early_stopping_rounds=50 task_type=CPU thread_count=2 validation_fraction=0.2 seed=1
2026-08-16 08:29:58,435 INFO [__main__] ========================================================================
2026-08-16 08:29:58,435 INFO [__main__] selected methods=('catboost_avgy_regressor_shared',)
2026-08-16 08:30:00,652 INFO [__main__] gate fitting start candidate=avgy
2026-08-16 08:30:01,948 INFO [__main__] gate fitting done candidate=avgy
2026-08-16 08:30:02,512 INFO [__main__] experiment done seconds=4.07
2026-08-16 08:30:02,512 INFO [__main__] ========================================================================
2026-08-16T08:30:03+02:00 gates done configuration=66/72 dataset=exchange_rate model=chronos2 formula=catboost_avgy_regressor_shared lags=336 horizon=48 retrieval=instance_euclidean_20_online

2026-08-16T08:30:03+02:00 gates start configuration=66/72 dataset=exchange_rate model=chronos2 formula=bayes_avgy_shared lags=336 horizon=48 retrieval=instance_euclidean_20_online run=/home/h61084/codes/adapts/outputs/adaptation/k_ablation/exchange_rate/336_48/chronos2/bayes_avgy_shared/instance/euclidean/20/online/run_0 computation_signature=07c3bafe105cdd0683330c8a6ef9f2a225e07dd4e78e1c2f1359d422995a437d iterations=300 learning_rate=0.03 depth=4 early_stopping_rounds=50 task_type=CPU thread_count=2 validation_fraction=0.2 seed=1
2026-08-16 08:30:05,684 INFO [__main__] ========================================================================
2026-08-16 08:30:05,684 INFO [__main__] selected methods=('bayes_avgy_shared',)
2026-08-16 08:30:07,266 INFO [__main__] gate fitting start candidate=avgy
2026-08-16 08:30:07,323 INFO [__main__] gate fitting done candidate=avgy
2026-08-16 08:30:07,360 INFO [__main__] experiment done seconds=1.67
2026-08-16 08:30:07,360 INFO [__main__] ========================================================================
2026-08-16T08:30:07+02:00 gates done configuration=66/72 dataset=exchange_rate model=chronos2 formula=bayes_avgy_shared lags=336 horizon=48 retrieval=instance_euclidean_20_online
2026-08-16 08:30:09,992 INFO [__main__] extraction validation directory=/home/h61084/codes/adapts/outputs/extraction/exchange_rate/504_168/chronos2/instance/euclidean/1/online/run_1 status=complete

2026-08-16T08:30:10+02:00 gates start configuration=67/72 dataset=exchange_rate model=chronos2 formula=catboost_avgy_regressor_shared lags=504 horizon=168 retrieval=instance_euclidean_1_online run=/home/h61084/codes/adapts/outputs/adaptation/k_ablation/exchange_rate/504_168/chronos2/catboost_avgy_regressor_shared/instance/euclidean/1/online/run_0 computation_signature=c4a5425f4486dbd0e85dee4331e7866387496270c5e808dcf0159dc8af161f2a iterations=300 learning_rate=0.03 depth=4 early_stopping_rounds=50 task_type=CPU thread_count=2 validation_fraction=0.2 seed=1
2026-08-16 08:30:12,926 INFO [__main__] ========================================================================
2026-08-16 08:30:12,926 INFO [__main__] selected methods=('catboost_avgy_regressor_shared',)
2026-08-16 08:30:14,563 INFO [__main__] gate fitting start candidate=avgy
2026-08-16 08:30:15,875 INFO [__main__] gate fitting done candidate=avgy
2026-08-16 08:30:16,448 INFO [__main__] experiment done seconds=3.52
2026-08-16 08:30:16,449 INFO [__main__] ========================================================================
2026-08-16T08:30:17+02:00 gates done configuration=67/72 dataset=exchange_rate model=chronos2 formula=catboost_avgy_regressor_shared lags=504 horizon=168 retrieval=instance_euclidean_1_online

2026-08-16T08:30:17+02:00 gates start configuration=67/72 dataset=exchange_rate model=chronos2 formula=bayes_avgy_shared lags=504 horizon=168 retrieval=instance_euclidean_1_online run=/home/h61084/codes/adapts/outputs/adaptation/k_ablation/exchange_rate/504_168/chronos2/bayes_avgy_shared/instance/euclidean/1/online/run_0 computation_signature=fba091c441d8ec35c2cb83065019bde1981cbb61cba51a7c650c2a6d1e23f0f4 iterations=300 learning_rate=0.03 depth=4 early_stopping_rounds=50 task_type=CPU thread_count=2 validation_fraction=0.2 seed=1
2026-08-16 08:30:19,639 INFO [__main__] ========================================================================
2026-08-16 08:30:19,639 INFO [__main__] selected methods=('bayes_avgy_shared',)
2026-08-16 08:30:21,146 INFO [__main__] gate fitting start candidate=avgy
2026-08-16 08:30:21,205 INFO [__main__] gate fitting done candidate=avgy
2026-08-16 08:30:21,232 INFO [__main__] experiment done seconds=1.59
2026-08-16 08:30:21,232 INFO [__main__] ========================================================================
2026-08-16T08:30:21+02:00 gates done configuration=67/72 dataset=exchange_rate model=chronos2 formula=bayes_avgy_shared lags=504 horizon=168 retrieval=instance_euclidean_1_online
2026-08-16 08:30:23,884 INFO [__main__] extraction validation directory=/home/h61084/codes/adapts/outputs/extraction/exchange_rate/504_168/chronos2/instance/euclidean/3/online/run_1 status=complete

2026-08-16T08:30:24+02:00 gates start configuration=68/72 dataset=exchange_rate model=chronos2 formula=catboost_avgy_regressor_shared lags=504 horizon=168 retrieval=instance_euclidean_3_online run=/home/h61084/codes/adapts/outputs/adaptation/k_ablation/exchange_rate/504_168/chronos2/catboost_avgy_regressor_shared/instance/euclidean/3/online/run_0 computation_signature=e24ccc584860c21f219f7c629d7c13d738f6821911b49f73c0ec534dac47e6d5 iterations=300 learning_rate=0.03 depth=4 early_stopping_rounds=50 task_type=CPU thread_count=2 validation_fraction=0.2 seed=1
2026-08-16 08:30:26,830 INFO [__main__] ========================================================================
2026-08-16 08:30:26,830 INFO [__main__] selected methods=('catboost_avgy_regressor_shared',)
2026-08-16 08:30:28,585 INFO [__main__] gate fitting start candidate=avgy
2026-08-16 08:30:29,863 INFO [__main__] gate fitting done candidate=avgy
2026-08-16 08:30:30,443 INFO [__main__] experiment done seconds=3.61
2026-08-16 08:30:30,443 INFO [__main__] ========================================================================
2026-08-16T08:30:31+02:00 gates done configuration=68/72 dataset=exchange_rate model=chronos2 formula=catboost_avgy_regressor_shared lags=504 horizon=168 retrieval=instance_euclidean_3_online

2026-08-16T08:30:31+02:00 gates start configuration=68/72 dataset=exchange_rate model=chronos2 formula=bayes_avgy_shared lags=504 horizon=168 retrieval=instance_euclidean_3_online run=/home/h61084/codes/adapts/outputs/adaptation/k_ablation/exchange_rate/504_168/chronos2/bayes_avgy_shared/instance/euclidean/3/online/run_0 computation_signature=d8e07fe04424d47a30188b4c8f4dd073afe3d1e4f0834870c0e149c7a5dca61b iterations=300 learning_rate=0.03 depth=4 early_stopping_rounds=50 task_type=CPU thread_count=2 validation_fraction=0.2 seed=1
2026-08-16 08:30:33,556 INFO [__main__] ========================================================================
2026-08-16 08:30:33,556 INFO [__main__] selected methods=('bayes_avgy_shared',)
2026-08-16 08:30:35,122 INFO [__main__] gate fitting start candidate=avgy
2026-08-16 08:30:35,185 INFO [__main__] gate fitting done candidate=avgy
2026-08-16 08:30:35,213 INFO [__main__] experiment done seconds=1.65
2026-08-16 08:30:35,213 INFO [__main__] ========================================================================
2026-08-16T08:30:35+02:00 gates done configuration=68/72 dataset=exchange_rate model=chronos2 formula=bayes_avgy_shared lags=504 horizon=168 retrieval=instance_euclidean_3_online
2026-08-16 08:30:37,881 INFO [__main__] extraction validation directory=/home/h61084/codes/adapts/outputs/extraction/exchange_rate/504_168/chronos2/instance/euclidean/5/online/run_0 status=complete

2026-08-16T08:30:38+02:00 gates start configuration=69/72 dataset=exchange_rate model=chronos2 formula=catboost_avgy_regressor_shared lags=504 horizon=168 retrieval=instance_euclidean_5_online run=/home/h61084/codes/adapts/outputs/adaptation/k_ablation/exchange_rate/504_168/chronos2/catboost_avgy_regressor_shared/instance/euclidean/5/online/run_0 computation_signature=408a622a0c7616b4fc7eb06266c63d647fbe7cb616909872ff5a9339240bde8c iterations=300 learning_rate=0.03 depth=4 early_stopping_rounds=50 task_type=CPU thread_count=2 validation_fraction=0.2 seed=1
2026-08-16 08:30:40,810 INFO [__main__] ========================================================================
2026-08-16 08:30:40,810 INFO [__main__] selected methods=('catboost_avgy_regressor_shared',)
2026-08-16 08:30:42,761 INFO [__main__] gate fitting start candidate=avgy
2026-08-16 08:30:44,060 INFO [__main__] gate fitting done candidate=avgy
2026-08-16 08:30:44,646 INFO [__main__] experiment done seconds=3.83
2026-08-16 08:30:44,646 INFO [__main__] ========================================================================
2026-08-16T08:30:45+02:00 gates done configuration=69/72 dataset=exchange_rate model=chronos2 formula=catboost_avgy_regressor_shared lags=504 horizon=168 retrieval=instance_euclidean_5_online

2026-08-16T08:30:45+02:00 gates start configuration=69/72 dataset=exchange_rate model=chronos2 formula=bayes_avgy_shared lags=504 horizon=168 retrieval=instance_euclidean_5_online run=/home/h61084/codes/adapts/outputs/adaptation/k_ablation/exchange_rate/504_168/chronos2/bayes_avgy_shared/instance/euclidean/5/online/run_0 computation_signature=b599c4c48552d13e3c3ad9b86566b542502f0c9a94a2a5edc0717d1dcc52d8af iterations=300 learning_rate=0.03 depth=4 early_stopping_rounds=50 task_type=CPU thread_count=2 validation_fraction=0.2 seed=1
2026-08-16 08:30:47,844 INFO [__main__] ========================================================================
2026-08-16 08:30:47,845 INFO [__main__] selected methods=('bayes_avgy_shared',)
2026-08-16 08:30:49,374 INFO [__main__] gate fitting start candidate=avgy
2026-08-16 08:30:49,437 INFO [__main__] gate fitting done candidate=avgy
2026-08-16 08:30:49,464 INFO [__main__] experiment done seconds=1.62
2026-08-16 08:30:49,464 INFO [__main__] ========================================================================
2026-08-16T08:30:49+02:00 gates done configuration=69/72 dataset=exchange_rate model=chronos2 formula=bayes_avgy_shared lags=504 horizon=168 retrieval=instance_euclidean_5_online
2026-08-16 08:30:52,059 INFO [__main__] extraction validation directory=/home/h61084/codes/adapts/outputs/extraction/exchange_rate/504_168/chronos2/instance/euclidean/10/online/run_0 status=complete

2026-08-16T08:30:52+02:00 gates start configuration=70/72 dataset=exchange_rate model=chronos2 formula=catboost_avgy_regressor_shared lags=504 horizon=168 retrieval=instance_euclidean_10_online run=/home/h61084/codes/adapts/outputs/adaptation/k_ablation/exchange_rate/504_168/chronos2/catboost_avgy_regressor_shared/instance/euclidean/10/online/run_0 computation_signature=c82a82fcad4c5917a0a2fcc24f08a25452ea6bc69a80a5c90500e01b748ff434 iterations=300 learning_rate=0.03 depth=4 early_stopping_rounds=50 task_type=CPU thread_count=2 validation_fraction=0.2 seed=1
2026-08-16 08:30:54,918 INFO [__main__] ========================================================================
2026-08-16 08:30:54,918 INFO [__main__] selected methods=('catboost_avgy_regressor_shared',)
2026-08-16 08:30:56,936 INFO [__main__] gate fitting start candidate=avgy
2026-08-16 08:30:58,504 INFO [__main__] gate fitting done candidate=avgy
2026-08-16 08:30:59,102 INFO [__main__] experiment done seconds=4.18
2026-08-16 08:30:59,102 INFO [__main__] ========================================================================
2026-08-16T08:30:59+02:00 gates done configuration=70/72 dataset=exchange_rate model=chronos2 formula=catboost_avgy_regressor_shared lags=504 horizon=168 retrieval=instance_euclidean_10_online

2026-08-16T08:30:59+02:00 gates start configuration=70/72 dataset=exchange_rate model=chronos2 formula=bayes_avgy_shared lags=504 horizon=168 retrieval=instance_euclidean_10_online run=/home/h61084/codes/adapts/outputs/adaptation/k_ablation/exchange_rate/504_168/chronos2/bayes_avgy_shared/instance/euclidean/10/online/run_0 computation_signature=4b7f22a8e4dc583217f5e2cb2f76b6e151cda4c1c904cd703bcfb593710885b9 iterations=300 learning_rate=0.03 depth=4 early_stopping_rounds=50 task_type=CPU thread_count=2 validation_fraction=0.2 seed=1
2026-08-16 08:31:02,256 INFO [__main__] ========================================================================
2026-08-16 08:31:02,257 INFO [__main__] selected methods=('bayes_avgy_shared',)
2026-08-16 08:31:03,796 INFO [__main__] gate fitting start candidate=avgy
2026-08-16 08:31:03,858 INFO [__main__] gate fitting done candidate=avgy
2026-08-16 08:31:03,886 INFO [__main__] experiment done seconds=1.63
2026-08-16 08:31:03,886 INFO [__main__] ========================================================================
2026-08-16T08:31:04+02:00 gates done configuration=70/72 dataset=exchange_rate model=chronos2 formula=bayes_avgy_shared lags=504 horizon=168 retrieval=instance_euclidean_10_online
2026-08-16 08:31:06,423 INFO [__main__] extraction validation directory=/home/h61084/codes/adapts/outputs/extraction/exchange_rate/504_168/chronos2/instance/euclidean/15/online/run_0 status=complete

2026-08-16T08:31:06+02:00 gates start configuration=71/72 dataset=exchange_rate model=chronos2 formula=catboost_avgy_regressor_shared lags=504 horizon=168 retrieval=instance_euclidean_15_online run=/home/h61084/codes/adapts/outputs/adaptation/k_ablation/exchange_rate/504_168/chronos2/catboost_avgy_regressor_shared/instance/euclidean/15/online/run_0 computation_signature=5913535956fc8c09e4fc08ed1827014ae106fe66faa2875d823d071f9f17abba iterations=300 learning_rate=0.03 depth=4 early_stopping_rounds=50 task_type=CPU thread_count=2 validation_fraction=0.2 seed=1
2026-08-16 08:31:09,313 INFO [__main__] ========================================================================
2026-08-16 08:31:09,313 INFO [__main__] selected methods=('catboost_avgy_regressor_shared',)
2026-08-16 08:31:11,573 INFO [__main__] gate fitting start candidate=avgy
2026-08-16 08:31:12,898 INFO [__main__] gate fitting done candidate=avgy
2026-08-16 08:31:13,463 INFO [__main__] experiment done seconds=4.15
2026-08-16 08:31:13,464 INFO [__main__] ========================================================================
2026-08-16T08:31:14+02:00 gates done configuration=71/72 dataset=exchange_rate model=chronos2 formula=catboost_avgy_regressor_shared lags=504 horizon=168 retrieval=instance_euclidean_15_online

2026-08-16T08:31:14+02:00 gates start configuration=71/72 dataset=exchange_rate model=chronos2 formula=bayes_avgy_shared lags=504 horizon=168 retrieval=instance_euclidean_15_online run=/home/h61084/codes/adapts/outputs/adaptation/k_ablation/exchange_rate/504_168/chronos2/bayes_avgy_shared/instance/euclidean/15/online/run_0 computation_signature=57b05a0e31f2d2e031efd542182a8759e9e23b40aa5fca81c2385ffc7dc76476 iterations=300 learning_rate=0.03 depth=4 early_stopping_rounds=50 task_type=CPU thread_count=2 validation_fraction=0.2 seed=1
2026-08-16 08:31:16,729 INFO [__main__] ========================================================================
2026-08-16 08:31:16,729 INFO [__main__] selected methods=('bayes_avgy_shared',)
2026-08-16 08:31:18,395 INFO [__main__] gate fitting start candidate=avgy
2026-08-16 08:31:18,462 INFO [__main__] gate fitting done candidate=avgy
2026-08-16 08:31:18,491 INFO [__main__] experiment done seconds=1.76
2026-08-16 08:31:18,491 INFO [__main__] ========================================================================
2026-08-16T08:31:19+02:00 gates done configuration=71/72 dataset=exchange_rate model=chronos2 formula=bayes_avgy_shared lags=504 horizon=168 retrieval=instance_euclidean_15_online
2026-08-16 08:31:21,197 INFO [__main__] extraction validation directory=/home/h61084/codes/adapts/outputs/extraction/exchange_rate/504_168/chronos2/instance/euclidean/20/online/run_0 status=complete

2026-08-16T08:31:21+02:00 gates start configuration=72/72 dataset=exchange_rate model=chronos2 formula=catboost_avgy_regressor_shared lags=504 horizon=168 retrieval=instance_euclidean_20_online run=/home/h61084/codes/adapts/outputs/adaptation/k_ablation/exchange_rate/504_168/chronos2/catboost_avgy_regressor_shared/instance/euclidean/20/online/run_0 computation_signature=d8c84c34fc239756358a481edb2ec59217270ca0fa1c2311227a160015d7513e iterations=300 learning_rate=0.03 depth=4 early_stopping_rounds=50 task_type=CPU thread_count=2 validation_fraction=0.2 seed=1
2026-08-16 08:31:24,120 INFO [__main__] ========================================================================
2026-08-16 08:31:24,121 INFO [__main__] selected methods=('catboost_avgy_regressor_shared',)
2026-08-16 08:31:26,533 INFO [__main__] gate fitting start candidate=avgy
2026-08-16 08:31:27,916 INFO [__main__] gate fitting done candidate=avgy
2026-08-16 08:31:28,487 INFO [__main__] experiment done seconds=4.36
2026-08-16 08:31:28,487 INFO [__main__] ========================================================================
2026-08-16T08:31:29+02:00 gates done configuration=72/72 dataset=exchange_rate model=chronos2 formula=catboost_avgy_regressor_shared lags=504 horizon=168 retrieval=instance_euclidean_20_online

2026-08-16T08:31:29+02:00 gates start configuration=72/72 dataset=exchange_rate model=chronos2 formula=bayes_avgy_shared lags=504 horizon=168 retrieval=instance_euclidean_20_online run=/home/h61084/codes/adapts/outputs/adaptation/k_ablation/exchange_rate/504_168/chronos2/bayes_avgy_shared/instance/euclidean/20/online/run_0 computation_signature=9703c4d77ccf35aadb6fa19d9955e68565577e4fcdde262e4731dcab7315ec16 iterations=300 learning_rate=0.03 depth=4 early_stopping_rounds=50 task_type=CPU thread_count=2 validation_fraction=0.2 seed=1
2026-08-16 08:31:31,577 INFO [__main__] ========================================================================
2026-08-16 08:31:31,577 INFO [__main__] selected methods=('bayes_avgy_shared',)
2026-08-16 08:31:33,582 INFO [__main__] gate fitting start candidate=avgy
2026-08-16 08:31:33,666 INFO [__main__] gate fitting done candidate=avgy
2026-08-16 08:31:33,693 INFO [__main__] experiment done seconds=2.11
2026-08-16 08:31:33,693 INFO [__main__] ========================================================================
2026-08-16T08:31:34+02:00 gates done configuration=72/72 dataset=exchange_rate model=chronos2 formula=bayes_avgy_shared lags=504 horizon=168 retrieval=instance_euclidean_20_online

2026-08-16T08:31:34+02:00 job done kind=gates output=outputs/adaptation/k_ablation

2026-08-16T08:31:34+02:00 job start kind=adaptation_extraction family=k_ablation experiment_mode=full skip_complete=true tasks=84 datasets=Electricity,Traffic,Solar,exchange_rate models=chronos2 settings=168:24,336:48,504:168 distance_spaces=raw distance_metrics=euclidean neighbors=1,3,5,10,15,20
2026-08-16T08:31:34+02:00 skip complete family=extraction dataset=Electricity model=chronos2 lags=168 horizon=24 retrieval=vanilla run=/home/h61084/codes/adapts/outputs/extraction/Electricity/168_24/chronos2/none/none/0/none/run_1
2026-08-16T08:31:34+02:00 skip complete family=extraction dataset=Electricity model=chronos2 lags=168 horizon=24 retrieval=raw_euclidean_1_online run=/home/h61084/codes/adapts/outputs/extraction/Electricity/168_24/chronos2/raw/euclidean/1/online/run_1
2026-08-16T08:31:34+02:00 skip complete family=extraction dataset=Electricity model=chronos2 lags=168 horizon=24 retrieval=raw_euclidean_3_online run=/home/h61084/codes/adapts/outputs/extraction/Electricity/168_24/chronos2/raw/euclidean/3/online/run_1
2026-08-16T08:31:34+02:00 skip complete family=extraction dataset=Electricity model=chronos2 lags=168 horizon=24 retrieval=raw_euclidean_5_online run=/home/h61084/codes/adapts/outputs/extraction/Electricity/168_24/chronos2/raw/euclidean/5/online/run_0
2026-08-16T08:31:34+02:00 skip complete family=extraction dataset=Electricity model=chronos2 lags=168 horizon=24 retrieval=raw_euclidean_10_online run=/home/h61084/codes/adapts/outputs/extraction/Electricity/168_24/chronos2/raw/euclidean/10/online/run_0
2026-08-16T08:31:34+02:00 skip complete family=extraction dataset=Electricity model=chronos2 lags=168 horizon=24 retrieval=raw_euclidean_15_online run=/home/h61084/codes/adapts/outputs/extraction/Electricity/168_24/chronos2/raw/euclidean/15/online/run_0
2026-08-16T08:31:34+02:00 skip complete family=extraction dataset=Electricity model=chronos2 lags=168 horizon=24 retrieval=raw_euclidean_20_online run=/home/h61084/codes/adapts/outputs/extraction/Electricity/168_24/chronos2/raw/euclidean/20/online/run_0
2026-08-16T08:31:34+02:00 skip complete family=extraction dataset=Electricity model=chronos2 lags=336 horizon=48 retrieval=vanilla run=/home/h61084/codes/adapts/outputs/extraction/Electricity/336_48/chronos2/none/none/0/none/run_1
2026-08-16T08:31:34+02:00 skip complete family=extraction dataset=Electricity model=chronos2 lags=336 horizon=48 retrieval=raw_euclidean_1_online run=/home/h61084/codes/adapts/outputs/extraction/Electricity/336_48/chronos2/raw/euclidean/1/online/run_1
2026-08-16T08:31:35+02:00 skip complete family=extraction dataset=Electricity model=chronos2 lags=336 horizon=48 retrieval=raw_euclidean_3_online run=/home/h61084/codes/adapts/outputs/extraction/Electricity/336_48/chronos2/raw/euclidean/3/online/run_1
2026-08-16T08:31:35+02:00 skip complete family=extraction dataset=Electricity model=chronos2 lags=336 horizon=48 retrieval=raw_euclidean_5_online run=/home/h61084/codes/adapts/outputs/extraction/Electricity/336_48/chronos2/raw/euclidean/5/online/run_0
2026-08-16T08:31:35+02:00 skip complete family=extraction dataset=Electricity model=chronos2 lags=336 horizon=48 retrieval=raw_euclidean_10_online run=/home/h61084/codes/adapts/outputs/extraction/Electricity/336_48/chronos2/raw/euclidean/10/online/run_0
2026-08-16T08:31:35+02:00 skip complete family=extraction dataset=Electricity model=chronos2 lags=336 horizon=48 retrieval=raw_euclidean_15_online run=/home/h61084/codes/adapts/outputs/extraction/Electricity/336_48/chronos2/raw/euclidean/15/online/run_0
2026-08-16T08:31:35+02:00 skip complete family=extraction dataset=Electricity model=chronos2 lags=336 horizon=48 retrieval=raw_euclidean_20_online run=/home/h61084/codes/adapts/outputs/extraction/Electricity/336_48/chronos2/raw/euclidean/20/online/run_0
2026-08-16T08:31:35+02:00 skip complete family=extraction dataset=Electricity model=chronos2 lags=504 horizon=168 retrieval=vanilla run=/home/h61084/codes/adapts/outputs/extraction/Electricity/504_168/chronos2/none/none/0/none/run_2
2026-08-16T08:31:35+02:00 skip complete family=extraction dataset=Electricity model=chronos2 lags=504 horizon=168 retrieval=raw_euclidean_1_online run=/home/h61084/codes/adapts/outputs/extraction/Electricity/504_168/chronos2/raw/euclidean/1/online/run_1
2026-08-16T08:31:35+02:00 skip complete family=extraction dataset=Electricity model=chronos2 lags=504 horizon=168 retrieval=raw_euclidean_3_online run=/home/h61084/codes/adapts/outputs/extraction/Electricity/504_168/chronos2/raw/euclidean/3/online/run_2
2026-08-16T08:31:35+02:00 skip complete family=extraction dataset=Electricity model=chronos2 lags=504 horizon=168 retrieval=raw_euclidean_5_online run=/home/h61084/codes/adapts/outputs/extraction/Electricity/504_168/chronos2/raw/euclidean/5/online/run_0
2026-08-16T08:31:35+02:00 skip complete family=extraction dataset=Electricity model=chronos2 lags=504 horizon=168 retrieval=raw_euclidean_10_online run=/home/h61084/codes/adapts/outputs/extraction/Electricity/504_168/chronos2/raw/euclidean/10/online/run_0
2026-08-16T08:31:35+02:00 skip complete family=extraction dataset=Electricity model=chronos2 lags=504 horizon=168 retrieval=raw_euclidean_15_online run=/home/h61084/codes/adapts/outputs/extraction/Electricity/504_168/chronos2/raw/euclidean/15/online/run_0
2026-08-16T08:31:35+02:00 skip complete family=extraction dataset=Electricity model=chronos2 lags=504 horizon=168 retrieval=raw_euclidean_20_online run=/home/h61084/codes/adapts/outputs/extraction/Electricity/504_168/chronos2/raw/euclidean/20/online/run_0
2026-08-16T08:31:35+02:00 skip complete family=extraction dataset=Traffic model=chronos2 lags=168 horizon=24 retrieval=vanilla run=/home/h61084/codes/adapts/outputs/extraction/Traffic/168_24/chronos2/none/none/0/none/run_1
2026-08-16T08:31:36+02:00 skip complete family=extraction dataset=Traffic model=chronos2 lags=168 horizon=24 retrieval=raw_euclidean_1_online run=/home/h61084/codes/adapts/outputs/extraction/Traffic/168_24/chronos2/raw/euclidean/1/online/run_1
2026-08-16T08:31:36+02:00 skip complete family=extraction dataset=Traffic model=chronos2 lags=168 horizon=24 retrieval=raw_euclidean_3_online run=/home/h61084/codes/adapts/outputs/extraction/Traffic/168_24/chronos2/raw/euclidean/3/online/run_1

2026-08-16T08:31:36+02:00 extraction start configuration=25/84 dataset=Traffic model=chronos2 lags=168 horizon=24 retrieval=raw_euclidean_5_online run=/home/h61084/codes/adapts/outputs/extraction/Traffic/168_24/chronos2/raw/euclidean/5/online/run_0 computation_signature=2232387ebaa3bc6f9de20ba2f8f3c56c66c06e349f8fadb09bc6c8b790d656d2 period=24 align_period=false datastore_stride=25 adapt_stride=25 eval_stride=127 max_store_windows=30000 seed=1
2026-08-16 08:31:38,530 INFO [__main__] ========================================================================
2026-08-16 08:31:38,530 INFO [__main__] experiment start kind=extraction dataset=Traffic model=chronos2 lags=168 horizon=24 neighbors=5 distance=raw/euclidean
2026-08-16 08:31:38,740 INFO [__main__] dataset load start
2026-08-16 08:31:38,742 INFO [src.data.load_dataset] loaded dataset config path=/home/h61084/codes/datasets/traffic/config.json keys=['aggr', 'date_col', 'drop_users']
2026-08-16 08:31:39,830 INFO [__main__] dataset load done dates=17544 users=860
2026-08-16 08:31:39,830 INFO [__main__] model load start
2026-08-16 08:31:50,361 INFO [__main__] model load done name=chronos2 device=cuda parameters_total=119,477,664 parameters_trainable=0
2026-08-16 08:31:50,363 INFO [__main__] extraction start split=adapt queries=350
2026-08-16 08:45:09,448 INFO [__main__] extraction done split=adapt
2026-08-16 08:45:09,448 INFO [__main__] extraction start split=eval queries=28
2026-08-16 08:46:12,223 INFO [__main__] extraction done split=eval
2026-08-16 08:46:13,178 INFO [__main__] completion marker saved path=/home/h61084/codes/adapts/outputs/extraction/Traffic/168_24/chronos2/raw/euclidean/5/online/run_0/extraction_manifest.json
2026-08-16 08:46:13,179 INFO [__main__] outputs saved dir=/home/h61084/codes/adapts/outputs/extraction/Traffic/168_24/chronos2/raw/euclidean/5/online/run_0
2026-08-16 08:46:13,179 INFO [__main__] experiment done seconds=874.64
2026-08-16 08:46:13,179 INFO [__main__] ========================================================================
2026-08-16 08:46:16,442 INFO [__main__] extraction validation directory=/home/h61084/codes/adapts/outputs/extraction/Traffic/168_24/chronos2/raw/euclidean/5/online/run_0 status=complete
2026-08-16T08:46:16+02:00 extraction done configuration=25/84 dataset=Traffic model=chronos2 lags=168 horizon=24 retrieval=raw_euclidean_5_online

2026-08-16T08:46:17+02:00 extraction start configuration=26/84 dataset=Traffic model=chronos2 lags=168 horizon=24 retrieval=raw_euclidean_10_online run=/home/h61084/codes/adapts/outputs/extraction/Traffic/168_24/chronos2/raw/euclidean/10/online/run_0 computation_signature=5ebf0e11d2dfca60c6fcdce8be61ff06f7a9bd8844f6bf134fa09016ff2ecc8a period=24 align_period=false datastore_stride=25 adapt_stride=25 eval_stride=127 max_store_windows=30000 seed=1
2026-08-16 08:46:19,377 INFO [__main__] ========================================================================
2026-08-16 08:46:19,378 INFO [__main__] experiment start kind=extraction dataset=Traffic model=chronos2 lags=168 horizon=24 neighbors=10 distance=raw/euclidean
2026-08-16 08:46:19,651 INFO [__main__] dataset load start
2026-08-16 08:46:19,653 INFO [src.data.load_dataset] loaded dataset config path=/home/h61084/codes/datasets/traffic/config.json keys=['aggr', 'date_col', 'drop_users']
2026-08-16 08:46:20,804 INFO [__main__] dataset load done dates=17544 users=860
2026-08-16 08:46:20,804 INFO [__main__] model load start
2026-08-16 08:46:31,552 INFO [__main__] model load done name=chronos2 device=cuda parameters_total=119,477,664 parameters_trainable=0
2026-08-16 08:46:31,554 INFO [__main__] extraction start split=adapt queries=350
2026-08-16 09:09:00,843 INFO [__main__] extraction done split=adapt
2026-08-16 09:09:00,843 INFO [__main__] extraction start split=eval queries=28
2026-08-16 09:10:47,707 INFO [__main__] extraction done split=eval
2026-08-16 09:10:48,723 INFO [__main__] completion marker saved path=/home/h61084/codes/adapts/outputs/extraction/Traffic/168_24/chronos2/raw/euclidean/10/online/run_0/extraction_manifest.json
2026-08-16 09:10:48,723 INFO [__main__] outputs saved dir=/home/h61084/codes/adapts/outputs/extraction/Traffic/168_24/chronos2/raw/euclidean/10/online/run_0
2026-08-16 09:10:48,723 INFO [__main__] experiment done seconds=1469.34
2026-08-16 09:10:48,723 INFO [__main__] ========================================================================
2026-08-16 09:10:52,229 INFO [__main__] extraction validation directory=/home/h61084/codes/adapts/outputs/extraction/Traffic/168_24/chronos2/raw/euclidean/10/online/run_0 status=complete
2026-08-16T09:10:52+02:00 extraction done configuration=26/84 dataset=Traffic model=chronos2 lags=168 horizon=24 retrieval=raw_euclidean_10_online

2026-08-16T09:10:52+02:00 extraction start configuration=27/84 dataset=Traffic model=chronos2 lags=168 horizon=24 retrieval=raw_euclidean_15_online run=/home/h61084/codes/adapts/outputs/extraction/Traffic/168_24/chronos2/raw/euclidean/15/online/run_0 computation_signature=1d3985d90e7cd12133039e7a656ac9174c857ae01666b79c8693154de7effdbc period=24 align_period=false datastore_stride=25 adapt_stride=25 eval_stride=127 max_store_windows=30000 seed=1
2026-08-16 09:10:55,265 INFO [__main__] ========================================================================
2026-08-16 09:10:55,265 INFO [__main__] experiment start kind=extraction dataset=Traffic model=chronos2 lags=168 horizon=24 neighbors=15 distance=raw/euclidean
2026-08-16 09:10:55,477 INFO [__main__] dataset load start
2026-08-16 09:10:55,478 INFO [src.data.load_dataset] loaded dataset config path=/home/h61084/codes/datasets/traffic/config.json keys=['aggr', 'date_col', 'drop_users']
2026-08-16 09:10:56,572 INFO [__main__] dataset load done dates=17544 users=860
2026-08-16 09:10:56,573 INFO [__main__] model load start
2026-08-16 09:11:07,371 INFO [__main__] model load done name=chronos2 device=cuda parameters_total=119,477,664 parameters_trainable=0
2026-08-16 09:11:07,373 INFO [__main__] extraction start split=adapt queries=350
2026-08-16 09:42:40,035 INFO [__main__] extraction done split=adapt
2026-08-16 09:42:40,035 INFO [__main__] extraction start split=eval queries=28
2026-08-16 09:45:12,256 INFO [__main__] extraction done split=eval
2026-08-16 09:45:13,207 INFO [__main__] completion marker saved path=/home/h61084/codes/adapts/outputs/extraction/Traffic/168_24/chronos2/raw/euclidean/15/online/run_0/extraction_manifest.json
2026-08-16 09:45:13,207 INFO [__main__] outputs saved dir=/home/h61084/codes/adapts/outputs/extraction/Traffic/168_24/chronos2/raw/euclidean/15/online/run_0
2026-08-16 09:45:13,207 INFO [__main__] experiment done seconds=2057.94
2026-08-16 09:45:13,207 INFO [__main__] ========================================================================
2026-08-16 09:45:16,568 INFO [__main__] extraction validation directory=/home/h61084/codes/adapts/outputs/extraction/Traffic/168_24/chronos2/raw/euclidean/15/online/run_0 status=complete
2026-08-16T09:45:16+02:00 extraction done configuration=27/84 dataset=Traffic model=chronos2 lags=168 horizon=24 retrieval=raw_euclidean_15_online

2026-08-16T09:45:17+02:00 extraction start configuration=28/84 dataset=Traffic model=chronos2 lags=168 horizon=24 retrieval=raw_euclidean_20_online run=/home/h61084/codes/adapts/outputs/extraction/Traffic/168_24/chronos2/raw/euclidean/20/online/run_0 computation_signature=725ec19a5e0b8c55a9263c31264bf3c31fa3d3957d25af355bdc9ec4e42a1b46 period=24 align_period=false datastore_stride=25 adapt_stride=25 eval_stride=127 max_store_windows=30000 seed=1
2026-08-16 09:45:19,462 INFO [__main__] ========================================================================
2026-08-16 09:45:19,463 INFO [__main__] experiment start kind=extraction dataset=Traffic model=chronos2 lags=168 horizon=24 neighbors=20 distance=raw/euclidean
2026-08-16 09:45:19,660 INFO [__main__] dataset load start
2026-08-16 09:45:19,662 INFO [src.data.load_dataset] loaded dataset config path=/home/h61084/codes/datasets/traffic/config.json keys=['aggr', 'date_col', 'drop_users']
2026-08-16 09:45:20,766 INFO [__main__] dataset load done dates=17544 users=860
2026-08-16 09:45:20,766 INFO [__main__] model load start
2026-08-16 09:45:31,394 INFO [__main__] model load done name=chronos2 device=cuda parameters_total=119,477,664 parameters_trainable=0
2026-08-16 09:45:31,395 INFO [__main__] extraction start split=adapt queries=350
2026-08-16 10:26:31,940 INFO [__main__] extraction done split=adapt
2026-08-16 10:26:31,941 INFO [__main__] extraction start split=eval queries=28
2026-08-16 10:29:48,045 INFO [__main__] extraction done split=eval
2026-08-16 10:29:49,101 INFO [__main__] completion marker saved path=/home/h61084/codes/adapts/outputs/extraction/Traffic/168_24/chronos2/raw/euclidean/20/online/run_0/extraction_manifest.json
2026-08-16 10:29:49,101 INFO [__main__] outputs saved dir=/home/h61084/codes/adapts/outputs/extraction/Traffic/168_24/chronos2/raw/euclidean/20/online/run_0
2026-08-16 10:29:49,101 INFO [__main__] experiment done seconds=2669.63
2026-08-16 10:29:49,101 INFO [__main__] ========================================================================
2026-08-16 10:29:52,700 INFO [__main__] extraction validation directory=/home/h61084/codes/adapts/outputs/extraction/Traffic/168_24/chronos2/raw/euclidean/20/online/run_0 status=complete
2026-08-16T10:29:53+02:00 extraction done configuration=28/84 dataset=Traffic model=chronos2 lags=168 horizon=24 retrieval=raw_euclidean_20_online
2026-08-16T10:29:53+02:00 skip complete family=extraction dataset=Traffic model=chronos2 lags=336 horizon=48 retrieval=vanilla run=/home/h61084/codes/adapts/outputs/extraction/Traffic/336_48/chronos2/none/none/0/none/run_1
2026-08-16T10:29:53+02:00 skip complete family=extraction dataset=Traffic model=chronos2 lags=336 horizon=48 retrieval=raw_euclidean_1_online run=/home/h61084/codes/adapts/outputs/extraction/Traffic/336_48/chronos2/raw/euclidean/1/online/run_1
2026-08-16T10:29:53+02:00 skip complete family=extraction dataset=Traffic model=chronos2 lags=336 horizon=48 retrieval=raw_euclidean_3_online run=/home/h61084/codes/adapts/outputs/extraction/Traffic/336_48/chronos2/raw/euclidean/3/online/run_1

2026-08-16T10:29:53+02:00 extraction start configuration=32/84 dataset=Traffic model=chronos2 lags=336 horizon=48 retrieval=raw_euclidean_5_online run=/home/h61084/codes/adapts/outputs/extraction/Traffic/336_48/chronos2/raw/euclidean/5/online/run_0 computation_signature=e5460c5c6fdbe82429d429c20220bbaa74b8f1118f32ee7055c046b103552865 period=24 align_period=false datastore_stride=25 adapt_stride=25 eval_stride=127 max_store_windows=30000 seed=1
2026-08-16 10:29:55,929 INFO [__main__] ========================================================================
2026-08-16 10:29:55,929 INFO [__main__] experiment start kind=extraction dataset=Traffic model=chronos2 lags=336 horizon=48 neighbors=5 distance=raw/euclidean
2026-08-16 10:29:56,174 INFO [__main__] dataset load start
2026-08-16 10:29:56,175 INFO [src.data.load_dataset] loaded dataset config path=/home/h61084/codes/datasets/traffic/config.json keys=['aggr', 'date_col', 'drop_users']
2026-08-16 10:29:57,333 INFO [__main__] dataset load done dates=17544 users=860
2026-08-16 10:29:57,334 INFO [__main__] model load start
2026-08-16 10:30:08,110 INFO [__main__] model load done name=chronos2 device=cuda parameters_total=119,477,664 parameters_trainable=0
2026-08-16 10:30:08,112 INFO [__main__] extraction start split=adapt queries=349
2026-08-16 10:49:41,278 INFO [__main__] extraction done split=adapt
2026-08-16 10:49:41,279 INFO [__main__] extraction start split=eval queries=28
2026-08-16 10:51:15,905 INFO [__main__] extraction done split=eval
2026-08-16 10:51:16,923 INFO [__main__] completion marker saved path=/home/h61084/codes/adapts/outputs/extraction/Traffic/336_48/chronos2/raw/euclidean/5/online/run_0/extraction_manifest.json
2026-08-16 10:51:16,923 INFO [__main__] outputs saved dir=/home/h61084/codes/adapts/outputs/extraction/Traffic/336_48/chronos2/raw/euclidean/5/online/run_0
2026-08-16 10:51:16,924 INFO [__main__] experiment done seconds=1280.99
2026-08-16 10:51:16,924 INFO [__main__] ========================================================================
2026-08-16 10:51:20,304 INFO [__main__] extraction validation directory=/home/h61084/codes/adapts/outputs/extraction/Traffic/336_48/chronos2/raw/euclidean/5/online/run_0 status=complete
2026-08-16T10:51:20+02:00 extraction done configuration=32/84 dataset=Traffic model=chronos2 lags=336 horizon=48 retrieval=raw_euclidean_5_online

2026-08-16T10:51:20+02:00 extraction start configuration=33/84 dataset=Traffic model=chronos2 lags=336 horizon=48 retrieval=raw_euclidean_10_online run=/home/h61084/codes/adapts/outputs/extraction/Traffic/336_48/chronos2/raw/euclidean/10/online/run_0 computation_signature=9fe341c24dc9e169545828d8bae5dc669b448b9ff8d517a1575b0d53d0d30ea3 period=24 align_period=false datastore_stride=25 adapt_stride=25 eval_stride=127 max_store_windows=30000 seed=1
2026-08-16 10:51:23,196 INFO [__main__] ========================================================================
2026-08-16 10:51:23,196 INFO [__main__] experiment start kind=extraction dataset=Traffic model=chronos2 lags=336 horizon=48 neighbors=10 distance=raw/euclidean
2026-08-16 10:51:23,452 INFO [__main__] dataset load start
2026-08-16 10:51:23,453 INFO [src.data.load_dataset] loaded dataset config path=/home/h61084/codes/datasets/traffic/config.json keys=['aggr', 'date_col', 'drop_users']
2026-08-16 10:51:24,670 INFO [__main__] dataset load done dates=17544 users=860
2026-08-16 10:51:24,670 INFO [__main__] model load start
2026-08-16 10:51:35,332 INFO [__main__] model load done name=chronos2 device=cuda parameters_total=119,477,664 parameters_trainable=0
2026-08-16 10:51:35,333 INFO [__main__] extraction start split=adapt queries=349
2026-08-16 11:24:53,850 INFO [__main__] extraction done split=adapt
2026-08-16 11:24:53,851 INFO [__main__] extraction start split=eval queries=28
2026-08-16 11:27:34,153 INFO [__main__] extraction done split=eval
2026-08-16 11:27:35,259 INFO [__main__] completion marker saved path=/home/h61084/codes/adapts/outputs/extraction/Traffic/336_48/chronos2/raw/euclidean/10/online/run_0/extraction_manifest.json
2026-08-16 11:27:35,259 INFO [__main__] outputs saved dir=/home/h61084/codes/adapts/outputs/extraction/Traffic/336_48/chronos2/raw/euclidean/10/online/run_0
2026-08-16 11:27:35,259 INFO [__main__] experiment done seconds=2172.06
2026-08-16 11:27:35,259 INFO [__main__] ========================================================================
2026-08-16 11:27:38,981 INFO [__main__] extraction validation directory=/home/h61084/codes/adapts/outputs/extraction/Traffic/336_48/chronos2/raw/euclidean/10/online/run_0 status=complete
2026-08-16T11:27:39+02:00 extraction done configuration=33/84 dataset=Traffic model=chronos2 lags=336 horizon=48 retrieval=raw_euclidean_10_online

2026-08-16T11:27:39+02:00 extraction start configuration=34/84 dataset=Traffic model=chronos2 lags=336 horizon=48 retrieval=raw_euclidean_15_online run=/home/h61084/codes/adapts/outputs/extraction/Traffic/336_48/chronos2/raw/euclidean/15/online/run_0 computation_signature=d0f009510603a3db9742486befbe908e8162d4fb5a9d923c80b10354936b47a3 period=24 align_period=false datastore_stride=25 adapt_stride=25 eval_stride=127 max_store_windows=30000 seed=1
2026-08-16 11:27:41,977 INFO [__main__] ========================================================================
2026-08-16 11:27:41,977 INFO [__main__] experiment start kind=extraction dataset=Traffic model=chronos2 lags=336 horizon=48 neighbors=15 distance=raw/euclidean
2026-08-16 11:27:42,218 INFO [__main__] dataset load start
2026-08-16 11:27:42,219 INFO [src.data.load_dataset] loaded dataset config path=/home/h61084/codes/datasets/traffic/config.json keys=['aggr', 'date_col', 'drop_users']
2026-08-16 11:27:43,317 INFO [__main__] dataset load done dates=17544 users=860
2026-08-16 11:27:43,317 INFO [__main__] model load start
2026-08-16 11:27:53,949 INFO [__main__] model load done name=chronos2 device=cuda parameters_total=119,477,664 parameters_trainable=0
2026-08-16 11:27:53,951 INFO [__main__] extraction start split=adapt queries=349
2026-08-16 12:14:42,903 INFO [__main__] extraction done split=adapt
2026-08-16 12:14:42,904 INFO [__main__] extraction start split=eval queries=28
2026-08-16 12:18:29,409 INFO [__main__] extraction done split=eval
2026-08-16 12:18:30,370 INFO [__main__] completion marker saved path=/home/h61084/codes/adapts/outputs/extraction/Traffic/336_48/chronos2/raw/euclidean/15/online/run_0/extraction_manifest.json
2026-08-16 12:18:30,370 INFO [__main__] outputs saved dir=/home/h61084/codes/adapts/outputs/extraction/Traffic/336_48/chronos2/raw/euclidean/15/online/run_0
2026-08-16 12:18:30,370 INFO [__main__] experiment done seconds=3048.39
2026-08-16 12:18:30,370 INFO [__main__] ========================================================================
2026-08-16 12:18:34,113 INFO [__main__] extraction validation directory=/home/h61084/codes/adapts/outputs/extraction/Traffic/336_48/chronos2/raw/euclidean/15/online/run_0 status=complete
2026-08-16T12:18:34+02:00 extraction done configuration=34/84 dataset=Traffic model=chronos2 lags=336 horizon=48 retrieval=raw_euclidean_15_online

2026-08-16T12:18:34+02:00 extraction start configuration=35/84 dataset=Traffic model=chronos2 lags=336 horizon=48 retrieval=raw_euclidean_20_online run=/home/h61084/codes/adapts/outputs/extraction/Traffic/336_48/chronos2/raw/euclidean/20/online/run_0 computation_signature=50f399d239b61e88f62d1563f7cf1c4adfdbda219f0b7f183d544daf3db84263 period=24 align_period=false datastore_stride=25 adapt_stride=25 eval_stride=127 max_store_windows=30000 seed=1
2026-08-16 12:18:37,127 INFO [__main__] ========================================================================
2026-08-16 12:18:37,128 INFO [__main__] experiment start kind=extraction dataset=Traffic model=chronos2 lags=336 horizon=48 neighbors=20 distance=raw/euclidean
2026-08-16 12:18:37,384 INFO [__main__] dataset load start
2026-08-16 12:18:37,386 INFO [src.data.load_dataset] loaded dataset config path=/home/h61084/codes/datasets/traffic/config.json keys=['aggr', 'date_col', 'drop_users']
2026-08-16 12:18:38,534 INFO [__main__] dataset load done dates=17544 users=860
2026-08-16 12:18:38,534 INFO [__main__] model load start
2026-08-16 12:18:49,255 INFO [__main__] model load done name=chronos2 device=cuda parameters_total=119,477,664 parameters_trainable=0
2026-08-16 12:18:49,256 INFO [__main__] extraction start split=adapt queries=349
