
2026-08-05T11:05:24+02:00 job start kind=adaptation_extraction experiment_mode=k_ablation skip_complete=true tasks=84 datasets=Electricity,Traffic,Solar,exchange_rate models=chronos2 settings=168:24,336:48,504:168 distance_spaces=instance distance_metrics=euclidean neighbors=1,3,5,10,15,20

2026-08-05T11:05:24+02:00 extraction start configuration=1/84 dataset=Electricity model=chronos2 lags=168 horizon=24 retrieval=vanilla period=24 datastore_stride=24 adapt_stride=24 eval_stride=128 max_store_windows=30000 seed=1
2026-08-05 11:05:27,253 INFO [__main__] ========================================================================
2026-08-05 11:05:27,253 INFO [__main__] experiment start kind=extraction dataset=Electricity model=chronos2 lags=168 horizon=24 neighbors=0 distance=raw/euclidean
2026-08-05 11:05:27,536 INFO [__main__] extraction skipped dir=/home/h61084/codes/adapts/outputs/extractions/Electricity/168_24/chronos2/vanilla reason=complete
2026-08-05 11:05:27,536 INFO [__main__] ========================================================================
2026-08-05T11:05:27+02:00 extraction done configuration=1/84 dataset=Electricity model=chronos2 lags=168 horizon=24 retrieval=vanilla

2026-08-05T11:05:27+02:00 extraction start configuration=2/84 dataset=Electricity model=chronos2 lags=168 horizon=24 retrieval=instance_euclidean_1_online period=24 datastore_stride=24 adapt_stride=24 eval_stride=128 max_store_windows=30000 seed=1
2026-08-05 11:05:30,123 INFO [__main__] ========================================================================
2026-08-05 11:05:30,124 INFO [__main__] experiment start kind=extraction dataset=Electricity model=chronos2 lags=168 horizon=24 neighbors=1 distance=instance/euclidean
2026-08-05 11:05:30,430 INFO [__main__] extraction skipped dir=/home/h61084/codes/adapts/outputs/extractions/Electricity/168_24/chronos2/instance_euclidean_1_online/extracted reason=complete
2026-08-05 11:05:30,430 INFO [__main__] ========================================================================
2026-08-05T11:05:30+02:00 extraction done configuration=2/84 dataset=Electricity model=chronos2 lags=168 horizon=24 retrieval=instance_euclidean_1_online

2026-08-05T11:05:30+02:00 extraction start configuration=3/84 dataset=Electricity model=chronos2 lags=168 horizon=24 retrieval=instance_euclidean_3_online period=24 datastore_stride=24 adapt_stride=24 eval_stride=128 max_store_windows=30000 seed=1
2026-08-05 11:05:33,076 INFO [__main__] ========================================================================
2026-08-05 11:05:33,077 INFO [__main__] experiment start kind=extraction dataset=Electricity model=chronos2 lags=168 horizon=24 neighbors=3 distance=instance/euclidean
2026-08-05 11:05:33,378 INFO [__main__] extraction skipped dir=/home/h61084/codes/adapts/outputs/extractions/Electricity/168_24/chronos2/instance_euclidean_3_online/extracted reason=complete
2026-08-05 11:05:33,378 INFO [__main__] ========================================================================
2026-08-05T11:05:33+02:00 extraction done configuration=3/84 dataset=Electricity model=chronos2 lags=168 horizon=24 retrieval=instance_euclidean_3_online

2026-08-05T11:05:33+02:00 extraction start configuration=4/84 dataset=Electricity model=chronos2 lags=168 horizon=24 retrieval=instance_euclidean_5_online period=24 datastore_stride=24 adapt_stride=24 eval_stride=128 max_store_windows=30000 seed=1
2026-08-05 11:05:35,965 INFO [__main__] ========================================================================
2026-08-05 11:05:35,966 INFO [__main__] experiment start kind=extraction dataset=Electricity model=chronos2 lags=168 horizon=24 neighbors=5 distance=instance/euclidean
2026-08-05 11:05:36,254 INFO [__main__] extraction skipped dir=/home/h61084/codes/adapts/outputs/extractions/Electricity/168_24/chronos2/instance_euclidean_5_online/extracted reason=complete
2026-08-05 11:05:36,254 INFO [__main__] ========================================================================
2026-08-05T11:05:36+02:00 extraction done configuration=4/84 dataset=Electricity model=chronos2 lags=168 horizon=24 retrieval=instance_euclidean_5_online

2026-08-05T11:05:36+02:00 extraction start configuration=5/84 dataset=Electricity model=chronos2 lags=168 horizon=24 retrieval=instance_euclidean_10_online period=24 datastore_stride=24 adapt_stride=24 eval_stride=128 max_store_windows=30000 seed=1
2026-08-05 11:05:38,800 INFO [__main__] ========================================================================
2026-08-05 11:05:38,800 INFO [__main__] experiment start kind=extraction dataset=Electricity model=chronos2 lags=168 horizon=24 neighbors=10 distance=instance/euclidean
2026-08-05 11:05:39,073 INFO [__main__] extraction skipped dir=/home/h61084/codes/adapts/outputs/extractions/Electricity/168_24/chronos2/instance_euclidean_10_online/extracted reason=complete
2026-08-05 11:05:39,073 INFO [__main__] ========================================================================
2026-08-05T11:05:39+02:00 extraction done configuration=5/84 dataset=Electricity model=chronos2 lags=168 horizon=24 retrieval=instance_euclidean_10_online

2026-08-05T11:05:39+02:00 extraction start configuration=6/84 dataset=Electricity model=chronos2 lags=168 horizon=24 retrieval=instance_euclidean_15_online period=24 datastore_stride=24 adapt_stride=24 eval_stride=128 max_store_windows=30000 seed=1
2026-08-05 11:05:41,553 INFO [__main__] ========================================================================
2026-08-05 11:05:41,554 INFO [__main__] experiment start kind=extraction dataset=Electricity model=chronos2 lags=168 horizon=24 neighbors=15 distance=instance/euclidean
2026-08-05 11:05:41,879 INFO [__main__] extraction skipped dir=/home/h61084/codes/adapts/outputs/extractions/Electricity/168_24/chronos2/instance_euclidean_15_online/extracted reason=complete
2026-08-05 11:05:41,879 INFO [__main__] ========================================================================
2026-08-05T11:05:42+02:00 extraction done configuration=6/84 dataset=Electricity model=chronos2 lags=168 horizon=24 retrieval=instance_euclidean_15_online

2026-08-05T11:05:42+02:00 extraction start configuration=7/84 dataset=Electricity model=chronos2 lags=168 horizon=24 retrieval=instance_euclidean_20_online period=24 datastore_stride=24 adapt_stride=24 eval_stride=128 max_store_windows=30000 seed=1
2026-08-05 11:05:44,483 INFO [__main__] ========================================================================
2026-08-05 11:05:44,483 INFO [__main__] experiment start kind=extraction dataset=Electricity model=chronos2 lags=168 horizon=24 neighbors=20 distance=instance/euclidean
2026-08-05 11:05:44,802 INFO [__main__] extraction skipped dir=/home/h61084/codes/adapts/outputs/extractions/Electricity/168_24/chronos2/instance_euclidean_20_online/extracted reason=complete
2026-08-05 11:05:44,802 INFO [__main__] ========================================================================
2026-08-05T11:05:45+02:00 extraction done configuration=7/84 dataset=Electricity model=chronos2 lags=168 horizon=24 retrieval=instance_euclidean_20_online

2026-08-05T11:05:45+02:00 extraction start configuration=8/84 dataset=Electricity model=chronos2 lags=336 horizon=48 retrieval=vanilla period=24 datastore_stride=24 adapt_stride=24 eval_stride=128 max_store_windows=30000 seed=1
2026-08-05 11:05:47,516 INFO [__main__] ========================================================================
2026-08-05 11:05:47,516 INFO [__main__] experiment start kind=extraction dataset=Electricity model=chronos2 lags=336 horizon=48 neighbors=0 distance=raw/euclidean
2026-08-05 11:05:47,826 INFO [__main__] extraction skipped dir=/home/h61084/codes/adapts/outputs/extractions/Electricity/336_48/chronos2/vanilla reason=complete
2026-08-05 11:05:47,826 INFO [__main__] ========================================================================
2026-08-05T11:05:48+02:00 extraction done configuration=8/84 dataset=Electricity model=chronos2 lags=336 horizon=48 retrieval=vanilla

2026-08-05T11:05:48+02:00 extraction start configuration=9/84 dataset=Electricity model=chronos2 lags=336 horizon=48 retrieval=instance_euclidean_1_online period=24 datastore_stride=24 adapt_stride=24 eval_stride=128 max_store_windows=30000 seed=1
2026-08-05 11:05:50,501 INFO [__main__] ========================================================================
2026-08-05 11:05:50,501 INFO [__main__] experiment start kind=extraction dataset=Electricity model=chronos2 lags=336 horizon=48 neighbors=1 distance=instance/euclidean
2026-08-05 11:05:50,818 INFO [__main__] extraction skipped dir=/home/h61084/codes/adapts/outputs/extractions/Electricity/336_48/chronos2/instance_euclidean_1_online/extracted reason=complete
2026-08-05 11:05:50,818 INFO [__main__] ========================================================================
2026-08-05T11:05:51+02:00 extraction done configuration=9/84 dataset=Electricity model=chronos2 lags=336 horizon=48 retrieval=instance_euclidean_1_online

2026-08-05T11:05:51+02:00 extraction start configuration=10/84 dataset=Electricity model=chronos2 lags=336 horizon=48 retrieval=instance_euclidean_3_online period=24 datastore_stride=24 adapt_stride=24 eval_stride=128 max_store_windows=30000 seed=1
2026-08-05 11:05:53,340 INFO [__main__] ========================================================================
2026-08-05 11:05:53,340 INFO [__main__] experiment start kind=extraction dataset=Electricity model=chronos2 lags=336 horizon=48 neighbors=3 distance=instance/euclidean
2026-08-05 11:05:53,614 INFO [__main__] extraction skipped dir=/home/h61084/codes/adapts/outputs/extractions/Electricity/336_48/chronos2/instance_euclidean_3_online/extracted reason=complete
2026-08-05 11:05:53,615 INFO [__main__] ========================================================================
2026-08-05T11:05:53+02:00 extraction done configuration=10/84 dataset=Electricity model=chronos2 lags=336 horizon=48 retrieval=instance_euclidean_3_online

2026-08-05T11:05:53+02:00 extraction start configuration=11/84 dataset=Electricity model=chronos2 lags=336 horizon=48 retrieval=instance_euclidean_5_online period=24 datastore_stride=24 adapt_stride=24 eval_stride=128 max_store_windows=30000 seed=1
2026-08-05 11:05:56,213 INFO [__main__] ========================================================================
2026-08-05 11:05:56,213 INFO [__main__] experiment start kind=extraction dataset=Electricity model=chronos2 lags=336 horizon=48 neighbors=5 distance=instance/euclidean
2026-08-05 11:05:56,531 INFO [__main__] extraction skipped dir=/home/h61084/codes/adapts/outputs/extractions/Electricity/336_48/chronos2/instance_euclidean_5_online/extracted reason=complete
2026-08-05 11:05:56,531 INFO [__main__] ========================================================================
2026-08-05T11:05:56+02:00 extraction done configuration=11/84 dataset=Electricity model=chronos2 lags=336 horizon=48 retrieval=instance_euclidean_5_online

2026-08-05T11:05:56+02:00 extraction start configuration=12/84 dataset=Electricity model=chronos2 lags=336 horizon=48 retrieval=instance_euclidean_10_online period=24 datastore_stride=24 adapt_stride=24 eval_stride=128 max_store_windows=30000 seed=1
2026-08-05 11:05:59,138 INFO [__main__] ========================================================================
2026-08-05 11:05:59,138 INFO [__main__] experiment start kind=extraction dataset=Electricity model=chronos2 lags=336 horizon=48 neighbors=10 distance=instance/euclidean
2026-08-05 11:05:59,447 INFO [__main__] extraction skipped dir=/home/h61084/codes/adapts/outputs/extractions/Electricity/336_48/chronos2/instance_euclidean_10_online/extracted reason=complete
2026-08-05 11:05:59,447 INFO [__main__] ========================================================================
2026-08-05T11:05:59+02:00 extraction done configuration=12/84 dataset=Electricity model=chronos2 lags=336 horizon=48 retrieval=instance_euclidean_10_online

2026-08-05T11:05:59+02:00 extraction start configuration=13/84 dataset=Electricity model=chronos2 lags=336 horizon=48 retrieval=instance_euclidean_15_online period=24 datastore_stride=24 adapt_stride=24 eval_stride=128 max_store_windows=30000 seed=1
2026-08-05 11:06:02,028 INFO [__main__] ========================================================================
2026-08-05 11:06:02,028 INFO [__main__] experiment start kind=extraction dataset=Electricity model=chronos2 lags=336 horizon=48 neighbors=15 distance=instance/euclidean
2026-08-05 11:06:02,297 INFO [__main__] extraction skipped dir=/home/h61084/codes/adapts/outputs/extractions/Electricity/336_48/chronos2/instance_euclidean_15_online/extracted reason=complete
2026-08-05 11:06:02,297 INFO [__main__] ========================================================================
2026-08-05T11:06:02+02:00 extraction done configuration=13/84 dataset=Electricity model=chronos2 lags=336 horizon=48 retrieval=instance_euclidean_15_online

2026-08-05T11:06:02+02:00 extraction start configuration=14/84 dataset=Electricity model=chronos2 lags=336 horizon=48 retrieval=instance_euclidean_20_online period=24 datastore_stride=24 adapt_stride=24 eval_stride=128 max_store_windows=30000 seed=1
2026-08-05 11:06:04,869 INFO [__main__] ========================================================================
2026-08-05 11:06:04,870 INFO [__main__] experiment start kind=extraction dataset=Electricity model=chronos2 lags=336 horizon=48 neighbors=20 distance=instance/euclidean
2026-08-05 11:06:05,141 INFO [__main__] extraction skipped dir=/home/h61084/codes/adapts/outputs/extractions/Electricity/336_48/chronos2/instance_euclidean_20_online/extracted reason=complete
2026-08-05 11:06:05,141 INFO [__main__] ========================================================================
2026-08-05T11:06:05+02:00 extraction done configuration=14/84 dataset=Electricity model=chronos2 lags=336 horizon=48 retrieval=instance_euclidean_20_online

2026-08-05T11:06:05+02:00 extraction start configuration=15/84 dataset=Electricity model=chronos2 lags=504 horizon=168 retrieval=vanilla period=24 datastore_stride=24 adapt_stride=24 eval_stride=128 max_store_windows=30000 seed=1
2026-08-05 11:06:07,696 INFO [__main__] ========================================================================
2026-08-05 11:06:07,696 INFO [__main__] experiment start kind=extraction dataset=Electricity model=chronos2 lags=504 horizon=168 neighbors=0 distance=raw/euclidean
2026-08-05 11:06:08,034 INFO [__main__] extraction skipped dir=/home/h61084/codes/adapts/outputs/extractions/Electricity/504_168/chronos2/vanilla reason=complete
2026-08-05 11:06:08,034 INFO [__main__] ========================================================================
2026-08-05T11:06:08+02:00 extraction done configuration=15/84 dataset=Electricity model=chronos2 lags=504 horizon=168 retrieval=vanilla

2026-08-05T11:06:08+02:00 extraction start configuration=16/84 dataset=Electricity model=chronos2 lags=504 horizon=168 retrieval=instance_euclidean_1_online period=24 datastore_stride=24 adapt_stride=24 eval_stride=128 max_store_windows=30000 seed=1
2026-08-05 11:06:10,685 INFO [__main__] ========================================================================
2026-08-05 11:06:10,685 INFO [__main__] experiment start kind=extraction dataset=Electricity model=chronos2 lags=504 horizon=168 neighbors=1 distance=instance/euclidean
2026-08-05 11:06:10,978 INFO [__main__] extraction skipped dir=/home/h61084/codes/adapts/outputs/extractions/Electricity/504_168/chronos2/instance_euclidean_1_online/extracted reason=complete
2026-08-05 11:06:10,978 INFO [__main__] ========================================================================
2026-08-05T11:06:11+02:00 extraction done configuration=16/84 dataset=Electricity model=chronos2 lags=504 horizon=168 retrieval=instance_euclidean_1_online

2026-08-05T11:06:11+02:00 extraction start configuration=17/84 dataset=Electricity model=chronos2 lags=504 horizon=168 retrieval=instance_euclidean_3_online period=24 datastore_stride=24 adapt_stride=24 eval_stride=128 max_store_windows=30000 seed=1
2026-08-05 11:06:13,875 INFO [__main__] ========================================================================
2026-08-05 11:06:13,875 INFO [__main__] experiment start kind=extraction dataset=Electricity model=chronos2 lags=504 horizon=168 neighbors=3 distance=instance/euclidean
2026-08-05 11:06:14,165 INFO [__main__] extraction skipped dir=/home/h61084/codes/adapts/outputs/extractions/Electricity/504_168/chronos2/instance_euclidean_3_online/extracted reason=complete
2026-08-05 11:06:14,165 INFO [__main__] ========================================================================
2026-08-05T11:06:14+02:00 extraction done configuration=17/84 dataset=Electricity model=chronos2 lags=504 horizon=168 retrieval=instance_euclidean_3_online

2026-08-05T11:06:14+02:00 extraction start configuration=18/84 dataset=Electricity model=chronos2 lags=504 horizon=168 retrieval=instance_euclidean_5_online period=24 datastore_stride=24 adapt_stride=24 eval_stride=128 max_store_windows=30000 seed=1
2026-08-05 11:06:16,805 INFO [__main__] ========================================================================
2026-08-05 11:06:16,806 INFO [__main__] experiment start kind=extraction dataset=Electricity model=chronos2 lags=504 horizon=168 neighbors=5 distance=instance/euclidean
2026-08-05 11:06:17,254 INFO [__main__] extraction skipped dir=/home/h61084/codes/adapts/outputs/extractions/Electricity/504_168/chronos2/instance_euclidean_5_online/extracted reason=complete
2026-08-05 11:06:17,254 INFO [__main__] ========================================================================
2026-08-05T11:06:17+02:00 extraction done configuration=18/84 dataset=Electricity model=chronos2 lags=504 horizon=168 retrieval=instance_euclidean_5_online

2026-08-05T11:06:17+02:00 extraction start configuration=19/84 dataset=Electricity model=chronos2 lags=504 horizon=168 retrieval=instance_euclidean_10_online period=24 datastore_stride=24 adapt_stride=24 eval_stride=128 max_store_windows=30000 seed=1
2026-08-05 11:06:20,102 INFO [__main__] ========================================================================
2026-08-05 11:06:20,103 INFO [__main__] experiment start kind=extraction dataset=Electricity model=chronos2 lags=504 horizon=168 neighbors=10 distance=instance/euclidean
2026-08-05 11:06:20,486 INFO [__main__] extraction skipped dir=/home/h61084/codes/adapts/outputs/extractions/Electricity/504_168/chronos2/instance_euclidean_10_online/extracted reason=complete
2026-08-05 11:06:20,486 INFO [__main__] ========================================================================
2026-08-05T11:06:20+02:00 extraction done configuration=19/84 dataset=Electricity model=chronos2 lags=504 horizon=168 retrieval=instance_euclidean_10_online

2026-08-05T11:06:20+02:00 extraction start configuration=20/84 dataset=Electricity model=chronos2 lags=504 horizon=168 retrieval=instance_euclidean_15_online period=24 datastore_stride=24 adapt_stride=24 eval_stride=128 max_store_windows=30000 seed=1
2026-08-05 11:06:23,103 INFO [__main__] ========================================================================
2026-08-05 11:06:23,103 INFO [__main__] experiment start kind=extraction dataset=Electricity model=chronos2 lags=504 horizon=168 neighbors=15 distance=instance/euclidean
2026-08-05 11:06:23,439 INFO [__main__] extraction skipped dir=/home/h61084/codes/adapts/outputs/extractions/Electricity/504_168/chronos2/instance_euclidean_15_online/extracted reason=complete
2026-08-05 11:06:23,439 INFO [__main__] ========================================================================
2026-08-05T11:06:23+02:00 extraction done configuration=20/84 dataset=Electricity model=chronos2 lags=504 horizon=168 retrieval=instance_euclidean_15_online

2026-08-05T11:06:23+02:00 extraction start configuration=21/84 dataset=Electricity model=chronos2 lags=504 horizon=168 retrieval=instance_euclidean_20_online period=24 datastore_stride=24 adapt_stride=24 eval_stride=128 max_store_windows=30000 seed=1
2026-08-05 11:06:26,129 INFO [__main__] ========================================================================
2026-08-05 11:06:26,129 INFO [__main__] experiment start kind=extraction dataset=Electricity model=chronos2 lags=504 horizon=168 neighbors=20 distance=instance/euclidean
2026-08-05 11:06:26,458 INFO [__main__] extraction skipped dir=/home/h61084/codes/adapts/outputs/extractions/Electricity/504_168/chronos2/instance_euclidean_20_online/extracted reason=complete
2026-08-05 11:06:26,458 INFO [__main__] ========================================================================
2026-08-05T11:06:26+02:00 extraction done configuration=21/84 dataset=Electricity model=chronos2 lags=504 horizon=168 retrieval=instance_euclidean_20_online

2026-08-05T11:06:26+02:00 extraction start configuration=22/84 dataset=Traffic model=chronos2 lags=168 horizon=24 retrieval=vanilla period=24 datastore_stride=24 adapt_stride=24 eval_stride=128 max_store_windows=30000 seed=1
2026-08-05 11:06:29,270 INFO [__main__] ========================================================================
2026-08-05 11:06:29,270 INFO [__main__] experiment start kind=extraction dataset=Traffic model=chronos2 lags=168 horizon=24 neighbors=0 distance=raw/euclidean
2026-08-05 11:06:29,588 INFO [__main__] extraction skipped dir=/home/h61084/codes/adapts/outputs/extractions/Traffic/168_24/chronos2/vanilla reason=complete
2026-08-05 11:06:29,588 INFO [__main__] ========================================================================
2026-08-05T11:06:29+02:00 extraction done configuration=22/84 dataset=Traffic model=chronos2 lags=168 horizon=24 retrieval=vanilla

2026-08-05T11:06:29+02:00 extraction start configuration=23/84 dataset=Traffic model=chronos2 lags=168 horizon=24 retrieval=instance_euclidean_1_online period=24 datastore_stride=24 adapt_stride=24 eval_stride=128 max_store_windows=30000 seed=1
2026-08-05 11:06:32,340 INFO [__main__] ========================================================================
2026-08-05 11:06:32,340 INFO [__main__] experiment start kind=extraction dataset=Traffic model=chronos2 lags=168 horizon=24 neighbors=1 distance=instance/euclidean
2026-08-05 11:06:32,697 INFO [__main__] extraction skipped dir=/home/h61084/codes/adapts/outputs/extractions/Traffic/168_24/chronos2/instance_euclidean_1_online/extracted reason=complete
2026-08-05 11:06:32,697 INFO [__main__] ========================================================================
2026-08-05T11:06:33+02:00 extraction done configuration=23/84 dataset=Traffic model=chronos2 lags=168 horizon=24 retrieval=instance_euclidean_1_online

2026-08-05T11:06:33+02:00 extraction start configuration=24/84 dataset=Traffic model=chronos2 lags=168 horizon=24 retrieval=instance_euclidean_3_online period=24 datastore_stride=24 adapt_stride=24 eval_stride=128 max_store_windows=30000 seed=1
2026-08-05 11:06:35,465 INFO [__main__] ========================================================================
2026-08-05 11:06:35,465 INFO [__main__] experiment start kind=extraction dataset=Traffic model=chronos2 lags=168 horizon=24 neighbors=3 distance=instance/euclidean
2026-08-05 11:06:35,782 INFO [__main__] extraction skipped dir=/home/h61084/codes/adapts/outputs/extractions/Traffic/168_24/chronos2/instance_euclidean_3_online/extracted reason=complete
2026-08-05 11:06:35,782 INFO [__main__] ========================================================================
2026-08-05T11:06:36+02:00 extraction done configuration=24/84 dataset=Traffic model=chronos2 lags=168 horizon=24 retrieval=instance_euclidean_3_online

2026-08-05T11:06:36+02:00 extraction start configuration=25/84 dataset=Traffic model=chronos2 lags=168 horizon=24 retrieval=instance_euclidean_5_online period=24 datastore_stride=24 adapt_stride=24 eval_stride=128 max_store_windows=30000 seed=1
2026-08-05 11:06:38,388 INFO [__main__] ========================================================================
2026-08-05 11:06:38,388 INFO [__main__] experiment start kind=extraction dataset=Traffic model=chronos2 lags=168 horizon=24 neighbors=5 distance=instance/euclidean
2026-08-05 11:06:38,739 INFO [__main__] extraction skipped dir=/home/h61084/codes/adapts/outputs/extractions/Traffic/168_24/chronos2/instance_euclidean_5_online/extracted reason=complete
2026-08-05 11:06:38,739 INFO [__main__] ========================================================================
2026-08-05T11:06:39+02:00 extraction done configuration=25/84 dataset=Traffic model=chronos2 lags=168 horizon=24 retrieval=instance_euclidean_5_online

2026-08-05T11:06:39+02:00 extraction start configuration=26/84 dataset=Traffic model=chronos2 lags=168 horizon=24 retrieval=instance_euclidean_10_online period=24 datastore_stride=24 adapt_stride=24 eval_stride=128 max_store_windows=30000 seed=1
2026-08-05 11:06:41,231 INFO [__main__] ========================================================================
2026-08-05 11:06:41,231 INFO [__main__] experiment start kind=extraction dataset=Traffic model=chronos2 lags=168 horizon=24 neighbors=10 distance=instance/euclidean
2026-08-05 11:06:41,553 INFO [__main__] extraction skipped dir=/home/h61084/codes/adapts/outputs/extractions/Traffic/168_24/chronos2/instance_euclidean_10_online/extracted reason=complete
2026-08-05 11:06:41,553 INFO [__main__] ========================================================================
2026-08-05T11:06:41+02:00 extraction done configuration=26/84 dataset=Traffic model=chronos2 lags=168 horizon=24 retrieval=instance_euclidean_10_online

2026-08-05T11:06:41+02:00 extraction start configuration=27/84 dataset=Traffic model=chronos2 lags=168 horizon=24 retrieval=instance_euclidean_15_online period=24 datastore_stride=24 adapt_stride=24 eval_stride=128 max_store_windows=30000 seed=1
2026-08-05 11:06:44,066 INFO [__main__] ========================================================================
2026-08-05 11:06:44,066 INFO [__main__] experiment start kind=extraction dataset=Traffic model=chronos2 lags=168 horizon=24 neighbors=15 distance=instance/euclidean
2026-08-05 11:06:44,359 INFO [__main__] extraction skipped dir=/home/h61084/codes/adapts/outputs/extractions/Traffic/168_24/chronos2/instance_euclidean_15_online/extracted reason=complete
2026-08-05 11:06:44,359 INFO [__main__] ========================================================================
2026-08-05T11:06:44+02:00 extraction done configuration=27/84 dataset=Traffic model=chronos2 lags=168 horizon=24 retrieval=instance_euclidean_15_online

2026-08-05T11:06:44+02:00 extraction start configuration=28/84 dataset=Traffic model=chronos2 lags=168 horizon=24 retrieval=instance_euclidean_20_online period=24 datastore_stride=24 adapt_stride=24 eval_stride=128 max_store_windows=30000 seed=1
2026-08-05 11:06:46,875 INFO [__main__] ========================================================================
2026-08-05 11:06:46,875 INFO [__main__] experiment start kind=extraction dataset=Traffic model=chronos2 lags=168 horizon=24 neighbors=20 distance=instance/euclidean
2026-08-05 11:06:47,170 INFO [__main__] extraction skipped dir=/home/h61084/codes/adapts/outputs/extractions/Traffic/168_24/chronos2/instance_euclidean_20_online/extracted reason=complete
2026-08-05 11:06:47,170 INFO [__main__] ========================================================================
2026-08-05T11:06:47+02:00 extraction done configuration=28/84 dataset=Traffic model=chronos2 lags=168 horizon=24 retrieval=instance_euclidean_20_online

2026-08-05T11:06:47+02:00 extraction start configuration=29/84 dataset=Traffic model=chronos2 lags=336 horizon=48 retrieval=vanilla period=24 datastore_stride=24 adapt_stride=24 eval_stride=128 max_store_windows=30000 seed=1
2026-08-05 11:06:49,685 INFO [__main__] ========================================================================
2026-08-05 11:06:49,685 INFO [__main__] experiment start kind=extraction dataset=Traffic model=chronos2 lags=336 horizon=48 neighbors=0 distance=raw/euclidean
2026-08-05 11:06:50,026 INFO [__main__] extraction skipped dir=/home/h61084/codes/adapts/outputs/extractions/Traffic/336_48/chronos2/vanilla reason=complete
2026-08-05 11:06:50,026 INFO [__main__] ========================================================================
2026-08-05T11:06:50+02:00 extraction done configuration=29/84 dataset=Traffic model=chronos2 lags=336 horizon=48 retrieval=vanilla

2026-08-05T11:06:50+02:00 extraction start configuration=30/84 dataset=Traffic model=chronos2 lags=336 horizon=48 retrieval=instance_euclidean_1_online period=24 datastore_stride=24 adapt_stride=24 eval_stride=128 max_store_windows=30000 seed=1
2026-08-05 11:06:52,592 INFO [__main__] ========================================================================
2026-08-05 11:06:52,592 INFO [__main__] experiment start kind=extraction dataset=Traffic model=chronos2 lags=336 horizon=48 neighbors=1 distance=instance/euclidean
2026-08-05 11:06:52,912 INFO [__main__] extraction skipped dir=/home/h61084/codes/adapts/outputs/extractions/Traffic/336_48/chronos2/instance_euclidean_1_online/extracted reason=complete
2026-08-05 11:06:52,912 INFO [__main__] ========================================================================
2026-08-05T11:06:53+02:00 extraction done configuration=30/84 dataset=Traffic model=chronos2 lags=336 horizon=48 retrieval=instance_euclidean_1_online

2026-08-05T11:06:53+02:00 extraction start configuration=31/84 dataset=Traffic model=chronos2 lags=336 horizon=48 retrieval=instance_euclidean_3_online period=24 datastore_stride=24 adapt_stride=24 eval_stride=128 max_store_windows=30000 seed=1
2026-08-05 11:06:55,461 INFO [__main__] ========================================================================
2026-08-05 11:06:55,461 INFO [__main__] experiment start kind=extraction dataset=Traffic model=chronos2 lags=336 horizon=48 neighbors=3 distance=instance/euclidean
2026-08-05 11:06:55,763 INFO [__main__] extraction skipped dir=/home/h61084/codes/adapts/outputs/extractions/Traffic/336_48/chronos2/instance_euclidean_3_online/extracted reason=complete
2026-08-05 11:06:55,763 INFO [__main__] ========================================================================
2026-08-05T11:06:56+02:00 extraction done configuration=31/84 dataset=Traffic model=chronos2 lags=336 horizon=48 retrieval=instance_euclidean_3_online

2026-08-05T11:06:56+02:00 extraction start configuration=32/84 dataset=Traffic model=chronos2 lags=336 horizon=48 retrieval=instance_euclidean_5_online period=24 datastore_stride=24 adapt_stride=24 eval_stride=128 max_store_windows=30000 seed=1
2026-08-05 11:06:58,525 INFO [__main__] ========================================================================
2026-08-05 11:06:58,525 INFO [__main__] experiment start kind=extraction dataset=Traffic model=chronos2 lags=336 horizon=48 neighbors=5 distance=instance/euclidean
2026-08-05 11:06:58,862 INFO [__main__] extraction skipped dir=/home/h61084/codes/adapts/outputs/extractions/Traffic/336_48/chronos2/instance_euclidean_5_online/extracted reason=complete
2026-08-05 11:06:58,862 INFO [__main__] ========================================================================
2026-08-05T11:06:59+02:00 extraction done configuration=32/84 dataset=Traffic model=chronos2 lags=336 horizon=48 retrieval=instance_euclidean_5_online

2026-08-05T11:06:59+02:00 extraction start configuration=33/84 dataset=Traffic model=chronos2 lags=336 horizon=48 retrieval=instance_euclidean_10_online period=24 datastore_stride=24 adapt_stride=24 eval_stride=128 max_store_windows=30000 seed=1
2026-08-05 11:07:01,608 INFO [__main__] ========================================================================
2026-08-05 11:07:01,608 INFO [__main__] experiment start kind=extraction dataset=Traffic model=chronos2 lags=336 horizon=48 neighbors=10 distance=instance/euclidean
2026-08-05 11:07:01,937 INFO [__main__] extraction skipped dir=/home/h61084/codes/adapts/outputs/extractions/Traffic/336_48/chronos2/instance_euclidean_10_online/extracted reason=complete
2026-08-05 11:07:01,937 INFO [__main__] ========================================================================
2026-08-05T11:07:02+02:00 extraction done configuration=33/84 dataset=Traffic model=chronos2 lags=336 horizon=48 retrieval=instance_euclidean_10_online

2026-08-05T11:07:02+02:00 extraction start configuration=34/84 dataset=Traffic model=chronos2 lags=336 horizon=48 retrieval=instance_euclidean_15_online period=24 datastore_stride=24 adapt_stride=24 eval_stride=128 max_store_windows=30000 seed=1
2026-08-05 11:07:04,547 INFO [__main__] ========================================================================
2026-08-05 11:07:04,547 INFO [__main__] experiment start kind=extraction dataset=Traffic model=chronos2 lags=336 horizon=48 neighbors=15 distance=instance/euclidean
2026-08-05 11:07:04,869 INFO [__main__] extraction skipped dir=/home/h61084/codes/adapts/outputs/extractions/Traffic/336_48/chronos2/instance_euclidean_15_online/extracted reason=complete
2026-08-05 11:07:04,869 INFO [__main__] ========================================================================
2026-08-05T11:07:05+02:00 extraction done configuration=34/84 dataset=Traffic model=chronos2 lags=336 horizon=48 retrieval=instance_euclidean_15_online

2026-08-05T11:07:05+02:00 extraction start configuration=35/84 dataset=Traffic model=chronos2 lags=336 horizon=48 retrieval=instance_euclidean_20_online period=24 datastore_stride=24 adapt_stride=24 eval_stride=128 max_store_windows=30000 seed=1
2026-08-05 11:07:07,525 INFO [__main__] ========================================================================
2026-08-05 11:07:07,526 INFO [__main__] experiment start kind=extraction dataset=Traffic model=chronos2 lags=336 horizon=48 neighbors=20 distance=instance/euclidean
2026-08-05 11:07:07,833 INFO [__main__] extraction skipped dir=/home/h61084/codes/adapts/outputs/extractions/Traffic/336_48/chronos2/instance_euclidean_20_online/extracted reason=complete
2026-08-05 11:07:07,833 INFO [__main__] ========================================================================
2026-08-05T11:07:08+02:00 extraction done configuration=35/84 dataset=Traffic model=chronos2 lags=336 horizon=48 retrieval=instance_euclidean_20_online

2026-08-05T11:07:08+02:00 extraction start configuration=36/84 dataset=Traffic model=chronos2 lags=504 horizon=168 retrieval=vanilla period=24 datastore_stride=24 adapt_stride=24 eval_stride=128 max_store_windows=30000 seed=1
2026-08-05 11:07:10,388 INFO [__main__] ========================================================================
2026-08-05 11:07:10,388 INFO [__main__] experiment start kind=extraction dataset=Traffic model=chronos2 lags=504 horizon=168 neighbors=0 distance=raw/euclidean
2026-08-05 11:07:10,731 INFO [__main__] extraction skipped dir=/home/h61084/codes/adapts/outputs/extractions/Traffic/504_168/chronos2/vanilla reason=complete
2026-08-05 11:07:10,731 INFO [__main__] ========================================================================
2026-08-05T11:07:11+02:00 extraction done configuration=36/84 dataset=Traffic model=chronos2 lags=504 horizon=168 retrieval=vanilla

2026-08-05T11:07:11+02:00 extraction start configuration=37/84 dataset=Traffic model=chronos2 lags=504 horizon=168 retrieval=instance_euclidean_1_online period=24 datastore_stride=24 adapt_stride=24 eval_stride=128 max_store_windows=30000 seed=1
2026-08-05 11:07:13,284 INFO [__main__] ========================================================================
2026-08-05 11:07:13,284 INFO [__main__] experiment start kind=extraction dataset=Traffic model=chronos2 lags=504 horizon=168 neighbors=1 distance=instance/euclidean
2026-08-05 11:07:13,595 INFO [__main__] extraction skipped dir=/home/h61084/codes/adapts/outputs/extractions/Traffic/504_168/chronos2/instance_euclidean_1_online/extracted reason=complete
2026-08-05 11:07:13,596 INFO [__main__] ========================================================================
2026-08-05T11:07:13+02:00 extraction done configuration=37/84 dataset=Traffic model=chronos2 lags=504 horizon=168 retrieval=instance_euclidean_1_online

2026-08-05T11:07:13+02:00 extraction start configuration=38/84 dataset=Traffic model=chronos2 lags=504 horizon=168 retrieval=instance_euclidean_3_online period=24 datastore_stride=24 adapt_stride=24 eval_stride=128 max_store_windows=30000 seed=1
2026-08-05 11:07:16,121 INFO [__main__] ========================================================================
2026-08-05 11:07:16,121 INFO [__main__] experiment start kind=extraction dataset=Traffic model=chronos2 lags=504 horizon=168 neighbors=3 distance=instance/euclidean
2026-08-05 11:07:16,432 INFO [__main__] extraction skipped dir=/home/h61084/codes/adapts/outputs/extractions/Traffic/504_168/chronos2/instance_euclidean_3_online/extracted reason=complete
2026-08-05 11:07:16,432 INFO [__main__] ========================================================================
2026-08-05T11:07:16+02:00 extraction done configuration=38/84 dataset=Traffic model=chronos2 lags=504 horizon=168 retrieval=instance_euclidean_3_online

2026-08-05T11:07:16+02:00 extraction start configuration=39/84 dataset=Traffic model=chronos2 lags=504 horizon=168 retrieval=instance_euclidean_5_online period=24 datastore_stride=24 adapt_stride=24 eval_stride=128 max_store_windows=30000 seed=1
2026-08-05 11:07:19,129 INFO [__main__] ========================================================================
2026-08-05 11:07:19,129 INFO [__main__] experiment start kind=extraction dataset=Traffic model=chronos2 lags=504 horizon=168 neighbors=5 distance=instance/euclidean
2026-08-05 11:07:19,445 INFO [__main__] extraction skipped dir=/home/h61084/codes/adapts/outputs/extractions/Traffic/504_168/chronos2/instance_euclidean_5_online/extracted reason=complete
2026-08-05 11:07:19,445 INFO [__main__] ========================================================================
2026-08-05T11:07:19+02:00 extraction done configuration=39/84 dataset=Traffic model=chronos2 lags=504 horizon=168 retrieval=instance_euclidean_5_online

2026-08-05T11:07:19+02:00 extraction start configuration=40/84 dataset=Traffic model=chronos2 lags=504 horizon=168 retrieval=instance_euclidean_10_online period=24 datastore_stride=24 adapt_stride=24 eval_stride=128 max_store_windows=30000 seed=1
2026-08-05 11:07:22,099 INFO [__main__] ========================================================================
2026-08-05 11:07:22,099 INFO [__main__] experiment start kind=extraction dataset=Traffic model=chronos2 lags=504 horizon=168 neighbors=10 distance=instance/euclidean
2026-08-05 11:07:22,410 INFO [__main__] extraction skipped dir=/home/h61084/codes/adapts/outputs/extractions/Traffic/504_168/chronos2/instance_euclidean_10_online/extracted reason=complete
2026-08-05 11:07:22,410 INFO [__main__] ========================================================================
2026-08-05T11:07:22+02:00 extraction done configuration=40/84 dataset=Traffic model=chronos2 lags=504 horizon=168 retrieval=instance_euclidean_10_online

2026-08-05T11:07:22+02:00 extraction start configuration=41/84 dataset=Traffic model=chronos2 lags=504 horizon=168 retrieval=instance_euclidean_15_online period=24 datastore_stride=24 adapt_stride=24 eval_stride=128 max_store_windows=30000 seed=1
2026-08-05 11:07:25,187 INFO [__main__] ========================================================================
2026-08-05 11:07:25,187 INFO [__main__] experiment start kind=extraction dataset=Traffic model=chronos2 lags=504 horizon=168 neighbors=15 distance=instance/euclidean
2026-08-05 11:07:25,517 INFO [__main__] extraction skipped dir=/home/h61084/codes/adapts/outputs/extractions/Traffic/504_168/chronos2/instance_euclidean_15_online/extracted reason=complete
2026-08-05 11:07:25,517 INFO [__main__] ========================================================================
2026-08-05T11:07:25+02:00 extraction done configuration=41/84 dataset=Traffic model=chronos2 lags=504 horizon=168 retrieval=instance_euclidean_15_online

2026-08-05T11:07:25+02:00 extraction start configuration=42/84 dataset=Traffic model=chronos2 lags=504 horizon=168 retrieval=instance_euclidean_20_online period=24 datastore_stride=24 adapt_stride=24 eval_stride=128 max_store_windows=30000 seed=1
2026-08-05 11:07:28,275 INFO [__main__] ========================================================================
2026-08-05 11:07:28,276 INFO [__main__] experiment start kind=extraction dataset=Traffic model=chronos2 lags=504 horizon=168 neighbors=20 distance=instance/euclidean
2026-08-05 11:07:28,610 INFO [__main__] extraction skipped dir=/home/h61084/codes/adapts/outputs/extractions/Traffic/504_168/chronos2/instance_euclidean_20_online/extracted reason=complete
2026-08-05 11:07:28,610 INFO [__main__] ========================================================================
2026-08-05T11:07:28+02:00 extraction done configuration=42/84 dataset=Traffic model=chronos2 lags=504 horizon=168 retrieval=instance_euclidean_20_online

2026-08-05T11:07:28+02:00 extraction start configuration=43/84 dataset=Solar model=chronos2 lags=168 horizon=24 retrieval=vanilla period=24 datastore_stride=24 adapt_stride=24 eval_stride=128 max_store_windows=30000 seed=1
2026-08-05 11:07:31,322 INFO [__main__] ========================================================================
2026-08-05 11:07:31,322 INFO [__main__] experiment start kind=extraction dataset=Solar model=chronos2 lags=168 horizon=24 neighbors=0 distance=raw/euclidean
2026-08-05 11:07:31,641 INFO [__main__] extraction skipped dir=/home/h61084/codes/adapts/outputs/extractions/Solar/168_24/chronos2/vanilla reason=complete
2026-08-05 11:07:31,641 INFO [__main__] ========================================================================
2026-08-05T11:07:31+02:00 extraction done configuration=43/84 dataset=Solar model=chronos2 lags=168 horizon=24 retrieval=vanilla

2026-08-05T11:07:31+02:00 extraction start configuration=44/84 dataset=Solar model=chronos2 lags=168 horizon=24 retrieval=instance_euclidean_1_online period=24 datastore_stride=24 adapt_stride=24 eval_stride=128 max_store_windows=30000 seed=1
2026-08-05 11:07:34,165 INFO [__main__] ========================================================================
2026-08-05 11:07:34,165 INFO [__main__] experiment start kind=extraction dataset=Solar model=chronos2 lags=168 horizon=24 neighbors=1 distance=instance/euclidean
2026-08-05 11:07:34,469 INFO [__main__] extraction skipped dir=/home/h61084/codes/adapts/outputs/extractions/Solar/168_24/chronos2/instance_euclidean_1_online/extracted reason=complete
2026-08-05 11:07:34,469 INFO [__main__] ========================================================================
2026-08-05T11:07:34+02:00 extraction done configuration=44/84 dataset=Solar model=chronos2 lags=168 horizon=24 retrieval=instance_euclidean_1_online

2026-08-05T11:07:34+02:00 extraction start configuration=45/84 dataset=Solar model=chronos2 lags=168 horizon=24 retrieval=instance_euclidean_3_online period=24 datastore_stride=24 adapt_stride=24 eval_stride=128 max_store_windows=30000 seed=1
2026-08-05 11:07:37,011 INFO [__main__] ========================================================================
2026-08-05 11:07:37,011 INFO [__main__] experiment start kind=extraction dataset=Solar model=chronos2 lags=168 horizon=24 neighbors=3 distance=instance/euclidean
2026-08-05 11:07:37,303 INFO [__main__] extraction skipped dir=/home/h61084/codes/adapts/outputs/extractions/Solar/168_24/chronos2/instance_euclidean_3_online/extracted reason=complete
2026-08-05 11:07:37,303 INFO [__main__] ========================================================================
2026-08-05T11:07:37+02:00 extraction done configuration=45/84 dataset=Solar model=chronos2 lags=168 horizon=24 retrieval=instance_euclidean_3_online

2026-08-05T11:07:37+02:00 extraction start configuration=46/84 dataset=Solar model=chronos2 lags=168 horizon=24 retrieval=instance_euclidean_5_online period=24 datastore_stride=24 adapt_stride=24 eval_stride=128 max_store_windows=30000 seed=1
2026-08-05 11:07:39,877 INFO [__main__] ========================================================================
2026-08-05 11:07:39,878 INFO [__main__] experiment start kind=extraction dataset=Solar model=chronos2 lags=168 horizon=24 neighbors=5 distance=instance/euclidean
2026-08-05 11:07:40,203 INFO [__main__] extraction skipped dir=/home/h61084/codes/adapts/outputs/extractions/Solar/168_24/chronos2/instance_euclidean_5_online/extracted reason=complete
2026-08-05 11:07:40,203 INFO [__main__] ========================================================================
2026-08-05T11:07:40+02:00 extraction done configuration=46/84 dataset=Solar model=chronos2 lags=168 horizon=24 retrieval=instance_euclidean_5_online

2026-08-05T11:07:40+02:00 extraction start configuration=47/84 dataset=Solar model=chronos2 lags=168 horizon=24 retrieval=instance_euclidean_10_online period=24 datastore_stride=24 adapt_stride=24 eval_stride=128 max_store_windows=30000 seed=1
2026-08-05 11:07:42,742 INFO [__main__] ========================================================================
2026-08-05 11:07:42,743 INFO [__main__] experiment start kind=extraction dataset=Solar model=chronos2 lags=168 horizon=24 neighbors=10 distance=instance/euclidean
2026-08-05 11:07:43,048 INFO [__main__] extraction skipped dir=/home/h61084/codes/adapts/outputs/extractions/Solar/168_24/chronos2/instance_euclidean_10_online/extracted reason=complete
2026-08-05 11:07:43,048 INFO [__main__] ========================================================================
2026-08-05T11:07:43+02:00 extraction done configuration=47/84 dataset=Solar model=chronos2 lags=168 horizon=24 retrieval=instance_euclidean_10_online

2026-08-05T11:07:43+02:00 extraction start configuration=48/84 dataset=Solar model=chronos2 lags=168 horizon=24 retrieval=instance_euclidean_15_online period=24 datastore_stride=24 adapt_stride=24 eval_stride=128 max_store_windows=30000 seed=1
2026-08-05 11:07:45,701 INFO [__main__] ========================================================================
2026-08-05 11:07:45,701 INFO [__main__] experiment start kind=extraction dataset=Solar model=chronos2 lags=168 horizon=24 neighbors=15 distance=instance/euclidean
2026-08-05 11:07:46,051 INFO [__main__] extraction skipped dir=/home/h61084/codes/adapts/outputs/extractions/Solar/168_24/chronos2/instance_euclidean_15_online/extracted reason=complete
2026-08-05 11:07:46,051 INFO [__main__] ========================================================================
2026-08-05T11:07:46+02:00 extraction done configuration=48/84 dataset=Solar model=chronos2 lags=168 horizon=24 retrieval=instance_euclidean_15_online

2026-08-05T11:07:46+02:00 extraction start configuration=49/84 dataset=Solar model=chronos2 lags=168 horizon=24 retrieval=instance_euclidean_20_online period=24 datastore_stride=24 adapt_stride=24 eval_stride=128 max_store_windows=30000 seed=1
2026-08-05 11:07:48,809 INFO [__main__] ========================================================================
2026-08-05 11:07:48,810 INFO [__main__] experiment start kind=extraction dataset=Solar model=chronos2 lags=168 horizon=24 neighbors=20 distance=instance/euclidean
2026-08-05 11:07:49,118 INFO [__main__] extraction skipped dir=/home/h61084/codes/adapts/outputs/extractions/Solar/168_24/chronos2/instance_euclidean_20_online/extracted reason=complete
2026-08-05 11:07:49,118 INFO [__main__] ========================================================================
2026-08-05T11:07:49+02:00 extraction done configuration=49/84 dataset=Solar model=chronos2 lags=168 horizon=24 retrieval=instance_euclidean_20_online

2026-08-05T11:07:49+02:00 extraction start configuration=50/84 dataset=Solar model=chronos2 lags=336 horizon=48 retrieval=vanilla period=24 datastore_stride=24 adapt_stride=24 eval_stride=128 max_store_windows=30000 seed=1
2026-08-05 11:07:51,825 INFO [__main__] ========================================================================
2026-08-05 11:07:51,825 INFO [__main__] experiment start kind=extraction dataset=Solar model=chronos2 lags=336 horizon=48 neighbors=0 distance=raw/euclidean
2026-08-05 11:07:52,182 INFO [__main__] extraction skipped dir=/home/h61084/codes/adapts/outputs/extractions/Solar/336_48/chronos2/vanilla reason=complete
2026-08-05 11:07:52,182 INFO [__main__] ========================================================================
2026-08-05T11:07:52+02:00 extraction done configuration=50/84 dataset=Solar model=chronos2 lags=336 horizon=48 retrieval=vanilla

2026-08-05T11:07:52+02:00 extraction start configuration=51/84 dataset=Solar model=chronos2 lags=336 horizon=48 retrieval=instance_euclidean_1_online period=24 datastore_stride=24 adapt_stride=24 eval_stride=128 max_store_windows=30000 seed=1
2026-08-05 11:07:54,784 INFO [__main__] ========================================================================
2026-08-05 11:07:54,784 INFO [__main__] experiment start kind=extraction dataset=Solar model=chronos2 lags=336 horizon=48 neighbors=1 distance=instance/euclidean
2026-08-05 11:07:55,096 INFO [__main__] extraction skipped dir=/home/h61084/codes/adapts/outputs/extractions/Solar/336_48/chronos2/instance_euclidean_1_online/extracted reason=complete
2026-08-05 11:07:55,096 INFO [__main__] ========================================================================
2026-08-05T11:07:55+02:00 extraction done configuration=51/84 dataset=Solar model=chronos2 lags=336 horizon=48 retrieval=instance_euclidean_1_online

2026-08-05T11:07:55+02:00 extraction start configuration=52/84 dataset=Solar model=chronos2 lags=336 horizon=48 retrieval=instance_euclidean_3_online period=24 datastore_stride=24 adapt_stride=24 eval_stride=128 max_store_windows=30000 seed=1
2026-08-05 11:07:57,600 INFO [__main__] ========================================================================
2026-08-05 11:07:57,601 INFO [__main__] experiment start kind=extraction dataset=Solar model=chronos2 lags=336 horizon=48 neighbors=3 distance=instance/euclidean
2026-08-05 11:07:57,918 INFO [__main__] extraction skipped dir=/home/h61084/codes/adapts/outputs/extractions/Solar/336_48/chronos2/instance_euclidean_3_online/extracted reason=complete
2026-08-05 11:07:57,918 INFO [__main__] ========================================================================
2026-08-05T11:07:58+02:00 extraction done configuration=52/84 dataset=Solar model=chronos2 lags=336 horizon=48 retrieval=instance_euclidean_3_online

2026-08-05T11:07:58+02:00 extraction start configuration=53/84 dataset=Solar model=chronos2 lags=336 horizon=48 retrieval=instance_euclidean_5_online period=24 datastore_stride=24 adapt_stride=24 eval_stride=128 max_store_windows=30000 seed=1
2026-08-05 11:08:00,402 INFO [__main__] ========================================================================
2026-08-05 11:08:00,402 INFO [__main__] experiment start kind=extraction dataset=Solar model=chronos2 lags=336 horizon=48 neighbors=5 distance=instance/euclidean
2026-08-05 11:08:00,763 INFO [__main__] extraction skipped dir=/home/h61084/codes/adapts/outputs/extractions/Solar/336_48/chronos2/instance_euclidean_5_online/extracted reason=complete
2026-08-05 11:08:00,764 INFO [__main__] ========================================================================
2026-08-05T11:08:01+02:00 extraction done configuration=53/84 dataset=Solar model=chronos2 lags=336 horizon=48 retrieval=instance_euclidean_5_online

2026-08-05T11:08:01+02:00 extraction start configuration=54/84 dataset=Solar model=chronos2 lags=336 horizon=48 retrieval=instance_euclidean_10_online period=24 datastore_stride=24 adapt_stride=24 eval_stride=128 max_store_windows=30000 seed=1
2026-08-05 11:08:03,273 INFO [__main__] ========================================================================
2026-08-05 11:08:03,274 INFO [__main__] experiment start kind=extraction dataset=Solar model=chronos2 lags=336 horizon=48 neighbors=10 distance=instance/euclidean
2026-08-05 11:08:03,600 INFO [__main__] extraction skipped dir=/home/h61084/codes/adapts/outputs/extractions/Solar/336_48/chronos2/instance_euclidean_10_online/extracted reason=complete
2026-08-05 11:08:03,600 INFO [__main__] ========================================================================
2026-08-05T11:08:03+02:00 extraction done configuration=54/84 dataset=Solar model=chronos2 lags=336 horizon=48 retrieval=instance_euclidean_10_online

2026-08-05T11:08:03+02:00 extraction start configuration=55/84 dataset=Solar model=chronos2 lags=336 horizon=48 retrieval=instance_euclidean_15_online period=24 datastore_stride=24 adapt_stride=24 eval_stride=128 max_store_windows=30000 seed=1
2026-08-05 11:08:06,129 INFO [__main__] ========================================================================
2026-08-05 11:08:06,129 INFO [__main__] experiment start kind=extraction dataset=Solar model=chronos2 lags=336 horizon=48 neighbors=15 distance=instance/euclidean
2026-08-05 11:08:06,422 INFO [__main__] extraction skipped dir=/home/h61084/codes/adapts/outputs/extractions/Solar/336_48/chronos2/instance_euclidean_15_online/extracted reason=complete
2026-08-05 11:08:06,422 INFO [__main__] ========================================================================
2026-08-05T11:08:06+02:00 extraction done configuration=55/84 dataset=Solar model=chronos2 lags=336 horizon=48 retrieval=instance_euclidean_15_online

2026-08-05T11:08:06+02:00 extraction start configuration=56/84 dataset=Solar model=chronos2 lags=336 horizon=48 retrieval=instance_euclidean_20_online period=24 datastore_stride=24 adapt_stride=24 eval_stride=128 max_store_windows=30000 seed=1
2026-08-05 11:08:09,028 INFO [__main__] ========================================================================
2026-08-05 11:08:09,029 INFO [__main__] experiment start kind=extraction dataset=Solar model=chronos2 lags=336 horizon=48 neighbors=20 distance=instance/euclidean
2026-08-05 11:08:09,325 INFO [__main__] extraction skipped dir=/home/h61084/codes/adapts/outputs/extractions/Solar/336_48/chronos2/instance_euclidean_20_online/extracted reason=complete
2026-08-05 11:08:09,325 INFO [__main__] ========================================================================
2026-08-05T11:08:09+02:00 extraction done configuration=56/84 dataset=Solar model=chronos2 lags=336 horizon=48 retrieval=instance_euclidean_20_online

2026-08-05T11:08:09+02:00 extraction start configuration=57/84 dataset=Solar model=chronos2 lags=504 horizon=168 retrieval=vanilla period=24 datastore_stride=24 adapt_stride=24 eval_stride=128 max_store_windows=30000 seed=1
2026-08-05 11:08:12,059 INFO [__main__] ========================================================================
2026-08-05 11:08:12,060 INFO [__main__] experiment start kind=extraction dataset=Solar model=chronos2 lags=504 horizon=168 neighbors=0 distance=raw/euclidean
2026-08-05 11:08:12,370 INFO [__main__] extraction skipped dir=/home/h61084/codes/adapts/outputs/extractions/Solar/504_168/chronos2/vanilla reason=complete
2026-08-05 11:08:12,370 INFO [__main__] ========================================================================
2026-08-05T11:08:12+02:00 extraction done configuration=57/84 dataset=Solar model=chronos2 lags=504 horizon=168 retrieval=vanilla

2026-08-05T11:08:12+02:00 extraction start configuration=58/84 dataset=Solar model=chronos2 lags=504 horizon=168 retrieval=instance_euclidean_1_online period=24 datastore_stride=24 adapt_stride=24 eval_stride=128 max_store_windows=30000 seed=1
2026-08-05 11:08:15,179 INFO [__main__] ========================================================================
2026-08-05 11:08:15,180 INFO [__main__] experiment start kind=extraction dataset=Solar model=chronos2 lags=504 horizon=168 neighbors=1 distance=instance/euclidean
2026-08-05 11:08:15,501 INFO [__main__] extraction skipped dir=/home/h61084/codes/adapts/outputs/extractions/Solar/504_168/chronos2/instance_euclidean_1_online/extracted reason=complete
2026-08-05 11:08:15,501 INFO [__main__] ========================================================================
2026-08-05T11:08:15+02:00 extraction done configuration=58/84 dataset=Solar model=chronos2 lags=504 horizon=168 retrieval=instance_euclidean_1_online

2026-08-05T11:08:15+02:00 extraction start configuration=59/84 dataset=Solar model=chronos2 lags=504 horizon=168 retrieval=instance_euclidean_3_online period=24 datastore_stride=24 adapt_stride=24 eval_stride=128 max_store_windows=30000 seed=1
2026-08-05 11:08:18,221 INFO [__main__] ========================================================================
2026-08-05 11:08:18,221 INFO [__main__] experiment start kind=extraction dataset=Solar model=chronos2 lags=504 horizon=168 neighbors=3 distance=instance/euclidean
2026-08-05 11:08:18,524 INFO [__main__] extraction skipped dir=/home/h61084/codes/adapts/outputs/extractions/Solar/504_168/chronos2/instance_euclidean_3_online/extracted reason=complete
2026-08-05 11:08:18,524 INFO [__main__] ========================================================================
2026-08-05T11:08:18+02:00 extraction done configuration=59/84 dataset=Solar model=chronos2 lags=504 horizon=168 retrieval=instance_euclidean_3_online

2026-08-05T11:08:18+02:00 extraction start configuration=60/84 dataset=Solar model=chronos2 lags=504 horizon=168 retrieval=instance_euclidean_5_online period=24 datastore_stride=24 adapt_stride=24 eval_stride=128 max_store_windows=30000 seed=1
2026-08-05 11:08:21,137 INFO [__main__] ========================================================================
2026-08-05 11:08:21,137 INFO [__main__] experiment start kind=extraction dataset=Solar model=chronos2 lags=504 horizon=168 neighbors=5 distance=instance/euclidean
2026-08-05 11:08:21,444 INFO [__main__] extraction skipped dir=/home/h61084/codes/adapts/outputs/extractions/Solar/504_168/chronos2/instance_euclidean_5_online/extracted reason=complete
2026-08-05 11:08:21,444 INFO [__main__] ========================================================================
2026-08-05T11:08:21+02:00 extraction done configuration=60/84 dataset=Solar model=chronos2 lags=504 horizon=168 retrieval=instance_euclidean_5_online

2026-08-05T11:08:21+02:00 extraction start configuration=61/84 dataset=Solar model=chronos2 lags=504 horizon=168 retrieval=instance_euclidean_10_online period=24 datastore_stride=24 adapt_stride=24 eval_stride=128 max_store_windows=30000 seed=1
2026-08-05 11:08:23,999 INFO [__main__] ========================================================================
2026-08-05 11:08:23,999 INFO [__main__] experiment start kind=extraction dataset=Solar model=chronos2 lags=504 horizon=168 neighbors=10 distance=instance/euclidean
2026-08-05 11:08:24,309 INFO [__main__] extraction skipped dir=/home/h61084/codes/adapts/outputs/extractions/Solar/504_168/chronos2/instance_euclidean_10_online/extracted reason=complete
2026-08-05 11:08:24,309 INFO [__main__] ========================================================================
2026-08-05T11:08:24+02:00 extraction done configuration=61/84 dataset=Solar model=chronos2 lags=504 horizon=168 retrieval=instance_euclidean_10_online

2026-08-05T11:08:24+02:00 extraction start configuration=62/84 dataset=Solar model=chronos2 lags=504 horizon=168 retrieval=instance_euclidean_15_online period=24 datastore_stride=24 adapt_stride=24 eval_stride=128 max_store_windows=30000 seed=1
2026-08-05 11:08:26,971 INFO [__main__] ========================================================================
2026-08-05 11:08:26,971 INFO [__main__] experiment start kind=extraction dataset=Solar model=chronos2 lags=504 horizon=168 neighbors=15 distance=instance/euclidean
2026-08-05 11:08:27,262 INFO [__main__] extraction skipped dir=/home/h61084/codes/adapts/outputs/extractions/Solar/504_168/chronos2/instance_euclidean_15_online/extracted reason=complete
2026-08-05 11:08:27,262 INFO [__main__] ========================================================================
2026-08-05T11:08:27+02:00 extraction done configuration=62/84 dataset=Solar model=chronos2 lags=504 horizon=168 retrieval=instance_euclidean_15_online

2026-08-05T11:08:27+02:00 extraction start configuration=63/84 dataset=Solar model=chronos2 lags=504 horizon=168 retrieval=instance_euclidean_20_online period=24 datastore_stride=24 adapt_stride=24 eval_stride=128 max_store_windows=30000 seed=1
2026-08-05 11:08:29,987 INFO [__main__] ========================================================================
2026-08-05 11:08:29,987 INFO [__main__] experiment start kind=extraction dataset=Solar model=chronos2 lags=504 horizon=168 neighbors=20 distance=instance/euclidean
2026-08-05 11:08:30,311 INFO [__main__] extraction skipped dir=/home/h61084/codes/adapts/outputs/extractions/Solar/504_168/chronos2/instance_euclidean_20_online/extracted reason=complete
2026-08-05 11:08:30,311 INFO [__main__] ========================================================================
2026-08-05T11:08:30+02:00 extraction done configuration=63/84 dataset=Solar model=chronos2 lags=504 horizon=168 retrieval=instance_euclidean_20_online

2026-08-05T11:08:30+02:00 extraction start configuration=64/84 dataset=exchange_rate model=chronos2 lags=168 horizon=24 retrieval=vanilla period=24 datastore_stride=24 adapt_stride=24 eval_stride=128 max_store_windows=30000 seed=1
2026-08-05 11:08:33,458 INFO [__main__] ========================================================================
2026-08-05 11:08:33,458 INFO [__main__] experiment start kind=extraction dataset=exchange_rate model=chronos2 lags=168 horizon=24 neighbors=0 distance=raw/euclidean
2026-08-05 11:08:33,782 INFO [__main__] extraction skipped dir=/home/h61084/codes/adapts/outputs/extractions/exchange_rate/168_24/chronos2/vanilla reason=complete
2026-08-05 11:08:33,782 INFO [__main__] ========================================================================
2026-08-05T11:08:34+02:00 extraction done configuration=64/84 dataset=exchange_rate model=chronos2 lags=168 horizon=24 retrieval=vanilla

2026-08-05T11:08:34+02:00 extraction start configuration=65/84 dataset=exchange_rate model=chronos2 lags=168 horizon=24 retrieval=instance_euclidean_1_online period=24 datastore_stride=24 adapt_stride=24 eval_stride=128 max_store_windows=30000 seed=1
2026-08-05 11:08:36,763 INFO [__main__] ========================================================================
2026-08-05 11:08:36,763 INFO [__main__] experiment start kind=extraction dataset=exchange_rate model=chronos2 lags=168 horizon=24 neighbors=1 distance=instance/euclidean
2026-08-05 11:08:37,064 INFO [__main__] extraction skipped dir=/home/h61084/codes/adapts/outputs/extractions/exchange_rate/168_24/chronos2/instance_euclidean_1_online/extracted reason=complete
2026-08-05 11:08:37,064 INFO [__main__] ========================================================================
2026-08-05T11:08:37+02:00 extraction done configuration=65/84 dataset=exchange_rate model=chronos2 lags=168 horizon=24 retrieval=instance_euclidean_1_online

2026-08-05T11:08:37+02:00 extraction start configuration=66/84 dataset=exchange_rate model=chronos2 lags=168 horizon=24 retrieval=instance_euclidean_3_online period=24 datastore_stride=24 adapt_stride=24 eval_stride=128 max_store_windows=30000 seed=1
2026-08-05 11:08:39,778 INFO [__main__] ========================================================================
2026-08-05 11:08:39,779 INFO [__main__] experiment start kind=extraction dataset=exchange_rate model=chronos2 lags=168 horizon=24 neighbors=3 distance=instance/euclidean
2026-08-05 11:08:40,088 INFO [__main__] extraction skipped dir=/home/h61084/codes/adapts/outputs/extractions/exchange_rate/168_24/chronos2/instance_euclidean_3_online/extracted reason=complete
2026-08-05 11:08:40,088 INFO [__main__] ========================================================================
2026-08-05T11:08:40+02:00 extraction done configuration=66/84 dataset=exchange_rate model=chronos2 lags=168 horizon=24 retrieval=instance_euclidean_3_online

2026-08-05T11:08:40+02:00 extraction start configuration=67/84 dataset=exchange_rate model=chronos2 lags=168 horizon=24 retrieval=instance_euclidean_5_online period=24 datastore_stride=24 adapt_stride=24 eval_stride=128 max_store_windows=30000 seed=1
2026-08-05 11:08:42,860 INFO [__main__] ========================================================================
2026-08-05 11:08:42,861 INFO [__main__] experiment start kind=extraction dataset=exchange_rate model=chronos2 lags=168 horizon=24 neighbors=5 distance=instance/euclidean
2026-08-05 11:08:43,178 INFO [__main__] extraction skipped dir=/home/h61084/codes/adapts/outputs/extractions/exchange_rate/168_24/chronos2/instance_euclidean_5_online/extracted reason=complete
2026-08-05 11:08:43,178 INFO [__main__] ========================================================================
2026-08-05T11:08:43+02:00 extraction done configuration=67/84 dataset=exchange_rate model=chronos2 lags=168 horizon=24 retrieval=instance_euclidean_5_online

2026-08-05T11:08:43+02:00 extraction start configuration=68/84 dataset=exchange_rate model=chronos2 lags=168 horizon=24 retrieval=instance_euclidean_10_online period=24 datastore_stride=24 adapt_stride=24 eval_stride=128 max_store_windows=30000 seed=1
2026-08-05 11:08:45,762 INFO [__main__] ========================================================================
2026-08-05 11:08:45,762 INFO [__main__] experiment start kind=extraction dataset=exchange_rate model=chronos2 lags=168 horizon=24 neighbors=10 distance=instance/euclidean
2026-08-05 11:08:46,087 INFO [__main__] extraction skipped dir=/home/h61084/codes/adapts/outputs/extractions/exchange_rate/168_24/chronos2/instance_euclidean_10_online/extracted reason=complete
2026-08-05 11:08:46,087 INFO [__main__] ========================================================================
2026-08-05T11:08:46+02:00 extraction done configuration=68/84 dataset=exchange_rate model=chronos2 lags=168 horizon=24 retrieval=instance_euclidean_10_online

2026-08-05T11:08:46+02:00 extraction start configuration=69/84 dataset=exchange_rate model=chronos2 lags=168 horizon=24 retrieval=instance_euclidean_15_online period=24 datastore_stride=24 adapt_stride=24 eval_stride=128 max_store_windows=30000 seed=1
2026-08-05 11:08:48,649 INFO [__main__] ========================================================================
2026-08-05 11:08:48,649 INFO [__main__] experiment start kind=extraction dataset=exchange_rate model=chronos2 lags=168 horizon=24 neighbors=15 distance=instance/euclidean
2026-08-05 11:08:48,963 INFO [__main__] extraction skipped dir=/home/h61084/codes/adapts/outputs/extractions/exchange_rate/168_24/chronos2/instance_euclidean_15_online/extracted reason=complete
2026-08-05 11:08:48,963 INFO [__main__] ========================================================================
2026-08-05T11:08:49+02:00 extraction done configuration=69/84 dataset=exchange_rate model=chronos2 lags=168 horizon=24 retrieval=instance_euclidean_15_online

2026-08-05T11:08:49+02:00 extraction start configuration=70/84 dataset=exchange_rate model=chronos2 lags=168 horizon=24 retrieval=instance_euclidean_20_online period=24 datastore_stride=24 adapt_stride=24 eval_stride=128 max_store_windows=30000 seed=1
2026-08-05 11:08:51,501 INFO [__main__] ========================================================================
2026-08-05 11:08:51,501 INFO [__main__] experiment start kind=extraction dataset=exchange_rate model=chronos2 lags=168 horizon=24 neighbors=20 distance=instance/euclidean
2026-08-05 11:08:51,808 INFO [__main__] extraction skipped dir=/home/h61084/codes/adapts/outputs/extractions/exchange_rate/168_24/chronos2/instance_euclidean_20_online/extracted reason=complete
2026-08-05 11:08:51,808 INFO [__main__] ========================================================================
2026-08-05T11:08:52+02:00 extraction done configuration=70/84 dataset=exchange_rate model=chronos2 lags=168 horizon=24 retrieval=instance_euclidean_20_online

2026-08-05T11:08:52+02:00 extraction start configuration=71/84 dataset=exchange_rate model=chronos2 lags=336 horizon=48 retrieval=vanilla period=24 datastore_stride=24 adapt_stride=24 eval_stride=128 max_store_windows=30000 seed=1
2026-08-05 11:08:54,394 INFO [__main__] ========================================================================
2026-08-05 11:08:54,394 INFO [__main__] experiment start kind=extraction dataset=exchange_rate model=chronos2 lags=336 horizon=48 neighbors=0 distance=raw/euclidean
2026-08-05 11:08:54,756 INFO [__main__] extraction skipped dir=/home/h61084/codes/adapts/outputs/extractions/exchange_rate/336_48/chronos2/vanilla reason=complete
2026-08-05 11:08:54,756 INFO [__main__] ========================================================================
2026-08-05T11:08:55+02:00 extraction done configuration=71/84 dataset=exchange_rate model=chronos2 lags=336 horizon=48 retrieval=vanilla

2026-08-05T11:08:55+02:00 extraction start configuration=72/84 dataset=exchange_rate model=chronos2 lags=336 horizon=48 retrieval=instance_euclidean_1_online period=24 datastore_stride=24 adapt_stride=24 eval_stride=128 max_store_windows=30000 seed=1
2026-08-05 11:08:57,338 INFO [__main__] ========================================================================
2026-08-05 11:08:57,338 INFO [__main__] experiment start kind=extraction dataset=exchange_rate model=chronos2 lags=336 horizon=48 neighbors=1 distance=instance/euclidean
2026-08-05 11:08:57,656 INFO [__main__] extraction skipped dir=/home/h61084/codes/adapts/outputs/extractions/exchange_rate/336_48/chronos2/instance_euclidean_1_online/extracted reason=complete
2026-08-05 11:08:57,656 INFO [__main__] ========================================================================
2026-08-05T11:08:57+02:00 extraction done configuration=72/84 dataset=exchange_rate model=chronos2 lags=336 horizon=48 retrieval=instance_euclidean_1_online

2026-08-05T11:08:57+02:00 extraction start configuration=73/84 dataset=exchange_rate model=chronos2 lags=336 horizon=48 retrieval=instance_euclidean_3_online period=24 datastore_stride=24 adapt_stride=24 eval_stride=128 max_store_windows=30000 seed=1
2026-08-05 11:09:00,376 INFO [__main__] ========================================================================
2026-08-05 11:09:00,376 INFO [__main__] experiment start kind=extraction dataset=exchange_rate model=chronos2 lags=336 horizon=48 neighbors=3 distance=instance/euclidean
2026-08-05 11:09:00,738 INFO [__main__] extraction skipped dir=/home/h61084/codes/adapts/outputs/extractions/exchange_rate/336_48/chronos2/instance_euclidean_3_online/extracted reason=complete
2026-08-05 11:09:00,738 INFO [__main__] ========================================================================
2026-08-05T11:09:01+02:00 extraction done configuration=73/84 dataset=exchange_rate model=chronos2 lags=336 horizon=48 retrieval=instance_euclidean_3_online

2026-08-05T11:09:01+02:00 extraction start configuration=74/84 dataset=exchange_rate model=chronos2 lags=336 horizon=48 retrieval=instance_euclidean_5_online period=24 datastore_stride=24 adapt_stride=24 eval_stride=128 max_store_windows=30000 seed=1
2026-08-05 11:09:03,581 INFO [__main__] ========================================================================
2026-08-05 11:09:03,582 INFO [__main__] experiment start kind=extraction dataset=exchange_rate model=chronos2 lags=336 horizon=48 neighbors=5 distance=instance/euclidean
2026-08-05 11:09:03,867 INFO [__main__] extraction skipped dir=/home/h61084/codes/adapts/outputs/extractions/exchange_rate/336_48/chronos2/instance_euclidean_5_online/extracted reason=complete
2026-08-05 11:09:03,867 INFO [__main__] ========================================================================
2026-08-05T11:09:04+02:00 extraction done configuration=74/84 dataset=exchange_rate model=chronos2 lags=336 horizon=48 retrieval=instance_euclidean_5_online

2026-08-05T11:09:04+02:00 extraction start configuration=75/84 dataset=exchange_rate model=chronos2 lags=336 horizon=48 retrieval=instance_euclidean_10_online period=24 datastore_stride=24 adapt_stride=24 eval_stride=128 max_store_windows=30000 seed=1
2026-08-05 11:09:06,653 INFO [__main__] ========================================================================
2026-08-05 11:09:06,653 INFO [__main__] experiment start kind=extraction dataset=exchange_rate model=chronos2 lags=336 horizon=48 neighbors=10 distance=instance/euclidean
2026-08-05 11:09:06,951 INFO [__main__] extraction skipped dir=/home/h61084/codes/adapts/outputs/extractions/exchange_rate/336_48/chronos2/instance_euclidean_10_online/extracted reason=complete
2026-08-05 11:09:06,951 INFO [__main__] ========================================================================
2026-08-05T11:09:07+02:00 extraction done configuration=75/84 dataset=exchange_rate model=chronos2 lags=336 horizon=48 retrieval=instance_euclidean_10_online

2026-08-05T11:09:07+02:00 extraction start configuration=76/84 dataset=exchange_rate model=chronos2 lags=336 horizon=48 retrieval=instance_euclidean_15_online period=24 datastore_stride=24 adapt_stride=24 eval_stride=128 max_store_windows=30000 seed=1
2026-08-05 11:09:09,508 INFO [__main__] ========================================================================
2026-08-05 11:09:09,508 INFO [__main__] experiment start kind=extraction dataset=exchange_rate model=chronos2 lags=336 horizon=48 neighbors=15 distance=instance/euclidean
2026-08-05 11:09:09,801 INFO [__main__] extraction skipped dir=/home/h61084/codes/adapts/outputs/extractions/exchange_rate/336_48/chronos2/instance_euclidean_15_online/extracted reason=complete
2026-08-05 11:09:09,801 INFO [__main__] ========================================================================
2026-08-05T11:09:10+02:00 extraction done configuration=76/84 dataset=exchange_rate model=chronos2 lags=336 horizon=48 retrieval=instance_euclidean_15_online

2026-08-05T11:09:10+02:00 extraction start configuration=77/84 dataset=exchange_rate model=chronos2 lags=336 horizon=48 retrieval=instance_euclidean_20_online period=24 datastore_stride=24 adapt_stride=24 eval_stride=128 max_store_windows=30000 seed=1
2026-08-05 11:09:12,346 INFO [__main__] ========================================================================
2026-08-05 11:09:12,346 INFO [__main__] experiment start kind=extraction dataset=exchange_rate model=chronos2 lags=336 horizon=48 neighbors=20 distance=instance/euclidean
2026-08-05 11:09:12,670 INFO [__main__] extraction skipped dir=/home/h61084/codes/adapts/outputs/extractions/exchange_rate/336_48/chronos2/instance_euclidean_20_online/extracted reason=complete
2026-08-05 11:09:12,670 INFO [__main__] ========================================================================
2026-08-05T11:09:12+02:00 extraction done configuration=77/84 dataset=exchange_rate model=chronos2 lags=336 horizon=48 retrieval=instance_euclidean_20_online

2026-08-05T11:09:12+02:00 extraction start configuration=78/84 dataset=exchange_rate model=chronos2 lags=504 horizon=168 retrieval=vanilla period=24 datastore_stride=24 adapt_stride=24 eval_stride=128 max_store_windows=30000 seed=1
2026-08-05 11:09:15,294 INFO [__main__] ========================================================================
2026-08-05 11:09:15,294 INFO [__main__] experiment start kind=extraction dataset=exchange_rate model=chronos2 lags=504 horizon=168 neighbors=0 distance=raw/euclidean
2026-08-05 11:09:15,601 INFO [__main__] extraction skipped dir=/home/h61084/codes/adapts/outputs/extractions/exchange_rate/504_168/chronos2/vanilla reason=complete
2026-08-05 11:09:15,601 INFO [__main__] ========================================================================
2026-08-05T11:09:15+02:00 extraction done configuration=78/84 dataset=exchange_rate model=chronos2 lags=504 horizon=168 retrieval=vanilla

2026-08-05T11:09:15+02:00 extraction start configuration=79/84 dataset=exchange_rate model=chronos2 lags=504 horizon=168 retrieval=instance_euclidean_1_online period=24 datastore_stride=24 adapt_stride=24 eval_stride=128 max_store_windows=30000 seed=1
2026-08-05 11:09:18,205 INFO [__main__] ========================================================================
2026-08-05 11:09:18,205 INFO [__main__] experiment start kind=extraction dataset=exchange_rate model=chronos2 lags=504 horizon=168 neighbors=1 distance=instance/euclidean
2026-08-05 11:09:18,480 INFO [__main__] extraction skipped dir=/home/h61084/codes/adapts/outputs/extractions/exchange_rate/504_168/chronos2/instance_euclidean_1_online/extracted reason=complete
2026-08-05 11:09:18,480 INFO [__main__] ========================================================================
2026-08-05T11:09:18+02:00 extraction done configuration=79/84 dataset=exchange_rate model=chronos2 lags=504 horizon=168 retrieval=instance_euclidean_1_online

2026-08-05T11:09:18+02:00 extraction start configuration=80/84 dataset=exchange_rate model=chronos2 lags=504 horizon=168 retrieval=instance_euclidean_3_online period=24 datastore_stride=24 adapt_stride=24 eval_stride=128 max_store_windows=30000 seed=1
2026-08-05 11:09:20,966 INFO [__main__] ========================================================================
2026-08-05 11:09:20,966 INFO [__main__] experiment start kind=extraction dataset=exchange_rate model=chronos2 lags=504 horizon=168 neighbors=3 distance=instance/euclidean
2026-08-05 11:09:21,260 INFO [__main__] extraction skipped dir=/home/h61084/codes/adapts/outputs/extractions/exchange_rate/504_168/chronos2/instance_euclidean_3_online/extracted reason=complete
2026-08-05 11:09:21,260 INFO [__main__] ========================================================================
2026-08-05T11:09:21+02:00 extraction done configuration=80/84 dataset=exchange_rate model=chronos2 lags=504 horizon=168 retrieval=instance_euclidean_3_online

2026-08-05T11:09:21+02:00 extraction start configuration=81/84 dataset=exchange_rate model=chronos2 lags=504 horizon=168 retrieval=instance_euclidean_5_online period=24 datastore_stride=24 adapt_stride=24 eval_stride=128 max_store_windows=30000 seed=1
2026-08-05 11:09:23,875 INFO [__main__] ========================================================================
2026-08-05 11:09:23,875 INFO [__main__] experiment start kind=extraction dataset=exchange_rate model=chronos2 lags=504 horizon=168 neighbors=5 distance=instance/euclidean
2026-08-05 11:09:24,203 INFO [__main__] extraction skipped dir=/home/h61084/codes/adapts/outputs/extractions/exchange_rate/504_168/chronos2/instance_euclidean_5_online/extracted reason=complete
2026-08-05 11:09:24,203 INFO [__main__] ========================================================================
2026-08-05T11:09:24+02:00 extraction done configuration=81/84 dataset=exchange_rate model=chronos2 lags=504 horizon=168 retrieval=instance_euclidean_5_online

2026-08-05T11:09:24+02:00 extraction start configuration=82/84 dataset=exchange_rate model=chronos2 lags=504 horizon=168 retrieval=instance_euclidean_10_online period=24 datastore_stride=24 adapt_stride=24 eval_stride=128 max_store_windows=30000 seed=1
2026-08-05 11:09:26,878 INFO [__main__] ========================================================================
2026-08-05 11:09:26,878 INFO [__main__] experiment start kind=extraction dataset=exchange_rate model=chronos2 lags=504 horizon=168 neighbors=10 distance=instance/euclidean
2026-08-05 11:09:27,161 INFO [__main__] extraction skipped dir=/home/h61084/codes/adapts/outputs/extractions/exchange_rate/504_168/chronos2/instance_euclidean_10_online/extracted reason=complete
2026-08-05 11:09:27,161 INFO [__main__] ========================================================================
2026-08-05T11:09:27+02:00 extraction done configuration=82/84 dataset=exchange_rate model=chronos2 lags=504 horizon=168 retrieval=instance_euclidean_10_online

2026-08-05T11:09:27+02:00 extraction start configuration=83/84 dataset=exchange_rate model=chronos2 lags=504 horizon=168 retrieval=instance_euclidean_15_online period=24 datastore_stride=24 adapt_stride=24 eval_stride=128 max_store_windows=30000 seed=1
2026-08-05 11:09:29,900 INFO [__main__] ========================================================================
2026-08-05 11:09:29,900 INFO [__main__] experiment start kind=extraction dataset=exchange_rate model=chronos2 lags=504 horizon=168 neighbors=15 distance=instance/euclidean
2026-08-05 11:09:30,222 INFO [__main__] extraction skipped dir=/home/h61084/codes/adapts/outputs/extractions/exchange_rate/504_168/chronos2/instance_euclidean_15_online/extracted reason=complete
2026-08-05 11:09:30,223 INFO [__main__] ========================================================================
2026-08-05T11:09:30+02:00 extraction done configuration=83/84 dataset=exchange_rate model=chronos2 lags=504 horizon=168 retrieval=instance_euclidean_15_online

2026-08-05T11:09:30+02:00 extraction start configuration=84/84 dataset=exchange_rate model=chronos2 lags=504 horizon=168 retrieval=instance_euclidean_20_online period=24 datastore_stride=24 adapt_stride=24 eval_stride=128 max_store_windows=30000 seed=1
2026-08-05 11:09:32,864 INFO [__main__] ========================================================================
2026-08-05 11:09:32,865 INFO [__main__] experiment start kind=extraction dataset=exchange_rate model=chronos2 lags=504 horizon=168 neighbors=20 distance=instance/euclidean
2026-08-05 11:09:33,158 INFO [__main__] extraction skipped dir=/home/h61084/codes/adapts/outputs/extractions/exchange_rate/504_168/chronos2/instance_euclidean_20_online/extracted reason=complete
2026-08-05 11:09:33,158 INFO [__main__] ========================================================================
2026-08-05T11:09:33+02:00 extraction done configuration=84/84 dataset=exchange_rate model=chronos2 lags=504 horizon=168 retrieval=instance_euclidean_20_online

2026-08-05T11:09:33+02:00 job done kind=adaptation_extraction output=outputs/extractions

2026-08-05T11:09:33+02:00 job start kind=gates experiment_mode=k_ablation skip_complete=false tasks=72 datasets=Electricity,Traffic,Solar,exchange_rate models=chronos2 settings=168:24,336:48,504:168 distance_spaces=instance distance_metrics=euclidean neighbors=1,3,5,10,15,20 methods=catboost_avgy_regressor_shared,catboost_cov_regressor_shared,bayes_cov_shared task_type=CPU thread_count=2 horizon_fits=serial allocated_cpus=16 results_root=outputs/adaptation_results/k_ablation
2026-08-05 11:09:35,525 INFO [__main__] extraction validation directory=outputs/extractions/Electricity/168_24/chronos2/instance_euclidean_1_online/extracted status=complete

2026-08-05T11:09:35+02:00 gates start configuration=1/72 dataset=Electricity model=chronos2 lags=168 horizon=24 retrieval=instance_euclidean_1_online family=gates iterations=300 learning_rate=0.03 depth=4 early_stopping_rounds=50 task_type=CPU thread_count=2 horizon_fits=serial validation_fraction=0.2 seed=1 max_t1_fit_samples=none max_t2_valid_samples=none max_adapt_refit_samples=none fit_sample_seed=1
2026-08-05 11:09:38,116 INFO [__main__] ========================================================================
2026-08-05 11:09:38,117 INFO [__main__] selected methods=('catboost_avgy_regressor_shared', 'catboost_cov_regressor_shared', 'bayes_cov_shared')
2026-08-05 11:09:40,514 INFO [__main__] gate fitting start candidate=cov
2026-08-05 11:09:45,351 INFO [__main__] gate fitting done candidate=cov
2026-08-05 11:09:45,351 INFO [__main__] gate fitting start candidate=avgy
2026-08-05 11:09:48,730 INFO [__main__] gate fitting done candidate=avgy
2026-08-05 11:09:49,590 INFO [__main__] experiment done seconds=11.47
2026-08-05 11:09:49,590 INFO [__main__] ========================================================================
2026-08-05T11:09:50+02:00 gates done configuration=1/72 dataset=Electricity model=chronos2 lags=168 horizon=24 retrieval=instance_euclidean_1_online
2026-08-05 11:09:52,150 INFO [__main__] extraction validation directory=outputs/extractions/Electricity/168_24/chronos2/instance_euclidean_3_online/extracted status=complete

2026-08-05T11:09:52+02:00 gates start configuration=2/72 dataset=Electricity model=chronos2 lags=168 horizon=24 retrieval=instance_euclidean_3_online family=gates iterations=300 learning_rate=0.03 depth=4 early_stopping_rounds=50 task_type=CPU thread_count=2 horizon_fits=serial validation_fraction=0.2 seed=1 max_t1_fit_samples=none max_t2_valid_samples=none max_adapt_refit_samples=none fit_sample_seed=1
2026-08-05 11:09:54,858 INFO [__main__] ========================================================================
2026-08-05 11:09:54,858 INFO [__main__] selected methods=('catboost_avgy_regressor_shared', 'catboost_cov_regressor_shared', 'bayes_cov_shared')
2026-08-05 11:09:58,369 INFO [__main__] gate fitting start candidate=cov
2026-08-05 11:10:00,773 INFO [__main__] gate fitting done candidate=cov
2026-08-05 11:10:00,773 INFO [__main__] gate fitting start candidate=avgy
2026-08-05 11:10:02,590 INFO [__main__] gate fitting done candidate=avgy
2026-08-05 11:10:03,376 INFO [__main__] experiment done seconds=8.51
2026-08-05 11:10:03,376 INFO [__main__] ========================================================================
2026-08-05T11:10:03+02:00 gates done configuration=2/72 dataset=Electricity model=chronos2 lags=168 horizon=24 retrieval=instance_euclidean_3_online
2026-08-05 11:10:05,850 INFO [__main__] extraction validation directory=outputs/extractions/Electricity/168_24/chronos2/instance_euclidean_5_online/extracted status=complete

2026-08-05T11:10:06+02:00 gates start configuration=3/72 dataset=Electricity model=chronos2 lags=168 horizon=24 retrieval=instance_euclidean_5_online family=gates iterations=300 learning_rate=0.03 depth=4 early_stopping_rounds=50 task_type=CPU thread_count=2 horizon_fits=serial validation_fraction=0.2 seed=1 max_t1_fit_samples=none max_t2_valid_samples=none max_adapt_refit_samples=none fit_sample_seed=1
2026-08-05 11:10:08,475 INFO [__main__] ========================================================================
2026-08-05 11:10:08,476 INFO [__main__] selected methods=('catboost_avgy_regressor_shared', 'catboost_cov_regressor_shared', 'bayes_cov_shared')
2026-08-05 11:10:19,388 INFO [__main__] gate fitting start candidate=cov
2026-08-05 11:10:21,658 INFO [__main__] gate fitting done candidate=cov
2026-08-05 11:10:21,658 INFO [__main__] gate fitting start candidate=avgy
2026-08-05 11:10:23,305 INFO [__main__] gate fitting done candidate=avgy
2026-08-05 11:10:24,092 INFO [__main__] experiment done seconds=15.61
2026-08-05 11:10:24,092 INFO [__main__] ========================================================================
2026-08-05T11:10:24+02:00 gates done configuration=3/72 dataset=Electricity model=chronos2 lags=168 horizon=24 retrieval=instance_euclidean_5_online
2026-08-05 11:10:26,643 INFO [__main__] extraction validation directory=outputs/extractions/Electricity/168_24/chronos2/instance_euclidean_10_online/extracted status=complete

2026-08-05T11:10:26+02:00 gates start configuration=4/72 dataset=Electricity model=chronos2 lags=168 horizon=24 retrieval=instance_euclidean_10_online family=gates iterations=300 learning_rate=0.03 depth=4 early_stopping_rounds=50 task_type=CPU thread_count=2 horizon_fits=serial validation_fraction=0.2 seed=1 max_t1_fit_samples=none max_t2_valid_samples=none max_adapt_refit_samples=none fit_sample_seed=1
2026-08-05 11:10:29,351 INFO [__main__] ========================================================================
2026-08-05 11:10:29,351 INFO [__main__] selected methods=('catboost_avgy_regressor_shared', 'catboost_cov_regressor_shared', 'bayes_cov_shared')
2026-08-05 11:10:53,312 INFO [__main__] gate fitting start candidate=cov
2026-08-05 11:10:56,303 INFO [__main__] gate fitting done candidate=cov
2026-08-05 11:10:56,303 INFO [__main__] gate fitting start candidate=avgy
2026-08-05 11:10:58,020 INFO [__main__] gate fitting done candidate=avgy
2026-08-05 11:10:58,912 INFO [__main__] experiment done seconds=29.56
2026-08-05 11:10:58,912 INFO [__main__] ========================================================================
2026-08-05T11:10:59+02:00 gates done configuration=4/72 dataset=Electricity model=chronos2 lags=168 horizon=24 retrieval=instance_euclidean_10_online
2026-08-05 11:11:01,769 INFO [__main__] extraction validation directory=outputs/extractions/Electricity/168_24/chronos2/instance_euclidean_15_online/extracted status=complete

2026-08-05T11:11:02+02:00 gates start configuration=5/72 dataset=Electricity model=chronos2 lags=168 horizon=24 retrieval=instance_euclidean_15_online family=gates iterations=300 learning_rate=0.03 depth=4 early_stopping_rounds=50 task_type=CPU thread_count=2 horizon_fits=serial validation_fraction=0.2 seed=1 max_t1_fit_samples=none max_t2_valid_samples=none max_adapt_refit_samples=none fit_sample_seed=1
2026-08-05 11:11:04,536 INFO [__main__] ========================================================================
2026-08-05 11:11:04,537 INFO [__main__] selected methods=('catboost_avgy_regressor_shared', 'catboost_cov_regressor_shared', 'bayes_cov_shared')
2026-08-05 11:11:34,772 INFO [__main__] gate fitting start candidate=cov
2026-08-05 11:11:37,327 INFO [__main__] gate fitting done candidate=cov
2026-08-05 11:11:37,327 INFO [__main__] gate fitting start candidate=avgy
2026-08-05 11:11:38,799 INFO [__main__] gate fitting done candidate=avgy
2026-08-05 11:11:39,585 INFO [__main__] experiment done seconds=35.04
2026-08-05 11:11:39,585 INFO [__main__] ========================================================================
2026-08-05T11:11:40+02:00 gates done configuration=5/72 dataset=Electricity model=chronos2 lags=168 horizon=24 retrieval=instance_euclidean_15_online
2026-08-05 11:11:42,132 INFO [__main__] extraction validation directory=outputs/extractions/Electricity/168_24/chronos2/instance_euclidean_20_online/extracted status=complete

2026-08-05T11:11:42+02:00 gates start configuration=6/72 dataset=Electricity model=chronos2 lags=168 horizon=24 retrieval=instance_euclidean_20_online family=gates iterations=300 learning_rate=0.03 depth=4 early_stopping_rounds=50 task_type=CPU thread_count=2 horizon_fits=serial validation_fraction=0.2 seed=1 max_t1_fit_samples=none max_t2_valid_samples=none max_adapt_refit_samples=none fit_sample_seed=1
2026-08-05 11:11:44,759 INFO [__main__] ========================================================================
2026-08-05 11:11:44,759 INFO [__main__] selected methods=('catboost_avgy_regressor_shared', 'catboost_cov_regressor_shared', 'bayes_cov_shared')
2026-08-05 11:12:20,956 INFO [__main__] gate fitting start candidate=cov
2026-08-05 11:12:23,432 INFO [__main__] gate fitting done candidate=cov
2026-08-05 11:12:23,432 INFO [__main__] gate fitting start candidate=avgy
2026-08-05 11:12:25,151 INFO [__main__] gate fitting done candidate=avgy
2026-08-05 11:12:26,003 INFO [__main__] experiment done seconds=41.24
2026-08-05 11:12:26,003 INFO [__main__] ========================================================================
2026-08-05T11:12:26+02:00 gates done configuration=6/72 dataset=Electricity model=chronos2 lags=168 horizon=24 retrieval=instance_euclidean_20_online
2026-08-05 11:12:28,823 INFO [__main__] extraction validation directory=outputs/extractions/Electricity/336_48/chronos2/instance_euclidean_1_online/extracted status=complete

2026-08-05T11:12:29+02:00 gates start configuration=7/72 dataset=Electricity model=chronos2 lags=336 horizon=48 retrieval=instance_euclidean_1_online family=gates iterations=300 learning_rate=0.03 depth=4 early_stopping_rounds=50 task_type=CPU thread_count=2 horizon_fits=serial validation_fraction=0.2 seed=1 max_t1_fit_samples=none max_t2_valid_samples=none max_adapt_refit_samples=none fit_sample_seed=1
2026-08-05 11:12:31,590 INFO [__main__] ========================================================================
2026-08-05 11:12:31,590 INFO [__main__] selected methods=('catboost_avgy_regressor_shared', 'catboost_cov_regressor_shared', 'bayes_cov_shared')
2026-08-05 11:12:34,500 INFO [__main__] gate fitting start candidate=cov
2026-08-05 11:12:36,984 INFO [__main__] gate fitting done candidate=cov
2026-08-05 11:12:36,984 INFO [__main__] gate fitting start candidate=avgy
2026-08-05 11:12:38,923 INFO [__main__] gate fitting done candidate=avgy
2026-08-05 11:12:39,737 INFO [__main__] experiment done seconds=8.14
2026-08-05 11:12:39,737 INFO [__main__] ========================================================================
2026-08-05T11:12:40+02:00 gates done configuration=7/72 dataset=Electricity model=chronos2 lags=336 horizon=48 retrieval=instance_euclidean_1_online
2026-08-05 11:12:42,263 INFO [__main__] extraction validation directory=outputs/extractions/Electricity/336_48/chronos2/instance_euclidean_3_online/extracted status=complete

2026-08-05T11:12:42+02:00 gates start configuration=8/72 dataset=Electricity model=chronos2 lags=336 horizon=48 retrieval=instance_euclidean_3_online family=gates iterations=300 learning_rate=0.03 depth=4 early_stopping_rounds=50 task_type=CPU thread_count=2 horizon_fits=serial validation_fraction=0.2 seed=1 max_t1_fit_samples=none max_t2_valid_samples=none max_adapt_refit_samples=none fit_sample_seed=1
2026-08-05 11:12:44,889 INFO [__main__] ========================================================================
2026-08-05 11:12:44,889 INFO [__main__] selected methods=('catboost_avgy_regressor_shared', 'catboost_cov_regressor_shared', 'bayes_cov_shared')
2026-08-05 11:12:48,947 INFO [__main__] gate fitting start candidate=cov
2026-08-05 11:12:51,704 INFO [__main__] gate fitting done candidate=cov
2026-08-05 11:12:51,704 INFO [__main__] gate fitting start candidate=avgy
2026-08-05 11:12:53,484 INFO [__main__] gate fitting done candidate=avgy
2026-08-05 11:12:54,291 INFO [__main__] experiment done seconds=9.40
2026-08-05 11:12:54,291 INFO [__main__] ========================================================================
2026-08-05T11:12:54+02:00 gates done configuration=8/72 dataset=Electricity model=chronos2 lags=336 horizon=48 retrieval=instance_euclidean_3_online
2026-08-05 11:12:56,789 INFO [__main__] extraction validation directory=outputs/extractions/Electricity/336_48/chronos2/instance_euclidean_5_online/extracted status=complete

2026-08-05T11:12:57+02:00 gates start configuration=9/72 dataset=Electricity model=chronos2 lags=336 horizon=48 retrieval=instance_euclidean_5_online family=gates iterations=300 learning_rate=0.03 depth=4 early_stopping_rounds=50 task_type=CPU thread_count=2 horizon_fits=serial validation_fraction=0.2 seed=1 max_t1_fit_samples=none max_t2_valid_samples=none max_adapt_refit_samples=none fit_sample_seed=1
2026-08-05 11:12:59,514 INFO [__main__] ========================================================================
2026-08-05 11:12:59,515 INFO [__main__] selected methods=('catboost_avgy_regressor_shared', 'catboost_cov_regressor_shared', 'bayes_cov_shared')
2026-08-05 11:13:23,354 INFO [__main__] gate fitting start candidate=cov
2026-08-05 11:13:26,346 INFO [__main__] gate fitting done candidate=cov
2026-08-05 11:13:26,346 INFO [__main__] gate fitting start candidate=avgy
2026-08-05 11:13:28,110 INFO [__main__] gate fitting done candidate=avgy
2026-08-05 11:13:28,935 INFO [__main__] experiment done seconds=29.42
2026-08-05 11:13:28,935 INFO [__main__] ========================================================================
2026-08-05T11:13:29+02:00 gates done configuration=9/72 dataset=Electricity model=chronos2 lags=336 horizon=48 retrieval=instance_euclidean_5_online
2026-08-05 11:13:31,529 INFO [__main__] extraction validation directory=outputs/extractions/Electricity/336_48/chronos2/instance_euclidean_10_online/extracted status=complete

2026-08-05T11:13:31+02:00 gates start configuration=10/72 dataset=Electricity model=chronos2 lags=336 horizon=48 retrieval=instance_euclidean_10_online family=gates iterations=300 learning_rate=0.03 depth=4 early_stopping_rounds=50 task_type=CPU thread_count=2 horizon_fits=serial validation_fraction=0.2 seed=1 max_t1_fit_samples=none max_t2_valid_samples=none max_adapt_refit_samples=none fit_sample_seed=1
2026-08-05 11:13:34,117 INFO [__main__] ========================================================================
2026-08-05 11:13:34,117 INFO [__main__] selected methods=('catboost_avgy_regressor_shared', 'catboost_cov_regressor_shared', 'bayes_cov_shared')
2026-08-05 11:14:10,509 INFO [__main__] gate fitting start candidate=cov
2026-08-05 11:14:13,561 INFO [__main__] gate fitting done candidate=cov
2026-08-05 11:14:13,561 INFO [__main__] gate fitting start candidate=avgy
2026-08-05 11:14:15,502 INFO [__main__] gate fitting done candidate=avgy
2026-08-05 11:14:16,296 INFO [__main__] experiment done seconds=42.18
2026-08-05 11:14:16,296 INFO [__main__] ========================================================================
2026-08-05T11:14:16+02:00 gates done configuration=10/72 dataset=Electricity model=chronos2 lags=336 horizon=48 retrieval=instance_euclidean_10_online
2026-08-05 11:14:18,768 INFO [__main__] extraction validation directory=outputs/extractions/Electricity/336_48/chronos2/instance_euclidean_15_online/extracted status=complete

2026-08-05T11:14:19+02:00 gates start configuration=11/72 dataset=Electricity model=chronos2 lags=336 horizon=48 retrieval=instance_euclidean_15_online family=gates iterations=300 learning_rate=0.03 depth=4 early_stopping_rounds=50 task_type=CPU thread_count=2 horizon_fits=serial validation_fraction=0.2 seed=1 max_t1_fit_samples=none max_t2_valid_samples=none max_adapt_refit_samples=none fit_sample_seed=1
2026-08-05 11:14:21,334 INFO [__main__] ========================================================================
2026-08-05 11:14:21,334 INFO [__main__] selected methods=('catboost_avgy_regressor_shared', 'catboost_cov_regressor_shared', 'bayes_cov_shared')
2026-08-05 11:15:03,502 INFO [__main__] gate fitting start candidate=cov
2026-08-05 11:15:06,777 INFO [__main__] gate fitting done candidate=cov
2026-08-05 11:15:06,777 INFO [__main__] gate fitting start candidate=avgy
2026-08-05 11:15:08,639 INFO [__main__] gate fitting done candidate=avgy
2026-08-05 11:15:09,493 INFO [__main__] experiment done seconds=48.16
2026-08-05 11:15:09,493 INFO [__main__] ========================================================================
2026-08-05T11:15:10+02:00 gates done configuration=11/72 dataset=Electricity model=chronos2 lags=336 horizon=48 retrieval=instance_euclidean_15_online
2026-08-05 11:15:12,032 INFO [__main__] extraction validation directory=outputs/extractions/Electricity/336_48/chronos2/instance_euclidean_20_online/extracted status=complete

2026-08-05T11:15:12+02:00 gates start configuration=12/72 dataset=Electricity model=chronos2 lags=336 horizon=48 retrieval=instance_euclidean_20_online family=gates iterations=300 learning_rate=0.03 depth=4 early_stopping_rounds=50 task_type=CPU thread_count=2 horizon_fits=serial validation_fraction=0.2 seed=1 max_t1_fit_samples=none max_t2_valid_samples=none max_adapt_refit_samples=none fit_sample_seed=1
2026-08-05 11:15:14,509 INFO [__main__] ========================================================================
2026-08-05 11:15:14,510 INFO [__main__] selected methods=('catboost_avgy_regressor_shared', 'catboost_cov_regressor_shared', 'bayes_cov_shared')
2026-08-05 11:16:16,118 INFO [__main__] gate fitting start candidate=cov
2026-08-05 11:16:19,896 INFO [__main__] gate fitting done candidate=cov
2026-08-05 11:16:19,897 INFO [__main__] gate fitting start candidate=avgy
2026-08-05 11:16:21,960 INFO [__main__] gate fitting done candidate=avgy
2026-08-05 11:16:22,811 INFO [__main__] experiment done seconds=68.30
2026-08-05 11:16:22,811 INFO [__main__] ========================================================================
2026-08-05T11:16:23+02:00 gates done configuration=12/72 dataset=Electricity model=chronos2 lags=336 horizon=48 retrieval=instance_euclidean_20_online
2026-08-05 11:16:25,549 INFO [__main__] extraction validation directory=outputs/extractions/Electricity/504_168/chronos2/instance_euclidean_1_online/extracted status=complete

2026-08-05T11:16:25+02:00 gates start configuration=13/72 dataset=Electricity model=chronos2 lags=504 horizon=168 retrieval=instance_euclidean_1_online family=gates iterations=300 learning_rate=0.03 depth=4 early_stopping_rounds=50 task_type=CPU thread_count=2 horizon_fits=serial validation_fraction=0.2 seed=1 max_t1_fit_samples=none max_t2_valid_samples=none max_adapt_refit_samples=none fit_sample_seed=1
2026-08-05 11:16:28,189 INFO [__main__] ========================================================================
2026-08-05 11:16:28,190 INFO [__main__] selected methods=('catboost_avgy_regressor_shared', 'catboost_cov_regressor_shared', 'bayes_cov_shared')
2026-08-05 11:16:32,827 INFO [__main__] gate fitting start candidate=cov
2026-08-05 11:16:37,511 INFO [__main__] gate fitting done candidate=cov
2026-08-05 11:16:37,511 INFO [__main__] gate fitting start candidate=avgy
2026-08-05 11:16:40,212 INFO [__main__] gate fitting done candidate=avgy
2026-08-05 11:16:40,990 INFO [__main__] experiment done seconds=12.80
2026-08-05 11:16:40,990 INFO [__main__] ========================================================================
2026-08-05T11:16:41+02:00 gates done configuration=13/72 dataset=Electricity model=chronos2 lags=504 horizon=168 retrieval=instance_euclidean_1_online
2026-08-05 11:16:43,380 INFO [__main__] extraction validation directory=outputs/extractions/Electricity/504_168/chronos2/instance_euclidean_3_online/extracted status=complete

2026-08-05T11:16:43+02:00 gates start configuration=14/72 dataset=Electricity model=chronos2 lags=504 horizon=168 retrieval=instance_euclidean_3_online family=gates iterations=300 learning_rate=0.03 depth=4 early_stopping_rounds=50 task_type=CPU thread_count=2 horizon_fits=serial validation_fraction=0.2 seed=1 max_t1_fit_samples=none max_t2_valid_samples=none max_adapt_refit_samples=none fit_sample_seed=1
2026-08-05 11:16:45,954 INFO [__main__] ========================================================================
2026-08-05 11:16:45,954 INFO [__main__] selected methods=('catboost_avgy_regressor_shared', 'catboost_cov_regressor_shared', 'bayes_cov_shared')
2026-08-05 11:16:52,894 INFO [__main__] gate fitting start candidate=cov
2026-08-05 11:16:57,622 INFO [__main__] gate fitting done candidate=cov
2026-08-05 11:16:57,622 INFO [__main__] gate fitting start candidate=avgy
2026-08-05 11:17:00,848 INFO [__main__] gate fitting done candidate=avgy
2026-08-05 11:17:01,650 INFO [__main__] experiment done seconds=15.69
2026-08-05 11:17:01,650 INFO [__main__] ========================================================================
2026-08-05T11:17:02+02:00 gates done configuration=14/72 dataset=Electricity model=chronos2 lags=504 horizon=168 retrieval=instance_euclidean_3_online
2026-08-05 11:17:04,207 INFO [__main__] extraction validation directory=outputs/extractions/Electricity/504_168/chronos2/instance_euclidean_5_online/extracted status=complete

2026-08-05T11:17:04+02:00 gates start configuration=15/72 dataset=Electricity model=chronos2 lags=504 horizon=168 retrieval=instance_euclidean_5_online family=gates iterations=300 learning_rate=0.03 depth=4 early_stopping_rounds=50 task_type=CPU thread_count=2 horizon_fits=serial validation_fraction=0.2 seed=1 max_t1_fit_samples=none max_t2_valid_samples=none max_adapt_refit_samples=none fit_sample_seed=1
2026-08-05 11:17:06,698 INFO [__main__] ========================================================================
2026-08-05 11:17:06,698 INFO [__main__] selected methods=('catboost_avgy_regressor_shared', 'catboost_cov_regressor_shared', 'bayes_cov_shared')
2026-08-05 11:17:38,902 INFO [__main__] gate fitting start candidate=cov
2026-08-05 11:17:43,804 INFO [__main__] gate fitting done candidate=cov
2026-08-05 11:17:43,804 INFO [__main__] gate fitting start candidate=avgy
2026-08-05 11:17:46,937 INFO [__main__] gate fitting done candidate=avgy
2026-08-05 11:17:47,759 INFO [__main__] experiment done seconds=41.06
2026-08-05 11:17:47,759 INFO [__main__] ========================================================================
2026-08-05T11:17:48+02:00 gates done configuration=15/72 dataset=Electricity model=chronos2 lags=504 horizon=168 retrieval=instance_euclidean_5_online
2026-08-05 11:17:50,424 INFO [__main__] extraction validation directory=outputs/extractions/Electricity/504_168/chronos2/instance_euclidean_10_online/extracted status=complete

2026-08-05T11:17:50+02:00 gates start configuration=16/72 dataset=Electricity model=chronos2 lags=504 horizon=168 retrieval=instance_euclidean_10_online family=gates iterations=300 learning_rate=0.03 depth=4 early_stopping_rounds=50 task_type=CPU thread_count=2 horizon_fits=serial validation_fraction=0.2 seed=1 max_t1_fit_samples=none max_t2_valid_samples=none max_adapt_refit_samples=none fit_sample_seed=1
2026-08-05 11:17:53,095 INFO [__main__] ========================================================================
2026-08-05 11:17:53,095 INFO [__main__] selected methods=('catboost_avgy_regressor_shared', 'catboost_cov_regressor_shared', 'bayes_cov_shared')
2026-08-05 11:18:54,983 INFO [__main__] gate fitting start candidate=cov
2026-08-05 11:19:00,135 INFO [__main__] gate fitting done candidate=cov
2026-08-05 11:19:00,136 INFO [__main__] gate fitting start candidate=avgy
2026-08-05 11:19:03,156 INFO [__main__] gate fitting done candidate=avgy
2026-08-05 11:19:03,965 INFO [__main__] experiment done seconds=70.87
2026-08-05 11:19:03,965 INFO [__main__] ========================================================================
2026-08-05T11:19:04+02:00 gates done configuration=16/72 dataset=Electricity model=chronos2 lags=504 horizon=168 retrieval=instance_euclidean_10_online
2026-08-05 11:19:06,650 INFO [__main__] extraction validation directory=outputs/extractions/Electricity/504_168/chronos2/instance_euclidean_15_online/extracted status=complete

2026-08-05T11:19:06+02:00 gates start configuration=17/72 dataset=Electricity model=chronos2 lags=504 horizon=168 retrieval=instance_euclidean_15_online family=gates iterations=300 learning_rate=0.03 depth=4 early_stopping_rounds=50 task_type=CPU thread_count=2 horizon_fits=serial validation_fraction=0.2 seed=1 max_t1_fit_samples=none max_t2_valid_samples=none max_adapt_refit_samples=none fit_sample_seed=1
2026-08-05 11:19:09,209 INFO [__main__] ========================================================================
2026-08-05 11:19:09,209 INFO [__main__] selected methods=('catboost_avgy_regressor_shared', 'catboost_cov_regressor_shared', 'bayes_cov_shared')
2026-08-05 11:20:47,280 INFO [__main__] gate fitting start candidate=cov
2026-08-05 11:20:52,758 INFO [__main__] gate fitting done candidate=cov
2026-08-05 11:20:52,758 INFO [__main__] gate fitting start candidate=avgy
2026-08-05 11:20:55,682 INFO [__main__] gate fitting done candidate=avgy
2026-08-05 11:20:56,558 INFO [__main__] experiment done seconds=107.35
2026-08-05 11:20:56,558 INFO [__main__] ========================================================================
2026-08-05T11:20:57+02:00 gates done configuration=17/72 dataset=Electricity model=chronos2 lags=504 horizon=168 retrieval=instance_euclidean_15_online
2026-08-05 11:20:59,538 INFO [__main__] extraction validation directory=outputs/extractions/Electricity/504_168/chronos2/instance_euclidean_20_online/extracted status=complete

2026-08-05T11:20:59+02:00 gates start configuration=18/72 dataset=Electricity model=chronos2 lags=504 horizon=168 retrieval=instance_euclidean_20_online family=gates iterations=300 learning_rate=0.03 depth=4 early_stopping_rounds=50 task_type=CPU thread_count=2 horizon_fits=serial validation_fraction=0.2 seed=1 max_t1_fit_samples=none max_t2_valid_samples=none max_adapt_refit_samples=none fit_sample_seed=1
2026-08-05 11:21:02,161 INFO [__main__] ========================================================================
2026-08-05 11:21:02,161 INFO [__main__] selected methods=('catboost_avgy_regressor_shared', 'catboost_cov_regressor_shared', 'bayes_cov_shared')
2026-08-05 11:23:32,107 INFO [__main__] gate fitting start candidate=cov
2026-08-05 11:23:37,146 INFO [__main__] gate fitting done candidate=cov
2026-08-05 11:23:37,146 INFO [__main__] gate fitting start candidate=avgy
2026-08-05 11:23:40,150 INFO [__main__] gate fitting done candidate=avgy
2026-08-05 11:23:41,042 INFO [__main__] experiment done seconds=158.88
2026-08-05 11:23:41,042 INFO [__main__] ========================================================================
2026-08-05T11:23:41+02:00 gates done configuration=18/72 dataset=Electricity model=chronos2 lags=504 horizon=168 retrieval=instance_euclidean_20_online
2026-08-05 11:23:44,151 INFO [__main__] extraction validation directory=outputs/extractions/Traffic/168_24/chronos2/instance_euclidean_1_online/extracted status=complete

2026-08-05T11:23:44+02:00 gates start configuration=19/72 dataset=Traffic model=chronos2 lags=168 horizon=24 retrieval=instance_euclidean_1_online family=gates iterations=300 learning_rate=0.03 depth=4 early_stopping_rounds=50 task_type=CPU thread_count=2 horizon_fits=serial validation_fraction=0.2 seed=1 max_t1_fit_samples=none max_t2_valid_samples=none max_adapt_refit_samples=none fit_sample_seed=1
2026-08-05 11:23:46,794 INFO [__main__] ========================================================================
2026-08-05 11:23:46,794 INFO [__main__] selected methods=('catboost_avgy_regressor_shared', 'catboost_cov_regressor_shared', 'bayes_cov_shared')
2026-08-05 11:23:49,842 INFO [__main__] gate fitting start candidate=cov
2026-08-05 11:23:55,000 INFO [__main__] gate fitting done candidate=cov
2026-08-05 11:23:55,000 INFO [__main__] gate fitting start candidate=avgy
2026-08-05 11:23:57,602 INFO [__main__] gate fitting done candidate=avgy
2026-08-05 11:23:58,401 INFO [__main__] experiment done seconds=11.60
2026-08-05 11:23:58,401 INFO [__main__] ========================================================================
2026-08-05T11:23:58+02:00 gates done configuration=19/72 dataset=Traffic model=chronos2 lags=168 horizon=24 retrieval=instance_euclidean_1_online
2026-08-05 11:24:01,000 INFO [__main__] extraction validation directory=outputs/extractions/Traffic/168_24/chronos2/instance_euclidean_3_online/extracted status=complete

2026-08-05T11:24:01+02:00 gates start configuration=20/72 dataset=Traffic model=chronos2 lags=168 horizon=24 retrieval=instance_euclidean_3_online family=gates iterations=300 learning_rate=0.03 depth=4 early_stopping_rounds=50 task_type=CPU thread_count=2 horizon_fits=serial validation_fraction=0.2 seed=1 max_t1_fit_samples=none max_t2_valid_samples=none max_adapt_refit_samples=none fit_sample_seed=1
2026-08-05 11:24:03,726 INFO [__main__] ========================================================================
2026-08-05 11:24:03,726 INFO [__main__] selected methods=('catboost_avgy_regressor_shared', 'catboost_cov_regressor_shared', 'bayes_cov_shared')
2026-08-05 11:24:08,360 INFO [__main__] gate fitting start candidate=cov
2026-08-05 11:24:13,195 INFO [__main__] gate fitting done candidate=cov
2026-08-05 11:24:13,195 INFO [__main__] gate fitting start candidate=avgy
2026-08-05 11:24:16,559 INFO [__main__] gate fitting done candidate=avgy
2026-08-05 11:24:17,344 INFO [__main__] experiment done seconds=13.61
2026-08-05 11:24:17,344 INFO [__main__] ========================================================================
2026-08-05T11:24:17+02:00 gates done configuration=20/72 dataset=Traffic model=chronos2 lags=168 horizon=24 retrieval=instance_euclidean_3_online
2026-08-05 11:24:19,880 INFO [__main__] extraction validation directory=outputs/extractions/Traffic/168_24/chronos2/instance_euclidean_5_online/extracted status=complete

2026-08-05T11:24:20+02:00 gates start configuration=21/72 dataset=Traffic model=chronos2 lags=168 horizon=24 retrieval=instance_euclidean_5_online family=gates iterations=300 learning_rate=0.03 depth=4 early_stopping_rounds=50 task_type=CPU thread_count=2 horizon_fits=serial validation_fraction=0.2 seed=1 max_t1_fit_samples=none max_t2_valid_samples=none max_adapt_refit_samples=none fit_sample_seed=1
2026-08-05 11:24:22,521 INFO [__main__] ========================================================================
2026-08-05 11:24:22,521 INFO [__main__] selected methods=('catboost_avgy_regressor_shared', 'catboost_cov_regressor_shared', 'bayes_cov_shared')
2026-08-05 11:24:39,336 INFO [__main__] gate fitting start candidate=cov
2026-08-05 11:24:43,688 INFO [__main__] gate fitting done candidate=cov
2026-08-05 11:24:43,688 INFO [__main__] gate fitting start candidate=avgy
2026-08-05 11:24:47,139 INFO [__main__] gate fitting done candidate=avgy
2026-08-05 11:24:47,959 INFO [__main__] experiment done seconds=25.43
2026-08-05 11:24:47,959 INFO [__main__] ========================================================================
2026-08-05T11:24:48+02:00 gates done configuration=21/72 dataset=Traffic model=chronos2 lags=168 horizon=24 retrieval=instance_euclidean_5_online
2026-08-05 11:24:50,703 INFO [__main__] extraction validation directory=outputs/extractions/Traffic/168_24/chronos2/instance_euclidean_10_online/extracted status=complete

2026-08-05T11:24:50+02:00 gates start configuration=22/72 dataset=Traffic model=chronos2 lags=168 horizon=24 retrieval=instance_euclidean_10_online family=gates iterations=300 learning_rate=0.03 depth=4 early_stopping_rounds=50 task_type=CPU thread_count=2 horizon_fits=serial validation_fraction=0.2 seed=1 max_t1_fit_samples=none max_t2_valid_samples=none max_adapt_refit_samples=none fit_sample_seed=1
2026-08-05 11:24:53,277 INFO [__main__] ========================================================================
2026-08-05 11:24:53,277 INFO [__main__] selected methods=('catboost_avgy_regressor_shared', 'catboost_cov_regressor_shared', 'bayes_cov_shared')
2026-08-05 11:25:37,562 INFO [__main__] gate fitting start candidate=cov
2026-08-05 11:25:41,024 INFO [__main__] gate fitting done candidate=cov
2026-08-05 11:25:41,024 INFO [__main__] gate fitting start candidate=avgy
2026-08-05 11:25:46,205 INFO [__main__] gate fitting done candidate=avgy
2026-08-05 11:25:46,965 INFO [__main__] experiment done seconds=53.68
2026-08-05 11:25:46,965 INFO [__main__] ========================================================================
2026-08-05T11:25:47+02:00 gates done configuration=22/72 dataset=Traffic model=chronos2 lags=168 horizon=24 retrieval=instance_euclidean_10_online
2026-08-05 11:25:49,459 INFO [__main__] extraction validation directory=outputs/extractions/Traffic/168_24/chronos2/instance_euclidean_15_online/extracted status=complete

2026-08-05T11:25:49+02:00 gates start configuration=23/72 dataset=Traffic model=chronos2 lags=168 horizon=24 retrieval=instance_euclidean_15_online family=gates iterations=300 learning_rate=0.03 depth=4 early_stopping_rounds=50 task_type=CPU thread_count=2 horizon_fits=serial validation_fraction=0.2 seed=1 max_t1_fit_samples=none max_t2_valid_samples=none max_adapt_refit_samples=none fit_sample_seed=1
2026-08-05 11:25:52,184 INFO [__main__] ========================================================================
2026-08-05 11:25:52,184 INFO [__main__] selected methods=('catboost_avgy_regressor_shared', 'catboost_cov_regressor_shared', 'bayes_cov_shared')
2026-08-05 11:26:41,853 INFO [__main__] gate fitting start candidate=cov
2026-08-05 11:26:45,649 INFO [__main__] gate fitting done candidate=cov
2026-08-05 11:26:45,649 INFO [__main__] gate fitting start candidate=avgy
2026-08-05 11:26:53,242 INFO [__main__] gate fitting done candidate=avgy
2026-08-05 11:26:54,142 INFO [__main__] experiment done seconds=61.96
2026-08-05 11:26:54,142 INFO [__main__] ========================================================================
2026-08-05T11:26:54+02:00 gates done configuration=23/72 dataset=Traffic model=chronos2 lags=168 horizon=24 retrieval=instance_euclidean_15_online
2026-08-05 11:26:57,122 INFO [__main__] extraction validation directory=outputs/extractions/Traffic/168_24/chronos2/instance_euclidean_20_online/extracted status=complete

2026-08-05T11:26:57+02:00 gates start configuration=24/72 dataset=Traffic model=chronos2 lags=168 horizon=24 retrieval=instance_euclidean_20_online family=gates iterations=300 learning_rate=0.03 depth=4 early_stopping_rounds=50 task_type=CPU thread_count=2 horizon_fits=serial validation_fraction=0.2 seed=1 max_t1_fit_samples=none max_t2_valid_samples=none max_adapt_refit_samples=none fit_sample_seed=1
2026-08-05 11:26:59,698 INFO [__main__] ========================================================================
2026-08-05 11:26:59,698 INFO [__main__] selected methods=('catboost_avgy_regressor_shared', 'catboost_cov_regressor_shared', 'bayes_cov_shared')
2026-08-05 11:28:05,176 INFO [__main__] gate fitting start candidate=cov
2026-08-05 11:28:08,557 INFO [__main__] gate fitting done candidate=cov
2026-08-05 11:28:08,557 INFO [__main__] gate fitting start candidate=avgy
2026-08-05 11:28:16,757 INFO [__main__] gate fitting done candidate=avgy
2026-08-05 11:28:17,611 INFO [__main__] experiment done seconds=77.91
2026-08-05 11:28:17,611 INFO [__main__] ========================================================================
2026-08-05T11:28:18+02:00 gates done configuration=24/72 dataset=Traffic model=chronos2 lags=168 horizon=24 retrieval=instance_euclidean_20_online
2026-08-05 11:28:20,569 INFO [__main__] extraction validation directory=outputs/extractions/Traffic/336_48/chronos2/instance_euclidean_1_online/extracted status=complete

2026-08-05T11:28:20+02:00 gates start configuration=25/72 dataset=Traffic model=chronos2 lags=336 horizon=48 retrieval=instance_euclidean_1_online family=gates iterations=300 learning_rate=0.03 depth=4 early_stopping_rounds=50 task_type=CPU thread_count=2 horizon_fits=serial validation_fraction=0.2 seed=1 max_t1_fit_samples=none max_t2_valid_samples=none max_adapt_refit_samples=none fit_sample_seed=1
2026-08-05 11:28:23,272 INFO [__main__] ========================================================================
2026-08-05 11:28:23,272 INFO [__main__] selected methods=('catboost_avgy_regressor_shared', 'catboost_cov_regressor_shared', 'bayes_cov_shared')
2026-08-05 11:28:27,433 INFO [__main__] gate fitting start candidate=cov
2026-08-05 11:28:35,983 INFO [__main__] gate fitting done candidate=cov
2026-08-05 11:28:35,983 INFO [__main__] gate fitting start candidate=avgy
2026-08-05 11:28:43,413 INFO [__main__] gate fitting done candidate=avgy
2026-08-05 11:28:44,185 INFO [__main__] experiment done seconds=20.91
2026-08-05 11:28:44,185 INFO [__main__] ========================================================================
2026-08-05T11:28:44+02:00 gates done configuration=25/72 dataset=Traffic model=chronos2 lags=336 horizon=48 retrieval=instance_euclidean_1_online
2026-08-05 11:28:46,665 INFO [__main__] extraction validation directory=outputs/extractions/Traffic/336_48/chronos2/instance_euclidean_3_online/extracted status=complete

2026-08-05T11:28:46+02:00 gates start configuration=26/72 dataset=Traffic model=chronos2 lags=336 horizon=48 retrieval=instance_euclidean_3_online family=gates iterations=300 learning_rate=0.03 depth=4 early_stopping_rounds=50 task_type=CPU thread_count=2 horizon_fits=serial validation_fraction=0.2 seed=1 max_t1_fit_samples=none max_t2_valid_samples=none max_adapt_refit_samples=none fit_sample_seed=1
2026-08-05 11:28:49,327 INFO [__main__] ========================================================================
2026-08-05 11:28:49,327 INFO [__main__] selected methods=('catboost_avgy_regressor_shared', 'catboost_cov_regressor_shared', 'bayes_cov_shared')
2026-08-05 11:28:55,857 INFO [__main__] gate fitting start candidate=cov
2026-08-05 11:29:01,023 INFO [__main__] gate fitting done candidate=cov
2026-08-05 11:29:01,023 INFO [__main__] gate fitting start candidate=avgy
2026-08-05 11:29:08,600 INFO [__main__] gate fitting done candidate=avgy
2026-08-05 11:29:09,386 INFO [__main__] experiment done seconds=20.06
2026-08-05 11:29:09,386 INFO [__main__] ========================================================================
2026-08-05T11:29:09+02:00 gates done configuration=26/72 dataset=Traffic model=chronos2 lags=336 horizon=48 retrieval=instance_euclidean_3_online
2026-08-05 11:29:12,010 INFO [__main__] extraction validation directory=outputs/extractions/Traffic/336_48/chronos2/instance_euclidean_5_online/extracted status=complete

2026-08-05T11:29:12+02:00 gates start configuration=27/72 dataset=Traffic model=chronos2 lags=336 horizon=48 retrieval=instance_euclidean_5_online family=gates iterations=300 learning_rate=0.03 depth=4 early_stopping_rounds=50 task_type=CPU thread_count=2 horizon_fits=serial validation_fraction=0.2 seed=1 max_t1_fit_samples=none max_t2_valid_samples=none max_adapt_refit_samples=none fit_sample_seed=1
2026-08-05 11:29:14,708 INFO [__main__] ========================================================================
2026-08-05 11:29:14,708 INFO [__main__] selected methods=('catboost_avgy_regressor_shared', 'catboost_cov_regressor_shared', 'bayes_cov_shared')
2026-08-05 11:29:49,869 INFO [__main__] gate fitting start candidate=cov
2026-08-05 11:29:55,019 INFO [__main__] gate fitting done candidate=cov
2026-08-05 11:29:55,020 INFO [__main__] gate fitting start candidate=avgy
2026-08-05 11:30:03,401 INFO [__main__] gate fitting done candidate=avgy
2026-08-05 11:30:04,244 INFO [__main__] experiment done seconds=49.53
2026-08-05 11:30:04,245 INFO [__main__] ========================================================================
2026-08-05T11:30:04+02:00 gates done configuration=27/72 dataset=Traffic model=chronos2 lags=336 horizon=48 retrieval=instance_euclidean_5_online
2026-08-05 11:30:07,108 INFO [__main__] extraction validation directory=outputs/extractions/Traffic/336_48/chronos2/instance_euclidean_10_online/extracted status=complete

2026-08-05T11:30:07+02:00 gates start configuration=28/72 dataset=Traffic model=chronos2 lags=336 horizon=48 retrieval=instance_euclidean_10_online family=gates iterations=300 learning_rate=0.03 depth=4 early_stopping_rounds=50 task_type=CPU thread_count=2 horizon_fits=serial validation_fraction=0.2 seed=1 max_t1_fit_samples=none max_t2_valid_samples=none max_adapt_refit_samples=none fit_sample_seed=1
2026-08-05 11:30:09,690 INFO [__main__] ========================================================================
2026-08-05 11:30:09,690 INFO [__main__] selected methods=('catboost_avgy_regressor_shared', 'catboost_cov_regressor_shared', 'bayes_cov_shared')
2026-08-05 11:31:06,388 INFO [__main__] gate fitting start candidate=cov
2026-08-05 11:31:11,075 INFO [__main__] gate fitting done candidate=cov
2026-08-05 11:31:11,075 INFO [__main__] gate fitting start candidate=avgy
2026-08-05 11:31:18,122 INFO [__main__] gate fitting done candidate=avgy
2026-08-05 11:31:18,979 INFO [__main__] experiment done seconds=69.28
2026-08-05 11:31:18,979 INFO [__main__] ========================================================================
2026-08-05T11:31:19+02:00 gates done configuration=28/72 dataset=Traffic model=chronos2 lags=336 horizon=48 retrieval=instance_euclidean_10_online
2026-08-05 11:31:21,918 INFO [__main__] extraction validation directory=outputs/extractions/Traffic/336_48/chronos2/instance_euclidean_15_online/extracted status=complete

2026-08-05T11:31:22+02:00 gates start configuration=29/72 dataset=Traffic model=chronos2 lags=336 horizon=48 retrieval=instance_euclidean_15_online family=gates iterations=300 learning_rate=0.03 depth=4 early_stopping_rounds=50 task_type=CPU thread_count=2 horizon_fits=serial validation_fraction=0.2 seed=1 max_t1_fit_samples=none max_t2_valid_samples=none max_adapt_refit_samples=none fit_sample_seed=1
2026-08-05 11:31:24,593 INFO [__main__] ========================================================================
2026-08-05 11:31:24,593 INFO [__main__] selected methods=('catboost_avgy_regressor_shared', 'catboost_cov_regressor_shared', 'bayes_cov_shared')
2026-08-05 11:33:04,683 INFO [__main__] gate fitting start candidate=cov
2026-08-05 11:33:09,500 INFO [__main__] gate fitting done candidate=cov
2026-08-05 11:33:09,500 INFO [__main__] gate fitting start candidate=avgy
2026-08-05 11:33:18,196 INFO [__main__] gate fitting done candidate=avgy
2026-08-05 11:33:19,026 INFO [__main__] experiment done seconds=114.43
2026-08-05 11:33:19,026 INFO [__main__] ========================================================================
2026-08-05T11:33:19+02:00 gates done configuration=29/72 dataset=Traffic model=chronos2 lags=336 horizon=48 retrieval=instance_euclidean_15_online
2026-08-05 11:33:21,965 INFO [__main__] extraction validation directory=outputs/extractions/Traffic/336_48/chronos2/instance_euclidean_20_online/extracted status=complete

2026-08-05T11:33:22+02:00 gates start configuration=30/72 dataset=Traffic model=chronos2 lags=336 horizon=48 retrieval=instance_euclidean_20_online family=gates iterations=300 learning_rate=0.03 depth=4 early_stopping_rounds=50 task_type=CPU thread_count=2 horizon_fits=serial validation_fraction=0.2 seed=1 max_t1_fit_samples=none max_t2_valid_samples=none max_adapt_refit_samples=none fit_sample_seed=1
2026-08-05 11:33:24,517 INFO [__main__] ========================================================================
2026-08-05 11:33:24,517 INFO [__main__] selected methods=('catboost_avgy_regressor_shared', 'catboost_cov_regressor_shared', 'bayes_cov_shared')
2026-08-05 11:35:26,307 INFO [__main__] gate fitting start candidate=cov
2026-08-05 11:35:30,603 INFO [__main__] gate fitting done candidate=cov
2026-08-05 11:35:30,603 INFO [__main__] gate fitting start candidate=avgy
2026-08-05 11:35:39,028 INFO [__main__] gate fitting done candidate=avgy
2026-08-05 11:35:39,845 INFO [__main__] experiment done seconds=135.32
2026-08-05 11:35:39,845 INFO [__main__] ========================================================================
2026-08-05T11:35:40+02:00 gates done configuration=30/72 dataset=Traffic model=chronos2 lags=336 horizon=48 retrieval=instance_euclidean_20_online
2026-08-05 11:35:42,683 INFO [__main__] extraction validation directory=outputs/extractions/Traffic/504_168/chronos2/instance_euclidean_1_online/extracted status=complete

2026-08-05T11:35:42+02:00 gates start configuration=31/72 dataset=Traffic model=chronos2 lags=504 horizon=168 retrieval=instance_euclidean_1_online family=gates iterations=300 learning_rate=0.03 depth=4 early_stopping_rounds=50 task_type=CPU thread_count=2 horizon_fits=serial validation_fraction=0.2 seed=1 max_t1_fit_samples=none max_t2_valid_samples=none max_adapt_refit_samples=none fit_sample_seed=1
2026-08-05 11:35:45,218 INFO [__main__] ========================================================================
2026-08-05 11:35:45,218 INFO [__main__] selected methods=('catboost_avgy_regressor_shared', 'catboost_cov_regressor_shared', 'bayes_cov_shared')
2026-08-05 11:35:52,194 INFO [__main__] gate fitting start candidate=cov
2026-08-05 11:36:04,218 INFO [__main__] gate fitting done candidate=cov
2026-08-05 11:36:04,218 INFO [__main__] gate fitting start candidate=avgy
2026-08-05 11:36:13,827 INFO [__main__] gate fitting done candidate=avgy
2026-08-05 11:36:14,604 INFO [__main__] experiment done seconds=29.38
2026-08-05 11:36:14,604 INFO [__main__] ========================================================================
2026-08-05T11:36:15+02:00 gates done configuration=31/72 dataset=Traffic model=chronos2 lags=504 horizon=168 retrieval=instance_euclidean_1_online
2026-08-05 11:36:17,167 INFO [__main__] extraction validation directory=outputs/extractions/Traffic/504_168/chronos2/instance_euclidean_3_online/extracted status=complete

2026-08-05T11:36:17+02:00 gates start configuration=32/72 dataset=Traffic model=chronos2 lags=504 horizon=168 retrieval=instance_euclidean_3_online family=gates iterations=300 learning_rate=0.03 depth=4 early_stopping_rounds=50 task_type=CPU thread_count=2 horizon_fits=serial validation_fraction=0.2 seed=1 max_t1_fit_samples=none max_t2_valid_samples=none max_adapt_refit_samples=none fit_sample_seed=1
2026-08-05 11:36:19,768 INFO [__main__] ========================================================================
2026-08-05 11:36:19,768 INFO [__main__] selected methods=('catboost_avgy_regressor_shared', 'catboost_cov_regressor_shared', 'bayes_cov_shared')
2026-08-05 11:36:31,621 INFO [__main__] gate fitting start candidate=cov
2026-08-05 11:36:39,905 INFO [__main__] gate fitting done candidate=cov
2026-08-05 11:36:39,906 INFO [__main__] gate fitting start candidate=avgy
2026-08-05 11:36:50,466 INFO [__main__] gate fitting done candidate=avgy
2026-08-05 11:36:51,277 INFO [__main__] experiment done seconds=31.51
2026-08-05 11:36:51,277 INFO [__main__] ========================================================================
2026-08-05T11:36:51+02:00 gates done configuration=32/72 dataset=Traffic model=chronos2 lags=504 horizon=168 retrieval=instance_euclidean_3_online
2026-08-05 11:36:54,021 INFO [__main__] extraction validation directory=outputs/extractions/Traffic/504_168/chronos2/instance_euclidean_5_online/extracted status=complete

2026-08-05T11:36:54+02:00 gates start configuration=33/72 dataset=Traffic model=chronos2 lags=504 horizon=168 retrieval=instance_euclidean_5_online family=gates iterations=300 learning_rate=0.03 depth=4 early_stopping_rounds=50 task_type=CPU thread_count=2 horizon_fits=serial validation_fraction=0.2 seed=1 max_t1_fit_samples=none max_t2_valid_samples=none max_adapt_refit_samples=none fit_sample_seed=1
2026-08-05 11:36:56,502 INFO [__main__] ========================================================================
2026-08-05 11:36:56,502 INFO [__main__] selected methods=('catboost_avgy_regressor_shared', 'catboost_cov_regressor_shared', 'bayes_cov_shared')
2026-08-05 11:38:14,340 INFO [__main__] gate fitting start candidate=cov
