
2026-08-14T22:24:03+02:00 job start kind=adaptation_extraction family=l_ablation experiment_mode=full skip_complete=true tasks=24 datasets=Electricity,Traffic,Solar,exchange_rate models=chronos2 settings=24:24,168:24,504:24 distance_spaces=raw distance_metrics=euclidean neighbors=1

2026-08-14T22:24:03+02:00 extraction start configuration=1/24 dataset=Electricity model=chronos2 lags=24 horizon=24 retrieval=vanilla run=/home/h61084/codes/adapts/outputs/extraction/Electricity/24_24/chronos2/none/none/0/none/run_0 computation_signature=28fdf42bf512efb9f57c97836fb7f9012bc03b66ff736db6f2cea4412b7d302a period=24 align_period=false datastore_stride=25 adapt_stride=25 eval_stride=127 max_store_windows=30000 seed=1
2026-08-14 22:24:05,944 INFO [__main__] ========================================================================
2026-08-14 22:24:05,945 INFO [__main__] experiment start kind=extraction dataset=Electricity model=chronos2 lags=24 horizon=24 neighbors=0 distance=raw/euclidean
2026-08-14 22:24:06,244 INFO [__main__] dataset load start
2026-08-14 22:24:06,246 INFO [src.data.load_dataset] loaded dataset config path=/home/h61084/codes/datasets/electricity/config.json keys=['aggr', 'date_col', 'drop_users']
2026-08-14 22:24:07,018 INFO [__main__] dataset load done dates=26304 users=312
2026-08-14 22:24:07,019 INFO [__main__] model load start
2026-08-14 22:24:15,708 INFO [__main__] model load done name=chronos2 device=cuda parameters_total=119,477,664 parameters_trainable=0
2026-08-14 22:24:15,711 INFO [__main__] extraction start split=adapt queries=526
2026-08-14 22:24:50,235 INFO [__main__] extraction done split=adapt
2026-08-14 22:24:50,235 INFO [__main__] extraction start split=eval queries=42
2026-08-14 22:24:53,058 INFO [__main__] extraction done split=eval
2026-08-14 22:24:53,099 INFO [__main__] vanilla metrics saved path=/home/h61084/codes/adapts/outputs/extraction/Electricity/24_24/chronos2/none/none/0/none/run_0/vanilla_metrics.json
2026-08-14 22:24:53,106 INFO [__main__] completion marker saved path=/home/h61084/codes/adapts/outputs/extraction/Electricity/24_24/chronos2/none/none/0/none/run_0/extraction_manifest.json
2026-08-14 22:24:53,106 INFO [__main__] outputs saved dir=/home/h61084/codes/adapts/outputs/extraction/Electricity/24_24/chronos2/none/none/0/none/run_0
2026-08-14 22:24:53,106 INFO [__main__] experiment done seconds=47.15
2026-08-14 22:24:53,107 INFO [__main__] ========================================================================
2026-08-14 22:24:56,346 INFO [__main__] extraction validation directory=/home/h61084/codes/adapts/outputs/extraction/Electricity/24_24/chronos2/none/none/0/none/run_0 status=complete
2026-08-14T22:24:56+02:00 extraction done configuration=1/24 dataset=Electricity model=chronos2 lags=24 horizon=24 retrieval=vanilla

2026-08-14T22:24:57+02:00 extraction start configuration=2/24 dataset=Electricity model=chronos2 lags=24 horizon=24 retrieval=raw_euclidean_1_online run=/home/h61084/codes/adapts/outputs/extraction/Electricity/24_24/chronos2/raw/euclidean/1/online/run_0 computation_signature=2700f16b580cf58c1fa112028ea6a44df246b7542ad9497f7fa2346b3c486784 period=24 align_period=false datastore_stride=25 adapt_stride=25 eval_stride=127 max_store_windows=30000 seed=1
2026-08-14 22:24:59,704 INFO [__main__] ========================================================================
2026-08-14 22:24:59,704 INFO [__main__] experiment start kind=extraction dataset=Electricity model=chronos2 lags=24 horizon=24 neighbors=1 distance=raw/euclidean
2026-08-14 22:24:59,979 INFO [__main__] dataset load start
2026-08-14 22:24:59,980 INFO [src.data.load_dataset] loaded dataset config path=/home/h61084/codes/datasets/electricity/config.json keys=['aggr', 'date_col', 'drop_users']
2026-08-14 22:25:00,800 INFO [__main__] dataset load done dates=26304 users=312
2026-08-14 22:25:00,800 INFO [__main__] model load start
2026-08-14 22:25:09,560 INFO [__main__] model load done name=chronos2 device=cuda parameters_total=119,477,664 parameters_trainable=0
2026-08-14 22:25:09,562 INFO [__main__] extraction start split=adapt queries=526
2026-08-14 22:27:58,520 INFO [__main__] extraction done split=adapt
2026-08-14 22:27:58,520 INFO [__main__] extraction start split=eval queries=42
2026-08-14 22:28:12,208 INFO [__main__] extraction done split=eval
2026-08-14 22:28:14,568 INFO [__main__] completion marker saved path=/home/h61084/codes/adapts/outputs/extraction/Electricity/24_24/chronos2/raw/euclidean/1/online/run_0/extraction_manifest.json
2026-08-14 22:28:14,568 INFO [__main__] outputs saved dir=/home/h61084/codes/adapts/outputs/extraction/Electricity/24_24/chronos2/raw/euclidean/1/online/run_0
2026-08-14 22:28:14,568 INFO [__main__] experiment done seconds=194.86
2026-08-14 22:28:14,568 INFO [__main__] ========================================================================
2026-08-14 22:28:17,582 INFO [__main__] extraction validation directory=/home/h61084/codes/adapts/outputs/extraction/Electricity/24_24/chronos2/raw/euclidean/1/online/run_0 status=complete
2026-08-14T22:28:17+02:00 extraction done configuration=2/24 dataset=Electricity model=chronos2 lags=24 horizon=24 retrieval=raw_euclidean_1_online
2026-08-14T22:28:18+02:00 skip complete family=extraction dataset=Electricity model=chronos2 lags=168 horizon=24 retrieval=vanilla run=/home/h61084/codes/adapts/outputs/extraction/Electricity/168_24/chronos2/none/none/0/none/run_1
2026-08-14T22:28:18+02:00 skip complete family=extraction dataset=Electricity model=chronos2 lags=168 horizon=24 retrieval=raw_euclidean_1_online run=/home/h61084/codes/adapts/outputs/extraction/Electricity/168_24/chronos2/raw/euclidean/1/online/run_1
2026-08-14T22:28:18+02:00 skip complete family=extraction dataset=Electricity model=chronos2 lags=504 horizon=24 retrieval=vanilla run=/home/h61084/codes/adapts/outputs/extraction/Electricity/504_24/chronos2/none/none/0/none/run_0
2026-08-14T22:28:18+02:00 skip complete family=extraction dataset=Electricity model=chronos2 lags=504 horizon=24 retrieval=raw_euclidean_1_online run=/home/h61084/codes/adapts/outputs/extraction/Electricity/504_24/chronos2/raw/euclidean/1/online/run_0

2026-08-14T22:28:18+02:00 extraction start configuration=7/24 dataset=Traffic model=chronos2 lags=24 horizon=24 retrieval=vanilla run=/home/h61084/codes/adapts/outputs/extraction/Traffic/24_24/chronos2/none/none/0/none/run_0 computation_signature=c62ce1a550cbeeb4fdbfe791a3a99662a86ee42aaccb725ecc69a38dc9315393 period=24 align_period=false datastore_stride=25 adapt_stride=25 eval_stride=127 max_store_windows=30000 seed=1
2026-08-14 22:28:21,118 INFO [__main__] ========================================================================
2026-08-14 22:28:21,119 INFO [__main__] experiment start kind=extraction dataset=Traffic model=chronos2 lags=24 horizon=24 neighbors=0 distance=raw/euclidean
2026-08-14 22:28:21,433 INFO [__main__] dataset load start
2026-08-14 22:28:21,434 INFO [src.data.load_dataset] loaded dataset config path=/home/h61084/codes/datasets/traffic/config.json keys=['aggr', 'date_col', 'drop_users']
2026-08-14 22:28:22,594 INFO [__main__] dataset load done dates=17544 users=860
2026-08-14 22:28:22,595 INFO [__main__] model load start
2026-08-14 22:28:35,950 INFO [__main__] model load done name=chronos2 device=cuda parameters_total=119,477,664 parameters_trainable=0
2026-08-14 22:28:35,952 INFO [__main__] extraction start split=adapt queries=350
2026-08-14 22:29:23,636 INFO [__main__] extraction done split=adapt
2026-08-14 22:29:23,636 INFO [__main__] extraction start split=eval queries=28
2026-08-14 22:29:27,549 INFO [__main__] extraction done split=eval
2026-08-14 22:29:27,597 INFO [__main__] vanilla metrics saved path=/home/h61084/codes/adapts/outputs/extraction/Traffic/24_24/chronos2/none/none/0/none/run_0/vanilla_metrics.json
2026-08-14 22:29:27,602 INFO [__main__] completion marker saved path=/home/h61084/codes/adapts/outputs/extraction/Traffic/24_24/chronos2/none/none/0/none/run_0/extraction_manifest.json
2026-08-14 22:29:27,602 INFO [__main__] outputs saved dir=/home/h61084/codes/adapts/outputs/extraction/Traffic/24_24/chronos2/none/none/0/none/run_0
2026-08-14 22:29:27,602 INFO [__main__] experiment done seconds=66.48
2026-08-14 22:29:27,602 INFO [__main__] ========================================================================
2026-08-14 22:29:30,635 INFO [__main__] extraction validation directory=/home/h61084/codes/adapts/outputs/extraction/Traffic/24_24/chronos2/none/none/0/none/run_0 status=complete
2026-08-14T22:29:31+02:00 extraction done configuration=7/24 dataset=Traffic model=chronos2 lags=24 horizon=24 retrieval=vanilla

2026-08-14T22:29:31+02:00 extraction start configuration=8/24 dataset=Traffic model=chronos2 lags=24 horizon=24 retrieval=raw_euclidean_1_online run=/home/h61084/codes/adapts/outputs/extraction/Traffic/24_24/chronos2/raw/euclidean/1/online/run_0 computation_signature=c0c5c018f3262c790a838b4ee12309881ffe6cb958b7ee1557ca046d9c92a694 period=24 align_period=false datastore_stride=25 adapt_stride=25 eval_stride=127 max_store_windows=30000 seed=1
2026-08-14 22:29:33,750 INFO [__main__] ========================================================================
2026-08-14 22:29:33,751 INFO [__main__] experiment start kind=extraction dataset=Traffic model=chronos2 lags=24 horizon=24 neighbors=1 distance=raw/euclidean
2026-08-14 22:29:34,018 INFO [__main__] dataset load start
2026-08-14 22:29:34,019 INFO [src.data.load_dataset] loaded dataset config path=/home/h61084/codes/datasets/traffic/config.json keys=['aggr', 'date_col', 'drop_users']
2026-08-14 22:29:35,229 INFO [__main__] dataset load done dates=17544 users=860
2026-08-14 22:29:35,229 INFO [__main__] model load start
2026-08-14 22:29:46,853 INFO [__main__] model load done name=chronos2 device=cuda parameters_total=119,477,664 parameters_trainable=0
2026-08-14 22:29:46,855 INFO [__main__] extraction start split=adapt queries=350
2026-08-14 22:34:00,750 INFO [__main__] extraction done split=adapt
2026-08-14 22:34:00,750 INFO [__main__] extraction start split=eval queries=28
2026-08-14 22:34:21,145 INFO [__main__] extraction done split=eval
2026-08-14 22:34:22,063 INFO [__main__] completion marker saved path=/home/h61084/codes/adapts/outputs/extraction/Traffic/24_24/chronos2/raw/euclidean/1/online/run_0/extraction_manifest.json
2026-08-14 22:34:22,063 INFO [__main__] outputs saved dir=/home/h61084/codes/adapts/outputs/extraction/Traffic/24_24/chronos2/raw/euclidean/1/online/run_0
2026-08-14 22:34:22,063 INFO [__main__] experiment done seconds=288.31
2026-08-14 22:34:22,063 INFO [__main__] ========================================================================
2026-08-14 22:34:25,069 INFO [__main__] extraction validation directory=/home/h61084/codes/adapts/outputs/extraction/Traffic/24_24/chronos2/raw/euclidean/1/online/run_0 status=complete
2026-08-14T22:34:25+02:00 extraction done configuration=8/24 dataset=Traffic model=chronos2 lags=24 horizon=24 retrieval=raw_euclidean_1_online
2026-08-14T22:34:25+02:00 skip complete family=extraction dataset=Traffic model=chronos2 lags=168 horizon=24 retrieval=vanilla run=/home/h61084/codes/adapts/outputs/extraction/Traffic/168_24/chronos2/none/none/0/none/run_1
2026-08-14T22:34:25+02:00 skip complete family=extraction dataset=Traffic model=chronos2 lags=168 horizon=24 retrieval=raw_euclidean_1_online run=/home/h61084/codes/adapts/outputs/extraction/Traffic/168_24/chronos2/raw/euclidean/1/online/run_1
2026-08-14T22:34:25+02:00 skip complete family=extraction dataset=Traffic model=chronos2 lags=504 horizon=24 retrieval=vanilla run=/home/h61084/codes/adapts/outputs/extraction/Traffic/504_24/chronos2/none/none/0/none/run_0
2026-08-14T22:34:25+02:00 skip complete family=extraction dataset=Traffic model=chronos2 lags=504 horizon=24 retrieval=raw_euclidean_1_online run=/home/h61084/codes/adapts/outputs/extraction/Traffic/504_24/chronos2/raw/euclidean/1/online/run_0

2026-08-14T22:34:26+02:00 extraction start configuration=13/24 dataset=Solar model=chronos2 lags=24 horizon=24 retrieval=vanilla run=/home/h61084/codes/adapts/outputs/extraction/Solar/24_24/chronos2/none/none/0/none/run_0 computation_signature=f643efe8eaeb2ab810a6108c300d6815291749cc1387068d1782b0644c03cd20 period=24 align_period=false datastore_stride=25 adapt_stride=25 eval_stride=127 max_store_windows=30000 seed=1
2026-08-14 22:34:28,533 INFO [__main__] ========================================================================
2026-08-14 22:34:28,533 INFO [__main__] experiment start kind=extraction dataset=Solar model=chronos2 lags=24 horizon=24 neighbors=0 distance=raw/euclidean
2026-08-14 22:34:28,843 INFO [__main__] dataset load start
2026-08-14 22:34:28,844 INFO [src.data.load_dataset] loaded dataset config path=/home/h61084/codes/datasets/solar/config.json keys=['aggr', 'date_col', 'drop_users']
2026-08-14 22:34:29,265 INFO [__main__] dataset load done dates=8760 users=137
2026-08-14 22:34:29,265 INFO [__main__] model load start
2026-08-14 22:34:41,456 INFO [__main__] model load done name=chronos2 device=cuda parameters_total=119,477,664 parameters_trainable=0
2026-08-14 22:34:41,458 INFO [__main__] extraction start split=adapt queries=175
2026-08-14 22:34:46,083 INFO [__main__] extraction done split=adapt
2026-08-14 22:34:46,083 INFO [__main__] extraction start split=eval queries=14
2026-08-14 22:34:46,420 INFO [__main__] extraction done split=eval
2026-08-14 22:34:46,425 INFO [__main__] vanilla metrics saved path=/home/h61084/codes/adapts/outputs/extraction/Solar/24_24/chronos2/none/none/0/none/run_0/vanilla_metrics.json
2026-08-14 22:34:46,430 INFO [__main__] completion marker saved path=/home/h61084/codes/adapts/outputs/extraction/Solar/24_24/chronos2/none/none/0/none/run_0/extraction_manifest.json
2026-08-14 22:34:46,430 INFO [__main__] outputs saved dir=/home/h61084/codes/adapts/outputs/extraction/Solar/24_24/chronos2/none/none/0/none/run_0
2026-08-14 22:34:46,430 INFO [__main__] experiment done seconds=17.89
2026-08-14 22:34:46,430 INFO [__main__] ========================================================================
2026-08-14 22:34:49,275 INFO [__main__] extraction validation directory=/home/h61084/codes/adapts/outputs/extraction/Solar/24_24/chronos2/none/none/0/none/run_0 status=complete
2026-08-14T22:34:49+02:00 extraction done configuration=13/24 dataset=Solar model=chronos2 lags=24 horizon=24 retrieval=vanilla

2026-08-14T22:34:49+02:00 extraction start configuration=14/24 dataset=Solar model=chronos2 lags=24 horizon=24 retrieval=raw_euclidean_1_online run=/home/h61084/codes/adapts/outputs/extraction/Solar/24_24/chronos2/raw/euclidean/1/online/run_0 computation_signature=251a47d9f66d4da47b336e043d8fe8fd494f7a9c4d70c91518ff7e86bdc0d458 period=24 align_period=false datastore_stride=25 adapt_stride=25 eval_stride=127 max_store_windows=30000 seed=1
2026-08-14 22:34:52,524 INFO [__main__] ========================================================================
2026-08-14 22:34:52,524 INFO [__main__] experiment start kind=extraction dataset=Solar model=chronos2 lags=24 horizon=24 neighbors=1 distance=raw/euclidean
2026-08-14 22:34:52,843 INFO [__main__] dataset load start
2026-08-14 22:34:52,845 INFO [src.data.load_dataset] loaded dataset config path=/home/h61084/codes/datasets/solar/config.json keys=['aggr', 'date_col', 'drop_users']
2026-08-14 22:34:53,221 INFO [__main__] dataset load done dates=8760 users=137
2026-08-14 22:34:53,221 INFO [__main__] model load start
2026-08-14 22:35:02,242 INFO [__main__] model load done name=chronos2 device=cuda parameters_total=119,477,664 parameters_trainable=0
2026-08-14 22:35:02,243 INFO [__main__] extraction start split=adapt queries=175
2026-08-14 22:35:30,072 INFO [__main__] extraction done split=adapt
2026-08-14 22:35:30,072 INFO [__main__] extraction start split=eval queries=14
2026-08-14 22:35:32,555 INFO [__main__] extraction done split=eval
2026-08-14 22:35:33,375 INFO [__main__] completion marker saved path=/home/h61084/codes/adapts/outputs/extraction/Solar/24_24/chronos2/raw/euclidean/1/online/run_0/extraction_manifest.json
2026-08-14 22:35:33,376 INFO [__main__] outputs saved dir=/home/h61084/codes/adapts/outputs/extraction/Solar/24_24/chronos2/raw/euclidean/1/online/run_0
2026-08-14 22:35:33,376 INFO [__main__] experiment done seconds=40.84
2026-08-14 22:35:33,376 INFO [__main__] ========================================================================
2026-08-14 22:35:36,388 INFO [__main__] extraction validation directory=/home/h61084/codes/adapts/outputs/extraction/Solar/24_24/chronos2/raw/euclidean/1/online/run_0 status=complete
2026-08-14T22:35:36+02:00 extraction done configuration=14/24 dataset=Solar model=chronos2 lags=24 horizon=24 retrieval=raw_euclidean_1_online
2026-08-14T22:35:36+02:00 skip complete family=extraction dataset=Solar model=chronos2 lags=168 horizon=24 retrieval=vanilla run=/home/h61084/codes/adapts/outputs/extraction/Solar/168_24/chronos2/none/none/0/none/run_1
2026-08-14T22:35:36+02:00 skip complete family=extraction dataset=Solar model=chronos2 lags=168 horizon=24 retrieval=raw_euclidean_1_online run=/home/h61084/codes/adapts/outputs/extraction/Solar/168_24/chronos2/raw/euclidean/1/online/run_1

2026-08-14T22:35:37+02:00 extraction start configuration=17/24 dataset=Solar model=chronos2 lags=504 horizon=24 retrieval=vanilla run=/home/h61084/codes/adapts/outputs/extraction/Solar/504_24/chronos2/none/none/0/none/run_0 computation_signature=437b7879e5336d881b298aa1c6885aea960535da6830518b9415760c56f4cc6f period=24 align_period=false datastore_stride=25 adapt_stride=25 eval_stride=127 max_store_windows=30000 seed=1
2026-08-14 22:35:39,500 INFO [__main__] ========================================================================
2026-08-14 22:35:39,500 INFO [__main__] experiment start kind=extraction dataset=Solar model=chronos2 lags=504 horizon=24 neighbors=0 distance=raw/euclidean
2026-08-14 22:35:39,826 INFO [__main__] dataset load start
2026-08-14 22:35:39,827 INFO [src.data.load_dataset] loaded dataset config path=/home/h61084/codes/datasets/solar/config.json keys=['aggr', 'date_col', 'drop_users']
2026-08-14 22:35:40,239 INFO [__main__] dataset load done dates=8760 users=137
2026-08-14 22:35:40,240 INFO [__main__] model load start
2026-08-14 22:35:51,209 INFO [__main__] model load done name=chronos2 device=cuda parameters_total=119,477,664 parameters_trainable=0
2026-08-14 22:35:51,210 INFO [__main__] extraction start split=adapt queries=175
2026-08-14 22:36:02,386 INFO [__main__] extraction done split=adapt
2026-08-14 22:36:02,386 INFO [__main__] extraction start split=eval queries=14
2026-08-14 22:36:03,154 INFO [__main__] extraction done split=eval
2026-08-14 22:36:03,174 INFO [__main__] vanilla metrics saved path=/home/h61084/codes/adapts/outputs/extraction/Solar/504_24/chronos2/none/none/0/none/run_0/vanilla_metrics.json
2026-08-14 22:36:03,179 INFO [__main__] completion marker saved path=/home/h61084/codes/adapts/outputs/extraction/Solar/504_24/chronos2/none/none/0/none/run_0/extraction_manifest.json
2026-08-14 22:36:03,179 INFO [__main__] outputs saved dir=/home/h61084/codes/adapts/outputs/extraction/Solar/504_24/chronos2/none/none/0/none/run_0
2026-08-14 22:36:03,179 INFO [__main__] experiment done seconds=23.67
2026-08-14 22:36:03,179 INFO [__main__] ========================================================================
2026-08-14 22:36:06,323 INFO [__main__] extraction validation directory=/home/h61084/codes/adapts/outputs/extraction/Solar/504_24/chronos2/none/none/0/none/run_0 status=complete
2026-08-14T22:36:06+02:00 extraction done configuration=17/24 dataset=Solar model=chronos2 lags=504 horizon=24 retrieval=vanilla

2026-08-14T22:36:06+02:00 extraction start configuration=18/24 dataset=Solar model=chronos2 lags=504 horizon=24 retrieval=raw_euclidean_1_online run=/home/h61084/codes/adapts/outputs/extraction/Solar/504_24/chronos2/raw/euclidean/1/online/run_0 computation_signature=059d6bb2cf002bec89ec280673fde77b2e48aab98c47d91898cc0c037b75c291 period=24 align_period=false datastore_stride=25 adapt_stride=25 eval_stride=127 max_store_windows=30000 seed=1
2026-08-14 22:36:09,214 INFO [__main__] ========================================================================
2026-08-14 22:36:09,214 INFO [__main__] experiment start kind=extraction dataset=Solar model=chronos2 lags=504 horizon=24 neighbors=1 distance=raw/euclidean
2026-08-14 22:36:09,575 INFO [__main__] dataset load start
2026-08-14 22:36:09,577 INFO [src.data.load_dataset] loaded dataset config path=/home/h61084/codes/datasets/solar/config.json keys=['aggr', 'date_col', 'drop_users']
2026-08-14 22:36:09,947 INFO [__main__] dataset load done dates=8760 users=137
2026-08-14 22:36:09,947 INFO [__main__] model load start
2026-08-14 22:36:17,601 INFO [__main__] model load done name=chronos2 device=cuda parameters_total=119,477,664 parameters_trainable=0
2026-08-14 22:36:17,602 INFO [__main__] extraction start split=adapt queries=175
2026-08-14 22:37:32,339 INFO [__main__] extraction done split=adapt
2026-08-14 22:37:32,340 INFO [__main__] extraction start split=eval queries=14
2026-08-14 22:37:38,074 INFO [__main__] extraction done split=eval
2026-08-14 22:37:38,777 INFO [__main__] completion marker saved path=/home/h61084/codes/adapts/outputs/extraction/Solar/504_24/chronos2/raw/euclidean/1/online/run_0/extraction_manifest.json
2026-08-14 22:37:38,777 INFO [__main__] outputs saved dir=/home/h61084/codes/adapts/outputs/extraction/Solar/504_24/chronos2/raw/euclidean/1/online/run_0
2026-08-14 22:37:38,777 INFO [__main__] experiment done seconds=89.56
2026-08-14 22:37:38,777 INFO [__main__] ========================================================================
2026-08-14 22:37:42,098 INFO [__main__] extraction validation directory=/home/h61084/codes/adapts/outputs/extraction/Solar/504_24/chronos2/raw/euclidean/1/online/run_0 status=complete
2026-08-14T22:37:42+02:00 extraction done configuration=18/24 dataset=Solar model=chronos2 lags=504 horizon=24 retrieval=raw_euclidean_1_online

2026-08-14T22:37:42+02:00 extraction start configuration=19/24 dataset=exchange_rate model=chronos2 lags=24 horizon=24 retrieval=vanilla run=/home/h61084/codes/adapts/outputs/extraction/exchange_rate/24_24/chronos2/none/none/0/none/run_0 computation_signature=16fd757ca115b85d491189c3c6e36efacea38ba191e9aa81b6572d247dbec3fa period=24 align_period=false datastore_stride=25 adapt_stride=25 eval_stride=127 max_store_windows=30000 seed=1
2026-08-14 22:37:45,045 INFO [__main__] ========================================================================
2026-08-14 22:37:45,045 INFO [__main__] experiment start kind=extraction dataset=exchange_rate model=chronos2 lags=24 horizon=24 neighbors=0 distance=raw/euclidean
2026-08-14 22:37:45,340 INFO [__main__] dataset load start
2026-08-14 22:37:45,341 INFO [src.data.load_dataset] loaded dataset config path=/home/h61084/codes/datasets/exchange_rate/config.json keys=['aggr', 'date_col', 'drop_users']
2026-08-14 22:37:45,359 INFO [__main__] dataset load done dates=7588 users=8
2026-08-14 22:37:45,359 INFO [__main__] model load start
2026-08-14 22:37:56,760 INFO [__main__] model load done name=chronos2 device=cuda parameters_total=119,477,664 parameters_trainable=0
2026-08-14 22:37:56,761 INFO [__main__] extraction start split=adapt queries=151
2026-08-14 22:37:59,620 INFO [__main__] extraction done split=adapt
2026-08-14 22:37:59,621 INFO [__main__] extraction start split=eval queries=12
2026-08-14 22:37:59,825 INFO [__main__] extraction done split=eval
2026-08-14 22:37:59,827 INFO [__main__] vanilla metrics saved path=/home/h61084/codes/adapts/outputs/extraction/exchange_rate/24_24/chronos2/none/none/0/none/run_0/vanilla_metrics.json
2026-08-14 22:37:59,832 INFO [__main__] completion marker saved path=/home/h61084/codes/adapts/outputs/extraction/exchange_rate/24_24/chronos2/none/none/0/none/run_0/extraction_manifest.json
2026-08-14 22:37:59,832 INFO [__main__] outputs saved dir=/home/h61084/codes/adapts/outputs/extraction/exchange_rate/24_24/chronos2/none/none/0/none/run_0
2026-08-14 22:37:59,832 INFO [__main__] experiment done seconds=14.78
2026-08-14 22:37:59,832 INFO [__main__] ========================================================================
2026-08-14 22:38:02,546 INFO [__main__] extraction validation directory=/home/h61084/codes/adapts/outputs/extraction/exchange_rate/24_24/chronos2/none/none/0/none/run_0 status=complete
2026-08-14T22:38:02+02:00 extraction done configuration=19/24 dataset=exchange_rate model=chronos2 lags=24 horizon=24 retrieval=vanilla

2026-08-14T22:38:03+02:00 extraction start configuration=20/24 dataset=exchange_rate model=chronos2 lags=24 horizon=24 retrieval=raw_euclidean_1_online run=/home/h61084/codes/adapts/outputs/extraction/exchange_rate/24_24/chronos2/raw/euclidean/1/online/run_0 computation_signature=4a82bd4e768ee2a19b5f4ec0e3f0c1a99ee4e429b454f2dba0d44e936f4e2b2c period=24 align_period=false datastore_stride=25 adapt_stride=25 eval_stride=127 max_store_windows=30000 seed=1
2026-08-14 22:38:05,423 INFO [__main__] ========================================================================
2026-08-14 22:38:05,423 INFO [__main__] experiment start kind=extraction dataset=exchange_rate model=chronos2 lags=24 horizon=24 neighbors=1 distance=raw/euclidean
2026-08-14 22:38:05,777 INFO [__main__] dataset load start
2026-08-14 22:38:05,778 INFO [src.data.load_dataset] loaded dataset config path=/home/h61084/codes/datasets/exchange_rate/config.json keys=['aggr', 'date_col', 'drop_users']
2026-08-14 22:38:05,794 INFO [__main__] dataset load done dates=7588 users=8
2026-08-14 22:38:05,794 INFO [__main__] model load start
2026-08-14 22:38:13,421 INFO [__main__] model load done name=chronos2 device=cuda parameters_total=119,477,664 parameters_trainable=0
2026-08-14 22:38:13,422 INFO [__main__] extraction start split=adapt queries=151
2026-08-14 22:38:20,247 INFO [__main__] extraction done split=adapt
2026-08-14 22:38:20,247 INFO [__main__] extraction start split=eval queries=12
2026-08-14 22:38:20,766 INFO [__main__] extraction done split=eval
2026-08-14 22:38:21,367 INFO [__main__] completion marker saved path=/home/h61084/codes/adapts/outputs/extraction/exchange_rate/24_24/chronos2/raw/euclidean/1/online/run_0/extraction_manifest.json
2026-08-14 22:38:21,367 INFO [__main__] outputs saved dir=/home/h61084/codes/adapts/outputs/extraction/exchange_rate/24_24/chronos2/raw/euclidean/1/online/run_0
2026-08-14 22:38:21,367 INFO [__main__] experiment done seconds=15.94
2026-08-14 22:38:21,367 INFO [__main__] ========================================================================
2026-08-14 22:38:23,997 INFO [__main__] extraction validation directory=/home/h61084/codes/adapts/outputs/extraction/exchange_rate/24_24/chronos2/raw/euclidean/1/online/run_0 status=complete
2026-08-14T22:38:24+02:00 extraction done configuration=20/24 dataset=exchange_rate model=chronos2 lags=24 horizon=24 retrieval=raw_euclidean_1_online
2026-08-14T22:38:24+02:00 skip complete family=extraction dataset=exchange_rate model=chronos2 lags=168 horizon=24 retrieval=vanilla run=/home/h61084/codes/adapts/outputs/extraction/exchange_rate/168_24/chronos2/none/none/0/none/run_1
2026-08-14T22:38:24+02:00 skip complete family=extraction dataset=exchange_rate model=chronos2 lags=168 horizon=24 retrieval=raw_euclidean_1_online run=/home/h61084/codes/adapts/outputs/extraction/exchange_rate/168_24/chronos2/raw/euclidean/1/online/run_1

2026-08-14T22:38:24+02:00 extraction start configuration=23/24 dataset=exchange_rate model=chronos2 lags=504 horizon=24 retrieval=vanilla run=/home/h61084/codes/adapts/outputs/extraction/exchange_rate/504_24/chronos2/none/none/0/none/run_0 computation_signature=da418c46e253b6ea2a33e99ac8b5e0ed562b7883973110ef51fe78700f9667b7 period=24 align_period=false datastore_stride=25 adapt_stride=25 eval_stride=127 max_store_windows=30000 seed=1
2026-08-14 22:38:26,981 INFO [__main__] ========================================================================
2026-08-14 22:38:26,981 INFO [__main__] experiment start kind=extraction dataset=exchange_rate model=chronos2 lags=504 horizon=24 neighbors=0 distance=raw/euclidean
2026-08-14 22:38:27,279 INFO [__main__] dataset load start
2026-08-14 22:38:27,280 INFO [src.data.load_dataset] loaded dataset config path=/home/h61084/codes/datasets/exchange_rate/config.json keys=['aggr', 'date_col', 'drop_users']
2026-08-14 22:38:27,296 INFO [__main__] dataset load done dates=7588 users=8
2026-08-14 22:38:27,296 INFO [__main__] model load start
2026-08-14 22:38:34,989 INFO [__main__] model load done name=chronos2 device=cuda parameters_total=119,477,664 parameters_trainable=0
2026-08-14 22:38:34,990 INFO [__main__] extraction start split=adapt queries=151
2026-08-14 22:38:37,896 INFO [__main__] extraction done split=adapt
2026-08-14 22:38:37,896 INFO [__main__] extraction start split=eval queries=12
2026-08-14 22:38:38,106 INFO [__main__] extraction done split=eval
2026-08-14 22:38:38,136 INFO [__main__] vanilla metrics saved path=/home/h61084/codes/adapts/outputs/extraction/exchange_rate/504_24/chronos2/none/none/0/none/run_0/vanilla_metrics.json
2026-08-14 22:38:38,141 INFO [__main__] completion marker saved path=/home/h61084/codes/adapts/outputs/extraction/exchange_rate/504_24/chronos2/none/none/0/none/run_0/extraction_manifest.json
2026-08-14 22:38:38,141 INFO [__main__] outputs saved dir=/home/h61084/codes/adapts/outputs/extraction/exchange_rate/504_24/chronos2/none/none/0/none/run_0
2026-08-14 22:38:38,141 INFO [__main__] experiment done seconds=11.16
2026-08-14 22:38:38,141 INFO [__main__] ========================================================================
2026-08-14 22:38:40,843 INFO [__main__] extraction validation directory=/home/h61084/codes/adapts/outputs/extraction/exchange_rate/504_24/chronos2/none/none/0/none/run_0 status=complete
2026-08-14T22:38:41+02:00 extraction done configuration=23/24 dataset=exchange_rate model=chronos2 lags=504 horizon=24 retrieval=vanilla

2026-08-14T22:38:41+02:00 extraction start configuration=24/24 dataset=exchange_rate model=chronos2 lags=504 horizon=24 retrieval=raw_euclidean_1_online run=/home/h61084/codes/adapts/outputs/extraction/exchange_rate/504_24/chronos2/raw/euclidean/1/online/run_0 computation_signature=2fe9296ef05ff46bf652cafcbff571213e4436b63e11ef588d1b07dc47b31f15 period=24 align_period=false datastore_stride=25 adapt_stride=25 eval_stride=127 max_store_windows=30000 seed=1
2026-08-14 22:38:43,991 INFO [__main__] ========================================================================
2026-08-14 22:38:43,992 INFO [__main__] experiment start kind=extraction dataset=exchange_rate model=chronos2 lags=504 horizon=24 neighbors=1 distance=raw/euclidean
2026-08-14 22:38:44,303 INFO [__main__] dataset load start
2026-08-14 22:38:44,305 INFO [src.data.load_dataset] loaded dataset config path=/home/h61084/codes/datasets/exchange_rate/config.json keys=['aggr', 'date_col', 'drop_users']
2026-08-14 22:38:44,321 INFO [__main__] dataset load done dates=7588 users=8
2026-08-14 22:38:44,321 INFO [__main__] model load start
2026-08-14 22:38:52,225 INFO [__main__] model load done name=chronos2 device=cuda parameters_total=119,477,664 parameters_trainable=0
2026-08-14 22:38:52,227 INFO [__main__] extraction start split=adapt queries=151
2026-08-14 22:39:01,581 INFO [__main__] extraction done split=adapt
2026-08-14 22:39:01,581 INFO [__main__] extraction start split=eval queries=12
2026-08-14 22:39:02,269 INFO [__main__] extraction done split=eval
2026-08-14 22:39:02,823 INFO [__main__] completion marker saved path=/home/h61084/codes/adapts/outputs/extraction/exchange_rate/504_24/chronos2/raw/euclidean/1/online/run_0/extraction_manifest.json
2026-08-14 22:39:02,823 INFO [__main__] outputs saved dir=/home/h61084/codes/adapts/outputs/extraction/exchange_rate/504_24/chronos2/raw/euclidean/1/online/run_0
2026-08-14 22:39:02,823 INFO [__main__] experiment done seconds=18.83
2026-08-14 22:39:02,823 INFO [__main__] ========================================================================
2026-08-14 22:39:05,462 INFO [__main__] extraction validation directory=/home/h61084/codes/adapts/outputs/extraction/exchange_rate/504_24/chronos2/raw/euclidean/1/online/run_0 status=complete
2026-08-14T22:39:05+02:00 extraction done configuration=24/24 dataset=exchange_rate model=chronos2 lags=504 horizon=24 retrieval=raw_euclidean_1_online

2026-08-14T22:39:05+02:00 job done kind=adaptation_extraction output=outputs/extraction

2026-08-14T22:39:05+02:00 job start kind=gates family=l_ablation experiment_mode=full skip_complete=true tasks=12 datasets=Electricity,Traffic,Solar,exchange_rate models=chronos2 settings=24:24,168:24,504:24 distance_spaces=raw distance_metrics=euclidean neighbors=1 methods=catboost_cov_regressor_shared,bayes_cov_shared task_type=CPU thread_count=2 horizon_fits=serial allocated_cpus=16 results_root=outputs/adaptation/l_ablation
2026-08-14 22:39:07,981 INFO [__main__] extraction validation directory=/home/h61084/codes/adapts/outputs/extraction/Electricity/24_24/chronos2/raw/euclidean/1/online/run_0 status=complete

2026-08-14T22:39:08+02:00 gates start configuration=1/12 dataset=Electricity model=chronos2 formula=catboost_cov_regressor_shared lags=24 horizon=24 retrieval=raw_euclidean_1_online run=/home/h61084/codes/adapts/outputs/adaptation/l_ablation/Electricity/24_24/chronos2/catboost_cov_regressor_shared/raw/euclidean/1/online/run_0 computation_signature=79f4358af1d97371e03207a49a451f764ffa15b9b9e801ec168359394f65b343 iterations=300 learning_rate=0.03 depth=4 early_stopping_rounds=50 task_type=CPU thread_count=2 validation_fraction=0.2 seed=1
2026-08-14 22:39:10,938 INFO [__main__] ========================================================================
2026-08-14 22:39:10,938 INFO [__main__] selected methods=('catboost_cov_regressor_shared',)
2026-08-14 22:39:14,743 INFO [__main__] gate fitting start candidate=cov
2026-08-14 22:39:16,906 INFO [__main__] gate fitting done candidate=cov
2026-08-14 22:39:17,473 INFO [__main__] experiment done seconds=6.53
2026-08-14 22:39:17,473 INFO [__main__] ========================================================================
2026-08-14T22:39:18+02:00 gates done configuration=1/12 dataset=Electricity model=chronos2 formula=catboost_cov_regressor_shared lags=24 horizon=24 retrieval=raw_euclidean_1_online

2026-08-14T22:39:18+02:00 gates start configuration=1/12 dataset=Electricity model=chronos2 formula=bayes_cov_shared lags=24 horizon=24 retrieval=raw_euclidean_1_online run=/home/h61084/codes/adapts/outputs/adaptation/l_ablation/Electricity/24_24/chronos2/bayes_cov_shared/raw/euclidean/1/online/run_0 computation_signature=066cc46e285250ae7cd4dd08dab84ef64cca1a1f63de8f59ca42463d781c16ce iterations=300 learning_rate=0.03 depth=4 early_stopping_rounds=50 task_type=CPU thread_count=2 validation_fraction=0.2 seed=1
2026-08-14 22:39:20,679 INFO [__main__] ========================================================================
2026-08-14 22:39:20,680 INFO [__main__] selected methods=('bayes_cov_shared',)
2026-08-14 22:39:22,732 INFO [__main__] gate fitting start candidate=cov
2026-08-14 22:39:22,952 INFO [__main__] gate fitting done candidate=cov
2026-08-14 22:39:22,979 INFO [__main__] experiment done seconds=2.30
2026-08-14 22:39:22,979 INFO [__main__] ========================================================================
2026-08-14T22:39:23+02:00 gates done configuration=1/12 dataset=Electricity model=chronos2 formula=bayes_cov_shared lags=24 horizon=24 retrieval=raw_euclidean_1_online
2026-08-14 22:39:25,513 INFO [__main__] extraction validation directory=/home/h61084/codes/adapts/outputs/extraction/Electricity/168_24/chronos2/raw/euclidean/1/online/run_1 status=complete

2026-08-14T22:39:26+02:00 gates start configuration=2/12 dataset=Electricity model=chronos2 formula=catboost_cov_regressor_shared lags=168 horizon=24 retrieval=raw_euclidean_1_online run=/home/h61084/codes/adapts/outputs/adaptation/l_ablation/Electricity/168_24/chronos2/catboost_cov_regressor_shared/raw/euclidean/1/online/run_0 computation_signature=badb25561838f1855f6a509289fd6cce45a1c6434920550b366125ebc3b61844 iterations=300 learning_rate=0.03 depth=4 early_stopping_rounds=50 task_type=CPU thread_count=2 validation_fraction=0.2 seed=1
2026-08-14 22:39:28,505 INFO [__main__] ========================================================================
2026-08-14 22:39:28,505 INFO [__main__] selected methods=('catboost_cov_regressor_shared',)
2026-08-14 22:39:32,132 INFO [__main__] gate fitting start candidate=cov
2026-08-14 22:39:33,996 INFO [__main__] gate fitting done candidate=cov
2026-08-14 22:39:34,581 INFO [__main__] experiment done seconds=6.07
2026-08-14 22:39:34,581 INFO [__main__] ========================================================================
2026-08-14T22:39:35+02:00 gates done configuration=2/12 dataset=Electricity model=chronos2 formula=catboost_cov_regressor_shared lags=168 horizon=24 retrieval=raw_euclidean_1_online

2026-08-14T22:39:35+02:00 gates start configuration=2/12 dataset=Electricity model=chronos2 formula=bayes_cov_shared lags=168 horizon=24 retrieval=raw_euclidean_1_online run=/home/h61084/codes/adapts/outputs/adaptation/l_ablation/Electricity/168_24/chronos2/bayes_cov_shared/raw/euclidean/1/online/run_0 computation_signature=a3790a645477aa84ba483a496fbce178cf1e12592ce53e8ae57b4ce905f97d17 iterations=300 learning_rate=0.03 depth=4 early_stopping_rounds=50 task_type=CPU thread_count=2 validation_fraction=0.2 seed=1
2026-08-14 22:39:38,112 INFO [__main__] ========================================================================
2026-08-14 22:39:38,112 INFO [__main__] selected methods=('bayes_cov_shared',)
2026-08-14 22:39:40,396 INFO [__main__] gate fitting start candidate=cov
2026-08-14 22:39:40,599 INFO [__main__] gate fitting done candidate=cov
2026-08-14 22:39:40,626 INFO [__main__] experiment done seconds=2.51
2026-08-14 22:39:40,626 INFO [__main__] ========================================================================
2026-08-14T22:39:41+02:00 gates done configuration=2/12 dataset=Electricity model=chronos2 formula=bayes_cov_shared lags=168 horizon=24 retrieval=raw_euclidean_1_online
2026-08-14 22:39:43,425 INFO [__main__] extraction validation directory=/home/h61084/codes/adapts/outputs/extraction/Electricity/504_24/chronos2/raw/euclidean/1/online/run_0 status=complete

2026-08-14T22:39:44+02:00 gates start configuration=3/12 dataset=Electricity model=chronos2 formula=catboost_cov_regressor_shared lags=504 horizon=24 retrieval=raw_euclidean_1_online run=/home/h61084/codes/adapts/outputs/adaptation/l_ablation/Electricity/504_24/chronos2/catboost_cov_regressor_shared/raw/euclidean/1/online/run_0 computation_signature=dc779d07268d5e8e90554c3cfc4e133023e31e42ade8f81bb5f89d5018ce35ab iterations=300 learning_rate=0.03 depth=4 early_stopping_rounds=50 task_type=CPU thread_count=2 validation_fraction=0.2 seed=1
2026-08-14 22:39:46,466 INFO [__main__] ========================================================================
2026-08-14 22:39:46,466 INFO [__main__] selected methods=('catboost_cov_regressor_shared',)
2026-08-14 22:39:55,232 INFO [__main__] gate fitting start candidate=cov
2026-08-14 22:39:58,229 INFO [__main__] gate fitting done candidate=cov
2026-08-14 22:39:58,881 INFO [__main__] experiment done seconds=12.41
2026-08-14 22:39:58,881 INFO [__main__] ========================================================================
2026-08-14T22:39:59+02:00 gates done configuration=3/12 dataset=Electricity model=chronos2 formula=catboost_cov_regressor_shared lags=504 horizon=24 retrieval=raw_euclidean_1_online

2026-08-14T22:39:59+02:00 gates start configuration=3/12 dataset=Electricity model=chronos2 formula=bayes_cov_shared lags=504 horizon=24 retrieval=raw_euclidean_1_online run=/home/h61084/codes/adapts/outputs/adaptation/l_ablation/Electricity/504_24/chronos2/bayes_cov_shared/raw/euclidean/1/online/run_0 computation_signature=588fbebef596b237c01538c4aec2455debaa1f0f3b51c7fab1c88788563fe1c7 iterations=300 learning_rate=0.03 depth=4 early_stopping_rounds=50 task_type=CPU thread_count=2 validation_fraction=0.2 seed=1
2026-08-14 22:40:02,299 INFO [__main__] ========================================================================
2026-08-14 22:40:02,299 INFO [__main__] selected methods=('bayes_cov_shared',)
2026-08-14 22:40:05,443 INFO [__main__] gate fitting start candidate=cov
2026-08-14 22:40:05,645 INFO [__main__] gate fitting done candidate=cov
2026-08-14 22:40:05,672 INFO [__main__] experiment done seconds=3.37
2026-08-14 22:40:05,672 INFO [__main__] ========================================================================
2026-08-14T22:40:06+02:00 gates done configuration=3/12 dataset=Electricity model=chronos2 formula=bayes_cov_shared lags=504 horizon=24 retrieval=raw_euclidean_1_online
2026-08-14 22:40:08,457 INFO [__main__] extraction validation directory=/home/h61084/codes/adapts/outputs/extraction/Traffic/24_24/chronos2/raw/euclidean/1/online/run_0 status=complete

2026-08-14T22:40:09+02:00 gates start configuration=4/12 dataset=Traffic model=chronos2 formula=catboost_cov_regressor_shared lags=24 horizon=24 retrieval=raw_euclidean_1_online run=/home/h61084/codes/adapts/outputs/adaptation/l_ablation/Traffic/24_24/chronos2/catboost_cov_regressor_shared/raw/euclidean/1/online/run_0 computation_signature=6e0e95d451865bd058653a627b98abcab3c53de98100167fe7e2294b7f3b71da iterations=300 learning_rate=0.03 depth=4 early_stopping_rounds=50 task_type=CPU thread_count=2 validation_fraction=0.2 seed=1
2026-08-14 22:40:11,752 INFO [__main__] ========================================================================
2026-08-14 22:40:11,752 INFO [__main__] selected methods=('catboost_cov_regressor_shared',)
2026-08-14 22:40:16,518 INFO [__main__] gate fitting start candidate=cov
2026-08-14 22:40:24,657 INFO [__main__] gate fitting done candidate=cov
2026-08-14 22:40:25,242 INFO [__main__] experiment done seconds=13.49
2026-08-14 22:40:25,242 INFO [__main__] ========================================================================
2026-08-14T22:40:25+02:00 gates done configuration=4/12 dataset=Traffic model=chronos2 formula=catboost_cov_regressor_shared lags=24 horizon=24 retrieval=raw_euclidean_1_online

2026-08-14T22:40:26+02:00 gates start configuration=4/12 dataset=Traffic model=chronos2 formula=bayes_cov_shared lags=24 horizon=24 retrieval=raw_euclidean_1_online run=/home/h61084/codes/adapts/outputs/adaptation/l_ablation/Traffic/24_24/chronos2/bayes_cov_shared/raw/euclidean/1/online/run_0 computation_signature=2225ed4305754f80e3450acd481c67b7feae397dcdd4e838515ddb1f3f766a8a iterations=300 learning_rate=0.03 depth=4 early_stopping_rounds=50 task_type=CPU thread_count=2 validation_fraction=0.2 seed=1
2026-08-14 22:40:28,420 INFO [__main__] ========================================================================
2026-08-14 22:40:28,420 INFO [__main__] selected methods=('bayes_cov_shared',)
2026-08-14 22:40:30,798 INFO [__main__] gate fitting start candidate=cov
2026-08-14 22:40:31,095 INFO [__main__] gate fitting done candidate=cov
2026-08-14 22:40:31,122 INFO [__main__] experiment done seconds=2.70
2026-08-14 22:40:31,122 INFO [__main__] ========================================================================
2026-08-14T22:40:31+02:00 gates done configuration=4/12 dataset=Traffic model=chronos2 formula=bayes_cov_shared lags=24 horizon=24 retrieval=raw_euclidean_1_online
2026-08-14 22:40:33,748 INFO [__main__] extraction validation directory=/home/h61084/codes/adapts/outputs/extraction/Traffic/168_24/chronos2/raw/euclidean/1/online/run_1 status=complete

2026-08-14T22:40:34+02:00 gates start configuration=5/12 dataset=Traffic model=chronos2 formula=catboost_cov_regressor_shared lags=168 horizon=24 retrieval=raw_euclidean_1_online run=/home/h61084/codes/adapts/outputs/adaptation/l_ablation/Traffic/168_24/chronos2/catboost_cov_regressor_shared/raw/euclidean/1/online/run_0 computation_signature=a7d61d3ce5edf3d51cdbf1b4207d73a1c1cdf05a62c49fd8597041a4e80715c4 iterations=300 learning_rate=0.03 depth=4 early_stopping_rounds=50 task_type=CPU thread_count=2 validation_fraction=0.2 seed=1
2026-08-14 22:40:36,603 INFO [__main__] ========================================================================
2026-08-14 22:40:36,603 INFO [__main__] selected methods=('catboost_cov_regressor_shared',)
2026-08-14 22:40:41,922 INFO [__main__] gate fitting start candidate=cov
2026-08-14 22:40:49,798 INFO [__main__] gate fitting done candidate=cov
2026-08-14 22:40:50,360 INFO [__main__] experiment done seconds=13.75
2026-08-14 22:40:50,360 INFO [__main__] ========================================================================
2026-08-14T22:40:51+02:00 gates done configuration=5/12 dataset=Traffic model=chronos2 formula=catboost_cov_regressor_shared lags=168 horizon=24 retrieval=raw_euclidean_1_online

2026-08-14T22:40:51+02:00 gates start configuration=5/12 dataset=Traffic model=chronos2 formula=bayes_cov_shared lags=168 horizon=24 retrieval=raw_euclidean_1_online run=/home/h61084/codes/adapts/outputs/adaptation/l_ablation/Traffic/168_24/chronos2/bayes_cov_shared/raw/euclidean/1/online/run_0 computation_signature=b23ebee0c7af1bf8696b7c651b8ca9cae578ea93f231f1dbed3bb3bdccef83e0 iterations=300 learning_rate=0.03 depth=4 early_stopping_rounds=50 task_type=CPU thread_count=2 validation_fraction=0.2 seed=1
2026-08-14 22:40:53,861 INFO [__main__] ========================================================================
2026-08-14 22:40:53,861 INFO [__main__] selected methods=('bayes_cov_shared',)
2026-08-14 22:40:56,773 INFO [__main__] gate fitting start candidate=cov
2026-08-14 22:40:57,069 INFO [__main__] gate fitting done candidate=cov
2026-08-14 22:40:57,097 INFO [__main__] experiment done seconds=3.23
2026-08-14 22:40:57,097 INFO [__main__] ========================================================================
2026-08-14T22:40:57+02:00 gates done configuration=5/12 dataset=Traffic model=chronos2 formula=bayes_cov_shared lags=168 horizon=24 retrieval=raw_euclidean_1_online
2026-08-14 22:40:59,721 INFO [__main__] extraction validation directory=/home/h61084/codes/adapts/outputs/extraction/Traffic/504_24/chronos2/raw/euclidean/1/online/run_0 status=complete

2026-08-14T22:41:00+02:00 gates start configuration=6/12 dataset=Traffic model=chronos2 formula=catboost_cov_regressor_shared lags=504 horizon=24 retrieval=raw_euclidean_1_online run=/home/h61084/codes/adapts/outputs/adaptation/l_ablation/Traffic/504_24/chronos2/catboost_cov_regressor_shared/raw/euclidean/1/online/run_0 computation_signature=888905e0d93b4136e231ab7bee0cdb917477af67075a108bca1124146bdafc52 iterations=300 learning_rate=0.03 depth=4 early_stopping_rounds=50 task_type=CPU thread_count=2 validation_fraction=0.2 seed=1
2026-08-14 22:41:02,560 INFO [__main__] ========================================================================
2026-08-14 22:41:02,561 INFO [__main__] selected methods=('catboost_cov_regressor_shared',)
2026-08-14 22:41:18,235 INFO [__main__] gate fitting start candidate=cov
2026-08-14 22:41:21,558 INFO [__main__] gate fitting done candidate=cov
2026-08-14 22:41:22,146 INFO [__main__] experiment done seconds=19.58
2026-08-14 22:41:22,146 INFO [__main__] ========================================================================
2026-08-14T22:41:22+02:00 gates done configuration=6/12 dataset=Traffic model=chronos2 formula=catboost_cov_regressor_shared lags=504 horizon=24 retrieval=raw_euclidean_1_online

2026-08-14T22:41:22+02:00 gates start configuration=6/12 dataset=Traffic model=chronos2 formula=bayes_cov_shared lags=504 horizon=24 retrieval=raw_euclidean_1_online run=/home/h61084/codes/adapts/outputs/adaptation/l_ablation/Traffic/504_24/chronos2/bayes_cov_shared/raw/euclidean/1/online/run_0 computation_signature=0807f53402d148d4f4257438f23225dace729503b5a9390b4714d5a1f6afa935 iterations=300 learning_rate=0.03 depth=4 early_stopping_rounds=50 task_type=CPU thread_count=2 validation_fraction=0.2 seed=1
2026-08-14 22:41:25,279 INFO [__main__] ========================================================================
2026-08-14 22:41:25,279 INFO [__main__] selected methods=('bayes_cov_shared',)
2026-08-14 22:41:29,274 INFO [__main__] gate fitting start candidate=cov
2026-08-14 22:41:29,565 INFO [__main__] gate fitting done candidate=cov
2026-08-14 22:41:29,593 INFO [__main__] experiment done seconds=4.31
2026-08-14 22:41:29,593 INFO [__main__] ========================================================================
2026-08-14T22:41:30+02:00 gates done configuration=6/12 dataset=Traffic model=chronos2 formula=bayes_cov_shared lags=504 horizon=24 retrieval=raw_euclidean_1_online
2026-08-14 22:41:32,099 INFO [__main__] extraction validation directory=/home/h61084/codes/adapts/outputs/extraction/Solar/24_24/chronos2/raw/euclidean/1/online/run_0 status=complete

2026-08-14T22:41:32+02:00 gates start configuration=7/12 dataset=Solar model=chronos2 formula=catboost_cov_regressor_shared lags=24 horizon=24 retrieval=raw_euclidean_1_online run=/home/h61084/codes/adapts/outputs/adaptation/l_ablation/Solar/24_24/chronos2/catboost_cov_regressor_shared/raw/euclidean/1/online/run_0 computation_signature=9f6aa3e189382268805d7b7567084084cb786c5585b92ed2b2d4afcce20628fa iterations=300 learning_rate=0.03 depth=4 early_stopping_rounds=50 task_type=CPU thread_count=2 validation_fraction=0.2 seed=1
2026-08-14 22:41:35,081 INFO [__main__] ========================================================================
2026-08-14 22:41:35,082 INFO [__main__] selected methods=('catboost_cov_regressor_shared',)
2026-08-14 22:41:37,085 INFO [__main__] gate fitting start candidate=cov
2026-08-14 22:41:38,938 INFO [__main__] gate fitting done candidate=cov
2026-08-14 22:41:39,514 INFO [__main__] experiment done seconds=4.43
2026-08-14 22:41:39,514 INFO [__main__] ========================================================================
2026-08-14T22:41:40+02:00 gates done configuration=7/12 dataset=Solar model=chronos2 formula=catboost_cov_regressor_shared lags=24 horizon=24 retrieval=raw_euclidean_1_online

2026-08-14T22:41:40+02:00 gates start configuration=7/12 dataset=Solar model=chronos2 formula=bayes_cov_shared lags=24 horizon=24 retrieval=raw_euclidean_1_online run=/home/h61084/codes/adapts/outputs/adaptation/l_ablation/Solar/24_24/chronos2/bayes_cov_shared/raw/euclidean/1/online/run_0 computation_signature=913e09b872bae676c3907b77493623a6004ffc3c0b800710ed8b1a70c720bba9 iterations=300 learning_rate=0.03 depth=4 early_stopping_rounds=50 task_type=CPU thread_count=2 validation_fraction=0.2 seed=1
2026-08-14 22:41:42,698 INFO [__main__] ========================================================================
2026-08-14 22:41:42,698 INFO [__main__] selected methods=('bayes_cov_shared',)
2026-08-14 22:41:44,265 INFO [__main__] gate fitting start candidate=cov
2026-08-14 22:41:44,384 INFO [__main__] gate fitting done candidate=cov
2026-08-14 22:41:44,415 INFO [__main__] experiment done seconds=1.71
2026-08-14 22:41:44,415 INFO [__main__] ========================================================================
2026-08-14T22:41:44+02:00 gates done configuration=7/12 dataset=Solar model=chronos2 formula=bayes_cov_shared lags=24 horizon=24 retrieval=raw_euclidean_1_online
2026-08-14 22:41:47,011 INFO [__main__] extraction validation directory=/home/h61084/codes/adapts/outputs/extraction/Solar/168_24/chronos2/raw/euclidean/1/online/run_1 status=complete

2026-08-14T22:41:47+02:00 gates start configuration=8/12 dataset=Solar model=chronos2 formula=catboost_cov_regressor_shared lags=168 horizon=24 retrieval=raw_euclidean_1_online run=/home/h61084/codes/adapts/outputs/adaptation/l_ablation/Solar/168_24/chronos2/catboost_cov_regressor_shared/raw/euclidean/1/online/run_0 computation_signature=a68bce6a2716331b0c20082924b3b795042bd4bbf3fb04e09c2886123d082e35 iterations=300 learning_rate=0.03 depth=4 early_stopping_rounds=50 task_type=CPU thread_count=2 validation_fraction=0.2 seed=1
2026-08-14 22:41:49,995 INFO [__main__] ========================================================================
2026-08-14 22:41:49,995 INFO [__main__] selected methods=('catboost_cov_regressor_shared',)
2026-08-14 22:41:52,184 INFO [__main__] gate fitting start candidate=cov
2026-08-14 22:41:53,398 INFO [__main__] gate fitting done candidate=cov
2026-08-14 22:41:53,966 INFO [__main__] experiment done seconds=3.97
2026-08-14 22:41:53,967 INFO [__main__] ========================================================================
2026-08-14T22:41:54+02:00 gates done configuration=8/12 dataset=Solar model=chronos2 formula=catboost_cov_regressor_shared lags=168 horizon=24 retrieval=raw_euclidean_1_online

2026-08-14T22:41:54+02:00 gates start configuration=8/12 dataset=Solar model=chronos2 formula=bayes_cov_shared lags=168 horizon=24 retrieval=raw_euclidean_1_online run=/home/h61084/codes/adapts/outputs/adaptation/l_ablation/Solar/168_24/chronos2/bayes_cov_shared/raw/euclidean/1/online/run_0 computation_signature=df8e0294cdc0aa6fc2e410ce51fcd01313bab3b383a22dfcc6619707b34f71c3 iterations=300 learning_rate=0.03 depth=4 early_stopping_rounds=50 task_type=CPU thread_count=2 validation_fraction=0.2 seed=1
2026-08-14 22:41:57,480 INFO [__main__] ========================================================================
2026-08-14 22:41:57,481 INFO [__main__] selected methods=('bayes_cov_shared',)
2026-08-14 22:41:59,238 INFO [__main__] gate fitting start candidate=cov
2026-08-14 22:41:59,328 INFO [__main__] gate fitting done candidate=cov
2026-08-14 22:41:59,355 INFO [__main__] experiment done seconds=1.87
2026-08-14 22:41:59,355 INFO [__main__] ========================================================================
2026-08-14T22:41:59+02:00 gates done configuration=8/12 dataset=Solar model=chronos2 formula=bayes_cov_shared lags=168 horizon=24 retrieval=raw_euclidean_1_online
2026-08-14 22:42:02,040 INFO [__main__] extraction validation directory=/home/h61084/codes/adapts/outputs/extraction/Solar/504_24/chronos2/raw/euclidean/1/online/run_0 status=complete

2026-08-14T22:42:02+02:00 gates start configuration=9/12 dataset=Solar model=chronos2 formula=catboost_cov_regressor_shared lags=504 horizon=24 retrieval=raw_euclidean_1_online run=/home/h61084/codes/adapts/outputs/adaptation/l_ablation/Solar/504_24/chronos2/catboost_cov_regressor_shared/raw/euclidean/1/online/run_0 computation_signature=46f7a7796397aedf895e99998e013acd1a5365c4e613570f6ce3544a47f99b89 iterations=300 learning_rate=0.03 depth=4 early_stopping_rounds=50 task_type=CPU thread_count=2 validation_fraction=0.2 seed=1
2026-08-14 22:42:04,975 INFO [__main__] ========================================================================
2026-08-14 22:42:04,975 INFO [__main__] selected methods=('catboost_cov_regressor_shared',)
2026-08-14 22:42:07,884 INFO [__main__] gate fitting start candidate=cov
2026-08-14 22:42:09,134 INFO [__main__] gate fitting done candidate=cov
2026-08-14 22:42:09,706 INFO [__main__] experiment done seconds=4.73
2026-08-14 22:42:09,707 INFO [__main__] ========================================================================
2026-08-14T22:42:10+02:00 gates done configuration=9/12 dataset=Solar model=chronos2 formula=catboost_cov_regressor_shared lags=504 horizon=24 retrieval=raw_euclidean_1_online

2026-08-14T22:42:10+02:00 gates start configuration=9/12 dataset=Solar model=chronos2 formula=bayes_cov_shared lags=504 horizon=24 retrieval=raw_euclidean_1_online run=/home/h61084/codes/adapts/outputs/adaptation/l_ablation/Solar/504_24/chronos2/bayes_cov_shared/raw/euclidean/1/online/run_0 computation_signature=fce09f8dd4faff163229f74bb76c3e0fd9ddd8eb8c0a2bc18350df8ffe8d36ae iterations=300 learning_rate=0.03 depth=4 early_stopping_rounds=50 task_type=CPU thread_count=2 validation_fraction=0.2 seed=1
2026-08-14 22:42:12,768 INFO [__main__] ========================================================================
2026-08-14 22:42:12,769 INFO [__main__] selected methods=('bayes_cov_shared',)
2026-08-14 22:42:14,617 INFO [__main__] gate fitting start candidate=cov
2026-08-14 22:42:14,701 INFO [__main__] gate fitting done candidate=cov
2026-08-14 22:42:14,727 INFO [__main__] experiment done seconds=1.96
2026-08-14 22:42:14,727 INFO [__main__] ========================================================================
2026-08-14T22:42:15+02:00 gates done configuration=9/12 dataset=Solar model=chronos2 formula=bayes_cov_shared lags=504 horizon=24 retrieval=raw_euclidean_1_online
2026-08-14 22:42:17,208 INFO [__main__] extraction validation directory=/home/h61084/codes/adapts/outputs/extraction/exchange_rate/24_24/chronos2/raw/euclidean/1/online/run_0 status=complete

2026-08-14T22:42:17+02:00 gates start configuration=10/12 dataset=exchange_rate model=chronos2 formula=catboost_cov_regressor_shared lags=24 horizon=24 retrieval=raw_euclidean_1_online run=/home/h61084/codes/adapts/outputs/adaptation/l_ablation/exchange_rate/24_24/chronos2/catboost_cov_regressor_shared/raw/euclidean/1/online/run_0 computation_signature=b95742d9864b39dd37d3cb4d43a51433427e125b33e0bbef64f2bb95816b9546 iterations=300 learning_rate=0.03 depth=4 early_stopping_rounds=50 task_type=CPU thread_count=2 validation_fraction=0.2 seed=1
2026-08-14 22:42:20,119 INFO [__main__] ========================================================================
2026-08-14 22:42:20,119 INFO [__main__] selected methods=('catboost_cov_regressor_shared',)
2026-08-14 22:42:21,787 INFO [__main__] gate fitting start candidate=cov
2026-08-14 22:42:23,034 INFO [__main__] gate fitting done candidate=cov
2026-08-14 22:42:23,641 INFO [__main__] experiment done seconds=3.52
2026-08-14 22:42:23,641 INFO [__main__] ========================================================================
2026-08-14T22:42:24+02:00 gates done configuration=10/12 dataset=exchange_rate model=chronos2 formula=catboost_cov_regressor_shared lags=24 horizon=24 retrieval=raw_euclidean_1_online

2026-08-14T22:42:24+02:00 gates start configuration=10/12 dataset=exchange_rate model=chronos2 formula=bayes_cov_shared lags=24 horizon=24 retrieval=raw_euclidean_1_online run=/home/h61084/codes/adapts/outputs/adaptation/l_ablation/exchange_rate/24_24/chronos2/bayes_cov_shared/raw/euclidean/1/online/run_0 computation_signature=1b1fff1f8b0e298e092004affc2870b5c0b9e6f18c1169bed82687e5439d86e7 iterations=300 learning_rate=0.03 depth=4 early_stopping_rounds=50 task_type=CPU thread_count=2 validation_fraction=0.2 seed=1
2026-08-14 22:42:26,853 INFO [__main__] ========================================================================
2026-08-14 22:42:26,853 INFO [__main__] selected methods=('bayes_cov_shared',)
2026-08-14 22:42:28,315 INFO [__main__] gate fitting start candidate=cov
2026-08-14 22:42:28,379 INFO [__main__] gate fitting done candidate=cov
2026-08-14 22:42:28,406 INFO [__main__] experiment done seconds=1.55
2026-08-14 22:42:28,406 INFO [__main__] ========================================================================
2026-08-14T22:42:28+02:00 gates done configuration=10/12 dataset=exchange_rate model=chronos2 formula=bayes_cov_shared lags=24 horizon=24 retrieval=raw_euclidean_1_online
2026-08-14 22:42:31,069 INFO [__main__] extraction validation directory=/home/h61084/codes/adapts/outputs/extraction/exchange_rate/168_24/chronos2/raw/euclidean/1/online/run_1 status=complete

2026-08-14T22:42:31+02:00 gates start configuration=11/12 dataset=exchange_rate model=chronos2 formula=catboost_cov_regressor_shared lags=168 horizon=24 retrieval=raw_euclidean_1_online run=/home/h61084/codes/adapts/outputs/adaptation/l_ablation/exchange_rate/168_24/chronos2/catboost_cov_regressor_shared/raw/euclidean/1/online/run_0 computation_signature=6c6dff29253f54a9a2fbd46fa5ffc8415eecf432fa901007884a2d8081f40c84 iterations=300 learning_rate=0.03 depth=4 early_stopping_rounds=50 task_type=CPU thread_count=2 validation_fraction=0.2 seed=1
2026-08-14 22:42:33,909 INFO [__main__] ========================================================================
2026-08-14 22:42:33,909 INFO [__main__] selected methods=('catboost_cov_regressor_shared',)
2026-08-14 22:42:35,407 INFO [__main__] gate fitting start candidate=cov
2026-08-14 22:42:36,519 INFO [__main__] gate fitting done candidate=cov
2026-08-14 22:42:37,089 INFO [__main__] experiment done seconds=3.18
2026-08-14 22:42:37,089 INFO [__main__] ========================================================================
2026-08-14T22:42:37+02:00 gates done configuration=11/12 dataset=exchange_rate model=chronos2 formula=catboost_cov_regressor_shared lags=168 horizon=24 retrieval=raw_euclidean_1_online

2026-08-14T22:42:37+02:00 gates start configuration=11/12 dataset=exchange_rate model=chronos2 formula=bayes_cov_shared lags=168 horizon=24 retrieval=raw_euclidean_1_online run=/home/h61084/codes/adapts/outputs/adaptation/l_ablation/exchange_rate/168_24/chronos2/bayes_cov_shared/raw/euclidean/1/online/run_0 computation_signature=469ca4bb5670e39c0a07fe37f5aa6e581875d39d7210b4a7d1f043626742257c iterations=300 learning_rate=0.03 depth=4 early_stopping_rounds=50 task_type=CPU thread_count=2 validation_fraction=0.2 seed=1
2026-08-14 22:42:40,388 INFO [__main__] ========================================================================
2026-08-14 22:42:40,389 INFO [__main__] selected methods=('bayes_cov_shared',)
2026-08-14 22:42:41,934 INFO [__main__] gate fitting start candidate=cov
2026-08-14 22:42:41,995 INFO [__main__] gate fitting done candidate=cov
2026-08-14 22:42:42,022 INFO [__main__] experiment done seconds=1.63
2026-08-14 22:42:42,023 INFO [__main__] ========================================================================
2026-08-14T22:42:42+02:00 gates done configuration=11/12 dataset=exchange_rate model=chronos2 formula=bayes_cov_shared lags=168 horizon=24 retrieval=raw_euclidean_1_online
2026-08-14 22:42:44,820 INFO [__main__] extraction validation directory=/home/h61084/codes/adapts/outputs/extraction/exchange_rate/504_24/chronos2/raw/euclidean/1/online/run_0 status=complete

2026-08-14T22:42:45+02:00 gates start configuration=12/12 dataset=exchange_rate model=chronos2 formula=catboost_cov_regressor_shared lags=504 horizon=24 retrieval=raw_euclidean_1_online run=/home/h61084/codes/adapts/outputs/adaptation/l_ablation/exchange_rate/504_24/chronos2/catboost_cov_regressor_shared/raw/euclidean/1/online/run_0 computation_signature=e4817d0db51739a35e54d21fe90dc3e077379c655d8573e52371c723454bb3ac iterations=300 learning_rate=0.03 depth=4 early_stopping_rounds=50 task_type=CPU thread_count=2 validation_fraction=0.2 seed=1
2026-08-14 22:42:47,769 INFO [__main__] ========================================================================
2026-08-14 22:42:47,770 INFO [__main__] selected methods=('catboost_cov_regressor_shared',)
2026-08-14 22:42:49,550 INFO [__main__] gate fitting start candidate=cov
2026-08-14 22:42:50,663 INFO [__main__] gate fitting done candidate=cov
2026-08-14 22:42:51,253 INFO [__main__] experiment done seconds=3.48
2026-08-14 22:42:51,253 INFO [__main__] ========================================================================
2026-08-14T22:42:51+02:00 gates done configuration=12/12 dataset=exchange_rate model=chronos2 formula=catboost_cov_regressor_shared lags=504 horizon=24 retrieval=raw_euclidean_1_online

2026-08-14T22:42:52+02:00 gates start configuration=12/12 dataset=exchange_rate model=chronos2 formula=bayes_cov_shared lags=504 horizon=24 retrieval=raw_euclidean_1_online run=/home/h61084/codes/adapts/outputs/adaptation/l_ablation/exchange_rate/504_24/chronos2/bayes_cov_shared/raw/euclidean/1/online/run_0 computation_signature=51897cc267e7725960ba96e9facd7df0619a58d9b1e8c15aa60ba14728d29f0a iterations=300 learning_rate=0.03 depth=4 early_stopping_rounds=50 task_type=CPU thread_count=2 validation_fraction=0.2 seed=1
2026-08-14 22:42:54,565 INFO [__main__] ========================================================================
2026-08-14 22:42:54,566 INFO [__main__] selected methods=('bayes_cov_shared',)
2026-08-14 22:42:56,079 INFO [__main__] gate fitting start candidate=cov
2026-08-14 22:42:56,158 INFO [__main__] gate fitting done candidate=cov
2026-08-14 22:42:56,187 INFO [__main__] experiment done seconds=1.62
2026-08-14 22:42:56,187 INFO [__main__] ========================================================================
2026-08-14T22:42:56+02:00 gates done configuration=12/12 dataset=exchange_rate model=chronos2 formula=bayes_cov_shared lags=504 horizon=24 retrieval=raw_euclidean_1_online

2026-08-14T22:42:56+02:00 job done kind=gates output=outputs/adaptation/l_ablation

2026-08-14T22:42:56+02:00 job start kind=adaptation_extraction family=l_ablation experiment_mode=full skip_complete=true tasks=24 datasets=Electricity,Traffic,Solar,exchange_rate models=chronos2 settings=24:24,168:24,504:24 distance_spaces=instance distance_metrics=euclidean neighbors=3
2026-08-14T22:42:56+02:00 skip complete family=extraction dataset=Electricity model=chronos2 lags=24 horizon=24 retrieval=vanilla run=/home/h61084/codes/adapts/outputs/extraction/Electricity/24_24/chronos2/none/none/0/none/run_0

2026-08-14T22:42:56+02:00 extraction start configuration=2/24 dataset=Electricity model=chronos2 lags=24 horizon=24 retrieval=instance_euclidean_3_online run=/home/h61084/codes/adapts/outputs/extraction/Electricity/24_24/chronos2/instance/euclidean/3/online/run_0 computation_signature=bf27fbaee4962a476bf6821c115b3be534e6ad57a85b23e3c4b23475b76ded78 period=24 align_period=false datastore_stride=25 adapt_stride=25 eval_stride=127 max_store_windows=30000 seed=1
2026-08-14 22:42:59,448 INFO [__main__] ========================================================================
2026-08-14 22:42:59,449 INFO [__main__] experiment start kind=extraction dataset=Electricity model=chronos2 lags=24 horizon=24 neighbors=3 distance=instance/euclidean
2026-08-14 22:42:59,792 INFO [__main__] dataset load start
2026-08-14 22:42:59,793 INFO [src.data.load_dataset] loaded dataset config path=/home/h61084/codes/datasets/electricity/config.json keys=['aggr', 'date_col', 'drop_users']
2026-08-14 22:43:00,511 INFO [__main__] dataset load done dates=26304 users=312
2026-08-14 22:43:00,512 INFO [__main__] model load start
2026-08-14 22:43:18,991 INFO [__main__] model load done name=chronos2 device=cuda parameters_total=119,477,664 parameters_trainable=0
2026-08-14 22:43:18,994 INFO [__main__] extraction start split=adapt queries=526
2026-08-14 22:47:13,034 INFO [__main__] extraction done split=adapt
2026-08-14 22:47:13,034 INFO [__main__] extraction start split=eval queries=42
2026-08-14 22:47:31,793 INFO [__main__] extraction done split=eval
2026-08-14 22:47:32,477 INFO [__main__] completion marker saved path=/home/h61084/codes/adapts/outputs/extraction/Electricity/24_24/chronos2/instance/euclidean/3/online/run_0/extraction_manifest.json
2026-08-14 22:47:32,477 INFO [__main__] outputs saved dir=/home/h61084/codes/adapts/outputs/extraction/Electricity/24_24/chronos2/instance/euclidean/3/online/run_0
2026-08-14 22:47:32,477 INFO [__main__] experiment done seconds=273.02
2026-08-14 22:47:32,477 INFO [__main__] ========================================================================
2026-08-14 22:47:35,560 INFO [__main__] extraction validation directory=/home/h61084/codes/adapts/outputs/extraction/Electricity/24_24/chronos2/instance/euclidean/3/online/run_0 status=complete
2026-08-14T22:47:35+02:00 extraction done configuration=2/24 dataset=Electricity model=chronos2 lags=24 horizon=24 retrieval=instance_euclidean_3_online
2026-08-14T22:47:36+02:00 skip complete family=extraction dataset=Electricity model=chronos2 lags=168 horizon=24 retrieval=vanilla run=/home/h61084/codes/adapts/outputs/extraction/Electricity/168_24/chronos2/none/none/0/none/run_1
2026-08-14T22:47:36+02:00 skip complete family=extraction dataset=Electricity model=chronos2 lags=168 horizon=24 retrieval=instance_euclidean_3_online run=/home/h61084/codes/adapts/outputs/extraction/Electricity/168_24/chronos2/instance/euclidean/3/online/run_1
2026-08-14T22:47:36+02:00 skip complete family=extraction dataset=Electricity model=chronos2 lags=504 horizon=24 retrieval=vanilla run=/home/h61084/codes/adapts/outputs/extraction/Electricity/504_24/chronos2/none/none/0/none/run_0

2026-08-14T22:47:36+02:00 extraction start configuration=6/24 dataset=Electricity model=chronos2 lags=504 horizon=24 retrieval=instance_euclidean_3_online run=/home/h61084/codes/adapts/outputs/extraction/Electricity/504_24/chronos2/instance/euclidean/3/online/run_0 computation_signature=d7d90290a01ae81ce4229517369c31515c76f4cd0600640b7c6936b417a91fd6 period=24 align_period=false datastore_stride=25 adapt_stride=25 eval_stride=127 max_store_windows=30000 seed=1
2026-08-14 22:47:38,886 INFO [__main__] ========================================================================
2026-08-14 22:47:38,887 INFO [__main__] experiment start kind=extraction dataset=Electricity model=chronos2 lags=504 horizon=24 neighbors=3 distance=instance/euclidean
2026-08-14 22:47:39,168 INFO [__main__] dataset load start
2026-08-14 22:47:39,169 INFO [src.data.load_dataset] loaded dataset config path=/home/h61084/codes/datasets/electricity/config.json keys=['aggr', 'date_col', 'drop_users']
2026-08-14 22:47:39,927 INFO [__main__] dataset load done dates=26304 users=312
2026-08-14 22:47:39,927 INFO [__main__] model load start
2026-08-14 22:47:48,154 INFO [__main__] model load done name=chronos2 device=cuda parameters_total=119,477,664 parameters_trainable=0
2026-08-14 22:47:48,157 INFO [__main__] extraction start split=adapt queries=526
2026-08-14 22:59:25,003 INFO [__main__] extraction done split=adapt
2026-08-14 22:59:25,004 INFO [__main__] extraction start split=eval queries=42
2026-08-14 23:00:19,668 INFO [__main__] extraction done split=eval
2026-08-14 23:00:20,716 INFO [__main__] completion marker saved path=/home/h61084/codes/adapts/outputs/extraction/Electricity/504_24/chronos2/instance/euclidean/3/online/run_0/extraction_manifest.json
2026-08-14 23:00:20,716 INFO [__main__] outputs saved dir=/home/h61084/codes/adapts/outputs/extraction/Electricity/504_24/chronos2/instance/euclidean/3/online/run_0
2026-08-14 23:00:20,716 INFO [__main__] experiment done seconds=761.82
2026-08-14 23:00:20,716 INFO [__main__] ========================================================================
2026-08-14 23:00:23,975 INFO [__main__] extraction validation directory=/home/h61084/codes/adapts/outputs/extraction/Electricity/504_24/chronos2/instance/euclidean/3/online/run_0 status=complete
2026-08-14T23:00:24+02:00 extraction done configuration=6/24 dataset=Electricity model=chronos2 lags=504 horizon=24 retrieval=instance_euclidean_3_online
2026-08-14T23:00:24+02:00 skip complete family=extraction dataset=Traffic model=chronos2 lags=24 horizon=24 retrieval=vanilla run=/home/h61084/codes/adapts/outputs/extraction/Traffic/24_24/chronos2/none/none/0/none/run_0

2026-08-14T23:00:24+02:00 extraction start configuration=8/24 dataset=Traffic model=chronos2 lags=24 horizon=24 retrieval=instance_euclidean_3_online run=/home/h61084/codes/adapts/outputs/extraction/Traffic/24_24/chronos2/instance/euclidean/3/online/run_0 computation_signature=ba37d2c4266a3a10ee08ee59ea77c7be254a9c7ed50aa7e03c5ca5c0cc3adb3f period=24 align_period=false datastore_stride=25 adapt_stride=25 eval_stride=127 max_store_windows=30000 seed=1
2026-08-14 23:00:27,513 INFO [__main__] ========================================================================
2026-08-14 23:00:27,513 INFO [__main__] experiment start kind=extraction dataset=Traffic model=chronos2 lags=24 horizon=24 neighbors=3 distance=instance/euclidean
2026-08-14 23:00:27,833 INFO [__main__] dataset load start
2026-08-14 23:00:27,836 INFO [src.data.load_dataset] loaded dataset config path=/home/h61084/codes/datasets/traffic/config.json keys=['aggr', 'date_col', 'drop_users']
2026-08-14 23:00:28,974 INFO [__main__] dataset load done dates=17544 users=860
2026-08-14 23:00:28,974 INFO [__main__] model load start
2026-08-14 23:00:38,195 INFO [__main__] model load done name=chronos2 device=cuda parameters_total=119,477,664 parameters_trainable=0
2026-08-14 23:00:38,197 INFO [__main__] extraction start split=adapt queries=350
2026-08-14 23:07:43,714 INFO [__main__] extraction done split=adapt
2026-08-14 23:07:43,714 INFO [__main__] extraction start split=eval queries=28
2026-08-14 23:08:17,577 INFO [__main__] extraction done split=eval
2026-08-14 23:08:18,632 INFO [__main__] completion marker saved path=/home/h61084/codes/adapts/outputs/extraction/Traffic/24_24/chronos2/instance/euclidean/3/online/run_0/extraction_manifest.json
2026-08-14 23:08:18,633 INFO [__main__] outputs saved dir=/home/h61084/codes/adapts/outputs/extraction/Traffic/24_24/chronos2/instance/euclidean/3/online/run_0
2026-08-14 23:08:18,633 INFO [__main__] experiment done seconds=471.10
2026-08-14 23:08:18,633 INFO [__main__] ========================================================================
2026-08-14 23:08:21,740 INFO [__main__] extraction validation directory=/home/h61084/codes/adapts/outputs/extraction/Traffic/24_24/chronos2/instance/euclidean/3/online/run_0 status=complete
2026-08-14T23:08:22+02:00 extraction done configuration=8/24 dataset=Traffic model=chronos2 lags=24 horizon=24 retrieval=instance_euclidean_3_online
2026-08-14T23:08:22+02:00 skip complete family=extraction dataset=Traffic model=chronos2 lags=168 horizon=24 retrieval=vanilla run=/home/h61084/codes/adapts/outputs/extraction/Traffic/168_24/chronos2/none/none/0/none/run_1
2026-08-14T23:08:22+02:00 skip complete family=extraction dataset=Traffic model=chronos2 lags=168 horizon=24 retrieval=instance_euclidean_3_online run=/home/h61084/codes/adapts/outputs/extraction/Traffic/168_24/chronos2/instance/euclidean/3/online/run_1
2026-08-14T23:08:22+02:00 skip complete family=extraction dataset=Traffic model=chronos2 lags=504 horizon=24 retrieval=vanilla run=/home/h61084/codes/adapts/outputs/extraction/Traffic/504_24/chronos2/none/none/0/none/run_0

2026-08-14T23:08:22+02:00 extraction start configuration=12/24 dataset=Traffic model=chronos2 lags=504 horizon=24 retrieval=instance_euclidean_3_online run=/home/h61084/codes/adapts/outputs/extraction/Traffic/504_24/chronos2/instance/euclidean/3/online/run_0 computation_signature=acbbd62f04f397c9adbc490584871bfbdfbe03ac8ba38182413034964c7326c9 period=24 align_period=false datastore_stride=25 adapt_stride=25 eval_stride=127 max_store_windows=30000 seed=1
2026-08-14 23:08:24,970 INFO [__main__] ========================================================================
2026-08-14 23:08:24,970 INFO [__main__] experiment start kind=extraction dataset=Traffic model=chronos2 lags=504 horizon=24 neighbors=3 distance=instance/euclidean
2026-08-14 23:08:25,268 INFO [__main__] dataset load start
2026-08-14 23:08:25,269 INFO [src.data.load_dataset] loaded dataset config path=/home/h61084/codes/datasets/traffic/config.json keys=['aggr', 'date_col', 'drop_users']
2026-08-14 23:08:26,415 INFO [__main__] dataset load done dates=17544 users=860
2026-08-14 23:08:26,416 INFO [__main__] model load start
2026-08-14 23:08:38,098 INFO [__main__] model load done name=chronos2 device=cuda parameters_total=119,477,664 parameters_trainable=0
2026-08-14 23:08:38,100 INFO [__main__] extraction start split=adapt queries=350
2026-08-14 23:26:23,947 INFO [__main__] extraction done split=adapt
2026-08-14 23:26:23,948 INFO [__main__] extraction start split=eval queries=28
2026-08-14 23:27:53,630 INFO [__main__] extraction done split=eval
2026-08-14 23:27:54,750 INFO [__main__] completion marker saved path=/home/h61084/codes/adapts/outputs/extraction/Traffic/504_24/chronos2/instance/euclidean/3/online/run_0/extraction_manifest.json
2026-08-14 23:27:54,750 INFO [__main__] outputs saved dir=/home/h61084/codes/adapts/outputs/extraction/Traffic/504_24/chronos2/instance/euclidean/3/online/run_0
2026-08-14 23:27:54,750 INFO [__main__] experiment done seconds=1169.77
2026-08-14 23:27:54,750 INFO [__main__] ========================================================================
2026-08-14 23:27:57,898 INFO [__main__] extraction validation directory=/home/h61084/codes/adapts/outputs/extraction/Traffic/504_24/chronos2/instance/euclidean/3/online/run_0 status=complete
2026-08-14T23:27:58+02:00 extraction done configuration=12/24 dataset=Traffic model=chronos2 lags=504 horizon=24 retrieval=instance_euclidean_3_online
2026-08-14T23:27:58+02:00 skip complete family=extraction dataset=Solar model=chronos2 lags=24 horizon=24 retrieval=vanilla run=/home/h61084/codes/adapts/outputs/extraction/Solar/24_24/chronos2/none/none/0/none/run_0

2026-08-14T23:27:58+02:00 extraction start configuration=14/24 dataset=Solar model=chronos2 lags=24 horizon=24 retrieval=instance_euclidean_3_online run=/home/h61084/codes/adapts/outputs/extraction/Solar/24_24/chronos2/instance/euclidean/3/online/run_0 computation_signature=89b5a9251a245480c8b3fe7a35084c97e173e35bbeff580b932b49209a890b3b period=24 align_period=false datastore_stride=25 adapt_stride=25 eval_stride=127 max_store_windows=30000 seed=1
2026-08-14 23:28:01,070 INFO [__main__] ========================================================================
2026-08-14 23:28:01,070 INFO [__main__] experiment start kind=extraction dataset=Solar model=chronos2 lags=24 horizon=24 neighbors=3 distance=instance/euclidean
2026-08-14 23:28:01,357 INFO [__main__] dataset load start
2026-08-14 23:28:01,359 INFO [src.data.load_dataset] loaded dataset config path=/home/h61084/codes/datasets/solar/config.json keys=['aggr', 'date_col', 'drop_users']
2026-08-14 23:28:01,763 INFO [__main__] dataset load done dates=8760 users=137
2026-08-14 23:28:01,763 INFO [__main__] model load start
2026-08-14 23:28:14,087 INFO [__main__] model load done name=chronos2 device=cuda parameters_total=119,477,664 parameters_trainable=0
2026-08-14 23:28:14,088 INFO [__main__] extraction start split=adapt queries=175
2026-08-14 23:28:53,183 INFO [__main__] extraction done split=adapt
2026-08-14 23:28:53,183 INFO [__main__] extraction start split=eval queries=14
2026-08-14 23:28:55,940 INFO [__main__] extraction done split=eval
2026-08-14 23:28:56,458 INFO [__main__] completion marker saved path=/home/h61084/codes/adapts/outputs/extraction/Solar/24_24/chronos2/instance/euclidean/3/online/run_0/extraction_manifest.json
2026-08-14 23:28:56,458 INFO [__main__] outputs saved dir=/home/h61084/codes/adapts/outputs/extraction/Solar/24_24/chronos2/instance/euclidean/3/online/run_0
2026-08-14 23:28:56,458 INFO [__main__] experiment done seconds=55.38
2026-08-14 23:28:56,458 INFO [__main__] ========================================================================
2026-08-14 23:28:59,545 INFO [__main__] extraction validation directory=/home/h61084/codes/adapts/outputs/extraction/Solar/24_24/chronos2/instance/euclidean/3/online/run_0 status=complete
2026-08-14T23:28:59+02:00 extraction done configuration=14/24 dataset=Solar model=chronos2 lags=24 horizon=24 retrieval=instance_euclidean_3_online
2026-08-14T23:29:00+02:00 skip complete family=extraction dataset=Solar model=chronos2 lags=168 horizon=24 retrieval=vanilla run=/home/h61084/codes/adapts/outputs/extraction/Solar/168_24/chronos2/none/none/0/none/run_1
2026-08-14T23:29:00+02:00 skip complete family=extraction dataset=Solar model=chronos2 lags=168 horizon=24 retrieval=instance_euclidean_3_online run=/home/h61084/codes/adapts/outputs/extraction/Solar/168_24/chronos2/instance/euclidean/3/online/run_1
2026-08-14T23:29:00+02:00 skip complete family=extraction dataset=Solar model=chronos2 lags=504 horizon=24 retrieval=vanilla run=/home/h61084/codes/adapts/outputs/extraction/Solar/504_24/chronos2/none/none/0/none/run_0

2026-08-14T23:29:00+02:00 extraction start configuration=18/24 dataset=Solar model=chronos2 lags=504 horizon=24 retrieval=instance_euclidean_3_online run=/home/h61084/codes/adapts/outputs/extraction/Solar/504_24/chronos2/instance/euclidean/3/online/run_0 computation_signature=2ce8c458c4d0cc5221acd1f776635e5d1db4f050892b81cc455cb5910e707e00 period=24 align_period=false datastore_stride=25 adapt_stride=25 eval_stride=127 max_store_windows=30000 seed=1
2026-08-14 23:29:02,957 INFO [__main__] ========================================================================
2026-08-14 23:29:02,957 INFO [__main__] experiment start kind=extraction dataset=Solar model=chronos2 lags=504 horizon=24 neighbors=3 distance=instance/euclidean
2026-08-14 23:29:03,244 INFO [__main__] dataset load start
2026-08-14 23:29:03,246 INFO [src.data.load_dataset] loaded dataset config path=/home/h61084/codes/datasets/solar/config.json keys=['aggr', 'date_col', 'drop_users']
2026-08-14 23:29:03,662 INFO [__main__] dataset load done dates=8760 users=137
2026-08-14 23:29:03,662 INFO [__main__] model load start
2026-08-14 23:29:17,782 INFO [__main__] model load done name=chronos2 device=cuda parameters_total=119,477,664 parameters_trainable=0
2026-08-14 23:29:17,784 INFO [__main__] extraction start split=adapt queries=175
2026-08-14 23:31:06,569 INFO [__main__] extraction done split=adapt
2026-08-14 23:31:06,569 INFO [__main__] extraction start split=eval queries=14
2026-08-14 23:31:16,805 INFO [__main__] extraction done split=eval
2026-08-14 23:31:17,500 INFO [__main__] completion marker saved path=/home/h61084/codes/adapts/outputs/extraction/Solar/504_24/chronos2/instance/euclidean/3/online/run_0/extraction_manifest.json
2026-08-14 23:31:17,500 INFO [__main__] outputs saved dir=/home/h61084/codes/adapts/outputs/extraction/Solar/504_24/chronos2/instance/euclidean/3/online/run_0
2026-08-14 23:31:17,500 INFO [__main__] experiment done seconds=134.54
2026-08-14 23:31:17,501 INFO [__main__] ========================================================================
2026-08-14 23:31:20,421 INFO [__main__] extraction validation directory=/home/h61084/codes/adapts/outputs/extraction/Solar/504_24/chronos2/instance/euclidean/3/online/run_0 status=complete
2026-08-14T23:31:20+02:00 extraction done configuration=18/24 dataset=Solar model=chronos2 lags=504 horizon=24 retrieval=instance_euclidean_3_online
2026-08-14T23:31:20+02:00 skip complete family=extraction dataset=exchange_rate model=chronos2 lags=24 horizon=24 retrieval=vanilla run=/home/h61084/codes/adapts/outputs/extraction/exchange_rate/24_24/chronos2/none/none/0/none/run_0

2026-08-14T23:31:21+02:00 extraction start configuration=20/24 dataset=exchange_rate model=chronos2 lags=24 horizon=24 retrieval=instance_euclidean_3_online run=/home/h61084/codes/adapts/outputs/extraction/exchange_rate/24_24/chronos2/instance/euclidean/3/online/run_0 computation_signature=98a2dd20094c5e8561bee72cbd88d428dd66bfa9cd81809ca3d53f40de606fc1 period=24 align_period=false datastore_stride=25 adapt_stride=25 eval_stride=127 max_store_windows=30000 seed=1
2026-08-14 23:31:23,699 INFO [__main__] ========================================================================
2026-08-14 23:31:23,700 INFO [__main__] experiment start kind=extraction dataset=exchange_rate model=chronos2 lags=24 horizon=24 neighbors=3 distance=instance/euclidean
2026-08-14 23:31:23,995 INFO [__main__] dataset load start
2026-08-14 23:31:23,997 INFO [src.data.load_dataset] loaded dataset config path=/home/h61084/codes/datasets/exchange_rate/config.json keys=['aggr', 'date_col', 'drop_users']
2026-08-14 23:31:24,014 INFO [__main__] dataset load done dates=7588 users=8
2026-08-14 23:31:24,014 INFO [__main__] model load start
2026-08-14 23:31:32,445 INFO [__main__] model load done name=chronos2 device=cuda parameters_total=119,477,664 parameters_trainable=0
2026-08-14 23:31:32,446 INFO [__main__] extraction start split=adapt queries=151
2026-08-14 23:31:39,803 INFO [__main__] extraction done split=adapt
2026-08-14 23:31:39,803 INFO [__main__] extraction start split=eval queries=12
2026-08-14 23:31:40,359 INFO [__main__] extraction done split=eval
2026-08-14 23:31:40,938 INFO [__main__] completion marker saved path=/home/h61084/codes/adapts/outputs/extraction/exchange_rate/24_24/chronos2/instance/euclidean/3/online/run_0/extraction_manifest.json
2026-08-14 23:31:40,939 INFO [__main__] outputs saved dir=/home/h61084/codes/adapts/outputs/extraction/exchange_rate/24_24/chronos2/instance/euclidean/3/online/run_0
2026-08-14 23:31:40,939 INFO [__main__] experiment done seconds=17.23
2026-08-14 23:31:40,939 INFO [__main__] ========================================================================
2026-08-14 23:31:44,079 INFO [__main__] extraction validation directory=/home/h61084/codes/adapts/outputs/extraction/exchange_rate/24_24/chronos2/instance/euclidean/3/online/run_0 status=complete
2026-08-14T23:31:44+02:00 extraction done configuration=20/24 dataset=exchange_rate model=chronos2 lags=24 horizon=24 retrieval=instance_euclidean_3_online
2026-08-14T23:31:44+02:00 skip complete family=extraction dataset=exchange_rate model=chronos2 lags=168 horizon=24 retrieval=vanilla run=/home/h61084/codes/adapts/outputs/extraction/exchange_rate/168_24/chronos2/none/none/0/none/run_1
2026-08-14T23:31:44+02:00 skip complete family=extraction dataset=exchange_rate model=chronos2 lags=168 horizon=24 retrieval=instance_euclidean_3_online run=/home/h61084/codes/adapts/outputs/extraction/exchange_rate/168_24/chronos2/instance/euclidean/3/online/run_1
2026-08-14T23:31:44+02:00 skip complete family=extraction dataset=exchange_rate model=chronos2 lags=504 horizon=24 retrieval=vanilla run=/home/h61084/codes/adapts/outputs/extraction/exchange_rate/504_24/chronos2/none/none/0/none/run_0

2026-08-14T23:31:44+02:00 extraction start configuration=24/24 dataset=exchange_rate model=chronos2 lags=504 horizon=24 retrieval=instance_euclidean_3_online run=/home/h61084/codes/adapts/outputs/extraction/exchange_rate/504_24/chronos2/instance/euclidean/3/online/run_0 computation_signature=d2b6ef67fcc86cbd3c8485d7b32fb56a7ac7e1b35fa172e00326b8d645b8ffd9 period=24 align_period=false datastore_stride=25 adapt_stride=25 eval_stride=127 max_store_windows=30000 seed=1
2026-08-14 23:31:47,367 INFO [__main__] ========================================================================
2026-08-14 23:31:47,367 INFO [__main__] experiment start kind=extraction dataset=exchange_rate model=chronos2 lags=504 horizon=24 neighbors=3 distance=instance/euclidean
2026-08-14 23:31:47,645 INFO [__main__] dataset load start
2026-08-14 23:31:47,647 INFO [src.data.load_dataset] loaded dataset config path=/home/h61084/codes/datasets/exchange_rate/config.json keys=['aggr', 'date_col', 'drop_users']
2026-08-14 23:31:47,664 INFO [__main__] dataset load done dates=7588 users=8
2026-08-14 23:31:47,664 INFO [__main__] model load start
2026-08-14 23:31:59,184 INFO [__main__] model load done name=chronos2 device=cuda parameters_total=119,477,664 parameters_trainable=0
2026-08-14 23:31:59,185 INFO [__main__] extraction start split=adapt queries=151
2026-08-14 23:32:09,130 INFO [__main__] extraction done split=adapt
2026-08-14 23:32:09,130 INFO [__main__] extraction start split=eval queries=12
2026-08-14 23:32:09,881 INFO [__main__] extraction done split=eval
2026-08-14 23:32:10,574 INFO [__main__] completion marker saved path=/home/h61084/codes/adapts/outputs/extraction/exchange_rate/504_24/chronos2/instance/euclidean/3/online/run_0/extraction_manifest.json
2026-08-14 23:32:10,574 INFO [__main__] outputs saved dir=/home/h61084/codes/adapts/outputs/extraction/exchange_rate/504_24/chronos2/instance/euclidean/3/online/run_0
2026-08-14 23:32:10,575 INFO [__main__] experiment done seconds=23.20
2026-08-14 23:32:10,575 INFO [__main__] ========================================================================
2026-08-14 23:32:13,621 INFO [__main__] extraction validation directory=/home/h61084/codes/adapts/outputs/extraction/exchange_rate/504_24/chronos2/instance/euclidean/3/online/run_0 status=complete
2026-08-14T23:32:14+02:00 extraction done configuration=24/24 dataset=exchange_rate model=chronos2 lags=504 horizon=24 retrieval=instance_euclidean_3_online

2026-08-14T23:32:14+02:00 job done kind=adaptation_extraction output=outputs/extraction

2026-08-14T23:32:14+02:00 job start kind=baselines family=l_ablation experiment_mode=full skip_complete=true tasks=12 datasets=Electricity,Traffic,Solar,exchange_rate models=chronos2 settings=24:24,168:24,504:24 distance_spaces=instance distance_metrics=euclidean neighbors=3 methods=full_ridge_shared,cov_y_ridge_shared,cov_avgy_ridge_shared results_root=outputs/adaptation/l_ablation
2026-08-14 23:32:16,356 INFO [__main__] extraction validation directory=/home/h61084/codes/adapts/outputs/extraction/Electricity/24_24/chronos2/instance/euclidean/3/online/run_0 status=complete

2026-08-14T23:32:16+02:00 baselines start configuration=1/12 dataset=Electricity model=chronos2 formula=full_ridge_shared lags=24 horizon=24 retrieval=instance_euclidean_3_online run=/home/h61084/codes/adapts/outputs/adaptation/l_ablation/Electricity/24_24/chronos2/full_ridge_shared/instance/euclidean/3/online/run_0 computation_signature=1a6f8f65df9a87736fedf14358ee12bd1b74fb117613b400c8368dd108831188 l2_grid=0,1e-6,1e-5,1e-4,1e-3,1e-2,1e-1,1,10 validation_fraction=0.2 fit_baselines_on_eval=false seed=1
2026-08-14 23:32:19,325 INFO [__main__] ========================================================================
2026-08-14 23:32:19,325 INFO [__main__] selected methods=('full_ridge_shared',)
2026-08-14 23:32:25,102 INFO [__main__] baseline selection start l2_grid=(0.0, 1e-06, 1e-05, 0.0001, 0.001, 0.01, 0.1, 1.0, 10.0)
2026-08-14 23:32:25,859 INFO [__main__] baseline selection done
2026-08-14 23:32:25,886 INFO [__main__] experiment done seconds=6.56
2026-08-14 23:32:25,886 INFO [__main__] ========================================================================
2026-08-14T23:32:26+02:00 baselines done configuration=1/12 dataset=Electricity model=chronos2 formula=full_ridge_shared lags=24 horizon=24 retrieval=instance_euclidean_3_online

2026-08-14T23:32:26+02:00 baselines start configuration=1/12 dataset=Electricity model=chronos2 formula=cov_y_ridge_shared lags=24 horizon=24 retrieval=instance_euclidean_3_online run=/home/h61084/codes/adapts/outputs/adaptation/l_ablation/Electricity/24_24/chronos2/cov_y_ridge_shared/instance/euclidean/3/online/run_0 computation_signature=c03e359c832849e7a489b9a47be04bb38805734b6644acd4212b958520974c52 l2_grid=0,1e-6,1e-5,1e-4,1e-3,1e-2,1e-1,1,10 validation_fraction=0.2 fit_baselines_on_eval=false seed=1
2026-08-14 23:32:29,301 INFO [__main__] ========================================================================
2026-08-14 23:32:29,302 INFO [__main__] selected methods=('cov_y_ridge_shared',)
2026-08-14 23:32:31,426 INFO [__main__] baseline selection start l2_grid=(0.0, 1e-06, 1e-05, 0.0001, 0.001, 0.01, 0.1, 1.0, 10.0)
2026-08-14 23:32:32,037 INFO [__main__] baseline selection done
2026-08-14 23:32:32,060 INFO [__main__] experiment done seconds=2.76
2026-08-14 23:32:32,060 INFO [__main__] ========================================================================
2026-08-14T23:32:32+02:00 baselines done configuration=1/12 dataset=Electricity model=chronos2 formula=cov_y_ridge_shared lags=24 horizon=24 retrieval=instance_euclidean_3_online

2026-08-14T23:32:32+02:00 baselines start configuration=1/12 dataset=Electricity model=chronos2 formula=cov_avgy_ridge_shared lags=24 horizon=24 retrieval=instance_euclidean_3_online run=/home/h61084/codes/adapts/outputs/adaptation/l_ablation/Electricity/24_24/chronos2/cov_avgy_ridge_shared/instance/euclidean/3/online/run_0 computation_signature=64ba9e9bcd29c458fee5b00c90d180d8fb06dc14b724880857346b5543489c9d l2_grid=0,1e-6,1e-5,1e-4,1e-3,1e-2,1e-1,1,10 validation_fraction=0.2 fit_baselines_on_eval=false seed=1
2026-08-14 23:32:35,947 INFO [__main__] ========================================================================
2026-08-14 23:32:35,947 INFO [__main__] selected methods=('cov_avgy_ridge_shared',)
2026-08-14 23:32:38,143 INFO [__main__] baseline selection start l2_grid=(0.0, 1e-06, 1e-05, 0.0001, 0.001, 0.01, 0.1, 1.0, 10.0)
2026-08-14 23:32:38,927 INFO [__main__] baseline selection done
2026-08-14 23:32:38,952 INFO [__main__] experiment done seconds=3.00
2026-08-14 23:32:38,952 INFO [__main__] ========================================================================
2026-08-14T23:32:39+02:00 baselines done configuration=1/12 dataset=Electricity model=chronos2 formula=cov_avgy_ridge_shared lags=24 horizon=24 retrieval=instance_euclidean_3_online
2026-08-14 23:32:41,761 INFO [__main__] extraction validation directory=/home/h61084/codes/adapts/outputs/extraction/Electricity/168_24/chronos2/instance/euclidean/3/online/run_1 status=complete

2026-08-14T23:32:42+02:00 baselines start configuration=2/12 dataset=Electricity model=chronos2 formula=full_ridge_shared lags=168 horizon=24 retrieval=instance_euclidean_3_online run=/home/h61084/codes/adapts/outputs/adaptation/l_ablation/Electricity/168_24/chronos2/full_ridge_shared/instance/euclidean/3/online/run_0 computation_signature=d0b5eb21877a7e6c592ecb15be56b07709b0a63093ef9ad19e036b2403c492b8 l2_grid=0,1e-6,1e-5,1e-4,1e-3,1e-2,1e-1,1,10 validation_fraction=0.2 fit_baselines_on_eval=false seed=1
2026-08-14 23:32:44,895 INFO [__main__] ========================================================================
2026-08-14 23:32:44,895 INFO [__main__] selected methods=('full_ridge_shared',)
2026-08-14 23:32:47,419 INFO [__main__] baseline selection start l2_grid=(0.0, 1e-06, 1e-05, 0.0001, 0.001, 0.01, 0.1, 1.0, 10.0)
2026-08-14 23:32:48,481 INFO [__main__] baseline selection done
2026-08-14 23:32:48,511 INFO [__main__] experiment done seconds=3.61
2026-08-14 23:32:48,511 INFO [__main__] ========================================================================
2026-08-14T23:32:49+02:00 baselines done configuration=2/12 dataset=Electricity model=chronos2 formula=full_ridge_shared lags=168 horizon=24 retrieval=instance_euclidean_3_online

2026-08-14T23:32:49+02:00 baselines start configuration=2/12 dataset=Electricity model=chronos2 formula=cov_y_ridge_shared lags=168 horizon=24 retrieval=instance_euclidean_3_online run=/home/h61084/codes/adapts/outputs/adaptation/l_ablation/Electricity/168_24/chronos2/cov_y_ridge_shared/instance/euclidean/3/online/run_0 computation_signature=bbc52083abbea590c0c4810f481d3ddc85ba09048b094731ed9b42ab39c3cb10 l2_grid=0,1e-6,1e-5,1e-4,1e-3,1e-2,1e-1,1,10 validation_fraction=0.2 fit_baselines_on_eval=false seed=1
2026-08-14 23:32:51,743 INFO [__main__] ========================================================================
2026-08-14 23:32:51,743 INFO [__main__] selected methods=('cov_y_ridge_shared',)
2026-08-14 23:32:54,347 INFO [__main__] baseline selection start l2_grid=(0.0, 1e-06, 1e-05, 0.0001, 0.001, 0.01, 0.1, 1.0, 10.0)
2026-08-14 23:32:54,931 INFO [__main__] baseline selection done
2026-08-14 23:32:54,956 INFO [__main__] experiment done seconds=3.21
2026-08-14 23:32:54,957 INFO [__main__] ========================================================================
2026-08-14T23:32:55+02:00 baselines done configuration=2/12 dataset=Electricity model=chronos2 formula=cov_y_ridge_shared lags=168 horizon=24 retrieval=instance_euclidean_3_online

2026-08-14T23:32:55+02:00 baselines start configuration=2/12 dataset=Electricity model=chronos2 formula=cov_avgy_ridge_shared lags=168 horizon=24 retrieval=instance_euclidean_3_online run=/home/h61084/codes/adapts/outputs/adaptation/l_ablation/Electricity/168_24/chronos2/cov_avgy_ridge_shared/instance/euclidean/3/online/run_0 computation_signature=d7e5f6416617874a64c2f4b98ab6ff9603514d84baa93cb83fed37abb6daf862 l2_grid=0,1e-6,1e-5,1e-4,1e-3,1e-2,1e-1,1,10 validation_fraction=0.2 fit_baselines_on_eval=false seed=1
2026-08-14 23:32:58,087 INFO [__main__] ========================================================================
2026-08-14 23:32:58,087 INFO [__main__] selected methods=('cov_avgy_ridge_shared',)
2026-08-14 23:33:01,006 INFO [__main__] baseline selection start l2_grid=(0.0, 1e-06, 1e-05, 0.0001, 0.001, 0.01, 0.1, 1.0, 10.0)
2026-08-14 23:33:01,783 INFO [__main__] baseline selection done
2026-08-14 23:33:01,809 INFO [__main__] experiment done seconds=3.72
2026-08-14 23:33:01,809 INFO [__main__] ========================================================================
2026-08-14T23:33:02+02:00 baselines done configuration=2/12 dataset=Electricity model=chronos2 formula=cov_avgy_ridge_shared lags=168 horizon=24 retrieval=instance_euclidean_3_online
2026-08-14 23:33:04,899 INFO [__main__] extraction validation directory=/home/h61084/codes/adapts/outputs/extraction/Electricity/504_24/chronos2/instance/euclidean/3/online/run_0 status=complete

2026-08-14T23:33:05+02:00 baselines start configuration=3/12 dataset=Electricity model=chronos2 formula=full_ridge_shared lags=504 horizon=24 retrieval=instance_euclidean_3_online run=/home/h61084/codes/adapts/outputs/adaptation/l_ablation/Electricity/504_24/chronos2/full_ridge_shared/instance/euclidean/3/online/run_0 computation_signature=eba7d311419d8f77ece134d8feafc770fdd320a2af5c2058ce8864974c1d0bc0 l2_grid=0,1e-6,1e-5,1e-4,1e-3,1e-2,1e-1,1,10 validation_fraction=0.2 fit_baselines_on_eval=false seed=1
2026-08-14 23:33:08,202 INFO [__main__] ========================================================================
2026-08-14 23:33:08,203 INFO [__main__] selected methods=('full_ridge_shared',)
2026-08-14 23:33:25,699 INFO [__main__] baseline selection start l2_grid=(0.0, 1e-06, 1e-05, 0.0001, 0.001, 0.01, 0.1, 1.0, 10.0)
2026-08-14 23:33:26,762 INFO [__main__] baseline selection done
2026-08-14 23:33:26,788 INFO [__main__] experiment done seconds=18.58
2026-08-14 23:33:26,788 INFO [__main__] ========================================================================
2026-08-14T23:33:27+02:00 baselines done configuration=3/12 dataset=Electricity model=chronos2 formula=full_ridge_shared lags=504 horizon=24 retrieval=instance_euclidean_3_online

2026-08-14T23:33:27+02:00 baselines start configuration=3/12 dataset=Electricity model=chronos2 formula=cov_y_ridge_shared lags=504 horizon=24 retrieval=instance_euclidean_3_online run=/home/h61084/codes/adapts/outputs/adaptation/l_ablation/Electricity/504_24/chronos2/cov_y_ridge_shared/instance/euclidean/3/online/run_0 computation_signature=6dfb3c8532239b561b30bef7748dbda68d3549fa2972eae52e02adabf293abba l2_grid=0,1e-6,1e-5,1e-4,1e-3,1e-2,1e-1,1,10 validation_fraction=0.2 fit_baselines_on_eval=false seed=1
2026-08-14 23:33:30,008 INFO [__main__] ========================================================================
2026-08-14 23:33:30,008 INFO [__main__] selected methods=('cov_y_ridge_shared',)
2026-08-14 23:33:33,724 INFO [__main__] baseline selection start l2_grid=(0.0, 1e-06, 1e-05, 0.0001, 0.001, 0.01, 0.1, 1.0, 10.0)
2026-08-14 23:33:34,307 INFO [__main__] baseline selection done
2026-08-14 23:33:34,331 INFO [__main__] experiment done seconds=4.32
2026-08-14 23:33:34,331 INFO [__main__] ========================================================================
2026-08-14T23:33:34+02:00 baselines done configuration=3/12 dataset=Electricity model=chronos2 formula=cov_y_ridge_shared lags=504 horizon=24 retrieval=instance_euclidean_3_online

2026-08-14T23:33:35+02:00 baselines start configuration=3/12 dataset=Electricity model=chronos2 formula=cov_avgy_ridge_shared lags=504 horizon=24 retrieval=instance_euclidean_3_online run=/home/h61084/codes/adapts/outputs/adaptation/l_ablation/Electricity/504_24/chronos2/cov_avgy_ridge_shared/instance/euclidean/3/online/run_0 computation_signature=3c9889c76489db76f204840198a402821a107ec07a63762abf3f48a30b94b26e l2_grid=0,1e-6,1e-5,1e-4,1e-3,1e-2,1e-1,1,10 validation_fraction=0.2 fit_baselines_on_eval=false seed=1
2026-08-14 23:33:37,531 INFO [__main__] ========================================================================
2026-08-14 23:33:37,531 INFO [__main__] selected methods=('cov_avgy_ridge_shared',)
2026-08-14 23:33:41,777 INFO [__main__] baseline selection start l2_grid=(0.0, 1e-06, 1e-05, 0.0001, 0.001, 0.01, 0.1, 1.0, 10.0)
2026-08-14 23:33:42,532 INFO [__main__] baseline selection done
2026-08-14 23:33:42,555 INFO [__main__] experiment done seconds=5.02
2026-08-14 23:33:42,555 INFO [__main__] ========================================================================
2026-08-14T23:33:43+02:00 baselines done configuration=3/12 dataset=Electricity model=chronos2 formula=cov_avgy_ridge_shared lags=504 horizon=24 retrieval=instance_euclidean_3_online
2026-08-14 23:33:45,457 INFO [__main__] extraction validation directory=/home/h61084/codes/adapts/outputs/extraction/Traffic/24_24/chronos2/instance/euclidean/3/online/run_0 status=complete

2026-08-14T23:33:46+02:00 baselines start configuration=4/12 dataset=Traffic model=chronos2 formula=full_ridge_shared lags=24 horizon=24 retrieval=instance_euclidean_3_online run=/home/h61084/codes/adapts/outputs/adaptation/l_ablation/Traffic/24_24/chronos2/full_ridge_shared/instance/euclidean/3/online/run_0 computation_signature=b026a0e1cd453c7269483aaa6140f521560b3e854bb4fe906dee882a41c56077 l2_grid=0,1e-6,1e-5,1e-4,1e-3,1e-2,1e-1,1,10 validation_fraction=0.2 fit_baselines_on_eval=false seed=1
2026-08-14 23:33:48,508 INFO [__main__] ========================================================================
2026-08-14 23:33:48,508 INFO [__main__] selected methods=('full_ridge_shared',)
2026-08-14 23:33:55,000 INFO [__main__] baseline selection start l2_grid=(0.0, 1e-06, 1e-05, 0.0001, 0.001, 0.01, 0.1, 1.0, 10.0)
2026-08-14 23:33:56,617 INFO [__main__] baseline selection done
2026-08-14 23:33:56,642 INFO [__main__] experiment done seconds=8.13
2026-08-14 23:33:56,642 INFO [__main__] ========================================================================
2026-08-14T23:33:57+02:00 baselines done configuration=4/12 dataset=Traffic model=chronos2 formula=full_ridge_shared lags=24 horizon=24 retrieval=instance_euclidean_3_online

2026-08-14T23:33:57+02:00 baselines start configuration=4/12 dataset=Traffic model=chronos2 formula=cov_y_ridge_shared lags=24 horizon=24 retrieval=instance_euclidean_3_online run=/home/h61084/codes/adapts/outputs/adaptation/l_ablation/Traffic/24_24/chronos2/cov_y_ridge_shared/instance/euclidean/3/online/run_0 computation_signature=e8fe1a3b337dd02f883ac194b69d7f769262f40f7bbade9929e1562e48e1c25f l2_grid=0,1e-6,1e-5,1e-4,1e-3,1e-2,1e-1,1,10 validation_fraction=0.2 fit_baselines_on_eval=false seed=1
2026-08-14 23:33:59,759 INFO [__main__] ========================================================================
2026-08-14 23:33:59,759 INFO [__main__] selected methods=('cov_y_ridge_shared',)
2026-08-14 23:34:02,541 INFO [__main__] baseline selection start l2_grid=(0.0, 1e-06, 1e-05, 0.0001, 0.001, 0.01, 0.1, 1.0, 10.0)
2026-08-14 23:34:03,482 INFO [__main__] baseline selection done
2026-08-14 23:34:03,509 INFO [__main__] experiment done seconds=3.75
2026-08-14 23:34:03,509 INFO [__main__] ========================================================================
2026-08-14T23:34:04+02:00 baselines done configuration=4/12 dataset=Traffic model=chronos2 formula=cov_y_ridge_shared lags=24 horizon=24 retrieval=instance_euclidean_3_online

2026-08-14T23:34:04+02:00 baselines start configuration=4/12 dataset=Traffic model=chronos2 formula=cov_avgy_ridge_shared lags=24 horizon=24 retrieval=instance_euclidean_3_online run=/home/h61084/codes/adapts/outputs/adaptation/l_ablation/Traffic/24_24/chronos2/cov_avgy_ridge_shared/instance/euclidean/3/online/run_0 computation_signature=4b070aec2b2ef557e0fdd867f6e7b74ebb074e561971ce5d5b6af8a494016cb0 l2_grid=0,1e-6,1e-5,1e-4,1e-3,1e-2,1e-1,1,10 validation_fraction=0.2 fit_baselines_on_eval=false seed=1
2026-08-14 23:34:06,901 INFO [__main__] ========================================================================
2026-08-14 23:34:06,901 INFO [__main__] selected methods=('cov_avgy_ridge_shared',)
2026-08-14 23:34:09,497 INFO [__main__] baseline selection start l2_grid=(0.0, 1e-06, 1e-05, 0.0001, 0.001, 0.01, 0.1, 1.0, 10.0)
2026-08-14 23:34:10,705 INFO [__main__] baseline selection done
2026-08-14 23:34:10,727 INFO [__main__] experiment done seconds=3.82
2026-08-14 23:34:10,727 INFO [__main__] ========================================================================
2026-08-14T23:34:11+02:00 baselines done configuration=4/12 dataset=Traffic model=chronos2 formula=cov_avgy_ridge_shared lags=24 horizon=24 retrieval=instance_euclidean_3_online
2026-08-14 23:34:13,550 INFO [__main__] extraction validation directory=/home/h61084/codes/adapts/outputs/extraction/Traffic/168_24/chronos2/instance/euclidean/3/online/run_1 status=complete

2026-08-14T23:34:14+02:00 baselines start configuration=5/12 dataset=Traffic model=chronos2 formula=full_ridge_shared lags=168 horizon=24 retrieval=instance_euclidean_3_online run=/home/h61084/codes/adapts/outputs/adaptation/l_ablation/Traffic/168_24/chronos2/full_ridge_shared/instance/euclidean/3/online/run_0 computation_signature=9ca18a866e44d138baa1b6458feb47672a991f1609aa98ac521daab294e29b45 l2_grid=0,1e-6,1e-5,1e-4,1e-3,1e-2,1e-1,1,10 validation_fraction=0.2 fit_baselines_on_eval=false seed=1
2026-08-14 23:34:16,613 INFO [__main__] ========================================================================
2026-08-14 23:34:16,613 INFO [__main__] selected methods=('full_ridge_shared',)
2026-08-14 23:34:20,027 INFO [__main__] baseline selection start l2_grid=(0.0, 1e-06, 1e-05, 0.0001, 0.001, 0.01, 0.1, 1.0, 10.0)
2026-08-14 23:34:21,880 INFO [__main__] baseline selection done
2026-08-14 23:34:21,907 INFO [__main__] experiment done seconds=5.29
2026-08-14 23:34:21,907 INFO [__main__] ========================================================================
2026-08-14T23:34:22+02:00 baselines done configuration=5/12 dataset=Traffic model=chronos2 formula=full_ridge_shared lags=168 horizon=24 retrieval=instance_euclidean_3_online

2026-08-14T23:34:22+02:00 baselines start configuration=5/12 dataset=Traffic model=chronos2 formula=cov_y_ridge_shared lags=168 horizon=24 retrieval=instance_euclidean_3_online run=/home/h61084/codes/adapts/outputs/adaptation/l_ablation/Traffic/168_24/chronos2/cov_y_ridge_shared/instance/euclidean/3/online/run_0 computation_signature=bb4fb0a855d4364c8c2ca1513f8c8b862cefcecc404b4a56bd9c75a4f37f31d3 l2_grid=0,1e-6,1e-5,1e-4,1e-3,1e-2,1e-1,1,10 validation_fraction=0.2 fit_baselines_on_eval=false seed=1
2026-08-14 23:34:25,076 INFO [__main__] ========================================================================
2026-08-14 23:34:25,076 INFO [__main__] selected methods=('cov_y_ridge_shared',)
2026-08-14 23:34:28,619 INFO [__main__] baseline selection start l2_grid=(0.0, 1e-06, 1e-05, 0.0001, 0.001, 0.01, 0.1, 1.0, 10.0)
2026-08-14 23:34:29,552 INFO [__main__] baseline selection done
2026-08-14 23:34:29,578 INFO [__main__] experiment done seconds=4.50
2026-08-14 23:34:29,578 INFO [__main__] ========================================================================
2026-08-14T23:34:30+02:00 baselines done configuration=5/12 dataset=Traffic model=chronos2 formula=cov_y_ridge_shared lags=168 horizon=24 retrieval=instance_euclidean_3_online

2026-08-14T23:34:30+02:00 baselines start configuration=5/12 dataset=Traffic model=chronos2 formula=cov_avgy_ridge_shared lags=168 horizon=24 retrieval=instance_euclidean_3_online run=/home/h61084/codes/adapts/outputs/adaptation/l_ablation/Traffic/168_24/chronos2/cov_avgy_ridge_shared/instance/euclidean/3/online/run_0 computation_signature=05781b12987438083812104d747c96c184bd8481fdb9813f6eeb3ce10a999027 l2_grid=0,1e-6,1e-5,1e-4,1e-3,1e-2,1e-1,1,10 validation_fraction=0.2 fit_baselines_on_eval=false seed=1
2026-08-14 23:34:32,676 INFO [__main__] ========================================================================
2026-08-14 23:34:32,676 INFO [__main__] selected methods=('cov_avgy_ridge_shared',)
2026-08-14 23:34:36,142 INFO [__main__] baseline selection start l2_grid=(0.0, 1e-06, 1e-05, 0.0001, 0.001, 0.01, 0.1, 1.0, 10.0)
2026-08-14 23:34:37,369 INFO [__main__] baseline selection done
2026-08-14 23:34:37,392 INFO [__main__] experiment done seconds=4.71
2026-08-14 23:34:37,392 INFO [__main__] ========================================================================
2026-08-14T23:34:37+02:00 baselines done configuration=5/12 dataset=Traffic model=chronos2 formula=cov_avgy_ridge_shared lags=168 horizon=24 retrieval=instance_euclidean_3_online
2026-08-14 23:34:40,245 INFO [__main__] extraction validation directory=/home/h61084/codes/adapts/outputs/extraction/Traffic/504_24/chronos2/instance/euclidean/3/online/run_0 status=complete

2026-08-14T23:34:40+02:00 baselines start configuration=6/12 dataset=Traffic model=chronos2 formula=full_ridge_shared lags=504 horizon=24 retrieval=instance_euclidean_3_online run=/home/h61084/codes/adapts/outputs/adaptation/l_ablation/Traffic/504_24/chronos2/full_ridge_shared/instance/euclidean/3/online/run_0 computation_signature=b7832525e1051b988b2fdec698c9f99f94e845efe2227a142825240470b25844 l2_grid=0,1e-6,1e-5,1e-4,1e-3,1e-2,1e-1,1,10 validation_fraction=0.2 fit_baselines_on_eval=false seed=1
2026-08-14 23:34:43,665 INFO [__main__] ========================================================================
2026-08-14 23:34:43,665 INFO [__main__] selected methods=('full_ridge_shared',)
2026-08-14 23:35:10,876 INFO [__main__] baseline selection start l2_grid=(0.0, 1e-06, 1e-05, 0.0001, 0.001, 0.01, 0.1, 1.0, 10.0)
2026-08-14 23:35:12,687 INFO [__main__] baseline selection done
2026-08-14 23:35:12,723 INFO [__main__] experiment done seconds=29.05
2026-08-14 23:35:12,723 INFO [__main__] ========================================================================
2026-08-14T23:35:13+02:00 baselines done configuration=6/12 dataset=Traffic model=chronos2 formula=full_ridge_shared lags=504 horizon=24 retrieval=instance_euclidean_3_online

2026-08-14T23:35:13+02:00 baselines start configuration=6/12 dataset=Traffic model=chronos2 formula=cov_y_ridge_shared lags=504 horizon=24 retrieval=instance_euclidean_3_online run=/home/h61084/codes/adapts/outputs/adaptation/l_ablation/Traffic/504_24/chronos2/cov_y_ridge_shared/instance/euclidean/3/online/run_0 computation_signature=2e901ff1b3e30d53cff6a6266081ec715c2be86e54698fa7ba689d60c430fb71 l2_grid=0,1e-6,1e-5,1e-4,1e-3,1e-2,1e-1,1,10 validation_fraction=0.2 fit_baselines_on_eval=false seed=1
2026-08-14 23:35:16,147 INFO [__main__] ========================================================================
2026-08-14 23:35:16,148 INFO [__main__] selected methods=('cov_y_ridge_shared',)
2026-08-14 23:35:21,213 INFO [__main__] baseline selection start l2_grid=(0.0, 1e-06, 1e-05, 0.0001, 0.001, 0.01, 0.1, 1.0, 10.0)
2026-08-14 23:35:22,323 INFO [__main__] baseline selection done
2026-08-14 23:35:22,349 INFO [__main__] experiment done seconds=6.20
2026-08-14 23:35:22,349 INFO [__main__] ========================================================================
2026-08-14T23:35:22+02:00 baselines done configuration=6/12 dataset=Traffic model=chronos2 formula=cov_y_ridge_shared lags=504 horizon=24 retrieval=instance_euclidean_3_online

2026-08-14T23:35:23+02:00 baselines start configuration=6/12 dataset=Traffic model=chronos2 formula=cov_avgy_ridge_shared lags=504 horizon=24 retrieval=instance_euclidean_3_online run=/home/h61084/codes/adapts/outputs/adaptation/l_ablation/Traffic/504_24/chronos2/cov_avgy_ridge_shared/instance/euclidean/3/online/run_0 computation_signature=4880dc4b70a4c1726bdf97fdebb44a6f54dca95fdb803c789880654006735e66 l2_grid=0,1e-6,1e-5,1e-4,1e-3,1e-2,1e-1,1,10 validation_fraction=0.2 fit_baselines_on_eval=false seed=1
2026-08-14 23:35:25,701 INFO [__main__] ========================================================================
2026-08-14 23:35:25,702 INFO [__main__] selected methods=('cov_avgy_ridge_shared',)
2026-08-14 23:35:30,603 INFO [__main__] baseline selection start l2_grid=(0.0, 1e-06, 1e-05, 0.0001, 0.001, 0.01, 0.1, 1.0, 10.0)
2026-08-14 23:35:31,918 INFO [__main__] baseline selection done
2026-08-14 23:35:31,944 INFO [__main__] experiment done seconds=6.24
2026-08-14 23:35:31,944 INFO [__main__] ========================================================================
2026-08-14T23:35:32+02:00 baselines done configuration=6/12 dataset=Traffic model=chronos2 formula=cov_avgy_ridge_shared lags=504 horizon=24 retrieval=instance_euclidean_3_online
2026-08-14 23:35:34,631 INFO [__main__] extraction validation directory=/home/h61084/codes/adapts/outputs/extraction/Solar/24_24/chronos2/instance/euclidean/3/online/run_0 status=complete

2026-08-14T23:35:35+02:00 baselines start configuration=7/12 dataset=Solar model=chronos2 formula=full_ridge_shared lags=24 horizon=24 retrieval=instance_euclidean_3_online run=/home/h61084/codes/adapts/outputs/adaptation/l_ablation/Solar/24_24/chronos2/full_ridge_shared/instance/euclidean/3/online/run_0 computation_signature=ca98ac4a83edc3247ee54ed7279489f0d155e0d2b4480885491e9611b15ddcc4 l2_grid=0,1e-6,1e-5,1e-4,1e-3,1e-2,1e-1,1,10 validation_fraction=0.2 fit_baselines_on_eval=false seed=1
2026-08-14 23:35:38,474 INFO [__main__] ========================================================================
2026-08-14 23:35:38,474 INFO [__main__] selected methods=('full_ridge_shared',)
2026-08-14 23:35:41,116 INFO [__main__] baseline selection start l2_grid=(0.0, 1e-06, 1e-05, 0.0001, 0.001, 0.01, 0.1, 1.0, 10.0)
2026-08-14 23:35:41,415 INFO [__main__] baseline selection done
2026-08-14 23:35:41,441 INFO [__main__] experiment done seconds=2.96
2026-08-14 23:35:41,441 INFO [__main__] ========================================================================
2026-08-14T23:35:41+02:00 baselines done configuration=7/12 dataset=Solar model=chronos2 formula=full_ridge_shared lags=24 horizon=24 retrieval=instance_euclidean_3_online

2026-08-14T23:35:42+02:00 baselines start configuration=7/12 dataset=Solar model=chronos2 formula=cov_y_ridge_shared lags=24 horizon=24 retrieval=instance_euclidean_3_online run=/home/h61084/codes/adapts/outputs/adaptation/l_ablation/Solar/24_24/chronos2/cov_y_ridge_shared/instance/euclidean/3/online/run_0 computation_signature=cac2755c5506bca6e3e49f2399b4aeb4a3fc78226439a1f9d3bd856d46f3c6e6 l2_grid=0,1e-6,1e-5,1e-4,1e-3,1e-2,1e-1,1,10 validation_fraction=0.2 fit_baselines_on_eval=false seed=1
2026-08-14 23:35:44,611 INFO [__main__] ========================================================================
2026-08-14 23:35:44,611 INFO [__main__] selected methods=('cov_y_ridge_shared',)
2026-08-14 23:35:46,284 INFO [__main__] baseline selection start l2_grid=(0.0, 1e-06, 1e-05, 0.0001, 0.001, 0.01, 0.1, 1.0, 10.0)
2026-08-14 23:35:46,516 INFO [__main__] baseline selection done
2026-08-14 23:35:46,541 INFO [__main__] experiment done seconds=1.93
2026-08-14 23:35:46,542 INFO [__main__] ========================================================================
2026-08-14T23:35:47+02:00 baselines done configuration=7/12 dataset=Solar model=chronos2 formula=cov_y_ridge_shared lags=24 horizon=24 retrieval=instance_euclidean_3_online

2026-08-14T23:35:47+02:00 baselines start configuration=7/12 dataset=Solar model=chronos2 formula=cov_avgy_ridge_shared lags=24 horizon=24 retrieval=instance_euclidean_3_online run=/home/h61084/codes/adapts/outputs/adaptation/l_ablation/Solar/24_24/chronos2/cov_avgy_ridge_shared/instance/euclidean/3/online/run_0 computation_signature=9468dcb14eb1dfe2a3853ecce5d806ae16cde8a165fd61a0b1a46fb7b9d29a5f l2_grid=0,1e-6,1e-5,1e-4,1e-3,1e-2,1e-1,1,10 validation_fraction=0.2 fit_baselines_on_eval=false seed=1
2026-08-14 23:35:49,617 INFO [__main__] ========================================================================
2026-08-14 23:35:49,617 INFO [__main__] selected methods=('cov_avgy_ridge_shared',)
2026-08-14 23:35:51,353 INFO [__main__] baseline selection start l2_grid=(0.0, 1e-06, 1e-05, 0.0001, 0.001, 0.01, 0.1, 1.0, 10.0)
2026-08-14 23:35:51,573 INFO [__main__] baseline selection done
2026-08-14 23:35:51,597 INFO [__main__] experiment done seconds=1.98
2026-08-14 23:35:51,597 INFO [__main__] ========================================================================
2026-08-14T23:35:52+02:00 baselines done configuration=7/12 dataset=Solar model=chronos2 formula=cov_avgy_ridge_shared lags=24 horizon=24 retrieval=instance_euclidean_3_online
2026-08-14 23:35:54,418 INFO [__main__] extraction validation directory=/home/h61084/codes/adapts/outputs/extraction/Solar/168_24/chronos2/instance/euclidean/3/online/run_1 status=complete

2026-08-14T23:35:54+02:00 baselines start configuration=8/12 dataset=Solar model=chronos2 formula=full_ridge_shared lags=168 horizon=24 retrieval=instance_euclidean_3_online run=/home/h61084/codes/adapts/outputs/adaptation/l_ablation/Solar/168_24/chronos2/full_ridge_shared/instance/euclidean/3/online/run_0 computation_signature=0dffde2590bf932ded5456ac24bfba0fcbcee1ba583c23468c4ff4e62e64de91 l2_grid=0,1e-6,1e-5,1e-4,1e-3,1e-2,1e-1,1,10 validation_fraction=0.2 fit_baselines_on_eval=false seed=1
2026-08-14 23:35:57,577 INFO [__main__] ========================================================================
2026-08-14 23:35:57,577 INFO [__main__] selected methods=('full_ridge_shared',)
2026-08-14 23:35:59,410 INFO [__main__] baseline selection start l2_grid=(0.0, 1e-06, 1e-05, 0.0001, 0.001, 0.01, 0.1, 1.0, 10.0)
2026-08-14 23:35:59,690 INFO [__main__] baseline selection done
2026-08-14 23:35:59,716 INFO [__main__] experiment done seconds=2.13
2026-08-14 23:35:59,716 INFO [__main__] ========================================================================
2026-08-14T23:36:00+02:00 baselines done configuration=8/12 dataset=Solar model=chronos2 formula=full_ridge_shared lags=168 horizon=24 retrieval=instance_euclidean_3_online

2026-08-14T23:36:00+02:00 baselines start configuration=8/12 dataset=Solar model=chronos2 formula=cov_y_ridge_shared lags=168 horizon=24 retrieval=instance_euclidean_3_online run=/home/h61084/codes/adapts/outputs/adaptation/l_ablation/Solar/168_24/chronos2/cov_y_ridge_shared/instance/euclidean/3/online/run_0 computation_signature=5f9fbc5a89046083875f664bbdb7d376fb5496470127d99302b4e6b996e63da4 l2_grid=0,1e-6,1e-5,1e-4,1e-3,1e-2,1e-1,1,10 validation_fraction=0.2 fit_baselines_on_eval=false seed=1
2026-08-14 23:36:02,829 INFO [__main__] ========================================================================
2026-08-14 23:36:02,829 INFO [__main__] selected methods=('cov_y_ridge_shared',)
2026-08-14 23:36:04,711 INFO [__main__] baseline selection start l2_grid=(0.0, 1e-06, 1e-05, 0.0001, 0.001, 0.01, 0.1, 1.0, 10.0)
2026-08-14 23:36:04,905 INFO [__main__] baseline selection done
2026-08-14 23:36:04,927 INFO [__main__] experiment done seconds=2.09
2026-08-14 23:36:04,928 INFO [__main__] ========================================================================
2026-08-14T23:36:05+02:00 baselines done configuration=8/12 dataset=Solar model=chronos2 formula=cov_y_ridge_shared lags=168 horizon=24 retrieval=instance_euclidean_3_online

2026-08-14T23:36:05+02:00 baselines start configuration=8/12 dataset=Solar model=chronos2 formula=cov_avgy_ridge_shared lags=168 horizon=24 retrieval=instance_euclidean_3_online run=/home/h61084/codes/adapts/outputs/adaptation/l_ablation/Solar/168_24/chronos2/cov_avgy_ridge_shared/instance/euclidean/3/online/run_0 computation_signature=ad32a746c6d0c3911c06daea98accd688ade80768f863038b1ab62b5e5d3370f l2_grid=0,1e-6,1e-5,1e-4,1e-3,1e-2,1e-1,1,10 validation_fraction=0.2 fit_baselines_on_eval=false seed=1
2026-08-14 23:36:08,076 INFO [__main__] ========================================================================
2026-08-14 23:36:08,076 INFO [__main__] selected methods=('cov_avgy_ridge_shared',)
2026-08-14 23:36:09,783 INFO [__main__] baseline selection start l2_grid=(0.0, 1e-06, 1e-05, 0.0001, 0.001, 0.01, 0.1, 1.0, 10.0)
2026-08-14 23:36:10,009 INFO [__main__] baseline selection done
2026-08-14 23:36:10,040 INFO [__main__] experiment done seconds=1.96
2026-08-14 23:36:10,040 INFO [__main__] ========================================================================
2026-08-14T23:36:10+02:00 baselines done configuration=8/12 dataset=Solar model=chronos2 formula=cov_avgy_ridge_shared lags=168 horizon=24 retrieval=instance_euclidean_3_online
2026-08-14 23:36:12,888 INFO [__main__] extraction validation directory=/home/h61084/codes/adapts/outputs/extraction/Solar/504_24/chronos2/instance/euclidean/3/online/run_0 status=complete

2026-08-14T23:36:13+02:00 baselines start configuration=9/12 dataset=Solar model=chronos2 formula=full_ridge_shared lags=504 horizon=24 retrieval=instance_euclidean_3_online run=/home/h61084/codes/adapts/outputs/adaptation/l_ablation/Solar/504_24/chronos2/full_ridge_shared/instance/euclidean/3/online/run_0 computation_signature=e89727e6aab725acae17fc0384577790a9744724622e678c0987aff134a4edcf l2_grid=0,1e-6,1e-5,1e-4,1e-3,1e-2,1e-1,1,10 validation_fraction=0.2 fit_baselines_on_eval=false seed=1
2026-08-14 23:36:15,941 INFO [__main__] ========================================================================
2026-08-14 23:36:15,941 INFO [__main__] selected methods=('full_ridge_shared',)
2026-08-14 23:36:20,059 INFO [__main__] baseline selection start l2_grid=(0.0, 1e-06, 1e-05, 0.0001, 0.001, 0.01, 0.1, 1.0, 10.0)
2026-08-14 23:36:20,332 INFO [__main__] baseline selection done
2026-08-14 23:36:20,355 INFO [__main__] experiment done seconds=4.41
2026-08-14 23:36:20,356 INFO [__main__] ========================================================================
2026-08-14T23:36:20+02:00 baselines done configuration=9/12 dataset=Solar model=chronos2 formula=full_ridge_shared lags=504 horizon=24 retrieval=instance_euclidean_3_online

2026-08-14T23:36:21+02:00 baselines start configuration=9/12 dataset=Solar model=chronos2 formula=cov_y_ridge_shared lags=504 horizon=24 retrieval=instance_euclidean_3_online run=/home/h61084/codes/adapts/outputs/adaptation/l_ablation/Solar/504_24/chronos2/cov_y_ridge_shared/instance/euclidean/3/online/run_0 computation_signature=22c44980ed35789727bf5fd3d56cb77abf86cc64625e94a8d4cfbdd462fe0443 l2_grid=0,1e-6,1e-5,1e-4,1e-3,1e-2,1e-1,1,10 validation_fraction=0.2 fit_baselines_on_eval=false seed=1
2026-08-14 23:36:23,296 INFO [__main__] ========================================================================
2026-08-14 23:36:23,296 INFO [__main__] selected methods=('cov_y_ridge_shared',)
2026-08-14 23:36:25,185 INFO [__main__] baseline selection start l2_grid=(0.0, 1e-06, 1e-05, 0.0001, 0.001, 0.01, 0.1, 1.0, 10.0)
2026-08-14 23:36:25,390 INFO [__main__] baseline selection done
2026-08-14 23:36:25,412 INFO [__main__] experiment done seconds=2.11
2026-08-14 23:36:25,413 INFO [__main__] ========================================================================
2026-08-14T23:36:25+02:00 baselines done configuration=9/12 dataset=Solar model=chronos2 formula=cov_y_ridge_shared lags=504 horizon=24 retrieval=instance_euclidean_3_online

2026-08-14T23:36:26+02:00 baselines start configuration=9/12 dataset=Solar model=chronos2 formula=cov_avgy_ridge_shared lags=504 horizon=24 retrieval=instance_euclidean_3_online run=/home/h61084/codes/adapts/outputs/adaptation/l_ablation/Solar/504_24/chronos2/cov_avgy_ridge_shared/instance/euclidean/3/online/run_0 computation_signature=0cfd35f7056eda349084331dba314891e93ec596f65d0973d1ac741faab6d4c2 l2_grid=0,1e-6,1e-5,1e-4,1e-3,1e-2,1e-1,1,10 validation_fraction=0.2 fit_baselines_on_eval=false seed=1
2026-08-14 23:36:28,537 INFO [__main__] ========================================================================
2026-08-14 23:36:28,537 INFO [__main__] selected methods=('cov_avgy_ridge_shared',)
2026-08-14 23:36:30,630 INFO [__main__] baseline selection start l2_grid=(0.0, 1e-06, 1e-05, 0.0001, 0.001, 0.01, 0.1, 1.0, 10.0)
2026-08-14 23:36:30,869 INFO [__main__] baseline selection done
2026-08-14 23:36:30,894 INFO [__main__] experiment done seconds=2.35
2026-08-14 23:36:30,894 INFO [__main__] ========================================================================
2026-08-14T23:36:31+02:00 baselines done configuration=9/12 dataset=Solar model=chronos2 formula=cov_avgy_ridge_shared lags=504 horizon=24 retrieval=instance_euclidean_3_online
2026-08-14 23:36:33,802 INFO [__main__] extraction validation directory=/home/h61084/codes/adapts/outputs/extraction/exchange_rate/24_24/chronos2/instance/euclidean/3/online/run_0 status=complete

2026-08-14T23:36:34+02:00 baselines start configuration=10/12 dataset=exchange_rate model=chronos2 formula=full_ridge_shared lags=24 horizon=24 retrieval=instance_euclidean_3_online run=/home/h61084/codes/adapts/outputs/adaptation/l_ablation/exchange_rate/24_24/chronos2/full_ridge_shared/instance/euclidean/3/online/run_0 computation_signature=30960c0d2929944e83a21eac6d0ec208805fb50ed7aba6b8c1c2e5a0cb17f86a l2_grid=0,1e-6,1e-5,1e-4,1e-3,1e-2,1e-1,1,10 validation_fraction=0.2 fit_baselines_on_eval=false seed=1
2026-08-14 23:36:37,049 INFO [__main__] ========================================================================
2026-08-14 23:36:37,049 INFO [__main__] selected methods=('full_ridge_shared',)
2026-08-14 23:36:38,881 INFO [__main__] baseline selection start l2_grid=(0.0, 1e-06, 1e-05, 0.0001, 0.001, 0.01, 0.1, 1.0, 10.0)
2026-08-14 23:36:39,008 INFO [__main__] baseline selection done
2026-08-14 23:36:39,062 INFO [__main__] experiment done seconds=1.99
2026-08-14 23:36:39,062 INFO [__main__] ========================================================================
2026-08-14T23:36:39+02:00 baselines done configuration=10/12 dataset=exchange_rate model=chronos2 formula=full_ridge_shared lags=24 horizon=24 retrieval=instance_euclidean_3_online

2026-08-14T23:36:39+02:00 baselines start configuration=10/12 dataset=exchange_rate model=chronos2 formula=cov_y_ridge_shared lags=24 horizon=24 retrieval=instance_euclidean_3_online run=/home/h61084/codes/adapts/outputs/adaptation/l_ablation/exchange_rate/24_24/chronos2/cov_y_ridge_shared/instance/euclidean/3/online/run_0 computation_signature=b43de61001c053eafd5df51c370752f3b62af553f57efc379b0d76aa2bc85889 l2_grid=0,1e-6,1e-5,1e-4,1e-3,1e-2,1e-1,1,10 validation_fraction=0.2 fit_baselines_on_eval=false seed=1
2026-08-14 23:36:42,652 INFO [__main__] ========================================================================
2026-08-14 23:36:42,653 INFO [__main__] selected methods=('cov_y_ridge_shared',)
2026-08-14 23:36:44,748 INFO [__main__] baseline selection start l2_grid=(0.0, 1e-06, 1e-05, 0.0001, 0.001, 0.01, 0.1, 1.0, 10.0)
2026-08-14 23:36:44,881 INFO [__main__] baseline selection done
2026-08-14 23:36:44,923 INFO [__main__] experiment done seconds=2.26
2026-08-14 23:36:44,923 INFO [__main__] ========================================================================
2026-08-14T23:36:45+02:00 baselines done configuration=10/12 dataset=exchange_rate model=chronos2 formula=cov_y_ridge_shared lags=24 horizon=24 retrieval=instance_euclidean_3_online

2026-08-14T23:36:45+02:00 baselines start configuration=10/12 dataset=exchange_rate model=chronos2 formula=cov_avgy_ridge_shared lags=24 horizon=24 retrieval=instance_euclidean_3_online run=/home/h61084/codes/adapts/outputs/adaptation/l_ablation/exchange_rate/24_24/chronos2/cov_avgy_ridge_shared/instance/euclidean/3/online/run_0 computation_signature=588fd8f043c5cd0cc82f5a503d8817142bbb22e0fc71c1a3b8875538cfc264de l2_grid=0,1e-6,1e-5,1e-4,1e-3,1e-2,1e-1,1,10 validation_fraction=0.2 fit_baselines_on_eval=false seed=1
2026-08-14 23:36:48,489 INFO [__main__] ========================================================================
2026-08-14 23:36:48,489 INFO [__main__] selected methods=('cov_avgy_ridge_shared',)
2026-08-14 23:36:50,174 INFO [__main__] baseline selection start l2_grid=(0.0, 1e-06, 1e-05, 0.0001, 0.001, 0.01, 0.1, 1.0, 10.0)
2026-08-14 23:36:50,318 INFO [__main__] baseline selection done
2026-08-14 23:36:50,344 INFO [__main__] experiment done seconds=1.85
2026-08-14 23:36:50,344 INFO [__main__] ========================================================================
2026-08-14T23:36:50+02:00 baselines done configuration=10/12 dataset=exchange_rate model=chronos2 formula=cov_avgy_ridge_shared lags=24 horizon=24 retrieval=instance_euclidean_3_online
2026-08-14 23:36:53,241 INFO [__main__] extraction validation directory=/home/h61084/codes/adapts/outputs/extraction/exchange_rate/168_24/chronos2/instance/euclidean/3/online/run_1 status=complete

2026-08-14T23:36:53+02:00 baselines start configuration=11/12 dataset=exchange_rate model=chronos2 formula=full_ridge_shared lags=168 horizon=24 retrieval=instance_euclidean_3_online run=/home/h61084/codes/adapts/outputs/adaptation/l_ablation/exchange_rate/168_24/chronos2/full_ridge_shared/instance/euclidean/3/online/run_0 computation_signature=904dbe4d48ebb7b20ea19af40da7c50d2a3050b9cd7346ed2790db1b0cd567b9 l2_grid=0,1e-6,1e-5,1e-4,1e-3,1e-2,1e-1,1,10 validation_fraction=0.2 fit_baselines_on_eval=false seed=1
2026-08-14 23:36:56,853 INFO [__main__] ========================================================================
2026-08-14 23:36:56,853 INFO [__main__] selected methods=('full_ridge_shared',)
2026-08-14 23:36:58,544 INFO [__main__] baseline selection start l2_grid=(0.0, 1e-06, 1e-05, 0.0001, 0.001, 0.01, 0.1, 1.0, 10.0)
2026-08-14 23:36:58,703 INFO [__main__] baseline selection done
2026-08-14 23:36:58,736 INFO [__main__] experiment done seconds=1.88
2026-08-14 23:36:58,736 INFO [__main__] ========================================================================
2026-08-14T23:36:59+02:00 baselines done configuration=11/12 dataset=exchange_rate model=chronos2 formula=full_ridge_shared lags=168 horizon=24 retrieval=instance_euclidean_3_online

2026-08-14T23:36:59+02:00 baselines start configuration=11/12 dataset=exchange_rate model=chronos2 formula=cov_y_ridge_shared lags=168 horizon=24 retrieval=instance_euclidean_3_online run=/home/h61084/codes/adapts/outputs/adaptation/l_ablation/exchange_rate/168_24/chronos2/cov_y_ridge_shared/instance/euclidean/3/online/run_0 computation_signature=9669c4d9c8051a9eca9b331e5ed0fe8dd811096e899e63748ba2ec5f225749aa l2_grid=0,1e-6,1e-5,1e-4,1e-3,1e-2,1e-1,1,10 validation_fraction=0.2 fit_baselines_on_eval=false seed=1
2026-08-14 23:37:01,973 INFO [__main__] ========================================================================
2026-08-14 23:37:01,973 INFO [__main__] selected methods=('cov_y_ridge_shared',)
2026-08-14 23:37:03,586 INFO [__main__] baseline selection start l2_grid=(0.0, 1e-06, 1e-05, 0.0001, 0.001, 0.01, 0.1, 1.0, 10.0)
2026-08-14 23:37:03,731 INFO [__main__] baseline selection done
2026-08-14 23:37:03,761 INFO [__main__] experiment done seconds=1.78
2026-08-14 23:37:03,761 INFO [__main__] ========================================================================
2026-08-14T23:37:04+02:00 baselines done configuration=11/12 dataset=exchange_rate model=chronos2 formula=cov_y_ridge_shared lags=168 horizon=24 retrieval=instance_euclidean_3_online

2026-08-14T23:37:04+02:00 baselines start configuration=11/12 dataset=exchange_rate model=chronos2 formula=cov_avgy_ridge_shared lags=168 horizon=24 retrieval=instance_euclidean_3_online run=/home/h61084/codes/adapts/outputs/adaptation/l_ablation/exchange_rate/168_24/chronos2/cov_avgy_ridge_shared/instance/euclidean/3/online/run_0 computation_signature=ba25f345782ce9f6adb13e2b4de97e68e3b4c79e85b853eb85e69a8b2277b9f0 l2_grid=0,1e-6,1e-5,1e-4,1e-3,1e-2,1e-1,1,10 validation_fraction=0.2 fit_baselines_on_eval=false seed=1
2026-08-14 23:37:07,061 INFO [__main__] ========================================================================
2026-08-14 23:37:07,061 INFO [__main__] selected methods=('cov_avgy_ridge_shared',)
2026-08-14 23:37:08,688 INFO [__main__] baseline selection start l2_grid=(0.0, 1e-06, 1e-05, 0.0001, 0.001, 0.01, 0.1, 1.0, 10.0)
2026-08-14 23:37:08,807 INFO [__main__] baseline selection done
2026-08-14 23:37:08,831 INFO [__main__] experiment done seconds=1.77
2026-08-14 23:37:08,831 INFO [__main__] ========================================================================
2026-08-14T23:37:09+02:00 baselines done configuration=11/12 dataset=exchange_rate model=chronos2 formula=cov_avgy_ridge_shared lags=168 horizon=24 retrieval=instance_euclidean_3_online
2026-08-14 23:37:11,686 INFO [__main__] extraction validation directory=/home/h61084/codes/adapts/outputs/extraction/exchange_rate/504_24/chronos2/instance/euclidean/3/online/run_0 status=complete

2026-08-14T23:37:12+02:00 baselines start configuration=12/12 dataset=exchange_rate model=chronos2 formula=full_ridge_shared lags=504 horizon=24 retrieval=instance_euclidean_3_online run=/home/h61084/codes/adapts/outputs/adaptation/l_ablation/exchange_rate/504_24/chronos2/full_ridge_shared/instance/euclidean/3/online/run_0 computation_signature=b950bbec47e2f4732d6e5252eea8269733f6519ac3d2fab044f40c4d642813d0 l2_grid=0,1e-6,1e-5,1e-4,1e-3,1e-2,1e-1,1,10 validation_fraction=0.2 fit_baselines_on_eval=false seed=1
2026-08-14 23:37:14,944 INFO [__main__] ========================================================================
2026-08-14 23:37:14,945 INFO [__main__] selected methods=('full_ridge_shared',)
2026-08-14 23:37:16,964 INFO [__main__] baseline selection start l2_grid=(0.0, 1e-06, 1e-05, 0.0001, 0.001, 0.01, 0.1, 1.0, 10.0)
2026-08-14 23:37:17,098 INFO [__main__] baseline selection done
2026-08-14 23:37:17,124 INFO [__main__] experiment done seconds=2.18
2026-08-14 23:37:17,124 INFO [__main__] ========================================================================
2026-08-14T23:37:17+02:00 baselines done configuration=12/12 dataset=exchange_rate model=chronos2 formula=full_ridge_shared lags=504 horizon=24 retrieval=instance_euclidean_3_online

2026-08-14T23:37:17+02:00 baselines start configuration=12/12 dataset=exchange_rate model=chronos2 formula=cov_y_ridge_shared lags=504 horizon=24 retrieval=instance_euclidean_3_online run=/home/h61084/codes/adapts/outputs/adaptation/l_ablation/exchange_rate/504_24/chronos2/cov_y_ridge_shared/instance/euclidean/3/online/run_0 computation_signature=6f7c2455068e87cfe746f5db17d2220fcc0ae762c56dd7f3020ddb53f0d04489 l2_grid=0,1e-6,1e-5,1e-4,1e-3,1e-2,1e-1,1,10 validation_fraction=0.2 fit_baselines_on_eval=false seed=1
2026-08-14 23:37:20,319 INFO [__main__] ========================================================================
2026-08-14 23:37:20,319 INFO [__main__] selected methods=('cov_y_ridge_shared',)
2026-08-14 23:37:21,899 INFO [__main__] baseline selection start l2_grid=(0.0, 1e-06, 1e-05, 0.0001, 0.001, 0.01, 0.1, 1.0, 10.0)
2026-08-14 23:37:22,019 INFO [__main__] baseline selection done
2026-08-14 23:37:22,044 INFO [__main__] experiment done seconds=1.72
2026-08-14 23:37:22,044 INFO [__main__] ========================================================================
2026-08-14T23:37:22+02:00 baselines done configuration=12/12 dataset=exchange_rate model=chronos2 formula=cov_y_ridge_shared lags=504 horizon=24 retrieval=instance_euclidean_3_online

2026-08-14T23:37:22+02:00 baselines start configuration=12/12 dataset=exchange_rate model=chronos2 formula=cov_avgy_ridge_shared lags=504 horizon=24 retrieval=instance_euclidean_3_online run=/home/h61084/codes/adapts/outputs/adaptation/l_ablation/exchange_rate/504_24/chronos2/cov_avgy_ridge_shared/instance/euclidean/3/online/run_0 computation_signature=c0ff0abdb3373c6bded64498fa74a3fb5cab46a81a2e3b879080f06684b11000 l2_grid=0,1e-6,1e-5,1e-4,1e-3,1e-2,1e-1,1,10 validation_fraction=0.2 fit_baselines_on_eval=false seed=1
2026-08-14 23:37:25,144 INFO [__main__] ========================================================================
2026-08-14 23:37:25,144 INFO [__main__] selected methods=('cov_avgy_ridge_shared',)
2026-08-14 23:37:26,855 INFO [__main__] baseline selection start l2_grid=(0.0, 1e-06, 1e-05, 0.0001, 0.001, 0.01, 0.1, 1.0, 10.0)
2026-08-14 23:37:26,975 INFO [__main__] baseline selection done
2026-08-14 23:37:27,025 INFO [__main__] experiment done seconds=1.88
2026-08-14 23:37:27,025 INFO [__main__] ========================================================================
2026-08-14T23:37:27+02:00 baselines done configuration=12/12 dataset=exchange_rate model=chronos2 formula=cov_avgy_ridge_shared lags=504 horizon=24 retrieval=instance_euclidean_3_online

2026-08-14T23:37:27+02:00 job done kind=baselines output=outputs/adaptation/l_ablation

2026-08-14T23:37:27+02:00 job start kind=adaptation_extraction family=l_ablation experiment_mode=full skip_complete=true tasks=24 datasets=Electricity,Traffic,Solar,exchange_rate models=chronos2 settings=24:24,168:24,504:24 distance_spaces=raw distance_metrics=euclidean neighbors=1
2026-08-14T23:37:27+02:00 skip complete family=extraction dataset=Electricity model=chronos2 lags=24 horizon=24 retrieval=vanilla run=/home/h61084/codes/adapts/outputs/extraction/Electricity/24_24/chronos2/none/none/0/none/run_0
2026-08-14T23:37:27+02:00 skip complete family=extraction dataset=Electricity model=chronos2 lags=24 horizon=24 retrieval=raw_euclidean_1_online run=/home/h61084/codes/adapts/outputs/extraction/Electricity/24_24/chronos2/raw/euclidean/1/online/run_0
2026-08-14T23:37:27+02:00 skip complete family=extraction dataset=Electricity model=chronos2 lags=168 horizon=24 retrieval=vanilla run=/home/h61084/codes/adapts/outputs/extraction/Electricity/168_24/chronos2/none/none/0/none/run_1
2026-08-14T23:37:27+02:00 skip complete family=extraction dataset=Electricity model=chronos2 lags=168 horizon=24 retrieval=raw_euclidean_1_online run=/home/h61084/codes/adapts/outputs/extraction/Electricity/168_24/chronos2/raw/euclidean/1/online/run_1
2026-08-14T23:37:27+02:00 skip complete family=extraction dataset=Electricity model=chronos2 lags=504 horizon=24 retrieval=vanilla run=/home/h61084/codes/adapts/outputs/extraction/Electricity/504_24/chronos2/none/none/0/none/run_0
2026-08-14T23:37:27+02:00 skip complete family=extraction dataset=Electricity model=chronos2 lags=504 horizon=24 retrieval=raw_euclidean_1_online run=/home/h61084/codes/adapts/outputs/extraction/Electricity/504_24/chronos2/raw/euclidean/1/online/run_0
2026-08-14T23:37:28+02:00 skip complete family=extraction dataset=Traffic model=chronos2 lags=24 horizon=24 retrieval=vanilla run=/home/h61084/codes/adapts/outputs/extraction/Traffic/24_24/chronos2/none/none/0/none/run_0
2026-08-14T23:37:28+02:00 skip complete family=extraction dataset=Traffic model=chronos2 lags=24 horizon=24 retrieval=raw_euclidean_1_online run=/home/h61084/codes/adapts/outputs/extraction/Traffic/24_24/chronos2/raw/euclidean/1/online/run_0
2026-08-14T23:37:28+02:00 skip complete family=extraction dataset=Traffic model=chronos2 lags=168 horizon=24 retrieval=vanilla run=/home/h61084/codes/adapts/outputs/extraction/Traffic/168_24/chronos2/none/none/0/none/run_1
2026-08-14T23:37:28+02:00 skip complete family=extraction dataset=Traffic model=chronos2 lags=168 horizon=24 retrieval=raw_euclidean_1_online run=/home/h61084/codes/adapts/outputs/extraction/Traffic/168_24/chronos2/raw/euclidean/1/online/run_1
2026-08-14T23:37:28+02:00 skip complete family=extraction dataset=Traffic model=chronos2 lags=504 horizon=24 retrieval=vanilla run=/home/h61084/codes/adapts/outputs/extraction/Traffic/504_24/chronos2/none/none/0/none/run_0
2026-08-14T23:37:28+02:00 skip complete family=extraction dataset=Traffic model=chronos2 lags=504 horizon=24 retrieval=raw_euclidean_1_online run=/home/h61084/codes/adapts/outputs/extraction/Traffic/504_24/chronos2/raw/euclidean/1/online/run_0
2026-08-14T23:37:28+02:00 skip complete family=extraction dataset=Solar model=chronos2 lags=24 horizon=24 retrieval=vanilla run=/home/h61084/codes/adapts/outputs/extraction/Solar/24_24/chronos2/none/none/0/none/run_0
2026-08-14T23:37:28+02:00 skip complete family=extraction dataset=Solar model=chronos2 lags=24 horizon=24 retrieval=raw_euclidean_1_online run=/home/h61084/codes/adapts/outputs/extraction/Solar/24_24/chronos2/raw/euclidean/1/online/run_0
2026-08-14T23:37:28+02:00 skip complete family=extraction dataset=Solar model=chronos2 lags=168 horizon=24 retrieval=vanilla run=/home/h61084/codes/adapts/outputs/extraction/Solar/168_24/chronos2/none/none/0/none/run_1
2026-08-14T23:37:28+02:00 skip complete family=extraction dataset=Solar model=chronos2 lags=168 horizon=24 retrieval=raw_euclidean_1_online run=/home/h61084/codes/adapts/outputs/extraction/Solar/168_24/chronos2/raw/euclidean/1/online/run_1
2026-08-14T23:37:28+02:00 skip complete family=extraction dataset=Solar model=chronos2 lags=504 horizon=24 retrieval=vanilla run=/home/h61084/codes/adapts/outputs/extraction/Solar/504_24/chronos2/none/none/0/none/run_0
2026-08-14T23:37:28+02:00 skip complete family=extraction dataset=Solar model=chronos2 lags=504 horizon=24 retrieval=raw_euclidean_1_online run=/home/h61084/codes/adapts/outputs/extraction/Solar/504_24/chronos2/raw/euclidean/1/online/run_0
2026-08-14T23:37:28+02:00 skip complete family=extraction dataset=exchange_rate model=chronos2 lags=24 horizon=24 retrieval=vanilla run=/home/h61084/codes/adapts/outputs/extraction/exchange_rate/24_24/chronos2/none/none/0/none/run_0
2026-08-14T23:37:28+02:00 skip complete family=extraction dataset=exchange_rate model=chronos2 lags=24 horizon=24 retrieval=raw_euclidean_1_online run=/home/h61084/codes/adapts/outputs/extraction/exchange_rate/24_24/chronos2/raw/euclidean/1/online/run_0
2026-08-14T23:37:29+02:00 skip complete family=extraction dataset=exchange_rate model=chronos2 lags=168 horizon=24 retrieval=vanilla run=/home/h61084/codes/adapts/outputs/extraction/exchange_rate/168_24/chronos2/none/none/0/none/run_1
2026-08-14T23:37:29+02:00 skip complete family=extraction dataset=exchange_rate model=chronos2 lags=168 horizon=24 retrieval=raw_euclidean_1_online run=/home/h61084/codes/adapts/outputs/extraction/exchange_rate/168_24/chronos2/raw/euclidean/1/online/run_1
2026-08-14T23:37:29+02:00 skip complete family=extraction dataset=exchange_rate model=chronos2 lags=504 horizon=24 retrieval=vanilla run=/home/h61084/codes/adapts/outputs/extraction/exchange_rate/504_24/chronos2/none/none/0/none/run_0
2026-08-14T23:37:29+02:00 skip complete family=extraction dataset=exchange_rate model=chronos2 lags=504 horizon=24 retrieval=raw_euclidean_1_online run=/home/h61084/codes/adapts/outputs/extraction/exchange_rate/504_24/chronos2/raw/euclidean/1/online/run_0

2026-08-14T23:37:29+02:00 job done kind=adaptation_extraction output=outputs/extraction

2026-08-14T23:37:29+02:00 job start kind=baselines family=l_ablation experiment_mode=full skip_complete=true tasks=12 datasets=Electricity,Traffic,Solar,exchange_rate models=chronos2 settings=24:24,168:24,504:24 distance_spaces=raw distance_metrics=euclidean neighbors=1 methods=full_ridge_shared results_root=outputs/adaptation/l_ablation
2026-08-14 23:37:31,498 INFO [__main__] extraction validation directory=/home/h61084/codes/adapts/outputs/extraction/Electricity/24_24/chronos2/raw/euclidean/1/online/run_0 status=complete

2026-08-14T23:37:32+02:00 baselines start configuration=1/12 dataset=Electricity model=chronos2 formula=full_ridge_shared lags=24 horizon=24 retrieval=raw_euclidean_1_online run=/home/h61084/codes/adapts/outputs/adaptation/l_ablation/Electricity/24_24/chronos2/full_ridge_shared/raw/euclidean/1/online/run_0 computation_signature=091c4c78a6f8596782b8e69759d620dbc0d8b0990418089141442309578699df l2_grid=0,1e-6,1e-5,1e-4,1e-3,1e-2,1e-1,1,10 validation_fraction=0.2 fit_baselines_on_eval=false seed=1
2026-08-14 23:37:34,648 INFO [__main__] ========================================================================
2026-08-14 23:37:34,648 INFO [__main__] selected methods=('full_ridge_shared',)
2026-08-14 23:37:36,829 INFO [__main__] baseline selection start l2_grid=(0.0, 1e-06, 1e-05, 0.0001, 0.001, 0.01, 0.1, 1.0, 10.0)
2026-08-14 23:37:37,392 INFO [__main__] baseline selection done
2026-08-14 23:37:37,416 INFO [__main__] experiment done seconds=2.76
2026-08-14 23:37:37,416 INFO [__main__] ========================================================================
2026-08-14T23:37:37+02:00 baselines done configuration=1/12 dataset=Electricity model=chronos2 formula=full_ridge_shared lags=24 horizon=24 retrieval=raw_euclidean_1_online
2026-08-14 23:37:40,234 INFO [__main__] extraction validation directory=/home/h61084/codes/adapts/outputs/extraction/Electricity/168_24/chronos2/raw/euclidean/1/online/run_1 status=complete

2026-08-14T23:37:40+02:00 baselines start configuration=2/12 dataset=Electricity model=chronos2 formula=full_ridge_shared lags=168 horizon=24 retrieval=raw_euclidean_1_online run=/home/h61084/codes/adapts/outputs/adaptation/l_ablation/Electricity/168_24/chronos2/full_ridge_shared/raw/euclidean/1/online/run_0 computation_signature=9a253b68f22090e6d56202aaf696ec796e86ec616d975e021d82f9ae35887004 l2_grid=0,1e-6,1e-5,1e-4,1e-3,1e-2,1e-1,1,10 validation_fraction=0.2 fit_baselines_on_eval=false seed=1
2026-08-14 23:37:43,388 INFO [__main__] ========================================================================
2026-08-14 23:37:43,388 INFO [__main__] selected methods=('full_ridge_shared',)
2026-08-14 23:37:45,598 INFO [__main__] baseline selection start l2_grid=(0.0, 1e-06, 1e-05, 0.0001, 0.001, 0.01, 0.1, 1.0, 10.0)
2026-08-14 23:37:46,237 INFO [__main__] baseline selection done
2026-08-14 23:37:46,266 INFO [__main__] experiment done seconds=2.87
2026-08-14 23:37:46,266 INFO [__main__] ========================================================================
2026-08-14T23:37:46+02:00 baselines done configuration=2/12 dataset=Electricity model=chronos2 formula=full_ridge_shared lags=168 horizon=24 retrieval=raw_euclidean_1_online
2026-08-14 23:37:49,176 INFO [__main__] extraction validation directory=/home/h61084/codes/adapts/outputs/extraction/Electricity/504_24/chronos2/raw/euclidean/1/online/run_0 status=complete

2026-08-14T23:37:49+02:00 baselines start configuration=3/12 dataset=Electricity model=chronos2 formula=full_ridge_shared lags=504 horizon=24 retrieval=raw_euclidean_1_online run=/home/h61084/codes/adapts/outputs/adaptation/l_ablation/Electricity/504_24/chronos2/full_ridge_shared/raw/euclidean/1/online/run_0 computation_signature=7d0bb86be9398a106c563c6e23f658c95a12742a7c73ddcd0a7614872f00e49a l2_grid=0,1e-6,1e-5,1e-4,1e-3,1e-2,1e-1,1,10 validation_fraction=0.2 fit_baselines_on_eval=false seed=1
2026-08-14 23:37:52,363 INFO [__main__] ========================================================================
2026-08-14 23:37:52,363 INFO [__main__] selected methods=('full_ridge_shared',)
2026-08-14 23:37:55,075 INFO [__main__] baseline selection start l2_grid=(0.0, 1e-06, 1e-05, 0.0001, 0.001, 0.01, 0.1, 1.0, 10.0)
2026-08-14 23:37:55,646 INFO [__main__] baseline selection done
2026-08-14 23:37:55,672 INFO [__main__] experiment done seconds=3.30
2026-08-14 23:37:55,672 INFO [__main__] ========================================================================
2026-08-14T23:37:56+02:00 baselines done configuration=3/12 dataset=Electricity model=chronos2 formula=full_ridge_shared lags=504 horizon=24 retrieval=raw_euclidean_1_online
2026-08-14 23:37:58,569 INFO [__main__] extraction validation directory=/home/h61084/codes/adapts/outputs/extraction/Traffic/24_24/chronos2/raw/euclidean/1/online/run_0 status=complete

2026-08-14T23:37:59+02:00 baselines start configuration=4/12 dataset=Traffic model=chronos2 formula=full_ridge_shared lags=24 horizon=24 retrieval=raw_euclidean_1_online run=/home/h61084/codes/adapts/outputs/adaptation/l_ablation/Traffic/24_24/chronos2/full_ridge_shared/raw/euclidean/1/online/run_0 computation_signature=8a7cda2d9d60b1fc81dc953664b08ffe97af162c7263a61c12468422c0974fa5 l2_grid=0,1e-6,1e-5,1e-4,1e-3,1e-2,1e-1,1,10 validation_fraction=0.2 fit_baselines_on_eval=false seed=1
2026-08-14 23:38:01,708 INFO [__main__] ========================================================================
2026-08-14 23:38:01,708 INFO [__main__] selected methods=('full_ridge_shared',)
2026-08-14 23:38:03,815 INFO [__main__] baseline selection start l2_grid=(0.0, 1e-06, 1e-05, 0.0001, 0.001, 0.01, 0.1, 1.0, 10.0)
2026-08-14 23:38:04,643 INFO [__main__] baseline selection done
2026-08-14 23:38:04,668 INFO [__main__] experiment done seconds=2.96
2026-08-14 23:38:04,668 INFO [__main__] ========================================================================
2026-08-14T23:38:05+02:00 baselines done configuration=4/12 dataset=Traffic model=chronos2 formula=full_ridge_shared lags=24 horizon=24 retrieval=raw_euclidean_1_online
2026-08-14 23:38:07,476 INFO [__main__] extraction validation directory=/home/h61084/codes/adapts/outputs/extraction/Traffic/168_24/chronos2/raw/euclidean/1/online/run_1 status=complete

2026-08-14T23:38:08+02:00 baselines start configuration=5/12 dataset=Traffic model=chronos2 formula=full_ridge_shared lags=168 horizon=24 retrieval=raw_euclidean_1_online run=/home/h61084/codes/adapts/outputs/adaptation/l_ablation/Traffic/168_24/chronos2/full_ridge_shared/raw/euclidean/1/online/run_0 computation_signature=0b5cbe483c74e205c89348d876e44b7f8e8c27a5b08c6cbd29d5a1c5c0334b58 l2_grid=0,1e-6,1e-5,1e-4,1e-3,1e-2,1e-1,1,10 validation_fraction=0.2 fit_baselines_on_eval=false seed=1
2026-08-14 23:38:10,486 INFO [__main__] ========================================================================
2026-08-14 23:38:10,486 INFO [__main__] selected methods=('full_ridge_shared',)
2026-08-14 23:38:13,094 INFO [__main__] baseline selection start l2_grid=(0.0, 1e-06, 1e-05, 0.0001, 0.001, 0.01, 0.1, 1.0, 10.0)
2026-08-14 23:38:13,890 INFO [__main__] baseline selection done
2026-08-14 23:38:13,912 INFO [__main__] experiment done seconds=3.42
2026-08-14 23:38:13,912 INFO [__main__] ========================================================================
2026-08-14T23:38:14+02:00 baselines done configuration=5/12 dataset=Traffic model=chronos2 formula=full_ridge_shared lags=168 horizon=24 retrieval=raw_euclidean_1_online
2026-08-14 23:38:16,700 INFO [__main__] extraction validation directory=/home/h61084/codes/adapts/outputs/extraction/Traffic/504_24/chronos2/raw/euclidean/1/online/run_0 status=complete

2026-08-14T23:38:17+02:00 baselines start configuration=6/12 dataset=Traffic model=chronos2 formula=full_ridge_shared lags=504 horizon=24 retrieval=raw_euclidean_1_online run=/home/h61084/codes/adapts/outputs/adaptation/l_ablation/Traffic/504_24/chronos2/full_ridge_shared/raw/euclidean/1/online/run_0 computation_signature=b192e58d07631bb473ea700efad93d3c77ddc2f2e0be2c6ae41a9a67a344f6fc l2_grid=0,1e-6,1e-5,1e-4,1e-3,1e-2,1e-1,1,10 validation_fraction=0.2 fit_baselines_on_eval=false seed=1
2026-08-14 23:38:19,775 INFO [__main__] ========================================================================
2026-08-14 23:38:19,775 INFO [__main__] selected methods=('full_ridge_shared',)
2026-08-14 23:38:23,278 INFO [__main__] baseline selection start l2_grid=(0.0, 1e-06, 1e-05, 0.0001, 0.001, 0.01, 0.1, 1.0, 10.0)
2026-08-14 23:38:24,082 INFO [__main__] baseline selection done
2026-08-14 23:38:24,104 INFO [__main__] experiment done seconds=4.33
2026-08-14 23:38:24,104 INFO [__main__] ========================================================================
2026-08-14T23:38:24+02:00 baselines done configuration=6/12 dataset=Traffic model=chronos2 formula=full_ridge_shared lags=504 horizon=24 retrieval=raw_euclidean_1_online
2026-08-14 23:38:26,950 INFO [__main__] extraction validation directory=/home/h61084/codes/adapts/outputs/extraction/Solar/24_24/chronos2/raw/euclidean/1/online/run_0 status=complete

2026-08-14T23:38:27+02:00 baselines start configuration=7/12 dataset=Solar model=chronos2 formula=full_ridge_shared lags=24 horizon=24 retrieval=raw_euclidean_1_online run=/home/h61084/codes/adapts/outputs/adaptation/l_ablation/Solar/24_24/chronos2/full_ridge_shared/raw/euclidean/1/online/run_0 computation_signature=957788f7aeb54e589eb6becf3874c67bf53ac726e2f377e9f315f4f368a5d215 l2_grid=0,1e-6,1e-5,1e-4,1e-3,1e-2,1e-1,1,10 validation_fraction=0.2 fit_baselines_on_eval=false seed=1
2026-08-14 23:38:30,236 INFO [__main__] ========================================================================
2026-08-14 23:38:30,236 INFO [__main__] selected methods=('full_ridge_shared',)
2026-08-14 23:38:31,739 INFO [__main__] baseline selection start l2_grid=(0.0, 1e-06, 1e-05, 0.0001, 0.001, 0.01, 0.1, 1.0, 10.0)
2026-08-14 23:38:31,981 INFO [__main__] baseline selection done
2026-08-14 23:38:32,004 INFO [__main__] experiment done seconds=1.76
2026-08-14 23:38:32,004 INFO [__main__] ========================================================================
2026-08-14T23:38:32+02:00 baselines done configuration=7/12 dataset=Solar model=chronos2 formula=full_ridge_shared lags=24 horizon=24 retrieval=raw_euclidean_1_online
2026-08-14 23:38:34,764 INFO [__main__] extraction validation directory=/home/h61084/codes/adapts/outputs/extraction/Solar/168_24/chronos2/raw/euclidean/1/online/run_1 status=complete

2026-08-14T23:38:35+02:00 baselines start configuration=8/12 dataset=Solar model=chronos2 formula=full_ridge_shared lags=168 horizon=24 retrieval=raw_euclidean_1_online run=/home/h61084/codes/adapts/outputs/adaptation/l_ablation/Solar/168_24/chronos2/full_ridge_shared/raw/euclidean/1/online/run_0 computation_signature=b59d92cacb645d18d111fa00f0d346a27c46728d5ba7efd2e56faa7da6c35616 l2_grid=0,1e-6,1e-5,1e-4,1e-3,1e-2,1e-1,1,10 validation_fraction=0.2 fit_baselines_on_eval=false seed=1
2026-08-14 23:38:37,785 INFO [__main__] ========================================================================
2026-08-14 23:38:37,785 INFO [__main__] selected methods=('full_ridge_shared',)
2026-08-14 23:38:39,457 INFO [__main__] baseline selection start l2_grid=(0.0, 1e-06, 1e-05, 0.0001, 0.001, 0.01, 0.1, 1.0, 10.0)
2026-08-14 23:38:39,651 INFO [__main__] baseline selection done
2026-08-14 23:38:39,675 INFO [__main__] experiment done seconds=1.89
2026-08-14 23:38:39,675 INFO [__main__] ========================================================================
2026-08-14T23:38:40+02:00 baselines done configuration=8/12 dataset=Solar model=chronos2 formula=full_ridge_shared lags=168 horizon=24 retrieval=raw_euclidean_1_online
2026-08-14 23:38:42,581 INFO [__main__] extraction validation directory=/home/h61084/codes/adapts/outputs/extraction/Solar/504_24/chronos2/raw/euclidean/1/online/run_0 status=complete

2026-08-14T23:38:43+02:00 baselines start configuration=9/12 dataset=Solar model=chronos2 formula=full_ridge_shared lags=504 horizon=24 retrieval=raw_euclidean_1_online run=/home/h61084/codes/adapts/outputs/adaptation/l_ablation/Solar/504_24/chronos2/full_ridge_shared/raw/euclidean/1/online/run_0 computation_signature=aec0ec36e62a89337d034b91758538b317184e1515a50233ff0f9448518eb3f1 l2_grid=0,1e-6,1e-5,1e-4,1e-3,1e-2,1e-1,1,10 validation_fraction=0.2 fit_baselines_on_eval=false seed=1
2026-08-14 23:38:45,537 INFO [__main__] ========================================================================
2026-08-14 23:38:45,537 INFO [__main__] selected methods=('full_ridge_shared',)
2026-08-14 23:38:47,471 INFO [__main__] baseline selection start l2_grid=(0.0, 1e-06, 1e-05, 0.0001, 0.001, 0.01, 0.1, 1.0, 10.0)
2026-08-14 23:38:47,671 INFO [__main__] baseline selection done
2026-08-14 23:38:47,699 INFO [__main__] experiment done seconds=2.16
2026-08-14 23:38:47,699 INFO [__main__] ========================================================================
2026-08-14T23:38:48+02:00 baselines done configuration=9/12 dataset=Solar model=chronos2 formula=full_ridge_shared lags=504 horizon=24 retrieval=raw_euclidean_1_online
2026-08-14 23:38:50,393 INFO [__main__] extraction validation directory=/home/h61084/codes/adapts/outputs/extraction/exchange_rate/24_24/chronos2/raw/euclidean/1/online/run_0 status=complete

2026-08-14T23:38:50+02:00 baselines start configuration=10/12 dataset=exchange_rate model=chronos2 formula=full_ridge_shared lags=24 horizon=24 retrieval=raw_euclidean_1_online run=/home/h61084/codes/adapts/outputs/adaptation/l_ablation/exchange_rate/24_24/chronos2/full_ridge_shared/raw/euclidean/1/online/run_0 computation_signature=d789a24d148d7ade105c91f236376ed000982d12739cf87e50a0a49476c7092f l2_grid=0,1e-6,1e-5,1e-4,1e-3,1e-2,1e-1,1,10 validation_fraction=0.2 fit_baselines_on_eval=false seed=1
2026-08-14 23:38:53,430 INFO [__main__] ========================================================================
2026-08-14 23:38:53,430 INFO [__main__] selected methods=('full_ridge_shared',)
2026-08-14 23:38:55,032 INFO [__main__] baseline selection start l2_grid=(0.0, 1e-06, 1e-05, 0.0001, 0.001, 0.01, 0.1, 1.0, 10.0)
2026-08-14 23:38:55,158 INFO [__main__] baseline selection done
2026-08-14 23:38:55,186 INFO [__main__] experiment done seconds=1.75
2026-08-14 23:38:55,186 INFO [__main__] ========================================================================
2026-08-14T23:38:55+02:00 baselines done configuration=10/12 dataset=exchange_rate model=chronos2 formula=full_ridge_shared lags=24 horizon=24 retrieval=raw_euclidean_1_online
2026-08-14 23:38:58,074 INFO [__main__] extraction validation directory=/home/h61084/codes/adapts/outputs/extraction/exchange_rate/168_24/chronos2/raw/euclidean/1/online/run_1 status=complete

2026-08-14T23:38:58+02:00 baselines start configuration=11/12 dataset=exchange_rate model=chronos2 formula=full_ridge_shared lags=168 horizon=24 retrieval=raw_euclidean_1_online run=/home/h61084/codes/adapts/outputs/adaptation/l_ablation/exchange_rate/168_24/chronos2/full_ridge_shared/raw/euclidean/1/online/run_0 computation_signature=c72b3af6906eb95dae2b2b1a05b64e2d7868c3c0af0a172634c4cb47cbff8caa l2_grid=0,1e-6,1e-5,1e-4,1e-3,1e-2,1e-1,1,10 validation_fraction=0.2 fit_baselines_on_eval=false seed=1
2026-08-14 23:39:01,209 INFO [__main__] ========================================================================
2026-08-14 23:39:01,209 INFO [__main__] selected methods=('full_ridge_shared',)
2026-08-14 23:39:02,999 INFO [__main__] baseline selection start l2_grid=(0.0, 1e-06, 1e-05, 0.0001, 0.001, 0.01, 0.1, 1.0, 10.0)
2026-08-14 23:39:03,153 INFO [__main__] baseline selection done
2026-08-14 23:39:03,176 INFO [__main__] experiment done seconds=1.96
2026-08-14 23:39:03,176 INFO [__main__] ========================================================================
2026-08-14T23:39:03+02:00 baselines done configuration=11/12 dataset=exchange_rate model=chronos2 formula=full_ridge_shared lags=168 horizon=24 retrieval=raw_euclidean_1_online
2026-08-14 23:39:05,764 INFO [__main__] extraction validation directory=/home/h61084/codes/adapts/outputs/extraction/exchange_rate/504_24/chronos2/raw/euclidean/1/online/run_0 status=complete

2026-08-14T23:39:06+02:00 baselines start configuration=12/12 dataset=exchange_rate model=chronos2 formula=full_ridge_shared lags=504 horizon=24 retrieval=raw_euclidean_1_online run=/home/h61084/codes/adapts/outputs/adaptation/l_ablation/exchange_rate/504_24/chronos2/full_ridge_shared/raw/euclidean/1/online/run_0 computation_signature=b569b704ce05ba01e1a011e947c84fc72eb8160664a20c6b1b5e4700f5c8be07 l2_grid=0,1e-6,1e-5,1e-4,1e-3,1e-2,1e-1,1,10 validation_fraction=0.2 fit_baselines_on_eval=false seed=1
2026-08-14 23:39:09,197 INFO [__main__] ========================================================================
2026-08-14 23:39:09,197 INFO [__main__] selected methods=('full_ridge_shared',)
2026-08-14 23:39:11,611 INFO [__main__] baseline selection start l2_grid=(0.0, 1e-06, 1e-05, 0.0001, 0.001, 0.01, 0.1, 1.0, 10.0)
2026-08-14 23:39:11,735 INFO [__main__] baseline selection done
2026-08-14 23:39:11,758 INFO [__main__] experiment done seconds=2.56
2026-08-14 23:39:11,758 INFO [__main__] ========================================================================
2026-08-14T23:39:12+02:00 baselines done configuration=12/12 dataset=exchange_rate model=chronos2 formula=full_ridge_shared lags=504 horizon=24 retrieval=raw_euclidean_1_online

2026-08-14T23:39:12+02:00 job done kind=baselines output=outputs/adaptation/l_ablation

2026-08-14T23:39:12+02:00 job start kind=adaptation_extraction family=l_ablation experiment_mode=full skip_complete=true tasks=24 datasets=Electricity,Traffic,Solar,exchange_rate models=chronos2 settings=24:24,168:24,504:24 distance_spaces=instance distance_metrics=euclidean neighbors=1
2026-08-14T23:39:12+02:00 skip complete family=extraction dataset=Electricity model=chronos2 lags=24 horizon=24 retrieval=vanilla run=/home/h61084/codes/adapts/outputs/extraction/Electricity/24_24/chronos2/none/none/0/none/run_0

2026-08-14T23:39:12+02:00 extraction start configuration=2/24 dataset=Electricity model=chronos2 lags=24 horizon=24 retrieval=instance_euclidean_1_online run=/home/h61084/codes/adapts/outputs/extraction/Electricity/24_24/chronos2/instance/euclidean/1/online/run_0 computation_signature=06a7ed885e2f65a105baeb130fc877e48b5d59c0c3dc429c8e643a061e0ef128 period=24 align_period=false datastore_stride=25 adapt_stride=25 eval_stride=127 max_store_windows=30000 seed=1
2026-08-14 23:39:14,897 INFO [__main__] ========================================================================
2026-08-14 23:39:14,897 INFO [__main__] experiment start kind=extraction dataset=Electricity model=chronos2 lags=24 horizon=24 neighbors=1 distance=instance/euclidean
2026-08-14 23:39:15,217 INFO [__main__] dataset load start
2026-08-14 23:39:15,219 INFO [src.data.load_dataset] loaded dataset config path=/home/h61084/codes/datasets/electricity/config.json keys=['aggr', 'date_col', 'drop_users']
2026-08-14 23:39:16,062 INFO [__main__] dataset load done dates=26304 users=312
2026-08-14 23:39:16,063 INFO [__main__] model load start
2026-08-14 23:39:28,978 INFO [__main__] model load done name=chronos2 device=cuda parameters_total=119,477,664 parameters_trainable=0
2026-08-14 23:39:28,981 INFO [__main__] extraction start split=adapt queries=526
2026-08-14 23:42:19,926 INFO [__main__] extraction done split=adapt
2026-08-14 23:42:19,926 INFO [__main__] extraction start split=eval queries=42
2026-08-14 23:42:34,217 INFO [__main__] extraction done split=eval
2026-08-14 23:42:34,989 INFO [__main__] completion marker saved path=/home/h61084/codes/adapts/outputs/extraction/Electricity/24_24/chronos2/instance/euclidean/1/online/run_0/extraction_manifest.json
2026-08-14 23:42:34,989 INFO [__main__] outputs saved dir=/home/h61084/codes/adapts/outputs/extraction/Electricity/24_24/chronos2/instance/euclidean/1/online/run_0
2026-08-14 23:42:34,989 INFO [__main__] experiment done seconds=200.08
2026-08-14 23:42:34,989 INFO [__main__] ========================================================================
2026-08-14 23:42:38,184 INFO [__main__] extraction validation directory=/home/h61084/codes/adapts/outputs/extraction/Electricity/24_24/chronos2/instance/euclidean/1/online/run_0 status=complete
2026-08-14T23:42:38+02:00 extraction done configuration=2/24 dataset=Electricity model=chronos2 lags=24 horizon=24 retrieval=instance_euclidean_1_online
2026-08-14T23:42:38+02:00 skip complete family=extraction dataset=Electricity model=chronos2 lags=168 horizon=24 retrieval=vanilla run=/home/h61084/codes/adapts/outputs/extraction/Electricity/168_24/chronos2/none/none/0/none/run_1
2026-08-14T23:42:38+02:00 skip complete family=extraction dataset=Electricity model=chronos2 lags=168 horizon=24 retrieval=instance_euclidean_1_online run=/home/h61084/codes/adapts/outputs/extraction/Electricity/168_24/chronos2/instance/euclidean/1/online/run_1
2026-08-14T23:42:38+02:00 skip complete family=extraction dataset=Electricity model=chronos2 lags=504 horizon=24 retrieval=vanilla run=/home/h61084/codes/adapts/outputs/extraction/Electricity/504_24/chronos2/none/none/0/none/run_0

2026-08-14T23:42:38+02:00 extraction start configuration=6/24 dataset=Electricity model=chronos2 lags=504 horizon=24 retrieval=instance_euclidean_1_online run=/home/h61084/codes/adapts/outputs/extraction/Electricity/504_24/chronos2/instance/euclidean/1/online/run_0 computation_signature=7628b1a8dac07e3487dd1b2d00084ed599018d3a9bebf0925097ce916737776b period=24 align_period=false datastore_stride=25 adapt_stride=25 eval_stride=127 max_store_windows=30000 seed=1
2026-08-14 23:42:41,536 INFO [__main__] ========================================================================
2026-08-14 23:42:41,536 INFO [__main__] experiment start kind=extraction dataset=Electricity model=chronos2 lags=504 horizon=24 neighbors=1 distance=instance/euclidean
2026-08-14 23:42:41,813 INFO [__main__] dataset load start
2026-08-14 23:42:41,815 INFO [src.data.load_dataset] loaded dataset config path=/home/h61084/codes/datasets/electricity/config.json keys=['aggr', 'date_col', 'drop_users']
2026-08-14 23:42:42,595 INFO [__main__] dataset load done dates=26304 users=312
2026-08-14 23:42:42,596 INFO [__main__] model load start
2026-08-14 23:42:54,659 INFO [__main__] model load done name=chronos2 device=cuda parameters_total=119,477,664 parameters_trainable=0
2026-08-14 23:42:54,662 INFO [__main__] extraction start split=adapt queries=526
2026-08-14 23:50:59,317 INFO [__main__] extraction done split=adapt
2026-08-14 23:50:59,318 INFO [__main__] extraction start split=eval queries=42
2026-08-14 23:51:37,582 INFO [__main__] extraction done split=eval
2026-08-14 23:51:38,578 INFO [__main__] completion marker saved path=/home/h61084/codes/adapts/outputs/extraction/Electricity/504_24/chronos2/instance/euclidean/1/online/run_0/extraction_manifest.json
2026-08-14 23:51:38,578 INFO [__main__] outputs saved dir=/home/h61084/codes/adapts/outputs/extraction/Electricity/504_24/chronos2/instance/euclidean/1/online/run_0
2026-08-14 23:51:38,578 INFO [__main__] experiment done seconds=537.04
2026-08-14 23:51:38,578 INFO [__main__] ========================================================================
2026-08-14 23:51:42,000 INFO [__main__] extraction validation directory=/home/h61084/codes/adapts/outputs/extraction/Electricity/504_24/chronos2/instance/euclidean/1/online/run_0 status=complete
2026-08-14T23:51:42+02:00 extraction done configuration=6/24 dataset=Electricity model=chronos2 lags=504 horizon=24 retrieval=instance_euclidean_1_online
2026-08-14T23:51:42+02:00 skip complete family=extraction dataset=Traffic model=chronos2 lags=24 horizon=24 retrieval=vanilla run=/home/h61084/codes/adapts/outputs/extraction/Traffic/24_24/chronos2/none/none/0/none/run_0

2026-08-14T23:51:42+02:00 extraction start configuration=8/24 dataset=Traffic model=chronos2 lags=24 horizon=24 retrieval=instance_euclidean_1_online run=/home/h61084/codes/adapts/outputs/extraction/Traffic/24_24/chronos2/instance/euclidean/1/online/run_0 computation_signature=7119865f9025d007210dba75630792beb124c47eface68f6c67ba17e3cc7dbda period=24 align_period=false datastore_stride=25 adapt_stride=25 eval_stride=127 max_store_windows=30000 seed=1
2026-08-14 23:51:45,298 INFO [__main__] ========================================================================
2026-08-14 23:51:45,298 INFO [__main__] experiment start kind=extraction dataset=Traffic model=chronos2 lags=24 horizon=24 neighbors=1 distance=instance/euclidean
2026-08-14 23:51:45,592 INFO [__main__] dataset load start
2026-08-14 23:51:45,594 INFO [src.data.load_dataset] loaded dataset config path=/home/h61084/codes/datasets/traffic/config.json keys=['aggr', 'date_col', 'drop_users']
2026-08-14 23:51:46,706 INFO [__main__] dataset load done dates=17544 users=860
2026-08-14 23:51:46,706 INFO [__main__] model load start
2026-08-14 23:51:56,921 INFO [__main__] model load done name=chronos2 device=cuda parameters_total=119,477,664 parameters_trainable=0
2026-08-14 23:51:56,923 INFO [__main__] extraction start split=adapt queries=350
2026-08-14 23:56:08,303 INFO [__main__] extraction done split=adapt
2026-08-14 23:56:08,304 INFO [__main__] extraction start split=eval queries=28
2026-08-14 23:56:28,609 INFO [__main__] extraction done split=eval
2026-08-14 23:56:29,619 INFO [__main__] completion marker saved path=/home/h61084/codes/adapts/outputs/extraction/Traffic/24_24/chronos2/instance/euclidean/1/online/run_0/extraction_manifest.json
2026-08-14 23:56:29,620 INFO [__main__] outputs saved dir=/home/h61084/codes/adapts/outputs/extraction/Traffic/24_24/chronos2/instance/euclidean/1/online/run_0
2026-08-14 23:56:29,620 INFO [__main__] experiment done seconds=284.32
2026-08-14 23:56:29,620 INFO [__main__] ========================================================================
2026-08-14 23:56:32,977 INFO [__main__] extraction validation directory=/home/h61084/codes/adapts/outputs/extraction/Traffic/24_24/chronos2/instance/euclidean/1/online/run_0 status=complete
2026-08-14T23:56:33+02:00 extraction done configuration=8/24 dataset=Traffic model=chronos2 lags=24 horizon=24 retrieval=instance_euclidean_1_online
2026-08-14T23:56:33+02:00 skip complete family=extraction dataset=Traffic model=chronos2 lags=168 horizon=24 retrieval=vanilla run=/home/h61084/codes/adapts/outputs/extraction/Traffic/168_24/chronos2/none/none/0/none/run_1
2026-08-14T23:56:33+02:00 skip complete family=extraction dataset=Traffic model=chronos2 lags=168 horizon=24 retrieval=instance_euclidean_1_online run=/home/h61084/codes/adapts/outputs/extraction/Traffic/168_24/chronos2/instance/euclidean/1/online/run_1
2026-08-14T23:56:33+02:00 skip complete family=extraction dataset=Traffic model=chronos2 lags=504 horizon=24 retrieval=vanilla run=/home/h61084/codes/adapts/outputs/extraction/Traffic/504_24/chronos2/none/none/0/none/run_0

2026-08-14T23:56:33+02:00 extraction start configuration=12/24 dataset=Traffic model=chronos2 lags=504 horizon=24 retrieval=instance_euclidean_1_online run=/home/h61084/codes/adapts/outputs/extraction/Traffic/504_24/chronos2/instance/euclidean/1/online/run_0 computation_signature=1ac18cbf91852073a9d73eb0ce2b04074893c3829dc5e4f277b0c7d3a0bcc894 period=24 align_period=false datastore_stride=25 adapt_stride=25 eval_stride=127 max_store_windows=30000 seed=1
2026-08-14 23:56:36,262 INFO [__main__] ========================================================================
2026-08-14 23:56:36,262 INFO [__main__] experiment start kind=extraction dataset=Traffic model=chronos2 lags=504 horizon=24 neighbors=1 distance=instance/euclidean
2026-08-14 23:56:36,574 INFO [__main__] dataset load start
2026-08-14 23:56:36,576 INFO [src.data.load_dataset] loaded dataset config path=/home/h61084/codes/datasets/traffic/config.json keys=['aggr', 'date_col', 'drop_users']
2026-08-14 23:56:37,676 INFO [__main__] dataset load done dates=17544 users=860
2026-08-14 23:56:37,677 INFO [__main__] model load start
2026-08-14 23:56:46,385 INFO [__main__] model load done name=chronos2 device=cuda parameters_total=119,477,664 parameters_trainable=0
2026-08-14 23:56:46,386 INFO [__main__] extraction start split=adapt queries=350
2026-08-15 00:07:47,040 INFO [__main__] extraction done split=adapt
2026-08-15 00:07:47,040 INFO [__main__] extraction start split=eval queries=28
2026-08-15 00:08:36,886 INFO [__main__] extraction done split=eval
2026-08-15 00:08:37,992 INFO [__main__] completion marker saved path=/home/h61084/codes/adapts/outputs/extraction/Traffic/504_24/chronos2/instance/euclidean/1/online/run_0/extraction_manifest.json
2026-08-15 00:08:37,992 INFO [__main__] outputs saved dir=/home/h61084/codes/adapts/outputs/extraction/Traffic/504_24/chronos2/instance/euclidean/1/online/run_0
2026-08-15 00:08:37,992 INFO [__main__] experiment done seconds=721.73
2026-08-15 00:08:37,992 INFO [__main__] ========================================================================
2026-08-15 00:08:41,262 INFO [__main__] extraction validation directory=/home/h61084/codes/adapts/outputs/extraction/Traffic/504_24/chronos2/instance/euclidean/1/online/run_0 status=complete
2026-08-15T00:08:41+02:00 extraction done configuration=12/24 dataset=Traffic model=chronos2 lags=504 horizon=24 retrieval=instance_euclidean_1_online
2026-08-15T00:08:41+02:00 skip complete family=extraction dataset=Solar model=chronos2 lags=24 horizon=24 retrieval=vanilla run=/home/h61084/codes/adapts/outputs/extraction/Solar/24_24/chronos2/none/none/0/none/run_0

2026-08-15T00:08:41+02:00 extraction start configuration=14/24 dataset=Solar model=chronos2 lags=24 horizon=24 retrieval=instance_euclidean_1_online run=/home/h61084/codes/adapts/outputs/extraction/Solar/24_24/chronos2/instance/euclidean/1/online/run_0 computation_signature=141d2553cef3609bb08b3e4e0912f3e4a85888907d2fdc58f4bcabc02f93954e period=24 align_period=false datastore_stride=25 adapt_stride=25 eval_stride=127 max_store_windows=30000 seed=1
2026-08-15 00:08:44,317 INFO [__main__] ========================================================================
2026-08-15 00:08:44,317 INFO [__main__] experiment start kind=extraction dataset=Solar model=chronos2 lags=24 horizon=24 neighbors=1 distance=instance/euclidean
2026-08-15 00:08:44,619 INFO [__main__] dataset load start
2026-08-15 00:08:44,620 INFO [src.data.load_dataset] loaded dataset config path=/home/h61084/codes/datasets/solar/config.json keys=['aggr', 'date_col', 'drop_users']
2026-08-15 00:08:44,982 INFO [__main__] dataset load done dates=8760 users=137
2026-08-15 00:08:44,982 INFO [__main__] model load start
2026-08-15 00:08:57,193 INFO [__main__] model load done name=chronos2 device=cuda parameters_total=119,477,664 parameters_trainable=0
2026-08-15 00:08:57,194 INFO [__main__] extraction start split=adapt queries=175
2026-08-15 00:09:26,975 INFO [__main__] extraction done split=adapt
2026-08-15 00:09:26,976 INFO [__main__] extraction start split=eval queries=14
2026-08-15 00:09:29,319 INFO [__main__] extraction done split=eval
2026-08-15 00:09:29,945 INFO [__main__] completion marker saved path=/home/h61084/codes/adapts/outputs/extraction/Solar/24_24/chronos2/instance/euclidean/1/online/run_0/extraction_manifest.json
2026-08-15 00:09:29,946 INFO [__main__] outputs saved dir=/home/h61084/codes/adapts/outputs/extraction/Solar/24_24/chronos2/instance/euclidean/1/online/run_0
2026-08-15 00:09:29,946 INFO [__main__] experiment done seconds=45.62
2026-08-15 00:09:29,946 INFO [__main__] ========================================================================
2026-08-15 00:09:32,960 INFO [__main__] extraction validation directory=/home/h61084/codes/adapts/outputs/extraction/Solar/24_24/chronos2/instance/euclidean/1/online/run_0 status=complete
2026-08-15T00:09:33+02:00 extraction done configuration=14/24 dataset=Solar model=chronos2 lags=24 horizon=24 retrieval=instance_euclidean_1_online
2026-08-15T00:09:33+02:00 skip complete family=extraction dataset=Solar model=chronos2 lags=168 horizon=24 retrieval=vanilla run=/home/h61084/codes/adapts/outputs/extraction/Solar/168_24/chronos2/none/none/0/none/run_1
2026-08-15T00:09:33+02:00 skip complete family=extraction dataset=Solar model=chronos2 lags=168 horizon=24 retrieval=instance_euclidean_1_online run=/home/h61084/codes/adapts/outputs/extraction/Solar/168_24/chronos2/instance/euclidean/1/online/run_1
2026-08-15T00:09:33+02:00 skip complete family=extraction dataset=Solar model=chronos2 lags=504 horizon=24 retrieval=vanilla run=/home/h61084/codes/adapts/outputs/extraction/Solar/504_24/chronos2/none/none/0/none/run_0

2026-08-15T00:09:33+02:00 extraction start configuration=18/24 dataset=Solar model=chronos2 lags=504 horizon=24 retrieval=instance_euclidean_1_online run=/home/h61084/codes/adapts/outputs/extraction/Solar/504_24/chronos2/instance/euclidean/1/online/run_0 computation_signature=b642d79dc9272f8f7a4740bdcb913b88b7f4d108182b3546fec18bcfb21fce41 period=24 align_period=false datastore_stride=25 adapt_stride=25 eval_stride=127 max_store_windows=30000 seed=1
2026-08-15 00:09:36,465 INFO [__main__] ========================================================================
2026-08-15 00:09:36,465 INFO [__main__] experiment start kind=extraction dataset=Solar model=chronos2 lags=504 horizon=24 neighbors=1 distance=instance/euclidean
2026-08-15 00:09:36,755 INFO [__main__] dataset load start
2026-08-15 00:09:36,756 INFO [src.data.load_dataset] loaded dataset config path=/home/h61084/codes/datasets/solar/config.json keys=['aggr', 'date_col', 'drop_users']
2026-08-15 00:09:37,128 INFO [__main__] dataset load done dates=8760 users=137
2026-08-15 00:09:37,128 INFO [__main__] model load start
2026-08-15 00:09:45,766 INFO [__main__] model load done name=chronos2 device=cuda parameters_total=119,477,664 parameters_trainable=0
2026-08-15 00:09:45,767 INFO [__main__] extraction start split=adapt queries=175
2026-08-15 00:11:10,331 INFO [__main__] extraction done split=adapt
2026-08-15 00:11:10,332 INFO [__main__] extraction start split=eval queries=14
2026-08-15 00:11:16,933 INFO [__main__] extraction done split=eval
2026-08-15 00:11:17,679 INFO [__main__] completion marker saved path=/home/h61084/codes/adapts/outputs/extraction/Solar/504_24/chronos2/instance/euclidean/1/online/run_0/extraction_manifest.json
2026-08-15 00:11:17,679 INFO [__main__] outputs saved dir=/home/h61084/codes/adapts/outputs/extraction/Solar/504_24/chronos2/instance/euclidean/1/online/run_0
2026-08-15 00:11:17,679 INFO [__main__] experiment done seconds=101.20
2026-08-15 00:11:17,679 INFO [__main__] ========================================================================
2026-08-15 00:11:20,934 INFO [__main__] extraction validation directory=/home/h61084/codes/adapts/outputs/extraction/Solar/504_24/chronos2/instance/euclidean/1/online/run_0 status=complete
2026-08-15T00:11:21+02:00 extraction done configuration=18/24 dataset=Solar model=chronos2 lags=504 horizon=24 retrieval=instance_euclidean_1_online
2026-08-15T00:11:21+02:00 skip complete family=extraction dataset=exchange_rate model=chronos2 lags=24 horizon=24 retrieval=vanilla run=/home/h61084/codes/adapts/outputs/extraction/exchange_rate/24_24/chronos2/none/none/0/none/run_0

2026-08-15T00:11:21+02:00 extraction start configuration=20/24 dataset=exchange_rate model=chronos2 lags=24 horizon=24 retrieval=instance_euclidean_1_online run=/home/h61084/codes/adapts/outputs/extraction/exchange_rate/24_24/chronos2/instance/euclidean/1/online/run_0 computation_signature=ef9d648d0a9af167439e054352aa2f000a0de19f5797f8185a9d9c9288a54144 period=24 align_period=false datastore_stride=25 adapt_stride=25 eval_stride=127 max_store_windows=30000 seed=1
2026-08-15 00:11:24,271 INFO [__main__] ========================================================================
2026-08-15 00:11:24,271 INFO [__main__] experiment start kind=extraction dataset=exchange_rate model=chronos2 lags=24 horizon=24 neighbors=1 distance=instance/euclidean
2026-08-15 00:11:24,563 INFO [__main__] dataset load start
2026-08-15 00:11:24,565 INFO [src.data.load_dataset] loaded dataset config path=/home/h61084/codes/datasets/exchange_rate/config.json keys=['aggr', 'date_col', 'drop_users']
2026-08-15 00:11:24,582 INFO [__main__] dataset load done dates=7588 users=8
2026-08-15 00:11:24,582 INFO [__main__] model load start
2026-08-15 00:11:37,329 INFO [__main__] model load done name=chronos2 device=cuda parameters_total=119,477,664 parameters_trainable=0
2026-08-15 00:11:37,330 INFO [__main__] extraction start split=adapt queries=151
2026-08-15 00:11:44,352 INFO [__main__] extraction done split=adapt
2026-08-15 00:11:44,352 INFO [__main__] extraction start split=eval queries=12
2026-08-15 00:11:44,884 INFO [__main__] extraction done split=eval
2026-08-15 00:11:45,468 INFO [__main__] completion marker saved path=/home/h61084/codes/adapts/outputs/extraction/exchange_rate/24_24/chronos2/instance/euclidean/1/online/run_0/extraction_manifest.json
2026-08-15 00:11:45,468 INFO [__main__] outputs saved dir=/home/h61084/codes/adapts/outputs/extraction/exchange_rate/24_24/chronos2/instance/euclidean/1/online/run_0
2026-08-15 00:11:45,468 INFO [__main__] experiment done seconds=21.19
2026-08-15 00:11:45,468 INFO [__main__] ========================================================================
2026-08-15 00:11:48,990 INFO [__main__] extraction validation directory=/home/h61084/codes/adapts/outputs/extraction/exchange_rate/24_24/chronos2/instance/euclidean/1/online/run_0 status=complete
2026-08-15T00:11:49+02:00 extraction done configuration=20/24 dataset=exchange_rate model=chronos2 lags=24 horizon=24 retrieval=instance_euclidean_1_online
2026-08-15T00:11:49+02:00 skip complete family=extraction dataset=exchange_rate model=chronos2 lags=168 horizon=24 retrieval=vanilla run=/home/h61084/codes/adapts/outputs/extraction/exchange_rate/168_24/chronos2/none/none/0/none/run_1
2026-08-15T00:11:49+02:00 skip complete family=extraction dataset=exchange_rate model=chronos2 lags=168 horizon=24 retrieval=instance_euclidean_1_online run=/home/h61084/codes/adapts/outputs/extraction/exchange_rate/168_24/chronos2/instance/euclidean/1/online/run_1
2026-08-15T00:11:49+02:00 skip complete family=extraction dataset=exchange_rate model=chronos2 lags=504 horizon=24 retrieval=vanilla run=/home/h61084/codes/adapts/outputs/extraction/exchange_rate/504_24/chronos2/none/none/0/none/run_0

2026-08-15T00:11:49+02:00 extraction start configuration=24/24 dataset=exchange_rate model=chronos2 lags=504 horizon=24 retrieval=instance_euclidean_1_online run=/home/h61084/codes/adapts/outputs/extraction/exchange_rate/504_24/chronos2/instance/euclidean/1/online/run_0 computation_signature=356bebce165985b2efa3a46fe0fdf6122c085392415e770280d326cf2605a345 period=24 align_period=false datastore_stride=25 adapt_stride=25 eval_stride=127 max_store_windows=30000 seed=1
2026-08-15 00:11:52,122 INFO [__main__] ========================================================================
2026-08-15 00:11:52,122 INFO [__main__] experiment start kind=extraction dataset=exchange_rate model=chronos2 lags=504 horizon=24 neighbors=1 distance=instance/euclidean
2026-08-15 00:11:52,416 INFO [__main__] dataset load start
2026-08-15 00:11:52,418 INFO [src.data.load_dataset] loaded dataset config path=/home/h61084/codes/datasets/exchange_rate/config.json keys=['aggr', 'date_col', 'drop_users']
2026-08-15 00:11:52,434 INFO [__main__] dataset load done dates=7588 users=8
2026-08-15 00:11:52,435 INFO [__main__] model load start
2026-08-15 00:12:01,307 INFO [__main__] model load done name=chronos2 device=cuda parameters_total=119,477,664 parameters_trainable=0
2026-08-15 00:12:01,308 INFO [__main__] extraction start split=adapt queries=151
2026-08-15 00:12:10,522 INFO [__main__] extraction done split=adapt
2026-08-15 00:12:10,522 INFO [__main__] extraction start split=eval queries=12
2026-08-15 00:12:11,161 INFO [__main__] extraction done split=eval
2026-08-15 00:12:11,779 INFO [__main__] completion marker saved path=/home/h61084/codes/adapts/outputs/extraction/exchange_rate/504_24/chronos2/instance/euclidean/1/online/run_0/extraction_manifest.json
2026-08-15 00:12:11,779 INFO [__main__] outputs saved dir=/home/h61084/codes/adapts/outputs/extraction/exchange_rate/504_24/chronos2/instance/euclidean/1/online/run_0
2026-08-15 00:12:11,779 INFO [__main__] experiment done seconds=19.65
2026-08-15 00:12:11,779 INFO [__main__] ========================================================================
2026-08-15 00:12:14,702 INFO [__main__] extraction validation directory=/home/h61084/codes/adapts/outputs/extraction/exchange_rate/504_24/chronos2/instance/euclidean/1/online/run_0 status=complete
2026-08-15T00:12:15+02:00 extraction done configuration=24/24 dataset=exchange_rate model=chronos2 lags=504 horizon=24 retrieval=instance_euclidean_1_online

2026-08-15T00:12:15+02:00 job done kind=adaptation_extraction output=outputs/extraction

2026-08-15T00:12:15+02:00 job start kind=gates family=l_ablation experiment_mode=full skip_complete=true tasks=12 datasets=Electricity,Traffic,Solar,exchange_rate models=chronos2 settings=24:24,168:24,504:24 distance_spaces=instance distance_metrics=euclidean neighbors=1 methods=catboost_avgy_regressor_shared,bayes_avgy_shared task_type=CPU thread_count=2 horizon_fits=serial allocated_cpus=16 results_root=outputs/adaptation/l_ablation
2026-08-15 00:12:17,576 INFO [__main__] extraction validation directory=/home/h61084/codes/adapts/outputs/extraction/Electricity/24_24/chronos2/instance/euclidean/1/online/run_0 status=complete

2026-08-15T00:12:18+02:00 gates start configuration=1/12 dataset=Electricity model=chronos2 formula=catboost_avgy_regressor_shared lags=24 horizon=24 retrieval=instance_euclidean_1_online run=/home/h61084/codes/adapts/outputs/adaptation/l_ablation/Electricity/24_24/chronos2/catboost_avgy_regressor_shared/instance/euclidean/1/online/run_0 computation_signature=362a063a4c4af59566fe96cf597c24840b74fd890e09b76dc408b70e9653eff5 iterations=300 learning_rate=0.03 depth=4 early_stopping_rounds=50 task_type=CPU thread_count=2 validation_fraction=0.2 seed=1
2026-08-15 00:12:20,744 INFO [__main__] ========================================================================
2026-08-15 00:12:20,745 INFO [__main__] selected methods=('catboost_avgy_regressor_shared',)
2026-08-15 00:12:25,070 INFO [__main__] gate fitting start candidate=avgy
2026-08-15 00:12:27,398 INFO [__main__] gate fitting done candidate=avgy
2026-08-15 00:12:28,036 INFO [__main__] experiment done seconds=7.29
2026-08-15 00:12:28,036 INFO [__main__] ========================================================================
2026-08-15T00:12:28+02:00 gates done configuration=1/12 dataset=Electricity model=chronos2 formula=catboost_avgy_regressor_shared lags=24 horizon=24 retrieval=instance_euclidean_1_online

2026-08-15T00:12:28+02:00 gates start configuration=1/12 dataset=Electricity model=chronos2 formula=bayes_avgy_shared lags=24 horizon=24 retrieval=instance_euclidean_1_online run=/home/h61084/codes/adapts/outputs/adaptation/l_ablation/Electricity/24_24/chronos2/bayes_avgy_shared/instance/euclidean/1/online/run_0 computation_signature=63af3be16bff4e6fe996ed9a1d853cef8efd68fe0524de50694204682a328135 iterations=300 learning_rate=0.03 depth=4 early_stopping_rounds=50 task_type=CPU thread_count=2 validation_fraction=0.2 seed=1
2026-08-15 00:12:31,533 INFO [__main__] ========================================================================
2026-08-15 00:12:31,533 INFO [__main__] selected methods=('bayes_avgy_shared',)
2026-08-15 00:12:33,728 INFO [__main__] gate fitting start candidate=avgy
2026-08-15 00:12:33,929 INFO [__main__] gate fitting done candidate=avgy
2026-08-15 00:12:33,957 INFO [__main__] experiment done seconds=2.42
2026-08-15 00:12:33,957 INFO [__main__] ========================================================================
2026-08-15T00:12:34+02:00 gates done configuration=1/12 dataset=Electricity model=chronos2 formula=bayes_avgy_shared lags=24 horizon=24 retrieval=instance_euclidean_1_online
2026-08-15 00:12:36,914 INFO [__main__] extraction validation directory=/home/h61084/codes/adapts/outputs/extraction/Electricity/168_24/chronos2/instance/euclidean/1/online/run_1 status=complete

2026-08-15T00:12:37+02:00 gates start configuration=2/12 dataset=Electricity model=chronos2 formula=catboost_avgy_regressor_shared lags=168 horizon=24 retrieval=instance_euclidean_1_online run=/home/h61084/codes/adapts/outputs/adaptation/l_ablation/Electricity/168_24/chronos2/catboost_avgy_regressor_shared/instance/euclidean/1/online/run_0 computation_signature=a605b0a6af82ae046777881bb0966b8f45f296a27a9c8f068a8a1a4f4121ac38 iterations=300 learning_rate=0.03 depth=4 early_stopping_rounds=50 task_type=CPU thread_count=2 validation_fraction=0.2 seed=1
2026-08-15 00:12:39,904 INFO [__main__] ========================================================================
2026-08-15 00:12:39,904 INFO [__main__] selected methods=('catboost_avgy_regressor_shared',)
2026-08-15 00:12:44,530 INFO [__main__] gate fitting start candidate=avgy
2026-08-15 00:12:47,117 INFO [__main__] gate fitting done candidate=avgy
2026-08-15 00:12:47,762 INFO [__main__] experiment done seconds=7.86
2026-08-15 00:12:47,762 INFO [__main__] ========================================================================
2026-08-15T00:12:48+02:00 gates done configuration=2/12 dataset=Electricity model=chronos2 formula=catboost_avgy_regressor_shared lags=168 horizon=24 retrieval=instance_euclidean_1_online

2026-08-15T00:12:48+02:00 gates start configuration=2/12 dataset=Electricity model=chronos2 formula=bayes_avgy_shared lags=168 horizon=24 retrieval=instance_euclidean_1_online run=/home/h61084/codes/adapts/outputs/adaptation/l_ablation/Electricity/168_24/chronos2/bayes_avgy_shared/instance/euclidean/1/online/run_0 computation_signature=86f009f262e97a8c0861ee2535d1be6f85817d3ab2ce1d5d6852de2f2acf3886 iterations=300 learning_rate=0.03 depth=4 early_stopping_rounds=50 task_type=CPU thread_count=2 validation_fraction=0.2 seed=1
2026-08-15 00:12:51,053 INFO [__main__] ========================================================================
2026-08-15 00:12:51,053 INFO [__main__] selected methods=('bayes_avgy_shared',)
2026-08-15 00:12:53,306 INFO [__main__] gate fitting start candidate=avgy
2026-08-15 00:12:53,521 INFO [__main__] gate fitting done candidate=avgy
2026-08-15 00:12:53,555 INFO [__main__] experiment done seconds=2.50
2026-08-15 00:12:53,555 INFO [__main__] ========================================================================
2026-08-15T00:12:54+02:00 gates done configuration=2/12 dataset=Electricity model=chronos2 formula=bayes_avgy_shared lags=168 horizon=24 retrieval=instance_euclidean_1_online
2026-08-15 00:12:56,215 INFO [__main__] extraction validation directory=/home/h61084/codes/adapts/outputs/extraction/Electricity/504_24/chronos2/instance/euclidean/1/online/run_0 status=complete

2026-08-15T00:12:56+02:00 gates start configuration=3/12 dataset=Electricity model=chronos2 formula=catboost_avgy_regressor_shared lags=504 horizon=24 retrieval=instance_euclidean_1_online run=/home/h61084/codes/adapts/outputs/adaptation/l_ablation/Electricity/504_24/chronos2/catboost_avgy_regressor_shared/instance/euclidean/1/online/run_0 computation_signature=1c9999085010677d3a15a7f4b92e903c2d8d7c3b9a26a861264225045f396e1a iterations=300 learning_rate=0.03 depth=4 early_stopping_rounds=50 task_type=CPU thread_count=2 validation_fraction=0.2 seed=1
2026-08-15 00:12:59,455 INFO [__main__] ========================================================================
2026-08-15 00:12:59,455 INFO [__main__] selected methods=('catboost_avgy_regressor_shared',)
2026-08-15 00:13:10,471 INFO [__main__] gate fitting start candidate=avgy
2026-08-15 00:13:13,216 INFO [__main__] gate fitting done candidate=avgy
2026-08-15 00:13:13,903 INFO [__main__] experiment done seconds=14.44
2026-08-15 00:13:13,903 INFO [__main__] ========================================================================
2026-08-15T00:13:14+02:00 gates done configuration=3/12 dataset=Electricity model=chronos2 formula=catboost_avgy_regressor_shared lags=504 horizon=24 retrieval=instance_euclidean_1_online

2026-08-15T00:13:14+02:00 gates start configuration=3/12 dataset=Electricity model=chronos2 formula=bayes_avgy_shared lags=504 horizon=24 retrieval=instance_euclidean_1_online run=/home/h61084/codes/adapts/outputs/adaptation/l_ablation/Electricity/504_24/chronos2/bayes_avgy_shared/instance/euclidean/1/online/run_0 computation_signature=d07ce140657b37fc2f2037d6cd2f55ea9c1b3c63784c14c75657e3210e186f0c iterations=300 learning_rate=0.03 depth=4 early_stopping_rounds=50 task_type=CPU thread_count=2 validation_fraction=0.2 seed=1
2026-08-15 00:13:17,460 INFO [__main__] ========================================================================
2026-08-15 00:13:17,460 INFO [__main__] selected methods=('bayes_avgy_shared',)
2026-08-15 00:13:20,565 INFO [__main__] gate fitting start candidate=avgy
2026-08-15 00:13:20,761 INFO [__main__] gate fitting done candidate=avgy
2026-08-15 00:13:20,800 INFO [__main__] experiment done seconds=3.33
2026-08-15 00:13:20,800 INFO [__main__] ========================================================================
2026-08-15T00:13:21+02:00 gates done configuration=3/12 dataset=Electricity model=chronos2 formula=bayes_avgy_shared lags=504 horizon=24 retrieval=instance_euclidean_1_online
2026-08-15 00:13:23,561 INFO [__main__] extraction validation directory=/home/h61084/codes/adapts/outputs/extraction/Traffic/24_24/chronos2/instance/euclidean/1/online/run_0 status=complete

2026-08-15T00:13:24+02:00 gates start configuration=4/12 dataset=Traffic model=chronos2 formula=catboost_avgy_regressor_shared lags=24 horizon=24 retrieval=instance_euclidean_1_online run=/home/h61084/codes/adapts/outputs/adaptation/l_ablation/Traffic/24_24/chronos2/catboost_avgy_regressor_shared/instance/euclidean/1/online/run_0 computation_signature=e46ef06d8d6b5ced76d77e2511e0c1e7917af735c33d64627f322836d8a28672 iterations=300 learning_rate=0.03 depth=4 early_stopping_rounds=50 task_type=CPU thread_count=2 validation_fraction=0.2 seed=1
2026-08-15 00:13:26,726 INFO [__main__] ========================================================================
2026-08-15 00:13:26,726 INFO [__main__] selected methods=('catboost_avgy_regressor_shared',)
2026-08-15 00:13:31,937 INFO [__main__] gate fitting start candidate=avgy
2026-08-15 00:13:34,957 INFO [__main__] gate fitting done candidate=avgy
2026-08-15 00:13:35,619 INFO [__main__] experiment done seconds=8.89
2026-08-15 00:13:35,620 INFO [__main__] ========================================================================
2026-08-15T00:13:36+02:00 gates done configuration=4/12 dataset=Traffic model=chronos2 formula=catboost_avgy_regressor_shared lags=24 horizon=24 retrieval=instance_euclidean_1_online

2026-08-15T00:13:36+02:00 gates start configuration=4/12 dataset=Traffic model=chronos2 formula=bayes_avgy_shared lags=24 horizon=24 retrieval=instance_euclidean_1_online run=/home/h61084/codes/adapts/outputs/adaptation/l_ablation/Traffic/24_24/chronos2/bayes_avgy_shared/instance/euclidean/1/online/run_0 computation_signature=8fe08dad810de03ca38be48031503909826a9acfa6df8b3e1f160a4f345319e0 iterations=300 learning_rate=0.03 depth=4 early_stopping_rounds=50 task_type=CPU thread_count=2 validation_fraction=0.2 seed=1
2026-08-15 00:13:39,026 INFO [__main__] ========================================================================
2026-08-15 00:13:39,026 INFO [__main__] selected methods=('bayes_avgy_shared',)
2026-08-15 00:13:41,797 INFO [__main__] gate fitting start candidate=avgy
2026-08-15 00:13:42,256 INFO [__main__] gate fitting done candidate=avgy
2026-08-15 00:13:42,286 INFO [__main__] experiment done seconds=3.26
2026-08-15 00:13:42,286 INFO [__main__] ========================================================================
2026-08-15T00:13:42+02:00 gates done configuration=4/12 dataset=Traffic model=chronos2 formula=bayes_avgy_shared lags=24 horizon=24 retrieval=instance_euclidean_1_online
2026-08-15 00:13:45,033 INFO [__main__] extraction validation directory=/home/h61084/codes/adapts/outputs/extraction/Traffic/168_24/chronos2/instance/euclidean/1/online/run_1 status=complete

2026-08-15T00:13:45+02:00 gates start configuration=5/12 dataset=Traffic model=chronos2 formula=catboost_avgy_regressor_shared lags=168 horizon=24 retrieval=instance_euclidean_1_online run=/home/h61084/codes/adapts/outputs/adaptation/l_ablation/Traffic/168_24/chronos2/catboost_avgy_regressor_shared/instance/euclidean/1/online/run_0 computation_signature=86bb7339e39cf7eff7c21cf5bde617b1934d724e0cd76a939f7649a76b957008 iterations=300 learning_rate=0.03 depth=4 early_stopping_rounds=50 task_type=CPU thread_count=2 validation_fraction=0.2 seed=1
2026-08-15 00:13:48,047 INFO [__main__] ========================================================================
2026-08-15 00:13:48,048 INFO [__main__] selected methods=('catboost_avgy_regressor_shared',)
2026-08-15 00:13:55,456 INFO [__main__] gate fitting start candidate=avgy
2026-08-15 00:13:59,340 INFO [__main__] gate fitting done candidate=avgy
2026-08-15 00:13:59,943 INFO [__main__] experiment done seconds=11.89
2026-08-15 00:13:59,943 INFO [__main__] ========================================================================
2026-08-15T00:14:00+02:00 gates done configuration=5/12 dataset=Traffic model=chronos2 formula=catboost_avgy_regressor_shared lags=168 horizon=24 retrieval=instance_euclidean_1_online

2026-08-15T00:14:00+02:00 gates start configuration=5/12 dataset=Traffic model=chronos2 formula=bayes_avgy_shared lags=168 horizon=24 retrieval=instance_euclidean_1_online run=/home/h61084/codes/adapts/outputs/adaptation/l_ablation/Traffic/168_24/chronos2/bayes_avgy_shared/instance/euclidean/1/online/run_0 computation_signature=a848066c46dc7be32ebea2b72b8baa3e3732f29a69c53800453ac8b77ed32ffd iterations=300 learning_rate=0.03 depth=4 early_stopping_rounds=50 task_type=CPU thread_count=2 validation_fraction=0.2 seed=1
2026-08-15 00:14:03,356 INFO [__main__] ========================================================================
2026-08-15 00:14:03,356 INFO [__main__] selected methods=('bayes_avgy_shared',)
2026-08-15 00:14:06,567 INFO [__main__] gate fitting start candidate=avgy
2026-08-15 00:14:06,867 INFO [__main__] gate fitting done candidate=avgy
2026-08-15 00:14:06,897 INFO [__main__] experiment done seconds=3.54
2026-08-15 00:14:06,897 INFO [__main__] ========================================================================
2026-08-15T00:14:07+02:00 gates done configuration=5/12 dataset=Traffic model=chronos2 formula=bayes_avgy_shared lags=168 horizon=24 retrieval=instance_euclidean_1_online
2026-08-15 00:14:10,138 INFO [__main__] extraction validation directory=/home/h61084/codes/adapts/outputs/extraction/Traffic/504_24/chronos2/instance/euclidean/1/online/run_0 status=complete

2026-08-15T00:14:10+02:00 gates start configuration=6/12 dataset=Traffic model=chronos2 formula=catboost_avgy_regressor_shared lags=504 horizon=24 retrieval=instance_euclidean_1_online run=/home/h61084/codes/adapts/outputs/adaptation/l_ablation/Traffic/504_24/chronos2/catboost_avgy_regressor_shared/instance/euclidean/1/online/run_0 computation_signature=345dddf8feaab389a505789c7552010bcc5ea4e068bd06d429618f0c3c6ccd27 iterations=300 learning_rate=0.03 depth=4 early_stopping_rounds=50 task_type=CPU thread_count=2 validation_fraction=0.2 seed=1
2026-08-15 00:14:13,462 INFO [__main__] ========================================================================
2026-08-15 00:14:13,462 INFO [__main__] selected methods=('catboost_avgy_regressor_shared',)
2026-08-15 00:14:30,131 INFO [__main__] gate fitting start candidate=avgy
2026-08-15 00:14:37,235 INFO [__main__] gate fitting done candidate=avgy
2026-08-15 00:14:37,873 INFO [__main__] experiment done seconds=24.41
2026-08-15 00:14:37,874 INFO [__main__] ========================================================================
2026-08-15T00:14:38+02:00 gates done configuration=6/12 dataset=Traffic model=chronos2 formula=catboost_avgy_regressor_shared lags=504 horizon=24 retrieval=instance_euclidean_1_online

2026-08-15T00:14:38+02:00 gates start configuration=6/12 dataset=Traffic model=chronos2 formula=bayes_avgy_shared lags=504 horizon=24 retrieval=instance_euclidean_1_online run=/home/h61084/codes/adapts/outputs/adaptation/l_ablation/Traffic/504_24/chronos2/bayes_avgy_shared/instance/euclidean/1/online/run_0 computation_signature=16f23ca5f2527a5ee30c4493b62ece63575e3d1530ff2accb600a4e5c787facc iterations=300 learning_rate=0.03 depth=4 early_stopping_rounds=50 task_type=CPU thread_count=2 validation_fraction=0.2 seed=1
2026-08-15 00:14:41,295 INFO [__main__] ========================================================================
2026-08-15 00:14:41,295 INFO [__main__] selected methods=('bayes_avgy_shared',)
2026-08-15 00:14:45,811 INFO [__main__] gate fitting start candidate=avgy
2026-08-15 00:14:46,222 INFO [__main__] gate fitting done candidate=avgy
2026-08-15 00:14:46,253 INFO [__main__] experiment done seconds=4.95
2026-08-15 00:14:46,253 INFO [__main__] ========================================================================
2026-08-15T00:14:46+02:00 gates done configuration=6/12 dataset=Traffic model=chronos2 formula=bayes_avgy_shared lags=504 horizon=24 retrieval=instance_euclidean_1_online
2026-08-15 00:14:49,525 INFO [__main__] extraction validation directory=/home/h61084/codes/adapts/outputs/extraction/Solar/24_24/chronos2/instance/euclidean/1/online/run_0 status=complete

2026-08-15T00:14:50+02:00 gates start configuration=7/12 dataset=Solar model=chronos2 formula=catboost_avgy_regressor_shared lags=24 horizon=24 retrieval=instance_euclidean_1_online run=/home/h61084/codes/adapts/outputs/adaptation/l_ablation/Solar/24_24/chronos2/catboost_avgy_regressor_shared/instance/euclidean/1/online/run_0 computation_signature=3c9f6ce06e408d22cbca92ba5efb375aa8ecc3b38398d912e90981c5aea643f3 iterations=300 learning_rate=0.03 depth=4 early_stopping_rounds=50 task_type=CPU thread_count=2 validation_fraction=0.2 seed=1
2026-08-15 00:14:52,852 INFO [__main__] ========================================================================
2026-08-15 00:14:52,852 INFO [__main__] selected methods=('catboost_avgy_regressor_shared',)
2026-08-15 00:14:55,276 INFO [__main__] gate fitting start candidate=avgy
2026-08-15 00:14:57,916 INFO [__main__] gate fitting done candidate=avgy
2026-08-15 00:14:58,552 INFO [__main__] experiment done seconds=5.70
2026-08-15 00:14:58,552 INFO [__main__] ========================================================================
2026-08-15T00:14:59+02:00 gates done configuration=7/12 dataset=Solar model=chronos2 formula=catboost_avgy_regressor_shared lags=24 horizon=24 retrieval=instance_euclidean_1_online

2026-08-15T00:14:59+02:00 gates start configuration=7/12 dataset=Solar model=chronos2 formula=bayes_avgy_shared lags=24 horizon=24 retrieval=instance_euclidean_1_online run=/home/h61084/codes/adapts/outputs/adaptation/l_ablation/Solar/24_24/chronos2/bayes_avgy_shared/instance/euclidean/1/online/run_0 computation_signature=8a4505e5a42913e104bdf1922922421e507ed7effd4945e1f463321a9d0a15b4 iterations=300 learning_rate=0.03 depth=4 early_stopping_rounds=50 task_type=CPU thread_count=2 validation_fraction=0.2 seed=1
2026-08-15 00:15:01,849 INFO [__main__] ========================================================================
2026-08-15 00:15:01,850 INFO [__main__] selected methods=('bayes_avgy_shared',)
2026-08-15 00:15:03,594 INFO [__main__] gate fitting start candidate=avgy
2026-08-15 00:15:03,686 INFO [__main__] gate fitting done candidate=avgy
2026-08-15 00:15:03,713 INFO [__main__] experiment done seconds=1.86
2026-08-15 00:15:03,713 INFO [__main__] ========================================================================
2026-08-15T00:15:04+02:00 gates done configuration=7/12 dataset=Solar model=chronos2 formula=bayes_avgy_shared lags=24 horizon=24 retrieval=instance_euclidean_1_online
2026-08-15 00:15:06,574 INFO [__main__] extraction validation directory=/home/h61084/codes/adapts/outputs/extraction/Solar/168_24/chronos2/instance/euclidean/1/online/run_1 status=complete

2026-08-15T00:15:07+02:00 gates start configuration=8/12 dataset=Solar model=chronos2 formula=catboost_avgy_regressor_shared lags=168 horizon=24 retrieval=instance_euclidean_1_online run=/home/h61084/codes/adapts/outputs/adaptation/l_ablation/Solar/168_24/chronos2/catboost_avgy_regressor_shared/instance/euclidean/1/online/run_0 computation_signature=d1ca7bf5367bf2ffebe478e2be600dbd2de0165a2841dd196c8f2fff14ca4173 iterations=300 learning_rate=0.03 depth=4 early_stopping_rounds=50 task_type=CPU thread_count=2 validation_fraction=0.2 seed=1
2026-08-15 00:15:09,473 INFO [__main__] ========================================================================
2026-08-15 00:15:09,473 INFO [__main__] selected methods=('catboost_avgy_regressor_shared',)
2026-08-15 00:15:11,674 INFO [__main__] gate fitting start candidate=avgy
2026-08-15 00:15:13,104 INFO [__main__] gate fitting done candidate=avgy
2026-08-15 00:15:13,692 INFO [__main__] experiment done seconds=4.22
2026-08-15 00:15:13,692 INFO [__main__] ========================================================================
2026-08-15T00:15:14+02:00 gates done configuration=8/12 dataset=Solar model=chronos2 formula=catboost_avgy_regressor_shared lags=168 horizon=24 retrieval=instance_euclidean_1_online

2026-08-15T00:15:14+02:00 gates start configuration=8/12 dataset=Solar model=chronos2 formula=bayes_avgy_shared lags=168 horizon=24 retrieval=instance_euclidean_1_online run=/home/h61084/codes/adapts/outputs/adaptation/l_ablation/Solar/168_24/chronos2/bayes_avgy_shared/instance/euclidean/1/online/run_0 computation_signature=515eed8fce28e833edcaa6eae08ec278f6406eec6096ddca5edc252a261c3098 iterations=300 learning_rate=0.03 depth=4 early_stopping_rounds=50 task_type=CPU thread_count=2 validation_fraction=0.2 seed=1
2026-08-15 00:15:17,142 INFO [__main__] ========================================================================
2026-08-15 00:15:17,142 INFO [__main__] selected methods=('bayes_avgy_shared',)
2026-08-15 00:15:19,109 INFO [__main__] gate fitting start candidate=avgy
2026-08-15 00:15:19,220 INFO [__main__] gate fitting done candidate=avgy
2026-08-15 00:15:19,376 INFO [__main__] experiment done seconds=2.23
2026-08-15 00:15:19,376 INFO [__main__] ========================================================================
2026-08-15T00:15:19+02:00 gates done configuration=8/12 dataset=Solar model=chronos2 formula=bayes_avgy_shared lags=168 horizon=24 retrieval=instance_euclidean_1_online
2026-08-15 00:15:22,062 INFO [__main__] extraction validation directory=/home/h61084/codes/adapts/outputs/extraction/Solar/504_24/chronos2/instance/euclidean/1/online/run_0 status=complete

2026-08-15T00:15:22+02:00 gates start configuration=9/12 dataset=Solar model=chronos2 formula=catboost_avgy_regressor_shared lags=504 horizon=24 retrieval=instance_euclidean_1_online run=/home/h61084/codes/adapts/outputs/adaptation/l_ablation/Solar/504_24/chronos2/catboost_avgy_regressor_shared/instance/euclidean/1/online/run_0 computation_signature=50f18b0859df1414f33b18b2c2ef7fe996f2d591b2eeb05c748a31ff2c6c1e9f iterations=300 learning_rate=0.03 depth=4 early_stopping_rounds=50 task_type=CPU thread_count=2 validation_fraction=0.2 seed=1
2026-08-15 00:15:25,179 INFO [__main__] ========================================================================
2026-08-15 00:15:25,179 INFO [__main__] selected methods=('catboost_avgy_regressor_shared',)
2026-08-15 00:15:28,523 INFO [__main__] gate fitting start candidate=avgy
2026-08-15 00:15:30,475 INFO [__main__] gate fitting done candidate=avgy
2026-08-15 00:15:31,104 INFO [__main__] experiment done seconds=5.92
2026-08-15 00:15:31,104 INFO [__main__] ========================================================================
2026-08-15T00:15:31+02:00 gates done configuration=9/12 dataset=Solar model=chronos2 formula=catboost_avgy_regressor_shared lags=504 horizon=24 retrieval=instance_euclidean_1_online

2026-08-15T00:15:31+02:00 gates start configuration=9/12 dataset=Solar model=chronos2 formula=bayes_avgy_shared lags=504 horizon=24 retrieval=instance_euclidean_1_online run=/home/h61084/codes/adapts/outputs/adaptation/l_ablation/Solar/504_24/chronos2/bayes_avgy_shared/instance/euclidean/1/online/run_0 computation_signature=52d229740bdc60c9ecd3f32ab3c7b63168617b8950f37e28b1bb3b8bcf9bbb8f iterations=300 learning_rate=0.03 depth=4 early_stopping_rounds=50 task_type=CPU thread_count=2 validation_fraction=0.2 seed=1
2026-08-15 00:15:34,454 INFO [__main__] ========================================================================
2026-08-15 00:15:34,454 INFO [__main__] selected methods=('bayes_avgy_shared',)
2026-08-15 00:15:36,356 INFO [__main__] gate fitting start candidate=avgy
2026-08-15 00:15:36,461 INFO [__main__] gate fitting done candidate=avgy
2026-08-15 00:15:36,493 INFO [__main__] experiment done seconds=2.04
2026-08-15 00:15:36,493 INFO [__main__] ========================================================================
2026-08-15T00:15:36+02:00 gates done configuration=9/12 dataset=Solar model=chronos2 formula=bayes_avgy_shared lags=504 horizon=24 retrieval=instance_euclidean_1_online
2026-08-15 00:15:39,203 INFO [__main__] extraction validation directory=/home/h61084/codes/adapts/outputs/extraction/exchange_rate/24_24/chronos2/instance/euclidean/1/online/run_0 status=complete

2026-08-15T00:15:39+02:00 gates start configuration=10/12 dataset=exchange_rate model=chronos2 formula=catboost_avgy_regressor_shared lags=24 horizon=24 retrieval=instance_euclidean_1_online run=/home/h61084/codes/adapts/outputs/adaptation/l_ablation/exchange_rate/24_24/chronos2/catboost_avgy_regressor_shared/instance/euclidean/1/online/run_0 computation_signature=b89e7b0f2f89a2c82e4ca58596c8090dd4119c70bd45747b5ebec4139b6c193f iterations=300 learning_rate=0.03 depth=4 early_stopping_rounds=50 task_type=CPU thread_count=2 validation_fraction=0.2 seed=1
2026-08-15 00:15:42,267 INFO [__main__] ========================================================================
2026-08-15 00:15:42,267 INFO [__main__] selected methods=('catboost_avgy_regressor_shared',)
2026-08-15 00:15:44,026 INFO [__main__] gate fitting start candidate=avgy
2026-08-15 00:15:45,547 INFO [__main__] gate fitting done candidate=avgy
2026-08-15 00:15:46,173 INFO [__main__] experiment done seconds=3.90
2026-08-15 00:15:46,173 INFO [__main__] ========================================================================
2026-08-15T00:15:46+02:00 gates done configuration=10/12 dataset=exchange_rate model=chronos2 formula=catboost_avgy_regressor_shared lags=24 horizon=24 retrieval=instance_euclidean_1_online

2026-08-15T00:15:47+02:00 gates start configuration=10/12 dataset=exchange_rate model=chronos2 formula=bayes_avgy_shared lags=24 horizon=24 retrieval=instance_euclidean_1_online run=/home/h61084/codes/adapts/outputs/adaptation/l_ablation/exchange_rate/24_24/chronos2/bayes_avgy_shared/instance/euclidean/1/online/run_0 computation_signature=9925ce3219647382fc7a3270be7e2ea61488d8345e68f88f35f864f500a69609 iterations=300 learning_rate=0.03 depth=4 early_stopping_rounds=50 task_type=CPU thread_count=2 validation_fraction=0.2 seed=1
2026-08-15 00:15:49,787 INFO [__main__] ========================================================================
2026-08-15 00:15:49,787 INFO [__main__] selected methods=('bayes_avgy_shared',)
2026-08-15 00:15:51,430 INFO [__main__] gate fitting start candidate=avgy
2026-08-15 00:15:51,503 INFO [__main__] gate fitting done candidate=avgy
2026-08-15 00:15:51,538 INFO [__main__] experiment done seconds=1.74
2026-08-15 00:15:51,538 INFO [__main__] ========================================================================
2026-08-15T00:15:52+02:00 gates done configuration=10/12 dataset=exchange_rate model=chronos2 formula=bayes_avgy_shared lags=24 horizon=24 retrieval=instance_euclidean_1_online
2026-08-15 00:15:54,393 INFO [__main__] extraction validation directory=/home/h61084/codes/adapts/outputs/extraction/exchange_rate/168_24/chronos2/instance/euclidean/1/online/run_1 status=complete

2026-08-15T00:15:54+02:00 gates start configuration=11/12 dataset=exchange_rate model=chronos2 formula=catboost_avgy_regressor_shared lags=168 horizon=24 retrieval=instance_euclidean_1_online run=/home/h61084/codes/adapts/outputs/adaptation/l_ablation/exchange_rate/168_24/chronos2/catboost_avgy_regressor_shared/instance/euclidean/1/online/run_0 computation_signature=59ad8cc47f1723bd385268ebeb02992c243c2226f4f6c923e89388705c5a6342 iterations=300 learning_rate=0.03 depth=4 early_stopping_rounds=50 task_type=CPU thread_count=2 validation_fraction=0.2 seed=1
2026-08-15 00:15:57,478 INFO [__main__] ========================================================================
2026-08-15 00:15:57,478 INFO [__main__] selected methods=('catboost_avgy_regressor_shared',)
2026-08-15 00:15:59,019 INFO [__main__] gate fitting start candidate=avgy
2026-08-15 00:16:00,532 INFO [__main__] gate fitting done candidate=avgy
2026-08-15 00:16:01,253 INFO [__main__] experiment done seconds=3.77
2026-08-15 00:16:01,254 INFO [__main__] ========================================================================
2026-08-15T00:16:01+02:00 gates done configuration=11/12 dataset=exchange_rate model=chronos2 formula=catboost_avgy_regressor_shared lags=168 horizon=24 retrieval=instance_euclidean_1_online

2026-08-15T00:16:02+02:00 gates start configuration=11/12 dataset=exchange_rate model=chronos2 formula=bayes_avgy_shared lags=168 horizon=24 retrieval=instance_euclidean_1_online run=/home/h61084/codes/adapts/outputs/adaptation/l_ablation/exchange_rate/168_24/chronos2/bayes_avgy_shared/instance/euclidean/1/online/run_0 computation_signature=68e5c2a435a2ef031093b018c0c581635cf46b5633a4a308f02e61a70abfe3dd iterations=300 learning_rate=0.03 depth=4 early_stopping_rounds=50 task_type=CPU thread_count=2 validation_fraction=0.2 seed=1
2026-08-15 00:16:04,389 INFO [__main__] ========================================================================
2026-08-15 00:16:04,389 INFO [__main__] selected methods=('bayes_avgy_shared',)
2026-08-15 00:16:05,946 INFO [__main__] gate fitting start candidate=avgy
2026-08-15 00:16:06,009 INFO [__main__] gate fitting done candidate=avgy
2026-08-15 00:16:06,040 INFO [__main__] experiment done seconds=1.65
2026-08-15 00:16:06,040 INFO [__main__] ========================================================================
2026-08-15T00:16:06+02:00 gates done configuration=11/12 dataset=exchange_rate model=chronos2 formula=bayes_avgy_shared lags=168 horizon=24 retrieval=instance_euclidean_1_online
2026-08-15 00:16:08,767 INFO [__main__] extraction validation directory=/home/h61084/codes/adapts/outputs/extraction/exchange_rate/504_24/chronos2/instance/euclidean/1/online/run_0 status=complete

2026-08-15T00:16:09+02:00 gates start configuration=12/12 dataset=exchange_rate model=chronos2 formula=catboost_avgy_regressor_shared lags=504 horizon=24 retrieval=instance_euclidean_1_online run=/home/h61084/codes/adapts/outputs/adaptation/l_ablation/exchange_rate/504_24/chronos2/catboost_avgy_regressor_shared/instance/euclidean/1/online/run_0 computation_signature=f1b35c95824eb04ae3f70f63111b878641da841f133c6907f20786faeff201f1 iterations=300 learning_rate=0.03 depth=4 early_stopping_rounds=50 task_type=CPU thread_count=2 validation_fraction=0.2 seed=1
2026-08-15 00:16:11,842 INFO [__main__] ========================================================================
2026-08-15 00:16:11,842 INFO [__main__] selected methods=('catboost_avgy_regressor_shared',)
2026-08-15 00:16:14,059 INFO [__main__] gate fitting start candidate=avgy
2026-08-15 00:16:15,466 INFO [__main__] gate fitting done candidate=avgy
2026-08-15 00:16:16,165 INFO [__main__] experiment done seconds=4.32
2026-08-15 00:16:16,165 INFO [__main__] ========================================================================
2026-08-15T00:16:16+02:00 gates done configuration=12/12 dataset=exchange_rate model=chronos2 formula=catboost_avgy_regressor_shared lags=504 horizon=24 retrieval=instance_euclidean_1_online

2026-08-15T00:16:17+02:00 gates start configuration=12/12 dataset=exchange_rate model=chronos2 formula=bayes_avgy_shared lags=504 horizon=24 retrieval=instance_euclidean_1_online run=/home/h61084/codes/adapts/outputs/adaptation/l_ablation/exchange_rate/504_24/chronos2/bayes_avgy_shared/instance/euclidean/1/online/run_0 computation_signature=798291286d7797f94e8b9bd151ae7c3a1f5859605676881ee8dfe04e857e077c iterations=300 learning_rate=0.03 depth=4 early_stopping_rounds=50 task_type=CPU thread_count=2 validation_fraction=0.2 seed=1
2026-08-15 00:16:19,386 INFO [__main__] ========================================================================
2026-08-15 00:16:19,387 INFO [__main__] selected methods=('bayes_avgy_shared',)
2026-08-15 00:16:21,300 INFO [__main__] gate fitting start candidate=avgy
2026-08-15 00:16:21,374 INFO [__main__] gate fitting done candidate=avgy
2026-08-15 00:16:21,405 INFO [__main__] experiment done seconds=2.02
2026-08-15 00:16:21,405 INFO [__main__] ========================================================================
2026-08-15T00:16:21+02:00 gates done configuration=12/12 dataset=exchange_rate model=chronos2 formula=bayes_avgy_shared lags=504 horizon=24 retrieval=instance_euclidean_1_online

2026-08-15T00:16:21+02:00 job done kind=gates output=outputs/adaptation/l_ablation

2026-08-15T00:16:21+02:00 job start kind=adaptation_extraction family=l_ablation experiment_mode=full skip_complete=true tasks=24 datasets=Electricity,Traffic,Solar,exchange_rate models=chronos2 settings=24:24,168:24,504:24 distance_spaces=raw distance_metrics=euclidean neighbors=3
2026-08-15T00:16:22+02:00 skip complete family=extraction dataset=Electricity model=chronos2 lags=24 horizon=24 retrieval=vanilla run=/home/h61084/codes/adapts/outputs/extraction/Electricity/24_24/chronos2/none/none/0/none/run_0

2026-08-15T00:16:22+02:00 extraction start configuration=2/24 dataset=Electricity model=chronos2 lags=24 horizon=24 retrieval=raw_euclidean_3_online run=/home/h61084/codes/adapts/outputs/extraction/Electricity/24_24/chronos2/raw/euclidean/3/online/run_0 computation_signature=611282f396c47de9210dcc56213efb102179ba06e07f7033e4d2e371d6ed6006 period=24 align_period=false datastore_stride=25 adapt_stride=25 eval_stride=127 max_store_windows=30000 seed=1
2026-08-15 00:16:24,680 INFO [__main__] ========================================================================
2026-08-15 00:16:24,680 INFO [__main__] experiment start kind=extraction dataset=Electricity model=chronos2 lags=24 horizon=24 neighbors=3 distance=raw/euclidean
2026-08-15 00:16:24,943 INFO [__main__] dataset load start
2026-08-15 00:16:24,945 INFO [src.data.load_dataset] loaded dataset config path=/home/h61084/codes/datasets/electricity/config.json keys=['aggr', 'date_col', 'drop_users']
2026-08-15 00:16:25,673 INFO [__main__] dataset load done dates=26304 users=312
2026-08-15 00:16:25,674 INFO [__main__] model load start
2026-08-15 00:16:38,636 INFO [__main__] model load done name=chronos2 device=cuda parameters_total=119,477,664 parameters_trainable=0
2026-08-15 00:16:38,639 INFO [__main__] extraction start split=adapt queries=526
2026-08-15 00:20:34,842 INFO [__main__] extraction done split=adapt
2026-08-15 00:20:34,842 INFO [__main__] extraction start split=eval queries=42
2026-08-15 00:20:54,260 INFO [__main__] extraction done split=eval
2026-08-15 00:20:55,041 INFO [__main__] completion marker saved path=/home/h61084/codes/adapts/outputs/extraction/Electricity/24_24/chronos2/raw/euclidean/3/online/run_0/extraction_manifest.json
2026-08-15 00:20:55,042 INFO [__main__] outputs saved dir=/home/h61084/codes/adapts/outputs/extraction/Electricity/24_24/chronos2/raw/euclidean/3/online/run_0
2026-08-15 00:20:55,042 INFO [__main__] experiment done seconds=270.36
2026-08-15 00:20:55,043 INFO [__main__] ========================================================================
2026-08-15 00:20:58,384 INFO [__main__] extraction validation directory=/home/h61084/codes/adapts/outputs/extraction/Electricity/24_24/chronos2/raw/euclidean/3/online/run_0 status=complete
2026-08-15T00:20:58+02:00 extraction done configuration=2/24 dataset=Electricity model=chronos2 lags=24 horizon=24 retrieval=raw_euclidean_3_online
2026-08-15T00:20:58+02:00 skip complete family=extraction dataset=Electricity model=chronos2 lags=168 horizon=24 retrieval=vanilla run=/home/h61084/codes/adapts/outputs/extraction/Electricity/168_24/chronos2/none/none/0/none/run_1
2026-08-15T00:20:58+02:00 skip complete family=extraction dataset=Electricity model=chronos2 lags=168 horizon=24 retrieval=raw_euclidean_3_online run=/home/h61084/codes/adapts/outputs/extraction/Electricity/168_24/chronos2/raw/euclidean/3/online/run_1
2026-08-15T00:20:59+02:00 skip complete family=extraction dataset=Electricity model=chronos2 lags=504 horizon=24 retrieval=vanilla run=/home/h61084/codes/adapts/outputs/extraction/Electricity/504_24/chronos2/none/none/0/none/run_0

2026-08-15T00:20:59+02:00 extraction start configuration=6/24 dataset=Electricity model=chronos2 lags=504 horizon=24 retrieval=raw_euclidean_3_online run=/home/h61084/codes/adapts/outputs/extraction/Electricity/504_24/chronos2/raw/euclidean/3/online/run_0 computation_signature=5f27b486c29cb5ed833d3f84c3034eaf8955d23399ced046c72c734180f1e29c period=24 align_period=false datastore_stride=25 adapt_stride=25 eval_stride=127 max_store_windows=30000 seed=1
2026-08-15 00:21:01,700 INFO [__main__] ========================================================================
2026-08-15 00:21:01,700 INFO [__main__] experiment start kind=extraction dataset=Electricity model=chronos2 lags=504 horizon=24 neighbors=3 distance=raw/euclidean
2026-08-15 00:21:01,991 INFO [__main__] dataset load start
2026-08-15 00:21:01,993 INFO [src.data.load_dataset] loaded dataset config path=/home/h61084/codes/datasets/electricity/config.json keys=['aggr', 'date_col', 'drop_users']
2026-08-15 00:21:02,688 INFO [__main__] dataset load done dates=26304 users=312
2026-08-15 00:21:02,688 INFO [__main__] model load start
2026-08-15 00:21:14,622 INFO [__main__] model load done name=chronos2 device=cuda parameters_total=119,477,664 parameters_trainable=0
2026-08-15 00:21:14,625 INFO [__main__] extraction start split=adapt queries=526
2026-08-15 00:32:18,994 INFO [__main__] extraction done split=adapt
2026-08-15 00:32:18,994 INFO [__main__] extraction start split=eval queries=42
2026-08-15 00:33:11,172 INFO [__main__] extraction done split=eval
2026-08-15 00:33:12,170 INFO [__main__] completion marker saved path=/home/h61084/codes/adapts/outputs/extraction/Electricity/504_24/chronos2/raw/euclidean/3/online/run_0/extraction_manifest.json
2026-08-15 00:33:12,171 INFO [__main__] outputs saved dir=/home/h61084/codes/adapts/outputs/extraction/Electricity/504_24/chronos2/raw/euclidean/3/online/run_0
2026-08-15 00:33:12,171 INFO [__main__] experiment done seconds=730.46
2026-08-15 00:33:12,171 INFO [__main__] ========================================================================
2026-08-15 00:33:15,393 INFO [__main__] extraction validation directory=/home/h61084/codes/adapts/outputs/extraction/Electricity/504_24/chronos2/raw/euclidean/3/online/run_0 status=complete
2026-08-15T00:33:15+02:00 extraction done configuration=6/24 dataset=Electricity model=chronos2 lags=504 horizon=24 retrieval=raw_euclidean_3_online
2026-08-15T00:33:15+02:00 skip complete family=extraction dataset=Traffic model=chronos2 lags=24 horizon=24 retrieval=vanilla run=/home/h61084/codes/adapts/outputs/extraction/Traffic/24_24/chronos2/none/none/0/none/run_0

2026-08-15T00:33:16+02:00 extraction start configuration=8/24 dataset=Traffic model=chronos2 lags=24 horizon=24 retrieval=raw_euclidean_3_online run=/home/h61084/codes/adapts/outputs/extraction/Traffic/24_24/chronos2/raw/euclidean/3/online/run_0 computation_signature=41c68dbed6aaecb5f8d77a4725a2f3b5c101e9d93ed55e58f8b8ba9b0148619b period=24 align_period=false datastore_stride=25 adapt_stride=25 eval_stride=127 max_store_windows=30000 seed=1
2026-08-15 00:33:18,848 INFO [__main__] ========================================================================
2026-08-15 00:33:18,849 INFO [__main__] experiment start kind=extraction dataset=Traffic model=chronos2 lags=24 horizon=24 neighbors=3 distance=raw/euclidean
2026-08-15 00:33:19,117 INFO [__main__] dataset load start
2026-08-15 00:33:19,119 INFO [src.data.load_dataset] loaded dataset config path=/home/h61084/codes/datasets/traffic/config.json keys=['aggr', 'date_col', 'drop_users']
2026-08-15 00:33:20,312 INFO [__main__] dataset load done dates=17544 users=860
2026-08-15 00:33:20,312 INFO [__main__] model load start
2026-08-15 00:33:33,194 INFO [__main__] model load done name=chronos2 device=cuda parameters_total=119,477,664 parameters_trainable=0
2026-08-15 00:33:33,196 INFO [__main__] extraction start split=adapt queries=350
2026-08-15 00:40:39,612 INFO [__main__] extraction done split=adapt
2026-08-15 00:40:39,612 INFO [__main__] extraction start split=eval queries=28
2026-08-15 00:41:13,998 INFO [__main__] extraction done split=eval
2026-08-15 00:41:14,765 INFO [__main__] completion marker saved path=/home/h61084/codes/adapts/outputs/extraction/Traffic/24_24/chronos2/raw/euclidean/3/online/run_0/extraction_manifest.json
2026-08-15 00:41:14,765 INFO [__main__] outputs saved dir=/home/h61084/codes/adapts/outputs/extraction/Traffic/24_24/chronos2/raw/euclidean/3/online/run_0
2026-08-15 00:41:14,765 INFO [__main__] experiment done seconds=475.91
2026-08-15 00:41:14,765 INFO [__main__] ========================================================================
2026-08-15 00:41:17,530 INFO [__main__] extraction validation directory=/home/h61084/codes/adapts/outputs/extraction/Traffic/24_24/chronos2/raw/euclidean/3/online/run_0 status=complete
2026-08-15T00:41:17+02:00 extraction done configuration=8/24 dataset=Traffic model=chronos2 lags=24 horizon=24 retrieval=raw_euclidean_3_online
2026-08-15T00:41:17+02:00 skip complete family=extraction dataset=Traffic model=chronos2 lags=168 horizon=24 retrieval=vanilla run=/home/h61084/codes/adapts/outputs/extraction/Traffic/168_24/chronos2/none/none/0/none/run_1
2026-08-15T00:41:18+02:00 skip complete family=extraction dataset=Traffic model=chronos2 lags=168 horizon=24 retrieval=raw_euclidean_3_online run=/home/h61084/codes/adapts/outputs/extraction/Traffic/168_24/chronos2/raw/euclidean/3/online/run_1
2026-08-15T00:41:18+02:00 skip complete family=extraction dataset=Traffic model=chronos2 lags=504 horizon=24 retrieval=vanilla run=/home/h61084/codes/adapts/outputs/extraction/Traffic/504_24/chronos2/none/none/0/none/run_0

2026-08-15T00:41:18+02:00 extraction start configuration=12/24 dataset=Traffic model=chronos2 lags=504 horizon=24 retrieval=raw_euclidean_3_online run=/home/h61084/codes/adapts/outputs/extraction/Traffic/504_24/chronos2/raw/euclidean/3/online/run_0 computation_signature=18f4ce08ee7be441e6e242c7e834a5787d7f6a1e5c9c91b5822acb7c9bc8df58 period=24 align_period=false datastore_stride=25 adapt_stride=25 eval_stride=127 max_store_windows=30000 seed=1
2026-08-15 00:41:20,692 INFO [__main__] ========================================================================
2026-08-15 00:41:20,692 INFO [__main__] experiment start kind=extraction dataset=Traffic model=chronos2 lags=504 horizon=24 neighbors=3 distance=raw/euclidean
2026-08-15 00:41:21,015 INFO [__main__] dataset load start
2026-08-15 00:41:21,016 INFO [src.data.load_dataset] loaded dataset config path=/home/h61084/codes/datasets/traffic/config.json keys=['aggr', 'date_col', 'drop_users']
2026-08-15 00:41:22,180 INFO [__main__] dataset load done dates=17544 users=860
2026-08-15 00:41:22,181 INFO [__main__] model load start
2026-08-15 00:41:29,863 INFO [__main__] model load done name=chronos2 device=cuda parameters_total=119,477,664 parameters_trainable=0
2026-08-15 00:41:29,865 INFO [__main__] extraction start split=adapt queries=350
2026-08-15 00:59:08,242 INFO [__main__] extraction done split=adapt
2026-08-15 00:59:08,242 INFO [__main__] extraction start split=eval queries=28
2026-08-15 01:00:36,223 INFO [__main__] extraction done split=eval
2026-08-15 01:00:37,269 INFO [__main__] completion marker saved path=/home/h61084/codes/adapts/outputs/extraction/Traffic/504_24/chronos2/raw/euclidean/3/online/run_0/extraction_manifest.json
2026-08-15 01:00:37,270 INFO [__main__] outputs saved dir=/home/h61084/codes/adapts/outputs/extraction/Traffic/504_24/chronos2/raw/euclidean/3/online/run_0
2026-08-15 01:00:37,270 INFO [__main__] experiment done seconds=1156.57
2026-08-15 01:00:37,270 INFO [__main__] ========================================================================
2026-08-15 01:00:40,763 INFO [__main__] extraction validation directory=/home/h61084/codes/adapts/outputs/extraction/Traffic/504_24/chronos2/raw/euclidean/3/online/run_0 status=complete
2026-08-15T01:00:41+02:00 extraction done configuration=12/24 dataset=Traffic model=chronos2 lags=504 horizon=24 retrieval=raw_euclidean_3_online
2026-08-15T01:00:41+02:00 skip complete family=extraction dataset=Solar model=chronos2 lags=24 horizon=24 retrieval=vanilla run=/home/h61084/codes/adapts/outputs/extraction/Solar/24_24/chronos2/none/none/0/none/run_0

2026-08-15T01:00:41+02:00 extraction start configuration=14/24 dataset=Solar model=chronos2 lags=24 horizon=24 retrieval=raw_euclidean_3_online run=/home/h61084/codes/adapts/outputs/extraction/Solar/24_24/chronos2/raw/euclidean/3/online/run_0 computation_signature=070dc61e7097d6b56ab4a183ff437e7ac7623e35c30a3c43148c8aa7a095c2ba period=24 align_period=false datastore_stride=25 adapt_stride=25 eval_stride=127 max_store_windows=30000 seed=1
2026-08-15 01:00:43,897 INFO [__main__] ========================================================================
2026-08-15 01:00:43,897 INFO [__main__] experiment start kind=extraction dataset=Solar model=chronos2 lags=24 horizon=24 neighbors=3 distance=raw/euclidean
2026-08-15 01:00:44,151 INFO [__main__] dataset load start
2026-08-15 01:00:44,153 INFO [src.data.load_dataset] loaded dataset config path=/home/h61084/codes/datasets/solar/config.json keys=['aggr', 'date_col', 'drop_users']
2026-08-15 01:00:44,565 INFO [__main__] dataset load done dates=8760 users=137
2026-08-15 01:00:44,565 INFO [__main__] model load start
2026-08-15 01:00:59,370 INFO [__main__] model load done name=chronos2 device=cuda parameters_total=119,477,664 parameters_trainable=0
2026-08-15 01:00:59,371 INFO [__main__] extraction start split=adapt queries=175
2026-08-15 01:01:36,553 INFO [__main__] extraction done split=adapt
2026-08-15 01:01:36,553 INFO [__main__] extraction start split=eval queries=14
2026-08-15 01:01:39,350 INFO [__main__] extraction done split=eval
2026-08-15 01:01:39,884 INFO [__main__] completion marker saved path=/home/h61084/codes/adapts/outputs/extraction/Solar/24_24/chronos2/raw/euclidean/3/online/run_0/extraction_manifest.json
2026-08-15 01:01:39,884 INFO [__main__] outputs saved dir=/home/h61084/codes/adapts/outputs/extraction/Solar/24_24/chronos2/raw/euclidean/3/online/run_0
2026-08-15 01:01:39,884 INFO [__main__] experiment done seconds=55.98
2026-08-15 01:01:39,884 INFO [__main__] ========================================================================
2026-08-15 01:01:43,312 INFO [__main__] extraction validation directory=/home/h61084/codes/adapts/outputs/extraction/Solar/24_24/chronos2/raw/euclidean/3/online/run_0 status=complete
2026-08-15T01:01:43+02:00 extraction done configuration=14/24 dataset=Solar model=chronos2 lags=24 horizon=24 retrieval=raw_euclidean_3_online
2026-08-15T01:01:43+02:00 skip complete family=extraction dataset=Solar model=chronos2 lags=168 horizon=24 retrieval=vanilla run=/home/h61084/codes/adapts/outputs/extraction/Solar/168_24/chronos2/none/none/0/none/run_1
2026-08-15T01:01:43+02:00 skip complete family=extraction dataset=Solar model=chronos2 lags=168 horizon=24 retrieval=raw_euclidean_3_online run=/home/h61084/codes/adapts/outputs/extraction/Solar/168_24/chronos2/raw/euclidean/3/online/run_1
2026-08-15T01:01:44+02:00 skip complete family=extraction dataset=Solar model=chronos2 lags=504 horizon=24 retrieval=vanilla run=/home/h61084/codes/adapts/outputs/extraction/Solar/504_24/chronos2/none/none/0/none/run_0

2026-08-15T01:01:44+02:00 extraction start configuration=18/24 dataset=Solar model=chronos2 lags=504 horizon=24 retrieval=raw_euclidean_3_online run=/home/h61084/codes/adapts/outputs/extraction/Solar/504_24/chronos2/raw/euclidean/3/online/run_0 computation_signature=a1b8e5b2123cc62a950517324790424dc157423666b821b808335a20e8faced8 period=24 align_period=false datastore_stride=25 adapt_stride=25 eval_stride=127 max_store_windows=30000 seed=1
2026-08-15 01:01:46,894 INFO [__main__] ========================================================================
2026-08-15 01:01:46,894 INFO [__main__] experiment start kind=extraction dataset=Solar model=chronos2 lags=504 horizon=24 neighbors=3 distance=raw/euclidean
2026-08-15 01:01:47,184 INFO [__main__] dataset load start
2026-08-15 01:01:47,186 INFO [src.data.load_dataset] loaded dataset config path=/home/h61084/codes/datasets/solar/config.json keys=['aggr', 'date_col', 'drop_users']
2026-08-15 01:01:47,592 INFO [__main__] dataset load done dates=8760 users=137
2026-08-15 01:01:47,592 INFO [__main__] model load start
2026-08-15 01:01:57,276 INFO [__main__] model load done name=chronos2 device=cuda parameters_total=119,477,664 parameters_trainable=0
2026-08-15 01:01:57,277 INFO [__main__] extraction start split=adapt queries=175
2026-08-15 01:03:45,338 INFO [__main__] extraction done split=adapt
2026-08-15 01:03:45,338 INFO [__main__] extraction start split=eval queries=14
2026-08-15 01:03:53,903 INFO [__main__] extraction done split=eval
2026-08-15 01:03:54,474 INFO [__main__] completion marker saved path=/home/h61084/codes/adapts/outputs/extraction/Solar/504_24/chronos2/raw/euclidean/3/online/run_0/extraction_manifest.json
2026-08-15 01:03:54,474 INFO [__main__] outputs saved dir=/home/h61084/codes/adapts/outputs/extraction/Solar/504_24/chronos2/raw/euclidean/3/online/run_0
2026-08-15 01:03:54,474 INFO [__main__] experiment done seconds=127.58
2026-08-15 01:03:54,475 INFO [__main__] ========================================================================
2026-08-15 01:03:57,363 INFO [__main__] extraction validation directory=/home/h61084/codes/adapts/outputs/extraction/Solar/504_24/chronos2/raw/euclidean/3/online/run_0 status=complete
2026-08-15T01:03:57+02:00 extraction done configuration=18/24 dataset=Solar model=chronos2 lags=504 horizon=24 retrieval=raw_euclidean_3_online
2026-08-15T01:03:57+02:00 skip complete family=extraction dataset=exchange_rate model=chronos2 lags=24 horizon=24 retrieval=vanilla run=/home/h61084/codes/adapts/outputs/extraction/exchange_rate/24_24/chronos2/none/none/0/none/run_0

2026-08-15T01:03:58+02:00 extraction start configuration=20/24 dataset=exchange_rate model=chronos2 lags=24 horizon=24 retrieval=raw_euclidean_3_online run=/home/h61084/codes/adapts/outputs/extraction/exchange_rate/24_24/chronos2/raw/euclidean/3/online/run_0 computation_signature=c291f4ae56bd6ac60add7a99968bf31ce5df1de44062355ca944bf7408faa064 period=24 align_period=false datastore_stride=25 adapt_stride=25 eval_stride=127 max_store_windows=30000 seed=1
2026-08-15 01:04:02,955 INFO [__main__] ========================================================================
2026-08-15 01:04:02,955 INFO [__main__] experiment start kind=extraction dataset=exchange_rate model=chronos2 lags=24 horizon=24 neighbors=3 distance=raw/euclidean
2026-08-15 01:04:03,205 INFO [__main__] dataset load start
2026-08-15 01:04:03,207 INFO [src.data.load_dataset] loaded dataset config path=/home/h61084/codes/datasets/exchange_rate/config.json keys=['aggr', 'date_col', 'drop_users']
2026-08-15 01:04:03,226 INFO [__main__] dataset load done dates=7588 users=8
2026-08-15 01:04:03,226 INFO [__main__] model load start
2026-08-15 01:04:15,275 INFO [__main__] model load done name=chronos2 device=cuda parameters_total=119,477,664 parameters_trainable=0
2026-08-15 01:04:15,276 INFO [__main__] extraction start split=adapt queries=151
2026-08-15 01:04:22,555 INFO [__main__] extraction done split=adapt
2026-08-15 01:04:22,555 INFO [__main__] extraction start split=eval queries=12
2026-08-15 01:04:23,100 INFO [__main__] extraction done split=eval
2026-08-15 01:04:23,710 INFO [__main__] completion marker saved path=/home/h61084/codes/adapts/outputs/extraction/exchange_rate/24_24/chronos2/raw/euclidean/3/online/run_0/extraction_manifest.json
2026-08-15 01:04:23,710 INFO [__main__] outputs saved dir=/home/h61084/codes/adapts/outputs/extraction/exchange_rate/24_24/chronos2/raw/euclidean/3/online/run_0
2026-08-15 01:04:23,710 INFO [__main__] experiment done seconds=20.75
2026-08-15 01:04:23,710 INFO [__main__] ========================================================================
2026-08-15 01:04:26,717 INFO [__main__] extraction validation directory=/home/h61084/codes/adapts/outputs/extraction/exchange_rate/24_24/chronos2/raw/euclidean/3/online/run_0 status=complete
2026-08-15T01:04:27+02:00 extraction done configuration=20/24 dataset=exchange_rate model=chronos2 lags=24 horizon=24 retrieval=raw_euclidean_3_online
2026-08-15T01:04:27+02:00 skip complete family=extraction dataset=exchange_rate model=chronos2 lags=168 horizon=24 retrieval=vanilla run=/home/h61084/codes/adapts/outputs/extraction/exchange_rate/168_24/chronos2/none/none/0/none/run_1
2026-08-15T01:04:27+02:00 skip complete family=extraction dataset=exchange_rate model=chronos2 lags=168 horizon=24 retrieval=raw_euclidean_3_online run=/home/h61084/codes/adapts/outputs/extraction/exchange_rate/168_24/chronos2/raw/euclidean/3/online/run_1
2026-08-15T01:04:27+02:00 skip complete family=extraction dataset=exchange_rate model=chronos2 lags=504 horizon=24 retrieval=vanilla run=/home/h61084/codes/adapts/outputs/extraction/exchange_rate/504_24/chronos2/none/none/0/none/run_0

2026-08-15T01:04:27+02:00 extraction start configuration=24/24 dataset=exchange_rate model=chronos2 lags=504 horizon=24 retrieval=raw_euclidean_3_online run=/home/h61084/codes/adapts/outputs/extraction/exchange_rate/504_24/chronos2/raw/euclidean/3/online/run_0 computation_signature=72bf7c7522eb747515083daea296e9b21eb2c22d9234ced5f213b4eaae496167 period=24 align_period=false datastore_stride=25 adapt_stride=25 eval_stride=127 max_store_windows=30000 seed=1
2026-08-15 01:04:29,891 INFO [__main__] ========================================================================
2026-08-15 01:04:29,891 INFO [__main__] experiment start kind=extraction dataset=exchange_rate model=chronos2 lags=504 horizon=24 neighbors=3 distance=raw/euclidean
2026-08-15 01:04:30,131 INFO [__main__] dataset load start
2026-08-15 01:04:30,133 INFO [src.data.load_dataset] loaded dataset config path=/home/h61084/codes/datasets/exchange_rate/config.json keys=['aggr', 'date_col', 'drop_users']
2026-08-15 01:04:30,149 INFO [__main__] dataset load done dates=7588 users=8
2026-08-15 01:04:30,149 INFO [__main__] model load start
2026-08-15 01:04:38,737 INFO [__main__] model load done name=chronos2 device=cuda parameters_total=119,477,664 parameters_trainable=0
2026-08-15 01:04:38,738 INFO [__main__] extraction start split=adapt queries=151
2026-08-15 01:04:47,435 INFO [__main__] extraction done split=adapt
2026-08-15 01:04:47,435 INFO [__main__] extraction start split=eval queries=12
2026-08-15 01:04:48,122 INFO [__main__] extraction done split=eval
2026-08-15 01:04:48,725 INFO [__main__] completion marker saved path=/home/h61084/codes/adapts/outputs/extraction/exchange_rate/504_24/chronos2/raw/euclidean/3/online/run_0/extraction_manifest.json
2026-08-15 01:04:48,725 INFO [__main__] outputs saved dir=/home/h61084/codes/adapts/outputs/extraction/exchange_rate/504_24/chronos2/raw/euclidean/3/online/run_0
2026-08-15 01:04:48,725 INFO [__main__] experiment done seconds=18.83
2026-08-15 01:04:48,725 INFO [__main__] ========================================================================
2026-08-15 01:04:51,805 INFO [__main__] extraction validation directory=/home/h61084/codes/adapts/outputs/extraction/exchange_rate/504_24/chronos2/raw/euclidean/3/online/run_0 status=complete
2026-08-15T01:04:52+02:00 extraction done configuration=24/24 dataset=exchange_rate model=chronos2 lags=504 horizon=24 retrieval=raw_euclidean_3_online

2026-08-15T01:04:52+02:00 job done kind=adaptation_extraction output=outputs/extraction

2026-08-15T01:04:52+02:00 job start kind=baselines family=l_ablation experiment_mode=full skip_complete=true tasks=12 datasets=Electricity,Traffic,Solar,exchange_rate models=chronos2 settings=24:24,168:24,504:24 distance_spaces=raw distance_metrics=euclidean neighbors=3 methods=full_ridge_shared results_root=outputs/adaptation/l_ablation
2026-08-15 01:04:54,510 INFO [__main__] extraction validation directory=/home/h61084/codes/adapts/outputs/extraction/Electricity/24_24/chronos2/raw/euclidean/3/online/run_0 status=complete

2026-08-15T01:04:55+02:00 baselines start configuration=1/12 dataset=Electricity model=chronos2 formula=full_ridge_shared lags=24 horizon=24 retrieval=raw_euclidean_3_online run=/home/h61084/codes/adapts/outputs/adaptation/l_ablation/Electricity/24_24/chronos2/full_ridge_shared/raw/euclidean/3/online/run_0 computation_signature=628ab25e2f0f1a723258e929d9afc3918f9687f4d71003672e195986c74037b3 l2_grid=0,1e-6,1e-5,1e-4,1e-3,1e-2,1e-1,1,10 validation_fraction=0.2 fit_baselines_on_eval=false seed=1
2026-08-15 01:04:57,656 INFO [__main__] ========================================================================
2026-08-15 01:04:57,656 INFO [__main__] selected methods=('full_ridge_shared',)
2026-08-15 01:05:02,276 INFO [__main__] baseline selection start l2_grid=(0.0, 1e-06, 1e-05, 0.0001, 0.001, 0.01, 0.1, 1.0, 10.0)
2026-08-15 01:05:03,023 INFO [__main__] baseline selection done
2026-08-15 01:05:03,046 INFO [__main__] experiment done seconds=5.39
2026-08-15 01:05:03,046 INFO [__main__] ========================================================================
2026-08-15T01:05:03+02:00 baselines done configuration=1/12 dataset=Electricity model=chronos2 formula=full_ridge_shared lags=24 horizon=24 retrieval=raw_euclidean_3_online
2026-08-15 01:05:05,957 INFO [__main__] extraction validation directory=/home/h61084/codes/adapts/outputs/extraction/Electricity/168_24/chronos2/raw/euclidean/3/online/run_1 status=complete

2026-08-15T01:05:06+02:00 baselines start configuration=2/12 dataset=Electricity model=chronos2 formula=full_ridge_shared lags=168 horizon=24 retrieval=raw_euclidean_3_online run=/home/h61084/codes/adapts/outputs/adaptation/l_ablation/Electricity/168_24/chronos2/full_ridge_shared/raw/euclidean/3/online/run_0 computation_signature=c573add486e1e799de2e39ce70c0e548df9333313b8e7063189fe6f0a054de61 l2_grid=0,1e-6,1e-5,1e-4,1e-3,1e-2,1e-1,1,10 validation_fraction=0.2 fit_baselines_on_eval=false seed=1
2026-08-15 01:05:09,134 INFO [__main__] ========================================================================
2026-08-15 01:05:09,134 INFO [__main__] selected methods=('full_ridge_shared',)
2026-08-15 01:05:11,697 INFO [__main__] baseline selection start l2_grid=(0.0, 1e-06, 1e-05, 0.0001, 0.001, 0.01, 0.1, 1.0, 10.0)
2026-08-15 01:05:12,751 INFO [__main__] baseline selection done
2026-08-15 01:05:12,775 INFO [__main__] experiment done seconds=3.64
2026-08-15 01:05:12,775 INFO [__main__] ========================================================================
2026-08-15T01:05:13+02:00 baselines done configuration=2/12 dataset=Electricity model=chronos2 formula=full_ridge_shared lags=168 horizon=24 retrieval=raw_euclidean_3_online
2026-08-15 01:05:15,473 INFO [__main__] extraction validation directory=/home/h61084/codes/adapts/outputs/extraction/Electricity/504_24/chronos2/raw/euclidean/3/online/run_0 status=complete

2026-08-15T01:05:16+02:00 baselines start configuration=3/12 dataset=Electricity model=chronos2 formula=full_ridge_shared lags=504 horizon=24 retrieval=raw_euclidean_3_online run=/home/h61084/codes/adapts/outputs/adaptation/l_ablation/Electricity/504_24/chronos2/full_ridge_shared/raw/euclidean/3/online/run_0 computation_signature=1baa6be5ff6043b5d25a6bf28049932ea21b51dc10af8777d0ce878fc6ecbc07 l2_grid=0,1e-6,1e-5,1e-4,1e-3,1e-2,1e-1,1,10 validation_fraction=0.2 fit_baselines_on_eval=false seed=1
2026-08-15 01:05:18,669 INFO [__main__] ========================================================================
2026-08-15 01:05:18,669 INFO [__main__] selected methods=('full_ridge_shared',)
2026-08-15 01:05:36,150 INFO [__main__] baseline selection start l2_grid=(0.0, 1e-06, 1e-05, 0.0001, 0.001, 0.01, 0.1, 1.0, 10.0)
2026-08-15 01:05:37,206 INFO [__main__] baseline selection done
2026-08-15 01:05:37,228 INFO [__main__] experiment done seconds=18.56
2026-08-15 01:05:37,228 INFO [__main__] ========================================================================
2026-08-15T01:05:37+02:00 baselines done configuration=3/12 dataset=Electricity model=chronos2 formula=full_ridge_shared lags=504 horizon=24 retrieval=raw_euclidean_3_online
2026-08-15 01:05:40,010 INFO [__main__] extraction validation directory=/home/h61084/codes/adapts/outputs/extraction/Traffic/24_24/chronos2/raw/euclidean/3/online/run_0 status=complete

2026-08-15T01:05:40+02:00 baselines start configuration=4/12 dataset=Traffic model=chronos2 formula=full_ridge_shared lags=24 horizon=24 retrieval=raw_euclidean_3_online run=/home/h61084/codes/adapts/outputs/adaptation/l_ablation/Traffic/24_24/chronos2/full_ridge_shared/raw/euclidean/3/online/run_0 computation_signature=a2343fa636a3fda5c24fa7709817f1a1de90bb13cd9d31e66bb168085e0b8f9a l2_grid=0,1e-6,1e-5,1e-4,1e-3,1e-2,1e-1,1,10 validation_fraction=0.2 fit_baselines_on_eval=false seed=1
2026-08-15 01:05:43,188 INFO [__main__] ========================================================================
2026-08-15 01:05:43,188 INFO [__main__] selected methods=('full_ridge_shared',)
2026-08-15 01:05:49,906 INFO [__main__] baseline selection start l2_grid=(0.0, 1e-06, 1e-05, 0.0001, 0.001, 0.01, 0.1, 1.0, 10.0)
2026-08-15 01:05:51,716 INFO [__main__] baseline selection done
2026-08-15 01:05:51,739 INFO [__main__] experiment done seconds=8.55
2026-08-15 01:05:51,739 INFO [__main__] ========================================================================
2026-08-15T01:05:52+02:00 baselines done configuration=4/12 dataset=Traffic model=chronos2 formula=full_ridge_shared lags=24 horizon=24 retrieval=raw_euclidean_3_online
2026-08-15 01:05:54,795 INFO [__main__] extraction validation directory=/home/h61084/codes/adapts/outputs/extraction/Traffic/168_24/chronos2/raw/euclidean/3/online/run_1 status=complete

2026-08-15T01:05:55+02:00 baselines start configuration=5/12 dataset=Traffic model=chronos2 formula=full_ridge_shared lags=168 horizon=24 retrieval=raw_euclidean_3_online run=/home/h61084/codes/adapts/outputs/adaptation/l_ablation/Traffic/168_24/chronos2/full_ridge_shared/raw/euclidean/3/online/run_0 computation_signature=d92b33538b46fa83dedb03df4df6b2bdb32b929a99a46b136ca8f5b7a59b893a l2_grid=0,1e-6,1e-5,1e-4,1e-3,1e-2,1e-1,1,10 validation_fraction=0.2 fit_baselines_on_eval=false seed=1
2026-08-15 01:05:57,825 INFO [__main__] ========================================================================
2026-08-15 01:05:57,825 INFO [__main__] selected methods=('full_ridge_shared',)
2026-08-15 01:06:01,145 INFO [__main__] baseline selection start l2_grid=(0.0, 1e-06, 1e-05, 0.0001, 0.001, 0.01, 0.1, 1.0, 10.0)
2026-08-15 01:06:02,378 INFO [__main__] baseline selection done
2026-08-15 01:06:02,404 INFO [__main__] experiment done seconds=4.57
2026-08-15 01:06:02,404 INFO [__main__] ========================================================================
2026-08-15T01:06:02+02:00 baselines done configuration=5/12 dataset=Traffic model=chronos2 formula=full_ridge_shared lags=168 horizon=24 retrieval=raw_euclidean_3_online
2026-08-15 01:06:05,243 INFO [__main__] extraction validation directory=/home/h61084/codes/adapts/outputs/extraction/Traffic/504_24/chronos2/raw/euclidean/3/online/run_0 status=complete

2026-08-15T01:06:05+02:00 baselines start configuration=6/12 dataset=Traffic model=chronos2 formula=full_ridge_shared lags=504 horizon=24 retrieval=raw_euclidean_3_online run=/home/h61084/codes/adapts/outputs/adaptation/l_ablation/Traffic/504_24/chronos2/full_ridge_shared/raw/euclidean/3/online/run_0 computation_signature=6d49fc0b7c69373b40e4dfa769431af621970b56f35b446edc4fc93342e539d2 l2_grid=0,1e-6,1e-5,1e-4,1e-3,1e-2,1e-1,1,10 validation_fraction=0.2 fit_baselines_on_eval=false seed=1
2026-08-15 01:06:08,336 INFO [__main__] ========================================================================
2026-08-15 01:06:08,336 INFO [__main__] selected methods=('full_ridge_shared',)
2026-08-15 01:06:37,303 INFO [__main__] baseline selection start l2_grid=(0.0, 1e-06, 1e-05, 0.0001, 0.001, 0.01, 0.1, 1.0, 10.0)
2026-08-15 01:06:38,786 INFO [__main__] baseline selection done
2026-08-15 01:06:38,809 INFO [__main__] experiment done seconds=30.47
2026-08-15 01:06:38,809 INFO [__main__] ========================================================================
2026-08-15T01:06:39+02:00 baselines done configuration=6/12 dataset=Traffic model=chronos2 formula=full_ridge_shared lags=504 horizon=24 retrieval=raw_euclidean_3_online
2026-08-15 01:06:41,794 INFO [__main__] extraction validation directory=/home/h61084/codes/adapts/outputs/extraction/Solar/24_24/chronos2/raw/euclidean/3/online/run_0 status=complete

2026-08-15T01:06:42+02:00 baselines start configuration=7/12 dataset=Solar model=chronos2 formula=full_ridge_shared lags=24 horizon=24 retrieval=raw_euclidean_3_online run=/home/h61084/codes/adapts/outputs/adaptation/l_ablation/Solar/24_24/chronos2/full_ridge_shared/raw/euclidean/3/online/run_0 computation_signature=a6246694b4e9a496e2413f694b11fd5aa78c51269fe6377e8e53fa83ab5e44cb l2_grid=0,1e-6,1e-5,1e-4,1e-3,1e-2,1e-1,1,10 validation_fraction=0.2 fit_baselines_on_eval=false seed=1
2026-08-15 01:06:45,005 INFO [__main__] ========================================================================
2026-08-15 01:06:45,005 INFO [__main__] selected methods=('full_ridge_shared',)
2026-08-15 01:06:47,463 INFO [__main__] baseline selection start l2_grid=(0.0, 1e-06, 1e-05, 0.0001, 0.001, 0.01, 0.1, 1.0, 10.0)
2026-08-15 01:06:47,778 INFO [__main__] baseline selection done
2026-08-15 01:06:47,800 INFO [__main__] experiment done seconds=2.79
2026-08-15 01:06:47,800 INFO [__main__] ========================================================================
2026-08-15T01:06:48+02:00 baselines done configuration=7/12 dataset=Solar model=chronos2 formula=full_ridge_shared lags=24 horizon=24 retrieval=raw_euclidean_3_online
2026-08-15 01:06:50,666 INFO [__main__] extraction validation directory=/home/h61084/codes/adapts/outputs/extraction/Solar/168_24/chronos2/raw/euclidean/3/online/run_1 status=complete

2026-08-15T01:06:51+02:00 baselines start configuration=8/12 dataset=Solar model=chronos2 formula=full_ridge_shared lags=168 horizon=24 retrieval=raw_euclidean_3_online run=/home/h61084/codes/adapts/outputs/adaptation/l_ablation/Solar/168_24/chronos2/full_ridge_shared/raw/euclidean/3/online/run_0 computation_signature=1560f77d27a1fde81aa11a64ff40dac09b3fc995b86304315644de61af16bbb2 l2_grid=0,1e-6,1e-5,1e-4,1e-3,1e-2,1e-1,1,10 validation_fraction=0.2 fit_baselines_on_eval=false seed=1
2026-08-15 01:06:54,013 INFO [__main__] ========================================================================
2026-08-15 01:06:54,014 INFO [__main__] selected methods=('full_ridge_shared',)
2026-08-15 01:06:55,702 INFO [__main__] baseline selection start l2_grid=(0.0, 1e-06, 1e-05, 0.0001, 0.001, 0.01, 0.1, 1.0, 10.0)
2026-08-15 01:06:56,012 INFO [__main__] baseline selection done
2026-08-15 01:06:56,036 INFO [__main__] experiment done seconds=2.02
2026-08-15 01:06:56,037 INFO [__main__] ========================================================================
2026-08-15T01:06:56+02:00 baselines done configuration=8/12 dataset=Solar model=chronos2 formula=full_ridge_shared lags=168 horizon=24 retrieval=raw_euclidean_3_online
2026-08-15 01:06:58,919 INFO [__main__] extraction validation directory=/home/h61084/codes/adapts/outputs/extraction/Solar/504_24/chronos2/raw/euclidean/3/online/run_0 status=complete

2026-08-15T01:06:59+02:00 baselines start configuration=9/12 dataset=Solar model=chronos2 formula=full_ridge_shared lags=504 horizon=24 retrieval=raw_euclidean_3_online run=/home/h61084/codes/adapts/outputs/adaptation/l_ablation/Solar/504_24/chronos2/full_ridge_shared/raw/euclidean/3/online/run_0 computation_signature=b4f00800da457c19ece6c1f562119e6e3f0d1564b19a1f871ae96229b4cb60ba l2_grid=0,1e-6,1e-5,1e-4,1e-3,1e-2,1e-1,1,10 validation_fraction=0.2 fit_baselines_on_eval=false seed=1
2026-08-15 01:07:02,049 INFO [__main__] ========================================================================
2026-08-15 01:07:02,049 INFO [__main__] selected methods=('full_ridge_shared',)
2026-08-15 01:07:06,165 INFO [__main__] baseline selection start l2_grid=(0.0, 1e-06, 1e-05, 0.0001, 0.001, 0.01, 0.1, 1.0, 10.0)
2026-08-15 01:07:06,447 INFO [__main__] baseline selection done
2026-08-15 01:07:06,469 INFO [__main__] experiment done seconds=4.42
2026-08-15 01:07:06,469 INFO [__main__] ========================================================================
2026-08-15T01:07:06+02:00 baselines done configuration=9/12 dataset=Solar model=chronos2 formula=full_ridge_shared lags=504 horizon=24 retrieval=raw_euclidean_3_online
2026-08-15 01:07:09,345 INFO [__main__] extraction validation directory=/home/h61084/codes/adapts/outputs/extraction/exchange_rate/24_24/chronos2/raw/euclidean/3/online/run_0 status=complete

2026-08-15T01:07:09+02:00 baselines start configuration=10/12 dataset=exchange_rate model=chronos2 formula=full_ridge_shared lags=24 horizon=24 retrieval=raw_euclidean_3_online run=/home/h61084/codes/adapts/outputs/adaptation/l_ablation/exchange_rate/24_24/chronos2/full_ridge_shared/raw/euclidean/3/online/run_0 computation_signature=fbf55941d46d62eed5586f0df7888fca0912263120e38cf1098b5d43d412d7ba l2_grid=0,1e-6,1e-5,1e-4,1e-3,1e-2,1e-1,1,10 validation_fraction=0.2 fit_baselines_on_eval=false seed=1
2026-08-15 01:07:12,432 INFO [__main__] ========================================================================
2026-08-15 01:07:12,432 INFO [__main__] selected methods=('full_ridge_shared',)
2026-08-15 01:07:14,181 INFO [__main__] baseline selection start l2_grid=(0.0, 1e-06, 1e-05, 0.0001, 0.001, 0.01, 0.1, 1.0, 10.0)
2026-08-15 01:07:14,309 INFO [__main__] baseline selection done
2026-08-15 01:07:14,334 INFO [__main__] experiment done seconds=1.90
2026-08-15 01:07:14,334 INFO [__main__] ========================================================================
2026-08-15T01:07:14+02:00 baselines done configuration=10/12 dataset=exchange_rate model=chronos2 formula=full_ridge_shared lags=24 horizon=24 retrieval=raw_euclidean_3_online
2026-08-15 01:07:17,168 INFO [__main__] extraction validation directory=/home/h61084/codes/adapts/outputs/extraction/exchange_rate/168_24/chronos2/raw/euclidean/3/online/run_1 status=complete

2026-08-15T01:07:17+02:00 baselines start configuration=11/12 dataset=exchange_rate model=chronos2 formula=full_ridge_shared lags=168 horizon=24 retrieval=raw_euclidean_3_online run=/home/h61084/codes/adapts/outputs/adaptation/l_ablation/exchange_rate/168_24/chronos2/full_ridge_shared/raw/euclidean/3/online/run_0 computation_signature=dd1a3b3b4892a40e29dcba12e5697508443e2f559de41b599d881dbb4afcf3f8 l2_grid=0,1e-6,1e-5,1e-4,1e-3,1e-2,1e-1,1,10 validation_fraction=0.2 fit_baselines_on_eval=false seed=1
2026-08-15 01:07:20,220 INFO [__main__] ========================================================================
2026-08-15 01:07:20,220 INFO [__main__] selected methods=('full_ridge_shared',)
2026-08-15 01:07:21,820 INFO [__main__] baseline selection start l2_grid=(0.0, 1e-06, 1e-05, 0.0001, 0.001, 0.01, 0.1, 1.0, 10.0)
2026-08-15 01:07:21,932 INFO [__main__] baseline selection done
2026-08-15 01:07:21,954 INFO [__main__] experiment done seconds=1.73
2026-08-15 01:07:21,955 INFO [__main__] ========================================================================
2026-08-15T01:07:22+02:00 baselines done configuration=11/12 dataset=exchange_rate model=chronos2 formula=full_ridge_shared lags=168 horizon=24 retrieval=raw_euclidean_3_online
2026-08-15 01:07:24,640 INFO [__main__] extraction validation directory=/home/h61084/codes/adapts/outputs/extraction/exchange_rate/504_24/chronos2/raw/euclidean/3/online/run_0 status=complete

2026-08-15T01:07:25+02:00 baselines start configuration=12/12 dataset=exchange_rate model=chronos2 formula=full_ridge_shared lags=504 horizon=24 retrieval=raw_euclidean_3_online run=/home/h61084/codes/adapts/outputs/adaptation/l_ablation/exchange_rate/504_24/chronos2/full_ridge_shared/raw/euclidean/3/online/run_0 computation_signature=315817921053f0be14d2ffa9aa25c2362006d347597b158e40299c2d0dc2adb9 l2_grid=0,1e-6,1e-5,1e-4,1e-3,1e-2,1e-1,1,10 validation_fraction=0.2 fit_baselines_on_eval=false seed=1
2026-08-15 01:07:27,904 INFO [__main__] ========================================================================
2026-08-15 01:07:27,904 INFO [__main__] selected methods=('full_ridge_shared',)
2026-08-15 01:07:29,955 INFO [__main__] baseline selection start l2_grid=(0.0, 1e-06, 1e-05, 0.0001, 0.001, 0.01, 0.1, 1.0, 10.0)
2026-08-15 01:07:30,075 INFO [__main__] baseline selection done
2026-08-15 01:07:30,099 INFO [__main__] experiment done seconds=2.19
2026-08-15 01:07:30,100 INFO [__main__] ========================================================================
2026-08-15T01:07:30+02:00 baselines done configuration=12/12 dataset=exchange_rate model=chronos2 formula=full_ridge_shared lags=504 horizon=24 retrieval=raw_euclidean_3_online

2026-08-15T01:07:30+02:00 job done kind=baselines output=outputs/adaptation/l_ablation

2026-08-15T01:07:30+02:00 job start kind=adaptation_tables experiment_mode=full datasets=Electricity,Traffic,Solar,exchange_rate models=chronos2 settings=24_24,168_24,504_24 families=baselines,gates metric=nmse distance_metrics=euclidean methods=full_ridge_shared,cov_y_ridge_shared,cov_avgy_ridge_shared,catboost_cov_regressor_shared,catboost_avgy_regressor_shared,bayes_cov_shared,bayes_avgy_shared table_kinds=full,average results_root=outputs/adaptation/l_ablation

2026-08-15T01:07:30+02:00 table start model=chronos2 kind=full metric=nmse split=eval decimals=2 output=/home/h61084/codes/adapts/outputs/reports/l_ablation/full/chronos2/full
LaTeX table written to /home/h61084/codes/adapts/outputs/reports/l_ablation/full/chronos2/full/baselines_results.tex
LaTeX table written to /home/h61084/codes/adapts/outputs/reports/l_ablation/full/chronos2/full/gates_results.tex
2026-08-15T01:07:38+02:00 table done model=chronos2 kind=full output=/home/h61084/codes/adapts/outputs/reports/l_ablation/full/chronos2/full

2026-08-15T01:07:38+02:00 table start model=chronos2 kind=average metric=nmse split=eval decimals=2 output=/home/h61084/codes/adapts/outputs/reports/l_ablation/full/chronos2/average
LaTeX table written to /home/h61084/codes/adapts/outputs/reports/l_ablation/full/chronos2/average/baselines_results.tex
LaTeX table written to /home/h61084/codes/adapts/outputs/reports/l_ablation/full/chronos2/average/gates_results.tex
LaTeX table written to /home/h61084/codes/adapts/outputs/reports/l_ablation/full/chronos2/average/positive_windows_results.tex
2026-08-15T01:07:43+02:00 table done model=chronos2 kind=average output=/home/h61084/codes/adapts/outputs/reports/l_ablation/full/chronos2/average

2026-08-15T01:07:43+02:00 baseline coefficient plots start model=chronos2 output=/home/h61084/codes/adapts/outputs/reports/l_ablation/full/chronos2/coefficients
Baseline coefficient outputs written: 120
Coefficient index written to /home/h61084/codes/adapts/outputs/reports/l_ablation/full/chronos2/coefficients/coefficient_index.csv
2026-08-15T01:07:56+02:00 baseline coefficient plots done model=chronos2 output=/home/h61084/codes/adapts/outputs/reports/l_ablation/full/chronos2/coefficients

2026-08-15T01:07:56+02:00 job done kind=adaptation_tables output=/home/h61084/codes/adapts/outputs/reports/l_ablation/full
