
2026-08-14T23:13:15+02:00 job start kind=adaptation_extraction family=mixed_quantity_ablation experiment_mode=full skip_complete=true tasks=30 datasets=ETTh1,ETTh2,ETTm1,ETTm2,Weather models=chronos2 settings=168:24,336:48,504:168 distance_spaces=raw distance_metrics=euclidean neighbors=1

2026-08-14T23:13:15+02:00 extraction start configuration=1/30 dataset=ETTh1 model=chronos2 lags=168 horizon=24 retrieval=vanilla run=/home/h61084/codes/adapts/outputs/extraction/ETTh1/168_24/chronos2/none/none/0/none/run_0 computation_signature=380a958aae8616f31b770c7c6ceb3a071517d0f8ef300179d12b49d098c30922 period=24 align_period=false datastore_stride=25 adapt_stride=25 eval_stride=127 max_store_windows=30000 seed=1
2026-08-14 23:13:18,491 INFO [__main__] ========================================================================
2026-08-14 23:13:18,491 INFO [__main__] experiment start kind=extraction dataset=ETTh1 model=chronos2 lags=168 horizon=24 neighbors=0 distance=raw/euclidean
2026-08-14 23:13:18,781 INFO [__main__] dataset load start
2026-08-14 23:13:18,782 INFO [src.data.load_dataset] loaded dataset config path=/home/h61084/codes/datasets/ETTh1/config.json keys=['aggr', 'date_col', 'drop_users']
2026-08-14 23:13:18,816 INFO [__main__] dataset load done dates=17420 users=7
2026-08-14 23:13:18,817 INFO [__main__] model load start
2026-08-14 23:13:30,329 INFO [__main__] model load done name=chronos2 device=cuda parameters_total=119,477,664 parameters_trainable=0
2026-08-14 23:13:30,331 INFO [__main__] extraction start split=adapt queries=348
2026-08-14 23:13:38,185 INFO [__main__] extraction done split=adapt
2026-08-14 23:13:38,185 INFO [__main__] extraction start split=eval queries=28
2026-08-14 23:13:38,868 INFO [__main__] extraction done split=eval
2026-08-14 23:13:38,929 INFO [__main__] vanilla metrics saved path=/home/h61084/codes/adapts/outputs/extraction/ETTh1/168_24/chronos2/none/none/0/none/run_0/vanilla_metrics.json
2026-08-14 23:13:38,934 INFO [__main__] completion marker saved path=/home/h61084/codes/adapts/outputs/extraction/ETTh1/168_24/chronos2/none/none/0/none/run_0/extraction_manifest.json
2026-08-14 23:13:38,934 INFO [__main__] outputs saved dir=/home/h61084/codes/adapts/outputs/extraction/ETTh1/168_24/chronos2/none/none/0/none/run_0
2026-08-14 23:13:38,934 INFO [__main__] experiment done seconds=20.44
2026-08-14 23:13:38,934 INFO [__main__] ========================================================================
2026-08-14 23:13:41,617 INFO [__main__] extraction validation directory=/home/h61084/codes/adapts/outputs/extraction/ETTh1/168_24/chronos2/none/none/0/none/run_0 status=complete
2026-08-14T23:13:42+02:00 extraction done configuration=1/30 dataset=ETTh1 model=chronos2 lags=168 horizon=24 retrieval=vanilla

2026-08-14T23:13:42+02:00 extraction start configuration=2/30 dataset=ETTh1 model=chronos2 lags=168 horizon=24 retrieval=raw_euclidean_1_online run=/home/h61084/codes/adapts/outputs/extraction/ETTh1/168_24/chronos2/raw/euclidean/1/online/run_0 computation_signature=2c6b60f2453c1a252216f587a5aa36319c2263557caf4db4c47313c6f7de7214 period=24 align_period=false datastore_stride=25 adapt_stride=25 eval_stride=127 max_store_windows=30000 seed=1
2026-08-14 23:13:44,515 INFO [__main__] ========================================================================
2026-08-14 23:13:44,515 INFO [__main__] experiment start kind=extraction dataset=ETTh1 model=chronos2 lags=168 horizon=24 neighbors=1 distance=raw/euclidean
2026-08-14 23:13:44,815 INFO [__main__] dataset load start
2026-08-14 23:13:44,817 INFO [src.data.load_dataset] loaded dataset config path=/home/h61084/codes/datasets/ETTh1/config.json keys=['aggr', 'date_col', 'drop_users']
2026-08-14 23:13:44,846 INFO [__main__] dataset load done dates=17420 users=7
2026-08-14 23:13:44,846 INFO [__main__] model load start
2026-08-14 23:13:52,614 INFO [__main__] model load done name=chronos2 device=cuda parameters_total=119,477,664 parameters_trainable=0
2026-08-14 23:13:52,615 INFO [__main__] extraction start split=adapt queries=348
2026-08-14 23:14:10,585 INFO [__main__] extraction done split=adapt
2026-08-14 23:14:10,585 INFO [__main__] extraction start split=eval queries=28
2026-08-14 23:14:12,068 INFO [__main__] extraction done split=eval
2026-08-14 23:14:12,633 INFO [__main__] completion marker saved path=/home/h61084/codes/adapts/outputs/extraction/ETTh1/168_24/chronos2/raw/euclidean/1/online/run_0/extraction_manifest.json
2026-08-14 23:14:12,633 INFO [__main__] outputs saved dir=/home/h61084/codes/adapts/outputs/extraction/ETTh1/168_24/chronos2/raw/euclidean/1/online/run_0
2026-08-14 23:14:12,633 INFO [__main__] experiment done seconds=28.11
2026-08-14 23:14:12,633 INFO [__main__] ========================================================================
2026-08-14 23:14:15,478 INFO [__main__] extraction validation directory=/home/h61084/codes/adapts/outputs/extraction/ETTh1/168_24/chronos2/raw/euclidean/1/online/run_0 status=complete
2026-08-14T23:14:15+02:00 extraction done configuration=2/30 dataset=ETTh1 model=chronos2 lags=168 horizon=24 retrieval=raw_euclidean_1_online

2026-08-14T23:14:16+02:00 extraction start configuration=3/30 dataset=ETTh1 model=chronos2 lags=336 horizon=48 retrieval=vanilla run=/home/h61084/codes/adapts/outputs/extraction/ETTh1/336_48/chronos2/none/none/0/none/run_0 computation_signature=0d7c0bdfd4d873a63068db6fd221b08183059f5aeb85f486d7a61b965b2e3054 period=24 align_period=false datastore_stride=25 adapt_stride=25 eval_stride=127 max_store_windows=30000 seed=1
2026-08-14 23:14:19,258 INFO [__main__] ========================================================================
2026-08-14 23:14:19,258 INFO [__main__] experiment start kind=extraction dataset=ETTh1 model=chronos2 lags=336 horizon=48 neighbors=0 distance=raw/euclidean
2026-08-14 23:14:19,582 INFO [__main__] dataset load start
2026-08-14 23:14:19,583 INFO [src.data.load_dataset] loaded dataset config path=/home/h61084/codes/datasets/ETTh1/config.json keys=['aggr', 'date_col', 'drop_users']
2026-08-14 23:14:19,613 INFO [__main__] dataset load done dates=17420 users=7
2026-08-14 23:14:19,613 INFO [__main__] model load start
2026-08-14 23:14:30,203 INFO [__main__] model load done name=chronos2 device=cuda parameters_total=119,477,664 parameters_trainable=0
2026-08-14 23:14:30,205 INFO [__main__] extraction start split=adapt queries=347
2026-08-14 23:14:38,237 INFO [__main__] extraction done split=adapt
2026-08-14 23:14:38,237 INFO [__main__] extraction start split=eval queries=28
2026-08-14 23:14:38,809 INFO [__main__] extraction done split=eval
2026-08-14 23:14:38,880 INFO [__main__] vanilla metrics saved path=/home/h61084/codes/adapts/outputs/extraction/ETTh1/336_48/chronos2/none/none/0/none/run_0/vanilla_metrics.json
2026-08-14 23:14:38,884 INFO [__main__] completion marker saved path=/home/h61084/codes/adapts/outputs/extraction/ETTh1/336_48/chronos2/none/none/0/none/run_0/extraction_manifest.json
2026-08-14 23:14:38,884 INFO [__main__] outputs saved dir=/home/h61084/codes/adapts/outputs/extraction/ETTh1/336_48/chronos2/none/none/0/none/run_0
2026-08-14 23:14:38,884 INFO [__main__] experiment done seconds=19.62
2026-08-14 23:14:38,884 INFO [__main__] ========================================================================
2026-08-14 23:14:41,605 INFO [__main__] extraction validation directory=/home/h61084/codes/adapts/outputs/extraction/ETTh1/336_48/chronos2/none/none/0/none/run_0 status=complete
2026-08-14T23:14:42+02:00 extraction done configuration=3/30 dataset=ETTh1 model=chronos2 lags=336 horizon=48 retrieval=vanilla

2026-08-14T23:14:42+02:00 extraction start configuration=4/30 dataset=ETTh1 model=chronos2 lags=336 horizon=48 retrieval=raw_euclidean_1_online run=/home/h61084/codes/adapts/outputs/extraction/ETTh1/336_48/chronos2/raw/euclidean/1/online/run_0 computation_signature=c149cd29294a70daa28b0eb22cc94ebe9e11d91ce8c7f36e4d4160b7975eeafb period=24 align_period=false datastore_stride=25 adapt_stride=25 eval_stride=127 max_store_windows=30000 seed=1
2026-08-14 23:14:44,523 INFO [__main__] ========================================================================
2026-08-14 23:14:44,523 INFO [__main__] experiment start kind=extraction dataset=ETTh1 model=chronos2 lags=336 horizon=48 neighbors=1 distance=raw/euclidean
2026-08-14 23:14:44,826 INFO [__main__] dataset load start
2026-08-14 23:14:44,827 INFO [src.data.load_dataset] loaded dataset config path=/home/h61084/codes/datasets/ETTh1/config.json keys=['aggr', 'date_col', 'drop_users']
2026-08-14 23:14:44,859 INFO [__main__] dataset load done dates=17420 users=7
2026-08-14 23:14:44,859 INFO [__main__] model load start
2026-08-14 23:14:52,594 INFO [__main__] model load done name=chronos2 device=cuda parameters_total=119,477,664 parameters_trainable=0
2026-08-14 23:14:52,596 INFO [__main__] extraction start split=adapt queries=347
2026-08-14 23:15:14,473 INFO [__main__] extraction done split=adapt
2026-08-14 23:15:14,473 INFO [__main__] extraction start split=eval queries=28
2026-08-14 23:15:16,034 INFO [__main__] extraction done split=eval
2026-08-14 23:15:16,602 INFO [__main__] completion marker saved path=/home/h61084/codes/adapts/outputs/extraction/ETTh1/336_48/chronos2/raw/euclidean/1/online/run_0/extraction_manifest.json
2026-08-14 23:15:16,602 INFO [__main__] outputs saved dir=/home/h61084/codes/adapts/outputs/extraction/ETTh1/336_48/chronos2/raw/euclidean/1/online/run_0
2026-08-14 23:15:16,602 INFO [__main__] experiment done seconds=32.07
2026-08-14 23:15:16,602 INFO [__main__] ========================================================================
2026-08-14 23:15:19,547 INFO [__main__] extraction validation directory=/home/h61084/codes/adapts/outputs/extraction/ETTh1/336_48/chronos2/raw/euclidean/1/online/run_0 status=complete
2026-08-14T23:15:19+02:00 extraction done configuration=4/30 dataset=ETTh1 model=chronos2 lags=336 horizon=48 retrieval=raw_euclidean_1_online

2026-08-14T23:15:20+02:00 extraction start configuration=5/30 dataset=ETTh1 model=chronos2 lags=504 horizon=168 retrieval=vanilla run=/home/h61084/codes/adapts/outputs/extraction/ETTh1/504_168/chronos2/none/none/0/none/run_0 computation_signature=630084a633a255578953f72b2a0e7067492a9bce4b890d2614490933687ce84d period=24 align_period=false datastore_stride=25 adapt_stride=25 eval_stride=127 max_store_windows=30000 seed=1
2026-08-14 23:15:22,496 INFO [__main__] ========================================================================
2026-08-14 23:15:22,496 INFO [__main__] experiment start kind=extraction dataset=ETTh1 model=chronos2 lags=504 horizon=168 neighbors=0 distance=raw/euclidean
2026-08-14 23:15:22,791 INFO [__main__] dataset load start
2026-08-14 23:15:22,793 INFO [src.data.load_dataset] loaded dataset config path=/home/h61084/codes/datasets/ETTh1/config.json keys=['aggr', 'date_col', 'drop_users']
2026-08-14 23:15:22,825 INFO [__main__] dataset load done dates=17420 users=7
2026-08-14 23:15:22,825 INFO [__main__] model load start
2026-08-14 23:15:33,485 INFO [__main__] model load done name=chronos2 device=cuda parameters_total=119,477,664 parameters_trainable=0
2026-08-14 23:15:33,487 INFO [__main__] extraction start split=adapt queries=342
2026-08-14 23:15:41,415 INFO [__main__] extraction done split=adapt
2026-08-14 23:15:41,415 INFO [__main__] extraction start split=eval queries=27
2026-08-14 23:15:41,993 INFO [__main__] extraction done split=eval
2026-08-14 23:15:42,012 INFO [__main__] vanilla metrics saved path=/home/h61084/codes/adapts/outputs/extraction/ETTh1/504_168/chronos2/none/none/0/none/run_0/vanilla_metrics.json
2026-08-14 23:15:42,018 INFO [__main__] completion marker saved path=/home/h61084/codes/adapts/outputs/extraction/ETTh1/504_168/chronos2/none/none/0/none/run_0/extraction_manifest.json
2026-08-14 23:15:42,018 INFO [__main__] outputs saved dir=/home/h61084/codes/adapts/outputs/extraction/ETTh1/504_168/chronos2/none/none/0/none/run_0
2026-08-14 23:15:42,018 INFO [__main__] experiment done seconds=19.52
2026-08-14 23:15:42,018 INFO [__main__] ========================================================================
2026-08-14 23:15:44,697 INFO [__main__] extraction validation directory=/home/h61084/codes/adapts/outputs/extraction/ETTh1/504_168/chronos2/none/none/0/none/run_0 status=complete
2026-08-14T23:15:45+02:00 extraction done configuration=5/30 dataset=ETTh1 model=chronos2 lags=504 horizon=168 retrieval=vanilla

2026-08-14T23:15:45+02:00 extraction start configuration=6/30 dataset=ETTh1 model=chronos2 lags=504 horizon=168 retrieval=raw_euclidean_1_online run=/home/h61084/codes/adapts/outputs/extraction/ETTh1/504_168/chronos2/raw/euclidean/1/online/run_0 computation_signature=ee3d6b23e7b52ff5a520de87871103ce59aa0c6474b3f0d3982002a78a1f55bc period=24 align_period=false datastore_stride=25 adapt_stride=25 eval_stride=127 max_store_windows=30000 seed=1
2026-08-14 23:15:47,802 INFO [__main__] ========================================================================
2026-08-14 23:15:47,802 INFO [__main__] experiment start kind=extraction dataset=ETTh1 model=chronos2 lags=504 horizon=168 neighbors=1 distance=raw/euclidean
2026-08-14 23:15:48,130 INFO [__main__] dataset load start
2026-08-14 23:15:48,132 INFO [src.data.load_dataset] loaded dataset config path=/home/h61084/codes/datasets/ETTh1/config.json keys=['aggr', 'date_col', 'drop_users']
2026-08-14 23:15:48,163 INFO [__main__] dataset load done dates=17420 users=7
2026-08-14 23:15:48,163 INFO [__main__] model load start
2026-08-14 23:15:55,820 INFO [__main__] model load done name=chronos2 device=cuda parameters_total=119,477,664 parameters_trainable=0
2026-08-14 23:15:55,822 INFO [__main__] extraction start split=adapt queries=342
2026-08-14 23:16:34,856 INFO [__main__] extraction done split=adapt
2026-08-14 23:16:34,856 INFO [__main__] extraction start split=eval queries=27
2026-08-14 23:16:37,806 INFO [__main__] extraction done split=eval
2026-08-14 23:16:38,421 INFO [__main__] completion marker saved path=/home/h61084/codes/adapts/outputs/extraction/ETTh1/504_168/chronos2/raw/euclidean/1/online/run_0/extraction_manifest.json
2026-08-14 23:16:38,422 INFO [__main__] outputs saved dir=/home/h61084/codes/adapts/outputs/extraction/ETTh1/504_168/chronos2/raw/euclidean/1/online/run_0
2026-08-14 23:16:38,422 INFO [__main__] experiment done seconds=50.61
2026-08-14 23:16:38,422 INFO [__main__] ========================================================================
2026-08-14 23:16:41,500 INFO [__main__] extraction validation directory=/home/h61084/codes/adapts/outputs/extraction/ETTh1/504_168/chronos2/raw/euclidean/1/online/run_0 status=complete
2026-08-14T23:16:41+02:00 extraction done configuration=6/30 dataset=ETTh1 model=chronos2 lags=504 horizon=168 retrieval=raw_euclidean_1_online

2026-08-14T23:16:42+02:00 extraction start configuration=7/30 dataset=ETTh2 model=chronos2 lags=168 horizon=24 retrieval=vanilla run=/home/h61084/codes/adapts/outputs/extraction/ETTh2/168_24/chronos2/none/none/0/none/run_0 computation_signature=d88f71004dba077e036c5c366cdc31a07ca7af14cec2ae93bb05058258228b6e period=24 align_period=false datastore_stride=25 adapt_stride=25 eval_stride=127 max_store_windows=30000 seed=1
2026-08-14 23:16:44,685 INFO [__main__] ========================================================================
2026-08-14 23:16:44,685 INFO [__main__] experiment start kind=extraction dataset=ETTh2 model=chronos2 lags=168 horizon=24 neighbors=0 distance=raw/euclidean
2026-08-14 23:16:45,023 INFO [__main__] dataset load start
2026-08-14 23:16:45,025 INFO [src.data.load_dataset] loaded dataset config path=/home/h61084/codes/datasets/ETTh2/config.json keys=['aggr', 'date_col', 'drop_users']
2026-08-14 23:16:45,129 INFO [__main__] dataset load done dates=17420 users=7
2026-08-14 23:16:45,129 INFO [__main__] model load start
2026-08-14 23:16:55,942 INFO [__main__] model load done name=chronos2 device=cuda parameters_total=119,477,664 parameters_trainable=0
2026-08-14 23:16:55,944 INFO [__main__] extraction start split=adapt queries=348
2026-08-14 23:17:03,947 INFO [__main__] extraction done split=adapt
2026-08-14 23:17:03,947 INFO [__main__] extraction start split=eval queries=28
2026-08-14 23:17:04,525 INFO [__main__] extraction done split=eval
2026-08-14 23:17:04,593 INFO [__main__] vanilla metrics saved path=/home/h61084/codes/adapts/outputs/extraction/ETTh2/168_24/chronos2/none/none/0/none/run_0/vanilla_metrics.json
2026-08-14 23:17:04,598 INFO [__main__] completion marker saved path=/home/h61084/codes/adapts/outputs/extraction/ETTh2/168_24/chronos2/none/none/0/none/run_0/extraction_manifest.json
2026-08-14 23:17:04,598 INFO [__main__] outputs saved dir=/home/h61084/codes/adapts/outputs/extraction/ETTh2/168_24/chronos2/none/none/0/none/run_0
2026-08-14 23:17:04,598 INFO [__main__] experiment done seconds=19.91
2026-08-14 23:17:04,599 INFO [__main__] ========================================================================
2026-08-14 23:17:07,287 INFO [__main__] extraction validation directory=/home/h61084/codes/adapts/outputs/extraction/ETTh2/168_24/chronos2/none/none/0/none/run_0 status=complete
2026-08-14T23:17:07+02:00 extraction done configuration=7/30 dataset=ETTh2 model=chronos2 lags=168 horizon=24 retrieval=vanilla

2026-08-14T23:17:07+02:00 extraction start configuration=8/30 dataset=ETTh2 model=chronos2 lags=168 horizon=24 retrieval=raw_euclidean_1_online run=/home/h61084/codes/adapts/outputs/extraction/ETTh2/168_24/chronos2/raw/euclidean/1/online/run_0 computation_signature=7bb443bfdc6c0db40cb29c236e367c16e34a19940144917b56ce7f76bb822b12 period=24 align_period=false datastore_stride=25 adapt_stride=25 eval_stride=127 max_store_windows=30000 seed=1
2026-08-14 23:17:10,312 INFO [__main__] ========================================================================
2026-08-14 23:17:10,313 INFO [__main__] experiment start kind=extraction dataset=ETTh2 model=chronos2 lags=168 horizon=24 neighbors=1 distance=raw/euclidean
2026-08-14 23:17:10,620 INFO [__main__] dataset load start
2026-08-14 23:17:10,622 INFO [src.data.load_dataset] loaded dataset config path=/home/h61084/codes/datasets/ETTh2/config.json keys=['aggr', 'date_col', 'drop_users']
2026-08-14 23:17:10,653 INFO [__main__] dataset load done dates=17420 users=7
2026-08-14 23:17:10,653 INFO [__main__] model load start
2026-08-14 23:17:18,311 INFO [__main__] model load done name=chronos2 device=cuda parameters_total=119,477,664 parameters_trainable=0
2026-08-14 23:17:18,313 INFO [__main__] extraction start split=adapt queries=348
2026-08-14 23:17:35,940 INFO [__main__] extraction done split=adapt
2026-08-14 23:17:35,940 INFO [__main__] extraction start split=eval queries=28
2026-08-14 23:17:37,405 INFO [__main__] extraction done split=eval
2026-08-14 23:17:37,965 INFO [__main__] completion marker saved path=/home/h61084/codes/adapts/outputs/extraction/ETTh2/168_24/chronos2/raw/euclidean/1/online/run_0/extraction_manifest.json
2026-08-14 23:17:37,965 INFO [__main__] outputs saved dir=/home/h61084/codes/adapts/outputs/extraction/ETTh2/168_24/chronos2/raw/euclidean/1/online/run_0
2026-08-14 23:17:37,965 INFO [__main__] experiment done seconds=27.65
2026-08-14 23:17:37,965 INFO [__main__] ========================================================================
2026-08-14 23:17:40,902 INFO [__main__] extraction validation directory=/home/h61084/codes/adapts/outputs/extraction/ETTh2/168_24/chronos2/raw/euclidean/1/online/run_0 status=complete
2026-08-14T23:17:41+02:00 extraction done configuration=8/30 dataset=ETTh2 model=chronos2 lags=168 horizon=24 retrieval=raw_euclidean_1_online

2026-08-14T23:17:41+02:00 extraction start configuration=9/30 dataset=ETTh2 model=chronos2 lags=336 horizon=48 retrieval=vanilla run=/home/h61084/codes/adapts/outputs/extraction/ETTh2/336_48/chronos2/none/none/0/none/run_0 computation_signature=945cb17a8765f006fc33483f07cea6a590e8bb7cd0c65b9d8d600510141e86b2 period=24 align_period=false datastore_stride=25 adapt_stride=25 eval_stride=127 max_store_windows=30000 seed=1
2026-08-14 23:17:45,048 INFO [__main__] ========================================================================
2026-08-14 23:17:45,048 INFO [__main__] experiment start kind=extraction dataset=ETTh2 model=chronos2 lags=336 horizon=48 neighbors=0 distance=raw/euclidean
2026-08-14 23:17:45,348 INFO [__main__] dataset load start
2026-08-14 23:17:45,349 INFO [src.data.load_dataset] loaded dataset config path=/home/h61084/codes/datasets/ETTh2/config.json keys=['aggr', 'date_col', 'drop_users']
2026-08-14 23:17:45,379 INFO [__main__] dataset load done dates=17420 users=7
2026-08-14 23:17:45,379 INFO [__main__] model load start
2026-08-14 23:17:56,046 INFO [__main__] model load done name=chronos2 device=cuda parameters_total=119,477,664 parameters_trainable=0
2026-08-14 23:17:56,048 INFO [__main__] extraction start split=adapt queries=347
2026-08-14 23:18:04,007 INFO [__main__] extraction done split=adapt
2026-08-14 23:18:04,007 INFO [__main__] extraction start split=eval queries=28
2026-08-14 23:18:04,577 INFO [__main__] extraction done split=eval
2026-08-14 23:18:04,581 INFO [__main__] vanilla metrics saved path=/home/h61084/codes/adapts/outputs/extraction/ETTh2/336_48/chronos2/none/none/0/none/run_0/vanilla_metrics.json
2026-08-14 23:18:04,585 INFO [__main__] completion marker saved path=/home/h61084/codes/adapts/outputs/extraction/ETTh2/336_48/chronos2/none/none/0/none/run_0/extraction_manifest.json
2026-08-14 23:18:04,585 INFO [__main__] outputs saved dir=/home/h61084/codes/adapts/outputs/extraction/ETTh2/336_48/chronos2/none/none/0/none/run_0
2026-08-14 23:18:04,585 INFO [__main__] experiment done seconds=19.53
2026-08-14 23:18:04,585 INFO [__main__] ========================================================================
2026-08-14 23:18:07,239 INFO [__main__] extraction validation directory=/home/h61084/codes/adapts/outputs/extraction/ETTh2/336_48/chronos2/none/none/0/none/run_0 status=complete
2026-08-14T23:18:07+02:00 extraction done configuration=9/30 dataset=ETTh2 model=chronos2 lags=336 horizon=48 retrieval=vanilla

2026-08-14T23:18:07+02:00 extraction start configuration=10/30 dataset=ETTh2 model=chronos2 lags=336 horizon=48 retrieval=raw_euclidean_1_online run=/home/h61084/codes/adapts/outputs/extraction/ETTh2/336_48/chronos2/raw/euclidean/1/online/run_0 computation_signature=73faf163726cf7e2842d00731280478032abd5f563f19fab1a1ac8934bb30b0f period=24 align_period=false datastore_stride=25 adapt_stride=25 eval_stride=127 max_store_windows=30000 seed=1
2026-08-14 23:18:10,158 INFO [__main__] ========================================================================
2026-08-14 23:18:10,158 INFO [__main__] experiment start kind=extraction dataset=ETTh2 model=chronos2 lags=336 horizon=48 neighbors=1 distance=raw/euclidean
2026-08-14 23:18:10,461 INFO [__main__] dataset load start
2026-08-14 23:18:10,462 INFO [src.data.load_dataset] loaded dataset config path=/home/h61084/codes/datasets/ETTh2/config.json keys=['aggr', 'date_col', 'drop_users']
2026-08-14 23:18:10,491 INFO [__main__] dataset load done dates=17420 users=7
2026-08-14 23:18:10,491 INFO [__main__] model load start
2026-08-14 23:18:18,139 INFO [__main__] model load done name=chronos2 device=cuda parameters_total=119,477,664 parameters_trainable=0
2026-08-14 23:18:18,141 INFO [__main__] extraction start split=adapt queries=347
2026-08-14 23:18:37,640 INFO [__main__] extraction done split=adapt
2026-08-14 23:18:37,640 INFO [__main__] extraction start split=eval queries=28
2026-08-14 23:18:39,019 INFO [__main__] extraction done split=eval
2026-08-14 23:18:39,505 INFO [__main__] completion marker saved path=/home/h61084/codes/adapts/outputs/extraction/ETTh2/336_48/chronos2/raw/euclidean/1/online/run_0/extraction_manifest.json
2026-08-14 23:18:39,506 INFO [__main__] outputs saved dir=/home/h61084/codes/adapts/outputs/extraction/ETTh2/336_48/chronos2/raw/euclidean/1/online/run_0
2026-08-14 23:18:39,506 INFO [__main__] experiment done seconds=29.34
2026-08-14 23:18:39,506 INFO [__main__] ========================================================================
2026-08-14 23:18:42,395 INFO [__main__] extraction validation directory=/home/h61084/codes/adapts/outputs/extraction/ETTh2/336_48/chronos2/raw/euclidean/1/online/run_0 status=complete
2026-08-14T23:18:42+02:00 extraction done configuration=10/30 dataset=ETTh2 model=chronos2 lags=336 horizon=48 retrieval=raw_euclidean_1_online

2026-08-14T23:18:42+02:00 extraction start configuration=11/30 dataset=ETTh2 model=chronos2 lags=504 horizon=168 retrieval=vanilla run=/home/h61084/codes/adapts/outputs/extraction/ETTh2/504_168/chronos2/none/none/0/none/run_0 computation_signature=61e3ba2c8c2318c0b4977c8b91cd0244c0c6feb492dcc17330ba7033d09e8cb8 period=24 align_period=false datastore_stride=25 adapt_stride=25 eval_stride=127 max_store_windows=30000 seed=1
2026-08-14 23:18:45,268 INFO [__main__] ========================================================================
2026-08-14 23:18:45,268 INFO [__main__] experiment start kind=extraction dataset=ETTh2 model=chronos2 lags=504 horizon=168 neighbors=0 distance=raw/euclidean
2026-08-14 23:18:45,581 INFO [__main__] dataset load start
2026-08-14 23:18:45,583 INFO [src.data.load_dataset] loaded dataset config path=/home/h61084/codes/datasets/ETTh2/config.json keys=['aggr', 'date_col', 'drop_users']
2026-08-14 23:18:45,610 INFO [__main__] dataset load done dates=17420 users=7
2026-08-14 23:18:45,611 INFO [__main__] model load start
2026-08-14 23:18:56,307 INFO [__main__] model load done name=chronos2 device=cuda parameters_total=119,477,664 parameters_trainable=0
2026-08-14 23:18:56,309 INFO [__main__] extraction start split=adapt queries=342
2026-08-14 23:19:04,231 INFO [__main__] extraction done split=adapt
2026-08-14 23:19:04,231 INFO [__main__] extraction start split=eval queries=27
2026-08-14 23:19:04,792 INFO [__main__] extraction done split=eval
2026-08-14 23:19:04,797 INFO [__main__] vanilla metrics saved path=/home/h61084/codes/adapts/outputs/extraction/ETTh2/504_168/chronos2/none/none/0/none/run_0/vanilla_metrics.json
2026-08-14 23:19:04,801 INFO [__main__] completion marker saved path=/home/h61084/codes/adapts/outputs/extraction/ETTh2/504_168/chronos2/none/none/0/none/run_0/extraction_manifest.json
2026-08-14 23:19:04,801 INFO [__main__] outputs saved dir=/home/h61084/codes/adapts/outputs/extraction/ETTh2/504_168/chronos2/none/none/0/none/run_0
2026-08-14 23:19:04,801 INFO [__main__] experiment done seconds=19.53
2026-08-14 23:19:04,802 INFO [__main__] ========================================================================
2026-08-14 23:19:07,397 INFO [__main__] extraction validation directory=/home/h61084/codes/adapts/outputs/extraction/ETTh2/504_168/chronos2/none/none/0/none/run_0 status=complete
2026-08-14T23:19:07+02:00 extraction done configuration=11/30 dataset=ETTh2 model=chronos2 lags=504 horizon=168 retrieval=vanilla

2026-08-14T23:19:07+02:00 extraction start configuration=12/30 dataset=ETTh2 model=chronos2 lags=504 horizon=168 retrieval=raw_euclidean_1_online run=/home/h61084/codes/adapts/outputs/extraction/ETTh2/504_168/chronos2/raw/euclidean/1/online/run_0 computation_signature=51794087cb41c930644eaa6a03ea4401859493ca67b4fea07479335a9db596bd period=24 align_period=false datastore_stride=25 adapt_stride=25 eval_stride=127 max_store_windows=30000 seed=1
2026-08-14 23:19:10,250 INFO [__main__] ========================================================================
2026-08-14 23:19:10,250 INFO [__main__] experiment start kind=extraction dataset=ETTh2 model=chronos2 lags=504 horizon=168 neighbors=1 distance=raw/euclidean
2026-08-14 23:19:10,556 INFO [__main__] dataset load start
2026-08-14 23:19:10,557 INFO [src.data.load_dataset] loaded dataset config path=/home/h61084/codes/datasets/ETTh2/config.json keys=['aggr', 'date_col', 'drop_users']
2026-08-14 23:19:10,586 INFO [__main__] dataset load done dates=17420 users=7
2026-08-14 23:19:10,586 INFO [__main__] model load start
2026-08-14 23:19:18,213 INFO [__main__] model load done name=chronos2 device=cuda parameters_total=119,477,664 parameters_trainable=0
2026-08-14 23:19:18,215 INFO [__main__] extraction start split=adapt queries=342
2026-08-14 23:19:56,769 INFO [__main__] extraction done split=adapt
2026-08-14 23:19:56,769 INFO [__main__] extraction start split=eval queries=27
2026-08-14 23:19:59,485 INFO [__main__] extraction done split=eval
2026-08-14 23:20:00,040 INFO [__main__] completion marker saved path=/home/h61084/codes/adapts/outputs/extraction/ETTh2/504_168/chronos2/raw/euclidean/1/online/run_0/extraction_manifest.json
2026-08-14 23:20:00,040 INFO [__main__] outputs saved dir=/home/h61084/codes/adapts/outputs/extraction/ETTh2/504_168/chronos2/raw/euclidean/1/online/run_0
2026-08-14 23:20:00,040 INFO [__main__] experiment done seconds=49.78
2026-08-14 23:20:00,040 INFO [__main__] ========================================================================
2026-08-14 23:20:03,186 INFO [__main__] extraction validation directory=/home/h61084/codes/adapts/outputs/extraction/ETTh2/504_168/chronos2/raw/euclidean/1/online/run_0 status=complete
2026-08-14T23:20:03+02:00 extraction done configuration=12/30 dataset=ETTh2 model=chronos2 lags=504 horizon=168 retrieval=raw_euclidean_1_online

2026-08-14T23:20:03+02:00 extraction start configuration=13/30 dataset=ETTm1 model=chronos2 lags=168 horizon=24 retrieval=vanilla run=/home/h61084/codes/adapts/outputs/extraction/ETTm1/168_24/chronos2/none/none/0/none/run_0 computation_signature=7b8dae7f73c3ee0612f26d82c8e7e7023d73ae499445107f056ee16affb2a39c period=96 align_period=false datastore_stride=25 adapt_stride=25 eval_stride=127 max_store_windows=30000 seed=1
2026-08-14 23:20:06,089 INFO [__main__] ========================================================================
2026-08-14 23:20:06,089 INFO [__main__] experiment start kind=extraction dataset=ETTm1 model=chronos2 lags=168 horizon=24 neighbors=0 distance=raw/euclidean
2026-08-14 23:20:06,378 INFO [__main__] dataset load start
2026-08-14 23:20:06,380 INFO [src.data.load_dataset] loaded dataset config path=/home/h61084/codes/datasets/ETTm1/config.json keys=['aggr', 'date_col', 'drop_users']
2026-08-14 23:20:06,680 INFO [__main__] dataset load done dates=69680 users=7
2026-08-14 23:20:06,680 INFO [__main__] model load start
2026-08-14 23:20:17,697 INFO [__main__] model load done name=chronos2 device=cuda parameters_total=119,477,664 parameters_trainable=0
2026-08-14 23:20:17,704 INFO [__main__] extraction start split=adapt queries=1393
2026-08-14 23:21:26,027 INFO [__main__] extraction done split=adapt
2026-08-14 23:21:26,027 INFO [__main__] extraction start split=eval queries=110
2026-08-14 23:21:31,419 INFO [__main__] extraction done split=eval
2026-08-14 23:21:31,502 INFO [__main__] vanilla metrics saved path=/home/h61084/codes/adapts/outputs/extraction/ETTm1/168_24/chronos2/none/none/0/none/run_0/vanilla_metrics.json
2026-08-14 23:21:31,507 INFO [__main__] completion marker saved path=/home/h61084/codes/adapts/outputs/extraction/ETTm1/168_24/chronos2/none/none/0/none/run_0/extraction_manifest.json
2026-08-14 23:21:31,507 INFO [__main__] outputs saved dir=/home/h61084/codes/adapts/outputs/extraction/ETTm1/168_24/chronos2/none/none/0/none/run_0
2026-08-14 23:21:31,507 INFO [__main__] experiment done seconds=85.41
2026-08-14 23:21:31,508 INFO [__main__] ========================================================================
2026-08-14 23:21:34,799 INFO [__main__] extraction validation directory=/home/h61084/codes/adapts/outputs/extraction/ETTm1/168_24/chronos2/none/none/0/none/run_0 status=complete
2026-08-14T23:21:35+02:00 extraction done configuration=13/30 dataset=ETTm1 model=chronos2 lags=168 horizon=24 retrieval=vanilla

2026-08-14T23:21:35+02:00 extraction start configuration=14/30 dataset=ETTm1 model=chronos2 lags=168 horizon=24 retrieval=raw_euclidean_1_online run=/home/h61084/codes/adapts/outputs/extraction/ETTm1/168_24/chronos2/raw/euclidean/1/online/run_0 computation_signature=ba3ae458b320690606b75516f7bf66d0f912c9ae5613063ce3bd51717a152bfa period=96 align_period=false datastore_stride=25 adapt_stride=25 eval_stride=127 max_store_windows=30000 seed=1
2026-08-14 23:21:37,949 INFO [__main__] ========================================================================
2026-08-14 23:21:37,949 INFO [__main__] experiment start kind=extraction dataset=ETTm1 model=chronos2 lags=168 horizon=24 neighbors=1 distance=raw/euclidean
2026-08-14 23:21:38,243 INFO [__main__] dataset load start
2026-08-14 23:21:38,245 INFO [src.data.load_dataset] loaded dataset config path=/home/h61084/codes/datasets/ETTm1/config.json keys=['aggr', 'date_col', 'drop_users']
2026-08-14 23:21:38,339 INFO [__main__] dataset load done dates=69680 users=7
2026-08-14 23:21:38,339 INFO [__main__] model load start
2026-08-14 23:21:51,020 INFO [__main__] model load done name=chronos2 device=cuda parameters_total=119,477,664 parameters_trainable=0
2026-08-14 23:21:51,027 INFO [__main__] extraction start split=adapt queries=1393
2026-08-14 23:24:35,653 INFO [__main__] extraction done split=adapt
2026-08-14 23:24:35,653 INFO [__main__] extraction start split=eval queries=110
2026-08-14 23:24:45,753 INFO [__main__] extraction done split=eval
2026-08-14 23:24:46,247 INFO [__main__] completion marker saved path=/home/h61084/codes/adapts/outputs/extraction/ETTm1/168_24/chronos2/raw/euclidean/1/online/run_0/extraction_manifest.json
2026-08-14 23:24:46,247 INFO [__main__] outputs saved dir=/home/h61084/codes/adapts/outputs/extraction/ETTm1/168_24/chronos2/raw/euclidean/1/online/run_0
2026-08-14 23:24:46,247 INFO [__main__] experiment done seconds=188.29
2026-08-14 23:24:46,247 INFO [__main__] ========================================================================
2026-08-14 23:24:49,062 INFO [__main__] extraction validation directory=/home/h61084/codes/adapts/outputs/extraction/ETTm1/168_24/chronos2/raw/euclidean/1/online/run_0 status=complete
2026-08-14T23:24:49+02:00 extraction done configuration=14/30 dataset=ETTm1 model=chronos2 lags=168 horizon=24 retrieval=raw_euclidean_1_online

2026-08-14T23:24:49+02:00 extraction start configuration=15/30 dataset=ETTm1 model=chronos2 lags=336 horizon=48 retrieval=vanilla run=/home/h61084/codes/adapts/outputs/extraction/ETTm1/336_48/chronos2/none/none/0/none/run_0 computation_signature=135072e139407e75a7eaffe5d912087b5f7e75dd1b92675c9851f0b3bb4f7372 period=96 align_period=false datastore_stride=25 adapt_stride=25 eval_stride=127 max_store_windows=30000 seed=1
2026-08-14 23:24:52,024 INFO [__main__] ========================================================================
2026-08-14 23:24:52,024 INFO [__main__] experiment start kind=extraction dataset=ETTm1 model=chronos2 lags=336 horizon=48 neighbors=0 distance=raw/euclidean
2026-08-14 23:24:52,344 INFO [__main__] dataset load start
2026-08-14 23:24:52,345 INFO [src.data.load_dataset] loaded dataset config path=/home/h61084/codes/datasets/ETTm1/config.json keys=['aggr', 'date_col', 'drop_users']
2026-08-14 23:24:52,437 INFO [__main__] dataset load done dates=69680 users=7
2026-08-14 23:24:52,437 INFO [__main__] model load start
2026-08-14 23:25:00,160 INFO [__main__] model load done name=chronos2 device=cuda parameters_total=119,477,664 parameters_trainable=0
2026-08-14 23:25:00,167 INFO [__main__] extraction start split=adapt queries=1392
2026-08-14 23:26:07,813 INFO [__main__] extraction done split=adapt
2026-08-14 23:26:07,813 INFO [__main__] extraction start split=eval queries=110
2026-08-14 23:26:13,236 INFO [__main__] extraction done split=eval
2026-08-14 23:26:13,276 INFO [__main__] vanilla metrics saved path=/home/h61084/codes/adapts/outputs/extraction/ETTm1/336_48/chronos2/none/none/0/none/run_0/vanilla_metrics.json
2026-08-14 23:26:13,281 INFO [__main__] completion marker saved path=/home/h61084/codes/adapts/outputs/extraction/ETTm1/336_48/chronos2/none/none/0/none/run_0/extraction_manifest.json
2026-08-14 23:26:13,281 INFO [__main__] outputs saved dir=/home/h61084/codes/adapts/outputs/extraction/ETTm1/336_48/chronos2/none/none/0/none/run_0
2026-08-14 23:26:13,281 INFO [__main__] experiment done seconds=81.25
2026-08-14 23:26:13,281 INFO [__main__] ========================================================================
2026-08-14 23:26:16,071 INFO [__main__] extraction validation directory=/home/h61084/codes/adapts/outputs/extraction/ETTm1/336_48/chronos2/none/none/0/none/run_0 status=complete
2026-08-14T23:26:16+02:00 extraction done configuration=15/30 dataset=ETTm1 model=chronos2 lags=336 horizon=48 retrieval=vanilla

2026-08-14T23:26:16+02:00 extraction start configuration=16/30 dataset=ETTm1 model=chronos2 lags=336 horizon=48 retrieval=raw_euclidean_1_online run=/home/h61084/codes/adapts/outputs/extraction/ETTm1/336_48/chronos2/raw/euclidean/1/online/run_0 computation_signature=a1db957b7b0b966705e18e598baa0f1b9ffbaf2ec63f174c02318c62c0fc6d86 period=96 align_period=false datastore_stride=25 adapt_stride=25 eval_stride=127 max_store_windows=30000 seed=1
2026-08-14 23:26:25,150 INFO [__main__] ========================================================================
2026-08-14 23:26:25,151 INFO [__main__] experiment start kind=extraction dataset=ETTm1 model=chronos2 lags=336 horizon=48 neighbors=1 distance=raw/euclidean
2026-08-14 23:26:25,458 INFO [__main__] dataset load start
2026-08-14 23:26:25,460 INFO [src.data.load_dataset] loaded dataset config path=/home/h61084/codes/datasets/ETTm1/config.json keys=['aggr', 'date_col', 'drop_users']
2026-08-14 23:26:25,561 INFO [__main__] dataset load done dates=69680 users=7
2026-08-14 23:26:25,561 INFO [__main__] model load start
2026-08-14 23:26:33,306 INFO [__main__] model load done name=chronos2 device=cuda parameters_total=119,477,664 parameters_trainable=0
2026-08-14 23:26:33,313 INFO [__main__] extraction start split=adapt queries=1392
2026-08-14 23:28:49,690 INFO [__main__] extraction done split=adapt
2026-08-14 23:28:49,690 INFO [__main__] extraction start split=eval queries=110
2026-08-14 23:29:00,519 INFO [__main__] extraction done split=eval
2026-08-14 23:29:01,127 INFO [__main__] completion marker saved path=/home/h61084/codes/adapts/outputs/extraction/ETTm1/336_48/chronos2/raw/euclidean/1/online/run_0/extraction_manifest.json
2026-08-14 23:29:01,127 INFO [__main__] outputs saved dir=/home/h61084/codes/adapts/outputs/extraction/ETTm1/336_48/chronos2/raw/euclidean/1/online/run_0
2026-08-14 23:29:01,127 INFO [__main__] experiment done seconds=155.97
2026-08-14 23:29:01,127 INFO [__main__] ========================================================================
2026-08-14 23:29:04,379 INFO [__main__] extraction validation directory=/home/h61084/codes/adapts/outputs/extraction/ETTm1/336_48/chronos2/raw/euclidean/1/online/run_0 status=complete
2026-08-14T23:29:04+02:00 extraction done configuration=16/30 dataset=ETTm1 model=chronos2 lags=336 horizon=48 retrieval=raw_euclidean_1_online

2026-08-14T23:29:05+02:00 extraction start configuration=17/30 dataset=ETTm1 model=chronos2 lags=504 horizon=168 retrieval=vanilla run=/home/h61084/codes/adapts/outputs/extraction/ETTm1/504_168/chronos2/none/none/0/none/run_0 computation_signature=934bfe8c4eb3585c9e7e13cc8f872bd584561f2f4042c02f6dd7410e491a02e1 period=96 align_period=false datastore_stride=25 adapt_stride=25 eval_stride=127 max_store_windows=30000 seed=1
2026-08-14 23:29:07,373 INFO [__main__] ========================================================================
2026-08-14 23:29:07,373 INFO [__main__] experiment start kind=extraction dataset=ETTm1 model=chronos2 lags=504 horizon=168 neighbors=0 distance=raw/euclidean
2026-08-14 23:29:07,657 INFO [__main__] dataset load start
2026-08-14 23:29:07,659 INFO [src.data.load_dataset] loaded dataset config path=/home/h61084/codes/datasets/ETTm1/config.json keys=['aggr', 'date_col', 'drop_users']
2026-08-14 23:29:07,751 INFO [__main__] dataset load done dates=69680 users=7
2026-08-14 23:29:07,751 INFO [__main__] model load start
2026-08-14 23:29:17,796 INFO [__main__] model load done name=chronos2 device=cuda parameters_total=119,477,664 parameters_trainable=0
2026-08-14 23:29:17,803 INFO [__main__] extraction start split=adapt queries=1387
2026-08-14 23:30:25,666 INFO [__main__] extraction done split=adapt
2026-08-14 23:30:25,666 INFO [__main__] extraction start split=eval queries=109
2026-08-14 23:30:31,092 INFO [__main__] extraction done split=eval
2026-08-14 23:30:31,101 INFO [__main__] vanilla metrics saved path=/home/h61084/codes/adapts/outputs/extraction/ETTm1/504_168/chronos2/none/none/0/none/run_0/vanilla_metrics.json
2026-08-14 23:30:31,106 INFO [__main__] completion marker saved path=/home/h61084/codes/adapts/outputs/extraction/ETTm1/504_168/chronos2/none/none/0/none/run_0/extraction_manifest.json
2026-08-14 23:30:31,106 INFO [__main__] outputs saved dir=/home/h61084/codes/adapts/outputs/extraction/ETTm1/504_168/chronos2/none/none/0/none/run_0
2026-08-14 23:30:31,106 INFO [__main__] experiment done seconds=83.73
2026-08-14 23:30:31,106 INFO [__main__] ========================================================================
2026-08-14 23:30:33,782 INFO [__main__] extraction validation directory=/home/h61084/codes/adapts/outputs/extraction/ETTm1/504_168/chronos2/none/none/0/none/run_0 status=complete
2026-08-14T23:30:34+02:00 extraction done configuration=17/30 dataset=ETTm1 model=chronos2 lags=504 horizon=168 retrieval=vanilla

2026-08-14T23:30:34+02:00 extraction start configuration=18/30 dataset=ETTm1 model=chronos2 lags=504 horizon=168 retrieval=raw_euclidean_1_online run=/home/h61084/codes/adapts/outputs/extraction/ETTm1/504_168/chronos2/raw/euclidean/1/online/run_0 computation_signature=82dda4dff1b25cbbaefccd492681b79a84eacf678b2e8741532824d47a40173f period=96 align_period=false datastore_stride=25 adapt_stride=25 eval_stride=127 max_store_windows=30000 seed=1
2026-08-14 23:30:36,878 INFO [__main__] ========================================================================
2026-08-14 23:30:36,878 INFO [__main__] experiment start kind=extraction dataset=ETTm1 model=chronos2 lags=504 horizon=168 neighbors=1 distance=raw/euclidean
2026-08-14 23:30:37,187 INFO [__main__] dataset load start
2026-08-14 23:30:37,188 INFO [src.data.load_dataset] loaded dataset config path=/home/h61084/codes/datasets/ETTm1/config.json keys=['aggr', 'date_col', 'drop_users']
2026-08-14 23:30:37,288 INFO [__main__] dataset load done dates=69680 users=7
2026-08-14 23:30:37,288 INFO [__main__] model load start
2026-08-14 23:30:50,129 INFO [__main__] model load done name=chronos2 device=cuda parameters_total=119,477,664 parameters_trainable=0
2026-08-14 23:30:50,136 INFO [__main__] extraction start split=adapt queries=1387
2026-08-14 23:34:35,749 INFO [__main__] extraction done split=adapt
2026-08-14 23:34:35,749 INFO [__main__] extraction start split=eval queries=109
2026-08-14 23:34:54,125 INFO [__main__] extraction done split=eval
2026-08-14 23:34:54,847 INFO [__main__] completion marker saved path=/home/h61084/codes/adapts/outputs/extraction/ETTm1/504_168/chronos2/raw/euclidean/1/online/run_0/extraction_manifest.json
2026-08-14 23:34:54,848 INFO [__main__] outputs saved dir=/home/h61084/codes/adapts/outputs/extraction/ETTm1/504_168/chronos2/raw/euclidean/1/online/run_0
2026-08-14 23:34:54,848 INFO [__main__] experiment done seconds=257.96
2026-08-14 23:34:54,848 INFO [__main__] ========================================================================
2026-08-14 23:34:57,864 INFO [__main__] extraction validation directory=/home/h61084/codes/adapts/outputs/extraction/ETTm1/504_168/chronos2/raw/euclidean/1/online/run_0 status=complete
2026-08-14T23:34:58+02:00 extraction done configuration=18/30 dataset=ETTm1 model=chronos2 lags=504 horizon=168 retrieval=raw_euclidean_1_online

2026-08-14T23:34:58+02:00 extraction start configuration=19/30 dataset=ETTm2 model=chronos2 lags=168 horizon=24 retrieval=vanilla run=/home/h61084/codes/adapts/outputs/extraction/ETTm2/168_24/chronos2/none/none/0/none/run_0 computation_signature=d4393f6b5626c7707901dc75631fd6f2ba9c1321f4aa4b8919d46a6d468c06cf period=96 align_period=false datastore_stride=25 adapt_stride=25 eval_stride=127 max_store_windows=30000 seed=1
2026-08-14 23:35:01,074 INFO [__main__] ========================================================================
2026-08-14 23:35:01,074 INFO [__main__] experiment start kind=extraction dataset=ETTm2 model=chronos2 lags=168 horizon=24 neighbors=0 distance=raw/euclidean
2026-08-14 23:35:01,543 INFO [__main__] dataset load start
2026-08-14 23:35:01,546 INFO [src.data.load_dataset] loaded dataset config path=/home/h61084/codes/datasets/ETTm2/config.json keys=['aggr', 'date_col', 'drop_users']
2026-08-14 23:35:01,859 INFO [__main__] dataset load done dates=69680 users=7
2026-08-14 23:35:01,859 INFO [__main__] model load start
2026-08-14 23:35:15,391 INFO [__main__] model load done name=chronos2 device=cuda parameters_total=119,477,664 parameters_trainable=0
2026-08-14 23:35:15,398 INFO [__main__] extraction start split=adapt queries=1393
2026-08-14 23:36:23,497 INFO [__main__] extraction done split=adapt
2026-08-14 23:36:23,497 INFO [__main__] extraction start split=eval queries=110
2026-08-14 23:36:28,854 INFO [__main__] extraction done split=eval
2026-08-14 23:36:28,865 INFO [__main__] vanilla metrics saved path=/home/h61084/codes/adapts/outputs/extraction/ETTm2/168_24/chronos2/none/none/0/none/run_0/vanilla_metrics.json
2026-08-14 23:36:28,870 INFO [__main__] completion marker saved path=/home/h61084/codes/adapts/outputs/extraction/ETTm2/168_24/chronos2/none/none/0/none/run_0/extraction_manifest.json
2026-08-14 23:36:28,870 INFO [__main__] outputs saved dir=/home/h61084/codes/adapts/outputs/extraction/ETTm2/168_24/chronos2/none/none/0/none/run_0
2026-08-14 23:36:28,870 INFO [__main__] experiment done seconds=87.79
2026-08-14 23:36:28,870 INFO [__main__] ========================================================================
2026-08-14 23:36:32,036 INFO [__main__] extraction validation directory=/home/h61084/codes/adapts/outputs/extraction/ETTm2/168_24/chronos2/none/none/0/none/run_0 status=complete
2026-08-14T23:36:32+02:00 extraction done configuration=19/30 dataset=ETTm2 model=chronos2 lags=168 horizon=24 retrieval=vanilla

2026-08-14T23:36:32+02:00 extraction start configuration=20/30 dataset=ETTm2 model=chronos2 lags=168 horizon=24 retrieval=raw_euclidean_1_online run=/home/h61084/codes/adapts/outputs/extraction/ETTm2/168_24/chronos2/raw/euclidean/1/online/run_0 computation_signature=e2e68bc8d9c24ab105d63cc73b631f1315624576f0ce5a8fe2d0ba00370c909a period=96 align_period=false datastore_stride=25 adapt_stride=25 eval_stride=127 max_store_windows=30000 seed=1
2026-08-14 23:36:35,519 INFO [__main__] ========================================================================
2026-08-14 23:36:35,519 INFO [__main__] experiment start kind=extraction dataset=ETTm2 model=chronos2 lags=168 horizon=24 neighbors=1 distance=raw/euclidean
2026-08-14 23:36:35,776 INFO [__main__] dataset load start
2026-08-14 23:36:35,778 INFO [src.data.load_dataset] loaded dataset config path=/home/h61084/codes/datasets/ETTm2/config.json keys=['aggr', 'date_col', 'drop_users']
2026-08-14 23:36:35,872 INFO [__main__] dataset load done dates=69680 users=7
2026-08-14 23:36:35,873 INFO [__main__] model load start
2026-08-14 23:36:49,449 INFO [__main__] model load done name=chronos2 device=cuda parameters_total=119,477,664 parameters_trainable=0
2026-08-14 23:36:49,456 INFO [__main__] extraction start split=adapt queries=1393
2026-08-14 23:38:56,935 INFO [__main__] extraction done split=adapt
2026-08-14 23:38:56,935 INFO [__main__] extraction start split=eval queries=110
2026-08-14 23:39:07,142 INFO [__main__] extraction done split=eval
2026-08-14 23:39:07,693 INFO [__main__] completion marker saved path=/home/h61084/codes/adapts/outputs/extraction/ETTm2/168_24/chronos2/raw/euclidean/1/online/run_0/extraction_manifest.json
2026-08-14 23:39:07,693 INFO [__main__] outputs saved dir=/home/h61084/codes/adapts/outputs/extraction/ETTm2/168_24/chronos2/raw/euclidean/1/online/run_0
2026-08-14 23:39:07,693 INFO [__main__] experiment done seconds=152.17
2026-08-14 23:39:07,693 INFO [__main__] ========================================================================
2026-08-14 23:39:11,523 INFO [__main__] extraction validation directory=/home/h61084/codes/adapts/outputs/extraction/ETTm2/168_24/chronos2/raw/euclidean/1/online/run_0 status=complete
2026-08-14T23:39:11+02:00 extraction done configuration=20/30 dataset=ETTm2 model=chronos2 lags=168 horizon=24 retrieval=raw_euclidean_1_online

2026-08-14T23:39:12+02:00 extraction start configuration=21/30 dataset=ETTm2 model=chronos2 lags=336 horizon=48 retrieval=vanilla run=/home/h61084/codes/adapts/outputs/extraction/ETTm2/336_48/chronos2/none/none/0/none/run_0 computation_signature=4fc8a5b168138368856987a7b1b1584f46e6641170c2e651aad16ef1dbc147e4 period=96 align_period=false datastore_stride=25 adapt_stride=25 eval_stride=127 max_store_windows=30000 seed=1
2026-08-14 23:39:14,672 INFO [__main__] ========================================================================
2026-08-14 23:39:14,672 INFO [__main__] experiment start kind=extraction dataset=ETTm2 model=chronos2 lags=336 horizon=48 neighbors=0 distance=raw/euclidean
2026-08-14 23:39:14,919 INFO [__main__] dataset load start
2026-08-14 23:39:14,921 INFO [src.data.load_dataset] loaded dataset config path=/home/h61084/codes/datasets/ETTm2/config.json keys=['aggr', 'date_col', 'drop_users']
2026-08-14 23:39:15,017 INFO [__main__] dataset load done dates=69680 users=7
2026-08-14 23:39:15,017 INFO [__main__] model load start
2026-08-14 23:39:28,985 INFO [__main__] model load done name=chronos2 device=cuda parameters_total=119,477,664 parameters_trainable=0
2026-08-14 23:39:28,992 INFO [__main__] extraction start split=adapt queries=1392
2026-08-14 23:40:38,484 INFO [__main__] extraction done split=adapt
2026-08-14 23:40:38,485 INFO [__main__] extraction start split=eval queries=110
2026-08-14 23:40:44,013 INFO [__main__] extraction done split=eval
2026-08-14 23:40:44,041 INFO [__main__] vanilla metrics saved path=/home/h61084/codes/adapts/outputs/extraction/ETTm2/336_48/chronos2/none/none/0/none/run_0/vanilla_metrics.json
2026-08-14 23:40:44,046 INFO [__main__] completion marker saved path=/home/h61084/codes/adapts/outputs/extraction/ETTm2/336_48/chronos2/none/none/0/none/run_0/extraction_manifest.json
2026-08-14 23:40:44,046 INFO [__main__] outputs saved dir=/home/h61084/codes/adapts/outputs/extraction/ETTm2/336_48/chronos2/none/none/0/none/run_0
2026-08-14 23:40:44,046 INFO [__main__] experiment done seconds=89.37
2026-08-14 23:40:44,046 INFO [__main__] ========================================================================
2026-08-14 23:40:46,951 INFO [__main__] extraction validation directory=/home/h61084/codes/adapts/outputs/extraction/ETTm2/336_48/chronos2/none/none/0/none/run_0 status=complete
2026-08-14T23:40:47+02:00 extraction done configuration=21/30 dataset=ETTm2 model=chronos2 lags=336 horizon=48 retrieval=vanilla

2026-08-14T23:40:47+02:00 extraction start configuration=22/30 dataset=ETTm2 model=chronos2 lags=336 horizon=48 retrieval=raw_euclidean_1_online run=/home/h61084/codes/adapts/outputs/extraction/ETTm2/336_48/chronos2/raw/euclidean/1/online/run_0 computation_signature=cd6658b88524143140959bba5535775ca77f9defd6d34e31b22c99add56c7f1c period=96 align_period=false datastore_stride=25 adapt_stride=25 eval_stride=127 max_store_windows=30000 seed=1
2026-08-14 23:40:50,129 INFO [__main__] ========================================================================
2026-08-14 23:40:50,130 INFO [__main__] experiment start kind=extraction dataset=ETTm2 model=chronos2 lags=336 horizon=48 neighbors=1 distance=raw/euclidean
2026-08-14 23:40:50,422 INFO [__main__] dataset load start
2026-08-14 23:40:50,424 INFO [src.data.load_dataset] loaded dataset config path=/home/h61084/codes/datasets/ETTm2/config.json keys=['aggr', 'date_col', 'drop_users']
2026-08-14 23:40:50,520 INFO [__main__] dataset load done dates=69680 users=7
2026-08-14 23:40:50,521 INFO [__main__] model load start
2026-08-14 23:41:02,582 INFO [__main__] model load done name=chronos2 device=cuda parameters_total=119,477,664 parameters_trainable=0
2026-08-14 23:41:02,590 INFO [__main__] extraction start split=adapt queries=1392
2026-08-14 23:43:20,339 INFO [__main__] extraction done split=adapt
2026-08-14 23:43:20,339 INFO [__main__] extraction start split=eval queries=110
2026-08-14 23:43:31,144 INFO [__main__] extraction done split=eval
2026-08-14 23:43:31,695 INFO [__main__] completion marker saved path=/home/h61084/codes/adapts/outputs/extraction/ETTm2/336_48/chronos2/raw/euclidean/1/online/run_0/extraction_manifest.json
2026-08-14 23:43:31,695 INFO [__main__] outputs saved dir=/home/h61084/codes/adapts/outputs/extraction/ETTm2/336_48/chronos2/raw/euclidean/1/online/run_0
2026-08-14 23:43:31,695 INFO [__main__] experiment done seconds=161.56
2026-08-14 23:43:31,695 INFO [__main__] ========================================================================
2026-08-14 23:43:34,398 INFO [__main__] extraction validation directory=/home/h61084/codes/adapts/outputs/extraction/ETTm2/336_48/chronos2/raw/euclidean/1/online/run_0 status=complete
2026-08-14T23:43:34+02:00 extraction done configuration=22/30 dataset=ETTm2 model=chronos2 lags=336 horizon=48 retrieval=raw_euclidean_1_online

2026-08-14T23:43:34+02:00 extraction start configuration=23/30 dataset=ETTm2 model=chronos2 lags=504 horizon=168 retrieval=vanilla run=/home/h61084/codes/adapts/outputs/extraction/ETTm2/504_168/chronos2/none/none/0/none/run_0 computation_signature=43957f514f02d4e9d6e1dd93559b5aa79a5fedd37152ae30b88678ff4dff50a0 period=96 align_period=false datastore_stride=25 adapt_stride=25 eval_stride=127 max_store_windows=30000 seed=1
2026-08-14 23:43:37,398 INFO [__main__] ========================================================================
2026-08-14 23:43:37,398 INFO [__main__] experiment start kind=extraction dataset=ETTm2 model=chronos2 lags=504 horizon=168 neighbors=0 distance=raw/euclidean
2026-08-14 23:43:37,662 INFO [__main__] dataset load start
2026-08-14 23:43:37,664 INFO [src.data.load_dataset] loaded dataset config path=/home/h61084/codes/datasets/ETTm2/config.json keys=['aggr', 'date_col', 'drop_users']
2026-08-14 23:43:37,760 INFO [__main__] dataset load done dates=69680 users=7
2026-08-14 23:43:37,760 INFO [__main__] model load start
2026-08-14 23:43:46,258 INFO [__main__] model load done name=chronos2 device=cuda parameters_total=119,477,664 parameters_trainable=0
2026-08-14 23:43:46,265 INFO [__main__] extraction start split=adapt queries=1387
2026-08-14 23:44:54,177 INFO [__main__] extraction done split=adapt
2026-08-14 23:44:54,177 INFO [__main__] extraction start split=eval queries=109
2026-08-14 23:44:59,619 INFO [__main__] extraction done split=eval
2026-08-14 23:44:59,646 INFO [__main__] vanilla metrics saved path=/home/h61084/codes/adapts/outputs/extraction/ETTm2/504_168/chronos2/none/none/0/none/run_0/vanilla_metrics.json
2026-08-14 23:44:59,651 INFO [__main__] completion marker saved path=/home/h61084/codes/adapts/outputs/extraction/ETTm2/504_168/chronos2/none/none/0/none/run_0/extraction_manifest.json
2026-08-14 23:44:59,651 INFO [__main__] outputs saved dir=/home/h61084/codes/adapts/outputs/extraction/ETTm2/504_168/chronos2/none/none/0/none/run_0
2026-08-14 23:44:59,651 INFO [__main__] experiment done seconds=82.25
2026-08-14 23:44:59,651 INFO [__main__] ========================================================================
2026-08-14 23:45:02,688 INFO [__main__] extraction validation directory=/home/h61084/codes/adapts/outputs/extraction/ETTm2/504_168/chronos2/none/none/0/none/run_0 status=complete
2026-08-14T23:45:03+02:00 extraction done configuration=23/30 dataset=ETTm2 model=chronos2 lags=504 horizon=168 retrieval=vanilla

2026-08-14T23:45:03+02:00 extraction start configuration=24/30 dataset=ETTm2 model=chronos2 lags=504 horizon=168 retrieval=raw_euclidean_1_online run=/home/h61084/codes/adapts/outputs/extraction/ETTm2/504_168/chronos2/raw/euclidean/1/online/run_0 computation_signature=127a8a1e8a3fb82d7c30ba18c87efb416aab463f45a0798ee502b0a95cbe9b5a period=96 align_period=false datastore_stride=25 adapt_stride=25 eval_stride=127 max_store_windows=30000 seed=1
2026-08-14 23:45:05,710 INFO [__main__] ========================================================================
2026-08-14 23:45:05,710 INFO [__main__] experiment start kind=extraction dataset=ETTm2 model=chronos2 lags=504 horizon=168 neighbors=1 distance=raw/euclidean
2026-08-14 23:45:06,025 INFO [__main__] dataset load start
2026-08-14 23:45:06,027 INFO [src.data.load_dataset] loaded dataset config path=/home/h61084/codes/datasets/ETTm2/config.json keys=['aggr', 'date_col', 'drop_users']
2026-08-14 23:45:06,128 INFO [__main__] dataset load done dates=69680 users=7
2026-08-14 23:45:06,128 INFO [__main__] model load start
2026-08-14 23:45:18,019 INFO [__main__] model load done name=chronos2 device=cuda parameters_total=119,477,664 parameters_trainable=0
2026-08-14 23:45:18,026 INFO [__main__] extraction start split=adapt queries=1387
2026-08-14 23:49:03,650 INFO [__main__] extraction done split=adapt
2026-08-14 23:49:03,650 INFO [__main__] extraction start split=eval queries=109
2026-08-14 23:49:19,996 INFO [__main__] extraction done split=eval
2026-08-14 23:49:20,694 INFO [__main__] completion marker saved path=/home/h61084/codes/adapts/outputs/extraction/ETTm2/504_168/chronos2/raw/euclidean/1/online/run_0/extraction_manifest.json
2026-08-14 23:49:20,694 INFO [__main__] outputs saved dir=/home/h61084/codes/adapts/outputs/extraction/ETTm2/504_168/chronos2/raw/euclidean/1/online/run_0
2026-08-14 23:49:20,694 INFO [__main__] experiment done seconds=254.98
2026-08-14 23:49:20,694 INFO [__main__] ========================================================================
2026-08-14 23:49:23,483 INFO [__main__] extraction validation directory=/home/h61084/codes/adapts/outputs/extraction/ETTm2/504_168/chronos2/raw/euclidean/1/online/run_0 status=complete
2026-08-14T23:49:23+02:00 extraction done configuration=24/30 dataset=ETTm2 model=chronos2 lags=504 horizon=168 retrieval=raw_euclidean_1_online

2026-08-14T23:49:24+02:00 extraction start configuration=25/30 dataset=Weather model=chronos2 lags=168 horizon=24 retrieval=vanilla run=/home/h61084/codes/adapts/outputs/extraction/Weather/168_24/chronos2/none/none/0/none/run_0 computation_signature=69722907c9a5e2e03f2a441d1834e9f64779eb5699e0c9c9154540ea4f3dcc0e period=24 align_period=false datastore_stride=25 adapt_stride=25 eval_stride=127 max_store_windows=30000 seed=1
2026-08-14 23:49:27,168 INFO [__main__] ========================================================================
2026-08-14 23:49:27,168 INFO [__main__] experiment start kind=extraction dataset=Weather model=chronos2 lags=168 horizon=24 neighbors=0 distance=raw/euclidean
2026-08-14 23:49:27,479 INFO [__main__] dataset load start
2026-08-14 23:49:27,480 INFO [src.data.load_dataset] loaded dataset config path=/home/h61084/codes/datasets/weather/config.json keys=['aggr', 'aggr_period', 'date_col', 'drop_users']
2026-08-14 23:49:27,806 INFO [__main__] dataset load done dates=8784 users=17
2026-08-14 23:49:27,806 INFO [__main__] model load start
2026-08-14 23:49:39,541 INFO [__main__] model load done name=chronos2 device=cuda parameters_total=119,477,664 parameters_trainable=0
2026-08-14 23:49:39,542 INFO [__main__] extraction start split=adapt queries=175
2026-08-14 23:49:42,985 INFO [__main__] extraction done split=adapt
2026-08-14 23:49:42,985 INFO [__main__] extraction start split=eval queries=14
2026-08-14 23:49:43,505 INFO [__main__] extraction done split=eval
2026-08-14 23:49:43,569 INFO [__main__] vanilla metrics saved path=/home/h61084/codes/adapts/outputs/extraction/Weather/168_24/chronos2/none/none/0/none/run_0/vanilla_metrics.json
2026-08-14 23:49:43,573 INFO [__main__] completion marker saved path=/home/h61084/codes/adapts/outputs/extraction/Weather/168_24/chronos2/none/none/0/none/run_0/extraction_manifest.json
2026-08-14 23:49:43,574 INFO [__main__] outputs saved dir=/home/h61084/codes/adapts/outputs/extraction/Weather/168_24/chronos2/none/none/0/none/run_0
2026-08-14 23:49:43,574 INFO [__main__] experiment done seconds=16.40
2026-08-14 23:49:43,574 INFO [__main__] ========================================================================
2026-08-14 23:49:46,250 INFO [__main__] extraction validation directory=/home/h61084/codes/adapts/outputs/extraction/Weather/168_24/chronos2/none/none/0/none/run_0 status=complete
2026-08-14T23:49:46+02:00 extraction done configuration=25/30 dataset=Weather model=chronos2 lags=168 horizon=24 retrieval=vanilla

2026-08-14T23:49:46+02:00 extraction start configuration=26/30 dataset=Weather model=chronos2 lags=168 horizon=24 retrieval=raw_euclidean_1_online run=/home/h61084/codes/adapts/outputs/extraction/Weather/168_24/chronos2/raw/euclidean/1/online/run_0 computation_signature=45e8b3194e0c828a0529e439f25532d20728c2561bb9461628c8fa134b0215df period=24 align_period=false datastore_stride=25 adapt_stride=25 eval_stride=127 max_store_windows=30000 seed=1
2026-08-14 23:49:49,244 INFO [__main__] ========================================================================
2026-08-14 23:49:49,244 INFO [__main__] experiment start kind=extraction dataset=Weather model=chronos2 lags=168 horizon=24 neighbors=1 distance=raw/euclidean
2026-08-14 23:49:49,531 INFO [__main__] dataset load start
2026-08-14 23:49:49,533 INFO [src.data.load_dataset] loaded dataset config path=/home/h61084/codes/datasets/weather/config.json keys=['aggr', 'aggr_period', 'date_col', 'drop_users']
2026-08-14 23:49:49,619 INFO [__main__] dataset load done dates=8784 users=17
2026-08-14 23:49:49,619 INFO [__main__] model load start
2026-08-14 23:49:58,257 INFO [__main__] model load done name=chronos2 device=cuda parameters_total=119,477,664 parameters_trainable=0
2026-08-14 23:49:58,258 INFO [__main__] extraction start split=adapt queries=175
2026-08-14 23:50:18,170 INFO [__main__] extraction done split=adapt
2026-08-14 23:50:18,170 INFO [__main__] extraction start split=eval queries=14
2026-08-14 23:50:19,472 INFO [__main__] extraction done split=eval
2026-08-14 23:50:19,987 INFO [__main__] completion marker saved path=/home/h61084/codes/adapts/outputs/extraction/Weather/168_24/chronos2/raw/euclidean/1/online/run_0/extraction_manifest.json
2026-08-14 23:50:19,988 INFO [__main__] outputs saved dir=/home/h61084/codes/adapts/outputs/extraction/Weather/168_24/chronos2/raw/euclidean/1/online/run_0
2026-08-14 23:50:19,988 INFO [__main__] experiment done seconds=30.74
2026-08-14 23:50:19,988 INFO [__main__] ========================================================================
2026-08-14 23:50:23,049 INFO [__main__] extraction validation directory=/home/h61084/codes/adapts/outputs/extraction/Weather/168_24/chronos2/raw/euclidean/1/online/run_0 status=complete
2026-08-14T23:50:23+02:00 extraction done configuration=26/30 dataset=Weather model=chronos2 lags=168 horizon=24 retrieval=raw_euclidean_1_online

2026-08-14T23:50:23+02:00 extraction start configuration=27/30 dataset=Weather model=chronos2 lags=336 horizon=48 retrieval=vanilla run=/home/h61084/codes/adapts/outputs/extraction/Weather/336_48/chronos2/none/none/0/none/run_0 computation_signature=e0894d749aff49685f56ec39b8775a815b77ae8966b1d66f4c3a8a2c05641683 period=24 align_period=false datastore_stride=25 adapt_stride=25 eval_stride=127 max_store_windows=30000 seed=1
2026-08-14 23:50:26,214 INFO [__main__] ========================================================================
2026-08-14 23:50:26,215 INFO [__main__] experiment start kind=extraction dataset=Weather model=chronos2 lags=336 horizon=48 neighbors=0 distance=raw/euclidean
2026-08-14 23:50:26,514 INFO [__main__] dataset load start
2026-08-14 23:50:26,515 INFO [src.data.load_dataset] loaded dataset config path=/home/h61084/codes/datasets/weather/config.json keys=['aggr', 'aggr_period', 'date_col', 'drop_users']
2026-08-14 23:50:26,599 INFO [__main__] dataset load done dates=8784 users=17
2026-08-14 23:50:26,599 INFO [__main__] model load start
2026-08-14 23:50:36,813 INFO [__main__] model load done name=chronos2 device=cuda parameters_total=119,477,664 parameters_trainable=0
2026-08-14 23:50:36,814 INFO [__main__] extraction start split=adapt queries=174
2026-08-14 23:50:40,287 INFO [__main__] extraction done split=adapt
2026-08-14 23:50:40,287 INFO [__main__] extraction start split=eval queries=14
2026-08-14 23:50:40,671 INFO [__main__] extraction done split=eval
2026-08-14 23:50:40,695 INFO [__main__] vanilla metrics saved path=/home/h61084/codes/adapts/outputs/extraction/Weather/336_48/chronos2/none/none/0/none/run_0/vanilla_metrics.json
2026-08-14 23:50:40,701 INFO [__main__] completion marker saved path=/home/h61084/codes/adapts/outputs/extraction/Weather/336_48/chronos2/none/none/0/none/run_0/extraction_manifest.json
2026-08-14 23:50:40,701 INFO [__main__] outputs saved dir=/home/h61084/codes/adapts/outputs/extraction/Weather/336_48/chronos2/none/none/0/none/run_0
2026-08-14 23:50:40,701 INFO [__main__] experiment done seconds=14.48
2026-08-14 23:50:40,701 INFO [__main__] ========================================================================
2026-08-14 23:50:43,508 INFO [__main__] extraction validation directory=/home/h61084/codes/adapts/outputs/extraction/Weather/336_48/chronos2/none/none/0/none/run_0 status=complete
2026-08-14T23:50:43+02:00 extraction done configuration=27/30 dataset=Weather model=chronos2 lags=336 horizon=48 retrieval=vanilla

2026-08-14T23:50:44+02:00 extraction start configuration=28/30 dataset=Weather model=chronos2 lags=336 horizon=48 retrieval=raw_euclidean_1_online run=/home/h61084/codes/adapts/outputs/extraction/Weather/336_48/chronos2/raw/euclidean/1/online/run_0 computation_signature=bf5d9a75b7792702de15cf4f6edaf5463125e7c8a230c91e91d4267e5228dbd6 period=24 align_period=false datastore_stride=25 adapt_stride=25 eval_stride=127 max_store_windows=30000 seed=1
2026-08-14 23:50:46,504 INFO [__main__] ========================================================================
2026-08-14 23:50:46,505 INFO [__main__] experiment start kind=extraction dataset=Weather model=chronos2 lags=336 horizon=48 neighbors=1 distance=raw/euclidean
2026-08-14 23:50:46,769 INFO [__main__] dataset load start
2026-08-14 23:50:46,770 INFO [src.data.load_dataset] loaded dataset config path=/home/h61084/codes/datasets/weather/config.json keys=['aggr', 'aggr_period', 'date_col', 'drop_users']
2026-08-14 23:50:46,868 INFO [__main__] dataset load done dates=8784 users=17
2026-08-14 23:50:46,868 INFO [__main__] model load start
2026-08-14 23:50:58,313 INFO [__main__] model load done name=chronos2 device=cuda parameters_total=119,477,664 parameters_trainable=0
2026-08-14 23:50:58,314 INFO [__main__] extraction start split=adapt queries=174
2026-08-14 23:51:17,524 INFO [__main__] extraction done split=adapt
2026-08-14 23:51:17,524 INFO [__main__] extraction start split=eval queries=14
2026-08-14 23:51:18,803 INFO [__main__] extraction done split=eval
2026-08-14 23:51:19,457 INFO [__main__] completion marker saved path=/home/h61084/codes/adapts/outputs/extraction/Weather/336_48/chronos2/raw/euclidean/1/online/run_0/extraction_manifest.json
2026-08-14 23:51:19,457 INFO [__main__] outputs saved dir=/home/h61084/codes/adapts/outputs/extraction/Weather/336_48/chronos2/raw/euclidean/1/online/run_0
2026-08-14 23:51:19,457 INFO [__main__] experiment done seconds=32.95
2026-08-14 23:51:19,457 INFO [__main__] ========================================================================
2026-08-14 23:51:22,430 INFO [__main__] extraction validation directory=/home/h61084/codes/adapts/outputs/extraction/Weather/336_48/chronos2/raw/euclidean/1/online/run_0 status=complete
2026-08-14T23:51:22+02:00 extraction done configuration=28/30 dataset=Weather model=chronos2 lags=336 horizon=48 retrieval=raw_euclidean_1_online

2026-08-14T23:51:23+02:00 extraction start configuration=29/30 dataset=Weather model=chronos2 lags=504 horizon=168 retrieval=vanilla run=/home/h61084/codes/adapts/outputs/extraction/Weather/504_168/chronos2/none/none/0/none/run_0 computation_signature=871004f78bef8446fa19a9e5c1fc12a6003245d8491aa2469d2ec98d9ba2d2a7 period=24 align_period=false datastore_stride=25 adapt_stride=25 eval_stride=127 max_store_windows=30000 seed=1
2026-08-14 23:51:25,646 INFO [__main__] ========================================================================
2026-08-14 23:51:25,646 INFO [__main__] experiment start kind=extraction dataset=Weather model=chronos2 lags=504 horizon=168 neighbors=0 distance=raw/euclidean
2026-08-14 23:51:25,949 INFO [__main__] dataset load start
2026-08-14 23:51:25,950 INFO [src.data.load_dataset] loaded dataset config path=/home/h61084/codes/datasets/weather/config.json keys=['aggr', 'aggr_period', 'date_col', 'drop_users']
2026-08-14 23:51:26,050 INFO [__main__] dataset load done dates=8784 users=17
2026-08-14 23:51:26,050 INFO [__main__] model load start
2026-08-14 23:51:34,621 INFO [__main__] model load done name=chronos2 device=cuda parameters_total=119,477,664 parameters_trainable=0
2026-08-14 23:51:34,622 INFO [__main__] extraction start split=adapt queries=169
2026-08-14 23:51:38,100 INFO [__main__] extraction done split=adapt
2026-08-14 23:51:38,100 INFO [__main__] extraction start split=eval queries=13
2026-08-14 23:51:38,344 INFO [__main__] extraction done split=eval
2026-08-14 23:51:38,348 INFO [__main__] vanilla metrics saved path=/home/h61084/codes/adapts/outputs/extraction/Weather/504_168/chronos2/none/none/0/none/run_0/vanilla_metrics.json
2026-08-14 23:51:38,355 INFO [__main__] completion marker saved path=/home/h61084/codes/adapts/outputs/extraction/Weather/504_168/chronos2/none/none/0/none/run_0/extraction_manifest.json
2026-08-14 23:51:38,355 INFO [__main__] outputs saved dir=/home/h61084/codes/adapts/outputs/extraction/Weather/504_168/chronos2/none/none/0/none/run_0
2026-08-14 23:51:38,355 INFO [__main__] experiment done seconds=12.70
2026-08-14 23:51:38,355 INFO [__main__] ========================================================================
2026-08-14 23:51:41,553 INFO [__main__] extraction validation directory=/home/h61084/codes/adapts/outputs/extraction/Weather/504_168/chronos2/none/none/0/none/run_0 status=complete
2026-08-14T23:51:41+02:00 extraction done configuration=29/30 dataset=Weather model=chronos2 lags=504 horizon=168 retrieval=vanilla

2026-08-14T23:51:42+02:00 extraction start configuration=30/30 dataset=Weather model=chronos2 lags=504 horizon=168 retrieval=raw_euclidean_1_online run=/home/h61084/codes/adapts/outputs/extraction/Weather/504_168/chronos2/raw/euclidean/1/online/run_0 computation_signature=1505012cdf77b53b35f9206a2dc7ec0af81d71ea7706851e9512c792184ea978 period=24 align_period=false datastore_stride=25 adapt_stride=25 eval_stride=127 max_store_windows=30000 seed=1
2026-08-14 23:51:44,959 INFO [__main__] ========================================================================
2026-08-14 23:51:44,959 INFO [__main__] experiment start kind=extraction dataset=Weather model=chronos2 lags=504 horizon=168 neighbors=1 distance=raw/euclidean
2026-08-14 23:51:45,246 INFO [__main__] dataset load start
2026-08-14 23:51:45,248 INFO [src.data.load_dataset] loaded dataset config path=/home/h61084/codes/datasets/weather/config.json keys=['aggr', 'aggr_period', 'date_col', 'drop_users']
2026-08-14 23:51:45,345 INFO [__main__] dataset load done dates=8784 users=17
2026-08-14 23:51:45,345 INFO [__main__] model load start
2026-08-14 23:51:56,275 INFO [__main__] model load done name=chronos2 device=cuda parameters_total=119,477,664 parameters_trainable=0
2026-08-14 23:51:56,276 INFO [__main__] extraction start split=adapt queries=169
2026-08-14 23:52:15,702 INFO [__main__] extraction done split=adapt
2026-08-14 23:52:15,702 INFO [__main__] extraction start split=eval queries=13
2026-08-14 23:52:16,913 INFO [__main__] extraction done split=eval
2026-08-14 23:52:17,555 INFO [__main__] completion marker saved path=/home/h61084/codes/adapts/outputs/extraction/Weather/504_168/chronos2/raw/euclidean/1/online/run_0/extraction_manifest.json
2026-08-14 23:52:17,555 INFO [__main__] outputs saved dir=/home/h61084/codes/adapts/outputs/extraction/Weather/504_168/chronos2/raw/euclidean/1/online/run_0
2026-08-14 23:52:17,555 INFO [__main__] experiment done seconds=32.59
2026-08-14 23:52:17,555 INFO [__main__] ========================================================================
2026-08-14 23:52:20,736 INFO [__main__] extraction validation directory=/home/h61084/codes/adapts/outputs/extraction/Weather/504_168/chronos2/raw/euclidean/1/online/run_0 status=complete
2026-08-14T23:52:21+02:00 extraction done configuration=30/30 dataset=Weather model=chronos2 lags=504 horizon=168 retrieval=raw_euclidean_1_online

2026-08-14T23:52:21+02:00 job done kind=adaptation_extraction output=outputs/extraction

2026-08-14T23:52:21+02:00 job start kind=gates family=mixed_quantity_ablation experiment_mode=full skip_complete=true tasks=15 datasets=ETTh1,ETTh2,ETTm1,ETTm2,Weather models=chronos2 settings=168:24,336:48,504:168 distance_spaces=raw distance_metrics=euclidean neighbors=1 methods=catboost_cov_regressor_shared,bayes_cov_shared task_type=CPU thread_count=2 horizon_fits=serial allocated_cpus=16 results_root=outputs/adaptation/mixed_quantity_ablation
2026-08-14 23:52:23,409 INFO [__main__] extraction validation directory=/home/h61084/codes/adapts/outputs/extraction/ETTh1/168_24/chronos2/raw/euclidean/1/online/run_0 status=complete

2026-08-14T23:52:24+02:00 gates start configuration=1/15 dataset=ETTh1 model=chronos2 formula=catboost_cov_regressor_shared lags=168 horizon=24 retrieval=raw_euclidean_1_online run=/home/h61084/codes/adapts/outputs/adaptation/mixed_quantity_ablation/ETTh1/168_24/chronos2/catboost_cov_regressor_shared/raw/euclidean/1/online/run_0 computation_signature=04198bc0c483ad37a364fa8913bc6c4b24cc88337c35bc570371a14177aec56d iterations=300 learning_rate=0.03 depth=4 early_stopping_rounds=50 task_type=CPU thread_count=2 validation_fraction=0.2 seed=1
2026-08-14 23:52:26,624 INFO [__main__] ========================================================================
2026-08-14 23:52:26,624 INFO [__main__] selected methods=('catboost_cov_regressor_shared',)
2026-08-14 23:52:28,716 INFO [__main__] gate fitting start candidate=cov
2026-08-14 23:52:30,234 INFO [__main__] gate fitting done candidate=cov
2026-08-14 23:52:30,853 INFO [__main__] experiment done seconds=4.23
2026-08-14 23:52:30,854 INFO [__main__] ========================================================================
2026-08-14T23:52:31+02:00 gates done configuration=1/15 dataset=ETTh1 model=chronos2 formula=catboost_cov_regressor_shared lags=168 horizon=24 retrieval=raw_euclidean_1_online

2026-08-14T23:52:31+02:00 gates start configuration=1/15 dataset=ETTh1 model=chronos2 formula=bayes_cov_shared lags=168 horizon=24 retrieval=raw_euclidean_1_online run=/home/h61084/codes/adapts/outputs/adaptation/mixed_quantity_ablation/ETTh1/168_24/chronos2/bayes_cov_shared/raw/euclidean/1/online/run_0 computation_signature=352860f8132bd42bebd789ea63c8acde3bdffdd592c217353167d996a6cb53f4 iterations=300 learning_rate=0.03 depth=4 early_stopping_rounds=50 task_type=CPU thread_count=2 validation_fraction=0.2 seed=1
2026-08-14 23:52:34,256 INFO [__main__] ========================================================================
2026-08-14 23:52:34,256 INFO [__main__] selected methods=('bayes_cov_shared',)
2026-08-14 23:52:36,082 INFO [__main__] gate fitting start candidate=cov
2026-08-14 23:52:36,177 INFO [__main__] gate fitting done candidate=cov
2026-08-14 23:52:36,206 INFO [__main__] experiment done seconds=1.95
2026-08-14 23:52:36,206 INFO [__main__] ========================================================================
2026-08-14T23:52:36+02:00 gates done configuration=1/15 dataset=ETTh1 model=chronos2 formula=bayes_cov_shared lags=168 horizon=24 retrieval=raw_euclidean_1_online
2026-08-14 23:52:39,216 INFO [__main__] extraction validation directory=/home/h61084/codes/adapts/outputs/extraction/ETTh1/336_48/chronos2/raw/euclidean/1/online/run_0 status=complete

2026-08-14T23:52:39+02:00 gates start configuration=2/15 dataset=ETTh1 model=chronos2 formula=catboost_cov_regressor_shared lags=336 horizon=48 retrieval=raw_euclidean_1_online run=/home/h61084/codes/adapts/outputs/adaptation/mixed_quantity_ablation/ETTh1/336_48/chronos2/catboost_cov_regressor_shared/raw/euclidean/1/online/run_0 computation_signature=6c42fb2cc252341c781654e909161925530e1dc2f3e9e761bfb4c500112a8024 iterations=300 learning_rate=0.03 depth=4 early_stopping_rounds=50 task_type=CPU thread_count=2 validation_fraction=0.2 seed=1
2026-08-14 23:52:42,363 INFO [__main__] ========================================================================
2026-08-14 23:52:42,363 INFO [__main__] selected methods=('catboost_cov_regressor_shared',)
2026-08-14 23:52:44,530 INFO [__main__] gate fitting start candidate=cov
2026-08-14 23:52:45,761 INFO [__main__] gate fitting done candidate=cov
2026-08-14 23:52:46,395 INFO [__main__] experiment done seconds=4.03
2026-08-14 23:52:46,395 INFO [__main__] ========================================================================
2026-08-14T23:52:47+02:00 gates done configuration=2/15 dataset=ETTh1 model=chronos2 formula=catboost_cov_regressor_shared lags=336 horizon=48 retrieval=raw_euclidean_1_online

2026-08-14T23:52:47+02:00 gates start configuration=2/15 dataset=ETTh1 model=chronos2 formula=bayes_cov_shared lags=336 horizon=48 retrieval=raw_euclidean_1_online run=/home/h61084/codes/adapts/outputs/adaptation/mixed_quantity_ablation/ETTh1/336_48/chronos2/bayes_cov_shared/raw/euclidean/1/online/run_0 computation_signature=4008af30c9d9ecf7df34872c4490c4758ff805c1d9160857e93a3018a95e12d7 iterations=300 learning_rate=0.03 depth=4 early_stopping_rounds=50 task_type=CPU thread_count=2 validation_fraction=0.2 seed=1
2026-08-14 23:52:49,641 INFO [__main__] ========================================================================
2026-08-14 23:52:49,642 INFO [__main__] selected methods=('bayes_cov_shared',)
2026-08-14 23:52:51,222 INFO [__main__] gate fitting start candidate=cov
2026-08-14 23:52:51,299 INFO [__main__] gate fitting done candidate=cov
2026-08-14 23:52:51,326 INFO [__main__] experiment done seconds=1.68
2026-08-14 23:52:51,326 INFO [__main__] ========================================================================
2026-08-14T23:52:51+02:00 gates done configuration=2/15 dataset=ETTh1 model=chronos2 formula=bayes_cov_shared lags=336 horizon=48 retrieval=raw_euclidean_1_online
2026-08-14 23:52:54,294 INFO [__main__] extraction validation directory=/home/h61084/codes/adapts/outputs/extraction/ETTh1/504_168/chronos2/raw/euclidean/1/online/run_0 status=complete

2026-08-14T23:52:54+02:00 gates start configuration=3/15 dataset=ETTh1 model=chronos2 formula=catboost_cov_regressor_shared lags=504 horizon=168 retrieval=raw_euclidean_1_online run=/home/h61084/codes/adapts/outputs/adaptation/mixed_quantity_ablation/ETTh1/504_168/chronos2/catboost_cov_regressor_shared/raw/euclidean/1/online/run_0 computation_signature=776162e565782c4862d25135a4c2e0533d03a0701e6d923531fc494b795a1651 iterations=300 learning_rate=0.03 depth=4 early_stopping_rounds=50 task_type=CPU thread_count=2 validation_fraction=0.2 seed=1
2026-08-14 23:52:57,288 INFO [__main__] ========================================================================
2026-08-14 23:52:57,288 INFO [__main__] selected methods=('catboost_cov_regressor_shared',)
2026-08-14 23:52:59,473 INFO [__main__] gate fitting start candidate=cov
2026-08-14 23:53:00,664 INFO [__main__] gate fitting done candidate=cov
2026-08-14 23:53:01,308 INFO [__main__] experiment done seconds=4.02
2026-08-14 23:53:01,309 INFO [__main__] ========================================================================
2026-08-14T23:53:01+02:00 gates done configuration=3/15 dataset=ETTh1 model=chronos2 formula=catboost_cov_regressor_shared lags=504 horizon=168 retrieval=raw_euclidean_1_online

2026-08-14T23:53:02+02:00 gates start configuration=3/15 dataset=ETTh1 model=chronos2 formula=bayes_cov_shared lags=504 horizon=168 retrieval=raw_euclidean_1_online run=/home/h61084/codes/adapts/outputs/adaptation/mixed_quantity_ablation/ETTh1/504_168/chronos2/bayes_cov_shared/raw/euclidean/1/online/run_0 computation_signature=397986dd52f82749e4b4fe800db5f94583bed770d4d152611fbed189c271223c iterations=300 learning_rate=0.03 depth=4 early_stopping_rounds=50 task_type=CPU thread_count=2 validation_fraction=0.2 seed=1
2026-08-14 23:53:04,794 INFO [__main__] ========================================================================
2026-08-14 23:53:04,794 INFO [__main__] selected methods=('bayes_cov_shared',)
2026-08-14 23:53:06,418 INFO [__main__] gate fitting start candidate=cov
2026-08-14 23:53:06,519 INFO [__main__] gate fitting done candidate=cov
2026-08-14 23:53:06,546 INFO [__main__] experiment done seconds=1.75
2026-08-14 23:53:06,546 INFO [__main__] ========================================================================
2026-08-14T23:53:07+02:00 gates done configuration=3/15 dataset=ETTh1 model=chronos2 formula=bayes_cov_shared lags=504 horizon=168 retrieval=raw_euclidean_1_online
2026-08-14 23:53:09,445 INFO [__main__] extraction validation directory=/home/h61084/codes/adapts/outputs/extraction/ETTh2/168_24/chronos2/raw/euclidean/1/online/run_0 status=complete

2026-08-14T23:53:10+02:00 gates start configuration=4/15 dataset=ETTh2 model=chronos2 formula=catboost_cov_regressor_shared lags=168 horizon=24 retrieval=raw_euclidean_1_online run=/home/h61084/codes/adapts/outputs/adaptation/mixed_quantity_ablation/ETTh2/168_24/chronos2/catboost_cov_regressor_shared/raw/euclidean/1/online/run_0 computation_signature=d82136577b3ea00d35d68eae344d55089bf84342f7c5a67075479e14fa46a279 iterations=300 learning_rate=0.03 depth=4 early_stopping_rounds=50 task_type=CPU thread_count=2 validation_fraction=0.2 seed=1
2026-08-14 23:53:12,673 INFO [__main__] ========================================================================
2026-08-14 23:53:12,673 INFO [__main__] selected methods=('catboost_cov_regressor_shared',)
2026-08-14 23:53:14,620 INFO [__main__] gate fitting start candidate=cov
2026-08-14 23:53:15,927 INFO [__main__] gate fitting done candidate=cov
2026-08-14 23:53:16,556 INFO [__main__] experiment done seconds=3.88
2026-08-14 23:53:16,556 INFO [__main__] ========================================================================
2026-08-14T23:53:17+02:00 gates done configuration=4/15 dataset=ETTh2 model=chronos2 formula=catboost_cov_regressor_shared lags=168 horizon=24 retrieval=raw_euclidean_1_online

2026-08-14T23:53:17+02:00 gates start configuration=4/15 dataset=ETTh2 model=chronos2 formula=bayes_cov_shared lags=168 horizon=24 retrieval=raw_euclidean_1_online run=/home/h61084/codes/adapts/outputs/adaptation/mixed_quantity_ablation/ETTh2/168_24/chronos2/bayes_cov_shared/raw/euclidean/1/online/run_0 computation_signature=354dd3680d2c9c305298166694486759eac37371698790f134fbf9ea0fb8f290 iterations=300 learning_rate=0.03 depth=4 early_stopping_rounds=50 task_type=CPU thread_count=2 validation_fraction=0.2 seed=1
2026-08-14 23:53:19,882 INFO [__main__] ========================================================================
2026-08-14 23:53:19,882 INFO [__main__] selected methods=('bayes_cov_shared',)
2026-08-14 23:53:21,653 INFO [__main__] gate fitting start candidate=cov
2026-08-14 23:53:21,716 INFO [__main__] gate fitting done candidate=cov
2026-08-14 23:53:21,742 INFO [__main__] experiment done seconds=1.86
2026-08-14 23:53:21,742 INFO [__main__] ========================================================================
2026-08-14T23:53:22+02:00 gates done configuration=4/15 dataset=ETTh2 model=chronos2 formula=bayes_cov_shared lags=168 horizon=24 retrieval=raw_euclidean_1_online
2026-08-14 23:53:24,545 INFO [__main__] extraction validation directory=/home/h61084/codes/adapts/outputs/extraction/ETTh2/336_48/chronos2/raw/euclidean/1/online/run_0 status=complete

2026-08-14T23:53:25+02:00 gates start configuration=5/15 dataset=ETTh2 model=chronos2 formula=catboost_cov_regressor_shared lags=336 horizon=48 retrieval=raw_euclidean_1_online run=/home/h61084/codes/adapts/outputs/adaptation/mixed_quantity_ablation/ETTh2/336_48/chronos2/catboost_cov_regressor_shared/raw/euclidean/1/online/run_0 computation_signature=2247266f88b46d54f87f984719dc5f98023017e8684f8ed8e472b7600b2edd5c iterations=300 learning_rate=0.03 depth=4 early_stopping_rounds=50 task_type=CPU thread_count=2 validation_fraction=0.2 seed=1
2026-08-14 23:53:27,618 INFO [__main__] ========================================================================
2026-08-14 23:53:27,618 INFO [__main__] selected methods=('catboost_cov_regressor_shared',)
2026-08-14 23:53:29,467 INFO [__main__] gate fitting start candidate=cov
2026-08-14 23:53:30,846 INFO [__main__] gate fitting done candidate=cov
2026-08-14 23:53:31,462 INFO [__main__] experiment done seconds=3.84
2026-08-14 23:53:31,462 INFO [__main__] ========================================================================
2026-08-14T23:53:32+02:00 gates done configuration=5/15 dataset=ETTh2 model=chronos2 formula=catboost_cov_regressor_shared lags=336 horizon=48 retrieval=raw_euclidean_1_online

2026-08-14T23:53:32+02:00 gates start configuration=5/15 dataset=ETTh2 model=chronos2 formula=bayes_cov_shared lags=336 horizon=48 retrieval=raw_euclidean_1_online run=/home/h61084/codes/adapts/outputs/adaptation/mixed_quantity_ablation/ETTh2/336_48/chronos2/bayes_cov_shared/raw/euclidean/1/online/run_0 computation_signature=747802b1900e757818bab6b719daf829d1bdf7dfc83f445b9961e63571e2ca58 iterations=300 learning_rate=0.03 depth=4 early_stopping_rounds=50 task_type=CPU thread_count=2 validation_fraction=0.2 seed=1
2026-08-14 23:53:34,695 INFO [__main__] ========================================================================
2026-08-14 23:53:34,696 INFO [__main__] selected methods=('bayes_cov_shared',)
2026-08-14 23:53:36,400 INFO [__main__] gate fitting start candidate=cov
2026-08-14 23:53:36,467 INFO [__main__] gate fitting done candidate=cov
2026-08-14 23:53:36,497 INFO [__main__] experiment done seconds=1.80
2026-08-14 23:53:36,497 INFO [__main__] ========================================================================
2026-08-14T23:53:36+02:00 gates done configuration=5/15 dataset=ETTh2 model=chronos2 formula=bayes_cov_shared lags=336 horizon=48 retrieval=raw_euclidean_1_online
2026-08-14 23:53:39,326 INFO [__main__] extraction validation directory=/home/h61084/codes/adapts/outputs/extraction/ETTh2/504_168/chronos2/raw/euclidean/1/online/run_0 status=complete

2026-08-14T23:53:39+02:00 gates start configuration=6/15 dataset=ETTh2 model=chronos2 formula=catboost_cov_regressor_shared lags=504 horizon=168 retrieval=raw_euclidean_1_online run=/home/h61084/codes/adapts/outputs/adaptation/mixed_quantity_ablation/ETTh2/504_168/chronos2/catboost_cov_regressor_shared/raw/euclidean/1/online/run_0 computation_signature=463eacb67ddd8070312ca4e60cfb4d2b213edf5c2b4314fe4610f3b0502f5cc5 iterations=300 learning_rate=0.03 depth=4 early_stopping_rounds=50 task_type=CPU thread_count=2 validation_fraction=0.2 seed=1
2026-08-14 23:53:42,490 INFO [__main__] ========================================================================
2026-08-14 23:53:42,490 INFO [__main__] selected methods=('catboost_cov_regressor_shared',)
2026-08-14 23:53:44,553 INFO [__main__] gate fitting start candidate=cov
2026-08-14 23:53:45,827 INFO [__main__] gate fitting done candidate=cov
2026-08-14 23:53:46,457 INFO [__main__] experiment done seconds=3.96
2026-08-14 23:53:46,457 INFO [__main__] ========================================================================
2026-08-14T23:53:47+02:00 gates done configuration=6/15 dataset=ETTh2 model=chronos2 formula=catboost_cov_regressor_shared lags=504 horizon=168 retrieval=raw_euclidean_1_online

2026-08-14T23:53:47+02:00 gates start configuration=6/15 dataset=ETTh2 model=chronos2 formula=bayes_cov_shared lags=504 horizon=168 retrieval=raw_euclidean_1_online run=/home/h61084/codes/adapts/outputs/adaptation/mixed_quantity_ablation/ETTh2/504_168/chronos2/bayes_cov_shared/raw/euclidean/1/online/run_0 computation_signature=c0566813e79683ddf490ba9337873031969e295d6b5e80c9c1ee959ae4f55eb4 iterations=300 learning_rate=0.03 depth=4 early_stopping_rounds=50 task_type=CPU thread_count=2 validation_fraction=0.2 seed=1
2026-08-14 23:53:49,799 INFO [__main__] ========================================================================
2026-08-14 23:53:49,799 INFO [__main__] selected methods=('bayes_cov_shared',)
2026-08-14 23:53:51,569 INFO [__main__] gate fitting start candidate=cov
2026-08-14 23:53:51,694 INFO [__main__] gate fitting done candidate=cov
2026-08-14 23:53:51,724 INFO [__main__] experiment done seconds=1.92
2026-08-14 23:53:51,724 INFO [__main__] ========================================================================
2026-08-14T23:53:52+02:00 gates done configuration=6/15 dataset=ETTh2 model=chronos2 formula=bayes_cov_shared lags=504 horizon=168 retrieval=raw_euclidean_1_online
2026-08-14 23:53:54,576 INFO [__main__] extraction validation directory=/home/h61084/codes/adapts/outputs/extraction/ETTm1/168_24/chronos2/raw/euclidean/1/online/run_0 status=complete

2026-08-14T23:53:55+02:00 gates start configuration=7/15 dataset=ETTm1 model=chronos2 formula=catboost_cov_regressor_shared lags=168 horizon=24 retrieval=raw_euclidean_1_online run=/home/h61084/codes/adapts/outputs/adaptation/mixed_quantity_ablation/ETTm1/168_24/chronos2/catboost_cov_regressor_shared/raw/euclidean/1/online/run_0 computation_signature=a68133e91d9145d720b81ced4ddd0282da5de9a551d428653d03ecc7b56ea493 iterations=300 learning_rate=0.03 depth=4 early_stopping_rounds=50 task_type=CPU thread_count=2 validation_fraction=0.2 seed=1
2026-08-14 23:53:57,532 INFO [__main__] ========================================================================
2026-08-14 23:53:57,532 INFO [__main__] selected methods=('catboost_cov_regressor_shared',)
2026-08-14 23:53:59,702 INFO [__main__] gate fitting start candidate=cov
2026-08-14 23:54:01,296 INFO [__main__] gate fitting done candidate=cov
2026-08-14 23:54:01,928 INFO [__main__] experiment done seconds=4.39
2026-08-14 23:54:01,929 INFO [__main__] ========================================================================
2026-08-14T23:54:02+02:00 gates done configuration=7/15 dataset=ETTm1 model=chronos2 formula=catboost_cov_regressor_shared lags=168 horizon=24 retrieval=raw_euclidean_1_online

2026-08-14T23:54:02+02:00 gates start configuration=7/15 dataset=ETTm1 model=chronos2 formula=bayes_cov_shared lags=168 horizon=24 retrieval=raw_euclidean_1_online run=/home/h61084/codes/adapts/outputs/adaptation/mixed_quantity_ablation/ETTm1/168_24/chronos2/bayes_cov_shared/raw/euclidean/1/online/run_0 computation_signature=a29a6da91b95736690476102c9531fa85535984eaa6bd116780d5accca00cf54 iterations=300 learning_rate=0.03 depth=4 early_stopping_rounds=50 task_type=CPU thread_count=2 validation_fraction=0.2 seed=1
2026-08-14 23:54:05,275 INFO [__main__] ========================================================================
2026-08-14 23:54:05,275 INFO [__main__] selected methods=('bayes_cov_shared',)
2026-08-14 23:54:07,062 INFO [__main__] gate fitting start candidate=cov
2026-08-14 23:54:07,155 INFO [__main__] gate fitting done candidate=cov
2026-08-14 23:54:07,187 INFO [__main__] experiment done seconds=1.91
2026-08-14 23:54:07,187 INFO [__main__] ========================================================================
2026-08-14T23:54:07+02:00 gates done configuration=7/15 dataset=ETTm1 model=chronos2 formula=bayes_cov_shared lags=168 horizon=24 retrieval=raw_euclidean_1_online
2026-08-14 23:54:10,122 INFO [__main__] extraction validation directory=/home/h61084/codes/adapts/outputs/extraction/ETTm1/336_48/chronos2/raw/euclidean/1/online/run_0 status=complete

2026-08-14T23:54:10+02:00 gates start configuration=8/15 dataset=ETTm1 model=chronos2 formula=catboost_cov_regressor_shared lags=336 horizon=48 retrieval=raw_euclidean_1_online run=/home/h61084/codes/adapts/outputs/adaptation/mixed_quantity_ablation/ETTm1/336_48/chronos2/catboost_cov_regressor_shared/raw/euclidean/1/online/run_0 computation_signature=b49a89d5d2b3063b1519d1aa4b0877980a82f47b85877bda623617aeea1d2b7b iterations=300 learning_rate=0.03 depth=4 early_stopping_rounds=50 task_type=CPU thread_count=2 validation_fraction=0.2 seed=1
2026-08-14 23:54:13,190 INFO [__main__] ========================================================================
2026-08-14 23:54:13,190 INFO [__main__] selected methods=('catboost_cov_regressor_shared',)
2026-08-14 23:54:15,425 INFO [__main__] gate fitting start candidate=cov
2026-08-14 23:54:16,983 INFO [__main__] gate fitting done candidate=cov
2026-08-14 23:54:17,609 INFO [__main__] experiment done seconds=4.42
2026-08-14 23:54:17,609 INFO [__main__] ========================================================================
2026-08-14T23:54:18+02:00 gates done configuration=8/15 dataset=ETTm1 model=chronos2 formula=catboost_cov_regressor_shared lags=336 horizon=48 retrieval=raw_euclidean_1_online

2026-08-14T23:54:18+02:00 gates start configuration=8/15 dataset=ETTm1 model=chronos2 formula=bayes_cov_shared lags=336 horizon=48 retrieval=raw_euclidean_1_online run=/home/h61084/codes/adapts/outputs/adaptation/mixed_quantity_ablation/ETTm1/336_48/chronos2/bayes_cov_shared/raw/euclidean/1/online/run_0 computation_signature=e5573ddac043a9dd35d6d9dcae3d1ed7fef5a751da6b49aa39b9267f1f30055a iterations=300 learning_rate=0.03 depth=4 early_stopping_rounds=50 task_type=CPU thread_count=2 validation_fraction=0.2 seed=1
2026-08-14 23:54:21,052 INFO [__main__] ========================================================================
2026-08-14 23:54:21,052 INFO [__main__] selected methods=('bayes_cov_shared',)
2026-08-14 23:54:22,795 INFO [__main__] gate fitting start candidate=cov
2026-08-14 23:54:22,871 INFO [__main__] gate fitting done candidate=cov
2026-08-14 23:54:22,900 INFO [__main__] experiment done seconds=1.84
2026-08-14 23:54:22,900 INFO [__main__] ========================================================================
2026-08-14T23:54:23+02:00 gates done configuration=8/15 dataset=ETTm1 model=chronos2 formula=bayes_cov_shared lags=336 horizon=48 retrieval=raw_euclidean_1_online
2026-08-14 23:54:25,452 INFO [__main__] extraction validation directory=/home/h61084/codes/adapts/outputs/extraction/ETTm1/504_168/chronos2/raw/euclidean/1/online/run_0 status=complete

2026-08-14T23:54:26+02:00 gates start configuration=9/15 dataset=ETTm1 model=chronos2 formula=catboost_cov_regressor_shared lags=504 horizon=168 retrieval=raw_euclidean_1_online run=/home/h61084/codes/adapts/outputs/adaptation/mixed_quantity_ablation/ETTm1/504_168/chronos2/catboost_cov_regressor_shared/raw/euclidean/1/online/run_0 computation_signature=24276d112adf02b0c302bd9ca8c72780e442c0fc7caa2c8e21e7c2d1f158b0c3 iterations=300 learning_rate=0.03 depth=4 early_stopping_rounds=50 task_type=CPU thread_count=2 validation_fraction=0.2 seed=1
2026-08-14 23:54:29,032 INFO [__main__] ========================================================================
2026-08-14 23:54:29,033 INFO [__main__] selected methods=('catboost_cov_regressor_shared',)
2026-08-14 23:54:31,931 INFO [__main__] gate fitting start candidate=cov
2026-08-14 23:54:33,398 INFO [__main__] gate fitting done candidate=cov
2026-08-14 23:54:34,258 INFO [__main__] experiment done seconds=5.19
2026-08-14 23:54:34,258 INFO [__main__] ========================================================================
2026-08-14T23:54:35+02:00 gates done configuration=9/15 dataset=ETTm1 model=chronos2 formula=catboost_cov_regressor_shared lags=504 horizon=168 retrieval=raw_euclidean_1_online

2026-08-14T23:54:35+02:00 gates start configuration=9/15 dataset=ETTm1 model=chronos2 formula=bayes_cov_shared lags=504 horizon=168 retrieval=raw_euclidean_1_online run=/home/h61084/codes/adapts/outputs/adaptation/mixed_quantity_ablation/ETTm1/504_168/chronos2/bayes_cov_shared/raw/euclidean/1/online/run_0 computation_signature=0ce501744680cd18319a9708e7c8b5effc75df13e03347072190a48432f388ac iterations=300 learning_rate=0.03 depth=4 early_stopping_rounds=50 task_type=CPU thread_count=2 validation_fraction=0.2 seed=1
2026-08-14 23:54:38,117 INFO [__main__] ========================================================================
2026-08-14 23:54:38,117 INFO [__main__] selected methods=('bayes_cov_shared',)
2026-08-14 23:54:40,001 INFO [__main__] gate fitting start candidate=cov
2026-08-14 23:54:40,118 INFO [__main__] gate fitting done candidate=cov
2026-08-14 23:54:40,146 INFO [__main__] experiment done seconds=2.03
2026-08-14 23:54:40,146 INFO [__main__] ========================================================================
2026-08-14T23:54:40+02:00 gates done configuration=9/15 dataset=ETTm1 model=chronos2 formula=bayes_cov_shared lags=504 horizon=168 retrieval=raw_euclidean_1_online
2026-08-14 23:54:43,041 INFO [__main__] extraction validation directory=/home/h61084/codes/adapts/outputs/extraction/ETTm2/168_24/chronos2/raw/euclidean/1/online/run_0 status=complete

2026-08-14T23:54:43+02:00 gates start configuration=10/15 dataset=ETTm2 model=chronos2 formula=catboost_cov_regressor_shared lags=168 horizon=24 retrieval=raw_euclidean_1_online run=/home/h61084/codes/adapts/outputs/adaptation/mixed_quantity_ablation/ETTm2/168_24/chronos2/catboost_cov_regressor_shared/raw/euclidean/1/online/run_0 computation_signature=de6da4dfb70073794be5cb2b5e4471fcbac3e52db171b9cd23a6619df56cfc30 iterations=300 learning_rate=0.03 depth=4 early_stopping_rounds=50 task_type=CPU thread_count=2 validation_fraction=0.2 seed=1
2026-08-14 23:54:46,359 INFO [__main__] ========================================================================
2026-08-14 23:54:46,359 INFO [__main__] selected methods=('catboost_cov_regressor_shared',)
2026-08-14 23:54:48,551 INFO [__main__] gate fitting start candidate=cov
2026-08-14 23:54:50,341 INFO [__main__] gate fitting done candidate=cov
2026-08-14 23:54:51,072 INFO [__main__] experiment done seconds=4.71
2026-08-14 23:54:51,072 INFO [__main__] ========================================================================
2026-08-14T23:54:51+02:00 gates done configuration=10/15 dataset=ETTm2 model=chronos2 formula=catboost_cov_regressor_shared lags=168 horizon=24 retrieval=raw_euclidean_1_online

2026-08-14T23:54:52+02:00 gates start configuration=10/15 dataset=ETTm2 model=chronos2 formula=bayes_cov_shared lags=168 horizon=24 retrieval=raw_euclidean_1_online run=/home/h61084/codes/adapts/outputs/adaptation/mixed_quantity_ablation/ETTm2/168_24/chronos2/bayes_cov_shared/raw/euclidean/1/online/run_0 computation_signature=e4f99885289ffa51cb10dd84dc740ddf7dc0f9c376f76894e377d8c4be255c21 iterations=300 learning_rate=0.03 depth=4 early_stopping_rounds=50 task_type=CPU thread_count=2 validation_fraction=0.2 seed=1
2026-08-14 23:54:54,478 INFO [__main__] ========================================================================
2026-08-14 23:54:54,478 INFO [__main__] selected methods=('bayes_cov_shared',)
2026-08-14 23:54:56,229 INFO [__main__] gate fitting start candidate=cov
2026-08-14 23:54:56,315 INFO [__main__] gate fitting done candidate=cov
2026-08-14 23:54:56,347 INFO [__main__] experiment done seconds=1.87
2026-08-14 23:54:56,347 INFO [__main__] ========================================================================
2026-08-14T23:54:56+02:00 gates done configuration=10/15 dataset=ETTm2 model=chronos2 formula=bayes_cov_shared lags=168 horizon=24 retrieval=raw_euclidean_1_online
2026-08-14 23:54:59,112 INFO [__main__] extraction validation directory=/home/h61084/codes/adapts/outputs/extraction/ETTm2/336_48/chronos2/raw/euclidean/1/online/run_0 status=complete

2026-08-14T23:54:59+02:00 gates start configuration=11/15 dataset=ETTm2 model=chronos2 formula=catboost_cov_regressor_shared lags=336 horizon=48 retrieval=raw_euclidean_1_online run=/home/h61084/codes/adapts/outputs/adaptation/mixed_quantity_ablation/ETTm2/336_48/chronos2/catboost_cov_regressor_shared/raw/euclidean/1/online/run_0 computation_signature=1c90efb121932d66213d29e2a22e3ccaf864931315aba2d328af6ab181ad8db5 iterations=300 learning_rate=0.03 depth=4 early_stopping_rounds=50 task_type=CPU thread_count=2 validation_fraction=0.2 seed=1
2026-08-14 23:55:02,353 INFO [__main__] ========================================================================
2026-08-14 23:55:02,354 INFO [__main__] selected methods=('catboost_cov_regressor_shared',)
2026-08-14 23:55:04,837 INFO [__main__] gate fitting start candidate=cov
2026-08-14 23:55:06,160 INFO [__main__] gate fitting done candidate=cov
2026-08-14 23:55:06,786 INFO [__main__] experiment done seconds=4.43
2026-08-14 23:55:06,787 INFO [__main__] ========================================================================
2026-08-14T23:55:07+02:00 gates done configuration=11/15 dataset=ETTm2 model=chronos2 formula=catboost_cov_regressor_shared lags=336 horizon=48 retrieval=raw_euclidean_1_online

2026-08-14T23:55:07+02:00 gates start configuration=11/15 dataset=ETTm2 model=chronos2 formula=bayes_cov_shared lags=336 horizon=48 retrieval=raw_euclidean_1_online run=/home/h61084/codes/adapts/outputs/adaptation/mixed_quantity_ablation/ETTm2/336_48/chronos2/bayes_cov_shared/raw/euclidean/1/online/run_0 computation_signature=c85268e85f7e6b9bb9b09f06337eea420867d0996f4cade63fedae06c423419f iterations=300 learning_rate=0.03 depth=4 early_stopping_rounds=50 task_type=CPU thread_count=2 validation_fraction=0.2 seed=1
2026-08-14 23:55:10,312 INFO [__main__] ========================================================================
2026-08-14 23:55:10,313 INFO [__main__] selected methods=('bayes_cov_shared',)
2026-08-14 23:55:12,156 INFO [__main__] gate fitting start candidate=cov
2026-08-14 23:55:12,251 INFO [__main__] gate fitting done candidate=cov
2026-08-14 23:55:12,279 INFO [__main__] experiment done seconds=1.96
2026-08-14 23:55:12,279 INFO [__main__] ========================================================================
2026-08-14T23:55:12+02:00 gates done configuration=11/15 dataset=ETTm2 model=chronos2 formula=bayes_cov_shared lags=336 horizon=48 retrieval=raw_euclidean_1_online
2026-08-14 23:55:15,036 INFO [__main__] extraction validation directory=/home/h61084/codes/adapts/outputs/extraction/ETTm2/504_168/chronos2/raw/euclidean/1/online/run_0 status=complete

2026-08-14T23:55:15+02:00 gates start configuration=12/15 dataset=ETTm2 model=chronos2 formula=catboost_cov_regressor_shared lags=504 horizon=168 retrieval=raw_euclidean_1_online run=/home/h61084/codes/adapts/outputs/adaptation/mixed_quantity_ablation/ETTm2/504_168/chronos2/catboost_cov_regressor_shared/raw/euclidean/1/online/run_0 computation_signature=3b07b1239aa3eb922324c3fb20ba06bc64b773470a8ffc6ad505d3778fd1b23b iterations=300 learning_rate=0.03 depth=4 early_stopping_rounds=50 task_type=CPU thread_count=2 validation_fraction=0.2 seed=1
2026-08-14 23:55:18,195 INFO [__main__] ========================================================================
2026-08-14 23:55:18,195 INFO [__main__] selected methods=('catboost_cov_regressor_shared',)
2026-08-14 23:55:20,766 INFO [__main__] gate fitting start candidate=cov
2026-08-14 23:55:22,185 INFO [__main__] gate fitting done candidate=cov
2026-08-14 23:55:22,992 INFO [__main__] experiment done seconds=4.79
2026-08-14 23:55:22,992 INFO [__main__] ========================================================================
2026-08-14T23:55:24+02:00 gates done configuration=12/15 dataset=ETTm2 model=chronos2 formula=catboost_cov_regressor_shared lags=504 horizon=168 retrieval=raw_euclidean_1_online

2026-08-14T23:55:24+02:00 gates start configuration=12/15 dataset=ETTm2 model=chronos2 formula=bayes_cov_shared lags=504 horizon=168 retrieval=raw_euclidean_1_online run=/home/h61084/codes/adapts/outputs/adaptation/mixed_quantity_ablation/ETTm2/504_168/chronos2/bayes_cov_shared/raw/euclidean/1/online/run_0 computation_signature=fe03274854cbbade3e3ef3e6b59bd18a01426223dd12c97fc8b35a8c7caa2fd8 iterations=300 learning_rate=0.03 depth=4 early_stopping_rounds=50 task_type=CPU thread_count=2 validation_fraction=0.2 seed=1
2026-08-14 23:55:26,847 INFO [__main__] ========================================================================
2026-08-14 23:55:26,847 INFO [__main__] selected methods=('bayes_cov_shared',)
2026-08-14 23:55:28,710 INFO [__main__] gate fitting start candidate=cov
2026-08-14 23:55:28,833 INFO [__main__] gate fitting done candidate=cov
2026-08-14 23:55:28,860 INFO [__main__] experiment done seconds=2.01
2026-08-14 23:55:28,860 INFO [__main__] ========================================================================
2026-08-14T23:55:29+02:00 gates done configuration=12/15 dataset=ETTm2 model=chronos2 formula=bayes_cov_shared lags=504 horizon=168 retrieval=raw_euclidean_1_online
2026-08-14 23:55:31,602 INFO [__main__] extraction validation directory=/home/h61084/codes/adapts/outputs/extraction/Weather/168_24/chronos2/raw/euclidean/1/online/run_0 status=complete

2026-08-14T23:55:32+02:00 gates start configuration=13/15 dataset=Weather model=chronos2 formula=catboost_cov_regressor_shared lags=168 horizon=24 retrieval=raw_euclidean_1_online run=/home/h61084/codes/adapts/outputs/adaptation/mixed_quantity_ablation/Weather/168_24/chronos2/catboost_cov_regressor_shared/raw/euclidean/1/online/run_0 computation_signature=a68a614acf162fa1dfd0a069ffbac6dfb177e5fc89ccf835ecac8d0b09951192 iterations=300 learning_rate=0.03 depth=4 early_stopping_rounds=50 task_type=CPU thread_count=2 validation_fraction=0.2 seed=1
2026-08-14 23:55:34,716 INFO [__main__] ========================================================================
2026-08-14 23:55:34,716 INFO [__main__] selected methods=('catboost_cov_regressor_shared',)
2026-08-14 23:55:37,291 INFO [__main__] gate fitting start candidate=cov
2026-08-14 23:55:38,655 INFO [__main__] gate fitting done candidate=cov
2026-08-14 23:55:39,266 INFO [__main__] experiment done seconds=4.55
2026-08-14 23:55:39,266 INFO [__main__] ========================================================================
2026-08-14T23:55:39+02:00 gates done configuration=13/15 dataset=Weather model=chronos2 formula=catboost_cov_regressor_shared lags=168 horizon=24 retrieval=raw_euclidean_1_online

2026-08-14T23:55:40+02:00 gates start configuration=13/15 dataset=Weather model=chronos2 formula=bayes_cov_shared lags=168 horizon=24 retrieval=raw_euclidean_1_online run=/home/h61084/codes/adapts/outputs/adaptation/mixed_quantity_ablation/Weather/168_24/chronos2/bayes_cov_shared/raw/euclidean/1/online/run_0 computation_signature=4d040b831df62a57f386f586b5f8876a9dfddd354c0924c00d35316393989d3c iterations=300 learning_rate=0.03 depth=4 early_stopping_rounds=50 task_type=CPU thread_count=2 validation_fraction=0.2 seed=1
2026-08-14 23:55:42,513 INFO [__main__] ========================================================================
2026-08-14 23:55:42,513 INFO [__main__] selected methods=('bayes_cov_shared',)
2026-08-14 23:55:44,111 INFO [__main__] gate fitting start candidate=cov
2026-08-14 23:55:44,179 INFO [__main__] gate fitting done candidate=cov
2026-08-14 23:55:44,205 INFO [__main__] experiment done seconds=1.69
2026-08-14 23:55:44,205 INFO [__main__] ========================================================================
2026-08-14T23:55:44+02:00 gates done configuration=13/15 dataset=Weather model=chronos2 formula=bayes_cov_shared lags=168 horizon=24 retrieval=raw_euclidean_1_online
2026-08-14 23:55:47,218 INFO [__main__] extraction validation directory=/home/h61084/codes/adapts/outputs/extraction/Weather/336_48/chronos2/raw/euclidean/1/online/run_0 status=complete

2026-08-14T23:55:47+02:00 gates start configuration=14/15 dataset=Weather model=chronos2 formula=catboost_cov_regressor_shared lags=336 horizon=48 retrieval=raw_euclidean_1_online run=/home/h61084/codes/adapts/outputs/adaptation/mixed_quantity_ablation/Weather/336_48/chronos2/catboost_cov_regressor_shared/raw/euclidean/1/online/run_0 computation_signature=f62fe1636aaefb0f8fbb040765363d837d60c17b15ab98f3fd6b1a3bdfaa9f0c iterations=300 learning_rate=0.03 depth=4 early_stopping_rounds=50 task_type=CPU thread_count=2 validation_fraction=0.2 seed=1
2026-08-14 23:55:50,338 INFO [__main__] ========================================================================
2026-08-14 23:55:50,338 INFO [__main__] selected methods=('catboost_cov_regressor_shared',)
2026-08-14 23:55:52,448 INFO [__main__] gate fitting start candidate=cov
2026-08-14 23:55:54,021 INFO [__main__] gate fitting done candidate=cov
2026-08-14 23:55:54,669 INFO [__main__] experiment done seconds=4.33
2026-08-14 23:55:54,669 INFO [__main__] ========================================================================
2026-08-14T23:55:55+02:00 gates done configuration=14/15 dataset=Weather model=chronos2 formula=catboost_cov_regressor_shared lags=336 horizon=48 retrieval=raw_euclidean_1_online

2026-08-14T23:55:55+02:00 gates start configuration=14/15 dataset=Weather model=chronos2 formula=bayes_cov_shared lags=336 horizon=48 retrieval=raw_euclidean_1_online run=/home/h61084/codes/adapts/outputs/adaptation/mixed_quantity_ablation/Weather/336_48/chronos2/bayes_cov_shared/raw/euclidean/1/online/run_0 computation_signature=09e77a17ed493879790d02142082e2d3846d6154c29bb7fb8a36c1b1cfc5f674 iterations=300 learning_rate=0.03 depth=4 early_stopping_rounds=50 task_type=CPU thread_count=2 validation_fraction=0.2 seed=1
2026-08-14 23:55:58,142 INFO [__main__] ========================================================================
2026-08-14 23:55:58,143 INFO [__main__] selected methods=('bayes_cov_shared',)
2026-08-14 23:55:59,898 INFO [__main__] gate fitting start candidate=cov
2026-08-14 23:55:59,987 INFO [__main__] gate fitting done candidate=cov
2026-08-14 23:56:00,016 INFO [__main__] experiment done seconds=1.87
2026-08-14 23:56:00,016 INFO [__main__] ========================================================================
2026-08-14T23:56:00+02:00 gates done configuration=14/15 dataset=Weather model=chronos2 formula=bayes_cov_shared lags=336 horizon=48 retrieval=raw_euclidean_1_online
2026-08-14 23:56:02,871 INFO [__main__] extraction validation directory=/home/h61084/codes/adapts/outputs/extraction/Weather/504_168/chronos2/raw/euclidean/1/online/run_0 status=complete

2026-08-14T23:56:03+02:00 gates start configuration=15/15 dataset=Weather model=chronos2 formula=catboost_cov_regressor_shared lags=504 horizon=168 retrieval=raw_euclidean_1_online run=/home/h61084/codes/adapts/outputs/adaptation/mixed_quantity_ablation/Weather/504_168/chronos2/catboost_cov_regressor_shared/raw/euclidean/1/online/run_0 computation_signature=ee175a57a2d112a63e2d9e1ef43934ed04c9e2c9f46a6418d3a6880a5b5d8205 iterations=300 learning_rate=0.03 depth=4 early_stopping_rounds=50 task_type=CPU thread_count=2 validation_fraction=0.2 seed=1
2026-08-14 23:56:06,041 INFO [__main__] ========================================================================
2026-08-14 23:56:06,042 INFO [__main__] selected methods=('catboost_cov_regressor_shared',)
2026-08-14 23:56:08,727 INFO [__main__] gate fitting start candidate=cov
2026-08-14 23:56:09,996 INFO [__main__] gate fitting done candidate=cov
2026-08-14 23:56:10,635 INFO [__main__] experiment done seconds=4.59
2026-08-14 23:56:10,635 INFO [__main__] ========================================================================
2026-08-14T23:56:11+02:00 gates done configuration=15/15 dataset=Weather model=chronos2 formula=catboost_cov_regressor_shared lags=504 horizon=168 retrieval=raw_euclidean_1_online

2026-08-14T23:56:11+02:00 gates start configuration=15/15 dataset=Weather model=chronos2 formula=bayes_cov_shared lags=504 horizon=168 retrieval=raw_euclidean_1_online run=/home/h61084/codes/adapts/outputs/adaptation/mixed_quantity_ablation/Weather/504_168/chronos2/bayes_cov_shared/raw/euclidean/1/online/run_0 computation_signature=c5b0812e828634ece53f8b115193442d0d3c5b68fafc0f59ee055187d43bec51 iterations=300 learning_rate=0.03 depth=4 early_stopping_rounds=50 task_type=CPU thread_count=2 validation_fraction=0.2 seed=1
2026-08-14 23:56:14,093 INFO [__main__] ========================================================================
2026-08-14 23:56:14,093 INFO [__main__] selected methods=('bayes_cov_shared',)
2026-08-14 23:56:15,968 INFO [__main__] gate fitting start candidate=cov
2026-08-14 23:56:16,065 INFO [__main__] gate fitting done candidate=cov
2026-08-14 23:56:16,095 INFO [__main__] experiment done seconds=2.00
2026-08-14 23:56:16,095 INFO [__main__] ========================================================================
2026-08-14T23:56:16+02:00 gates done configuration=15/15 dataset=Weather model=chronos2 formula=bayes_cov_shared lags=504 horizon=168 retrieval=raw_euclidean_1_online

2026-08-14T23:56:16+02:00 job done kind=gates output=outputs/adaptation/mixed_quantity_ablation

2026-08-14T23:56:16+02:00 job start kind=adaptation_extraction family=mixed_quantity_ablation experiment_mode=full skip_complete=true tasks=30 datasets=ETTh1,ETTh2,ETTm1,ETTm2,Weather models=chronos2 settings=168:24,336:48,504:168 distance_spaces=instance distance_metrics=euclidean neighbors=3
2026-08-14T23:56:16+02:00 skip complete family=extraction dataset=ETTh1 model=chronos2 lags=168 horizon=24 retrieval=vanilla run=/home/h61084/codes/adapts/outputs/extraction/ETTh1/168_24/chronos2/none/none/0/none/run_0

2026-08-14T23:56:17+02:00 extraction start configuration=2/30 dataset=ETTh1 model=chronos2 lags=168 horizon=24 retrieval=instance_euclidean_3_online run=/home/h61084/codes/adapts/outputs/extraction/ETTh1/168_24/chronos2/instance/euclidean/3/online/run_0 computation_signature=6046bc27f57cf71fc1824d4d93a5c8e1bc28fef4e2a783b2d9c04cc1a7fe981d period=24 align_period=false datastore_stride=25 adapt_stride=25 eval_stride=127 max_store_windows=30000 seed=1
2026-08-14 23:56:19,631 INFO [__main__] ========================================================================
2026-08-14 23:56:19,631 INFO [__main__] experiment start kind=extraction dataset=ETTh1 model=chronos2 lags=168 horizon=24 neighbors=3 distance=instance/euclidean
2026-08-14 23:56:19,914 INFO [__main__] dataset load start
2026-08-14 23:56:19,916 INFO [src.data.load_dataset] loaded dataset config path=/home/h61084/codes/datasets/ETTh1/config.json keys=['aggr', 'date_col', 'drop_users']
2026-08-14 23:56:19,949 INFO [__main__] dataset load done dates=17420 users=7
2026-08-14 23:56:19,950 INFO [__main__] model load start
2026-08-14 23:56:32,163 INFO [__main__] model load done name=chronos2 device=cuda parameters_total=119,477,664 parameters_trainable=0
2026-08-14 23:56:32,165 INFO [__main__] extraction start split=adapt queries=348
2026-08-14 23:56:53,396 INFO [__main__] extraction done split=adapt
2026-08-14 23:56:53,396 INFO [__main__] extraction start split=eval queries=28
2026-08-14 23:56:55,106 INFO [__main__] extraction done split=eval
2026-08-14 23:56:55,630 INFO [__main__] completion marker saved path=/home/h61084/codes/adapts/outputs/extraction/ETTh1/168_24/chronos2/instance/euclidean/3/online/run_0/extraction_manifest.json
2026-08-14 23:56:55,630 INFO [__main__] outputs saved dir=/home/h61084/codes/adapts/outputs/extraction/ETTh1/168_24/chronos2/instance/euclidean/3/online/run_0
2026-08-14 23:56:55,630 INFO [__main__] experiment done seconds=35.99
2026-08-14 23:56:55,630 INFO [__main__] ========================================================================
2026-08-14 23:56:58,515 INFO [__main__] extraction validation directory=/home/h61084/codes/adapts/outputs/extraction/ETTh1/168_24/chronos2/instance/euclidean/3/online/run_0 status=complete
2026-08-14T23:56:58+02:00 extraction done configuration=2/30 dataset=ETTh1 model=chronos2 lags=168 horizon=24 retrieval=instance_euclidean_3_online
2026-08-14T23:56:58+02:00 skip complete family=extraction dataset=ETTh1 model=chronos2 lags=336 horizon=48 retrieval=vanilla run=/home/h61084/codes/adapts/outputs/extraction/ETTh1/336_48/chronos2/none/none/0/none/run_0

2026-08-14T23:56:59+02:00 extraction start configuration=4/30 dataset=ETTh1 model=chronos2 lags=336 horizon=48 retrieval=instance_euclidean_3_online run=/home/h61084/codes/adapts/outputs/extraction/ETTh1/336_48/chronos2/instance/euclidean/3/online/run_0 computation_signature=80beca680c74c0795dec3fe44c010a5c4979f4b0d067062b74c6994fa64abd2e period=24 align_period=false datastore_stride=25 adapt_stride=25 eval_stride=127 max_store_windows=30000 seed=1
2026-08-14 23:57:01,677 INFO [__main__] ========================================================================
2026-08-14 23:57:01,677 INFO [__main__] experiment start kind=extraction dataset=ETTh1 model=chronos2 lags=336 horizon=48 neighbors=3 distance=instance/euclidean
2026-08-14 23:57:01,977 INFO [__main__] dataset load start
2026-08-14 23:57:01,979 INFO [src.data.load_dataset] loaded dataset config path=/home/h61084/codes/datasets/ETTh1/config.json keys=['aggr', 'date_col', 'drop_users']
2026-08-14 23:57:02,009 INFO [__main__] dataset load done dates=17420 users=7
2026-08-14 23:57:02,009 INFO [__main__] model load start
2026-08-14 23:57:10,613 INFO [__main__] model load done name=chronos2 device=cuda parameters_total=119,477,664 parameters_trainable=0
2026-08-14 23:57:10,615 INFO [__main__] extraction start split=adapt queries=347
2026-08-14 23:57:38,316 INFO [__main__] extraction done split=adapt
2026-08-14 23:57:38,316 INFO [__main__] extraction start split=eval queries=28
2026-08-14 23:57:40,490 INFO [__main__] extraction done split=eval
2026-08-14 23:57:41,133 INFO [__main__] completion marker saved path=/home/h61084/codes/adapts/outputs/extraction/ETTh1/336_48/chronos2/instance/euclidean/3/online/run_0/extraction_manifest.json
2026-08-14 23:57:41,133 INFO [__main__] outputs saved dir=/home/h61084/codes/adapts/outputs/extraction/ETTh1/336_48/chronos2/instance/euclidean/3/online/run_0
2026-08-14 23:57:41,133 INFO [__main__] experiment done seconds=39.45
2026-08-14 23:57:41,133 INFO [__main__] ========================================================================
2026-08-14 23:57:43,978 INFO [__main__] extraction validation directory=/home/h61084/codes/adapts/outputs/extraction/ETTh1/336_48/chronos2/instance/euclidean/3/online/run_0 status=complete
2026-08-14T23:57:44+02:00 extraction done configuration=4/30 dataset=ETTh1 model=chronos2 lags=336 horizon=48 retrieval=instance_euclidean_3_online
2026-08-14T23:57:44+02:00 skip complete family=extraction dataset=ETTh1 model=chronos2 lags=504 horizon=168 retrieval=vanilla run=/home/h61084/codes/adapts/outputs/extraction/ETTh1/504_168/chronos2/none/none/0/none/run_0

2026-08-14T23:57:44+02:00 extraction start configuration=6/30 dataset=ETTh1 model=chronos2 lags=504 horizon=168 retrieval=instance_euclidean_3_online run=/home/h61084/codes/adapts/outputs/extraction/ETTh1/504_168/chronos2/instance/euclidean/3/online/run_0 computation_signature=3ab604ac24ee704902cd28f1dead263a4dbdb83744766cb6acdd1395d8ec2e25 period=24 align_period=false datastore_stride=25 adapt_stride=25 eval_stride=127 max_store_windows=30000 seed=1
2026-08-14 23:57:47,491 INFO [__main__] ========================================================================
2026-08-14 23:57:47,491 INFO [__main__] experiment start kind=extraction dataset=ETTh1 model=chronos2 lags=504 horizon=168 neighbors=3 distance=instance/euclidean
2026-08-14 23:57:47,768 INFO [__main__] dataset load start
2026-08-14 23:57:47,769 INFO [src.data.load_dataset] loaded dataset config path=/home/h61084/codes/datasets/ETTh1/config.json keys=['aggr', 'date_col', 'drop_users']
2026-08-14 23:57:47,802 INFO [__main__] dataset load done dates=17420 users=7
2026-08-14 23:57:47,802 INFO [__main__] model load start
2026-08-14 23:57:59,115 INFO [__main__] model load done name=chronos2 device=cuda parameters_total=119,477,664 parameters_trainable=0
2026-08-14 23:57:59,117 INFO [__main__] extraction start split=adapt queries=342
2026-08-14 23:58:41,251 INFO [__main__] extraction done split=adapt
2026-08-14 23:58:41,251 INFO [__main__] extraction start split=eval queries=27
2026-08-14 23:58:44,327 INFO [__main__] extraction done split=eval
2026-08-14 23:58:44,884 INFO [__main__] completion marker saved path=/home/h61084/codes/adapts/outputs/extraction/ETTh1/504_168/chronos2/instance/euclidean/3/online/run_0/extraction_manifest.json
2026-08-14 23:58:44,884 INFO [__main__] outputs saved dir=/home/h61084/codes/adapts/outputs/extraction/ETTh1/504_168/chronos2/instance/euclidean/3/online/run_0
2026-08-14 23:58:44,884 INFO [__main__] experiment done seconds=57.39
2026-08-14 23:58:44,884 INFO [__main__] ========================================================================
2026-08-14 23:58:47,996 INFO [__main__] extraction validation directory=/home/h61084/codes/adapts/outputs/extraction/ETTh1/504_168/chronos2/instance/euclidean/3/online/run_0 status=complete
2026-08-14T23:58:48+02:00 extraction done configuration=6/30 dataset=ETTh1 model=chronos2 lags=504 horizon=168 retrieval=instance_euclidean_3_online
2026-08-14T23:58:48+02:00 skip complete family=extraction dataset=ETTh2 model=chronos2 lags=168 horizon=24 retrieval=vanilla run=/home/h61084/codes/adapts/outputs/extraction/ETTh2/168_24/chronos2/none/none/0/none/run_0

2026-08-14T23:58:48+02:00 extraction start configuration=8/30 dataset=ETTh2 model=chronos2 lags=168 horizon=24 retrieval=instance_euclidean_3_online run=/home/h61084/codes/adapts/outputs/extraction/ETTh2/168_24/chronos2/instance/euclidean/3/online/run_0 computation_signature=5b634af2accf8ed17d1215735b2663b91673af8fa52490dd86f38c7285f8f54d period=24 align_period=false datastore_stride=25 adapt_stride=25 eval_stride=127 max_store_windows=30000 seed=1
2026-08-14 23:58:50,966 INFO [__main__] ========================================================================
2026-08-14 23:58:50,966 INFO [__main__] experiment start kind=extraction dataset=ETTh2 model=chronos2 lags=168 horizon=24 neighbors=3 distance=instance/euclidean
2026-08-14 23:58:51,272 INFO [__main__] dataset load start
2026-08-14 23:58:51,273 INFO [src.data.load_dataset] loaded dataset config path=/home/h61084/codes/datasets/ETTh2/config.json keys=['aggr', 'date_col', 'drop_users']
2026-08-14 23:58:51,302 INFO [__main__] dataset load done dates=17420 users=7
2026-08-14 23:58:51,302 INFO [__main__] model load start
2026-08-14 23:59:03,781 INFO [__main__] model load done name=chronos2 device=cuda parameters_total=119,477,664 parameters_trainable=0
2026-08-14 23:59:03,783 INFO [__main__] extraction start split=adapt queries=348
2026-08-14 23:59:25,153 INFO [__main__] extraction done split=adapt
2026-08-14 23:59:25,153 INFO [__main__] extraction start split=eval queries=28
2026-08-14 23:59:26,727 INFO [__main__] extraction done split=eval
2026-08-14 23:59:27,343 INFO [__main__] completion marker saved path=/home/h61084/codes/adapts/outputs/extraction/ETTh2/168_24/chronos2/instance/euclidean/3/online/run_0/extraction_manifest.json
2026-08-14 23:59:27,343 INFO [__main__] outputs saved dir=/home/h61084/codes/adapts/outputs/extraction/ETTh2/168_24/chronos2/instance/euclidean/3/online/run_0
2026-08-14 23:59:27,343 INFO [__main__] experiment done seconds=36.37
2026-08-14 23:59:27,344 INFO [__main__] ========================================================================
2026-08-14 23:59:30,293 INFO [__main__] extraction validation directory=/home/h61084/codes/adapts/outputs/extraction/ETTh2/168_24/chronos2/instance/euclidean/3/online/run_0 status=complete
2026-08-14T23:59:30+02:00 extraction done configuration=8/30 dataset=ETTh2 model=chronos2 lags=168 horizon=24 retrieval=instance_euclidean_3_online
2026-08-14T23:59:30+02:00 skip complete family=extraction dataset=ETTh2 model=chronos2 lags=336 horizon=48 retrieval=vanilla run=/home/h61084/codes/adapts/outputs/extraction/ETTh2/336_48/chronos2/none/none/0/none/run_0

2026-08-14T23:59:30+02:00 extraction start configuration=10/30 dataset=ETTh2 model=chronos2 lags=336 horizon=48 retrieval=instance_euclidean_3_online run=/home/h61084/codes/adapts/outputs/extraction/ETTh2/336_48/chronos2/instance/euclidean/3/online/run_0 computation_signature=060e387a4211493b8ea8dc8808dbbc09592e6bee8d2de25d9805429d18372aa4 period=24 align_period=false datastore_stride=25 adapt_stride=25 eval_stride=127 max_store_windows=30000 seed=1
2026-08-14 23:59:33,543 INFO [__main__] ========================================================================
2026-08-14 23:59:33,543 INFO [__main__] experiment start kind=extraction dataset=ETTh2 model=chronos2 lags=336 horizon=48 neighbors=3 distance=instance/euclidean
2026-08-14 23:59:33,818 INFO [__main__] dataset load start
2026-08-14 23:59:33,820 INFO [src.data.load_dataset] loaded dataset config path=/home/h61084/codes/datasets/ETTh2/config.json keys=['aggr', 'date_col', 'drop_users']
2026-08-14 23:59:33,849 INFO [__main__] dataset load done dates=17420 users=7
2026-08-14 23:59:33,850 INFO [__main__] model load start
2026-08-14 23:59:42,509 INFO [__main__] model load done name=chronos2 device=cuda parameters_total=119,477,664 parameters_trainable=0
2026-08-14 23:59:42,511 INFO [__main__] extraction start split=adapt queries=347
2026-08-15 00:00:14,330 INFO [__main__] extraction done split=adapt
2026-08-15 00:00:14,330 INFO [__main__] extraction start split=eval queries=28
2026-08-15 00:00:16,612 INFO [__main__] extraction done split=eval
2026-08-15 00:00:17,176 INFO [__main__] completion marker saved path=/home/h61084/codes/adapts/outputs/extraction/ETTh2/336_48/chronos2/instance/euclidean/3/online/run_0/extraction_manifest.json
2026-08-15 00:00:17,176 INFO [__main__] outputs saved dir=/home/h61084/codes/adapts/outputs/extraction/ETTh2/336_48/chronos2/instance/euclidean/3/online/run_0
2026-08-15 00:00:17,176 INFO [__main__] experiment done seconds=43.63
2026-08-15 00:00:17,176 INFO [__main__] ========================================================================
2026-08-15 00:00:20,379 INFO [__main__] extraction validation directory=/home/h61084/codes/adapts/outputs/extraction/ETTh2/336_48/chronos2/instance/euclidean/3/online/run_0 status=complete
2026-08-15T00:00:20+02:00 extraction done configuration=10/30 dataset=ETTh2 model=chronos2 lags=336 horizon=48 retrieval=instance_euclidean_3_online
2026-08-15T00:00:20+02:00 skip complete family=extraction dataset=ETTh2 model=chronos2 lags=504 horizon=168 retrieval=vanilla run=/home/h61084/codes/adapts/outputs/extraction/ETTh2/504_168/chronos2/none/none/0/none/run_0

2026-08-15T00:00:21+02:00 extraction start configuration=12/30 dataset=ETTh2 model=chronos2 lags=504 horizon=168 retrieval=instance_euclidean_3_online run=/home/h61084/codes/adapts/outputs/extraction/ETTh2/504_168/chronos2/instance/euclidean/3/online/run_0 computation_signature=9fcd6603f0345664e5c52f1849897c30ec106eafc41cfd41a781c0e7157208b3 period=24 align_period=false datastore_stride=25 adapt_stride=25 eval_stride=127 max_store_windows=30000 seed=1
2026-08-15 00:00:23,611 INFO [__main__] ========================================================================
2026-08-15 00:00:23,611 INFO [__main__] experiment start kind=extraction dataset=ETTh2 model=chronos2 lags=504 horizon=168 neighbors=3 distance=instance/euclidean
2026-08-15 00:00:23,890 INFO [__main__] dataset load start
2026-08-15 00:00:23,892 INFO [src.data.load_dataset] loaded dataset config path=/home/h61084/codes/datasets/ETTh2/config.json keys=['aggr', 'date_col', 'drop_users']
2026-08-15 00:00:23,923 INFO [__main__] dataset load done dates=17420 users=7
2026-08-15 00:00:23,923 INFO [__main__] model load start
2026-08-15 00:00:35,490 INFO [__main__] model load done name=chronos2 device=cuda parameters_total=119,477,664 parameters_trainable=0
2026-08-15 00:00:35,492 INFO [__main__] extraction start split=adapt queries=342
2026-08-15 00:01:15,696 INFO [__main__] extraction done split=adapt
2026-08-15 00:01:15,696 INFO [__main__] extraction start split=eval queries=27
2026-08-15 00:01:18,623 INFO [__main__] extraction done split=eval
2026-08-15 00:01:19,196 INFO [__main__] completion marker saved path=/home/h61084/codes/adapts/outputs/extraction/ETTh2/504_168/chronos2/instance/euclidean/3/online/run_0/extraction_manifest.json
2026-08-15 00:01:19,196 INFO [__main__] outputs saved dir=/home/h61084/codes/adapts/outputs/extraction/ETTh2/504_168/chronos2/instance/euclidean/3/online/run_0
2026-08-15 00:01:19,196 INFO [__main__] experiment done seconds=55.58
2026-08-15 00:01:19,196 INFO [__main__] ========================================================================
2026-08-15 00:01:22,117 INFO [__main__] extraction validation directory=/home/h61084/codes/adapts/outputs/extraction/ETTh2/504_168/chronos2/instance/euclidean/3/online/run_0 status=complete
2026-08-15T00:01:22+02:00 extraction done configuration=12/30 dataset=ETTh2 model=chronos2 lags=504 horizon=168 retrieval=instance_euclidean_3_online
2026-08-15T00:01:22+02:00 skip complete family=extraction dataset=ETTm1 model=chronos2 lags=168 horizon=24 retrieval=vanilla run=/home/h61084/codes/adapts/outputs/extraction/ETTm1/168_24/chronos2/none/none/0/none/run_0

2026-08-15T00:01:22+02:00 extraction start configuration=14/30 dataset=ETTm1 model=chronos2 lags=168 horizon=24 retrieval=instance_euclidean_3_online run=/home/h61084/codes/adapts/outputs/extraction/ETTm1/168_24/chronos2/instance/euclidean/3/online/run_0 computation_signature=157947789bcd03c4de8e3ef9165906052807cd424411414b73a27694786e880a period=96 align_period=false datastore_stride=25 adapt_stride=25 eval_stride=127 max_store_windows=30000 seed=1
2026-08-15 00:01:25,370 INFO [__main__] ========================================================================
2026-08-15 00:01:25,370 INFO [__main__] experiment start kind=extraction dataset=ETTm1 model=chronos2 lags=168 horizon=24 neighbors=3 distance=instance/euclidean
2026-08-15 00:01:25,668 INFO [__main__] dataset load start
2026-08-15 00:01:25,671 INFO [src.data.load_dataset] loaded dataset config path=/home/h61084/codes/datasets/ETTm1/config.json keys=['aggr', 'date_col', 'drop_users']
2026-08-15 00:01:25,767 INFO [__main__] dataset load done dates=69680 users=7
2026-08-15 00:01:25,768 INFO [__main__] model load start
2026-08-15 00:01:37,701 INFO [__main__] model load done name=chronos2 device=cuda parameters_total=119,477,664 parameters_trainable=0
2026-08-15 00:01:37,708 INFO [__main__] extraction start split=adapt queries=1393
2026-08-15 00:05:05,867 INFO [__main__] extraction done split=adapt
2026-08-15 00:05:05,867 INFO [__main__] extraction start split=eval queries=110
2026-08-15 00:05:22,927 INFO [__main__] extraction done split=eval
2026-08-15 00:05:23,540 INFO [__main__] completion marker saved path=/home/h61084/codes/adapts/outputs/extraction/ETTm1/168_24/chronos2/instance/euclidean/3/online/run_0/extraction_manifest.json
2026-08-15 00:05:23,540 INFO [__main__] outputs saved dir=/home/h61084/codes/adapts/outputs/extraction/ETTm1/168_24/chronos2/instance/euclidean/3/online/run_0
2026-08-15 00:05:23,540 INFO [__main__] experiment done seconds=238.16
2026-08-15 00:05:23,540 INFO [__main__] ========================================================================
2026-08-15 00:05:26,638 INFO [__main__] extraction validation directory=/home/h61084/codes/adapts/outputs/extraction/ETTm1/168_24/chronos2/instance/euclidean/3/online/run_0 status=complete
2026-08-15T00:05:27+02:00 extraction done configuration=14/30 dataset=ETTm1 model=chronos2 lags=168 horizon=24 retrieval=instance_euclidean_3_online
2026-08-15T00:05:27+02:00 skip complete family=extraction dataset=ETTm1 model=chronos2 lags=336 horizon=48 retrieval=vanilla run=/home/h61084/codes/adapts/outputs/extraction/ETTm1/336_48/chronos2/none/none/0/none/run_0

2026-08-15T00:05:27+02:00 extraction start configuration=16/30 dataset=ETTm1 model=chronos2 lags=336 horizon=48 retrieval=instance_euclidean_3_online run=/home/h61084/codes/adapts/outputs/extraction/ETTm1/336_48/chronos2/instance/euclidean/3/online/run_0 computation_signature=f9b81ba5ed059f9bd428856054ace660fdf50e2c3fc5eaef4800cc3837e62a47 period=96 align_period=false datastore_stride=25 adapt_stride=25 eval_stride=127 max_store_windows=30000 seed=1
2026-08-15 00:05:29,625 INFO [__main__] ========================================================================
2026-08-15 00:05:29,625 INFO [__main__] experiment start kind=extraction dataset=ETTm1 model=chronos2 lags=336 horizon=48 neighbors=3 distance=instance/euclidean
2026-08-15 00:05:29,909 INFO [__main__] dataset load start
2026-08-15 00:05:29,911 INFO [src.data.load_dataset] loaded dataset config path=/home/h61084/codes/datasets/ETTm1/config.json keys=['aggr', 'date_col', 'drop_users']
2026-08-15 00:05:30,012 INFO [__main__] dataset load done dates=69680 users=7
2026-08-15 00:05:30,012 INFO [__main__] model load start
2026-08-15 00:05:42,184 INFO [__main__] model load done name=chronos2 device=cuda parameters_total=119,477,664 parameters_trainable=0
2026-08-15 00:05:42,191 INFO [__main__] extraction start split=adapt queries=1392
2026-08-15 00:09:26,328 INFO [__main__] extraction done split=adapt
2026-08-15 00:09:26,328 INFO [__main__] extraction start split=eval queries=110
2026-08-15 00:09:43,213 INFO [__main__] extraction done split=eval
2026-08-15 00:09:43,886 INFO [__main__] completion marker saved path=/home/h61084/codes/adapts/outputs/extraction/ETTm1/336_48/chronos2/instance/euclidean/3/online/run_0/extraction_manifest.json
2026-08-15 00:09:43,887 INFO [__main__] outputs saved dir=/home/h61084/codes/adapts/outputs/extraction/ETTm1/336_48/chronos2/instance/euclidean/3/online/run_0
2026-08-15 00:09:43,887 INFO [__main__] experiment done seconds=254.26
2026-08-15 00:09:43,887 INFO [__main__] ========================================================================
2026-08-15 00:09:46,892 INFO [__main__] extraction validation directory=/home/h61084/codes/adapts/outputs/extraction/ETTm1/336_48/chronos2/instance/euclidean/3/online/run_0 status=complete
2026-08-15T00:09:47+02:00 extraction done configuration=16/30 dataset=ETTm1 model=chronos2 lags=336 horizon=48 retrieval=instance_euclidean_3_online
2026-08-15T00:09:47+02:00 skip complete family=extraction dataset=ETTm1 model=chronos2 lags=504 horizon=168 retrieval=vanilla run=/home/h61084/codes/adapts/outputs/extraction/ETTm1/504_168/chronos2/none/none/0/none/run_0

2026-08-15T00:09:47+02:00 extraction start configuration=18/30 dataset=ETTm1 model=chronos2 lags=504 horizon=168 retrieval=instance_euclidean_3_online run=/home/h61084/codes/adapts/outputs/extraction/ETTm1/504_168/chronos2/instance/euclidean/3/online/run_0 computation_signature=3ab367d29ee135dc976b91972f05b02a9a00a4a2afd823d17834f4ea76985271 period=96 align_period=false datastore_stride=25 adapt_stride=25 eval_stride=127 max_store_windows=30000 seed=1
2026-08-15 00:09:50,053 INFO [__main__] ========================================================================
2026-08-15 00:09:50,053 INFO [__main__] experiment start kind=extraction dataset=ETTm1 model=chronos2 lags=504 horizon=168 neighbors=3 distance=instance/euclidean
2026-08-15 00:09:50,361 INFO [__main__] dataset load start
2026-08-15 00:09:50,363 INFO [src.data.load_dataset] loaded dataset config path=/home/h61084/codes/datasets/ETTm1/config.json keys=['aggr', 'date_col', 'drop_users']
2026-08-15 00:09:50,467 INFO [__main__] dataset load done dates=69680 users=7
2026-08-15 00:09:50,467 INFO [__main__] model load start
2026-08-15 00:10:02,543 INFO [__main__] model load done name=chronos2 device=cuda parameters_total=119,477,664 parameters_trainable=0
2026-08-15 00:10:02,551 INFO [__main__] extraction start split=adapt queries=1387
2026-08-15 00:14:09,281 INFO [__main__] extraction done split=adapt
2026-08-15 00:14:09,281 INFO [__main__] extraction start split=eval queries=109
2026-08-15 00:14:28,491 INFO [__main__] extraction done split=eval
2026-08-15 00:14:29,196 INFO [__main__] completion marker saved path=/home/h61084/codes/adapts/outputs/extraction/ETTm1/504_168/chronos2/instance/euclidean/3/online/run_0/extraction_manifest.json
2026-08-15 00:14:29,196 INFO [__main__] outputs saved dir=/home/h61084/codes/adapts/outputs/extraction/ETTm1/504_168/chronos2/instance/euclidean/3/online/run_0
2026-08-15 00:14:29,196 INFO [__main__] experiment done seconds=279.14
2026-08-15 00:14:29,196 INFO [__main__] ========================================================================
2026-08-15 00:14:32,474 INFO [__main__] extraction validation directory=/home/h61084/codes/adapts/outputs/extraction/ETTm1/504_168/chronos2/instance/euclidean/3/online/run_0 status=complete
2026-08-15T00:14:32+02:00 extraction done configuration=18/30 dataset=ETTm1 model=chronos2 lags=504 horizon=168 retrieval=instance_euclidean_3_online
2026-08-15T00:14:33+02:00 skip complete family=extraction dataset=ETTm2 model=chronos2 lags=168 horizon=24 retrieval=vanilla run=/home/h61084/codes/adapts/outputs/extraction/ETTm2/168_24/chronos2/none/none/0/none/run_0

2026-08-15T00:14:33+02:00 extraction start configuration=20/30 dataset=ETTm2 model=chronos2 lags=168 horizon=24 retrieval=instance_euclidean_3_online run=/home/h61084/codes/adapts/outputs/extraction/ETTm2/168_24/chronos2/instance/euclidean/3/online/run_0 computation_signature=c147aaf20dae34911583b44d88f13cd23b89f08815898866da9f8dac2fcc5093 period=96 align_period=false datastore_stride=25 adapt_stride=25 eval_stride=127 max_store_windows=30000 seed=1
2026-08-15 00:14:35,664 INFO [__main__] ========================================================================
2026-08-15 00:14:35,665 INFO [__main__] experiment start kind=extraction dataset=ETTm2 model=chronos2 lags=168 horizon=24 neighbors=3 distance=instance/euclidean
2026-08-15 00:14:35,922 INFO [__main__] dataset load start
2026-08-15 00:14:35,923 INFO [src.data.load_dataset] loaded dataset config path=/home/h61084/codes/datasets/ETTm2/config.json keys=['aggr', 'date_col', 'drop_users']
2026-08-15 00:14:36,016 INFO [__main__] dataset load done dates=69680 users=7
2026-08-15 00:14:36,016 INFO [__main__] model load start
2026-08-15 00:14:49,652 INFO [__main__] model load done name=chronos2 device=cuda parameters_total=119,477,664 parameters_trainable=0
2026-08-15 00:14:49,659 INFO [__main__] extraction start split=adapt queries=1393
2026-08-15 00:18:19,837 INFO [__main__] extraction done split=adapt
2026-08-15 00:18:19,837 INFO [__main__] extraction start split=eval queries=110
2026-08-15 00:18:35,707 INFO [__main__] extraction done split=eval
2026-08-15 00:18:36,231 INFO [__main__] completion marker saved path=/home/h61084/codes/adapts/outputs/extraction/ETTm2/168_24/chronos2/instance/euclidean/3/online/run_0/extraction_manifest.json
2026-08-15 00:18:36,231 INFO [__main__] outputs saved dir=/home/h61084/codes/adapts/outputs/extraction/ETTm2/168_24/chronos2/instance/euclidean/3/online/run_0
2026-08-15 00:18:36,231 INFO [__main__] experiment done seconds=240.56
2026-08-15 00:18:36,231 INFO [__main__] ========================================================================
2026-08-15 00:18:39,165 INFO [__main__] extraction validation directory=/home/h61084/codes/adapts/outputs/extraction/ETTm2/168_24/chronos2/instance/euclidean/3/online/run_0 status=complete
2026-08-15T00:18:39+02:00 extraction done configuration=20/30 dataset=ETTm2 model=chronos2 lags=168 horizon=24 retrieval=instance_euclidean_3_online
2026-08-15T00:18:39+02:00 skip complete family=extraction dataset=ETTm2 model=chronos2 lags=336 horizon=48 retrieval=vanilla run=/home/h61084/codes/adapts/outputs/extraction/ETTm2/336_48/chronos2/none/none/0/none/run_0

2026-08-15T00:18:39+02:00 extraction start configuration=22/30 dataset=ETTm2 model=chronos2 lags=336 horizon=48 retrieval=instance_euclidean_3_online run=/home/h61084/codes/adapts/outputs/extraction/ETTm2/336_48/chronos2/instance/euclidean/3/online/run_0 computation_signature=3300c089d933ebaa358e7020b4c728e51c58ea6e709a87c0d445399c25b2db4b period=96 align_period=false datastore_stride=25 adapt_stride=25 eval_stride=127 max_store_windows=30000 seed=1
2026-08-15 00:18:42,258 INFO [__main__] ========================================================================
2026-08-15 00:18:42,259 INFO [__main__] experiment start kind=extraction dataset=ETTm2 model=chronos2 lags=336 horizon=48 neighbors=3 distance=instance/euclidean
2026-08-15 00:18:42,574 INFO [__main__] dataset load start
2026-08-15 00:18:42,575 INFO [src.data.load_dataset] loaded dataset config path=/home/h61084/codes/datasets/ETTm2/config.json keys=['aggr', 'date_col', 'drop_users']
2026-08-15 00:18:42,671 INFO [__main__] dataset load done dates=69680 users=7
2026-08-15 00:18:42,671 INFO [__main__] model load start
2026-08-15 00:18:54,407 INFO [__main__] model load done name=chronos2 device=cuda parameters_total=119,477,664 parameters_trainable=0
2026-08-15 00:18:54,414 INFO [__main__] extraction start split=adapt queries=1392
2026-08-15 00:22:33,993 INFO [__main__] extraction done split=adapt
2026-08-15 00:22:33,993 INFO [__main__] extraction start split=eval queries=110
2026-08-15 00:22:50,487 INFO [__main__] extraction done split=eval
2026-08-15 00:22:51,090 INFO [__main__] completion marker saved path=/home/h61084/codes/adapts/outputs/extraction/ETTm2/336_48/chronos2/instance/euclidean/3/online/run_0/extraction_manifest.json
2026-08-15 00:22:51,090 INFO [__main__] outputs saved dir=/home/h61084/codes/adapts/outputs/extraction/ETTm2/336_48/chronos2/instance/euclidean/3/online/run_0
2026-08-15 00:22:51,090 INFO [__main__] experiment done seconds=248.83
2026-08-15 00:22:51,090 INFO [__main__] ========================================================================
2026-08-15 00:22:54,314 INFO [__main__] extraction validation directory=/home/h61084/codes/adapts/outputs/extraction/ETTm2/336_48/chronos2/instance/euclidean/3/online/run_0 status=complete
2026-08-15T00:22:54+02:00 extraction done configuration=22/30 dataset=ETTm2 model=chronos2 lags=336 horizon=48 retrieval=instance_euclidean_3_online
2026-08-15T00:22:54+02:00 skip complete family=extraction dataset=ETTm2 model=chronos2 lags=504 horizon=168 retrieval=vanilla run=/home/h61084/codes/adapts/outputs/extraction/ETTm2/504_168/chronos2/none/none/0/none/run_0

2026-08-15T00:22:55+02:00 extraction start configuration=24/30 dataset=ETTm2 model=chronos2 lags=504 horizon=168 retrieval=instance_euclidean_3_online run=/home/h61084/codes/adapts/outputs/extraction/ETTm2/504_168/chronos2/instance/euclidean/3/online/run_0 computation_signature=57b6cb1ad9dfb74fc917be843162643e271ebdb3d2e1d417b2920d5083a2da07 period=96 align_period=false datastore_stride=25 adapt_stride=25 eval_stride=127 max_store_windows=30000 seed=1
2026-08-15 00:22:57,269 INFO [__main__] ========================================================================
2026-08-15 00:22:57,269 INFO [__main__] experiment start kind=extraction dataset=ETTm2 model=chronos2 lags=504 horizon=168 neighbors=3 distance=instance/euclidean
2026-08-15 00:22:57,578 INFO [__main__] dataset load start
2026-08-15 00:22:57,579 INFO [src.data.load_dataset] loaded dataset config path=/home/h61084/codes/datasets/ETTm2/config.json keys=['aggr', 'date_col', 'drop_users']
2026-08-15 00:22:57,670 INFO [__main__] dataset load done dates=69680 users=7
2026-08-15 00:22:57,670 INFO [__main__] model load start
2026-08-15 00:23:10,411 INFO [__main__] model load done name=chronos2 device=cuda parameters_total=119,477,664 parameters_trainable=0
2026-08-15 00:23:10,418 INFO [__main__] extraction start split=adapt queries=1387
2026-08-15 00:27:06,898 INFO [__main__] extraction done split=adapt
2026-08-15 00:27:06,898 INFO [__main__] extraction start split=eval queries=109
2026-08-15 00:27:25,512 INFO [__main__] extraction done split=eval
2026-08-15 00:27:26,244 INFO [__main__] completion marker saved path=/home/h61084/codes/adapts/outputs/extraction/ETTm2/504_168/chronos2/instance/euclidean/3/online/run_0/extraction_manifest.json
2026-08-15 00:27:26,244 INFO [__main__] outputs saved dir=/home/h61084/codes/adapts/outputs/extraction/ETTm2/504_168/chronos2/instance/euclidean/3/online/run_0
2026-08-15 00:27:26,244 INFO [__main__] experiment done seconds=268.97
2026-08-15 00:27:26,244 INFO [__main__] ========================================================================
2026-08-15 00:27:29,473 INFO [__main__] extraction validation directory=/home/h61084/codes/adapts/outputs/extraction/ETTm2/504_168/chronos2/instance/euclidean/3/online/run_0 status=complete
2026-08-15T00:27:29+02:00 extraction done configuration=24/30 dataset=ETTm2 model=chronos2 lags=504 horizon=168 retrieval=instance_euclidean_3_online
2026-08-15T00:27:29+02:00 skip complete family=extraction dataset=Weather model=chronos2 lags=168 horizon=24 retrieval=vanilla run=/home/h61084/codes/adapts/outputs/extraction/Weather/168_24/chronos2/none/none/0/none/run_0

2026-08-15T00:27:30+02:00 extraction start configuration=26/30 dataset=Weather model=chronos2 lags=168 horizon=24 retrieval=instance_euclidean_3_online run=/home/h61084/codes/adapts/outputs/extraction/Weather/168_24/chronos2/instance/euclidean/3/online/run_0 computation_signature=62799f32a032510f289bfca99fd9ef6f428bb422082abed21fc96771f2d1dfb2 period=24 align_period=false datastore_stride=25 adapt_stride=25 eval_stride=127 max_store_windows=30000 seed=1
2026-08-15 00:27:32,539 INFO [__main__] ========================================================================
2026-08-15 00:27:32,539 INFO [__main__] experiment start kind=extraction dataset=Weather model=chronos2 lags=168 horizon=24 neighbors=3 distance=instance/euclidean
2026-08-15 00:27:32,857 INFO [__main__] dataset load start
2026-08-15 00:27:32,859 INFO [src.data.load_dataset] loaded dataset config path=/home/h61084/codes/datasets/weather/config.json keys=['aggr', 'aggr_period', 'date_col', 'drop_users']
2026-08-15 00:27:32,948 INFO [__main__] dataset load done dates=8784 users=17
2026-08-15 00:27:32,948 INFO [__main__] model load start
2026-08-15 00:27:44,559 INFO [__main__] model load done name=chronos2 device=cuda parameters_total=119,477,664 parameters_trainable=0
2026-08-15 00:27:44,560 INFO [__main__] extraction start split=adapt queries=175
2026-08-15 00:28:04,630 INFO [__main__] extraction done split=adapt
2026-08-15 00:28:04,630 INFO [__main__] extraction start split=eval queries=14
2026-08-15 00:28:05,844 INFO [__main__] extraction done split=eval
2026-08-15 00:28:06,433 INFO [__main__] completion marker saved path=/home/h61084/codes/adapts/outputs/extraction/Weather/168_24/chronos2/instance/euclidean/3/online/run_0/extraction_manifest.json
2026-08-15 00:28:06,433 INFO [__main__] outputs saved dir=/home/h61084/codes/adapts/outputs/extraction/Weather/168_24/chronos2/instance/euclidean/3/online/run_0
2026-08-15 00:28:06,433 INFO [__main__] experiment done seconds=33.89
2026-08-15 00:28:06,433 INFO [__main__] ========================================================================
2026-08-15 00:28:09,045 INFO [__main__] extraction validation directory=/home/h61084/codes/adapts/outputs/extraction/Weather/168_24/chronos2/instance/euclidean/3/online/run_0 status=complete
2026-08-15T00:28:09+02:00 extraction done configuration=26/30 dataset=Weather model=chronos2 lags=168 horizon=24 retrieval=instance_euclidean_3_online
2026-08-15T00:28:09+02:00 skip complete family=extraction dataset=Weather model=chronos2 lags=336 horizon=48 retrieval=vanilla run=/home/h61084/codes/adapts/outputs/extraction/Weather/336_48/chronos2/none/none/0/none/run_0

2026-08-15T00:28:09+02:00 extraction start configuration=28/30 dataset=Weather model=chronos2 lags=336 horizon=48 retrieval=instance_euclidean_3_online run=/home/h61084/codes/adapts/outputs/extraction/Weather/336_48/chronos2/instance/euclidean/3/online/run_0 computation_signature=2f52f6e3a6401fa98eaaf9eedca351a7b4d9b4ae570541580351d7a7e7e55b15 period=24 align_period=false datastore_stride=25 adapt_stride=25 eval_stride=127 max_store_windows=30000 seed=1
2026-08-15 00:28:11,963 INFO [__main__] ========================================================================
2026-08-15 00:28:11,964 INFO [__main__] experiment start kind=extraction dataset=Weather model=chronos2 lags=336 horizon=48 neighbors=3 distance=instance/euclidean
2026-08-15 00:28:12,268 INFO [__main__] dataset load start
2026-08-15 00:28:12,269 INFO [src.data.load_dataset] loaded dataset config path=/home/h61084/codes/datasets/weather/config.json keys=['aggr', 'aggr_period', 'date_col', 'drop_users']
2026-08-15 00:28:12,366 INFO [__main__] dataset load done dates=8784 users=17
2026-08-15 00:28:12,366 INFO [__main__] model load start
2026-08-15 00:28:20,045 INFO [__main__] model load done name=chronos2 device=cuda parameters_total=119,477,664 parameters_trainable=0
2026-08-15 00:28:20,046 INFO [__main__] extraction start split=adapt queries=174
2026-08-15 00:28:41,415 INFO [__main__] extraction done split=adapt
2026-08-15 00:28:41,415 INFO [__main__] extraction start split=eval queries=14
2026-08-15 00:28:42,939 INFO [__main__] extraction done split=eval
2026-08-15 00:28:43,439 INFO [__main__] completion marker saved path=/home/h61084/codes/adapts/outputs/extraction/Weather/336_48/chronos2/instance/euclidean/3/online/run_0/extraction_manifest.json
2026-08-15 00:28:43,439 INFO [__main__] outputs saved dir=/home/h61084/codes/adapts/outputs/extraction/Weather/336_48/chronos2/instance/euclidean/3/online/run_0
2026-08-15 00:28:43,439 INFO [__main__] experiment done seconds=31.47
2026-08-15 00:28:43,439 INFO [__main__] ========================================================================
2026-08-15 00:28:46,545 INFO [__main__] extraction validation directory=/home/h61084/codes/adapts/outputs/extraction/Weather/336_48/chronos2/instance/euclidean/3/online/run_0 status=complete
2026-08-15T00:28:46+02:00 extraction done configuration=28/30 dataset=Weather model=chronos2 lags=336 horizon=48 retrieval=instance_euclidean_3_online
2026-08-15T00:28:47+02:00 skip complete family=extraction dataset=Weather model=chronos2 lags=504 horizon=168 retrieval=vanilla run=/home/h61084/codes/adapts/outputs/extraction/Weather/504_168/chronos2/none/none/0/none/run_0

2026-08-15T00:28:47+02:00 extraction start configuration=30/30 dataset=Weather model=chronos2 lags=504 horizon=168 retrieval=instance_euclidean_3_online run=/home/h61084/codes/adapts/outputs/extraction/Weather/504_168/chronos2/instance/euclidean/3/online/run_0 computation_signature=c471ed5e2c890512287f8f44958076199ee9ad9dfbe4c4b2880da260815e4eb7 period=24 align_period=false datastore_stride=25 adapt_stride=25 eval_stride=127 max_store_windows=30000 seed=1
2026-08-15 00:28:49,618 INFO [__main__] ========================================================================
2026-08-15 00:28:49,618 INFO [__main__] experiment start kind=extraction dataset=Weather model=chronos2 lags=504 horizon=168 neighbors=3 distance=instance/euclidean
2026-08-15 00:28:49,935 INFO [__main__] dataset load start
2026-08-15 00:28:49,937 INFO [src.data.load_dataset] loaded dataset config path=/home/h61084/codes/datasets/weather/config.json keys=['aggr', 'aggr_period', 'date_col', 'drop_users']
2026-08-15 00:28:50,035 INFO [__main__] dataset load done dates=8784 users=17
2026-08-15 00:28:50,035 INFO [__main__] model load start
2026-08-15 00:29:01,134 INFO [__main__] model load done name=chronos2 device=cuda parameters_total=119,477,664 parameters_trainable=0
2026-08-15 00:29:01,135 INFO [__main__] extraction start split=adapt queries=169
2026-08-15 00:29:27,513 INFO [__main__] extraction done split=adapt
2026-08-15 00:29:27,513 INFO [__main__] extraction start split=eval queries=13
2026-08-15 00:29:29,407 INFO [__main__] extraction done split=eval
2026-08-15 00:29:29,990 INFO [__main__] completion marker saved path=/home/h61084/codes/adapts/outputs/extraction/Weather/504_168/chronos2/instance/euclidean/3/online/run_0/extraction_manifest.json
2026-08-15 00:29:29,990 INFO [__main__] outputs saved dir=/home/h61084/codes/adapts/outputs/extraction/Weather/504_168/chronos2/instance/euclidean/3/online/run_0
2026-08-15 00:29:29,990 INFO [__main__] experiment done seconds=40.37
2026-08-15 00:29:29,990 INFO [__main__] ========================================================================
2026-08-15 00:29:32,758 INFO [__main__] extraction validation directory=/home/h61084/codes/adapts/outputs/extraction/Weather/504_168/chronos2/instance/euclidean/3/online/run_0 status=complete
2026-08-15T00:29:33+02:00 extraction done configuration=30/30 dataset=Weather model=chronos2 lags=504 horizon=168 retrieval=instance_euclidean_3_online

2026-08-15T00:29:33+02:00 job done kind=adaptation_extraction output=outputs/extraction

2026-08-15T00:29:33+02:00 job start kind=baselines family=mixed_quantity_ablation experiment_mode=full skip_complete=true tasks=15 datasets=ETTh1,ETTh2,ETTm1,ETTm2,Weather models=chronos2 settings=168:24,336:48,504:168 distance_spaces=instance distance_metrics=euclidean neighbors=3 methods=full_ridge_shared,cov_y_ridge_shared,cov_avgy_ridge_shared results_root=outputs/adaptation/mixed_quantity_ablation
2026-08-15 00:29:35,293 INFO [__main__] extraction validation directory=/home/h61084/codes/adapts/outputs/extraction/ETTh1/168_24/chronos2/instance/euclidean/3/online/run_0 status=complete

2026-08-15T00:29:35+02:00 baselines start configuration=1/15 dataset=ETTh1 model=chronos2 formula=full_ridge_shared lags=168 horizon=24 retrieval=instance_euclidean_3_online run=/home/h61084/codes/adapts/outputs/adaptation/mixed_quantity_ablation/ETTh1/168_24/chronos2/full_ridge_shared/instance/euclidean/3/online/run_0 computation_signature=4c14daa32ed441dc8e06101e6afaa3b49b3a4a9c2497789a9c43f27ebc174148 l2_grid=0,1e-6,1e-5,1e-4,1e-3,1e-2,1e-1,1,10 validation_fraction=0.2 fit_baselines_on_eval=false seed=1
2026-08-15 00:29:38,250 INFO [__main__] ========================================================================
2026-08-15 00:29:38,250 INFO [__main__] selected methods=('full_ridge_shared',)
2026-08-15 00:29:40,089 INFO [__main__] baseline selection start l2_grid=(0.0, 1e-06, 1e-05, 0.0001, 0.001, 0.01, 0.1, 1.0, 10.0)
2026-08-15 00:29:40,228 INFO [__main__] baseline selection done
2026-08-15 00:29:40,251 INFO [__main__] experiment done seconds=2.00
2026-08-15 00:29:40,251 INFO [__main__] ========================================================================
2026-08-15T00:29:40+02:00 baselines done configuration=1/15 dataset=ETTh1 model=chronos2 formula=full_ridge_shared lags=168 horizon=24 retrieval=instance_euclidean_3_online

2026-08-15T00:29:40+02:00 baselines start configuration=1/15 dataset=ETTh1 model=chronos2 formula=cov_y_ridge_shared lags=168 horizon=24 retrieval=instance_euclidean_3_online run=/home/h61084/codes/adapts/outputs/adaptation/mixed_quantity_ablation/ETTh1/168_24/chronos2/cov_y_ridge_shared/instance/euclidean/3/online/run_0 computation_signature=359d1d95e82a4ae3479c4be36fd8add12e0cfb05a45b35b23f0c83ed46fa35cf l2_grid=0,1e-6,1e-5,1e-4,1e-3,1e-2,1e-1,1,10 validation_fraction=0.2 fit_baselines_on_eval=false seed=1
2026-08-15 00:29:43,224 INFO [__main__] ========================================================================
2026-08-15 00:29:43,224 INFO [__main__] selected methods=('cov_y_ridge_shared',)
2026-08-15 00:29:44,712 INFO [__main__] baseline selection start l2_grid=(0.0, 1e-06, 1e-05, 0.0001, 0.001, 0.01, 0.1, 1.0, 10.0)
2026-08-15 00:29:44,897 INFO [__main__] baseline selection done
2026-08-15 00:29:44,921 INFO [__main__] experiment done seconds=1.69
2026-08-15 00:29:44,921 INFO [__main__] ========================================================================
2026-08-15T00:29:45+02:00 baselines done configuration=1/15 dataset=ETTh1 model=chronos2 formula=cov_y_ridge_shared lags=168 horizon=24 retrieval=instance_euclidean_3_online

2026-08-15T00:29:45+02:00 baselines start configuration=1/15 dataset=ETTh1 model=chronos2 formula=cov_avgy_ridge_shared lags=168 horizon=24 retrieval=instance_euclidean_3_online run=/home/h61084/codes/adapts/outputs/adaptation/mixed_quantity_ablation/ETTh1/168_24/chronos2/cov_avgy_ridge_shared/instance/euclidean/3/online/run_0 computation_signature=8047bde022c21f27157d49a4481b8a4ddfe9c23f8f4237605ed3adfa84b29dc4 l2_grid=0,1e-6,1e-5,1e-4,1e-3,1e-2,1e-1,1,10 validation_fraction=0.2 fit_baselines_on_eval=false seed=1
2026-08-15 00:29:48,210 INFO [__main__] ========================================================================
2026-08-15 00:29:48,210 INFO [__main__] selected methods=('cov_avgy_ridge_shared',)
2026-08-15 00:29:49,715 INFO [__main__] baseline selection start l2_grid=(0.0, 1e-06, 1e-05, 0.0001, 0.001, 0.01, 0.1, 1.0, 10.0)
2026-08-15 00:29:49,830 INFO [__main__] baseline selection done
2026-08-15 00:29:49,852 INFO [__main__] experiment done seconds=1.64
2026-08-15 00:29:49,852 INFO [__main__] ========================================================================
2026-08-15T00:29:50+02:00 baselines done configuration=1/15 dataset=ETTh1 model=chronos2 formula=cov_avgy_ridge_shared lags=168 horizon=24 retrieval=instance_euclidean_3_online
2026-08-15 00:29:52,383 INFO [__main__] extraction validation directory=/home/h61084/codes/adapts/outputs/extraction/ETTh1/336_48/chronos2/instance/euclidean/3/online/run_0 status=complete

2026-08-15T00:29:52+02:00 baselines start configuration=2/15 dataset=ETTh1 model=chronos2 formula=full_ridge_shared lags=336 horizon=48 retrieval=instance_euclidean_3_online run=/home/h61084/codes/adapts/outputs/adaptation/mixed_quantity_ablation/ETTh1/336_48/chronos2/full_ridge_shared/instance/euclidean/3/online/run_0 computation_signature=f33ef52f284f2e124219e7c6cdab39cb7c7682bb55df69f7306f5d29ae796a6d l2_grid=0,1e-6,1e-5,1e-4,1e-3,1e-2,1e-1,1,10 validation_fraction=0.2 fit_baselines_on_eval=false seed=1
2026-08-15 00:29:55,383 INFO [__main__] ========================================================================
2026-08-15 00:29:55,383 INFO [__main__] selected methods=('full_ridge_shared',)
2026-08-15 00:29:57,303 INFO [__main__] baseline selection start l2_grid=(0.0, 1e-06, 1e-05, 0.0001, 0.001, 0.01, 0.1, 1.0, 10.0)
2026-08-15 00:29:57,485 INFO [__main__] baseline selection done
2026-08-15 00:29:57,510 INFO [__main__] experiment done seconds=2.12
2026-08-15 00:29:57,510 INFO [__main__] ========================================================================
2026-08-15T00:29:57+02:00 baselines done configuration=2/15 dataset=ETTh1 model=chronos2 formula=full_ridge_shared lags=336 horizon=48 retrieval=instance_euclidean_3_online

2026-08-15T00:29:58+02:00 baselines start configuration=2/15 dataset=ETTh1 model=chronos2 formula=cov_y_ridge_shared lags=336 horizon=48 retrieval=instance_euclidean_3_online run=/home/h61084/codes/adapts/outputs/adaptation/mixed_quantity_ablation/ETTh1/336_48/chronos2/cov_y_ridge_shared/instance/euclidean/3/online/run_0 computation_signature=0277b3b6d7eee7ffc913b1efda597b1223b4ae2dbdaf0f7e7ec68cb0608e7a48 l2_grid=0,1e-6,1e-5,1e-4,1e-3,1e-2,1e-1,1,10 validation_fraction=0.2 fit_baselines_on_eval=false seed=1
2026-08-15 00:30:00,560 INFO [__main__] ========================================================================
2026-08-15 00:30:00,561 INFO [__main__] selected methods=('cov_y_ridge_shared',)
2026-08-15 00:30:02,319 INFO [__main__] baseline selection start l2_grid=(0.0, 1e-06, 1e-05, 0.0001, 0.001, 0.01, 0.1, 1.0, 10.0)
2026-08-15 00:30:02,446 INFO [__main__] baseline selection done
2026-08-15 00:30:02,475 INFO [__main__] experiment done seconds=1.91
2026-08-15 00:30:02,475 INFO [__main__] ========================================================================
2026-08-15T00:30:02+02:00 baselines done configuration=2/15 dataset=ETTh1 model=chronos2 formula=cov_y_ridge_shared lags=336 horizon=48 retrieval=instance_euclidean_3_online

2026-08-15T00:30:03+02:00 baselines start configuration=2/15 dataset=ETTh1 model=chronos2 formula=cov_avgy_ridge_shared lags=336 horizon=48 retrieval=instance_euclidean_3_online run=/home/h61084/codes/adapts/outputs/adaptation/mixed_quantity_ablation/ETTh1/336_48/chronos2/cov_avgy_ridge_shared/instance/euclidean/3/online/run_0 computation_signature=6bc110fb46b170ab7ac1a9d7b5bd5811887481dae2cbce1720d27d37da951fba l2_grid=0,1e-6,1e-5,1e-4,1e-3,1e-2,1e-1,1,10 validation_fraction=0.2 fit_baselines_on_eval=false seed=1
2026-08-15 00:30:05,353 INFO [__main__] ========================================================================
2026-08-15 00:30:05,353 INFO [__main__] selected methods=('cov_avgy_ridge_shared',)
2026-08-15 00:30:06,903 INFO [__main__] baseline selection start l2_grid=(0.0, 1e-06, 1e-05, 0.0001, 0.001, 0.01, 0.1, 1.0, 10.0)
2026-08-15 00:30:07,029 INFO [__main__] baseline selection done
2026-08-15 00:30:07,051 INFO [__main__] experiment done seconds=1.70
2026-08-15 00:30:07,051 INFO [__main__] ========================================================================
2026-08-15T00:30:07+02:00 baselines done configuration=2/15 dataset=ETTh1 model=chronos2 formula=cov_avgy_ridge_shared lags=336 horizon=48 retrieval=instance_euclidean_3_online
2026-08-15 00:30:09,522 INFO [__main__] extraction validation directory=/home/h61084/codes/adapts/outputs/extraction/ETTh1/504_168/chronos2/instance/euclidean/3/online/run_0 status=complete

2026-08-15T00:30:10+02:00 baselines start configuration=3/15 dataset=ETTh1 model=chronos2 formula=full_ridge_shared lags=504 horizon=168 retrieval=instance_euclidean_3_online run=/home/h61084/codes/adapts/outputs/adaptation/mixed_quantity_ablation/ETTh1/504_168/chronos2/full_ridge_shared/instance/euclidean/3/online/run_0 computation_signature=cc560d92a8a606bb29bbd876dab9856b76bc4afd03cb2c9c2c8a59384298b634 l2_grid=0,1e-6,1e-5,1e-4,1e-3,1e-2,1e-1,1,10 validation_fraction=0.2 fit_baselines_on_eval=false seed=1
2026-08-15 00:30:12,358 INFO [__main__] ========================================================================
2026-08-15 00:30:12,358 INFO [__main__] selected methods=('full_ridge_shared',)
2026-08-15 00:30:14,576 INFO [__main__] baseline selection start l2_grid=(0.0, 1e-06, 1e-05, 0.0001, 0.001, 0.01, 0.1, 1.0, 10.0)
2026-08-15 00:30:14,854 INFO [__main__] baseline selection done
2026-08-15 00:30:14,877 INFO [__main__] experiment done seconds=2.52
2026-08-15 00:30:14,877 INFO [__main__] ========================================================================
2026-08-15T00:30:15+02:00 baselines done configuration=3/15 dataset=ETTh1 model=chronos2 formula=full_ridge_shared lags=504 horizon=168 retrieval=instance_euclidean_3_online

2026-08-15T00:30:15+02:00 baselines start configuration=3/15 dataset=ETTh1 model=chronos2 formula=cov_y_ridge_shared lags=504 horizon=168 retrieval=instance_euclidean_3_online run=/home/h61084/codes/adapts/outputs/adaptation/mixed_quantity_ablation/ETTh1/504_168/chronos2/cov_y_ridge_shared/instance/euclidean/3/online/run_0 computation_signature=6b7bb4da5eae9caa7dec34f0b89e43c4d0a9300f2f34a387b9f347319d79c44a l2_grid=0,1e-6,1e-5,1e-4,1e-3,1e-2,1e-1,1,10 validation_fraction=0.2 fit_baselines_on_eval=false seed=1
2026-08-15 00:30:18,002 INFO [__main__] ========================================================================
2026-08-15 00:30:18,003 INFO [__main__] selected methods=('cov_y_ridge_shared',)
2026-08-15 00:30:19,518 INFO [__main__] baseline selection start l2_grid=(0.0, 1e-06, 1e-05, 0.0001, 0.001, 0.01, 0.1, 1.0, 10.0)
2026-08-15 00:30:19,713 INFO [__main__] baseline selection done
2026-08-15 00:30:19,737 INFO [__main__] experiment done seconds=1.73
2026-08-15 00:30:19,737 INFO [__main__] ========================================================================
2026-08-15T00:30:20+02:00 baselines done configuration=3/15 dataset=ETTh1 model=chronos2 formula=cov_y_ridge_shared lags=504 horizon=168 retrieval=instance_euclidean_3_online

2026-08-15T00:30:20+02:00 baselines start configuration=3/15 dataset=ETTh1 model=chronos2 formula=cov_avgy_ridge_shared lags=504 horizon=168 retrieval=instance_euclidean_3_online run=/home/h61084/codes/adapts/outputs/adaptation/mixed_quantity_ablation/ETTh1/504_168/chronos2/cov_avgy_ridge_shared/instance/euclidean/3/online/run_0 computation_signature=96d3c750d780e760f2e57c1029af2f4f3de0804cf634b4a67c7a322c985980b8 l2_grid=0,1e-6,1e-5,1e-4,1e-3,1e-2,1e-1,1,10 validation_fraction=0.2 fit_baselines_on_eval=false seed=1
2026-08-15 00:30:22,607 INFO [__main__] ========================================================================
2026-08-15 00:30:22,607 INFO [__main__] selected methods=('cov_avgy_ridge_shared',)
2026-08-15 00:30:24,079 INFO [__main__] baseline selection start l2_grid=(0.0, 1e-06, 1e-05, 0.0001, 0.001, 0.01, 0.1, 1.0, 10.0)
2026-08-15 00:30:24,306 INFO [__main__] baseline selection done
2026-08-15 00:30:24,331 INFO [__main__] experiment done seconds=1.72
2026-08-15 00:30:24,331 INFO [__main__] ========================================================================
2026-08-15T00:30:24+02:00 baselines done configuration=3/15 dataset=ETTh1 model=chronos2 formula=cov_avgy_ridge_shared lags=504 horizon=168 retrieval=instance_euclidean_3_online
2026-08-15 00:30:27,000 INFO [__main__] extraction validation directory=/home/h61084/codes/adapts/outputs/extraction/ETTh2/168_24/chronos2/instance/euclidean/3/online/run_0 status=complete

2026-08-15T00:30:27+02:00 baselines start configuration=4/15 dataset=ETTh2 model=chronos2 formula=full_ridge_shared lags=168 horizon=24 retrieval=instance_euclidean_3_online run=/home/h61084/codes/adapts/outputs/adaptation/mixed_quantity_ablation/ETTh2/168_24/chronos2/full_ridge_shared/instance/euclidean/3/online/run_0 computation_signature=110756779e7168a677ceb9b27cef1f586850cfc73b9bffd48099d0ec0e169a70 l2_grid=0,1e-6,1e-5,1e-4,1e-3,1e-2,1e-1,1,10 validation_fraction=0.2 fit_baselines_on_eval=false seed=1
2026-08-15 00:30:29,981 INFO [__main__] ========================================================================
2026-08-15 00:30:29,982 INFO [__main__] selected methods=('full_ridge_shared',)
2026-08-15 00:30:31,983 INFO [__main__] baseline selection start l2_grid=(0.0, 1e-06, 1e-05, 0.0001, 0.001, 0.01, 0.1, 1.0, 10.0)
2026-08-15 00:30:32,150 INFO [__main__] baseline selection done
2026-08-15 00:30:32,173 INFO [__main__] experiment done seconds=2.19
2026-08-15 00:30:32,173 INFO [__main__] ========================================================================
2026-08-15T00:30:32+02:00 baselines done configuration=4/15 dataset=ETTh2 model=chronos2 formula=full_ridge_shared lags=168 horizon=24 retrieval=instance_euclidean_3_online

2026-08-15T00:30:32+02:00 baselines start configuration=4/15 dataset=ETTh2 model=chronos2 formula=cov_y_ridge_shared lags=168 horizon=24 retrieval=instance_euclidean_3_online run=/home/h61084/codes/adapts/outputs/adaptation/mixed_quantity_ablation/ETTh2/168_24/chronos2/cov_y_ridge_shared/instance/euclidean/3/online/run_0 computation_signature=c9c439a48c913e194482dbd24982c62d52d29f282b56e7c6c381cb680ddf22d1 l2_grid=0,1e-6,1e-5,1e-4,1e-3,1e-2,1e-1,1,10 validation_fraction=0.2 fit_baselines_on_eval=false seed=1
2026-08-15 00:30:35,263 INFO [__main__] ========================================================================
2026-08-15 00:30:35,263 INFO [__main__] selected methods=('cov_y_ridge_shared',)
2026-08-15 00:30:36,811 INFO [__main__] baseline selection start l2_grid=(0.0, 1e-06, 1e-05, 0.0001, 0.001, 0.01, 0.1, 1.0, 10.0)
2026-08-15 00:30:36,963 INFO [__main__] baseline selection done
2026-08-15 00:30:36,986 INFO [__main__] experiment done seconds=1.72
2026-08-15 00:30:36,986 INFO [__main__] ========================================================================
2026-08-15T00:30:37+02:00 baselines done configuration=4/15 dataset=ETTh2 model=chronos2 formula=cov_y_ridge_shared lags=168 horizon=24 retrieval=instance_euclidean_3_online

2026-08-15T00:30:37+02:00 baselines start configuration=4/15 dataset=ETTh2 model=chronos2 formula=cov_avgy_ridge_shared lags=168 horizon=24 retrieval=instance_euclidean_3_online run=/home/h61084/codes/adapts/outputs/adaptation/mixed_quantity_ablation/ETTh2/168_24/chronos2/cov_avgy_ridge_shared/instance/euclidean/3/online/run_0 computation_signature=e23e3f9fd50b76ec7faf117bef56f75cf55ec998f3a9928d1cec84248c1f21b6 l2_grid=0,1e-6,1e-5,1e-4,1e-3,1e-2,1e-1,1,10 validation_fraction=0.2 fit_baselines_on_eval=false seed=1
2026-08-15 00:30:40,006 INFO [__main__] ========================================================================
2026-08-15 00:30:40,006 INFO [__main__] selected methods=('cov_avgy_ridge_shared',)
2026-08-15 00:30:41,558 INFO [__main__] baseline selection start l2_grid=(0.0, 1e-06, 1e-05, 0.0001, 0.001, 0.01, 0.1, 1.0, 10.0)
2026-08-15 00:30:41,684 INFO [__main__] baseline selection done
2026-08-15 00:30:41,713 INFO [__main__] experiment done seconds=1.70
2026-08-15 00:30:41,713 INFO [__main__] ========================================================================
2026-08-15T00:30:42+02:00 baselines done configuration=4/15 dataset=ETTh2 model=chronos2 formula=cov_avgy_ridge_shared lags=168 horizon=24 retrieval=instance_euclidean_3_online
2026-08-15 00:30:44,446 INFO [__main__] extraction validation directory=/home/h61084/codes/adapts/outputs/extraction/ETTh2/336_48/chronos2/instance/euclidean/3/online/run_0 status=complete

2026-08-15T00:30:45+02:00 baselines start configuration=5/15 dataset=ETTh2 model=chronos2 formula=full_ridge_shared lags=336 horizon=48 retrieval=instance_euclidean_3_online run=/home/h61084/codes/adapts/outputs/adaptation/mixed_quantity_ablation/ETTh2/336_48/chronos2/full_ridge_shared/instance/euclidean/3/online/run_0 computation_signature=2972ba926d3b3262d233400f0f111d1fc4672551aa1106b64161b7d453412131 l2_grid=0,1e-6,1e-5,1e-4,1e-3,1e-2,1e-1,1,10 validation_fraction=0.2 fit_baselines_on_eval=false seed=1
2026-08-15 00:30:47,378 INFO [__main__] ========================================================================
2026-08-15 00:30:47,379 INFO [__main__] selected methods=('full_ridge_shared',)
2026-08-15 00:30:49,277 INFO [__main__] baseline selection start l2_grid=(0.0, 1e-06, 1e-05, 0.0001, 0.001, 0.01, 0.1, 1.0, 10.0)
2026-08-15 00:30:49,472 INFO [__main__] baseline selection done
2026-08-15 00:30:49,495 INFO [__main__] experiment done seconds=2.11
2026-08-15 00:30:49,495 INFO [__main__] ========================================================================
2026-08-15T00:30:49+02:00 baselines done configuration=5/15 dataset=ETTh2 model=chronos2 formula=full_ridge_shared lags=336 horizon=48 retrieval=instance_euclidean_3_online

2026-08-15T00:30:50+02:00 baselines start configuration=5/15 dataset=ETTh2 model=chronos2 formula=cov_y_ridge_shared lags=336 horizon=48 retrieval=instance_euclidean_3_online run=/home/h61084/codes/adapts/outputs/adaptation/mixed_quantity_ablation/ETTh2/336_48/chronos2/cov_y_ridge_shared/instance/euclidean/3/online/run_0 computation_signature=90411e90761f81d2a52480ee3037a020c77671a1ec9f2ca33fb44784c9e8865f l2_grid=0,1e-6,1e-5,1e-4,1e-3,1e-2,1e-1,1,10 validation_fraction=0.2 fit_baselines_on_eval=false seed=1
2026-08-15 00:30:52,484 INFO [__main__] ========================================================================
2026-08-15 00:30:52,485 INFO [__main__] selected methods=('cov_y_ridge_shared',)
2026-08-15 00:30:54,071 INFO [__main__] baseline selection start l2_grid=(0.0, 1e-06, 1e-05, 0.0001, 0.001, 0.01, 0.1, 1.0, 10.0)
2026-08-15 00:30:54,198 INFO [__main__] baseline selection done
2026-08-15 00:30:54,222 INFO [__main__] experiment done seconds=1.73
2026-08-15 00:30:54,222 INFO [__main__] ========================================================================
2026-08-15T00:30:54+02:00 baselines done configuration=5/15 dataset=ETTh2 model=chronos2 formula=cov_y_ridge_shared lags=336 horizon=48 retrieval=instance_euclidean_3_online

2026-08-15T00:30:54+02:00 baselines start configuration=5/15 dataset=ETTh2 model=chronos2 formula=cov_avgy_ridge_shared lags=336 horizon=48 retrieval=instance_euclidean_3_online run=/home/h61084/codes/adapts/outputs/adaptation/mixed_quantity_ablation/ETTh2/336_48/chronos2/cov_avgy_ridge_shared/instance/euclidean/3/online/run_0 computation_signature=82c49820d90d69b8697f6d238b673d1d8b73b54af189f1fc8e7e6da2b96d6937 l2_grid=0,1e-6,1e-5,1e-4,1e-3,1e-2,1e-1,1,10 validation_fraction=0.2 fit_baselines_on_eval=false seed=1
2026-08-15 00:30:57,130 INFO [__main__] ========================================================================
2026-08-15 00:30:57,131 INFO [__main__] selected methods=('cov_avgy_ridge_shared',)
2026-08-15 00:30:58,669 INFO [__main__] baseline selection start l2_grid=(0.0, 1e-06, 1e-05, 0.0001, 0.001, 0.01, 0.1, 1.0, 10.0)
2026-08-15 00:30:58,845 INFO [__main__] baseline selection done
2026-08-15 00:30:58,869 INFO [__main__] experiment done seconds=1.74
2026-08-15 00:30:58,869 INFO [__main__] ========================================================================
2026-08-15T00:30:59+02:00 baselines done configuration=5/15 dataset=ETTh2 model=chronos2 formula=cov_avgy_ridge_shared lags=336 horizon=48 retrieval=instance_euclidean_3_online
2026-08-15 00:31:01,398 INFO [__main__] extraction validation directory=/home/h61084/codes/adapts/outputs/extraction/ETTh2/504_168/chronos2/instance/euclidean/3/online/run_0 status=complete

2026-08-15T00:31:01+02:00 baselines start configuration=6/15 dataset=ETTh2 model=chronos2 formula=full_ridge_shared lags=504 horizon=168 retrieval=instance_euclidean_3_online run=/home/h61084/codes/adapts/outputs/adaptation/mixed_quantity_ablation/ETTh2/504_168/chronos2/full_ridge_shared/instance/euclidean/3/online/run_0 computation_signature=ca803c67a85b91607b481ede05e2fba0adef687b60660042f81a1e8fc218ca11 l2_grid=0,1e-6,1e-5,1e-4,1e-3,1e-2,1e-1,1,10 validation_fraction=0.2 fit_baselines_on_eval=false seed=1
2026-08-15 00:31:04,317 INFO [__main__] ========================================================================
2026-08-15 00:31:04,318 INFO [__main__] selected methods=('full_ridge_shared',)
2026-08-15 00:31:06,748 INFO [__main__] baseline selection start l2_grid=(0.0, 1e-06, 1e-05, 0.0001, 0.001, 0.01, 0.1, 1.0, 10.0)
2026-08-15 00:31:07,001 INFO [__main__] baseline selection done
2026-08-15 00:31:07,024 INFO [__main__] experiment done seconds=2.70
2026-08-15 00:31:07,024 INFO [__main__] ========================================================================
2026-08-15T00:31:07+02:00 baselines done configuration=6/15 dataset=ETTh2 model=chronos2 formula=full_ridge_shared lags=504 horizon=168 retrieval=instance_euclidean_3_online

2026-08-15T00:31:07+02:00 baselines start configuration=6/15 dataset=ETTh2 model=chronos2 formula=cov_y_ridge_shared lags=504 horizon=168 retrieval=instance_euclidean_3_online run=/home/h61084/codes/adapts/outputs/adaptation/mixed_quantity_ablation/ETTh2/504_168/chronos2/cov_y_ridge_shared/instance/euclidean/3/online/run_0 computation_signature=9cfc1247a17d7b15de6188a64cfb8263deef73fb0086362a932335b0126b3868 l2_grid=0,1e-6,1e-5,1e-4,1e-3,1e-2,1e-1,1,10 validation_fraction=0.2 fit_baselines_on_eval=false seed=1
2026-08-15 00:31:09,950 INFO [__main__] ========================================================================
2026-08-15 00:31:09,950 INFO [__main__] selected methods=('cov_y_ridge_shared',)
2026-08-15 00:31:11,469 INFO [__main__] baseline selection start l2_grid=(0.0, 1e-06, 1e-05, 0.0001, 0.001, 0.01, 0.1, 1.0, 10.0)
2026-08-15 00:31:11,650 INFO [__main__] baseline selection done
2026-08-15 00:31:11,674 INFO [__main__] experiment done seconds=1.72
2026-08-15 00:31:11,674 INFO [__main__] ========================================================================
2026-08-15T00:31:12+02:00 baselines done configuration=6/15 dataset=ETTh2 model=chronos2 formula=cov_y_ridge_shared lags=504 horizon=168 retrieval=instance_euclidean_3_online

2026-08-15T00:31:12+02:00 baselines start configuration=6/15 dataset=ETTh2 model=chronos2 formula=cov_avgy_ridge_shared lags=504 horizon=168 retrieval=instance_euclidean_3_online run=/home/h61084/codes/adapts/outputs/adaptation/mixed_quantity_ablation/ETTh2/504_168/chronos2/cov_avgy_ridge_shared/instance/euclidean/3/online/run_0 computation_signature=12049025989bab76fb119e13032a8210aed5d2eec38313282098fabaea22c023 l2_grid=0,1e-6,1e-5,1e-4,1e-3,1e-2,1e-1,1,10 validation_fraction=0.2 fit_baselines_on_eval=false seed=1
2026-08-15 00:31:14,662 INFO [__main__] ========================================================================
2026-08-15 00:31:14,662 INFO [__main__] selected methods=('cov_avgy_ridge_shared',)
2026-08-15 00:31:16,223 INFO [__main__] baseline selection start l2_grid=(0.0, 1e-06, 1e-05, 0.0001, 0.001, 0.01, 0.1, 1.0, 10.0)
2026-08-15 00:31:16,447 INFO [__main__] baseline selection done
2026-08-15 00:31:16,472 INFO [__main__] experiment done seconds=1.81
2026-08-15 00:31:16,472 INFO [__main__] ========================================================================
2026-08-15T00:31:16+02:00 baselines done configuration=6/15 dataset=ETTh2 model=chronos2 formula=cov_avgy_ridge_shared lags=504 horizon=168 retrieval=instance_euclidean_3_online
2026-08-15 00:31:19,076 INFO [__main__] extraction validation directory=/home/h61084/codes/adapts/outputs/extraction/ETTm1/168_24/chronos2/instance/euclidean/3/online/run_0 status=complete

2026-08-15T00:31:19+02:00 baselines start configuration=7/15 dataset=ETTm1 model=chronos2 formula=full_ridge_shared lags=168 horizon=24 retrieval=instance_euclidean_3_online run=/home/h61084/codes/adapts/outputs/adaptation/mixed_quantity_ablation/ETTm1/168_24/chronos2/full_ridge_shared/instance/euclidean/3/online/run_0 computation_signature=2df13bbab76abf9f46f9e9bb9d338842043251e33cbf953c8b7d3fcd24ddca70 l2_grid=0,1e-6,1e-5,1e-4,1e-3,1e-2,1e-1,1,10 validation_fraction=0.2 fit_baselines_on_eval=false seed=1
2026-08-15 00:31:22,071 INFO [__main__] ========================================================================
2026-08-15 00:31:22,071 INFO [__main__] selected methods=('full_ridge_shared',)
2026-08-15 00:31:24,314 INFO [__main__] baseline selection start l2_grid=(0.0, 1e-06, 1e-05, 0.0001, 0.001, 0.01, 0.1, 1.0, 10.0)
2026-08-15 00:31:24,529 INFO [__main__] baseline selection done
2026-08-15 00:31:24,553 INFO [__main__] experiment done seconds=2.48
2026-08-15 00:31:24,553 INFO [__main__] ========================================================================
2026-08-15T00:31:25+02:00 baselines done configuration=7/15 dataset=ETTm1 model=chronos2 formula=full_ridge_shared lags=168 horizon=24 retrieval=instance_euclidean_3_online

2026-08-15T00:31:25+02:00 baselines start configuration=7/15 dataset=ETTm1 model=chronos2 formula=cov_y_ridge_shared lags=168 horizon=24 retrieval=instance_euclidean_3_online run=/home/h61084/codes/adapts/outputs/adaptation/mixed_quantity_ablation/ETTm1/168_24/chronos2/cov_y_ridge_shared/instance/euclidean/3/online/run_0 computation_signature=c4aa9da98cbea5b21f35636e5d82a2824542503e4c2e1e60c2853bf7080773ed l2_grid=0,1e-6,1e-5,1e-4,1e-3,1e-2,1e-1,1,10 validation_fraction=0.2 fit_baselines_on_eval=false seed=1
2026-08-15 00:31:28,484 INFO [__main__] ========================================================================
2026-08-15 00:31:28,484 INFO [__main__] selected methods=('cov_y_ridge_shared',)
2026-08-15 00:31:30,001 INFO [__main__] baseline selection start l2_grid=(0.0, 1e-06, 1e-05, 0.0001, 0.001, 0.01, 0.1, 1.0, 10.0)
2026-08-15 00:31:30,146 INFO [__main__] baseline selection done
2026-08-15 00:31:30,172 INFO [__main__] experiment done seconds=1.69
2026-08-15 00:31:30,172 INFO [__main__] ========================================================================
2026-08-15T00:31:30+02:00 baselines done configuration=7/15 dataset=ETTm1 model=chronos2 formula=cov_y_ridge_shared lags=168 horizon=24 retrieval=instance_euclidean_3_online

2026-08-15T00:31:30+02:00 baselines start configuration=7/15 dataset=ETTm1 model=chronos2 formula=cov_avgy_ridge_shared lags=168 horizon=24 retrieval=instance_euclidean_3_online run=/home/h61084/codes/adapts/outputs/adaptation/mixed_quantity_ablation/ETTm1/168_24/chronos2/cov_avgy_ridge_shared/instance/euclidean/3/online/run_0 computation_signature=5081bd58cf53ee1e5381d0b4fed2e65c887a24180370ba073987afc0c162055f l2_grid=0,1e-6,1e-5,1e-4,1e-3,1e-2,1e-1,1,10 validation_fraction=0.2 fit_baselines_on_eval=false seed=1
2026-08-15 00:31:33,166 INFO [__main__] ========================================================================
2026-08-15 00:31:33,166 INFO [__main__] selected methods=('cov_avgy_ridge_shared',)
2026-08-15 00:31:34,807 INFO [__main__] baseline selection start l2_grid=(0.0, 1e-06, 1e-05, 0.0001, 0.001, 0.01, 0.1, 1.0, 10.0)
2026-08-15 00:31:35,011 INFO [__main__] baseline selection done
2026-08-15 00:31:35,036 INFO [__main__] experiment done seconds=1.87
2026-08-15 00:31:35,036 INFO [__main__] ========================================================================
2026-08-15T00:31:35+02:00 baselines done configuration=7/15 dataset=ETTm1 model=chronos2 formula=cov_avgy_ridge_shared lags=168 horizon=24 retrieval=instance_euclidean_3_online
2026-08-15 00:31:37,721 INFO [__main__] extraction validation directory=/home/h61084/codes/adapts/outputs/extraction/ETTm1/336_48/chronos2/instance/euclidean/3/online/run_0 status=complete

2026-08-15T00:31:38+02:00 baselines start configuration=8/15 dataset=ETTm1 model=chronos2 formula=full_ridge_shared lags=336 horizon=48 retrieval=instance_euclidean_3_online run=/home/h61084/codes/adapts/outputs/adaptation/mixed_quantity_ablation/ETTm1/336_48/chronos2/full_ridge_shared/instance/euclidean/3/online/run_0 computation_signature=e09d077c9057d527f26935dbcade20e412316aa712e88f77d51aefda598271cf l2_grid=0,1e-6,1e-5,1e-4,1e-3,1e-2,1e-1,1,10 validation_fraction=0.2 fit_baselines_on_eval=false seed=1
2026-08-15 00:31:40,776 INFO [__main__] ========================================================================
2026-08-15 00:31:40,776 INFO [__main__] selected methods=('full_ridge_shared',)
2026-08-15 00:31:42,560 INFO [__main__] baseline selection start l2_grid=(0.0, 1e-06, 1e-05, 0.0001, 0.001, 0.01, 0.1, 1.0, 10.0)
2026-08-15 00:31:42,841 INFO [__main__] baseline selection done
2026-08-15 00:31:42,864 INFO [__main__] experiment done seconds=2.08
2026-08-15 00:31:42,864 INFO [__main__] ========================================================================
2026-08-15T00:31:43+02:00 baselines done configuration=8/15 dataset=ETTm1 model=chronos2 formula=full_ridge_shared lags=336 horizon=48 retrieval=instance_euclidean_3_online

2026-08-15T00:31:43+02:00 baselines start configuration=8/15 dataset=ETTm1 model=chronos2 formula=cov_y_ridge_shared lags=336 horizon=48 retrieval=instance_euclidean_3_online run=/home/h61084/codes/adapts/outputs/adaptation/mixed_quantity_ablation/ETTm1/336_48/chronos2/cov_y_ridge_shared/instance/euclidean/3/online/run_0 computation_signature=826b298f3de61b5846f973c6076604cec18ec4b20dda420913dfea1c18d16bb9 l2_grid=0,1e-6,1e-5,1e-4,1e-3,1e-2,1e-1,1,10 validation_fraction=0.2 fit_baselines_on_eval=false seed=1
2026-08-15 00:31:45,862 INFO [__main__] ========================================================================
2026-08-15 00:31:45,862 INFO [__main__] selected methods=('cov_y_ridge_shared',)
2026-08-15 00:31:47,397 INFO [__main__] baseline selection start l2_grid=(0.0, 1e-06, 1e-05, 0.0001, 0.001, 0.01, 0.1, 1.0, 10.0)
2026-08-15 00:31:47,598 INFO [__main__] baseline selection done
2026-08-15 00:31:47,622 INFO [__main__] experiment done seconds=1.76
2026-08-15 00:31:47,622 INFO [__main__] ========================================================================
2026-08-15T00:31:48+02:00 baselines done configuration=8/15 dataset=ETTm1 model=chronos2 formula=cov_y_ridge_shared lags=336 horizon=48 retrieval=instance_euclidean_3_online

2026-08-15T00:31:48+02:00 baselines start configuration=8/15 dataset=ETTm1 model=chronos2 formula=cov_avgy_ridge_shared lags=336 horizon=48 retrieval=instance_euclidean_3_online run=/home/h61084/codes/adapts/outputs/adaptation/mixed_quantity_ablation/ETTm1/336_48/chronos2/cov_avgy_ridge_shared/instance/euclidean/3/online/run_0 computation_signature=8c6767e2f0301961c5937af9d28f95f12380842ad9b7d66ff8440b70f4ac1f8a l2_grid=0,1e-6,1e-5,1e-4,1e-3,1e-2,1e-1,1,10 validation_fraction=0.2 fit_baselines_on_eval=false seed=1
2026-08-15 00:31:50,790 INFO [__main__] ========================================================================
2026-08-15 00:31:50,790 INFO [__main__] selected methods=('cov_avgy_ridge_shared',)
2026-08-15 00:31:52,369 INFO [__main__] baseline selection start l2_grid=(0.0, 1e-06, 1e-05, 0.0001, 0.001, 0.01, 0.1, 1.0, 10.0)
2026-08-15 00:31:52,580 INFO [__main__] baseline selection done
2026-08-15 00:31:52,603 INFO [__main__] experiment done seconds=1.81
2026-08-15 00:31:52,603 INFO [__main__] ========================================================================
2026-08-15T00:31:53+02:00 baselines done configuration=8/15 dataset=ETTm1 model=chronos2 formula=cov_avgy_ridge_shared lags=336 horizon=48 retrieval=instance_euclidean_3_online
2026-08-15 00:31:55,288 INFO [__main__] extraction validation directory=/home/h61084/codes/adapts/outputs/extraction/ETTm1/504_168/chronos2/instance/euclidean/3/online/run_0 status=complete

2026-08-15T00:31:55+02:00 baselines start configuration=9/15 dataset=ETTm1 model=chronos2 formula=full_ridge_shared lags=504 horizon=168 retrieval=instance_euclidean_3_online run=/home/h61084/codes/adapts/outputs/adaptation/mixed_quantity_ablation/ETTm1/504_168/chronos2/full_ridge_shared/instance/euclidean/3/online/run_0 computation_signature=d95290e876e5d096ad704aa78c01afd99d64f7b3b5b1396fdc6079e873a137a3 l2_grid=0,1e-6,1e-5,1e-4,1e-3,1e-2,1e-1,1,10 validation_fraction=0.2 fit_baselines_on_eval=false seed=1
2026-08-15 00:31:58,145 INFO [__main__] ========================================================================
2026-08-15 00:31:58,145 INFO [__main__] selected methods=('full_ridge_shared',)
2026-08-15 00:32:01,492 INFO [__main__] baseline selection start l2_grid=(0.0, 1e-06, 1e-05, 0.0001, 0.001, 0.01, 0.1, 1.0, 10.0)
2026-08-15 00:32:01,914 INFO [__main__] baseline selection done
2026-08-15 00:32:01,939 INFO [__main__] experiment done seconds=3.79
2026-08-15 00:32:01,939 INFO [__main__] ========================================================================
2026-08-15T00:32:02+02:00 baselines done configuration=9/15 dataset=ETTm1 model=chronos2 formula=full_ridge_shared lags=504 horizon=168 retrieval=instance_euclidean_3_online

2026-08-15T00:32:02+02:00 baselines start configuration=9/15 dataset=ETTm1 model=chronos2 formula=cov_y_ridge_shared lags=504 horizon=168 retrieval=instance_euclidean_3_online run=/home/h61084/codes/adapts/outputs/adaptation/mixed_quantity_ablation/ETTm1/504_168/chronos2/cov_y_ridge_shared/instance/euclidean/3/online/run_0 computation_signature=baac72a145357886e5d0ebc91733bb5cde42188936274296837af5ebe008f915 l2_grid=0,1e-6,1e-5,1e-4,1e-3,1e-2,1e-1,1,10 validation_fraction=0.2 fit_baselines_on_eval=false seed=1
2026-08-15 00:32:04,920 INFO [__main__] ========================================================================
2026-08-15 00:32:04,920 INFO [__main__] selected methods=('cov_y_ridge_shared',)
2026-08-15 00:32:06,796 INFO [__main__] baseline selection start l2_grid=(0.0, 1e-06, 1e-05, 0.0001, 0.001, 0.01, 0.1, 1.0, 10.0)
2026-08-15 00:32:07,104 INFO [__main__] baseline selection done
2026-08-15 00:32:07,128 INFO [__main__] experiment done seconds=2.20
2026-08-15 00:32:07,128 INFO [__main__] ========================================================================
2026-08-15T00:32:07+02:00 baselines done configuration=9/15 dataset=ETTm1 model=chronos2 formula=cov_y_ridge_shared lags=504 horizon=168 retrieval=instance_euclidean_3_online

2026-08-15T00:32:07+02:00 baselines start configuration=9/15 dataset=ETTm1 model=chronos2 formula=cov_avgy_ridge_shared lags=504 horizon=168 retrieval=instance_euclidean_3_online run=/home/h61084/codes/adapts/outputs/adaptation/mixed_quantity_ablation/ETTm1/504_168/chronos2/cov_avgy_ridge_shared/instance/euclidean/3/online/run_0 computation_signature=9bda74f45942741568e3be76cc9bb97d3ee9f9ce8e552f6e4e8c2892aec1148b l2_grid=0,1e-6,1e-5,1e-4,1e-3,1e-2,1e-1,1,10 validation_fraction=0.2 fit_baselines_on_eval=false seed=1
2026-08-15 00:32:09,994 INFO [__main__] ========================================================================
2026-08-15 00:32:09,994 INFO [__main__] selected methods=('cov_avgy_ridge_shared',)
2026-08-15 00:32:11,702 INFO [__main__] baseline selection start l2_grid=(0.0, 1e-06, 1e-05, 0.0001, 0.001, 0.01, 0.1, 1.0, 10.0)
2026-08-15 00:32:12,036 INFO [__main__] baseline selection done
2026-08-15 00:32:12,059 INFO [__main__] experiment done seconds=2.06
2026-08-15 00:32:12,059 INFO [__main__] ========================================================================
2026-08-15T00:32:12+02:00 baselines done configuration=9/15 dataset=ETTm1 model=chronos2 formula=cov_avgy_ridge_shared lags=504 horizon=168 retrieval=instance_euclidean_3_online
2026-08-15 00:32:14,746 INFO [__main__] extraction validation directory=/home/h61084/codes/adapts/outputs/extraction/ETTm2/168_24/chronos2/instance/euclidean/3/online/run_0 status=complete

2026-08-15T00:32:15+02:00 baselines start configuration=10/15 dataset=ETTm2 model=chronos2 formula=full_ridge_shared lags=168 horizon=24 retrieval=instance_euclidean_3_online run=/home/h61084/codes/adapts/outputs/adaptation/mixed_quantity_ablation/ETTm2/168_24/chronos2/full_ridge_shared/instance/euclidean/3/online/run_0 computation_signature=12937e5feea44995fe8a1462498adb7825f6debabdd05899eee2c16ae13afc9a l2_grid=0,1e-6,1e-5,1e-4,1e-3,1e-2,1e-1,1,10 validation_fraction=0.2 fit_baselines_on_eval=false seed=1
2026-08-15 00:32:19,798 INFO [__main__] ========================================================================
2026-08-15 00:32:19,798 INFO [__main__] selected methods=('full_ridge_shared',)
2026-08-15 00:32:22,026 INFO [__main__] baseline selection start l2_grid=(0.0, 1e-06, 1e-05, 0.0001, 0.001, 0.01, 0.1, 1.0, 10.0)
2026-08-15 00:32:22,244 INFO [__main__] baseline selection done
2026-08-15 00:32:22,268 INFO [__main__] experiment done seconds=2.47
2026-08-15 00:32:22,268 INFO [__main__] ========================================================================
2026-08-15T00:32:22+02:00 baselines done configuration=10/15 dataset=ETTm2 model=chronos2 formula=full_ridge_shared lags=168 horizon=24 retrieval=instance_euclidean_3_online

2026-08-15T00:32:22+02:00 baselines start configuration=10/15 dataset=ETTm2 model=chronos2 formula=cov_y_ridge_shared lags=168 horizon=24 retrieval=instance_euclidean_3_online run=/home/h61084/codes/adapts/outputs/adaptation/mixed_quantity_ablation/ETTm2/168_24/chronos2/cov_y_ridge_shared/instance/euclidean/3/online/run_0 computation_signature=2438e8be102cf7356bfb5bd095d7cb8e1332fb046fbd2a593406a5b8b399e937 l2_grid=0,1e-6,1e-5,1e-4,1e-3,1e-2,1e-1,1,10 validation_fraction=0.2 fit_baselines_on_eval=false seed=1
2026-08-15 00:32:25,150 INFO [__main__] ========================================================================
2026-08-15 00:32:25,150 INFO [__main__] selected methods=('cov_y_ridge_shared',)
2026-08-15 00:32:26,646 INFO [__main__] baseline selection start l2_grid=(0.0, 1e-06, 1e-05, 0.0001, 0.001, 0.01, 0.1, 1.0, 10.0)
2026-08-15 00:32:26,788 INFO [__main__] baseline selection done
2026-08-15 00:32:26,810 INFO [__main__] experiment done seconds=1.66
2026-08-15 00:32:26,810 INFO [__main__] ========================================================================
2026-08-15T00:32:27+02:00 baselines done configuration=10/15 dataset=ETTm2 model=chronos2 formula=cov_y_ridge_shared lags=168 horizon=24 retrieval=instance_euclidean_3_online

2026-08-15T00:32:27+02:00 baselines start configuration=10/15 dataset=ETTm2 model=chronos2 formula=cov_avgy_ridge_shared lags=168 horizon=24 retrieval=instance_euclidean_3_online run=/home/h61084/codes/adapts/outputs/adaptation/mixed_quantity_ablation/ETTm2/168_24/chronos2/cov_avgy_ridge_shared/instance/euclidean/3/online/run_0 computation_signature=aa4d02200b866f03deb0bbf715cb93c60b4becf12a37f5edb2f0e311cb05b1ae l2_grid=0,1e-6,1e-5,1e-4,1e-3,1e-2,1e-1,1,10 validation_fraction=0.2 fit_baselines_on_eval=false seed=1
2026-08-15 00:32:29,773 INFO [__main__] ========================================================================
2026-08-15 00:32:29,773 INFO [__main__] selected methods=('cov_avgy_ridge_shared',)
2026-08-15 00:32:31,317 INFO [__main__] baseline selection start l2_grid=(0.0, 1e-06, 1e-05, 0.0001, 0.001, 0.01, 0.1, 1.0, 10.0)
2026-08-15 00:32:31,477 INFO [__main__] baseline selection done
2026-08-15 00:32:31,500 INFO [__main__] experiment done seconds=1.72
2026-08-15 00:32:31,500 INFO [__main__] ========================================================================
2026-08-15T00:32:32+02:00 baselines done configuration=10/15 dataset=ETTm2 model=chronos2 formula=cov_avgy_ridge_shared lags=168 horizon=24 retrieval=instance_euclidean_3_online
2026-08-15 00:32:34,235 INFO [__main__] extraction validation directory=/home/h61084/codes/adapts/outputs/extraction/ETTm2/336_48/chronos2/instance/euclidean/3/online/run_0 status=complete

2026-08-15T00:32:34+02:00 baselines start configuration=11/15 dataset=ETTm2 model=chronos2 formula=full_ridge_shared lags=336 horizon=48 retrieval=instance_euclidean_3_online run=/home/h61084/codes/adapts/outputs/adaptation/mixed_quantity_ablation/ETTm2/336_48/chronos2/full_ridge_shared/instance/euclidean/3/online/run_0 computation_signature=0abb3927fda4cff75aae6712a87e7913e789f0ebeadb8b3c122b96b40dc15974 l2_grid=0,1e-6,1e-5,1e-4,1e-3,1e-2,1e-1,1,10 validation_fraction=0.2 fit_baselines_on_eval=false seed=1
2026-08-15 00:32:37,072 INFO [__main__] ========================================================================
2026-08-15 00:32:37,072 INFO [__main__] selected methods=('full_ridge_shared',)
2026-08-15 00:32:39,898 INFO [__main__] baseline selection start l2_grid=(0.0, 1e-06, 1e-05, 0.0001, 0.001, 0.01, 0.1, 1.0, 10.0)
2026-08-15 00:32:40,120 INFO [__main__] baseline selection done
2026-08-15 00:32:40,142 INFO [__main__] experiment done seconds=3.07
2026-08-15 00:32:40,143 INFO [__main__] ========================================================================
2026-08-15T00:32:40+02:00 baselines done configuration=11/15 dataset=ETTm2 model=chronos2 formula=full_ridge_shared lags=336 horizon=48 retrieval=instance_euclidean_3_online

2026-08-15T00:32:40+02:00 baselines start configuration=11/15 dataset=ETTm2 model=chronos2 formula=cov_y_ridge_shared lags=336 horizon=48 retrieval=instance_euclidean_3_online run=/home/h61084/codes/adapts/outputs/adaptation/mixed_quantity_ablation/ETTm2/336_48/chronos2/cov_y_ridge_shared/instance/euclidean/3/online/run_0 computation_signature=0dca89c9d9bd137ae5ecb9d071e352ffad7c7a059ba33b3b1b63cfc6fa211c0f l2_grid=0,1e-6,1e-5,1e-4,1e-3,1e-2,1e-1,1,10 validation_fraction=0.2 fit_baselines_on_eval=false seed=1
2026-08-15 00:32:43,147 INFO [__main__] ========================================================================
2026-08-15 00:32:43,147 INFO [__main__] selected methods=('cov_y_ridge_shared',)
2026-08-15 00:32:44,772 INFO [__main__] baseline selection start l2_grid=(0.0, 1e-06, 1e-05, 0.0001, 0.001, 0.01, 0.1, 1.0, 10.0)
2026-08-15 00:32:44,995 INFO [__main__] baseline selection done
2026-08-15 00:32:45,019 INFO [__main__] experiment done seconds=1.87
2026-08-15 00:32:45,019 INFO [__main__] ========================================================================
2026-08-15T00:32:45+02:00 baselines done configuration=11/15 dataset=ETTm2 model=chronos2 formula=cov_y_ridge_shared lags=336 horizon=48 retrieval=instance_euclidean_3_online

2026-08-15T00:32:45+02:00 baselines start configuration=11/15 dataset=ETTm2 model=chronos2 formula=cov_avgy_ridge_shared lags=336 horizon=48 retrieval=instance_euclidean_3_online run=/home/h61084/codes/adapts/outputs/adaptation/mixed_quantity_ablation/ETTm2/336_48/chronos2/cov_avgy_ridge_shared/instance/euclidean/3/online/run_0 computation_signature=263fc54cfb51e6fcded2d95511290ac7dcb15a9a71f4eef89f80ba166a0c8a5a l2_grid=0,1e-6,1e-5,1e-4,1e-3,1e-2,1e-1,1,10 validation_fraction=0.2 fit_baselines_on_eval=false seed=1
2026-08-15 00:32:48,047 INFO [__main__] ========================================================================
2026-08-15 00:32:48,047 INFO [__main__] selected methods=('cov_avgy_ridge_shared',)
2026-08-15 00:32:49,606 INFO [__main__] baseline selection start l2_grid=(0.0, 1e-06, 1e-05, 0.0001, 0.001, 0.01, 0.1, 1.0, 10.0)
2026-08-15 00:32:49,810 INFO [__main__] baseline selection done
2026-08-15 00:32:49,835 INFO [__main__] experiment done seconds=1.79
2026-08-15 00:32:49,835 INFO [__main__] ========================================================================
2026-08-15T00:32:50+02:00 baselines done configuration=11/15 dataset=ETTm2 model=chronos2 formula=cov_avgy_ridge_shared lags=336 horizon=48 retrieval=instance_euclidean_3_online
2026-08-15 00:32:52,532 INFO [__main__] extraction validation directory=/home/h61084/codes/adapts/outputs/extraction/ETTm2/504_168/chronos2/instance/euclidean/3/online/run_0 status=complete

2026-08-15T00:32:53+02:00 baselines start configuration=12/15 dataset=ETTm2 model=chronos2 formula=full_ridge_shared lags=504 horizon=168 retrieval=instance_euclidean_3_online run=/home/h61084/codes/adapts/outputs/adaptation/mixed_quantity_ablation/ETTm2/504_168/chronos2/full_ridge_shared/instance/euclidean/3/online/run_0 computation_signature=3307d0668a6add7cf41127a87e2008b661caa8eb98e9332f4a5b584230e7f5ba l2_grid=0,1e-6,1e-5,1e-4,1e-3,1e-2,1e-1,1,10 validation_fraction=0.2 fit_baselines_on_eval=false seed=1
2026-08-15 00:32:55,545 INFO [__main__] ========================================================================
2026-08-15 00:32:55,546 INFO [__main__] selected methods=('full_ridge_shared',)
2026-08-15 00:32:58,807 INFO [__main__] baseline selection start l2_grid=(0.0, 1e-06, 1e-05, 0.0001, 0.001, 0.01, 0.1, 1.0, 10.0)
2026-08-15 00:32:59,268 INFO [__main__] baseline selection done
2026-08-15 00:32:59,291 INFO [__main__] experiment done seconds=3.74
2026-08-15 00:32:59,291 INFO [__main__] ========================================================================
2026-08-15T00:32:59+02:00 baselines done configuration=12/15 dataset=ETTm2 model=chronos2 formula=full_ridge_shared lags=504 horizon=168 retrieval=instance_euclidean_3_online

2026-08-15T00:32:59+02:00 baselines start configuration=12/15 dataset=ETTm2 model=chronos2 formula=cov_y_ridge_shared lags=504 horizon=168 retrieval=instance_euclidean_3_online run=/home/h61084/codes/adapts/outputs/adaptation/mixed_quantity_ablation/ETTm2/504_168/chronos2/cov_y_ridge_shared/instance/euclidean/3/online/run_0 computation_signature=2d382d6c9fe12ca77bc78d51ace5d22565d4cec9303c6df099f961d056a8389e l2_grid=0,1e-6,1e-5,1e-4,1e-3,1e-2,1e-1,1,10 validation_fraction=0.2 fit_baselines_on_eval=false seed=1
2026-08-15 00:33:02,232 INFO [__main__] ========================================================================
2026-08-15 00:33:02,232 INFO [__main__] selected methods=('cov_y_ridge_shared',)
2026-08-15 00:33:03,883 INFO [__main__] baseline selection start l2_grid=(0.0, 1e-06, 1e-05, 0.0001, 0.001, 0.01, 0.1, 1.0, 10.0)
2026-08-15 00:33:04,187 INFO [__main__] baseline selection done
2026-08-15 00:33:04,210 INFO [__main__] experiment done seconds=1.97
2026-08-15 00:33:04,210 INFO [__main__] ========================================================================
2026-08-15T00:33:04+02:00 baselines done configuration=12/15 dataset=ETTm2 model=chronos2 formula=cov_y_ridge_shared lags=504 horizon=168 retrieval=instance_euclidean_3_online

2026-08-15T00:33:04+02:00 baselines start configuration=12/15 dataset=ETTm2 model=chronos2 formula=cov_avgy_ridge_shared lags=504 horizon=168 retrieval=instance_euclidean_3_online run=/home/h61084/codes/adapts/outputs/adaptation/mixed_quantity_ablation/ETTm2/504_168/chronos2/cov_avgy_ridge_shared/instance/euclidean/3/online/run_0 computation_signature=108677e0498d2e0eaa9a66bba89ffd7620a914fb65d20a08770eeddfceaef8dc l2_grid=0,1e-6,1e-5,1e-4,1e-3,1e-2,1e-1,1,10 validation_fraction=0.2 fit_baselines_on_eval=false seed=1
2026-08-15 00:33:07,065 INFO [__main__] ========================================================================
2026-08-15 00:33:07,065 INFO [__main__] selected methods=('cov_avgy_ridge_shared',)
2026-08-15 00:33:09,064 INFO [__main__] baseline selection start l2_grid=(0.0, 1e-06, 1e-05, 0.0001, 0.001, 0.01, 0.1, 1.0, 10.0)
2026-08-15 00:33:09,459 INFO [__main__] baseline selection done
2026-08-15 00:33:09,482 INFO [__main__] experiment done seconds=2.41
2026-08-15 00:33:09,483 INFO [__main__] ========================================================================
2026-08-15T00:33:10+02:00 baselines done configuration=12/15 dataset=ETTm2 model=chronos2 formula=cov_avgy_ridge_shared lags=504 horizon=168 retrieval=instance_euclidean_3_online
2026-08-15 00:33:12,229 INFO [__main__] extraction validation directory=/home/h61084/codes/adapts/outputs/extraction/Weather/168_24/chronos2/instance/euclidean/3/online/run_0 status=complete

2026-08-15T00:33:12+02:00 baselines start configuration=13/15 dataset=Weather model=chronos2 formula=full_ridge_shared lags=168 horizon=24 retrieval=instance_euclidean_3_online run=/home/h61084/codes/adapts/outputs/adaptation/mixed_quantity_ablation/Weather/168_24/chronos2/full_ridge_shared/instance/euclidean/3/online/run_0 computation_signature=0b9f5660f24284df68f43110e137c56ba8b5e384689c4767ff8949759a87c1fe l2_grid=0,1e-6,1e-5,1e-4,1e-3,1e-2,1e-1,1,10 validation_fraction=0.2 fit_baselines_on_eval=false seed=1
2026-08-15 00:33:15,385 INFO [__main__] ========================================================================
2026-08-15 00:33:15,385 INFO [__main__] selected methods=('full_ridge_shared',)
2026-08-15 00:33:17,488 INFO [__main__] baseline selection start l2_grid=(0.0, 1e-06, 1e-05, 0.0001, 0.001, 0.01, 0.1, 1.0, 10.0)
2026-08-15 00:33:17,637 INFO [__main__] baseline selection done
2026-08-15 00:33:17,669 INFO [__main__] experiment done seconds=2.28
2026-08-15 00:33:17,669 INFO [__main__] ========================================================================
2026-08-15T00:33:18+02:00 baselines done configuration=13/15 dataset=Weather model=chronos2 formula=full_ridge_shared lags=168 horizon=24 retrieval=instance_euclidean_3_online

2026-08-15T00:33:18+02:00 baselines start configuration=13/15 dataset=Weather model=chronos2 formula=cov_y_ridge_shared lags=168 horizon=24 retrieval=instance_euclidean_3_online run=/home/h61084/codes/adapts/outputs/adaptation/mixed_quantity_ablation/Weather/168_24/chronos2/cov_y_ridge_shared/instance/euclidean/3/online/run_0 computation_signature=d539d8794d1fea292cc3bc79b10c3da5eb30e6dbac4fc3a55949eb55905d66c4 l2_grid=0,1e-6,1e-5,1e-4,1e-3,1e-2,1e-1,1,10 validation_fraction=0.2 fit_baselines_on_eval=false seed=1
2026-08-15 00:33:20,731 INFO [__main__] ========================================================================
2026-08-15 00:33:20,731 INFO [__main__] selected methods=('cov_y_ridge_shared',)
2026-08-15 00:33:22,408 INFO [__main__] baseline selection start l2_grid=(0.0, 1e-06, 1e-05, 0.0001, 0.001, 0.01, 0.1, 1.0, 10.0)
2026-08-15 00:33:22,577 INFO [__main__] baseline selection done
2026-08-15 00:33:22,602 INFO [__main__] experiment done seconds=1.87
2026-08-15 00:33:22,603 INFO [__main__] ========================================================================
2026-08-15T00:33:23+02:00 baselines done configuration=13/15 dataset=Weather model=chronos2 formula=cov_y_ridge_shared lags=168 horizon=24 retrieval=instance_euclidean_3_online

2026-08-15T00:33:23+02:00 baselines start configuration=13/15 dataset=Weather model=chronos2 formula=cov_avgy_ridge_shared lags=168 horizon=24 retrieval=instance_euclidean_3_online run=/home/h61084/codes/adapts/outputs/adaptation/mixed_quantity_ablation/Weather/168_24/chronos2/cov_avgy_ridge_shared/instance/euclidean/3/online/run_0 computation_signature=985699e9037a51e0b738647cec6d72aa0b349afd9a6c4fd8cabc31abd5f2b124 l2_grid=0,1e-6,1e-5,1e-4,1e-3,1e-2,1e-1,1,10 validation_fraction=0.2 fit_baselines_on_eval=false seed=1
2026-08-15 00:33:25,608 INFO [__main__] ========================================================================
2026-08-15 00:33:25,608 INFO [__main__] selected methods=('cov_avgy_ridge_shared',)
2026-08-15 00:33:27,337 INFO [__main__] baseline selection start l2_grid=(0.0, 1e-06, 1e-05, 0.0001, 0.001, 0.01, 0.1, 1.0, 10.0)
2026-08-15 00:33:27,460 INFO [__main__] baseline selection done
2026-08-15 00:33:27,486 INFO [__main__] experiment done seconds=1.87
2026-08-15 00:33:27,486 INFO [__main__] ========================================================================
2026-08-15T00:33:27+02:00 baselines done configuration=13/15 dataset=Weather model=chronos2 formula=cov_avgy_ridge_shared lags=168 horizon=24 retrieval=instance_euclidean_3_online
2026-08-15 00:33:31,089 INFO [__main__] extraction validation directory=/home/h61084/codes/adapts/outputs/extraction/Weather/336_48/chronos2/instance/euclidean/3/online/run_0 status=complete

2026-08-15T00:33:31+02:00 baselines start configuration=14/15 dataset=Weather model=chronos2 formula=full_ridge_shared lags=336 horizon=48 retrieval=instance_euclidean_3_online run=/home/h61084/codes/adapts/outputs/adaptation/mixed_quantity_ablation/Weather/336_48/chronos2/full_ridge_shared/instance/euclidean/3/online/run_0 computation_signature=51a450c405058d8358b70f4f4e5fc61242b46dd5d8eeedc346d8a66d7f9ed62c l2_grid=0,1e-6,1e-5,1e-4,1e-3,1e-2,1e-1,1,10 validation_fraction=0.2 fit_baselines_on_eval=false seed=1
2026-08-15 00:33:34,060 INFO [__main__] ========================================================================
2026-08-15 00:33:34,061 INFO [__main__] selected methods=('full_ridge_shared',)
2026-08-15 00:33:36,206 INFO [__main__] baseline selection start l2_grid=(0.0, 1e-06, 1e-05, 0.0001, 0.001, 0.01, 0.1, 1.0, 10.0)
2026-08-15 00:33:36,402 INFO [__main__] baseline selection done
2026-08-15 00:33:36,425 INFO [__main__] experiment done seconds=2.36
2026-08-15 00:33:36,425 INFO [__main__] ========================================================================
2026-08-15T00:33:36+02:00 baselines done configuration=14/15 dataset=Weather model=chronos2 formula=full_ridge_shared lags=336 horizon=48 retrieval=instance_euclidean_3_online

2026-08-15T00:33:37+02:00 baselines start configuration=14/15 dataset=Weather model=chronos2 formula=cov_y_ridge_shared lags=336 horizon=48 retrieval=instance_euclidean_3_online run=/home/h61084/codes/adapts/outputs/adaptation/mixed_quantity_ablation/Weather/336_48/chronos2/cov_y_ridge_shared/instance/euclidean/3/online/run_0 computation_signature=fc0f12c66064e1e24fac5edb457a40bb9295e9515cb3f87880d5c672b2de4a77 l2_grid=0,1e-6,1e-5,1e-4,1e-3,1e-2,1e-1,1,10 validation_fraction=0.2 fit_baselines_on_eval=false seed=1
2026-08-15 00:33:39,448 INFO [__main__] ========================================================================
2026-08-15 00:33:39,449 INFO [__main__] selected methods=('cov_y_ridge_shared',)
2026-08-15 00:33:40,949 INFO [__main__] baseline selection start l2_grid=(0.0, 1e-06, 1e-05, 0.0001, 0.001, 0.01, 0.1, 1.0, 10.0)
2026-08-15 00:33:41,117 INFO [__main__] baseline selection done
2026-08-15 00:33:41,144 INFO [__main__] experiment done seconds=1.69
2026-08-15 00:33:41,144 INFO [__main__] ========================================================================
2026-08-15T00:33:41+02:00 baselines done configuration=14/15 dataset=Weather model=chronos2 formula=cov_y_ridge_shared lags=336 horizon=48 retrieval=instance_euclidean_3_online

2026-08-15T00:33:41+02:00 baselines start configuration=14/15 dataset=Weather model=chronos2 formula=cov_avgy_ridge_shared lags=336 horizon=48 retrieval=instance_euclidean_3_online run=/home/h61084/codes/adapts/outputs/adaptation/mixed_quantity_ablation/Weather/336_48/chronos2/cov_avgy_ridge_shared/instance/euclidean/3/online/run_0 computation_signature=e38d2746545263c73b699fbdc50b1b593d72007a907aa03fee51a51a0a5b43d8 l2_grid=0,1e-6,1e-5,1e-4,1e-3,1e-2,1e-1,1,10 validation_fraction=0.2 fit_baselines_on_eval=false seed=1
2026-08-15 00:33:44,182 INFO [__main__] ========================================================================
2026-08-15 00:33:44,182 INFO [__main__] selected methods=('cov_avgy_ridge_shared',)
2026-08-15 00:33:45,702 INFO [__main__] baseline selection start l2_grid=(0.0, 1e-06, 1e-05, 0.0001, 0.001, 0.01, 0.1, 1.0, 10.0)
2026-08-15 00:33:45,836 INFO [__main__] baseline selection done
2026-08-15 00:33:45,862 INFO [__main__] experiment done seconds=1.68
2026-08-15 00:33:45,862 INFO [__main__] ========================================================================
2026-08-15T00:33:46+02:00 baselines done configuration=14/15 dataset=Weather model=chronos2 formula=cov_avgy_ridge_shared lags=336 horizon=48 retrieval=instance_euclidean_3_online
2026-08-15 00:33:48,483 INFO [__main__] extraction validation directory=/home/h61084/codes/adapts/outputs/extraction/Weather/504_168/chronos2/instance/euclidean/3/online/run_0 status=complete

2026-08-15T00:33:49+02:00 baselines start configuration=15/15 dataset=Weather model=chronos2 formula=full_ridge_shared lags=504 horizon=168 retrieval=instance_euclidean_3_online run=/home/h61084/codes/adapts/outputs/adaptation/mixed_quantity_ablation/Weather/504_168/chronos2/full_ridge_shared/instance/euclidean/3/online/run_0 computation_signature=ee8b38718cb0c05dc4ca6d9cd04863a66a5f4163bd30b868f5b49967d40db58e l2_grid=0,1e-6,1e-5,1e-4,1e-3,1e-2,1e-1,1,10 validation_fraction=0.2 fit_baselines_on_eval=false seed=1
2026-08-15 00:33:51,521 INFO [__main__] ========================================================================
2026-08-15 00:33:51,521 INFO [__main__] selected methods=('full_ridge_shared',)
2026-08-15 00:33:53,824 INFO [__main__] baseline selection start l2_grid=(0.0, 1e-06, 1e-05, 0.0001, 0.001, 0.01, 0.1, 1.0, 10.0)
2026-08-15 00:33:54,055 INFO [__main__] baseline selection done
2026-08-15 00:33:54,078 INFO [__main__] experiment done seconds=2.55
2026-08-15 00:33:54,078 INFO [__main__] ========================================================================
2026-08-15T00:33:54+02:00 baselines done configuration=15/15 dataset=Weather model=chronos2 formula=full_ridge_shared lags=504 horizon=168 retrieval=instance_euclidean_3_online

2026-08-15T00:33:54+02:00 baselines start configuration=15/15 dataset=Weather model=chronos2 formula=cov_y_ridge_shared lags=504 horizon=168 retrieval=instance_euclidean_3_online run=/home/h61084/codes/adapts/outputs/adaptation/mixed_quantity_ablation/Weather/504_168/chronos2/cov_y_ridge_shared/instance/euclidean/3/online/run_0 computation_signature=760dc02947ba7a7724107c51dbe2762072a831258ea429d35d12caf1f588ad85 l2_grid=0,1e-6,1e-5,1e-4,1e-3,1e-2,1e-1,1,10 validation_fraction=0.2 fit_baselines_on_eval=false seed=1
2026-08-15 00:33:57,235 INFO [__main__] ========================================================================
2026-08-15 00:33:57,235 INFO [__main__] selected methods=('cov_y_ridge_shared',)
2026-08-15 00:33:58,806 INFO [__main__] baseline selection start l2_grid=(0.0, 1e-06, 1e-05, 0.0001, 0.001, 0.01, 0.1, 1.0, 10.0)
2026-08-15 00:33:59,018 INFO [__main__] baseline selection done
2026-08-15 00:33:59,041 INFO [__main__] experiment done seconds=1.80
2026-08-15 00:33:59,042 INFO [__main__] ========================================================================
2026-08-15T00:33:59+02:00 baselines done configuration=15/15 dataset=Weather model=chronos2 formula=cov_y_ridge_shared lags=504 horizon=168 retrieval=instance_euclidean_3_online

2026-08-15T00:33:59+02:00 baselines start configuration=15/15 dataset=Weather model=chronos2 formula=cov_avgy_ridge_shared lags=504 horizon=168 retrieval=instance_euclidean_3_online run=/home/h61084/codes/adapts/outputs/adaptation/mixed_quantity_ablation/Weather/504_168/chronos2/cov_avgy_ridge_shared/instance/euclidean/3/online/run_0 computation_signature=3a7833f6f7648402500e326f96285a9694cc9aed5cef879ad9efa3cfa3303913 l2_grid=0,1e-6,1e-5,1e-4,1e-3,1e-2,1e-1,1,10 validation_fraction=0.2 fit_baselines_on_eval=false seed=1
2026-08-15 00:34:02,102 INFO [__main__] ========================================================================
2026-08-15 00:34:02,102 INFO [__main__] selected methods=('cov_avgy_ridge_shared',)
2026-08-15 00:34:03,616 INFO [__main__] baseline selection start l2_grid=(0.0, 1e-06, 1e-05, 0.0001, 0.001, 0.01, 0.1, 1.0, 10.0)
2026-08-15 00:34:03,828 INFO [__main__] baseline selection done
2026-08-15 00:34:03,852 INFO [__main__] experiment done seconds=1.75
2026-08-15 00:34:03,852 INFO [__main__] ========================================================================
2026-08-15T00:34:04+02:00 baselines done configuration=15/15 dataset=Weather model=chronos2 formula=cov_avgy_ridge_shared lags=504 horizon=168 retrieval=instance_euclidean_3_online

2026-08-15T00:34:04+02:00 job done kind=baselines output=outputs/adaptation/mixed_quantity_ablation

2026-08-15T00:34:04+02:00 job start kind=adaptation_extraction family=mixed_quantity_ablation experiment_mode=full skip_complete=true tasks=30 datasets=ETTh1,ETTh2,ETTm1,ETTm2,Weather models=chronos2 settings=168:24,336:48,504:168 distance_spaces=raw distance_metrics=euclidean neighbors=1
2026-08-15T00:34:04+02:00 skip complete family=extraction dataset=ETTh1 model=chronos2 lags=168 horizon=24 retrieval=vanilla run=/home/h61084/codes/adapts/outputs/extraction/ETTh1/168_24/chronos2/none/none/0/none/run_0
2026-08-15T00:34:04+02:00 skip complete family=extraction dataset=ETTh1 model=chronos2 lags=168 horizon=24 retrieval=raw_euclidean_1_online run=/home/h61084/codes/adapts/outputs/extraction/ETTh1/168_24/chronos2/raw/euclidean/1/online/run_0
2026-08-15T00:34:04+02:00 skip complete family=extraction dataset=ETTh1 model=chronos2 lags=336 horizon=48 retrieval=vanilla run=/home/h61084/codes/adapts/outputs/extraction/ETTh1/336_48/chronos2/none/none/0/none/run_0
2026-08-15T00:34:04+02:00 skip complete family=extraction dataset=ETTh1 model=chronos2 lags=336 horizon=48 retrieval=raw_euclidean_1_online run=/home/h61084/codes/adapts/outputs/extraction/ETTh1/336_48/chronos2/raw/euclidean/1/online/run_0
2026-08-15T00:34:04+02:00 skip complete family=extraction dataset=ETTh1 model=chronos2 lags=504 horizon=168 retrieval=vanilla run=/home/h61084/codes/adapts/outputs/extraction/ETTh1/504_168/chronos2/none/none/0/none/run_0
2026-08-15T00:34:04+02:00 skip complete family=extraction dataset=ETTh1 model=chronos2 lags=504 horizon=168 retrieval=raw_euclidean_1_online run=/home/h61084/codes/adapts/outputs/extraction/ETTh1/504_168/chronos2/raw/euclidean/1/online/run_0
2026-08-15T00:34:04+02:00 skip complete family=extraction dataset=ETTh2 model=chronos2 lags=168 horizon=24 retrieval=vanilla run=/home/h61084/codes/adapts/outputs/extraction/ETTh2/168_24/chronos2/none/none/0/none/run_0
2026-08-15T00:34:04+02:00 skip complete family=extraction dataset=ETTh2 model=chronos2 lags=168 horizon=24 retrieval=raw_euclidean_1_online run=/home/h61084/codes/adapts/outputs/extraction/ETTh2/168_24/chronos2/raw/euclidean/1/online/run_0
2026-08-15T00:34:04+02:00 skip complete family=extraction dataset=ETTh2 model=chronos2 lags=336 horizon=48 retrieval=vanilla run=/home/h61084/codes/adapts/outputs/extraction/ETTh2/336_48/chronos2/none/none/0/none/run_0
2026-08-15T00:34:05+02:00 skip complete family=extraction dataset=ETTh2 model=chronos2 lags=336 horizon=48 retrieval=raw_euclidean_1_online run=/home/h61084/codes/adapts/outputs/extraction/ETTh2/336_48/chronos2/raw/euclidean/1/online/run_0
2026-08-15T00:34:05+02:00 skip complete family=extraction dataset=ETTh2 model=chronos2 lags=504 horizon=168 retrieval=vanilla run=/home/h61084/codes/adapts/outputs/extraction/ETTh2/504_168/chronos2/none/none/0/none/run_0
2026-08-15T00:34:05+02:00 skip complete family=extraction dataset=ETTh2 model=chronos2 lags=504 horizon=168 retrieval=raw_euclidean_1_online run=/home/h61084/codes/adapts/outputs/extraction/ETTh2/504_168/chronos2/raw/euclidean/1/online/run_0
2026-08-15T00:34:05+02:00 skip complete family=extraction dataset=ETTm1 model=chronos2 lags=168 horizon=24 retrieval=vanilla run=/home/h61084/codes/adapts/outputs/extraction/ETTm1/168_24/chronos2/none/none/0/none/run_0
2026-08-15T00:34:05+02:00 skip complete family=extraction dataset=ETTm1 model=chronos2 lags=168 horizon=24 retrieval=raw_euclidean_1_online run=/home/h61084/codes/adapts/outputs/extraction/ETTm1/168_24/chronos2/raw/euclidean/1/online/run_0
2026-08-15T00:34:05+02:00 skip complete family=extraction dataset=ETTm1 model=chronos2 lags=336 horizon=48 retrieval=vanilla run=/home/h61084/codes/adapts/outputs/extraction/ETTm1/336_48/chronos2/none/none/0/none/run_0
2026-08-15T00:34:05+02:00 skip complete family=extraction dataset=ETTm1 model=chronos2 lags=336 horizon=48 retrieval=raw_euclidean_1_online run=/home/h61084/codes/adapts/outputs/extraction/ETTm1/336_48/chronos2/raw/euclidean/1/online/run_0
2026-08-15T00:34:05+02:00 skip complete family=extraction dataset=ETTm1 model=chronos2 lags=504 horizon=168 retrieval=vanilla run=/home/h61084/codes/adapts/outputs/extraction/ETTm1/504_168/chronos2/none/none/0/none/run_0
2026-08-15T00:34:05+02:00 skip complete family=extraction dataset=ETTm1 model=chronos2 lags=504 horizon=168 retrieval=raw_euclidean_1_online run=/home/h61084/codes/adapts/outputs/extraction/ETTm1/504_168/chronos2/raw/euclidean/1/online/run_0
2026-08-15T00:34:05+02:00 skip complete family=extraction dataset=ETTm2 model=chronos2 lags=168 horizon=24 retrieval=vanilla run=/home/h61084/codes/adapts/outputs/extraction/ETTm2/168_24/chronos2/none/none/0/none/run_0
2026-08-15T00:34:05+02:00 skip complete family=extraction dataset=ETTm2 model=chronos2 lags=168 horizon=24 retrieval=raw_euclidean_1_online run=/home/h61084/codes/adapts/outputs/extraction/ETTm2/168_24/chronos2/raw/euclidean/1/online/run_0
2026-08-15T00:34:05+02:00 skip complete family=extraction dataset=ETTm2 model=chronos2 lags=336 horizon=48 retrieval=vanilla run=/home/h61084/codes/adapts/outputs/extraction/ETTm2/336_48/chronos2/none/none/0/none/run_0
2026-08-15T00:34:05+02:00 skip complete family=extraction dataset=ETTm2 model=chronos2 lags=336 horizon=48 retrieval=raw_euclidean_1_online run=/home/h61084/codes/adapts/outputs/extraction/ETTm2/336_48/chronos2/raw/euclidean/1/online/run_0
2026-08-15T00:34:05+02:00 skip complete family=extraction dataset=ETTm2 model=chronos2 lags=504 horizon=168 retrieval=vanilla run=/home/h61084/codes/adapts/outputs/extraction/ETTm2/504_168/chronos2/none/none/0/none/run_0
2026-08-15T00:34:06+02:00 skip complete family=extraction dataset=ETTm2 model=chronos2 lags=504 horizon=168 retrieval=raw_euclidean_1_online run=/home/h61084/codes/adapts/outputs/extraction/ETTm2/504_168/chronos2/raw/euclidean/1/online/run_0
2026-08-15T00:34:06+02:00 skip complete family=extraction dataset=Weather model=chronos2 lags=168 horizon=24 retrieval=vanilla run=/home/h61084/codes/adapts/outputs/extraction/Weather/168_24/chronos2/none/none/0/none/run_0
2026-08-15T00:34:06+02:00 skip complete family=extraction dataset=Weather model=chronos2 lags=168 horizon=24 retrieval=raw_euclidean_1_online run=/home/h61084/codes/adapts/outputs/extraction/Weather/168_24/chronos2/raw/euclidean/1/online/run_0
2026-08-15T00:34:06+02:00 skip complete family=extraction dataset=Weather model=chronos2 lags=336 horizon=48 retrieval=vanilla run=/home/h61084/codes/adapts/outputs/extraction/Weather/336_48/chronos2/none/none/0/none/run_0
2026-08-15T00:34:06+02:00 skip complete family=extraction dataset=Weather model=chronos2 lags=336 horizon=48 retrieval=raw_euclidean_1_online run=/home/h61084/codes/adapts/outputs/extraction/Weather/336_48/chronos2/raw/euclidean/1/online/run_0
2026-08-15T00:34:06+02:00 skip complete family=extraction dataset=Weather model=chronos2 lags=504 horizon=168 retrieval=vanilla run=/home/h61084/codes/adapts/outputs/extraction/Weather/504_168/chronos2/none/none/0/none/run_0
2026-08-15T00:34:06+02:00 skip complete family=extraction dataset=Weather model=chronos2 lags=504 horizon=168 retrieval=raw_euclidean_1_online run=/home/h61084/codes/adapts/outputs/extraction/Weather/504_168/chronos2/raw/euclidean/1/online/run_0

2026-08-15T00:34:06+02:00 job done kind=adaptation_extraction output=outputs/extraction

2026-08-15T00:34:06+02:00 job start kind=baselines family=mixed_quantity_ablation experiment_mode=full skip_complete=true tasks=15 datasets=ETTh1,ETTh2,ETTm1,ETTm2,Weather models=chronos2 settings=168:24,336:48,504:168 distance_spaces=raw distance_metrics=euclidean neighbors=1 methods=full_ridge_shared results_root=outputs/adaptation/mixed_quantity_ablation
2026-08-15 00:34:08,652 INFO [__main__] extraction validation directory=/home/h61084/codes/adapts/outputs/extraction/ETTh1/168_24/chronos2/raw/euclidean/1/online/run_0 status=complete

2026-08-15T00:34:09+02:00 baselines start configuration=1/15 dataset=ETTh1 model=chronos2 formula=full_ridge_shared lags=168 horizon=24 retrieval=raw_euclidean_1_online run=/home/h61084/codes/adapts/outputs/adaptation/mixed_quantity_ablation/ETTh1/168_24/chronos2/full_ridge_shared/raw/euclidean/1/online/run_0 computation_signature=00c0d9668479e1dfc237fa00f2c06d4d4a6a5be5850b5da2ee6280df30e14a09 l2_grid=0,1e-6,1e-5,1e-4,1e-3,1e-2,1e-1,1,10 validation_fraction=0.2 fit_baselines_on_eval=false seed=1
2026-08-15 00:34:11,571 INFO [__main__] ========================================================================
2026-08-15 00:34:11,572 INFO [__main__] selected methods=('full_ridge_shared',)
2026-08-15 00:34:13,414 INFO [__main__] baseline selection start l2_grid=(0.0, 1e-06, 1e-05, 0.0001, 0.001, 0.01, 0.1, 1.0, 10.0)
2026-08-15 00:34:13,551 INFO [__main__] baseline selection done
2026-08-15 00:34:13,575 INFO [__main__] experiment done seconds=2.00
2026-08-15 00:34:13,575 INFO [__main__] ========================================================================
2026-08-15T00:34:14+02:00 baselines done configuration=1/15 dataset=ETTh1 model=chronos2 formula=full_ridge_shared lags=168 horizon=24 retrieval=raw_euclidean_1_online
2026-08-15 00:34:16,192 INFO [__main__] extraction validation directory=/home/h61084/codes/adapts/outputs/extraction/ETTh1/336_48/chronos2/raw/euclidean/1/online/run_0 status=complete

2026-08-15T00:34:16+02:00 baselines start configuration=2/15 dataset=ETTh1 model=chronos2 formula=full_ridge_shared lags=336 horizon=48 retrieval=raw_euclidean_1_online run=/home/h61084/codes/adapts/outputs/adaptation/mixed_quantity_ablation/ETTh1/336_48/chronos2/full_ridge_shared/raw/euclidean/1/online/run_0 computation_signature=bfd445fc219752948362c043cc37062de8648f418c63848751aa78dafe163226 l2_grid=0,1e-6,1e-5,1e-4,1e-3,1e-2,1e-1,1,10 validation_fraction=0.2 fit_baselines_on_eval=false seed=1
2026-08-15 00:34:19,090 INFO [__main__] ========================================================================
2026-08-15 00:34:19,090 INFO [__main__] selected methods=('full_ridge_shared',)
2026-08-15 00:34:20,579 INFO [__main__] baseline selection start l2_grid=(0.0, 1e-06, 1e-05, 0.0001, 0.001, 0.01, 0.1, 1.0, 10.0)
2026-08-15 00:34:20,702 INFO [__main__] baseline selection done
2026-08-15 00:34:20,724 INFO [__main__] experiment done seconds=1.63
2026-08-15 00:34:20,724 INFO [__main__] ========================================================================
2026-08-15T00:34:21+02:00 baselines done configuration=2/15 dataset=ETTh1 model=chronos2 formula=full_ridge_shared lags=336 horizon=48 retrieval=raw_euclidean_1_online
2026-08-15 00:34:23,311 INFO [__main__] extraction validation directory=/home/h61084/codes/adapts/outputs/extraction/ETTh1/504_168/chronos2/raw/euclidean/1/online/run_0 status=complete

2026-08-15T00:34:23+02:00 baselines start configuration=3/15 dataset=ETTh1 model=chronos2 formula=full_ridge_shared lags=504 horizon=168 retrieval=raw_euclidean_1_online run=/home/h61084/codes/adapts/outputs/adaptation/mixed_quantity_ablation/ETTh1/504_168/chronos2/full_ridge_shared/raw/euclidean/1/online/run_0 computation_signature=0ff3ac794b29d757245f679807ee9c2688744a03584a1e7b595bab844640ceca l2_grid=0,1e-6,1e-5,1e-4,1e-3,1e-2,1e-1,1,10 validation_fraction=0.2 fit_baselines_on_eval=false seed=1
2026-08-15 00:34:26,225 INFO [__main__] ========================================================================
2026-08-15 00:34:26,225 INFO [__main__] selected methods=('full_ridge_shared',)
2026-08-15 00:34:27,801 INFO [__main__] baseline selection start l2_grid=(0.0, 1e-06, 1e-05, 0.0001, 0.001, 0.01, 0.1, 1.0, 10.0)
2026-08-15 00:34:28,031 INFO [__main__] baseline selection done
2026-08-15 00:34:28,054 INFO [__main__] experiment done seconds=1.83
2026-08-15 00:34:28,054 INFO [__main__] ========================================================================
2026-08-15T00:34:28+02:00 baselines done configuration=3/15 dataset=ETTh1 model=chronos2 formula=full_ridge_shared lags=504 horizon=168 retrieval=raw_euclidean_1_online
2026-08-15 00:34:30,676 INFO [__main__] extraction validation directory=/home/h61084/codes/adapts/outputs/extraction/ETTh2/168_24/chronos2/raw/euclidean/1/online/run_0 status=complete

2026-08-15T00:34:31+02:00 baselines start configuration=4/15 dataset=ETTh2 model=chronos2 formula=full_ridge_shared lags=168 horizon=24 retrieval=raw_euclidean_1_online run=/home/h61084/codes/adapts/outputs/adaptation/mixed_quantity_ablation/ETTh2/168_24/chronos2/full_ridge_shared/raw/euclidean/1/online/run_0 computation_signature=9749bbf7067f0972dadab02facc286bc49d22712c020b13726634e79e1152b50 l2_grid=0,1e-6,1e-5,1e-4,1e-3,1e-2,1e-1,1,10 validation_fraction=0.2 fit_baselines_on_eval=false seed=1
2026-08-15 00:34:33,596 INFO [__main__] ========================================================================
2026-08-15 00:34:33,596 INFO [__main__] selected methods=('full_ridge_shared',)
2026-08-15 00:34:35,144 INFO [__main__] baseline selection start l2_grid=(0.0, 1e-06, 1e-05, 0.0001, 0.001, 0.01, 0.1, 1.0, 10.0)
2026-08-15 00:34:35,258 INFO [__main__] baseline selection done
2026-08-15 00:34:35,281 INFO [__main__] experiment done seconds=1.68
2026-08-15 00:34:35,281 INFO [__main__] ========================================================================
2026-08-15T00:34:35+02:00 baselines done configuration=4/15 dataset=ETTh2 model=chronos2 formula=full_ridge_shared lags=168 horizon=24 retrieval=raw_euclidean_1_online
2026-08-15 00:34:37,833 INFO [__main__] extraction validation directory=/home/h61084/codes/adapts/outputs/extraction/ETTh2/336_48/chronos2/raw/euclidean/1/online/run_0 status=complete

2026-08-15T00:34:38+02:00 baselines start configuration=5/15 dataset=ETTh2 model=chronos2 formula=full_ridge_shared lags=336 horizon=48 retrieval=raw_euclidean_1_online run=/home/h61084/codes/adapts/outputs/adaptation/mixed_quantity_ablation/ETTh2/336_48/chronos2/full_ridge_shared/raw/euclidean/1/online/run_0 computation_signature=19536b24fd9885a10aecb21a711347ce669859276b8e2c2e9e36a23aae57b061 l2_grid=0,1e-6,1e-5,1e-4,1e-3,1e-2,1e-1,1,10 validation_fraction=0.2 fit_baselines_on_eval=false seed=1
2026-08-15 00:34:40,562 INFO [__main__] ========================================================================
2026-08-15 00:34:40,562 INFO [__main__] selected methods=('full_ridge_shared',)
2026-08-15 00:34:42,061 INFO [__main__] baseline selection start l2_grid=(0.0, 1e-06, 1e-05, 0.0001, 0.001, 0.01, 0.1, 1.0, 10.0)
2026-08-15 00:34:42,186 INFO [__main__] baseline selection done
2026-08-15 00:34:42,208 INFO [__main__] experiment done seconds=1.64
2026-08-15 00:34:42,208 INFO [__main__] ========================================================================
2026-08-15T00:34:42+02:00 baselines done configuration=5/15 dataset=ETTh2 model=chronos2 formula=full_ridge_shared lags=336 horizon=48 retrieval=raw_euclidean_1_online
2026-08-15 00:34:44,789 INFO [__main__] extraction validation directory=/home/h61084/codes/adapts/outputs/extraction/ETTh2/504_168/chronos2/raw/euclidean/1/online/run_0 status=complete

2026-08-15T00:34:45+02:00 baselines start configuration=6/15 dataset=ETTh2 model=chronos2 formula=full_ridge_shared lags=504 horizon=168 retrieval=raw_euclidean_1_online run=/home/h61084/codes/adapts/outputs/adaptation/mixed_quantity_ablation/ETTh2/504_168/chronos2/full_ridge_shared/raw/euclidean/1/online/run_0 computation_signature=b4f9a1609118f3307aa7b3c022a6da52de62d3b134381a716bc17ced9636a972 l2_grid=0,1e-6,1e-5,1e-4,1e-3,1e-2,1e-1,1,10 validation_fraction=0.2 fit_baselines_on_eval=false seed=1
2026-08-15 00:34:47,731 INFO [__main__] ========================================================================
2026-08-15 00:34:47,731 INFO [__main__] selected methods=('full_ridge_shared',)
2026-08-15 00:34:49,242 INFO [__main__] baseline selection start l2_grid=(0.0, 1e-06, 1e-05, 0.0001, 0.001, 0.01, 0.1, 1.0, 10.0)
2026-08-15 00:34:49,402 INFO [__main__] baseline selection done
2026-08-15 00:34:49,425 INFO [__main__] experiment done seconds=1.69
2026-08-15 00:34:49,425 INFO [__main__] ========================================================================
2026-08-15T00:34:49+02:00 baselines done configuration=6/15 dataset=ETTh2 model=chronos2 formula=full_ridge_shared lags=504 horizon=168 retrieval=raw_euclidean_1_online
2026-08-15 00:34:52,174 INFO [__main__] extraction validation directory=/home/h61084/codes/adapts/outputs/extraction/ETTm1/168_24/chronos2/raw/euclidean/1/online/run_0 status=complete

2026-08-15T00:34:52+02:00 baselines start configuration=7/15 dataset=ETTm1 model=chronos2 formula=full_ridge_shared lags=168 horizon=24 retrieval=raw_euclidean_1_online run=/home/h61084/codes/adapts/outputs/adaptation/mixed_quantity_ablation/ETTm1/168_24/chronos2/full_ridge_shared/raw/euclidean/1/online/run_0 computation_signature=136f1c2db152c9c5d3fdae35d4e72a475405f03c1a99c23a4a7b92ebd65fb190 l2_grid=0,1e-6,1e-5,1e-4,1e-3,1e-2,1e-1,1,10 validation_fraction=0.2 fit_baselines_on_eval=false seed=1
2026-08-15 00:34:55,105 INFO [__main__] ========================================================================
2026-08-15 00:34:55,105 INFO [__main__] selected methods=('full_ridge_shared',)
2026-08-15 00:34:56,685 INFO [__main__] baseline selection start l2_grid=(0.0, 1e-06, 1e-05, 0.0001, 0.001, 0.01, 0.1, 1.0, 10.0)
2026-08-15 00:34:56,889 INFO [__main__] baseline selection done
2026-08-15 00:34:56,912 INFO [__main__] experiment done seconds=1.80
2026-08-15 00:34:56,912 INFO [__main__] ========================================================================
2026-08-15T00:34:57+02:00 baselines done configuration=7/15 dataset=ETTm1 model=chronos2 formula=full_ridge_shared lags=168 horizon=24 retrieval=raw_euclidean_1_online
2026-08-15 00:34:59,623 INFO [__main__] extraction validation directory=/home/h61084/codes/adapts/outputs/extraction/ETTm1/336_48/chronos2/raw/euclidean/1/online/run_0 status=complete

2026-08-15T00:35:00+02:00 baselines start configuration=8/15 dataset=ETTm1 model=chronos2 formula=full_ridge_shared lags=336 horizon=48 retrieval=raw_euclidean_1_online run=/home/h61084/codes/adapts/outputs/adaptation/mixed_quantity_ablation/ETTm1/336_48/chronos2/full_ridge_shared/raw/euclidean/1/online/run_0 computation_signature=3833054bc60b7f5fe025909a8a3bbe35acb2ceb86cd0304671aba12fcd16e1c3 l2_grid=0,1e-6,1e-5,1e-4,1e-3,1e-2,1e-1,1,10 validation_fraction=0.2 fit_baselines_on_eval=false seed=1
2026-08-15 00:35:02,512 INFO [__main__] ========================================================================
2026-08-15 00:35:02,513 INFO [__main__] selected methods=('full_ridge_shared',)
2026-08-15 00:35:04,044 INFO [__main__] baseline selection start l2_grid=(0.0, 1e-06, 1e-05, 0.0001, 0.001, 0.01, 0.1, 1.0, 10.0)
2026-08-15 00:35:04,233 INFO [__main__] baseline selection done
2026-08-15 00:35:04,258 INFO [__main__] experiment done seconds=1.74
2026-08-15 00:35:04,258 INFO [__main__] ========================================================================
2026-08-15T00:35:04+02:00 baselines done configuration=8/15 dataset=ETTm1 model=chronos2 formula=full_ridge_shared lags=336 horizon=48 retrieval=raw_euclidean_1_online
2026-08-15 00:35:06,860 INFO [__main__] extraction validation directory=/home/h61084/codes/adapts/outputs/extraction/ETTm1/504_168/chronos2/raw/euclidean/1/online/run_0 status=complete

2026-08-15T00:35:07+02:00 baselines start configuration=9/15 dataset=ETTm1 model=chronos2 formula=full_ridge_shared lags=504 horizon=168 retrieval=raw_euclidean_1_online run=/home/h61084/codes/adapts/outputs/adaptation/mixed_quantity_ablation/ETTm1/504_168/chronos2/full_ridge_shared/raw/euclidean/1/online/run_0 computation_signature=1e1eb9fc656eac87dcb60751a0fddd522b582d9c0fe565737387e666b073302f l2_grid=0,1e-6,1e-5,1e-4,1e-3,1e-2,1e-1,1,10 validation_fraction=0.2 fit_baselines_on_eval=false seed=1
2026-08-15 00:35:09,802 INFO [__main__] ========================================================================
2026-08-15 00:35:09,802 INFO [__main__] selected methods=('full_ridge_shared',)
2026-08-15 00:35:11,341 INFO [__main__] baseline selection start l2_grid=(0.0, 1e-06, 1e-05, 0.0001, 0.001, 0.01, 0.1, 1.0, 10.0)
2026-08-15 00:35:11,635 INFO [__main__] baseline selection done
2026-08-15 00:35:11,658 INFO [__main__] experiment done seconds=1.85
2026-08-15 00:35:11,658 INFO [__main__] ========================================================================
2026-08-15T00:35:12+02:00 baselines done configuration=9/15 dataset=ETTm1 model=chronos2 formula=full_ridge_shared lags=504 horizon=168 retrieval=raw_euclidean_1_online
2026-08-15 00:35:14,374 INFO [__main__] extraction validation directory=/home/h61084/codes/adapts/outputs/extraction/ETTm2/168_24/chronos2/raw/euclidean/1/online/run_0 status=complete

2026-08-15T00:35:14+02:00 baselines start configuration=10/15 dataset=ETTm2 model=chronos2 formula=full_ridge_shared lags=168 horizon=24 retrieval=raw_euclidean_1_online run=/home/h61084/codes/adapts/outputs/adaptation/mixed_quantity_ablation/ETTm2/168_24/chronos2/full_ridge_shared/raw/euclidean/1/online/run_0 computation_signature=12e790a70d8c952f6e4bbe0fddaf5f7f1e0f12be3d263daad9add15eeb05d685 l2_grid=0,1e-6,1e-5,1e-4,1e-3,1e-2,1e-1,1,10 validation_fraction=0.2 fit_baselines_on_eval=false seed=1
2026-08-15 00:35:17,170 INFO [__main__] ========================================================================
2026-08-15 00:35:17,171 INFO [__main__] selected methods=('full_ridge_shared',)
2026-08-15 00:35:18,960 INFO [__main__] baseline selection start l2_grid=(0.0, 1e-06, 1e-05, 0.0001, 0.001, 0.01, 0.1, 1.0, 10.0)
2026-08-15 00:35:19,102 INFO [__main__] baseline selection done
2026-08-15 00:35:19,125 INFO [__main__] experiment done seconds=1.95
2026-08-15 00:35:19,126 INFO [__main__] ========================================================================
2026-08-15T00:35:19+02:00 baselines done configuration=10/15 dataset=ETTm2 model=chronos2 formula=full_ridge_shared lags=168 horizon=24 retrieval=raw_euclidean_1_online
2026-08-15 00:35:21,747 INFO [__main__] extraction validation directory=/home/h61084/codes/adapts/outputs/extraction/ETTm2/336_48/chronos2/raw/euclidean/1/online/run_0 status=complete

2026-08-15T00:35:22+02:00 baselines start configuration=11/15 dataset=ETTm2 model=chronos2 formula=full_ridge_shared lags=336 horizon=48 retrieval=raw_euclidean_1_online run=/home/h61084/codes/adapts/outputs/adaptation/mixed_quantity_ablation/ETTm2/336_48/chronos2/full_ridge_shared/raw/euclidean/1/online/run_0 computation_signature=cc167b0669546937fa17be83393710937dba9b32a37acebb453dc94fbd5714b6 l2_grid=0,1e-6,1e-5,1e-4,1e-3,1e-2,1e-1,1,10 validation_fraction=0.2 fit_baselines_on_eval=false seed=1
2026-08-15 00:35:24,725 INFO [__main__] ========================================================================
2026-08-15 00:35:24,725 INFO [__main__] selected methods=('full_ridge_shared',)
2026-08-15 00:35:26,274 INFO [__main__] baseline selection start l2_grid=(0.0, 1e-06, 1e-05, 0.0001, 0.001, 0.01, 0.1, 1.0, 10.0)
2026-08-15 00:35:26,476 INFO [__main__] baseline selection done
2026-08-15 00:35:26,500 INFO [__main__] experiment done seconds=1.77
2026-08-15 00:35:26,500 INFO [__main__] ========================================================================
2026-08-15T00:35:26+02:00 baselines done configuration=11/15 dataset=ETTm2 model=chronos2 formula=full_ridge_shared lags=336 horizon=48 retrieval=raw_euclidean_1_online
2026-08-15 00:35:29,033 INFO [__main__] extraction validation directory=/home/h61084/codes/adapts/outputs/extraction/ETTm2/504_168/chronos2/raw/euclidean/1/online/run_0 status=complete

2026-08-15T00:35:29+02:00 baselines start configuration=12/15 dataset=ETTm2 model=chronos2 formula=full_ridge_shared lags=504 horizon=168 retrieval=raw_euclidean_1_online run=/home/h61084/codes/adapts/outputs/adaptation/mixed_quantity_ablation/ETTm2/504_168/chronos2/full_ridge_shared/raw/euclidean/1/online/run_0 computation_signature=b2359b5a1bc7071701190bc22e68b378f07abb876d463b97c1f840017f8f3302 l2_grid=0,1e-6,1e-5,1e-4,1e-3,1e-2,1e-1,1,10 validation_fraction=0.2 fit_baselines_on_eval=false seed=1
2026-08-15 00:35:31,989 INFO [__main__] ========================================================================
2026-08-15 00:35:31,990 INFO [__main__] selected methods=('full_ridge_shared',)
2026-08-15 00:35:33,634 INFO [__main__] baseline selection start l2_grid=(0.0, 1e-06, 1e-05, 0.0001, 0.001, 0.01, 0.1, 1.0, 10.0)
2026-08-15 00:35:33,919 INFO [__main__] baseline selection done
2026-08-15 00:35:33,942 INFO [__main__] experiment done seconds=1.95
2026-08-15 00:35:33,942 INFO [__main__] ========================================================================
2026-08-15T00:35:34+02:00 baselines done configuration=12/15 dataset=ETTm2 model=chronos2 formula=full_ridge_shared lags=504 horizon=168 retrieval=raw_euclidean_1_online
2026-08-15 00:35:36,608 INFO [__main__] extraction validation directory=/home/h61084/codes/adapts/outputs/extraction/Weather/168_24/chronos2/raw/euclidean/1/online/run_0 status=complete

2026-08-15T00:35:37+02:00 baselines start configuration=13/15 dataset=Weather model=chronos2 formula=full_ridge_shared lags=168 horizon=24 retrieval=raw_euclidean_1_online run=/home/h61084/codes/adapts/outputs/adaptation/mixed_quantity_ablation/Weather/168_24/chronos2/full_ridge_shared/raw/euclidean/1/online/run_0 computation_signature=9d7cef69b0d36dd251f668f963756ed470ebcd2c73db84dfc44636a41b6e93f5 l2_grid=0,1e-6,1e-5,1e-4,1e-3,1e-2,1e-1,1,10 validation_fraction=0.2 fit_baselines_on_eval=false seed=1
2026-08-15 00:35:39,508 INFO [__main__] ========================================================================
2026-08-15 00:35:39,508 INFO [__main__] selected methods=('full_ridge_shared',)
2026-08-15 00:35:41,011 INFO [__main__] baseline selection start l2_grid=(0.0, 1e-06, 1e-05, 0.0001, 0.001, 0.01, 0.1, 1.0, 10.0)
2026-08-15 00:35:41,131 INFO [__main__] baseline selection done
2026-08-15 00:35:41,153 INFO [__main__] experiment done seconds=1.64
2026-08-15 00:35:41,153 INFO [__main__] ========================================================================
2026-08-15T00:35:41+02:00 baselines done configuration=13/15 dataset=Weather model=chronos2 formula=full_ridge_shared lags=168 horizon=24 retrieval=raw_euclidean_1_online
2026-08-15 00:35:43,749 INFO [__main__] extraction validation directory=/home/h61084/codes/adapts/outputs/extraction/Weather/336_48/chronos2/raw/euclidean/1/online/run_0 status=complete

2026-08-15T00:35:44+02:00 baselines start configuration=14/15 dataset=Weather model=chronos2 formula=full_ridge_shared lags=336 horizon=48 retrieval=raw_euclidean_1_online run=/home/h61084/codes/adapts/outputs/adaptation/mixed_quantity_ablation/Weather/336_48/chronos2/full_ridge_shared/raw/euclidean/1/online/run_0 computation_signature=e867e7106ebc7518bb0f088c6908def0380e8692adf2207b13ebca2059adf7a9 l2_grid=0,1e-6,1e-5,1e-4,1e-3,1e-2,1e-1,1,10 validation_fraction=0.2 fit_baselines_on_eval=false seed=1
2026-08-15 00:35:46,565 INFO [__main__] ========================================================================
2026-08-15 00:35:46,566 INFO [__main__] selected methods=('full_ridge_shared',)
2026-08-15 00:35:48,054 INFO [__main__] baseline selection start l2_grid=(0.0, 1e-06, 1e-05, 0.0001, 0.001, 0.01, 0.1, 1.0, 10.0)
2026-08-15 00:35:48,235 INFO [__main__] baseline selection done
2026-08-15 00:35:48,259 INFO [__main__] experiment done seconds=1.69
2026-08-15 00:35:48,260 INFO [__main__] ========================================================================
2026-08-15T00:35:48+02:00 baselines done configuration=14/15 dataset=Weather model=chronos2 formula=full_ridge_shared lags=336 horizon=48 retrieval=raw_euclidean_1_online
2026-08-15 00:35:50,765 INFO [__main__] extraction validation directory=/home/h61084/codes/adapts/outputs/extraction/Weather/504_168/chronos2/raw/euclidean/1/online/run_0 status=complete

2026-08-15T00:35:51+02:00 baselines start configuration=15/15 dataset=Weather model=chronos2 formula=full_ridge_shared lags=504 horizon=168 retrieval=raw_euclidean_1_online run=/home/h61084/codes/adapts/outputs/adaptation/mixed_quantity_ablation/Weather/504_168/chronos2/full_ridge_shared/raw/euclidean/1/online/run_0 computation_signature=db6068759a6f2cad0366f17f928815ffbe74310ffcd05ab970f188540fcb1308 l2_grid=0,1e-6,1e-5,1e-4,1e-3,1e-2,1e-1,1,10 validation_fraction=0.2 fit_baselines_on_eval=false seed=1
2026-08-15 00:35:53,929 INFO [__main__] ========================================================================
2026-08-15 00:35:53,930 INFO [__main__] selected methods=('full_ridge_shared',)
2026-08-15 00:35:55,460 INFO [__main__] baseline selection start l2_grid=(0.0, 1e-06, 1e-05, 0.0001, 0.001, 0.01, 0.1, 1.0, 10.0)
2026-08-15 00:35:55,665 INFO [__main__] baseline selection done
2026-08-15 00:35:55,688 INFO [__main__] experiment done seconds=1.75
2026-08-15 00:35:55,688 INFO [__main__] ========================================================================
2026-08-15T00:35:56+02:00 baselines done configuration=15/15 dataset=Weather model=chronos2 formula=full_ridge_shared lags=504 horizon=168 retrieval=raw_euclidean_1_online

2026-08-15T00:35:56+02:00 job done kind=baselines output=outputs/adaptation/mixed_quantity_ablation

2026-08-15T00:35:56+02:00 job start kind=adaptation_extraction family=mixed_quantity_ablation experiment_mode=full skip_complete=true tasks=30 datasets=ETTh1,ETTh2,ETTm1,ETTm2,Weather models=chronos2 settings=168:24,336:48,504:168 distance_spaces=instance distance_metrics=euclidean neighbors=1
2026-08-15T00:35:56+02:00 skip complete family=extraction dataset=ETTh1 model=chronos2 lags=168 horizon=24 retrieval=vanilla run=/home/h61084/codes/adapts/outputs/extraction/ETTh1/168_24/chronos2/none/none/0/none/run_0

2026-08-15T00:35:56+02:00 extraction start configuration=2/30 dataset=ETTh1 model=chronos2 lags=168 horizon=24 retrieval=instance_euclidean_1_online run=/home/h61084/codes/adapts/outputs/extraction/ETTh1/168_24/chronos2/instance/euclidean/1/online/run_0 computation_signature=df701b2308bf985c03386f6a1c8ce0738fdff7abfaebd561bc03c2b78cb6b0e6 period=24 align_period=false datastore_stride=25 adapt_stride=25 eval_stride=127 max_store_windows=30000 seed=1
2026-08-15 00:35:58,801 INFO [__main__] ========================================================================
2026-08-15 00:35:58,802 INFO [__main__] experiment start kind=extraction dataset=ETTh1 model=chronos2 lags=168 horizon=24 neighbors=1 distance=instance/euclidean
2026-08-15 00:35:59,063 INFO [__main__] dataset load start
2026-08-15 00:35:59,065 INFO [src.data.load_dataset] loaded dataset config path=/home/h61084/codes/datasets/ETTh1/config.json keys=['aggr', 'date_col', 'drop_users']
2026-08-15 00:35:59,098 INFO [__main__] dataset load done dates=17420 users=7
2026-08-15 00:35:59,098 INFO [__main__] model load start
2026-08-15 00:36:10,537 INFO [__main__] model load done name=chronos2 device=cuda parameters_total=119,477,664 parameters_trainable=0
2026-08-15 00:36:10,539 INFO [__main__] extraction start split=adapt queries=348
2026-08-15 00:36:28,384 INFO [__main__] extraction done split=adapt
2026-08-15 00:36:28,384 INFO [__main__] extraction start split=eval queries=28
2026-08-15 00:36:29,765 INFO [__main__] extraction done split=eval
2026-08-15 00:36:30,222 INFO [__main__] completion marker saved path=/home/h61084/codes/adapts/outputs/extraction/ETTh1/168_24/chronos2/instance/euclidean/1/online/run_0/extraction_manifest.json
2026-08-15 00:36:30,222 INFO [__main__] outputs saved dir=/home/h61084/codes/adapts/outputs/extraction/ETTh1/168_24/chronos2/instance/euclidean/1/online/run_0
2026-08-15 00:36:30,222 INFO [__main__] experiment done seconds=31.42
2026-08-15 00:36:30,222 INFO [__main__] ========================================================================
2026-08-15 00:36:33,214 INFO [__main__] extraction validation directory=/home/h61084/codes/adapts/outputs/extraction/ETTh1/168_24/chronos2/instance/euclidean/1/online/run_0 status=complete
2026-08-15T00:36:33+02:00 extraction done configuration=2/30 dataset=ETTh1 model=chronos2 lags=168 horizon=24 retrieval=instance_euclidean_1_online
2026-08-15T00:36:33+02:00 skip complete family=extraction dataset=ETTh1 model=chronos2 lags=336 horizon=48 retrieval=vanilla run=/home/h61084/codes/adapts/outputs/extraction/ETTh1/336_48/chronos2/none/none/0/none/run_0

2026-08-15T00:36:33+02:00 extraction start configuration=4/30 dataset=ETTh1 model=chronos2 lags=336 horizon=48 retrieval=instance_euclidean_1_online run=/home/h61084/codes/adapts/outputs/extraction/ETTh1/336_48/chronos2/instance/euclidean/1/online/run_0 computation_signature=c6f1da9b0df1ff058d43015f0e55b3342c1c8a2c7357e3a4e027c4623bc9787c period=24 align_period=false datastore_stride=25 adapt_stride=25 eval_stride=127 max_store_windows=30000 seed=1
2026-08-15 00:36:36,127 INFO [__main__] ========================================================================
2026-08-15 00:36:36,127 INFO [__main__] experiment start kind=extraction dataset=ETTh1 model=chronos2 lags=336 horizon=48 neighbors=1 distance=instance/euclidean
2026-08-15 00:36:36,453 INFO [__main__] dataset load start
2026-08-15 00:36:36,454 INFO [src.data.load_dataset] loaded dataset config path=/home/h61084/codes/datasets/ETTh1/config.json keys=['aggr', 'date_col', 'drop_users']
2026-08-15 00:36:36,485 INFO [__main__] dataset load done dates=17420 users=7
2026-08-15 00:36:36,485 INFO [__main__] model load start
2026-08-15 00:36:44,479 INFO [__main__] model load done name=chronos2 device=cuda parameters_total=119,477,664 parameters_trainable=0
2026-08-15 00:36:44,481 INFO [__main__] extraction start split=adapt queries=347
2026-08-15 00:37:06,404 INFO [__main__] extraction done split=adapt
2026-08-15 00:37:06,404 INFO [__main__] extraction start split=eval queries=28
2026-08-15 00:37:08,323 INFO [__main__] extraction done split=eval
2026-08-15 00:37:08,936 INFO [__main__] completion marker saved path=/home/h61084/codes/adapts/outputs/extraction/ETTh1/336_48/chronos2/instance/euclidean/1/online/run_0/extraction_manifest.json
2026-08-15 00:37:08,937 INFO [__main__] outputs saved dir=/home/h61084/codes/adapts/outputs/extraction/ETTh1/336_48/chronos2/instance/euclidean/1/online/run_0
2026-08-15 00:37:08,937 INFO [__main__] experiment done seconds=32.80
2026-08-15 00:37:08,937 INFO [__main__] ========================================================================
2026-08-15 00:37:11,685 INFO [__main__] extraction validation directory=/home/h61084/codes/adapts/outputs/extraction/ETTh1/336_48/chronos2/instance/euclidean/1/online/run_0 status=complete
2026-08-15T00:37:12+02:00 extraction done configuration=4/30 dataset=ETTh1 model=chronos2 lags=336 horizon=48 retrieval=instance_euclidean_1_online
2026-08-15T00:37:12+02:00 skip complete family=extraction dataset=ETTh1 model=chronos2 lags=504 horizon=168 retrieval=vanilla run=/home/h61084/codes/adapts/outputs/extraction/ETTh1/504_168/chronos2/none/none/0/none/run_0

2026-08-15T00:37:12+02:00 extraction start configuration=6/30 dataset=ETTh1 model=chronos2 lags=504 horizon=168 retrieval=instance_euclidean_1_online run=/home/h61084/codes/adapts/outputs/extraction/ETTh1/504_168/chronos2/instance/euclidean/1/online/run_0 computation_signature=db3cbf377107953d918ac4d6c3db87a62a82a8049d123fac2c2ff93453600181 period=24 align_period=false datastore_stride=25 adapt_stride=25 eval_stride=127 max_store_windows=30000 seed=1
2026-08-15 00:37:14,636 INFO [__main__] ========================================================================
2026-08-15 00:37:14,636 INFO [__main__] experiment start kind=extraction dataset=ETTh1 model=chronos2 lags=504 horizon=168 neighbors=1 distance=instance/euclidean
2026-08-15 00:37:14,942 INFO [__main__] dataset load start
2026-08-15 00:37:14,943 INFO [src.data.load_dataset] loaded dataset config path=/home/h61084/codes/datasets/ETTh1/config.json keys=['aggr', 'date_col', 'drop_users']
2026-08-15 00:37:14,975 INFO [__main__] dataset load done dates=17420 users=7
2026-08-15 00:37:14,975 INFO [__main__] model load start
2026-08-15 00:37:25,747 INFO [__main__] model load done name=chronos2 device=cuda parameters_total=119,477,664 parameters_trainable=0
2026-08-15 00:37:25,749 INFO [__main__] extraction start split=adapt queries=342
2026-08-15 00:38:07,176 INFO [__main__] extraction done split=adapt
2026-08-15 00:38:07,176 INFO [__main__] extraction start split=eval queries=27
2026-08-15 00:38:10,022 INFO [__main__] extraction done split=eval
2026-08-15 00:38:10,576 INFO [__main__] completion marker saved path=/home/h61084/codes/adapts/outputs/extraction/ETTh1/504_168/chronos2/instance/euclidean/1/online/run_0/extraction_manifest.json
2026-08-15 00:38:10,576 INFO [__main__] outputs saved dir=/home/h61084/codes/adapts/outputs/extraction/ETTh1/504_168/chronos2/instance/euclidean/1/online/run_0
2026-08-15 00:38:10,576 INFO [__main__] experiment done seconds=55.93
2026-08-15 00:38:10,576 INFO [__main__] ========================================================================
2026-08-15 00:38:13,534 INFO [__main__] extraction validation directory=/home/h61084/codes/adapts/outputs/extraction/ETTh1/504_168/chronos2/instance/euclidean/1/online/run_0 status=complete
2026-08-15T00:38:13+02:00 extraction done configuration=6/30 dataset=ETTh1 model=chronos2 lags=504 horizon=168 retrieval=instance_euclidean_1_online
2026-08-15T00:38:14+02:00 skip complete family=extraction dataset=ETTh2 model=chronos2 lags=168 horizon=24 retrieval=vanilla run=/home/h61084/codes/adapts/outputs/extraction/ETTh2/168_24/chronos2/none/none/0/none/run_0

2026-08-15T00:38:14+02:00 extraction start configuration=8/30 dataset=ETTh2 model=chronos2 lags=168 horizon=24 retrieval=instance_euclidean_1_online run=/home/h61084/codes/adapts/outputs/extraction/ETTh2/168_24/chronos2/instance/euclidean/1/online/run_0 computation_signature=7c1531d40c534c8357f82a4c5392404c24726e33e3a89de6e46dd44ff760b39f period=24 align_period=false datastore_stride=25 adapt_stride=25 eval_stride=127 max_store_windows=30000 seed=1
2026-08-15 00:38:16,694 INFO [__main__] ========================================================================
2026-08-15 00:38:16,694 INFO [__main__] experiment start kind=extraction dataset=ETTh2 model=chronos2 lags=168 horizon=24 neighbors=1 distance=instance/euclidean
2026-08-15 00:38:17,005 INFO [__main__] dataset load start
2026-08-15 00:38:17,007 INFO [src.data.load_dataset] loaded dataset config path=/home/h61084/codes/datasets/ETTh2/config.json keys=['aggr', 'date_col', 'drop_users']
2026-08-15 00:38:17,037 INFO [__main__] dataset load done dates=17420 users=7
2026-08-15 00:38:17,037 INFO [__main__] model load start
2026-08-15 00:39:00,449 INFO [__main__] model load done name=chronos2 device=cuda parameters_total=119,477,664 parameters_trainable=0
2026-08-15 00:39:00,451 INFO [__main__] extraction start split=adapt queries=348
2026-08-15 00:39:18,314 INFO [__main__] extraction done split=adapt
2026-08-15 00:39:18,314 INFO [__main__] extraction start split=eval queries=28
2026-08-15 00:39:19,791 INFO [__main__] extraction done split=eval
2026-08-15 00:39:20,282 INFO [__main__] completion marker saved path=/home/h61084/codes/adapts/outputs/extraction/ETTh2/168_24/chronos2/instance/euclidean/1/online/run_0/extraction_manifest.json
2026-08-15 00:39:20,282 INFO [__main__] outputs saved dir=/home/h61084/codes/adapts/outputs/extraction/ETTh2/168_24/chronos2/instance/euclidean/1/online/run_0
2026-08-15 00:39:20,282 INFO [__main__] experiment done seconds=63.58
2026-08-15 00:39:20,282 INFO [__main__] ========================================================================
2026-08-15 00:39:23,549 INFO [__main__] extraction validation directory=/home/h61084/codes/adapts/outputs/extraction/ETTh2/168_24/chronos2/instance/euclidean/1/online/run_0 status=complete
2026-08-15T00:39:23+02:00 extraction done configuration=8/30 dataset=ETTh2 model=chronos2 lags=168 horizon=24 retrieval=instance_euclidean_1_online
2026-08-15T00:39:24+02:00 skip complete family=extraction dataset=ETTh2 model=chronos2 lags=336 horizon=48 retrieval=vanilla run=/home/h61084/codes/adapts/outputs/extraction/ETTh2/336_48/chronos2/none/none/0/none/run_0

2026-08-15T00:39:24+02:00 extraction start configuration=10/30 dataset=ETTh2 model=chronos2 lags=336 horizon=48 retrieval=instance_euclidean_1_online run=/home/h61084/codes/adapts/outputs/extraction/ETTh2/336_48/chronos2/instance/euclidean/1/online/run_0 computation_signature=c555103bff11bf04bf80951c03001ca72f952b3c2d54ddb607f67a058b72fad6 period=24 align_period=false datastore_stride=25 adapt_stride=25 eval_stride=127 max_store_windows=30000 seed=1
2026-08-15 00:39:26,566 INFO [__main__] ========================================================================
2026-08-15 00:39:26,566 INFO [__main__] experiment start kind=extraction dataset=ETTh2 model=chronos2 lags=336 horizon=48 neighbors=1 distance=instance/euclidean
2026-08-15 00:39:26,874 INFO [__main__] dataset load start
2026-08-15 00:39:26,876 INFO [src.data.load_dataset] loaded dataset config path=/home/h61084/codes/datasets/ETTh2/config.json keys=['aggr', 'date_col', 'drop_users']
2026-08-15 00:39:26,907 INFO [__main__] dataset load done dates=17420 users=7
2026-08-15 00:39:26,908 INFO [__main__] model load start
2026-08-15 00:39:37,871 INFO [__main__] model load done name=chronos2 device=cuda parameters_total=119,477,664 parameters_trainable=0
2026-08-15 00:39:37,873 INFO [__main__] extraction start split=adapt queries=347
2026-08-15 00:39:56,152 INFO [__main__] extraction done split=adapt
2026-08-15 00:39:56,152 INFO [__main__] extraction start split=eval queries=28
2026-08-15 00:39:57,795 INFO [__main__] extraction done split=eval
2026-08-15 00:39:58,329 INFO [__main__] completion marker saved path=/home/h61084/codes/adapts/outputs/extraction/ETTh2/336_48/chronos2/instance/euclidean/1/online/run_0/extraction_manifest.json
2026-08-15 00:39:58,329 INFO [__main__] outputs saved dir=/home/h61084/codes/adapts/outputs/extraction/ETTh2/336_48/chronos2/instance/euclidean/1/online/run_0
2026-08-15 00:39:58,329 INFO [__main__] experiment done seconds=31.76
2026-08-15 00:39:58,329 INFO [__main__] ========================================================================
2026-08-15 00:40:01,045 INFO [__main__] extraction validation directory=/home/h61084/codes/adapts/outputs/extraction/ETTh2/336_48/chronos2/instance/euclidean/1/online/run_0 status=complete
2026-08-15T00:40:01+02:00 extraction done configuration=10/30 dataset=ETTh2 model=chronos2 lags=336 horizon=48 retrieval=instance_euclidean_1_online
2026-08-15T00:40:01+02:00 skip complete family=extraction dataset=ETTh2 model=chronos2 lags=504 horizon=168 retrieval=vanilla run=/home/h61084/codes/adapts/outputs/extraction/ETTh2/504_168/chronos2/none/none/0/none/run_0

2026-08-15T00:40:01+02:00 extraction start configuration=12/30 dataset=ETTh2 model=chronos2 lags=504 horizon=168 retrieval=instance_euclidean_1_online run=/home/h61084/codes/adapts/outputs/extraction/ETTh2/504_168/chronos2/instance/euclidean/1/online/run_0 computation_signature=ef9e8c461d174fa8353b4096f8420c1b422bb5db9ecd3507b4eb9dd0cf0c6b63 period=24 align_period=false datastore_stride=25 adapt_stride=25 eval_stride=127 max_store_windows=30000 seed=1
2026-08-15 00:40:04,096 INFO [__main__] ========================================================================
2026-08-15 00:40:04,096 INFO [__main__] experiment start kind=extraction dataset=ETTh2 model=chronos2 lags=504 horizon=168 neighbors=1 distance=instance/euclidean
2026-08-15 00:40:04,440 INFO [__main__] dataset load start
2026-08-15 00:40:04,441 INFO [src.data.load_dataset] loaded dataset config path=/home/h61084/codes/datasets/ETTh2/config.json keys=['aggr', 'date_col', 'drop_users']
2026-08-15 00:40:04,471 INFO [__main__] dataset load done dates=17420 users=7
2026-08-15 00:40:04,471 INFO [__main__] model load start
2026-08-15 00:40:12,545 INFO [__main__] model load done name=chronos2 device=cuda parameters_total=119,477,664 parameters_trainable=0
2026-08-15 00:40:12,547 INFO [__main__] extraction start split=adapt queries=342
2026-08-15 00:40:51,848 INFO [__main__] extraction done split=adapt
2026-08-15 00:40:51,848 INFO [__main__] extraction start split=eval queries=27
2026-08-15 00:40:54,721 INFO [__main__] extraction done split=eval
2026-08-15 00:40:55,385 INFO [__main__] completion marker saved path=/home/h61084/codes/adapts/outputs/extraction/ETTh2/504_168/chronos2/instance/euclidean/1/online/run_0/extraction_manifest.json
2026-08-15 00:40:55,385 INFO [__main__] outputs saved dir=/home/h61084/codes/adapts/outputs/extraction/ETTh2/504_168/chronos2/instance/euclidean/1/online/run_0
2026-08-15 00:40:55,385 INFO [__main__] experiment done seconds=51.28
2026-08-15 00:40:55,386 INFO [__main__] ========================================================================
2026-08-15 00:40:58,367 INFO [__main__] extraction validation directory=/home/h61084/codes/adapts/outputs/extraction/ETTh2/504_168/chronos2/instance/euclidean/1/online/run_0 status=complete
2026-08-15T00:40:58+02:00 extraction done configuration=12/30 dataset=ETTh2 model=chronos2 lags=504 horizon=168 retrieval=instance_euclidean_1_online
2026-08-15T00:40:58+02:00 skip complete family=extraction dataset=ETTm1 model=chronos2 lags=168 horizon=24 retrieval=vanilla run=/home/h61084/codes/adapts/outputs/extraction/ETTm1/168_24/chronos2/none/none/0/none/run_0

2026-08-15T00:40:58+02:00 extraction start configuration=14/30 dataset=ETTm1 model=chronos2 lags=168 horizon=24 retrieval=instance_euclidean_1_online run=/home/h61084/codes/adapts/outputs/extraction/ETTm1/168_24/chronos2/instance/euclidean/1/online/run_0 computation_signature=a04bffacbb5196154482d69237c1e1344c932970b521c41f874a8d0aab18b9ee period=96 align_period=false datastore_stride=25 adapt_stride=25 eval_stride=127 max_store_windows=30000 seed=1
2026-08-15 00:41:01,333 INFO [__main__] ========================================================================
2026-08-15 00:41:01,333 INFO [__main__] experiment start kind=extraction dataset=ETTm1 model=chronos2 lags=168 horizon=24 neighbors=1 distance=instance/euclidean
2026-08-15 00:41:01,619 INFO [__main__] dataset load start
2026-08-15 00:41:01,620 INFO [src.data.load_dataset] loaded dataset config path=/home/h61084/codes/datasets/ETTm1/config.json keys=['aggr', 'date_col', 'drop_users']
2026-08-15 00:41:01,714 INFO [__main__] dataset load done dates=69680 users=7
2026-08-15 00:41:01,714 INFO [__main__] model load start
2026-08-15 00:41:12,799 INFO [__main__] model load done name=chronos2 device=cuda parameters_total=119,477,664 parameters_trainable=0
2026-08-15 00:41:12,806 INFO [__main__] extraction start split=adapt queries=1393
2026-08-15 00:43:24,574 INFO [__main__] extraction done split=adapt
2026-08-15 00:43:24,574 INFO [__main__] extraction start split=eval queries=110
2026-08-15 00:43:34,976 INFO [__main__] extraction done split=eval
2026-08-15 00:43:35,602 INFO [__main__] completion marker saved path=/home/h61084/codes/adapts/outputs/extraction/ETTm1/168_24/chronos2/instance/euclidean/1/online/run_0/extraction_manifest.json
2026-08-15 00:43:35,603 INFO [__main__] outputs saved dir=/home/h61084/codes/adapts/outputs/extraction/ETTm1/168_24/chronos2/instance/euclidean/1/online/run_0
2026-08-15 00:43:35,603 INFO [__main__] experiment done seconds=154.26
2026-08-15 00:43:35,603 INFO [__main__] ========================================================================
2026-08-15 00:43:38,835 INFO [__main__] extraction validation directory=/home/h61084/codes/adapts/outputs/extraction/ETTm1/168_24/chronos2/instance/euclidean/1/online/run_0 status=complete
2026-08-15T00:43:39+02:00 extraction done configuration=14/30 dataset=ETTm1 model=chronos2 lags=168 horizon=24 retrieval=instance_euclidean_1_online
2026-08-15T00:43:39+02:00 skip complete family=extraction dataset=ETTm1 model=chronos2 lags=336 horizon=48 retrieval=vanilla run=/home/h61084/codes/adapts/outputs/extraction/ETTm1/336_48/chronos2/none/none/0/none/run_0

2026-08-15T00:43:39+02:00 extraction start configuration=16/30 dataset=ETTm1 model=chronos2 lags=336 horizon=48 retrieval=instance_euclidean_1_online run=/home/h61084/codes/adapts/outputs/extraction/ETTm1/336_48/chronos2/instance/euclidean/1/online/run_0 computation_signature=44adc9c201dc4a4f3766dfef47658b622e36488bb5d31553bad3c312430fb99f period=96 align_period=false datastore_stride=25 adapt_stride=25 eval_stride=127 max_store_windows=30000 seed=1
2026-08-15 00:43:41,921 INFO [__main__] ========================================================================
2026-08-15 00:43:41,921 INFO [__main__] experiment start kind=extraction dataset=ETTm1 model=chronos2 lags=336 horizon=48 neighbors=1 distance=instance/euclidean
2026-08-15 00:43:42,321 INFO [__main__] dataset load start
2026-08-15 00:43:42,323 INFO [src.data.load_dataset] loaded dataset config path=/home/h61084/codes/datasets/ETTm1/config.json keys=['aggr', 'date_col', 'drop_users']
2026-08-15 00:43:42,423 INFO [__main__] dataset load done dates=69680 users=7
2026-08-15 00:43:42,423 INFO [__main__] model load start
2026-08-15 00:43:54,075 INFO [__main__] model load done name=chronos2 device=cuda parameters_total=119,477,664 parameters_trainable=0
2026-08-15 00:43:54,082 INFO [__main__] extraction start split=adapt queries=1392
2026-08-15 00:46:19,948 INFO [__main__] extraction done split=adapt
2026-08-15 00:46:19,948 INFO [__main__] extraction start split=eval queries=110
2026-08-15 00:46:31,548 INFO [__main__] extraction done split=eval
2026-08-15 00:46:32,113 INFO [__main__] completion marker saved path=/home/h61084/codes/adapts/outputs/extraction/ETTm1/336_48/chronos2/instance/euclidean/1/online/run_0/extraction_manifest.json
2026-08-15 00:46:32,113 INFO [__main__] outputs saved dir=/home/h61084/codes/adapts/outputs/extraction/ETTm1/336_48/chronos2/instance/euclidean/1/online/run_0
2026-08-15 00:46:32,113 INFO [__main__] experiment done seconds=170.19
2026-08-15 00:46:32,113 INFO [__main__] ========================================================================
2026-08-15 00:46:35,226 INFO [__main__] extraction validation directory=/home/h61084/codes/adapts/outputs/extraction/ETTm1/336_48/chronos2/instance/euclidean/1/online/run_0 status=complete
2026-08-15T00:46:35+02:00 extraction done configuration=16/30 dataset=ETTm1 model=chronos2 lags=336 horizon=48 retrieval=instance_euclidean_1_online
2026-08-15T00:46:35+02:00 skip complete family=extraction dataset=ETTm1 model=chronos2 lags=504 horizon=168 retrieval=vanilla run=/home/h61084/codes/adapts/outputs/extraction/ETTm1/504_168/chronos2/none/none/0/none/run_0

2026-08-15T00:46:35+02:00 extraction start configuration=18/30 dataset=ETTm1 model=chronos2 lags=504 horizon=168 retrieval=instance_euclidean_1_online run=/home/h61084/codes/adapts/outputs/extraction/ETTm1/504_168/chronos2/instance/euclidean/1/online/run_0 computation_signature=256925b590e0d1151a26cfd826a3d5b837005fbebfc1d38faade85456d4b154a period=96 align_period=false datastore_stride=25 adapt_stride=25 eval_stride=127 max_store_windows=30000 seed=1
2026-08-15 00:46:38,252 INFO [__main__] ========================================================================
2026-08-15 00:46:38,252 INFO [__main__] experiment start kind=extraction dataset=ETTm1 model=chronos2 lags=504 horizon=168 neighbors=1 distance=instance/euclidean
2026-08-15 00:46:38,606 INFO [__main__] dataset load start
2026-08-15 00:46:38,608 INFO [src.data.load_dataset] loaded dataset config path=/home/h61084/codes/datasets/ETTm1/config.json keys=['aggr', 'date_col', 'drop_users']
2026-08-15 00:46:38,707 INFO [__main__] dataset load done dates=69680 users=7
2026-08-15 00:46:38,707 INFO [__main__] model load start
2026-08-15 00:46:50,464 INFO [__main__] model load done name=chronos2 device=cuda parameters_total=119,477,664 parameters_trainable=0
2026-08-15 00:46:50,471 INFO [__main__] extraction start split=adapt queries=1387
2026-08-15 00:50:48,660 INFO [__main__] extraction done split=adapt
2026-08-15 00:50:48,660 INFO [__main__] extraction start split=eval queries=109
2026-08-15 00:51:07,055 INFO [__main__] extraction done split=eval
2026-08-15 00:51:07,774 INFO [__main__] completion marker saved path=/home/h61084/codes/adapts/outputs/extraction/ETTm1/504_168/chronos2/instance/euclidean/1/online/run_0/extraction_manifest.json
2026-08-15 00:51:07,775 INFO [__main__] outputs saved dir=/home/h61084/codes/adapts/outputs/extraction/ETTm1/504_168/chronos2/instance/euclidean/1/online/run_0
2026-08-15 00:51:07,775 INFO [__main__] experiment done seconds=269.52
2026-08-15 00:51:07,775 INFO [__main__] ========================================================================
2026-08-15 00:51:10,992 INFO [__main__] extraction validation directory=/home/h61084/codes/adapts/outputs/extraction/ETTm1/504_168/chronos2/instance/euclidean/1/online/run_0 status=complete
2026-08-15T00:51:11+02:00 extraction done configuration=18/30 dataset=ETTm1 model=chronos2 lags=504 horizon=168 retrieval=instance_euclidean_1_online
2026-08-15T00:51:11+02:00 skip complete family=extraction dataset=ETTm2 model=chronos2 lags=168 horizon=24 retrieval=vanilla run=/home/h61084/codes/adapts/outputs/extraction/ETTm2/168_24/chronos2/none/none/0/none/run_0

2026-08-15T00:51:11+02:00 extraction start configuration=20/30 dataset=ETTm2 model=chronos2 lags=168 horizon=24 retrieval=instance_euclidean_1_online run=/home/h61084/codes/adapts/outputs/extraction/ETTm2/168_24/chronos2/instance/euclidean/1/online/run_0 computation_signature=27275be720653d9111868abe806eb11b5a715005658897822ef3eb59d88651ac period=96 align_period=false datastore_stride=25 adapt_stride=25 eval_stride=127 max_store_windows=30000 seed=1
2026-08-15 00:51:14,064 INFO [__main__] ========================================================================
2026-08-15 00:51:14,065 INFO [__main__] experiment start kind=extraction dataset=ETTm2 model=chronos2 lags=168 horizon=24 neighbors=1 distance=instance/euclidean
2026-08-15 00:51:14,478 INFO [__main__] dataset load start
2026-08-15 00:51:14,480 INFO [src.data.load_dataset] loaded dataset config path=/home/h61084/codes/datasets/ETTm2/config.json keys=['aggr', 'date_col', 'drop_users']
2026-08-15 00:51:14,575 INFO [__main__] dataset load done dates=69680 users=7
2026-08-15 00:51:14,575 INFO [__main__] model load start
2026-08-15 00:51:26,550 INFO [__main__] model load done name=chronos2 device=cuda parameters_total=119,477,664 parameters_trainable=0
2026-08-15 00:51:26,557 INFO [__main__] extraction start split=adapt queries=1393
2026-08-15 00:53:40,839 INFO [__main__] extraction done split=adapt
2026-08-15 00:53:40,839 INFO [__main__] extraction start split=eval queries=110
2026-08-15 00:53:51,454 INFO [__main__] extraction done split=eval
2026-08-15 00:53:52,015 INFO [__main__] completion marker saved path=/home/h61084/codes/adapts/outputs/extraction/ETTm2/168_24/chronos2/instance/euclidean/1/online/run_0/extraction_manifest.json
2026-08-15 00:53:52,015 INFO [__main__] outputs saved dir=/home/h61084/codes/adapts/outputs/extraction/ETTm2/168_24/chronos2/instance/euclidean/1/online/run_0
2026-08-15 00:53:52,015 INFO [__main__] experiment done seconds=157.95
2026-08-15 00:53:52,015 INFO [__main__] ========================================================================
2026-08-15 00:53:55,251 INFO [__main__] extraction validation directory=/home/h61084/codes/adapts/outputs/extraction/ETTm2/168_24/chronos2/instance/euclidean/1/online/run_0 status=complete
2026-08-15T00:53:55+02:00 extraction done configuration=20/30 dataset=ETTm2 model=chronos2 lags=168 horizon=24 retrieval=instance_euclidean_1_online
2026-08-15T00:53:55+02:00 skip complete family=extraction dataset=ETTm2 model=chronos2 lags=336 horizon=48 retrieval=vanilla run=/home/h61084/codes/adapts/outputs/extraction/ETTm2/336_48/chronos2/none/none/0/none/run_0

2026-08-15T00:53:55+02:00 extraction start configuration=22/30 dataset=ETTm2 model=chronos2 lags=336 horizon=48 retrieval=instance_euclidean_1_online run=/home/h61084/codes/adapts/outputs/extraction/ETTm2/336_48/chronos2/instance/euclidean/1/online/run_0 computation_signature=096250059aba56b10d133bffca9f2024f596bd81367116540e489b54a86a5459 period=96 align_period=false datastore_stride=25 adapt_stride=25 eval_stride=127 max_store_windows=30000 seed=1
2026-08-15 00:53:58,167 INFO [__main__] ========================================================================
2026-08-15 00:53:58,168 INFO [__main__] experiment start kind=extraction dataset=ETTm2 model=chronos2 lags=336 horizon=48 neighbors=1 distance=instance/euclidean
2026-08-15 00:53:58,446 INFO [__main__] dataset load start
2026-08-15 00:53:58,448 INFO [src.data.load_dataset] loaded dataset config path=/home/h61084/codes/datasets/ETTm2/config.json keys=['aggr', 'date_col', 'drop_users']
2026-08-15 00:53:58,543 INFO [__main__] dataset load done dates=69680 users=7
2026-08-15 00:53:58,544 INFO [__main__] model load start
2026-08-15 00:54:09,988 INFO [__main__] model load done name=chronos2 device=cuda parameters_total=119,477,664 parameters_trainable=0
2026-08-15 00:54:09,996 INFO [__main__] extraction start split=adapt queries=1392
2026-08-15 00:56:35,609 INFO [__main__] extraction done split=adapt
2026-08-15 00:56:35,609 INFO [__main__] extraction start split=eval queries=110
2026-08-15 00:56:47,212 INFO [__main__] extraction done split=eval
2026-08-15 00:56:47,778 INFO [__main__] completion marker saved path=/home/h61084/codes/adapts/outputs/extraction/ETTm2/336_48/chronos2/instance/euclidean/1/online/run_0/extraction_manifest.json
2026-08-15 00:56:47,779 INFO [__main__] outputs saved dir=/home/h61084/codes/adapts/outputs/extraction/ETTm2/336_48/chronos2/instance/euclidean/1/online/run_0
2026-08-15 00:56:47,779 INFO [__main__] experiment done seconds=169.61
2026-08-15 00:56:47,779 INFO [__main__] ========================================================================
2026-08-15 00:56:51,117 INFO [__main__] extraction validation directory=/home/h61084/codes/adapts/outputs/extraction/ETTm2/336_48/chronos2/instance/euclidean/1/online/run_0 status=complete
2026-08-15T00:56:51+02:00 extraction done configuration=22/30 dataset=ETTm2 model=chronos2 lags=336 horizon=48 retrieval=instance_euclidean_1_online
2026-08-15T00:56:51+02:00 skip complete family=extraction dataset=ETTm2 model=chronos2 lags=504 horizon=168 retrieval=vanilla run=/home/h61084/codes/adapts/outputs/extraction/ETTm2/504_168/chronos2/none/none/0/none/run_0

2026-08-15T00:56:51+02:00 extraction start configuration=24/30 dataset=ETTm2 model=chronos2 lags=504 horizon=168 retrieval=instance_euclidean_1_online run=/home/h61084/codes/adapts/outputs/extraction/ETTm2/504_168/chronos2/instance/euclidean/1/online/run_0 computation_signature=b5e67896d71d339c6578a45f947303ea958b416ee1fa259d830d73d45573e6b2 period=96 align_period=false datastore_stride=25 adapt_stride=25 eval_stride=127 max_store_windows=30000 seed=1
2026-08-15 00:56:54,082 INFO [__main__] ========================================================================
2026-08-15 00:56:54,083 INFO [__main__] experiment start kind=extraction dataset=ETTm2 model=chronos2 lags=504 horizon=168 neighbors=1 distance=instance/euclidean
2026-08-15 00:56:54,350 INFO [__main__] dataset load start
2026-08-15 00:56:54,351 INFO [src.data.load_dataset] loaded dataset config path=/home/h61084/codes/datasets/ETTm2/config.json keys=['aggr', 'date_col', 'drop_users']
2026-08-15 00:56:54,446 INFO [__main__] dataset load done dates=69680 users=7
2026-08-15 00:56:54,446 INFO [__main__] model load start
2026-08-15 00:57:06,039 INFO [__main__] model load done name=chronos2 device=cuda parameters_total=119,477,664 parameters_trainable=0
2026-08-15 00:57:06,046 INFO [__main__] extraction start split=adapt queries=1387
2026-08-15 01:01:13,769 INFO [__main__] extraction done split=adapt
2026-08-15 01:01:13,769 INFO [__main__] extraction start split=eval queries=109
2026-08-15 01:01:32,810 INFO [__main__] extraction done split=eval
2026-08-15 01:01:33,462 INFO [__main__] completion marker saved path=/home/h61084/codes/adapts/outputs/extraction/ETTm2/504_168/chronos2/instance/euclidean/1/online/run_0/extraction_manifest.json
2026-08-15 01:01:33,462 INFO [__main__] outputs saved dir=/home/h61084/codes/adapts/outputs/extraction/ETTm2/504_168/chronos2/instance/euclidean/1/online/run_0
2026-08-15 01:01:33,462 INFO [__main__] experiment done seconds=279.37
2026-08-15 01:01:33,462 INFO [__main__] ========================================================================
2026-08-15 01:01:36,210 INFO [__main__] extraction validation directory=/home/h61084/codes/adapts/outputs/extraction/ETTm2/504_168/chronos2/instance/euclidean/1/online/run_0 status=complete
2026-08-15T01:01:36+02:00 extraction done configuration=24/30 dataset=ETTm2 model=chronos2 lags=504 horizon=168 retrieval=instance_euclidean_1_online
2026-08-15T01:01:36+02:00 skip complete family=extraction dataset=Weather model=chronos2 lags=168 horizon=24 retrieval=vanilla run=/home/h61084/codes/adapts/outputs/extraction/Weather/168_24/chronos2/none/none/0/none/run_0

2026-08-15T01:01:36+02:00 extraction start configuration=26/30 dataset=Weather model=chronos2 lags=168 horizon=24 retrieval=instance_euclidean_1_online run=/home/h61084/codes/adapts/outputs/extraction/Weather/168_24/chronos2/instance/euclidean/1/online/run_0 computation_signature=12081d2c526fd2d5b14d963442aafb3cdf4fd9d38e507fccd930cbcc539aaa32 period=24 align_period=false datastore_stride=25 adapt_stride=25 eval_stride=127 max_store_windows=30000 seed=1
2026-08-15 01:01:39,287 INFO [__main__] ========================================================================
2026-08-15 01:01:39,287 INFO [__main__] experiment start kind=extraction dataset=Weather model=chronos2 lags=168 horizon=24 neighbors=1 distance=instance/euclidean
2026-08-15 01:01:39,545 INFO [__main__] dataset load start
2026-08-15 01:01:39,547 INFO [src.data.load_dataset] loaded dataset config path=/home/h61084/codes/datasets/weather/config.json keys=['aggr', 'aggr_period', 'date_col', 'drop_users']
2026-08-15 01:01:39,644 INFO [__main__] dataset load done dates=8784 users=17
2026-08-15 01:01:39,644 INFO [__main__] model load start
2026-08-15 01:01:48,239 INFO [__main__] model load done name=chronos2 device=cuda parameters_total=119,477,664 parameters_trainable=0
2026-08-15 01:01:48,240 INFO [__main__] extraction start split=adapt queries=175
2026-08-15 01:02:05,738 INFO [__main__] extraction done split=adapt
2026-08-15 01:02:05,738 INFO [__main__] extraction start split=eval queries=14
2026-08-15 01:02:07,141 INFO [__main__] extraction done split=eval
2026-08-15 01:02:07,643 INFO [__main__] completion marker saved path=/home/h61084/codes/adapts/outputs/extraction/Weather/168_24/chronos2/instance/euclidean/1/online/run_0/extraction_manifest.json
2026-08-15 01:02:07,643 INFO [__main__] outputs saved dir=/home/h61084/codes/adapts/outputs/extraction/Weather/168_24/chronos2/instance/euclidean/1/online/run_0
2026-08-15 01:02:07,643 INFO [__main__] experiment done seconds=28.35
2026-08-15 01:02:07,643 INFO [__main__] ========================================================================
2026-08-15 01:02:10,464 INFO [__main__] extraction validation directory=/home/h61084/codes/adapts/outputs/extraction/Weather/168_24/chronos2/instance/euclidean/1/online/run_0 status=complete
2026-08-15T01:02:10+02:00 extraction done configuration=26/30 dataset=Weather model=chronos2 lags=168 horizon=24 retrieval=instance_euclidean_1_online
2026-08-15T01:02:10+02:00 skip complete family=extraction dataset=Weather model=chronos2 lags=336 horizon=48 retrieval=vanilla run=/home/h61084/codes/adapts/outputs/extraction/Weather/336_48/chronos2/none/none/0/none/run_0

2026-08-15T01:02:11+02:00 extraction start configuration=28/30 dataset=Weather model=chronos2 lags=336 horizon=48 retrieval=instance_euclidean_1_online run=/home/h61084/codes/adapts/outputs/extraction/Weather/336_48/chronos2/instance/euclidean/1/online/run_0 computation_signature=867ae747f5c2f97ecd3d8e65463ee762bf6acd670472f7e53557c6ea43f75b83 period=24 align_period=false datastore_stride=25 adapt_stride=25 eval_stride=127 max_store_windows=30000 seed=1
2026-08-15 01:02:13,483 INFO [__main__] ========================================================================
2026-08-15 01:02:13,483 INFO [__main__] experiment start kind=extraction dataset=Weather model=chronos2 lags=336 horizon=48 neighbors=1 distance=instance/euclidean
2026-08-15 01:02:13,737 INFO [__main__] dataset load start
2026-08-15 01:02:13,738 INFO [src.data.load_dataset] loaded dataset config path=/home/h61084/codes/datasets/weather/config.json keys=['aggr', 'aggr_period', 'date_col', 'drop_users']
2026-08-15 01:02:13,826 INFO [__main__] dataset load done dates=8784 users=17
2026-08-15 01:02:13,826 INFO [__main__] model load start
2026-08-15 01:02:21,577 INFO [__main__] model load done name=chronos2 device=cuda parameters_total=119,477,664 parameters_trainable=0
2026-08-15 01:02:21,579 INFO [__main__] extraction start split=adapt queries=174
2026-08-15 01:02:40,596 INFO [__main__] extraction done split=adapt
2026-08-15 01:02:40,596 INFO [__main__] extraction start split=eval queries=14
2026-08-15 01:02:42,098 INFO [__main__] extraction done split=eval
2026-08-15 01:02:42,622 INFO [__main__] completion marker saved path=/home/h61084/codes/adapts/outputs/extraction/Weather/336_48/chronos2/instance/euclidean/1/online/run_0/extraction_manifest.json
2026-08-15 01:02:42,622 INFO [__main__] outputs saved dir=/home/h61084/codes/adapts/outputs/extraction/Weather/336_48/chronos2/instance/euclidean/1/online/run_0
2026-08-15 01:02:42,622 INFO [__main__] experiment done seconds=29.13
2026-08-15 01:02:42,622 INFO [__main__] ========================================================================
2026-08-15 01:02:45,692 INFO [__main__] extraction validation directory=/home/h61084/codes/adapts/outputs/extraction/Weather/336_48/chronos2/instance/euclidean/1/online/run_0 status=complete
2026-08-15T01:02:46+02:00 extraction done configuration=28/30 dataset=Weather model=chronos2 lags=336 horizon=48 retrieval=instance_euclidean_1_online
2026-08-15T01:02:46+02:00 skip complete family=extraction dataset=Weather model=chronos2 lags=504 horizon=168 retrieval=vanilla run=/home/h61084/codes/adapts/outputs/extraction/Weather/504_168/chronos2/none/none/0/none/run_0

2026-08-15T01:02:46+02:00 extraction start configuration=30/30 dataset=Weather model=chronos2 lags=504 horizon=168 retrieval=instance_euclidean_1_online run=/home/h61084/codes/adapts/outputs/extraction/Weather/504_168/chronos2/instance/euclidean/1/online/run_0 computation_signature=4b069fb03d41300ca5438fd33a36f316be97b915c21bee3a558c0b614877a22b period=24 align_period=false datastore_stride=25 adapt_stride=25 eval_stride=127 max_store_windows=30000 seed=1
2026-08-15 01:02:48,738 INFO [__main__] ========================================================================
2026-08-15 01:02:48,739 INFO [__main__] experiment start kind=extraction dataset=Weather model=chronos2 lags=504 horizon=168 neighbors=1 distance=instance/euclidean
2026-08-15 01:02:49,053 INFO [__main__] dataset load start
2026-08-15 01:02:49,054 INFO [src.data.load_dataset] loaded dataset config path=/home/h61084/codes/datasets/weather/config.json keys=['aggr', 'aggr_period', 'date_col', 'drop_users']
2026-08-15 01:02:49,153 INFO [__main__] dataset load done dates=8784 users=17
2026-08-15 01:02:49,153 INFO [__main__] model load start
2026-08-15 01:02:58,044 INFO [__main__] model load done name=chronos2 device=cuda parameters_total=119,477,664 parameters_trainable=0
2026-08-15 01:02:58,045 INFO [__main__] extraction start split=adapt queries=169
2026-08-15 01:03:17,549 INFO [__main__] extraction done split=adapt
2026-08-15 01:03:17,549 INFO [__main__] extraction start split=eval queries=13
2026-08-15 01:03:18,866 INFO [__main__] extraction done split=eval
2026-08-15 01:03:19,756 INFO [__main__] completion marker saved path=/home/h61084/codes/adapts/outputs/extraction/Weather/504_168/chronos2/instance/euclidean/1/online/run_0/extraction_manifest.json
2026-08-15 01:03:19,756 INFO [__main__] outputs saved dir=/home/h61084/codes/adapts/outputs/extraction/Weather/504_168/chronos2/instance/euclidean/1/online/run_0
2026-08-15 01:03:19,757 INFO [__main__] experiment done seconds=30.70
2026-08-15 01:03:19,757 INFO [__main__] ========================================================================
2026-08-15 01:03:22,566 INFO [__main__] extraction validation directory=/home/h61084/codes/adapts/outputs/extraction/Weather/504_168/chronos2/instance/euclidean/1/online/run_0 status=complete
2026-08-15T01:03:22+02:00 extraction done configuration=30/30 dataset=Weather model=chronos2 lags=504 horizon=168 retrieval=instance_euclidean_1_online

2026-08-15T01:03:22+02:00 job done kind=adaptation_extraction output=outputs/extraction

2026-08-15T01:03:22+02:00 job start kind=gates family=mixed_quantity_ablation experiment_mode=full skip_complete=true tasks=15 datasets=ETTh1,ETTh2,ETTm1,ETTm2,Weather models=chronos2 settings=168:24,336:48,504:168 distance_spaces=instance distance_metrics=euclidean neighbors=1 methods=catboost_avgy_regressor_shared,bayes_avgy_shared task_type=CPU thread_count=2 horizon_fits=serial allocated_cpus=16 results_root=outputs/adaptation/mixed_quantity_ablation
2026-08-15 01:03:25,156 INFO [__main__] extraction validation directory=/home/h61084/codes/adapts/outputs/extraction/ETTh1/168_24/chronos2/instance/euclidean/1/online/run_0 status=complete

2026-08-15T01:03:25+02:00 gates start configuration=1/15 dataset=ETTh1 model=chronos2 formula=catboost_avgy_regressor_shared lags=168 horizon=24 retrieval=instance_euclidean_1_online run=/home/h61084/codes/adapts/outputs/adaptation/mixed_quantity_ablation/ETTh1/168_24/chronos2/catboost_avgy_regressor_shared/instance/euclidean/1/online/run_0 computation_signature=ef53f04d37d241328f0b090a4dcb2406c26b92eec2119c8581c7ebb2be540029 iterations=300 learning_rate=0.03 depth=4 early_stopping_rounds=50 task_type=CPU thread_count=2 validation_fraction=0.2 seed=1
2026-08-15 01:03:28,071 INFO [__main__] ========================================================================
2026-08-15 01:03:28,072 INFO [__main__] selected methods=('catboost_avgy_regressor_shared',)
2026-08-15 01:03:30,010 INFO [__main__] gate fitting start candidate=avgy
2026-08-15 01:03:31,352 INFO [__main__] gate fitting done candidate=avgy
2026-08-15 01:03:31,937 INFO [__main__] experiment done seconds=3.86
2026-08-15 01:03:31,937 INFO [__main__] ========================================================================
2026-08-15T01:03:32+02:00 gates done configuration=1/15 dataset=ETTh1 model=chronos2 formula=catboost_avgy_regressor_shared lags=168 horizon=24 retrieval=instance_euclidean_1_online

2026-08-15T01:03:32+02:00 gates start configuration=1/15 dataset=ETTh1 model=chronos2 formula=bayes_avgy_shared lags=168 horizon=24 retrieval=instance_euclidean_1_online run=/home/h61084/codes/adapts/outputs/adaptation/mixed_quantity_ablation/ETTh1/168_24/chronos2/bayes_avgy_shared/instance/euclidean/1/online/run_0 computation_signature=4802256c4b1ee5216cc2acfe569ef36780eef772f9784f225535583a1af51d47 iterations=300 learning_rate=0.03 depth=4 early_stopping_rounds=50 task_type=CPU thread_count=2 validation_fraction=0.2 seed=1
2026-08-15 01:03:35,179 INFO [__main__] ========================================================================
2026-08-15 01:03:35,179 INFO [__main__] selected methods=('bayes_avgy_shared',)
2026-08-15 01:03:36,738 INFO [__main__] gate fitting start candidate=avgy
2026-08-15 01:03:36,797 INFO [__main__] gate fitting done candidate=avgy
2026-08-15 01:03:36,824 INFO [__main__] experiment done seconds=1.64
2026-08-15 01:03:36,824 INFO [__main__] ========================================================================
2026-08-15T01:03:37+02:00 gates done configuration=1/15 dataset=ETTh1 model=chronos2 formula=bayes_avgy_shared lags=168 horizon=24 retrieval=instance_euclidean_1_online
2026-08-15 01:03:39,414 INFO [__main__] extraction validation directory=/home/h61084/codes/adapts/outputs/extraction/ETTh1/336_48/chronos2/instance/euclidean/1/online/run_0 status=complete

2026-08-15T01:03:39+02:00 gates start configuration=2/15 dataset=ETTh1 model=chronos2 formula=catboost_avgy_regressor_shared lags=336 horizon=48 retrieval=instance_euclidean_1_online run=/home/h61084/codes/adapts/outputs/adaptation/mixed_quantity_ablation/ETTh1/336_48/chronos2/catboost_avgy_regressor_shared/instance/euclidean/1/online/run_0 computation_signature=2ab76479160b90f4b322c44a996b7f460d4a769a26f90bf7211aeb39ccf02418 iterations=300 learning_rate=0.03 depth=4 early_stopping_rounds=50 task_type=CPU thread_count=2 validation_fraction=0.2 seed=1
2026-08-15 01:03:42,358 INFO [__main__] ========================================================================
2026-08-15 01:03:42,358 INFO [__main__] selected methods=('catboost_avgy_regressor_shared',)
2026-08-15 01:03:44,229 INFO [__main__] gate fitting start candidate=avgy
2026-08-15 01:03:45,476 INFO [__main__] gate fitting done candidate=avgy
2026-08-15 01:03:46,084 INFO [__main__] experiment done seconds=3.72
2026-08-15 01:03:46,084 INFO [__main__] ========================================================================
2026-08-15T01:03:46+02:00 gates done configuration=2/15 dataset=ETTh1 model=chronos2 formula=catboost_avgy_regressor_shared lags=336 horizon=48 retrieval=instance_euclidean_1_online

2026-08-15T01:03:46+02:00 gates start configuration=2/15 dataset=ETTh1 model=chronos2 formula=bayes_avgy_shared lags=336 horizon=48 retrieval=instance_euclidean_1_online run=/home/h61084/codes/adapts/outputs/adaptation/mixed_quantity_ablation/ETTh1/336_48/chronos2/bayes_avgy_shared/instance/euclidean/1/online/run_0 computation_signature=c75d891087d2510a48c834ab2e60f71a4ce6c9aef7b248c1b242de4a92a54c04 iterations=300 learning_rate=0.03 depth=4 early_stopping_rounds=50 task_type=CPU thread_count=2 validation_fraction=0.2 seed=1
2026-08-15 01:03:49,573 INFO [__main__] ========================================================================
2026-08-15 01:03:49,573 INFO [__main__] selected methods=('bayes_avgy_shared',)
2026-08-15 01:03:51,153 INFO [__main__] gate fitting start candidate=avgy
2026-08-15 01:03:51,228 INFO [__main__] gate fitting done candidate=avgy
2026-08-15 01:03:51,258 INFO [__main__] experiment done seconds=1.68
2026-08-15 01:03:51,258 INFO [__main__] ========================================================================
2026-08-15T01:03:51+02:00 gates done configuration=2/15 dataset=ETTh1 model=chronos2 formula=bayes_avgy_shared lags=336 horizon=48 retrieval=instance_euclidean_1_online
2026-08-15 01:03:53,748 INFO [__main__] extraction validation directory=/home/h61084/codes/adapts/outputs/extraction/ETTh1/504_168/chronos2/instance/euclidean/1/online/run_0 status=complete

2026-08-15T01:03:54+02:00 gates start configuration=3/15 dataset=ETTh1 model=chronos2 formula=catboost_avgy_regressor_shared lags=504 horizon=168 retrieval=instance_euclidean_1_online run=/home/h61084/codes/adapts/outputs/adaptation/mixed_quantity_ablation/ETTh1/504_168/chronos2/catboost_avgy_regressor_shared/instance/euclidean/1/online/run_0 computation_signature=3e1de85aac3200dfad23357eb15172dd0f4da94a0166bd5341b988f5b3177952 iterations=300 learning_rate=0.03 depth=4 early_stopping_rounds=50 task_type=CPU thread_count=2 validation_fraction=0.2 seed=1
2026-08-15 01:03:56,790 INFO [__main__] ========================================================================
2026-08-15 01:03:56,790 INFO [__main__] selected methods=('catboost_avgy_regressor_shared',)
2026-08-15 01:04:00,462 INFO [__main__] gate fitting start candidate=avgy
2026-08-15 01:04:03,181 INFO [__main__] gate fitting done candidate=avgy
2026-08-15 01:04:03,813 INFO [__main__] experiment done seconds=7.02
2026-08-15 01:04:03,813 INFO [__main__] ========================================================================
2026-08-15T01:04:04+02:00 gates done configuration=3/15 dataset=ETTh1 model=chronos2 formula=catboost_avgy_regressor_shared lags=504 horizon=168 retrieval=instance_euclidean_1_online

2026-08-15T01:04:04+02:00 gates start configuration=3/15 dataset=ETTh1 model=chronos2 formula=bayes_avgy_shared lags=504 horizon=168 retrieval=instance_euclidean_1_online run=/home/h61084/codes/adapts/outputs/adaptation/mixed_quantity_ablation/ETTh1/504_168/chronos2/bayes_avgy_shared/instance/euclidean/1/online/run_0 computation_signature=40964a649310692344de3334c976775cf2ffa13e68f4b1d916f31059f3fbe3b2 iterations=300 learning_rate=0.03 depth=4 early_stopping_rounds=50 task_type=CPU thread_count=2 validation_fraction=0.2 seed=1
2026-08-15 01:04:07,019 INFO [__main__] ========================================================================
2026-08-15 01:04:07,019 INFO [__main__] selected methods=('bayes_avgy_shared',)
2026-08-15 01:04:08,687 INFO [__main__] gate fitting start candidate=avgy
2026-08-15 01:04:08,767 INFO [__main__] gate fitting done candidate=avgy
2026-08-15 01:04:08,795 INFO [__main__] experiment done seconds=1.77
2026-08-15 01:04:08,796 INFO [__main__] ========================================================================
2026-08-15T01:04:09+02:00 gates done configuration=3/15 dataset=ETTh1 model=chronos2 formula=bayes_avgy_shared lags=504 horizon=168 retrieval=instance_euclidean_1_online
2026-08-15 01:04:11,793 INFO [__main__] extraction validation directory=/home/h61084/codes/adapts/outputs/extraction/ETTh2/168_24/chronos2/instance/euclidean/1/online/run_0 status=complete

2026-08-15T01:04:12+02:00 gates start configuration=4/15 dataset=ETTh2 model=chronos2 formula=catboost_avgy_regressor_shared lags=168 horizon=24 retrieval=instance_euclidean_1_online run=/home/h61084/codes/adapts/outputs/adaptation/mixed_quantity_ablation/ETTh2/168_24/chronos2/catboost_avgy_regressor_shared/instance/euclidean/1/online/run_0 computation_signature=4bf4da511150d6446b6bf8d7ffb6bc6a4fbc8e27f7a5cd1e2bfab69dd8f5a21e iterations=300 learning_rate=0.03 depth=4 early_stopping_rounds=50 task_type=CPU thread_count=2 validation_fraction=0.2 seed=1
2026-08-15 01:04:14,953 INFO [__main__] ========================================================================
2026-08-15 01:04:14,953 INFO [__main__] selected methods=('catboost_avgy_regressor_shared',)
2026-08-15 01:04:16,631 INFO [__main__] gate fitting start candidate=avgy
2026-08-15 01:04:17,959 INFO [__main__] gate fitting done candidate=avgy
2026-08-15 01:04:18,541 INFO [__main__] experiment done seconds=3.58
2026-08-15 01:04:18,541 INFO [__main__] ========================================================================
2026-08-15T01:04:19+02:00 gates done configuration=4/15 dataset=ETTh2 model=chronos2 formula=catboost_avgy_regressor_shared lags=168 horizon=24 retrieval=instance_euclidean_1_online

2026-08-15T01:04:19+02:00 gates start configuration=4/15 dataset=ETTh2 model=chronos2 formula=bayes_avgy_shared lags=168 horizon=24 retrieval=instance_euclidean_1_online run=/home/h61084/codes/adapts/outputs/adaptation/mixed_quantity_ablation/ETTh2/168_24/chronos2/bayes_avgy_shared/instance/euclidean/1/online/run_0 computation_signature=e54237e9b0ab217d077f543abfc618c06da3c2953a6e4acfd737576a6a2d6200 iterations=300 learning_rate=0.03 depth=4 early_stopping_rounds=50 task_type=CPU thread_count=2 validation_fraction=0.2 seed=1
2026-08-15 01:04:21,777 INFO [__main__] ========================================================================
2026-08-15 01:04:21,777 INFO [__main__] selected methods=('bayes_avgy_shared',)
2026-08-15 01:04:23,302 INFO [__main__] gate fitting start candidate=avgy
2026-08-15 01:04:23,362 INFO [__main__] gate fitting done candidate=avgy
2026-08-15 01:04:23,389 INFO [__main__] experiment done seconds=1.61
2026-08-15 01:04:23,389 INFO [__main__] ========================================================================
2026-08-15T01:04:23+02:00 gates done configuration=4/15 dataset=ETTh2 model=chronos2 formula=bayes_avgy_shared lags=168 horizon=24 retrieval=instance_euclidean_1_online
2026-08-15 01:04:26,123 INFO [__main__] extraction validation directory=/home/h61084/codes/adapts/outputs/extraction/ETTh2/336_48/chronos2/instance/euclidean/1/online/run_0 status=complete

2026-08-15T01:04:26+02:00 gates start configuration=5/15 dataset=ETTh2 model=chronos2 formula=catboost_avgy_regressor_shared lags=336 horizon=48 retrieval=instance_euclidean_1_online run=/home/h61084/codes/adapts/outputs/adaptation/mixed_quantity_ablation/ETTh2/336_48/chronos2/catboost_avgy_regressor_shared/instance/euclidean/1/online/run_0 computation_signature=0226b0424e3724746da5c596d41a0441526a47d63de30e36b510ac4504a1fe64 iterations=300 learning_rate=0.03 depth=4 early_stopping_rounds=50 task_type=CPU thread_count=2 validation_fraction=0.2 seed=1
2026-08-15 01:04:29,256 INFO [__main__] ========================================================================
2026-08-15 01:04:29,256 INFO [__main__] selected methods=('catboost_avgy_regressor_shared',)
2026-08-15 01:04:31,518 INFO [__main__] gate fitting start candidate=avgy
2026-08-15 01:04:33,230 INFO [__main__] gate fitting done candidate=avgy
2026-08-15 01:04:33,828 INFO [__main__] experiment done seconds=4.57
2026-08-15 01:04:33,828 INFO [__main__] ========================================================================
2026-08-15T01:04:34+02:00 gates done configuration=5/15 dataset=ETTh2 model=chronos2 formula=catboost_avgy_regressor_shared lags=336 horizon=48 retrieval=instance_euclidean_1_online

2026-08-15T01:04:34+02:00 gates start configuration=5/15 dataset=ETTh2 model=chronos2 formula=bayes_avgy_shared lags=336 horizon=48 retrieval=instance_euclidean_1_online run=/home/h61084/codes/adapts/outputs/adaptation/mixed_quantity_ablation/ETTh2/336_48/chronos2/bayes_avgy_shared/instance/euclidean/1/online/run_0 computation_signature=488a3b034d00de8d8eed7aa150f10e7d3272925015552be86cc56e2c125e1f10 iterations=300 learning_rate=0.03 depth=4 early_stopping_rounds=50 task_type=CPU thread_count=2 validation_fraction=0.2 seed=1
2026-08-15 01:04:37,295 INFO [__main__] ========================================================================
2026-08-15 01:04:37,295 INFO [__main__] selected methods=('bayes_avgy_shared',)
2026-08-15 01:04:38,915 INFO [__main__] gate fitting start candidate=avgy
2026-08-15 01:04:38,975 INFO [__main__] gate fitting done candidate=avgy
2026-08-15 01:04:39,001 INFO [__main__] experiment done seconds=1.70
2026-08-15 01:04:39,001 INFO [__main__] ========================================================================
2026-08-15T01:04:39+02:00 gates done configuration=5/15 dataset=ETTh2 model=chronos2 formula=bayes_avgy_shared lags=336 horizon=48 retrieval=instance_euclidean_1_online
2026-08-15 01:04:41,596 INFO [__main__] extraction validation directory=/home/h61084/codes/adapts/outputs/extraction/ETTh2/504_168/chronos2/instance/euclidean/1/online/run_0 status=complete

2026-08-15T01:04:42+02:00 gates start configuration=6/15 dataset=ETTh2 model=chronos2 formula=catboost_avgy_regressor_shared lags=504 horizon=168 retrieval=instance_euclidean_1_online run=/home/h61084/codes/adapts/outputs/adaptation/mixed_quantity_ablation/ETTh2/504_168/chronos2/catboost_avgy_regressor_shared/instance/euclidean/1/online/run_0 computation_signature=99bc70f60bf309a3fcc10091b5ceba29b260eb06b7b75939a7db85725ce9385e iterations=300 learning_rate=0.03 depth=4 early_stopping_rounds=50 task_type=CPU thread_count=2 validation_fraction=0.2 seed=1
2026-08-15 01:04:44,514 INFO [__main__] ========================================================================
2026-08-15 01:04:44,514 INFO [__main__] selected methods=('catboost_avgy_regressor_shared',)
2026-08-15 01:04:46,511 INFO [__main__] gate fitting start candidate=avgy
2026-08-15 01:04:47,835 INFO [__main__] gate fitting done candidate=avgy
2026-08-15 01:04:48,461 INFO [__main__] experiment done seconds=3.94
2026-08-15 01:04:48,461 INFO [__main__] ========================================================================
2026-08-15T01:04:49+02:00 gates done configuration=6/15 dataset=ETTh2 model=chronos2 formula=catboost_avgy_regressor_shared lags=504 horizon=168 retrieval=instance_euclidean_1_online

2026-08-15T01:04:49+02:00 gates start configuration=6/15 dataset=ETTh2 model=chronos2 formula=bayes_avgy_shared lags=504 horizon=168 retrieval=instance_euclidean_1_online run=/home/h61084/codes/adapts/outputs/adaptation/mixed_quantity_ablation/ETTh2/504_168/chronos2/bayes_avgy_shared/instance/euclidean/1/online/run_0 computation_signature=5a45e76fdf89da4a3325afb5571cc8afbef53a78fdebf8dc701e2ad27d20b54c iterations=300 learning_rate=0.03 depth=4 early_stopping_rounds=50 task_type=CPU thread_count=2 validation_fraction=0.2 seed=1
2026-08-15 01:04:51,856 INFO [__main__] ========================================================================
2026-08-15 01:04:51,856 INFO [__main__] selected methods=('bayes_avgy_shared',)
2026-08-15 01:04:53,701 INFO [__main__] gate fitting start candidate=avgy
2026-08-15 01:04:53,805 INFO [__main__] gate fitting done candidate=avgy
2026-08-15 01:04:53,845 INFO [__main__] experiment done seconds=1.99
2026-08-15 01:04:53,845 INFO [__main__] ========================================================================
2026-08-15T01:04:54+02:00 gates done configuration=6/15 dataset=ETTh2 model=chronos2 formula=bayes_avgy_shared lags=504 horizon=168 retrieval=instance_euclidean_1_online
2026-08-15 01:04:56,645 INFO [__main__] extraction validation directory=/home/h61084/codes/adapts/outputs/extraction/ETTm1/168_24/chronos2/instance/euclidean/1/online/run_0 status=complete

2026-08-15T01:04:57+02:00 gates start configuration=7/15 dataset=ETTm1 model=chronos2 formula=catboost_avgy_regressor_shared lags=168 horizon=24 retrieval=instance_euclidean_1_online run=/home/h61084/codes/adapts/outputs/adaptation/mixed_quantity_ablation/ETTm1/168_24/chronos2/catboost_avgy_regressor_shared/instance/euclidean/1/online/run_0 computation_signature=11effa8c3de19f57019574f2901171f25b4f267ee04b80937f4717e2a31f53e4 iterations=300 learning_rate=0.03 depth=4 early_stopping_rounds=50 task_type=CPU thread_count=2 validation_fraction=0.2 seed=1
2026-08-15 01:04:59,580 INFO [__main__] ========================================================================
2026-08-15 01:04:59,580 INFO [__main__] selected methods=('catboost_avgy_regressor_shared',)
2026-08-15 01:05:01,541 INFO [__main__] gate fitting start candidate=avgy
2026-08-15 01:05:03,299 INFO [__main__] gate fitting done candidate=avgy
2026-08-15 01:05:03,894 INFO [__main__] experiment done seconds=4.31
2026-08-15 01:05:03,894 INFO [__main__] ========================================================================
2026-08-15T01:05:04+02:00 gates done configuration=7/15 dataset=ETTm1 model=chronos2 formula=catboost_avgy_regressor_shared lags=168 horizon=24 retrieval=instance_euclidean_1_online

2026-08-15T01:05:04+02:00 gates start configuration=7/15 dataset=ETTm1 model=chronos2 formula=bayes_avgy_shared lags=168 horizon=24 retrieval=instance_euclidean_1_online run=/home/h61084/codes/adapts/outputs/adaptation/mixed_quantity_ablation/ETTm1/168_24/chronos2/bayes_avgy_shared/instance/euclidean/1/online/run_0 computation_signature=a1a46247eb5986ab6190359f262111185da9ef8bae6e07fcb7efa560a65e54db iterations=300 learning_rate=0.03 depth=4 early_stopping_rounds=50 task_type=CPU thread_count=2 validation_fraction=0.2 seed=1
2026-08-15 01:05:07,130 INFO [__main__] ========================================================================
2026-08-15 01:05:07,130 INFO [__main__] selected methods=('bayes_avgy_shared',)
2026-08-15 01:05:08,838 INFO [__main__] gate fitting start candidate=avgy
2026-08-15 01:05:08,910 INFO [__main__] gate fitting done candidate=avgy
2026-08-15 01:05:08,937 INFO [__main__] experiment done seconds=1.80
2026-08-15 01:05:08,937 INFO [__main__] ========================================================================
2026-08-15T01:05:09+02:00 gates done configuration=7/15 dataset=ETTm1 model=chronos2 formula=bayes_avgy_shared lags=168 horizon=24 retrieval=instance_euclidean_1_online
2026-08-15 01:05:11,722 INFO [__main__] extraction validation directory=/home/h61084/codes/adapts/outputs/extraction/ETTm1/336_48/chronos2/instance/euclidean/1/online/run_0 status=complete

2026-08-15T01:05:12+02:00 gates start configuration=8/15 dataset=ETTm1 model=chronos2 formula=catboost_avgy_regressor_shared lags=336 horizon=48 retrieval=instance_euclidean_1_online run=/home/h61084/codes/adapts/outputs/adaptation/mixed_quantity_ablation/ETTm1/336_48/chronos2/catboost_avgy_regressor_shared/instance/euclidean/1/online/run_0 computation_signature=23cb7b4ba77335e99b5db5c82fc08c66c954b0e64ca20feafa79428c8e510fee iterations=300 learning_rate=0.03 depth=4 early_stopping_rounds=50 task_type=CPU thread_count=2 validation_fraction=0.2 seed=1
2026-08-15 01:05:14,885 INFO [__main__] ========================================================================
2026-08-15 01:05:14,885 INFO [__main__] selected methods=('catboost_avgy_regressor_shared',)
2026-08-15 01:05:17,403 INFO [__main__] gate fitting start candidate=avgy
2026-08-15 01:05:19,361 INFO [__main__] gate fitting done candidate=avgy
2026-08-15 01:05:19,944 INFO [__main__] experiment done seconds=5.05
2026-08-15 01:05:19,944 INFO [__main__] ========================================================================
2026-08-15T01:05:20+02:00 gates done configuration=8/15 dataset=ETTm1 model=chronos2 formula=catboost_avgy_regressor_shared lags=336 horizon=48 retrieval=instance_euclidean_1_online

2026-08-15T01:05:20+02:00 gates start configuration=8/15 dataset=ETTm1 model=chronos2 formula=bayes_avgy_shared lags=336 horizon=48 retrieval=instance_euclidean_1_online run=/home/h61084/codes/adapts/outputs/adaptation/mixed_quantity_ablation/ETTm1/336_48/chronos2/bayes_avgy_shared/instance/euclidean/1/online/run_0 computation_signature=cfdc2f0d06f74af8552444bca9dcd80e80e989f72d9be3d68ac643c0b4491765 iterations=300 learning_rate=0.03 depth=4 early_stopping_rounds=50 task_type=CPU thread_count=2 validation_fraction=0.2 seed=1
2026-08-15 01:05:23,196 INFO [__main__] ========================================================================
2026-08-15 01:05:23,196 INFO [__main__] selected methods=('bayes_avgy_shared',)
2026-08-15 01:05:24,884 INFO [__main__] gate fitting start candidate=avgy
2026-08-15 01:05:24,965 INFO [__main__] gate fitting done candidate=avgy
2026-08-15 01:05:24,996 INFO [__main__] experiment done seconds=1.79
2026-08-15 01:05:24,996 INFO [__main__] ========================================================================
2026-08-15T01:05:25+02:00 gates done configuration=8/15 dataset=ETTm1 model=chronos2 formula=bayes_avgy_shared lags=336 horizon=48 retrieval=instance_euclidean_1_online
2026-08-15 01:05:27,723 INFO [__main__] extraction validation directory=/home/h61084/codes/adapts/outputs/extraction/ETTm1/504_168/chronos2/instance/euclidean/1/online/run_0 status=complete

2026-08-15T01:05:28+02:00 gates start configuration=9/15 dataset=ETTm1 model=chronos2 formula=catboost_avgy_regressor_shared lags=504 horizon=168 retrieval=instance_euclidean_1_online run=/home/h61084/codes/adapts/outputs/adaptation/mixed_quantity_ablation/ETTm1/504_168/chronos2/catboost_avgy_regressor_shared/instance/euclidean/1/online/run_0 computation_signature=b023aa0662d9d31572379a337dc1e08e8128a154de2d7abc4c5a4ded637a8987 iterations=300 learning_rate=0.03 depth=4 early_stopping_rounds=50 task_type=CPU thread_count=2 validation_fraction=0.2 seed=1
2026-08-15 01:05:30,691 INFO [__main__] ========================================================================
2026-08-15 01:05:30,691 INFO [__main__] selected methods=('catboost_avgy_regressor_shared',)
2026-08-15 01:05:34,053 INFO [__main__] gate fitting start candidate=avgy
2026-08-15 01:05:35,936 INFO [__main__] gate fitting done candidate=avgy
2026-08-15 01:05:36,516 INFO [__main__] experiment done seconds=5.82
2026-08-15 01:05:36,516 INFO [__main__] ========================================================================
2026-08-15T01:05:37+02:00 gates done configuration=9/15 dataset=ETTm1 model=chronos2 formula=catboost_avgy_regressor_shared lags=504 horizon=168 retrieval=instance_euclidean_1_online

2026-08-15T01:05:37+02:00 gates start configuration=9/15 dataset=ETTm1 model=chronos2 formula=bayes_avgy_shared lags=504 horizon=168 retrieval=instance_euclidean_1_online run=/home/h61084/codes/adapts/outputs/adaptation/mixed_quantity_ablation/ETTm1/504_168/chronos2/bayes_avgy_shared/instance/euclidean/1/online/run_0 computation_signature=f367fa4bde39eec45f62d735c7039b87c763db0b663b551f3981e2d3ca02c751 iterations=300 learning_rate=0.03 depth=4 early_stopping_rounds=50 task_type=CPU thread_count=2 validation_fraction=0.2 seed=1
2026-08-15 01:05:40,021 INFO [__main__] ========================================================================
2026-08-15 01:05:40,021 INFO [__main__] selected methods=('bayes_avgy_shared',)
2026-08-15 01:05:41,978 INFO [__main__] gate fitting start candidate=avgy
2026-08-15 01:05:42,112 INFO [__main__] gate fitting done candidate=avgy
2026-08-15 01:05:42,143 INFO [__main__] experiment done seconds=2.12
2026-08-15 01:05:42,143 INFO [__main__] ========================================================================
2026-08-15T01:05:42+02:00 gates done configuration=9/15 dataset=ETTm1 model=chronos2 formula=bayes_avgy_shared lags=504 horizon=168 retrieval=instance_euclidean_1_online
2026-08-15 01:05:44,908 INFO [__main__] extraction validation directory=/home/h61084/codes/adapts/outputs/extraction/ETTm2/168_24/chronos2/instance/euclidean/1/online/run_0 status=complete

2026-08-15T01:05:45+02:00 gates start configuration=10/15 dataset=ETTm2 model=chronos2 formula=catboost_avgy_regressor_shared lags=168 horizon=24 retrieval=instance_euclidean_1_online run=/home/h61084/codes/adapts/outputs/adaptation/mixed_quantity_ablation/ETTm2/168_24/chronos2/catboost_avgy_regressor_shared/instance/euclidean/1/online/run_0 computation_signature=2261c3ac3c3f0a88ee21f2c665a5bbe524b9afc6279bd6d4f0f7e4c93f7c8fda iterations=300 learning_rate=0.03 depth=4 early_stopping_rounds=50 task_type=CPU thread_count=2 validation_fraction=0.2 seed=1
2026-08-15 01:05:47,907 INFO [__main__] ========================================================================
2026-08-15 01:05:47,908 INFO [__main__] selected methods=('catboost_avgy_regressor_shared',)
2026-08-15 01:05:49,974 INFO [__main__] gate fitting start candidate=avgy
2026-08-15 01:05:51,521 INFO [__main__] gate fitting done candidate=avgy
2026-08-15 01:05:52,151 INFO [__main__] experiment done seconds=4.24
2026-08-15 01:05:52,151 INFO [__main__] ========================================================================
2026-08-15T01:05:52+02:00 gates done configuration=10/15 dataset=ETTm2 model=chronos2 formula=catboost_avgy_regressor_shared lags=168 horizon=24 retrieval=instance_euclidean_1_online

2026-08-15T01:05:52+02:00 gates start configuration=10/15 dataset=ETTm2 model=chronos2 formula=bayes_avgy_shared lags=168 horizon=24 retrieval=instance_euclidean_1_online run=/home/h61084/codes/adapts/outputs/adaptation/mixed_quantity_ablation/ETTm2/168_24/chronos2/bayes_avgy_shared/instance/euclidean/1/online/run_0 computation_signature=c71550d8b410bae809bf8a9c0c34da0af624cd837276a8cc41739373cd6c91ec iterations=300 learning_rate=0.03 depth=4 early_stopping_rounds=50 task_type=CPU thread_count=2 validation_fraction=0.2 seed=1
2026-08-15 01:05:55,513 INFO [__main__] ========================================================================
2026-08-15 01:05:55,513 INFO [__main__] selected methods=('bayes_avgy_shared',)
2026-08-15 01:05:57,321 INFO [__main__] gate fitting start candidate=avgy
2026-08-15 01:05:57,397 INFO [__main__] gate fitting done candidate=avgy
2026-08-15 01:05:57,428 INFO [__main__] experiment done seconds=1.91
2026-08-15 01:05:57,428 INFO [__main__] ========================================================================
2026-08-15T01:05:57+02:00 gates done configuration=10/15 dataset=ETTm2 model=chronos2 formula=bayes_avgy_shared lags=168 horizon=24 retrieval=instance_euclidean_1_online
2026-08-15 01:06:00,184 INFO [__main__] extraction validation directory=/home/h61084/codes/adapts/outputs/extraction/ETTm2/336_48/chronos2/instance/euclidean/1/online/run_0 status=complete

2026-08-15T01:06:00+02:00 gates start configuration=11/15 dataset=ETTm2 model=chronos2 formula=catboost_avgy_regressor_shared lags=336 horizon=48 retrieval=instance_euclidean_1_online run=/home/h61084/codes/adapts/outputs/adaptation/mixed_quantity_ablation/ETTm2/336_48/chronos2/catboost_avgy_regressor_shared/instance/euclidean/1/online/run_0 computation_signature=6ad64d477e8d555f3d9ec1cae3dbdb75bf7e7b8399828f05c3fb44bcc6fdda28 iterations=300 learning_rate=0.03 depth=4 early_stopping_rounds=50 task_type=CPU thread_count=2 validation_fraction=0.2 seed=1
2026-08-15 01:06:03,267 INFO [__main__] ========================================================================
2026-08-15 01:06:03,267 INFO [__main__] selected methods=('catboost_avgy_regressor_shared',)
2026-08-15 01:06:05,719 INFO [__main__] gate fitting start candidate=avgy
2026-08-15 01:06:07,175 INFO [__main__] gate fitting done candidate=avgy
2026-08-15 01:06:07,831 INFO [__main__] experiment done seconds=4.56
2026-08-15 01:06:07,832 INFO [__main__] ========================================================================
2026-08-15T01:06:08+02:00 gates done configuration=11/15 dataset=ETTm2 model=chronos2 formula=catboost_avgy_regressor_shared lags=336 horizon=48 retrieval=instance_euclidean_1_online

2026-08-15T01:06:08+02:00 gates start configuration=11/15 dataset=ETTm2 model=chronos2 formula=bayes_avgy_shared lags=336 horizon=48 retrieval=instance_euclidean_1_online run=/home/h61084/codes/adapts/outputs/adaptation/mixed_quantity_ablation/ETTm2/336_48/chronos2/bayes_avgy_shared/instance/euclidean/1/online/run_0 computation_signature=bb2a5c422e9ca788033c203429899ad9d59543011a7ec8a3878f6e8efef7bd56 iterations=300 learning_rate=0.03 depth=4 early_stopping_rounds=50 task_type=CPU thread_count=2 validation_fraction=0.2 seed=1
2026-08-15 01:06:11,132 INFO [__main__] ========================================================================
2026-08-15 01:06:11,132 INFO [__main__] selected methods=('bayes_avgy_shared',)
2026-08-15 01:06:12,849 INFO [__main__] gate fitting start candidate=avgy
2026-08-15 01:06:12,952 INFO [__main__] gate fitting done candidate=avgy
2026-08-15 01:06:12,984 INFO [__main__] experiment done seconds=1.85
2026-08-15 01:06:12,984 INFO [__main__] ========================================================================
2026-08-15T01:06:13+02:00 gates done configuration=11/15 dataset=ETTm2 model=chronos2 formula=bayes_avgy_shared lags=336 horizon=48 retrieval=instance_euclidean_1_online
2026-08-15 01:06:15,779 INFO [__main__] extraction validation directory=/home/h61084/codes/adapts/outputs/extraction/ETTm2/504_168/chronos2/instance/euclidean/1/online/run_0 status=complete

2026-08-15T01:06:16+02:00 gates start configuration=12/15 dataset=ETTm2 model=chronos2 formula=catboost_avgy_regressor_shared lags=504 horizon=168 retrieval=instance_euclidean_1_online run=/home/h61084/codes/adapts/outputs/adaptation/mixed_quantity_ablation/ETTm2/504_168/chronos2/catboost_avgy_regressor_shared/instance/euclidean/1/online/run_0 computation_signature=e0363c88331c4a7ffdea885d83412f959635fc14bfde2e5f236f225d807a6acd iterations=300 learning_rate=0.03 depth=4 early_stopping_rounds=50 task_type=CPU thread_count=2 validation_fraction=0.2 seed=1
2026-08-15 01:06:18,767 INFO [__main__] ========================================================================
2026-08-15 01:06:18,767 INFO [__main__] selected methods=('catboost_avgy_regressor_shared',)
2026-08-15 01:06:21,574 INFO [__main__] gate fitting start candidate=avgy
2026-08-15 01:06:23,404 INFO [__main__] gate fitting done candidate=avgy
2026-08-15 01:06:23,996 INFO [__main__] experiment done seconds=5.23
2026-08-15 01:06:23,996 INFO [__main__] ========================================================================
2026-08-15T01:06:24+02:00 gates done configuration=12/15 dataset=ETTm2 model=chronos2 formula=catboost_avgy_regressor_shared lags=504 horizon=168 retrieval=instance_euclidean_1_online

2026-08-15T01:06:24+02:00 gates start configuration=12/15 dataset=ETTm2 model=chronos2 formula=bayes_avgy_shared lags=504 horizon=168 retrieval=instance_euclidean_1_online run=/home/h61084/codes/adapts/outputs/adaptation/mixed_quantity_ablation/ETTm2/504_168/chronos2/bayes_avgy_shared/instance/euclidean/1/online/run_0 computation_signature=c9cfb13cf379a2a8f521f709820d7fa0fd8ee3f8530a67016dbabe36806f752f iterations=300 learning_rate=0.03 depth=4 early_stopping_rounds=50 task_type=CPU thread_count=2 validation_fraction=0.2 seed=1
2026-08-15 01:06:27,219 INFO [__main__] ========================================================================
2026-08-15 01:06:27,219 INFO [__main__] selected methods=('bayes_avgy_shared',)
2026-08-15 01:06:29,006 INFO [__main__] gate fitting start candidate=avgy
2026-08-15 01:06:29,161 INFO [__main__] gate fitting done candidate=avgy
2026-08-15 01:06:29,231 INFO [__main__] experiment done seconds=2.01
2026-08-15 01:06:29,231 INFO [__main__] ========================================================================
2026-08-15T01:06:29+02:00 gates done configuration=12/15 dataset=ETTm2 model=chronos2 formula=bayes_avgy_shared lags=504 horizon=168 retrieval=instance_euclidean_1_online
2026-08-15 01:06:31,984 INFO [__main__] extraction validation directory=/home/h61084/codes/adapts/outputs/extraction/Weather/168_24/chronos2/instance/euclidean/1/online/run_0 status=complete

2026-08-15T01:06:32+02:00 gates start configuration=13/15 dataset=Weather model=chronos2 formula=catboost_avgy_regressor_shared lags=168 horizon=24 retrieval=instance_euclidean_1_online run=/home/h61084/codes/adapts/outputs/adaptation/mixed_quantity_ablation/Weather/168_24/chronos2/catboost_avgy_regressor_shared/instance/euclidean/1/online/run_0 computation_signature=9d16aa819b92567eea0e1a54b18a514a652ae95c95a04eba2d4392411c88231d iterations=300 learning_rate=0.03 depth=4 early_stopping_rounds=50 task_type=CPU thread_count=2 validation_fraction=0.2 seed=1
2026-08-15 01:06:35,106 INFO [__main__] ========================================================================
2026-08-15 01:06:35,106 INFO [__main__] selected methods=('catboost_avgy_regressor_shared',)
2026-08-15 01:06:37,121 INFO [__main__] gate fitting start candidate=avgy
2026-08-15 01:06:38,843 INFO [__main__] gate fitting done candidate=avgy
2026-08-15 01:06:39,473 INFO [__main__] experiment done seconds=4.36
2026-08-15 01:06:39,473 INFO [__main__] ========================================================================
2026-08-15T01:06:40+02:00 gates done configuration=13/15 dataset=Weather model=chronos2 formula=catboost_avgy_regressor_shared lags=168 horizon=24 retrieval=instance_euclidean_1_online

2026-08-15T01:06:40+02:00 gates start configuration=13/15 dataset=Weather model=chronos2 formula=bayes_avgy_shared lags=168 horizon=24 retrieval=instance_euclidean_1_online run=/home/h61084/codes/adapts/outputs/adaptation/mixed_quantity_ablation/Weather/168_24/chronos2/bayes_avgy_shared/instance/euclidean/1/online/run_0 computation_signature=94354c73b07808bfa2893ec8134c84910dc452f52b69ddb863cfed8bb5442f5a iterations=300 learning_rate=0.03 depth=4 early_stopping_rounds=50 task_type=CPU thread_count=2 validation_fraction=0.2 seed=1
2026-08-15 01:06:42,930 INFO [__main__] ========================================================================
2026-08-15 01:06:42,930 INFO [__main__] selected methods=('bayes_avgy_shared',)
2026-08-15 01:06:44,621 INFO [__main__] gate fitting start candidate=avgy
2026-08-15 01:06:44,680 INFO [__main__] gate fitting done candidate=avgy
2026-08-15 01:06:44,720 INFO [__main__] experiment done seconds=1.79
2026-08-15 01:06:44,720 INFO [__main__] ========================================================================
2026-08-15T01:06:45+02:00 gates done configuration=13/15 dataset=Weather model=chronos2 formula=bayes_avgy_shared lags=168 horizon=24 retrieval=instance_euclidean_1_online
2026-08-15 01:06:47,617 INFO [__main__] extraction validation directory=/home/h61084/codes/adapts/outputs/extraction/Weather/336_48/chronos2/instance/euclidean/1/online/run_0 status=complete

2026-08-15T01:06:48+02:00 gates start configuration=14/15 dataset=Weather model=chronos2 formula=catboost_avgy_regressor_shared lags=336 horizon=48 retrieval=instance_euclidean_1_online run=/home/h61084/codes/adapts/outputs/adaptation/mixed_quantity_ablation/Weather/336_48/chronos2/catboost_avgy_regressor_shared/instance/euclidean/1/online/run_0 computation_signature=e44810c17d8a169401e00663c6036c54b62752b0cba519dabb6eea0074de19f9 iterations=300 learning_rate=0.03 depth=4 early_stopping_rounds=50 task_type=CPU thread_count=2 validation_fraction=0.2 seed=1
2026-08-15 01:06:50,810 INFO [__main__] ========================================================================
2026-08-15 01:06:50,810 INFO [__main__] selected methods=('catboost_avgy_regressor_shared',)
2026-08-15 01:06:52,894 INFO [__main__] gate fitting start candidate=avgy
2026-08-15 01:06:54,337 INFO [__main__] gate fitting done candidate=avgy
2026-08-15 01:06:54,999 INFO [__main__] experiment done seconds=4.19
2026-08-15 01:06:54,999 INFO [__main__] ========================================================================
2026-08-15T01:06:55+02:00 gates done configuration=14/15 dataset=Weather model=chronos2 formula=catboost_avgy_regressor_shared lags=336 horizon=48 retrieval=instance_euclidean_1_online

2026-08-15T01:06:55+02:00 gates start configuration=14/15 dataset=Weather model=chronos2 formula=bayes_avgy_shared lags=336 horizon=48 retrieval=instance_euclidean_1_online run=/home/h61084/codes/adapts/outputs/adaptation/mixed_quantity_ablation/Weather/336_48/chronos2/bayes_avgy_shared/instance/euclidean/1/online/run_0 computation_signature=eb3560e90a581c098c412bb0a66af7874f9114e6ea6b4b486b45c9e62713f56b iterations=300 learning_rate=0.03 depth=4 early_stopping_rounds=50 task_type=CPU thread_count=2 validation_fraction=0.2 seed=1
2026-08-15 01:06:58,383 INFO [__main__] ========================================================================
2026-08-15 01:06:58,383 INFO [__main__] selected methods=('bayes_avgy_shared',)
2026-08-15 01:07:00,028 INFO [__main__] gate fitting start candidate=avgy
2026-08-15 01:07:00,100 INFO [__main__] gate fitting done candidate=avgy
2026-08-15 01:07:00,131 INFO [__main__] experiment done seconds=1.74
2026-08-15 01:07:00,131 INFO [__main__] ========================================================================
2026-08-15T01:07:00+02:00 gates done configuration=14/15 dataset=Weather model=chronos2 formula=bayes_avgy_shared lags=336 horizon=48 retrieval=instance_euclidean_1_online
2026-08-15 01:07:02,802 INFO [__main__] extraction validation directory=/home/h61084/codes/adapts/outputs/extraction/Weather/504_168/chronos2/instance/euclidean/1/online/run_0 status=complete

2026-08-15T01:07:03+02:00 gates start configuration=15/15 dataset=Weather model=chronos2 formula=catboost_avgy_regressor_shared lags=504 horizon=168 retrieval=instance_euclidean_1_online run=/home/h61084/codes/adapts/outputs/adaptation/mixed_quantity_ablation/Weather/504_168/chronos2/catboost_avgy_regressor_shared/instance/euclidean/1/online/run_0 computation_signature=4353e529a0e5d179c0f94de2aac8225493023fc9a21bde8cd811204ec2d18bd7 iterations=300 learning_rate=0.03 depth=4 early_stopping_rounds=50 task_type=CPU thread_count=2 validation_fraction=0.2 seed=1
2026-08-15 01:07:05,945 INFO [__main__] ========================================================================
2026-08-15 01:07:05,945 INFO [__main__] selected methods=('catboost_avgy_regressor_shared',)
2026-08-15 01:07:08,167 INFO [__main__] gate fitting start candidate=avgy
2026-08-15 01:07:09,856 INFO [__main__] gate fitting done candidate=avgy
2026-08-15 01:07:10,454 INFO [__main__] experiment done seconds=4.50
2026-08-15 01:07:10,454 INFO [__main__] ========================================================================
2026-08-15T01:07:11+02:00 gates done configuration=15/15 dataset=Weather model=chronos2 formula=catboost_avgy_regressor_shared lags=504 horizon=168 retrieval=instance_euclidean_1_online

2026-08-15T01:07:11+02:00 gates start configuration=15/15 dataset=Weather model=chronos2 formula=bayes_avgy_shared lags=504 horizon=168 retrieval=instance_euclidean_1_online run=/home/h61084/codes/adapts/outputs/adaptation/mixed_quantity_ablation/Weather/504_168/chronos2/bayes_avgy_shared/instance/euclidean/1/online/run_0 computation_signature=97b358f6eaaea24efb8235e49394d1691f82adaae5bf98f0a34cb160d28215dd iterations=300 learning_rate=0.03 depth=4 early_stopping_rounds=50 task_type=CPU thread_count=2 validation_fraction=0.2 seed=1
2026-08-15 01:07:13,856 INFO [__main__] ========================================================================
2026-08-15 01:07:13,856 INFO [__main__] selected methods=('bayes_avgy_shared',)
2026-08-15 01:07:15,520 INFO [__main__] gate fitting start candidate=avgy
2026-08-15 01:07:15,617 INFO [__main__] gate fitting done candidate=avgy
2026-08-15 01:07:15,646 INFO [__main__] experiment done seconds=1.79
2026-08-15 01:07:15,646 INFO [__main__] ========================================================================
2026-08-15T01:07:16+02:00 gates done configuration=15/15 dataset=Weather model=chronos2 formula=bayes_avgy_shared lags=504 horizon=168 retrieval=instance_euclidean_1_online

2026-08-15T01:07:16+02:00 job done kind=gates output=outputs/adaptation/mixed_quantity_ablation

2026-08-15T01:07:16+02:00 job start kind=adaptation_extraction family=mixed_quantity_ablation experiment_mode=full skip_complete=true tasks=30 datasets=ETTh1,ETTh2,ETTm1,ETTm2,Weather models=chronos2 settings=168:24,336:48,504:168 distance_spaces=raw distance_metrics=euclidean neighbors=3
2026-08-15T01:07:16+02:00 skip complete family=extraction dataset=ETTh1 model=chronos2 lags=168 horizon=24 retrieval=vanilla run=/home/h61084/codes/adapts/outputs/extraction/ETTh1/168_24/chronos2/none/none/0/none/run_0

2026-08-15T01:07:16+02:00 extraction start configuration=2/30 dataset=ETTh1 model=chronos2 lags=168 horizon=24 retrieval=raw_euclidean_3_online run=/home/h61084/codes/adapts/outputs/extraction/ETTh1/168_24/chronos2/raw/euclidean/3/online/run_0 computation_signature=2c02ced06b3faef6551b28587d947c746bbfe74006e0589d47a0c92d2697a71b period=24 align_period=false datastore_stride=25 adapt_stride=25 eval_stride=127 max_store_windows=30000 seed=1
2026-08-15 01:07:18,917 INFO [__main__] ========================================================================
2026-08-15 01:07:18,917 INFO [__main__] experiment start kind=extraction dataset=ETTh1 model=chronos2 lags=168 horizon=24 neighbors=3 distance=raw/euclidean
2026-08-15 01:07:19,174 INFO [__main__] dataset load start
2026-08-15 01:07:19,175 INFO [src.data.load_dataset] loaded dataset config path=/home/h61084/codes/datasets/ETTh1/config.json keys=['aggr', 'date_col', 'drop_users']
2026-08-15 01:07:19,205 INFO [__main__] dataset load done dates=17420 users=7
2026-08-15 01:07:19,205 INFO [__main__] model load start
2026-08-15 01:07:31,568 INFO [__main__] model load done name=chronos2 device=cuda parameters_total=119,477,664 parameters_trainable=0
2026-08-15 01:07:31,570 INFO [__main__] extraction start split=adapt queries=348
2026-08-15 01:07:51,510 INFO [__main__] extraction done split=adapt
2026-08-15 01:07:51,510 INFO [__main__] extraction start split=eval queries=28
2026-08-15 01:07:53,163 INFO [__main__] extraction done split=eval
2026-08-15 01:07:53,749 INFO [__main__] completion marker saved path=/home/h61084/codes/adapts/outputs/extraction/ETTh1/168_24/chronos2/raw/euclidean/3/online/run_0/extraction_manifest.json
2026-08-15 01:07:53,749 INFO [__main__] outputs saved dir=/home/h61084/codes/adapts/outputs/extraction/ETTh1/168_24/chronos2/raw/euclidean/3/online/run_0
2026-08-15 01:07:53,749 INFO [__main__] experiment done seconds=34.83
2026-08-15 01:07:53,749 INFO [__main__] ========================================================================
2026-08-15 01:07:56,567 INFO [__main__] extraction validation directory=/home/h61084/codes/adapts/outputs/extraction/ETTh1/168_24/chronos2/raw/euclidean/3/online/run_0 status=complete
2026-08-15T01:07:56+02:00 extraction done configuration=2/30 dataset=ETTh1 model=chronos2 lags=168 horizon=24 retrieval=raw_euclidean_3_online
2026-08-15T01:07:57+02:00 skip complete family=extraction dataset=ETTh1 model=chronos2 lags=336 horizon=48 retrieval=vanilla run=/home/h61084/codes/adapts/outputs/extraction/ETTh1/336_48/chronos2/none/none/0/none/run_0

2026-08-15T01:07:57+02:00 extraction start configuration=4/30 dataset=ETTh1 model=chronos2 lags=336 horizon=48 retrieval=raw_euclidean_3_online run=/home/h61084/codes/adapts/outputs/extraction/ETTh1/336_48/chronos2/raw/euclidean/3/online/run_0 computation_signature=32afbfebd345301c8b540c0ef9d22e2e0830cba51216743ae0534bbb06d46835 period=24 align_period=false datastore_stride=25 adapt_stride=25 eval_stride=127 max_store_windows=30000 seed=1
2026-08-15 01:07:59,808 INFO [__main__] ========================================================================
2026-08-15 01:07:59,808 INFO [__main__] experiment start kind=extraction dataset=ETTh1 model=chronos2 lags=336 horizon=48 neighbors=3 distance=raw/euclidean
2026-08-15 01:08:00,046 INFO [__main__] dataset load start
2026-08-15 01:08:00,048 INFO [src.data.load_dataset] loaded dataset config path=/home/h61084/codes/datasets/ETTh1/config.json keys=['aggr', 'date_col', 'drop_users']
2026-08-15 01:08:00,079 INFO [__main__] dataset load done dates=17420 users=7
2026-08-15 01:08:00,079 INFO [__main__] model load start
2026-08-15 01:08:08,233 INFO [__main__] model load done name=chronos2 device=cuda parameters_total=119,477,664 parameters_trainable=0
2026-08-15 01:08:08,234 INFO [__main__] extraction start split=adapt queries=347
2026-08-15 01:08:34,238 INFO [__main__] extraction done split=adapt
2026-08-15 01:08:34,238 INFO [__main__] extraction start split=eval queries=28
2026-08-15 01:08:36,206 INFO [__main__] extraction done split=eval
2026-08-15 01:08:36,872 INFO [__main__] completion marker saved path=/home/h61084/codes/adapts/outputs/extraction/ETTh1/336_48/chronos2/raw/euclidean/3/online/run_0/extraction_manifest.json
2026-08-15 01:08:36,872 INFO [__main__] outputs saved dir=/home/h61084/codes/adapts/outputs/extraction/ETTh1/336_48/chronos2/raw/euclidean/3/online/run_0
2026-08-15 01:08:36,872 INFO [__main__] experiment done seconds=37.06
2026-08-15 01:08:36,872 INFO [__main__] ========================================================================
2026-08-15 01:08:39,604 INFO [__main__] extraction validation directory=/home/h61084/codes/adapts/outputs/extraction/ETTh1/336_48/chronos2/raw/euclidean/3/online/run_0 status=complete
2026-08-15T01:08:40+02:00 extraction done configuration=4/30 dataset=ETTh1 model=chronos2 lags=336 horizon=48 retrieval=raw_euclidean_3_online
2026-08-15T01:08:40+02:00 skip complete family=extraction dataset=ETTh1 model=chronos2 lags=504 horizon=168 retrieval=vanilla run=/home/h61084/codes/adapts/outputs/extraction/ETTh1/504_168/chronos2/none/none/0/none/run_0

2026-08-15T01:08:40+02:00 extraction start configuration=6/30 dataset=ETTh1 model=chronos2 lags=504 horizon=168 retrieval=raw_euclidean_3_online run=/home/h61084/codes/adapts/outputs/extraction/ETTh1/504_168/chronos2/raw/euclidean/3/online/run_0 computation_signature=45b6b179a554e0a1cf4edf10e05bd5e0edf287c2d183bfeb17f253fdff9da5c8 period=24 align_period=false datastore_stride=25 adapt_stride=25 eval_stride=127 max_store_windows=30000 seed=1
2026-08-15 01:08:42,672 INFO [__main__] ========================================================================
2026-08-15 01:08:42,672 INFO [__main__] experiment start kind=extraction dataset=ETTh1 model=chronos2 lags=504 horizon=168 neighbors=3 distance=raw/euclidean
2026-08-15 01:08:43,044 INFO [__main__] dataset load start
2026-08-15 01:08:43,046 INFO [src.data.load_dataset] loaded dataset config path=/home/h61084/codes/datasets/ETTh1/config.json keys=['aggr', 'date_col', 'drop_users']
2026-08-15 01:08:43,078 INFO [__main__] dataset load done dates=17420 users=7
2026-08-15 01:08:43,079 INFO [__main__] model load start
2026-08-15 01:08:53,787 INFO [__main__] model load done name=chronos2 device=cuda parameters_total=119,477,664 parameters_trainable=0
2026-08-15 01:08:53,788 INFO [__main__] extraction start split=adapt queries=342
2026-08-15 01:09:31,468 INFO [__main__] extraction done split=adapt
2026-08-15 01:09:31,468 INFO [__main__] extraction start split=eval queries=27
2026-08-15 01:09:34,342 INFO [__main__] extraction done split=eval
2026-08-15 01:09:34,888 INFO [__main__] completion marker saved path=/home/h61084/codes/adapts/outputs/extraction/ETTh1/504_168/chronos2/raw/euclidean/3/online/run_0/extraction_manifest.json
2026-08-15 01:09:34,889 INFO [__main__] outputs saved dir=/home/h61084/codes/adapts/outputs/extraction/ETTh1/504_168/chronos2/raw/euclidean/3/online/run_0
2026-08-15 01:09:34,889 INFO [__main__] experiment done seconds=52.21
2026-08-15 01:09:34,889 INFO [__main__] ========================================================================
2026-08-15 01:09:37,941 INFO [__main__] extraction validation directory=/home/h61084/codes/adapts/outputs/extraction/ETTh1/504_168/chronos2/raw/euclidean/3/online/run_0 status=complete
2026-08-15T01:09:38+02:00 extraction done configuration=6/30 dataset=ETTh1 model=chronos2 lags=504 horizon=168 retrieval=raw_euclidean_3_online
2026-08-15T01:09:38+02:00 skip complete family=extraction dataset=ETTh2 model=chronos2 lags=168 horizon=24 retrieval=vanilla run=/home/h61084/codes/adapts/outputs/extraction/ETTh2/168_24/chronos2/none/none/0/none/run_0

2026-08-15T01:09:38+02:00 extraction start configuration=8/30 dataset=ETTh2 model=chronos2 lags=168 horizon=24 retrieval=raw_euclidean_3_online run=/home/h61084/codes/adapts/outputs/extraction/ETTh2/168_24/chronos2/raw/euclidean/3/online/run_0 computation_signature=e6db35a91932c8c147f16ee28193ce2bcab343834e7847abd1cfef990f4c201c period=24 align_period=false datastore_stride=25 adapt_stride=25 eval_stride=127 max_store_windows=30000 seed=1
2026-08-15 01:09:40,883 INFO [__main__] ========================================================================
2026-08-15 01:09:40,884 INFO [__main__] experiment start kind=extraction dataset=ETTh2 model=chronos2 lags=168 horizon=24 neighbors=3 distance=raw/euclidean
2026-08-15 01:09:41,176 INFO [__main__] dataset load start
2026-08-15 01:09:41,178 INFO [src.data.load_dataset] loaded dataset config path=/home/h61084/codes/datasets/ETTh2/config.json keys=['aggr', 'date_col', 'drop_users']
2026-08-15 01:09:41,206 INFO [__main__] dataset load done dates=17420 users=7
2026-08-15 01:09:41,206 INFO [__main__] model load start
2026-08-15 01:09:49,383 INFO [__main__] model load done name=chronos2 device=cuda parameters_total=119,477,664 parameters_trainable=0
2026-08-15 01:09:49,385 INFO [__main__] extraction start split=adapt queries=348
2026-08-15 01:10:09,966 INFO [__main__] extraction done split=adapt
2026-08-15 01:10:09,966 INFO [__main__] extraction start split=eval queries=28
2026-08-15 01:10:11,867 INFO [__main__] extraction done split=eval
2026-08-15 01:10:12,542 INFO [__main__] completion marker saved path=/home/h61084/codes/adapts/outputs/extraction/ETTh2/168_24/chronos2/raw/euclidean/3/online/run_0/extraction_manifest.json
2026-08-15 01:10:12,542 INFO [__main__] outputs saved dir=/home/h61084/codes/adapts/outputs/extraction/ETTh2/168_24/chronos2/raw/euclidean/3/online/run_0
2026-08-15 01:10:12,542 INFO [__main__] experiment done seconds=31.65
2026-08-15 01:10:12,542 INFO [__main__] ========================================================================
2026-08-15 01:10:15,294 INFO [__main__] extraction validation directory=/home/h61084/codes/adapts/outputs/extraction/ETTh2/168_24/chronos2/raw/euclidean/3/online/run_0 status=complete
2026-08-15T01:10:15+02:00 extraction done configuration=8/30 dataset=ETTh2 model=chronos2 lags=168 horizon=24 retrieval=raw_euclidean_3_online
2026-08-15T01:10:15+02:00 skip complete family=extraction dataset=ETTh2 model=chronos2 lags=336 horizon=48 retrieval=vanilla run=/home/h61084/codes/adapts/outputs/extraction/ETTh2/336_48/chronos2/none/none/0/none/run_0

2026-08-15T01:10:15+02:00 extraction start configuration=10/30 dataset=ETTh2 model=chronos2 lags=336 horizon=48 retrieval=raw_euclidean_3_online run=/home/h61084/codes/adapts/outputs/extraction/ETTh2/336_48/chronos2/raw/euclidean/3/online/run_0 computation_signature=57dde6b5dc187792aec5272a6e1dc20a1ae3d9a8099994bdaf3a994c55f28781 period=24 align_period=false datastore_stride=25 adapt_stride=25 eval_stride=127 max_store_windows=30000 seed=1
2026-08-15 01:10:18,224 INFO [__main__] ========================================================================
2026-08-15 01:10:18,225 INFO [__main__] experiment start kind=extraction dataset=ETTh2 model=chronos2 lags=336 horizon=48 neighbors=3 distance=raw/euclidean
2026-08-15 01:10:18,464 INFO [__main__] dataset load start
2026-08-15 01:10:18,466 INFO [src.data.load_dataset] loaded dataset config path=/home/h61084/codes/datasets/ETTh2/config.json keys=['aggr', 'date_col', 'drop_users']
2026-08-15 01:10:18,494 INFO [__main__] dataset load done dates=17420 users=7
2026-08-15 01:10:18,494 INFO [__main__] model load start
2026-08-15 01:10:28,713 INFO [__main__] model load done name=chronos2 device=cuda parameters_total=119,477,664 parameters_trainable=0
2026-08-15 01:10:28,715 INFO [__main__] extraction start split=adapt queries=347
2026-08-15 01:10:56,157 INFO [__main__] extraction done split=adapt
2026-08-15 01:10:56,157 INFO [__main__] extraction start split=eval queries=28
2026-08-15 01:10:58,219 INFO [__main__] extraction done split=eval
2026-08-15 01:10:58,851 INFO [__main__] completion marker saved path=/home/h61084/codes/adapts/outputs/extraction/ETTh2/336_48/chronos2/raw/euclidean/3/online/run_0/extraction_manifest.json
2026-08-15 01:10:58,851 INFO [__main__] outputs saved dir=/home/h61084/codes/adapts/outputs/extraction/ETTh2/336_48/chronos2/raw/euclidean/3/online/run_0
2026-08-15 01:10:58,851 INFO [__main__] experiment done seconds=40.62
2026-08-15 01:10:58,851 INFO [__main__] ========================================================================
2026-08-15 01:11:01,905 INFO [__main__] extraction validation directory=/home/h61084/codes/adapts/outputs/extraction/ETTh2/336_48/chronos2/raw/euclidean/3/online/run_0 status=complete
2026-08-15T01:11:02+02:00 extraction done configuration=10/30 dataset=ETTh2 model=chronos2 lags=336 horizon=48 retrieval=raw_euclidean_3_online
2026-08-15T01:11:02+02:00 skip complete family=extraction dataset=ETTh2 model=chronos2 lags=504 horizon=168 retrieval=vanilla run=/home/h61084/codes/adapts/outputs/extraction/ETTh2/504_168/chronos2/none/none/0/none/run_0

2026-08-15T01:11:02+02:00 extraction start configuration=12/30 dataset=ETTh2 model=chronos2 lags=504 horizon=168 retrieval=raw_euclidean_3_online run=/home/h61084/codes/adapts/outputs/extraction/ETTh2/504_168/chronos2/raw/euclidean/3/online/run_0 computation_signature=763d75918da3a1a4fa04492fb08f19452e298054b96ff45e4721465db7a2276e period=24 align_period=false datastore_stride=25 adapt_stride=25 eval_stride=127 max_store_windows=30000 seed=1
2026-08-15 01:11:04,955 INFO [__main__] ========================================================================
2026-08-15 01:11:04,955 INFO [__main__] experiment start kind=extraction dataset=ETTh2 model=chronos2 lags=504 horizon=168 neighbors=3 distance=raw/euclidean
2026-08-15 01:11:05,203 INFO [__main__] dataset load start
2026-08-15 01:11:05,204 INFO [src.data.load_dataset] loaded dataset config path=/home/h61084/codes/datasets/ETTh2/config.json keys=['aggr', 'date_col', 'drop_users']
2026-08-15 01:11:05,234 INFO [__main__] dataset load done dates=17420 users=7
2026-08-15 01:11:05,234 INFO [__main__] model load start
2026-08-15 01:11:13,505 INFO [__main__] model load done name=chronos2 device=cuda parameters_total=119,477,664 parameters_trainable=0
2026-08-15 01:11:13,507 INFO [__main__] extraction start split=adapt queries=342
2026-08-15 01:11:53,965 INFO [__main__] extraction done split=adapt
2026-08-15 01:11:53,965 INFO [__main__] extraction start split=eval queries=27
2026-08-15 01:11:56,377 INFO [__main__] extraction done split=eval
2026-08-15 01:11:56,908 INFO [__main__] completion marker saved path=/home/h61084/codes/adapts/outputs/extraction/ETTh2/504_168/chronos2/raw/euclidean/3/online/run_0/extraction_manifest.json
2026-08-15 01:11:56,908 INFO [__main__] outputs saved dir=/home/h61084/codes/adapts/outputs/extraction/ETTh2/504_168/chronos2/raw/euclidean/3/online/run_0
2026-08-15 01:11:56,908 INFO [__main__] experiment done seconds=51.95
2026-08-15 01:11:56,908 INFO [__main__] ========================================================================
2026-08-15 01:11:59,561 INFO [__main__] extraction validation directory=/home/h61084/codes/adapts/outputs/extraction/ETTh2/504_168/chronos2/raw/euclidean/3/online/run_0 status=complete
2026-08-15T01:11:59+02:00 extraction done configuration=12/30 dataset=ETTh2 model=chronos2 lags=504 horizon=168 retrieval=raw_euclidean_3_online
2026-08-15T01:12:00+02:00 skip complete family=extraction dataset=ETTm1 model=chronos2 lags=168 horizon=24 retrieval=vanilla run=/home/h61084/codes/adapts/outputs/extraction/ETTm1/168_24/chronos2/none/none/0/none/run_0

2026-08-15T01:12:00+02:00 extraction start configuration=14/30 dataset=ETTm1 model=chronos2 lags=168 horizon=24 retrieval=raw_euclidean_3_online run=/home/h61084/codes/adapts/outputs/extraction/ETTm1/168_24/chronos2/raw/euclidean/3/online/run_0 computation_signature=2fdf5bc9ad80c090b5ffd21da0cf36b0467d8345c80489afa9addd8ce8270f88 period=96 align_period=false datastore_stride=25 adapt_stride=25 eval_stride=127 max_store_windows=30000 seed=1
2026-08-15 01:12:02,790 INFO [__main__] ========================================================================
2026-08-15 01:12:02,790 INFO [__main__] experiment start kind=extraction dataset=ETTm1 model=chronos2 lags=168 horizon=24 neighbors=3 distance=raw/euclidean
2026-08-15 01:12:03,117 INFO [__main__] dataset load start
2026-08-15 01:12:03,118 INFO [src.data.load_dataset] loaded dataset config path=/home/h61084/codes/datasets/ETTm1/config.json keys=['aggr', 'date_col', 'drop_users']
2026-08-15 01:12:03,211 INFO [__main__] dataset load done dates=69680 users=7
2026-08-15 01:12:03,211 INFO [__main__] model load start
2026-08-15 01:12:15,314 INFO [__main__] model load done name=chronos2 device=cuda parameters_total=119,477,664 parameters_trainable=0
2026-08-15 01:12:15,321 INFO [__main__] extraction start split=adapt queries=1393
2026-08-15 01:15:34,770 INFO [__main__] extraction done split=adapt
2026-08-15 01:15:34,770 INFO [__main__] extraction start split=eval queries=110
2026-08-15 01:15:50,203 INFO [__main__] extraction done split=eval
2026-08-15 01:15:50,791 INFO [__main__] completion marker saved path=/home/h61084/codes/adapts/outputs/extraction/ETTm1/168_24/chronos2/raw/euclidean/3/online/run_0/extraction_manifest.json
2026-08-15 01:15:50,791 INFO [__main__] outputs saved dir=/home/h61084/codes/adapts/outputs/extraction/ETTm1/168_24/chronos2/raw/euclidean/3/online/run_0
2026-08-15 01:15:50,791 INFO [__main__] experiment done seconds=228.00
2026-08-15 01:15:50,791 INFO [__main__] ========================================================================
2026-08-15 01:15:54,051 INFO [__main__] extraction validation directory=/home/h61084/codes/adapts/outputs/extraction/ETTm1/168_24/chronos2/raw/euclidean/3/online/run_0 status=complete
2026-08-15T01:15:54+02:00 extraction done configuration=14/30 dataset=ETTm1 model=chronos2 lags=168 horizon=24 retrieval=raw_euclidean_3_online
2026-08-15T01:15:54+02:00 skip complete family=extraction dataset=ETTm1 model=chronos2 lags=336 horizon=48 retrieval=vanilla run=/home/h61084/codes/adapts/outputs/extraction/ETTm1/336_48/chronos2/none/none/0/none/run_0

2026-08-15T01:15:54+02:00 extraction start configuration=16/30 dataset=ETTm1 model=chronos2 lags=336 horizon=48 retrieval=raw_euclidean_3_online run=/home/h61084/codes/adapts/outputs/extraction/ETTm1/336_48/chronos2/raw/euclidean/3/online/run_0 computation_signature=7087685d0851fe314a9cc3882baa9bd02927206fb55b84b5e93321c56da5701c period=96 align_period=false datastore_stride=25 adapt_stride=25 eval_stride=127 max_store_windows=30000 seed=1
2026-08-15 01:15:57,038 INFO [__main__] ========================================================================
2026-08-15 01:15:57,038 INFO [__main__] experiment start kind=extraction dataset=ETTm1 model=chronos2 lags=336 horizon=48 neighbors=3 distance=raw/euclidean
2026-08-15 01:15:57,284 INFO [__main__] dataset load start
2026-08-15 01:15:57,286 INFO [src.data.load_dataset] loaded dataset config path=/home/h61084/codes/datasets/ETTm1/config.json keys=['aggr', 'date_col', 'drop_users']
2026-08-15 01:15:57,378 INFO [__main__] dataset load done dates=69680 users=7
2026-08-15 01:15:57,378 INFO [__main__] model load start
2026-08-15 01:16:08,899 INFO [__main__] model load done name=chronos2 device=cuda parameters_total=119,477,664 parameters_trainable=0
2026-08-15 01:16:08,906 INFO [__main__] extraction start split=adapt queries=1392
2026-08-15 01:19:38,130 INFO [__main__] extraction done split=adapt
2026-08-15 01:19:38,130 INFO [__main__] extraction start split=eval queries=110
2026-08-15 01:19:53,703 INFO [__main__] extraction done split=eval
2026-08-15 01:19:54,295 INFO [__main__] completion marker saved path=/home/h61084/codes/adapts/outputs/extraction/ETTm1/336_48/chronos2/raw/euclidean/3/online/run_0/extraction_manifest.json
2026-08-15 01:19:54,295 INFO [__main__] outputs saved dir=/home/h61084/codes/adapts/outputs/extraction/ETTm1/336_48/chronos2/raw/euclidean/3/online/run_0
2026-08-15 01:19:54,295 INFO [__main__] experiment done seconds=237.25
2026-08-15 01:19:54,295 INFO [__main__] ========================================================================
2026-08-15 01:19:57,517 INFO [__main__] extraction validation directory=/home/h61084/codes/adapts/outputs/extraction/ETTm1/336_48/chronos2/raw/euclidean/3/online/run_0 status=complete
2026-08-15T01:19:57+02:00 extraction done configuration=16/30 dataset=ETTm1 model=chronos2 lags=336 horizon=48 retrieval=raw_euclidean_3_online
2026-08-15T01:19:58+02:00 skip complete family=extraction dataset=ETTm1 model=chronos2 lags=504 horizon=168 retrieval=vanilla run=/home/h61084/codes/adapts/outputs/extraction/ETTm1/504_168/chronos2/none/none/0/none/run_0

2026-08-15T01:19:58+02:00 extraction start configuration=18/30 dataset=ETTm1 model=chronos2 lags=504 horizon=168 retrieval=raw_euclidean_3_online run=/home/h61084/codes/adapts/outputs/extraction/ETTm1/504_168/chronos2/raw/euclidean/3/online/run_0 computation_signature=d96d67f3858c3e96caca5f533cd3719a5e4aaa8ec81fcd20950e9b1eda6fd59e period=96 align_period=false datastore_stride=25 adapt_stride=25 eval_stride=127 max_store_windows=30000 seed=1
2026-08-15 01:20:00,438 INFO [__main__] ========================================================================
2026-08-15 01:20:00,438 INFO [__main__] experiment start kind=extraction dataset=ETTm1 model=chronos2 lags=504 horizon=168 neighbors=3 distance=raw/euclidean
2026-08-15 01:20:00,756 INFO [__main__] dataset load start
2026-08-15 01:20:00,758 INFO [src.data.load_dataset] loaded dataset config path=/home/h61084/codes/datasets/ETTm1/config.json keys=['aggr', 'date_col', 'drop_users']
2026-08-15 01:20:00,857 INFO [__main__] dataset load done dates=69680 users=7
2026-08-15 01:20:00,857 INFO [__main__] model load start
2026-08-15 01:20:12,793 INFO [__main__] model load done name=chronos2 device=cuda parameters_total=119,477,664 parameters_trainable=0
2026-08-15 01:20:12,800 INFO [__main__] extraction start split=adapt queries=1387
2026-08-15 01:24:01,308 INFO [__main__] extraction done split=adapt
2026-08-15 01:24:01,308 INFO [__main__] extraction start split=eval queries=109
2026-08-15 01:24:16,882 INFO [__main__] extraction done split=eval
2026-08-15 01:24:17,559 INFO [__main__] completion marker saved path=/home/h61084/codes/adapts/outputs/extraction/ETTm1/504_168/chronos2/raw/euclidean/3/online/run_0/extraction_manifest.json
2026-08-15 01:24:17,559 INFO [__main__] outputs saved dir=/home/h61084/codes/adapts/outputs/extraction/ETTm1/504_168/chronos2/raw/euclidean/3/online/run_0
2026-08-15 01:24:17,559 INFO [__main__] experiment done seconds=257.12
2026-08-15 01:24:17,559 INFO [__main__] ========================================================================
2026-08-15 01:24:20,210 INFO [__main__] extraction validation directory=/home/h61084/codes/adapts/outputs/extraction/ETTm1/504_168/chronos2/raw/euclidean/3/online/run_0 status=complete
2026-08-15T01:24:20+02:00 extraction done configuration=18/30 dataset=ETTm1 model=chronos2 lags=504 horizon=168 retrieval=raw_euclidean_3_online
2026-08-15T01:24:20+02:00 skip complete family=extraction dataset=ETTm2 model=chronos2 lags=168 horizon=24 retrieval=vanilla run=/home/h61084/codes/adapts/outputs/extraction/ETTm2/168_24/chronos2/none/none/0/none/run_0

2026-08-15T01:24:20+02:00 extraction start configuration=20/30 dataset=ETTm2 model=chronos2 lags=168 horizon=24 retrieval=raw_euclidean_3_online run=/home/h61084/codes/adapts/outputs/extraction/ETTm2/168_24/chronos2/raw/euclidean/3/online/run_0 computation_signature=25426cb6d4873da94e1511942380f37832b1e4bbc7412a00b8b955e81adb294e period=96 align_period=false datastore_stride=25 adapt_stride=25 eval_stride=127 max_store_windows=30000 seed=1
2026-08-15 01:24:23,146 INFO [__main__] ========================================================================
2026-08-15 01:24:23,146 INFO [__main__] experiment start kind=extraction dataset=ETTm2 model=chronos2 lags=168 horizon=24 neighbors=3 distance=raw/euclidean
2026-08-15 01:24:23,449 INFO [__main__] dataset load start
2026-08-15 01:24:23,450 INFO [src.data.load_dataset] loaded dataset config path=/home/h61084/codes/datasets/ETTm2/config.json keys=['aggr', 'date_col', 'drop_users']
2026-08-15 01:24:23,544 INFO [__main__] dataset load done dates=69680 users=7
2026-08-15 01:24:23,544 INFO [__main__] model load start
2026-08-15 01:24:31,264 INFO [__main__] model load done name=chronos2 device=cuda parameters_total=119,477,664 parameters_trainable=0
2026-08-15 01:24:31,272 INFO [__main__] extraction start split=adapt queries=1393
2026-08-15 01:27:41,949 INFO [__main__] extraction done split=adapt
2026-08-15 01:27:41,949 INFO [__main__] extraction start split=eval queries=110
2026-08-15 01:27:57,206 INFO [__main__] extraction done split=eval
2026-08-15 01:27:57,809 INFO [__main__] completion marker saved path=/home/h61084/codes/adapts/outputs/extraction/ETTm2/168_24/chronos2/raw/euclidean/3/online/run_0/extraction_manifest.json
2026-08-15 01:27:57,809 INFO [__main__] outputs saved dir=/home/h61084/codes/adapts/outputs/extraction/ETTm2/168_24/chronos2/raw/euclidean/3/online/run_0
2026-08-15 01:27:57,809 INFO [__main__] experiment done seconds=214.66
2026-08-15 01:27:57,809 INFO [__main__] ========================================================================
2026-08-15 01:28:01,390 INFO [__main__] extraction validation directory=/home/h61084/codes/adapts/outputs/extraction/ETTm2/168_24/chronos2/raw/euclidean/3/online/run_0 status=complete
2026-08-15T01:28:01+02:00 extraction done configuration=20/30 dataset=ETTm2 model=chronos2 lags=168 horizon=24 retrieval=raw_euclidean_3_online
2026-08-15T01:28:01+02:00 skip complete family=extraction dataset=ETTm2 model=chronos2 lags=336 horizon=48 retrieval=vanilla run=/home/h61084/codes/adapts/outputs/extraction/ETTm2/336_48/chronos2/none/none/0/none/run_0

2026-08-15T01:28:02+02:00 extraction start configuration=22/30 dataset=ETTm2 model=chronos2 lags=336 horizon=48 retrieval=raw_euclidean_3_online run=/home/h61084/codes/adapts/outputs/extraction/ETTm2/336_48/chronos2/raw/euclidean/3/online/run_0 computation_signature=49cabf86d0e77a3a2fc05976205a29baab23f05fa33b9d7e1e090885e08c60dd period=96 align_period=false datastore_stride=25 adapt_stride=25 eval_stride=127 max_store_windows=30000 seed=1
2026-08-15 01:28:04,366 INFO [__main__] ========================================================================
2026-08-15 01:28:04,366 INFO [__main__] experiment start kind=extraction dataset=ETTm2 model=chronos2 lags=336 horizon=48 neighbors=3 distance=raw/euclidean
2026-08-15 01:28:04,613 INFO [__main__] dataset load start
2026-08-15 01:28:04,614 INFO [src.data.load_dataset] loaded dataset config path=/home/h61084/codes/datasets/ETTm2/config.json keys=['aggr', 'date_col', 'drop_users']
2026-08-15 01:28:04,711 INFO [__main__] dataset load done dates=69680 users=7
2026-08-15 01:28:04,711 INFO [__main__] model load start
2026-08-15 01:28:16,099 INFO [__main__] model load done name=chronos2 device=cuda parameters_total=119,477,664 parameters_trainable=0
2026-08-15 01:28:16,106 INFO [__main__] extraction start split=adapt queries=1392
2026-08-15 01:31:52,296 INFO [__main__] extraction done split=adapt
2026-08-15 01:31:52,297 INFO [__main__] extraction start split=eval queries=110
2026-08-15 01:32:08,104 INFO [__main__] extraction done split=eval
2026-08-15 01:32:08,712 INFO [__main__] completion marker saved path=/home/h61084/codes/adapts/outputs/extraction/ETTm2/336_48/chronos2/raw/euclidean/3/online/run_0/extraction_manifest.json
2026-08-15 01:32:08,712 INFO [__main__] outputs saved dir=/home/h61084/codes/adapts/outputs/extraction/ETTm2/336_48/chronos2/raw/euclidean/3/online/run_0
2026-08-15 01:32:08,712 INFO [__main__] experiment done seconds=244.34
2026-08-15 01:32:08,713 INFO [__main__] ========================================================================
2026-08-15 01:32:11,900 INFO [__main__] extraction validation directory=/home/h61084/codes/adapts/outputs/extraction/ETTm2/336_48/chronos2/raw/euclidean/3/online/run_0 status=complete
2026-08-15T01:32:12+02:00 extraction done configuration=22/30 dataset=ETTm2 model=chronos2 lags=336 horizon=48 retrieval=raw_euclidean_3_online
2026-08-15T01:32:12+02:00 skip complete family=extraction dataset=ETTm2 model=chronos2 lags=504 horizon=168 retrieval=vanilla run=/home/h61084/codes/adapts/outputs/extraction/ETTm2/504_168/chronos2/none/none/0/none/run_0

2026-08-15T01:32:12+02:00 extraction start configuration=24/30 dataset=ETTm2 model=chronos2 lags=504 horizon=168 retrieval=raw_euclidean_3_online run=/home/h61084/codes/adapts/outputs/extraction/ETTm2/504_168/chronos2/raw/euclidean/3/online/run_0 computation_signature=f950012cde596923c8bc29af15d4fbdf0cfb320f807a1363ad6f087805427bb4 period=96 align_period=false datastore_stride=25 adapt_stride=25 eval_stride=127 max_store_windows=30000 seed=1
2026-08-15 01:32:14,901 INFO [__main__] ========================================================================
2026-08-15 01:32:14,901 INFO [__main__] experiment start kind=extraction dataset=ETTm2 model=chronos2 lags=504 horizon=168 neighbors=3 distance=raw/euclidean
2026-08-15 01:32:15,180 INFO [__main__] dataset load start
2026-08-15 01:32:15,181 INFO [src.data.load_dataset] loaded dataset config path=/home/h61084/codes/datasets/ETTm2/config.json keys=['aggr', 'date_col', 'drop_users']
2026-08-15 01:32:15,278 INFO [__main__] dataset load done dates=69680 users=7
2026-08-15 01:32:15,278 INFO [__main__] model load start
2026-08-15 01:32:26,818 INFO [__main__] model load done name=chronos2 device=cuda parameters_total=119,477,664 parameters_trainable=0
2026-08-15 01:32:26,825 INFO [__main__] extraction start split=adapt queries=1387
2026-08-15 01:36:07,217 INFO [__main__] extraction done split=adapt
2026-08-15 01:36:07,217 INFO [__main__] extraction start split=eval queries=109
2026-08-15 01:36:24,653 INFO [__main__] extraction done split=eval
2026-08-15 01:36:25,358 INFO [__main__] completion marker saved path=/home/h61084/codes/adapts/outputs/extraction/ETTm2/504_168/chronos2/raw/euclidean/3/online/run_0/extraction_manifest.json
2026-08-15 01:36:25,358 INFO [__main__] outputs saved dir=/home/h61084/codes/adapts/outputs/extraction/ETTm2/504_168/chronos2/raw/euclidean/3/online/run_0
2026-08-15 01:36:25,358 INFO [__main__] experiment done seconds=250.45
2026-08-15 01:36:25,358 INFO [__main__] ========================================================================
2026-08-15 01:36:28,525 INFO [__main__] extraction validation directory=/home/h61084/codes/adapts/outputs/extraction/ETTm2/504_168/chronos2/raw/euclidean/3/online/run_0 status=complete
2026-08-15T01:36:28+02:00 extraction done configuration=24/30 dataset=ETTm2 model=chronos2 lags=504 horizon=168 retrieval=raw_euclidean_3_online
2026-08-15T01:36:29+02:00 skip complete family=extraction dataset=Weather model=chronos2 lags=168 horizon=24 retrieval=vanilla run=/home/h61084/codes/adapts/outputs/extraction/Weather/168_24/chronos2/none/none/0/none/run_0

2026-08-15T01:36:29+02:00 extraction start configuration=26/30 dataset=Weather model=chronos2 lags=168 horizon=24 retrieval=raw_euclidean_3_online run=/home/h61084/codes/adapts/outputs/extraction/Weather/168_24/chronos2/raw/euclidean/3/online/run_0 computation_signature=9d0f08e5f2b130330fc9057656b28b858ba23f4d60bda8abe44aad5fdcda47a4 period=24 align_period=false datastore_stride=25 adapt_stride=25 eval_stride=127 max_store_windows=30000 seed=1
2026-08-15 01:36:31,463 INFO [__main__] ========================================================================
2026-08-15 01:36:31,463 INFO [__main__] experiment start kind=extraction dataset=Weather model=chronos2 lags=168 horizon=24 neighbors=3 distance=raw/euclidean
2026-08-15 01:36:31,705 INFO [__main__] dataset load start
2026-08-15 01:36:31,706 INFO [src.data.load_dataset] loaded dataset config path=/home/h61084/codes/datasets/weather/config.json keys=['aggr', 'aggr_period', 'date_col', 'drop_users']
2026-08-15 01:36:31,805 INFO [__main__] dataset load done dates=8784 users=17
2026-08-15 01:36:31,805 INFO [__main__] model load start
2026-08-15 01:36:43,276 INFO [__main__] model load done name=chronos2 device=cuda parameters_total=119,477,664 parameters_trainable=0
2026-08-15 01:36:43,277 INFO [__main__] extraction start split=adapt queries=175
2026-08-15 01:37:03,204 INFO [__main__] extraction done split=adapt
2026-08-15 01:37:03,204 INFO [__main__] extraction start split=eval queries=14
2026-08-15 01:37:04,537 INFO [__main__] extraction done split=eval
2026-08-15 01:37:05,129 INFO [__main__] completion marker saved path=/home/h61084/codes/adapts/outputs/extraction/Weather/168_24/chronos2/raw/euclidean/3/online/run_0/extraction_manifest.json
2026-08-15 01:37:05,130 INFO [__main__] outputs saved dir=/home/h61084/codes/adapts/outputs/extraction/Weather/168_24/chronos2/raw/euclidean/3/online/run_0
2026-08-15 01:37:05,130 INFO [__main__] experiment done seconds=33.66
2026-08-15 01:37:05,130 INFO [__main__] ========================================================================
2026-08-15 01:37:07,820 INFO [__main__] extraction validation directory=/home/h61084/codes/adapts/outputs/extraction/Weather/168_24/chronos2/raw/euclidean/3/online/run_0 status=complete
2026-08-15T01:37:08+02:00 extraction done configuration=26/30 dataset=Weather model=chronos2 lags=168 horizon=24 retrieval=raw_euclidean_3_online
2026-08-15T01:37:08+02:00 skip complete family=extraction dataset=Weather model=chronos2 lags=336 horizon=48 retrieval=vanilla run=/home/h61084/codes/adapts/outputs/extraction/Weather/336_48/chronos2/none/none/0/none/run_0

2026-08-15T01:37:08+02:00 extraction start configuration=28/30 dataset=Weather model=chronos2 lags=336 horizon=48 retrieval=raw_euclidean_3_online run=/home/h61084/codes/adapts/outputs/extraction/Weather/336_48/chronos2/raw/euclidean/3/online/run_0 computation_signature=c00eb1caf47e53628d6bb2e4d389d60c66968fad14e62b99599e5500a0079d27 period=24 align_period=false datastore_stride=25 adapt_stride=25 eval_stride=127 max_store_windows=30000 seed=1
2026-08-15 01:37:10,885 INFO [__main__] ========================================================================
2026-08-15 01:37:10,885 INFO [__main__] experiment start kind=extraction dataset=Weather model=chronos2 lags=336 horizon=48 neighbors=3 distance=raw/euclidean
2026-08-15 01:37:11,177 INFO [__main__] dataset load start
2026-08-15 01:37:11,179 INFO [src.data.load_dataset] loaded dataset config path=/home/h61084/codes/datasets/weather/config.json keys=['aggr', 'aggr_period', 'date_col', 'drop_users']
2026-08-15 01:37:11,278 INFO [__main__] dataset load done dates=8784 users=17
2026-08-15 01:37:11,278 INFO [__main__] model load start
2026-08-15 01:37:19,117 INFO [__main__] model load done name=chronos2 device=cuda parameters_total=119,477,664 parameters_trainable=0
2026-08-15 01:37:19,118 INFO [__main__] extraction start split=adapt queries=174
2026-08-15 01:37:39,139 INFO [__main__] extraction done split=adapt
2026-08-15 01:37:39,139 INFO [__main__] extraction start split=eval queries=14
2026-08-15 01:37:40,563 INFO [__main__] extraction done split=eval
2026-08-15 01:37:41,199 INFO [__main__] completion marker saved path=/home/h61084/codes/adapts/outputs/extraction/Weather/336_48/chronos2/raw/euclidean/3/online/run_0/extraction_manifest.json
2026-08-15 01:37:41,199 INFO [__main__] outputs saved dir=/home/h61084/codes/adapts/outputs/extraction/Weather/336_48/chronos2/raw/euclidean/3/online/run_0
2026-08-15 01:37:41,199 INFO [__main__] experiment done seconds=30.31
2026-08-15 01:37:41,199 INFO [__main__] ========================================================================
2026-08-15 01:37:44,166 INFO [__main__] extraction validation directory=/home/h61084/codes/adapts/outputs/extraction/Weather/336_48/chronos2/raw/euclidean/3/online/run_0 status=complete
2026-08-15T01:37:44+02:00 extraction done configuration=28/30 dataset=Weather model=chronos2 lags=336 horizon=48 retrieval=raw_euclidean_3_online
2026-08-15T01:37:44+02:00 skip complete family=extraction dataset=Weather model=chronos2 lags=504 horizon=168 retrieval=vanilla run=/home/h61084/codes/adapts/outputs/extraction/Weather/504_168/chronos2/none/none/0/none/run_0

2026-08-15T01:37:44+02:00 extraction start configuration=30/30 dataset=Weather model=chronos2 lags=504 horizon=168 retrieval=raw_euclidean_3_online run=/home/h61084/codes/adapts/outputs/extraction/Weather/504_168/chronos2/raw/euclidean/3/online/run_0 computation_signature=f6eb2a52bb3ed9bcd73184c350e9d2feaffe4055cd030130c9f42fd64884b183 period=24 align_period=false datastore_stride=25 adapt_stride=25 eval_stride=127 max_store_windows=30000 seed=1
2026-08-15 01:37:47,195 INFO [__main__] ========================================================================
2026-08-15 01:37:47,195 INFO [__main__] experiment start kind=extraction dataset=Weather model=chronos2 lags=504 horizon=168 neighbors=3 distance=raw/euclidean
2026-08-15 01:37:47,502 INFO [__main__] dataset load start
2026-08-15 01:37:47,503 INFO [src.data.load_dataset] loaded dataset config path=/home/h61084/codes/datasets/weather/config.json keys=['aggr', 'aggr_period', 'date_col', 'drop_users']
2026-08-15 01:37:47,602 INFO [__main__] dataset load done dates=8784 users=17
2026-08-15 01:37:47,602 INFO [__main__] model load start
2026-08-15 01:37:58,510 INFO [__main__] model load done name=chronos2 device=cuda parameters_total=119,477,664 parameters_trainable=0
2026-08-15 01:37:58,511 INFO [__main__] extraction start split=adapt queries=169
2026-08-15 01:38:24,241 INFO [__main__] extraction done split=adapt
2026-08-15 01:38:24,241 INFO [__main__] extraction start split=eval queries=13
2026-08-15 01:38:26,067 INFO [__main__] extraction done split=eval
2026-08-15 01:38:26,707 INFO [__main__] completion marker saved path=/home/h61084/codes/adapts/outputs/extraction/Weather/504_168/chronos2/raw/euclidean/3/online/run_0/extraction_manifest.json
2026-08-15 01:38:26,708 INFO [__main__] outputs saved dir=/home/h61084/codes/adapts/outputs/extraction/Weather/504_168/chronos2/raw/euclidean/3/online/run_0
2026-08-15 01:38:26,708 INFO [__main__] experiment done seconds=39.51
2026-08-15 01:38:26,708 INFO [__main__] ========================================================================
2026-08-15 01:38:29,483 INFO [__main__] extraction validation directory=/home/h61084/codes/adapts/outputs/extraction/Weather/504_168/chronos2/raw/euclidean/3/online/run_0 status=complete
2026-08-15T01:38:29+02:00 extraction done configuration=30/30 dataset=Weather model=chronos2 lags=504 horizon=168 retrieval=raw_euclidean_3_online

2026-08-15T01:38:29+02:00 job done kind=adaptation_extraction output=outputs/extraction

2026-08-15T01:38:29+02:00 job start kind=baselines family=mixed_quantity_ablation experiment_mode=full skip_complete=true tasks=15 datasets=ETTh1,ETTh2,ETTm1,ETTm2,Weather models=chronos2 settings=168:24,336:48,504:168 distance_spaces=raw distance_metrics=euclidean neighbors=3 methods=full_ridge_shared results_root=outputs/adaptation/mixed_quantity_ablation
2026-08-15 01:38:31,995 INFO [__main__] extraction validation directory=/home/h61084/codes/adapts/outputs/extraction/ETTh1/168_24/chronos2/raw/euclidean/3/online/run_0 status=complete

2026-08-15T01:38:32+02:00 baselines start configuration=1/15 dataset=ETTh1 model=chronos2 formula=full_ridge_shared lags=168 horizon=24 retrieval=raw_euclidean_3_online run=/home/h61084/codes/adapts/outputs/adaptation/mixed_quantity_ablation/ETTh1/168_24/chronos2/full_ridge_shared/raw/euclidean/3/online/run_0 computation_signature=9bd74b4b636133ded0c2b7aa679007021aa11e1891f5bf1173b35ca54db6bc87 l2_grid=0,1e-6,1e-5,1e-4,1e-3,1e-2,1e-1,1,10 validation_fraction=0.2 fit_baselines_on_eval=false seed=1
2026-08-15 01:38:34,893 INFO [__main__] ========================================================================
2026-08-15 01:38:34,893 INFO [__main__] selected methods=('full_ridge_shared',)
2026-08-15 01:38:36,658 INFO [__main__] baseline selection start l2_grid=(0.0, 1e-06, 1e-05, 0.0001, 0.001, 0.01, 0.1, 1.0, 10.0)
2026-08-15 01:38:36,792 INFO [__main__] baseline selection done
2026-08-15 01:38:36,815 INFO [__main__] experiment done seconds=1.92
2026-08-15 01:38:36,815 INFO [__main__] ========================================================================
2026-08-15T01:38:37+02:00 baselines done configuration=1/15 dataset=ETTh1 model=chronos2 formula=full_ridge_shared lags=168 horizon=24 retrieval=raw_euclidean_3_online
2026-08-15 01:38:39,329 INFO [__main__] extraction validation directory=/home/h61084/codes/adapts/outputs/extraction/ETTh1/336_48/chronos2/raw/euclidean/3/online/run_0 status=complete

2026-08-15T01:38:39+02:00 baselines start configuration=2/15 dataset=ETTh1 model=chronos2 formula=full_ridge_shared lags=336 horizon=48 retrieval=raw_euclidean_3_online run=/home/h61084/codes/adapts/outputs/adaptation/mixed_quantity_ablation/ETTh1/336_48/chronos2/full_ridge_shared/raw/euclidean/3/online/run_0 computation_signature=ddb5fd251b506908bb36df4b6ca5fef776cdfeea0e1e920fb36aafa32098b720 l2_grid=0,1e-6,1e-5,1e-4,1e-3,1e-2,1e-1,1,10 validation_fraction=0.2 fit_baselines_on_eval=false seed=1
2026-08-15 01:38:42,166 INFO [__main__] ========================================================================
2026-08-15 01:38:42,166 INFO [__main__] selected methods=('full_ridge_shared',)
2026-08-15 01:38:44,034 INFO [__main__] baseline selection start l2_grid=(0.0, 1e-06, 1e-05, 0.0001, 0.001, 0.01, 0.1, 1.0, 10.0)
2026-08-15 01:38:44,194 INFO [__main__] baseline selection done
2026-08-15 01:38:44,217 INFO [__main__] experiment done seconds=2.05
2026-08-15 01:38:44,217 INFO [__main__] ========================================================================
2026-08-15T01:38:44+02:00 baselines done configuration=2/15 dataset=ETTh1 model=chronos2 formula=full_ridge_shared lags=336 horizon=48 retrieval=raw_euclidean_3_online
2026-08-15 01:38:47,077 INFO [__main__] extraction validation directory=/home/h61084/codes/adapts/outputs/extraction/ETTh1/504_168/chronos2/raw/euclidean/3/online/run_0 status=complete

2026-08-15T01:38:47+02:00 baselines start configuration=3/15 dataset=ETTh1 model=chronos2 formula=full_ridge_shared lags=504 horizon=168 retrieval=raw_euclidean_3_online run=/home/h61084/codes/adapts/outputs/adaptation/mixed_quantity_ablation/ETTh1/504_168/chronos2/full_ridge_shared/raw/euclidean/3/online/run_0 computation_signature=e9d4ff11c625560be3a518fea191a39702650e33c92bc5257446ddb83f4ee0d2 l2_grid=0,1e-6,1e-5,1e-4,1e-3,1e-2,1e-1,1,10 validation_fraction=0.2 fit_baselines_on_eval=false seed=1
2026-08-15 01:38:50,032 INFO [__main__] ========================================================================
2026-08-15 01:38:50,032 INFO [__main__] selected methods=('full_ridge_shared',)
2026-08-15 01:38:52,089 INFO [__main__] baseline selection start l2_grid=(0.0, 1e-06, 1e-05, 0.0001, 0.001, 0.01, 0.1, 1.0, 10.0)
2026-08-15 01:38:52,336 INFO [__main__] baseline selection done
2026-08-15 01:38:52,360 INFO [__main__] experiment done seconds=2.32
2026-08-15 01:38:52,360 INFO [__main__] ========================================================================
2026-08-15T01:38:52+02:00 baselines done configuration=3/15 dataset=ETTh1 model=chronos2 formula=full_ridge_shared lags=504 horizon=168 retrieval=raw_euclidean_3_online
2026-08-15 01:38:54,967 INFO [__main__] extraction validation directory=/home/h61084/codes/adapts/outputs/extraction/ETTh2/168_24/chronos2/raw/euclidean/3/online/run_0 status=complete

2026-08-15T01:38:55+02:00 baselines start configuration=4/15 dataset=ETTh2 model=chronos2 formula=full_ridge_shared lags=168 horizon=24 retrieval=raw_euclidean_3_online run=/home/h61084/codes/adapts/outputs/adaptation/mixed_quantity_ablation/ETTh2/168_24/chronos2/full_ridge_shared/raw/euclidean/3/online/run_0 computation_signature=82eba85884b1266c2a7da2a707c7ea743e30c86d0eedb8ec1e9a75e85753674d l2_grid=0,1e-6,1e-5,1e-4,1e-3,1e-2,1e-1,1,10 validation_fraction=0.2 fit_baselines_on_eval=false seed=1
2026-08-15 01:38:57,932 INFO [__main__] ========================================================================
2026-08-15 01:38:57,932 INFO [__main__] selected methods=('full_ridge_shared',)
2026-08-15 01:38:59,967 INFO [__main__] baseline selection start l2_grid=(0.0, 1e-06, 1e-05, 0.0001, 0.001, 0.01, 0.1, 1.0, 10.0)
2026-08-15 01:39:00,136 INFO [__main__] baseline selection done
2026-08-15 01:39:00,161 INFO [__main__] experiment done seconds=2.23
2026-08-15 01:39:00,161 INFO [__main__] ========================================================================
2026-08-15T01:39:00+02:00 baselines done configuration=4/15 dataset=ETTh2 model=chronos2 formula=full_ridge_shared lags=168 horizon=24 retrieval=raw_euclidean_3_online
2026-08-15 01:39:02,669 INFO [__main__] extraction validation directory=/home/h61084/codes/adapts/outputs/extraction/ETTh2/336_48/chronos2/raw/euclidean/3/online/run_0 status=complete

2026-08-15T01:39:03+02:00 baselines start configuration=5/15 dataset=ETTh2 model=chronos2 formula=full_ridge_shared lags=336 horizon=48 retrieval=raw_euclidean_3_online run=/home/h61084/codes/adapts/outputs/adaptation/mixed_quantity_ablation/ETTh2/336_48/chronos2/full_ridge_shared/raw/euclidean/3/online/run_0 computation_signature=e3df863277ab7b7c0c9af0d385d968fe431a4f44d1233511cef680026625d978 l2_grid=0,1e-6,1e-5,1e-4,1e-3,1e-2,1e-1,1,10 validation_fraction=0.2 fit_baselines_on_eval=false seed=1
2026-08-15 01:39:05,507 INFO [__main__] ========================================================================
2026-08-15 01:39:05,507 INFO [__main__] selected methods=('full_ridge_shared',)
2026-08-15 01:39:07,320 INFO [__main__] baseline selection start l2_grid=(0.0, 1e-06, 1e-05, 0.0001, 0.001, 0.01, 0.1, 1.0, 10.0)
2026-08-15 01:39:07,528 INFO [__main__] baseline selection done
2026-08-15 01:39:07,551 INFO [__main__] experiment done seconds=2.04
2026-08-15 01:39:07,551 INFO [__main__] ========================================================================
2026-08-15T01:39:08+02:00 baselines done configuration=5/15 dataset=ETTh2 model=chronos2 formula=full_ridge_shared lags=336 horizon=48 retrieval=raw_euclidean_3_online
2026-08-15 01:39:10,197 INFO [__main__] extraction validation directory=/home/h61084/codes/adapts/outputs/extraction/ETTh2/504_168/chronos2/raw/euclidean/3/online/run_0 status=complete

2026-08-15T01:39:10+02:00 baselines start configuration=6/15 dataset=ETTh2 model=chronos2 formula=full_ridge_shared lags=504 horizon=168 retrieval=raw_euclidean_3_online run=/home/h61084/codes/adapts/outputs/adaptation/mixed_quantity_ablation/ETTh2/504_168/chronos2/full_ridge_shared/raw/euclidean/3/online/run_0 computation_signature=b97c029b658543b5c4d11639967e31c4f7effa27c1ec8bcbcf4750c9049f9274 l2_grid=0,1e-6,1e-5,1e-4,1e-3,1e-2,1e-1,1,10 validation_fraction=0.2 fit_baselines_on_eval=false seed=1
2026-08-15 01:39:13,118 INFO [__main__] ========================================================================
2026-08-15 01:39:13,119 INFO [__main__] selected methods=('full_ridge_shared',)
2026-08-15 01:39:15,181 INFO [__main__] baseline selection start l2_grid=(0.0, 1e-06, 1e-05, 0.0001, 0.001, 0.01, 0.1, 1.0, 10.0)
2026-08-15 01:39:15,449 INFO [__main__] baseline selection done
2026-08-15 01:39:15,472 INFO [__main__] experiment done seconds=2.35
2026-08-15 01:39:15,472 INFO [__main__] ========================================================================
2026-08-15T01:39:15+02:00 baselines done configuration=6/15 dataset=ETTh2 model=chronos2 formula=full_ridge_shared lags=504 horizon=168 retrieval=raw_euclidean_3_online
2026-08-15 01:39:18,001 INFO [__main__] extraction validation directory=/home/h61084/codes/adapts/outputs/extraction/ETTm1/168_24/chronos2/raw/euclidean/3/online/run_0 status=complete

2026-08-15T01:39:18+02:00 baselines start configuration=7/15 dataset=ETTm1 model=chronos2 formula=full_ridge_shared lags=168 horizon=24 retrieval=raw_euclidean_3_online run=/home/h61084/codes/adapts/outputs/adaptation/mixed_quantity_ablation/ETTm1/168_24/chronos2/full_ridge_shared/raw/euclidean/3/online/run_0 computation_signature=9120a2c4f20885e7e0b0fbf1b1ed33a9ed636eaaee03160c680cde4998c29e31 l2_grid=0,1e-6,1e-5,1e-4,1e-3,1e-2,1e-1,1,10 validation_fraction=0.2 fit_baselines_on_eval=false seed=1
2026-08-15 01:39:20,900 INFO [__main__] ========================================================================
2026-08-15 01:39:20,900 INFO [__main__] selected methods=('full_ridge_shared',)
2026-08-15 01:39:23,092 INFO [__main__] baseline selection start l2_grid=(0.0, 1e-06, 1e-05, 0.0001, 0.001, 0.01, 0.1, 1.0, 10.0)
2026-08-15 01:39:23,311 INFO [__main__] baseline selection done
2026-08-15 01:39:23,335 INFO [__main__] experiment done seconds=2.43
2026-08-15 01:39:23,335 INFO [__main__] ========================================================================
2026-08-15T01:39:23+02:00 baselines done configuration=7/15 dataset=ETTm1 model=chronos2 formula=full_ridge_shared lags=168 horizon=24 retrieval=raw_euclidean_3_online
2026-08-15 01:39:25,979 INFO [__main__] extraction validation directory=/home/h61084/codes/adapts/outputs/extraction/ETTm1/336_48/chronos2/raw/euclidean/3/online/run_0 status=complete

2026-08-15T01:39:26+02:00 baselines start configuration=8/15 dataset=ETTm1 model=chronos2 formula=full_ridge_shared lags=336 horizon=48 retrieval=raw_euclidean_3_online run=/home/h61084/codes/adapts/outputs/adaptation/mixed_quantity_ablation/ETTm1/336_48/chronos2/full_ridge_shared/raw/euclidean/3/online/run_0 computation_signature=85a2075c5c695feb780c2e8219a31bedc593516a5f437862650b62a351f82751 l2_grid=0,1e-6,1e-5,1e-4,1e-3,1e-2,1e-1,1,10 validation_fraction=0.2 fit_baselines_on_eval=false seed=1
2026-08-15 01:39:28,867 INFO [__main__] ========================================================================
2026-08-15 01:39:28,867 INFO [__main__] selected methods=('full_ridge_shared',)
2026-08-15 01:39:31,558 INFO [__main__] baseline selection start l2_grid=(0.0, 1e-06, 1e-05, 0.0001, 0.001, 0.01, 0.1, 1.0, 10.0)
2026-08-15 01:39:31,863 INFO [__main__] baseline selection done
2026-08-15 01:39:31,886 INFO [__main__] experiment done seconds=3.02
2026-08-15 01:39:31,886 INFO [__main__] ========================================================================
2026-08-15T01:39:32+02:00 baselines done configuration=8/15 dataset=ETTm1 model=chronos2 formula=full_ridge_shared lags=336 horizon=48 retrieval=raw_euclidean_3_online
2026-08-15 01:39:34,558 INFO [__main__] extraction validation directory=/home/h61084/codes/adapts/outputs/extraction/ETTm1/504_168/chronos2/raw/euclidean/3/online/run_0 status=complete

2026-08-15T01:39:35+02:00 baselines start configuration=9/15 dataset=ETTm1 model=chronos2 formula=full_ridge_shared lags=504 horizon=168 retrieval=raw_euclidean_3_online run=/home/h61084/codes/adapts/outputs/adaptation/mixed_quantity_ablation/ETTm1/504_168/chronos2/full_ridge_shared/raw/euclidean/3/online/run_0 computation_signature=bf98433785d2dea2d7b849baee04a2e114cb4017cd05413b65920ef5429f31cf l2_grid=0,1e-6,1e-5,1e-4,1e-3,1e-2,1e-1,1,10 validation_fraction=0.2 fit_baselines_on_eval=false seed=1
2026-08-15 01:39:37,457 INFO [__main__] ========================================================================
2026-08-15 01:39:37,457 INFO [__main__] selected methods=('full_ridge_shared',)
2026-08-15 01:39:40,805 INFO [__main__] baseline selection start l2_grid=(0.0, 1e-06, 1e-05, 0.0001, 0.001, 0.01, 0.1, 1.0, 10.0)
2026-08-15 01:39:41,248 INFO [__main__] baseline selection done
2026-08-15 01:39:41,271 INFO [__main__] experiment done seconds=3.81
2026-08-15 01:39:41,271 INFO [__main__] ========================================================================
2026-08-15T01:39:41+02:00 baselines done configuration=9/15 dataset=ETTm1 model=chronos2 formula=full_ridge_shared lags=504 horizon=168 retrieval=raw_euclidean_3_online
2026-08-15 01:39:43,802 INFO [__main__] extraction validation directory=/home/h61084/codes/adapts/outputs/extraction/ETTm2/168_24/chronos2/raw/euclidean/3/online/run_0 status=complete

2026-08-15T01:39:44+02:00 baselines start configuration=10/15 dataset=ETTm2 model=chronos2 formula=full_ridge_shared lags=168 horizon=24 retrieval=raw_euclidean_3_online run=/home/h61084/codes/adapts/outputs/adaptation/mixed_quantity_ablation/ETTm2/168_24/chronos2/full_ridge_shared/raw/euclidean/3/online/run_0 computation_signature=d68cbd80753bd4bd3ec7df2e053acd9a8bda19b5ad5f24dda2a012df9e0d301e l2_grid=0,1e-6,1e-5,1e-4,1e-3,1e-2,1e-1,1,10 validation_fraction=0.2 fit_baselines_on_eval=false seed=1
2026-08-15 01:39:46,806 INFO [__main__] ========================================================================
2026-08-15 01:39:46,806 INFO [__main__] selected methods=('full_ridge_shared',)
2026-08-15 01:39:49,155 INFO [__main__] baseline selection start l2_grid=(0.0, 1e-06, 1e-05, 0.0001, 0.001, 0.01, 0.1, 1.0, 10.0)
2026-08-15 01:39:49,457 INFO [__main__] baseline selection done
2026-08-15 01:39:49,480 INFO [__main__] experiment done seconds=2.67
2026-08-15 01:39:49,480 INFO [__main__] ========================================================================
2026-08-15T01:39:49+02:00 baselines done configuration=10/15 dataset=ETTm2 model=chronos2 formula=full_ridge_shared lags=168 horizon=24 retrieval=raw_euclidean_3_online
2026-08-15 01:39:52,049 INFO [__main__] extraction validation directory=/home/h61084/codes/adapts/outputs/extraction/ETTm2/336_48/chronos2/raw/euclidean/3/online/run_0 status=complete

2026-08-15T01:39:52+02:00 baselines start configuration=11/15 dataset=ETTm2 model=chronos2 formula=full_ridge_shared lags=336 horizon=48 retrieval=raw_euclidean_3_online run=/home/h61084/codes/adapts/outputs/adaptation/mixed_quantity_ablation/ETTm2/336_48/chronos2/full_ridge_shared/raw/euclidean/3/online/run_0 computation_signature=4eb35975ad77ba70cdcd8d0990ba8918b43ee007ea7c0fbf65f57a5e36048a09 l2_grid=0,1e-6,1e-5,1e-4,1e-3,1e-2,1e-1,1,10 validation_fraction=0.2 fit_baselines_on_eval=false seed=1
2026-08-15 01:39:54,961 INFO [__main__] ========================================================================
2026-08-15 01:39:54,961 INFO [__main__] selected methods=('full_ridge_shared',)
2026-08-15 01:39:56,926 INFO [__main__] baseline selection start l2_grid=(0.0, 1e-06, 1e-05, 0.0001, 0.001, 0.01, 0.1, 1.0, 10.0)
2026-08-15 01:39:57,155 INFO [__main__] baseline selection done
2026-08-15 01:39:57,179 INFO [__main__] experiment done seconds=2.21
2026-08-15 01:39:57,179 INFO [__main__] ========================================================================
2026-08-15T01:39:57+02:00 baselines done configuration=11/15 dataset=ETTm2 model=chronos2 formula=full_ridge_shared lags=336 horizon=48 retrieval=raw_euclidean_3_online
2026-08-15 01:39:59,791 INFO [__main__] extraction validation directory=/home/h61084/codes/adapts/outputs/extraction/ETTm2/504_168/chronos2/raw/euclidean/3/online/run_0 status=complete

2026-08-15T01:40:00+02:00 baselines start configuration=12/15 dataset=ETTm2 model=chronos2 formula=full_ridge_shared lags=504 horizon=168 retrieval=raw_euclidean_3_online run=/home/h61084/codes/adapts/outputs/adaptation/mixed_quantity_ablation/ETTm2/504_168/chronos2/full_ridge_shared/raw/euclidean/3/online/run_0 computation_signature=169ab87b5a87ee418ace23330aa1f94fd087ffc080319df2e8984896a27dfcb1 l2_grid=0,1e-6,1e-5,1e-4,1e-3,1e-2,1e-1,1,10 validation_fraction=0.2 fit_baselines_on_eval=false seed=1
2026-08-15 01:40:02,654 INFO [__main__] ========================================================================
2026-08-15 01:40:02,654 INFO [__main__] selected methods=('full_ridge_shared',)
2026-08-15 01:40:05,623 INFO [__main__] baseline selection start l2_grid=(0.0, 1e-06, 1e-05, 0.0001, 0.001, 0.01, 0.1, 1.0, 10.0)
2026-08-15 01:40:06,006 INFO [__main__] baseline selection done
2026-08-15 01:40:06,028 INFO [__main__] experiment done seconds=3.37
2026-08-15 01:40:06,028 INFO [__main__] ========================================================================
2026-08-15T01:40:06+02:00 baselines done configuration=12/15 dataset=ETTm2 model=chronos2 formula=full_ridge_shared lags=504 horizon=168 retrieval=raw_euclidean_3_online
2026-08-15 01:40:08,567 INFO [__main__] extraction validation directory=/home/h61084/codes/adapts/outputs/extraction/Weather/168_24/chronos2/raw/euclidean/3/online/run_0 status=complete

2026-08-15T01:40:09+02:00 baselines start configuration=13/15 dataset=Weather model=chronos2 formula=full_ridge_shared lags=168 horizon=24 retrieval=raw_euclidean_3_online run=/home/h61084/codes/adapts/outputs/adaptation/mixed_quantity_ablation/Weather/168_24/chronos2/full_ridge_shared/raw/euclidean/3/online/run_0 computation_signature=86b65746466870ca3268f12c08c67c09e8f627c29e9cd72c00ded5362a98370b l2_grid=0,1e-6,1e-5,1e-4,1e-3,1e-2,1e-1,1,10 validation_fraction=0.2 fit_baselines_on_eval=false seed=1
2026-08-15 01:40:11,438 INFO [__main__] ========================================================================
2026-08-15 01:40:11,438 INFO [__main__] selected methods=('full_ridge_shared',)
2026-08-15 01:40:13,146 INFO [__main__] baseline selection start l2_grid=(0.0, 1e-06, 1e-05, 0.0001, 0.001, 0.01, 0.1, 1.0, 10.0)
2026-08-15 01:40:13,305 INFO [__main__] baseline selection done
2026-08-15 01:40:13,331 INFO [__main__] experiment done seconds=1.89
2026-08-15 01:40:13,331 INFO [__main__] ========================================================================
2026-08-15T01:40:13+02:00 baselines done configuration=13/15 dataset=Weather model=chronos2 formula=full_ridge_shared lags=168 horizon=24 retrieval=raw_euclidean_3_online
2026-08-15 01:40:15,892 INFO [__main__] extraction validation directory=/home/h61084/codes/adapts/outputs/extraction/Weather/336_48/chronos2/raw/euclidean/3/online/run_0 status=complete

2026-08-15T01:40:16+02:00 baselines start configuration=14/15 dataset=Weather model=chronos2 formula=full_ridge_shared lags=336 horizon=48 retrieval=raw_euclidean_3_online run=/home/h61084/codes/adapts/outputs/adaptation/mixed_quantity_ablation/Weather/336_48/chronos2/full_ridge_shared/raw/euclidean/3/online/run_0 computation_signature=462cfc7ebafe8e845abae46bf189303186389a208017e6357c2cc9f5f35558a9 l2_grid=0,1e-6,1e-5,1e-4,1e-3,1e-2,1e-1,1,10 validation_fraction=0.2 fit_baselines_on_eval=false seed=1
2026-08-15 01:40:18,767 INFO [__main__] ========================================================================
2026-08-15 01:40:18,767 INFO [__main__] selected methods=('full_ridge_shared',)
2026-08-15 01:40:20,528 INFO [__main__] baseline selection start l2_grid=(0.0, 1e-06, 1e-05, 0.0001, 0.001, 0.01, 0.1, 1.0, 10.0)
2026-08-15 01:40:20,686 INFO [__main__] baseline selection done
2026-08-15 01:40:20,708 INFO [__main__] experiment done seconds=1.94
2026-08-15 01:40:20,708 INFO [__main__] ========================================================================
2026-08-15T01:40:21+02:00 baselines done configuration=14/15 dataset=Weather model=chronos2 formula=full_ridge_shared lags=336 horizon=48 retrieval=raw_euclidean_3_online
2026-08-15 01:40:23,166 INFO [__main__] extraction validation directory=/home/h61084/codes/adapts/outputs/extraction/Weather/504_168/chronos2/raw/euclidean/3/online/run_0 status=complete

2026-08-15T01:40:23+02:00 baselines start configuration=15/15 dataset=Weather model=chronos2 formula=full_ridge_shared lags=504 horizon=168 retrieval=raw_euclidean_3_online run=/home/h61084/codes/adapts/outputs/adaptation/mixed_quantity_ablation/Weather/504_168/chronos2/full_ridge_shared/raw/euclidean/3/online/run_0 computation_signature=2ad754463acf9cd20e4457af01db6fe2ef2112b51203692260fba6ed5bc52888 l2_grid=0,1e-6,1e-5,1e-4,1e-3,1e-2,1e-1,1,10 validation_fraction=0.2 fit_baselines_on_eval=false seed=1
2026-08-15 01:40:26,030 INFO [__main__] ========================================================================
2026-08-15 01:40:26,030 INFO [__main__] selected methods=('full_ridge_shared',)
2026-08-15 01:40:27,912 INFO [__main__] baseline selection start l2_grid=(0.0, 1e-06, 1e-05, 0.0001, 0.001, 0.01, 0.1, 1.0, 10.0)
2026-08-15 01:40:28,160 INFO [__main__] baseline selection done
2026-08-15 01:40:28,184 INFO [__main__] experiment done seconds=2.15
2026-08-15 01:40:28,184 INFO [__main__] ========================================================================
2026-08-15T01:40:28+02:00 baselines done configuration=15/15 dataset=Weather model=chronos2 formula=full_ridge_shared lags=504 horizon=168 retrieval=raw_euclidean_3_online

2026-08-15T01:40:28+02:00 job done kind=baselines output=outputs/adaptation/mixed_quantity_ablation

2026-08-15T01:40:28+02:00 job start kind=adaptation_tables experiment_mode=full datasets=ETTh1,ETTh2,ETTm1,ETTm2,Weather models=chronos2 settings=168_24,336_48,504_168 families=baselines,gates metric=nmse distance_metrics=euclidean methods=full_ridge_shared,cov_y_ridge_shared,cov_avgy_ridge_shared,catboost_cov_regressor_shared,catboost_avgy_regressor_shared,bayes_cov_shared,bayes_avgy_shared table_kinds=full,average results_root=outputs/adaptation/mixed_quantity_ablation

2026-08-15T01:40:28+02:00 table start model=chronos2 kind=full metric=nmse split=eval decimals=2 output=/home/h61084/codes/adapts/outputs/reports/mixed_quantity_ablation/full/chronos2/full
LaTeX table written to /home/h61084/codes/adapts/outputs/reports/mixed_quantity_ablation/full/chronos2/full/baselines_results.tex
LaTeX table written to /home/h61084/codes/adapts/outputs/reports/mixed_quantity_ablation/full/chronos2/full/gates_results.tex
2026-08-15T01:40:37+02:00 table done model=chronos2 kind=full output=/home/h61084/codes/adapts/outputs/reports/mixed_quantity_ablation/full/chronos2/full

2026-08-15T01:40:37+02:00 table start model=chronos2 kind=average metric=nmse split=eval decimals=2 output=/home/h61084/codes/adapts/outputs/reports/mixed_quantity_ablation/full/chronos2/average
LaTeX table written to /home/h61084/codes/adapts/outputs/reports/mixed_quantity_ablation/full/chronos2/average/baselines_results.tex
LaTeX table written to /home/h61084/codes/adapts/outputs/reports/mixed_quantity_ablation/full/chronos2/average/gates_results.tex
LaTeX table written to /home/h61084/codes/adapts/outputs/reports/mixed_quantity_ablation/full/chronos2/average/positive_windows_results.tex
2026-08-15T01:40:44+02:00 table done model=chronos2 kind=average output=/home/h61084/codes/adapts/outputs/reports/mixed_quantity_ablation/full/chronos2/average

2026-08-15T01:40:44+02:00 baseline coefficient plots start model=chronos2 output=/home/h61084/codes/adapts/outputs/reports/mixed_quantity_ablation/full/chronos2/coefficients
Baseline coefficient outputs written: 150
Coefficient index written to /home/h61084/codes/adapts/outputs/reports/mixed_quantity_ablation/full/chronos2/coefficients/coefficient_index.csv
2026-08-15T01:40:58+02:00 baseline coefficient plots done model=chronos2 output=/home/h61084/codes/adapts/outputs/reports/mixed_quantity_ablation/full/chronos2/coefficients

2026-08-15T01:40:58+02:00 job done kind=adaptation_tables output=/home/h61084/codes/adapts/outputs/reports/mixed_quantity_ablation/full
