
2026-08-14T18:33:38+02:00 job start kind=adaptation_extraction family=offline_datastore_ablation experiment_mode=full skip_complete=true tasks=24 datasets=Electricity,Traffic,Solar,exchange_rate models=chronos2 settings=168:24,336:48,504:168 distance_spaces=raw distance_metrics=euclidean neighbors=1
2026-08-14T18:33:39+02:00 skip complete family=extraction dataset=Electricity model=chronos2 lags=168 horizon=24 retrieval=vanilla run=/home/h61084/codes/adapts/outputs/extraction/Electricity/168_24/chronos2/none/none/0/none/run_1
2026-08-14T18:33:39+02:00 skip complete family=extraction dataset=Electricity model=chronos2 lags=168 horizon=24 retrieval=raw_euclidean_1_online run=/home/h61084/codes/adapts/outputs/extraction/Electricity/168_24/chronos2/raw/euclidean/1/online/run_1
2026-08-14T18:33:39+02:00 skip complete family=extraction dataset=Electricity model=chronos2 lags=336 horizon=48 retrieval=vanilla run=/home/h61084/codes/adapts/outputs/extraction/Electricity/336_48/chronos2/none/none/0/none/run_1
2026-08-14T18:33:39+02:00 skip complete family=extraction dataset=Electricity model=chronos2 lags=336 horizon=48 retrieval=raw_euclidean_1_online run=/home/h61084/codes/adapts/outputs/extraction/Electricity/336_48/chronos2/raw/euclidean/1/online/run_1
2026-08-14T18:33:39+02:00 skip complete family=extraction dataset=Electricity model=chronos2 lags=504 horizon=168 retrieval=vanilla run=/home/h61084/codes/adapts/outputs/extraction/Electricity/504_168/chronos2/none/none/0/none/run_2
2026-08-14T18:33:39+02:00 skip complete family=extraction dataset=Electricity model=chronos2 lags=504 horizon=168 retrieval=raw_euclidean_1_online run=/home/h61084/codes/adapts/outputs/extraction/Electricity/504_168/chronos2/raw/euclidean/1/online/run_1
2026-08-14T18:33:39+02:00 skip complete family=extraction dataset=Traffic model=chronos2 lags=168 horizon=24 retrieval=vanilla run=/home/h61084/codes/adapts/outputs/extraction/Traffic/168_24/chronos2/none/none/0/none/run_1
2026-08-14T18:33:39+02:00 skip complete family=extraction dataset=Traffic model=chronos2 lags=168 horizon=24 retrieval=raw_euclidean_1_online run=/home/h61084/codes/adapts/outputs/extraction/Traffic/168_24/chronos2/raw/euclidean/1/online/run_1
2026-08-14T18:33:39+02:00 skip complete family=extraction dataset=Traffic model=chronos2 lags=336 horizon=48 retrieval=vanilla run=/home/h61084/codes/adapts/outputs/extraction/Traffic/336_48/chronos2/none/none/0/none/run_1
2026-08-14T18:33:39+02:00 skip complete family=extraction dataset=Traffic model=chronos2 lags=336 horizon=48 retrieval=raw_euclidean_1_online run=/home/h61084/codes/adapts/outputs/extraction/Traffic/336_48/chronos2/raw/euclidean/1/online/run_1
2026-08-14T18:33:39+02:00 skip complete family=extraction dataset=Traffic model=chronos2 lags=504 horizon=168 retrieval=vanilla run=/home/h61084/codes/adapts/outputs/extraction/Traffic/504_168/chronos2/none/none/0/none/run_1
2026-08-14T18:33:39+02:00 skip complete family=extraction dataset=Traffic model=chronos2 lags=504 horizon=168 retrieval=raw_euclidean_1_online run=/home/h61084/codes/adapts/outputs/extraction/Traffic/504_168/chronos2/raw/euclidean/1/online/run_1
2026-08-14T18:33:39+02:00 skip complete family=extraction dataset=Solar model=chronos2 lags=168 horizon=24 retrieval=vanilla run=/home/h61084/codes/adapts/outputs/extraction/Solar/168_24/chronos2/none/none/0/none/run_1
2026-08-14T18:33:39+02:00 skip complete family=extraction dataset=Solar model=chronos2 lags=168 horizon=24 retrieval=raw_euclidean_1_online run=/home/h61084/codes/adapts/outputs/extraction/Solar/168_24/chronos2/raw/euclidean/1/online/run_1
2026-08-14T18:33:40+02:00 skip complete family=extraction dataset=Solar model=chronos2 lags=336 horizon=48 retrieval=vanilla run=/home/h61084/codes/adapts/outputs/extraction/Solar/336_48/chronos2/none/none/0/none/run_1
2026-08-14T18:33:40+02:00 skip complete family=extraction dataset=Solar model=chronos2 lags=336 horizon=48 retrieval=raw_euclidean_1_online run=/home/h61084/codes/adapts/outputs/extraction/Solar/336_48/chronos2/raw/euclidean/1/online/run_1
2026-08-14T18:33:40+02:00 skip complete family=extraction dataset=Solar model=chronos2 lags=504 horizon=168 retrieval=vanilla run=/home/h61084/codes/adapts/outputs/extraction/Solar/504_168/chronos2/none/none/0/none/run_1
2026-08-14T18:33:40+02:00 skip complete family=extraction dataset=Solar model=chronos2 lags=504 horizon=168 retrieval=raw_euclidean_1_online run=/home/h61084/codes/adapts/outputs/extraction/Solar/504_168/chronos2/raw/euclidean/1/online/run_1
2026-08-14T18:33:40+02:00 skip complete family=extraction dataset=exchange_rate model=chronos2 lags=168 horizon=24 retrieval=vanilla run=/home/h61084/codes/adapts/outputs/extraction/exchange_rate/168_24/chronos2/none/none/0/none/run_1
2026-08-14T18:33:40+02:00 skip complete family=extraction dataset=exchange_rate model=chronos2 lags=168 horizon=24 retrieval=raw_euclidean_1_online run=/home/h61084/codes/adapts/outputs/extraction/exchange_rate/168_24/chronos2/raw/euclidean/1/online/run_1
2026-08-14T18:33:40+02:00 skip complete family=extraction dataset=exchange_rate model=chronos2 lags=336 horizon=48 retrieval=vanilla run=/home/h61084/codes/adapts/outputs/extraction/exchange_rate/336_48/chronos2/none/none/0/none/run_1
2026-08-14T18:33:40+02:00 skip complete family=extraction dataset=exchange_rate model=chronos2 lags=336 horizon=48 retrieval=raw_euclidean_1_online run=/home/h61084/codes/adapts/outputs/extraction/exchange_rate/336_48/chronos2/raw/euclidean/1/online/run_1
2026-08-14T18:33:40+02:00 skip complete family=extraction dataset=exchange_rate model=chronos2 lags=504 horizon=168 retrieval=vanilla run=/home/h61084/codes/adapts/outputs/extraction/exchange_rate/504_168/chronos2/none/none/0/none/run_1
2026-08-14T18:33:40+02:00 skip complete family=extraction dataset=exchange_rate model=chronos2 lags=504 horizon=168 retrieval=raw_euclidean_1_online run=/home/h61084/codes/adapts/outputs/extraction/exchange_rate/504_168/chronos2/raw/euclidean/1/online/run_1

2026-08-14T18:33:40+02:00 job done kind=adaptation_extraction output=outputs/extraction

2026-08-14T18:33:40+02:00 job start kind=gates family=offline_datastore_ablation experiment_mode=full skip_complete=true tasks=12 datasets=Electricity,Traffic,Solar,exchange_rate models=chronos2 settings=168:24,336:48,504:168 distance_spaces=raw distance_metrics=euclidean neighbors=1 methods=catboost_cov_regressor_shared,bayes_cov_shared task_type=CPU thread_count=2 horizon_fits=serial allocated_cpus=16 results_root=outputs/adaptation/offline_datastore_ablation
2026-08-14 18:33:42,941 INFO [__main__] extraction validation directory=/home/h61084/codes/adapts/outputs/extraction/Electricity/168_24/chronos2/raw/euclidean/1/online/run_1 status=complete

2026-08-14T18:33:43+02:00 gates start configuration=1/12 dataset=Electricity model=chronos2 formula=catboost_cov_regressor_shared lags=168 horizon=24 retrieval=raw_euclidean_1_online run=/home/h61084/codes/adapts/outputs/adaptation/offline_datastore_ablation/Electricity/168_24/chronos2/catboost_cov_regressor_shared/raw/euclidean/1/online/run_0 computation_signature=badb25561838f1855f6a509289fd6cce45a1c6434920550b366125ebc3b61844 iterations=300 learning_rate=0.03 depth=4 early_stopping_rounds=50 task_type=CPU thread_count=2 validation_fraction=0.2 seed=1
2026-08-14 18:33:46,041 INFO [__main__] ========================================================================
2026-08-14 18:33:46,041 INFO [__main__] selected methods=('catboost_cov_regressor_shared',)
2026-08-14 18:33:48,619 INFO [__main__] gate fitting start candidate=cov
2026-08-14 18:33:50,875 INFO [__main__] gate fitting done candidate=cov
2026-08-14 18:33:51,545 INFO [__main__] experiment done seconds=5.50
2026-08-14 18:33:51,545 INFO [__main__] ========================================================================
2026-08-14T18:33:52+02:00 gates done configuration=1/12 dataset=Electricity model=chronos2 formula=catboost_cov_regressor_shared lags=168 horizon=24 retrieval=raw_euclidean_1_online

2026-08-14T18:33:52+02:00 gates start configuration=1/12 dataset=Electricity model=chronos2 formula=bayes_cov_shared lags=168 horizon=24 retrieval=raw_euclidean_1_online run=/home/h61084/codes/adapts/outputs/adaptation/offline_datastore_ablation/Electricity/168_24/chronos2/bayes_cov_shared/raw/euclidean/1/online/run_0 computation_signature=a3790a645477aa84ba483a496fbce178cf1e12592ce53e8ae57b4ce905f97d17 iterations=300 learning_rate=0.03 depth=4 early_stopping_rounds=50 task_type=CPU thread_count=2 validation_fraction=0.2 seed=1
2026-08-14 18:33:54,903 INFO [__main__] ========================================================================
2026-08-14 18:33:54,903 INFO [__main__] selected methods=('bayes_cov_shared',)
2026-08-14 18:33:57,761 INFO [__main__] gate fitting start candidate=cov
2026-08-14 18:33:57,978 INFO [__main__] gate fitting done candidate=cov
2026-08-14 18:33:58,014 INFO [__main__] experiment done seconds=3.11
2026-08-14 18:33:58,015 INFO [__main__] ========================================================================
2026-08-14T18:33:58+02:00 gates done configuration=1/12 dataset=Electricity model=chronos2 formula=bayes_cov_shared lags=168 horizon=24 retrieval=raw_euclidean_1_online
2026-08-14 18:34:00,805 INFO [__main__] extraction validation directory=/home/h61084/codes/adapts/outputs/extraction/Electricity/336_48/chronos2/raw/euclidean/1/online/run_1 status=complete

2026-08-14T18:34:01+02:00 gates start configuration=2/12 dataset=Electricity model=chronos2 formula=catboost_cov_regressor_shared lags=336 horizon=48 retrieval=raw_euclidean_1_online run=/home/h61084/codes/adapts/outputs/adaptation/offline_datastore_ablation/Electricity/336_48/chronos2/catboost_cov_regressor_shared/raw/euclidean/1/online/run_0 computation_signature=b7ab2200125d3233e08a442d14aabac22087916423f94ccb1cd0a731de34d908 iterations=300 learning_rate=0.03 depth=4 early_stopping_rounds=50 task_type=CPU thread_count=2 validation_fraction=0.2 seed=1
2026-08-14 18:34:03,887 INFO [__main__] ========================================================================
2026-08-14 18:34:03,887 INFO [__main__] selected methods=('catboost_cov_regressor_shared',)
2026-08-14 18:34:06,851 INFO [__main__] gate fitting start candidate=cov
2026-08-14 18:34:09,407 INFO [__main__] gate fitting done candidate=cov
2026-08-14 18:34:09,990 INFO [__main__] experiment done seconds=6.10
2026-08-14 18:34:09,990 INFO [__main__] ========================================================================
2026-08-14T18:34:10+02:00 gates done configuration=2/12 dataset=Electricity model=chronos2 formula=catboost_cov_regressor_shared lags=336 horizon=48 retrieval=raw_euclidean_1_online

2026-08-14T18:34:10+02:00 gates start configuration=2/12 dataset=Electricity model=chronos2 formula=bayes_cov_shared lags=336 horizon=48 retrieval=raw_euclidean_1_online run=/home/h61084/codes/adapts/outputs/adaptation/offline_datastore_ablation/Electricity/336_48/chronos2/bayes_cov_shared/raw/euclidean/1/online/run_0 computation_signature=6be6a88f9b51633ad29b9106632d181bb268dd83d668fd393ed7128a72b344f5 iterations=300 learning_rate=0.03 depth=4 early_stopping_rounds=50 task_type=CPU thread_count=2 validation_fraction=0.2 seed=1
2026-08-14 18:34:13,163 INFO [__main__] ========================================================================
2026-08-14 18:34:13,163 INFO [__main__] selected methods=('bayes_cov_shared',)
2026-08-14 18:34:16,261 INFO [__main__] gate fitting start candidate=cov
2026-08-14 18:34:16,712 INFO [__main__] gate fitting done candidate=cov
2026-08-14 18:34:16,742 INFO [__main__] experiment done seconds=3.58
2026-08-14 18:34:16,742 INFO [__main__] ========================================================================
2026-08-14T18:34:17+02:00 gates done configuration=2/12 dataset=Electricity model=chronos2 formula=bayes_cov_shared lags=336 horizon=48 retrieval=raw_euclidean_1_online
2026-08-14 18:34:19,627 INFO [__main__] extraction validation directory=/home/h61084/codes/adapts/outputs/extraction/Electricity/504_168/chronos2/raw/euclidean/1/online/run_1 status=complete

2026-08-14T18:34:20+02:00 gates start configuration=3/12 dataset=Electricity model=chronos2 formula=catboost_cov_regressor_shared lags=504 horizon=168 retrieval=raw_euclidean_1_online run=/home/h61084/codes/adapts/outputs/adaptation/offline_datastore_ablation/Electricity/504_168/chronos2/catboost_cov_regressor_shared/raw/euclidean/1/online/run_0 computation_signature=2ed2c29d61ccc96316a8ab3cac80f302fed5124aaa6099ed93301e263aa9dcb4 iterations=300 learning_rate=0.03 depth=4 early_stopping_rounds=50 task_type=CPU thread_count=2 validation_fraction=0.2 seed=1
2026-08-14 18:34:22,423 INFO [__main__] ========================================================================
2026-08-14 18:34:22,423 INFO [__main__] selected methods=('catboost_cov_regressor_shared',)
2026-08-14 18:34:27,001 INFO [__main__] gate fitting start candidate=cov
2026-08-14 18:34:30,448 INFO [__main__] gate fitting done candidate=cov
2026-08-14 18:34:31,082 INFO [__main__] experiment done seconds=8.66
2026-08-14 18:34:31,082 INFO [__main__] ========================================================================
2026-08-14T18:34:31+02:00 gates done configuration=3/12 dataset=Electricity model=chronos2 formula=catboost_cov_regressor_shared lags=504 horizon=168 retrieval=raw_euclidean_1_online

2026-08-14T18:34:31+02:00 gates start configuration=3/12 dataset=Electricity model=chronos2 formula=bayes_cov_shared lags=504 horizon=168 retrieval=raw_euclidean_1_online run=/home/h61084/codes/adapts/outputs/adaptation/offline_datastore_ablation/Electricity/504_168/chronos2/bayes_cov_shared/raw/euclidean/1/online/run_0 computation_signature=a2a8c8e0f977de958e4a28e9c3d00809d2663d1c1b96c42af00352cd40ab75de iterations=300 learning_rate=0.03 depth=4 early_stopping_rounds=50 task_type=CPU thread_count=2 validation_fraction=0.2 seed=1
2026-08-14 18:34:34,420 INFO [__main__] ========================================================================
2026-08-14 18:34:34,420 INFO [__main__] selected methods=('bayes_cov_shared',)
2026-08-14 18:34:39,116 INFO [__main__] gate fitting start candidate=cov
2026-08-14 18:34:40,031 INFO [__main__] gate fitting done candidate=cov
2026-08-14 18:34:40,064 INFO [__main__] experiment done seconds=5.64
2026-08-14 18:34:40,064 INFO [__main__] ========================================================================
2026-08-14T18:34:40+02:00 gates done configuration=3/12 dataset=Electricity model=chronos2 formula=bayes_cov_shared lags=504 horizon=168 retrieval=raw_euclidean_1_online
2026-08-14 18:34:42,708 INFO [__main__] extraction validation directory=/home/h61084/codes/adapts/outputs/extraction/Traffic/168_24/chronos2/raw/euclidean/1/online/run_1 status=complete

2026-08-14T18:34:43+02:00 gates start configuration=4/12 dataset=Traffic model=chronos2 formula=catboost_cov_regressor_shared lags=168 horizon=24 retrieval=raw_euclidean_1_online run=/home/h61084/codes/adapts/outputs/adaptation/offline_datastore_ablation/Traffic/168_24/chronos2/catboost_cov_regressor_shared/raw/euclidean/1/online/run_0 computation_signature=a7d61d3ce5edf3d51cdbf1b4207d73a1c1cdf05a62c49fd8597041a4e80715c4 iterations=300 learning_rate=0.03 depth=4 early_stopping_rounds=50 task_type=CPU thread_count=2 validation_fraction=0.2 seed=1
2026-08-14 18:34:45,642 INFO [__main__] ========================================================================
2026-08-14 18:34:45,642 INFO [__main__] selected methods=('catboost_cov_regressor_shared',)
2026-08-14 18:34:48,629 INFO [__main__] gate fitting start candidate=cov
2026-08-14 18:34:57,222 INFO [__main__] gate fitting done candidate=cov
2026-08-14 18:34:57,860 INFO [__main__] experiment done seconds=12.21
2026-08-14 18:34:57,860 INFO [__main__] ========================================================================
2026-08-14T18:34:58+02:00 gates done configuration=4/12 dataset=Traffic model=chronos2 formula=catboost_cov_regressor_shared lags=168 horizon=24 retrieval=raw_euclidean_1_online

2026-08-14T18:34:58+02:00 gates start configuration=4/12 dataset=Traffic model=chronos2 formula=bayes_cov_shared lags=168 horizon=24 retrieval=raw_euclidean_1_online run=/home/h61084/codes/adapts/outputs/adaptation/offline_datastore_ablation/Traffic/168_24/chronos2/bayes_cov_shared/raw/euclidean/1/online/run_0 computation_signature=b23ebee0c7af1bf8696b7c651b8ca9cae578ea93f231f1dbed3bb3bdccef83e0 iterations=300 learning_rate=0.03 depth=4 early_stopping_rounds=50 task_type=CPU thread_count=2 validation_fraction=0.2 seed=1
2026-08-14 18:35:01,143 INFO [__main__] ========================================================================
2026-08-14 18:35:01,143 INFO [__main__] selected methods=('bayes_cov_shared',)
2026-08-14 18:35:04,604 INFO [__main__] gate fitting start candidate=cov
2026-08-14 18:35:04,909 INFO [__main__] gate fitting done candidate=cov
2026-08-14 18:35:04,940 INFO [__main__] experiment done seconds=3.79
2026-08-14 18:35:04,940 INFO [__main__] ========================================================================
2026-08-14T18:35:05+02:00 gates done configuration=4/12 dataset=Traffic model=chronos2 formula=bayes_cov_shared lags=168 horizon=24 retrieval=raw_euclidean_1_online
2026-08-14 18:35:07,608 INFO [__main__] extraction validation directory=/home/h61084/codes/adapts/outputs/extraction/Traffic/336_48/chronos2/raw/euclidean/1/online/run_1 status=complete

2026-08-14T18:35:08+02:00 gates start configuration=5/12 dataset=Traffic model=chronos2 formula=catboost_cov_regressor_shared lags=336 horizon=48 retrieval=raw_euclidean_1_online run=/home/h61084/codes/adapts/outputs/adaptation/offline_datastore_ablation/Traffic/336_48/chronos2/catboost_cov_regressor_shared/raw/euclidean/1/online/run_0 computation_signature=8ab3bd3ebb695583094c95f54f6f4196899fe174e89888fc6d33a578d05eb7b5 iterations=300 learning_rate=0.03 depth=4 early_stopping_rounds=50 task_type=CPU thread_count=2 validation_fraction=0.2 seed=1
2026-08-14 18:35:10,678 INFO [__main__] ========================================================================
2026-08-14 18:35:10,678 INFO [__main__] selected methods=('catboost_cov_regressor_shared',)
2026-08-14 18:35:14,771 INFO [__main__] gate fitting start candidate=cov
2026-08-14 18:35:22,327 INFO [__main__] gate fitting done candidate=cov
2026-08-14 18:35:22,904 INFO [__main__] experiment done seconds=12.22
2026-08-14 18:35:22,904 INFO [__main__] ========================================================================
2026-08-14T18:35:23+02:00 gates done configuration=5/12 dataset=Traffic model=chronos2 formula=catboost_cov_regressor_shared lags=336 horizon=48 retrieval=raw_euclidean_1_online

2026-08-14T18:35:23+02:00 gates start configuration=5/12 dataset=Traffic model=chronos2 formula=bayes_cov_shared lags=336 horizon=48 retrieval=raw_euclidean_1_online run=/home/h61084/codes/adapts/outputs/adaptation/offline_datastore_ablation/Traffic/336_48/chronos2/bayes_cov_shared/raw/euclidean/1/online/run_0 computation_signature=1ced2991c8450d61b92ecae87e048ce3701e820abcd6a3e192a3cd8f9b16250e iterations=300 learning_rate=0.03 depth=4 early_stopping_rounds=50 task_type=CPU thread_count=2 validation_fraction=0.2 seed=1
2026-08-14 18:35:26,022 INFO [__main__] ========================================================================
2026-08-14 18:35:26,022 INFO [__main__] selected methods=('bayes_cov_shared',)
2026-08-14 18:35:29,883 INFO [__main__] gate fitting start candidate=cov
2026-08-14 18:35:30,408 INFO [__main__] gate fitting done candidate=cov
2026-08-14 18:35:30,437 INFO [__main__] experiment done seconds=4.41
2026-08-14 18:35:30,437 INFO [__main__] ========================================================================
2026-08-14T18:35:30+02:00 gates done configuration=5/12 dataset=Traffic model=chronos2 formula=bayes_cov_shared lags=336 horizon=48 retrieval=raw_euclidean_1_online
2026-08-14 18:35:33,297 INFO [__main__] extraction validation directory=/home/h61084/codes/adapts/outputs/extraction/Traffic/504_168/chronos2/raw/euclidean/1/online/run_1 status=complete

2026-08-14T18:35:33+02:00 gates start configuration=6/12 dataset=Traffic model=chronos2 formula=catboost_cov_regressor_shared lags=504 horizon=168 retrieval=raw_euclidean_1_online run=/home/h61084/codes/adapts/outputs/adaptation/offline_datastore_ablation/Traffic/504_168/chronos2/catboost_cov_regressor_shared/raw/euclidean/1/online/run_0 computation_signature=6fc4e03352b16491019e511b075d516b70a67bae4c823c94cefe2c2b1f54213f iterations=300 learning_rate=0.03 depth=4 early_stopping_rounds=50 task_type=CPU thread_count=2 validation_fraction=0.2 seed=1
2026-08-14 18:35:36,912 INFO [__main__] ========================================================================
2026-08-14 18:35:36,912 INFO [__main__] selected methods=('catboost_cov_regressor_shared',)
2026-08-14 18:35:43,809 INFO [__main__] gate fitting start candidate=cov
2026-08-14 18:35:54,576 INFO [__main__] gate fitting done candidate=cov
2026-08-14 18:35:55,321 INFO [__main__] experiment done seconds=18.41
2026-08-14 18:35:55,321 INFO [__main__] ========================================================================
2026-08-14T18:35:56+02:00 gates done configuration=6/12 dataset=Traffic model=chronos2 formula=catboost_cov_regressor_shared lags=504 horizon=168 retrieval=raw_euclidean_1_online

2026-08-14T18:35:56+02:00 gates start configuration=6/12 dataset=Traffic model=chronos2 formula=bayes_cov_shared lags=504 horizon=168 retrieval=raw_euclidean_1_online run=/home/h61084/codes/adapts/outputs/adaptation/offline_datastore_ablation/Traffic/504_168/chronos2/bayes_cov_shared/raw/euclidean/1/online/run_0 computation_signature=2e78860e277d056c4e82e62e4c1378374a4ad0d4810c3420a8b38b9c8cb5a11c iterations=300 learning_rate=0.03 depth=4 early_stopping_rounds=50 task_type=CPU thread_count=2 validation_fraction=0.2 seed=1
2026-08-14 18:35:59,094 INFO [__main__] ========================================================================
2026-08-14 18:35:59,094 INFO [__main__] selected methods=('bayes_cov_shared',)
2026-08-14 18:36:06,278 INFO [__main__] gate fitting start candidate=cov
2026-08-14 18:36:07,941 INFO [__main__] gate fitting done candidate=cov
2026-08-14 18:36:07,973 INFO [__main__] experiment done seconds=8.87
2026-08-14 18:36:07,973 INFO [__main__] ========================================================================
2026-08-14T18:36:08+02:00 gates done configuration=6/12 dataset=Traffic model=chronos2 formula=bayes_cov_shared lags=504 horizon=168 retrieval=raw_euclidean_1_online
2026-08-14 18:36:11,222 INFO [__main__] extraction validation directory=/home/h61084/codes/adapts/outputs/extraction/Solar/168_24/chronos2/raw/euclidean/1/online/run_1 status=complete

2026-08-14T18:36:11+02:00 gates start configuration=7/12 dataset=Solar model=chronos2 formula=catboost_cov_regressor_shared lags=168 horizon=24 retrieval=raw_euclidean_1_online run=/home/h61084/codes/adapts/outputs/adaptation/offline_datastore_ablation/Solar/168_24/chronos2/catboost_cov_regressor_shared/raw/euclidean/1/online/run_0 computation_signature=a68bce6a2716331b0c20082924b3b795042bd4bbf3fb04e09c2886123d082e35 iterations=300 learning_rate=0.03 depth=4 early_stopping_rounds=50 task_type=CPU thread_count=2 validation_fraction=0.2 seed=1
2026-08-14 18:36:14,390 INFO [__main__] ========================================================================
2026-08-14 18:36:14,390 INFO [__main__] selected methods=('catboost_cov_regressor_shared',)
2026-08-14 18:36:16,166 INFO [__main__] gate fitting start candidate=cov
2026-08-14 18:36:17,738 INFO [__main__] gate fitting done candidate=cov
2026-08-14 18:36:18,435 INFO [__main__] experiment done seconds=4.04
2026-08-14 18:36:18,435 INFO [__main__] ========================================================================
2026-08-14T18:36:19+02:00 gates done configuration=7/12 dataset=Solar model=chronos2 formula=catboost_cov_regressor_shared lags=168 horizon=24 retrieval=raw_euclidean_1_online

2026-08-14T18:36:19+02:00 gates start configuration=7/12 dataset=Solar model=chronos2 formula=bayes_cov_shared lags=168 horizon=24 retrieval=raw_euclidean_1_online run=/home/h61084/codes/adapts/outputs/adaptation/offline_datastore_ablation/Solar/168_24/chronos2/bayes_cov_shared/raw/euclidean/1/online/run_0 computation_signature=df8e0294cdc0aa6fc2e410ce51fcd01313bab3b383a22dfcc6619707b34f71c3 iterations=300 learning_rate=0.03 depth=4 early_stopping_rounds=50 task_type=CPU thread_count=2 validation_fraction=0.2 seed=1
2026-08-14 18:36:22,241 INFO [__main__] ========================================================================
2026-08-14 18:36:22,241 INFO [__main__] selected methods=('bayes_cov_shared',)
2026-08-14 18:36:24,411 INFO [__main__] gate fitting start candidate=cov
2026-08-14 18:36:24,519 INFO [__main__] gate fitting done candidate=cov
2026-08-14 18:36:24,556 INFO [__main__] experiment done seconds=2.31
2026-08-14 18:36:24,556 INFO [__main__] ========================================================================
2026-08-14T18:36:25+02:00 gates done configuration=7/12 dataset=Solar model=chronos2 formula=bayes_cov_shared lags=168 horizon=24 retrieval=raw_euclidean_1_online
2026-08-14 18:36:27,365 INFO [__main__] extraction validation directory=/home/h61084/codes/adapts/outputs/extraction/Solar/336_48/chronos2/raw/euclidean/1/online/run_1 status=complete

2026-08-14T18:36:27+02:00 gates start configuration=8/12 dataset=Solar model=chronos2 formula=catboost_cov_regressor_shared lags=336 horizon=48 retrieval=raw_euclidean_1_online run=/home/h61084/codes/adapts/outputs/adaptation/offline_datastore_ablation/Solar/336_48/chronos2/catboost_cov_regressor_shared/raw/euclidean/1/online/run_0 computation_signature=0807d2935855630aabc49e0ad148467b18775489e3a51c5c3610d29852c068b4 iterations=300 learning_rate=0.03 depth=4 early_stopping_rounds=50 task_type=CPU thread_count=2 validation_fraction=0.2 seed=1
2026-08-14 18:36:30,427 INFO [__main__] ========================================================================
2026-08-14 18:36:30,427 INFO [__main__] selected methods=('catboost_cov_regressor_shared',)
2026-08-14 18:36:32,223 INFO [__main__] gate fitting start candidate=cov
2026-08-14 18:36:33,650 INFO [__main__] gate fitting done candidate=cov
2026-08-14 18:36:34,224 INFO [__main__] experiment done seconds=3.79
2026-08-14 18:36:34,224 INFO [__main__] ========================================================================
2026-08-14T18:36:34+02:00 gates done configuration=8/12 dataset=Solar model=chronos2 formula=catboost_cov_regressor_shared lags=336 horizon=48 retrieval=raw_euclidean_1_online

2026-08-14T18:36:35+02:00 gates start configuration=8/12 dataset=Solar model=chronos2 formula=bayes_cov_shared lags=336 horizon=48 retrieval=raw_euclidean_1_online run=/home/h61084/codes/adapts/outputs/adaptation/offline_datastore_ablation/Solar/336_48/chronos2/bayes_cov_shared/raw/euclidean/1/online/run_0 computation_signature=2d8774c788eca5b853482d74faff82de6dfcf6fee18108f6f6da27b10463469e iterations=300 learning_rate=0.03 depth=4 early_stopping_rounds=50 task_type=CPU thread_count=2 validation_fraction=0.2 seed=1
2026-08-14 18:36:37,612 INFO [__main__] ========================================================================
2026-08-14 18:36:37,613 INFO [__main__] selected methods=('bayes_cov_shared',)
2026-08-14 18:36:39,469 INFO [__main__] gate fitting start candidate=cov
2026-08-14 18:36:39,565 INFO [__main__] gate fitting done candidate=cov
2026-08-14 18:36:39,592 INFO [__main__] experiment done seconds=1.98
2026-08-14 18:36:39,592 INFO [__main__] ========================================================================
2026-08-14T18:36:40+02:00 gates done configuration=8/12 dataset=Solar model=chronos2 formula=bayes_cov_shared lags=336 horizon=48 retrieval=raw_euclidean_1_online
2026-08-14 18:36:42,257 INFO [__main__] extraction validation directory=/home/h61084/codes/adapts/outputs/extraction/Solar/504_168/chronos2/raw/euclidean/1/online/run_1 status=complete

2026-08-14T18:36:42+02:00 gates start configuration=9/12 dataset=Solar model=chronos2 formula=catboost_cov_regressor_shared lags=504 horizon=168 retrieval=raw_euclidean_1_online run=/home/h61084/codes/adapts/outputs/adaptation/offline_datastore_ablation/Solar/504_168/chronos2/catboost_cov_regressor_shared/raw/euclidean/1/online/run_0 computation_signature=88af47a1def332b6f78d4dc540bb81f3b717183fdea42a055fcbcc0afd0d6975 iterations=300 learning_rate=0.03 depth=4 early_stopping_rounds=50 task_type=CPU thread_count=2 validation_fraction=0.2 seed=1
2026-08-14 18:36:45,873 INFO [__main__] ========================================================================
2026-08-14 18:36:45,873 INFO [__main__] selected methods=('catboost_cov_regressor_shared',)
2026-08-14 18:36:47,908 INFO [__main__] gate fitting start candidate=cov
2026-08-14 18:36:49,536 INFO [__main__] gate fitting done candidate=cov
2026-08-14 18:36:50,167 INFO [__main__] experiment done seconds=4.29
2026-08-14 18:36:50,168 INFO [__main__] ========================================================================
2026-08-14T18:36:50+02:00 gates done configuration=9/12 dataset=Solar model=chronos2 formula=catboost_cov_regressor_shared lags=504 horizon=168 retrieval=raw_euclidean_1_online

2026-08-14T18:36:51+02:00 gates start configuration=9/12 dataset=Solar model=chronos2 formula=bayes_cov_shared lags=504 horizon=168 retrieval=raw_euclidean_1_online run=/home/h61084/codes/adapts/outputs/adaptation/offline_datastore_ablation/Solar/504_168/chronos2/bayes_cov_shared/raw/euclidean/1/online/run_0 computation_signature=7b768440fe96d6274270a878368d66212280db2a42fa8de8dc263881c5a88043 iterations=300 learning_rate=0.03 depth=4 early_stopping_rounds=50 task_type=CPU thread_count=2 validation_fraction=0.2 seed=1
2026-08-14 18:36:53,513 INFO [__main__] ========================================================================
2026-08-14 18:36:53,513 INFO [__main__] selected methods=('bayes_cov_shared',)
2026-08-14 18:36:55,573 INFO [__main__] gate fitting start candidate=cov
2026-08-14 18:36:55,775 INFO [__main__] gate fitting done candidate=cov
2026-08-14 18:36:55,804 INFO [__main__] experiment done seconds=2.29
2026-08-14 18:36:55,804 INFO [__main__] ========================================================================
2026-08-14T18:36:56+02:00 gates done configuration=9/12 dataset=Solar model=chronos2 formula=bayes_cov_shared lags=504 horizon=168 retrieval=raw_euclidean_1_online
2026-08-14 18:36:58,502 INFO [__main__] extraction validation directory=/home/h61084/codes/adapts/outputs/extraction/exchange_rate/168_24/chronos2/raw/euclidean/1/online/run_1 status=complete

2026-08-14T18:36:59+02:00 gates start configuration=10/12 dataset=exchange_rate model=chronos2 formula=catboost_cov_regressor_shared lags=168 horizon=24 retrieval=raw_euclidean_1_online run=/home/h61084/codes/adapts/outputs/adaptation/offline_datastore_ablation/exchange_rate/168_24/chronos2/catboost_cov_regressor_shared/raw/euclidean/1/online/run_0 computation_signature=6c6dff29253f54a9a2fbd46fa5ffc8415eecf432fa901007884a2d8081f40c84 iterations=300 learning_rate=0.03 depth=4 early_stopping_rounds=50 task_type=CPU thread_count=2 validation_fraction=0.2 seed=1
2026-08-14 18:37:01,642 INFO [__main__] ========================================================================
2026-08-14 18:37:01,643 INFO [__main__] selected methods=('catboost_cov_regressor_shared',)
2026-08-14 18:37:03,380 INFO [__main__] gate fitting start candidate=cov
2026-08-14 18:37:04,684 INFO [__main__] gate fitting done candidate=cov
2026-08-14 18:37:05,309 INFO [__main__] experiment done seconds=3.66
2026-08-14 18:37:05,309 INFO [__main__] ========================================================================
2026-08-14T18:37:06+02:00 gates done configuration=10/12 dataset=exchange_rate model=chronos2 formula=catboost_cov_regressor_shared lags=168 horizon=24 retrieval=raw_euclidean_1_online

2026-08-14T18:37:06+02:00 gates start configuration=10/12 dataset=exchange_rate model=chronos2 formula=bayes_cov_shared lags=168 horizon=24 retrieval=raw_euclidean_1_online run=/home/h61084/codes/adapts/outputs/adaptation/offline_datastore_ablation/exchange_rate/168_24/chronos2/bayes_cov_shared/raw/euclidean/1/online/run_0 computation_signature=469ca4bb5670e39c0a07fe37f5aa6e581875d39d7210b4a7d1f043626742257c iterations=300 learning_rate=0.03 depth=4 early_stopping_rounds=50 task_type=CPU thread_count=2 validation_fraction=0.2 seed=1
2026-08-14 18:37:08,740 INFO [__main__] ========================================================================
2026-08-14 18:37:08,740 INFO [__main__] selected methods=('bayes_cov_shared',)
2026-08-14 18:37:10,394 INFO [__main__] gate fitting start candidate=cov
2026-08-14 18:37:10,458 INFO [__main__] gate fitting done candidate=cov
2026-08-14 18:37:10,487 INFO [__main__] experiment done seconds=1.74
2026-08-14 18:37:10,487 INFO [__main__] ========================================================================
2026-08-14T18:37:11+02:00 gates done configuration=10/12 dataset=exchange_rate model=chronos2 formula=bayes_cov_shared lags=168 horizon=24 retrieval=raw_euclidean_1_online
2026-08-14 18:37:13,324 INFO [__main__] extraction validation directory=/home/h61084/codes/adapts/outputs/extraction/exchange_rate/336_48/chronos2/raw/euclidean/1/online/run_1 status=complete

2026-08-14T18:37:13+02:00 gates start configuration=11/12 dataset=exchange_rate model=chronos2 formula=catboost_cov_regressor_shared lags=336 horizon=48 retrieval=raw_euclidean_1_online run=/home/h61084/codes/adapts/outputs/adaptation/offline_datastore_ablation/exchange_rate/336_48/chronos2/catboost_cov_regressor_shared/raw/euclidean/1/online/run_0 computation_signature=58f12e0f92a1198e2edd040d378723eb2d5218e31c75901470ce5e220033e06c iterations=300 learning_rate=0.03 depth=4 early_stopping_rounds=50 task_type=CPU thread_count=2 validation_fraction=0.2 seed=1
2026-08-14 18:37:16,221 INFO [__main__] ========================================================================
2026-08-14 18:37:16,221 INFO [__main__] selected methods=('catboost_cov_regressor_shared',)
2026-08-14 18:37:17,949 INFO [__main__] gate fitting start candidate=cov
2026-08-14 18:37:19,323 INFO [__main__] gate fitting done candidate=cov
2026-08-14 18:37:19,967 INFO [__main__] experiment done seconds=3.74
2026-08-14 18:37:19,967 INFO [__main__] ========================================================================
2026-08-14T18:37:20+02:00 gates done configuration=11/12 dataset=exchange_rate model=chronos2 formula=catboost_cov_regressor_shared lags=336 horizon=48 retrieval=raw_euclidean_1_online

2026-08-14T18:37:20+02:00 gates start configuration=11/12 dataset=exchange_rate model=chronos2 formula=bayes_cov_shared lags=336 horizon=48 retrieval=raw_euclidean_1_online run=/home/h61084/codes/adapts/outputs/adaptation/offline_datastore_ablation/exchange_rate/336_48/chronos2/bayes_cov_shared/raw/euclidean/1/online/run_0 computation_signature=691475bbc4713caecd817d2c8c3a9e120962cc427907b151f28dcf8626562af1 iterations=300 learning_rate=0.03 depth=4 early_stopping_rounds=50 task_type=CPU thread_count=2 validation_fraction=0.2 seed=1
2026-08-14 18:37:23,583 INFO [__main__] ========================================================================
2026-08-14 18:37:23,583 INFO [__main__] selected methods=('bayes_cov_shared',)
2026-08-14 18:37:25,339 INFO [__main__] gate fitting start candidate=cov
2026-08-14 18:37:25,404 INFO [__main__] gate fitting done candidate=cov
2026-08-14 18:37:25,433 INFO [__main__] experiment done seconds=1.85
2026-08-14 18:37:25,433 INFO [__main__] ========================================================================
2026-08-14T18:37:25+02:00 gates done configuration=11/12 dataset=exchange_rate model=chronos2 formula=bayes_cov_shared lags=336 horizon=48 retrieval=raw_euclidean_1_online
2026-08-14 18:37:28,229 INFO [__main__] extraction validation directory=/home/h61084/codes/adapts/outputs/extraction/exchange_rate/504_168/chronos2/raw/euclidean/1/online/run_1 status=complete

2026-08-14T18:37:28+02:00 gates start configuration=12/12 dataset=exchange_rate model=chronos2 formula=catboost_cov_regressor_shared lags=504 horizon=168 retrieval=raw_euclidean_1_online run=/home/h61084/codes/adapts/outputs/adaptation/offline_datastore_ablation/exchange_rate/504_168/chronos2/catboost_cov_regressor_shared/raw/euclidean/1/online/run_0 computation_signature=06ac4cf4d93068d60f67f5085f1cdeba1bdf39f30e742a945f9a451ef2b5a8ce iterations=300 learning_rate=0.03 depth=4 early_stopping_rounds=50 task_type=CPU thread_count=2 validation_fraction=0.2 seed=1
2026-08-14 18:37:31,351 INFO [__main__] ========================================================================
2026-08-14 18:37:31,351 INFO [__main__] selected methods=('catboost_cov_regressor_shared',)
2026-08-14 18:37:32,996 INFO [__main__] gate fitting start candidate=cov
2026-08-14 18:37:34,206 INFO [__main__] gate fitting done candidate=cov
2026-08-14 18:37:34,842 INFO [__main__] experiment done seconds=3.49
2026-08-14 18:37:34,843 INFO [__main__] ========================================================================
2026-08-14T18:37:35+02:00 gates done configuration=12/12 dataset=exchange_rate model=chronos2 formula=catboost_cov_regressor_shared lags=504 horizon=168 retrieval=raw_euclidean_1_online

2026-08-14T18:37:35+02:00 gates start configuration=12/12 dataset=exchange_rate model=chronos2 formula=bayes_cov_shared lags=504 horizon=168 retrieval=raw_euclidean_1_online run=/home/h61084/codes/adapts/outputs/adaptation/offline_datastore_ablation/exchange_rate/504_168/chronos2/bayes_cov_shared/raw/euclidean/1/online/run_0 computation_signature=6f1d57e47d76c76fa078fc7a098be7b8763edb27d85b537c344a84046ea7e04c iterations=300 learning_rate=0.03 depth=4 early_stopping_rounds=50 task_type=CPU thread_count=2 validation_fraction=0.2 seed=1
2026-08-14 18:37:38,201 INFO [__main__] ========================================================================
2026-08-14 18:37:38,201 INFO [__main__] selected methods=('bayes_cov_shared',)
2026-08-14 18:37:39,853 INFO [__main__] gate fitting start candidate=cov
2026-08-14 18:37:39,929 INFO [__main__] gate fitting done candidate=cov
2026-08-14 18:37:39,959 INFO [__main__] experiment done seconds=1.75
2026-08-14 18:37:39,959 INFO [__main__] ========================================================================
2026-08-14T18:37:40+02:00 gates done configuration=12/12 dataset=exchange_rate model=chronos2 formula=bayes_cov_shared lags=504 horizon=168 retrieval=raw_euclidean_1_online

2026-08-14T18:37:40+02:00 job done kind=gates output=outputs/adaptation/offline_datastore_ablation

2026-08-14T18:37:40+02:00 job start kind=adaptation_extraction family=offline_datastore_ablation experiment_mode=full skip_complete=true tasks=24 datasets=Electricity,Traffic,Solar,exchange_rate models=chronos2 settings=168:24,336:48,504:168 distance_spaces=raw distance_metrics=euclidean neighbors=3
2026-08-14T18:37:40+02:00 skip complete family=extraction dataset=Electricity model=chronos2 lags=168 horizon=24 retrieval=vanilla run=/home/h61084/codes/adapts/outputs/extraction/Electricity/168_24/chronos2/none/none/0/none/run_1

2026-08-14T18:37:40+02:00 extraction start configuration=2/24 dataset=Electricity model=chronos2 lags=168 horizon=24 retrieval=raw_euclidean_3_fixed run=/home/h61084/codes/adapts/outputs/extraction/Electricity/168_24/chronos2/raw/euclidean/3/fixed/run_0 computation_signature=afabe496ccdfc0f0adfe2c5dff7ff3abeaef036e75cc4ccb2844ad44bb92385d period=24 align_period=false datastore_stride=25 adapt_stride=25 eval_stride=127 max_store_windows=30000 seed=1
2026-08-14 18:37:43,225 INFO [__main__] ========================================================================
2026-08-14 18:37:43,225 INFO [__main__] experiment start kind=extraction dataset=Electricity model=chronos2 lags=168 horizon=24 neighbors=3 distance=raw/euclidean
2026-08-14 18:37:43,509 INFO [__main__] dataset load start
2026-08-14 18:37:43,511 INFO [src.data.load_dataset] loaded dataset config path=/home/h61084/codes/datasets/electricity/config.json keys=['aggr', 'date_col', 'drop_users']
2026-08-14 18:37:44,324 INFO [__main__] dataset load done dates=26304 users=312
2026-08-14 18:37:44,325 INFO [__main__] model load start
2026-08-14 18:37:56,341 INFO [__main__] model load done name=chronos2 device=cuda parameters_total=119,477,664 parameters_trainable=0
2026-08-14 18:37:56,344 INFO [__main__] extraction start split=adapt queries=526
2026-08-14 18:43:52,970 INFO [__main__] extraction done split=adapt
2026-08-14 18:43:52,970 INFO [__main__] extraction start split=eval queries=42
2026-08-14 18:44:21,213 INFO [__main__] extraction done split=eval
2026-08-14 18:44:22,014 INFO [__main__] completion marker saved path=/home/h61084/codes/adapts/outputs/extraction/Electricity/168_24/chronos2/raw/euclidean/3/fixed/run_0/extraction_manifest.json
2026-08-14 18:44:22,015 INFO [__main__] outputs saved dir=/home/h61084/codes/adapts/outputs/extraction/Electricity/168_24/chronos2/raw/euclidean/3/fixed/run_0
2026-08-14 18:44:22,015 INFO [__main__] experiment done seconds=398.78
2026-08-14 18:44:22,015 INFO [__main__] ========================================================================
2026-08-14 18:44:24,770 INFO [__main__] extraction validation directory=/home/h61084/codes/adapts/outputs/extraction/Electricity/168_24/chronos2/raw/euclidean/3/fixed/run_0 status=complete
2026-08-14T18:44:25+02:00 extraction done configuration=2/24 dataset=Electricity model=chronos2 lags=168 horizon=24 retrieval=raw_euclidean_3_fixed
2026-08-14T18:44:25+02:00 skip complete family=extraction dataset=Electricity model=chronos2 lags=336 horizon=48 retrieval=vanilla run=/home/h61084/codes/adapts/outputs/extraction/Electricity/336_48/chronos2/none/none/0/none/run_1

2026-08-14T18:44:25+02:00 extraction start configuration=4/24 dataset=Electricity model=chronos2 lags=336 horizon=48 retrieval=raw_euclidean_3_fixed run=/home/h61084/codes/adapts/outputs/extraction/Electricity/336_48/chronos2/raw/euclidean/3/fixed/run_0 computation_signature=6fa26679e6c67c9118af2ac663a6339a39a6df5cec8acce5147922689201480c period=24 align_period=false datastore_stride=25 adapt_stride=25 eval_stride=127 max_store_windows=30000 seed=1
2026-08-14 18:44:27,704 INFO [__main__] ========================================================================
2026-08-14 18:44:27,704 INFO [__main__] experiment start kind=extraction dataset=Electricity model=chronos2 lags=336 horizon=48 neighbors=3 distance=raw/euclidean
2026-08-14 18:44:28,038 INFO [__main__] dataset load start
2026-08-14 18:44:28,040 INFO [src.data.load_dataset] loaded dataset config path=/home/h61084/codes/datasets/electricity/config.json keys=['aggr', 'date_col', 'drop_users']
2026-08-14 18:44:28,731 INFO [__main__] dataset load done dates=26304 users=312
2026-08-14 18:44:28,732 INFO [__main__] model load start
2026-08-14 18:44:36,373 INFO [__main__] model load done name=chronos2 device=cuda parameters_total=119,477,664 parameters_trainable=0
2026-08-14 18:44:36,376 INFO [__main__] extraction start split=adapt queries=525
2026-08-14 18:52:49,364 INFO [__main__] extraction done split=adapt
2026-08-14 18:52:49,364 INFO [__main__] extraction start split=eval queries=42
2026-08-14 18:53:28,774 INFO [__main__] extraction done split=eval
2026-08-14 18:53:29,653 INFO [__main__] completion marker saved path=/home/h61084/codes/adapts/outputs/extraction/Electricity/336_48/chronos2/raw/euclidean/3/fixed/run_0/extraction_manifest.json
2026-08-14 18:53:29,653 INFO [__main__] outputs saved dir=/home/h61084/codes/adapts/outputs/extraction/Electricity/336_48/chronos2/raw/euclidean/3/fixed/run_0
2026-08-14 18:53:29,653 INFO [__main__] experiment done seconds=541.94
2026-08-14 18:53:29,653 INFO [__main__] ========================================================================
2026-08-14 18:53:33,047 INFO [__main__] extraction validation directory=/home/h61084/codes/adapts/outputs/extraction/Electricity/336_48/chronos2/raw/euclidean/3/fixed/run_0 status=complete
2026-08-14T18:53:33+02:00 extraction done configuration=4/24 dataset=Electricity model=chronos2 lags=336 horizon=48 retrieval=raw_euclidean_3_fixed
2026-08-14T18:53:33+02:00 skip complete family=extraction dataset=Electricity model=chronos2 lags=504 horizon=168 retrieval=vanilla run=/home/h61084/codes/adapts/outputs/extraction/Electricity/504_168/chronos2/none/none/0/none/run_2

2026-08-14T18:53:33+02:00 extraction start configuration=6/24 dataset=Electricity model=chronos2 lags=504 horizon=168 retrieval=raw_euclidean_3_fixed run=/home/h61084/codes/adapts/outputs/extraction/Electricity/504_168/chronos2/raw/euclidean/3/fixed/run_0 computation_signature=405eb9c30a952030488ba96b35ddb911a940f81620fa4d35b1e7e3b9d529da79 period=24 align_period=false datastore_stride=25 adapt_stride=25 eval_stride=127 max_store_windows=30000 seed=1
2026-08-14 18:53:36,116 INFO [__main__] ========================================================================
2026-08-14 18:53:36,117 INFO [__main__] experiment start kind=extraction dataset=Electricity model=chronos2 lags=504 horizon=168 neighbors=3 distance=raw/euclidean
2026-08-14 18:53:36,462 INFO [__main__] dataset load start
2026-08-14 18:53:36,464 INFO [src.data.load_dataset] loaded dataset config path=/home/h61084/codes/datasets/electricity/config.json keys=['aggr', 'date_col', 'drop_users']
2026-08-14 18:53:37,265 INFO [__main__] dataset load done dates=26304 users=312
2026-08-14 18:53:37,266 INFO [__main__] model load start
2026-08-14 18:53:48,640 INFO [__main__] model load done name=chronos2 device=cuda parameters_total=119,477,664 parameters_trainable=0
2026-08-14 18:53:48,643 INFO [__main__] extraction start split=adapt queries=520
2026-08-14 19:05:20,724 INFO [__main__] extraction done split=adapt
2026-08-14 19:05:20,724 INFO [__main__] extraction start split=eval queries=41
2026-08-14 19:06:15,046 INFO [__main__] extraction done split=eval
2026-08-14 19:06:15,997 INFO [__main__] completion marker saved path=/home/h61084/codes/adapts/outputs/extraction/Electricity/504_168/chronos2/raw/euclidean/3/fixed/run_0/extraction_manifest.json
2026-08-14 19:06:15,997 INFO [__main__] outputs saved dir=/home/h61084/codes/adapts/outputs/extraction/Electricity/504_168/chronos2/raw/euclidean/3/fixed/run_0
2026-08-14 19:06:15,997 INFO [__main__] experiment done seconds=759.88
2026-08-14 19:06:15,997 INFO [__main__] ========================================================================
2026-08-14 19:06:19,439 INFO [__main__] extraction validation directory=/home/h61084/codes/adapts/outputs/extraction/Electricity/504_168/chronos2/raw/euclidean/3/fixed/run_0 status=complete
2026-08-14T19:06:19+02:00 extraction done configuration=6/24 dataset=Electricity model=chronos2 lags=504 horizon=168 retrieval=raw_euclidean_3_fixed
2026-08-14T19:06:19+02:00 skip complete family=extraction dataset=Traffic model=chronos2 lags=168 horizon=24 retrieval=vanilla run=/home/h61084/codes/adapts/outputs/extraction/Traffic/168_24/chronos2/none/none/0/none/run_1

2026-08-14T19:06:20+02:00 extraction start configuration=8/24 dataset=Traffic model=chronos2 lags=168 horizon=24 retrieval=raw_euclidean_3_fixed run=/home/h61084/codes/adapts/outputs/extraction/Traffic/168_24/chronos2/raw/euclidean/3/fixed/run_0 computation_signature=a3b059e888772f95279410e19db789e3ca3af52728d9c7a9974735bb8036a31c period=24 align_period=false datastore_stride=25 adapt_stride=25 eval_stride=127 max_store_windows=30000 seed=1
2026-08-14 19:06:22,500 INFO [__main__] ========================================================================
2026-08-14 19:06:22,500 INFO [__main__] experiment start kind=extraction dataset=Traffic model=chronos2 lags=168 horizon=24 neighbors=3 distance=raw/euclidean
2026-08-14 19:06:22,802 INFO [__main__] dataset load start
2026-08-14 19:06:22,803 INFO [src.data.load_dataset] loaded dataset config path=/home/h61084/codes/datasets/traffic/config.json keys=['aggr', 'date_col', 'drop_users']
2026-08-14 19:06:23,990 INFO [__main__] dataset load done dates=17544 users=860
2026-08-14 19:06:23,991 INFO [__main__] model load start
2026-08-14 19:06:35,536 INFO [__main__] model load done name=chronos2 device=cuda parameters_total=119,477,664 parameters_trainable=0
2026-08-14 19:06:35,538 INFO [__main__] extraction start split=adapt queries=350
2026-08-14 19:17:18,536 INFO [__main__] extraction done split=adapt
2026-08-14 19:17:18,537 INFO [__main__] extraction start split=eval queries=28
2026-08-14 19:18:10,088 INFO [__main__] extraction done split=eval
2026-08-14 19:18:11,004 INFO [__main__] completion marker saved path=/home/h61084/codes/adapts/outputs/extraction/Traffic/168_24/chronos2/raw/euclidean/3/fixed/run_0/extraction_manifest.json
2026-08-14 19:18:11,004 INFO [__main__] outputs saved dir=/home/h61084/codes/adapts/outputs/extraction/Traffic/168_24/chronos2/raw/euclidean/3/fixed/run_0
2026-08-14 19:18:11,004 INFO [__main__] experiment done seconds=708.50
2026-08-14 19:18:11,004 INFO [__main__] ========================================================================
2026-08-14 19:18:14,772 INFO [__main__] extraction validation directory=/home/h61084/codes/adapts/outputs/extraction/Traffic/168_24/chronos2/raw/euclidean/3/fixed/run_0 status=complete
2026-08-14T19:18:15+02:00 extraction done configuration=8/24 dataset=Traffic model=chronos2 lags=168 horizon=24 retrieval=raw_euclidean_3_fixed
2026-08-14T19:18:15+02:00 skip complete family=extraction dataset=Traffic model=chronos2 lags=336 horizon=48 retrieval=vanilla run=/home/h61084/codes/adapts/outputs/extraction/Traffic/336_48/chronos2/none/none/0/none/run_1

2026-08-14T19:18:15+02:00 extraction start configuration=10/24 dataset=Traffic model=chronos2 lags=336 horizon=48 retrieval=raw_euclidean_3_fixed run=/home/h61084/codes/adapts/outputs/extraction/Traffic/336_48/chronos2/raw/euclidean/3/fixed/run_0 computation_signature=fa3f00e7b170ed49cb2de4c87d466abb3bb683e8085a16dc11e087300b70d49e period=24 align_period=false datastore_stride=25 adapt_stride=25 eval_stride=127 max_store_windows=30000 seed=1
2026-08-14 19:18:17,723 INFO [__main__] ========================================================================
2026-08-14 19:18:17,723 INFO [__main__] experiment start kind=extraction dataset=Traffic model=chronos2 lags=336 horizon=48 neighbors=3 distance=raw/euclidean
2026-08-14 19:18:18,044 INFO [__main__] dataset load start
2026-08-14 19:18:18,046 INFO [src.data.load_dataset] loaded dataset config path=/home/h61084/codes/datasets/traffic/config.json keys=['aggr', 'date_col', 'drop_users']
2026-08-14 19:18:19,254 INFO [__main__] dataset load done dates=17544 users=860
2026-08-14 19:18:19,254 INFO [__main__] model load start
2026-08-14 19:18:30,771 INFO [__main__] model load done name=chronos2 device=cuda parameters_total=119,477,664 parameters_trainable=0
2026-08-14 19:18:30,773 INFO [__main__] extraction start split=adapt queries=349
2026-08-14 19:32:12,088 INFO [__main__] extraction done split=adapt
2026-08-14 19:32:12,088 INFO [__main__] extraction start split=eval queries=28
2026-08-14 19:33:17,197 INFO [__main__] extraction done split=eval
2026-08-14 19:33:18,088 INFO [__main__] completion marker saved path=/home/h61084/codes/adapts/outputs/extraction/Traffic/336_48/chronos2/raw/euclidean/3/fixed/run_0/extraction_manifest.json
2026-08-14 19:33:18,088 INFO [__main__] outputs saved dir=/home/h61084/codes/adapts/outputs/extraction/Traffic/336_48/chronos2/raw/euclidean/3/fixed/run_0
2026-08-14 19:33:18,088 INFO [__main__] experiment done seconds=900.36
2026-08-14 19:33:18,088 INFO [__main__] ========================================================================
2026-08-14 19:33:21,568 INFO [__main__] extraction validation directory=/home/h61084/codes/adapts/outputs/extraction/Traffic/336_48/chronos2/raw/euclidean/3/fixed/run_0 status=complete
2026-08-14T19:33:21+02:00 extraction done configuration=10/24 dataset=Traffic model=chronos2 lags=336 horizon=48 retrieval=raw_euclidean_3_fixed
2026-08-14T19:33:22+02:00 skip complete family=extraction dataset=Traffic model=chronos2 lags=504 horizon=168 retrieval=vanilla run=/home/h61084/codes/adapts/outputs/extraction/Traffic/504_168/chronos2/none/none/0/none/run_1

2026-08-14T19:33:22+02:00 extraction start configuration=12/24 dataset=Traffic model=chronos2 lags=504 horizon=168 retrieval=raw_euclidean_3_fixed run=/home/h61084/codes/adapts/outputs/extraction/Traffic/504_168/chronos2/raw/euclidean/3/fixed/run_0 computation_signature=06583abb560a72c25d78bae01b3c3ec5b9831754a3b06bd4fba00915359aecfa period=24 align_period=false datastore_stride=25 adapt_stride=25 eval_stride=127 max_store_windows=30000 seed=1
2026-08-14 19:33:25,028 INFO [__main__] ========================================================================
2026-08-14 19:33:25,028 INFO [__main__] experiment start kind=extraction dataset=Traffic model=chronos2 lags=504 horizon=168 neighbors=3 distance=raw/euclidean
2026-08-14 19:33:25,322 INFO [__main__] dataset load start
2026-08-14 19:33:25,324 INFO [src.data.load_dataset] loaded dataset config path=/home/h61084/codes/datasets/traffic/config.json keys=['aggr', 'date_col', 'drop_users']
2026-08-14 19:33:26,520 INFO [__main__] dataset load done dates=17544 users=860
2026-08-14 19:33:26,520 INFO [__main__] model load start
2026-08-14 19:33:38,588 INFO [__main__] model load done name=chronos2 device=cuda parameters_total=119,477,664 parameters_trainable=0
2026-08-14 19:33:38,589 INFO [__main__] extraction start split=adapt queries=345
2026-08-14 19:52:03,842 INFO [__main__] extraction done split=adapt
2026-08-14 19:52:03,842 INFO [__main__] extraction start split=eval queries=27
2026-08-14 19:53:30,285 INFO [__main__] extraction done split=eval
2026-08-14 19:53:31,249 INFO [__main__] completion marker saved path=/home/h61084/codes/adapts/outputs/extraction/Traffic/504_168/chronos2/raw/euclidean/3/fixed/run_0/extraction_manifest.json
2026-08-14 19:53:31,249 INFO [__main__] outputs saved dir=/home/h61084/codes/adapts/outputs/extraction/Traffic/504_168/chronos2/raw/euclidean/3/fixed/run_0
2026-08-14 19:53:31,249 INFO [__main__] experiment done seconds=1206.22
2026-08-14 19:53:31,249 INFO [__main__] ========================================================================
2026-08-14 19:53:35,132 INFO [__main__] extraction validation directory=/home/h61084/codes/adapts/outputs/extraction/Traffic/504_168/chronos2/raw/euclidean/3/fixed/run_0 status=complete
2026-08-14T19:53:35+02:00 extraction done configuration=12/24 dataset=Traffic model=chronos2 lags=504 horizon=168 retrieval=raw_euclidean_3_fixed
2026-08-14T19:53:35+02:00 skip complete family=extraction dataset=Solar model=chronos2 lags=168 horizon=24 retrieval=vanilla run=/home/h61084/codes/adapts/outputs/extraction/Solar/168_24/chronos2/none/none/0/none/run_1

2026-08-14T19:53:35+02:00 extraction start configuration=14/24 dataset=Solar model=chronos2 lags=168 horizon=24 retrieval=raw_euclidean_3_fixed run=/home/h61084/codes/adapts/outputs/extraction/Solar/168_24/chronos2/raw/euclidean/3/fixed/run_0 computation_signature=04eeff98d2ad92828f7772501a0688dc7712218b3ec3a4825dc2e05b260c553f period=24 align_period=false datastore_stride=25 adapt_stride=25 eval_stride=127 max_store_windows=30000 seed=1
2026-08-14 19:53:38,291 INFO [__main__] ========================================================================
2026-08-14 19:53:38,291 INFO [__main__] experiment start kind=extraction dataset=Solar model=chronos2 lags=168 horizon=24 neighbors=3 distance=raw/euclidean
2026-08-14 19:53:38,700 INFO [__main__] dataset load start
2026-08-14 19:53:38,702 INFO [src.data.load_dataset] loaded dataset config path=/home/h61084/codes/datasets/solar/config.json keys=['aggr', 'date_col', 'drop_users']
2026-08-14 19:53:39,107 INFO [__main__] dataset load done dates=8760 users=137
2026-08-14 19:53:39,107 INFO [__main__] model load start
2026-08-14 19:53:51,928 INFO [__main__] model load done name=chronos2 device=cuda parameters_total=119,477,664 parameters_trainable=0
2026-08-14 19:53:51,930 INFO [__main__] extraction start split=adapt queries=175
2026-08-14 19:54:56,350 INFO [__main__] extraction done split=adapt
2026-08-14 19:54:56,350 INFO [__main__] extraction start split=eval queries=14
2026-08-14 19:55:01,601 INFO [__main__] extraction done split=eval
2026-08-14 19:55:02,218 INFO [__main__] completion marker saved path=/home/h61084/codes/adapts/outputs/extraction/Solar/168_24/chronos2/raw/euclidean/3/fixed/run_0/extraction_manifest.json
2026-08-14 19:55:02,219 INFO [__main__] outputs saved dir=/home/h61084/codes/adapts/outputs/extraction/Solar/168_24/chronos2/raw/euclidean/3/fixed/run_0
2026-08-14 19:55:02,219 INFO [__main__] experiment done seconds=83.92
2026-08-14 19:55:02,219 INFO [__main__] ========================================================================
2026-08-14 19:55:05,504 INFO [__main__] extraction validation directory=/home/h61084/codes/adapts/outputs/extraction/Solar/168_24/chronos2/raw/euclidean/3/fixed/run_0 status=complete
2026-08-14T19:55:05+02:00 extraction done configuration=14/24 dataset=Solar model=chronos2 lags=168 horizon=24 retrieval=raw_euclidean_3_fixed
2026-08-14T19:55:06+02:00 skip complete family=extraction dataset=Solar model=chronos2 lags=336 horizon=48 retrieval=vanilla run=/home/h61084/codes/adapts/outputs/extraction/Solar/336_48/chronos2/none/none/0/none/run_1

2026-08-14T19:55:06+02:00 extraction start configuration=16/24 dataset=Solar model=chronos2 lags=336 horizon=48 retrieval=raw_euclidean_3_fixed run=/home/h61084/codes/adapts/outputs/extraction/Solar/336_48/chronos2/raw/euclidean/3/fixed/run_0 computation_signature=a0be724e49de5d019a1b8eecfed599125c96a55128ebb6e997dd7d3fdddfc52f period=24 align_period=false datastore_stride=25 adapt_stride=25 eval_stride=127 max_store_windows=30000 seed=1
2026-08-14 19:55:08,563 INFO [__main__] ========================================================================
2026-08-14 19:55:08,564 INFO [__main__] experiment start kind=extraction dataset=Solar model=chronos2 lags=336 horizon=48 neighbors=3 distance=raw/euclidean
2026-08-14 19:55:08,861 INFO [__main__] dataset load start
2026-08-14 19:55:08,863 INFO [src.data.load_dataset] loaded dataset config path=/home/h61084/codes/datasets/solar/config.json keys=['aggr', 'date_col', 'drop_users']
2026-08-14 19:55:09,228 INFO [__main__] dataset load done dates=8760 users=137
2026-08-14 19:55:09,228 INFO [__main__] model load start
2026-08-14 19:55:20,897 INFO [__main__] model load done name=chronos2 device=cuda parameters_total=119,477,664 parameters_trainable=0
2026-08-14 19:55:20,898 INFO [__main__] extraction start split=adapt queries=174
2026-08-14 19:56:48,402 INFO [__main__] extraction done split=adapt
2026-08-14 19:56:48,403 INFO [__main__] extraction start split=eval queries=14
2026-08-14 19:56:55,178 INFO [__main__] extraction done split=eval
2026-08-14 19:56:55,764 INFO [__main__] completion marker saved path=/home/h61084/codes/adapts/outputs/extraction/Solar/336_48/chronos2/raw/euclidean/3/fixed/run_0/extraction_manifest.json
2026-08-14 19:56:55,764 INFO [__main__] outputs saved dir=/home/h61084/codes/adapts/outputs/extraction/Solar/336_48/chronos2/raw/euclidean/3/fixed/run_0
2026-08-14 19:56:55,765 INFO [__main__] experiment done seconds=107.20
2026-08-14 19:56:55,765 INFO [__main__] ========================================================================
2026-08-14 19:56:59,080 INFO [__main__] extraction validation directory=/home/h61084/codes/adapts/outputs/extraction/Solar/336_48/chronos2/raw/euclidean/3/fixed/run_0 status=complete
2026-08-14T19:56:59+02:00 extraction done configuration=16/24 dataset=Solar model=chronos2 lags=336 horizon=48 retrieval=raw_euclidean_3_fixed
2026-08-14T19:56:59+02:00 skip complete family=extraction dataset=Solar model=chronos2 lags=504 horizon=168 retrieval=vanilla run=/home/h61084/codes/adapts/outputs/extraction/Solar/504_168/chronos2/none/none/0/none/run_1

2026-08-14T19:56:59+02:00 extraction start configuration=18/24 dataset=Solar model=chronos2 lags=504 horizon=168 retrieval=raw_euclidean_3_fixed run=/home/h61084/codes/adapts/outputs/extraction/Solar/504_168/chronos2/raw/euclidean/3/fixed/run_0 computation_signature=58d37af4e2e192e0ba37575ec377898e8a98337e8e24c1f2a947331d616ea18f period=24 align_period=false datastore_stride=25 adapt_stride=25 eval_stride=127 max_store_windows=30000 seed=1
2026-08-14 19:57:02,176 INFO [__main__] ========================================================================
2026-08-14 19:57:02,176 INFO [__main__] experiment start kind=extraction dataset=Solar model=chronos2 lags=504 horizon=168 neighbors=3 distance=raw/euclidean
2026-08-14 19:57:02,517 INFO [__main__] dataset load start
2026-08-14 19:57:02,518 INFO [src.data.load_dataset] loaded dataset config path=/home/h61084/codes/datasets/solar/config.json keys=['aggr', 'date_col', 'drop_users']
2026-08-14 19:57:02,910 INFO [__main__] dataset load done dates=8760 users=137
2026-08-14 19:57:02,910 INFO [__main__] model load start
2026-08-14 19:57:14,777 INFO [__main__] model load done name=chronos2 device=cuda parameters_total=119,477,664 parameters_trainable=0
2026-08-14 19:57:14,778 INFO [__main__] extraction start split=adapt queries=169
2026-08-14 19:59:01,677 INFO [__main__] extraction done split=adapt
2026-08-14 19:59:01,677 INFO [__main__] extraction start split=eval queries=13
2026-08-14 19:59:09,486 INFO [__main__] extraction done split=eval
2026-08-14 19:59:10,154 INFO [__main__] completion marker saved path=/home/h61084/codes/adapts/outputs/extraction/Solar/504_168/chronos2/raw/euclidean/3/fixed/run_0/extraction_manifest.json
2026-08-14 19:59:10,155 INFO [__main__] outputs saved dir=/home/h61084/codes/adapts/outputs/extraction/Solar/504_168/chronos2/raw/euclidean/3/fixed/run_0
2026-08-14 19:59:10,155 INFO [__main__] experiment done seconds=127.97
2026-08-14 19:59:10,155 INFO [__main__] ========================================================================
2026-08-14 19:59:13,530 INFO [__main__] extraction validation directory=/home/h61084/codes/adapts/outputs/extraction/Solar/504_168/chronos2/raw/euclidean/3/fixed/run_0 status=complete
2026-08-14T19:59:13+02:00 extraction done configuration=18/24 dataset=Solar model=chronos2 lags=504 horizon=168 retrieval=raw_euclidean_3_fixed
2026-08-14T19:59:14+02:00 skip complete family=extraction dataset=exchange_rate model=chronos2 lags=168 horizon=24 retrieval=vanilla run=/home/h61084/codes/adapts/outputs/extraction/exchange_rate/168_24/chronos2/none/none/0/none/run_1

2026-08-14T19:59:14+02:00 extraction start configuration=20/24 dataset=exchange_rate model=chronos2 lags=168 horizon=24 retrieval=raw_euclidean_3_fixed run=/home/h61084/codes/adapts/outputs/extraction/exchange_rate/168_24/chronos2/raw/euclidean/3/fixed/run_0 computation_signature=438639e4eb79fa28ba00c889e7c96f617913a9c65ecd315ff4c9ecf7e4e882a7 period=24 align_period=false datastore_stride=25 adapt_stride=25 eval_stride=127 max_store_windows=30000 seed=1
2026-08-14 19:59:16,556 INFO [__main__] ========================================================================
2026-08-14 19:59:16,556 INFO [__main__] experiment start kind=extraction dataset=exchange_rate model=chronos2 lags=168 horizon=24 neighbors=3 distance=raw/euclidean
2026-08-14 19:59:16,892 INFO [__main__] dataset load start
2026-08-14 19:59:16,894 INFO [src.data.load_dataset] loaded dataset config path=/home/h61084/codes/datasets/exchange_rate/config.json keys=['aggr', 'date_col', 'drop_users']
2026-08-14 19:59:16,912 INFO [__main__] dataset load done dates=7588 users=8
2026-08-14 19:59:16,912 INFO [__main__] model load start
2026-08-14 19:59:29,420 INFO [__main__] model load done name=chronos2 device=cuda parameters_total=119,477,664 parameters_trainable=0
2026-08-14 19:59:29,421 INFO [__main__] extraction start split=adapt queries=151
2026-08-14 19:59:37,551 INFO [__main__] extraction done split=adapt
2026-08-14 19:59:37,551 INFO [__main__] extraction start split=eval queries=12
2026-08-14 19:59:38,175 INFO [__main__] extraction done split=eval
2026-08-14 19:59:38,743 INFO [__main__] completion marker saved path=/home/h61084/codes/adapts/outputs/extraction/exchange_rate/168_24/chronos2/raw/euclidean/3/fixed/run_0/extraction_manifest.json
2026-08-14 19:59:38,743 INFO [__main__] outputs saved dir=/home/h61084/codes/adapts/outputs/extraction/exchange_rate/168_24/chronos2/raw/euclidean/3/fixed/run_0
2026-08-14 19:59:38,743 INFO [__main__] experiment done seconds=22.18
2026-08-14 19:59:38,743 INFO [__main__] ========================================================================
2026-08-14 19:59:41,489 INFO [__main__] extraction validation directory=/home/h61084/codes/adapts/outputs/extraction/exchange_rate/168_24/chronos2/raw/euclidean/3/fixed/run_0 status=complete
2026-08-14T19:59:41+02:00 extraction done configuration=20/24 dataset=exchange_rate model=chronos2 lags=168 horizon=24 retrieval=raw_euclidean_3_fixed
2026-08-14T19:59:41+02:00 skip complete family=extraction dataset=exchange_rate model=chronos2 lags=336 horizon=48 retrieval=vanilla run=/home/h61084/codes/adapts/outputs/extraction/exchange_rate/336_48/chronos2/none/none/0/none/run_1

2026-08-14T19:59:42+02:00 extraction start configuration=22/24 dataset=exchange_rate model=chronos2 lags=336 horizon=48 retrieval=raw_euclidean_3_fixed run=/home/h61084/codes/adapts/outputs/extraction/exchange_rate/336_48/chronos2/raw/euclidean/3/fixed/run_0 computation_signature=351301db0b47c43ac4ca888d04aa875dc763e86dfb59a01a0f827ffa9becb83d period=24 align_period=false datastore_stride=25 adapt_stride=25 eval_stride=127 max_store_windows=30000 seed=1
2026-08-14 19:59:44,431 INFO [__main__] ========================================================================
2026-08-14 19:59:44,431 INFO [__main__] experiment start kind=extraction dataset=exchange_rate model=chronos2 lags=336 horizon=48 neighbors=3 distance=raw/euclidean
2026-08-14 19:59:44,786 INFO [__main__] dataset load start
2026-08-14 19:59:44,788 INFO [src.data.load_dataset] loaded dataset config path=/home/h61084/codes/datasets/exchange_rate/config.json keys=['aggr', 'date_col', 'drop_users']
2026-08-14 19:59:44,803 INFO [__main__] dataset load done dates=7588 users=8
2026-08-14 19:59:44,804 INFO [__main__] model load start
2026-08-14 19:59:52,584 INFO [__main__] model load done name=chronos2 device=cuda parameters_total=119,477,664 parameters_trainable=0
2026-08-14 19:59:52,585 INFO [__main__] extraction start split=adapt queries=150
2026-08-14 20:00:01,345 INFO [__main__] extraction done split=adapt
2026-08-14 20:00:01,346 INFO [__main__] extraction start split=eval queries=12
2026-08-14 20:00:02,006 INFO [__main__] extraction done split=eval
2026-08-14 20:00:02,649 INFO [__main__] completion marker saved path=/home/h61084/codes/adapts/outputs/extraction/exchange_rate/336_48/chronos2/raw/euclidean/3/fixed/run_0/extraction_manifest.json
2026-08-14 20:00:02,649 INFO [__main__] outputs saved dir=/home/h61084/codes/adapts/outputs/extraction/exchange_rate/336_48/chronos2/raw/euclidean/3/fixed/run_0
2026-08-14 20:00:02,649 INFO [__main__] experiment done seconds=18.21
2026-08-14 20:00:02,649 INFO [__main__] ========================================================================
2026-08-14 20:00:05,584 INFO [__main__] extraction validation directory=/home/h61084/codes/adapts/outputs/extraction/exchange_rate/336_48/chronos2/raw/euclidean/3/fixed/run_0 status=complete
2026-08-14T20:00:05+02:00 extraction done configuration=22/24 dataset=exchange_rate model=chronos2 lags=336 horizon=48 retrieval=raw_euclidean_3_fixed
2026-08-14T20:00:06+02:00 skip complete family=extraction dataset=exchange_rate model=chronos2 lags=504 horizon=168 retrieval=vanilla run=/home/h61084/codes/adapts/outputs/extraction/exchange_rate/504_168/chronos2/none/none/0/none/run_1

2026-08-14T20:00:06+02:00 extraction start configuration=24/24 dataset=exchange_rate model=chronos2 lags=504 horizon=168 retrieval=raw_euclidean_3_fixed run=/home/h61084/codes/adapts/outputs/extraction/exchange_rate/504_168/chronos2/raw/euclidean/3/fixed/run_0 computation_signature=0710e53d3ed60c0f72f4babece8eb0ac2b82267d2c07eb6d4140126e54e742b6 period=24 align_period=false datastore_stride=25 adapt_stride=25 eval_stride=127 max_store_windows=30000 seed=1
2026-08-14 20:00:08,972 INFO [__main__] ========================================================================
2026-08-14 20:00:08,972 INFO [__main__] experiment start kind=extraction dataset=exchange_rate model=chronos2 lags=504 horizon=168 neighbors=3 distance=raw/euclidean
2026-08-14 20:00:09,275 INFO [__main__] dataset load start
2026-08-14 20:00:09,277 INFO [src.data.load_dataset] loaded dataset config path=/home/h61084/codes/datasets/exchange_rate/config.json keys=['aggr', 'date_col', 'drop_users']
2026-08-14 20:00:09,294 INFO [__main__] dataset load done dates=7588 users=8
2026-08-14 20:00:09,294 INFO [__main__] model load start
2026-08-14 20:00:17,538 INFO [__main__] model load done name=chronos2 device=cuda parameters_total=119,477,664 parameters_trainable=0
2026-08-14 20:00:17,539 INFO [__main__] extraction start split=adapt queries=146
2026-08-14 20:00:26,427 INFO [__main__] extraction done split=adapt
2026-08-14 20:00:26,427 INFO [__main__] extraction start split=eval queries=11
2026-08-14 20:00:27,156 INFO [__main__] extraction done split=eval
2026-08-14 20:00:27,780 INFO [__main__] completion marker saved path=/home/h61084/codes/adapts/outputs/extraction/exchange_rate/504_168/chronos2/raw/euclidean/3/fixed/run_0/extraction_manifest.json
2026-08-14 20:00:27,780 INFO [__main__] outputs saved dir=/home/h61084/codes/adapts/outputs/extraction/exchange_rate/504_168/chronos2/raw/euclidean/3/fixed/run_0
2026-08-14 20:00:27,780 INFO [__main__] experiment done seconds=18.80
2026-08-14 20:00:27,780 INFO [__main__] ========================================================================
2026-08-14 20:00:30,865 INFO [__main__] extraction validation directory=/home/h61084/codes/adapts/outputs/extraction/exchange_rate/504_168/chronos2/raw/euclidean/3/fixed/run_0 status=complete
2026-08-14T20:00:31+02:00 extraction done configuration=24/24 dataset=exchange_rate model=chronos2 lags=504 horizon=168 retrieval=raw_euclidean_3_fixed

2026-08-14T20:00:31+02:00 job done kind=adaptation_extraction output=outputs/extraction

2026-08-14T20:00:31+02:00 job start kind=baselines family=offline_datastore_ablation experiment_mode=full skip_complete=true tasks=12 datasets=Electricity,Traffic,Solar,exchange_rate models=chronos2 settings=168:24,336:48,504:168 distance_spaces=raw distance_metrics=euclidean neighbors=3 methods=full_ridge_shared results_root=outputs/adaptation/offline_datastore_ablation
2026-08-14 20:00:33,507 INFO [__main__] extraction validation directory=/home/h61084/codes/adapts/outputs/extraction/Electricity/168_24/chronos2/raw/euclidean/3/fixed/run_0 status=complete

2026-08-14T20:00:34+02:00 baselines start configuration=1/12 dataset=Electricity model=chronos2 formula=full_ridge_shared lags=168 horizon=24 retrieval=raw_euclidean_3_fixed run=/home/h61084/codes/adapts/outputs/adaptation/offline_datastore_ablation/Electricity/168_24/chronos2/full_ridge_shared/raw/euclidean/3/fixed/run_0 computation_signature=1c13a2f1e5a9fa81486d7ee23bf83e7905db641bf6b1abf366b304126a48ae76 l2_grid=0,1e-6,1e-5,1e-4,1e-3,1e-2,1e-1,1,10 validation_fraction=0.2 fit_baselines_on_eval=false seed=1
2026-08-14 20:00:36,390 INFO [__main__] ========================================================================
2026-08-14 20:00:36,390 INFO [__main__] selected methods=('full_ridge_shared',)
2026-08-14 20:00:43,697 INFO [__main__] baseline selection start l2_grid=(0.0, 1e-06, 1e-05, 0.0001, 0.001, 0.01, 0.1, 1.0, 10.0)
2026-08-14 20:00:44,855 INFO [__main__] baseline selection done
2026-08-14 20:00:44,879 INFO [__main__] experiment done seconds=8.49
2026-08-14 20:00:44,879 INFO [__main__] ========================================================================
2026-08-14T20:00:45+02:00 baselines done configuration=1/12 dataset=Electricity model=chronos2 formula=full_ridge_shared lags=168 horizon=24 retrieval=raw_euclidean_3_fixed
2026-08-14 20:00:47,501 INFO [__main__] extraction validation directory=/home/h61084/codes/adapts/outputs/extraction/Electricity/336_48/chronos2/raw/euclidean/3/fixed/run_0 status=complete

2026-08-14T20:00:48+02:00 baselines start configuration=2/12 dataset=Electricity model=chronos2 formula=full_ridge_shared lags=336 horizon=48 retrieval=raw_euclidean_3_fixed run=/home/h61084/codes/adapts/outputs/adaptation/offline_datastore_ablation/Electricity/336_48/chronos2/full_ridge_shared/raw/euclidean/3/fixed/run_0 computation_signature=07232278af3a3295b1cd6c9d2ab7e9aa3ac412ef80585ff46437dc76e7cbead7 l2_grid=0,1e-6,1e-5,1e-4,1e-3,1e-2,1e-1,1,10 validation_fraction=0.2 fit_baselines_on_eval=false seed=1
2026-08-14 20:00:50,325 INFO [__main__] ========================================================================
2026-08-14 20:00:50,325 INFO [__main__] selected methods=('full_ridge_shared',)
2026-08-14 20:01:02,284 INFO [__main__] baseline selection start l2_grid=(0.0, 1e-06, 1e-05, 0.0001, 0.001, 0.01, 0.1, 1.0, 10.0)
2026-08-14 20:01:03,626 INFO [__main__] baseline selection done
2026-08-14 20:01:03,653 INFO [__main__] experiment done seconds=13.32
2026-08-14 20:01:03,653 INFO [__main__] ========================================================================
2026-08-14T20:01:04+02:00 baselines done configuration=2/12 dataset=Electricity model=chronos2 formula=full_ridge_shared lags=336 horizon=48 retrieval=raw_euclidean_3_fixed
2026-08-14 20:01:06,325 INFO [__main__] extraction validation directory=/home/h61084/codes/adapts/outputs/extraction/Electricity/504_168/chronos2/raw/euclidean/3/fixed/run_0 status=complete

2026-08-14T20:01:06+02:00 baselines start configuration=3/12 dataset=Electricity model=chronos2 formula=full_ridge_shared lags=504 horizon=168 retrieval=raw_euclidean_3_fixed run=/home/h61084/codes/adapts/outputs/adaptation/offline_datastore_ablation/Electricity/504_168/chronos2/full_ridge_shared/raw/euclidean/3/fixed/run_0 computation_signature=aa573a599f46d089c8419374ee78d582137f71591603c7afc539f39e64b456df l2_grid=0,1e-6,1e-5,1e-4,1e-3,1e-2,1e-1,1,10 validation_fraction=0.2 fit_baselines_on_eval=false seed=1
2026-08-14 20:01:09,248 INFO [__main__] ========================================================================
2026-08-14 20:01:09,248 INFO [__main__] selected methods=('full_ridge_shared',)
2026-08-14 20:01:29,141 INFO [__main__] baseline selection start l2_grid=(0.0, 1e-06, 1e-05, 0.0001, 0.001, 0.01, 0.1, 1.0, 10.0)
2026-08-14 20:01:34,193 INFO [__main__] baseline selection done
2026-08-14 20:01:34,217 INFO [__main__] experiment done seconds=24.97
2026-08-14 20:01:34,217 INFO [__main__] ========================================================================
2026-08-14T20:01:34+02:00 baselines done configuration=3/12 dataset=Electricity model=chronos2 formula=full_ridge_shared lags=504 horizon=168 retrieval=raw_euclidean_3_fixed
2026-08-14 20:01:37,078 INFO [__main__] extraction validation directory=/home/h61084/codes/adapts/outputs/extraction/Traffic/168_24/chronos2/raw/euclidean/3/fixed/run_0 status=complete

2026-08-14T20:01:37+02:00 baselines start configuration=4/12 dataset=Traffic model=chronos2 formula=full_ridge_shared lags=168 horizon=24 retrieval=raw_euclidean_3_fixed run=/home/h61084/codes/adapts/outputs/adaptation/offline_datastore_ablation/Traffic/168_24/chronos2/full_ridge_shared/raw/euclidean/3/fixed/run_0 computation_signature=22ecb11afb7dc90e9a02c06ce1564cbe2599cb166c7bd3ea5a56b377a3c18567 l2_grid=0,1e-6,1e-5,1e-4,1e-3,1e-2,1e-1,1,10 validation_fraction=0.2 fit_baselines_on_eval=false seed=1
2026-08-14 20:01:39,991 INFO [__main__] ========================================================================
2026-08-14 20:01:39,992 INFO [__main__] selected methods=('full_ridge_shared',)
2026-08-14 20:01:51,256 INFO [__main__] baseline selection start l2_grid=(0.0, 1e-06, 1e-05, 0.0001, 0.001, 0.01, 0.1, 1.0, 10.0)
2026-08-14 20:01:52,805 INFO [__main__] baseline selection done
2026-08-14 20:01:52,828 INFO [__main__] experiment done seconds=12.83
2026-08-14 20:01:52,828 INFO [__main__] ========================================================================
2026-08-14T20:01:53+02:00 baselines done configuration=4/12 dataset=Traffic model=chronos2 formula=full_ridge_shared lags=168 horizon=24 retrieval=raw_euclidean_3_fixed
2026-08-14 20:01:55,431 INFO [__main__] extraction validation directory=/home/h61084/codes/adapts/outputs/extraction/Traffic/336_48/chronos2/raw/euclidean/3/fixed/run_0 status=complete

2026-08-14T20:01:55+02:00 baselines start configuration=5/12 dataset=Traffic model=chronos2 formula=full_ridge_shared lags=336 horizon=48 retrieval=raw_euclidean_3_fixed run=/home/h61084/codes/adapts/outputs/adaptation/offline_datastore_ablation/Traffic/336_48/chronos2/full_ridge_shared/raw/euclidean/3/fixed/run_0 computation_signature=8131ee3d8f8624a32d43707ac807eeb4ed43e36e31c8ce72c7deb8b155eadab5 l2_grid=0,1e-6,1e-5,1e-4,1e-3,1e-2,1e-1,1,10 validation_fraction=0.2 fit_baselines_on_eval=false seed=1
2026-08-14 20:01:58,194 INFO [__main__] ========================================================================
2026-08-14 20:01:58,195 INFO [__main__] selected methods=('full_ridge_shared',)
2026-08-14 20:02:18,035 INFO [__main__] baseline selection start l2_grid=(0.0, 1e-06, 1e-05, 0.0001, 0.001, 0.01, 0.1, 1.0, 10.0)
2026-08-14 20:02:20,475 INFO [__main__] baseline selection done
2026-08-14 20:02:20,498 INFO [__main__] experiment done seconds=22.30
2026-08-14 20:02:20,498 INFO [__main__] ========================================================================
2026-08-14T20:02:21+02:00 baselines done configuration=5/12 dataset=Traffic model=chronos2 formula=full_ridge_shared lags=336 horizon=48 retrieval=raw_euclidean_3_fixed
2026-08-14 20:02:23,230 INFO [__main__] extraction validation directory=/home/h61084/codes/adapts/outputs/extraction/Traffic/504_168/chronos2/raw/euclidean/3/fixed/run_0 status=complete

2026-08-14T20:02:23+02:00 baselines start configuration=6/12 dataset=Traffic model=chronos2 formula=full_ridge_shared lags=504 horizon=168 retrieval=raw_euclidean_3_fixed run=/home/h61084/codes/adapts/outputs/adaptation/offline_datastore_ablation/Traffic/504_168/chronos2/full_ridge_shared/raw/euclidean/3/fixed/run_0 computation_signature=45e816a9743c762fd7a694902f07ac4f911eae4e1af29700edbad7c4759740d9 l2_grid=0,1e-6,1e-5,1e-4,1e-3,1e-2,1e-1,1,10 validation_fraction=0.2 fit_baselines_on_eval=false seed=1
2026-08-14 20:02:26,071 INFO [__main__] ========================================================================
2026-08-14 20:02:26,071 INFO [__main__] selected methods=('full_ridge_shared',)
2026-08-14 20:03:02,318 INFO [__main__] baseline selection start l2_grid=(0.0, 1e-06, 1e-05, 0.0001, 0.001, 0.01, 0.1, 1.0, 10.0)
2026-08-14 20:03:11,090 INFO [__main__] baseline selection done
2026-08-14 20:03:11,122 INFO [__main__] experiment done seconds=45.05
2026-08-14 20:03:11,122 INFO [__main__] ========================================================================
2026-08-14T20:03:11+02:00 baselines done configuration=6/12 dataset=Traffic model=chronos2 formula=full_ridge_shared lags=504 horizon=168 retrieval=raw_euclidean_3_fixed
2026-08-14 20:03:14,166 INFO [__main__] extraction validation directory=/home/h61084/codes/adapts/outputs/extraction/Solar/168_24/chronos2/raw/euclidean/3/fixed/run_0 status=complete

2026-08-14T20:03:14+02:00 baselines start configuration=7/12 dataset=Solar model=chronos2 formula=full_ridge_shared lags=168 horizon=24 retrieval=raw_euclidean_3_fixed run=/home/h61084/codes/adapts/outputs/adaptation/offline_datastore_ablation/Solar/168_24/chronos2/full_ridge_shared/raw/euclidean/3/fixed/run_0 computation_signature=f622168d11d65893d87fb11c65b35eb73091618e9687c252c818f541b6f42d99 l2_grid=0,1e-6,1e-5,1e-4,1e-3,1e-2,1e-1,1,10 validation_fraction=0.2 fit_baselines_on_eval=false seed=1
2026-08-14 20:03:17,194 INFO [__main__] ========================================================================
2026-08-14 20:03:17,194 INFO [__main__] selected methods=('full_ridge_shared',)
2026-08-14 20:03:19,716 INFO [__main__] baseline selection start l2_grid=(0.0, 1e-06, 1e-05, 0.0001, 0.001, 0.01, 0.1, 1.0, 10.0)
2026-08-14 20:03:19,972 INFO [__main__] baseline selection done
2026-08-14 20:03:20,015 INFO [__main__] experiment done seconds=2.82
2026-08-14 20:03:20,015 INFO [__main__] ========================================================================
2026-08-14T20:03:20+02:00 baselines done configuration=7/12 dataset=Solar model=chronos2 formula=full_ridge_shared lags=168 horizon=24 retrieval=raw_euclidean_3_fixed
2026-08-14 20:03:22,591 INFO [__main__] extraction validation directory=/home/h61084/codes/adapts/outputs/extraction/Solar/336_48/chronos2/raw/euclidean/3/fixed/run_0 status=complete

2026-08-14T20:03:23+02:00 baselines start configuration=8/12 dataset=Solar model=chronos2 formula=full_ridge_shared lags=336 horizon=48 retrieval=raw_euclidean_3_fixed run=/home/h61084/codes/adapts/outputs/adaptation/offline_datastore_ablation/Solar/336_48/chronos2/full_ridge_shared/raw/euclidean/3/fixed/run_0 computation_signature=21cda11a14b5baee88ad7b0df049544b90a9495f517acccddf70bb34a745fa29 l2_grid=0,1e-6,1e-5,1e-4,1e-3,1e-2,1e-1,1,10 validation_fraction=0.2 fit_baselines_on_eval=false seed=1
2026-08-14 20:03:25,535 INFO [__main__] ========================================================================
2026-08-14 20:03:25,535 INFO [__main__] selected methods=('full_ridge_shared',)
2026-08-14 20:03:28,912 INFO [__main__] baseline selection start l2_grid=(0.0, 1e-06, 1e-05, 0.0001, 0.001, 0.01, 0.1, 1.0, 10.0)
2026-08-14 20:03:29,374 INFO [__main__] baseline selection done
2026-08-14 20:03:29,398 INFO [__main__] experiment done seconds=3.86
2026-08-14 20:03:29,398 INFO [__main__] ========================================================================
2026-08-14T20:03:29+02:00 baselines done configuration=8/12 dataset=Solar model=chronos2 formula=full_ridge_shared lags=336 horizon=48 retrieval=raw_euclidean_3_fixed
2026-08-14 20:03:31,908 INFO [__main__] extraction validation directory=/home/h61084/codes/adapts/outputs/extraction/Solar/504_168/chronos2/raw/euclidean/3/fixed/run_0 status=complete

2026-08-14T20:03:32+02:00 baselines start configuration=9/12 dataset=Solar model=chronos2 formula=full_ridge_shared lags=504 horizon=168 retrieval=raw_euclidean_3_fixed run=/home/h61084/codes/adapts/outputs/adaptation/offline_datastore_ablation/Solar/504_168/chronos2/full_ridge_shared/raw/euclidean/3/fixed/run_0 computation_signature=89234ec9778dde7e4f692c0424a56f0ab10f3673ebd610ef1810331b0337847e l2_grid=0,1e-6,1e-5,1e-4,1e-3,1e-2,1e-1,1,10 validation_fraction=0.2 fit_baselines_on_eval=false seed=1
2026-08-14 20:03:34,833 INFO [__main__] ========================================================================
2026-08-14 20:03:34,834 INFO [__main__] selected methods=('full_ridge_shared',)
2026-08-14 20:03:39,143 INFO [__main__] baseline selection start l2_grid=(0.0, 1e-06, 1e-05, 0.0001, 0.001, 0.01, 0.1, 1.0, 10.0)
2026-08-14 20:03:40,006 INFO [__main__] baseline selection done
2026-08-14 20:03:40,029 INFO [__main__] experiment done seconds=5.19
2026-08-14 20:03:40,029 INFO [__main__] ========================================================================
2026-08-14T20:03:40+02:00 baselines done configuration=9/12 dataset=Solar model=chronos2 formula=full_ridge_shared lags=504 horizon=168 retrieval=raw_euclidean_3_fixed
2026-08-14 20:03:42,637 INFO [__main__] extraction validation directory=/home/h61084/codes/adapts/outputs/extraction/exchange_rate/168_24/chronos2/raw/euclidean/3/fixed/run_0 status=complete

2026-08-14T20:03:43+02:00 baselines start configuration=10/12 dataset=exchange_rate model=chronos2 formula=full_ridge_shared lags=168 horizon=24 retrieval=raw_euclidean_3_fixed run=/home/h61084/codes/adapts/outputs/adaptation/offline_datastore_ablation/exchange_rate/168_24/chronos2/full_ridge_shared/raw/euclidean/3/fixed/run_0 computation_signature=148519ea4e50c612b1643e06b2125aa833bb64a3125a9a8df48a9cc67ca07b72 l2_grid=0,1e-6,1e-5,1e-4,1e-3,1e-2,1e-1,1,10 validation_fraction=0.2 fit_baselines_on_eval=false seed=1
2026-08-14 20:03:45,514 INFO [__main__] ========================================================================
2026-08-14 20:03:45,514 INFO [__main__] selected methods=('full_ridge_shared',)
2026-08-14 20:03:47,269 INFO [__main__] baseline selection start l2_grid=(0.0, 1e-06, 1e-05, 0.0001, 0.001, 0.01, 0.1, 1.0, 10.0)
2026-08-14 20:03:47,388 INFO [__main__] baseline selection done
2026-08-14 20:03:47,411 INFO [__main__] experiment done seconds=1.89
2026-08-14 20:03:47,411 INFO [__main__] ========================================================================
2026-08-14T20:03:47+02:00 baselines done configuration=10/12 dataset=exchange_rate model=chronos2 formula=full_ridge_shared lags=168 horizon=24 retrieval=raw_euclidean_3_fixed
2026-08-14 20:03:49,989 INFO [__main__] extraction validation directory=/home/h61084/codes/adapts/outputs/extraction/exchange_rate/336_48/chronos2/raw/euclidean/3/fixed/run_0 status=complete

2026-08-14T20:03:50+02:00 baselines start configuration=11/12 dataset=exchange_rate model=chronos2 formula=full_ridge_shared lags=336 horizon=48 retrieval=raw_euclidean_3_fixed run=/home/h61084/codes/adapts/outputs/adaptation/offline_datastore_ablation/exchange_rate/336_48/chronos2/full_ridge_shared/raw/euclidean/3/fixed/run_0 computation_signature=ca2731a5960d577441cf7edd48ae2c46657aead3630cd52447c6f6063ad98067 l2_grid=0,1e-6,1e-5,1e-4,1e-3,1e-2,1e-1,1,10 validation_fraction=0.2 fit_baselines_on_eval=false seed=1
2026-08-14 20:03:53,009 INFO [__main__] ========================================================================
2026-08-14 20:03:53,009 INFO [__main__] selected methods=('full_ridge_shared',)
2026-08-14 20:03:54,754 INFO [__main__] baseline selection start l2_grid=(0.0, 1e-06, 1e-05, 0.0001, 0.001, 0.01, 0.1, 1.0, 10.0)
2026-08-14 20:03:54,902 INFO [__main__] baseline selection done
2026-08-14 20:03:54,930 INFO [__main__] experiment done seconds=1.92
2026-08-14 20:03:54,930 INFO [__main__] ========================================================================
2026-08-14T20:03:55+02:00 baselines done configuration=11/12 dataset=exchange_rate model=chronos2 formula=full_ridge_shared lags=336 horizon=48 retrieval=raw_euclidean_3_fixed
2026-08-14 20:03:57,544 INFO [__main__] extraction validation directory=/home/h61084/codes/adapts/outputs/extraction/exchange_rate/504_168/chronos2/raw/euclidean/3/fixed/run_0 status=complete

2026-08-14T20:03:58+02:00 baselines start configuration=12/12 dataset=exchange_rate model=chronos2 formula=full_ridge_shared lags=504 horizon=168 retrieval=raw_euclidean_3_fixed run=/home/h61084/codes/adapts/outputs/adaptation/offline_datastore_ablation/exchange_rate/504_168/chronos2/full_ridge_shared/raw/euclidean/3/fixed/run_0 computation_signature=13adb6f6fbeb561dddce0fed39cdf60c712a0e9abb3bacd4d19b73a151eb4bd5 l2_grid=0,1e-6,1e-5,1e-4,1e-3,1e-2,1e-1,1,10 validation_fraction=0.2 fit_baselines_on_eval=false seed=1
2026-08-14 20:04:00,443 INFO [__main__] ========================================================================
2026-08-14 20:04:00,443 INFO [__main__] selected methods=('full_ridge_shared',)
2026-08-14 20:04:02,475 INFO [__main__] baseline selection start l2_grid=(0.0, 1e-06, 1e-05, 0.0001, 0.001, 0.01, 0.1, 1.0, 10.0)
2026-08-14 20:04:02,711 INFO [__main__] baseline selection done
2026-08-14 20:04:02,734 INFO [__main__] experiment done seconds=2.29
2026-08-14 20:04:02,734 INFO [__main__] ========================================================================
2026-08-14T20:04:03+02:00 baselines done configuration=12/12 dataset=exchange_rate model=chronos2 formula=full_ridge_shared lags=504 horizon=168 retrieval=raw_euclidean_3_fixed

2026-08-14T20:04:03+02:00 job done kind=baselines output=outputs/adaptation/offline_datastore_ablation

2026-08-14T20:04:03+02:00 job start kind=adaptation_extraction family=offline_datastore_ablation experiment_mode=full skip_complete=true tasks=24 datasets=Electricity,Traffic,Solar,exchange_rate models=chronos2 settings=168:24,336:48,504:168 distance_spaces=raw distance_metrics=euclidean neighbors=1
2026-08-14T20:04:03+02:00 skip complete family=extraction dataset=Electricity model=chronos2 lags=168 horizon=24 retrieval=vanilla run=/home/h61084/codes/adapts/outputs/extraction/Electricity/168_24/chronos2/none/none/0/none/run_1

2026-08-14T20:04:03+02:00 extraction start configuration=2/24 dataset=Electricity model=chronos2 lags=168 horizon=24 retrieval=raw_euclidean_1_fixed run=/home/h61084/codes/adapts/outputs/extraction/Electricity/168_24/chronos2/raw/euclidean/1/fixed/run_0 computation_signature=f70ef44370a6cd93b03b33fb63cb62da934f8050acb4e45c9b687cc1ba6efa2d period=24 align_period=false datastore_stride=25 adapt_stride=25 eval_stride=127 max_store_windows=30000 seed=1
2026-08-14 20:04:05,793 INFO [__main__] ========================================================================
2026-08-14 20:04:05,794 INFO [__main__] experiment start kind=extraction dataset=Electricity model=chronos2 lags=168 horizon=24 neighbors=1 distance=raw/euclidean
2026-08-14 20:04:06,130 INFO [__main__] dataset load start
2026-08-14 20:04:06,131 INFO [src.data.load_dataset] loaded dataset config path=/home/h61084/codes/datasets/electricity/config.json keys=['aggr', 'date_col', 'drop_users']
2026-08-14 20:04:06,901 INFO [__main__] dataset load done dates=26304 users=312
2026-08-14 20:04:06,902 INFO [__main__] model load start
2026-08-14 20:04:18,365 INFO [__main__] model load done name=chronos2 device=cuda parameters_total=119,477,664 parameters_trainable=0
2026-08-14 20:04:18,367 INFO [__main__] extraction start split=adapt queries=526
2026-08-14 20:08:36,714 INFO [__main__] extraction done split=adapt
2026-08-14 20:08:36,714 INFO [__main__] extraction start split=eval queries=42
2026-08-14 20:08:55,596 INFO [__main__] extraction done split=eval
2026-08-14 20:08:56,441 INFO [__main__] completion marker saved path=/home/h61084/codes/adapts/outputs/extraction/Electricity/168_24/chronos2/raw/euclidean/1/fixed/run_0/extraction_manifest.json
2026-08-14 20:08:56,441 INFO [__main__] outputs saved dir=/home/h61084/codes/adapts/outputs/extraction/Electricity/168_24/chronos2/raw/euclidean/1/fixed/run_0
2026-08-14 20:08:56,441 INFO [__main__] experiment done seconds=290.64
2026-08-14 20:08:56,441 INFO [__main__] ========================================================================
2026-08-14 20:08:59,872 INFO [__main__] extraction validation directory=/home/h61084/codes/adapts/outputs/extraction/Electricity/168_24/chronos2/raw/euclidean/1/fixed/run_0 status=complete
2026-08-14T20:09:00+02:00 extraction done configuration=2/24 dataset=Electricity model=chronos2 lags=168 horizon=24 retrieval=raw_euclidean_1_fixed
2026-08-14T20:09:00+02:00 skip complete family=extraction dataset=Electricity model=chronos2 lags=336 horizon=48 retrieval=vanilla run=/home/h61084/codes/adapts/outputs/extraction/Electricity/336_48/chronos2/none/none/0/none/run_1

2026-08-14T20:09:00+02:00 extraction start configuration=4/24 dataset=Electricity model=chronos2 lags=336 horizon=48 retrieval=raw_euclidean_1_fixed run=/home/h61084/codes/adapts/outputs/extraction/Electricity/336_48/chronos2/raw/euclidean/1/fixed/run_0 computation_signature=5b9d41990a1992fccaddf210b930de2df083384ca6a1345062907d2bc0a40a2f period=24 align_period=false datastore_stride=25 adapt_stride=25 eval_stride=127 max_store_windows=30000 seed=1
2026-08-14 20:09:02,935 INFO [__main__] ========================================================================
2026-08-14 20:09:02,936 INFO [__main__] experiment start kind=extraction dataset=Electricity model=chronos2 lags=336 horizon=48 neighbors=1 distance=raw/euclidean
2026-08-14 20:09:03,252 INFO [__main__] dataset load start
2026-08-14 20:09:03,254 INFO [src.data.load_dataset] loaded dataset config path=/home/h61084/codes/datasets/electricity/config.json keys=['aggr', 'date_col', 'drop_users']
2026-08-14 20:09:04,030 INFO [__main__] dataset load done dates=26304 users=312
2026-08-14 20:09:04,030 INFO [__main__] model load start
2026-08-14 20:09:15,646 INFO [__main__] model load done name=chronos2 device=cuda parameters_total=119,477,664 parameters_trainable=0
2026-08-14 20:09:15,649 INFO [__main__] extraction start split=adapt queries=525
2026-08-14 20:14:23,335 INFO [__main__] extraction done split=adapt
2026-08-14 20:14:23,336 INFO [__main__] extraction start split=eval queries=42
2026-08-14 20:14:49,747 INFO [__main__] extraction done split=eval
2026-08-14 20:14:50,655 INFO [__main__] completion marker saved path=/home/h61084/codes/adapts/outputs/extraction/Electricity/336_48/chronos2/raw/euclidean/1/fixed/run_0/extraction_manifest.json
2026-08-14 20:14:50,656 INFO [__main__] outputs saved dir=/home/h61084/codes/adapts/outputs/extraction/Electricity/336_48/chronos2/raw/euclidean/1/fixed/run_0
2026-08-14 20:14:50,656 INFO [__main__] experiment done seconds=347.71
2026-08-14 20:14:50,656 INFO [__main__] ========================================================================
2026-08-14 20:14:53,905 INFO [__main__] extraction validation directory=/home/h61084/codes/adapts/outputs/extraction/Electricity/336_48/chronos2/raw/euclidean/1/fixed/run_0 status=complete
2026-08-14T20:14:54+02:00 extraction done configuration=4/24 dataset=Electricity model=chronos2 lags=336 horizon=48 retrieval=raw_euclidean_1_fixed
2026-08-14T20:14:54+02:00 skip complete family=extraction dataset=Electricity model=chronos2 lags=504 horizon=168 retrieval=vanilla run=/home/h61084/codes/adapts/outputs/extraction/Electricity/504_168/chronos2/none/none/0/none/run_2

2026-08-14T20:14:54+02:00 extraction start configuration=6/24 dataset=Electricity model=chronos2 lags=504 horizon=168 retrieval=raw_euclidean_1_fixed run=/home/h61084/codes/adapts/outputs/extraction/Electricity/504_168/chronos2/raw/euclidean/1/fixed/run_0 computation_signature=f05e7a1fef3ac92be556a076b52a5b44fc632656585661e8c38b29db1e3446ed period=24 align_period=false datastore_stride=25 adapt_stride=25 eval_stride=127 max_store_windows=30000 seed=1
2026-08-14 20:14:56,905 INFO [__main__] ========================================================================
2026-08-14 20:14:56,905 INFO [__main__] experiment start kind=extraction dataset=Electricity model=chronos2 lags=504 horizon=168 neighbors=1 distance=raw/euclidean
2026-08-14 20:14:57,195 INFO [__main__] dataset load start
2026-08-14 20:14:57,196 INFO [src.data.load_dataset] loaded dataset config path=/home/h61084/codes/datasets/electricity/config.json keys=['aggr', 'date_col', 'drop_users']
2026-08-14 20:14:57,941 INFO [__main__] dataset load done dates=26304 users=312
2026-08-14 20:14:57,941 INFO [__main__] model load start
2026-08-14 20:15:08,857 INFO [__main__] model load done name=chronos2 device=cuda parameters_total=119,477,664 parameters_trainable=0
2026-08-14 20:15:08,859 INFO [__main__] extraction start split=adapt queries=520
2026-08-14 20:21:43,853 INFO [__main__] extraction done split=adapt
2026-08-14 20:21:43,853 INFO [__main__] extraction start split=eval queries=41
2026-08-14 20:22:18,238 INFO [__main__] extraction done split=eval
2026-08-14 20:22:19,144 INFO [__main__] completion marker saved path=/home/h61084/codes/adapts/outputs/extraction/Electricity/504_168/chronos2/raw/euclidean/1/fixed/run_0/extraction_manifest.json
2026-08-14 20:22:19,144 INFO [__main__] outputs saved dir=/home/h61084/codes/adapts/outputs/extraction/Electricity/504_168/chronos2/raw/euclidean/1/fixed/run_0
2026-08-14 20:22:19,144 INFO [__main__] experiment done seconds=442.23
2026-08-14 20:22:19,144 INFO [__main__] ========================================================================
2026-08-14 20:22:22,693 INFO [__main__] extraction validation directory=/home/h61084/codes/adapts/outputs/extraction/Electricity/504_168/chronos2/raw/euclidean/1/fixed/run_0 status=complete
2026-08-14T20:22:23+02:00 extraction done configuration=6/24 dataset=Electricity model=chronos2 lags=504 horizon=168 retrieval=raw_euclidean_1_fixed
2026-08-14T20:22:23+02:00 skip complete family=extraction dataset=Traffic model=chronos2 lags=168 horizon=24 retrieval=vanilla run=/home/h61084/codes/adapts/outputs/extraction/Traffic/168_24/chronos2/none/none/0/none/run_1

2026-08-14T20:22:23+02:00 extraction start configuration=8/24 dataset=Traffic model=chronos2 lags=168 horizon=24 retrieval=raw_euclidean_1_fixed run=/home/h61084/codes/adapts/outputs/extraction/Traffic/168_24/chronos2/raw/euclidean/1/fixed/run_0 computation_signature=4abd9e760676453e021c25f2761989e018bff967331dd8596dce3617229de109 period=24 align_period=false datastore_stride=25 adapt_stride=25 eval_stride=127 max_store_windows=30000 seed=1
2026-08-14 20:22:25,655 INFO [__main__] ========================================================================
2026-08-14 20:22:25,655 INFO [__main__] experiment start kind=extraction dataset=Traffic model=chronos2 lags=168 horizon=24 neighbors=1 distance=raw/euclidean
2026-08-14 20:22:25,947 INFO [__main__] dataset load start
2026-08-14 20:22:25,949 INFO [src.data.load_dataset] loaded dataset config path=/home/h61084/codes/datasets/traffic/config.json keys=['aggr', 'date_col', 'drop_users']
2026-08-14 20:22:27,039 INFO [__main__] dataset load done dates=17544 users=860
2026-08-14 20:22:27,039 INFO [__main__] model load start
2026-08-14 20:22:38,952 INFO [__main__] model load done name=chronos2 device=cuda parameters_total=119,477,664 parameters_trainable=0
2026-08-14 20:22:38,954 INFO [__main__] extraction start split=adapt queries=350
2026-08-14 20:29:06,500 INFO [__main__] extraction done split=adapt
2026-08-14 20:29:06,501 INFO [__main__] extraction start split=eval queries=28
2026-08-14 20:29:36,291 INFO [__main__] extraction done split=eval
2026-08-14 20:29:37,291 INFO [__main__] completion marker saved path=/home/h61084/codes/adapts/outputs/extraction/Traffic/168_24/chronos2/raw/euclidean/1/fixed/run_0/extraction_manifest.json
2026-08-14 20:29:37,291 INFO [__main__] outputs saved dir=/home/h61084/codes/adapts/outputs/extraction/Traffic/168_24/chronos2/raw/euclidean/1/fixed/run_0
2026-08-14 20:29:37,291 INFO [__main__] experiment done seconds=431.63
2026-08-14 20:29:37,291 INFO [__main__] ========================================================================
2026-08-14 20:29:40,712 INFO [__main__] extraction validation directory=/home/h61084/codes/adapts/outputs/extraction/Traffic/168_24/chronos2/raw/euclidean/1/fixed/run_0 status=complete
2026-08-14T20:29:41+02:00 extraction done configuration=8/24 dataset=Traffic model=chronos2 lags=168 horizon=24 retrieval=raw_euclidean_1_fixed
2026-08-14T20:29:41+02:00 skip complete family=extraction dataset=Traffic model=chronos2 lags=336 horizon=48 retrieval=vanilla run=/home/h61084/codes/adapts/outputs/extraction/Traffic/336_48/chronos2/none/none/0/none/run_1

2026-08-14T20:29:41+02:00 extraction start configuration=10/24 dataset=Traffic model=chronos2 lags=336 horizon=48 retrieval=raw_euclidean_1_fixed run=/home/h61084/codes/adapts/outputs/extraction/Traffic/336_48/chronos2/raw/euclidean/1/fixed/run_0 computation_signature=65640b5799e1960a07f7f2ab227e2594e795b890c70797e04b04903c0127190c period=24 align_period=false datastore_stride=25 adapt_stride=25 eval_stride=127 max_store_windows=30000 seed=1
2026-08-14 20:29:43,783 INFO [__main__] ========================================================================
2026-08-14 20:29:43,784 INFO [__main__] experiment start kind=extraction dataset=Traffic model=chronos2 lags=336 horizon=48 neighbors=1 distance=raw/euclidean
2026-08-14 20:29:44,084 INFO [__main__] dataset load start
2026-08-14 20:29:44,085 INFO [src.data.load_dataset] loaded dataset config path=/home/h61084/codes/datasets/traffic/config.json keys=['aggr', 'date_col', 'drop_users']
2026-08-14 20:29:45,209 INFO [__main__] dataset load done dates=17544 users=860
2026-08-14 20:29:45,209 INFO [__main__] model load start
2026-08-14 20:29:57,355 INFO [__main__] model load done name=chronos2 device=cuda parameters_total=119,477,664 parameters_trainable=0
2026-08-14 20:29:57,357 INFO [__main__] extraction start split=adapt queries=349
2026-08-14 20:38:22,703 INFO [__main__] extraction done split=adapt
2026-08-14 20:38:22,704 INFO [__main__] extraction start split=eval queries=28
2026-08-14 20:39:08,073 INFO [__main__] extraction done split=eval
2026-08-14 20:39:08,980 INFO [__main__] completion marker saved path=/home/h61084/codes/adapts/outputs/extraction/Traffic/336_48/chronos2/raw/euclidean/1/fixed/run_0/extraction_manifest.json
2026-08-14 20:39:08,980 INFO [__main__] outputs saved dir=/home/h61084/codes/adapts/outputs/extraction/Traffic/336_48/chronos2/raw/euclidean/1/fixed/run_0
2026-08-14 20:39:08,981 INFO [__main__] experiment done seconds=565.19
2026-08-14 20:39:08,981 INFO [__main__] ========================================================================
2026-08-14 20:39:12,496 INFO [__main__] extraction validation directory=/home/h61084/codes/adapts/outputs/extraction/Traffic/336_48/chronos2/raw/euclidean/1/fixed/run_0 status=complete
2026-08-14T20:39:12+02:00 extraction done configuration=10/24 dataset=Traffic model=chronos2 lags=336 horizon=48 retrieval=raw_euclidean_1_fixed
2026-08-14T20:39:13+02:00 skip complete family=extraction dataset=Traffic model=chronos2 lags=504 horizon=168 retrieval=vanilla run=/home/h61084/codes/adapts/outputs/extraction/Traffic/504_168/chronos2/none/none/0/none/run_1

2026-08-14T20:39:13+02:00 extraction start configuration=12/24 dataset=Traffic model=chronos2 lags=504 horizon=168 retrieval=raw_euclidean_1_fixed run=/home/h61084/codes/adapts/outputs/extraction/Traffic/504_168/chronos2/raw/euclidean/1/fixed/run_0 computation_signature=d295843aebdac1cfc02796b43ad9b1ddbc1a103673988cd1cdfcd6ffe9b6b342 period=24 align_period=false datastore_stride=25 adapt_stride=25 eval_stride=127 max_store_windows=30000 seed=1
2026-08-14 20:39:15,511 INFO [__main__] ========================================================================
2026-08-14 20:39:15,511 INFO [__main__] experiment start kind=extraction dataset=Traffic model=chronos2 lags=504 horizon=168 neighbors=1 distance=raw/euclidean
2026-08-14 20:39:15,817 INFO [__main__] dataset load start
2026-08-14 20:39:15,818 INFO [src.data.load_dataset] loaded dataset config path=/home/h61084/codes/datasets/traffic/config.json keys=['aggr', 'date_col', 'drop_users']
2026-08-14 20:39:17,057 INFO [__main__] dataset load done dates=17544 users=860
2026-08-14 20:39:17,057 INFO [__main__] model load start
2026-08-14 20:39:30,421 INFO [__main__] model load done name=chronos2 device=cuda parameters_total=119,477,664 parameters_trainable=0
2026-08-14 20:39:30,423 INFO [__main__] extraction start split=adapt queries=345
2026-08-14 20:50:25,091 INFO [__main__] extraction done split=adapt
2026-08-14 20:50:25,092 INFO [__main__] extraction start split=eval queries=27
2026-08-14 20:51:15,550 INFO [__main__] extraction done split=eval
2026-08-14 20:51:16,525 INFO [__main__] completion marker saved path=/home/h61084/codes/adapts/outputs/extraction/Traffic/504_168/chronos2/raw/euclidean/1/fixed/run_0/extraction_manifest.json
2026-08-14 20:51:16,525 INFO [__main__] outputs saved dir=/home/h61084/codes/adapts/outputs/extraction/Traffic/504_168/chronos2/raw/euclidean/1/fixed/run_0
2026-08-14 20:51:16,525 INFO [__main__] experiment done seconds=721.01
2026-08-14 20:51:16,525 INFO [__main__] ========================================================================
2026-08-14 20:51:20,343 INFO [__main__] extraction validation directory=/home/h61084/codes/adapts/outputs/extraction/Traffic/504_168/chronos2/raw/euclidean/1/fixed/run_0 status=complete
2026-08-14T20:51:20+02:00 extraction done configuration=12/24 dataset=Traffic model=chronos2 lags=504 horizon=168 retrieval=raw_euclidean_1_fixed
2026-08-14T20:51:20+02:00 skip complete family=extraction dataset=Solar model=chronos2 lags=168 horizon=24 retrieval=vanilla run=/home/h61084/codes/adapts/outputs/extraction/Solar/168_24/chronos2/none/none/0/none/run_1

2026-08-14T20:51:21+02:00 extraction start configuration=14/24 dataset=Solar model=chronos2 lags=168 horizon=24 retrieval=raw_euclidean_1_fixed run=/home/h61084/codes/adapts/outputs/extraction/Solar/168_24/chronos2/raw/euclidean/1/fixed/run_0 computation_signature=ac3fe46bb8c17ac04ab69ae2baf282b247f666d76b389e3cdf438d0b001be453 period=24 align_period=false datastore_stride=25 adapt_stride=25 eval_stride=127 max_store_windows=30000 seed=1
2026-08-14 20:51:23,509 INFO [__main__] ========================================================================
2026-08-14 20:51:23,509 INFO [__main__] experiment start kind=extraction dataset=Solar model=chronos2 lags=168 horizon=24 neighbors=1 distance=raw/euclidean
2026-08-14 20:51:23,817 INFO [__main__] dataset load start
2026-08-14 20:51:23,819 INFO [src.data.load_dataset] loaded dataset config path=/home/h61084/codes/datasets/solar/config.json keys=['aggr', 'date_col', 'drop_users']
2026-08-14 20:51:24,190 INFO [__main__] dataset load done dates=8760 users=137
2026-08-14 20:51:24,190 INFO [__main__] model load start
2026-08-14 20:51:36,122 INFO [__main__] model load done name=chronos2 device=cuda parameters_total=119,477,664 parameters_trainable=0
2026-08-14 20:51:36,123 INFO [__main__] extraction start split=adapt queries=175
2026-08-14 20:52:13,573 INFO [__main__] extraction done split=adapt
2026-08-14 20:52:13,573 INFO [__main__] extraction start split=eval queries=14
2026-08-14 20:52:16,486 INFO [__main__] extraction done split=eval
2026-08-14 20:52:17,044 INFO [__main__] completion marker saved path=/home/h61084/codes/adapts/outputs/extraction/Solar/168_24/chronos2/raw/euclidean/1/fixed/run_0/extraction_manifest.json
2026-08-14 20:52:17,045 INFO [__main__] outputs saved dir=/home/h61084/codes/adapts/outputs/extraction/Solar/168_24/chronos2/raw/euclidean/1/fixed/run_0
2026-08-14 20:52:17,045 INFO [__main__] experiment done seconds=53.53
2026-08-14 20:52:17,046 INFO [__main__] ========================================================================
2026-08-14 20:52:20,302 INFO [__main__] extraction validation directory=/home/h61084/codes/adapts/outputs/extraction/Solar/168_24/chronos2/raw/euclidean/1/fixed/run_0 status=complete
2026-08-14T20:52:20+02:00 extraction done configuration=14/24 dataset=Solar model=chronos2 lags=168 horizon=24 retrieval=raw_euclidean_1_fixed
2026-08-14T20:52:20+02:00 skip complete family=extraction dataset=Solar model=chronos2 lags=336 horizon=48 retrieval=vanilla run=/home/h61084/codes/adapts/outputs/extraction/Solar/336_48/chronos2/none/none/0/none/run_1

2026-08-14T20:52:21+02:00 extraction start configuration=16/24 dataset=Solar model=chronos2 lags=336 horizon=48 retrieval=raw_euclidean_1_fixed run=/home/h61084/codes/adapts/outputs/extraction/Solar/336_48/chronos2/raw/euclidean/1/fixed/run_0 computation_signature=db0086d73cc7bda8cd822373291cbe8938d75e85895ca5fb2a4b095bd62cfb51 period=24 align_period=false datastore_stride=25 adapt_stride=25 eval_stride=127 max_store_windows=30000 seed=1
2026-08-14 20:52:23,464 INFO [__main__] ========================================================================
2026-08-14 20:52:23,464 INFO [__main__] experiment start kind=extraction dataset=Solar model=chronos2 lags=336 horizon=48 neighbors=1 distance=raw/euclidean
2026-08-14 20:52:23,777 INFO [__main__] dataset load start
2026-08-14 20:52:23,778 INFO [src.data.load_dataset] loaded dataset config path=/home/h61084/codes/datasets/solar/config.json keys=['aggr', 'date_col', 'drop_users']
2026-08-14 20:52:24,144 INFO [__main__] dataset load done dates=8760 users=137
2026-08-14 20:52:24,144 INFO [__main__] model load start
2026-08-14 20:52:32,262 INFO [__main__] model load done name=chronos2 device=cuda parameters_total=119,477,664 parameters_trainable=0
2026-08-14 20:52:32,264 INFO [__main__] extraction start split=adapt queries=174
2026-08-14 20:53:31,282 INFO [__main__] extraction done split=adapt
2026-08-14 20:53:31,282 INFO [__main__] extraction start split=eval queries=14
2026-08-14 20:53:35,766 INFO [__main__] extraction done split=eval
2026-08-14 20:53:36,540 INFO [__main__] completion marker saved path=/home/h61084/codes/adapts/outputs/extraction/Solar/336_48/chronos2/raw/euclidean/1/fixed/run_0/extraction_manifest.json
2026-08-14 20:53:36,540 INFO [__main__] outputs saved dir=/home/h61084/codes/adapts/outputs/extraction/Solar/336_48/chronos2/raw/euclidean/1/fixed/run_0
2026-08-14 20:53:36,540 INFO [__main__] experiment done seconds=73.07
2026-08-14 20:53:36,540 INFO [__main__] ========================================================================
2026-08-14 20:53:39,736 INFO [__main__] extraction validation directory=/home/h61084/codes/adapts/outputs/extraction/Solar/336_48/chronos2/raw/euclidean/1/fixed/run_0 status=complete
2026-08-14T20:53:40+02:00 extraction done configuration=16/24 dataset=Solar model=chronos2 lags=336 horizon=48 retrieval=raw_euclidean_1_fixed
2026-08-14T20:53:40+02:00 skip complete family=extraction dataset=Solar model=chronos2 lags=504 horizon=168 retrieval=vanilla run=/home/h61084/codes/adapts/outputs/extraction/Solar/504_168/chronos2/none/none/0/none/run_1

2026-08-14T20:53:40+02:00 extraction start configuration=18/24 dataset=Solar model=chronos2 lags=504 horizon=168 retrieval=raw_euclidean_1_fixed run=/home/h61084/codes/adapts/outputs/extraction/Solar/504_168/chronos2/raw/euclidean/1/fixed/run_0 computation_signature=e0771aebdca1714fd061a41d36388382d286373dd0e1e7cb02cd5cf15a27fc5e period=24 align_period=false datastore_stride=25 adapt_stride=25 eval_stride=127 max_store_windows=30000 seed=1
2026-08-14 20:53:42,663 INFO [__main__] ========================================================================
2026-08-14 20:53:42,663 INFO [__main__] experiment start kind=extraction dataset=Solar model=chronos2 lags=504 horizon=168 neighbors=1 distance=raw/euclidean
2026-08-14 20:53:43,005 INFO [__main__] dataset load start
2026-08-14 20:53:43,006 INFO [src.data.load_dataset] loaded dataset config path=/home/h61084/codes/datasets/solar/config.json keys=['aggr', 'date_col', 'drop_users']
2026-08-14 20:53:43,406 INFO [__main__] dataset load done dates=8760 users=137
2026-08-14 20:53:43,406 INFO [__main__] model load start
2026-08-14 20:53:54,952 INFO [__main__] model load done name=chronos2 device=cuda parameters_total=119,477,664 parameters_trainable=0
2026-08-14 20:53:54,953 INFO [__main__] extraction start split=adapt queries=169
2026-08-14 20:55:01,433 INFO [__main__] extraction done split=adapt
2026-08-14 20:55:01,433 INFO [__main__] extraction start split=eval queries=13
2026-08-14 20:55:06,323 INFO [__main__] extraction done split=eval
2026-08-14 20:55:07,080 INFO [__main__] completion marker saved path=/home/h61084/codes/adapts/outputs/extraction/Solar/504_168/chronos2/raw/euclidean/1/fixed/run_0/extraction_manifest.json
2026-08-14 20:55:07,081 INFO [__main__] outputs saved dir=/home/h61084/codes/adapts/outputs/extraction/Solar/504_168/chronos2/raw/euclidean/1/fixed/run_0
2026-08-14 20:55:07,081 INFO [__main__] experiment done seconds=84.41
2026-08-14 20:55:07,081 INFO [__main__] ========================================================================
2026-08-14 20:55:10,426 INFO [__main__] extraction validation directory=/home/h61084/codes/adapts/outputs/extraction/Solar/504_168/chronos2/raw/euclidean/1/fixed/run_0 status=complete
2026-08-14T20:55:10+02:00 extraction done configuration=18/24 dataset=Solar model=chronos2 lags=504 horizon=168 retrieval=raw_euclidean_1_fixed
2026-08-14T20:55:10+02:00 skip complete family=extraction dataset=exchange_rate model=chronos2 lags=168 horizon=24 retrieval=vanilla run=/home/h61084/codes/adapts/outputs/extraction/exchange_rate/168_24/chronos2/none/none/0/none/run_1

2026-08-14T20:55:11+02:00 extraction start configuration=20/24 dataset=exchange_rate model=chronos2 lags=168 horizon=24 retrieval=raw_euclidean_1_fixed run=/home/h61084/codes/adapts/outputs/extraction/exchange_rate/168_24/chronos2/raw/euclidean/1/fixed/run_0 computation_signature=5c7c15248c129693f704499a7cb2f92bc7a5c0493a44303e7c468a4d8117f61b period=24 align_period=false datastore_stride=25 adapt_stride=25 eval_stride=127 max_store_windows=30000 seed=1
2026-08-14 20:55:13,482 INFO [__main__] ========================================================================
2026-08-14 20:55:13,482 INFO [__main__] experiment start kind=extraction dataset=exchange_rate model=chronos2 lags=168 horizon=24 neighbors=1 distance=raw/euclidean
2026-08-14 20:55:13,792 INFO [__main__] dataset load start
2026-08-14 20:55:13,794 INFO [src.data.load_dataset] loaded dataset config path=/home/h61084/codes/datasets/exchange_rate/config.json keys=['aggr', 'date_col', 'drop_users']
2026-08-14 20:55:13,812 INFO [__main__] dataset load done dates=7588 users=8
2026-08-14 20:55:13,812 INFO [__main__] model load start
2026-08-14 20:55:25,846 INFO [__main__] model load done name=chronos2 device=cuda parameters_total=119,477,664 parameters_trainable=0
2026-08-14 20:55:25,846 INFO [__main__] extraction start split=adapt queries=151
2026-08-14 20:55:33,054 INFO [__main__] extraction done split=adapt
2026-08-14 20:55:33,054 INFO [__main__] extraction start split=eval queries=12
2026-08-14 20:55:33,599 INFO [__main__] extraction done split=eval
2026-08-14 20:55:34,166 INFO [__main__] completion marker saved path=/home/h61084/codes/adapts/outputs/extraction/exchange_rate/168_24/chronos2/raw/euclidean/1/fixed/run_0/extraction_manifest.json
2026-08-14 20:55:34,166 INFO [__main__] outputs saved dir=/home/h61084/codes/adapts/outputs/extraction/exchange_rate/168_24/chronos2/raw/euclidean/1/fixed/run_0
2026-08-14 20:55:34,166 INFO [__main__] experiment done seconds=20.68
2026-08-14 20:55:34,166 INFO [__main__] ========================================================================
2026-08-14 20:55:36,973 INFO [__main__] extraction validation directory=/home/h61084/codes/adapts/outputs/extraction/exchange_rate/168_24/chronos2/raw/euclidean/1/fixed/run_0 status=complete
2026-08-14T20:55:37+02:00 extraction done configuration=20/24 dataset=exchange_rate model=chronos2 lags=168 horizon=24 retrieval=raw_euclidean_1_fixed
2026-08-14T20:55:37+02:00 skip complete family=extraction dataset=exchange_rate model=chronos2 lags=336 horizon=48 retrieval=vanilla run=/home/h61084/codes/adapts/outputs/extraction/exchange_rate/336_48/chronos2/none/none/0/none/run_1

2026-08-14T20:55:37+02:00 extraction start configuration=22/24 dataset=exchange_rate model=chronos2 lags=336 horizon=48 retrieval=raw_euclidean_1_fixed run=/home/h61084/codes/adapts/outputs/extraction/exchange_rate/336_48/chronos2/raw/euclidean/1/fixed/run_0 computation_signature=2963a6d95d62640d0fa5d6664c59883f697ac13e697eae0d91c0b2771d58a1ea period=24 align_period=false datastore_stride=25 adapt_stride=25 eval_stride=127 max_store_windows=30000 seed=1
2026-08-14 20:55:40,022 INFO [__main__] ========================================================================
2026-08-14 20:55:40,023 INFO [__main__] experiment start kind=extraction dataset=exchange_rate model=chronos2 lags=336 horizon=48 neighbors=1 distance=raw/euclidean
2026-08-14 20:55:40,354 INFO [__main__] dataset load start
2026-08-14 20:55:40,356 INFO [src.data.load_dataset] loaded dataset config path=/home/h61084/codes/datasets/exchange_rate/config.json keys=['aggr', 'date_col', 'drop_users']
2026-08-14 20:55:40,371 INFO [__main__] dataset load done dates=7588 users=8
2026-08-14 20:55:40,371 INFO [__main__] model load start
2026-08-14 20:55:48,279 INFO [__main__] model load done name=chronos2 device=cuda parameters_total=119,477,664 parameters_trainable=0
2026-08-14 20:55:48,280 INFO [__main__] extraction start split=adapt queries=150
2026-08-14 20:55:56,939 INFO [__main__] extraction done split=adapt
2026-08-14 20:55:56,939 INFO [__main__] extraction start split=eval queries=12
2026-08-14 20:55:57,555 INFO [__main__] extraction done split=eval
2026-08-14 20:55:58,116 INFO [__main__] completion marker saved path=/home/h61084/codes/adapts/outputs/extraction/exchange_rate/336_48/chronos2/raw/euclidean/1/fixed/run_0/extraction_manifest.json
2026-08-14 20:55:58,116 INFO [__main__] outputs saved dir=/home/h61084/codes/adapts/outputs/extraction/exchange_rate/336_48/chronos2/raw/euclidean/1/fixed/run_0
2026-08-14 20:55:58,116 INFO [__main__] experiment done seconds=18.09
2026-08-14 20:55:58,116 INFO [__main__] ========================================================================
2026-08-14 20:56:00,875 INFO [__main__] extraction validation directory=/home/h61084/codes/adapts/outputs/extraction/exchange_rate/336_48/chronos2/raw/euclidean/1/fixed/run_0 status=complete
2026-08-14T20:56:01+02:00 extraction done configuration=22/24 dataset=exchange_rate model=chronos2 lags=336 horizon=48 retrieval=raw_euclidean_1_fixed
2026-08-14T20:56:01+02:00 skip complete family=extraction dataset=exchange_rate model=chronos2 lags=504 horizon=168 retrieval=vanilla run=/home/h61084/codes/adapts/outputs/extraction/exchange_rate/504_168/chronos2/none/none/0/none/run_1

2026-08-14T20:56:01+02:00 extraction start configuration=24/24 dataset=exchange_rate model=chronos2 lags=504 horizon=168 retrieval=raw_euclidean_1_fixed run=/home/h61084/codes/adapts/outputs/extraction/exchange_rate/504_168/chronos2/raw/euclidean/1/fixed/run_0 computation_signature=1bb4503cd6fbfd4f193436d938cd75f30eeef92d526f5aa18ed5f82e177ec991 period=24 align_period=false datastore_stride=25 adapt_stride=25 eval_stride=127 max_store_windows=30000 seed=1
2026-08-14 20:56:03,904 INFO [__main__] ========================================================================
2026-08-14 20:56:03,904 INFO [__main__] experiment start kind=extraction dataset=exchange_rate model=chronos2 lags=504 horizon=168 neighbors=1 distance=raw/euclidean
2026-08-14 20:56:04,210 INFO [__main__] dataset load start
2026-08-14 20:56:04,211 INFO [src.data.load_dataset] loaded dataset config path=/home/h61084/codes/datasets/exchange_rate/config.json keys=['aggr', 'date_col', 'drop_users']
2026-08-14 20:56:04,226 INFO [__main__] dataset load done dates=7588 users=8
2026-08-14 20:56:04,226 INFO [__main__] model load start
2026-08-14 20:56:12,035 INFO [__main__] model load done name=chronos2 device=cuda parameters_total=119,477,664 parameters_trainable=0
2026-08-14 20:56:12,036 INFO [__main__] extraction start split=adapt queries=146
2026-08-14 20:56:21,283 INFO [__main__] extraction done split=adapt
2026-08-14 20:56:21,283 INFO [__main__] extraction start split=eval queries=11
2026-08-14 20:56:21,855 INFO [__main__] extraction done split=eval
2026-08-14 20:56:22,783 INFO [__main__] completion marker saved path=/home/h61084/codes/adapts/outputs/extraction/exchange_rate/504_168/chronos2/raw/euclidean/1/fixed/run_0/extraction_manifest.json
2026-08-14 20:56:22,784 INFO [__main__] outputs saved dir=/home/h61084/codes/adapts/outputs/extraction/exchange_rate/504_168/chronos2/raw/euclidean/1/fixed/run_0
2026-08-14 20:56:22,784 INFO [__main__] experiment done seconds=18.87
2026-08-14 20:56:22,784 INFO [__main__] ========================================================================
2026-08-14 20:56:26,007 INFO [__main__] extraction validation directory=/home/h61084/codes/adapts/outputs/extraction/exchange_rate/504_168/chronos2/raw/euclidean/1/fixed/run_0 status=complete
2026-08-14T20:56:26+02:00 extraction done configuration=24/24 dataset=exchange_rate model=chronos2 lags=504 horizon=168 retrieval=raw_euclidean_1_fixed

2026-08-14T20:56:26+02:00 job done kind=adaptation_extraction output=outputs/extraction

2026-08-14T20:56:26+02:00 job start kind=gates family=offline_datastore_ablation experiment_mode=full skip_complete=true tasks=12 datasets=Electricity,Traffic,Solar,exchange_rate models=chronos2 settings=168:24,336:48,504:168 distance_spaces=raw distance_metrics=euclidean neighbors=1 methods=catboost_cov_regressor_shared,bayes_cov_shared task_type=CPU thread_count=2 horizon_fits=serial allocated_cpus=16 results_root=outputs/adaptation/offline_datastore_ablation
2026-08-14 20:56:29,277 INFO [__main__] extraction validation directory=/home/h61084/codes/adapts/outputs/extraction/Electricity/168_24/chronos2/raw/euclidean/1/fixed/run_0 status=complete

2026-08-14T20:56:30+02:00 gates start configuration=1/12 dataset=Electricity model=chronos2 formula=catboost_cov_regressor_shared lags=168 horizon=24 retrieval=raw_euclidean_1_fixed run=/home/h61084/codes/adapts/outputs/adaptation/offline_datastore_ablation/Electricity/168_24/chronos2/catboost_cov_regressor_shared/raw/euclidean/1/fixed/run_0 computation_signature=5244f82e7b24857672caee3d2e42b571b07ba7872d555ab02001fc79d55fc0df iterations=300 learning_rate=0.03 depth=4 early_stopping_rounds=50 task_type=CPU thread_count=2 validation_fraction=0.2 seed=1
2026-08-14 20:56:32,529 INFO [__main__] ========================================================================
2026-08-14 20:56:32,529 INFO [__main__] selected methods=('catboost_cov_regressor_shared',)
2026-08-14 20:56:38,024 INFO [__main__] gate fitting start candidate=cov
2026-08-14 20:56:40,722 INFO [__main__] gate fitting done candidate=cov
2026-08-14 20:56:41,322 INFO [__main__] experiment done seconds=8.79
2026-08-14 20:56:41,322 INFO [__main__] ========================================================================
2026-08-14T20:56:42+02:00 gates done configuration=1/12 dataset=Electricity model=chronos2 formula=catboost_cov_regressor_shared lags=168 horizon=24 retrieval=raw_euclidean_1_fixed

2026-08-14T20:56:42+02:00 gates start configuration=1/12 dataset=Electricity model=chronos2 formula=bayes_cov_shared lags=168 horizon=24 retrieval=raw_euclidean_1_fixed run=/home/h61084/codes/adapts/outputs/adaptation/offline_datastore_ablation/Electricity/168_24/chronos2/bayes_cov_shared/raw/euclidean/1/fixed/run_0 computation_signature=ef9325f7d26b0b4f081e06237397e51c74f190b7c86d61b09d486d720ebd14e1 iterations=300 learning_rate=0.03 depth=4 early_stopping_rounds=50 task_type=CPU thread_count=2 validation_fraction=0.2 seed=1
2026-08-14 20:56:44,737 INFO [__main__] ========================================================================
2026-08-14 20:56:44,737 INFO [__main__] selected methods=('bayes_cov_shared',)
2026-08-14 20:56:47,116 INFO [__main__] gate fitting start candidate=cov
2026-08-14 20:56:47,319 INFO [__main__] gate fitting done candidate=cov
2026-08-14 20:56:47,346 INFO [__main__] experiment done seconds=2.61
2026-08-14 20:56:47,346 INFO [__main__] ========================================================================
2026-08-14T20:56:47+02:00 gates done configuration=1/12 dataset=Electricity model=chronos2 formula=bayes_cov_shared lags=168 horizon=24 retrieval=raw_euclidean_1_fixed
2026-08-14 20:56:50,220 INFO [__main__] extraction validation directory=/home/h61084/codes/adapts/outputs/extraction/Electricity/336_48/chronos2/raw/euclidean/1/fixed/run_0 status=complete

2026-08-14T20:56:50+02:00 gates start configuration=2/12 dataset=Electricity model=chronos2 formula=catboost_cov_regressor_shared lags=336 horizon=48 retrieval=raw_euclidean_1_fixed run=/home/h61084/codes/adapts/outputs/adaptation/offline_datastore_ablation/Electricity/336_48/chronos2/catboost_cov_regressor_shared/raw/euclidean/1/fixed/run_0 computation_signature=4e1ff26b198ff0f4e2dd656a84707700889132c231059a89ef2b3e8343c3ba30 iterations=300 learning_rate=0.03 depth=4 early_stopping_rounds=50 task_type=CPU thread_count=2 validation_fraction=0.2 seed=1
2026-08-14 20:56:53,254 INFO [__main__] ========================================================================
2026-08-14 20:56:53,254 INFO [__main__] selected methods=('catboost_cov_regressor_shared',)
2026-08-14 20:57:00,681 INFO [__main__] gate fitting start candidate=cov
2026-08-14 20:57:04,464 INFO [__main__] gate fitting done candidate=cov
2026-08-14 20:57:05,066 INFO [__main__] experiment done seconds=11.81
2026-08-14 20:57:05,066 INFO [__main__] ========================================================================
2026-08-14T20:57:05+02:00 gates done configuration=2/12 dataset=Electricity model=chronos2 formula=catboost_cov_regressor_shared lags=336 horizon=48 retrieval=raw_euclidean_1_fixed

2026-08-14T20:57:05+02:00 gates start configuration=2/12 dataset=Electricity model=chronos2 formula=bayes_cov_shared lags=336 horizon=48 retrieval=raw_euclidean_1_fixed run=/home/h61084/codes/adapts/outputs/adaptation/offline_datastore_ablation/Electricity/336_48/chronos2/bayes_cov_shared/raw/euclidean/1/fixed/run_0 computation_signature=3b42f104208b9d8dad953985119b7a2e11f1c8bb3a0c6aaa0837a532d910cbfb iterations=300 learning_rate=0.03 depth=4 early_stopping_rounds=50 task_type=CPU thread_count=2 validation_fraction=0.2 seed=1
2026-08-14 20:57:08,316 INFO [__main__] ========================================================================
2026-08-14 20:57:08,316 INFO [__main__] selected methods=('bayes_cov_shared',)
2026-08-14 20:57:11,427 INFO [__main__] gate fitting start candidate=cov
2026-08-14 20:57:11,734 INFO [__main__] gate fitting done candidate=cov
2026-08-14 20:57:11,761 INFO [__main__] experiment done seconds=3.44
2026-08-14 20:57:11,761 INFO [__main__] ========================================================================
2026-08-14T20:57:12+02:00 gates done configuration=2/12 dataset=Electricity model=chronos2 formula=bayes_cov_shared lags=336 horizon=48 retrieval=raw_euclidean_1_fixed
2026-08-14 20:57:14,466 INFO [__main__] extraction validation directory=/home/h61084/codes/adapts/outputs/extraction/Electricity/504_168/chronos2/raw/euclidean/1/fixed/run_0 status=complete

2026-08-14T20:57:15+02:00 gates start configuration=3/12 dataset=Electricity model=chronos2 formula=catboost_cov_regressor_shared lags=504 horizon=168 retrieval=raw_euclidean_1_fixed run=/home/h61084/codes/adapts/outputs/adaptation/offline_datastore_ablation/Electricity/504_168/chronos2/catboost_cov_regressor_shared/raw/euclidean/1/fixed/run_0 computation_signature=b4a3ef701472603f7c840a804eff8f8747b0a0967e11e69a00a76c2c31ef7c94 iterations=300 learning_rate=0.03 depth=4 early_stopping_rounds=50 task_type=CPU thread_count=2 validation_fraction=0.2 seed=1
2026-08-14 20:57:17,358 INFO [__main__] ========================================================================
2026-08-14 20:57:17,359 INFO [__main__] selected methods=('catboost_cov_regressor_shared',)
2026-08-14 20:57:29,711 INFO [__main__] gate fitting start candidate=cov
2026-08-14 20:57:33,975 INFO [__main__] gate fitting done candidate=cov
2026-08-14 20:57:34,620 INFO [__main__] experiment done seconds=17.26
2026-08-14 20:57:34,621 INFO [__main__] ========================================================================
2026-08-14T20:57:35+02:00 gates done configuration=3/12 dataset=Electricity model=chronos2 formula=catboost_cov_regressor_shared lags=504 horizon=168 retrieval=raw_euclidean_1_fixed

2026-08-14T20:57:35+02:00 gates start configuration=3/12 dataset=Electricity model=chronos2 formula=bayes_cov_shared lags=504 horizon=168 retrieval=raw_euclidean_1_fixed run=/home/h61084/codes/adapts/outputs/adaptation/offline_datastore_ablation/Electricity/504_168/chronos2/bayes_cov_shared/raw/euclidean/1/fixed/run_0 computation_signature=dfd2cb219398491a88270fb79e0c6585fd100b9b9229a5908a24f1be55af831d iterations=300 learning_rate=0.03 depth=4 early_stopping_rounds=50 task_type=CPU thread_count=2 validation_fraction=0.2 seed=1
2026-08-14 20:57:38,946 INFO [__main__] ========================================================================
2026-08-14 20:57:38,946 INFO [__main__] selected methods=('bayes_cov_shared',)
2026-08-14 20:57:44,187 INFO [__main__] gate fitting start candidate=cov
2026-08-14 20:57:45,229 INFO [__main__] gate fitting done candidate=cov
2026-08-14 20:57:45,262 INFO [__main__] experiment done seconds=6.31
2026-08-14 20:57:45,262 INFO [__main__] ========================================================================
2026-08-14T20:57:45+02:00 gates done configuration=3/12 dataset=Electricity model=chronos2 formula=bayes_cov_shared lags=504 horizon=168 retrieval=raw_euclidean_1_fixed
2026-08-14 20:57:48,142 INFO [__main__] extraction validation directory=/home/h61084/codes/adapts/outputs/extraction/Traffic/168_24/chronos2/raw/euclidean/1/fixed/run_0 status=complete

2026-08-14T20:57:48+02:00 gates start configuration=4/12 dataset=Traffic model=chronos2 formula=catboost_cov_regressor_shared lags=168 horizon=24 retrieval=raw_euclidean_1_fixed run=/home/h61084/codes/adapts/outputs/adaptation/offline_datastore_ablation/Traffic/168_24/chronos2/catboost_cov_regressor_shared/raw/euclidean/1/fixed/run_0 computation_signature=77cd45d13249ed7ee7c2e3c3e50b29bfa60cee5949d4e7918a404d658b12c3cd iterations=300 learning_rate=0.03 depth=4 early_stopping_rounds=50 task_type=CPU thread_count=2 validation_fraction=0.2 seed=1
2026-08-14 20:57:51,350 INFO [__main__] ========================================================================
2026-08-14 20:57:51,351 INFO [__main__] selected methods=('catboost_cov_regressor_shared',)
2026-08-14 20:57:58,970 INFO [__main__] gate fitting start candidate=cov
2026-08-14 20:58:07,175 INFO [__main__] gate fitting done candidate=cov
2026-08-14 20:58:07,786 INFO [__main__] experiment done seconds=16.43
2026-08-14 20:58:07,786 INFO [__main__] ========================================================================
2026-08-14T20:58:08+02:00 gates done configuration=4/12 dataset=Traffic model=chronos2 formula=catboost_cov_regressor_shared lags=168 horizon=24 retrieval=raw_euclidean_1_fixed

2026-08-14T20:58:08+02:00 gates start configuration=4/12 dataset=Traffic model=chronos2 formula=bayes_cov_shared lags=168 horizon=24 retrieval=raw_euclidean_1_fixed run=/home/h61084/codes/adapts/outputs/adaptation/offline_datastore_ablation/Traffic/168_24/chronos2/bayes_cov_shared/raw/euclidean/1/fixed/run_0 computation_signature=7284aa119a5dab8467acbeb21cfebdfc9462b97b3103455c1c06cc3b0abb719f iterations=300 learning_rate=0.03 depth=4 early_stopping_rounds=50 task_type=CPU thread_count=2 validation_fraction=0.2 seed=1
2026-08-14 20:58:11,034 INFO [__main__] ========================================================================
2026-08-14 20:58:11,034 INFO [__main__] selected methods=('bayes_cov_shared',)
2026-08-14 20:58:14,070 INFO [__main__] gate fitting start candidate=cov
2026-08-14 20:58:14,361 INFO [__main__] gate fitting done candidate=cov
2026-08-14 20:58:14,403 INFO [__main__] experiment done seconds=3.37
2026-08-14 20:58:14,403 INFO [__main__] ========================================================================
2026-08-14T20:58:14+02:00 gates done configuration=4/12 dataset=Traffic model=chronos2 formula=bayes_cov_shared lags=168 horizon=24 retrieval=raw_euclidean_1_fixed
2026-08-14 20:58:17,019 INFO [__main__] extraction validation directory=/home/h61084/codes/adapts/outputs/extraction/Traffic/336_48/chronos2/raw/euclidean/1/fixed/run_0 status=complete

2026-08-14T20:58:17+02:00 gates start configuration=5/12 dataset=Traffic model=chronos2 formula=catboost_cov_regressor_shared lags=336 horizon=48 retrieval=raw_euclidean_1_fixed run=/home/h61084/codes/adapts/outputs/adaptation/offline_datastore_ablation/Traffic/336_48/chronos2/catboost_cov_regressor_shared/raw/euclidean/1/fixed/run_0 computation_signature=1de03fc61d5678a4b7cd96ce0a999489fe75168764642a2c716a23ed6b256d88 iterations=300 learning_rate=0.03 depth=4 early_stopping_rounds=50 task_type=CPU thread_count=2 validation_fraction=0.2 seed=1
2026-08-14 20:58:20,045 INFO [__main__] ========================================================================
2026-08-14 20:58:20,045 INFO [__main__] selected methods=('catboost_cov_regressor_shared',)
2026-08-14 20:58:31,900 INFO [__main__] gate fitting start candidate=cov
2026-08-14 20:58:35,066 INFO [__main__] gate fitting done candidate=cov
2026-08-14 20:58:35,669 INFO [__main__] experiment done seconds=15.62
2026-08-14 20:58:35,669 INFO [__main__] ========================================================================
2026-08-14T20:58:36+02:00 gates done configuration=5/12 dataset=Traffic model=chronos2 formula=catboost_cov_regressor_shared lags=336 horizon=48 retrieval=raw_euclidean_1_fixed

2026-08-14T20:58:36+02:00 gates start configuration=5/12 dataset=Traffic model=chronos2 formula=bayes_cov_shared lags=336 horizon=48 retrieval=raw_euclidean_1_fixed run=/home/h61084/codes/adapts/outputs/adaptation/offline_datastore_ablation/Traffic/336_48/chronos2/bayes_cov_shared/raw/euclidean/1/fixed/run_0 computation_signature=2cedcce7bec8ad43c6fe1ec00c75d18f09702e8c9956129236e8481320524daf iterations=300 learning_rate=0.03 depth=4 early_stopping_rounds=50 task_type=CPU thread_count=2 validation_fraction=0.2 seed=1
2026-08-14 20:58:39,148 INFO [__main__] ========================================================================
2026-08-14 20:58:39,148 INFO [__main__] selected methods=('bayes_cov_shared',)
2026-08-14 20:58:43,229 INFO [__main__] gate fitting start candidate=cov
2026-08-14 20:58:43,731 INFO [__main__] gate fitting done candidate=cov
2026-08-14 20:58:43,759 INFO [__main__] experiment done seconds=4.61
2026-08-14 20:58:43,759 INFO [__main__] ========================================================================
2026-08-14T20:58:44+02:00 gates done configuration=5/12 dataset=Traffic model=chronos2 formula=bayes_cov_shared lags=336 horizon=48 retrieval=raw_euclidean_1_fixed
2026-08-14 20:58:46,261 INFO [__main__] extraction validation directory=/home/h61084/codes/adapts/outputs/extraction/Traffic/504_168/chronos2/raw/euclidean/1/fixed/run_0 status=complete

2026-08-14T20:58:46+02:00 gates start configuration=6/12 dataset=Traffic model=chronos2 formula=catboost_cov_regressor_shared lags=504 horizon=168 retrieval=raw_euclidean_1_fixed run=/home/h61084/codes/adapts/outputs/adaptation/offline_datastore_ablation/Traffic/504_168/chronos2/catboost_cov_regressor_shared/raw/euclidean/1/fixed/run_0 computation_signature=d05cc92799cfa8792ff3d0faf482036450e935e811a1575616dfd4cc739e98ad iterations=300 learning_rate=0.03 depth=4 early_stopping_rounds=50 task_type=CPU thread_count=2 validation_fraction=0.2 seed=1
2026-08-14 20:58:49,215 INFO [__main__] ========================================================================
2026-08-14 20:58:49,216 INFO [__main__] selected methods=('catboost_cov_regressor_shared',)
2026-08-14 20:59:11,249 INFO [__main__] gate fitting start candidate=cov
2026-08-14 20:59:16,720 INFO [__main__] gate fitting done candidate=cov
2026-08-14 20:59:17,295 INFO [__main__] experiment done seconds=28.08
2026-08-14 20:59:17,295 INFO [__main__] ========================================================================
2026-08-14T20:59:17+02:00 gates done configuration=6/12 dataset=Traffic model=chronos2 formula=catboost_cov_regressor_shared lags=504 horizon=168 retrieval=raw_euclidean_1_fixed

2026-08-14T20:59:18+02:00 gates start configuration=6/12 dataset=Traffic model=chronos2 formula=bayes_cov_shared lags=504 horizon=168 retrieval=raw_euclidean_1_fixed run=/home/h61084/codes/adapts/outputs/adaptation/offline_datastore_ablation/Traffic/504_168/chronos2/bayes_cov_shared/raw/euclidean/1/fixed/run_0 computation_signature=b520542e8e48f6bcf3c6c92612daef66f3054ceb08d9dec97636c4070c7d8f69 iterations=300 learning_rate=0.03 depth=4 early_stopping_rounds=50 task_type=CPU thread_count=2 validation_fraction=0.2 seed=1
2026-08-14 20:59:20,489 INFO [__main__] ========================================================================
2026-08-14 20:59:20,489 INFO [__main__] selected methods=('bayes_cov_shared',)
2026-08-14 20:59:27,309 INFO [__main__] gate fitting start candidate=cov
2026-08-14 20:59:28,985 INFO [__main__] gate fitting done candidate=cov
2026-08-14 20:59:29,015 INFO [__main__] experiment done seconds=8.52
2026-08-14 20:59:29,015 INFO [__main__] ========================================================================
2026-08-14T20:59:29+02:00 gates done configuration=6/12 dataset=Traffic model=chronos2 formula=bayes_cov_shared lags=504 horizon=168 retrieval=raw_euclidean_1_fixed
2026-08-14 20:59:31,746 INFO [__main__] extraction validation directory=/home/h61084/codes/adapts/outputs/extraction/Solar/168_24/chronos2/raw/euclidean/1/fixed/run_0 status=complete

2026-08-14T20:59:32+02:00 gates start configuration=7/12 dataset=Solar model=chronos2 formula=catboost_cov_regressor_shared lags=168 horizon=24 retrieval=raw_euclidean_1_fixed run=/home/h61084/codes/adapts/outputs/adaptation/offline_datastore_ablation/Solar/168_24/chronos2/catboost_cov_regressor_shared/raw/euclidean/1/fixed/run_0 computation_signature=7866193125af57dd9ba467b28c6560570feed4a7a2cd36918f51872ce647957e iterations=300 learning_rate=0.03 depth=4 early_stopping_rounds=50 task_type=CPU thread_count=2 validation_fraction=0.2 seed=1
2026-08-14 20:59:34,717 INFO [__main__] ========================================================================
2026-08-14 20:59:34,717 INFO [__main__] selected methods=('catboost_cov_regressor_shared',)
2026-08-14 20:59:37,147 INFO [__main__] gate fitting start candidate=cov
2026-08-14 20:59:38,905 INFO [__main__] gate fitting done candidate=cov
2026-08-14 20:59:39,520 INFO [__main__] experiment done seconds=4.80
2026-08-14 20:59:39,520 INFO [__main__] ========================================================================
2026-08-14T20:59:40+02:00 gates done configuration=7/12 dataset=Solar model=chronos2 formula=catboost_cov_regressor_shared lags=168 horizon=24 retrieval=raw_euclidean_1_fixed

2026-08-14T20:59:40+02:00 gates start configuration=7/12 dataset=Solar model=chronos2 formula=bayes_cov_shared lags=168 horizon=24 retrieval=raw_euclidean_1_fixed run=/home/h61084/codes/adapts/outputs/adaptation/offline_datastore_ablation/Solar/168_24/chronos2/bayes_cov_shared/raw/euclidean/1/fixed/run_0 computation_signature=4add819763febc2c36b7cc69ab163701b6b9d3352419483972868e8ac204ce24 iterations=300 learning_rate=0.03 depth=4 early_stopping_rounds=50 task_type=CPU thread_count=2 validation_fraction=0.2 seed=1
2026-08-14 20:59:43,075 INFO [__main__] ========================================================================
2026-08-14 20:59:43,076 INFO [__main__] selected methods=('bayes_cov_shared',)
2026-08-14 20:59:44,957 INFO [__main__] gate fitting start candidate=cov
2026-08-14 20:59:45,039 INFO [__main__] gate fitting done candidate=cov
2026-08-14 20:59:45,065 INFO [__main__] experiment done seconds=1.99
2026-08-14 20:59:45,065 INFO [__main__] ========================================================================
2026-08-14T20:59:45+02:00 gates done configuration=7/12 dataset=Solar model=chronos2 formula=bayes_cov_shared lags=168 horizon=24 retrieval=raw_euclidean_1_fixed
2026-08-14 20:59:47,770 INFO [__main__] extraction validation directory=/home/h61084/codes/adapts/outputs/extraction/Solar/336_48/chronos2/raw/euclidean/1/fixed/run_0 status=complete

2026-08-14T20:59:48+02:00 gates start configuration=8/12 dataset=Solar model=chronos2 formula=catboost_cov_regressor_shared lags=336 horizon=48 retrieval=raw_euclidean_1_fixed run=/home/h61084/codes/adapts/outputs/adaptation/offline_datastore_ablation/Solar/336_48/chronos2/catboost_cov_regressor_shared/raw/euclidean/1/fixed/run_0 computation_signature=00cb8be2e78c5ff4f41b770d21f95ad20e3ed256883ae31c8c989598e92faa0d iterations=300 learning_rate=0.03 depth=4 early_stopping_rounds=50 task_type=CPU thread_count=2 validation_fraction=0.2 seed=1
2026-08-14 20:59:50,785 INFO [__main__] ========================================================================
2026-08-14 20:59:50,785 INFO [__main__] selected methods=('catboost_cov_regressor_shared',)
2026-08-14 20:59:53,620 INFO [__main__] gate fitting start candidate=cov
2026-08-14 20:59:55,789 INFO [__main__] gate fitting done candidate=cov
2026-08-14 20:59:56,392 INFO [__main__] experiment done seconds=5.60
2026-08-14 20:59:56,392 INFO [__main__] ========================================================================
2026-08-14T20:59:57+02:00 gates done configuration=8/12 dataset=Solar model=chronos2 formula=catboost_cov_regressor_shared lags=336 horizon=48 retrieval=raw_euclidean_1_fixed

2026-08-14T20:59:57+02:00 gates start configuration=8/12 dataset=Solar model=chronos2 formula=bayes_cov_shared lags=336 horizon=48 retrieval=raw_euclidean_1_fixed run=/home/h61084/codes/adapts/outputs/adaptation/offline_datastore_ablation/Solar/336_48/chronos2/bayes_cov_shared/raw/euclidean/1/fixed/run_0 computation_signature=d3a12773adbfef9599b5f45adfbedf96aa50a1d559ac8d4c0eee7ad556c321d1 iterations=300 learning_rate=0.03 depth=4 early_stopping_rounds=50 task_type=CPU thread_count=2 validation_fraction=0.2 seed=1
2026-08-14 20:59:59,633 INFO [__main__] ========================================================================
2026-08-14 20:59:59,633 INFO [__main__] selected methods=('bayes_cov_shared',)
2026-08-14 21:00:01,584 INFO [__main__] gate fitting start candidate=cov
2026-08-14 21:00:01,680 INFO [__main__] gate fitting done candidate=cov
2026-08-14 21:00:01,722 INFO [__main__] experiment done seconds=2.09
2026-08-14 21:00:01,722 INFO [__main__] ========================================================================
2026-08-14T21:00:02+02:00 gates done configuration=8/12 dataset=Solar model=chronos2 formula=bayes_cov_shared lags=336 horizon=48 retrieval=raw_euclidean_1_fixed
2026-08-14 21:00:04,294 INFO [__main__] extraction validation directory=/home/h61084/codes/adapts/outputs/extraction/Solar/504_168/chronos2/raw/euclidean/1/fixed/run_0 status=complete

2026-08-14T21:00:04+02:00 gates start configuration=9/12 dataset=Solar model=chronos2 formula=catboost_cov_regressor_shared lags=504 horizon=168 retrieval=raw_euclidean_1_fixed run=/home/h61084/codes/adapts/outputs/adaptation/offline_datastore_ablation/Solar/504_168/chronos2/catboost_cov_regressor_shared/raw/euclidean/1/fixed/run_0 computation_signature=1401f150b79b3af0ce3b95253bfd2bb60ca5f29fd9bd212e2b21d1e8ce7e2489 iterations=300 learning_rate=0.03 depth=4 early_stopping_rounds=50 task_type=CPU thread_count=2 validation_fraction=0.2 seed=1
2026-08-14 21:00:07,257 INFO [__main__] ========================================================================
2026-08-14 21:00:07,257 INFO [__main__] selected methods=('catboost_cov_regressor_shared',)
2026-08-14 21:00:10,790 INFO [__main__] gate fitting start candidate=cov
2026-08-14 21:00:12,224 INFO [__main__] gate fitting done candidate=cov
2026-08-14 21:00:12,801 INFO [__main__] experiment done seconds=5.54
2026-08-14 21:00:12,801 INFO [__main__] ========================================================================
2026-08-14T21:00:13+02:00 gates done configuration=9/12 dataset=Solar model=chronos2 formula=catboost_cov_regressor_shared lags=504 horizon=168 retrieval=raw_euclidean_1_fixed

2026-08-14T21:00:13+02:00 gates start configuration=9/12 dataset=Solar model=chronos2 formula=bayes_cov_shared lags=504 horizon=168 retrieval=raw_euclidean_1_fixed run=/home/h61084/codes/adapts/outputs/adaptation/offline_datastore_ablation/Solar/504_168/chronos2/bayes_cov_shared/raw/euclidean/1/fixed/run_0 computation_signature=dfacf3f07c92fca9796fd4a11277d78b04e787dc92fe5f5afb3d7d68912d0d5d iterations=300 learning_rate=0.03 depth=4 early_stopping_rounds=50 task_type=CPU thread_count=2 validation_fraction=0.2 seed=1
2026-08-14 21:00:15,974 INFO [__main__] ========================================================================
2026-08-14 21:00:15,974 INFO [__main__] selected methods=('bayes_cov_shared',)
2026-08-14 21:00:17,921 INFO [__main__] gate fitting start candidate=cov
2026-08-14 21:00:18,144 INFO [__main__] gate fitting done candidate=cov
2026-08-14 21:00:18,172 INFO [__main__] experiment done seconds=2.19
2026-08-14 21:00:18,172 INFO [__main__] ========================================================================
2026-08-14T21:00:18+02:00 gates done configuration=9/12 dataset=Solar model=chronos2 formula=bayes_cov_shared lags=504 horizon=168 retrieval=raw_euclidean_1_fixed
2026-08-14 21:00:20,967 INFO [__main__] extraction validation directory=/home/h61084/codes/adapts/outputs/extraction/exchange_rate/168_24/chronos2/raw/euclidean/1/fixed/run_0 status=complete

2026-08-14T21:00:21+02:00 gates start configuration=10/12 dataset=exchange_rate model=chronos2 formula=catboost_cov_regressor_shared lags=168 horizon=24 retrieval=raw_euclidean_1_fixed run=/home/h61084/codes/adapts/outputs/adaptation/offline_datastore_ablation/exchange_rate/168_24/chronos2/catboost_cov_regressor_shared/raw/euclidean/1/fixed/run_0 computation_signature=ebec1847d23845cade57c6bd6b473eedfc31e7d302dd4c564b80d47427586e59 iterations=300 learning_rate=0.03 depth=4 early_stopping_rounds=50 task_type=CPU thread_count=2 validation_fraction=0.2 seed=1
2026-08-14 21:00:23,820 INFO [__main__] ========================================================================
2026-08-14 21:00:23,820 INFO [__main__] selected methods=('catboost_cov_regressor_shared',)
2026-08-14 21:00:25,473 INFO [__main__] gate fitting start candidate=cov
2026-08-14 21:00:26,707 INFO [__main__] gate fitting done candidate=cov
2026-08-14 21:00:27,307 INFO [__main__] experiment done seconds=3.48
2026-08-14 21:00:27,307 INFO [__main__] ========================================================================
2026-08-14T21:00:27+02:00 gates done configuration=10/12 dataset=exchange_rate model=chronos2 formula=catboost_cov_regressor_shared lags=168 horizon=24 retrieval=raw_euclidean_1_fixed

2026-08-14T21:00:28+02:00 gates start configuration=10/12 dataset=exchange_rate model=chronos2 formula=bayes_cov_shared lags=168 horizon=24 retrieval=raw_euclidean_1_fixed run=/home/h61084/codes/adapts/outputs/adaptation/offline_datastore_ablation/exchange_rate/168_24/chronos2/bayes_cov_shared/raw/euclidean/1/fixed/run_0 computation_signature=a174ff2683a8e8099bf043722c11c3ab5076a69d2fe16dc71c3976d9f3dbc6ea iterations=300 learning_rate=0.03 depth=4 early_stopping_rounds=50 task_type=CPU thread_count=2 validation_fraction=0.2 seed=1
2026-08-14 21:00:30,539 INFO [__main__] ========================================================================
2026-08-14 21:00:30,539 INFO [__main__] selected methods=('bayes_cov_shared',)
2026-08-14 21:00:32,105 INFO [__main__] gate fitting start candidate=cov
2026-08-14 21:00:32,236 INFO [__main__] gate fitting done candidate=cov
2026-08-14 21:00:32,263 INFO [__main__] experiment done seconds=1.72
2026-08-14 21:00:32,263 INFO [__main__] ========================================================================
2026-08-14T21:00:32+02:00 gates done configuration=10/12 dataset=exchange_rate model=chronos2 formula=bayes_cov_shared lags=168 horizon=24 retrieval=raw_euclidean_1_fixed
2026-08-14 21:00:35,000 INFO [__main__] extraction validation directory=/home/h61084/codes/adapts/outputs/extraction/exchange_rate/336_48/chronos2/raw/euclidean/1/fixed/run_0 status=complete

2026-08-14T21:00:35+02:00 gates start configuration=11/12 dataset=exchange_rate model=chronos2 formula=catboost_cov_regressor_shared lags=336 horizon=48 retrieval=raw_euclidean_1_fixed run=/home/h61084/codes/adapts/outputs/adaptation/offline_datastore_ablation/exchange_rate/336_48/chronos2/catboost_cov_regressor_shared/raw/euclidean/1/fixed/run_0 computation_signature=2a00a2c6dc23d7a5db5f3064aaa01f7e3b914400f5301c88e3b12ffafce8821c iterations=300 learning_rate=0.03 depth=4 early_stopping_rounds=50 task_type=CPU thread_count=2 validation_fraction=0.2 seed=1
2026-08-14 21:00:38,037 INFO [__main__] ========================================================================
2026-08-14 21:00:38,037 INFO [__main__] selected methods=('catboost_cov_regressor_shared',)
2026-08-14 21:00:39,874 INFO [__main__] gate fitting start candidate=cov
2026-08-14 21:00:41,062 INFO [__main__] gate fitting done candidate=cov
2026-08-14 21:00:41,664 INFO [__main__] experiment done seconds=3.62
2026-08-14 21:00:41,665 INFO [__main__] ========================================================================
2026-08-14T21:00:42+02:00 gates done configuration=11/12 dataset=exchange_rate model=chronos2 formula=catboost_cov_regressor_shared lags=336 horizon=48 retrieval=raw_euclidean_1_fixed

2026-08-14T21:00:42+02:00 gates start configuration=11/12 dataset=exchange_rate model=chronos2 formula=bayes_cov_shared lags=336 horizon=48 retrieval=raw_euclidean_1_fixed run=/home/h61084/codes/adapts/outputs/adaptation/offline_datastore_ablation/exchange_rate/336_48/chronos2/bayes_cov_shared/raw/euclidean/1/fixed/run_0 computation_signature=96c2af5138d31bcb1b7604b224a02ca77eaa205cd484c14c5b736fd90dd3cbc6 iterations=300 learning_rate=0.03 depth=4 early_stopping_rounds=50 task_type=CPU thread_count=2 validation_fraction=0.2 seed=1
2026-08-14 21:00:45,006 INFO [__main__] ========================================================================
2026-08-14 21:00:45,006 INFO [__main__] selected methods=('bayes_cov_shared',)
2026-08-14 21:00:46,750 INFO [__main__] gate fitting start candidate=cov
2026-08-14 21:00:46,811 INFO [__main__] gate fitting done candidate=cov
2026-08-14 21:00:46,855 INFO [__main__] experiment done seconds=1.83
2026-08-14 21:00:46,855 INFO [__main__] ========================================================================
2026-08-14T21:00:47+02:00 gates done configuration=11/12 dataset=exchange_rate model=chronos2 formula=bayes_cov_shared lags=336 horizon=48 retrieval=raw_euclidean_1_fixed
2026-08-14 21:00:49,467 INFO [__main__] extraction validation directory=/home/h61084/codes/adapts/outputs/extraction/exchange_rate/504_168/chronos2/raw/euclidean/1/fixed/run_0 status=complete

2026-08-14T21:00:50+02:00 gates start configuration=12/12 dataset=exchange_rate model=chronos2 formula=catboost_cov_regressor_shared lags=504 horizon=168 retrieval=raw_euclidean_1_fixed run=/home/h61084/codes/adapts/outputs/adaptation/offline_datastore_ablation/exchange_rate/504_168/chronos2/catboost_cov_regressor_shared/raw/euclidean/1/fixed/run_0 computation_signature=bc5d92b2e710371f2202ace76705cc177f0311c6f8335c6783ebfebaeb3d8e21 iterations=300 learning_rate=0.03 depth=4 early_stopping_rounds=50 task_type=CPU thread_count=2 validation_fraction=0.2 seed=1
2026-08-14 21:00:52,362 INFO [__main__] ========================================================================
2026-08-14 21:00:52,362 INFO [__main__] selected methods=('catboost_cov_regressor_shared',)
2026-08-14 21:00:54,185 INFO [__main__] gate fitting start candidate=cov
2026-08-14 21:00:55,254 INFO [__main__] gate fitting done candidate=cov
2026-08-14 21:00:55,820 INFO [__main__] experiment done seconds=3.46
2026-08-14 21:00:55,820 INFO [__main__] ========================================================================
2026-08-14T21:00:56+02:00 gates done configuration=12/12 dataset=exchange_rate model=chronos2 formula=catboost_cov_regressor_shared lags=504 horizon=168 retrieval=raw_euclidean_1_fixed

2026-08-14T21:00:56+02:00 gates start configuration=12/12 dataset=exchange_rate model=chronos2 formula=bayes_cov_shared lags=504 horizon=168 retrieval=raw_euclidean_1_fixed run=/home/h61084/codes/adapts/outputs/adaptation/offline_datastore_ablation/exchange_rate/504_168/chronos2/bayes_cov_shared/raw/euclidean/1/fixed/run_0 computation_signature=1c3120b494d9156f9d5a1f2a0334378f62cfde242755b4111ecff295c1a1c1f5 iterations=300 learning_rate=0.03 depth=4 early_stopping_rounds=50 task_type=CPU thread_count=2 validation_fraction=0.2 seed=1
2026-08-14 21:00:59,197 INFO [__main__] ========================================================================
2026-08-14 21:00:59,197 INFO [__main__] selected methods=('bayes_cov_shared',)
2026-08-14 21:01:00,827 INFO [__main__] gate fitting start candidate=cov
2026-08-14 21:01:00,921 INFO [__main__] gate fitting done candidate=cov
2026-08-14 21:01:00,952 INFO [__main__] experiment done seconds=1.75
2026-08-14 21:01:00,952 INFO [__main__] ========================================================================
2026-08-14T21:01:01+02:00 gates done configuration=12/12 dataset=exchange_rate model=chronos2 formula=bayes_cov_shared lags=504 horizon=168 retrieval=raw_euclidean_1_fixed

2026-08-14T21:01:01+02:00 job done kind=gates output=outputs/adaptation/offline_datastore_ablation

2026-08-14T21:01:01+02:00 job start kind=adaptation_extraction family=offline_datastore_ablation experiment_mode=full skip_complete=true tasks=24 datasets=Electricity,Traffic,Solar,exchange_rate models=chronos2 settings=168:24,336:48,504:168 distance_spaces=instance distance_metrics=euclidean neighbors=3
2026-08-14T21:01:01+02:00 skip complete family=extraction dataset=Electricity model=chronos2 lags=168 horizon=24 retrieval=vanilla run=/home/h61084/codes/adapts/outputs/extraction/Electricity/168_24/chronos2/none/none/0/none/run_1

2026-08-14T21:01:01+02:00 extraction start configuration=2/24 dataset=Electricity model=chronos2 lags=168 horizon=24 retrieval=instance_euclidean_3_fixed run=/home/h61084/codes/adapts/outputs/extraction/Electricity/168_24/chronos2/instance/euclidean/3/fixed/run_0 computation_signature=d431c9a69c7beda974507ac828f33a296a8d95c38e83285a052fce826b60cadf period=24 align_period=false datastore_stride=25 adapt_stride=25 eval_stride=127 max_store_windows=30000 seed=1
2026-08-14 21:01:04,207 INFO [__main__] ========================================================================
2026-08-14 21:01:04,207 INFO [__main__] experiment start kind=extraction dataset=Electricity model=chronos2 lags=168 horizon=24 neighbors=3 distance=instance/euclidean
2026-08-14 21:01:04,540 INFO [__main__] dataset load start
2026-08-14 21:01:04,542 INFO [src.data.load_dataset] loaded dataset config path=/home/h61084/codes/datasets/electricity/config.json keys=['aggr', 'date_col', 'drop_users']
2026-08-14 21:01:05,263 INFO [__main__] dataset load done dates=26304 users=312
2026-08-14 21:01:05,264 INFO [__main__] model load start
2026-08-14 21:01:16,840 INFO [__main__] model load done name=chronos2 device=cuda parameters_total=119,477,664 parameters_trainable=0
2026-08-14 21:01:16,843 INFO [__main__] extraction start split=adapt queries=526
2026-08-14 21:07:08,551 INFO [__main__] extraction done split=adapt
2026-08-14 21:07:08,551 INFO [__main__] extraction start split=eval queries=42
2026-08-14 21:07:39,593 INFO [__main__] extraction done split=eval
2026-08-14 21:07:40,524 INFO [__main__] completion marker saved path=/home/h61084/codes/adapts/outputs/extraction/Electricity/168_24/chronos2/instance/euclidean/3/fixed/run_0/extraction_manifest.json
2026-08-14 21:07:40,524 INFO [__main__] outputs saved dir=/home/h61084/codes/adapts/outputs/extraction/Electricity/168_24/chronos2/instance/euclidean/3/fixed/run_0
2026-08-14 21:07:40,524 INFO [__main__] experiment done seconds=396.31
2026-08-14 21:07:40,524 INFO [__main__] ========================================================================
2026-08-14 21:07:43,400 INFO [__main__] extraction validation directory=/home/h61084/codes/adapts/outputs/extraction/Electricity/168_24/chronos2/instance/euclidean/3/fixed/run_0 status=complete
2026-08-14T21:07:43+02:00 extraction done configuration=2/24 dataset=Electricity model=chronos2 lags=168 horizon=24 retrieval=instance_euclidean_3_fixed
2026-08-14T21:07:43+02:00 skip complete family=extraction dataset=Electricity model=chronos2 lags=336 horizon=48 retrieval=vanilla run=/home/h61084/codes/adapts/outputs/extraction/Electricity/336_48/chronos2/none/none/0/none/run_1

2026-08-14T21:07:44+02:00 extraction start configuration=4/24 dataset=Electricity model=chronos2 lags=336 horizon=48 retrieval=instance_euclidean_3_fixed run=/home/h61084/codes/adapts/outputs/extraction/Electricity/336_48/chronos2/instance/euclidean/3/fixed/run_0 computation_signature=476bcbed23d22a9351fd8432ec82a37ba8f25d19961f3fff239bafa0dd942e74 period=24 align_period=false datastore_stride=25 adapt_stride=25 eval_stride=127 max_store_windows=30000 seed=1
2026-08-14 21:07:46,618 INFO [__main__] ========================================================================
2026-08-14 21:07:46,618 INFO [__main__] experiment start kind=extraction dataset=Electricity model=chronos2 lags=336 horizon=48 neighbors=3 distance=instance/euclidean
2026-08-14 21:07:46,993 INFO [__main__] dataset load start
2026-08-14 21:07:46,995 INFO [src.data.load_dataset] loaded dataset config path=/home/h61084/codes/datasets/electricity/config.json keys=['aggr', 'date_col', 'drop_users']
2026-08-14 21:07:47,760 INFO [__main__] dataset load done dates=26304 users=312
2026-08-14 21:07:47,761 INFO [__main__] model load start
2026-08-14 21:07:56,356 INFO [__main__] model load done name=chronos2 device=cuda parameters_total=119,477,664 parameters_trainable=0
2026-08-14 21:07:56,359 INFO [__main__] extraction start split=adapt queries=525
2026-08-14 21:15:53,350 INFO [__main__] extraction done split=adapt
2026-08-14 21:15:53,350 INFO [__main__] extraction start split=eval queries=42
2026-08-14 21:16:31,731 INFO [__main__] extraction done split=eval
2026-08-14 21:16:32,668 INFO [__main__] completion marker saved path=/home/h61084/codes/adapts/outputs/extraction/Electricity/336_48/chronos2/instance/euclidean/3/fixed/run_0/extraction_manifest.json
2026-08-14 21:16:32,668 INFO [__main__] outputs saved dir=/home/h61084/codes/adapts/outputs/extraction/Electricity/336_48/chronos2/instance/euclidean/3/fixed/run_0
2026-08-14 21:16:32,668 INFO [__main__] experiment done seconds=526.04
2026-08-14 21:16:32,668 INFO [__main__] ========================================================================
2026-08-14 21:16:36,180 INFO [__main__] extraction validation directory=/home/h61084/codes/adapts/outputs/extraction/Electricity/336_48/chronos2/instance/euclidean/3/fixed/run_0 status=complete
2026-08-14T21:16:36+02:00 extraction done configuration=4/24 dataset=Electricity model=chronos2 lags=336 horizon=48 retrieval=instance_euclidean_3_fixed
2026-08-14T21:16:36+02:00 skip complete family=extraction dataset=Electricity model=chronos2 lags=504 horizon=168 retrieval=vanilla run=/home/h61084/codes/adapts/outputs/extraction/Electricity/504_168/chronos2/none/none/0/none/run_2

2026-08-14T21:16:36+02:00 extraction start configuration=6/24 dataset=Electricity model=chronos2 lags=504 horizon=168 retrieval=instance_euclidean_3_fixed run=/home/h61084/codes/adapts/outputs/extraction/Electricity/504_168/chronos2/instance/euclidean/3/fixed/run_0 computation_signature=1bfa5018a6a2c5dd2a6db220841f5b9bba22ab945d885f1e7aabb13fbaf70ef4 period=24 align_period=false datastore_stride=25 adapt_stride=25 eval_stride=127 max_store_windows=30000 seed=1
2026-08-14 21:16:39,231 INFO [__main__] ========================================================================
2026-08-14 21:16:39,231 INFO [__main__] experiment start kind=extraction dataset=Electricity model=chronos2 lags=504 horizon=168 neighbors=3 distance=instance/euclidean
2026-08-14 21:16:39,538 INFO [__main__] dataset load start
2026-08-14 21:16:39,540 INFO [src.data.load_dataset] loaded dataset config path=/home/h61084/codes/datasets/electricity/config.json keys=['aggr', 'date_col', 'drop_users']
2026-08-14 21:16:40,310 INFO [__main__] dataset load done dates=26304 users=312
2026-08-14 21:16:40,310 INFO [__main__] model load start
2026-08-14 21:16:51,916 INFO [__main__] model load done name=chronos2 device=cuda parameters_total=119,477,664 parameters_trainable=0
2026-08-14 21:16:51,918 INFO [__main__] extraction start split=adapt queries=520
2026-08-14 21:27:53,056 INFO [__main__] extraction done split=adapt
2026-08-14 21:27:53,057 INFO [__main__] extraction start split=eval queries=41
2026-08-14 21:28:46,216 INFO [__main__] extraction done split=eval
2026-08-14 21:28:47,305 INFO [__main__] completion marker saved path=/home/h61084/codes/adapts/outputs/extraction/Electricity/504_168/chronos2/instance/euclidean/3/fixed/run_0/extraction_manifest.json
2026-08-14 21:28:47,306 INFO [__main__] outputs saved dir=/home/h61084/codes/adapts/outputs/extraction/Electricity/504_168/chronos2/instance/euclidean/3/fixed/run_0
2026-08-14 21:28:47,306 INFO [__main__] experiment done seconds=728.07
2026-08-14 21:28:47,306 INFO [__main__] ========================================================================
2026-08-14 21:28:50,821 INFO [__main__] extraction validation directory=/home/h61084/codes/adapts/outputs/extraction/Electricity/504_168/chronos2/instance/euclidean/3/fixed/run_0 status=complete
2026-08-14T21:28:51+02:00 extraction done configuration=6/24 dataset=Electricity model=chronos2 lags=504 horizon=168 retrieval=instance_euclidean_3_fixed
2026-08-14T21:28:51+02:00 skip complete family=extraction dataset=Traffic model=chronos2 lags=168 horizon=24 retrieval=vanilla run=/home/h61084/codes/adapts/outputs/extraction/Traffic/168_24/chronos2/none/none/0/none/run_1

2026-08-14T21:28:51+02:00 extraction start configuration=8/24 dataset=Traffic model=chronos2 lags=168 horizon=24 retrieval=instance_euclidean_3_fixed run=/home/h61084/codes/adapts/outputs/extraction/Traffic/168_24/chronos2/instance/euclidean/3/fixed/run_0 computation_signature=f51b7a4c26f82eff4c8a98ee6c63ef31c1e35e499f37943650b08733b02f5287 period=24 align_period=false datastore_stride=25 adapt_stride=25 eval_stride=127 max_store_windows=30000 seed=1
2026-08-14 21:28:53,860 INFO [__main__] ========================================================================
2026-08-14 21:28:53,860 INFO [__main__] experiment start kind=extraction dataset=Traffic model=chronos2 lags=168 horizon=24 neighbors=3 distance=instance/euclidean
2026-08-14 21:28:54,139 INFO [__main__] dataset load start
2026-08-14 21:28:54,140 INFO [src.data.load_dataset] loaded dataset config path=/home/h61084/codes/datasets/traffic/config.json keys=['aggr', 'date_col', 'drop_users']
2026-08-14 21:28:55,243 INFO [__main__] dataset load done dates=17544 users=860
2026-08-14 21:28:55,243 INFO [__main__] model load start
2026-08-14 21:29:07,576 INFO [__main__] model load done name=chronos2 device=cuda parameters_total=119,477,664 parameters_trainable=0
2026-08-14 21:29:07,578 INFO [__main__] extraction start split=adapt queries=350
2026-08-14 21:39:10,100 INFO [__main__] extraction done split=adapt
2026-08-14 21:39:10,100 INFO [__main__] extraction start split=eval queries=28
2026-08-14 21:39:59,386 INFO [__main__] extraction done split=eval
2026-08-14 21:40:00,336 INFO [__main__] completion marker saved path=/home/h61084/codes/adapts/outputs/extraction/Traffic/168_24/chronos2/instance/euclidean/3/fixed/run_0/extraction_manifest.json
2026-08-14 21:40:00,336 INFO [__main__] outputs saved dir=/home/h61084/codes/adapts/outputs/extraction/Traffic/168_24/chronos2/instance/euclidean/3/fixed/run_0
2026-08-14 21:40:00,336 INFO [__main__] experiment done seconds=666.47
2026-08-14 21:40:00,336 INFO [__main__] ========================================================================
2026-08-14 21:40:03,479 INFO [__main__] extraction validation directory=/home/h61084/codes/adapts/outputs/extraction/Traffic/168_24/chronos2/instance/euclidean/3/fixed/run_0 status=complete
2026-08-14T21:40:03+02:00 extraction done configuration=8/24 dataset=Traffic model=chronos2 lags=168 horizon=24 retrieval=instance_euclidean_3_fixed
2026-08-14T21:40:03+02:00 skip complete family=extraction dataset=Traffic model=chronos2 lags=336 horizon=48 retrieval=vanilla run=/home/h61084/codes/adapts/outputs/extraction/Traffic/336_48/chronos2/none/none/0/none/run_1

2026-08-14T21:40:04+02:00 extraction start configuration=10/24 dataset=Traffic model=chronos2 lags=336 horizon=48 retrieval=instance_euclidean_3_fixed run=/home/h61084/codes/adapts/outputs/extraction/Traffic/336_48/chronos2/instance/euclidean/3/fixed/run_0 computation_signature=ceb1c18f5739584416010d8494d8a5ffedd7cab4decd4c617fd2c5e501c8155b period=24 align_period=false datastore_stride=25 adapt_stride=25 eval_stride=127 max_store_windows=30000 seed=1
2026-08-14 21:40:06,679 INFO [__main__] ========================================================================
2026-08-14 21:40:06,679 INFO [__main__] experiment start kind=extraction dataset=Traffic model=chronos2 lags=336 horizon=48 neighbors=3 distance=instance/euclidean
2026-08-14 21:40:07,028 INFO [__main__] dataset load start
2026-08-14 21:40:07,030 INFO [src.data.load_dataset] loaded dataset config path=/home/h61084/codes/datasets/traffic/config.json keys=['aggr', 'date_col', 'drop_users']
2026-08-14 21:40:08,241 INFO [__main__] dataset load done dates=17544 users=860
2026-08-14 21:40:08,241 INFO [__main__] model load start
2026-08-14 21:40:21,121 INFO [__main__] model load done name=chronos2 device=cuda parameters_total=119,477,664 parameters_trainable=0
2026-08-14 21:40:21,123 INFO [__main__] extraction start split=adapt queries=349
2026-08-14 21:54:05,549 INFO [__main__] extraction done split=adapt
2026-08-14 21:54:05,550 INFO [__main__] extraction start split=eval queries=28
2026-08-14 21:55:10,526 INFO [__main__] extraction done split=eval
2026-08-14 21:55:11,436 INFO [__main__] completion marker saved path=/home/h61084/codes/adapts/outputs/extraction/Traffic/336_48/chronos2/instance/euclidean/3/fixed/run_0/extraction_manifest.json
2026-08-14 21:55:11,436 INFO [__main__] outputs saved dir=/home/h61084/codes/adapts/outputs/extraction/Traffic/336_48/chronos2/instance/euclidean/3/fixed/run_0
2026-08-14 21:55:11,436 INFO [__main__] experiment done seconds=904.75
2026-08-14 21:55:11,437 INFO [__main__] ========================================================================
2026-08-14 21:55:14,379 INFO [__main__] extraction validation directory=/home/h61084/codes/adapts/outputs/extraction/Traffic/336_48/chronos2/instance/euclidean/3/fixed/run_0 status=complete
2026-08-14T21:55:14+02:00 extraction done configuration=10/24 dataset=Traffic model=chronos2 lags=336 horizon=48 retrieval=instance_euclidean_3_fixed
2026-08-14T21:55:14+02:00 skip complete family=extraction dataset=Traffic model=chronos2 lags=504 horizon=168 retrieval=vanilla run=/home/h61084/codes/adapts/outputs/extraction/Traffic/504_168/chronos2/none/none/0/none/run_1

2026-08-14T21:55:15+02:00 extraction start configuration=12/24 dataset=Traffic model=chronos2 lags=504 horizon=168 retrieval=instance_euclidean_3_fixed run=/home/h61084/codes/adapts/outputs/extraction/Traffic/504_168/chronos2/instance/euclidean/3/fixed/run_0 computation_signature=ea98f3b72e56a38f67348d82d92be9472186940baa005d9a96074e496e7862c4 period=24 align_period=false datastore_stride=25 adapt_stride=25 eval_stride=127 max_store_windows=30000 seed=1
2026-08-14 21:55:18,164 INFO [__main__] ========================================================================
2026-08-14 21:55:18,164 INFO [__main__] experiment start kind=extraction dataset=Traffic model=chronos2 lags=504 horizon=168 neighbors=3 distance=instance/euclidean
2026-08-14 21:55:18,497 INFO [__main__] dataset load start
2026-08-14 21:55:18,498 INFO [src.data.load_dataset] loaded dataset config path=/home/h61084/codes/datasets/traffic/config.json keys=['aggr', 'date_col', 'drop_users']
2026-08-14 21:55:19,637 INFO [__main__] dataset load done dates=17544 users=860
2026-08-14 21:55:19,638 INFO [__main__] model load start
2026-08-14 21:55:27,201 INFO [__main__] model load done name=chronos2 device=cuda parameters_total=119,477,664 parameters_trainable=0
2026-08-14 21:55:27,202 INFO [__main__] extraction start split=adapt queries=345
2026-08-14 22:13:25,382 INFO [__main__] extraction done split=adapt
2026-08-14 22:13:25,382 INFO [__main__] extraction start split=eval queries=27
2026-08-14 22:14:50,849 INFO [__main__] extraction done split=eval
2026-08-14 22:14:51,958 INFO [__main__] completion marker saved path=/home/h61084/codes/adapts/outputs/extraction/Traffic/504_168/chronos2/instance/euclidean/3/fixed/run_0/extraction_manifest.json
2026-08-14 22:14:51,959 INFO [__main__] outputs saved dir=/home/h61084/codes/adapts/outputs/extraction/Traffic/504_168/chronos2/instance/euclidean/3/fixed/run_0
2026-08-14 22:14:51,959 INFO [__main__] experiment done seconds=1173.79
2026-08-14 22:14:51,959 INFO [__main__] ========================================================================
2026-08-14 22:14:55,889 INFO [__main__] extraction validation directory=/home/h61084/codes/adapts/outputs/extraction/Traffic/504_168/chronos2/instance/euclidean/3/fixed/run_0 status=complete
2026-08-14T22:14:56+02:00 extraction done configuration=12/24 dataset=Traffic model=chronos2 lags=504 horizon=168 retrieval=instance_euclidean_3_fixed
2026-08-14T22:14:56+02:00 skip complete family=extraction dataset=Solar model=chronos2 lags=168 horizon=24 retrieval=vanilla run=/home/h61084/codes/adapts/outputs/extraction/Solar/168_24/chronos2/none/none/0/none/run_1

2026-08-14T22:14:56+02:00 extraction start configuration=14/24 dataset=Solar model=chronos2 lags=168 horizon=24 retrieval=instance_euclidean_3_fixed run=/home/h61084/codes/adapts/outputs/extraction/Solar/168_24/chronos2/instance/euclidean/3/fixed/run_0 computation_signature=09be817ab6f236074d76b0a65bbf74beac8a1673ec7dcccd7ccf0fd7d270b209 period=24 align_period=false datastore_stride=25 adapt_stride=25 eval_stride=127 max_store_windows=30000 seed=1
2026-08-14 22:14:59,081 INFO [__main__] ========================================================================
2026-08-14 22:14:59,081 INFO [__main__] experiment start kind=extraction dataset=Solar model=chronos2 lags=168 horizon=24 neighbors=3 distance=instance/euclidean
2026-08-14 22:14:59,407 INFO [__main__] dataset load start
2026-08-14 22:14:59,409 INFO [src.data.load_dataset] loaded dataset config path=/home/h61084/codes/datasets/solar/config.json keys=['aggr', 'date_col', 'drop_users']
2026-08-14 22:14:59,821 INFO [__main__] dataset load done dates=8760 users=137
2026-08-14 22:14:59,822 INFO [__main__] model load start
2026-08-14 22:15:12,506 INFO [__main__] model load done name=chronos2 device=cuda parameters_total=119,477,664 parameters_trainable=0
2026-08-14 22:15:12,507 INFO [__main__] extraction start split=adapt queries=175
2026-08-14 22:16:18,231 INFO [__main__] extraction done split=adapt
2026-08-14 22:16:18,231 INFO [__main__] extraction start split=eval queries=14
2026-08-14 22:16:23,666 INFO [__main__] extraction done split=eval
2026-08-14 22:16:24,285 INFO [__main__] completion marker saved path=/home/h61084/codes/adapts/outputs/extraction/Solar/168_24/chronos2/instance/euclidean/3/fixed/run_0/extraction_manifest.json
2026-08-14 22:16:24,285 INFO [__main__] outputs saved dir=/home/h61084/codes/adapts/outputs/extraction/Solar/168_24/chronos2/instance/euclidean/3/fixed/run_0
2026-08-14 22:16:24,285 INFO [__main__] experiment done seconds=85.20
2026-08-14 22:16:24,285 INFO [__main__] ========================================================================
2026-08-14 22:16:27,800 INFO [__main__] extraction validation directory=/home/h61084/codes/adapts/outputs/extraction/Solar/168_24/chronos2/instance/euclidean/3/fixed/run_0 status=complete
2026-08-14T22:16:28+02:00 extraction done configuration=14/24 dataset=Solar model=chronos2 lags=168 horizon=24 retrieval=instance_euclidean_3_fixed
2026-08-14T22:16:28+02:00 skip complete family=extraction dataset=Solar model=chronos2 lags=336 horizon=48 retrieval=vanilla run=/home/h61084/codes/adapts/outputs/extraction/Solar/336_48/chronos2/none/none/0/none/run_1

2026-08-14T22:16:28+02:00 extraction start configuration=16/24 dataset=Solar model=chronos2 lags=336 horizon=48 retrieval=instance_euclidean_3_fixed run=/home/h61084/codes/adapts/outputs/extraction/Solar/336_48/chronos2/instance/euclidean/3/fixed/run_0 computation_signature=b1782fff3bf83ddccaf7bb8f61fe9ff0fd7e19e852f4ec8c3a1fff5e680854e6 period=24 align_period=false datastore_stride=25 adapt_stride=25 eval_stride=127 max_store_windows=30000 seed=1
2026-08-14 22:16:30,858 INFO [__main__] ========================================================================
2026-08-14 22:16:30,858 INFO [__main__] experiment start kind=extraction dataset=Solar model=chronos2 lags=336 horizon=48 neighbors=3 distance=instance/euclidean
2026-08-14 22:16:31,190 INFO [__main__] dataset load start
2026-08-14 22:16:31,191 INFO [src.data.load_dataset] loaded dataset config path=/home/h61084/codes/datasets/solar/config.json keys=['aggr', 'date_col', 'drop_users']
2026-08-14 22:16:31,563 INFO [__main__] dataset load done dates=8760 users=137
2026-08-14 22:16:31,563 INFO [__main__] model load start
2026-08-14 22:16:43,115 INFO [__main__] model load done name=chronos2 device=cuda parameters_total=119,477,664 parameters_trainable=0
2026-08-14 22:16:43,116 INFO [__main__] extraction start split=adapt queries=174
2026-08-14 22:18:11,956 INFO [__main__] extraction done split=adapt
2026-08-14 22:18:11,956 INFO [__main__] extraction start split=eval queries=14
2026-08-14 22:18:18,870 INFO [__main__] extraction done split=eval
2026-08-14 22:18:19,466 INFO [__main__] completion marker saved path=/home/h61084/codes/adapts/outputs/extraction/Solar/336_48/chronos2/instance/euclidean/3/fixed/run_0/extraction_manifest.json
2026-08-14 22:18:19,467 INFO [__main__] outputs saved dir=/home/h61084/codes/adapts/outputs/extraction/Solar/336_48/chronos2/instance/euclidean/3/fixed/run_0
2026-08-14 22:18:19,467 INFO [__main__] experiment done seconds=108.60
2026-08-14 22:18:19,467 INFO [__main__] ========================================================================
2026-08-14 22:18:22,380 INFO [__main__] extraction validation directory=/home/h61084/codes/adapts/outputs/extraction/Solar/336_48/chronos2/instance/euclidean/3/fixed/run_0 status=complete
2026-08-14T22:18:22+02:00 extraction done configuration=16/24 dataset=Solar model=chronos2 lags=336 horizon=48 retrieval=instance_euclidean_3_fixed
2026-08-14T22:18:22+02:00 skip complete family=extraction dataset=Solar model=chronos2 lags=504 horizon=168 retrieval=vanilla run=/home/h61084/codes/adapts/outputs/extraction/Solar/504_168/chronos2/none/none/0/none/run_1

2026-08-14T22:18:23+02:00 extraction start configuration=18/24 dataset=Solar model=chronos2 lags=504 horizon=168 retrieval=instance_euclidean_3_fixed run=/home/h61084/codes/adapts/outputs/extraction/Solar/504_168/chronos2/instance/euclidean/3/fixed/run_0 computation_signature=8f282a500df4ef865abb5efc240a8623f0fea035cb0e01b78e97f6f901c24bf6 period=24 align_period=false datastore_stride=25 adapt_stride=25 eval_stride=127 max_store_windows=30000 seed=1
2026-08-14 22:18:25,756 INFO [__main__] ========================================================================
2026-08-14 22:18:25,757 INFO [__main__] experiment start kind=extraction dataset=Solar model=chronos2 lags=504 horizon=168 neighbors=3 distance=instance/euclidean
2026-08-14 22:18:26,057 INFO [__main__] dataset load start
2026-08-14 22:18:26,060 INFO [src.data.load_dataset] loaded dataset config path=/home/h61084/codes/datasets/solar/config.json keys=['aggr', 'date_col', 'drop_users']
2026-08-14 22:18:26,466 INFO [__main__] dataset load done dates=8760 users=137
2026-08-14 22:18:26,467 INFO [__main__] model load start
2026-08-14 22:18:35,594 INFO [__main__] model load done name=chronos2 device=cuda parameters_total=119,477,664 parameters_trainable=0
2026-08-14 22:18:35,595 INFO [__main__] extraction start split=adapt queries=169
2026-08-14 22:20:26,395 INFO [__main__] extraction done split=adapt
2026-08-14 22:20:26,395 INFO [__main__] extraction start split=eval queries=13
2026-08-14 22:20:33,496 INFO [__main__] extraction done split=eval
2026-08-14 22:20:34,135 INFO [__main__] completion marker saved path=/home/h61084/codes/adapts/outputs/extraction/Solar/504_168/chronos2/instance/euclidean/3/fixed/run_0/extraction_manifest.json
2026-08-14 22:20:34,135 INFO [__main__] outputs saved dir=/home/h61084/codes/adapts/outputs/extraction/Solar/504_168/chronos2/instance/euclidean/3/fixed/run_0
2026-08-14 22:20:34,135 INFO [__main__] experiment done seconds=128.37
2026-08-14 22:20:34,135 INFO [__main__] ========================================================================
2026-08-14 22:20:37,289 INFO [__main__] extraction validation directory=/home/h61084/codes/adapts/outputs/extraction/Solar/504_168/chronos2/instance/euclidean/3/fixed/run_0 status=complete
2026-08-14T22:20:37+02:00 extraction done configuration=18/24 dataset=Solar model=chronos2 lags=504 horizon=168 retrieval=instance_euclidean_3_fixed
2026-08-14T22:20:37+02:00 skip complete family=extraction dataset=exchange_rate model=chronos2 lags=168 horizon=24 retrieval=vanilla run=/home/h61084/codes/adapts/outputs/extraction/exchange_rate/168_24/chronos2/none/none/0/none/run_1

2026-08-14T22:20:37+02:00 extraction start configuration=20/24 dataset=exchange_rate model=chronos2 lags=168 horizon=24 retrieval=instance_euclidean_3_fixed run=/home/h61084/codes/adapts/outputs/extraction/exchange_rate/168_24/chronos2/instance/euclidean/3/fixed/run_0 computation_signature=38528b2c71dd1d1ba2f527977fc5d37bd1a27cb83a47e198c1107282fa63e4ab period=24 align_period=false datastore_stride=25 adapt_stride=25 eval_stride=127 max_store_windows=30000 seed=1
2026-08-14 22:20:40,634 INFO [__main__] ========================================================================
2026-08-14 22:20:40,634 INFO [__main__] experiment start kind=extraction dataset=exchange_rate model=chronos2 lags=168 horizon=24 neighbors=3 distance=instance/euclidean
2026-08-14 22:20:40,945 INFO [__main__] dataset load start
2026-08-14 22:20:40,947 INFO [src.data.load_dataset] loaded dataset config path=/home/h61084/codes/datasets/exchange_rate/config.json keys=['aggr', 'date_col', 'drop_users']
2026-08-14 22:20:40,965 INFO [__main__] dataset load done dates=7588 users=8
2026-08-14 22:20:40,965 INFO [__main__] model load start
2026-08-14 22:20:53,563 INFO [__main__] model load done name=chronos2 device=cuda parameters_total=119,477,664 parameters_trainable=0
2026-08-14 22:20:53,564 INFO [__main__] extraction start split=adapt queries=151
2026-08-14 22:21:01,756 INFO [__main__] extraction done split=adapt
2026-08-14 22:21:01,756 INFO [__main__] extraction start split=eval queries=12
2026-08-14 22:21:02,389 INFO [__main__] extraction done split=eval
2026-08-14 22:21:02,975 INFO [__main__] completion marker saved path=/home/h61084/codes/adapts/outputs/extraction/exchange_rate/168_24/chronos2/instance/euclidean/3/fixed/run_0/extraction_manifest.json
2026-08-14 22:21:02,975 INFO [__main__] outputs saved dir=/home/h61084/codes/adapts/outputs/extraction/exchange_rate/168_24/chronos2/instance/euclidean/3/fixed/run_0
2026-08-14 22:21:02,975 INFO [__main__] experiment done seconds=22.34
2026-08-14 22:21:02,975 INFO [__main__] ========================================================================
2026-08-14 22:21:05,875 INFO [__main__] extraction validation directory=/home/h61084/codes/adapts/outputs/extraction/exchange_rate/168_24/chronos2/instance/euclidean/3/fixed/run_0 status=complete
2026-08-14T22:21:06+02:00 extraction done configuration=20/24 dataset=exchange_rate model=chronos2 lags=168 horizon=24 retrieval=instance_euclidean_3_fixed
2026-08-14T22:21:06+02:00 skip complete family=extraction dataset=exchange_rate model=chronos2 lags=336 horizon=48 retrieval=vanilla run=/home/h61084/codes/adapts/outputs/extraction/exchange_rate/336_48/chronos2/none/none/0/none/run_1

2026-08-14T22:21:06+02:00 extraction start configuration=22/24 dataset=exchange_rate model=chronos2 lags=336 horizon=48 retrieval=instance_euclidean_3_fixed run=/home/h61084/codes/adapts/outputs/extraction/exchange_rate/336_48/chronos2/instance/euclidean/3/fixed/run_0 computation_signature=5260d2e657631ba34764f90f20652929688baf154eace246a97f73aa5b1bbfca period=24 align_period=false datastore_stride=25 adapt_stride=25 eval_stride=127 max_store_windows=30000 seed=1
2026-08-14 22:21:08,996 INFO [__main__] ========================================================================
2026-08-14 22:21:08,996 INFO [__main__] experiment start kind=extraction dataset=exchange_rate model=chronos2 lags=336 horizon=48 neighbors=3 distance=instance/euclidean
2026-08-14 22:21:09,337 INFO [__main__] dataset load start
2026-08-14 22:21:09,339 INFO [src.data.load_dataset] loaded dataset config path=/home/h61084/codes/datasets/exchange_rate/config.json keys=['aggr', 'date_col', 'drop_users']
2026-08-14 22:21:09,357 INFO [__main__] dataset load done dates=7588 users=8
2026-08-14 22:21:09,357 INFO [__main__] model load start
2026-08-14 22:21:18,318 INFO [__main__] model load done name=chronos2 device=cuda parameters_total=119,477,664 parameters_trainable=0
2026-08-14 22:21:18,319 INFO [__main__] extraction start split=adapt queries=150
2026-08-14 22:21:28,283 INFO [__main__] extraction done split=adapt
2026-08-14 22:21:28,283 INFO [__main__] extraction start split=eval queries=12
2026-08-14 22:21:29,062 INFO [__main__] extraction done split=eval
2026-08-14 22:21:29,674 INFO [__main__] completion marker saved path=/home/h61084/codes/adapts/outputs/extraction/exchange_rate/336_48/chronos2/instance/euclidean/3/fixed/run_0/extraction_manifest.json
2026-08-14 22:21:29,674 INFO [__main__] outputs saved dir=/home/h61084/codes/adapts/outputs/extraction/exchange_rate/336_48/chronos2/instance/euclidean/3/fixed/run_0
2026-08-14 22:21:29,674 INFO [__main__] experiment done seconds=20.67
2026-08-14 22:21:29,674 INFO [__main__] ========================================================================
2026-08-14 22:21:32,963 INFO [__main__] extraction validation directory=/home/h61084/codes/adapts/outputs/extraction/exchange_rate/336_48/chronos2/instance/euclidean/3/fixed/run_0 status=complete
2026-08-14T22:21:33+02:00 extraction done configuration=22/24 dataset=exchange_rate model=chronos2 lags=336 horizon=48 retrieval=instance_euclidean_3_fixed
2026-08-14T22:21:33+02:00 skip complete family=extraction dataset=exchange_rate model=chronos2 lags=504 horizon=168 retrieval=vanilla run=/home/h61084/codes/adapts/outputs/extraction/exchange_rate/504_168/chronos2/none/none/0/none/run_1

2026-08-14T22:21:33+02:00 extraction start configuration=24/24 dataset=exchange_rate model=chronos2 lags=504 horizon=168 retrieval=instance_euclidean_3_fixed run=/home/h61084/codes/adapts/outputs/extraction/exchange_rate/504_168/chronos2/instance/euclidean/3/fixed/run_0 computation_signature=165f9ee06d7606c424b78c2cb7f0dc67576a9c9d309241af8a3ab4e5681953df period=24 align_period=false datastore_stride=25 adapt_stride=25 eval_stride=127 max_store_windows=30000 seed=1
2026-08-14 22:21:36,083 INFO [__main__] ========================================================================
2026-08-14 22:21:36,083 INFO [__main__] experiment start kind=extraction dataset=exchange_rate model=chronos2 lags=504 horizon=168 neighbors=3 distance=instance/euclidean
2026-08-14 22:21:36,376 INFO [__main__] dataset load start
2026-08-14 22:21:36,377 INFO [src.data.load_dataset] loaded dataset config path=/home/h61084/codes/datasets/exchange_rate/config.json keys=['aggr', 'date_col', 'drop_users']
2026-08-14 22:21:36,395 INFO [__main__] dataset load done dates=7588 users=8
2026-08-14 22:21:36,395 INFO [__main__] model load start
2026-08-14 22:21:44,873 INFO [__main__] model load done name=chronos2 device=cuda parameters_total=119,477,664 parameters_trainable=0
2026-08-14 22:21:44,874 INFO [__main__] extraction start split=adapt queries=146
2026-08-14 22:21:54,369 INFO [__main__] extraction done split=adapt
2026-08-14 22:21:54,370 INFO [__main__] extraction start split=eval queries=11
2026-08-14 22:21:55,054 INFO [__main__] extraction done split=eval
2026-08-14 22:21:55,650 INFO [__main__] completion marker saved path=/home/h61084/codes/adapts/outputs/extraction/exchange_rate/504_168/chronos2/instance/euclidean/3/fixed/run_0/extraction_manifest.json
2026-08-14 22:21:55,650 INFO [__main__] outputs saved dir=/home/h61084/codes/adapts/outputs/extraction/exchange_rate/504_168/chronos2/instance/euclidean/3/fixed/run_0
2026-08-14 22:21:55,650 INFO [__main__] experiment done seconds=19.56
2026-08-14 22:21:55,650 INFO [__main__] ========================================================================
2026-08-14 22:21:58,536 INFO [__main__] extraction validation directory=/home/h61084/codes/adapts/outputs/extraction/exchange_rate/504_168/chronos2/instance/euclidean/3/fixed/run_0 status=complete
2026-08-14T22:21:58+02:00 extraction done configuration=24/24 dataset=exchange_rate model=chronos2 lags=504 horizon=168 retrieval=instance_euclidean_3_fixed

2026-08-14T22:21:58+02:00 job done kind=adaptation_extraction output=outputs/extraction

2026-08-14T22:21:58+02:00 job start kind=baselines family=offline_datastore_ablation experiment_mode=full skip_complete=true tasks=12 datasets=Electricity,Traffic,Solar,exchange_rate models=chronos2 settings=168:24,336:48,504:168 distance_spaces=instance distance_metrics=euclidean neighbors=3 methods=full_ridge_shared,cov_y_ridge_shared,cov_avgy_ridge_shared results_root=outputs/adaptation/offline_datastore_ablation
2026-08-14 22:22:01,311 INFO [__main__] extraction validation directory=/home/h61084/codes/adapts/outputs/extraction/Electricity/168_24/chronos2/instance/euclidean/3/fixed/run_0 status=complete

2026-08-14T22:22:01+02:00 baselines start configuration=1/12 dataset=Electricity model=chronos2 formula=full_ridge_shared lags=168 horizon=24 retrieval=instance_euclidean_3_fixed run=/home/h61084/codes/adapts/outputs/adaptation/offline_datastore_ablation/Electricity/168_24/chronos2/full_ridge_shared/instance/euclidean/3/fixed/run_0 computation_signature=0d08b49608a6c0aea0c84b00d8d36d7f84dab80915a832e3fdfe43d609dd7d77 l2_grid=0,1e-6,1e-5,1e-4,1e-3,1e-2,1e-1,1,10 validation_fraction=0.2 fit_baselines_on_eval=false seed=1
2026-08-14 22:22:04,414 INFO [__main__] ========================================================================
2026-08-14 22:22:04,414 INFO [__main__] selected methods=('full_ridge_shared',)
2026-08-14 22:22:12,206 INFO [__main__] baseline selection start l2_grid=(0.0, 1e-06, 1e-05, 0.0001, 0.001, 0.01, 0.1, 1.0, 10.0)
2026-08-14 22:22:13,411 INFO [__main__] baseline selection done
2026-08-14 22:22:13,438 INFO [__main__] experiment done seconds=9.02
2026-08-14 22:22:13,438 INFO [__main__] ========================================================================
2026-08-14T22:22:13+02:00 baselines done configuration=1/12 dataset=Electricity model=chronos2 formula=full_ridge_shared lags=168 horizon=24 retrieval=instance_euclidean_3_fixed

2026-08-14T22:22:14+02:00 baselines start configuration=1/12 dataset=Electricity model=chronos2 formula=cov_y_ridge_shared lags=168 horizon=24 retrieval=instance_euclidean_3_fixed run=/home/h61084/codes/adapts/outputs/adaptation/offline_datastore_ablation/Electricity/168_24/chronos2/cov_y_ridge_shared/instance/euclidean/3/fixed/run_0 computation_signature=4a484f7c1f11a891320dbd6fbf9f8a97334a7f407833ec1bcc09705954d18701 l2_grid=0,1e-6,1e-5,1e-4,1e-3,1e-2,1e-1,1,10 validation_fraction=0.2 fit_baselines_on_eval=false seed=1
2026-08-14 22:22:16,545 INFO [__main__] ========================================================================
2026-08-14 22:22:16,546 INFO [__main__] selected methods=('cov_y_ridge_shared',)
2026-08-14 22:22:19,297 INFO [__main__] baseline selection start l2_grid=(0.0, 1e-06, 1e-05, 0.0001, 0.001, 0.01, 0.1, 1.0, 10.0)
2026-08-14 22:22:19,878 INFO [__main__] baseline selection done
2026-08-14 22:22:19,901 INFO [__main__] experiment done seconds=3.35
2026-08-14 22:22:19,901 INFO [__main__] ========================================================================
2026-08-14T22:22:20+02:00 baselines done configuration=1/12 dataset=Electricity model=chronos2 formula=cov_y_ridge_shared lags=168 horizon=24 retrieval=instance_euclidean_3_fixed

2026-08-14T22:22:20+02:00 baselines start configuration=1/12 dataset=Electricity model=chronos2 formula=cov_avgy_ridge_shared lags=168 horizon=24 retrieval=instance_euclidean_3_fixed run=/home/h61084/codes/adapts/outputs/adaptation/offline_datastore_ablation/Electricity/168_24/chronos2/cov_avgy_ridge_shared/instance/euclidean/3/fixed/run_0 computation_signature=95e4e0d9425b7ddf71e5f9093fd2d532978239e79fd1d8d27d1f4c95c335435f l2_grid=0,1e-6,1e-5,1e-4,1e-3,1e-2,1e-1,1,10 validation_fraction=0.2 fit_baselines_on_eval=false seed=1
2026-08-14 22:22:23,322 INFO [__main__] ========================================================================
2026-08-14 22:22:23,322 INFO [__main__] selected methods=('cov_avgy_ridge_shared',)
2026-08-14 22:22:26,066 INFO [__main__] baseline selection start l2_grid=(0.0, 1e-06, 1e-05, 0.0001, 0.001, 0.01, 0.1, 1.0, 10.0)
2026-08-14 22:22:26,807 INFO [__main__] baseline selection done
2026-08-14 22:22:26,832 INFO [__main__] experiment done seconds=3.51
2026-08-14 22:22:26,832 INFO [__main__] ========================================================================
2026-08-14T22:22:27+02:00 baselines done configuration=1/12 dataset=Electricity model=chronos2 formula=cov_avgy_ridge_shared lags=168 horizon=24 retrieval=instance_euclidean_3_fixed
2026-08-14 22:22:29,745 INFO [__main__] extraction validation directory=/home/h61084/codes/adapts/outputs/extraction/Electricity/336_48/chronos2/instance/euclidean/3/fixed/run_0 status=complete

2026-08-14T22:22:30+02:00 baselines start configuration=2/12 dataset=Electricity model=chronos2 formula=full_ridge_shared lags=336 horizon=48 retrieval=instance_euclidean_3_fixed run=/home/h61084/codes/adapts/outputs/adaptation/offline_datastore_ablation/Electricity/336_48/chronos2/full_ridge_shared/instance/euclidean/3/fixed/run_0 computation_signature=757723f0133c69ab5dd7dcbb54ca0373bfbf8ff1eac667c7b6f0458e1ef7a5a5 l2_grid=0,1e-6,1e-5,1e-4,1e-3,1e-2,1e-1,1,10 validation_fraction=0.2 fit_baselines_on_eval=false seed=1
2026-08-14 22:22:33,033 INFO [__main__] ========================================================================
2026-08-14 22:22:33,033 INFO [__main__] selected methods=('full_ridge_shared',)
2026-08-14 22:22:46,108 INFO [__main__] baseline selection start l2_grid=(0.0, 1e-06, 1e-05, 0.0001, 0.001, 0.01, 0.1, 1.0, 10.0)
2026-08-14 22:22:47,690 INFO [__main__] baseline selection done
2026-08-14 22:22:47,714 INFO [__main__] experiment done seconds=14.68
2026-08-14 22:22:47,714 INFO [__main__] ========================================================================
2026-08-14T22:22:48+02:00 baselines done configuration=2/12 dataset=Electricity model=chronos2 formula=full_ridge_shared lags=336 horizon=48 retrieval=instance_euclidean_3_fixed

2026-08-14T22:22:48+02:00 baselines start configuration=2/12 dataset=Electricity model=chronos2 formula=cov_y_ridge_shared lags=336 horizon=48 retrieval=instance_euclidean_3_fixed run=/home/h61084/codes/adapts/outputs/adaptation/offline_datastore_ablation/Electricity/336_48/chronos2/cov_y_ridge_shared/instance/euclidean/3/fixed/run_0 computation_signature=804206cb28ba7570549ff4aa3ec91c112a86876806fa6707462b327c3092e603 l2_grid=0,1e-6,1e-5,1e-4,1e-3,1e-2,1e-1,1,10 validation_fraction=0.2 fit_baselines_on_eval=false seed=1
2026-08-14 22:22:51,220 INFO [__main__] ========================================================================
2026-08-14 22:22:51,220 INFO [__main__] selected methods=('cov_y_ridge_shared',)
2026-08-14 22:22:54,511 INFO [__main__] baseline selection start l2_grid=(0.0, 1e-06, 1e-05, 0.0001, 0.001, 0.01, 0.1, 1.0, 10.0)
2026-08-14 22:22:55,504 INFO [__main__] baseline selection done
2026-08-14 22:22:55,535 INFO [__main__] experiment done seconds=4.31
2026-08-14 22:22:55,535 INFO [__main__] ========================================================================
2026-08-14T22:22:56+02:00 baselines done configuration=2/12 dataset=Electricity model=chronos2 formula=cov_y_ridge_shared lags=336 horizon=48 retrieval=instance_euclidean_3_fixed

2026-08-14T22:22:56+02:00 baselines start configuration=2/12 dataset=Electricity model=chronos2 formula=cov_avgy_ridge_shared lags=336 horizon=48 retrieval=instance_euclidean_3_fixed run=/home/h61084/codes/adapts/outputs/adaptation/offline_datastore_ablation/Electricity/336_48/chronos2/cov_avgy_ridge_shared/instance/euclidean/3/fixed/run_0 computation_signature=3f23b64be5e5b0c50e9e01307ab6640eee5334dbbedefc3c2f9f257d0d52f237 l2_grid=0,1e-6,1e-5,1e-4,1e-3,1e-2,1e-1,1,10 validation_fraction=0.2 fit_baselines_on_eval=false seed=1
2026-08-14 22:22:58,933 INFO [__main__] ========================================================================
2026-08-14 22:22:58,934 INFO [__main__] selected methods=('cov_avgy_ridge_shared',)
2026-08-14 22:23:02,291 INFO [__main__] baseline selection start l2_grid=(0.0, 1e-06, 1e-05, 0.0001, 0.001, 0.01, 0.1, 1.0, 10.0)
2026-08-14 22:23:03,526 INFO [__main__] baseline selection done
2026-08-14 22:23:03,549 INFO [__main__] experiment done seconds=4.61
2026-08-14 22:23:03,549 INFO [__main__] ========================================================================
2026-08-14T22:23:04+02:00 baselines done configuration=2/12 dataset=Electricity model=chronos2 formula=cov_avgy_ridge_shared lags=336 horizon=48 retrieval=instance_euclidean_3_fixed
2026-08-14 22:23:06,367 INFO [__main__] extraction validation directory=/home/h61084/codes/adapts/outputs/extraction/Electricity/504_168/chronos2/instance/euclidean/3/fixed/run_0 status=complete

2026-08-14T22:23:06+02:00 baselines start configuration=3/12 dataset=Electricity model=chronos2 formula=full_ridge_shared lags=504 horizon=168 retrieval=instance_euclidean_3_fixed run=/home/h61084/codes/adapts/outputs/adaptation/offline_datastore_ablation/Electricity/504_168/chronos2/full_ridge_shared/instance/euclidean/3/fixed/run_0 computation_signature=e7c3dbed929e50eb4caf8d9bd8a7822e0c26db4c20d096d2d8f4665784d3d95d l2_grid=0,1e-6,1e-5,1e-4,1e-3,1e-2,1e-1,1,10 validation_fraction=0.2 fit_baselines_on_eval=false seed=1
2026-08-14 22:23:09,340 INFO [__main__] ========================================================================
2026-08-14 22:23:09,340 INFO [__main__] selected methods=('full_ridge_shared',)
2026-08-14 22:23:31,337 INFO [__main__] baseline selection start l2_grid=(0.0, 1e-06, 1e-05, 0.0001, 0.001, 0.01, 0.1, 1.0, 10.0)
2026-08-14 22:23:36,952 INFO [__main__] baseline selection done
2026-08-14 22:23:36,978 INFO [__main__] experiment done seconds=27.63
2026-08-14 22:23:36,978 INFO [__main__] ========================================================================
2026-08-14T22:23:37+02:00 baselines done configuration=3/12 dataset=Electricity model=chronos2 formula=full_ridge_shared lags=504 horizon=168 retrieval=instance_euclidean_3_fixed

2026-08-14T22:23:37+02:00 baselines start configuration=3/12 dataset=Electricity model=chronos2 formula=cov_y_ridge_shared lags=504 horizon=168 retrieval=instance_euclidean_3_fixed run=/home/h61084/codes/adapts/outputs/adaptation/offline_datastore_ablation/Electricity/504_168/chronos2/cov_y_ridge_shared/instance/euclidean/3/fixed/run_0 computation_signature=cc54d0c4f38127966f92ee50fb3c2c6e8cc7aa2fb086a3d12d78a4956681c2e3 l2_grid=0,1e-6,1e-5,1e-4,1e-3,1e-2,1e-1,1,10 validation_fraction=0.2 fit_baselines_on_eval=false seed=1
2026-08-14 22:23:40,616 INFO [__main__] ========================================================================
2026-08-14 22:23:40,617 INFO [__main__] selected methods=('cov_y_ridge_shared',)
2026-08-14 22:23:44,813 INFO [__main__] baseline selection start l2_grid=(0.0, 1e-06, 1e-05, 0.0001, 0.001, 0.01, 0.1, 1.0, 10.0)
2026-08-14 22:23:49,738 INFO [__main__] baseline selection done
2026-08-14 22:23:49,798 INFO [__main__] experiment done seconds=9.18
2026-08-14 22:23:49,798 INFO [__main__] ========================================================================
2026-08-14T22:23:50+02:00 baselines done configuration=3/12 dataset=Electricity model=chronos2 formula=cov_y_ridge_shared lags=504 horizon=168 retrieval=instance_euclidean_3_fixed

2026-08-14T22:23:50+02:00 baselines start configuration=3/12 dataset=Electricity model=chronos2 formula=cov_avgy_ridge_shared lags=504 horizon=168 retrieval=instance_euclidean_3_fixed run=/home/h61084/codes/adapts/outputs/adaptation/offline_datastore_ablation/Electricity/504_168/chronos2/cov_avgy_ridge_shared/instance/euclidean/3/fixed/run_0 computation_signature=494a77793bd4a027285f75c10f5834dfd8460e6a4d01c2053c5a02cac3f7cd79 l2_grid=0,1e-6,1e-5,1e-4,1e-3,1e-2,1e-1,1,10 validation_fraction=0.2 fit_baselines_on_eval=false seed=1
2026-08-14 22:23:52,893 INFO [__main__] ========================================================================
2026-08-14 22:23:52,893 INFO [__main__] selected methods=('cov_avgy_ridge_shared',)
2026-08-14 22:23:57,144 INFO [__main__] baseline selection start l2_grid=(0.0, 1e-06, 1e-05, 0.0001, 0.001, 0.01, 0.1, 1.0, 10.0)
2026-08-14 22:24:00,897 INFO [__main__] baseline selection done
2026-08-14 22:24:00,920 INFO [__main__] experiment done seconds=8.02
2026-08-14 22:24:00,920 INFO [__main__] ========================================================================
2026-08-14T22:24:01+02:00 baselines done configuration=3/12 dataset=Electricity model=chronos2 formula=cov_avgy_ridge_shared lags=504 horizon=168 retrieval=instance_euclidean_3_fixed
2026-08-14 22:24:03,701 INFO [__main__] extraction validation directory=/home/h61084/codes/adapts/outputs/extraction/Traffic/168_24/chronos2/instance/euclidean/3/fixed/run_0 status=complete

2026-08-14T22:24:04+02:00 baselines start configuration=4/12 dataset=Traffic model=chronos2 formula=full_ridge_shared lags=168 horizon=24 retrieval=instance_euclidean_3_fixed run=/home/h61084/codes/adapts/outputs/adaptation/offline_datastore_ablation/Traffic/168_24/chronos2/full_ridge_shared/instance/euclidean/3/fixed/run_0 computation_signature=1b7e54063e08e22e0ac4d4f92775adf152f30d40f833501153b8dba2f7116f2e l2_grid=0,1e-6,1e-5,1e-4,1e-3,1e-2,1e-1,1,10 validation_fraction=0.2 fit_baselines_on_eval=false seed=1
2026-08-14 22:24:06,514 INFO [__main__] ========================================================================
2026-08-14 22:24:06,514 INFO [__main__] selected methods=('full_ridge_shared',)
2026-08-14 22:24:18,054 INFO [__main__] baseline selection start l2_grid=(0.0, 1e-06, 1e-05, 0.0001, 0.001, 0.01, 0.1, 1.0, 10.0)
2026-08-14 22:24:19,703 INFO [__main__] baseline selection done
2026-08-14 22:24:19,730 INFO [__main__] experiment done seconds=13.21
2026-08-14 22:24:19,730 INFO [__main__] ========================================================================
2026-08-14T22:24:20+02:00 baselines done configuration=4/12 dataset=Traffic model=chronos2 formula=full_ridge_shared lags=168 horizon=24 retrieval=instance_euclidean_3_fixed

2026-08-14T22:24:20+02:00 baselines start configuration=4/12 dataset=Traffic model=chronos2 formula=cov_y_ridge_shared lags=168 horizon=24 retrieval=instance_euclidean_3_fixed run=/home/h61084/codes/adapts/outputs/adaptation/offline_datastore_ablation/Traffic/168_24/chronos2/cov_y_ridge_shared/instance/euclidean/3/fixed/run_0 computation_signature=8fe59a38f503aa7ce4c03ab508434c5af1fc6f638b625aa649bdabffcc1a8b1d l2_grid=0,1e-6,1e-5,1e-4,1e-3,1e-2,1e-1,1,10 validation_fraction=0.2 fit_baselines_on_eval=false seed=1
2026-08-14 22:24:22,673 INFO [__main__] ========================================================================
2026-08-14 22:24:22,673 INFO [__main__] selected methods=('cov_y_ridge_shared',)
2026-08-14 22:24:26,184 INFO [__main__] baseline selection start l2_grid=(0.0, 1e-06, 1e-05, 0.0001, 0.001, 0.01, 0.1, 1.0, 10.0)
2026-08-14 22:24:27,112 INFO [__main__] baseline selection done
2026-08-14 22:24:27,134 INFO [__main__] experiment done seconds=4.46
2026-08-14 22:24:27,134 INFO [__main__] ========================================================================
2026-08-14T22:24:27+02:00 baselines done configuration=4/12 dataset=Traffic model=chronos2 formula=cov_y_ridge_shared lags=168 horizon=24 retrieval=instance_euclidean_3_fixed

2026-08-14T22:24:27+02:00 baselines start configuration=4/12 dataset=Traffic model=chronos2 formula=cov_avgy_ridge_shared lags=168 horizon=24 retrieval=instance_euclidean_3_fixed run=/home/h61084/codes/adapts/outputs/adaptation/offline_datastore_ablation/Traffic/168_24/chronos2/cov_avgy_ridge_shared/instance/euclidean/3/fixed/run_0 computation_signature=2f818cc53cf6c2987db13f9dae554fc4029c33a9747fc174fd1c4d3a3f866708 l2_grid=0,1e-6,1e-5,1e-4,1e-3,1e-2,1e-1,1,10 validation_fraction=0.2 fit_baselines_on_eval=false seed=1
2026-08-14 22:24:30,248 INFO [__main__] ========================================================================
2026-08-14 22:24:30,248 INFO [__main__] selected methods=('cov_avgy_ridge_shared',)
2026-08-14 22:24:33,719 INFO [__main__] baseline selection start l2_grid=(0.0, 1e-06, 1e-05, 0.0001, 0.001, 0.01, 0.1, 1.0, 10.0)
2026-08-14 22:24:34,983 INFO [__main__] baseline selection done
2026-08-14 22:24:35,006 INFO [__main__] experiment done seconds=4.75
2026-08-14 22:24:35,006 INFO [__main__] ========================================================================
2026-08-14T22:24:35+02:00 baselines done configuration=4/12 dataset=Traffic model=chronos2 formula=cov_avgy_ridge_shared lags=168 horizon=24 retrieval=instance_euclidean_3_fixed
2026-08-14 22:24:37,757 INFO [__main__] extraction validation directory=/home/h61084/codes/adapts/outputs/extraction/Traffic/336_48/chronos2/instance/euclidean/3/fixed/run_0 status=complete

2026-08-14T22:24:38+02:00 baselines start configuration=5/12 dataset=Traffic model=chronos2 formula=full_ridge_shared lags=336 horizon=48 retrieval=instance_euclidean_3_fixed run=/home/h61084/codes/adapts/outputs/adaptation/offline_datastore_ablation/Traffic/336_48/chronos2/full_ridge_shared/instance/euclidean/3/fixed/run_0 computation_signature=2c1a7552e1bdfaae5b153dda8d8a6f7f91ebf19f18e934d3cc7999cc8ee7d9f5 l2_grid=0,1e-6,1e-5,1e-4,1e-3,1e-2,1e-1,1,10 validation_fraction=0.2 fit_baselines_on_eval=false seed=1
2026-08-14 22:24:40,943 INFO [__main__] ========================================================================
2026-08-14 22:24:40,943 INFO [__main__] selected methods=('full_ridge_shared',)
2026-08-14 22:25:02,079 INFO [__main__] baseline selection start l2_grid=(0.0, 1e-06, 1e-05, 0.0001, 0.001, 0.01, 0.1, 1.0, 10.0)
2026-08-14 22:25:04,438 INFO [__main__] baseline selection done
2026-08-14 22:25:04,465 INFO [__main__] experiment done seconds=23.52
2026-08-14 22:25:04,465 INFO [__main__] ========================================================================
2026-08-14T22:25:05+02:00 baselines done configuration=5/12 dataset=Traffic model=chronos2 formula=full_ridge_shared lags=336 horizon=48 retrieval=instance_euclidean_3_fixed

2026-08-14T22:25:05+02:00 baselines start configuration=5/12 dataset=Traffic model=chronos2 formula=cov_y_ridge_shared lags=336 horizon=48 retrieval=instance_euclidean_3_fixed run=/home/h61084/codes/adapts/outputs/adaptation/offline_datastore_ablation/Traffic/336_48/chronos2/cov_y_ridge_shared/instance/euclidean/3/fixed/run_0 computation_signature=f633290198729045ad1a0a870f6b06df82acc99fe3854b2f03a848c3baaa1951 l2_grid=0,1e-6,1e-5,1e-4,1e-3,1e-2,1e-1,1,10 validation_fraction=0.2 fit_baselines_on_eval=false seed=1
2026-08-14 22:25:07,973 INFO [__main__] ========================================================================
2026-08-14 22:25:07,974 INFO [__main__] selected methods=('cov_y_ridge_shared',)
2026-08-14 22:25:12,276 INFO [__main__] baseline selection start l2_grid=(0.0, 1e-06, 1e-05, 0.0001, 0.001, 0.01, 0.1, 1.0, 10.0)
2026-08-14 22:25:13,972 INFO [__main__] baseline selection done
2026-08-14 22:25:13,995 INFO [__main__] experiment done seconds=6.02
2026-08-14 22:25:13,995 INFO [__main__] ========================================================================
2026-08-14T22:25:14+02:00 baselines done configuration=5/12 dataset=Traffic model=chronos2 formula=cov_y_ridge_shared lags=336 horizon=48 retrieval=instance_euclidean_3_fixed

2026-08-14T22:25:14+02:00 baselines start configuration=5/12 dataset=Traffic model=chronos2 formula=cov_avgy_ridge_shared lags=336 horizon=48 retrieval=instance_euclidean_3_fixed run=/home/h61084/codes/adapts/outputs/adaptation/offline_datastore_ablation/Traffic/336_48/chronos2/cov_avgy_ridge_shared/instance/euclidean/3/fixed/run_0 computation_signature=96ca975bda9ef83aed4a8e5a2b36accf707695f059bc2f7f591393f87773db0d l2_grid=0,1e-6,1e-5,1e-4,1e-3,1e-2,1e-1,1,10 validation_fraction=0.2 fit_baselines_on_eval=false seed=1
2026-08-14 22:25:16,952 INFO [__main__] ========================================================================
2026-08-14 22:25:16,952 INFO [__main__] selected methods=('cov_avgy_ridge_shared',)
2026-08-14 22:25:21,462 INFO [__main__] baseline selection start l2_grid=(0.0, 1e-06, 1e-05, 0.0001, 0.001, 0.01, 0.1, 1.0, 10.0)
2026-08-14 22:25:23,554 INFO [__main__] baseline selection done
2026-08-14 22:25:23,580 INFO [__main__] experiment done seconds=6.62
2026-08-14 22:25:23,581 INFO [__main__] ========================================================================
2026-08-14T22:25:24+02:00 baselines done configuration=5/12 dataset=Traffic model=chronos2 formula=cov_avgy_ridge_shared lags=336 horizon=48 retrieval=instance_euclidean_3_fixed
2026-08-14 22:25:26,236 INFO [__main__] extraction validation directory=/home/h61084/codes/adapts/outputs/extraction/Traffic/504_168/chronos2/instance/euclidean/3/fixed/run_0 status=complete

2026-08-14T22:25:26+02:00 baselines start configuration=6/12 dataset=Traffic model=chronos2 formula=full_ridge_shared lags=504 horizon=168 retrieval=instance_euclidean_3_fixed run=/home/h61084/codes/adapts/outputs/adaptation/offline_datastore_ablation/Traffic/504_168/chronos2/full_ridge_shared/instance/euclidean/3/fixed/run_0 computation_signature=4c73851c89b6090c5381061212d91588050c8e95a231afc42471556a7ad5521c l2_grid=0,1e-6,1e-5,1e-4,1e-3,1e-2,1e-1,1,10 validation_fraction=0.2 fit_baselines_on_eval=false seed=1
2026-08-14 22:25:29,130 INFO [__main__] ========================================================================
2026-08-14 22:25:29,131 INFO [__main__] selected methods=('full_ridge_shared',)
2026-08-14 22:26:08,143 INFO [__main__] baseline selection start l2_grid=(0.0, 1e-06, 1e-05, 0.0001, 0.001, 0.01, 0.1, 1.0, 10.0)
2026-08-14 22:26:17,103 INFO [__main__] baseline selection done
2026-08-14 22:26:17,157 INFO [__main__] experiment done seconds=48.02
2026-08-14 22:26:17,157 INFO [__main__] ========================================================================
2026-08-14T22:26:17+02:00 baselines done configuration=6/12 dataset=Traffic model=chronos2 formula=full_ridge_shared lags=504 horizon=168 retrieval=instance_euclidean_3_fixed

2026-08-14T22:26:18+02:00 baselines start configuration=6/12 dataset=Traffic model=chronos2 formula=cov_y_ridge_shared lags=504 horizon=168 retrieval=instance_euclidean_3_fixed run=/home/h61084/codes/adapts/outputs/adaptation/offline_datastore_ablation/Traffic/504_168/chronos2/cov_y_ridge_shared/instance/euclidean/3/fixed/run_0 computation_signature=dc91017ace51b176352cf9f67c18f23637eefaf180d27aa8f8cd2df8e8d2c20f l2_grid=0,1e-6,1e-5,1e-4,1e-3,1e-2,1e-1,1,10 validation_fraction=0.2 fit_baselines_on_eval=false seed=1
2026-08-14 22:26:20,594 INFO [__main__] ========================================================================
2026-08-14 22:26:20,594 INFO [__main__] selected methods=('cov_y_ridge_shared',)
2026-08-14 22:26:27,265 INFO [__main__] baseline selection start l2_grid=(0.0, 1e-06, 1e-05, 0.0001, 0.001, 0.01, 0.1, 1.0, 10.0)
2026-08-14 22:26:33,247 INFO [__main__] baseline selection done
2026-08-14 22:26:33,271 INFO [__main__] experiment done seconds=12.67
2026-08-14 22:26:33,271 INFO [__main__] ========================================================================
2026-08-14T22:26:33+02:00 baselines done configuration=6/12 dataset=Traffic model=chronos2 formula=cov_y_ridge_shared lags=504 horizon=168 retrieval=instance_euclidean_3_fixed

2026-08-14T22:26:34+02:00 baselines start configuration=6/12 dataset=Traffic model=chronos2 formula=cov_avgy_ridge_shared lags=504 horizon=168 retrieval=instance_euclidean_3_fixed run=/home/h61084/codes/adapts/outputs/adaptation/offline_datastore_ablation/Traffic/504_168/chronos2/cov_avgy_ridge_shared/instance/euclidean/3/fixed/run_0 computation_signature=c8c71d3d4c2d2180956809fb1ac3ae526a22499e492b0f9e9d1a9c800a6da5c4 l2_grid=0,1e-6,1e-5,1e-4,1e-3,1e-2,1e-1,1,10 validation_fraction=0.2 fit_baselines_on_eval=false seed=1
2026-08-14 22:26:36,388 INFO [__main__] ========================================================================
2026-08-14 22:26:36,388 INFO [__main__] selected methods=('cov_avgy_ridge_shared',)
2026-08-14 22:26:42,692 INFO [__main__] baseline selection start l2_grid=(0.0, 1e-06, 1e-05, 0.0001, 0.001, 0.01, 0.1, 1.0, 10.0)
2026-08-14 22:26:49,521 INFO [__main__] baseline selection done
2026-08-14 22:26:49,545 INFO [__main__] experiment done seconds=13.15
2026-08-14 22:26:49,545 INFO [__main__] ========================================================================
2026-08-14T22:26:50+02:00 baselines done configuration=6/12 dataset=Traffic model=chronos2 formula=cov_avgy_ridge_shared lags=504 horizon=168 retrieval=instance_euclidean_3_fixed
2026-08-14 22:26:52,284 INFO [__main__] extraction validation directory=/home/h61084/codes/adapts/outputs/extraction/Solar/168_24/chronos2/instance/euclidean/3/fixed/run_0 status=complete

2026-08-14T22:26:52+02:00 baselines start configuration=7/12 dataset=Solar model=chronos2 formula=full_ridge_shared lags=168 horizon=24 retrieval=instance_euclidean_3_fixed run=/home/h61084/codes/adapts/outputs/adaptation/offline_datastore_ablation/Solar/168_24/chronos2/full_ridge_shared/instance/euclidean/3/fixed/run_0 computation_signature=f9a279f6e7787dc65ee008fc79770c38ff0ec79344743352bd2ba8a34b1b5fdd l2_grid=0,1e-6,1e-5,1e-4,1e-3,1e-2,1e-1,1,10 validation_fraction=0.2 fit_baselines_on_eval=false seed=1
2026-08-14 22:26:55,253 INFO [__main__] ========================================================================
2026-08-14 22:26:55,254 INFO [__main__] selected methods=('full_ridge_shared',)
2026-08-14 22:26:58,123 INFO [__main__] baseline selection start l2_grid=(0.0, 1e-06, 1e-05, 0.0001, 0.001, 0.01, 0.1, 1.0, 10.0)
2026-08-14 22:26:58,549 INFO [__main__] baseline selection done
2026-08-14 22:26:58,572 INFO [__main__] experiment done seconds=3.31
2026-08-14 22:26:58,572 INFO [__main__] ========================================================================
2026-08-14T22:26:59+02:00 baselines done configuration=7/12 dataset=Solar model=chronos2 formula=full_ridge_shared lags=168 horizon=24 retrieval=instance_euclidean_3_fixed

2026-08-14T22:26:59+02:00 baselines start configuration=7/12 dataset=Solar model=chronos2 formula=cov_y_ridge_shared lags=168 horizon=24 retrieval=instance_euclidean_3_fixed run=/home/h61084/codes/adapts/outputs/adaptation/offline_datastore_ablation/Solar/168_24/chronos2/cov_y_ridge_shared/instance/euclidean/3/fixed/run_0 computation_signature=a433ae32acea8af1268a7d5c3e104b9b788e894beef8b88a7ece9d87f90eaf54 l2_grid=0,1e-6,1e-5,1e-4,1e-3,1e-2,1e-1,1,10 validation_fraction=0.2 fit_baselines_on_eval=false seed=1
2026-08-14 22:27:01,722 INFO [__main__] ========================================================================
2026-08-14 22:27:01,722 INFO [__main__] selected methods=('cov_y_ridge_shared',)
2026-08-14 22:27:03,449 INFO [__main__] baseline selection start l2_grid=(0.0, 1e-06, 1e-05, 0.0001, 0.001, 0.01, 0.1, 1.0, 10.0)
2026-08-14 22:27:03,652 INFO [__main__] baseline selection done
2026-08-14 22:27:03,674 INFO [__main__] experiment done seconds=1.95
2026-08-14 22:27:03,675 INFO [__main__] ========================================================================
2026-08-14T22:27:04+02:00 baselines done configuration=7/12 dataset=Solar model=chronos2 formula=cov_y_ridge_shared lags=168 horizon=24 retrieval=instance_euclidean_3_fixed

2026-08-14T22:27:04+02:00 baselines start configuration=7/12 dataset=Solar model=chronos2 formula=cov_avgy_ridge_shared lags=168 horizon=24 retrieval=instance_euclidean_3_fixed run=/home/h61084/codes/adapts/outputs/adaptation/offline_datastore_ablation/Solar/168_24/chronos2/cov_avgy_ridge_shared/instance/euclidean/3/fixed/run_0 computation_signature=1b571e5af1330028f4d327e384e89b944f9d3134f1bbcfffd0d83d11ea403d2f l2_grid=0,1e-6,1e-5,1e-4,1e-3,1e-2,1e-1,1,10 validation_fraction=0.2 fit_baselines_on_eval=false seed=1
2026-08-14 22:27:06,744 INFO [__main__] ========================================================================
2026-08-14 22:27:06,745 INFO [__main__] selected methods=('cov_avgy_ridge_shared',)
2026-08-14 22:27:08,692 INFO [__main__] baseline selection start l2_grid=(0.0, 1e-06, 1e-05, 0.0001, 0.001, 0.01, 0.1, 1.0, 10.0)
2026-08-14 22:27:08,910 INFO [__main__] baseline selection done
2026-08-14 22:27:08,934 INFO [__main__] experiment done seconds=2.19
2026-08-14 22:27:08,934 INFO [__main__] ========================================================================
2026-08-14T22:27:09+02:00 baselines done configuration=7/12 dataset=Solar model=chronos2 formula=cov_avgy_ridge_shared lags=168 horizon=24 retrieval=instance_euclidean_3_fixed
2026-08-14 22:27:11,597 INFO [__main__] extraction validation directory=/home/h61084/codes/adapts/outputs/extraction/Solar/336_48/chronos2/instance/euclidean/3/fixed/run_0 status=complete

2026-08-14T22:27:12+02:00 baselines start configuration=8/12 dataset=Solar model=chronos2 formula=full_ridge_shared lags=336 horizon=48 retrieval=instance_euclidean_3_fixed run=/home/h61084/codes/adapts/outputs/adaptation/offline_datastore_ablation/Solar/336_48/chronos2/full_ridge_shared/instance/euclidean/3/fixed/run_0 computation_signature=14b554f42a2b72fc7f11e02d3c8ac522bd39ecd22544219228f7719e391f81e7 l2_grid=0,1e-6,1e-5,1e-4,1e-3,1e-2,1e-1,1,10 validation_fraction=0.2 fit_baselines_on_eval=false seed=1
2026-08-14 22:27:14,554 INFO [__main__] ========================================================================
2026-08-14 22:27:14,554 INFO [__main__] selected methods=('full_ridge_shared',)
2026-08-14 22:27:17,943 INFO [__main__] baseline selection start l2_grid=(0.0, 1e-06, 1e-05, 0.0001, 0.001, 0.01, 0.1, 1.0, 10.0)
2026-08-14 22:27:18,364 INFO [__main__] baseline selection done
2026-08-14 22:27:18,387 INFO [__main__] experiment done seconds=3.83
2026-08-14 22:27:18,387 INFO [__main__] ========================================================================
2026-08-14T22:27:18+02:00 baselines done configuration=8/12 dataset=Solar model=chronos2 formula=full_ridge_shared lags=336 horizon=48 retrieval=instance_euclidean_3_fixed

2026-08-14T22:27:19+02:00 baselines start configuration=8/12 dataset=Solar model=chronos2 formula=cov_y_ridge_shared lags=336 horizon=48 retrieval=instance_euclidean_3_fixed run=/home/h61084/codes/adapts/outputs/adaptation/offline_datastore_ablation/Solar/336_48/chronos2/cov_y_ridge_shared/instance/euclidean/3/fixed/run_0 computation_signature=d2071cd65453348f0153685cd38bf73c3e03f96c1a105dc6cde705704a39d4d6 l2_grid=0,1e-6,1e-5,1e-4,1e-3,1e-2,1e-1,1,10 validation_fraction=0.2 fit_baselines_on_eval=false seed=1
2026-08-14 22:27:26,006 INFO [__main__] ========================================================================
2026-08-14 22:27:26,006 INFO [__main__] selected methods=('cov_y_ridge_shared',)
2026-08-14 22:27:28,471 INFO [__main__] baseline selection start l2_grid=(0.0, 1e-06, 1e-05, 0.0001, 0.001, 0.01, 0.1, 1.0, 10.0)
2026-08-14 22:27:28,774 INFO [__main__] baseline selection done
2026-08-14 22:27:28,802 INFO [__main__] experiment done seconds=2.79
2026-08-14 22:27:28,802 INFO [__main__] ========================================================================
2026-08-14T22:27:29+02:00 baselines done configuration=8/12 dataset=Solar model=chronos2 formula=cov_y_ridge_shared lags=336 horizon=48 retrieval=instance_euclidean_3_fixed

2026-08-14T22:27:29+02:00 baselines start configuration=8/12 dataset=Solar model=chronos2 formula=cov_avgy_ridge_shared lags=336 horizon=48 retrieval=instance_euclidean_3_fixed run=/home/h61084/codes/adapts/outputs/adaptation/offline_datastore_ablation/Solar/336_48/chronos2/cov_avgy_ridge_shared/instance/euclidean/3/fixed/run_0 computation_signature=f9b968b094c92437b62517701f37c53e5a22832a5dc0983f9943f5e6ebb853f3 l2_grid=0,1e-6,1e-5,1e-4,1e-3,1e-2,1e-1,1,10 validation_fraction=0.2 fit_baselines_on_eval=false seed=1
2026-08-14 22:27:31,823 INFO [__main__] ========================================================================
2026-08-14 22:27:31,823 INFO [__main__] selected methods=('cov_avgy_ridge_shared',)
2026-08-14 22:27:33,669 INFO [__main__] baseline selection start l2_grid=(0.0, 1e-06, 1e-05, 0.0001, 0.001, 0.01, 0.1, 1.0, 10.0)
2026-08-14 22:27:33,971 INFO [__main__] baseline selection done
2026-08-14 22:27:34,011 INFO [__main__] experiment done seconds=2.18
2026-08-14 22:27:34,011 INFO [__main__] ========================================================================
2026-08-14T22:27:34+02:00 baselines done configuration=8/12 dataset=Solar model=chronos2 formula=cov_avgy_ridge_shared lags=336 horizon=48 retrieval=instance_euclidean_3_fixed
2026-08-14 22:27:36,622 INFO [__main__] extraction validation directory=/home/h61084/codes/adapts/outputs/extraction/Solar/504_168/chronos2/instance/euclidean/3/fixed/run_0 status=complete

2026-08-14T22:27:37+02:00 baselines start configuration=9/12 dataset=Solar model=chronos2 formula=full_ridge_shared lags=504 horizon=168 retrieval=instance_euclidean_3_fixed run=/home/h61084/codes/adapts/outputs/adaptation/offline_datastore_ablation/Solar/504_168/chronos2/full_ridge_shared/instance/euclidean/3/fixed/run_0 computation_signature=6030900e616d16d0af3dc511a29bb6e0d639389912d921b1b9d39380f18e87f7 l2_grid=0,1e-6,1e-5,1e-4,1e-3,1e-2,1e-1,1,10 validation_fraction=0.2 fit_baselines_on_eval=false seed=1
2026-08-14 22:27:39,495 INFO [__main__] ========================================================================
2026-08-14 22:27:39,495 INFO [__main__] selected methods=('full_ridge_shared',)
2026-08-14 22:27:44,355 INFO [__main__] baseline selection start l2_grid=(0.0, 1e-06, 1e-05, 0.0001, 0.001, 0.01, 0.1, 1.0, 10.0)
2026-08-14 22:27:45,075 INFO [__main__] baseline selection done
2026-08-14 22:27:45,099 INFO [__main__] experiment done seconds=5.60
2026-08-14 22:27:45,099 INFO [__main__] ========================================================================
2026-08-14T22:27:45+02:00 baselines done configuration=9/12 dataset=Solar model=chronos2 formula=full_ridge_shared lags=504 horizon=168 retrieval=instance_euclidean_3_fixed

2026-08-14T22:27:45+02:00 baselines start configuration=9/12 dataset=Solar model=chronos2 formula=cov_y_ridge_shared lags=504 horizon=168 retrieval=instance_euclidean_3_fixed run=/home/h61084/codes/adapts/outputs/adaptation/offline_datastore_ablation/Solar/504_168/chronos2/cov_y_ridge_shared/instance/euclidean/3/fixed/run_0 computation_signature=d07eb0bb18b6ab3d87c0e185a31a2963368a7c87a4717d67ee6f723948067260 l2_grid=0,1e-6,1e-5,1e-4,1e-3,1e-2,1e-1,1,10 validation_fraction=0.2 fit_baselines_on_eval=false seed=1
2026-08-14 22:27:48,200 INFO [__main__] ========================================================================
2026-08-14 22:27:48,200 INFO [__main__] selected methods=('cov_y_ridge_shared',)
2026-08-14 22:27:50,097 INFO [__main__] baseline selection start l2_grid=(0.0, 1e-06, 1e-05, 0.0001, 0.001, 0.01, 0.1, 1.0, 10.0)
2026-08-14 22:27:50,669 INFO [__main__] baseline selection done
2026-08-14 22:27:50,692 INFO [__main__] experiment done seconds=2.49
2026-08-14 22:27:50,692 INFO [__main__] ========================================================================
2026-08-14T22:27:51+02:00 baselines done configuration=9/12 dataset=Solar model=chronos2 formula=cov_y_ridge_shared lags=504 horizon=168 retrieval=instance_euclidean_3_fixed

2026-08-14T22:27:51+02:00 baselines start configuration=9/12 dataset=Solar model=chronos2 formula=cov_avgy_ridge_shared lags=504 horizon=168 retrieval=instance_euclidean_3_fixed run=/home/h61084/codes/adapts/outputs/adaptation/offline_datastore_ablation/Solar/504_168/chronos2/cov_avgy_ridge_shared/instance/euclidean/3/fixed/run_0 computation_signature=3cdaddc870c3c9574b7b4a849e1f6926bbef955f059158fa956c570374f23fda l2_grid=0,1e-6,1e-5,1e-4,1e-3,1e-2,1e-1,1,10 validation_fraction=0.2 fit_baselines_on_eval=false seed=1
2026-08-14 22:27:53,858 INFO [__main__] ========================================================================
2026-08-14 22:27:53,858 INFO [__main__] selected methods=('cov_avgy_ridge_shared',)
2026-08-14 22:28:00,253 INFO [__main__] baseline selection start l2_grid=(0.0, 1e-06, 1e-05, 0.0001, 0.001, 0.01, 0.1, 1.0, 10.0)
2026-08-14 22:28:00,865 INFO [__main__] baseline selection done
2026-08-14 22:28:00,888 INFO [__main__] experiment done seconds=7.03
2026-08-14 22:28:00,888 INFO [__main__] ========================================================================
2026-08-14T22:28:01+02:00 baselines done configuration=9/12 dataset=Solar model=chronos2 formula=cov_avgy_ridge_shared lags=504 horizon=168 retrieval=instance_euclidean_3_fixed
2026-08-14 22:28:03,491 INFO [__main__] extraction validation directory=/home/h61084/codes/adapts/outputs/extraction/exchange_rate/168_24/chronos2/instance/euclidean/3/fixed/run_0 status=complete

2026-08-14T22:28:04+02:00 baselines start configuration=10/12 dataset=exchange_rate model=chronos2 formula=full_ridge_shared lags=168 horizon=24 retrieval=instance_euclidean_3_fixed run=/home/h61084/codes/adapts/outputs/adaptation/offline_datastore_ablation/exchange_rate/168_24/chronos2/full_ridge_shared/instance/euclidean/3/fixed/run_0 computation_signature=cd090929dfe720492c995aa47204ef3307bf79341330a7aaf1d7331ca2b09c79 l2_grid=0,1e-6,1e-5,1e-4,1e-3,1e-2,1e-1,1,10 validation_fraction=0.2 fit_baselines_on_eval=false seed=1
2026-08-14 22:28:06,491 INFO [__main__] ========================================================================
2026-08-14 22:28:06,491 INFO [__main__] selected methods=('full_ridge_shared',)
2026-08-14 22:28:08,357 INFO [__main__] baseline selection start l2_grid=(0.0, 1e-06, 1e-05, 0.0001, 0.001, 0.01, 0.1, 1.0, 10.0)
2026-08-14 22:28:08,503 INFO [__main__] baseline selection done
2026-08-14 22:28:08,526 INFO [__main__] experiment done seconds=2.03
2026-08-14 22:28:08,527 INFO [__main__] ========================================================================
2026-08-14T22:28:09+02:00 baselines done configuration=10/12 dataset=exchange_rate model=chronos2 formula=full_ridge_shared lags=168 horizon=24 retrieval=instance_euclidean_3_fixed

2026-08-14T22:28:09+02:00 baselines start configuration=10/12 dataset=exchange_rate model=chronos2 formula=cov_y_ridge_shared lags=168 horizon=24 retrieval=instance_euclidean_3_fixed run=/home/h61084/codes/adapts/outputs/adaptation/offline_datastore_ablation/exchange_rate/168_24/chronos2/cov_y_ridge_shared/instance/euclidean/3/fixed/run_0 computation_signature=51109d48f8e5b6bac094d7c9576bdd6191cb9c8996bb42bd7af2031ad18854b4 l2_grid=0,1e-6,1e-5,1e-4,1e-3,1e-2,1e-1,1,10 validation_fraction=0.2 fit_baselines_on_eval=false seed=1
2026-08-14 22:28:11,597 INFO [__main__] ========================================================================
2026-08-14 22:28:11,597 INFO [__main__] selected methods=('cov_y_ridge_shared',)
2026-08-14 22:28:14,896 INFO [__main__] baseline selection start l2_grid=(0.0, 1e-06, 1e-05, 0.0001, 0.001, 0.01, 0.1, 1.0, 10.0)
2026-08-14 22:28:15,039 INFO [__main__] baseline selection done
2026-08-14 22:28:15,068 INFO [__main__] experiment done seconds=3.47
2026-08-14 22:28:15,068 INFO [__main__] ========================================================================
2026-08-14T22:28:15+02:00 baselines done configuration=10/12 dataset=exchange_rate model=chronos2 formula=cov_y_ridge_shared lags=168 horizon=24 retrieval=instance_euclidean_3_fixed

2026-08-14T22:28:15+02:00 baselines start configuration=10/12 dataset=exchange_rate model=chronos2 formula=cov_avgy_ridge_shared lags=168 horizon=24 retrieval=instance_euclidean_3_fixed run=/home/h61084/codes/adapts/outputs/adaptation/offline_datastore_ablation/exchange_rate/168_24/chronos2/cov_avgy_ridge_shared/instance/euclidean/3/fixed/run_0 computation_signature=9ee951111196dc43ab64e7e128e6df99de0a122adfd5daccd6d652c9bfa9bc6e l2_grid=0,1e-6,1e-5,1e-4,1e-3,1e-2,1e-1,1,10 validation_fraction=0.2 fit_baselines_on_eval=false seed=1
2026-08-14 22:28:18,350 INFO [__main__] ========================================================================
2026-08-14 22:28:18,351 INFO [__main__] selected methods=('cov_avgy_ridge_shared',)
2026-08-14 22:28:20,219 INFO [__main__] baseline selection start l2_grid=(0.0, 1e-06, 1e-05, 0.0001, 0.001, 0.01, 0.1, 1.0, 10.0)
2026-08-14 22:28:20,340 INFO [__main__] baseline selection done
2026-08-14 22:28:20,370 INFO [__main__] experiment done seconds=2.01
2026-08-14 22:28:20,370 INFO [__main__] ========================================================================
2026-08-14T22:28:20+02:00 baselines done configuration=10/12 dataset=exchange_rate model=chronos2 formula=cov_avgy_ridge_shared lags=168 horizon=24 retrieval=instance_euclidean_3_fixed
2026-08-14 22:28:23,025 INFO [__main__] extraction validation directory=/home/h61084/codes/adapts/outputs/extraction/exchange_rate/336_48/chronos2/instance/euclidean/3/fixed/run_0 status=complete

2026-08-14T22:28:23+02:00 baselines start configuration=11/12 dataset=exchange_rate model=chronos2 formula=full_ridge_shared lags=336 horizon=48 retrieval=instance_euclidean_3_fixed run=/home/h61084/codes/adapts/outputs/adaptation/offline_datastore_ablation/exchange_rate/336_48/chronos2/full_ridge_shared/instance/euclidean/3/fixed/run_0 computation_signature=e6994478aa97f1e038ba3a3ec3682c40239ef40dc0ce884af2d6350463a5851d l2_grid=0,1e-6,1e-5,1e-4,1e-3,1e-2,1e-1,1,10 validation_fraction=0.2 fit_baselines_on_eval=false seed=1
2026-08-14 22:28:26,063 INFO [__main__] ========================================================================
2026-08-14 22:28:26,063 INFO [__main__] selected methods=('full_ridge_shared',)
2026-08-14 22:28:28,477 INFO [__main__] baseline selection start l2_grid=(0.0, 1e-06, 1e-05, 0.0001, 0.001, 0.01, 0.1, 1.0, 10.0)
2026-08-14 22:28:28,619 INFO [__main__] baseline selection done
2026-08-14 22:28:28,648 INFO [__main__] experiment done seconds=2.58
2026-08-14 22:28:28,648 INFO [__main__] ========================================================================
2026-08-14T22:28:29+02:00 baselines done configuration=11/12 dataset=exchange_rate model=chronos2 formula=full_ridge_shared lags=336 horizon=48 retrieval=instance_euclidean_3_fixed

2026-08-14T22:28:29+02:00 baselines start configuration=11/12 dataset=exchange_rate model=chronos2 formula=cov_y_ridge_shared lags=336 horizon=48 retrieval=instance_euclidean_3_fixed run=/home/h61084/codes/adapts/outputs/adaptation/offline_datastore_ablation/exchange_rate/336_48/chronos2/cov_y_ridge_shared/instance/euclidean/3/fixed/run_0 computation_signature=a8416c590fcf5f2abd680fd18c7221f0093ea72016251eb3f240bad04d14b140 l2_grid=0,1e-6,1e-5,1e-4,1e-3,1e-2,1e-1,1,10 validation_fraction=0.2 fit_baselines_on_eval=false seed=1
2026-08-14 22:28:32,397 INFO [__main__] ========================================================================
2026-08-14 22:28:32,397 INFO [__main__] selected methods=('cov_y_ridge_shared',)
2026-08-14 22:28:34,452 INFO [__main__] baseline selection start l2_grid=(0.0, 1e-06, 1e-05, 0.0001, 0.001, 0.01, 0.1, 1.0, 10.0)
2026-08-14 22:28:34,578 INFO [__main__] baseline selection done
2026-08-14 22:28:34,608 INFO [__main__] experiment done seconds=2.21
2026-08-14 22:28:34,608 INFO [__main__] ========================================================================
2026-08-14T22:28:35+02:00 baselines done configuration=11/12 dataset=exchange_rate model=chronos2 formula=cov_y_ridge_shared lags=336 horizon=48 retrieval=instance_euclidean_3_fixed

2026-08-14T22:28:35+02:00 baselines start configuration=11/12 dataset=exchange_rate model=chronos2 formula=cov_avgy_ridge_shared lags=336 horizon=48 retrieval=instance_euclidean_3_fixed run=/home/h61084/codes/adapts/outputs/adaptation/offline_datastore_ablation/exchange_rate/336_48/chronos2/cov_avgy_ridge_shared/instance/euclidean/3/fixed/run_0 computation_signature=434ba2013936aaff74f3b8f5497469f14e857bd183cf8f63f2377f4bd536dd29 l2_grid=0,1e-6,1e-5,1e-4,1e-3,1e-2,1e-1,1,10 validation_fraction=0.2 fit_baselines_on_eval=false seed=1
2026-08-14 22:28:37,546 INFO [__main__] ========================================================================
2026-08-14 22:28:37,547 INFO [__main__] selected methods=('cov_avgy_ridge_shared',)
2026-08-14 22:28:39,067 INFO [__main__] baseline selection start l2_grid=(0.0, 1e-06, 1e-05, 0.0001, 0.001, 0.01, 0.1, 1.0, 10.0)
2026-08-14 22:28:39,225 INFO [__main__] baseline selection done
2026-08-14 22:28:39,249 INFO [__main__] experiment done seconds=1.70
2026-08-14 22:28:39,249 INFO [__main__] ========================================================================
2026-08-14T22:28:39+02:00 baselines done configuration=11/12 dataset=exchange_rate model=chronos2 formula=cov_avgy_ridge_shared lags=336 horizon=48 retrieval=instance_euclidean_3_fixed
2026-08-14 22:28:41,940 INFO [__main__] extraction validation directory=/home/h61084/codes/adapts/outputs/extraction/exchange_rate/504_168/chronos2/instance/euclidean/3/fixed/run_0 status=complete

2026-08-14T22:28:42+02:00 baselines start configuration=12/12 dataset=exchange_rate model=chronos2 formula=full_ridge_shared lags=504 horizon=168 retrieval=instance_euclidean_3_fixed run=/home/h61084/codes/adapts/outputs/adaptation/offline_datastore_ablation/exchange_rate/504_168/chronos2/full_ridge_shared/instance/euclidean/3/fixed/run_0 computation_signature=75868fee2f3dc17f75c026358ae11d99f7c72e3287f075c236895a1e55a58abf l2_grid=0,1e-6,1e-5,1e-4,1e-3,1e-2,1e-1,1,10 validation_fraction=0.2 fit_baselines_on_eval=false seed=1
2026-08-14 22:28:44,879 INFO [__main__] ========================================================================
2026-08-14 22:28:44,879 INFO [__main__] selected methods=('full_ridge_shared',)
2026-08-14 22:28:46,782 INFO [__main__] baseline selection start l2_grid=(0.0, 1e-06, 1e-05, 0.0001, 0.001, 0.01, 0.1, 1.0, 10.0)
2026-08-14 22:28:47,006 INFO [__main__] baseline selection done
2026-08-14 22:28:47,029 INFO [__main__] experiment done seconds=2.15
2026-08-14 22:28:47,029 INFO [__main__] ========================================================================
2026-08-14T22:28:47+02:00 baselines done configuration=12/12 dataset=exchange_rate model=chronos2 formula=full_ridge_shared lags=504 horizon=168 retrieval=instance_euclidean_3_fixed

2026-08-14T22:28:47+02:00 baselines start configuration=12/12 dataset=exchange_rate model=chronos2 formula=cov_y_ridge_shared lags=504 horizon=168 retrieval=instance_euclidean_3_fixed run=/home/h61084/codes/adapts/outputs/adaptation/offline_datastore_ablation/exchange_rate/504_168/chronos2/cov_y_ridge_shared/instance/euclidean/3/fixed/run_0 computation_signature=3358a525adbe4a4de457257624e6dc8f901c7d9a6c78fae26255191a758a6e46 l2_grid=0,1e-6,1e-5,1e-4,1e-3,1e-2,1e-1,1,10 validation_fraction=0.2 fit_baselines_on_eval=false seed=1
2026-08-14 22:28:50,013 INFO [__main__] ========================================================================
2026-08-14 22:28:50,013 INFO [__main__] selected methods=('cov_y_ridge_shared',)
2026-08-14 22:28:51,527 INFO [__main__] baseline selection start l2_grid=(0.0, 1e-06, 1e-05, 0.0001, 0.001, 0.01, 0.1, 1.0, 10.0)
2026-08-14 22:28:51,691 INFO [__main__] baseline selection done
2026-08-14 22:28:51,715 INFO [__main__] experiment done seconds=1.70
2026-08-14 22:28:51,715 INFO [__main__] ========================================================================
2026-08-14T22:28:52+02:00 baselines done configuration=12/12 dataset=exchange_rate model=chronos2 formula=cov_y_ridge_shared lags=504 horizon=168 retrieval=instance_euclidean_3_fixed

2026-08-14T22:28:52+02:00 baselines start configuration=12/12 dataset=exchange_rate model=chronos2 formula=cov_avgy_ridge_shared lags=504 horizon=168 retrieval=instance_euclidean_3_fixed run=/home/h61084/codes/adapts/outputs/adaptation/offline_datastore_ablation/exchange_rate/504_168/chronos2/cov_avgy_ridge_shared/instance/euclidean/3/fixed/run_0 computation_signature=bc9640d9becb0a298632f2a47da94dd6a1511d9fd17a397c47e9a50f8ed25677 l2_grid=0,1e-6,1e-5,1e-4,1e-3,1e-2,1e-1,1,10 validation_fraction=0.2 fit_baselines_on_eval=false seed=1
2026-08-14 22:28:54,720 INFO [__main__] ========================================================================
2026-08-14 22:28:54,720 INFO [__main__] selected methods=('cov_avgy_ridge_shared',)
2026-08-14 22:28:56,346 INFO [__main__] baseline selection start l2_grid=(0.0, 1e-06, 1e-05, 0.0001, 0.001, 0.01, 0.1, 1.0, 10.0)
2026-08-14 22:28:56,509 INFO [__main__] baseline selection done
2026-08-14 22:28:56,533 INFO [__main__] experiment done seconds=1.81
2026-08-14 22:28:56,533 INFO [__main__] ========================================================================
2026-08-14T22:28:57+02:00 baselines done configuration=12/12 dataset=exchange_rate model=chronos2 formula=cov_avgy_ridge_shared lags=504 horizon=168 retrieval=instance_euclidean_3_fixed

2026-08-14T22:28:57+02:00 job done kind=baselines output=outputs/adaptation/offline_datastore_ablation

2026-08-14T22:28:57+02:00 job start kind=adaptation_extraction family=offline_datastore_ablation experiment_mode=full skip_complete=true tasks=24 datasets=Electricity,Traffic,Solar,exchange_rate models=chronos2 settings=168:24,336:48,504:168 distance_spaces=instance distance_metrics=euclidean neighbors=3
2026-08-14T22:28:57+02:00 skip complete family=extraction dataset=Electricity model=chronos2 lags=168 horizon=24 retrieval=vanilla run=/home/h61084/codes/adapts/outputs/extraction/Electricity/168_24/chronos2/none/none/0/none/run_1
2026-08-14T22:28:57+02:00 skip complete family=extraction dataset=Electricity model=chronos2 lags=168 horizon=24 retrieval=instance_euclidean_3_online run=/home/h61084/codes/adapts/outputs/extraction/Electricity/168_24/chronos2/instance/euclidean/3/online/run_1
2026-08-14T22:28:57+02:00 skip complete family=extraction dataset=Electricity model=chronos2 lags=336 horizon=48 retrieval=vanilla run=/home/h61084/codes/adapts/outputs/extraction/Electricity/336_48/chronos2/none/none/0/none/run_1
2026-08-14T22:28:57+02:00 skip complete family=extraction dataset=Electricity model=chronos2 lags=336 horizon=48 retrieval=instance_euclidean_3_online run=/home/h61084/codes/adapts/outputs/extraction/Electricity/336_48/chronos2/instance/euclidean/3/online/run_1
2026-08-14T22:28:57+02:00 skip complete family=extraction dataset=Electricity model=chronos2 lags=504 horizon=168 retrieval=vanilla run=/home/h61084/codes/adapts/outputs/extraction/Electricity/504_168/chronos2/none/none/0/none/run_2
2026-08-14T22:28:57+02:00 skip complete family=extraction dataset=Electricity model=chronos2 lags=504 horizon=168 retrieval=instance_euclidean_3_online run=/home/h61084/codes/adapts/outputs/extraction/Electricity/504_168/chronos2/instance/euclidean/3/online/run_1
2026-08-14T22:28:57+02:00 skip complete family=extraction dataset=Traffic model=chronos2 lags=168 horizon=24 retrieval=vanilla run=/home/h61084/codes/adapts/outputs/extraction/Traffic/168_24/chronos2/none/none/0/none/run_1
2026-08-14T22:28:57+02:00 skip complete family=extraction dataset=Traffic model=chronos2 lags=168 horizon=24 retrieval=instance_euclidean_3_online run=/home/h61084/codes/adapts/outputs/extraction/Traffic/168_24/chronos2/instance/euclidean/3/online/run_1
2026-08-14T22:28:57+02:00 skip complete family=extraction dataset=Traffic model=chronos2 lags=336 horizon=48 retrieval=vanilla run=/home/h61084/codes/adapts/outputs/extraction/Traffic/336_48/chronos2/none/none/0/none/run_1
2026-08-14T22:28:57+02:00 skip complete family=extraction dataset=Traffic model=chronos2 lags=336 horizon=48 retrieval=instance_euclidean_3_online run=/home/h61084/codes/adapts/outputs/extraction/Traffic/336_48/chronos2/instance/euclidean/3/online/run_1
2026-08-14T22:28:57+02:00 skip complete family=extraction dataset=Traffic model=chronos2 lags=504 horizon=168 retrieval=vanilla run=/home/h61084/codes/adapts/outputs/extraction/Traffic/504_168/chronos2/none/none/0/none/run_1
2026-08-14T22:28:58+02:00 skip complete family=extraction dataset=Traffic model=chronos2 lags=504 horizon=168 retrieval=instance_euclidean_3_online run=/home/h61084/codes/adapts/outputs/extraction/Traffic/504_168/chronos2/instance/euclidean/3/online/run_1
2026-08-14T22:28:58+02:00 skip complete family=extraction dataset=Solar model=chronos2 lags=168 horizon=24 retrieval=vanilla run=/home/h61084/codes/adapts/outputs/extraction/Solar/168_24/chronos2/none/none/0/none/run_1
2026-08-14T22:28:58+02:00 skip complete family=extraction dataset=Solar model=chronos2 lags=168 horizon=24 retrieval=instance_euclidean_3_online run=/home/h61084/codes/adapts/outputs/extraction/Solar/168_24/chronos2/instance/euclidean/3/online/run_1
2026-08-14T22:28:58+02:00 skip complete family=extraction dataset=Solar model=chronos2 lags=336 horizon=48 retrieval=vanilla run=/home/h61084/codes/adapts/outputs/extraction/Solar/336_48/chronos2/none/none/0/none/run_1
2026-08-14T22:28:58+02:00 skip complete family=extraction dataset=Solar model=chronos2 lags=336 horizon=48 retrieval=instance_euclidean_3_online run=/home/h61084/codes/adapts/outputs/extraction/Solar/336_48/chronos2/instance/euclidean/3/online/run_1
2026-08-14T22:28:58+02:00 skip complete family=extraction dataset=Solar model=chronos2 lags=504 horizon=168 retrieval=vanilla run=/home/h61084/codes/adapts/outputs/extraction/Solar/504_168/chronos2/none/none/0/none/run_1
2026-08-14T22:28:58+02:00 skip complete family=extraction dataset=Solar model=chronos2 lags=504 horizon=168 retrieval=instance_euclidean_3_online run=/home/h61084/codes/adapts/outputs/extraction/Solar/504_168/chronos2/instance/euclidean/3/online/run_1
2026-08-14T22:28:58+02:00 skip complete family=extraction dataset=exchange_rate model=chronos2 lags=168 horizon=24 retrieval=vanilla run=/home/h61084/codes/adapts/outputs/extraction/exchange_rate/168_24/chronos2/none/none/0/none/run_1
2026-08-14T22:28:58+02:00 skip complete family=extraction dataset=exchange_rate model=chronos2 lags=168 horizon=24 retrieval=instance_euclidean_3_online run=/home/h61084/codes/adapts/outputs/extraction/exchange_rate/168_24/chronos2/instance/euclidean/3/online/run_1
2026-08-14T22:28:58+02:00 skip complete family=extraction dataset=exchange_rate model=chronos2 lags=336 horizon=48 retrieval=vanilla run=/home/h61084/codes/adapts/outputs/extraction/exchange_rate/336_48/chronos2/none/none/0/none/run_1
2026-08-14T22:28:58+02:00 skip complete family=extraction dataset=exchange_rate model=chronos2 lags=336 horizon=48 retrieval=instance_euclidean_3_online run=/home/h61084/codes/adapts/outputs/extraction/exchange_rate/336_48/chronos2/instance/euclidean/3/online/run_1
2026-08-14T22:28:58+02:00 skip complete family=extraction dataset=exchange_rate model=chronos2 lags=504 horizon=168 retrieval=vanilla run=/home/h61084/codes/adapts/outputs/extraction/exchange_rate/504_168/chronos2/none/none/0/none/run_1
2026-08-14T22:28:58+02:00 skip complete family=extraction dataset=exchange_rate model=chronos2 lags=504 horizon=168 retrieval=instance_euclidean_3_online run=/home/h61084/codes/adapts/outputs/extraction/exchange_rate/504_168/chronos2/instance/euclidean/3/online/run_1

2026-08-14T22:28:58+02:00 job done kind=adaptation_extraction output=outputs/extraction

2026-08-14T22:28:58+02:00 job start kind=baselines family=offline_datastore_ablation experiment_mode=full skip_complete=true tasks=12 datasets=Electricity,Traffic,Solar,exchange_rate models=chronos2 settings=168:24,336:48,504:168 distance_spaces=instance distance_metrics=euclidean neighbors=3 methods=full_ridge_shared,cov_y_ridge_shared,cov_avgy_ridge_shared results_root=outputs/adaptation/offline_datastore_ablation
2026-08-14 22:29:01,277 INFO [__main__] extraction validation directory=/home/h61084/codes/adapts/outputs/extraction/Electricity/168_24/chronos2/instance/euclidean/3/online/run_1 status=complete

2026-08-14T22:29:01+02:00 baselines start configuration=1/12 dataset=Electricity model=chronos2 formula=full_ridge_shared lags=168 horizon=24 retrieval=instance_euclidean_3_online run=/home/h61084/codes/adapts/outputs/adaptation/offline_datastore_ablation/Electricity/168_24/chronos2/full_ridge_shared/instance/euclidean/3/online/run_0 computation_signature=d0b5eb21877a7e6c592ecb15be56b07709b0a63093ef9ad19e036b2403c492b8 l2_grid=0,1e-6,1e-5,1e-4,1e-3,1e-2,1e-1,1,10 validation_fraction=0.2 fit_baselines_on_eval=false seed=1
2026-08-14 22:29:04,473 INFO [__main__] ========================================================================
2026-08-14 22:29:04,474 INFO [__main__] selected methods=('full_ridge_shared',)
2026-08-14 22:29:10,274 INFO [__main__] baseline selection start l2_grid=(0.0, 1e-06, 1e-05, 0.0001, 0.001, 0.01, 0.1, 1.0, 10.0)
2026-08-14 22:29:11,325 INFO [__main__] baseline selection done
2026-08-14 22:29:11,348 INFO [__main__] experiment done seconds=6.87
2026-08-14 22:29:11,349 INFO [__main__] ========================================================================
2026-08-14T22:29:11+02:00 baselines done configuration=1/12 dataset=Electricity model=chronos2 formula=full_ridge_shared lags=168 horizon=24 retrieval=instance_euclidean_3_online

2026-08-14T22:29:12+02:00 baselines start configuration=1/12 dataset=Electricity model=chronos2 formula=cov_y_ridge_shared lags=168 horizon=24 retrieval=instance_euclidean_3_online run=/home/h61084/codes/adapts/outputs/adaptation/offline_datastore_ablation/Electricity/168_24/chronos2/cov_y_ridge_shared/instance/euclidean/3/online/run_0 computation_signature=bbc52083abbea590c0c4810f481d3ddc85ba09048b094731ed9b42ab39c3cb10 l2_grid=0,1e-6,1e-5,1e-4,1e-3,1e-2,1e-1,1,10 validation_fraction=0.2 fit_baselines_on_eval=false seed=1
2026-08-14 22:29:14,256 INFO [__main__] ========================================================================
2026-08-14 22:29:14,256 INFO [__main__] selected methods=('cov_y_ridge_shared',)
2026-08-14 22:29:16,780 INFO [__main__] baseline selection start l2_grid=(0.0, 1e-06, 1e-05, 0.0001, 0.001, 0.01, 0.1, 1.0, 10.0)
2026-08-14 22:29:17,361 INFO [__main__] baseline selection done
2026-08-14 22:29:17,384 INFO [__main__] experiment done seconds=3.13
2026-08-14 22:29:17,384 INFO [__main__] ========================================================================
2026-08-14T22:29:17+02:00 baselines done configuration=1/12 dataset=Electricity model=chronos2 formula=cov_y_ridge_shared lags=168 horizon=24 retrieval=instance_euclidean_3_online

2026-08-14T22:29:18+02:00 baselines start configuration=1/12 dataset=Electricity model=chronos2 formula=cov_avgy_ridge_shared lags=168 horizon=24 retrieval=instance_euclidean_3_online run=/home/h61084/codes/adapts/outputs/adaptation/offline_datastore_ablation/Electricity/168_24/chronos2/cov_avgy_ridge_shared/instance/euclidean/3/online/run_0 computation_signature=d7e5f6416617874a64c2f4b98ab6ff9603514d84baa93cb83fed37abb6daf862 l2_grid=0,1e-6,1e-5,1e-4,1e-3,1e-2,1e-1,1,10 validation_fraction=0.2 fit_baselines_on_eval=false seed=1
2026-08-14 22:29:20,439 INFO [__main__] ========================================================================
2026-08-14 22:29:20,440 INFO [__main__] selected methods=('cov_avgy_ridge_shared',)
2026-08-14 22:29:22,928 INFO [__main__] baseline selection start l2_grid=(0.0, 1e-06, 1e-05, 0.0001, 0.001, 0.01, 0.1, 1.0, 10.0)
2026-08-14 22:29:23,756 INFO [__main__] baseline selection done
2026-08-14 22:29:23,780 INFO [__main__] experiment done seconds=3.34
2026-08-14 22:29:23,780 INFO [__main__] ========================================================================
2026-08-14T22:29:24+02:00 baselines done configuration=1/12 dataset=Electricity model=chronos2 formula=cov_avgy_ridge_shared lags=168 horizon=24 retrieval=instance_euclidean_3_online
2026-08-14 22:29:26,595 INFO [__main__] extraction validation directory=/home/h61084/codes/adapts/outputs/extraction/Electricity/336_48/chronos2/instance/euclidean/3/online/run_1 status=complete

2026-08-14T22:29:27+02:00 baselines start configuration=2/12 dataset=Electricity model=chronos2 formula=full_ridge_shared lags=336 horizon=48 retrieval=instance_euclidean_3_online run=/home/h61084/codes/adapts/outputs/adaptation/offline_datastore_ablation/Electricity/336_48/chronos2/full_ridge_shared/instance/euclidean/3/online/run_0 computation_signature=43b2ad30ab8ca25fc90f71264c739ae1e20d3b8fcf3184fc5dfd46e0ed86b13c l2_grid=0,1e-6,1e-5,1e-4,1e-3,1e-2,1e-1,1,10 validation_fraction=0.2 fit_baselines_on_eval=false seed=1
2026-08-14 22:29:29,861 INFO [__main__] ========================================================================
2026-08-14 22:29:29,861 INFO [__main__] selected methods=('full_ridge_shared',)
2026-08-14 22:29:37,652 INFO [__main__] baseline selection start l2_grid=(0.0, 1e-06, 1e-05, 0.0001, 0.001, 0.01, 0.1, 1.0, 10.0)
2026-08-14 22:29:39,349 INFO [__main__] baseline selection done
2026-08-14 22:29:39,374 INFO [__main__] experiment done seconds=9.51
2026-08-14 22:29:39,374 INFO [__main__] ========================================================================
2026-08-14T22:29:39+02:00 baselines done configuration=2/12 dataset=Electricity model=chronos2 formula=full_ridge_shared lags=336 horizon=48 retrieval=instance_euclidean_3_online

2026-08-14T22:29:40+02:00 baselines start configuration=2/12 dataset=Electricity model=chronos2 formula=cov_y_ridge_shared lags=336 horizon=48 retrieval=instance_euclidean_3_online run=/home/h61084/codes/adapts/outputs/adaptation/offline_datastore_ablation/Electricity/336_48/chronos2/cov_y_ridge_shared/instance/euclidean/3/online/run_0 computation_signature=979b23e998befabf247b40ece7788fae05e101eed50f44442fa01f4d26ef8fc4 l2_grid=0,1e-6,1e-5,1e-4,1e-3,1e-2,1e-1,1,10 validation_fraction=0.2 fit_baselines_on_eval=false seed=1
2026-08-14 22:29:42,673 INFO [__main__] ========================================================================
2026-08-14 22:29:42,673 INFO [__main__] selected methods=('cov_y_ridge_shared',)
2026-08-14 22:29:46,055 INFO [__main__] baseline selection start l2_grid=(0.0, 1e-06, 1e-05, 0.0001, 0.001, 0.01, 0.1, 1.0, 10.0)
2026-08-14 22:29:47,054 INFO [__main__] baseline selection done
2026-08-14 22:29:47,077 INFO [__main__] experiment done seconds=4.40
2026-08-14 22:29:47,077 INFO [__main__] ========================================================================
2026-08-14T22:29:47+02:00 baselines done configuration=2/12 dataset=Electricity model=chronos2 formula=cov_y_ridge_shared lags=336 horizon=48 retrieval=instance_euclidean_3_online

2026-08-14T22:29:47+02:00 baselines start configuration=2/12 dataset=Electricity model=chronos2 formula=cov_avgy_ridge_shared lags=336 horizon=48 retrieval=instance_euclidean_3_online run=/home/h61084/codes/adapts/outputs/adaptation/offline_datastore_ablation/Electricity/336_48/chronos2/cov_avgy_ridge_shared/instance/euclidean/3/online/run_0 computation_signature=9f57661bc5c78dcdc0ec6722eba8533284dad2b53ce480c815a035952a58c2f0 l2_grid=0,1e-6,1e-5,1e-4,1e-3,1e-2,1e-1,1,10 validation_fraction=0.2 fit_baselines_on_eval=false seed=1
2026-08-14 22:29:50,011 INFO [__main__] ========================================================================
2026-08-14 22:29:50,012 INFO [__main__] selected methods=('cov_avgy_ridge_shared',)
2026-08-14 22:29:53,040 INFO [__main__] baseline selection start l2_grid=(0.0, 1e-06, 1e-05, 0.0001, 0.001, 0.01, 0.1, 1.0, 10.0)
2026-08-14 22:29:54,225 INFO [__main__] baseline selection done
2026-08-14 22:29:54,247 INFO [__main__] experiment done seconds=4.23
2026-08-14 22:29:54,247 INFO [__main__] ========================================================================
2026-08-14T22:29:54+02:00 baselines done configuration=2/12 dataset=Electricity model=chronos2 formula=cov_avgy_ridge_shared lags=336 horizon=48 retrieval=instance_euclidean_3_online
2026-08-14 22:29:56,821 INFO [__main__] extraction validation directory=/home/h61084/codes/adapts/outputs/extraction/Electricity/504_168/chronos2/instance/euclidean/3/online/run_1 status=complete

2026-08-14T22:29:57+02:00 baselines start configuration=3/12 dataset=Electricity model=chronos2 formula=full_ridge_shared lags=504 horizon=168 retrieval=instance_euclidean_3_online run=/home/h61084/codes/adapts/outputs/adaptation/offline_datastore_ablation/Electricity/504_168/chronos2/full_ridge_shared/instance/euclidean/3/online/run_0 computation_signature=80108ff0e8b5aa45aa6f2f5b736683bfd7a73d8299a009d0395f95e99fd762ec l2_grid=0,1e-6,1e-5,1e-4,1e-3,1e-2,1e-1,1,10 validation_fraction=0.2 fit_baselines_on_eval=false seed=1
2026-08-14 22:29:59,613 INFO [__main__] ========================================================================
2026-08-14 22:29:59,613 INFO [__main__] selected methods=('full_ridge_shared',)
2026-08-14 22:30:13,778 INFO [__main__] baseline selection start l2_grid=(0.0, 1e-06, 1e-05, 0.0001, 0.001, 0.01, 0.1, 1.0, 10.0)
2026-08-14 22:30:18,135 INFO [__main__] baseline selection done
2026-08-14 22:30:18,158 INFO [__main__] experiment done seconds=18.54
2026-08-14 22:30:18,159 INFO [__main__] ========================================================================
2026-08-14T22:30:18+02:00 baselines done configuration=3/12 dataset=Electricity model=chronos2 formula=full_ridge_shared lags=504 horizon=168 retrieval=instance_euclidean_3_online

2026-08-14T22:30:18+02:00 baselines start configuration=3/12 dataset=Electricity model=chronos2 formula=cov_y_ridge_shared lags=504 horizon=168 retrieval=instance_euclidean_3_online run=/home/h61084/codes/adapts/outputs/adaptation/offline_datastore_ablation/Electricity/504_168/chronos2/cov_y_ridge_shared/instance/euclidean/3/online/run_0 computation_signature=8d64a65e97061dd1b76ea42b66d4f1ef4695bc2dec7eb52095eb89d2d16b81c3 l2_grid=0,1e-6,1e-5,1e-4,1e-3,1e-2,1e-1,1,10 validation_fraction=0.2 fit_baselines_on_eval=false seed=1
2026-08-14 22:30:21,422 INFO [__main__] ========================================================================
2026-08-14 22:30:21,423 INFO [__main__] selected methods=('cov_y_ridge_shared',)
2026-08-14 22:30:25,680 INFO [__main__] baseline selection start l2_grid=(0.0, 1e-06, 1e-05, 0.0001, 0.001, 0.01, 0.1, 1.0, 10.0)
2026-08-14 22:30:28,876 INFO [__main__] baseline selection done
2026-08-14 22:30:28,904 INFO [__main__] experiment done seconds=7.48
2026-08-14 22:30:28,904 INFO [__main__] ========================================================================
2026-08-14T22:30:29+02:00 baselines done configuration=3/12 dataset=Electricity model=chronos2 formula=cov_y_ridge_shared lags=504 horizon=168 retrieval=instance_euclidean_3_online

2026-08-14T22:30:29+02:00 baselines start configuration=3/12 dataset=Electricity model=chronos2 formula=cov_avgy_ridge_shared lags=504 horizon=168 retrieval=instance_euclidean_3_online run=/home/h61084/codes/adapts/outputs/adaptation/offline_datastore_ablation/Electricity/504_168/chronos2/cov_avgy_ridge_shared/instance/euclidean/3/online/run_0 computation_signature=237344bfbd63b6bb556eef7e740385820ffb1c5cacf167b5c28d463e75e59b52 l2_grid=0,1e-6,1e-5,1e-4,1e-3,1e-2,1e-1,1,10 validation_fraction=0.2 fit_baselines_on_eval=false seed=1
2026-08-14 22:30:32,246 INFO [__main__] ========================================================================
2026-08-14 22:30:32,246 INFO [__main__] selected methods=('cov_avgy_ridge_shared',)
2026-08-14 22:30:36,374 INFO [__main__] baseline selection start l2_grid=(0.0, 1e-06, 1e-05, 0.0001, 0.001, 0.01, 0.1, 1.0, 10.0)
2026-08-14 22:30:39,879 INFO [__main__] baseline selection done
2026-08-14 22:30:39,907 INFO [__main__] experiment done seconds=7.66
2026-08-14 22:30:39,907 INFO [__main__] ========================================================================
2026-08-14T22:30:40+02:00 baselines done configuration=3/12 dataset=Electricity model=chronos2 formula=cov_avgy_ridge_shared lags=504 horizon=168 retrieval=instance_euclidean_3_online
2026-08-14 22:30:42,486 INFO [__main__] extraction validation directory=/home/h61084/codes/adapts/outputs/extraction/Traffic/168_24/chronos2/instance/euclidean/3/online/run_1 status=complete

2026-08-14T22:30:43+02:00 baselines start configuration=4/12 dataset=Traffic model=chronos2 formula=full_ridge_shared lags=168 horizon=24 retrieval=instance_euclidean_3_online run=/home/h61084/codes/adapts/outputs/adaptation/offline_datastore_ablation/Traffic/168_24/chronos2/full_ridge_shared/instance/euclidean/3/online/run_0 computation_signature=9ca18a866e44d138baa1b6458feb47672a991f1609aa98ac521daab294e29b45 l2_grid=0,1e-6,1e-5,1e-4,1e-3,1e-2,1e-1,1,10 validation_fraction=0.2 fit_baselines_on_eval=false seed=1
2026-08-14 22:30:45,427 INFO [__main__] ========================================================================
2026-08-14 22:30:45,427 INFO [__main__] selected methods=('full_ridge_shared',)
2026-08-14 22:30:52,875 INFO [__main__] baseline selection start l2_grid=(0.0, 1e-06, 1e-05, 0.0001, 0.001, 0.01, 0.1, 1.0, 10.0)
2026-08-14 22:30:54,260 INFO [__main__] baseline selection done
2026-08-14 22:30:54,284 INFO [__main__] experiment done seconds=8.85
2026-08-14 22:30:54,284 INFO [__main__] ========================================================================
2026-08-14T22:30:54+02:00 baselines done configuration=4/12 dataset=Traffic model=chronos2 formula=full_ridge_shared lags=168 horizon=24 retrieval=instance_euclidean_3_online

2026-08-14T22:30:54+02:00 baselines start configuration=4/12 dataset=Traffic model=chronos2 formula=cov_y_ridge_shared lags=168 horizon=24 retrieval=instance_euclidean_3_online run=/home/h61084/codes/adapts/outputs/adaptation/offline_datastore_ablation/Traffic/168_24/chronos2/cov_y_ridge_shared/instance/euclidean/3/online/run_0 computation_signature=bb4fb0a855d4364c8c2ca1513f8c8b862cefcecc404b4a56bd9c75a4f37f31d3 l2_grid=0,1e-6,1e-5,1e-4,1e-3,1e-2,1e-1,1,10 validation_fraction=0.2 fit_baselines_on_eval=false seed=1
2026-08-14 22:30:57,233 INFO [__main__] ========================================================================
2026-08-14 22:30:57,233 INFO [__main__] selected methods=('cov_y_ridge_shared',)
2026-08-14 22:31:00,501 INFO [__main__] baseline selection start l2_grid=(0.0, 1e-06, 1e-05, 0.0001, 0.001, 0.01, 0.1, 1.0, 10.0)
2026-08-14 22:31:01,436 INFO [__main__] baseline selection done
2026-08-14 22:31:01,458 INFO [__main__] experiment done seconds=4.22
2026-08-14 22:31:01,459 INFO [__main__] ========================================================================
2026-08-14T22:31:01+02:00 baselines done configuration=4/12 dataset=Traffic model=chronos2 formula=cov_y_ridge_shared lags=168 horizon=24 retrieval=instance_euclidean_3_online

2026-08-14T22:31:02+02:00 baselines start configuration=4/12 dataset=Traffic model=chronos2 formula=cov_avgy_ridge_shared lags=168 horizon=24 retrieval=instance_euclidean_3_online run=/home/h61084/codes/adapts/outputs/adaptation/offline_datastore_ablation/Traffic/168_24/chronos2/cov_avgy_ridge_shared/instance/euclidean/3/online/run_0 computation_signature=05781b12987438083812104d747c96c184bd8481fdb9813f6eeb3ce10a999027 l2_grid=0,1e-6,1e-5,1e-4,1e-3,1e-2,1e-1,1,10 validation_fraction=0.2 fit_baselines_on_eval=false seed=1
2026-08-14 22:31:04,521 INFO [__main__] ========================================================================
2026-08-14 22:31:04,521 INFO [__main__] selected methods=('cov_avgy_ridge_shared',)
2026-08-14 22:31:07,740 INFO [__main__] baseline selection start l2_grid=(0.0, 1e-06, 1e-05, 0.0001, 0.001, 0.01, 0.1, 1.0, 10.0)
2026-08-14 22:31:08,996 INFO [__main__] baseline selection done
2026-08-14 22:31:09,020 INFO [__main__] experiment done seconds=4.50
2026-08-14 22:31:09,020 INFO [__main__] ========================================================================
2026-08-14T22:31:09+02:00 baselines done configuration=4/12 dataset=Traffic model=chronos2 formula=cov_avgy_ridge_shared lags=168 horizon=24 retrieval=instance_euclidean_3_online
2026-08-14 22:31:11,732 INFO [__main__] extraction validation directory=/home/h61084/codes/adapts/outputs/extraction/Traffic/336_48/chronos2/instance/euclidean/3/online/run_1 status=complete

2026-08-14T22:31:12+02:00 baselines start configuration=5/12 dataset=Traffic model=chronos2 formula=full_ridge_shared lags=336 horizon=48 retrieval=instance_euclidean_3_online run=/home/h61084/codes/adapts/outputs/adaptation/offline_datastore_ablation/Traffic/336_48/chronos2/full_ridge_shared/instance/euclidean/3/online/run_0 computation_signature=1cdcb8b35057c8069bea621f3d11a40a73ae97f23eaa36abf5168d0cf6f1c050 l2_grid=0,1e-6,1e-5,1e-4,1e-3,1e-2,1e-1,1,10 validation_fraction=0.2 fit_baselines_on_eval=false seed=1
2026-08-14 22:31:14,708 INFO [__main__] ========================================================================
2026-08-14 22:31:14,708 INFO [__main__] selected methods=('full_ridge_shared',)
2026-08-14 22:31:26,691 INFO [__main__] baseline selection start l2_grid=(0.0, 1e-06, 1e-05, 0.0001, 0.001, 0.01, 0.1, 1.0, 10.0)
2026-08-14 22:31:29,802 INFO [__main__] baseline selection done
2026-08-14 22:31:29,825 INFO [__main__] experiment done seconds=15.11
2026-08-14 22:31:29,825 INFO [__main__] ========================================================================
2026-08-14T22:31:30+02:00 baselines done configuration=5/12 dataset=Traffic model=chronos2 formula=full_ridge_shared lags=336 horizon=48 retrieval=instance_euclidean_3_online

2026-08-14T22:31:30+02:00 baselines start configuration=5/12 dataset=Traffic model=chronos2 formula=cov_y_ridge_shared lags=336 horizon=48 retrieval=instance_euclidean_3_online run=/home/h61084/codes/adapts/outputs/adaptation/offline_datastore_ablation/Traffic/336_48/chronos2/cov_y_ridge_shared/instance/euclidean/3/online/run_0 computation_signature=1144ac9b24498ce5742b838bf02f69ce8ae1f44bef5192d6959c690448be3e51 l2_grid=0,1e-6,1e-5,1e-4,1e-3,1e-2,1e-1,1,10 validation_fraction=0.2 fit_baselines_on_eval=false seed=1
2026-08-14 22:31:33,229 INFO [__main__] ========================================================================
2026-08-14 22:31:33,229 INFO [__main__] selected methods=('cov_y_ridge_shared',)
2026-08-14 22:31:37,568 INFO [__main__] baseline selection start l2_grid=(0.0, 1e-06, 1e-05, 0.0001, 0.001, 0.01, 0.1, 1.0, 10.0)
2026-08-14 22:31:39,293 INFO [__main__] baseline selection done
2026-08-14 22:31:39,317 INFO [__main__] experiment done seconds=6.08
2026-08-14 22:31:39,317 INFO [__main__] ========================================================================
2026-08-14T22:31:39+02:00 baselines done configuration=5/12 dataset=Traffic model=chronos2 formula=cov_y_ridge_shared lags=336 horizon=48 retrieval=instance_euclidean_3_online

2026-08-14T22:31:39+02:00 baselines start configuration=5/12 dataset=Traffic model=chronos2 formula=cov_avgy_ridge_shared lags=336 horizon=48 retrieval=instance_euclidean_3_online run=/home/h61084/codes/adapts/outputs/adaptation/offline_datastore_ablation/Traffic/336_48/chronos2/cov_avgy_ridge_shared/instance/euclidean/3/online/run_0 computation_signature=c27928179879ba87e9c32d3ec1768f76a13d3c8c971919a7a9eb96d479442b68 l2_grid=0,1e-6,1e-5,1e-4,1e-3,1e-2,1e-1,1,10 validation_fraction=0.2 fit_baselines_on_eval=false seed=1
2026-08-14 22:31:42,308 INFO [__main__] ========================================================================
2026-08-14 22:31:42,308 INFO [__main__] selected methods=('cov_avgy_ridge_shared',)
2026-08-14 22:31:46,646 INFO [__main__] baseline selection start l2_grid=(0.0, 1e-06, 1e-05, 0.0001, 0.001, 0.01, 0.1, 1.0, 10.0)
2026-08-14 22:31:48,682 INFO [__main__] baseline selection done
2026-08-14 22:31:48,707 INFO [__main__] experiment done seconds=6.39
2026-08-14 22:31:48,707 INFO [__main__] ========================================================================
2026-08-14T22:31:49+02:00 baselines done configuration=5/12 dataset=Traffic model=chronos2 formula=cov_avgy_ridge_shared lags=336 horizon=48 retrieval=instance_euclidean_3_online
2026-08-14 22:31:51,215 INFO [__main__] extraction validation directory=/home/h61084/codes/adapts/outputs/extraction/Traffic/504_168/chronos2/instance/euclidean/3/online/run_1 status=complete

2026-08-14T22:31:51+02:00 baselines start configuration=6/12 dataset=Traffic model=chronos2 formula=full_ridge_shared lags=504 horizon=168 retrieval=instance_euclidean_3_online run=/home/h61084/codes/adapts/outputs/adaptation/offline_datastore_ablation/Traffic/504_168/chronos2/full_ridge_shared/instance/euclidean/3/online/run_0 computation_signature=a8bfbdff3c41142770599247f41475926580ebedcf6c998805de447112f20cc9 l2_grid=0,1e-6,1e-5,1e-4,1e-3,1e-2,1e-1,1,10 validation_fraction=0.2 fit_baselines_on_eval=false seed=1
2026-08-14 22:31:54,177 INFO [__main__] ========================================================================
2026-08-14 22:31:54,177 INFO [__main__] selected methods=('full_ridge_shared',)
2026-08-14 22:32:18,720 INFO [__main__] baseline selection start l2_grid=(0.0, 1e-06, 1e-05, 0.0001, 0.001, 0.01, 0.1, 1.0, 10.0)
2026-08-14 22:32:27,875 INFO [__main__] baseline selection done
2026-08-14 22:32:27,905 INFO [__main__] experiment done seconds=33.72
2026-08-14 22:32:27,905 INFO [__main__] ========================================================================
2026-08-14T22:32:28+02:00 baselines done configuration=6/12 dataset=Traffic model=chronos2 formula=full_ridge_shared lags=504 horizon=168 retrieval=instance_euclidean_3_online

2026-08-14T22:32:28+02:00 baselines start configuration=6/12 dataset=Traffic model=chronos2 formula=cov_y_ridge_shared lags=504 horizon=168 retrieval=instance_euclidean_3_online run=/home/h61084/codes/adapts/outputs/adaptation/offline_datastore_ablation/Traffic/504_168/chronos2/cov_y_ridge_shared/instance/euclidean/3/online/run_0 computation_signature=f43c3783db28f95657f47f8b2620fbbde3464d175b99f6b66a7cf7a340f4da8f l2_grid=0,1e-6,1e-5,1e-4,1e-3,1e-2,1e-1,1,10 validation_fraction=0.2 fit_baselines_on_eval=false seed=1
2026-08-14 22:32:31,104 INFO [__main__] ========================================================================
2026-08-14 22:32:31,104 INFO [__main__] selected methods=('cov_y_ridge_shared',)
2026-08-14 22:32:38,152 INFO [__main__] baseline selection start l2_grid=(0.0, 1e-06, 1e-05, 0.0001, 0.001, 0.01, 0.1, 1.0, 10.0)
2026-08-14 22:32:44,315 INFO [__main__] baseline selection done
2026-08-14 22:32:44,350 INFO [__main__] experiment done seconds=13.24
2026-08-14 22:32:44,351 INFO [__main__] ========================================================================
2026-08-14T22:32:45+02:00 baselines done configuration=6/12 dataset=Traffic model=chronos2 formula=cov_y_ridge_shared lags=504 horizon=168 retrieval=instance_euclidean_3_online

2026-08-14T22:32:45+02:00 baselines start configuration=6/12 dataset=Traffic model=chronos2 formula=cov_avgy_ridge_shared lags=504 horizon=168 retrieval=instance_euclidean_3_online run=/home/h61084/codes/adapts/outputs/adaptation/offline_datastore_ablation/Traffic/504_168/chronos2/cov_avgy_ridge_shared/instance/euclidean/3/online/run_0 computation_signature=096b05cf33334f0d5561da3a67acba437217b402a7b11c94223c9ca61ad48a18 l2_grid=0,1e-6,1e-5,1e-4,1e-3,1e-2,1e-1,1,10 validation_fraction=0.2 fit_baselines_on_eval=false seed=1
2026-08-14 22:32:47,759 INFO [__main__] ========================================================================
2026-08-14 22:32:47,759 INFO [__main__] selected methods=('cov_avgy_ridge_shared',)
2026-08-14 22:32:54,600 INFO [__main__] baseline selection start l2_grid=(0.0, 1e-06, 1e-05, 0.0001, 0.001, 0.01, 0.1, 1.0, 10.0)
2026-08-14 22:33:00,958 INFO [__main__] baseline selection done
2026-08-14 22:33:00,984 INFO [__main__] experiment done seconds=13.22
2026-08-14 22:33:00,984 INFO [__main__] ========================================================================
2026-08-14T22:33:01+02:00 baselines done configuration=6/12 dataset=Traffic model=chronos2 formula=cov_avgy_ridge_shared lags=504 horizon=168 retrieval=instance_euclidean_3_online
2026-08-14 22:33:03,778 INFO [__main__] extraction validation directory=/home/h61084/codes/adapts/outputs/extraction/Solar/168_24/chronos2/instance/euclidean/3/online/run_1 status=complete

2026-08-14T22:33:04+02:00 baselines start configuration=7/12 dataset=Solar model=chronos2 formula=full_ridge_shared lags=168 horizon=24 retrieval=instance_euclidean_3_online run=/home/h61084/codes/adapts/outputs/adaptation/offline_datastore_ablation/Solar/168_24/chronos2/full_ridge_shared/instance/euclidean/3/online/run_0 computation_signature=0dffde2590bf932ded5456ac24bfba0fcbcee1ba583c23468c4ff4e62e64de91 l2_grid=0,1e-6,1e-5,1e-4,1e-3,1e-2,1e-1,1,10 validation_fraction=0.2 fit_baselines_on_eval=false seed=1
2026-08-14 22:33:06,690 INFO [__main__] ========================================================================
2026-08-14 22:33:06,690 INFO [__main__] selected methods=('full_ridge_shared',)
2026-08-14 22:33:08,821 INFO [__main__] baseline selection start l2_grid=(0.0, 1e-06, 1e-05, 0.0001, 0.001, 0.01, 0.1, 1.0, 10.0)
2026-08-14 22:33:09,141 INFO [__main__] baseline selection done
2026-08-14 22:33:09,164 INFO [__main__] experiment done seconds=2.47
2026-08-14 22:33:09,164 INFO [__main__] ========================================================================
2026-08-14T22:33:09+02:00 baselines done configuration=7/12 dataset=Solar model=chronos2 formula=full_ridge_shared lags=168 horizon=24 retrieval=instance_euclidean_3_online

2026-08-14T22:33:09+02:00 baselines start configuration=7/12 dataset=Solar model=chronos2 formula=cov_y_ridge_shared lags=168 horizon=24 retrieval=instance_euclidean_3_online run=/home/h61084/codes/adapts/outputs/adaptation/offline_datastore_ablation/Solar/168_24/chronos2/cov_y_ridge_shared/instance/euclidean/3/online/run_0 computation_signature=5f9fbc5a89046083875f664bbdb7d376fb5496470127d99302b4e6b996e63da4 l2_grid=0,1e-6,1e-5,1e-4,1e-3,1e-2,1e-1,1,10 validation_fraction=0.2 fit_baselines_on_eval=false seed=1
2026-08-14 22:33:12,237 INFO [__main__] ========================================================================
2026-08-14 22:33:12,238 INFO [__main__] selected methods=('cov_y_ridge_shared',)
2026-08-14 22:33:14,042 INFO [__main__] baseline selection start l2_grid=(0.0, 1e-06, 1e-05, 0.0001, 0.001, 0.01, 0.1, 1.0, 10.0)
2026-08-14 22:33:14,270 INFO [__main__] baseline selection done
2026-08-14 22:33:14,292 INFO [__main__] experiment done seconds=2.05
2026-08-14 22:33:14,292 INFO [__main__] ========================================================================
2026-08-14T22:33:14+02:00 baselines done configuration=7/12 dataset=Solar model=chronos2 formula=cov_y_ridge_shared lags=168 horizon=24 retrieval=instance_euclidean_3_online

2026-08-14T22:33:14+02:00 baselines start configuration=7/12 dataset=Solar model=chronos2 formula=cov_avgy_ridge_shared lags=168 horizon=24 retrieval=instance_euclidean_3_online run=/home/h61084/codes/adapts/outputs/adaptation/offline_datastore_ablation/Solar/168_24/chronos2/cov_avgy_ridge_shared/instance/euclidean/3/online/run_0 computation_signature=ad32a746c6d0c3911c06daea98accd688ade80768f863038b1ab62b5e5d3370f l2_grid=0,1e-6,1e-5,1e-4,1e-3,1e-2,1e-1,1,10 validation_fraction=0.2 fit_baselines_on_eval=false seed=1
2026-08-14 22:33:17,330 INFO [__main__] ========================================================================
2026-08-14 22:33:17,331 INFO [__main__] selected methods=('cov_avgy_ridge_shared',)
2026-08-14 22:33:18,975 INFO [__main__] baseline selection start l2_grid=(0.0, 1e-06, 1e-05, 0.0001, 0.001, 0.01, 0.1, 1.0, 10.0)
2026-08-14 22:33:19,200 INFO [__main__] baseline selection done
2026-08-14 22:33:19,223 INFO [__main__] experiment done seconds=1.89
2026-08-14 22:33:19,223 INFO [__main__] ========================================================================
2026-08-14T22:33:19+02:00 baselines done configuration=7/12 dataset=Solar model=chronos2 formula=cov_avgy_ridge_shared lags=168 horizon=24 retrieval=instance_euclidean_3_online
2026-08-14 22:33:21,808 INFO [__main__] extraction validation directory=/home/h61084/codes/adapts/outputs/extraction/Solar/336_48/chronos2/instance/euclidean/3/online/run_1 status=complete

2026-08-14T22:33:22+02:00 baselines start configuration=8/12 dataset=Solar model=chronos2 formula=full_ridge_shared lags=336 horizon=48 retrieval=instance_euclidean_3_online run=/home/h61084/codes/adapts/outputs/adaptation/offline_datastore_ablation/Solar/336_48/chronos2/full_ridge_shared/instance/euclidean/3/online/run_0 computation_signature=0269b24428ff999fc19569625ae988371cf823e020e3b5ce3e3937c343adc18b l2_grid=0,1e-6,1e-5,1e-4,1e-3,1e-2,1e-1,1,10 validation_fraction=0.2 fit_baselines_on_eval=false seed=1
2026-08-14 22:33:24,795 INFO [__main__] ========================================================================
2026-08-14 22:33:24,795 INFO [__main__] selected methods=('full_ridge_shared',)
2026-08-14 22:33:27,401 INFO [__main__] baseline selection start l2_grid=(0.0, 1e-06, 1e-05, 0.0001, 0.001, 0.01, 0.1, 1.0, 10.0)
2026-08-14 22:33:27,762 INFO [__main__] baseline selection done
2026-08-14 22:33:27,786 INFO [__main__] experiment done seconds=2.99
2026-08-14 22:33:27,786 INFO [__main__] ========================================================================
2026-08-14T22:33:28+02:00 baselines done configuration=8/12 dataset=Solar model=chronos2 formula=full_ridge_shared lags=336 horizon=48 retrieval=instance_euclidean_3_online

2026-08-14T22:33:28+02:00 baselines start configuration=8/12 dataset=Solar model=chronos2 formula=cov_y_ridge_shared lags=336 horizon=48 retrieval=instance_euclidean_3_online run=/home/h61084/codes/adapts/outputs/adaptation/offline_datastore_ablation/Solar/336_48/chronos2/cov_y_ridge_shared/instance/euclidean/3/online/run_0 computation_signature=5ad37c847078d79614bf9386f190c92cb8f34161b6f4879e3c19c00d5bf8abd0 l2_grid=0,1e-6,1e-5,1e-4,1e-3,1e-2,1e-1,1,10 validation_fraction=0.2 fit_baselines_on_eval=false seed=1
2026-08-14 22:33:30,803 INFO [__main__] ========================================================================
2026-08-14 22:33:30,803 INFO [__main__] selected methods=('cov_y_ridge_shared',)
2026-08-14 22:33:32,576 INFO [__main__] baseline selection start l2_grid=(0.0, 1e-06, 1e-05, 0.0001, 0.001, 0.01, 0.1, 1.0, 10.0)
2026-08-14 22:33:32,835 INFO [__main__] baseline selection done
2026-08-14 22:33:32,858 INFO [__main__] experiment done seconds=2.05
2026-08-14 22:33:32,858 INFO [__main__] ========================================================================
2026-08-14T22:33:33+02:00 baselines done configuration=8/12 dataset=Solar model=chronos2 formula=cov_y_ridge_shared lags=336 horizon=48 retrieval=instance_euclidean_3_online

2026-08-14T22:33:33+02:00 baselines start configuration=8/12 dataset=Solar model=chronos2 formula=cov_avgy_ridge_shared lags=336 horizon=48 retrieval=instance_euclidean_3_online run=/home/h61084/codes/adapts/outputs/adaptation/offline_datastore_ablation/Solar/336_48/chronos2/cov_avgy_ridge_shared/instance/euclidean/3/online/run_0 computation_signature=d0a255b98f4ffabb55d0b52d61477c0e36a24cb9ddf7ac8abf27559ed3a42bb2 l2_grid=0,1e-6,1e-5,1e-4,1e-3,1e-2,1e-1,1,10 validation_fraction=0.2 fit_baselines_on_eval=false seed=1
2026-08-14 22:33:35,942 INFO [__main__] ========================================================================
2026-08-14 22:33:35,942 INFO [__main__] selected methods=('cov_avgy_ridge_shared',)
2026-08-14 22:33:37,923 INFO [__main__] baseline selection start l2_grid=(0.0, 1e-06, 1e-05, 0.0001, 0.001, 0.01, 0.1, 1.0, 10.0)
2026-08-14 22:33:38,255 INFO [__main__] baseline selection done
2026-08-14 22:33:38,290 INFO [__main__] experiment done seconds=2.34
2026-08-14 22:33:38,290 INFO [__main__] ========================================================================
2026-08-14T22:33:38+02:00 baselines done configuration=8/12 dataset=Solar model=chronos2 formula=cov_avgy_ridge_shared lags=336 horizon=48 retrieval=instance_euclidean_3_online
2026-08-14 22:33:40,887 INFO [__main__] extraction validation directory=/home/h61084/codes/adapts/outputs/extraction/Solar/504_168/chronos2/instance/euclidean/3/online/run_1 status=complete

2026-08-14T22:33:41+02:00 baselines start configuration=9/12 dataset=Solar model=chronos2 formula=full_ridge_shared lags=504 horizon=168 retrieval=instance_euclidean_3_online run=/home/h61084/codes/adapts/outputs/adaptation/offline_datastore_ablation/Solar/504_168/chronos2/full_ridge_shared/instance/euclidean/3/online/run_0 computation_signature=a7e854a8f87fcc25a157cb20833b86dacab7bfacbed2ae72c887c9b45b58a119 l2_grid=0,1e-6,1e-5,1e-4,1e-3,1e-2,1e-1,1,10 validation_fraction=0.2 fit_baselines_on_eval=false seed=1
2026-08-14 22:33:43,798 INFO [__main__] ========================================================================
2026-08-14 22:33:43,799 INFO [__main__] selected methods=('full_ridge_shared',)
2026-08-14 22:33:47,279 INFO [__main__] baseline selection start l2_grid=(0.0, 1e-06, 1e-05, 0.0001, 0.001, 0.01, 0.1, 1.0, 10.0)
2026-08-14 22:33:48,217 INFO [__main__] baseline selection done
2026-08-14 22:33:48,250 INFO [__main__] experiment done seconds=4.45
2026-08-14 22:33:48,250 INFO [__main__] ========================================================================
2026-08-14T22:33:48+02:00 baselines done configuration=9/12 dataset=Solar model=chronos2 formula=full_ridge_shared lags=504 horizon=168 retrieval=instance_euclidean_3_online

2026-08-14T22:33:48+02:00 baselines start configuration=9/12 dataset=Solar model=chronos2 formula=cov_y_ridge_shared lags=504 horizon=168 retrieval=instance_euclidean_3_online run=/home/h61084/codes/adapts/outputs/adaptation/offline_datastore_ablation/Solar/504_168/chronos2/cov_y_ridge_shared/instance/euclidean/3/online/run_0 computation_signature=45bc4d2a5ff714692b97ba2d72501d87bcb7ac062c1c546791273a8eddfd5ebe l2_grid=0,1e-6,1e-5,1e-4,1e-3,1e-2,1e-1,1,10 validation_fraction=0.2 fit_baselines_on_eval=false seed=1
2026-08-14 22:33:51,453 INFO [__main__] ========================================================================
2026-08-14 22:33:51,453 INFO [__main__] selected methods=('cov_y_ridge_shared',)
2026-08-14 22:33:53,342 INFO [__main__] baseline selection start l2_grid=(0.0, 1e-06, 1e-05, 0.0001, 0.001, 0.01, 0.1, 1.0, 10.0)
2026-08-14 22:33:53,938 INFO [__main__] baseline selection done
2026-08-14 22:33:53,997 INFO [__main__] experiment done seconds=2.53
2026-08-14 22:33:53,997 INFO [__main__] ========================================================================
2026-08-14T22:33:54+02:00 baselines done configuration=9/12 dataset=Solar model=chronos2 formula=cov_y_ridge_shared lags=504 horizon=168 retrieval=instance_euclidean_3_online

2026-08-14T22:33:54+02:00 baselines start configuration=9/12 dataset=Solar model=chronos2 formula=cov_avgy_ridge_shared lags=504 horizon=168 retrieval=instance_euclidean_3_online run=/home/h61084/codes/adapts/outputs/adaptation/offline_datastore_ablation/Solar/504_168/chronos2/cov_avgy_ridge_shared/instance/euclidean/3/online/run_0 computation_signature=cbdb81249e3b3f61b54b51ccf96ff11ae617b0bbbe8897753a8b9d2e3de551c7 l2_grid=0,1e-6,1e-5,1e-4,1e-3,1e-2,1e-1,1,10 validation_fraction=0.2 fit_baselines_on_eval=false seed=1
2026-08-14 22:33:56,969 INFO [__main__] ========================================================================
2026-08-14 22:33:56,969 INFO [__main__] selected methods=('cov_avgy_ridge_shared',)
2026-08-14 22:33:58,860 INFO [__main__] baseline selection start l2_grid=(0.0, 1e-06, 1e-05, 0.0001, 0.001, 0.01, 0.1, 1.0, 10.0)
2026-08-14 22:33:59,521 INFO [__main__] baseline selection done
2026-08-14 22:33:59,543 INFO [__main__] experiment done seconds=2.57
2026-08-14 22:33:59,543 INFO [__main__] ========================================================================
2026-08-14T22:34:00+02:00 baselines done configuration=9/12 dataset=Solar model=chronos2 formula=cov_avgy_ridge_shared lags=504 horizon=168 retrieval=instance_euclidean_3_online
2026-08-14 22:34:02,670 INFO [__main__] extraction validation directory=/home/h61084/codes/adapts/outputs/extraction/exchange_rate/168_24/chronos2/instance/euclidean/3/online/run_1 status=complete

2026-08-14T22:34:03+02:00 baselines start configuration=10/12 dataset=exchange_rate model=chronos2 formula=full_ridge_shared lags=168 horizon=24 retrieval=instance_euclidean_3_online run=/home/h61084/codes/adapts/outputs/adaptation/offline_datastore_ablation/exchange_rate/168_24/chronos2/full_ridge_shared/instance/euclidean/3/online/run_0 computation_signature=904dbe4d48ebb7b20ea19af40da7c50d2a3050b9cd7346ed2790db1b0cd567b9 l2_grid=0,1e-6,1e-5,1e-4,1e-3,1e-2,1e-1,1,10 validation_fraction=0.2 fit_baselines_on_eval=false seed=1
2026-08-14 22:34:05,656 INFO [__main__] ========================================================================
2026-08-14 22:34:05,656 INFO [__main__] selected methods=('full_ridge_shared',)
2026-08-14 22:34:07,457 INFO [__main__] baseline selection start l2_grid=(0.0, 1e-06, 1e-05, 0.0001, 0.001, 0.01, 0.1, 1.0, 10.0)
2026-08-14 22:34:07,626 INFO [__main__] baseline selection done
2026-08-14 22:34:07,649 INFO [__main__] experiment done seconds=1.99
2026-08-14 22:34:07,649 INFO [__main__] ========================================================================
2026-08-14T22:34:08+02:00 baselines done configuration=10/12 dataset=exchange_rate model=chronos2 formula=full_ridge_shared lags=168 horizon=24 retrieval=instance_euclidean_3_online

2026-08-14T22:34:08+02:00 baselines start configuration=10/12 dataset=exchange_rate model=chronos2 formula=cov_y_ridge_shared lags=168 horizon=24 retrieval=instance_euclidean_3_online run=/home/h61084/codes/adapts/outputs/adaptation/offline_datastore_ablation/exchange_rate/168_24/chronos2/cov_y_ridge_shared/instance/euclidean/3/online/run_0 computation_signature=9669c4d9c8051a9eca9b331e5ed0fe8dd811096e899e63748ba2ec5f225749aa l2_grid=0,1e-6,1e-5,1e-4,1e-3,1e-2,1e-1,1,10 validation_fraction=0.2 fit_baselines_on_eval=false seed=1
2026-08-14 22:34:10,602 INFO [__main__] ========================================================================
2026-08-14 22:34:10,602 INFO [__main__] selected methods=('cov_y_ridge_shared',)
2026-08-14 22:34:12,089 INFO [__main__] baseline selection start l2_grid=(0.0, 1e-06, 1e-05, 0.0001, 0.001, 0.01, 0.1, 1.0, 10.0)
2026-08-14 22:34:12,216 INFO [__main__] baseline selection done
2026-08-14 22:34:12,239 INFO [__main__] experiment done seconds=1.63
2026-08-14 22:34:12,239 INFO [__main__] ========================================================================
2026-08-14T22:34:12+02:00 baselines done configuration=10/12 dataset=exchange_rate model=chronos2 formula=cov_y_ridge_shared lags=168 horizon=24 retrieval=instance_euclidean_3_online

2026-08-14T22:34:12+02:00 baselines start configuration=10/12 dataset=exchange_rate model=chronos2 formula=cov_avgy_ridge_shared lags=168 horizon=24 retrieval=instance_euclidean_3_online run=/home/h61084/codes/adapts/outputs/adaptation/offline_datastore_ablation/exchange_rate/168_24/chronos2/cov_avgy_ridge_shared/instance/euclidean/3/online/run_0 computation_signature=ba25f345782ce9f6adb13e2b4de97e68e3b4c79e85b853eb85e69a8b2277b9f0 l2_grid=0,1e-6,1e-5,1e-4,1e-3,1e-2,1e-1,1,10 validation_fraction=0.2 fit_baselines_on_eval=false seed=1
2026-08-14 22:34:15,252 INFO [__main__] ========================================================================
2026-08-14 22:34:15,253 INFO [__main__] selected methods=('cov_avgy_ridge_shared',)
2026-08-14 22:34:16,729 INFO [__main__] baseline selection start l2_grid=(0.0, 1e-06, 1e-05, 0.0001, 0.001, 0.01, 0.1, 1.0, 10.0)
2026-08-14 22:34:16,867 INFO [__main__] baseline selection done
2026-08-14 22:34:16,891 INFO [__main__] experiment done seconds=1.64
2026-08-14 22:34:16,891 INFO [__main__] ========================================================================
2026-08-14T22:34:17+02:00 baselines done configuration=10/12 dataset=exchange_rate model=chronos2 formula=cov_avgy_ridge_shared lags=168 horizon=24 retrieval=instance_euclidean_3_online
2026-08-14 22:34:19,482 INFO [__main__] extraction validation directory=/home/h61084/codes/adapts/outputs/extraction/exchange_rate/336_48/chronos2/instance/euclidean/3/online/run_1 status=complete

2026-08-14T22:34:20+02:00 baselines start configuration=11/12 dataset=exchange_rate model=chronos2 formula=full_ridge_shared lags=336 horizon=48 retrieval=instance_euclidean_3_online run=/home/h61084/codes/adapts/outputs/adaptation/offline_datastore_ablation/exchange_rate/336_48/chronos2/full_ridge_shared/instance/euclidean/3/online/run_0 computation_signature=6c70ce26888650bd787e979d0fd602b03f180866923d7630e3ba190306d01b6b l2_grid=0,1e-6,1e-5,1e-4,1e-3,1e-2,1e-1,1,10 validation_fraction=0.2 fit_baselines_on_eval=false seed=1
2026-08-14 22:34:22,516 INFO [__main__] ========================================================================
2026-08-14 22:34:22,517 INFO [__main__] selected methods=('full_ridge_shared',)
2026-08-14 22:34:24,341 INFO [__main__] baseline selection start l2_grid=(0.0, 1e-06, 1e-05, 0.0001, 0.001, 0.01, 0.1, 1.0, 10.0)
2026-08-14 22:34:24,497 INFO [__main__] baseline selection done
2026-08-14 22:34:24,524 INFO [__main__] experiment done seconds=2.00
2026-08-14 22:34:24,524 INFO [__main__] ========================================================================
2026-08-14T22:34:25+02:00 baselines done configuration=11/12 dataset=exchange_rate model=chronos2 formula=full_ridge_shared lags=336 horizon=48 retrieval=instance_euclidean_3_online

2026-08-14T22:34:25+02:00 baselines start configuration=11/12 dataset=exchange_rate model=chronos2 formula=cov_y_ridge_shared lags=336 horizon=48 retrieval=instance_euclidean_3_online run=/home/h61084/codes/adapts/outputs/adaptation/offline_datastore_ablation/exchange_rate/336_48/chronos2/cov_y_ridge_shared/instance/euclidean/3/online/run_0 computation_signature=2ff609626607d87af2fd96fe69760941a5b027f87bf7cc9c811d6d2833258c24 l2_grid=0,1e-6,1e-5,1e-4,1e-3,1e-2,1e-1,1,10 validation_fraction=0.2 fit_baselines_on_eval=false seed=1
2026-08-14 22:34:27,655 INFO [__main__] ========================================================================
2026-08-14 22:34:27,656 INFO [__main__] selected methods=('cov_y_ridge_shared',)
2026-08-14 22:34:29,237 INFO [__main__] baseline selection start l2_grid=(0.0, 1e-06, 1e-05, 0.0001, 0.001, 0.01, 0.1, 1.0, 10.0)
2026-08-14 22:34:29,411 INFO [__main__] baseline selection done
2026-08-14 22:34:29,434 INFO [__main__] experiment done seconds=1.78
2026-08-14 22:34:29,434 INFO [__main__] ========================================================================
2026-08-14T22:34:29+02:00 baselines done configuration=11/12 dataset=exchange_rate model=chronos2 formula=cov_y_ridge_shared lags=336 horizon=48 retrieval=instance_euclidean_3_online

2026-08-14T22:34:30+02:00 baselines start configuration=11/12 dataset=exchange_rate model=chronos2 formula=cov_avgy_ridge_shared lags=336 horizon=48 retrieval=instance_euclidean_3_online run=/home/h61084/codes/adapts/outputs/adaptation/offline_datastore_ablation/exchange_rate/336_48/chronos2/cov_avgy_ridge_shared/instance/euclidean/3/online/run_0 computation_signature=16f0830ca6274021201b618943a17b4377a248150dc9a180fa60fe9965f31c49 l2_grid=0,1e-6,1e-5,1e-4,1e-3,1e-2,1e-1,1,10 validation_fraction=0.2 fit_baselines_on_eval=false seed=1
2026-08-14 22:34:32,442 INFO [__main__] ========================================================================
2026-08-14 22:34:32,442 INFO [__main__] selected methods=('cov_avgy_ridge_shared',)
2026-08-14 22:34:33,948 INFO [__main__] baseline selection start l2_grid=(0.0, 1e-06, 1e-05, 0.0001, 0.001, 0.01, 0.1, 1.0, 10.0)
2026-08-14 22:34:34,064 INFO [__main__] baseline selection done
2026-08-14 22:34:34,090 INFO [__main__] experiment done seconds=1.64
2026-08-14 22:34:34,090 INFO [__main__] ========================================================================
2026-08-14T22:34:34+02:00 baselines done configuration=11/12 dataset=exchange_rate model=chronos2 formula=cov_avgy_ridge_shared lags=336 horizon=48 retrieval=instance_euclidean_3_online
2026-08-14 22:34:37,069 INFO [__main__] extraction validation directory=/home/h61084/codes/adapts/outputs/extraction/exchange_rate/504_168/chronos2/instance/euclidean/3/online/run_1 status=complete

2026-08-14T22:34:37+02:00 baselines start configuration=12/12 dataset=exchange_rate model=chronos2 formula=full_ridge_shared lags=504 horizon=168 retrieval=instance_euclidean_3_online run=/home/h61084/codes/adapts/outputs/adaptation/offline_datastore_ablation/exchange_rate/504_168/chronos2/full_ridge_shared/instance/euclidean/3/online/run_0 computation_signature=6f396233eafb78d2d6bc739025d3c480559dc9c509635067684d93c1c9a1a194 l2_grid=0,1e-6,1e-5,1e-4,1e-3,1e-2,1e-1,1,10 validation_fraction=0.2 fit_baselines_on_eval=false seed=1
2026-08-14 22:34:40,226 INFO [__main__] ========================================================================
2026-08-14 22:34:40,226 INFO [__main__] selected methods=('full_ridge_shared',)
2026-08-14 22:34:42,113 INFO [__main__] baseline selection start l2_grid=(0.0, 1e-06, 1e-05, 0.0001, 0.001, 0.01, 0.1, 1.0, 10.0)
2026-08-14 22:34:42,360 INFO [__main__] baseline selection done
2026-08-14 22:34:42,398 INFO [__main__] experiment done seconds=2.17
2026-08-14 22:34:42,398 INFO [__main__] ========================================================================
2026-08-14T22:34:42+02:00 baselines done configuration=12/12 dataset=exchange_rate model=chronos2 formula=full_ridge_shared lags=504 horizon=168 retrieval=instance_euclidean_3_online

2026-08-14T22:34:43+02:00 baselines start configuration=12/12 dataset=exchange_rate model=chronos2 formula=cov_y_ridge_shared lags=504 horizon=168 retrieval=instance_euclidean_3_online run=/home/h61084/codes/adapts/outputs/adaptation/offline_datastore_ablation/exchange_rate/504_168/chronos2/cov_y_ridge_shared/instance/euclidean/3/online/run_0 computation_signature=ca09389fe8280ffe0b5aed43704265251a212b3966b2353dbd1e4416e73de947 l2_grid=0,1e-6,1e-5,1e-4,1e-3,1e-2,1e-1,1,10 validation_fraction=0.2 fit_baselines_on_eval=false seed=1
2026-08-14 22:34:45,343 INFO [__main__] ========================================================================
2026-08-14 22:34:45,343 INFO [__main__] selected methods=('cov_y_ridge_shared',)
2026-08-14 22:34:46,883 INFO [__main__] baseline selection start l2_grid=(0.0, 1e-06, 1e-05, 0.0001, 0.001, 0.01, 0.1, 1.0, 10.0)
2026-08-14 22:34:47,066 INFO [__main__] baseline selection done
2026-08-14 22:34:47,090 INFO [__main__] experiment done seconds=1.74
2026-08-14 22:34:47,090 INFO [__main__] ========================================================================
2026-08-14T22:34:47+02:00 baselines done configuration=12/12 dataset=exchange_rate model=chronos2 formula=cov_y_ridge_shared lags=504 horizon=168 retrieval=instance_euclidean_3_online

2026-08-14T22:34:47+02:00 baselines start configuration=12/12 dataset=exchange_rate model=chronos2 formula=cov_avgy_ridge_shared lags=504 horizon=168 retrieval=instance_euclidean_3_online run=/home/h61084/codes/adapts/outputs/adaptation/offline_datastore_ablation/exchange_rate/504_168/chronos2/cov_avgy_ridge_shared/instance/euclidean/3/online/run_0 computation_signature=b4f21638d224e6020ef2b393c9015fa0f987886a9923ea24aee1087ce728e0dd l2_grid=0,1e-6,1e-5,1e-4,1e-3,1e-2,1e-1,1,10 validation_fraction=0.2 fit_baselines_on_eval=false seed=1
2026-08-14 22:34:50,199 INFO [__main__] ========================================================================
2026-08-14 22:34:50,199 INFO [__main__] selected methods=('cov_avgy_ridge_shared',)
2026-08-14 22:34:51,827 INFO [__main__] baseline selection start l2_grid=(0.0, 1e-06, 1e-05, 0.0001, 0.001, 0.01, 0.1, 1.0, 10.0)
2026-08-14 22:34:51,982 INFO [__main__] baseline selection done
2026-08-14 22:34:52,006 INFO [__main__] experiment done seconds=1.80
2026-08-14 22:34:52,006 INFO [__main__] ========================================================================
2026-08-14T22:34:52+02:00 baselines done configuration=12/12 dataset=exchange_rate model=chronos2 formula=cov_avgy_ridge_shared lags=504 horizon=168 retrieval=instance_euclidean_3_online

2026-08-14T22:34:52+02:00 job done kind=baselines output=outputs/adaptation/offline_datastore_ablation

2026-08-14T22:34:52+02:00 job start kind=adaptation_extraction family=offline_datastore_ablation experiment_mode=full skip_complete=true tasks=24 datasets=Electricity,Traffic,Solar,exchange_rate models=chronos2 settings=168:24,336:48,504:168 distance_spaces=instance distance_metrics=euclidean neighbors=1
2026-08-14T22:34:52+02:00 skip complete family=extraction dataset=Electricity model=chronos2 lags=168 horizon=24 retrieval=vanilla run=/home/h61084/codes/adapts/outputs/extraction/Electricity/168_24/chronos2/none/none/0/none/run_1

2026-08-14T22:34:52+02:00 extraction start configuration=2/24 dataset=Electricity model=chronos2 lags=168 horizon=24 retrieval=instance_euclidean_1_fixed run=/home/h61084/codes/adapts/outputs/extraction/Electricity/168_24/chronos2/instance/euclidean/1/fixed/run_0 computation_signature=7bf2f5dfac12dab8774fe10c24ef54cb8db50942ad93d573fa0e9a907b5ba83f period=24 align_period=false datastore_stride=25 adapt_stride=25 eval_stride=127 max_store_windows=30000 seed=1
2026-08-14 22:34:55,308 INFO [__main__] ========================================================================
2026-08-14 22:34:55,309 INFO [__main__] experiment start kind=extraction dataset=Electricity model=chronos2 lags=168 horizon=24 neighbors=1 distance=instance/euclidean
2026-08-14 22:34:55,680 INFO [__main__] dataset load start
2026-08-14 22:34:55,682 INFO [src.data.load_dataset] loaded dataset config path=/home/h61084/codes/datasets/electricity/config.json keys=['aggr', 'date_col', 'drop_users']
2026-08-14 22:34:56,374 INFO [__main__] dataset load done dates=26304 users=312
2026-08-14 22:34:56,375 INFO [__main__] model load start
2026-08-14 22:35:04,705 INFO [__main__] model load done name=chronos2 device=cuda parameters_total=119,477,664 parameters_trainable=0
2026-08-14 22:35:04,708 INFO [__main__] extraction start split=adapt queries=526
2026-08-14 22:39:35,509 INFO [__main__] extraction done split=adapt
2026-08-14 22:39:35,509 INFO [__main__] extraction start split=eval queries=42
2026-08-14 22:39:55,371 INFO [__main__] extraction done split=eval
2026-08-14 22:39:56,198 INFO [__main__] completion marker saved path=/home/h61084/codes/adapts/outputs/extraction/Electricity/168_24/chronos2/instance/euclidean/1/fixed/run_0/extraction_manifest.json
2026-08-14 22:39:56,198 INFO [__main__] outputs saved dir=/home/h61084/codes/adapts/outputs/extraction/Electricity/168_24/chronos2/instance/euclidean/1/fixed/run_0
2026-08-14 22:39:56,198 INFO [__main__] experiment done seconds=300.88
2026-08-14 22:39:56,198 INFO [__main__] ========================================================================
2026-08-14 22:39:59,171 INFO [__main__] extraction validation directory=/home/h61084/codes/adapts/outputs/extraction/Electricity/168_24/chronos2/instance/euclidean/1/fixed/run_0 status=complete
2026-08-14T22:39:59+02:00 extraction done configuration=2/24 dataset=Electricity model=chronos2 lags=168 horizon=24 retrieval=instance_euclidean_1_fixed
2026-08-14T22:39:59+02:00 skip complete family=extraction dataset=Electricity model=chronos2 lags=336 horizon=48 retrieval=vanilla run=/home/h61084/codes/adapts/outputs/extraction/Electricity/336_48/chronos2/none/none/0/none/run_1

2026-08-14T22:39:59+02:00 extraction start configuration=4/24 dataset=Electricity model=chronos2 lags=336 horizon=48 retrieval=instance_euclidean_1_fixed run=/home/h61084/codes/adapts/outputs/extraction/Electricity/336_48/chronos2/instance/euclidean/1/fixed/run_0 computation_signature=a95edceb7a76ae2e9c26612240c063fba250ab09dc9da95091551f8fe7d9607d period=24 align_period=false datastore_stride=25 adapt_stride=25 eval_stride=127 max_store_windows=30000 seed=1
2026-08-14 22:40:02,298 INFO [__main__] ========================================================================
2026-08-14 22:40:02,299 INFO [__main__] experiment start kind=extraction dataset=Electricity model=chronos2 lags=336 horizon=48 neighbors=1 distance=instance/euclidean
2026-08-14 22:40:02,587 INFO [__main__] dataset load start
2026-08-14 22:40:02,588 INFO [src.data.load_dataset] loaded dataset config path=/home/h61084/codes/datasets/electricity/config.json keys=['aggr', 'date_col', 'drop_users']
2026-08-14 22:40:03,411 INFO [__main__] dataset load done dates=26304 users=312
2026-08-14 22:40:03,412 INFO [__main__] model load start
2026-08-14 22:40:15,449 INFO [__main__] model load done name=chronos2 device=cuda parameters_total=119,477,664 parameters_trainable=0
2026-08-14 22:40:15,452 INFO [__main__] extraction start split=adapt queries=525
2026-08-14 22:45:21,670 INFO [__main__] extraction done split=adapt
2026-08-14 22:45:21,670 INFO [__main__] extraction start split=eval queries=42
2026-08-14 22:45:46,462 INFO [__main__] extraction done split=eval
2026-08-14 22:45:47,350 INFO [__main__] completion marker saved path=/home/h61084/codes/adapts/outputs/extraction/Electricity/336_48/chronos2/instance/euclidean/1/fixed/run_0/extraction_manifest.json
2026-08-14 22:45:47,350 INFO [__main__] outputs saved dir=/home/h61084/codes/adapts/outputs/extraction/Electricity/336_48/chronos2/instance/euclidean/1/fixed/run_0
2026-08-14 22:45:47,350 INFO [__main__] experiment done seconds=345.05
2026-08-14 22:45:47,351 INFO [__main__] ========================================================================
2026-08-14 22:45:50,568 INFO [__main__] extraction validation directory=/home/h61084/codes/adapts/outputs/extraction/Electricity/336_48/chronos2/instance/euclidean/1/fixed/run_0 status=complete
2026-08-14T22:45:50+02:00 extraction done configuration=4/24 dataset=Electricity model=chronos2 lags=336 horizon=48 retrieval=instance_euclidean_1_fixed
2026-08-14T22:45:51+02:00 skip complete family=extraction dataset=Electricity model=chronos2 lags=504 horizon=168 retrieval=vanilla run=/home/h61084/codes/adapts/outputs/extraction/Electricity/504_168/chronos2/none/none/0/none/run_2

2026-08-14T22:45:51+02:00 extraction start configuration=6/24 dataset=Electricity model=chronos2 lags=504 horizon=168 retrieval=instance_euclidean_1_fixed run=/home/h61084/codes/adapts/outputs/extraction/Electricity/504_168/chronos2/instance/euclidean/1/fixed/run_0 computation_signature=25c435410df48d3a35ec300388573e7aee8f60c3f3a663535074b43920aa3e78 period=24 align_period=false datastore_stride=25 adapt_stride=25 eval_stride=127 max_store_windows=30000 seed=1
2026-08-14 22:45:53,786 INFO [__main__] ========================================================================
2026-08-14 22:45:53,786 INFO [__main__] experiment start kind=extraction dataset=Electricity model=chronos2 lags=504 horizon=168 neighbors=1 distance=instance/euclidean
2026-08-14 22:45:54,086 INFO [__main__] dataset load start
2026-08-14 22:45:54,088 INFO [src.data.load_dataset] loaded dataset config path=/home/h61084/codes/datasets/electricity/config.json keys=['aggr', 'date_col', 'drop_users']
2026-08-14 22:45:54,784 INFO [__main__] dataset load done dates=26304 users=312
2026-08-14 22:45:54,784 INFO [__main__] model load start
2026-08-14 22:46:05,384 INFO [__main__] model load done name=chronos2 device=cuda parameters_total=119,477,664 parameters_trainable=0
2026-08-14 22:46:05,387 INFO [__main__] extraction start split=adapt queries=520
2026-08-14 22:52:35,800 INFO [__main__] extraction done split=adapt
2026-08-14 22:52:35,800 INFO [__main__] extraction start split=eval queries=41
2026-08-14 22:53:06,119 INFO [__main__] extraction done split=eval
2026-08-14 22:53:07,068 INFO [__main__] completion marker saved path=/home/h61084/codes/adapts/outputs/extraction/Electricity/504_168/chronos2/instance/euclidean/1/fixed/run_0/extraction_manifest.json
2026-08-14 22:53:07,068 INFO [__main__] outputs saved dir=/home/h61084/codes/adapts/outputs/extraction/Electricity/504_168/chronos2/instance/euclidean/1/fixed/run_0
2026-08-14 22:53:07,068 INFO [__main__] experiment done seconds=433.28
2026-08-14 22:53:07,068 INFO [__main__] ========================================================================
2026-08-14 22:53:10,277 INFO [__main__] extraction validation directory=/home/h61084/codes/adapts/outputs/extraction/Electricity/504_168/chronos2/instance/euclidean/1/fixed/run_0 status=complete
2026-08-14T22:53:10+02:00 extraction done configuration=6/24 dataset=Electricity model=chronos2 lags=504 horizon=168 retrieval=instance_euclidean_1_fixed
2026-08-14T22:53:10+02:00 skip complete family=extraction dataset=Traffic model=chronos2 lags=168 horizon=24 retrieval=vanilla run=/home/h61084/codes/adapts/outputs/extraction/Traffic/168_24/chronos2/none/none/0/none/run_1

2026-08-14T22:53:10+02:00 extraction start configuration=8/24 dataset=Traffic model=chronos2 lags=168 horizon=24 retrieval=instance_euclidean_1_fixed run=/home/h61084/codes/adapts/outputs/extraction/Traffic/168_24/chronos2/instance/euclidean/1/fixed/run_0 computation_signature=4081024c8b787ebe455a4c747e36cb5c25939aeb60d5c49ec7a049a3088f8e5f period=24 align_period=false datastore_stride=25 adapt_stride=25 eval_stride=127 max_store_windows=30000 seed=1
2026-08-14 22:53:13,509 INFO [__main__] ========================================================================
2026-08-14 22:53:13,509 INFO [__main__] experiment start kind=extraction dataset=Traffic model=chronos2 lags=168 horizon=24 neighbors=1 distance=instance/euclidean
2026-08-14 22:53:13,809 INFO [__main__] dataset load start
2026-08-14 22:53:13,810 INFO [src.data.load_dataset] loaded dataset config path=/home/h61084/codes/datasets/traffic/config.json keys=['aggr', 'date_col', 'drop_users']
2026-08-14 22:53:14,968 INFO [__main__] dataset load done dates=17544 users=860
2026-08-14 22:53:14,968 INFO [__main__] model load start
2026-08-14 22:53:28,569 INFO [__main__] model load done name=chronos2 device=cuda parameters_total=119,477,664 parameters_trainable=0
2026-08-14 22:53:28,571 INFO [__main__] extraction start split=adapt queries=350
2026-08-14 22:59:38,869 INFO [__main__] extraction done split=adapt
2026-08-14 22:59:38,869 INFO [__main__] extraction start split=eval queries=28
2026-08-14 23:00:08,786 INFO [__main__] extraction done split=eval
2026-08-14 23:00:09,850 INFO [__main__] completion marker saved path=/home/h61084/codes/adapts/outputs/extraction/Traffic/168_24/chronos2/instance/euclidean/1/fixed/run_0/extraction_manifest.json
2026-08-14 23:00:09,850 INFO [__main__] outputs saved dir=/home/h61084/codes/adapts/outputs/extraction/Traffic/168_24/chronos2/instance/euclidean/1/fixed/run_0
2026-08-14 23:00:09,850 INFO [__main__] experiment done seconds=416.34
2026-08-14 23:00:09,850 INFO [__main__] ========================================================================
2026-08-14 23:00:12,869 INFO [__main__] extraction validation directory=/home/h61084/codes/adapts/outputs/extraction/Traffic/168_24/chronos2/instance/euclidean/1/fixed/run_0 status=complete
2026-08-14T23:00:13+02:00 extraction done configuration=8/24 dataset=Traffic model=chronos2 lags=168 horizon=24 retrieval=instance_euclidean_1_fixed
2026-08-14T23:00:13+02:00 skip complete family=extraction dataset=Traffic model=chronos2 lags=336 horizon=48 retrieval=vanilla run=/home/h61084/codes/adapts/outputs/extraction/Traffic/336_48/chronos2/none/none/0/none/run_1

2026-08-14T23:00:13+02:00 extraction start configuration=10/24 dataset=Traffic model=chronos2 lags=336 horizon=48 retrieval=instance_euclidean_1_fixed run=/home/h61084/codes/adapts/outputs/extraction/Traffic/336_48/chronos2/instance/euclidean/1/fixed/run_0 computation_signature=dfae19f197e2491ac6cef8a0fd86317b2f1e7c61adc017d6ead3b0bb1b7b4e87 period=24 align_period=false datastore_stride=25 adapt_stride=25 eval_stride=127 max_store_windows=30000 seed=1
2026-08-14 23:00:16,286 INFO [__main__] ========================================================================
2026-08-14 23:00:16,287 INFO [__main__] experiment start kind=extraction dataset=Traffic model=chronos2 lags=336 horizon=48 neighbors=1 distance=instance/euclidean
2026-08-14 23:00:16,911 INFO [__main__] dataset load start
2026-08-14 23:00:16,996 INFO [src.data.load_dataset] loaded dataset config path=/home/h61084/codes/datasets/traffic/config.json keys=['aggr', 'date_col', 'drop_users']
2026-08-14 23:00:18,287 INFO [__main__] dataset load done dates=17544 users=860
2026-08-14 23:00:18,287 INFO [__main__] model load start
2026-08-14 23:00:31,491 INFO [__main__] model load done name=chronos2 device=cuda parameters_total=119,477,664 parameters_trainable=0
2026-08-14 23:00:31,493 INFO [__main__] extraction start split=adapt queries=349
2026-08-14 23:08:57,728 INFO [__main__] extraction done split=adapt
2026-08-14 23:08:57,728 INFO [__main__] extraction start split=eval queries=28
2026-08-14 23:09:39,976 INFO [__main__] extraction done split=eval
2026-08-14 23:09:40,969 INFO [__main__] completion marker saved path=/home/h61084/codes/adapts/outputs/extraction/Traffic/336_48/chronos2/instance/euclidean/1/fixed/run_0/extraction_manifest.json
2026-08-14 23:09:40,969 INFO [__main__] outputs saved dir=/home/h61084/codes/adapts/outputs/extraction/Traffic/336_48/chronos2/instance/euclidean/1/fixed/run_0
2026-08-14 23:09:40,969 INFO [__main__] experiment done seconds=564.68
2026-08-14 23:09:40,969 INFO [__main__] ========================================================================
2026-08-14 23:09:44,146 INFO [__main__] extraction validation directory=/home/h61084/codes/adapts/outputs/extraction/Traffic/336_48/chronos2/instance/euclidean/1/fixed/run_0 status=complete
2026-08-14T23:09:44+02:00 extraction done configuration=10/24 dataset=Traffic model=chronos2 lags=336 horizon=48 retrieval=instance_euclidean_1_fixed
2026-08-14T23:09:44+02:00 skip complete family=extraction dataset=Traffic model=chronos2 lags=504 horizon=168 retrieval=vanilla run=/home/h61084/codes/adapts/outputs/extraction/Traffic/504_168/chronos2/none/none/0/none/run_1

2026-08-14T23:09:44+02:00 extraction start configuration=12/24 dataset=Traffic model=chronos2 lags=504 horizon=168 retrieval=instance_euclidean_1_fixed run=/home/h61084/codes/adapts/outputs/extraction/Traffic/504_168/chronos2/instance/euclidean/1/fixed/run_0 computation_signature=8d5ba9968e598597c3993d4baa7ec046f67ff22613010979dea6a648542d8166 period=24 align_period=false datastore_stride=25 adapt_stride=25 eval_stride=127 max_store_windows=30000 seed=1
2026-08-14 23:09:47,190 INFO [__main__] ========================================================================
2026-08-14 23:09:47,190 INFO [__main__] experiment start kind=extraction dataset=Traffic model=chronos2 lags=504 horizon=168 neighbors=1 distance=instance/euclidean
2026-08-14 23:09:47,485 INFO [__main__] dataset load start
2026-08-14 23:09:47,486 INFO [src.data.load_dataset] loaded dataset config path=/home/h61084/codes/datasets/traffic/config.json keys=['aggr', 'date_col', 'drop_users']
2026-08-14 23:09:48,777 INFO [__main__] dataset load done dates=17544 users=860
2026-08-14 23:09:48,778 INFO [__main__] model load start
2026-08-14 23:10:01,166 INFO [__main__] model load done name=chronos2 device=cuda parameters_total=119,477,664 parameters_trainable=0
2026-08-14 23:10:01,168 INFO [__main__] extraction start split=adapt queries=345
2026-08-14 23:20:40,551 INFO [__main__] extraction done split=adapt
2026-08-14 23:20:40,551 INFO [__main__] extraction start split=eval queries=27
2026-08-14 23:21:31,942 INFO [__main__] extraction done split=eval
2026-08-14 23:21:33,074 INFO [__main__] completion marker saved path=/home/h61084/codes/adapts/outputs/extraction/Traffic/504_168/chronos2/instance/euclidean/1/fixed/run_0/extraction_manifest.json
2026-08-14 23:21:33,074 INFO [__main__] outputs saved dir=/home/h61084/codes/adapts/outputs/extraction/Traffic/504_168/chronos2/instance/euclidean/1/fixed/run_0
2026-08-14 23:21:33,074 INFO [__main__] experiment done seconds=705.88
2026-08-14 23:21:33,074 INFO [__main__] ========================================================================
2026-08-14 23:21:36,314 INFO [__main__] extraction validation directory=/home/h61084/codes/adapts/outputs/extraction/Traffic/504_168/chronos2/instance/euclidean/1/fixed/run_0 status=complete
2026-08-14T23:21:36+02:00 extraction done configuration=12/24 dataset=Traffic model=chronos2 lags=504 horizon=168 retrieval=instance_euclidean_1_fixed
2026-08-14T23:21:36+02:00 skip complete family=extraction dataset=Solar model=chronos2 lags=168 horizon=24 retrieval=vanilla run=/home/h61084/codes/adapts/outputs/extraction/Solar/168_24/chronos2/none/none/0/none/run_1

2026-08-14T23:21:36+02:00 extraction start configuration=14/24 dataset=Solar model=chronos2 lags=168 horizon=24 retrieval=instance_euclidean_1_fixed run=/home/h61084/codes/adapts/outputs/extraction/Solar/168_24/chronos2/instance/euclidean/1/fixed/run_0 computation_signature=556ef88fa6abdc489acb751c56c4d22ae9195916f2273ce2ef8a46e73e2704a5 period=24 align_period=false datastore_stride=25 adapt_stride=25 eval_stride=127 max_store_windows=30000 seed=1
2026-08-14 23:21:39,378 INFO [__main__] ========================================================================
2026-08-14 23:21:39,378 INFO [__main__] experiment start kind=extraction dataset=Solar model=chronos2 lags=168 horizon=24 neighbors=1 distance=instance/euclidean
2026-08-14 23:21:39,713 INFO [__main__] dataset load start
2026-08-14 23:21:39,715 INFO [src.data.load_dataset] loaded dataset config path=/home/h61084/codes/datasets/solar/config.json keys=['aggr', 'date_col', 'drop_users']
2026-08-14 23:21:40,119 INFO [__main__] dataset load done dates=8760 users=137
2026-08-14 23:21:40,120 INFO [__main__] model load start
2026-08-14 23:21:51,023 INFO [__main__] model load done name=chronos2 device=cuda parameters_total=119,477,664 parameters_trainable=0
2026-08-14 23:21:51,024 INFO [__main__] extraction start split=adapt queries=175
2026-08-14 23:22:29,441 INFO [__main__] extraction done split=adapt
2026-08-14 23:22:29,441 INFO [__main__] extraction start split=eval queries=14
2026-08-14 23:22:32,854 INFO [__main__] extraction done split=eval
2026-08-14 23:22:33,563 INFO [__main__] completion marker saved path=/home/h61084/codes/adapts/outputs/extraction/Solar/168_24/chronos2/instance/euclidean/1/fixed/run_0/extraction_manifest.json
2026-08-14 23:22:33,565 INFO [__main__] outputs saved dir=/home/h61084/codes/adapts/outputs/extraction/Solar/168_24/chronos2/instance/euclidean/1/fixed/run_0
2026-08-14 23:22:33,565 INFO [__main__] experiment done seconds=54.18
2026-08-14 23:22:33,565 INFO [__main__] ========================================================================
2026-08-14 23:22:36,450 INFO [__main__] extraction validation directory=/home/h61084/codes/adapts/outputs/extraction/Solar/168_24/chronos2/instance/euclidean/1/fixed/run_0 status=complete
2026-08-14T23:22:36+02:00 extraction done configuration=14/24 dataset=Solar model=chronos2 lags=168 horizon=24 retrieval=instance_euclidean_1_fixed
2026-08-14T23:22:36+02:00 skip complete family=extraction dataset=Solar model=chronos2 lags=336 horizon=48 retrieval=vanilla run=/home/h61084/codes/adapts/outputs/extraction/Solar/336_48/chronos2/none/none/0/none/run_1

2026-08-14T23:22:37+02:00 extraction start configuration=16/24 dataset=Solar model=chronos2 lags=336 horizon=48 retrieval=instance_euclidean_1_fixed run=/home/h61084/codes/adapts/outputs/extraction/Solar/336_48/chronos2/instance/euclidean/1/fixed/run_0 computation_signature=4f5e0c202ed8a2c96f92b1e3064a230db7486753f6628f9874fcb75b8dcf9f4b period=24 align_period=false datastore_stride=25 adapt_stride=25 eval_stride=127 max_store_windows=30000 seed=1
2026-08-14 23:22:39,526 INFO [__main__] ========================================================================
2026-08-14 23:22:39,526 INFO [__main__] experiment start kind=extraction dataset=Solar model=chronos2 lags=336 horizon=48 neighbors=1 distance=instance/euclidean
2026-08-14 23:22:39,848 INFO [__main__] dataset load start
2026-08-14 23:22:39,850 INFO [src.data.load_dataset] loaded dataset config path=/home/h61084/codes/datasets/solar/config.json keys=['aggr', 'date_col', 'drop_users']
2026-08-14 23:22:40,241 INFO [__main__] dataset load done dates=8760 users=137
2026-08-14 23:22:40,242 INFO [__main__] model load start
2026-08-14 23:22:51,582 INFO [__main__] model load done name=chronos2 device=cuda parameters_total=119,477,664 parameters_trainable=0
2026-08-14 23:22:51,583 INFO [__main__] extraction start split=adapt queries=174
2026-08-14 23:24:00,779 INFO [__main__] extraction done split=adapt
2026-08-14 23:24:00,779 INFO [__main__] extraction start split=eval queries=14
2026-08-14 23:24:05,879 INFO [__main__] extraction done split=eval
2026-08-14 23:24:06,759 INFO [__main__] completion marker saved path=/home/h61084/codes/adapts/outputs/extraction/Solar/336_48/chronos2/instance/euclidean/1/fixed/run_0/extraction_manifest.json
2026-08-14 23:24:06,760 INFO [__main__] outputs saved dir=/home/h61084/codes/adapts/outputs/extraction/Solar/336_48/chronos2/instance/euclidean/1/fixed/run_0
2026-08-14 23:24:06,760 INFO [__main__] experiment done seconds=87.23
2026-08-14 23:24:06,760 INFO [__main__] ========================================================================
2026-08-14 23:24:10,019 INFO [__main__] extraction validation directory=/home/h61084/codes/adapts/outputs/extraction/Solar/336_48/chronos2/instance/euclidean/1/fixed/run_0 status=complete
2026-08-14T23:24:10+02:00 extraction done configuration=16/24 dataset=Solar model=chronos2 lags=336 horizon=48 retrieval=instance_euclidean_1_fixed
2026-08-14T23:24:10+02:00 skip complete family=extraction dataset=Solar model=chronos2 lags=504 horizon=168 retrieval=vanilla run=/home/h61084/codes/adapts/outputs/extraction/Solar/504_168/chronos2/none/none/0/none/run_1

2026-08-14T23:24:10+02:00 extraction start configuration=18/24 dataset=Solar model=chronos2 lags=504 horizon=168 retrieval=instance_euclidean_1_fixed run=/home/h61084/codes/adapts/outputs/extraction/Solar/504_168/chronos2/instance/euclidean/1/fixed/run_0 computation_signature=35d70d1a80da1965889e1a9a51128a597cb68978dc2b75a8df4a1e89e664fa27 period=24 align_period=false datastore_stride=25 adapt_stride=25 eval_stride=127 max_store_windows=30000 seed=1
2026-08-14 23:24:13,060 INFO [__main__] ========================================================================
2026-08-14 23:24:13,061 INFO [__main__] experiment start kind=extraction dataset=Solar model=chronos2 lags=504 horizon=168 neighbors=1 distance=instance/euclidean
2026-08-14 23:24:13,372 INFO [__main__] dataset load start
2026-08-14 23:24:13,373 INFO [src.data.load_dataset] loaded dataset config path=/home/h61084/codes/datasets/solar/config.json keys=['aggr', 'date_col', 'drop_users']
2026-08-14 23:24:13,769 INFO [__main__] dataset load done dates=8760 users=137
2026-08-14 23:24:13,769 INFO [__main__] model load start
2026-08-14 23:24:25,323 INFO [__main__] model load done name=chronos2 device=cuda parameters_total=119,477,664 parameters_trainable=0
2026-08-14 23:24:25,324 INFO [__main__] extraction start split=adapt queries=169
2026-08-14 23:25:35,900 INFO [__main__] extraction done split=adapt
2026-08-14 23:25:35,900 INFO [__main__] extraction start split=eval queries=13
2026-08-14 23:25:41,333 INFO [__main__] extraction done split=eval
2026-08-14 23:25:41,944 INFO [__main__] completion marker saved path=/home/h61084/codes/adapts/outputs/extraction/Solar/504_168/chronos2/instance/euclidean/1/fixed/run_0/extraction_manifest.json
2026-08-14 23:25:41,944 INFO [__main__] outputs saved dir=/home/h61084/codes/adapts/outputs/extraction/Solar/504_168/chronos2/instance/euclidean/1/fixed/run_0
2026-08-14 23:25:41,944 INFO [__main__] experiment done seconds=88.88
2026-08-14 23:25:41,944 INFO [__main__] ========================================================================
2026-08-14 23:25:45,124 INFO [__main__] extraction validation directory=/home/h61084/codes/adapts/outputs/extraction/Solar/504_168/chronos2/instance/euclidean/1/fixed/run_0 status=complete
2026-08-14T23:25:45+02:00 extraction done configuration=18/24 dataset=Solar model=chronos2 lags=504 horizon=168 retrieval=instance_euclidean_1_fixed
2026-08-14T23:25:45+02:00 skip complete family=extraction dataset=exchange_rate model=chronos2 lags=168 horizon=24 retrieval=vanilla run=/home/h61084/codes/adapts/outputs/extraction/exchange_rate/168_24/chronos2/none/none/0/none/run_1

2026-08-14T23:25:45+02:00 extraction start configuration=20/24 dataset=exchange_rate model=chronos2 lags=168 horizon=24 retrieval=instance_euclidean_1_fixed run=/home/h61084/codes/adapts/outputs/extraction/exchange_rate/168_24/chronos2/instance/euclidean/1/fixed/run_0 computation_signature=c2e76349934fa110c56024c3ecf5e4e3bae6068f3f706be0712e15266d96240b period=24 align_period=false datastore_stride=25 adapt_stride=25 eval_stride=127 max_store_windows=30000 seed=1
2026-08-14 23:25:47,999 INFO [__main__] ========================================================================
2026-08-14 23:25:48,000 INFO [__main__] experiment start kind=extraction dataset=exchange_rate model=chronos2 lags=168 horizon=24 neighbors=1 distance=instance/euclidean
2026-08-14 23:25:48,314 INFO [__main__] dataset load start
2026-08-14 23:25:48,316 INFO [src.data.load_dataset] loaded dataset config path=/home/h61084/codes/datasets/exchange_rate/config.json keys=['aggr', 'date_col', 'drop_users']
2026-08-14 23:25:48,332 INFO [__main__] dataset load done dates=7588 users=8
2026-08-14 23:25:48,332 INFO [__main__] model load start
2026-08-14 23:26:00,166 INFO [__main__] model load done name=chronos2 device=cuda parameters_total=119,477,664 parameters_trainable=0
2026-08-14 23:26:00,167 INFO [__main__] extraction start split=adapt queries=151
2026-08-14 23:26:07,355 INFO [__main__] extraction done split=adapt
2026-08-14 23:26:07,355 INFO [__main__] extraction start split=eval queries=12
2026-08-14 23:26:07,904 INFO [__main__] extraction done split=eval
2026-08-14 23:26:08,446 INFO [__main__] completion marker saved path=/home/h61084/codes/adapts/outputs/extraction/exchange_rate/168_24/chronos2/instance/euclidean/1/fixed/run_0/extraction_manifest.json
2026-08-14 23:26:08,446 INFO [__main__] outputs saved dir=/home/h61084/codes/adapts/outputs/extraction/exchange_rate/168_24/chronos2/instance/euclidean/1/fixed/run_0
2026-08-14 23:26:08,446 INFO [__main__] experiment done seconds=20.44
2026-08-14 23:26:08,446 INFO [__main__] ========================================================================
2026-08-14 23:26:11,174 INFO [__main__] extraction validation directory=/home/h61084/codes/adapts/outputs/extraction/exchange_rate/168_24/chronos2/instance/euclidean/1/fixed/run_0 status=complete
2026-08-14T23:26:11+02:00 extraction done configuration=20/24 dataset=exchange_rate model=chronos2 lags=168 horizon=24 retrieval=instance_euclidean_1_fixed
2026-08-14T23:26:11+02:00 skip complete family=extraction dataset=exchange_rate model=chronos2 lags=336 horizon=48 retrieval=vanilla run=/home/h61084/codes/adapts/outputs/extraction/exchange_rate/336_48/chronos2/none/none/0/none/run_1

2026-08-14T23:26:11+02:00 extraction start configuration=22/24 dataset=exchange_rate model=chronos2 lags=336 horizon=48 retrieval=instance_euclidean_1_fixed run=/home/h61084/codes/adapts/outputs/extraction/exchange_rate/336_48/chronos2/instance/euclidean/1/fixed/run_0 computation_signature=86c0b6fb0b11224bc5d7da1983cfb3a3f2360454498f4e0818bb948743e6a238 period=24 align_period=false datastore_stride=25 adapt_stride=25 eval_stride=127 max_store_windows=30000 seed=1
2026-08-14 23:26:14,188 INFO [__main__] ========================================================================
2026-08-14 23:26:14,188 INFO [__main__] experiment start kind=extraction dataset=exchange_rate model=chronos2 lags=336 horizon=48 neighbors=1 distance=instance/euclidean
2026-08-14 23:26:14,475 INFO [__main__] dataset load start
2026-08-14 23:26:14,476 INFO [src.data.load_dataset] loaded dataset config path=/home/h61084/codes/datasets/exchange_rate/config.json keys=['aggr', 'date_col', 'drop_users']
2026-08-14 23:26:14,492 INFO [__main__] dataset load done dates=7588 users=8
2026-08-14 23:26:14,492 INFO [__main__] model load start
2026-08-14 23:26:28,870 INFO [__main__] model load done name=chronos2 device=cuda parameters_total=119,477,664 parameters_trainable=0
2026-08-14 23:26:28,871 INFO [__main__] extraction start split=adapt queries=150
2026-08-14 23:26:37,299 INFO [__main__] extraction done split=adapt
2026-08-14 23:26:37,299 INFO [__main__] extraction start split=eval queries=12
2026-08-14 23:26:37,909 INFO [__main__] extraction done split=eval
2026-08-14 23:26:38,491 INFO [__main__] completion marker saved path=/home/h61084/codes/adapts/outputs/extraction/exchange_rate/336_48/chronos2/instance/euclidean/1/fixed/run_0/extraction_manifest.json
2026-08-14 23:26:38,491 INFO [__main__] outputs saved dir=/home/h61084/codes/adapts/outputs/extraction/exchange_rate/336_48/chronos2/instance/euclidean/1/fixed/run_0
2026-08-14 23:26:38,491 INFO [__main__] experiment done seconds=24.30
2026-08-14 23:26:38,491 INFO [__main__] ========================================================================
2026-08-14 23:26:41,205 INFO [__main__] extraction validation directory=/home/h61084/codes/adapts/outputs/extraction/exchange_rate/336_48/chronos2/instance/euclidean/1/fixed/run_0 status=complete
2026-08-14T23:26:41+02:00 extraction done configuration=22/24 dataset=exchange_rate model=chronos2 lags=336 horizon=48 retrieval=instance_euclidean_1_fixed
2026-08-14T23:26:41+02:00 skip complete family=extraction dataset=exchange_rate model=chronos2 lags=504 horizon=168 retrieval=vanilla run=/home/h61084/codes/adapts/outputs/extraction/exchange_rate/504_168/chronos2/none/none/0/none/run_1

2026-08-14T23:26:41+02:00 extraction start configuration=24/24 dataset=exchange_rate model=chronos2 lags=504 horizon=168 retrieval=instance_euclidean_1_fixed run=/home/h61084/codes/adapts/outputs/extraction/exchange_rate/504_168/chronos2/instance/euclidean/1/fixed/run_0 computation_signature=03092cf37dd1e015d09300240ed09e4542e602bd02b5768e9f2b28bd2476547b period=24 align_period=false datastore_stride=25 adapt_stride=25 eval_stride=127 max_store_windows=30000 seed=1
2026-08-14 23:26:44,308 INFO [__main__] ========================================================================
2026-08-14 23:26:44,308 INFO [__main__] experiment start kind=extraction dataset=exchange_rate model=chronos2 lags=504 horizon=168 neighbors=1 distance=instance/euclidean
2026-08-14 23:26:44,612 INFO [__main__] dataset load start
2026-08-14 23:26:44,613 INFO [src.data.load_dataset] loaded dataset config path=/home/h61084/codes/datasets/exchange_rate/config.json keys=['aggr', 'date_col', 'drop_users']
2026-08-14 23:26:44,630 INFO [__main__] dataset load done dates=7588 users=8
2026-08-14 23:26:44,630 INFO [__main__] model load start
2026-08-14 23:26:52,426 INFO [__main__] model load done name=chronos2 device=cuda parameters_total=119,477,664 parameters_trainable=0
2026-08-14 23:26:52,427 INFO [__main__] extraction start split=adapt queries=146
2026-08-14 23:27:01,320 INFO [__main__] extraction done split=adapt
2026-08-14 23:27:01,320 INFO [__main__] extraction start split=eval queries=11
2026-08-14 23:27:02,036 INFO [__main__] extraction done split=eval
2026-08-14 23:27:02,626 INFO [__main__] completion marker saved path=/home/h61084/codes/adapts/outputs/extraction/exchange_rate/504_168/chronos2/instance/euclidean/1/fixed/run_0/extraction_manifest.json
2026-08-14 23:27:02,626 INFO [__main__] outputs saved dir=/home/h61084/codes/adapts/outputs/extraction/exchange_rate/504_168/chronos2/instance/euclidean/1/fixed/run_0
2026-08-14 23:27:02,626 INFO [__main__] experiment done seconds=18.31
2026-08-14 23:27:02,626 INFO [__main__] ========================================================================
2026-08-14 23:27:05,547 INFO [__main__] extraction validation directory=/home/h61084/codes/adapts/outputs/extraction/exchange_rate/504_168/chronos2/instance/euclidean/1/fixed/run_0 status=complete
2026-08-14T23:27:05+02:00 extraction done configuration=24/24 dataset=exchange_rate model=chronos2 lags=504 horizon=168 retrieval=instance_euclidean_1_fixed

2026-08-14T23:27:05+02:00 job done kind=adaptation_extraction output=outputs/extraction

2026-08-14T23:27:05+02:00 job start kind=gates family=offline_datastore_ablation experiment_mode=full skip_complete=true tasks=12 datasets=Electricity,Traffic,Solar,exchange_rate models=chronos2 settings=168:24,336:48,504:168 distance_spaces=instance distance_metrics=euclidean neighbors=1 methods=catboost_avgy_regressor_shared,bayes_avgy_shared task_type=CPU thread_count=2 horizon_fits=serial allocated_cpus=16 results_root=outputs/adaptation/offline_datastore_ablation
2026-08-14 23:27:08,002 INFO [__main__] extraction validation directory=/home/h61084/codes/adapts/outputs/extraction/Electricity/168_24/chronos2/instance/euclidean/1/fixed/run_0 status=complete

2026-08-14T23:27:08+02:00 gates start configuration=1/12 dataset=Electricity model=chronos2 formula=catboost_avgy_regressor_shared lags=168 horizon=24 retrieval=instance_euclidean_1_fixed run=/home/h61084/codes/adapts/outputs/adaptation/offline_datastore_ablation/Electricity/168_24/chronos2/catboost_avgy_regressor_shared/instance/euclidean/1/fixed/run_0 computation_signature=ac95f12ae108e672bbec1ea32b6dd7e934296839aef988a857527c5fe05f56d3 iterations=300 learning_rate=0.03 depth=4 early_stopping_rounds=50 task_type=CPU thread_count=2 validation_fraction=0.2 seed=1
2026-08-14 23:27:10,899 INFO [__main__] ========================================================================
2026-08-14 23:27:10,899 INFO [__main__] selected methods=('catboost_avgy_regressor_shared',)
2026-08-14 23:27:16,218 INFO [__main__] gate fitting start candidate=avgy
2026-08-14 23:27:18,496 INFO [__main__] gate fitting done candidate=avgy
2026-08-14 23:27:19,087 INFO [__main__] experiment done seconds=8.18
2026-08-14 23:27:19,087 INFO [__main__] ========================================================================
2026-08-14T23:27:19+02:00 gates done configuration=1/12 dataset=Electricity model=chronos2 formula=catboost_avgy_regressor_shared lags=168 horizon=24 retrieval=instance_euclidean_1_fixed

2026-08-14T23:27:19+02:00 gates start configuration=1/12 dataset=Electricity model=chronos2 formula=bayes_avgy_shared lags=168 horizon=24 retrieval=instance_euclidean_1_fixed run=/home/h61084/codes/adapts/outputs/adaptation/offline_datastore_ablation/Electricity/168_24/chronos2/bayes_avgy_shared/instance/euclidean/1/fixed/run_0 computation_signature=639b11fe90ff51beebbeada10e8d5df58770b4e93acae6ef54c4d12023068792 iterations=300 learning_rate=0.03 depth=4 early_stopping_rounds=50 task_type=CPU thread_count=2 validation_fraction=0.2 seed=1
2026-08-14 23:27:22,068 INFO [__main__] ========================================================================
2026-08-14 23:27:22,068 INFO [__main__] selected methods=('bayes_avgy_shared',)
2026-08-14 23:27:24,444 INFO [__main__] gate fitting start candidate=avgy
2026-08-14 23:27:24,650 INFO [__main__] gate fitting done candidate=avgy
2026-08-14 23:27:24,689 INFO [__main__] experiment done seconds=2.62
2026-08-14 23:27:24,689 INFO [__main__] ========================================================================
2026-08-14T23:27:25+02:00 gates done configuration=1/12 dataset=Electricity model=chronos2 formula=bayes_avgy_shared lags=168 horizon=24 retrieval=instance_euclidean_1_fixed
2026-08-14 23:27:27,259 INFO [__main__] extraction validation directory=/home/h61084/codes/adapts/outputs/extraction/Electricity/336_48/chronos2/instance/euclidean/1/fixed/run_0 status=complete

2026-08-14T23:27:27+02:00 gates start configuration=2/12 dataset=Electricity model=chronos2 formula=catboost_avgy_regressor_shared lags=336 horizon=48 retrieval=instance_euclidean_1_fixed run=/home/h61084/codes/adapts/outputs/adaptation/offline_datastore_ablation/Electricity/336_48/chronos2/catboost_avgy_regressor_shared/instance/euclidean/1/fixed/run_0 computation_signature=14bb0c30ae4cf2c67dd914d338ec889d5b94d906a064a2c6322da7204426a059 iterations=300 learning_rate=0.03 depth=4 early_stopping_rounds=50 task_type=CPU thread_count=2 validation_fraction=0.2 seed=1
2026-08-14 23:27:30,110 INFO [__main__] ========================================================================
2026-08-14 23:27:30,110 INFO [__main__] selected methods=('catboost_avgy_regressor_shared',)
2026-08-14 23:27:37,062 INFO [__main__] gate fitting start candidate=avgy
2026-08-14 23:27:39,946 INFO [__main__] gate fitting done candidate=avgy
2026-08-14 23:27:40,523 INFO [__main__] experiment done seconds=10.41
2026-08-14 23:27:40,523 INFO [__main__] ========================================================================
2026-08-14T23:27:41+02:00 gates done configuration=2/12 dataset=Electricity model=chronos2 formula=catboost_avgy_regressor_shared lags=336 horizon=48 retrieval=instance_euclidean_1_fixed

2026-08-14T23:27:41+02:00 gates start configuration=2/12 dataset=Electricity model=chronos2 formula=bayes_avgy_shared lags=336 horizon=48 retrieval=instance_euclidean_1_fixed run=/home/h61084/codes/adapts/outputs/adaptation/offline_datastore_ablation/Electricity/336_48/chronos2/bayes_avgy_shared/instance/euclidean/1/fixed/run_0 computation_signature=37896278ce7ba2077feeac26be7fafa2a78d26b95b457bb7d5c2dcf8f99fc2cb iterations=300 learning_rate=0.03 depth=4 early_stopping_rounds=50 task_type=CPU thread_count=2 validation_fraction=0.2 seed=1
2026-08-14 23:27:43,616 INFO [__main__] ========================================================================
2026-08-14 23:27:43,616 INFO [__main__] selected methods=('bayes_avgy_shared',)
2026-08-14 23:27:46,435 INFO [__main__] gate fitting start candidate=avgy
2026-08-14 23:27:46,752 INFO [__main__] gate fitting done candidate=avgy
2026-08-14 23:27:46,787 INFO [__main__] experiment done seconds=3.17
2026-08-14 23:27:46,787 INFO [__main__] ========================================================================
2026-08-14T23:27:47+02:00 gates done configuration=2/12 dataset=Electricity model=chronos2 formula=bayes_avgy_shared lags=336 horizon=48 retrieval=instance_euclidean_1_fixed
2026-08-14 23:27:49,616 INFO [__main__] extraction validation directory=/home/h61084/codes/adapts/outputs/extraction/Electricity/504_168/chronos2/instance/euclidean/1/fixed/run_0 status=complete

2026-08-14T23:27:50+02:00 gates start configuration=3/12 dataset=Electricity model=chronos2 formula=catboost_avgy_regressor_shared lags=504 horizon=168 retrieval=instance_euclidean_1_fixed run=/home/h61084/codes/adapts/outputs/adaptation/offline_datastore_ablation/Electricity/504_168/chronos2/catboost_avgy_regressor_shared/instance/euclidean/1/fixed/run_0 computation_signature=6217ccab604f509ce7a35f943549752e635cd87c8967ddd7bdafa46c1fd29f15 iterations=300 learning_rate=0.03 depth=4 early_stopping_rounds=50 task_type=CPU thread_count=2 validation_fraction=0.2 seed=1
2026-08-14 23:27:52,515 INFO [__main__] ========================================================================
2026-08-14 23:27:52,516 INFO [__main__] selected methods=('catboost_avgy_regressor_shared',)
2026-08-14 23:28:06,343 INFO [__main__] gate fitting start candidate=avgy
2026-08-14 23:28:10,718 INFO [__main__] gate fitting done candidate=avgy
2026-08-14 23:28:11,362 INFO [__main__] experiment done seconds=18.84
2026-08-14 23:28:11,362 INFO [__main__] ========================================================================
2026-08-14T23:28:12+02:00 gates done configuration=3/12 dataset=Electricity model=chronos2 formula=catboost_avgy_regressor_shared lags=504 horizon=168 retrieval=instance_euclidean_1_fixed

2026-08-14T23:28:12+02:00 gates start configuration=3/12 dataset=Electricity model=chronos2 formula=bayes_avgy_shared lags=504 horizon=168 retrieval=instance_euclidean_1_fixed run=/home/h61084/codes/adapts/outputs/adaptation/offline_datastore_ablation/Electricity/504_168/chronos2/bayes_avgy_shared/instance/euclidean/1/fixed/run_0 computation_signature=db05b8e344b975957612c868180b1b7457e9bc29603501dfadc784cbaacc2298 iterations=300 learning_rate=0.03 depth=4 early_stopping_rounds=50 task_type=CPU thread_count=2 validation_fraction=0.2 seed=1
2026-08-14 23:28:14,917 INFO [__main__] ========================================================================
2026-08-14 23:28:14,917 INFO [__main__] selected methods=('bayes_avgy_shared',)
2026-08-14 23:28:19,679 INFO [__main__] gate fitting start candidate=avgy
2026-08-14 23:28:20,691 INFO [__main__] gate fitting done candidate=avgy
2026-08-14 23:28:20,720 INFO [__main__] experiment done seconds=5.80
2026-08-14 23:28:20,720 INFO [__main__] ========================================================================
2026-08-14T23:28:21+02:00 gates done configuration=3/12 dataset=Electricity model=chronos2 formula=bayes_avgy_shared lags=504 horizon=168 retrieval=instance_euclidean_1_fixed
2026-08-14 23:28:23,312 INFO [__main__] extraction validation directory=/home/h61084/codes/adapts/outputs/extraction/Traffic/168_24/chronos2/instance/euclidean/1/fixed/run_0 status=complete

2026-08-14T23:28:23+02:00 gates start configuration=4/12 dataset=Traffic model=chronos2 formula=catboost_avgy_regressor_shared lags=168 horizon=24 retrieval=instance_euclidean_1_fixed run=/home/h61084/codes/adapts/outputs/adaptation/offline_datastore_ablation/Traffic/168_24/chronos2/catboost_avgy_regressor_shared/instance/euclidean/1/fixed/run_0 computation_signature=7804974ddcb45090acfd40ff940fcb11f9a21bd6cff622506c30f32a981c2302 iterations=300 learning_rate=0.03 depth=4 early_stopping_rounds=50 task_type=CPU thread_count=2 validation_fraction=0.2 seed=1
2026-08-14 23:28:26,126 INFO [__main__] ========================================================================
2026-08-14 23:28:26,126 INFO [__main__] selected methods=('catboost_avgy_regressor_shared',)
2026-08-14 23:28:34,019 INFO [__main__] gate fitting start candidate=avgy
2026-08-14 23:28:38,145 INFO [__main__] gate fitting done candidate=avgy
2026-08-14 23:28:38,831 INFO [__main__] experiment done seconds=12.70
2026-08-14 23:28:38,832 INFO [__main__] ========================================================================
2026-08-14T23:28:39+02:00 gates done configuration=4/12 dataset=Traffic model=chronos2 formula=catboost_avgy_regressor_shared lags=168 horizon=24 retrieval=instance_euclidean_1_fixed

2026-08-14T23:28:39+02:00 gates start configuration=4/12 dataset=Traffic model=chronos2 formula=bayes_avgy_shared lags=168 horizon=24 retrieval=instance_euclidean_1_fixed run=/home/h61084/codes/adapts/outputs/adaptation/offline_datastore_ablation/Traffic/168_24/chronos2/bayes_avgy_shared/instance/euclidean/1/fixed/run_0 computation_signature=e0c33d8235c43ec31387481211dc3f69cbbabd6e0979af146ce7a8c41e61774a iterations=300 learning_rate=0.03 depth=4 early_stopping_rounds=50 task_type=CPU thread_count=2 validation_fraction=0.2 seed=1
2026-08-14 23:28:41,893 INFO [__main__] ========================================================================
2026-08-14 23:28:41,893 INFO [__main__] selected methods=('bayes_avgy_shared',)
2026-08-14 23:28:44,708 INFO [__main__] gate fitting start candidate=avgy
2026-08-14 23:28:45,006 INFO [__main__] gate fitting done candidate=avgy
2026-08-14 23:28:45,033 INFO [__main__] experiment done seconds=3.14
2026-08-14 23:28:45,033 INFO [__main__] ========================================================================
2026-08-14T23:28:45+02:00 gates done configuration=4/12 dataset=Traffic model=chronos2 formula=bayes_avgy_shared lags=168 horizon=24 retrieval=instance_euclidean_1_fixed
2026-08-14 23:28:47,602 INFO [__main__] extraction validation directory=/home/h61084/codes/adapts/outputs/extraction/Traffic/336_48/chronos2/instance/euclidean/1/fixed/run_0 status=complete

2026-08-14T23:28:48+02:00 gates start configuration=5/12 dataset=Traffic model=chronos2 formula=catboost_avgy_regressor_shared lags=336 horizon=48 retrieval=instance_euclidean_1_fixed run=/home/h61084/codes/adapts/outputs/adaptation/offline_datastore_ablation/Traffic/336_48/chronos2/catboost_avgy_regressor_shared/instance/euclidean/1/fixed/run_0 computation_signature=5fcfcd929acf5bd4f96e7cbd9768fcbacbfa50eabc16ca75ad70e7ddb5d83f44 iterations=300 learning_rate=0.03 depth=4 early_stopping_rounds=50 task_type=CPU thread_count=2 validation_fraction=0.2 seed=1
2026-08-14 23:28:50,836 INFO [__main__] ========================================================================
2026-08-14 23:28:50,836 INFO [__main__] selected methods=('catboost_avgy_regressor_shared',)
2026-08-14 23:29:03,588 INFO [__main__] gate fitting start candidate=avgy
2026-08-14 23:29:09,098 INFO [__main__] gate fitting done candidate=avgy
2026-08-14 23:29:09,827 INFO [__main__] experiment done seconds=18.99
2026-08-14 23:29:09,827 INFO [__main__] ========================================================================
2026-08-14T23:29:10+02:00 gates done configuration=5/12 dataset=Traffic model=chronos2 formula=catboost_avgy_regressor_shared lags=336 horizon=48 retrieval=instance_euclidean_1_fixed

2026-08-14T23:29:10+02:00 gates start configuration=5/12 dataset=Traffic model=chronos2 formula=bayes_avgy_shared lags=336 horizon=48 retrieval=instance_euclidean_1_fixed run=/home/h61084/codes/adapts/outputs/adaptation/offline_datastore_ablation/Traffic/336_48/chronos2/bayes_avgy_shared/instance/euclidean/1/fixed/run_0 computation_signature=7882f512d27ff66bfb173f41ff87daa9de079df6a57ec6b86186ad761df5f7ba iterations=300 learning_rate=0.03 depth=4 early_stopping_rounds=50 task_type=CPU thread_count=2 validation_fraction=0.2 seed=1
2026-08-14 23:29:13,876 INFO [__main__] ========================================================================
2026-08-14 23:29:13,876 INFO [__main__] selected methods=('bayes_avgy_shared',)
2026-08-14 23:29:18,559 INFO [__main__] gate fitting start candidate=avgy
2026-08-14 23:29:19,063 INFO [__main__] gate fitting done candidate=avgy
2026-08-14 23:29:19,109 INFO [__main__] experiment done seconds=5.23
2026-08-14 23:29:19,109 INFO [__main__] ========================================================================
2026-08-14T23:29:19+02:00 gates done configuration=5/12 dataset=Traffic model=chronos2 formula=bayes_avgy_shared lags=336 horizon=48 retrieval=instance_euclidean_1_fixed
2026-08-14 23:29:21,856 INFO [__main__] extraction validation directory=/home/h61084/codes/adapts/outputs/extraction/Traffic/504_168/chronos2/instance/euclidean/1/fixed/run_0 status=complete

2026-08-14T23:29:22+02:00 gates start configuration=6/12 dataset=Traffic model=chronos2 formula=catboost_avgy_regressor_shared lags=504 horizon=168 retrieval=instance_euclidean_1_fixed run=/home/h61084/codes/adapts/outputs/adaptation/offline_datastore_ablation/Traffic/504_168/chronos2/catboost_avgy_regressor_shared/instance/euclidean/1/fixed/run_0 computation_signature=1a7a0d53822b6faf51336cf71d3af7179e0799d6954ca7346a5d4c6f851cfacf iterations=300 learning_rate=0.03 depth=4 early_stopping_rounds=50 task_type=CPU thread_count=2 validation_fraction=0.2 seed=1
2026-08-14 23:29:24,613 INFO [__main__] ========================================================================
2026-08-14 23:29:24,613 INFO [__main__] selected methods=('catboost_avgy_regressor_shared',)
2026-08-14 23:29:50,027 INFO [__main__] gate fitting start candidate=avgy
2026-08-14 23:29:59,920 INFO [__main__] gate fitting done candidate=avgy
2026-08-14 23:30:00,625 INFO [__main__] experiment done seconds=36.01
2026-08-14 23:30:00,625 INFO [__main__] ========================================================================
2026-08-14T23:30:01+02:00 gates done configuration=6/12 dataset=Traffic model=chronos2 formula=catboost_avgy_regressor_shared lags=504 horizon=168 retrieval=instance_euclidean_1_fixed

2026-08-14T23:30:01+02:00 gates start configuration=6/12 dataset=Traffic model=chronos2 formula=bayes_avgy_shared lags=504 horizon=168 retrieval=instance_euclidean_1_fixed run=/home/h61084/codes/adapts/outputs/adaptation/offline_datastore_ablation/Traffic/504_168/chronos2/bayes_avgy_shared/instance/euclidean/1/fixed/run_0 computation_signature=21694bac739d22845a646bd185317bb550aa4340d9c948c4f1e5064c5633970a iterations=300 learning_rate=0.03 depth=4 early_stopping_rounds=50 task_type=CPU thread_count=2 validation_fraction=0.2 seed=1
2026-08-14 23:30:04,074 INFO [__main__] ========================================================================
2026-08-14 23:30:04,074 INFO [__main__] selected methods=('bayes_avgy_shared',)
2026-08-14 23:30:10,881 INFO [__main__] gate fitting start candidate=avgy
2026-08-14 23:30:12,431 INFO [__main__] gate fitting done candidate=avgy
2026-08-14 23:30:12,461 INFO [__main__] experiment done seconds=8.38
2026-08-14 23:30:12,462 INFO [__main__] ========================================================================
2026-08-14T23:30:13+02:00 gates done configuration=6/12 dataset=Traffic model=chronos2 formula=bayes_avgy_shared lags=504 horizon=168 retrieval=instance_euclidean_1_fixed
2026-08-14 23:30:15,162 INFO [__main__] extraction validation directory=/home/h61084/codes/adapts/outputs/extraction/Solar/168_24/chronos2/instance/euclidean/1/fixed/run_0 status=complete

2026-08-14T23:30:15+02:00 gates start configuration=7/12 dataset=Solar model=chronos2 formula=catboost_avgy_regressor_shared lags=168 horizon=24 retrieval=instance_euclidean_1_fixed run=/home/h61084/codes/adapts/outputs/adaptation/offline_datastore_ablation/Solar/168_24/chronos2/catboost_avgy_regressor_shared/instance/euclidean/1/fixed/run_0 computation_signature=975f604a5a4dcb995056647ec8be05cdd8a9a5a84001c7672b6194e2c5d7535b iterations=300 learning_rate=0.03 depth=4 early_stopping_rounds=50 task_type=CPU thread_count=2 validation_fraction=0.2 seed=1
2026-08-14 23:30:18,085 INFO [__main__] ========================================================================
2026-08-14 23:30:18,085 INFO [__main__] selected methods=('catboost_avgy_regressor_shared',)
2026-08-14 23:30:20,580 INFO [__main__] gate fitting start candidate=avgy
2026-08-14 23:30:22,032 INFO [__main__] gate fitting done candidate=avgy
2026-08-14 23:30:22,616 INFO [__main__] experiment done seconds=4.53
2026-08-14 23:30:22,616 INFO [__main__] ========================================================================
2026-08-14T23:30:23+02:00 gates done configuration=7/12 dataset=Solar model=chronos2 formula=catboost_avgy_regressor_shared lags=168 horizon=24 retrieval=instance_euclidean_1_fixed

2026-08-14T23:30:23+02:00 gates start configuration=7/12 dataset=Solar model=chronos2 formula=bayes_avgy_shared lags=168 horizon=24 retrieval=instance_euclidean_1_fixed run=/home/h61084/codes/adapts/outputs/adaptation/offline_datastore_ablation/Solar/168_24/chronos2/bayes_avgy_shared/instance/euclidean/1/fixed/run_0 computation_signature=aefd67f5b256644b36f9cb802ce52159e7b5c379c8407966a5664b4d89065ff0 iterations=300 learning_rate=0.03 depth=4 early_stopping_rounds=50 task_type=CPU thread_count=2 validation_fraction=0.2 seed=1
2026-08-14 23:30:25,907 INFO [__main__] ========================================================================
2026-08-14 23:30:25,907 INFO [__main__] selected methods=('bayes_avgy_shared',)
2026-08-14 23:30:27,587 INFO [__main__] gate fitting start candidate=avgy
2026-08-14 23:30:27,690 INFO [__main__] gate fitting done candidate=avgy
2026-08-14 23:30:27,719 INFO [__main__] experiment done seconds=1.81
2026-08-14 23:30:27,719 INFO [__main__] ========================================================================
2026-08-14T23:30:28+02:00 gates done configuration=7/12 dataset=Solar model=chronos2 formula=bayes_avgy_shared lags=168 horizon=24 retrieval=instance_euclidean_1_fixed
2026-08-14 23:30:30,406 INFO [__main__] extraction validation directory=/home/h61084/codes/adapts/outputs/extraction/Solar/336_48/chronos2/instance/euclidean/1/fixed/run_0 status=complete

2026-08-14T23:30:30+02:00 gates start configuration=8/12 dataset=Solar model=chronos2 formula=catboost_avgy_regressor_shared lags=336 horizon=48 retrieval=instance_euclidean_1_fixed run=/home/h61084/codes/adapts/outputs/adaptation/offline_datastore_ablation/Solar/336_48/chronos2/catboost_avgy_regressor_shared/instance/euclidean/1/fixed/run_0 computation_signature=c275b2b31c43360bc531b983874f355da85b0bdb32a25bd13554fd4531192c72 iterations=300 learning_rate=0.03 depth=4 early_stopping_rounds=50 task_type=CPU thread_count=2 validation_fraction=0.2 seed=1
2026-08-14 23:30:33,394 INFO [__main__] ========================================================================
2026-08-14 23:30:33,394 INFO [__main__] selected methods=('catboost_avgy_regressor_shared',)
2026-08-14 23:30:36,446 INFO [__main__] gate fitting start candidate=avgy
2026-08-14 23:30:38,067 INFO [__main__] gate fitting done candidate=avgy
2026-08-14 23:30:38,639 INFO [__main__] experiment done seconds=5.24
2026-08-14 23:30:38,639 INFO [__main__] ========================================================================
2026-08-14T23:30:39+02:00 gates done configuration=8/12 dataset=Solar model=chronos2 formula=catboost_avgy_regressor_shared lags=336 horizon=48 retrieval=instance_euclidean_1_fixed

2026-08-14T23:30:39+02:00 gates start configuration=8/12 dataset=Solar model=chronos2 formula=bayes_avgy_shared lags=336 horizon=48 retrieval=instance_euclidean_1_fixed run=/home/h61084/codes/adapts/outputs/adaptation/offline_datastore_ablation/Solar/336_48/chronos2/bayes_avgy_shared/instance/euclidean/1/fixed/run_0 computation_signature=f0051127f976e8ef99105da1858a99782cce2e15eaee6ac3af229fef59caf1fb iterations=300 learning_rate=0.03 depth=4 early_stopping_rounds=50 task_type=CPU thread_count=2 validation_fraction=0.2 seed=1
2026-08-14 23:30:41,725 INFO [__main__] ========================================================================
2026-08-14 23:30:41,725 INFO [__main__] selected methods=('bayes_avgy_shared',)
2026-08-14 23:30:43,804 INFO [__main__] gate fitting start candidate=avgy
2026-08-14 23:30:43,908 INFO [__main__] gate fitting done candidate=avgy
2026-08-14 23:30:43,946 INFO [__main__] experiment done seconds=2.22
2026-08-14 23:30:43,946 INFO [__main__] ========================================================================
2026-08-14T23:30:44+02:00 gates done configuration=8/12 dataset=Solar model=chronos2 formula=bayes_avgy_shared lags=336 horizon=48 retrieval=instance_euclidean_1_fixed
2026-08-14 23:30:47,179 INFO [__main__] extraction validation directory=/home/h61084/codes/adapts/outputs/extraction/Solar/504_168/chronos2/instance/euclidean/1/fixed/run_0 status=complete

2026-08-14T23:30:47+02:00 gates start configuration=9/12 dataset=Solar model=chronos2 formula=catboost_avgy_regressor_shared lags=504 horizon=168 retrieval=instance_euclidean_1_fixed run=/home/h61084/codes/adapts/outputs/adaptation/offline_datastore_ablation/Solar/504_168/chronos2/catboost_avgy_regressor_shared/instance/euclidean/1/fixed/run_0 computation_signature=e436ae1dfa97ebbb4e2018eb787a75f4382ab8f4c77580600aacf432ba59ae58 iterations=300 learning_rate=0.03 depth=4 early_stopping_rounds=50 task_type=CPU thread_count=2 validation_fraction=0.2 seed=1
2026-08-14 23:30:50,318 INFO [__main__] ========================================================================
2026-08-14 23:30:50,318 INFO [__main__] selected methods=('catboost_avgy_regressor_shared',)
2026-08-14 23:30:53,702 INFO [__main__] gate fitting start candidate=avgy
2026-08-14 23:30:55,545 INFO [__main__] gate fitting done candidate=avgy
2026-08-14 23:30:56,137 INFO [__main__] experiment done seconds=5.80
2026-08-14 23:30:56,137 INFO [__main__] ========================================================================
2026-08-14T23:30:56+02:00 gates done configuration=9/12 dataset=Solar model=chronos2 formula=catboost_avgy_regressor_shared lags=504 horizon=168 retrieval=instance_euclidean_1_fixed

2026-08-14T23:30:57+02:00 gates start configuration=9/12 dataset=Solar model=chronos2 formula=bayes_avgy_shared lags=504 horizon=168 retrieval=instance_euclidean_1_fixed run=/home/h61084/codes/adapts/outputs/adaptation/offline_datastore_ablation/Solar/504_168/chronos2/bayes_avgy_shared/instance/euclidean/1/fixed/run_0 computation_signature=90549311223fff2d0dbcbe52e3aa9fe75ccfc7122c25643314ed00fd6b9265e6 iterations=300 learning_rate=0.03 depth=4 early_stopping_rounds=50 task_type=CPU thread_count=2 validation_fraction=0.2 seed=1
2026-08-14 23:30:59,468 INFO [__main__] ========================================================================
2026-08-14 23:30:59,468 INFO [__main__] selected methods=('bayes_avgy_shared',)
2026-08-14 23:31:01,462 INFO [__main__] gate fitting start candidate=avgy
2026-08-14 23:31:01,661 INFO [__main__] gate fitting done candidate=avgy
2026-08-14 23:31:01,689 INFO [__main__] experiment done seconds=2.22
2026-08-14 23:31:01,689 INFO [__main__] ========================================================================
2026-08-14T23:31:02+02:00 gates done configuration=9/12 dataset=Solar model=chronos2 formula=bayes_avgy_shared lags=504 horizon=168 retrieval=instance_euclidean_1_fixed
2026-08-14 23:31:04,433 INFO [__main__] extraction validation directory=/home/h61084/codes/adapts/outputs/extraction/exchange_rate/168_24/chronos2/instance/euclidean/1/fixed/run_0 status=complete

2026-08-14T23:31:05+02:00 gates start configuration=10/12 dataset=exchange_rate model=chronos2 formula=catboost_avgy_regressor_shared lags=168 horizon=24 retrieval=instance_euclidean_1_fixed run=/home/h61084/codes/adapts/outputs/adaptation/offline_datastore_ablation/exchange_rate/168_24/chronos2/catboost_avgy_regressor_shared/instance/euclidean/1/fixed/run_0 computation_signature=cb55da64d66f2d968a25fb09a725f6116853edbc5f33026e6295aa3e42b77605 iterations=300 learning_rate=0.03 depth=4 early_stopping_rounds=50 task_type=CPU thread_count=2 validation_fraction=0.2 seed=1
2026-08-14 23:31:07,752 INFO [__main__] ========================================================================
2026-08-14 23:31:07,753 INFO [__main__] selected methods=('catboost_avgy_regressor_shared',)
2026-08-14 23:31:09,450 INFO [__main__] gate fitting start candidate=avgy
2026-08-14 23:31:10,720 INFO [__main__] gate fitting done candidate=avgy
2026-08-14 23:31:11,349 INFO [__main__] experiment done seconds=3.59
2026-08-14 23:31:11,349 INFO [__main__] ========================================================================
2026-08-14T23:31:12+02:00 gates done configuration=10/12 dataset=exchange_rate model=chronos2 formula=catboost_avgy_regressor_shared lags=168 horizon=24 retrieval=instance_euclidean_1_fixed

2026-08-14T23:31:12+02:00 gates start configuration=10/12 dataset=exchange_rate model=chronos2 formula=bayes_avgy_shared lags=168 horizon=24 retrieval=instance_euclidean_1_fixed run=/home/h61084/codes/adapts/outputs/adaptation/offline_datastore_ablation/exchange_rate/168_24/chronos2/bayes_avgy_shared/instance/euclidean/1/fixed/run_0 computation_signature=cc089607b77e29a426f4fd56972e3366ae06bdd0cde72dd3a943924a070fd260 iterations=300 learning_rate=0.03 depth=4 early_stopping_rounds=50 task_type=CPU thread_count=2 validation_fraction=0.2 seed=1
2026-08-14 23:31:14,522 INFO [__main__] ========================================================================
2026-08-14 23:31:14,522 INFO [__main__] selected methods=('bayes_avgy_shared',)
2026-08-14 23:31:16,124 INFO [__main__] gate fitting start candidate=avgy
2026-08-14 23:31:16,181 INFO [__main__] gate fitting done candidate=avgy
2026-08-14 23:31:16,210 INFO [__main__] experiment done seconds=1.69
2026-08-14 23:31:16,210 INFO [__main__] ========================================================================
2026-08-14T23:31:16+02:00 gates done configuration=10/12 dataset=exchange_rate model=chronos2 formula=bayes_avgy_shared lags=168 horizon=24 retrieval=instance_euclidean_1_fixed
2026-08-14 23:31:18,908 INFO [__main__] extraction validation directory=/home/h61084/codes/adapts/outputs/extraction/exchange_rate/336_48/chronos2/instance/euclidean/1/fixed/run_0 status=complete

2026-08-14T23:31:19+02:00 gates start configuration=11/12 dataset=exchange_rate model=chronos2 formula=catboost_avgy_regressor_shared lags=336 horizon=48 retrieval=instance_euclidean_1_fixed run=/home/h61084/codes/adapts/outputs/adaptation/offline_datastore_ablation/exchange_rate/336_48/chronos2/catboost_avgy_regressor_shared/instance/euclidean/1/fixed/run_0 computation_signature=0b5b19c6816cb93df17939affd5a010125e5f94cc7060f9abaa6dd1a9583c1ae iterations=300 learning_rate=0.03 depth=4 early_stopping_rounds=50 task_type=CPU thread_count=2 validation_fraction=0.2 seed=1
2026-08-14 23:31:21,944 INFO [__main__] ========================================================================
2026-08-14 23:31:21,945 INFO [__main__] selected methods=('catboost_avgy_regressor_shared',)
2026-08-14 23:31:24,157 INFO [__main__] gate fitting start candidate=avgy
2026-08-14 23:31:25,369 INFO [__main__] gate fitting done candidate=avgy
2026-08-14 23:31:26,003 INFO [__main__] experiment done seconds=4.05
2026-08-14 23:31:26,003 INFO [__main__] ========================================================================
2026-08-14T23:31:26+02:00 gates done configuration=11/12 dataset=exchange_rate model=chronos2 formula=catboost_avgy_regressor_shared lags=336 horizon=48 retrieval=instance_euclidean_1_fixed

2026-08-14T23:31:26+02:00 gates start configuration=11/12 dataset=exchange_rate model=chronos2 formula=bayes_avgy_shared lags=336 horizon=48 retrieval=instance_euclidean_1_fixed run=/home/h61084/codes/adapts/outputs/adaptation/offline_datastore_ablation/exchange_rate/336_48/chronos2/bayes_avgy_shared/instance/euclidean/1/fixed/run_0 computation_signature=27f26735a86c3d573d40d4e62fb1d88b0f698e2b06b7ef339951e363f0ef9c8d iterations=300 learning_rate=0.03 depth=4 early_stopping_rounds=50 task_type=CPU thread_count=2 validation_fraction=0.2 seed=1
2026-08-14 23:31:29,600 INFO [__main__] ========================================================================
2026-08-14 23:31:29,601 INFO [__main__] selected methods=('bayes_avgy_shared',)
2026-08-14 23:31:31,325 INFO [__main__] gate fitting start candidate=avgy
2026-08-14 23:31:31,387 INFO [__main__] gate fitting done candidate=avgy
2026-08-14 23:31:31,415 INFO [__main__] experiment done seconds=1.81
2026-08-14 23:31:31,415 INFO [__main__] ========================================================================
2026-08-14T23:31:31+02:00 gates done configuration=11/12 dataset=exchange_rate model=chronos2 formula=bayes_avgy_shared lags=336 horizon=48 retrieval=instance_euclidean_1_fixed
2026-08-14 23:31:34,122 INFO [__main__] extraction validation directory=/home/h61084/codes/adapts/outputs/extraction/exchange_rate/504_168/chronos2/instance/euclidean/1/fixed/run_0 status=complete

2026-08-14T23:31:34+02:00 gates start configuration=12/12 dataset=exchange_rate model=chronos2 formula=catboost_avgy_regressor_shared lags=504 horizon=168 retrieval=instance_euclidean_1_fixed run=/home/h61084/codes/adapts/outputs/adaptation/offline_datastore_ablation/exchange_rate/504_168/chronos2/catboost_avgy_regressor_shared/instance/euclidean/1/fixed/run_0 computation_signature=b0913a594609c8864dbc18bfa151b6f546b04a2ffa6a1ae6b4b07187b002c811 iterations=300 learning_rate=0.03 depth=4 early_stopping_rounds=50 task_type=CPU thread_count=2 validation_fraction=0.2 seed=1
2026-08-14 23:31:37,014 INFO [__main__] ========================================================================
2026-08-14 23:31:37,014 INFO [__main__] selected methods=('catboost_avgy_regressor_shared',)
2026-08-14 23:31:38,845 INFO [__main__] gate fitting start candidate=avgy
2026-08-14 23:31:40,169 INFO [__main__] gate fitting done candidate=avgy
2026-08-14 23:31:40,761 INFO [__main__] experiment done seconds=3.74
2026-08-14 23:31:40,761 INFO [__main__] ========================================================================
2026-08-14T23:31:41+02:00 gates done configuration=12/12 dataset=exchange_rate model=chronos2 formula=catboost_avgy_regressor_shared lags=504 horizon=168 retrieval=instance_euclidean_1_fixed

2026-08-14T23:31:41+02:00 gates start configuration=12/12 dataset=exchange_rate model=chronos2 formula=bayes_avgy_shared lags=504 horizon=168 retrieval=instance_euclidean_1_fixed run=/home/h61084/codes/adapts/outputs/adaptation/offline_datastore_ablation/exchange_rate/504_168/chronos2/bayes_avgy_shared/instance/euclidean/1/fixed/run_0 computation_signature=2bffcc359b553d476f657f0861590dafcec04ce721caf321faf1593090ca827f iterations=300 learning_rate=0.03 depth=4 early_stopping_rounds=50 task_type=CPU thread_count=2 validation_fraction=0.2 seed=1
2026-08-14 23:31:44,325 INFO [__main__] ========================================================================
2026-08-14 23:31:44,326 INFO [__main__] selected methods=('bayes_avgy_shared',)
2026-08-14 23:31:46,014 INFO [__main__] gate fitting start candidate=avgy
2026-08-14 23:31:46,082 INFO [__main__] gate fitting done candidate=avgy
2026-08-14 23:31:46,109 INFO [__main__] experiment done seconds=1.78
2026-08-14 23:31:46,109 INFO [__main__] ========================================================================
2026-08-14T23:31:46+02:00 gates done configuration=12/12 dataset=exchange_rate model=chronos2 formula=bayes_avgy_shared lags=504 horizon=168 retrieval=instance_euclidean_1_fixed

2026-08-14T23:31:46+02:00 job done kind=gates output=outputs/adaptation/offline_datastore_ablation

2026-08-14T23:31:46+02:00 job start kind=adaptation_extraction family=offline_datastore_ablation experiment_mode=full skip_complete=true tasks=24 datasets=Electricity,Traffic,Solar,exchange_rate models=chronos2 settings=168:24,336:48,504:168 distance_spaces=raw distance_metrics=euclidean neighbors=1
2026-08-14T23:31:46+02:00 skip complete family=extraction dataset=Electricity model=chronos2 lags=168 horizon=24 retrieval=vanilla run=/home/h61084/codes/adapts/outputs/extraction/Electricity/168_24/chronos2/none/none/0/none/run_1
2026-08-14T23:31:46+02:00 skip complete family=extraction dataset=Electricity model=chronos2 lags=168 horizon=24 retrieval=raw_euclidean_1_fixed run=/home/h61084/codes/adapts/outputs/extraction/Electricity/168_24/chronos2/raw/euclidean/1/fixed/run_0
2026-08-14T23:31:46+02:00 skip complete family=extraction dataset=Electricity model=chronos2 lags=336 horizon=48 retrieval=vanilla run=/home/h61084/codes/adapts/outputs/extraction/Electricity/336_48/chronos2/none/none/0/none/run_1
2026-08-14T23:31:46+02:00 skip complete family=extraction dataset=Electricity model=chronos2 lags=336 horizon=48 retrieval=raw_euclidean_1_fixed run=/home/h61084/codes/adapts/outputs/extraction/Electricity/336_48/chronos2/raw/euclidean/1/fixed/run_0
2026-08-14T23:31:47+02:00 skip complete family=extraction dataset=Electricity model=chronos2 lags=504 horizon=168 retrieval=vanilla run=/home/h61084/codes/adapts/outputs/extraction/Electricity/504_168/chronos2/none/none/0/none/run_2
2026-08-14T23:31:47+02:00 skip complete family=extraction dataset=Electricity model=chronos2 lags=504 horizon=168 retrieval=raw_euclidean_1_fixed run=/home/h61084/codes/adapts/outputs/extraction/Electricity/504_168/chronos2/raw/euclidean/1/fixed/run_0
2026-08-14T23:31:47+02:00 skip complete family=extraction dataset=Traffic model=chronos2 lags=168 horizon=24 retrieval=vanilla run=/home/h61084/codes/adapts/outputs/extraction/Traffic/168_24/chronos2/none/none/0/none/run_1
2026-08-14T23:31:47+02:00 skip complete family=extraction dataset=Traffic model=chronos2 lags=168 horizon=24 retrieval=raw_euclidean_1_fixed run=/home/h61084/codes/adapts/outputs/extraction/Traffic/168_24/chronos2/raw/euclidean/1/fixed/run_0
2026-08-14T23:31:47+02:00 skip complete family=extraction dataset=Traffic model=chronos2 lags=336 horizon=48 retrieval=vanilla run=/home/h61084/codes/adapts/outputs/extraction/Traffic/336_48/chronos2/none/none/0/none/run_1
2026-08-14T23:31:47+02:00 skip complete family=extraction dataset=Traffic model=chronos2 lags=336 horizon=48 retrieval=raw_euclidean_1_fixed run=/home/h61084/codes/adapts/outputs/extraction/Traffic/336_48/chronos2/raw/euclidean/1/fixed/run_0
2026-08-14T23:31:47+02:00 skip complete family=extraction dataset=Traffic model=chronos2 lags=504 horizon=168 retrieval=vanilla run=/home/h61084/codes/adapts/outputs/extraction/Traffic/504_168/chronos2/none/none/0/none/run_1
2026-08-14T23:31:47+02:00 skip complete family=extraction dataset=Traffic model=chronos2 lags=504 horizon=168 retrieval=raw_euclidean_1_fixed run=/home/h61084/codes/adapts/outputs/extraction/Traffic/504_168/chronos2/raw/euclidean/1/fixed/run_0
2026-08-14T23:31:47+02:00 skip complete family=extraction dataset=Solar model=chronos2 lags=168 horizon=24 retrieval=vanilla run=/home/h61084/codes/adapts/outputs/extraction/Solar/168_24/chronos2/none/none/0/none/run_1
2026-08-14T23:31:47+02:00 skip complete family=extraction dataset=Solar model=chronos2 lags=168 horizon=24 retrieval=raw_euclidean_1_fixed run=/home/h61084/codes/adapts/outputs/extraction/Solar/168_24/chronos2/raw/euclidean/1/fixed/run_0
2026-08-14T23:31:47+02:00 skip complete family=extraction dataset=Solar model=chronos2 lags=336 horizon=48 retrieval=vanilla run=/home/h61084/codes/adapts/outputs/extraction/Solar/336_48/chronos2/none/none/0/none/run_1
2026-08-14T23:31:47+02:00 skip complete family=extraction dataset=Solar model=chronos2 lags=336 horizon=48 retrieval=raw_euclidean_1_fixed run=/home/h61084/codes/adapts/outputs/extraction/Solar/336_48/chronos2/raw/euclidean/1/fixed/run_0
2026-08-14T23:31:48+02:00 skip complete family=extraction dataset=Solar model=chronos2 lags=504 horizon=168 retrieval=vanilla run=/home/h61084/codes/adapts/outputs/extraction/Solar/504_168/chronos2/none/none/0/none/run_1
2026-08-14T23:31:48+02:00 skip complete family=extraction dataset=Solar model=chronos2 lags=504 horizon=168 retrieval=raw_euclidean_1_fixed run=/home/h61084/codes/adapts/outputs/extraction/Solar/504_168/chronos2/raw/euclidean/1/fixed/run_0
2026-08-14T23:31:48+02:00 skip complete family=extraction dataset=exchange_rate model=chronos2 lags=168 horizon=24 retrieval=vanilla run=/home/h61084/codes/adapts/outputs/extraction/exchange_rate/168_24/chronos2/none/none/0/none/run_1
2026-08-14T23:31:48+02:00 skip complete family=extraction dataset=exchange_rate model=chronos2 lags=168 horizon=24 retrieval=raw_euclidean_1_fixed run=/home/h61084/codes/adapts/outputs/extraction/exchange_rate/168_24/chronos2/raw/euclidean/1/fixed/run_0
2026-08-14T23:31:48+02:00 skip complete family=extraction dataset=exchange_rate model=chronos2 lags=336 horizon=48 retrieval=vanilla run=/home/h61084/codes/adapts/outputs/extraction/exchange_rate/336_48/chronos2/none/none/0/none/run_1
2026-08-14T23:31:48+02:00 skip complete family=extraction dataset=exchange_rate model=chronos2 lags=336 horizon=48 retrieval=raw_euclidean_1_fixed run=/home/h61084/codes/adapts/outputs/extraction/exchange_rate/336_48/chronos2/raw/euclidean/1/fixed/run_0
2026-08-14T23:31:48+02:00 skip complete family=extraction dataset=exchange_rate model=chronos2 lags=504 horizon=168 retrieval=vanilla run=/home/h61084/codes/adapts/outputs/extraction/exchange_rate/504_168/chronos2/none/none/0/none/run_1
2026-08-14T23:31:48+02:00 skip complete family=extraction dataset=exchange_rate model=chronos2 lags=504 horizon=168 retrieval=raw_euclidean_1_fixed run=/home/h61084/codes/adapts/outputs/extraction/exchange_rate/504_168/chronos2/raw/euclidean/1/fixed/run_0

2026-08-14T23:31:48+02:00 job done kind=adaptation_extraction output=outputs/extraction

2026-08-14T23:31:48+02:00 job start kind=baselines family=offline_datastore_ablation experiment_mode=full skip_complete=true tasks=12 datasets=Electricity,Traffic,Solar,exchange_rate models=chronos2 settings=168:24,336:48,504:168 distance_spaces=raw distance_metrics=euclidean neighbors=1 methods=full_ridge_shared results_root=outputs/adaptation/offline_datastore_ablation
2026-08-14 23:31:50,636 INFO [__main__] extraction validation directory=/home/h61084/codes/adapts/outputs/extraction/Electricity/168_24/chronos2/raw/euclidean/1/fixed/run_0 status=complete

2026-08-14T23:31:51+02:00 baselines start configuration=1/12 dataset=Electricity model=chronos2 formula=full_ridge_shared lags=168 horizon=24 retrieval=raw_euclidean_1_fixed run=/home/h61084/codes/adapts/outputs/adaptation/offline_datastore_ablation/Electricity/168_24/chronos2/full_ridge_shared/raw/euclidean/1/fixed/run_0 computation_signature=a1bc792b205bdd37a92ac6d0e9a0fbe2df1ea34eda96b1a13a823b468d83a543 l2_grid=0,1e-6,1e-5,1e-4,1e-3,1e-2,1e-1,1,10 validation_fraction=0.2 fit_baselines_on_eval=false seed=1
2026-08-14 23:31:53,861 INFO [__main__] ========================================================================
2026-08-14 23:31:53,861 INFO [__main__] selected methods=('full_ridge_shared',)
2026-08-14 23:31:59,286 INFO [__main__] baseline selection start l2_grid=(0.0, 1e-06, 1e-05, 0.0001, 0.001, 0.01, 0.1, 1.0, 10.0)
2026-08-14 23:31:59,793 INFO [__main__] baseline selection done
2026-08-14 23:31:59,816 INFO [__main__] experiment done seconds=5.95
2026-08-14 23:31:59,816 INFO [__main__] ========================================================================
2026-08-14T23:32:00+02:00 baselines done configuration=1/12 dataset=Electricity model=chronos2 formula=full_ridge_shared lags=168 horizon=24 retrieval=raw_euclidean_1_fixed
2026-08-14 23:32:02,468 INFO [__main__] extraction validation directory=/home/h61084/codes/adapts/outputs/extraction/Electricity/336_48/chronos2/raw/euclidean/1/fixed/run_0 status=complete

2026-08-14T23:32:03+02:00 baselines start configuration=2/12 dataset=Electricity model=chronos2 formula=full_ridge_shared lags=336 horizon=48 retrieval=raw_euclidean_1_fixed run=/home/h61084/codes/adapts/outputs/adaptation/offline_datastore_ablation/Electricity/336_48/chronos2/full_ridge_shared/raw/euclidean/1/fixed/run_0 computation_signature=513251e126df082c2e098b17cce803ee5e915e3585383a4b9443d578bad36a3b l2_grid=0,1e-6,1e-5,1e-4,1e-3,1e-2,1e-1,1,10 validation_fraction=0.2 fit_baselines_on_eval=false seed=1
2026-08-14 23:32:05,311 INFO [__main__] ========================================================================
2026-08-14 23:32:05,311 INFO [__main__] selected methods=('full_ridge_shared',)
2026-08-14 23:32:12,303 INFO [__main__] baseline selection start l2_grid=(0.0, 1e-06, 1e-05, 0.0001, 0.001, 0.01, 0.1, 1.0, 10.0)
2026-08-14 23:32:13,206 INFO [__main__] baseline selection done
2026-08-14 23:32:13,230 INFO [__main__] experiment done seconds=7.92
2026-08-14 23:32:13,230 INFO [__main__] ========================================================================
2026-08-14T23:32:13+02:00 baselines done configuration=2/12 dataset=Electricity model=chronos2 formula=full_ridge_shared lags=336 horizon=48 retrieval=raw_euclidean_1_fixed
2026-08-14 23:32:16,072 INFO [__main__] extraction validation directory=/home/h61084/codes/adapts/outputs/extraction/Electricity/504_168/chronos2/raw/euclidean/1/fixed/run_0 status=complete

2026-08-14T23:32:16+02:00 baselines start configuration=3/12 dataset=Electricity model=chronos2 formula=full_ridge_shared lags=504 horizon=168 retrieval=raw_euclidean_1_fixed run=/home/h61084/codes/adapts/outputs/adaptation/offline_datastore_ablation/Electricity/504_168/chronos2/full_ridge_shared/raw/euclidean/1/fixed/run_0 computation_signature=3eab43a652108b89ba2e44a1b8ef19962289db8f0980405fb23a9ad3cc3554aa l2_grid=0,1e-6,1e-5,1e-4,1e-3,1e-2,1e-1,1,10 validation_fraction=0.2 fit_baselines_on_eval=false seed=1
2026-08-14 23:32:19,320 INFO [__main__] ========================================================================
2026-08-14 23:32:19,320 INFO [__main__] selected methods=('full_ridge_shared',)
2026-08-14 23:32:31,073 INFO [__main__] baseline selection start l2_grid=(0.0, 1e-06, 1e-05, 0.0001, 0.001, 0.01, 0.1, 1.0, 10.0)
2026-08-14 23:32:34,067 INFO [__main__] baseline selection done
2026-08-14 23:32:34,092 INFO [__main__] experiment done seconds=14.77
2026-08-14 23:32:34,092 INFO [__main__] ========================================================================
2026-08-14T23:32:34+02:00 baselines done configuration=3/12 dataset=Electricity model=chronos2 formula=full_ridge_shared lags=504 horizon=168 retrieval=raw_euclidean_1_fixed
2026-08-14 23:32:36,776 INFO [__main__] extraction validation directory=/home/h61084/codes/adapts/outputs/extraction/Traffic/168_24/chronos2/raw/euclidean/1/fixed/run_0 status=complete

2026-08-14T23:32:37+02:00 baselines start configuration=4/12 dataset=Traffic model=chronos2 formula=full_ridge_shared lags=168 horizon=24 retrieval=raw_euclidean_1_fixed run=/home/h61084/codes/adapts/outputs/adaptation/offline_datastore_ablation/Traffic/168_24/chronos2/full_ridge_shared/raw/euclidean/1/fixed/run_0 computation_signature=decad5673d75244bbc8a0eec9e2c6ddd7d31b49a80e402e4399b30ae31e59735 l2_grid=0,1e-6,1e-5,1e-4,1e-3,1e-2,1e-1,1,10 validation_fraction=0.2 fit_baselines_on_eval=false seed=1
2026-08-14 23:32:39,815 INFO [__main__] ========================================================================
2026-08-14 23:32:39,815 INFO [__main__] selected methods=('full_ridge_shared',)
2026-08-14 23:32:46,851 INFO [__main__] baseline selection start l2_grid=(0.0, 1e-06, 1e-05, 0.0001, 0.001, 0.01, 0.1, 1.0, 10.0)
2026-08-14 23:32:47,668 INFO [__main__] baseline selection done
2026-08-14 23:32:47,689 INFO [__main__] experiment done seconds=7.87
2026-08-14 23:32:47,690 INFO [__main__] ========================================================================
2026-08-14T23:32:48+02:00 baselines done configuration=4/12 dataset=Traffic model=chronos2 formula=full_ridge_shared lags=168 horizon=24 retrieval=raw_euclidean_1_fixed
2026-08-14 23:32:50,747 INFO [__main__] extraction validation directory=/home/h61084/codes/adapts/outputs/extraction/Traffic/336_48/chronos2/raw/euclidean/1/fixed/run_0 status=complete

2026-08-14T23:32:51+02:00 baselines start configuration=5/12 dataset=Traffic model=chronos2 formula=full_ridge_shared lags=336 horizon=48 retrieval=raw_euclidean_1_fixed run=/home/h61084/codes/adapts/outputs/adaptation/offline_datastore_ablation/Traffic/336_48/chronos2/full_ridge_shared/raw/euclidean/1/fixed/run_0 computation_signature=52345aec44793595648f0c611d3643d322bb0ea26b286409daddb9a43c70b77d l2_grid=0,1e-6,1e-5,1e-4,1e-3,1e-2,1e-1,1,10 validation_fraction=0.2 fit_baselines_on_eval=false seed=1
2026-08-14 23:32:53,791 INFO [__main__] ========================================================================
2026-08-14 23:32:53,792 INFO [__main__] selected methods=('full_ridge_shared',)
2026-08-14 23:33:05,940 INFO [__main__] baseline selection start l2_grid=(0.0, 1e-06, 1e-05, 0.0001, 0.001, 0.01, 0.1, 1.0, 10.0)
2026-08-14 23:33:07,575 INFO [__main__] baseline selection done
2026-08-14 23:33:07,602 INFO [__main__] experiment done seconds=13.81
2026-08-14 23:33:07,602 INFO [__main__] ========================================================================
2026-08-14T23:33:08+02:00 baselines done configuration=5/12 dataset=Traffic model=chronos2 formula=full_ridge_shared lags=336 horizon=48 retrieval=raw_euclidean_1_fixed
2026-08-14 23:33:10,368 INFO [__main__] extraction validation directory=/home/h61084/codes/adapts/outputs/extraction/Traffic/504_168/chronos2/raw/euclidean/1/fixed/run_0 status=complete

2026-08-14T23:33:10+02:00 baselines start configuration=6/12 dataset=Traffic model=chronos2 formula=full_ridge_shared lags=504 horizon=168 retrieval=raw_euclidean_1_fixed run=/home/h61084/codes/adapts/outputs/adaptation/offline_datastore_ablation/Traffic/504_168/chronos2/full_ridge_shared/raw/euclidean/1/fixed/run_0 computation_signature=8f1178e1715567e69fe0110162b815529f3b884b985d5a56d01372fa790d8efd l2_grid=0,1e-6,1e-5,1e-4,1e-3,1e-2,1e-1,1,10 validation_fraction=0.2 fit_baselines_on_eval=false seed=1
2026-08-14 23:33:13,491 INFO [__main__] ========================================================================
2026-08-14 23:33:13,491 INFO [__main__] selected methods=('full_ridge_shared',)
2026-08-14 23:33:35,820 INFO [__main__] baseline selection start l2_grid=(0.0, 1e-06, 1e-05, 0.0001, 0.001, 0.01, 0.1, 1.0, 10.0)
2026-08-14 23:33:41,057 INFO [__main__] baseline selection done
2026-08-14 23:33:41,087 INFO [__main__] experiment done seconds=27.59
2026-08-14 23:33:41,087 INFO [__main__] ========================================================================
2026-08-14T23:33:41+02:00 baselines done configuration=6/12 dataset=Traffic model=chronos2 formula=full_ridge_shared lags=504 horizon=168 retrieval=raw_euclidean_1_fixed
2026-08-14 23:33:43,785 INFO [__main__] extraction validation directory=/home/h61084/codes/adapts/outputs/extraction/Solar/168_24/chronos2/raw/euclidean/1/fixed/run_0 status=complete

2026-08-14T23:33:44+02:00 baselines start configuration=7/12 dataset=Solar model=chronos2 formula=full_ridge_shared lags=168 horizon=24 retrieval=raw_euclidean_1_fixed run=/home/h61084/codes/adapts/outputs/adaptation/offline_datastore_ablation/Solar/168_24/chronos2/full_ridge_shared/raw/euclidean/1/fixed/run_0 computation_signature=2efb22ca7f0919cc7536c00b2fce828e01c82671fa408d4e93f68ca197cabde4 l2_grid=0,1e-6,1e-5,1e-4,1e-3,1e-2,1e-1,1,10 validation_fraction=0.2 fit_baselines_on_eval=false seed=1
2026-08-14 23:33:46,741 INFO [__main__] ========================================================================
2026-08-14 23:33:46,741 INFO [__main__] selected methods=('full_ridge_shared',)
2026-08-14 23:33:48,885 INFO [__main__] baseline selection start l2_grid=(0.0, 1e-06, 1e-05, 0.0001, 0.001, 0.01, 0.1, 1.0, 10.0)
2026-08-14 23:33:49,090 INFO [__main__] baseline selection done
2026-08-14 23:33:49,114 INFO [__main__] experiment done seconds=2.37
2026-08-14 23:33:49,114 INFO [__main__] ========================================================================
2026-08-14T23:33:49+02:00 baselines done configuration=7/12 dataset=Solar model=chronos2 formula=full_ridge_shared lags=168 horizon=24 retrieval=raw_euclidean_1_fixed
2026-08-14 23:33:51,741 INFO [__main__] extraction validation directory=/home/h61084/codes/adapts/outputs/extraction/Solar/336_48/chronos2/raw/euclidean/1/fixed/run_0 status=complete

2026-08-14T23:33:52+02:00 baselines start configuration=8/12 dataset=Solar model=chronos2 formula=full_ridge_shared lags=336 horizon=48 retrieval=raw_euclidean_1_fixed run=/home/h61084/codes/adapts/outputs/adaptation/offline_datastore_ablation/Solar/336_48/chronos2/full_ridge_shared/raw/euclidean/1/fixed/run_0 computation_signature=9e0815fc36c82f3871410997deea91774a0234142830e61977b03d6977d7e9ed l2_grid=0,1e-6,1e-5,1e-4,1e-3,1e-2,1e-1,1,10 validation_fraction=0.2 fit_baselines_on_eval=false seed=1
2026-08-14 23:33:54,834 INFO [__main__] ========================================================================
2026-08-14 23:33:54,834 INFO [__main__] selected methods=('full_ridge_shared',)
2026-08-14 23:33:57,598 INFO [__main__] baseline selection start l2_grid=(0.0, 1e-06, 1e-05, 0.0001, 0.001, 0.01, 0.1, 1.0, 10.0)
2026-08-14 23:33:57,854 INFO [__main__] baseline selection done
2026-08-14 23:33:57,879 INFO [__main__] experiment done seconds=3.04
2026-08-14 23:33:57,879 INFO [__main__] ========================================================================
2026-08-14T23:33:58+02:00 baselines done configuration=8/12 dataset=Solar model=chronos2 formula=full_ridge_shared lags=336 horizon=48 retrieval=raw_euclidean_1_fixed
2026-08-14 23:34:00,533 INFO [__main__] extraction validation directory=/home/h61084/codes/adapts/outputs/extraction/Solar/504_168/chronos2/raw/euclidean/1/fixed/run_0 status=complete

2026-08-14T23:34:01+02:00 baselines start configuration=9/12 dataset=Solar model=chronos2 formula=full_ridge_shared lags=504 horizon=168 retrieval=raw_euclidean_1_fixed run=/home/h61084/codes/adapts/outputs/adaptation/offline_datastore_ablation/Solar/504_168/chronos2/full_ridge_shared/raw/euclidean/1/fixed/run_0 computation_signature=370945ad06193386b78a5227990aca483826185329a9ed030a541315eae6108b l2_grid=0,1e-6,1e-5,1e-4,1e-3,1e-2,1e-1,1,10 validation_fraction=0.2 fit_baselines_on_eval=false seed=1
2026-08-14 23:34:03,524 INFO [__main__] ========================================================================
2026-08-14 23:34:03,524 INFO [__main__] selected methods=('full_ridge_shared',)
2026-08-14 23:34:07,046 INFO [__main__] baseline selection start l2_grid=(0.0, 1e-06, 1e-05, 0.0001, 0.001, 0.01, 0.1, 1.0, 10.0)
2026-08-14 23:34:07,564 INFO [__main__] baseline selection done
2026-08-14 23:34:07,589 INFO [__main__] experiment done seconds=4.06
2026-08-14 23:34:07,589 INFO [__main__] ========================================================================
2026-08-14T23:34:08+02:00 baselines done configuration=9/12 dataset=Solar model=chronos2 formula=full_ridge_shared lags=504 horizon=168 retrieval=raw_euclidean_1_fixed
2026-08-14 23:34:10,133 INFO [__main__] extraction validation directory=/home/h61084/codes/adapts/outputs/extraction/exchange_rate/168_24/chronos2/raw/euclidean/1/fixed/run_0 status=complete

2026-08-14T23:34:10+02:00 baselines start configuration=10/12 dataset=exchange_rate model=chronos2 formula=full_ridge_shared lags=168 horizon=24 retrieval=raw_euclidean_1_fixed run=/home/h61084/codes/adapts/outputs/adaptation/offline_datastore_ablation/exchange_rate/168_24/chronos2/full_ridge_shared/raw/euclidean/1/fixed/run_0 computation_signature=3ae5e8d20b02025cc501aff1bb45f19f932cbcfec4c284da149d1963cfc0e9aa l2_grid=0,1e-6,1e-5,1e-4,1e-3,1e-2,1e-1,1,10 validation_fraction=0.2 fit_baselines_on_eval=false seed=1
2026-08-14 23:34:13,301 INFO [__main__] ========================================================================
2026-08-14 23:34:13,301 INFO [__main__] selected methods=('full_ridge_shared',)
2026-08-14 23:34:14,964 INFO [__main__] baseline selection start l2_grid=(0.0, 1e-06, 1e-05, 0.0001, 0.001, 0.01, 0.1, 1.0, 10.0)
2026-08-14 23:34:15,076 INFO [__main__] baseline selection done
2026-08-14 23:34:15,099 INFO [__main__] experiment done seconds=1.79
2026-08-14 23:34:15,099 INFO [__main__] ========================================================================
2026-08-14T23:34:15+02:00 baselines done configuration=10/12 dataset=exchange_rate model=chronos2 formula=full_ridge_shared lags=168 horizon=24 retrieval=raw_euclidean_1_fixed
2026-08-14 23:34:17,673 INFO [__main__] extraction validation directory=/home/h61084/codes/adapts/outputs/extraction/exchange_rate/336_48/chronos2/raw/euclidean/1/fixed/run_0 status=complete

2026-08-14T23:34:18+02:00 baselines start configuration=11/12 dataset=exchange_rate model=chronos2 formula=full_ridge_shared lags=336 horizon=48 retrieval=raw_euclidean_1_fixed run=/home/h61084/codes/adapts/outputs/adaptation/offline_datastore_ablation/exchange_rate/336_48/chronos2/full_ridge_shared/raw/euclidean/1/fixed/run_0 computation_signature=3c29ed89fef5e2be796dea794cc52ce835ff17133b52e7b4d3cc0f1072f98f78 l2_grid=0,1e-6,1e-5,1e-4,1e-3,1e-2,1e-1,1,10 validation_fraction=0.2 fit_baselines_on_eval=false seed=1
2026-08-14 23:34:20,670 INFO [__main__] ========================================================================
2026-08-14 23:34:20,671 INFO [__main__] selected methods=('full_ridge_shared',)
2026-08-14 23:34:22,531 INFO [__main__] baseline selection start l2_grid=(0.0, 1e-06, 1e-05, 0.0001, 0.001, 0.01, 0.1, 1.0, 10.0)
2026-08-14 23:34:22,647 INFO [__main__] baseline selection done
2026-08-14 23:34:22,669 INFO [__main__] experiment done seconds=2.00
2026-08-14 23:34:22,669 INFO [__main__] ========================================================================
2026-08-14T23:34:23+02:00 baselines done configuration=11/12 dataset=exchange_rate model=chronos2 formula=full_ridge_shared lags=336 horizon=48 retrieval=raw_euclidean_1_fixed
2026-08-14 23:34:25,364 INFO [__main__] extraction validation directory=/home/h61084/codes/adapts/outputs/extraction/exchange_rate/504_168/chronos2/raw/euclidean/1/fixed/run_0 status=complete

2026-08-14T23:34:25+02:00 baselines start configuration=12/12 dataset=exchange_rate model=chronos2 formula=full_ridge_shared lags=504 horizon=168 retrieval=raw_euclidean_1_fixed run=/home/h61084/codes/adapts/outputs/adaptation/offline_datastore_ablation/exchange_rate/504_168/chronos2/full_ridge_shared/raw/euclidean/1/fixed/run_0 computation_signature=d2c1aae2eb6207ca12e2327be6cc3174fe3bf64c2a251e93b352a0e93902c57e l2_grid=0,1e-6,1e-5,1e-4,1e-3,1e-2,1e-1,1,10 validation_fraction=0.2 fit_baselines_on_eval=false seed=1
2026-08-14 23:34:28,445 INFO [__main__] ========================================================================
2026-08-14 23:34:28,445 INFO [__main__] selected methods=('full_ridge_shared',)
2026-08-14 23:34:30,164 INFO [__main__] baseline selection start l2_grid=(0.0, 1e-06, 1e-05, 0.0001, 0.001, 0.01, 0.1, 1.0, 10.0)
2026-08-14 23:34:30,305 INFO [__main__] baseline selection done
2026-08-14 23:34:30,330 INFO [__main__] experiment done seconds=1.88
2026-08-14 23:34:30,331 INFO [__main__] ========================================================================
2026-08-14T23:34:30+02:00 baselines done configuration=12/12 dataset=exchange_rate model=chronos2 formula=full_ridge_shared lags=504 horizon=168 retrieval=raw_euclidean_1_fixed

2026-08-14T23:34:30+02:00 job done kind=baselines output=outputs/adaptation/offline_datastore_ablation

2026-08-14T23:34:30+02:00 job start kind=adaptation_extraction family=offline_datastore_ablation experiment_mode=full skip_complete=true tasks=24 datasets=Electricity,Traffic,Solar,exchange_rate models=chronos2 settings=168:24,336:48,504:168 distance_spaces=raw distance_metrics=euclidean neighbors=1
2026-08-14T23:34:30+02:00 skip complete family=extraction dataset=Electricity model=chronos2 lags=168 horizon=24 retrieval=vanilla run=/home/h61084/codes/adapts/outputs/extraction/Electricity/168_24/chronos2/none/none/0/none/run_1
2026-08-14T23:34:30+02:00 skip complete family=extraction dataset=Electricity model=chronos2 lags=168 horizon=24 retrieval=raw_euclidean_1_online run=/home/h61084/codes/adapts/outputs/extraction/Electricity/168_24/chronos2/raw/euclidean/1/online/run_1
2026-08-14T23:34:31+02:00 skip complete family=extraction dataset=Electricity model=chronos2 lags=336 horizon=48 retrieval=vanilla run=/home/h61084/codes/adapts/outputs/extraction/Electricity/336_48/chronos2/none/none/0/none/run_1
2026-08-14T23:34:31+02:00 skip complete family=extraction dataset=Electricity model=chronos2 lags=336 horizon=48 retrieval=raw_euclidean_1_online run=/home/h61084/codes/adapts/outputs/extraction/Electricity/336_48/chronos2/raw/euclidean/1/online/run_1
2026-08-14T23:34:31+02:00 skip complete family=extraction dataset=Electricity model=chronos2 lags=504 horizon=168 retrieval=vanilla run=/home/h61084/codes/adapts/outputs/extraction/Electricity/504_168/chronos2/none/none/0/none/run_2
2026-08-14T23:34:31+02:00 skip complete family=extraction dataset=Electricity model=chronos2 lags=504 horizon=168 retrieval=raw_euclidean_1_online run=/home/h61084/codes/adapts/outputs/extraction/Electricity/504_168/chronos2/raw/euclidean/1/online/run_1
2026-08-14T23:34:31+02:00 skip complete family=extraction dataset=Traffic model=chronos2 lags=168 horizon=24 retrieval=vanilla run=/home/h61084/codes/adapts/outputs/extraction/Traffic/168_24/chronos2/none/none/0/none/run_1
2026-08-14T23:34:31+02:00 skip complete family=extraction dataset=Traffic model=chronos2 lags=168 horizon=24 retrieval=raw_euclidean_1_online run=/home/h61084/codes/adapts/outputs/extraction/Traffic/168_24/chronos2/raw/euclidean/1/online/run_1
2026-08-14T23:34:31+02:00 skip complete family=extraction dataset=Traffic model=chronos2 lags=336 horizon=48 retrieval=vanilla run=/home/h61084/codes/adapts/outputs/extraction/Traffic/336_48/chronos2/none/none/0/none/run_1
2026-08-14T23:34:31+02:00 skip complete family=extraction dataset=Traffic model=chronos2 lags=336 horizon=48 retrieval=raw_euclidean_1_online run=/home/h61084/codes/adapts/outputs/extraction/Traffic/336_48/chronos2/raw/euclidean/1/online/run_1
2026-08-14T23:34:31+02:00 skip complete family=extraction dataset=Traffic model=chronos2 lags=504 horizon=168 retrieval=vanilla run=/home/h61084/codes/adapts/outputs/extraction/Traffic/504_168/chronos2/none/none/0/none/run_1
2026-08-14T23:34:31+02:00 skip complete family=extraction dataset=Traffic model=chronos2 lags=504 horizon=168 retrieval=raw_euclidean_1_online run=/home/h61084/codes/adapts/outputs/extraction/Traffic/504_168/chronos2/raw/euclidean/1/online/run_1
2026-08-14T23:34:31+02:00 skip complete family=extraction dataset=Solar model=chronos2 lags=168 horizon=24 retrieval=vanilla run=/home/h61084/codes/adapts/outputs/extraction/Solar/168_24/chronos2/none/none/0/none/run_1
2026-08-14T23:34:31+02:00 skip complete family=extraction dataset=Solar model=chronos2 lags=168 horizon=24 retrieval=raw_euclidean_1_online run=/home/h61084/codes/adapts/outputs/extraction/Solar/168_24/chronos2/raw/euclidean/1/online/run_1
2026-08-14T23:34:31+02:00 skip complete family=extraction dataset=Solar model=chronos2 lags=336 horizon=48 retrieval=vanilla run=/home/h61084/codes/adapts/outputs/extraction/Solar/336_48/chronos2/none/none/0/none/run_1
2026-08-14T23:34:31+02:00 skip complete family=extraction dataset=Solar model=chronos2 lags=336 horizon=48 retrieval=raw_euclidean_1_online run=/home/h61084/codes/adapts/outputs/extraction/Solar/336_48/chronos2/raw/euclidean/1/online/run_1
2026-08-14T23:34:32+02:00 skip complete family=extraction dataset=Solar model=chronos2 lags=504 horizon=168 retrieval=vanilla run=/home/h61084/codes/adapts/outputs/extraction/Solar/504_168/chronos2/none/none/0/none/run_1
2026-08-14T23:34:32+02:00 skip complete family=extraction dataset=Solar model=chronos2 lags=504 horizon=168 retrieval=raw_euclidean_1_online run=/home/h61084/codes/adapts/outputs/extraction/Solar/504_168/chronos2/raw/euclidean/1/online/run_1
2026-08-14T23:34:32+02:00 skip complete family=extraction dataset=exchange_rate model=chronos2 lags=168 horizon=24 retrieval=vanilla run=/home/h61084/codes/adapts/outputs/extraction/exchange_rate/168_24/chronos2/none/none/0/none/run_1
2026-08-14T23:34:32+02:00 skip complete family=extraction dataset=exchange_rate model=chronos2 lags=168 horizon=24 retrieval=raw_euclidean_1_online run=/home/h61084/codes/adapts/outputs/extraction/exchange_rate/168_24/chronos2/raw/euclidean/1/online/run_1
2026-08-14T23:34:32+02:00 skip complete family=extraction dataset=exchange_rate model=chronos2 lags=336 horizon=48 retrieval=vanilla run=/home/h61084/codes/adapts/outputs/extraction/exchange_rate/336_48/chronos2/none/none/0/none/run_1
2026-08-14T23:34:32+02:00 skip complete family=extraction dataset=exchange_rate model=chronos2 lags=336 horizon=48 retrieval=raw_euclidean_1_online run=/home/h61084/codes/adapts/outputs/extraction/exchange_rate/336_48/chronos2/raw/euclidean/1/online/run_1
2026-08-14T23:34:32+02:00 skip complete family=extraction dataset=exchange_rate model=chronos2 lags=504 horizon=168 retrieval=vanilla run=/home/h61084/codes/adapts/outputs/extraction/exchange_rate/504_168/chronos2/none/none/0/none/run_1
2026-08-14T23:34:32+02:00 skip complete family=extraction dataset=exchange_rate model=chronos2 lags=504 horizon=168 retrieval=raw_euclidean_1_online run=/home/h61084/codes/adapts/outputs/extraction/exchange_rate/504_168/chronos2/raw/euclidean/1/online/run_1

2026-08-14T23:34:32+02:00 job done kind=adaptation_extraction output=outputs/extraction

2026-08-14T23:34:32+02:00 job start kind=baselines family=offline_datastore_ablation experiment_mode=full skip_complete=true tasks=12 datasets=Electricity,Traffic,Solar,exchange_rate models=chronos2 settings=168:24,336:48,504:168 distance_spaces=raw distance_metrics=euclidean neighbors=1 methods=full_ridge_shared results_root=outputs/adaptation/offline_datastore_ablation
2026-08-14 23:34:34,716 INFO [__main__] extraction validation directory=/home/h61084/codes/adapts/outputs/extraction/Electricity/168_24/chronos2/raw/euclidean/1/online/run_1 status=complete

2026-08-14T23:34:35+02:00 baselines start configuration=1/12 dataset=Electricity model=chronos2 formula=full_ridge_shared lags=168 horizon=24 retrieval=raw_euclidean_1_online run=/home/h61084/codes/adapts/outputs/adaptation/offline_datastore_ablation/Electricity/168_24/chronos2/full_ridge_shared/raw/euclidean/1/online/run_0 computation_signature=9a253b68f22090e6d56202aaf696ec796e86ec616d975e021d82f9ae35887004 l2_grid=0,1e-6,1e-5,1e-4,1e-3,1e-2,1e-1,1,10 validation_fraction=0.2 fit_baselines_on_eval=false seed=1
2026-08-14 23:34:37,868 INFO [__main__] ========================================================================
2026-08-14 23:34:37,868 INFO [__main__] selected methods=('full_ridge_shared',)
2026-08-14 23:34:40,013 INFO [__main__] baseline selection start l2_grid=(0.0, 1e-06, 1e-05, 0.0001, 0.001, 0.01, 0.1, 1.0, 10.0)
2026-08-14 23:34:40,569 INFO [__main__] baseline selection done
2026-08-14 23:34:40,597 INFO [__main__] experiment done seconds=2.73
2026-08-14 23:34:40,597 INFO [__main__] ========================================================================
2026-08-14T23:34:41+02:00 baselines done configuration=1/12 dataset=Electricity model=chronos2 formula=full_ridge_shared lags=168 horizon=24 retrieval=raw_euclidean_1_online
2026-08-14 23:34:43,544 INFO [__main__] extraction validation directory=/home/h61084/codes/adapts/outputs/extraction/Electricity/336_48/chronos2/raw/euclidean/1/online/run_1 status=complete

2026-08-14T23:34:44+02:00 baselines start configuration=2/12 dataset=Electricity model=chronos2 formula=full_ridge_shared lags=336 horizon=48 retrieval=raw_euclidean_1_online run=/home/h61084/codes/adapts/outputs/adaptation/offline_datastore_ablation/Electricity/336_48/chronos2/full_ridge_shared/raw/euclidean/1/online/run_0 computation_signature=8df5c446b6cd78d7463f919b60942f49bad0f6763aab1a867421bb3961c6aa2e l2_grid=0,1e-6,1e-5,1e-4,1e-3,1e-2,1e-1,1,10 validation_fraction=0.2 fit_baselines_on_eval=false seed=1
2026-08-14 23:34:46,633 INFO [__main__] ========================================================================
2026-08-14 23:34:46,633 INFO [__main__] selected methods=('full_ridge_shared',)
2026-08-14 23:34:49,206 INFO [__main__] baseline selection start l2_grid=(0.0, 1e-06, 1e-05, 0.0001, 0.001, 0.01, 0.1, 1.0, 10.0)
2026-08-14 23:34:50,121 INFO [__main__] baseline selection done
2026-08-14 23:34:50,144 INFO [__main__] experiment done seconds=3.51
2026-08-14 23:34:50,144 INFO [__main__] ========================================================================
2026-08-14T23:34:50+02:00 baselines done configuration=2/12 dataset=Electricity model=chronos2 formula=full_ridge_shared lags=336 horizon=48 retrieval=raw_euclidean_1_online
2026-08-14 23:34:52,845 INFO [__main__] extraction validation directory=/home/h61084/codes/adapts/outputs/extraction/Electricity/504_168/chronos2/raw/euclidean/1/online/run_1 status=complete

2026-08-14T23:34:53+02:00 baselines start configuration=3/12 dataset=Electricity model=chronos2 formula=full_ridge_shared lags=504 horizon=168 retrieval=raw_euclidean_1_online run=/home/h61084/codes/adapts/outputs/adaptation/offline_datastore_ablation/Electricity/504_168/chronos2/full_ridge_shared/raw/euclidean/1/online/run_0 computation_signature=3c4eaffec801c70331cb1e6af6bf3c99d5e6e1f60930254de142e460bf96e742 l2_grid=0,1e-6,1e-5,1e-4,1e-3,1e-2,1e-1,1,10 validation_fraction=0.2 fit_baselines_on_eval=false seed=1
2026-08-14 23:34:55,933 INFO [__main__] ========================================================================
2026-08-14 23:34:55,934 INFO [__main__] selected methods=('full_ridge_shared',)
2026-08-14 23:34:59,131 INFO [__main__] baseline selection start l2_grid=(0.0, 1e-06, 1e-05, 0.0001, 0.001, 0.01, 0.1, 1.0, 10.0)
2026-08-14 23:35:01,954 INFO [__main__] baseline selection done
2026-08-14 23:35:01,984 INFO [__main__] experiment done seconds=6.04
2026-08-14 23:35:01,984 INFO [__main__] ========================================================================
2026-08-14T23:35:02+02:00 baselines done configuration=3/12 dataset=Electricity model=chronos2 formula=full_ridge_shared lags=504 horizon=168 retrieval=raw_euclidean_1_online
2026-08-14 23:35:04,738 INFO [__main__] extraction validation directory=/home/h61084/codes/adapts/outputs/extraction/Traffic/168_24/chronos2/raw/euclidean/1/online/run_1 status=complete

2026-08-14T23:35:05+02:00 baselines start configuration=4/12 dataset=Traffic model=chronos2 formula=full_ridge_shared lags=168 horizon=24 retrieval=raw_euclidean_1_online run=/home/h61084/codes/adapts/outputs/adaptation/offline_datastore_ablation/Traffic/168_24/chronos2/full_ridge_shared/raw/euclidean/1/online/run_0 computation_signature=0b5cbe483c74e205c89348d876e44b7f8e8c27a5b08c6cbd29d5a1c5c0334b58 l2_grid=0,1e-6,1e-5,1e-4,1e-3,1e-2,1e-1,1,10 validation_fraction=0.2 fit_baselines_on_eval=false seed=1
2026-08-14 23:35:08,146 INFO [__main__] ========================================================================
2026-08-14 23:35:08,146 INFO [__main__] selected methods=('full_ridge_shared',)
2026-08-14 23:35:11,020 INFO [__main__] baseline selection start l2_grid=(0.0, 1e-06, 1e-05, 0.0001, 0.001, 0.01, 0.1, 1.0, 10.0)
2026-08-14 23:35:11,873 INFO [__main__] baseline selection done
2026-08-14 23:35:11,899 INFO [__main__] experiment done seconds=3.75
2026-08-14 23:35:11,899 INFO [__main__] ========================================================================
2026-08-14T23:35:12+02:00 baselines done configuration=4/12 dataset=Traffic model=chronos2 formula=full_ridge_shared lags=168 horizon=24 retrieval=raw_euclidean_1_online
2026-08-14 23:35:15,130 INFO [__main__] extraction validation directory=/home/h61084/codes/adapts/outputs/extraction/Traffic/336_48/chronos2/raw/euclidean/1/online/run_1 status=complete

2026-08-14T23:35:15+02:00 baselines start configuration=5/12 dataset=Traffic model=chronos2 formula=full_ridge_shared lags=336 horizon=48 retrieval=raw_euclidean_1_online run=/home/h61084/codes/adapts/outputs/adaptation/offline_datastore_ablation/Traffic/336_48/chronos2/full_ridge_shared/raw/euclidean/1/online/run_0 computation_signature=5f7f35dabff97fc477dd54c47382fdc72ab7da078182c00862a79b7dea305ef2 l2_grid=0,1e-6,1e-5,1e-4,1e-3,1e-2,1e-1,1,10 validation_fraction=0.2 fit_baselines_on_eval=false seed=1
2026-08-14 23:35:17,971 INFO [__main__] ========================================================================
2026-08-14 23:35:17,972 INFO [__main__] selected methods=('full_ridge_shared',)
2026-08-14 23:35:21,071 INFO [__main__] baseline selection start l2_grid=(0.0, 1e-06, 1e-05, 0.0001, 0.001, 0.01, 0.1, 1.0, 10.0)
2026-08-14 23:35:22,626 INFO [__main__] baseline selection done
2026-08-14 23:35:22,656 INFO [__main__] experiment done seconds=4.68
2026-08-14 23:35:22,656 INFO [__main__] ========================================================================
2026-08-14T23:35:23+02:00 baselines done configuration=5/12 dataset=Traffic model=chronos2 formula=full_ridge_shared lags=336 horizon=48 retrieval=raw_euclidean_1_online
2026-08-14 23:35:25,592 INFO [__main__] extraction validation directory=/home/h61084/codes/adapts/outputs/extraction/Traffic/504_168/chronos2/raw/euclidean/1/online/run_1 status=complete

2026-08-14T23:35:26+02:00 baselines start configuration=6/12 dataset=Traffic model=chronos2 formula=full_ridge_shared lags=504 horizon=168 retrieval=raw_euclidean_1_online run=/home/h61084/codes/adapts/outputs/adaptation/offline_datastore_ablation/Traffic/504_168/chronos2/full_ridge_shared/raw/euclidean/1/online/run_0 computation_signature=61455bb702aafb51ba1d277f88c757fdd3b24973e1896c197df982c536c2a96f l2_grid=0,1e-6,1e-5,1e-4,1e-3,1e-2,1e-1,1,10 validation_fraction=0.2 fit_baselines_on_eval=false seed=1
2026-08-14 23:35:28,448 INFO [__main__] ========================================================================
2026-08-14 23:35:28,448 INFO [__main__] selected methods=('full_ridge_shared',)
2026-08-14 23:35:32,406 INFO [__main__] baseline selection start l2_grid=(0.0, 1e-06, 1e-05, 0.0001, 0.001, 0.01, 0.1, 1.0, 10.0)
2026-08-14 23:35:37,604 INFO [__main__] baseline selection done
2026-08-14 23:35:37,630 INFO [__main__] experiment done seconds=9.18
2026-08-14 23:35:37,630 INFO [__main__] ========================================================================
2026-08-14T23:35:38+02:00 baselines done configuration=6/12 dataset=Traffic model=chronos2 formula=full_ridge_shared lags=504 horizon=168 retrieval=raw_euclidean_1_online
2026-08-14 23:35:40,369 INFO [__main__] extraction validation directory=/home/h61084/codes/adapts/outputs/extraction/Solar/168_24/chronos2/raw/euclidean/1/online/run_1 status=complete

2026-08-14T23:35:40+02:00 baselines start configuration=7/12 dataset=Solar model=chronos2 formula=full_ridge_shared lags=168 horizon=24 retrieval=raw_euclidean_1_online run=/home/h61084/codes/adapts/outputs/adaptation/offline_datastore_ablation/Solar/168_24/chronos2/full_ridge_shared/raw/euclidean/1/online/run_0 computation_signature=b59d92cacb645d18d111fa00f0d346a27c46728d5ba7efd2e56faa7da6c35616 l2_grid=0,1e-6,1e-5,1e-4,1e-3,1e-2,1e-1,1,10 validation_fraction=0.2 fit_baselines_on_eval=false seed=1
2026-08-14 23:35:43,440 INFO [__main__] ========================================================================
2026-08-14 23:35:43,440 INFO [__main__] selected methods=('full_ridge_shared',)
2026-08-14 23:35:45,168 INFO [__main__] baseline selection start l2_grid=(0.0, 1e-06, 1e-05, 0.0001, 0.001, 0.01, 0.1, 1.0, 10.0)
2026-08-14 23:35:45,351 INFO [__main__] baseline selection done
2026-08-14 23:35:45,375 INFO [__main__] experiment done seconds=1.93
2026-08-14 23:35:45,375 INFO [__main__] ========================================================================
2026-08-14T23:35:45+02:00 baselines done configuration=7/12 dataset=Solar model=chronos2 formula=full_ridge_shared lags=168 horizon=24 retrieval=raw_euclidean_1_online
2026-08-14 23:35:48,141 INFO [__main__] extraction validation directory=/home/h61084/codes/adapts/outputs/extraction/Solar/336_48/chronos2/raw/euclidean/1/online/run_1 status=complete

2026-08-14T23:35:48+02:00 baselines start configuration=8/12 dataset=Solar model=chronos2 formula=full_ridge_shared lags=336 horizon=48 retrieval=raw_euclidean_1_online run=/home/h61084/codes/adapts/outputs/adaptation/offline_datastore_ablation/Solar/336_48/chronos2/full_ridge_shared/raw/euclidean/1/online/run_0 computation_signature=a19315f7f27f6f871ce132a09ee5fbd14b406e93c244eec08caa3381b0645809 l2_grid=0,1e-6,1e-5,1e-4,1e-3,1e-2,1e-1,1,10 validation_fraction=0.2 fit_baselines_on_eval=false seed=1
2026-08-14 23:35:51,195 INFO [__main__] ========================================================================
2026-08-14 23:35:51,195 INFO [__main__] selected methods=('full_ridge_shared',)
2026-08-14 23:35:52,883 INFO [__main__] baseline selection start l2_grid=(0.0, 1e-06, 1e-05, 0.0001, 0.001, 0.01, 0.1, 1.0, 10.0)
2026-08-14 23:35:53,158 INFO [__main__] baseline selection done
2026-08-14 23:35:53,181 INFO [__main__] experiment done seconds=1.98
2026-08-14 23:35:53,182 INFO [__main__] ========================================================================
2026-08-14T23:35:53+02:00 baselines done configuration=8/12 dataset=Solar model=chronos2 formula=full_ridge_shared lags=336 horizon=48 retrieval=raw_euclidean_1_online
2026-08-14 23:35:56,063 INFO [__main__] extraction validation directory=/home/h61084/codes/adapts/outputs/extraction/Solar/504_168/chronos2/raw/euclidean/1/online/run_1 status=complete

2026-08-14T23:35:56+02:00 baselines start configuration=9/12 dataset=Solar model=chronos2 formula=full_ridge_shared lags=504 horizon=168 retrieval=raw_euclidean_1_online run=/home/h61084/codes/adapts/outputs/adaptation/offline_datastore_ablation/Solar/504_168/chronos2/full_ridge_shared/raw/euclidean/1/online/run_0 computation_signature=0446cce572f96b6b29d1957e1935267384a23c539e76465bd5b567118fbc71ca l2_grid=0,1e-6,1e-5,1e-4,1e-3,1e-2,1e-1,1,10 validation_fraction=0.2 fit_baselines_on_eval=false seed=1
2026-08-14 23:35:59,140 INFO [__main__] ========================================================================
2026-08-14 23:35:59,140 INFO [__main__] selected methods=('full_ridge_shared',)
2026-08-14 23:36:00,871 INFO [__main__] baseline selection start l2_grid=(0.0, 1e-06, 1e-05, 0.0001, 0.001, 0.01, 0.1, 1.0, 10.0)
2026-08-14 23:36:01,420 INFO [__main__] baseline selection done
2026-08-14 23:36:01,444 INFO [__main__] experiment done seconds=2.30
2026-08-14 23:36:01,444 INFO [__main__] ========================================================================
2026-08-14T23:36:01+02:00 baselines done configuration=9/12 dataset=Solar model=chronos2 formula=full_ridge_shared lags=504 horizon=168 retrieval=raw_euclidean_1_online
2026-08-14 23:36:04,267 INFO [__main__] extraction validation directory=/home/h61084/codes/adapts/outputs/extraction/exchange_rate/168_24/chronos2/raw/euclidean/1/online/run_1 status=complete

2026-08-14T23:36:04+02:00 baselines start configuration=10/12 dataset=exchange_rate model=chronos2 formula=full_ridge_shared lags=168 horizon=24 retrieval=raw_euclidean_1_online run=/home/h61084/codes/adapts/outputs/adaptation/offline_datastore_ablation/exchange_rate/168_24/chronos2/full_ridge_shared/raw/euclidean/1/online/run_0 computation_signature=c72b3af6906eb95dae2b2b1a05b64e2d7868c3c0af0a172634c4cb47cbff8caa l2_grid=0,1e-6,1e-5,1e-4,1e-3,1e-2,1e-1,1,10 validation_fraction=0.2 fit_baselines_on_eval=false seed=1
2026-08-14 23:36:07,372 INFO [__main__] ========================================================================
2026-08-14 23:36:07,372 INFO [__main__] selected methods=('full_ridge_shared',)
2026-08-14 23:36:09,147 INFO [__main__] baseline selection start l2_grid=(0.0, 1e-06, 1e-05, 0.0001, 0.001, 0.01, 0.1, 1.0, 10.0)
2026-08-14 23:36:09,276 INFO [__main__] baseline selection done
2026-08-14 23:36:09,298 INFO [__main__] experiment done seconds=1.92
2026-08-14 23:36:09,298 INFO [__main__] ========================================================================
2026-08-14T23:36:09+02:00 baselines done configuration=10/12 dataset=exchange_rate model=chronos2 formula=full_ridge_shared lags=168 horizon=24 retrieval=raw_euclidean_1_online
2026-08-14 23:36:12,023 INFO [__main__] extraction validation directory=/home/h61084/codes/adapts/outputs/extraction/exchange_rate/336_48/chronos2/raw/euclidean/1/online/run_1 status=complete

2026-08-14T23:36:12+02:00 baselines start configuration=11/12 dataset=exchange_rate model=chronos2 formula=full_ridge_shared lags=336 horizon=48 retrieval=raw_euclidean_1_online run=/home/h61084/codes/adapts/outputs/adaptation/offline_datastore_ablation/exchange_rate/336_48/chronos2/full_ridge_shared/raw/euclidean/1/online/run_0 computation_signature=25e6cc20b4b9384c6fbdeda7702145d3fd9f8c18203589f2985e17778a838a17 l2_grid=0,1e-6,1e-5,1e-4,1e-3,1e-2,1e-1,1,10 validation_fraction=0.2 fit_baselines_on_eval=false seed=1
2026-08-14 23:36:15,168 INFO [__main__] ========================================================================
2026-08-14 23:36:15,168 INFO [__main__] selected methods=('full_ridge_shared',)
2026-08-14 23:36:16,797 INFO [__main__] baseline selection start l2_grid=(0.0, 1e-06, 1e-05, 0.0001, 0.001, 0.01, 0.1, 1.0, 10.0)
2026-08-14 23:36:16,921 INFO [__main__] baseline selection done
2026-08-14 23:36:16,947 INFO [__main__] experiment done seconds=1.77
2026-08-14 23:36:16,947 INFO [__main__] ========================================================================
2026-08-14T23:36:17+02:00 baselines done configuration=11/12 dataset=exchange_rate model=chronos2 formula=full_ridge_shared lags=336 horizon=48 retrieval=raw_euclidean_1_online
2026-08-14 23:36:19,775 INFO [__main__] extraction validation directory=/home/h61084/codes/adapts/outputs/extraction/exchange_rate/504_168/chronos2/raw/euclidean/1/online/run_1 status=complete

2026-08-14T23:36:20+02:00 baselines start configuration=12/12 dataset=exchange_rate model=chronos2 formula=full_ridge_shared lags=504 horizon=168 retrieval=raw_euclidean_1_online run=/home/h61084/codes/adapts/outputs/adaptation/offline_datastore_ablation/exchange_rate/504_168/chronos2/full_ridge_shared/raw/euclidean/1/online/run_0 computation_signature=1aedb43350d31d5261c0e03e34dd6a098604e6cb06b930f663177a2ab64bb15b l2_grid=0,1e-6,1e-5,1e-4,1e-3,1e-2,1e-1,1,10 validation_fraction=0.2 fit_baselines_on_eval=false seed=1
2026-08-14 23:36:22,699 INFO [__main__] ========================================================================
2026-08-14 23:36:22,699 INFO [__main__] selected methods=('full_ridge_shared',)
2026-08-14 23:36:24,378 INFO [__main__] baseline selection start l2_grid=(0.0, 1e-06, 1e-05, 0.0001, 0.001, 0.01, 0.1, 1.0, 10.0)
2026-08-14 23:36:24,525 INFO [__main__] baseline selection done
2026-08-14 23:36:24,547 INFO [__main__] experiment done seconds=1.85
2026-08-14 23:36:24,547 INFO [__main__] ========================================================================
2026-08-14T23:36:25+02:00 baselines done configuration=12/12 dataset=exchange_rate model=chronos2 formula=full_ridge_shared lags=504 horizon=168 retrieval=raw_euclidean_1_online

2026-08-14T23:36:25+02:00 job done kind=baselines output=outputs/adaptation/offline_datastore_ablation

2026-08-14T23:36:25+02:00 job start kind=adaptation_extraction family=offline_datastore_ablation experiment_mode=full skip_complete=true tasks=24 datasets=Electricity,Traffic,Solar,exchange_rate models=chronos2 settings=168:24,336:48,504:168 distance_spaces=instance distance_metrics=euclidean neighbors=1
2026-08-14T23:36:25+02:00 skip complete family=extraction dataset=Electricity model=chronos2 lags=168 horizon=24 retrieval=vanilla run=/home/h61084/codes/adapts/outputs/extraction/Electricity/168_24/chronos2/none/none/0/none/run_1
2026-08-14T23:36:25+02:00 skip complete family=extraction dataset=Electricity model=chronos2 lags=168 horizon=24 retrieval=instance_euclidean_1_online run=/home/h61084/codes/adapts/outputs/extraction/Electricity/168_24/chronos2/instance/euclidean/1/online/run_1
2026-08-14T23:36:25+02:00 skip complete family=extraction dataset=Electricity model=chronos2 lags=336 horizon=48 retrieval=vanilla run=/home/h61084/codes/adapts/outputs/extraction/Electricity/336_48/chronos2/none/none/0/none/run_1
2026-08-14T23:36:25+02:00 skip complete family=extraction dataset=Electricity model=chronos2 lags=336 horizon=48 retrieval=instance_euclidean_1_online run=/home/h61084/codes/adapts/outputs/extraction/Electricity/336_48/chronos2/instance/euclidean/1/online/run_1
2026-08-14T23:36:25+02:00 skip complete family=extraction dataset=Electricity model=chronos2 lags=504 horizon=168 retrieval=vanilla run=/home/h61084/codes/adapts/outputs/extraction/Electricity/504_168/chronos2/none/none/0/none/run_2
2026-08-14T23:36:25+02:00 skip complete family=extraction dataset=Electricity model=chronos2 lags=504 horizon=168 retrieval=instance_euclidean_1_online run=/home/h61084/codes/adapts/outputs/extraction/Electricity/504_168/chronos2/instance/euclidean/1/online/run_1
2026-08-14T23:36:25+02:00 skip complete family=extraction dataset=Traffic model=chronos2 lags=168 horizon=24 retrieval=vanilla run=/home/h61084/codes/adapts/outputs/extraction/Traffic/168_24/chronos2/none/none/0/none/run_1
2026-08-14T23:36:25+02:00 skip complete family=extraction dataset=Traffic model=chronos2 lags=168 horizon=24 retrieval=instance_euclidean_1_online run=/home/h61084/codes/adapts/outputs/extraction/Traffic/168_24/chronos2/instance/euclidean/1/online/run_1
2026-08-14T23:36:25+02:00 skip complete family=extraction dataset=Traffic model=chronos2 lags=336 horizon=48 retrieval=vanilla run=/home/h61084/codes/adapts/outputs/extraction/Traffic/336_48/chronos2/none/none/0/none/run_1
2026-08-14T23:36:25+02:00 skip complete family=extraction dataset=Traffic model=chronos2 lags=336 horizon=48 retrieval=instance_euclidean_1_online run=/home/h61084/codes/adapts/outputs/extraction/Traffic/336_48/chronos2/instance/euclidean/1/online/run_1
2026-08-14T23:36:25+02:00 skip complete family=extraction dataset=Traffic model=chronos2 lags=504 horizon=168 retrieval=vanilla run=/home/h61084/codes/adapts/outputs/extraction/Traffic/504_168/chronos2/none/none/0/none/run_1
2026-08-14T23:36:26+02:00 skip complete family=extraction dataset=Traffic model=chronos2 lags=504 horizon=168 retrieval=instance_euclidean_1_online run=/home/h61084/codes/adapts/outputs/extraction/Traffic/504_168/chronos2/instance/euclidean/1/online/run_1
2026-08-14T23:36:26+02:00 skip complete family=extraction dataset=Solar model=chronos2 lags=168 horizon=24 retrieval=vanilla run=/home/h61084/codes/adapts/outputs/extraction/Solar/168_24/chronos2/none/none/0/none/run_1
2026-08-14T23:36:26+02:00 skip complete family=extraction dataset=Solar model=chronos2 lags=168 horizon=24 retrieval=instance_euclidean_1_online run=/home/h61084/codes/adapts/outputs/extraction/Solar/168_24/chronos2/instance/euclidean/1/online/run_1
2026-08-14T23:36:26+02:00 skip complete family=extraction dataset=Solar model=chronos2 lags=336 horizon=48 retrieval=vanilla run=/home/h61084/codes/adapts/outputs/extraction/Solar/336_48/chronos2/none/none/0/none/run_1
2026-08-14T23:36:26+02:00 skip complete family=extraction dataset=Solar model=chronos2 lags=336 horizon=48 retrieval=instance_euclidean_1_online run=/home/h61084/codes/adapts/outputs/extraction/Solar/336_48/chronos2/instance/euclidean/1/online/run_1
2026-08-14T23:36:26+02:00 skip complete family=extraction dataset=Solar model=chronos2 lags=504 horizon=168 retrieval=vanilla run=/home/h61084/codes/adapts/outputs/extraction/Solar/504_168/chronos2/none/none/0/none/run_1
2026-08-14T23:36:26+02:00 skip complete family=extraction dataset=Solar model=chronos2 lags=504 horizon=168 retrieval=instance_euclidean_1_online run=/home/h61084/codes/adapts/outputs/extraction/Solar/504_168/chronos2/instance/euclidean/1/online/run_1
2026-08-14T23:36:26+02:00 skip complete family=extraction dataset=exchange_rate model=chronos2 lags=168 horizon=24 retrieval=vanilla run=/home/h61084/codes/adapts/outputs/extraction/exchange_rate/168_24/chronos2/none/none/0/none/run_1
2026-08-14T23:36:26+02:00 skip complete family=extraction dataset=exchange_rate model=chronos2 lags=168 horizon=24 retrieval=instance_euclidean_1_online run=/home/h61084/codes/adapts/outputs/extraction/exchange_rate/168_24/chronos2/instance/euclidean/1/online/run_1
2026-08-14T23:36:26+02:00 skip complete family=extraction dataset=exchange_rate model=chronos2 lags=336 horizon=48 retrieval=vanilla run=/home/h61084/codes/adapts/outputs/extraction/exchange_rate/336_48/chronos2/none/none/0/none/run_1
2026-08-14T23:36:26+02:00 skip complete family=extraction dataset=exchange_rate model=chronos2 lags=336 horizon=48 retrieval=instance_euclidean_1_online run=/home/h61084/codes/adapts/outputs/extraction/exchange_rate/336_48/chronos2/instance/euclidean/1/online/run_1
2026-08-14T23:36:26+02:00 skip complete family=extraction dataset=exchange_rate model=chronos2 lags=504 horizon=168 retrieval=vanilla run=/home/h61084/codes/adapts/outputs/extraction/exchange_rate/504_168/chronos2/none/none/0/none/run_1
2026-08-14T23:36:26+02:00 skip complete family=extraction dataset=exchange_rate model=chronos2 lags=504 horizon=168 retrieval=instance_euclidean_1_online run=/home/h61084/codes/adapts/outputs/extraction/exchange_rate/504_168/chronos2/instance/euclidean/1/online/run_1

2026-08-14T23:36:26+02:00 job done kind=adaptation_extraction output=outputs/extraction

2026-08-14T23:36:26+02:00 job start kind=gates family=offline_datastore_ablation experiment_mode=full skip_complete=true tasks=12 datasets=Electricity,Traffic,Solar,exchange_rate models=chronos2 settings=168:24,336:48,504:168 distance_spaces=instance distance_metrics=euclidean neighbors=1 methods=catboost_avgy_regressor_shared,bayes_avgy_shared task_type=CPU thread_count=2 horizon_fits=serial allocated_cpus=16 results_root=outputs/adaptation/offline_datastore_ablation
2026-08-14 23:36:29,172 INFO [__main__] extraction validation directory=/home/h61084/codes/adapts/outputs/extraction/Electricity/168_24/chronos2/instance/euclidean/1/online/run_1 status=complete

2026-08-14T23:36:29+02:00 gates start configuration=1/12 dataset=Electricity model=chronos2 formula=catboost_avgy_regressor_shared lags=168 horizon=24 retrieval=instance_euclidean_1_online run=/home/h61084/codes/adapts/outputs/adaptation/offline_datastore_ablation/Electricity/168_24/chronos2/catboost_avgy_regressor_shared/instance/euclidean/1/online/run_0 computation_signature=a605b0a6af82ae046777881bb0966b8f45f296a27a9c8f068a8a1a4f4121ac38 iterations=300 learning_rate=0.03 depth=4 early_stopping_rounds=50 task_type=CPU thread_count=2 validation_fraction=0.2 seed=1
2026-08-14 23:36:32,493 INFO [__main__] ========================================================================
2026-08-14 23:36:32,494 INFO [__main__] selected methods=('catboost_avgy_regressor_shared',)
2026-08-14 23:36:37,330 INFO [__main__] gate fitting start candidate=avgy
2026-08-14 23:36:39,862 INFO [__main__] gate fitting done candidate=avgy
2026-08-14 23:36:40,625 INFO [__main__] experiment done seconds=8.13
2026-08-14 23:36:40,625 INFO [__main__] ========================================================================
2026-08-14T23:36:41+02:00 gates done configuration=1/12 dataset=Electricity model=chronos2 formula=catboost_avgy_regressor_shared lags=168 horizon=24 retrieval=instance_euclidean_1_online

2026-08-14T23:36:41+02:00 gates start configuration=1/12 dataset=Electricity model=chronos2 formula=bayes_avgy_shared lags=168 horizon=24 retrieval=instance_euclidean_1_online run=/home/h61084/codes/adapts/outputs/adaptation/offline_datastore_ablation/Electricity/168_24/chronos2/bayes_avgy_shared/instance/euclidean/1/online/run_0 computation_signature=86f009f262e97a8c0861ee2535d1be6f85817d3ab2ce1d5d6852de2f2acf3886 iterations=300 learning_rate=0.03 depth=4 early_stopping_rounds=50 task_type=CPU thread_count=2 validation_fraction=0.2 seed=1
2026-08-14 23:36:44,247 INFO [__main__] ========================================================================
2026-08-14 23:36:44,248 INFO [__main__] selected methods=('bayes_avgy_shared',)
2026-08-14 23:36:46,843 INFO [__main__] gate fitting start candidate=avgy
2026-08-14 23:36:47,047 INFO [__main__] gate fitting done candidate=avgy
2026-08-14 23:36:47,080 INFO [__main__] experiment done seconds=2.83
2026-08-14 23:36:47,080 INFO [__main__] ========================================================================
2026-08-14T23:36:47+02:00 gates done configuration=1/12 dataset=Electricity model=chronos2 formula=bayes_avgy_shared lags=168 horizon=24 retrieval=instance_euclidean_1_online
2026-08-14 23:36:49,993 INFO [__main__] extraction validation directory=/home/h61084/codes/adapts/outputs/extraction/Electricity/336_48/chronos2/instance/euclidean/1/online/run_1 status=complete

2026-08-14T23:36:50+02:00 gates start configuration=2/12 dataset=Electricity model=chronos2 formula=catboost_avgy_regressor_shared lags=336 horizon=48 retrieval=instance_euclidean_1_online run=/home/h61084/codes/adapts/outputs/adaptation/offline_datastore_ablation/Electricity/336_48/chronos2/catboost_avgy_regressor_shared/instance/euclidean/1/online/run_0 computation_signature=dc41c8ccffe19a3478d62340c88bee30c755189fab00e12061499d15d3048265 iterations=300 learning_rate=0.03 depth=4 early_stopping_rounds=50 task_type=CPU thread_count=2 validation_fraction=0.2 seed=1
2026-08-14 23:36:53,274 INFO [__main__] ========================================================================
2026-08-14 23:36:53,274 INFO [__main__] selected methods=('catboost_avgy_regressor_shared',)
2026-08-14 23:37:01,387 INFO [__main__] gate fitting start candidate=avgy
2026-08-14 23:37:04,025 INFO [__main__] gate fitting done candidate=avgy
2026-08-14 23:37:04,609 INFO [__main__] experiment done seconds=11.33
2026-08-14 23:37:04,609 INFO [__main__] ========================================================================
2026-08-14T23:37:05+02:00 gates done configuration=2/12 dataset=Electricity model=chronos2 formula=catboost_avgy_regressor_shared lags=336 horizon=48 retrieval=instance_euclidean_1_online

2026-08-14T23:37:05+02:00 gates start configuration=2/12 dataset=Electricity model=chronos2 formula=bayes_avgy_shared lags=336 horizon=48 retrieval=instance_euclidean_1_online run=/home/h61084/codes/adapts/outputs/adaptation/offline_datastore_ablation/Electricity/336_48/chronos2/bayes_avgy_shared/instance/euclidean/1/online/run_0 computation_signature=6f4edba8d6c2a19e93d6efcb6a26bca6afbe7f721f6323af22f7fa4d651afef7 iterations=300 learning_rate=0.03 depth=4 early_stopping_rounds=50 task_type=CPU thread_count=2 validation_fraction=0.2 seed=1
2026-08-14 23:37:07,895 INFO [__main__] ========================================================================
2026-08-14 23:37:07,895 INFO [__main__] selected methods=('bayes_avgy_shared',)
2026-08-14 23:37:10,906 INFO [__main__] gate fitting start candidate=avgy
2026-08-14 23:37:11,207 INFO [__main__] gate fitting done candidate=avgy
2026-08-14 23:37:11,235 INFO [__main__] experiment done seconds=3.34
2026-08-14 23:37:11,235 INFO [__main__] ========================================================================
2026-08-14T23:37:11+02:00 gates done configuration=2/12 dataset=Electricity model=chronos2 formula=bayes_avgy_shared lags=336 horizon=48 retrieval=instance_euclidean_1_online
2026-08-14 23:37:13,979 INFO [__main__] extraction validation directory=/home/h61084/codes/adapts/outputs/extraction/Electricity/504_168/chronos2/instance/euclidean/1/online/run_1 status=complete

2026-08-14T23:37:14+02:00 gates start configuration=3/12 dataset=Electricity model=chronos2 formula=catboost_avgy_regressor_shared lags=504 horizon=168 retrieval=instance_euclidean_1_online run=/home/h61084/codes/adapts/outputs/adaptation/offline_datastore_ablation/Electricity/504_168/chronos2/catboost_avgy_regressor_shared/instance/euclidean/1/online/run_0 computation_signature=24e18f9dd299897370d058a8872120ed1f008ac59d8e32c669ed406c3dd8a2b2 iterations=300 learning_rate=0.03 depth=4 early_stopping_rounds=50 task_type=CPU thread_count=2 validation_fraction=0.2 seed=1
2026-08-14 23:37:17,104 INFO [__main__] ========================================================================
2026-08-14 23:37:17,104 INFO [__main__] selected methods=('catboost_avgy_regressor_shared',)
2026-08-14 23:37:31,521 INFO [__main__] gate fitting start candidate=avgy
2026-08-14 23:37:36,067 INFO [__main__] gate fitting done candidate=avgy
2026-08-14 23:37:36,747 INFO [__main__] experiment done seconds=19.64
2026-08-14 23:37:36,747 INFO [__main__] ========================================================================
2026-08-14T23:37:37+02:00 gates done configuration=3/12 dataset=Electricity model=chronos2 formula=catboost_avgy_regressor_shared lags=504 horizon=168 retrieval=instance_euclidean_1_online

2026-08-14T23:37:37+02:00 gates start configuration=3/12 dataset=Electricity model=chronos2 formula=bayes_avgy_shared lags=504 horizon=168 retrieval=instance_euclidean_1_online run=/home/h61084/codes/adapts/outputs/adaptation/offline_datastore_ablation/Electricity/504_168/chronos2/bayes_avgy_shared/instance/euclidean/1/online/run_0 computation_signature=f21d9cecd59230ca975b6c3cc018e1dbf080a0ef0f36a8f71d7c7fca63c5f305 iterations=300 learning_rate=0.03 depth=4 early_stopping_rounds=50 task_type=CPU thread_count=2 validation_fraction=0.2 seed=1
2026-08-14 23:37:40,303 INFO [__main__] ========================================================================
2026-08-14 23:37:40,304 INFO [__main__] selected methods=('bayes_avgy_shared',)
2026-08-14 23:37:45,039 INFO [__main__] gate fitting start candidate=avgy
2026-08-14 23:37:46,082 INFO [__main__] gate fitting done candidate=avgy
2026-08-14 23:37:46,127 INFO [__main__] experiment done seconds=5.82
2026-08-14 23:37:46,127 INFO [__main__] ========================================================================
2026-08-14T23:37:46+02:00 gates done configuration=3/12 dataset=Electricity model=chronos2 formula=bayes_avgy_shared lags=504 horizon=168 retrieval=instance_euclidean_1_online
2026-08-14 23:37:49,131 INFO [__main__] extraction validation directory=/home/h61084/codes/adapts/outputs/extraction/Traffic/168_24/chronos2/instance/euclidean/1/online/run_1 status=complete

2026-08-14T23:37:49+02:00 gates start configuration=4/12 dataset=Traffic model=chronos2 formula=catboost_avgy_regressor_shared lags=168 horizon=24 retrieval=instance_euclidean_1_online run=/home/h61084/codes/adapts/outputs/adaptation/offline_datastore_ablation/Traffic/168_24/chronos2/catboost_avgy_regressor_shared/instance/euclidean/1/online/run_0 computation_signature=86bb7339e39cf7eff7c21cf5bde617b1934d724e0cd76a939f7649a76b957008 iterations=300 learning_rate=0.03 depth=4 early_stopping_rounds=50 task_type=CPU thread_count=2 validation_fraction=0.2 seed=1
2026-08-14 23:37:52,364 INFO [__main__] ========================================================================
2026-08-14 23:37:52,364 INFO [__main__] selected methods=('catboost_avgy_regressor_shared',)
2026-08-14 23:37:59,226 INFO [__main__] gate fitting start candidate=avgy
2026-08-14 23:38:03,250 INFO [__main__] gate fitting done candidate=avgy
2026-08-14 23:38:03,890 INFO [__main__] experiment done seconds=11.52
2026-08-14 23:38:03,890 INFO [__main__] ========================================================================
2026-08-14T23:38:04+02:00 gates done configuration=4/12 dataset=Traffic model=chronos2 formula=catboost_avgy_regressor_shared lags=168 horizon=24 retrieval=instance_euclidean_1_online

2026-08-14T23:38:04+02:00 gates start configuration=4/12 dataset=Traffic model=chronos2 formula=bayes_avgy_shared lags=168 horizon=24 retrieval=instance_euclidean_1_online run=/home/h61084/codes/adapts/outputs/adaptation/offline_datastore_ablation/Traffic/168_24/chronos2/bayes_avgy_shared/instance/euclidean/1/online/run_0 computation_signature=a848066c46dc7be32ebea2b72b8baa3e3732f29a69c53800453ac8b77ed32ffd iterations=300 learning_rate=0.03 depth=4 early_stopping_rounds=50 task_type=CPU thread_count=2 validation_fraction=0.2 seed=1
2026-08-14 23:38:07,320 INFO [__main__] ========================================================================
2026-08-14 23:38:07,320 INFO [__main__] selected methods=('bayes_avgy_shared',)
2026-08-14 23:38:10,392 INFO [__main__] gate fitting start candidate=avgy
2026-08-14 23:38:10,693 INFO [__main__] gate fitting done candidate=avgy
2026-08-14 23:38:10,720 INFO [__main__] experiment done seconds=3.40
2026-08-14 23:38:10,720 INFO [__main__] ========================================================================
2026-08-14T23:38:11+02:00 gates done configuration=4/12 dataset=Traffic model=chronos2 formula=bayes_avgy_shared lags=168 horizon=24 retrieval=instance_euclidean_1_online
2026-08-14 23:38:13,375 INFO [__main__] extraction validation directory=/home/h61084/codes/adapts/outputs/extraction/Traffic/336_48/chronos2/instance/euclidean/1/online/run_1 status=complete

2026-08-14T23:38:13+02:00 gates start configuration=5/12 dataset=Traffic model=chronos2 formula=catboost_avgy_regressor_shared lags=336 horizon=48 retrieval=instance_euclidean_1_online run=/home/h61084/codes/adapts/outputs/adaptation/offline_datastore_ablation/Traffic/336_48/chronos2/catboost_avgy_regressor_shared/instance/euclidean/1/online/run_0 computation_signature=41be82097a2a000ab5b97551e85182d32e43826a4ed583b541c7624b49f0eccf iterations=300 learning_rate=0.03 depth=4 early_stopping_rounds=50 task_type=CPU thread_count=2 validation_fraction=0.2 seed=1
2026-08-14 23:38:16,410 INFO [__main__] ========================================================================
2026-08-14 23:38:16,411 INFO [__main__] selected methods=('catboost_avgy_regressor_shared',)
2026-08-14 23:38:28,828 INFO [__main__] gate fitting start candidate=avgy
2026-08-14 23:38:33,707 INFO [__main__] gate fitting done candidate=avgy
2026-08-14 23:38:34,345 INFO [__main__] experiment done seconds=17.93
2026-08-14 23:38:34,345 INFO [__main__] ========================================================================
2026-08-14T23:38:35+02:00 gates done configuration=5/12 dataset=Traffic model=chronos2 formula=catboost_avgy_regressor_shared lags=336 horizon=48 retrieval=instance_euclidean_1_online

2026-08-14T23:38:35+02:00 gates start configuration=5/12 dataset=Traffic model=chronos2 formula=bayes_avgy_shared lags=336 horizon=48 retrieval=instance_euclidean_1_online run=/home/h61084/codes/adapts/outputs/adaptation/offline_datastore_ablation/Traffic/336_48/chronos2/bayes_avgy_shared/instance/euclidean/1/online/run_0 computation_signature=132bcb242d28ea707db987ec2bb69305b909faf60db8a1f827b88db4936a7323 iterations=300 learning_rate=0.03 depth=4 early_stopping_rounds=50 task_type=CPU thread_count=2 validation_fraction=0.2 seed=1
2026-08-14 23:38:37,784 INFO [__main__] ========================================================================
2026-08-14 23:38:37,785 INFO [__main__] selected methods=('bayes_avgy_shared',)
2026-08-14 23:38:41,689 INFO [__main__] gate fitting start candidate=avgy
2026-08-14 23:38:42,277 INFO [__main__] gate fitting done candidate=avgy
2026-08-14 23:38:42,304 INFO [__main__] experiment done seconds=4.52
2026-08-14 23:38:42,305 INFO [__main__] ========================================================================
2026-08-14T23:38:42+02:00 gates done configuration=5/12 dataset=Traffic model=chronos2 formula=bayes_avgy_shared lags=336 horizon=48 retrieval=instance_euclidean_1_online
2026-08-14 23:38:45,040 INFO [__main__] extraction validation directory=/home/h61084/codes/adapts/outputs/extraction/Traffic/504_168/chronos2/instance/euclidean/1/online/run_1 status=complete

2026-08-14T23:38:45+02:00 gates start configuration=6/12 dataset=Traffic model=chronos2 formula=catboost_avgy_regressor_shared lags=504 horizon=168 retrieval=instance_euclidean_1_online run=/home/h61084/codes/adapts/outputs/adaptation/offline_datastore_ablation/Traffic/504_168/chronos2/catboost_avgy_regressor_shared/instance/euclidean/1/online/run_0 computation_signature=4b96442c0b02a51b3285bd0dc730f17fd7ad663dcea93ae253976f99a2860826 iterations=300 learning_rate=0.03 depth=4 early_stopping_rounds=50 task_type=CPU thread_count=2 validation_fraction=0.2 seed=1
2026-08-14 23:38:48,191 INFO [__main__] ========================================================================
2026-08-14 23:38:48,192 INFO [__main__] selected methods=('catboost_avgy_regressor_shared',)
2026-08-14 23:39:08,284 INFO [__main__] gate fitting start candidate=avgy
2026-08-14 23:39:16,355 INFO [__main__] gate fitting done candidate=avgy
2026-08-14 23:39:16,969 INFO [__main__] experiment done seconds=28.77
2026-08-14 23:39:16,969 INFO [__main__] ========================================================================
2026-08-14T23:39:17+02:00 gates done configuration=6/12 dataset=Traffic model=chronos2 formula=catboost_avgy_regressor_shared lags=504 horizon=168 retrieval=instance_euclidean_1_online

2026-08-14T23:39:17+02:00 gates start configuration=6/12 dataset=Traffic model=chronos2 formula=bayes_avgy_shared lags=504 horizon=168 retrieval=instance_euclidean_1_online run=/home/h61084/codes/adapts/outputs/adaptation/offline_datastore_ablation/Traffic/504_168/chronos2/bayes_avgy_shared/instance/euclidean/1/online/run_0 computation_signature=9079eeb2b517e347f0fa6a120a575d85b2360ef3007ebd80aa771f4a4bc4af83 iterations=300 learning_rate=0.03 depth=4 early_stopping_rounds=50 task_type=CPU thread_count=2 validation_fraction=0.2 seed=1
2026-08-14 23:39:20,284 INFO [__main__] ========================================================================
2026-08-14 23:39:20,285 INFO [__main__] selected methods=('bayes_avgy_shared',)
2026-08-14 23:39:28,007 INFO [__main__] gate fitting start candidate=avgy
2026-08-14 23:39:29,614 INFO [__main__] gate fitting done candidate=avgy
2026-08-14 23:39:29,641 INFO [__main__] experiment done seconds=9.35
2026-08-14 23:39:29,641 INFO [__main__] ========================================================================
2026-08-14T23:39:30+02:00 gates done configuration=6/12 dataset=Traffic model=chronos2 formula=bayes_avgy_shared lags=504 horizon=168 retrieval=instance_euclidean_1_online
2026-08-14 23:39:32,381 INFO [__main__] extraction validation directory=/home/h61084/codes/adapts/outputs/extraction/Solar/168_24/chronos2/instance/euclidean/1/online/run_1 status=complete

2026-08-14T23:39:32+02:00 gates start configuration=7/12 dataset=Solar model=chronos2 formula=catboost_avgy_regressor_shared lags=168 horizon=24 retrieval=instance_euclidean_1_online run=/home/h61084/codes/adapts/outputs/adaptation/offline_datastore_ablation/Solar/168_24/chronos2/catboost_avgy_regressor_shared/instance/euclidean/1/online/run_0 computation_signature=d1ca7bf5367bf2ffebe478e2be600dbd2de0165a2841dd196c8f2fff14ca4173 iterations=300 learning_rate=0.03 depth=4 early_stopping_rounds=50 task_type=CPU thread_count=2 validation_fraction=0.2 seed=1
2026-08-14 23:39:35,232 INFO [__main__] ========================================================================
2026-08-14 23:39:35,232 INFO [__main__] selected methods=('catboost_avgy_regressor_shared',)
2026-08-14 23:39:37,347 INFO [__main__] gate fitting start candidate=avgy
2026-08-14 23:39:38,693 INFO [__main__] gate fitting done candidate=avgy
2026-08-14 23:39:39,261 INFO [__main__] experiment done seconds=4.03
2026-08-14 23:39:39,261 INFO [__main__] ========================================================================
2026-08-14T23:39:39+02:00 gates done configuration=7/12 dataset=Solar model=chronos2 formula=catboost_avgy_regressor_shared lags=168 horizon=24 retrieval=instance_euclidean_1_online

2026-08-14T23:39:40+02:00 gates start configuration=7/12 dataset=Solar model=chronos2 formula=bayes_avgy_shared lags=168 horizon=24 retrieval=instance_euclidean_1_online run=/home/h61084/codes/adapts/outputs/adaptation/offline_datastore_ablation/Solar/168_24/chronos2/bayes_avgy_shared/instance/euclidean/1/online/run_0 computation_signature=515eed8fce28e833edcaa6eae08ec278f6406eec6096ddca5edc252a261c3098 iterations=300 learning_rate=0.03 depth=4 early_stopping_rounds=50 task_type=CPU thread_count=2 validation_fraction=0.2 seed=1
2026-08-14 23:39:42,354 INFO [__main__] ========================================================================
2026-08-14 23:39:42,354 INFO [__main__] selected methods=('bayes_avgy_shared',)
2026-08-14 23:39:44,150 INFO [__main__] gate fitting start candidate=avgy
2026-08-14 23:39:44,246 INFO [__main__] gate fitting done candidate=avgy
2026-08-14 23:39:44,273 INFO [__main__] experiment done seconds=1.92
2026-08-14 23:39:44,273 INFO [__main__] ========================================================================
2026-08-14T23:39:44+02:00 gates done configuration=7/12 dataset=Solar model=chronos2 formula=bayes_avgy_shared lags=168 horizon=24 retrieval=instance_euclidean_1_online
2026-08-14 23:39:46,917 INFO [__main__] extraction validation directory=/home/h61084/codes/adapts/outputs/extraction/Solar/336_48/chronos2/instance/euclidean/1/online/run_1 status=complete

2026-08-14T23:39:47+02:00 gates start configuration=8/12 dataset=Solar model=chronos2 formula=catboost_avgy_regressor_shared lags=336 horizon=48 retrieval=instance_euclidean_1_online run=/home/h61084/codes/adapts/outputs/adaptation/offline_datastore_ablation/Solar/336_48/chronos2/catboost_avgy_regressor_shared/instance/euclidean/1/online/run_0 computation_signature=5084600b50a71523551e7c450af2336ceb2a9bb5730ca08bb0eca0508dcad3db iterations=300 learning_rate=0.03 depth=4 early_stopping_rounds=50 task_type=CPU thread_count=2 validation_fraction=0.2 seed=1
2026-08-14 23:39:49,797 INFO [__main__] ========================================================================
2026-08-14 23:39:49,797 INFO [__main__] selected methods=('catboost_avgy_regressor_shared',)
2026-08-14 23:39:52,386 INFO [__main__] gate fitting start candidate=avgy
2026-08-14 23:39:53,977 INFO [__main__] gate fitting done candidate=avgy
2026-08-14 23:39:54,549 INFO [__main__] experiment done seconds=4.75
2026-08-14 23:39:54,549 INFO [__main__] ========================================================================
2026-08-14T23:39:55+02:00 gates done configuration=8/12 dataset=Solar model=chronos2 formula=catboost_avgy_regressor_shared lags=336 horizon=48 retrieval=instance_euclidean_1_online

2026-08-14T23:39:55+02:00 gates start configuration=8/12 dataset=Solar model=chronos2 formula=bayes_avgy_shared lags=336 horizon=48 retrieval=instance_euclidean_1_online run=/home/h61084/codes/adapts/outputs/adaptation/offline_datastore_ablation/Solar/336_48/chronos2/bayes_avgy_shared/instance/euclidean/1/online/run_0 computation_signature=8327aaaf0f8e431f78e7e716c79b823d1145f8956b93c700e540d9e493e67fdc iterations=300 learning_rate=0.03 depth=4 early_stopping_rounds=50 task_type=CPU thread_count=2 validation_fraction=0.2 seed=1
2026-08-14 23:39:57,606 INFO [__main__] ========================================================================
2026-08-14 23:39:57,606 INFO [__main__] selected methods=('bayes_avgy_shared',)
2026-08-14 23:39:59,576 INFO [__main__] gate fitting start candidate=avgy
2026-08-14 23:39:59,683 INFO [__main__] gate fitting done candidate=avgy
2026-08-14 23:39:59,711 INFO [__main__] experiment done seconds=2.10
2026-08-14 23:39:59,711 INFO [__main__] ========================================================================
2026-08-14T23:40:00+02:00 gates done configuration=8/12 dataset=Solar model=chronos2 formula=bayes_avgy_shared lags=336 horizon=48 retrieval=instance_euclidean_1_online
2026-08-14 23:40:02,294 INFO [__main__] extraction validation directory=/home/h61084/codes/adapts/outputs/extraction/Solar/504_168/chronos2/instance/euclidean/1/online/run_1 status=complete

2026-08-14T23:40:02+02:00 gates start configuration=9/12 dataset=Solar model=chronos2 formula=catboost_avgy_regressor_shared lags=504 horizon=168 retrieval=instance_euclidean_1_online run=/home/h61084/codes/adapts/outputs/adaptation/offline_datastore_ablation/Solar/504_168/chronos2/catboost_avgy_regressor_shared/instance/euclidean/1/online/run_0 computation_signature=68230c47acd6ff4ee17ea64323eefe30147bb1741631aeb31f828e7f6ad3da2f iterations=300 learning_rate=0.03 depth=4 early_stopping_rounds=50 task_type=CPU thread_count=2 validation_fraction=0.2 seed=1
2026-08-14 23:40:05,285 INFO [__main__] ========================================================================
2026-08-14 23:40:05,285 INFO [__main__] selected methods=('catboost_avgy_regressor_shared',)
2026-08-14 23:40:08,841 INFO [__main__] gate fitting start candidate=avgy
2026-08-14 23:40:11,234 INFO [__main__] gate fitting done candidate=avgy
2026-08-14 23:40:11,836 INFO [__main__] experiment done seconds=6.55
2026-08-14 23:40:11,836 INFO [__main__] ========================================================================
2026-08-14T23:40:12+02:00 gates done configuration=9/12 dataset=Solar model=chronos2 formula=catboost_avgy_regressor_shared lags=504 horizon=168 retrieval=instance_euclidean_1_online

2026-08-14T23:40:12+02:00 gates start configuration=9/12 dataset=Solar model=chronos2 formula=bayes_avgy_shared lags=504 horizon=168 retrieval=instance_euclidean_1_online run=/home/h61084/codes/adapts/outputs/adaptation/offline_datastore_ablation/Solar/504_168/chronos2/bayes_avgy_shared/instance/euclidean/1/online/run_0 computation_signature=20eca7ec572492a06520175765103210910a1a39bdddf1fc980e60fa432d5c17 iterations=300 learning_rate=0.03 depth=4 early_stopping_rounds=50 task_type=CPU thread_count=2 validation_fraction=0.2 seed=1
2026-08-14 23:40:15,222 INFO [__main__] ========================================================================
2026-08-14 23:40:15,222 INFO [__main__] selected methods=('bayes_avgy_shared',)
2026-08-14 23:40:17,157 INFO [__main__] gate fitting start candidate=avgy
2026-08-14 23:40:17,354 INFO [__main__] gate fitting done candidate=avgy
2026-08-14 23:40:17,383 INFO [__main__] experiment done seconds=2.16
2026-08-14 23:40:17,383 INFO [__main__] ========================================================================
2026-08-14T23:40:17+02:00 gates done configuration=9/12 dataset=Solar model=chronos2 formula=bayes_avgy_shared lags=504 horizon=168 retrieval=instance_euclidean_1_online
2026-08-14 23:40:20,062 INFO [__main__] extraction validation directory=/home/h61084/codes/adapts/outputs/extraction/exchange_rate/168_24/chronos2/instance/euclidean/1/online/run_1 status=complete

2026-08-14T23:40:20+02:00 gates start configuration=10/12 dataset=exchange_rate model=chronos2 formula=catboost_avgy_regressor_shared lags=168 horizon=24 retrieval=instance_euclidean_1_online run=/home/h61084/codes/adapts/outputs/adaptation/offline_datastore_ablation/exchange_rate/168_24/chronos2/catboost_avgy_regressor_shared/instance/euclidean/1/online/run_0 computation_signature=59ad8cc47f1723bd385268ebeb02992c243c2226f4f6c923e89388705c5a6342 iterations=300 learning_rate=0.03 depth=4 early_stopping_rounds=50 task_type=CPU thread_count=2 validation_fraction=0.2 seed=1
2026-08-14 23:40:23,019 INFO [__main__] ========================================================================
2026-08-14 23:40:23,019 INFO [__main__] selected methods=('catboost_avgy_regressor_shared',)
2026-08-14 23:40:24,740 INFO [__main__] gate fitting start candidate=avgy
2026-08-14 23:40:26,287 INFO [__main__] gate fitting done candidate=avgy
2026-08-14 23:40:26,869 INFO [__main__] experiment done seconds=3.85
2026-08-14 23:40:26,869 INFO [__main__] ========================================================================
2026-08-14T23:40:27+02:00 gates done configuration=10/12 dataset=exchange_rate model=chronos2 formula=catboost_avgy_regressor_shared lags=168 horizon=24 retrieval=instance_euclidean_1_online

2026-08-14T23:40:27+02:00 gates start configuration=10/12 dataset=exchange_rate model=chronos2 formula=bayes_avgy_shared lags=168 horizon=24 retrieval=instance_euclidean_1_online run=/home/h61084/codes/adapts/outputs/adaptation/offline_datastore_ablation/exchange_rate/168_24/chronos2/bayes_avgy_shared/instance/euclidean/1/online/run_0 computation_signature=68e5c2a435a2ef031093b018c0c581635cf46b5633a4a308f02e61a70abfe3dd iterations=300 learning_rate=0.03 depth=4 early_stopping_rounds=50 task_type=CPU thread_count=2 validation_fraction=0.2 seed=1
2026-08-14 23:40:30,122 INFO [__main__] ========================================================================
2026-08-14 23:40:30,122 INFO [__main__] selected methods=('bayes_avgy_shared',)
2026-08-14 23:40:31,642 INFO [__main__] gate fitting start candidate=avgy
2026-08-14 23:40:31,704 INFO [__main__] gate fitting done candidate=avgy
2026-08-14 23:40:31,730 INFO [__main__] experiment done seconds=1.61
2026-08-14 23:40:31,731 INFO [__main__] ========================================================================
2026-08-14T23:40:32+02:00 gates done configuration=10/12 dataset=exchange_rate model=chronos2 formula=bayes_avgy_shared lags=168 horizon=24 retrieval=instance_euclidean_1_online
2026-08-14 23:40:34,373 INFO [__main__] extraction validation directory=/home/h61084/codes/adapts/outputs/extraction/exchange_rate/336_48/chronos2/instance/euclidean/1/online/run_1 status=complete

2026-08-14T23:40:34+02:00 gates start configuration=11/12 dataset=exchange_rate model=chronos2 formula=catboost_avgy_regressor_shared lags=336 horizon=48 retrieval=instance_euclidean_1_online run=/home/h61084/codes/adapts/outputs/adaptation/offline_datastore_ablation/exchange_rate/336_48/chronos2/catboost_avgy_regressor_shared/instance/euclidean/1/online/run_0 computation_signature=21fd1eb21afbb0099eb8252b0a88ad0129f50d882ff4fd45fe9b0a948dd19593 iterations=300 learning_rate=0.03 depth=4 early_stopping_rounds=50 task_type=CPU thread_count=2 validation_fraction=0.2 seed=1
2026-08-14 23:40:37,299 INFO [__main__] ========================================================================
2026-08-14 23:40:37,299 INFO [__main__] selected methods=('catboost_avgy_regressor_shared',)
2026-08-14 23:40:38,911 INFO [__main__] gate fitting start candidate=avgy
2026-08-14 23:40:40,309 INFO [__main__] gate fitting done candidate=avgy
2026-08-14 23:40:40,881 INFO [__main__] experiment done seconds=3.58
2026-08-14 23:40:40,881 INFO [__main__] ========================================================================
2026-08-14T23:40:41+02:00 gates done configuration=11/12 dataset=exchange_rate model=chronos2 formula=catboost_avgy_regressor_shared lags=336 horizon=48 retrieval=instance_euclidean_1_online

2026-08-14T23:40:41+02:00 gates start configuration=11/12 dataset=exchange_rate model=chronos2 formula=bayes_avgy_shared lags=336 horizon=48 retrieval=instance_euclidean_1_online run=/home/h61084/codes/adapts/outputs/adaptation/offline_datastore_ablation/exchange_rate/336_48/chronos2/bayes_avgy_shared/instance/euclidean/1/online/run_0 computation_signature=536409a2d7b57fadf926885a1205797c34ab4e90b9e5ed7bb8d275daa5b5cb82 iterations=300 learning_rate=0.03 depth=4 early_stopping_rounds=50 task_type=CPU thread_count=2 validation_fraction=0.2 seed=1
2026-08-14 23:40:44,204 INFO [__main__] ========================================================================
2026-08-14 23:40:44,204 INFO [__main__] selected methods=('bayes_avgy_shared',)
2026-08-14 23:40:45,973 INFO [__main__] gate fitting start candidate=avgy
2026-08-14 23:40:46,058 INFO [__main__] gate fitting done candidate=avgy
2026-08-14 23:40:46,092 INFO [__main__] experiment done seconds=1.88
2026-08-14 23:40:46,092 INFO [__main__] ========================================================================
2026-08-14T23:40:46+02:00 gates done configuration=11/12 dataset=exchange_rate model=chronos2 formula=bayes_avgy_shared lags=336 horizon=48 retrieval=instance_euclidean_1_online
2026-08-14 23:40:48,766 INFO [__main__] extraction validation directory=/home/h61084/codes/adapts/outputs/extraction/exchange_rate/504_168/chronos2/instance/euclidean/1/online/run_1 status=complete

2026-08-14T23:40:49+02:00 gates start configuration=12/12 dataset=exchange_rate model=chronos2 formula=catboost_avgy_regressor_shared lags=504 horizon=168 retrieval=instance_euclidean_1_online run=/home/h61084/codes/adapts/outputs/adaptation/offline_datastore_ablation/exchange_rate/504_168/chronos2/catboost_avgy_regressor_shared/instance/euclidean/1/online/run_0 computation_signature=c4a5425f4486dbd0e85dee4331e7866387496270c5e808dcf0159dc8af161f2a iterations=300 learning_rate=0.03 depth=4 early_stopping_rounds=50 task_type=CPU thread_count=2 validation_fraction=0.2 seed=1
2026-08-14 23:40:51,747 INFO [__main__] ========================================================================
2026-08-14 23:40:51,747 INFO [__main__] selected methods=('catboost_avgy_regressor_shared',)
2026-08-14 23:40:53,745 INFO [__main__] gate fitting start candidate=avgy
2026-08-14 23:40:55,074 INFO [__main__] gate fitting done candidate=avgy
2026-08-14 23:40:55,719 INFO [__main__] experiment done seconds=3.97
2026-08-14 23:40:55,719 INFO [__main__] ========================================================================
2026-08-14T23:40:56+02:00 gates done configuration=12/12 dataset=exchange_rate model=chronos2 formula=catboost_avgy_regressor_shared lags=504 horizon=168 retrieval=instance_euclidean_1_online

2026-08-14T23:40:56+02:00 gates start configuration=12/12 dataset=exchange_rate model=chronos2 formula=bayes_avgy_shared lags=504 horizon=168 retrieval=instance_euclidean_1_online run=/home/h61084/codes/adapts/outputs/adaptation/offline_datastore_ablation/exchange_rate/504_168/chronos2/bayes_avgy_shared/instance/euclidean/1/online/run_0 computation_signature=fba091c441d8ec35c2cb83065019bde1981cbb61cba51a7c650c2a6d1e23f0f4 iterations=300 learning_rate=0.03 depth=4 early_stopping_rounds=50 task_type=CPU thread_count=2 validation_fraction=0.2 seed=1
2026-08-14 23:40:59,269 INFO [__main__] ========================================================================
2026-08-14 23:40:59,269 INFO [__main__] selected methods=('bayes_avgy_shared',)
2026-08-14 23:41:01,112 INFO [__main__] gate fitting start candidate=avgy
2026-08-14 23:41:01,196 INFO [__main__] gate fitting done candidate=avgy
2026-08-14 23:41:01,230 INFO [__main__] experiment done seconds=1.96
2026-08-14 23:41:01,230 INFO [__main__] ========================================================================
2026-08-14T23:41:01+02:00 gates done configuration=12/12 dataset=exchange_rate model=chronos2 formula=bayes_avgy_shared lags=504 horizon=168 retrieval=instance_euclidean_1_online

2026-08-14T23:41:01+02:00 job done kind=gates output=outputs/adaptation/offline_datastore_ablation

2026-08-14T23:41:01+02:00 job start kind=adaptation_extraction family=offline_datastore_ablation experiment_mode=full skip_complete=true tasks=24 datasets=Electricity,Traffic,Solar,exchange_rate models=chronos2 settings=168:24,336:48,504:168 distance_spaces=raw distance_metrics=euclidean neighbors=3
2026-08-14T23:41:01+02:00 skip complete family=extraction dataset=Electricity model=chronos2 lags=168 horizon=24 retrieval=vanilla run=/home/h61084/codes/adapts/outputs/extraction/Electricity/168_24/chronos2/none/none/0/none/run_1
2026-08-14T23:41:01+02:00 skip complete family=extraction dataset=Electricity model=chronos2 lags=168 horizon=24 retrieval=raw_euclidean_3_online run=/home/h61084/codes/adapts/outputs/extraction/Electricity/168_24/chronos2/raw/euclidean/3/online/run_1
2026-08-14T23:41:02+02:00 skip complete family=extraction dataset=Electricity model=chronos2 lags=336 horizon=48 retrieval=vanilla run=/home/h61084/codes/adapts/outputs/extraction/Electricity/336_48/chronos2/none/none/0/none/run_1
2026-08-14T23:41:02+02:00 skip complete family=extraction dataset=Electricity model=chronos2 lags=336 horizon=48 retrieval=raw_euclidean_3_online run=/home/h61084/codes/adapts/outputs/extraction/Electricity/336_48/chronos2/raw/euclidean/3/online/run_1
2026-08-14T23:41:02+02:00 skip complete family=extraction dataset=Electricity model=chronos2 lags=504 horizon=168 retrieval=vanilla run=/home/h61084/codes/adapts/outputs/extraction/Electricity/504_168/chronos2/none/none/0/none/run_2
2026-08-14T23:41:02+02:00 skip complete family=extraction dataset=Electricity model=chronos2 lags=504 horizon=168 retrieval=raw_euclidean_3_online run=/home/h61084/codes/adapts/outputs/extraction/Electricity/504_168/chronos2/raw/euclidean/3/online/run_2
2026-08-14T23:41:02+02:00 skip complete family=extraction dataset=Traffic model=chronos2 lags=168 horizon=24 retrieval=vanilla run=/home/h61084/codes/adapts/outputs/extraction/Traffic/168_24/chronos2/none/none/0/none/run_1
2026-08-14T23:41:02+02:00 skip complete family=extraction dataset=Traffic model=chronos2 lags=168 horizon=24 retrieval=raw_euclidean_3_online run=/home/h61084/codes/adapts/outputs/extraction/Traffic/168_24/chronos2/raw/euclidean/3/online/run_1
2026-08-14T23:41:02+02:00 skip complete family=extraction dataset=Traffic model=chronos2 lags=336 horizon=48 retrieval=vanilla run=/home/h61084/codes/adapts/outputs/extraction/Traffic/336_48/chronos2/none/none/0/none/run_1
2026-08-14T23:41:02+02:00 skip complete family=extraction dataset=Traffic model=chronos2 lags=336 horizon=48 retrieval=raw_euclidean_3_online run=/home/h61084/codes/adapts/outputs/extraction/Traffic/336_48/chronos2/raw/euclidean/3/online/run_1
2026-08-14T23:41:02+02:00 skip complete family=extraction dataset=Traffic model=chronos2 lags=504 horizon=168 retrieval=vanilla run=/home/h61084/codes/adapts/outputs/extraction/Traffic/504_168/chronos2/none/none/0/none/run_1
2026-08-14T23:41:02+02:00 skip complete family=extraction dataset=Traffic model=chronos2 lags=504 horizon=168 retrieval=raw_euclidean_3_online run=/home/h61084/codes/adapts/outputs/extraction/Traffic/504_168/chronos2/raw/euclidean/3/online/run_1
2026-08-14T23:41:02+02:00 skip complete family=extraction dataset=Solar model=chronos2 lags=168 horizon=24 retrieval=vanilla run=/home/h61084/codes/adapts/outputs/extraction/Solar/168_24/chronos2/none/none/0/none/run_1
2026-08-14T23:41:02+02:00 skip complete family=extraction dataset=Solar model=chronos2 lags=168 horizon=24 retrieval=raw_euclidean_3_online run=/home/h61084/codes/adapts/outputs/extraction/Solar/168_24/chronos2/raw/euclidean/3/online/run_1
2026-08-14T23:41:02+02:00 skip complete family=extraction dataset=Solar model=chronos2 lags=336 horizon=48 retrieval=vanilla run=/home/h61084/codes/adapts/outputs/extraction/Solar/336_48/chronos2/none/none/0/none/run_1
2026-08-14T23:41:03+02:00 skip complete family=extraction dataset=Solar model=chronos2 lags=336 horizon=48 retrieval=raw_euclidean_3_online run=/home/h61084/codes/adapts/outputs/extraction/Solar/336_48/chronos2/raw/euclidean/3/online/run_1
2026-08-14T23:41:03+02:00 skip complete family=extraction dataset=Solar model=chronos2 lags=504 horizon=168 retrieval=vanilla run=/home/h61084/codes/adapts/outputs/extraction/Solar/504_168/chronos2/none/none/0/none/run_1
2026-08-14T23:41:03+02:00 skip complete family=extraction dataset=Solar model=chronos2 lags=504 horizon=168 retrieval=raw_euclidean_3_online run=/home/h61084/codes/adapts/outputs/extraction/Solar/504_168/chronos2/raw/euclidean/3/online/run_1
2026-08-14T23:41:03+02:00 skip complete family=extraction dataset=exchange_rate model=chronos2 lags=168 horizon=24 retrieval=vanilla run=/home/h61084/codes/adapts/outputs/extraction/exchange_rate/168_24/chronos2/none/none/0/none/run_1
2026-08-14T23:41:03+02:00 skip complete family=extraction dataset=exchange_rate model=chronos2 lags=168 horizon=24 retrieval=raw_euclidean_3_online run=/home/h61084/codes/adapts/outputs/extraction/exchange_rate/168_24/chronos2/raw/euclidean/3/online/run_1
2026-08-14T23:41:03+02:00 skip complete family=extraction dataset=exchange_rate model=chronos2 lags=336 horizon=48 retrieval=vanilla run=/home/h61084/codes/adapts/outputs/extraction/exchange_rate/336_48/chronos2/none/none/0/none/run_1
2026-08-14T23:41:03+02:00 skip complete family=extraction dataset=exchange_rate model=chronos2 lags=336 horizon=48 retrieval=raw_euclidean_3_online run=/home/h61084/codes/adapts/outputs/extraction/exchange_rate/336_48/chronos2/raw/euclidean/3/online/run_1
2026-08-14T23:41:03+02:00 skip complete family=extraction dataset=exchange_rate model=chronos2 lags=504 horizon=168 retrieval=vanilla run=/home/h61084/codes/adapts/outputs/extraction/exchange_rate/504_168/chronos2/none/none/0/none/run_1
2026-08-14T23:41:03+02:00 skip complete family=extraction dataset=exchange_rate model=chronos2 lags=504 horizon=168 retrieval=raw_euclidean_3_online run=/home/h61084/codes/adapts/outputs/extraction/exchange_rate/504_168/chronos2/raw/euclidean/3/online/run_1

2026-08-14T23:41:03+02:00 job done kind=adaptation_extraction output=outputs/extraction

2026-08-14T23:41:03+02:00 job start kind=baselines family=offline_datastore_ablation experiment_mode=full skip_complete=true tasks=12 datasets=Electricity,Traffic,Solar,exchange_rate models=chronos2 settings=168:24,336:48,504:168 distance_spaces=raw distance_metrics=euclidean neighbors=3 methods=full_ridge_shared results_root=outputs/adaptation/offline_datastore_ablation
2026-08-14 23:41:05,826 INFO [__main__] extraction validation directory=/home/h61084/codes/adapts/outputs/extraction/Electricity/168_24/chronos2/raw/euclidean/3/online/run_1 status=complete

2026-08-14T23:41:06+02:00 baselines start configuration=1/12 dataset=Electricity model=chronos2 formula=full_ridge_shared lags=168 horizon=24 retrieval=raw_euclidean_3_online run=/home/h61084/codes/adapts/outputs/adaptation/offline_datastore_ablation/Electricity/168_24/chronos2/full_ridge_shared/raw/euclidean/3/online/run_0 computation_signature=c573add486e1e799de2e39ce70c0e548df9333313b8e7063189fe6f0a054de61 l2_grid=0,1e-6,1e-5,1e-4,1e-3,1e-2,1e-1,1,10 validation_fraction=0.2 fit_baselines_on_eval=false seed=1
2026-08-14 23:41:08,695 INFO [__main__] ========================================================================
2026-08-14 23:41:08,695 INFO [__main__] selected methods=('full_ridge_shared',)
2026-08-14 23:41:11,104 INFO [__main__] baseline selection start l2_grid=(0.0, 1e-06, 1e-05, 0.0001, 0.001, 0.01, 0.1, 1.0, 10.0)
2026-08-14 23:41:11,887 INFO [__main__] baseline selection done
2026-08-14 23:41:11,910 INFO [__main__] experiment done seconds=3.21
2026-08-14 23:41:11,910 INFO [__main__] ========================================================================
2026-08-14T23:41:12+02:00 baselines done configuration=1/12 dataset=Electricity model=chronos2 formula=full_ridge_shared lags=168 horizon=24 retrieval=raw_euclidean_3_online
2026-08-14 23:41:14,741 INFO [__main__] extraction validation directory=/home/h61084/codes/adapts/outputs/extraction/Electricity/336_48/chronos2/raw/euclidean/3/online/run_1 status=complete

2026-08-14T23:41:15+02:00 baselines start configuration=2/12 dataset=Electricity model=chronos2 formula=full_ridge_shared lags=336 horizon=48 retrieval=raw_euclidean_3_online run=/home/h61084/codes/adapts/outputs/adaptation/offline_datastore_ablation/Electricity/336_48/chronos2/full_ridge_shared/raw/euclidean/3/online/run_0 computation_signature=f9ea6c99589da99c0d7d971cc4f63868fc45f107c5ce2bb70e14f646f1b4891a l2_grid=0,1e-6,1e-5,1e-4,1e-3,1e-2,1e-1,1,10 validation_fraction=0.2 fit_baselines_on_eval=false seed=1
2026-08-14 23:41:17,691 INFO [__main__] ========================================================================
2026-08-14 23:41:17,692 INFO [__main__] selected methods=('full_ridge_shared',)
2026-08-14 23:41:20,929 INFO [__main__] baseline selection start l2_grid=(0.0, 1e-06, 1e-05, 0.0001, 0.001, 0.01, 0.1, 1.0, 10.0)
2026-08-14 23:41:22,603 INFO [__main__] baseline selection done
2026-08-14 23:41:22,626 INFO [__main__] experiment done seconds=4.93
2026-08-14 23:41:22,626 INFO [__main__] ========================================================================
2026-08-14T23:41:23+02:00 baselines done configuration=2/12 dataset=Electricity model=chronos2 formula=full_ridge_shared lags=336 horizon=48 retrieval=raw_euclidean_3_online
2026-08-14 23:41:25,367 INFO [__main__] extraction validation directory=/home/h61084/codes/adapts/outputs/extraction/Electricity/504_168/chronos2/raw/euclidean/3/online/run_2 status=complete

2026-08-14T23:41:25+02:00 baselines start configuration=3/12 dataset=Electricity model=chronos2 formula=full_ridge_shared lags=504 horizon=168 retrieval=raw_euclidean_3_online run=/home/h61084/codes/adapts/outputs/adaptation/offline_datastore_ablation/Electricity/504_168/chronos2/full_ridge_shared/raw/euclidean/3/online/run_0 computation_signature=d567d03519d119442e9e67b8631d784483e4f2b864ba987d335fbbd2eb8be38e l2_grid=0,1e-6,1e-5,1e-4,1e-3,1e-2,1e-1,1,10 validation_fraction=0.2 fit_baselines_on_eval=false seed=1
2026-08-14 23:41:28,336 INFO [__main__] ========================================================================
2026-08-14 23:41:28,336 INFO [__main__] selected methods=('full_ridge_shared',)
2026-08-14 23:41:32,596 INFO [__main__] baseline selection start l2_grid=(0.0, 1e-06, 1e-05, 0.0001, 0.001, 0.01, 0.1, 1.0, 10.0)
2026-08-14 23:41:37,461 INFO [__main__] baseline selection done
2026-08-14 23:41:37,486 INFO [__main__] experiment done seconds=9.15
2026-08-14 23:41:37,486 INFO [__main__] ========================================================================
2026-08-14T23:41:38+02:00 baselines done configuration=3/12 dataset=Electricity model=chronos2 formula=full_ridge_shared lags=504 horizon=168 retrieval=raw_euclidean_3_online
2026-08-14 23:41:40,123 INFO [__main__] extraction validation directory=/home/h61084/codes/adapts/outputs/extraction/Traffic/168_24/chronos2/raw/euclidean/3/online/run_1 status=complete

2026-08-14T23:41:40+02:00 baselines start configuration=4/12 dataset=Traffic model=chronos2 formula=full_ridge_shared lags=168 horizon=24 retrieval=raw_euclidean_3_online run=/home/h61084/codes/adapts/outputs/adaptation/offline_datastore_ablation/Traffic/168_24/chronos2/full_ridge_shared/raw/euclidean/3/online/run_0 computation_signature=d92b33538b46fa83dedb03df4df6b2bdb32b929a99a46b136ca8f5b7a59b893a l2_grid=0,1e-6,1e-5,1e-4,1e-3,1e-2,1e-1,1,10 validation_fraction=0.2 fit_baselines_on_eval=false seed=1
2026-08-14 23:41:43,003 INFO [__main__] ========================================================================
2026-08-14 23:41:43,003 INFO [__main__] selected methods=('full_ridge_shared',)
2026-08-14 23:41:46,231 INFO [__main__] baseline selection start l2_grid=(0.0, 1e-06, 1e-05, 0.0001, 0.001, 0.01, 0.1, 1.0, 10.0)
2026-08-14 23:41:47,844 INFO [__main__] baseline selection done
2026-08-14 23:41:47,867 INFO [__main__] experiment done seconds=4.86
2026-08-14 23:41:47,867 INFO [__main__] ========================================================================
2026-08-14T23:41:48+02:00 baselines done configuration=4/12 dataset=Traffic model=chronos2 formula=full_ridge_shared lags=168 horizon=24 retrieval=raw_euclidean_3_online
2026-08-14 23:41:50,607 INFO [__main__] extraction validation directory=/home/h61084/codes/adapts/outputs/extraction/Traffic/336_48/chronos2/raw/euclidean/3/online/run_1 status=complete

2026-08-14T23:41:51+02:00 baselines start configuration=5/12 dataset=Traffic model=chronos2 formula=full_ridge_shared lags=336 horizon=48 retrieval=raw_euclidean_3_online run=/home/h61084/codes/adapts/outputs/adaptation/offline_datastore_ablation/Traffic/336_48/chronos2/full_ridge_shared/raw/euclidean/3/online/run_0 computation_signature=83c5f6f00111c4d9a813cc1bc68e6bf276590d55c722105a578328d23b4ef186 l2_grid=0,1e-6,1e-5,1e-4,1e-3,1e-2,1e-1,1,10 validation_fraction=0.2 fit_baselines_on_eval=false seed=1
2026-08-14 23:41:53,531 INFO [__main__] ========================================================================
2026-08-14 23:41:53,531 INFO [__main__] selected methods=('full_ridge_shared',)
2026-08-14 23:41:57,874 INFO [__main__] baseline selection start l2_grid=(0.0, 1e-06, 1e-05, 0.0001, 0.001, 0.01, 0.1, 1.0, 10.0)
2026-08-14 23:42:00,770 INFO [__main__] baseline selection done
2026-08-14 23:42:00,795 INFO [__main__] experiment done seconds=7.26
2026-08-14 23:42:00,795 INFO [__main__] ========================================================================
2026-08-14T23:42:01+02:00 baselines done configuration=5/12 dataset=Traffic model=chronos2 formula=full_ridge_shared lags=336 horizon=48 retrieval=raw_euclidean_3_online
2026-08-14 23:42:03,506 INFO [__main__] extraction validation directory=/home/h61084/codes/adapts/outputs/extraction/Traffic/504_168/chronos2/raw/euclidean/3/online/run_1 status=complete

2026-08-14T23:42:04+02:00 baselines start configuration=6/12 dataset=Traffic model=chronos2 formula=full_ridge_shared lags=504 horizon=168 retrieval=raw_euclidean_3_online run=/home/h61084/codes/adapts/outputs/adaptation/offline_datastore_ablation/Traffic/504_168/chronos2/full_ridge_shared/raw/euclidean/3/online/run_0 computation_signature=6f7d5c7c4ed6c566ee933715fc05908f8d7b9b70af29e00c585a286999bb61a0 l2_grid=0,1e-6,1e-5,1e-4,1e-3,1e-2,1e-1,1,10 validation_fraction=0.2 fit_baselines_on_eval=false seed=1
2026-08-14 23:42:06,437 INFO [__main__] ========================================================================
2026-08-14 23:42:06,437 INFO [__main__] selected methods=('full_ridge_shared',)
2026-08-14 23:42:14,668 INFO [__main__] baseline selection start l2_grid=(0.0, 1e-06, 1e-05, 0.0001, 0.001, 0.01, 0.1, 1.0, 10.0)
2026-08-14 23:42:24,635 INFO [__main__] baseline selection done
2026-08-14 23:42:24,660 INFO [__main__] experiment done seconds=18.22
2026-08-14 23:42:24,660 INFO [__main__] ========================================================================
2026-08-14T23:42:25+02:00 baselines done configuration=6/12 dataset=Traffic model=chronos2 formula=full_ridge_shared lags=504 horizon=168 retrieval=raw_euclidean_3_online
2026-08-14 23:42:27,417 INFO [__main__] extraction validation directory=/home/h61084/codes/adapts/outputs/extraction/Solar/168_24/chronos2/raw/euclidean/3/online/run_1 status=complete

2026-08-14T23:42:27+02:00 baselines start configuration=7/12 dataset=Solar model=chronos2 formula=full_ridge_shared lags=168 horizon=24 retrieval=raw_euclidean_3_online run=/home/h61084/codes/adapts/outputs/adaptation/offline_datastore_ablation/Solar/168_24/chronos2/full_ridge_shared/raw/euclidean/3/online/run_0 computation_signature=1560f77d27a1fde81aa11a64ff40dac09b3fc995b86304315644de61af16bbb2 l2_grid=0,1e-6,1e-5,1e-4,1e-3,1e-2,1e-1,1,10 validation_fraction=0.2 fit_baselines_on_eval=false seed=1
2026-08-14 23:42:30,302 INFO [__main__] ========================================================================
2026-08-14 23:42:30,302 INFO [__main__] selected methods=('full_ridge_shared',)
2026-08-14 23:42:32,133 INFO [__main__] baseline selection start l2_grid=(0.0, 1e-06, 1e-05, 0.0001, 0.001, 0.01, 0.1, 1.0, 10.0)
2026-08-14 23:42:32,436 INFO [__main__] baseline selection done
2026-08-14 23:42:32,459 INFO [__main__] experiment done seconds=2.15
2026-08-14 23:42:32,459 INFO [__main__] ========================================================================
2026-08-14T23:42:32+02:00 baselines done configuration=7/12 dataset=Solar model=chronos2 formula=full_ridge_shared lags=168 horizon=24 retrieval=raw_euclidean_3_online
2026-08-14 23:42:35,315 INFO [__main__] extraction validation directory=/home/h61084/codes/adapts/outputs/extraction/Solar/336_48/chronos2/raw/euclidean/3/online/run_1 status=complete

2026-08-14T23:42:35+02:00 baselines start configuration=8/12 dataset=Solar model=chronos2 formula=full_ridge_shared lags=336 horizon=48 retrieval=raw_euclidean_3_online run=/home/h61084/codes/adapts/outputs/adaptation/offline_datastore_ablation/Solar/336_48/chronos2/full_ridge_shared/raw/euclidean/3/online/run_0 computation_signature=456593c7d69f7920224357631e9f5af32e84fef540a096d34e36ff017df11523 l2_grid=0,1e-6,1e-5,1e-4,1e-3,1e-2,1e-1,1,10 validation_fraction=0.2 fit_baselines_on_eval=false seed=1
2026-08-14 23:42:38,567 INFO [__main__] ========================================================================
2026-08-14 23:42:38,567 INFO [__main__] selected methods=('full_ridge_shared',)
2026-08-14 23:42:40,459 INFO [__main__] baseline selection start l2_grid=(0.0, 1e-06, 1e-05, 0.0001, 0.001, 0.01, 0.1, 1.0, 10.0)
2026-08-14 23:42:40,880 INFO [__main__] baseline selection done
2026-08-14 23:42:40,905 INFO [__main__] experiment done seconds=2.33
2026-08-14 23:42:40,905 INFO [__main__] ========================================================================
2026-08-14T23:42:41+02:00 baselines done configuration=8/12 dataset=Solar model=chronos2 formula=full_ridge_shared lags=336 horizon=48 retrieval=raw_euclidean_3_online
2026-08-14 23:42:43,581 INFO [__main__] extraction validation directory=/home/h61084/codes/adapts/outputs/extraction/Solar/504_168/chronos2/raw/euclidean/3/online/run_1 status=complete

2026-08-14T23:42:44+02:00 baselines start configuration=9/12 dataset=Solar model=chronos2 formula=full_ridge_shared lags=504 horizon=168 retrieval=raw_euclidean_3_online run=/home/h61084/codes/adapts/outputs/adaptation/offline_datastore_ablation/Solar/504_168/chronos2/full_ridge_shared/raw/euclidean/3/online/run_0 computation_signature=bf3e2a8b80809de9df9aea12585c4ca1d2f6a599f8a10e89aac8c723563f8fbe l2_grid=0,1e-6,1e-5,1e-4,1e-3,1e-2,1e-1,1,10 validation_fraction=0.2 fit_baselines_on_eval=false seed=1
2026-08-14 23:42:46,535 INFO [__main__] ========================================================================
2026-08-14 23:42:46,536 INFO [__main__] selected methods=('full_ridge_shared',)
2026-08-14 23:42:48,610 INFO [__main__] baseline selection start l2_grid=(0.0, 1e-06, 1e-05, 0.0001, 0.001, 0.01, 0.1, 1.0, 10.0)
2026-08-14 23:42:49,561 INFO [__main__] baseline selection done
2026-08-14 23:42:49,588 INFO [__main__] experiment done seconds=3.05
2026-08-14 23:42:49,588 INFO [__main__] ========================================================================
2026-08-14T23:42:50+02:00 baselines done configuration=9/12 dataset=Solar model=chronos2 formula=full_ridge_shared lags=504 horizon=168 retrieval=raw_euclidean_3_online
2026-08-14 23:42:52,552 INFO [__main__] extraction validation directory=/home/h61084/codes/adapts/outputs/extraction/exchange_rate/168_24/chronos2/raw/euclidean/3/online/run_1 status=complete

2026-08-14T23:42:53+02:00 baselines start configuration=10/12 dataset=exchange_rate model=chronos2 formula=full_ridge_shared lags=168 horizon=24 retrieval=raw_euclidean_3_online run=/home/h61084/codes/adapts/outputs/adaptation/offline_datastore_ablation/exchange_rate/168_24/chronos2/full_ridge_shared/raw/euclidean/3/online/run_0 computation_signature=dd1a3b3b4892a40e29dcba12e5697508443e2f559de41b599d881dbb4afcf3f8 l2_grid=0,1e-6,1e-5,1e-4,1e-3,1e-2,1e-1,1,10 validation_fraction=0.2 fit_baselines_on_eval=false seed=1
2026-08-14 23:42:55,656 INFO [__main__] ========================================================================
2026-08-14 23:42:55,656 INFO [__main__] selected methods=('full_ridge_shared',)
2026-08-14 23:42:57,386 INFO [__main__] baseline selection start l2_grid=(0.0, 1e-06, 1e-05, 0.0001, 0.001, 0.01, 0.1, 1.0, 10.0)
2026-08-14 23:42:57,521 INFO [__main__] baseline selection done
2026-08-14 23:42:57,543 INFO [__main__] experiment done seconds=1.88
2026-08-14 23:42:57,543 INFO [__main__] ========================================================================
2026-08-14T23:42:58+02:00 baselines done configuration=10/12 dataset=exchange_rate model=chronos2 formula=full_ridge_shared lags=168 horizon=24 retrieval=raw_euclidean_3_online
2026-08-14 23:43:00,095 INFO [__main__] extraction validation directory=/home/h61084/codes/adapts/outputs/extraction/exchange_rate/336_48/chronos2/raw/euclidean/3/online/run_1 status=complete

2026-08-14T23:43:00+02:00 baselines start configuration=11/12 dataset=exchange_rate model=chronos2 formula=full_ridge_shared lags=336 horizon=48 retrieval=raw_euclidean_3_online run=/home/h61084/codes/adapts/outputs/adaptation/offline_datastore_ablation/exchange_rate/336_48/chronos2/full_ridge_shared/raw/euclidean/3/online/run_0 computation_signature=68c9bb1dc7a742a2f43062d04fcdbdd8baaf1aa4a14408da721b055e7b5c6860 l2_grid=0,1e-6,1e-5,1e-4,1e-3,1e-2,1e-1,1,10 validation_fraction=0.2 fit_baselines_on_eval=false seed=1
2026-08-14 23:43:02,967 INFO [__main__] ========================================================================
2026-08-14 23:43:02,968 INFO [__main__] selected methods=('full_ridge_shared',)
2026-08-14 23:43:04,395 INFO [__main__] baseline selection start l2_grid=(0.0, 1e-06, 1e-05, 0.0001, 0.001, 0.01, 0.1, 1.0, 10.0)
2026-08-14 23:43:04,543 INFO [__main__] baseline selection done
2026-08-14 23:43:04,566 INFO [__main__] experiment done seconds=1.60
2026-08-14 23:43:04,566 INFO [__main__] ========================================================================
2026-08-14T23:43:05+02:00 baselines done configuration=11/12 dataset=exchange_rate model=chronos2 formula=full_ridge_shared lags=336 horizon=48 retrieval=raw_euclidean_3_online
2026-08-14 23:43:07,082 INFO [__main__] extraction validation directory=/home/h61084/codes/adapts/outputs/extraction/exchange_rate/504_168/chronos2/raw/euclidean/3/online/run_1 status=complete

2026-08-14T23:43:07+02:00 baselines start configuration=12/12 dataset=exchange_rate model=chronos2 formula=full_ridge_shared lags=504 horizon=168 retrieval=raw_euclidean_3_online run=/home/h61084/codes/adapts/outputs/adaptation/offline_datastore_ablation/exchange_rate/504_168/chronos2/full_ridge_shared/raw/euclidean/3/online/run_0 computation_signature=144f29b76ef70d8777eb50d92ea37d1f8e052d1e38dcba7cbfc24848c7c337da l2_grid=0,1e-6,1e-5,1e-4,1e-3,1e-2,1e-1,1,10 validation_fraction=0.2 fit_baselines_on_eval=false seed=1
2026-08-14 23:43:09,993 INFO [__main__] ========================================================================
2026-08-14 23:43:09,993 INFO [__main__] selected methods=('full_ridge_shared',)
2026-08-14 23:43:11,580 INFO [__main__] baseline selection start l2_grid=(0.0, 1e-06, 1e-05, 0.0001, 0.001, 0.01, 0.1, 1.0, 10.0)
2026-08-14 23:43:11,863 INFO [__main__] baseline selection done
2026-08-14 23:43:11,886 INFO [__main__] experiment done seconds=1.89
2026-08-14 23:43:11,886 INFO [__main__] ========================================================================
2026-08-14T23:43:12+02:00 baselines done configuration=12/12 dataset=exchange_rate model=chronos2 formula=full_ridge_shared lags=504 horizon=168 retrieval=raw_euclidean_3_online

2026-08-14T23:43:12+02:00 job done kind=baselines output=outputs/adaptation/offline_datastore_ablation

2026-08-14T23:43:12+02:00 job start kind=adaptation_tables experiment_mode=full datasets=Electricity,Traffic,Solar,exchange_rate models=chronos2 settings=168_24,336_48,504_168 families=baselines,gates metric=nmse distance_metrics=euclidean methods=full_ridge_shared,cov_y_ridge_shared,cov_avgy_ridge_shared,catboost_cov_regressor_shared,catboost_avgy_regressor_shared,bayes_cov_shared,bayes_avgy_shared table_kinds=full,average results_root=outputs/adaptation/offline_datastore_ablation

2026-08-14T23:43:12+02:00 table start model=chronos2 kind=full metric=nmse split=eval decimals=2 output=/home/h61084/codes/adapts/outputs/reports/offline_datastore_ablation/full/chronos2/full
LaTeX table written to /home/h61084/codes/adapts/outputs/reports/offline_datastore_ablation/full/chronos2/full/baselines_results.tex
LaTeX table written to /home/h61084/codes/adapts/outputs/reports/offline_datastore_ablation/full/chronos2/full/gates_results.tex
2026-08-14T23:43:29+02:00 table done model=chronos2 kind=full output=/home/h61084/codes/adapts/outputs/reports/offline_datastore_ablation/full/chronos2/full

2026-08-14T23:43:29+02:00 table start model=chronos2 kind=average metric=nmse split=eval decimals=2 output=/home/h61084/codes/adapts/outputs/reports/offline_datastore_ablation/full/chronos2/average
LaTeX table written to /home/h61084/codes/adapts/outputs/reports/offline_datastore_ablation/full/chronos2/average/baselines_results.tex
LaTeX table written to /home/h61084/codes/adapts/outputs/reports/offline_datastore_ablation/full/chronos2/average/gates_results.tex
LaTeX table written to /home/h61084/codes/adapts/outputs/reports/offline_datastore_ablation/full/chronos2/average/positive_windows_results.tex
2026-08-14T23:43:38+02:00 table done model=chronos2 kind=average output=/home/h61084/codes/adapts/outputs/reports/offline_datastore_ablation/full/chronos2/average

2026-08-14T23:43:38+02:00 baseline coefficient plots start model=chronos2 output=/home/h61084/codes/adapts/outputs/reports/offline_datastore_ablation/full/chronos2/coefficients
Baseline coefficient outputs written: 240
Coefficient index written to /home/h61084/codes/adapts/outputs/reports/offline_datastore_ablation/full/chronos2/coefficients/coefficient_index.csv
2026-08-14T23:44:00+02:00 baseline coefficient plots done model=chronos2 output=/home/h61084/codes/adapts/outputs/reports/offline_datastore_ablation/full/chronos2/coefficients

2026-08-14T23:44:00+02:00 job done kind=adaptation_tables output=/home/h61084/codes/adapts/outputs/reports/offline_datastore_ablation/full
