
2026-08-13T23:24:18+02:00 job start kind=adaptation_extraction family=screen experiment_mode=full skip_complete=true tasks=60 datasets=Electricity,Traffic,Solar,exchange_rate models=chronos2 settings=168:24,336:48,504:168 distance_spaces=raw,instance distance_metrics=euclidean neighbors=1,3

2026-08-13T23:24:18+02:00 extraction start configuration=1/60 dataset=Electricity model=chronos2 lags=168 horizon=24 retrieval=vanilla run=/home/h61084/codes/adapts/outputs/extraction/Electricity/168_24/chronos2/none/none/0/none/run_1 computation_signature=2fa6b3f69d9ec872f970575d9ed4c0806253ea1a9ba55a8e67cb8c5c2e2f9c7c period=24 align_period=false datastore_stride=25 adapt_stride=25 eval_stride=127 max_store_windows=30000 seed=1
2026-08-13 23:24:26,227 INFO [__main__] ========================================================================
2026-08-13 23:24:26,227 INFO [__main__] experiment start kind=extraction dataset=Electricity model=chronos2 lags=168 horizon=24 neighbors=0 distance=raw/euclidean
2026-08-13 23:24:26,550 INFO [__main__] dataset load start
2026-08-13 23:24:26,572 INFO [src.data.load_dataset] loaded dataset config path=/home/h61084/codes/datasets/electricity/config.json keys=['aggr', 'date_col', 'drop_users']
2026-08-13 23:24:27,288 INFO [__main__] dataset load done dates=26304 users=312
2026-08-13 23:24:27,289 INFO [__main__] model load start
2026-08-13 23:24:44,162 INFO [__main__] model load done name=chronos2 device=cuda parameters_total=119,477,664 parameters_trainable=0
2026-08-13 23:24:44,165 INFO [__main__] extraction start split=adapt queries=526
2026-08-13 23:25:27,629 INFO [__main__] extraction done split=adapt
2026-08-13 23:25:27,629 INFO [__main__] extraction start split=eval queries=42
2026-08-13 23:25:31,433 INFO [__main__] extraction done split=eval
2026-08-13 23:25:31,475 INFO [__main__] vanilla metrics saved path=/home/h61084/codes/adapts/outputs/extraction/Electricity/168_24/chronos2/none/none/0/none/run_1/vanilla_metrics.json
2026-08-13 23:25:31,480 INFO [__main__] completion marker saved path=/home/h61084/codes/adapts/outputs/extraction/Electricity/168_24/chronos2/none/none/0/none/run_1/extraction_manifest.json
2026-08-13 23:25:31,480 INFO [__main__] outputs saved dir=/home/h61084/codes/adapts/outputs/extraction/Electricity/168_24/chronos2/none/none/0/none/run_1
2026-08-13 23:25:31,480 INFO [__main__] experiment done seconds=65.25
2026-08-13 23:25:31,480 INFO [__main__] ========================================================================
2026-08-13 23:25:34,715 INFO [__main__] extraction validation directory=/home/h61084/codes/adapts/outputs/extraction/Electricity/168_24/chronos2/none/none/0/none/run_1 status=complete
2026-08-13T23:25:35+02:00 extraction done configuration=1/60 dataset=Electricity model=chronos2 lags=168 horizon=24 retrieval=vanilla

2026-08-13T23:25:35+02:00 extraction start configuration=2/60 dataset=Electricity model=chronos2 lags=168 horizon=24 retrieval=raw_euclidean_1_online run=/home/h61084/codes/adapts/outputs/extraction/Electricity/168_24/chronos2/raw/euclidean/1/online/run_1 computation_signature=16becb5f05acf36972f62c2937346c9e9f0c3cbf02f8e547bfc07874cfe4f1ce period=24 align_period=false datastore_stride=25 adapt_stride=25 eval_stride=127 max_store_windows=30000 seed=1
2026-08-13 23:25:37,704 INFO [__main__] ========================================================================
2026-08-13 23:25:37,705 INFO [__main__] experiment start kind=extraction dataset=Electricity model=chronos2 lags=168 horizon=24 neighbors=1 distance=raw/euclidean
2026-08-13 23:25:37,986 INFO [__main__] dataset load start
2026-08-13 23:25:37,988 INFO [src.data.load_dataset] loaded dataset config path=/home/h61084/codes/datasets/electricity/config.json keys=['aggr', 'date_col', 'drop_users']
2026-08-13 23:25:38,693 INFO [__main__] dataset load done dates=26304 users=312
2026-08-13 23:25:38,693 INFO [__main__] model load start
2026-08-13 23:25:50,331 INFO [__main__] model load done name=chronos2 device=cuda parameters_total=119,477,664 parameters_trainable=0
2026-08-13 23:25:50,333 INFO [__main__] extraction start split=adapt queries=526
2026-08-13 23:30:00,845 INFO [__main__] extraction done split=adapt
2026-08-13 23:30:00,845 INFO [__main__] extraction start split=eval queries=42
2026-08-13 23:30:21,803 INFO [__main__] extraction done split=eval
2026-08-13 23:30:22,691 INFO [__main__] completion marker saved path=/home/h61084/codes/adapts/outputs/extraction/Electricity/168_24/chronos2/raw/euclidean/1/online/run_1/extraction_manifest.json
2026-08-13 23:30:22,691 INFO [__main__] outputs saved dir=/home/h61084/codes/adapts/outputs/extraction/Electricity/168_24/chronos2/raw/euclidean/1/online/run_1
2026-08-13 23:30:22,691 INFO [__main__] experiment done seconds=284.98
2026-08-13 23:30:22,691 INFO [__main__] ========================================================================
2026-08-13 23:30:26,080 INFO [__main__] extraction validation directory=/home/h61084/codes/adapts/outputs/extraction/Electricity/168_24/chronos2/raw/euclidean/1/online/run_1 status=complete
2026-08-13T23:30:26+02:00 extraction done configuration=2/60 dataset=Electricity model=chronos2 lags=168 horizon=24 retrieval=raw_euclidean_1_online

2026-08-13T23:30:26+02:00 extraction start configuration=3/60 dataset=Electricity model=chronos2 lags=168 horizon=24 retrieval=raw_euclidean_3_online run=/home/h61084/codes/adapts/outputs/extraction/Electricity/168_24/chronos2/raw/euclidean/3/online/run_1 computation_signature=f3fc7559920b3d3007531d1a8b12470008607a7c745484691b58b35809d52aee period=24 align_period=false datastore_stride=25 adapt_stride=25 eval_stride=127 max_store_windows=30000 seed=1
2026-08-13 23:30:28,965 INFO [__main__] ========================================================================
2026-08-13 23:30:28,965 INFO [__main__] experiment start kind=extraction dataset=Electricity model=chronos2 lags=168 horizon=24 neighbors=3 distance=raw/euclidean
2026-08-13 23:30:29,312 INFO [__main__] dataset load start
2026-08-13 23:30:29,314 INFO [src.data.load_dataset] loaded dataset config path=/home/h61084/codes/datasets/electricity/config.json keys=['aggr', 'date_col', 'drop_users']
2026-08-13 23:30:30,028 INFO [__main__] dataset load done dates=26304 users=312
2026-08-13 23:30:30,028 INFO [__main__] model load start
2026-08-13 23:30:41,621 INFO [__main__] model load done name=chronos2 device=cuda parameters_total=119,477,664 parameters_trainable=0
2026-08-13 23:30:41,623 INFO [__main__] extraction start split=adapt queries=526
2026-08-13 23:36:43,029 INFO [__main__] extraction done split=adapt
2026-08-13 23:36:43,029 INFO [__main__] extraction start split=eval queries=42
2026-08-13 23:37:11,415 INFO [__main__] extraction done split=eval
2026-08-13 23:37:12,204 INFO [__main__] completion marker saved path=/home/h61084/codes/adapts/outputs/extraction/Electricity/168_24/chronos2/raw/euclidean/3/online/run_1/extraction_manifest.json
2026-08-13 23:37:12,204 INFO [__main__] outputs saved dir=/home/h61084/codes/adapts/outputs/extraction/Electricity/168_24/chronos2/raw/euclidean/3/online/run_1
2026-08-13 23:37:12,204 INFO [__main__] experiment done seconds=403.23
2026-08-13 23:37:12,204 INFO [__main__] ========================================================================
2026-08-13 23:37:15,648 INFO [__main__] extraction validation directory=/home/h61084/codes/adapts/outputs/extraction/Electricity/168_24/chronos2/raw/euclidean/3/online/run_1 status=complete
2026-08-13T23:37:16+02:00 extraction done configuration=3/60 dataset=Electricity model=chronos2 lags=168 horizon=24 retrieval=raw_euclidean_3_online

2026-08-13T23:37:16+02:00 extraction start configuration=4/60 dataset=Electricity model=chronos2 lags=168 horizon=24 retrieval=instance_euclidean_1_online run=/home/h61084/codes/adapts/outputs/extraction/Electricity/168_24/chronos2/instance/euclidean/1/online/run_1 computation_signature=e69f10d59f29c77c5041f63ce3f5ab208b299d2b9594ee5c4939651aee792865 period=24 align_period=false datastore_stride=25 adapt_stride=25 eval_stride=127 max_store_windows=30000 seed=1
2026-08-13 23:37:18,671 INFO [__main__] ========================================================================
2026-08-13 23:37:18,671 INFO [__main__] experiment start kind=extraction dataset=Electricity model=chronos2 lags=168 horizon=24 neighbors=1 distance=instance/euclidean
2026-08-13 23:37:18,954 INFO [__main__] dataset load start
2026-08-13 23:37:18,956 INFO [src.data.load_dataset] loaded dataset config path=/home/h61084/codes/datasets/electricity/config.json keys=['aggr', 'date_col', 'drop_users']
2026-08-13 23:37:19,643 INFO [__main__] dataset load done dates=26304 users=312
2026-08-13 23:37:19,644 INFO [__main__] model load start
2026-08-13 23:37:31,338 INFO [__main__] model load done name=chronos2 device=cuda parameters_total=119,477,664 parameters_trainable=0
2026-08-13 23:37:31,340 INFO [__main__] extraction start split=adapt queries=526
2026-08-13 23:41:58,802 INFO [__main__] extraction done split=adapt
2026-08-13 23:41:58,802 INFO [__main__] extraction start split=eval queries=42
2026-08-13 23:42:19,194 INFO [__main__] extraction done split=eval
2026-08-13 23:42:20,057 INFO [__main__] completion marker saved path=/home/h61084/codes/adapts/outputs/extraction/Electricity/168_24/chronos2/instance/euclidean/1/online/run_1/extraction_manifest.json
2026-08-13 23:42:20,057 INFO [__main__] outputs saved dir=/home/h61084/codes/adapts/outputs/extraction/Electricity/168_24/chronos2/instance/euclidean/1/online/run_1
2026-08-13 23:42:20,057 INFO [__main__] experiment done seconds=301.38
2026-08-13 23:42:20,057 INFO [__main__] ========================================================================
2026-08-13 23:42:23,496 INFO [__main__] extraction validation directory=/home/h61084/codes/adapts/outputs/extraction/Electricity/168_24/chronos2/instance/euclidean/1/online/run_1 status=complete
2026-08-13T23:42:23+02:00 extraction done configuration=4/60 dataset=Electricity model=chronos2 lags=168 horizon=24 retrieval=instance_euclidean_1_online

2026-08-13T23:42:24+02:00 extraction start configuration=5/60 dataset=Electricity model=chronos2 lags=168 horizon=24 retrieval=instance_euclidean_3_online run=/home/h61084/codes/adapts/outputs/extraction/Electricity/168_24/chronos2/instance/euclidean/3/online/run_1 computation_signature=9d0435be23a3dc5f67785dfea9082c9a2c1e0094690c175a11de166ec3cb100b period=24 align_period=false datastore_stride=25 adapt_stride=25 eval_stride=127 max_store_windows=30000 seed=1
2026-08-13 23:42:26,492 INFO [__main__] ========================================================================
2026-08-13 23:42:26,492 INFO [__main__] experiment start kind=extraction dataset=Electricity model=chronos2 lags=168 horizon=24 neighbors=3 distance=instance/euclidean
2026-08-13 23:42:26,774 INFO [__main__] dataset load start
2026-08-13 23:42:26,775 INFO [src.data.load_dataset] loaded dataset config path=/home/h61084/codes/datasets/electricity/config.json keys=['aggr', 'date_col', 'drop_users']
2026-08-13 23:42:27,545 INFO [__main__] dataset load done dates=26304 users=312
2026-08-13 23:42:27,545 INFO [__main__] model load start
2026-08-13 23:42:39,670 INFO [__main__] model load done name=chronos2 device=cuda parameters_total=119,477,664 parameters_trainable=0
2026-08-13 23:42:39,673 INFO [__main__] extraction start split=adapt queries=526
2026-08-13 23:48:49,582 INFO [__main__] extraction done split=adapt
2026-08-13 23:48:49,582 INFO [__main__] extraction start split=eval queries=42
2026-08-13 23:49:18,171 INFO [__main__] extraction done split=eval
2026-08-13 23:49:18,959 INFO [__main__] completion marker saved path=/home/h61084/codes/adapts/outputs/extraction/Electricity/168_24/chronos2/instance/euclidean/3/online/run_1/extraction_manifest.json
2026-08-13 23:49:18,959 INFO [__main__] outputs saved dir=/home/h61084/codes/adapts/outputs/extraction/Electricity/168_24/chronos2/instance/euclidean/3/online/run_1
2026-08-13 23:49:18,959 INFO [__main__] experiment done seconds=412.46
2026-08-13 23:49:18,959 INFO [__main__] ========================================================================
2026-08-13 23:49:22,339 INFO [__main__] extraction validation directory=/home/h61084/codes/adapts/outputs/extraction/Electricity/168_24/chronos2/instance/euclidean/3/online/run_1 status=complete
2026-08-13T23:49:22+02:00 extraction done configuration=5/60 dataset=Electricity model=chronos2 lags=168 horizon=24 retrieval=instance_euclidean_3_online

2026-08-13T23:49:22+02:00 extraction start configuration=6/60 dataset=Electricity model=chronos2 lags=336 horizon=48 retrieval=vanilla run=/home/h61084/codes/adapts/outputs/extraction/Electricity/336_48/chronos2/none/none/0/none/run_1 computation_signature=d4c22ec6e6d3501d9f19617b79f07360dda0945c152120320a860572e001df19 period=24 align_period=false datastore_stride=25 adapt_stride=25 eval_stride=127 max_store_windows=30000 seed=1
2026-08-13 23:49:25,364 INFO [__main__] ========================================================================
2026-08-13 23:49:25,365 INFO [__main__] experiment start kind=extraction dataset=Electricity model=chronos2 lags=336 horizon=48 neighbors=0 distance=raw/euclidean
2026-08-13 23:49:25,679 INFO [__main__] dataset load start
2026-08-13 23:49:25,681 INFO [src.data.load_dataset] loaded dataset config path=/home/h61084/codes/datasets/electricity/config.json keys=['aggr', 'date_col', 'drop_users']
2026-08-13 23:49:26,380 INFO [__main__] dataset load done dates=26304 users=312
2026-08-13 23:49:26,381 INFO [__main__] model load start
2026-08-13 23:49:38,580 INFO [__main__] model load done name=chronos2 device=cuda parameters_total=119,477,664 parameters_trainable=0
2026-08-13 23:49:38,583 INFO [__main__] extraction start split=adapt queries=525
2026-08-13 23:50:35,637 INFO [__main__] extraction done split=adapt
2026-08-13 23:50:35,637 INFO [__main__] extraction start split=eval queries=42
2026-08-13 23:50:40,415 INFO [__main__] extraction done split=eval
2026-08-13 23:50:40,457 INFO [__main__] vanilla metrics saved path=/home/h61084/codes/adapts/outputs/extraction/Electricity/336_48/chronos2/none/none/0/none/run_1/vanilla_metrics.json
2026-08-13 23:50:40,462 INFO [__main__] completion marker saved path=/home/h61084/codes/adapts/outputs/extraction/Electricity/336_48/chronos2/none/none/0/none/run_1/extraction_manifest.json
2026-08-13 23:50:40,462 INFO [__main__] outputs saved dir=/home/h61084/codes/adapts/outputs/extraction/Electricity/336_48/chronos2/none/none/0/none/run_1
2026-08-13 23:50:40,462 INFO [__main__] experiment done seconds=75.09
2026-08-13 23:50:40,462 INFO [__main__] ========================================================================
2026-08-13 23:50:43,868 INFO [__main__] extraction validation directory=/home/h61084/codes/adapts/outputs/extraction/Electricity/336_48/chronos2/none/none/0/none/run_1 status=complete
2026-08-13T23:50:44+02:00 extraction done configuration=6/60 dataset=Electricity model=chronos2 lags=336 horizon=48 retrieval=vanilla

2026-08-13T23:50:44+02:00 extraction start configuration=7/60 dataset=Electricity model=chronos2 lags=336 horizon=48 retrieval=raw_euclidean_1_online run=/home/h61084/codes/adapts/outputs/extraction/Electricity/336_48/chronos2/raw/euclidean/1/online/run_1 computation_signature=43b8127e53bbb732fc8d5a9f33f09120e05b2089b3de5e274ebca4181237385f period=24 align_period=false datastore_stride=25 adapt_stride=25 eval_stride=127 max_store_windows=30000 seed=1
2026-08-13 23:50:46,956 INFO [__main__] ========================================================================
2026-08-13 23:50:46,957 INFO [__main__] experiment start kind=extraction dataset=Electricity model=chronos2 lags=336 horizon=48 neighbors=1 distance=raw/euclidean
2026-08-13 23:50:47,233 INFO [__main__] dataset load start
2026-08-13 23:50:47,234 INFO [src.data.load_dataset] loaded dataset config path=/home/h61084/codes/datasets/electricity/config.json keys=['aggr', 'date_col', 'drop_users']
2026-08-13 23:50:47,944 INFO [__main__] dataset load done dates=26304 users=312
2026-08-13 23:50:47,945 INFO [__main__] model load start
2026-08-13 23:51:00,417 INFO [__main__] model load done name=chronos2 device=cuda parameters_total=119,477,664 parameters_trainable=0
2026-08-13 23:51:00,419 INFO [__main__] extraction start split=adapt queries=525
2026-08-13 23:56:47,273 INFO [__main__] extraction done split=adapt
2026-08-13 23:56:47,274 INFO [__main__] extraction start split=eval queries=42
2026-08-13 23:57:14,364 INFO [__main__] extraction done split=eval
2026-08-13 23:57:15,203 INFO [__main__] completion marker saved path=/home/h61084/codes/adapts/outputs/extraction/Electricity/336_48/chronos2/raw/euclidean/1/online/run_1/extraction_manifest.json
2026-08-13 23:57:15,204 INFO [__main__] outputs saved dir=/home/h61084/codes/adapts/outputs/extraction/Electricity/336_48/chronos2/raw/euclidean/1/online/run_1
2026-08-13 23:57:15,204 INFO [__main__] experiment done seconds=388.24
2026-08-13 23:57:15,204 INFO [__main__] ========================================================================
2026-08-13 23:57:18,774 INFO [__main__] extraction validation directory=/home/h61084/codes/adapts/outputs/extraction/Electricity/336_48/chronos2/raw/euclidean/1/online/run_1 status=complete
2026-08-13T23:57:19+02:00 extraction done configuration=7/60 dataset=Electricity model=chronos2 lags=336 horizon=48 retrieval=raw_euclidean_1_online

2026-08-13T23:57:19+02:00 extraction start configuration=8/60 dataset=Electricity model=chronos2 lags=336 horizon=48 retrieval=raw_euclidean_3_online run=/home/h61084/codes/adapts/outputs/extraction/Electricity/336_48/chronos2/raw/euclidean/3/online/run_1 computation_signature=12a1570baf4ecab7c93c6a25eab97592036fd63899788cd1194468b244c1df63 period=24 align_period=false datastore_stride=25 adapt_stride=25 eval_stride=127 max_store_windows=30000 seed=1
2026-08-13 23:57:21,728 INFO [__main__] ========================================================================
2026-08-13 23:57:21,728 INFO [__main__] experiment start kind=extraction dataset=Electricity model=chronos2 lags=336 horizon=48 neighbors=3 distance=raw/euclidean
2026-08-13 23:57:22,010 INFO [__main__] dataset load start
2026-08-13 23:57:22,011 INFO [src.data.load_dataset] loaded dataset config path=/home/h61084/codes/datasets/electricity/config.json keys=['aggr', 'date_col', 'drop_users']
2026-08-13 23:57:22,774 INFO [__main__] dataset load done dates=26304 users=312
2026-08-13 23:57:22,774 INFO [__main__] model load start
2026-08-13 23:57:35,020 INFO [__main__] model load done name=chronos2 device=cuda parameters_total=119,477,664 parameters_trainable=0
2026-08-13 23:57:35,023 INFO [__main__] extraction start split=adapt queries=525
2026-08-14 00:06:12,042 INFO [__main__] extraction done split=adapt
2026-08-14 00:06:12,042 INFO [__main__] extraction start split=eval queries=42
2026-08-14 00:06:52,617 INFO [__main__] extraction done split=eval
2026-08-14 00:06:53,594 INFO [__main__] completion marker saved path=/home/h61084/codes/adapts/outputs/extraction/Electricity/336_48/chronos2/raw/euclidean/3/online/run_1/extraction_manifest.json
2026-08-14 00:06:53,594 INFO [__main__] outputs saved dir=/home/h61084/codes/adapts/outputs/extraction/Electricity/336_48/chronos2/raw/euclidean/3/online/run_1
2026-08-14 00:06:53,594 INFO [__main__] experiment done seconds=571.86
2026-08-14 00:06:53,595 INFO [__main__] ========================================================================
2026-08-14 00:06:56,971 INFO [__main__] extraction validation directory=/home/h61084/codes/adapts/outputs/extraction/Electricity/336_48/chronos2/raw/euclidean/3/online/run_1 status=complete
2026-08-14T00:06:57+02:00 extraction done configuration=8/60 dataset=Electricity model=chronos2 lags=336 horizon=48 retrieval=raw_euclidean_3_online

2026-08-14T00:06:57+02:00 extraction start configuration=9/60 dataset=Electricity model=chronos2 lags=336 horizon=48 retrieval=instance_euclidean_1_online run=/home/h61084/codes/adapts/outputs/extraction/Electricity/336_48/chronos2/instance/euclidean/1/online/run_1 computation_signature=27bfab860ca2e8c54531e861b76e412bfbd7da9199dfb63ebb9100edf897518d period=24 align_period=false datastore_stride=25 adapt_stride=25 eval_stride=127 max_store_windows=30000 seed=1
2026-08-14 00:06:59,905 INFO [__main__] ========================================================================
2026-08-14 00:06:59,905 INFO [__main__] experiment start kind=extraction dataset=Electricity model=chronos2 lags=336 horizon=48 neighbors=1 distance=instance/euclidean
2026-08-14 00:07:00,186 INFO [__main__] dataset load start
2026-08-14 00:07:00,188 INFO [src.data.load_dataset] loaded dataset config path=/home/h61084/codes/datasets/electricity/config.json keys=['aggr', 'date_col', 'drop_users']
2026-08-14 00:07:00,877 INFO [__main__] dataset load done dates=26304 users=312
2026-08-14 00:07:00,877 INFO [__main__] model load start
2026-08-14 00:07:13,178 INFO [__main__] model load done name=chronos2 device=cuda parameters_total=119,477,664 parameters_trainable=0
2026-08-14 00:07:13,181 INFO [__main__] extraction start split=adapt queries=525
2026-08-14 00:13:14,758 INFO [__main__] extraction done split=adapt
2026-08-14 00:13:14,759 INFO [__main__] extraction start split=eval queries=42
2026-08-14 00:13:43,396 INFO [__main__] extraction done split=eval
2026-08-14 00:13:44,339 INFO [__main__] completion marker saved path=/home/h61084/codes/adapts/outputs/extraction/Electricity/336_48/chronos2/instance/euclidean/1/online/run_1/extraction_manifest.json
2026-08-14 00:13:44,340 INFO [__main__] outputs saved dir=/home/h61084/codes/adapts/outputs/extraction/Electricity/336_48/chronos2/instance/euclidean/1/online/run_1
2026-08-14 00:13:44,340 INFO [__main__] experiment done seconds=404.43
2026-08-14 00:13:44,340 INFO [__main__] ========================================================================
2026-08-14 00:13:47,856 INFO [__main__] extraction validation directory=/home/h61084/codes/adapts/outputs/extraction/Electricity/336_48/chronos2/instance/euclidean/1/online/run_1 status=complete
2026-08-14T00:13:48+02:00 extraction done configuration=9/60 dataset=Electricity model=chronos2 lags=336 horizon=48 retrieval=instance_euclidean_1_online

2026-08-14T00:13:48+02:00 extraction start configuration=10/60 dataset=Electricity model=chronos2 lags=336 horizon=48 retrieval=instance_euclidean_3_online run=/home/h61084/codes/adapts/outputs/extraction/Electricity/336_48/chronos2/instance/euclidean/3/online/run_1 computation_signature=e8a22c181455af25213245a9cba26967f1fb37f3596704cc375620509663e660 period=24 align_period=false datastore_stride=25 adapt_stride=25 eval_stride=127 max_store_windows=30000 seed=1
2026-08-14 00:13:50,954 INFO [__main__] ========================================================================
2026-08-14 00:13:50,954 INFO [__main__] experiment start kind=extraction dataset=Electricity model=chronos2 lags=336 horizon=48 neighbors=3 distance=instance/euclidean
2026-08-14 00:13:51,184 INFO [__main__] dataset load start
2026-08-14 00:13:51,185 INFO [src.data.load_dataset] loaded dataset config path=/home/h61084/codes/datasets/electricity/config.json keys=['aggr', 'date_col', 'drop_users']
2026-08-14 00:13:51,881 INFO [__main__] dataset load done dates=26304 users=312
2026-08-14 00:13:51,881 INFO [__main__] model load start
2026-08-14 00:14:04,424 INFO [__main__] model load done name=chronos2 device=cuda parameters_total=119,477,664 parameters_trainable=0
2026-08-14 00:14:04,427 INFO [__main__] extraction start split=adapt queries=525
2026-08-14 00:23:04,935 INFO [__main__] extraction done split=adapt
2026-08-14 00:23:04,935 INFO [__main__] extraction start split=eval queries=42
2026-08-14 00:23:47,902 INFO [__main__] extraction done split=eval
2026-08-14 00:23:48,841 INFO [__main__] completion marker saved path=/home/h61084/codes/adapts/outputs/extraction/Electricity/336_48/chronos2/instance/euclidean/3/online/run_1/extraction_manifest.json
2026-08-14 00:23:48,842 INFO [__main__] outputs saved dir=/home/h61084/codes/adapts/outputs/extraction/Electricity/336_48/chronos2/instance/euclidean/3/online/run_1
2026-08-14 00:23:48,842 INFO [__main__] experiment done seconds=597.88
2026-08-14 00:23:48,842 INFO [__main__] ========================================================================
2026-08-14 00:23:52,524 INFO [__main__] extraction validation directory=/home/h61084/codes/adapts/outputs/extraction/Electricity/336_48/chronos2/instance/euclidean/3/online/run_1 status=complete
2026-08-14T00:23:52+02:00 extraction done configuration=10/60 dataset=Electricity model=chronos2 lags=336 horizon=48 retrieval=instance_euclidean_3_online

2026-08-14T00:23:53+02:00 extraction start configuration=11/60 dataset=Electricity model=chronos2 lags=504 horizon=168 retrieval=vanilla run=/home/h61084/codes/adapts/outputs/extraction/Electricity/504_168/chronos2/none/none/0/none/run_2 computation_signature=a1e3910508a3c1a405b781fb6f3dda29d8bc125fa689eed14cf797ac2679c9a4 period=24 align_period=false datastore_stride=25 adapt_stride=25 eval_stride=127 max_store_windows=30000 seed=1
2026-08-14 00:23:55,518 INFO [__main__] ========================================================================
2026-08-14 00:23:55,518 INFO [__main__] experiment start kind=extraction dataset=Electricity model=chronos2 lags=504 horizon=168 neighbors=0 distance=raw/euclidean
2026-08-14 00:23:55,782 INFO [__main__] dataset load start
2026-08-14 00:23:55,783 INFO [src.data.load_dataset] loaded dataset config path=/home/h61084/codes/datasets/electricity/config.json keys=['aggr', 'date_col', 'drop_users']
2026-08-14 00:23:56,485 INFO [__main__] dataset load done dates=26304 users=312
2026-08-14 00:23:56,485 INFO [__main__] model load start
2026-08-14 00:24:08,830 INFO [__main__] model load done name=chronos2 device=cuda parameters_total=119,477,664 parameters_trainable=0
2026-08-14 00:24:08,832 INFO [__main__] extraction start split=adapt queries=520
2026-08-14 00:25:23,143 INFO [__main__] extraction done split=adapt
2026-08-14 00:25:23,143 INFO [__main__] extraction start split=eval queries=41
2026-08-14 00:25:29,336 INFO [__main__] extraction done split=eval
2026-08-14 00:25:29,460 INFO [__main__] vanilla metrics saved path=/home/h61084/codes/adapts/outputs/extraction/Electricity/504_168/chronos2/none/none/0/none/run_2/vanilla_metrics.json
2026-08-14 00:25:29,466 INFO [__main__] completion marker saved path=/home/h61084/codes/adapts/outputs/extraction/Electricity/504_168/chronos2/none/none/0/none/run_2/extraction_manifest.json
2026-08-14 00:25:29,466 INFO [__main__] outputs saved dir=/home/h61084/codes/adapts/outputs/extraction/Electricity/504_168/chronos2/none/none/0/none/run_2
2026-08-14 00:25:29,466 INFO [__main__] experiment done seconds=93.94
2026-08-14 00:25:29,466 INFO [__main__] ========================================================================
2026-08-14 00:25:32,750 INFO [__main__] extraction validation directory=/home/h61084/codes/adapts/outputs/extraction/Electricity/504_168/chronos2/none/none/0/none/run_2 status=complete
2026-08-14T00:25:33+02:00 extraction done configuration=11/60 dataset=Electricity model=chronos2 lags=504 horizon=168 retrieval=vanilla

2026-08-14T00:25:33+02:00 extraction start configuration=12/60 dataset=Electricity model=chronos2 lags=504 horizon=168 retrieval=raw_euclidean_1_online run=/home/h61084/codes/adapts/outputs/extraction/Electricity/504_168/chronos2/raw/euclidean/1/online/run_1 computation_signature=3bc80983f81b8e916a08d7c67190c9d77e9c6e15d2afad67b0178e06d904aec6 period=24 align_period=false datastore_stride=25 adapt_stride=25 eval_stride=127 max_store_windows=30000 seed=1
2026-08-14 00:25:35,886 INFO [__main__] ========================================================================
2026-08-14 00:25:35,886 INFO [__main__] experiment start kind=extraction dataset=Electricity model=chronos2 lags=504 horizon=168 neighbors=1 distance=raw/euclidean
2026-08-14 00:25:36,166 INFO [__main__] dataset load start
2026-08-14 00:25:36,168 INFO [src.data.load_dataset] loaded dataset config path=/home/h61084/codes/datasets/electricity/config.json keys=['aggr', 'date_col', 'drop_users']
2026-08-14 00:25:36,938 INFO [__main__] dataset load done dates=26304 users=312
2026-08-14 00:25:36,938 INFO [__main__] model load start
2026-08-14 00:25:49,354 INFO [__main__] model load done name=chronos2 device=cuda parameters_total=119,477,664 parameters_trainable=0
2026-08-14 00:25:49,356 INFO [__main__] extraction start split=adapt queries=520
2026-08-14 00:33:15,852 INFO [__main__] extraction done split=adapt
2026-08-14 00:33:15,853 INFO [__main__] extraction start split=eval queries=41
2026-08-14 00:33:51,623 INFO [__main__] extraction done split=eval
2026-08-14 00:33:52,698 INFO [__main__] completion marker saved path=/home/h61084/codes/adapts/outputs/extraction/Electricity/504_168/chronos2/raw/euclidean/1/online/run_1/extraction_manifest.json
2026-08-14 00:33:52,698 INFO [__main__] outputs saved dir=/home/h61084/codes/adapts/outputs/extraction/Electricity/504_168/chronos2/raw/euclidean/1/online/run_1
2026-08-14 00:33:52,698 INFO [__main__] experiment done seconds=496.81
2026-08-14 00:33:52,698 INFO [__main__] ========================================================================
2026-08-14 00:33:56,322 INFO [__main__] extraction validation directory=/home/h61084/codes/adapts/outputs/extraction/Electricity/504_168/chronos2/raw/euclidean/1/online/run_1 status=complete
2026-08-14T00:33:56+02:00 extraction done configuration=12/60 dataset=Electricity model=chronos2 lags=504 horizon=168 retrieval=raw_euclidean_1_online

2026-08-14T00:33:57+02:00 extraction start configuration=13/60 dataset=Electricity model=chronos2 lags=504 horizon=168 retrieval=raw_euclidean_3_online run=/home/h61084/codes/adapts/outputs/extraction/Electricity/504_168/chronos2/raw/euclidean/3/online/run_2 computation_signature=f98be0bd11e36e95a3c091957ffaabf4e27f07e633164b3788c0ae19537a0cd3 period=24 align_period=false datastore_stride=25 adapt_stride=25 eval_stride=127 max_store_windows=30000 seed=1
2026-08-14 00:33:59,332 INFO [__main__] ========================================================================
2026-08-14 00:33:59,333 INFO [__main__] experiment start kind=extraction dataset=Electricity model=chronos2 lags=504 horizon=168 neighbors=3 distance=raw/euclidean
2026-08-14 00:33:59,611 INFO [__main__] dataset load start
2026-08-14 00:33:59,612 INFO [src.data.load_dataset] loaded dataset config path=/home/h61084/codes/datasets/electricity/config.json keys=['aggr', 'date_col', 'drop_users']
2026-08-14 00:34:00,333 INFO [__main__] dataset load done dates=26304 users=312
2026-08-14 00:34:00,334 INFO [__main__] model load start
2026-08-14 00:34:12,732 INFO [__main__] model load done name=chronos2 device=cuda parameters_total=119,477,664 parameters_trainable=0
2026-08-14 00:34:12,735 INFO [__main__] extraction start split=adapt queries=520
2026-08-14 00:46:18,683 INFO [__main__] extraction done split=adapt
2026-08-14 00:46:18,684 INFO [__main__] extraction start split=eval queries=41
2026-08-14 00:47:17,498 INFO [__main__] extraction done split=eval
2026-08-14 00:47:18,458 INFO [__main__] completion marker saved path=/home/h61084/codes/adapts/outputs/extraction/Electricity/504_168/chronos2/raw/euclidean/3/online/run_2/extraction_manifest.json
2026-08-14 00:47:18,458 INFO [__main__] outputs saved dir=/home/h61084/codes/adapts/outputs/extraction/Electricity/504_168/chronos2/raw/euclidean/3/online/run_2
2026-08-14 00:47:18,458 INFO [__main__] experiment done seconds=799.12
2026-08-14 00:47:18,458 INFO [__main__] ========================================================================
2026-08-14 00:47:21,924 INFO [__main__] extraction validation directory=/home/h61084/codes/adapts/outputs/extraction/Electricity/504_168/chronos2/raw/euclidean/3/online/run_2 status=complete
2026-08-14T00:47:22+02:00 extraction done configuration=13/60 dataset=Electricity model=chronos2 lags=504 horizon=168 retrieval=raw_euclidean_3_online

2026-08-14T00:47:22+02:00 extraction start configuration=14/60 dataset=Electricity model=chronos2 lags=504 horizon=168 retrieval=instance_euclidean_1_online run=/home/h61084/codes/adapts/outputs/extraction/Electricity/504_168/chronos2/instance/euclidean/1/online/run_1 computation_signature=9df25791a4e789affc64efa2e95ea62d0dcf54c13e8848e14568da32b7396e34 period=24 align_period=false datastore_stride=25 adapt_stride=25 eval_stride=127 max_store_windows=30000 seed=1
2026-08-14 00:47:24,928 INFO [__main__] ========================================================================
2026-08-14 00:47:24,928 INFO [__main__] experiment start kind=extraction dataset=Electricity model=chronos2 lags=504 horizon=168 neighbors=1 distance=instance/euclidean
2026-08-14 00:47:25,242 INFO [__main__] dataset load start
2026-08-14 00:47:25,244 INFO [src.data.load_dataset] loaded dataset config path=/home/h61084/codes/datasets/electricity/config.json keys=['aggr', 'date_col', 'drop_users']
2026-08-14 00:47:25,968 INFO [__main__] dataset load done dates=26304 users=312
2026-08-14 00:47:25,969 INFO [__main__] model load start
2026-08-14 00:47:38,288 INFO [__main__] model load done name=chronos2 device=cuda parameters_total=119,477,664 parameters_trainable=0
2026-08-14 00:47:38,291 INFO [__main__] extraction start split=adapt queries=520
2026-08-14 00:56:03,102 INFO [__main__] extraction done split=adapt
2026-08-14 00:56:03,103 INFO [__main__] extraction start split=eval queries=41
2026-08-14 00:56:44,623 INFO [__main__] extraction done split=eval
2026-08-14 00:56:45,668 INFO [__main__] completion marker saved path=/home/h61084/codes/adapts/outputs/extraction/Electricity/504_168/chronos2/instance/euclidean/1/online/run_1/extraction_manifest.json
2026-08-14 00:56:45,668 INFO [__main__] outputs saved dir=/home/h61084/codes/adapts/outputs/extraction/Electricity/504_168/chronos2/instance/euclidean/1/online/run_1
2026-08-14 00:56:45,668 INFO [__main__] experiment done seconds=560.73
2026-08-14 00:56:45,668 INFO [__main__] ========================================================================
2026-08-14 00:56:48,949 INFO [__main__] extraction validation directory=/home/h61084/codes/adapts/outputs/extraction/Electricity/504_168/chronos2/instance/euclidean/1/online/run_1 status=complete
2026-08-14T00:56:49+02:00 extraction done configuration=14/60 dataset=Electricity model=chronos2 lags=504 horizon=168 retrieval=instance_euclidean_1_online

2026-08-14T00:56:49+02:00 extraction start configuration=15/60 dataset=Electricity model=chronos2 lags=504 horizon=168 retrieval=instance_euclidean_3_online run=/home/h61084/codes/adapts/outputs/extraction/Electricity/504_168/chronos2/instance/euclidean/3/online/run_1 computation_signature=cd81e116f418b083dfd41a9534d83448ca5805a43703a354262f6e0beee53eb8 period=24 align_period=false datastore_stride=25 adapt_stride=25 eval_stride=127 max_store_windows=30000 seed=1
2026-08-14 00:56:51,796 INFO [__main__] ========================================================================
2026-08-14 00:56:51,796 INFO [__main__] experiment start kind=extraction dataset=Electricity model=chronos2 lags=504 horizon=168 neighbors=3 distance=instance/euclidean
2026-08-14 00:56:52,114 INFO [__main__] dataset load start
2026-08-14 00:56:52,116 INFO [src.data.load_dataset] loaded dataset config path=/home/h61084/codes/datasets/electricity/config.json keys=['aggr', 'date_col', 'drop_users']
2026-08-14 00:56:52,883 INFO [__main__] dataset load done dates=26304 users=312
2026-08-14 00:56:52,883 INFO [__main__] model load start
2026-08-14 00:57:05,100 INFO [__main__] model load done name=chronos2 device=cuda parameters_total=119,477,664 parameters_trainable=0
2026-08-14 00:57:05,102 INFO [__main__] extraction start split=adapt queries=520
2026-08-14 01:09:48,664 INFO [__main__] extraction done split=adapt
2026-08-14 01:09:48,664 INFO [__main__] extraction start split=eval queries=41
2026-08-14 01:10:49,435 INFO [__main__] extraction done split=eval
2026-08-14 01:10:50,428 INFO [__main__] completion marker saved path=/home/h61084/codes/adapts/outputs/extraction/Electricity/504_168/chronos2/instance/euclidean/3/online/run_1/extraction_manifest.json
2026-08-14 01:10:50,428 INFO [__main__] outputs saved dir=/home/h61084/codes/adapts/outputs/extraction/Electricity/504_168/chronos2/instance/euclidean/3/online/run_1
2026-08-14 01:10:50,428 INFO [__main__] experiment done seconds=838.63
2026-08-14 01:10:50,428 INFO [__main__] ========================================================================
2026-08-14 01:10:54,119 INFO [__main__] extraction validation directory=/home/h61084/codes/adapts/outputs/extraction/Electricity/504_168/chronos2/instance/euclidean/3/online/run_1 status=complete
2026-08-14T01:10:54+02:00 extraction done configuration=15/60 dataset=Electricity model=chronos2 lags=504 horizon=168 retrieval=instance_euclidean_3_online

2026-08-14T01:10:54+02:00 extraction start configuration=16/60 dataset=Traffic model=chronos2 lags=168 horizon=24 retrieval=vanilla run=/home/h61084/codes/adapts/outputs/extraction/Traffic/168_24/chronos2/none/none/0/none/run_1 computation_signature=1a79646180b1c6e19f81f4e2e8f1a480c501816f8fbbf33868757739ba09d34e period=24 align_period=false datastore_stride=25 adapt_stride=25 eval_stride=127 max_store_windows=30000 seed=1
2026-08-14 01:10:57,167 INFO [__main__] ========================================================================
2026-08-14 01:10:57,167 INFO [__main__] experiment start kind=extraction dataset=Traffic model=chronos2 lags=168 horizon=24 neighbors=0 distance=raw/euclidean
2026-08-14 01:10:57,469 INFO [__main__] dataset load start
2026-08-14 01:10:57,471 INFO [src.data.load_dataset] loaded dataset config path=/home/h61084/codes/datasets/traffic/config.json keys=['aggr', 'date_col', 'drop_users']
2026-08-14 01:10:58,592 INFO [__main__] dataset load done dates=17544 users=860
2026-08-14 01:10:58,592 INFO [__main__] model load start
2026-08-14 01:11:10,712 INFO [__main__] model load done name=chronos2 device=cuda parameters_total=119,477,664 parameters_trainable=0
2026-08-14 01:11:10,714 INFO [__main__] extraction start split=adapt queries=350
2026-08-14 01:12:16,612 INFO [__main__] extraction done split=adapt
2026-08-14 01:12:16,612 INFO [__main__] extraction start split=eval queries=28
2026-08-14 01:12:21,958 INFO [__main__] extraction done split=eval
2026-08-14 01:12:22,028 INFO [__main__] vanilla metrics saved path=/home/h61084/codes/adapts/outputs/extraction/Traffic/168_24/chronos2/none/none/0/none/run_1/vanilla_metrics.json
2026-08-14 01:12:22,033 INFO [__main__] completion marker saved path=/home/h61084/codes/adapts/outputs/extraction/Traffic/168_24/chronos2/none/none/0/none/run_1/extraction_manifest.json
2026-08-14 01:12:22,033 INFO [__main__] outputs saved dir=/home/h61084/codes/adapts/outputs/extraction/Traffic/168_24/chronos2/none/none/0/none/run_1
2026-08-14 01:12:22,033 INFO [__main__] experiment done seconds=84.86
2026-08-14 01:12:22,033 INFO [__main__] ========================================================================
2026-08-14 01:12:25,371 INFO [__main__] extraction validation directory=/home/h61084/codes/adapts/outputs/extraction/Traffic/168_24/chronos2/none/none/0/none/run_1 status=complete
2026-08-14T01:12:25+02:00 extraction done configuration=16/60 dataset=Traffic model=chronos2 lags=168 horizon=24 retrieval=vanilla

2026-08-14T01:12:26+02:00 extraction start configuration=17/60 dataset=Traffic model=chronos2 lags=168 horizon=24 retrieval=raw_euclidean_1_online run=/home/h61084/codes/adapts/outputs/extraction/Traffic/168_24/chronos2/raw/euclidean/1/online/run_1 computation_signature=90f447c8aa947517fdafd2be56067912d15324d9c3b090c45f3c11afab56123c period=24 align_period=false datastore_stride=25 adapt_stride=25 eval_stride=127 max_store_windows=30000 seed=1
2026-08-14 01:12:28,477 INFO [__main__] ========================================================================
2026-08-14 01:12:28,477 INFO [__main__] experiment start kind=extraction dataset=Traffic model=chronos2 lags=168 horizon=24 neighbors=1 distance=raw/euclidean
2026-08-14 01:12:28,789 INFO [__main__] dataset load start
2026-08-14 01:12:28,791 INFO [src.data.load_dataset] loaded dataset config path=/home/h61084/codes/datasets/traffic/config.json keys=['aggr', 'date_col', 'drop_users']
2026-08-14 01:12:29,914 INFO [__main__] dataset load done dates=17544 users=860
2026-08-14 01:12:29,914 INFO [__main__] model load start
2026-08-14 01:12:41,892 INFO [__main__] model load done name=chronos2 device=cuda parameters_total=119,477,664 parameters_trainable=0
2026-08-14 01:12:41,894 INFO [__main__] extraction start split=adapt queries=350
2026-08-14 01:18:42,203 INFO [__main__] extraction done split=adapt
2026-08-14 01:18:42,203 INFO [__main__] extraction start split=eval queries=28
2026-08-14 01:19:10,762 INFO [__main__] extraction done split=eval
2026-08-14 01:19:11,729 INFO [__main__] completion marker saved path=/home/h61084/codes/adapts/outputs/extraction/Traffic/168_24/chronos2/raw/euclidean/1/online/run_1/extraction_manifest.json
2026-08-14 01:19:11,729 INFO [__main__] outputs saved dir=/home/h61084/codes/adapts/outputs/extraction/Traffic/168_24/chronos2/raw/euclidean/1/online/run_1
2026-08-14 01:19:11,729 INFO [__main__] experiment done seconds=403.25
2026-08-14 01:19:11,729 INFO [__main__] ========================================================================
2026-08-14 01:19:15,030 INFO [__main__] extraction validation directory=/home/h61084/codes/adapts/outputs/extraction/Traffic/168_24/chronos2/raw/euclidean/1/online/run_1 status=complete
2026-08-14T01:19:15+02:00 extraction done configuration=17/60 dataset=Traffic model=chronos2 lags=168 horizon=24 retrieval=raw_euclidean_1_online

2026-08-14T01:19:15+02:00 extraction start configuration=18/60 dataset=Traffic model=chronos2 lags=168 horizon=24 retrieval=raw_euclidean_3_online run=/home/h61084/codes/adapts/outputs/extraction/Traffic/168_24/chronos2/raw/euclidean/3/online/run_1 computation_signature=fcf6ff7a819dd010bef84c6535862c1eac213d82b6b28b89c0b9a114e4a06d4d period=24 align_period=false datastore_stride=25 adapt_stride=25 eval_stride=127 max_store_windows=30000 seed=1
2026-08-14 01:19:18,048 INFO [__main__] ========================================================================
2026-08-14 01:19:18,048 INFO [__main__] experiment start kind=extraction dataset=Traffic model=chronos2 lags=168 horizon=24 neighbors=3 distance=raw/euclidean
2026-08-14 01:19:18,354 INFO [__main__] dataset load start
2026-08-14 01:19:18,356 INFO [src.data.load_dataset] loaded dataset config path=/home/h61084/codes/datasets/traffic/config.json keys=['aggr', 'date_col', 'drop_users']
2026-08-14 01:19:19,553 INFO [__main__] dataset load done dates=17544 users=860
2026-08-14 01:19:19,553 INFO [__main__] model load start
2026-08-14 01:19:31,920 INFO [__main__] model load done name=chronos2 device=cuda parameters_total=119,477,664 parameters_trainable=0
2026-08-14 01:19:31,922 INFO [__main__] extraction start split=adapt queries=350
2026-08-14 01:29:14,972 INFO [__main__] extraction done split=adapt
2026-08-14 01:29:14,972 INFO [__main__] extraction start split=eval queries=28
2026-08-14 01:30:01,794 INFO [__main__] extraction done split=eval
2026-08-14 01:30:02,760 INFO [__main__] completion marker saved path=/home/h61084/codes/adapts/outputs/extraction/Traffic/168_24/chronos2/raw/euclidean/3/online/run_1/extraction_manifest.json
2026-08-14 01:30:02,760 INFO [__main__] outputs saved dir=/home/h61084/codes/adapts/outputs/extraction/Traffic/168_24/chronos2/raw/euclidean/3/online/run_1
2026-08-14 01:30:02,760 INFO [__main__] experiment done seconds=644.70
2026-08-14 01:30:02,760 INFO [__main__] ========================================================================
2026-08-14 01:30:06,170 INFO [__main__] extraction validation directory=/home/h61084/codes/adapts/outputs/extraction/Traffic/168_24/chronos2/raw/euclidean/3/online/run_1 status=complete
2026-08-14T01:30:06+02:00 extraction done configuration=18/60 dataset=Traffic model=chronos2 lags=168 horizon=24 retrieval=raw_euclidean_3_online

2026-08-14T01:30:06+02:00 extraction start configuration=19/60 dataset=Traffic model=chronos2 lags=168 horizon=24 retrieval=instance_euclidean_1_online run=/home/h61084/codes/adapts/outputs/extraction/Traffic/168_24/chronos2/instance/euclidean/1/online/run_1 computation_signature=ab8d08661f60b615410a48c8b6a246cde066107325f1f95477158ef563f6d228 period=24 align_period=false datastore_stride=25 adapt_stride=25 eval_stride=127 max_store_windows=30000 seed=1
2026-08-14 01:30:09,307 INFO [__main__] ========================================================================
2026-08-14 01:30:09,308 INFO [__main__] experiment start kind=extraction dataset=Traffic model=chronos2 lags=168 horizon=24 neighbors=1 distance=instance/euclidean
2026-08-14 01:30:09,622 INFO [__main__] dataset load start
2026-08-14 01:30:09,624 INFO [src.data.load_dataset] loaded dataset config path=/home/h61084/codes/datasets/traffic/config.json keys=['aggr', 'date_col', 'drop_users']
2026-08-14 01:30:10,739 INFO [__main__] dataset load done dates=17544 users=860
2026-08-14 01:30:10,739 INFO [__main__] model load start
2026-08-14 01:30:23,337 INFO [__main__] model load done name=chronos2 device=cuda parameters_total=119,477,664 parameters_trainable=0
2026-08-14 01:30:23,338 INFO [__main__] extraction start split=adapt queries=350
2026-08-14 01:36:31,837 INFO [__main__] extraction done split=adapt
2026-08-14 01:36:31,837 INFO [__main__] extraction start split=eval queries=28
2026-08-14 01:37:00,485 INFO [__main__] extraction done split=eval
2026-08-14 01:37:01,520 INFO [__main__] completion marker saved path=/home/h61084/codes/adapts/outputs/extraction/Traffic/168_24/chronos2/instance/euclidean/1/online/run_1/extraction_manifest.json
2026-08-14 01:37:01,520 INFO [__main__] outputs saved dir=/home/h61084/codes/adapts/outputs/extraction/Traffic/168_24/chronos2/instance/euclidean/1/online/run_1
2026-08-14 01:37:01,520 INFO [__main__] experiment done seconds=412.21
2026-08-14 01:37:01,520 INFO [__main__] ========================================================================
2026-08-14 01:37:04,983 INFO [__main__] extraction validation directory=/home/h61084/codes/adapts/outputs/extraction/Traffic/168_24/chronos2/instance/euclidean/1/online/run_1 status=complete
2026-08-14T01:37:05+02:00 extraction done configuration=19/60 dataset=Traffic model=chronos2 lags=168 horizon=24 retrieval=instance_euclidean_1_online

2026-08-14T01:37:05+02:00 extraction start configuration=20/60 dataset=Traffic model=chronos2 lags=168 horizon=24 retrieval=instance_euclidean_3_online run=/home/h61084/codes/adapts/outputs/extraction/Traffic/168_24/chronos2/instance/euclidean/3/online/run_1 computation_signature=8bdea20e3e03b6d33428d6bc8541b1ee84b866f78677b0f76e2b15c8ccaeb36a period=24 align_period=false datastore_stride=25 adapt_stride=25 eval_stride=127 max_store_windows=30000 seed=1
2026-08-14 01:37:08,083 INFO [__main__] ========================================================================
2026-08-14 01:37:08,083 INFO [__main__] experiment start kind=extraction dataset=Traffic model=chronos2 lags=168 horizon=24 neighbors=3 distance=instance/euclidean
2026-08-14 01:37:08,385 INFO [__main__] dataset load start
2026-08-14 01:37:08,387 INFO [src.data.load_dataset] loaded dataset config path=/home/h61084/codes/datasets/traffic/config.json keys=['aggr', 'date_col', 'drop_users']
2026-08-14 01:37:09,577 INFO [__main__] dataset load done dates=17544 users=860
2026-08-14 01:37:09,577 INFO [__main__] model load start
2026-08-14 01:37:21,945 INFO [__main__] model load done name=chronos2 device=cuda parameters_total=119,477,664 parameters_trainable=0
2026-08-14 01:37:21,947 INFO [__main__] extraction start split=adapt queries=350
2026-08-14 01:47:08,344 INFO [__main__] extraction done split=adapt
2026-08-14 01:47:08,345 INFO [__main__] extraction start split=eval queries=28
2026-08-14 01:47:56,615 INFO [__main__] extraction done split=eval
2026-08-14 01:47:57,943 INFO [__main__] completion marker saved path=/home/h61084/codes/adapts/outputs/extraction/Traffic/168_24/chronos2/instance/euclidean/3/online/run_1/extraction_manifest.json
2026-08-14 01:47:57,943 INFO [__main__] outputs saved dir=/home/h61084/codes/adapts/outputs/extraction/Traffic/168_24/chronos2/instance/euclidean/3/online/run_1
2026-08-14 01:47:57,943 INFO [__main__] experiment done seconds=649.84
2026-08-14 01:47:57,943 INFO [__main__] ========================================================================
2026-08-14 01:48:02,000 INFO [__main__] extraction validation directory=/home/h61084/codes/adapts/outputs/extraction/Traffic/168_24/chronos2/instance/euclidean/3/online/run_1 status=complete
2026-08-14T01:48:02+02:00 extraction done configuration=20/60 dataset=Traffic model=chronos2 lags=168 horizon=24 retrieval=instance_euclidean_3_online

2026-08-14T01:48:02+02:00 extraction start configuration=21/60 dataset=Traffic model=chronos2 lags=336 horizon=48 retrieval=vanilla run=/home/h61084/codes/adapts/outputs/extraction/Traffic/336_48/chronos2/none/none/0/none/run_1 computation_signature=d66d3844189b6be816c54cfab57f1b573a14adee363ccb4e7a04f1f868ac5951 period=24 align_period=false datastore_stride=25 adapt_stride=25 eval_stride=127 max_store_windows=30000 seed=1
2026-08-14 01:48:05,528 INFO [__main__] ========================================================================
2026-08-14 01:48:05,528 INFO [__main__] experiment start kind=extraction dataset=Traffic model=chronos2 lags=336 horizon=48 neighbors=0 distance=raw/euclidean
2026-08-14 01:48:05,884 INFO [__main__] dataset load start
2026-08-14 01:48:05,886 INFO [src.data.load_dataset] loaded dataset config path=/home/h61084/codes/datasets/traffic/config.json keys=['aggr', 'date_col', 'drop_users']
2026-08-14 01:48:07,085 INFO [__main__] dataset load done dates=17544 users=860
2026-08-14 01:48:07,085 INFO [__main__] model load start
2026-08-14 01:48:23,319 INFO [__main__] model load done name=chronos2 device=cuda parameters_total=119,477,664 parameters_trainable=0
2026-08-14 01:48:23,321 INFO [__main__] extraction start split=adapt queries=349
2026-08-14 01:49:58,795 INFO [__main__] extraction done split=adapt
2026-08-14 01:49:58,796 INFO [__main__] extraction start split=eval queries=28
2026-08-14 01:50:06,535 INFO [__main__] extraction done split=eval
2026-08-14 01:50:06,632 INFO [__main__] vanilla metrics saved path=/home/h61084/codes/adapts/outputs/extraction/Traffic/336_48/chronos2/none/none/0/none/run_1/vanilla_metrics.json
2026-08-14 01:50:06,638 INFO [__main__] completion marker saved path=/home/h61084/codes/adapts/outputs/extraction/Traffic/336_48/chronos2/none/none/0/none/run_1/extraction_manifest.json
2026-08-14 01:50:06,638 INFO [__main__] outputs saved dir=/home/h61084/codes/adapts/outputs/extraction/Traffic/336_48/chronos2/none/none/0/none/run_1
2026-08-14 01:50:06,638 INFO [__main__] experiment done seconds=121.10
2026-08-14 01:50:06,638 INFO [__main__] ========================================================================
2026-08-14 01:50:09,956 INFO [__main__] extraction validation directory=/home/h61084/codes/adapts/outputs/extraction/Traffic/336_48/chronos2/none/none/0/none/run_1 status=complete
2026-08-14T01:50:10+02:00 extraction done configuration=21/60 dataset=Traffic model=chronos2 lags=336 horizon=48 retrieval=vanilla

2026-08-14T01:50:10+02:00 extraction start configuration=22/60 dataset=Traffic model=chronos2 lags=336 horizon=48 retrieval=raw_euclidean_1_online run=/home/h61084/codes/adapts/outputs/extraction/Traffic/336_48/chronos2/raw/euclidean/1/online/run_1 computation_signature=0217c8958b911ad48030eaba17816ed8051f5629fe46f0bf38bf616a0b2f3ab1 period=24 align_period=false datastore_stride=25 adapt_stride=25 eval_stride=127 max_store_windows=30000 seed=1
2026-08-14 01:50:13,060 INFO [__main__] ========================================================================
2026-08-14 01:50:13,060 INFO [__main__] experiment start kind=extraction dataset=Traffic model=chronos2 lags=336 horizon=48 neighbors=1 distance=raw/euclidean
2026-08-14 01:50:13,386 INFO [__main__] dataset load start
2026-08-14 01:50:13,387 INFO [src.data.load_dataset] loaded dataset config path=/home/h61084/codes/datasets/traffic/config.json keys=['aggr', 'date_col', 'drop_users']
2026-08-14 01:50:14,498 INFO [__main__] dataset load done dates=17544 users=860
2026-08-14 01:50:14,498 INFO [__main__] model load start
2026-08-14 01:50:26,542 INFO [__main__] model load done name=chronos2 device=cuda parameters_total=119,477,664 parameters_trainable=0
2026-08-14 01:50:26,544 INFO [__main__] extraction start split=adapt queries=349
2026-08-14 01:58:48,455 INFO [__main__] extraction done split=adapt
2026-08-14 01:58:48,455 INFO [__main__] extraction start split=eval queries=28
2026-08-14 01:59:27,662 INFO [__main__] extraction done split=eval
2026-08-14 01:59:28,532 INFO [__main__] completion marker saved path=/home/h61084/codes/adapts/outputs/extraction/Traffic/336_48/chronos2/raw/euclidean/1/online/run_1/extraction_manifest.json
2026-08-14 01:59:28,533 INFO [__main__] outputs saved dir=/home/h61084/codes/adapts/outputs/extraction/Traffic/336_48/chronos2/raw/euclidean/1/online/run_1
2026-08-14 01:59:28,533 INFO [__main__] experiment done seconds=555.47
2026-08-14 01:59:28,533 INFO [__main__] ========================================================================
2026-08-14 01:59:31,977 INFO [__main__] extraction validation directory=/home/h61084/codes/adapts/outputs/extraction/Traffic/336_48/chronos2/raw/euclidean/1/online/run_1 status=complete
2026-08-14T01:59:32+02:00 extraction done configuration=22/60 dataset=Traffic model=chronos2 lags=336 horizon=48 retrieval=raw_euclidean_1_online

2026-08-14T01:59:32+02:00 extraction start configuration=23/60 dataset=Traffic model=chronos2 lags=336 horizon=48 retrieval=raw_euclidean_3_online run=/home/h61084/codes/adapts/outputs/extraction/Traffic/336_48/chronos2/raw/euclidean/3/online/run_1 computation_signature=4a3f1cf01c7ddec80988ad640e5323d6b63f5a127d07a456a2e4963cc7e6e3f6 period=24 align_period=false datastore_stride=25 adapt_stride=25 eval_stride=127 max_store_windows=30000 seed=1
2026-08-14 01:59:34,926 INFO [__main__] ========================================================================
2026-08-14 01:59:34,926 INFO [__main__] experiment start kind=extraction dataset=Traffic model=chronos2 lags=336 horizon=48 neighbors=3 distance=raw/euclidean
2026-08-14 01:59:35,224 INFO [__main__] dataset load start
2026-08-14 01:59:35,225 INFO [src.data.load_dataset] loaded dataset config path=/home/h61084/codes/datasets/traffic/config.json keys=['aggr', 'date_col', 'drop_users']
2026-08-14 01:59:36,342 INFO [__main__] dataset load done dates=17544 users=860
2026-08-14 01:59:36,343 INFO [__main__] model load start
2026-08-14 01:59:47,793 INFO [__main__] model load done name=chronos2 device=cuda parameters_total=119,477,664 parameters_trainable=0
2026-08-14 01:59:47,795 INFO [__main__] extraction start split=adapt queries=349
2026-08-14 02:13:45,461 INFO [__main__] extraction done split=adapt
2026-08-14 02:13:45,461 INFO [__main__] extraction start split=eval queries=28
2026-08-14 02:14:53,014 INFO [__main__] extraction done split=eval
2026-08-14 02:14:53,903 INFO [__main__] completion marker saved path=/home/h61084/codes/adapts/outputs/extraction/Traffic/336_48/chronos2/raw/euclidean/3/online/run_1/extraction_manifest.json
2026-08-14 02:14:53,903 INFO [__main__] outputs saved dir=/home/h61084/codes/adapts/outputs/extraction/Traffic/336_48/chronos2/raw/euclidean/3/online/run_1
2026-08-14 02:14:53,903 INFO [__main__] experiment done seconds=918.97
2026-08-14 02:14:53,903 INFO [__main__] ========================================================================
2026-08-14 02:14:57,386 INFO [__main__] extraction validation directory=/home/h61084/codes/adapts/outputs/extraction/Traffic/336_48/chronos2/raw/euclidean/3/online/run_1 status=complete
2026-08-14T02:14:57+02:00 extraction done configuration=23/60 dataset=Traffic model=chronos2 lags=336 horizon=48 retrieval=raw_euclidean_3_online

2026-08-14T02:14:58+02:00 extraction start configuration=24/60 dataset=Traffic model=chronos2 lags=336 horizon=48 retrieval=instance_euclidean_1_online run=/home/h61084/codes/adapts/outputs/extraction/Traffic/336_48/chronos2/instance/euclidean/1/online/run_1 computation_signature=9c0fd796ea8246439c37213e5f6f3bfd3c18f380f57b552493e4b76dd8e3992a period=24 align_period=false datastore_stride=25 adapt_stride=25 eval_stride=127 max_store_windows=30000 seed=1
2026-08-14 02:15:00,285 INFO [__main__] ========================================================================
2026-08-14 02:15:00,285 INFO [__main__] experiment start kind=extraction dataset=Traffic model=chronos2 lags=336 horizon=48 neighbors=1 distance=instance/euclidean
2026-08-14 02:15:00,580 INFO [__main__] dataset load start
2026-08-14 02:15:00,582 INFO [src.data.load_dataset] loaded dataset config path=/home/h61084/codes/datasets/traffic/config.json keys=['aggr', 'date_col', 'drop_users']
2026-08-14 02:15:01,728 INFO [__main__] dataset load done dates=17544 users=860
2026-08-14 02:15:01,728 INFO [__main__] model load start
2026-08-14 02:15:13,258 INFO [__main__] model load done name=chronos2 device=cuda parameters_total=119,477,664 parameters_trainable=0
2026-08-14 02:15:13,260 INFO [__main__] extraction start split=adapt queries=349
2026-08-14 02:23:53,533 INFO [__main__] extraction done split=adapt
2026-08-14 02:23:53,533 INFO [__main__] extraction start split=eval queries=28
2026-08-14 02:24:35,605 INFO [__main__] extraction done split=eval
2026-08-14 02:24:36,480 INFO [__main__] completion marker saved path=/home/h61084/codes/adapts/outputs/extraction/Traffic/336_48/chronos2/instance/euclidean/1/online/run_1/extraction_manifest.json
2026-08-14 02:24:36,480 INFO [__main__] outputs saved dir=/home/h61084/codes/adapts/outputs/extraction/Traffic/336_48/chronos2/instance/euclidean/1/online/run_1
2026-08-14 02:24:36,480 INFO [__main__] experiment done seconds=576.19
2026-08-14 02:24:36,480 INFO [__main__] ========================================================================
2026-08-14 02:24:39,648 INFO [__main__] extraction validation directory=/home/h61084/codes/adapts/outputs/extraction/Traffic/336_48/chronos2/instance/euclidean/1/online/run_1 status=complete
2026-08-14T02:24:40+02:00 extraction done configuration=24/60 dataset=Traffic model=chronos2 lags=336 horizon=48 retrieval=instance_euclidean_1_online

2026-08-14T02:24:40+02:00 extraction start configuration=25/60 dataset=Traffic model=chronos2 lags=336 horizon=48 retrieval=instance_euclidean_3_online run=/home/h61084/codes/adapts/outputs/extraction/Traffic/336_48/chronos2/instance/euclidean/3/online/run_1 computation_signature=79dbb29dae7ce901ff874ec50519bd9068ea36847fe06b69714c6a082c08f867 period=24 align_period=false datastore_stride=25 adapt_stride=25 eval_stride=127 max_store_windows=30000 seed=1
2026-08-14 02:24:42,499 INFO [__main__] ========================================================================
2026-08-14 02:24:42,499 INFO [__main__] experiment start kind=extraction dataset=Traffic model=chronos2 lags=336 horizon=48 neighbors=3 distance=instance/euclidean
2026-08-14 02:24:42,799 INFO [__main__] dataset load start
2026-08-14 02:24:42,800 INFO [src.data.load_dataset] loaded dataset config path=/home/h61084/codes/datasets/traffic/config.json keys=['aggr', 'date_col', 'drop_users']
2026-08-14 02:24:43,904 INFO [__main__] dataset load done dates=17544 users=860
2026-08-14 02:24:43,904 INFO [__main__] model load start
2026-08-14 02:24:55,183 INFO [__main__] model load done name=chronos2 device=cuda parameters_total=119,477,664 parameters_trainable=0
2026-08-14 02:24:55,184 INFO [__main__] extraction start split=adapt queries=349
2026-08-14 02:39:08,178 INFO [__main__] extraction done split=adapt
2026-08-14 02:39:08,178 INFO [__main__] extraction start split=eval queries=28
2026-08-14 02:40:16,556 INFO [__main__] extraction done split=eval
2026-08-14 02:40:17,496 INFO [__main__] completion marker saved path=/home/h61084/codes/adapts/outputs/extraction/Traffic/336_48/chronos2/instance/euclidean/3/online/run_1/extraction_manifest.json
2026-08-14 02:40:17,496 INFO [__main__] outputs saved dir=/home/h61084/codes/adapts/outputs/extraction/Traffic/336_48/chronos2/instance/euclidean/3/online/run_1
2026-08-14 02:40:17,496 INFO [__main__] experiment done seconds=934.99
2026-08-14 02:40:17,496 INFO [__main__] ========================================================================
2026-08-14 02:40:20,884 INFO [__main__] extraction validation directory=/home/h61084/codes/adapts/outputs/extraction/Traffic/336_48/chronos2/instance/euclidean/3/online/run_1 status=complete
2026-08-14T02:40:21+02:00 extraction done configuration=25/60 dataset=Traffic model=chronos2 lags=336 horizon=48 retrieval=instance_euclidean_3_online

2026-08-14T02:40:21+02:00 extraction start configuration=26/60 dataset=Traffic model=chronos2 lags=504 horizon=168 retrieval=vanilla run=/home/h61084/codes/adapts/outputs/extraction/Traffic/504_168/chronos2/none/none/0/none/run_1 computation_signature=cb09725097b3fe411406895aca05d6ce151a94823a96b8737cfca321457aabb6 period=24 align_period=false datastore_stride=25 adapt_stride=25 eval_stride=127 max_store_windows=30000 seed=1
2026-08-14 02:40:23,847 INFO [__main__] ========================================================================
2026-08-14 02:40:23,847 INFO [__main__] experiment start kind=extraction dataset=Traffic model=chronos2 lags=504 horizon=168 neighbors=0 distance=raw/euclidean
2026-08-14 02:40:24,154 INFO [__main__] dataset load start
2026-08-14 02:40:24,155 INFO [src.data.load_dataset] loaded dataset config path=/home/h61084/codes/datasets/traffic/config.json keys=['aggr', 'date_col', 'drop_users']
2026-08-14 02:40:25,272 INFO [__main__] dataset load done dates=17544 users=860
2026-08-14 02:40:25,272 INFO [__main__] model load start
2026-08-14 02:40:36,534 INFO [__main__] model load done name=chronos2 device=cuda parameters_total=119,477,664 parameters_trainable=0
2026-08-14 02:40:36,535 INFO [__main__] extraction start split=adapt queries=345
2026-08-14 02:42:44,014 INFO [__main__] extraction done split=adapt
2026-08-14 02:42:44,014 INFO [__main__] extraction start split=eval queries=27
2026-08-14 02:42:53,961 INFO [__main__] extraction done split=eval
2026-08-14 02:42:54,167 INFO [__main__] vanilla metrics saved path=/home/h61084/codes/adapts/outputs/extraction/Traffic/504_168/chronos2/none/none/0/none/run_1/vanilla_metrics.json
2026-08-14 02:42:54,173 INFO [__main__] completion marker saved path=/home/h61084/codes/adapts/outputs/extraction/Traffic/504_168/chronos2/none/none/0/none/run_1/extraction_manifest.json
2026-08-14 02:42:54,173 INFO [__main__] outputs saved dir=/home/h61084/codes/adapts/outputs/extraction/Traffic/504_168/chronos2/none/none/0/none/run_1
2026-08-14 02:42:54,173 INFO [__main__] experiment done seconds=150.32
2026-08-14 02:42:54,173 INFO [__main__] ========================================================================
2026-08-14 02:42:57,486 INFO [__main__] extraction validation directory=/home/h61084/codes/adapts/outputs/extraction/Traffic/504_168/chronos2/none/none/0/none/run_1 status=complete
2026-08-14T02:42:57+02:00 extraction done configuration=26/60 dataset=Traffic model=chronos2 lags=504 horizon=168 retrieval=vanilla

2026-08-14T02:42:58+02:00 extraction start configuration=27/60 dataset=Traffic model=chronos2 lags=504 horizon=168 retrieval=raw_euclidean_1_online run=/home/h61084/codes/adapts/outputs/extraction/Traffic/504_168/chronos2/raw/euclidean/1/online/run_1 computation_signature=99bc69ca651456e58f749497c4b6de885638d282b1d9eab7cc5495b9ca1c1e08 period=24 align_period=false datastore_stride=25 adapt_stride=25 eval_stride=127 max_store_windows=30000 seed=1
2026-08-14 02:43:00,493 INFO [__main__] ========================================================================
2026-08-14 02:43:00,494 INFO [__main__] experiment start kind=extraction dataset=Traffic model=chronos2 lags=504 horizon=168 neighbors=1 distance=raw/euclidean
2026-08-14 02:43:00,886 INFO [__main__] dataset load start
2026-08-14 02:43:00,888 INFO [src.data.load_dataset] loaded dataset config path=/home/h61084/codes/datasets/traffic/config.json keys=['aggr', 'date_col', 'drop_users']
2026-08-14 02:43:02,038 INFO [__main__] dataset load done dates=17544 users=860
2026-08-14 02:43:02,038 INFO [__main__] model load start
2026-08-14 02:43:13,304 INFO [__main__] model load done name=chronos2 device=cuda parameters_total=119,477,664 parameters_trainable=0
2026-08-14 02:43:13,306 INFO [__main__] extraction start split=adapt queries=345
2026-08-14 02:53:55,455 INFO [__main__] extraction done split=adapt
2026-08-14 02:53:55,455 INFO [__main__] extraction start split=eval queries=27
2026-08-14 02:54:45,072 INFO [__main__] extraction done split=eval
2026-08-14 02:54:46,022 INFO [__main__] completion marker saved path=/home/h61084/codes/adapts/outputs/extraction/Traffic/504_168/chronos2/raw/euclidean/1/online/run_1/extraction_manifest.json
2026-08-14 02:54:46,022 INFO [__main__] outputs saved dir=/home/h61084/codes/adapts/outputs/extraction/Traffic/504_168/chronos2/raw/euclidean/1/online/run_1
2026-08-14 02:54:46,022 INFO [__main__] experiment done seconds=705.52
2026-08-14 02:54:46,022 INFO [__main__] ========================================================================
2026-08-14 02:54:49,368 INFO [__main__] extraction validation directory=/home/h61084/codes/adapts/outputs/extraction/Traffic/504_168/chronos2/raw/euclidean/1/online/run_1 status=complete
2026-08-14T02:54:49+02:00 extraction done configuration=27/60 dataset=Traffic model=chronos2 lags=504 horizon=168 retrieval=raw_euclidean_1_online

2026-08-14T02:54:49+02:00 extraction start configuration=28/60 dataset=Traffic model=chronos2 lags=504 horizon=168 retrieval=raw_euclidean_3_online run=/home/h61084/codes/adapts/outputs/extraction/Traffic/504_168/chronos2/raw/euclidean/3/online/run_1 computation_signature=87403b2320e00a33b60048ea00f0a4dea7dd47847002997c88fe12b3c8965b2b period=24 align_period=false datastore_stride=25 adapt_stride=25 eval_stride=127 max_store_windows=30000 seed=1
2026-08-14 02:54:52,184 INFO [__main__] ========================================================================
2026-08-14 02:54:52,185 INFO [__main__] experiment start kind=extraction dataset=Traffic model=chronos2 lags=504 horizon=168 neighbors=3 distance=raw/euclidean
2026-08-14 02:54:52,469 INFO [__main__] dataset load start
2026-08-14 02:54:52,470 INFO [src.data.load_dataset] loaded dataset config path=/home/h61084/codes/datasets/traffic/config.json keys=['aggr', 'date_col', 'drop_users']
2026-08-14 02:54:53,566 INFO [__main__] dataset load done dates=17544 users=860
2026-08-14 02:54:53,566 INFO [__main__] model load start
2026-08-14 02:55:04,815 INFO [__main__] model load done name=chronos2 device=cuda parameters_total=119,477,664 parameters_trainable=0
2026-08-14 02:55:04,817 INFO [__main__] extraction start split=adapt queries=345
2026-08-14 03:13:28,563 INFO [__main__] extraction done split=adapt
2026-08-14 03:13:28,563 INFO [__main__] extraction start split=eval queries=27
2026-08-14 03:14:54,588 INFO [__main__] extraction done split=eval
2026-08-14 03:14:55,547 INFO [__main__] completion marker saved path=/home/h61084/codes/adapts/outputs/extraction/Traffic/504_168/chronos2/raw/euclidean/3/online/run_1/extraction_manifest.json
2026-08-14 03:14:55,547 INFO [__main__] outputs saved dir=/home/h61084/codes/adapts/outputs/extraction/Traffic/504_168/chronos2/raw/euclidean/3/online/run_1
2026-08-14 03:14:55,547 INFO [__main__] experiment done seconds=1203.36
2026-08-14 03:14:55,547 INFO [__main__] ========================================================================
2026-08-14 03:14:58,969 INFO [__main__] extraction validation directory=/home/h61084/codes/adapts/outputs/extraction/Traffic/504_168/chronos2/raw/euclidean/3/online/run_1 status=complete
2026-08-14T03:14:59+02:00 extraction done configuration=28/60 dataset=Traffic model=chronos2 lags=504 horizon=168 retrieval=raw_euclidean_3_online

2026-08-14T03:14:59+02:00 extraction start configuration=29/60 dataset=Traffic model=chronos2 lags=504 horizon=168 retrieval=instance_euclidean_1_online run=/home/h61084/codes/adapts/outputs/extraction/Traffic/504_168/chronos2/instance/euclidean/1/online/run_1 computation_signature=b2150bca39171b2f009cffeb7cd4ca50d67cd78c81b05c9358bf55129a5f9793 period=24 align_period=false datastore_stride=25 adapt_stride=25 eval_stride=127 max_store_windows=30000 seed=1
2026-08-14 03:15:01,859 INFO [__main__] ========================================================================
2026-08-14 03:15:01,859 INFO [__main__] experiment start kind=extraction dataset=Traffic model=chronos2 lags=504 horizon=168 neighbors=1 distance=instance/euclidean
2026-08-14 03:15:02,159 INFO [__main__] dataset load start
2026-08-14 03:15:02,161 INFO [src.data.load_dataset] loaded dataset config path=/home/h61084/codes/datasets/traffic/config.json keys=['aggr', 'date_col', 'drop_users']
2026-08-14 03:15:03,315 INFO [__main__] dataset load done dates=17544 users=860
2026-08-14 03:15:03,316 INFO [__main__] model load start
2026-08-14 03:15:14,547 INFO [__main__] model load done name=chronos2 device=cuda parameters_total=119,477,664 parameters_trainable=0
2026-08-14 03:15:14,548 INFO [__main__] extraction start split=adapt queries=345
2026-08-14 03:26:31,924 INFO [__main__] extraction done split=adapt
2026-08-14 03:26:31,924 INFO [__main__] extraction start split=eval queries=27
2026-08-14 03:27:24,908 INFO [__main__] extraction done split=eval
2026-08-14 03:27:25,899 INFO [__main__] completion marker saved path=/home/h61084/codes/adapts/outputs/extraction/Traffic/504_168/chronos2/instance/euclidean/1/online/run_1/extraction_manifest.json
2026-08-14 03:27:25,899 INFO [__main__] outputs saved dir=/home/h61084/codes/adapts/outputs/extraction/Traffic/504_168/chronos2/instance/euclidean/1/online/run_1
2026-08-14 03:27:25,899 INFO [__main__] experiment done seconds=744.03
2026-08-14 03:27:25,899 INFO [__main__] ========================================================================
2026-08-14 03:27:29,335 INFO [__main__] extraction validation directory=/home/h61084/codes/adapts/outputs/extraction/Traffic/504_168/chronos2/instance/euclidean/1/online/run_1 status=complete
2026-08-14T03:27:29+02:00 extraction done configuration=29/60 dataset=Traffic model=chronos2 lags=504 horizon=168 retrieval=instance_euclidean_1_online

2026-08-14T03:27:29+02:00 extraction start configuration=30/60 dataset=Traffic model=chronos2 lags=504 horizon=168 retrieval=instance_euclidean_3_online run=/home/h61084/codes/adapts/outputs/extraction/Traffic/504_168/chronos2/instance/euclidean/3/online/run_1 computation_signature=aacb82310f54c5b7946fbcb81af508eef6e99f93d4ac82609920139fce3474f8 period=24 align_period=false datastore_stride=25 adapt_stride=25 eval_stride=127 max_store_windows=30000 seed=1
2026-08-14 03:27:32,183 INFO [__main__] ========================================================================
2026-08-14 03:27:32,183 INFO [__main__] experiment start kind=extraction dataset=Traffic model=chronos2 lags=504 horizon=168 neighbors=3 distance=instance/euclidean
2026-08-14 03:27:32,477 INFO [__main__] dataset load start
2026-08-14 03:27:32,478 INFO [src.data.load_dataset] loaded dataset config path=/home/h61084/codes/datasets/traffic/config.json keys=['aggr', 'date_col', 'drop_users']
2026-08-14 03:27:33,646 INFO [__main__] dataset load done dates=17544 users=860
2026-08-14 03:27:33,646 INFO [__main__] model load start
2026-08-14 03:27:45,104 INFO [__main__] model load done name=chronos2 device=cuda parameters_total=119,477,664 parameters_trainable=0
2026-08-14 03:27:45,106 INFO [__main__] extraction start split=adapt queries=345
2026-08-14 03:46:47,480 INFO [__main__] extraction done split=adapt
2026-08-14 03:46:47,480 INFO [__main__] extraction start split=eval queries=27
2026-08-14 03:48:16,290 INFO [__main__] extraction done split=eval
2026-08-14 03:48:17,311 INFO [__main__] completion marker saved path=/home/h61084/codes/adapts/outputs/extraction/Traffic/504_168/chronos2/instance/euclidean/3/online/run_1/extraction_manifest.json
2026-08-14 03:48:17,312 INFO [__main__] outputs saved dir=/home/h61084/codes/adapts/outputs/extraction/Traffic/504_168/chronos2/instance/euclidean/3/online/run_1
2026-08-14 03:48:17,312 INFO [__main__] experiment done seconds=1245.12
2026-08-14 03:48:17,312 INFO [__main__] ========================================================================
2026-08-14 03:48:20,917 INFO [__main__] extraction validation directory=/home/h61084/codes/adapts/outputs/extraction/Traffic/504_168/chronos2/instance/euclidean/3/online/run_1 status=complete
2026-08-14T03:48:21+02:00 extraction done configuration=30/60 dataset=Traffic model=chronos2 lags=504 horizon=168 retrieval=instance_euclidean_3_online

2026-08-14T03:48:21+02:00 extraction start configuration=31/60 dataset=Solar model=chronos2 lags=168 horizon=24 retrieval=vanilla run=/home/h61084/codes/adapts/outputs/extraction/Solar/168_24/chronos2/none/none/0/none/run_1 computation_signature=6f07e3138519f59cfe2008001f4e01bd4c3f528f3284bc6876b52c106f6f0d57 period=24 align_period=false datastore_stride=25 adapt_stride=25 eval_stride=127 max_store_windows=30000 seed=1
2026-08-14 03:48:23,905 INFO [__main__] ========================================================================
2026-08-14 03:48:23,905 INFO [__main__] experiment start kind=extraction dataset=Solar model=chronos2 lags=168 horizon=24 neighbors=0 distance=raw/euclidean
2026-08-14 03:48:24,257 INFO [__main__] dataset load start
2026-08-14 03:48:24,259 INFO [src.data.load_dataset] loaded dataset config path=/home/h61084/codes/datasets/solar/config.json keys=['aggr', 'date_col', 'drop_users']
2026-08-14 03:48:24,634 INFO [__main__] dataset load done dates=8760 users=137
2026-08-14 03:48:24,635 INFO [__main__] model load start
2026-08-14 03:48:35,811 INFO [__main__] model load done name=chronos2 device=cuda parameters_total=119,477,664 parameters_trainable=0
2026-08-14 03:48:35,812 INFO [__main__] extraction start split=adapt queries=175
2026-08-14 03:48:41,824 INFO [__main__] extraction done split=adapt
2026-08-14 03:48:41,824 INFO [__main__] extraction start split=eval queries=14
2026-08-14 03:48:42,282 INFO [__main__] extraction done split=eval
2026-08-14 03:48:42,288 INFO [__main__] vanilla metrics saved path=/home/h61084/codes/adapts/outputs/extraction/Solar/168_24/chronos2/none/none/0/none/run_1/vanilla_metrics.json
2026-08-14 03:48:42,292 INFO [__main__] completion marker saved path=/home/h61084/codes/adapts/outputs/extraction/Solar/168_24/chronos2/none/none/0/none/run_1/extraction_manifest.json
2026-08-14 03:48:42,292 INFO [__main__] outputs saved dir=/home/h61084/codes/adapts/outputs/extraction/Solar/168_24/chronos2/none/none/0/none/run_1
2026-08-14 03:48:42,292 INFO [__main__] experiment done seconds=18.38
2026-08-14 03:48:42,293 INFO [__main__] ========================================================================
2026-08-14 03:48:45,057 INFO [__main__] extraction validation directory=/home/h61084/codes/adapts/outputs/extraction/Solar/168_24/chronos2/none/none/0/none/run_1 status=complete
2026-08-14T03:48:45+02:00 extraction done configuration=31/60 dataset=Solar model=chronos2 lags=168 horizon=24 retrieval=vanilla

2026-08-14T03:48:45+02:00 extraction start configuration=32/60 dataset=Solar model=chronos2 lags=168 horizon=24 retrieval=raw_euclidean_1_online run=/home/h61084/codes/adapts/outputs/extraction/Solar/168_24/chronos2/raw/euclidean/1/online/run_1 computation_signature=3e607b3fe679f080c84b1336b5217dd526350f501af491b02e8013de5d770010 period=24 align_period=false datastore_stride=25 adapt_stride=25 eval_stride=127 max_store_windows=30000 seed=1
2026-08-14 03:48:47,899 INFO [__main__] ========================================================================
2026-08-14 03:48:47,899 INFO [__main__] experiment start kind=extraction dataset=Solar model=chronos2 lags=168 horizon=24 neighbors=1 distance=raw/euclidean
2026-08-14 03:48:48,254 INFO [__main__] dataset load start
2026-08-14 03:48:48,255 INFO [src.data.load_dataset] loaded dataset config path=/home/h61084/codes/datasets/solar/config.json keys=['aggr', 'date_col', 'drop_users']
2026-08-14 03:48:48,657 INFO [__main__] dataset load done dates=8760 users=137
2026-08-14 03:48:48,657 INFO [__main__] model load start
2026-08-14 03:48:56,222 INFO [__main__] model load done name=chronos2 device=cuda parameters_total=119,477,664 parameters_trainable=0
2026-08-14 03:48:56,223 INFO [__main__] extraction start split=adapt queries=175
2026-08-14 03:49:32,833 INFO [__main__] extraction done split=adapt
2026-08-14 03:49:32,833 INFO [__main__] extraction start split=eval queries=14
2026-08-14 03:49:35,385 INFO [__main__] extraction done split=eval
2026-08-14 03:49:36,022 INFO [__main__] completion marker saved path=/home/h61084/codes/adapts/outputs/extraction/Solar/168_24/chronos2/raw/euclidean/1/online/run_1/extraction_manifest.json
2026-08-14 03:49:36,023 INFO [__main__] outputs saved dir=/home/h61084/codes/adapts/outputs/extraction/Solar/168_24/chronos2/raw/euclidean/1/online/run_1
2026-08-14 03:49:36,023 INFO [__main__] experiment done seconds=48.12
2026-08-14 03:49:36,024 INFO [__main__] ========================================================================
2026-08-14 03:49:39,118 INFO [__main__] extraction validation directory=/home/h61084/codes/adapts/outputs/extraction/Solar/168_24/chronos2/raw/euclidean/1/online/run_1 status=complete
2026-08-14T03:49:39+02:00 extraction done configuration=32/60 dataset=Solar model=chronos2 lags=168 horizon=24 retrieval=raw_euclidean_1_online

2026-08-14T03:49:39+02:00 extraction start configuration=33/60 dataset=Solar model=chronos2 lags=168 horizon=24 retrieval=raw_euclidean_3_online run=/home/h61084/codes/adapts/outputs/extraction/Solar/168_24/chronos2/raw/euclidean/3/online/run_1 computation_signature=7bbbf65b738557d16256fb270b38318bc5318dc7a0fe8b14257718b9ad38661a period=24 align_period=false datastore_stride=25 adapt_stride=25 eval_stride=127 max_store_windows=30000 seed=1
2026-08-14 03:49:42,079 INFO [__main__] ========================================================================
2026-08-14 03:49:42,080 INFO [__main__] experiment start kind=extraction dataset=Solar model=chronos2 lags=168 horizon=24 neighbors=3 distance=raw/euclidean
2026-08-14 03:49:42,408 INFO [__main__] dataset load start
2026-08-14 03:49:42,410 INFO [src.data.load_dataset] loaded dataset config path=/home/h61084/codes/datasets/solar/config.json keys=['aggr', 'date_col', 'drop_users']
2026-08-14 03:49:42,783 INFO [__main__] dataset load done dates=8760 users=137
2026-08-14 03:49:42,783 INFO [__main__] model load start
2026-08-14 03:49:53,345 INFO [__main__] model load done name=chronos2 device=cuda parameters_total=119,477,664 parameters_trainable=0
2026-08-14 03:49:53,346 INFO [__main__] extraction start split=adapt queries=175
2026-08-14 03:50:55,636 INFO [__main__] extraction done split=adapt
2026-08-14 03:50:55,636 INFO [__main__] extraction start split=eval queries=14
2026-08-14 03:51:00,614 INFO [__main__] extraction done split=eval
2026-08-14 03:51:01,163 INFO [__main__] completion marker saved path=/home/h61084/codes/adapts/outputs/extraction/Solar/168_24/chronos2/raw/euclidean/3/online/run_1/extraction_manifest.json
2026-08-14 03:51:01,163 INFO [__main__] outputs saved dir=/home/h61084/codes/adapts/outputs/extraction/Solar/168_24/chronos2/raw/euclidean/3/online/run_1
2026-08-14 03:51:01,163 INFO [__main__] experiment done seconds=79.08
2026-08-14 03:51:01,163 INFO [__main__] ========================================================================
2026-08-14 03:51:04,391 INFO [__main__] extraction validation directory=/home/h61084/codes/adapts/outputs/extraction/Solar/168_24/chronos2/raw/euclidean/3/online/run_1 status=complete
2026-08-14T03:51:04+02:00 extraction done configuration=33/60 dataset=Solar model=chronos2 lags=168 horizon=24 retrieval=raw_euclidean_3_online

2026-08-14T03:51:05+02:00 extraction start configuration=34/60 dataset=Solar model=chronos2 lags=168 horizon=24 retrieval=instance_euclidean_1_online run=/home/h61084/codes/adapts/outputs/extraction/Solar/168_24/chronos2/instance/euclidean/1/online/run_1 computation_signature=f34f2a6b983f970001e369f930bfb3e3e89027d05a36f652b34291ac3b085496 period=24 align_period=false datastore_stride=25 adapt_stride=25 eval_stride=127 max_store_windows=30000 seed=1
2026-08-14 03:51:07,416 INFO [__main__] ========================================================================
2026-08-14 03:51:07,416 INFO [__main__] experiment start kind=extraction dataset=Solar model=chronos2 lags=168 horizon=24 neighbors=1 distance=instance/euclidean
2026-08-14 03:51:07,694 INFO [__main__] dataset load start
2026-08-14 03:51:07,696 INFO [src.data.load_dataset] loaded dataset config path=/home/h61084/codes/datasets/solar/config.json keys=['aggr', 'date_col', 'drop_users']
2026-08-14 03:51:08,076 INFO [__main__] dataset load done dates=8760 users=137
2026-08-14 03:51:08,076 INFO [__main__] model load start
2026-08-14 03:51:19,536 INFO [__main__] model load done name=chronos2 device=cuda parameters_total=119,477,664 parameters_trainable=0
2026-08-14 03:51:19,537 INFO [__main__] extraction start split=adapt queries=175
2026-08-14 03:51:56,923 INFO [__main__] extraction done split=adapt
2026-08-14 03:51:56,923 INFO [__main__] extraction start split=eval queries=14
2026-08-14 03:51:59,576 INFO [__main__] extraction done split=eval
2026-08-14 03:52:00,186 INFO [__main__] completion marker saved path=/home/h61084/codes/adapts/outputs/extraction/Solar/168_24/chronos2/instance/euclidean/1/online/run_1/extraction_manifest.json
2026-08-14 03:52:00,187 INFO [__main__] outputs saved dir=/home/h61084/codes/adapts/outputs/extraction/Solar/168_24/chronos2/instance/euclidean/1/online/run_1
2026-08-14 03:52:00,187 INFO [__main__] experiment done seconds=52.76
2026-08-14 03:52:00,188 INFO [__main__] ========================================================================
2026-08-14 03:52:03,057 INFO [__main__] extraction validation directory=/home/h61084/codes/adapts/outputs/extraction/Solar/168_24/chronos2/instance/euclidean/1/online/run_1 status=complete
2026-08-14T03:52:03+02:00 extraction done configuration=34/60 dataset=Solar model=chronos2 lags=168 horizon=24 retrieval=instance_euclidean_1_online

2026-08-14T03:52:03+02:00 extraction start configuration=35/60 dataset=Solar model=chronos2 lags=168 horizon=24 retrieval=instance_euclidean_3_online run=/home/h61084/codes/adapts/outputs/extraction/Solar/168_24/chronos2/instance/euclidean/3/online/run_1 computation_signature=b7ef2cd59ef99bbcc0c2dac39238b44b16fb945cd60a78df050459f6a53e5464 period=24 align_period=false datastore_stride=25 adapt_stride=25 eval_stride=127 max_store_windows=30000 seed=1
2026-08-14 03:52:06,151 INFO [__main__] ========================================================================
2026-08-14 03:52:06,151 INFO [__main__] experiment start kind=extraction dataset=Solar model=chronos2 lags=168 horizon=24 neighbors=3 distance=instance/euclidean
2026-08-14 03:52:06,457 INFO [__main__] dataset load start
2026-08-14 03:52:06,458 INFO [src.data.load_dataset] loaded dataset config path=/home/h61084/codes/datasets/solar/config.json keys=['aggr', 'date_col', 'drop_users']
2026-08-14 03:52:06,820 INFO [__main__] dataset load done dates=8760 users=137
2026-08-14 03:52:06,821 INFO [__main__] model load start
2026-08-14 03:52:14,751 INFO [__main__] model load done name=chronos2 device=cuda parameters_total=119,477,664 parameters_trainable=0
2026-08-14 03:52:14,752 INFO [__main__] extraction start split=adapt queries=175
2026-08-14 03:53:14,003 INFO [__main__] extraction done split=adapt
2026-08-14 03:53:14,003 INFO [__main__] extraction start split=eval queries=14
2026-08-14 03:53:18,467 INFO [__main__] extraction done split=eval
2026-08-14 03:53:19,081 INFO [__main__] completion marker saved path=/home/h61084/codes/adapts/outputs/extraction/Solar/168_24/chronos2/instance/euclidean/3/online/run_1/extraction_manifest.json
2026-08-14 03:53:19,081 INFO [__main__] outputs saved dir=/home/h61084/codes/adapts/outputs/extraction/Solar/168_24/chronos2/instance/euclidean/3/online/run_1
2026-08-14 03:53:19,081 INFO [__main__] experiment done seconds=72.92
2026-08-14 03:53:19,082 INFO [__main__] ========================================================================
2026-08-14 03:53:22,398 INFO [__main__] extraction validation directory=/home/h61084/codes/adapts/outputs/extraction/Solar/168_24/chronos2/instance/euclidean/3/online/run_1 status=complete
2026-08-14T03:53:22+02:00 extraction done configuration=35/60 dataset=Solar model=chronos2 lags=168 horizon=24 retrieval=instance_euclidean_3_online

2026-08-14T03:53:23+02:00 extraction start configuration=36/60 dataset=Solar model=chronos2 lags=336 horizon=48 retrieval=vanilla run=/home/h61084/codes/adapts/outputs/extraction/Solar/336_48/chronos2/none/none/0/none/run_1 computation_signature=09c11e35a9aa2032848399e994785b262af49034323c4475d5d15f45f9dfc194 period=24 align_period=false datastore_stride=25 adapt_stride=25 eval_stride=127 max_store_windows=30000 seed=1
2026-08-14 03:53:25,267 INFO [__main__] ========================================================================
2026-08-14 03:53:25,267 INFO [__main__] experiment start kind=extraction dataset=Solar model=chronos2 lags=336 horizon=48 neighbors=0 distance=raw/euclidean
2026-08-14 03:53:25,551 INFO [__main__] dataset load start
2026-08-14 03:53:25,552 INFO [src.data.load_dataset] loaded dataset config path=/home/h61084/codes/datasets/solar/config.json keys=['aggr', 'date_col', 'drop_users']
2026-08-14 03:53:25,913 INFO [__main__] dataset load done dates=8760 users=137
2026-08-14 03:53:25,913 INFO [__main__] model load start
2026-08-14 03:53:37,219 INFO [__main__] model load done name=chronos2 device=cuda parameters_total=119,477,664 parameters_trainable=0
2026-08-14 03:53:37,220 INFO [__main__] extraction start split=adapt queries=174
2026-08-14 03:53:45,921 INFO [__main__] extraction done split=adapt
2026-08-14 03:53:45,921 INFO [__main__] extraction start split=eval queries=14
2026-08-14 03:53:46,547 INFO [__main__] extraction done split=eval
2026-08-14 03:53:46,641 INFO [__main__] vanilla metrics saved path=/home/h61084/codes/adapts/outputs/extraction/Solar/336_48/chronos2/none/none/0/none/run_1/vanilla_metrics.json
2026-08-14 03:53:46,646 INFO [__main__] completion marker saved path=/home/h61084/codes/adapts/outputs/extraction/Solar/336_48/chronos2/none/none/0/none/run_1/extraction_manifest.json
2026-08-14 03:53:46,646 INFO [__main__] outputs saved dir=/home/h61084/codes/adapts/outputs/extraction/Solar/336_48/chronos2/none/none/0/none/run_1
2026-08-14 03:53:46,646 INFO [__main__] experiment done seconds=21.37
2026-08-14 03:53:46,646 INFO [__main__] ========================================================================
2026-08-14 03:53:49,279 INFO [__main__] extraction validation directory=/home/h61084/codes/adapts/outputs/extraction/Solar/336_48/chronos2/none/none/0/none/run_1 status=complete
2026-08-14T03:53:49+02:00 extraction done configuration=36/60 dataset=Solar model=chronos2 lags=336 horizon=48 retrieval=vanilla

2026-08-14T03:53:49+02:00 extraction start configuration=37/60 dataset=Solar model=chronos2 lags=336 horizon=48 retrieval=raw_euclidean_1_online run=/home/h61084/codes/adapts/outputs/extraction/Solar/336_48/chronos2/raw/euclidean/1/online/run_1 computation_signature=2065d00212db1406ec881207477ea9f93db19ada7d453c56bc1fffe836d50c4a period=24 align_period=false datastore_stride=25 adapt_stride=25 eval_stride=127 max_store_windows=30000 seed=1
2026-08-14 03:53:52,203 INFO [__main__] ========================================================================
2026-08-14 03:53:52,203 INFO [__main__] experiment start kind=extraction dataset=Solar model=chronos2 lags=336 horizon=48 neighbors=1 distance=raw/euclidean
2026-08-14 03:53:52,519 INFO [__main__] dataset load start
2026-08-14 03:53:52,520 INFO [src.data.load_dataset] loaded dataset config path=/home/h61084/codes/datasets/solar/config.json keys=['aggr', 'date_col', 'drop_users']
2026-08-14 03:53:52,912 INFO [__main__] dataset load done dates=8760 users=137
2026-08-14 03:53:52,912 INFO [__main__] model load start
2026-08-14 03:54:00,476 INFO [__main__] model load done name=chronos2 device=cuda parameters_total=119,477,664 parameters_trainable=0
2026-08-14 03:54:00,477 INFO [__main__] extraction start split=adapt queries=174
2026-08-14 03:55:02,330 INFO [__main__] extraction done split=adapt
2026-08-14 03:55:02,330 INFO [__main__] extraction start split=eval queries=14
2026-08-14 03:55:07,018 INFO [__main__] extraction done split=eval
2026-08-14 03:55:07,710 INFO [__main__] completion marker saved path=/home/h61084/codes/adapts/outputs/extraction/Solar/336_48/chronos2/raw/euclidean/1/online/run_1/extraction_manifest.json
2026-08-14 03:55:07,710 INFO [__main__] outputs saved dir=/home/h61084/codes/adapts/outputs/extraction/Solar/336_48/chronos2/raw/euclidean/1/online/run_1
2026-08-14 03:55:07,710 INFO [__main__] experiment done seconds=75.50
2026-08-14 03:55:07,710 INFO [__main__] ========================================================================
2026-08-14 03:55:10,942 INFO [__main__] extraction validation directory=/home/h61084/codes/adapts/outputs/extraction/Solar/336_48/chronos2/raw/euclidean/1/online/run_1 status=complete
2026-08-14T03:55:11+02:00 extraction done configuration=37/60 dataset=Solar model=chronos2 lags=336 horizon=48 retrieval=raw_euclidean_1_online

2026-08-14T03:55:11+02:00 extraction start configuration=38/60 dataset=Solar model=chronos2 lags=336 horizon=48 retrieval=raw_euclidean_3_online run=/home/h61084/codes/adapts/outputs/extraction/Solar/336_48/chronos2/raw/euclidean/3/online/run_1 computation_signature=269152a8319672b3569807c7fa412204eedb7211cc6595d1dfe1d410600422e5 period=24 align_period=false datastore_stride=25 adapt_stride=25 eval_stride=127 max_store_windows=30000 seed=1
2026-08-14 03:55:13,885 INFO [__main__] ========================================================================
2026-08-14 03:55:13,885 INFO [__main__] experiment start kind=extraction dataset=Solar model=chronos2 lags=336 horizon=48 neighbors=3 distance=raw/euclidean
2026-08-14 03:55:14,184 INFO [__main__] dataset load start
2026-08-14 03:55:14,186 INFO [src.data.load_dataset] loaded dataset config path=/home/h61084/codes/datasets/solar/config.json keys=['aggr', 'date_col', 'drop_users']
2026-08-14 03:55:14,565 INFO [__main__] dataset load done dates=8760 users=137
2026-08-14 03:55:14,565 INFO [__main__] model load start
2026-08-14 03:55:25,786 INFO [__main__] model load done name=chronos2 device=cuda parameters_total=119,477,664 parameters_trainable=0
2026-08-14 03:55:25,787 INFO [__main__] extraction start split=adapt queries=174
2026-08-14 03:56:48,926 INFO [__main__] extraction done split=adapt
2026-08-14 03:56:48,926 INFO [__main__] extraction start split=eval queries=14
2026-08-14 03:56:56,328 INFO [__main__] extraction done split=eval
2026-08-14 03:56:56,979 INFO [__main__] completion marker saved path=/home/h61084/codes/adapts/outputs/extraction/Solar/336_48/chronos2/raw/euclidean/3/online/run_1/extraction_manifest.json
2026-08-14 03:56:56,979 INFO [__main__] outputs saved dir=/home/h61084/codes/adapts/outputs/extraction/Solar/336_48/chronos2/raw/euclidean/3/online/run_1
2026-08-14 03:56:56,979 INFO [__main__] experiment done seconds=103.09
2026-08-14 03:56:56,979 INFO [__main__] ========================================================================
2026-08-14 03:57:00,373 INFO [__main__] extraction validation directory=/home/h61084/codes/adapts/outputs/extraction/Solar/336_48/chronos2/raw/euclidean/3/online/run_1 status=complete
2026-08-14T03:57:00+02:00 extraction done configuration=38/60 dataset=Solar model=chronos2 lags=336 horizon=48 retrieval=raw_euclidean_3_online

2026-08-14T03:57:01+02:00 extraction start configuration=39/60 dataset=Solar model=chronos2 lags=336 horizon=48 retrieval=instance_euclidean_1_online run=/home/h61084/codes/adapts/outputs/extraction/Solar/336_48/chronos2/instance/euclidean/1/online/run_1 computation_signature=7a84cd16195c1e982f93b41b09ff0bb5e78ec437631f799254f516a44a04ee24 period=24 align_period=false datastore_stride=25 adapt_stride=25 eval_stride=127 max_store_windows=30000 seed=1
2026-08-14 03:57:03,399 INFO [__main__] ========================================================================
2026-08-14 03:57:03,400 INFO [__main__] experiment start kind=extraction dataset=Solar model=chronos2 lags=336 horizon=48 neighbors=1 distance=instance/euclidean
2026-08-14 03:57:03,677 INFO [__main__] dataset load start
2026-08-14 03:57:03,679 INFO [src.data.load_dataset] loaded dataset config path=/home/h61084/codes/datasets/solar/config.json keys=['aggr', 'date_col', 'drop_users']
2026-08-14 03:57:04,083 INFO [__main__] dataset load done dates=8760 users=137
2026-08-14 03:57:04,083 INFO [__main__] model load start
2026-08-14 03:57:15,250 INFO [__main__] model load done name=chronos2 device=cuda parameters_total=119,477,664 parameters_trainable=0
2026-08-14 03:57:15,252 INFO [__main__] extraction start split=adapt queries=174
2026-08-14 03:58:17,980 INFO [__main__] extraction done split=adapt
2026-08-14 03:58:17,980 INFO [__main__] extraction start split=eval queries=14
2026-08-14 03:58:22,937 INFO [__main__] extraction done split=eval
2026-08-14 03:58:23,626 INFO [__main__] completion marker saved path=/home/h61084/codes/adapts/outputs/extraction/Solar/336_48/chronos2/instance/euclidean/1/online/run_1/extraction_manifest.json
2026-08-14 03:58:23,626 INFO [__main__] outputs saved dir=/home/h61084/codes/adapts/outputs/extraction/Solar/336_48/chronos2/instance/euclidean/1/online/run_1
2026-08-14 03:58:23,626 INFO [__main__] experiment done seconds=80.22
2026-08-14 03:58:23,626 INFO [__main__] ========================================================================
2026-08-14 03:58:26,924 INFO [__main__] extraction validation directory=/home/h61084/codes/adapts/outputs/extraction/Solar/336_48/chronos2/instance/euclidean/1/online/run_1 status=complete
2026-08-14T03:58:27+02:00 extraction done configuration=39/60 dataset=Solar model=chronos2 lags=336 horizon=48 retrieval=instance_euclidean_1_online

2026-08-14T03:58:27+02:00 extraction start configuration=40/60 dataset=Solar model=chronos2 lags=336 horizon=48 retrieval=instance_euclidean_3_online run=/home/h61084/codes/adapts/outputs/extraction/Solar/336_48/chronos2/instance/euclidean/3/online/run_1 computation_signature=7740e8d75e48841e1dd2b3642f511f7e3086f573207145d6ea64985887905d34 period=24 align_period=false datastore_stride=25 adapt_stride=25 eval_stride=127 max_store_windows=30000 seed=1
2026-08-14 03:58:29,854 INFO [__main__] ========================================================================
2026-08-14 03:58:29,854 INFO [__main__] experiment start kind=extraction dataset=Solar model=chronos2 lags=336 horizon=48 neighbors=3 distance=instance/euclidean
2026-08-14 03:58:30,138 INFO [__main__] dataset load start
2026-08-14 03:58:30,139 INFO [src.data.load_dataset] loaded dataset config path=/home/h61084/codes/datasets/solar/config.json keys=['aggr', 'date_col', 'drop_users']
2026-08-14 03:58:30,544 INFO [__main__] dataset load done dates=8760 users=137
2026-08-14 03:58:30,544 INFO [__main__] model load start
2026-08-14 03:58:41,793 INFO [__main__] model load done name=chronos2 device=cuda parameters_total=119,477,664 parameters_trainable=0
2026-08-14 03:58:41,794 INFO [__main__] extraction start split=adapt queries=174
2026-08-14 04:00:12,426 INFO [__main__] extraction done split=adapt
2026-08-14 04:00:12,426 INFO [__main__] extraction start split=eval queries=14
2026-08-14 04:00:19,562 INFO [__main__] extraction done split=eval
2026-08-14 04:00:20,184 INFO [__main__] completion marker saved path=/home/h61084/codes/adapts/outputs/extraction/Solar/336_48/chronos2/instance/euclidean/3/online/run_1/extraction_manifest.json
2026-08-14 04:00:20,184 INFO [__main__] outputs saved dir=/home/h61084/codes/adapts/outputs/extraction/Solar/336_48/chronos2/instance/euclidean/3/online/run_1
2026-08-14 04:00:20,184 INFO [__main__] experiment done seconds=110.33
2026-08-14 04:00:20,184 INFO [__main__] ========================================================================
2026-08-14 04:00:23,704 INFO [__main__] extraction validation directory=/home/h61084/codes/adapts/outputs/extraction/Solar/336_48/chronos2/instance/euclidean/3/online/run_1 status=complete
2026-08-14T04:00:24+02:00 extraction done configuration=40/60 dataset=Solar model=chronos2 lags=336 horizon=48 retrieval=instance_euclidean_3_online

2026-08-14T04:00:24+02:00 extraction start configuration=41/60 dataset=Solar model=chronos2 lags=504 horizon=168 retrieval=vanilla run=/home/h61084/codes/adapts/outputs/extraction/Solar/504_168/chronos2/none/none/0/none/run_1 computation_signature=e6c9ceb3460e43d20084605df471f145efdc7a06786a81a2cd22da2da85c2edd period=24 align_period=false datastore_stride=25 adapt_stride=25 eval_stride=127 max_store_windows=30000 seed=1
2026-08-14 04:00:26,570 INFO [__main__] ========================================================================
2026-08-14 04:00:26,570 INFO [__main__] experiment start kind=extraction dataset=Solar model=chronos2 lags=504 horizon=168 neighbors=0 distance=raw/euclidean
2026-08-14 04:00:26,930 INFO [__main__] dataset load start
2026-08-14 04:00:26,932 INFO [src.data.load_dataset] loaded dataset config path=/home/h61084/codes/datasets/solar/config.json keys=['aggr', 'date_col', 'drop_users']
2026-08-14 04:00:27,331 INFO [__main__] dataset load done dates=8760 users=137
2026-08-14 04:00:27,331 INFO [__main__] model load start
2026-08-14 04:00:38,604 INFO [__main__] model load done name=chronos2 device=cuda parameters_total=119,477,664 parameters_trainable=0
2026-08-14 04:00:38,605 INFO [__main__] extraction start split=adapt queries=169
2026-08-14 04:00:50,335 INFO [__main__] extraction done split=adapt
2026-08-14 04:00:50,335 INFO [__main__] extraction start split=eval queries=13
2026-08-14 04:00:51,382 INFO [__main__] extraction done split=eval
2026-08-14 04:00:51,397 INFO [__main__] vanilla metrics saved path=/home/h61084/codes/adapts/outputs/extraction/Solar/504_168/chronos2/none/none/0/none/run_1/vanilla_metrics.json
2026-08-14 04:00:51,402 INFO [__main__] completion marker saved path=/home/h61084/codes/adapts/outputs/extraction/Solar/504_168/chronos2/none/none/0/none/run_1/extraction_manifest.json
2026-08-14 04:00:51,402 INFO [__main__] outputs saved dir=/home/h61084/codes/adapts/outputs/extraction/Solar/504_168/chronos2/none/none/0/none/run_1
2026-08-14 04:00:51,402 INFO [__main__] experiment done seconds=24.83
2026-08-14 04:00:51,402 INFO [__main__] ========================================================================
2026-08-14 04:00:54,066 INFO [__main__] extraction validation directory=/home/h61084/codes/adapts/outputs/extraction/Solar/504_168/chronos2/none/none/0/none/run_1 status=complete
2026-08-14T04:00:54+02:00 extraction done configuration=41/60 dataset=Solar model=chronos2 lags=504 horizon=168 retrieval=vanilla

2026-08-14T04:00:54+02:00 extraction start configuration=42/60 dataset=Solar model=chronos2 lags=504 horizon=168 retrieval=raw_euclidean_1_online run=/home/h61084/codes/adapts/outputs/extraction/Solar/504_168/chronos2/raw/euclidean/1/online/run_1 computation_signature=c86db47908287c54ee02a37acf02708768da57f8450611c0e888c0ce9de1f1c6 period=24 align_period=false datastore_stride=25 adapt_stride=25 eval_stride=127 max_store_windows=30000 seed=1
2026-08-14 04:00:57,124 INFO [__main__] ========================================================================
2026-08-14 04:00:57,124 INFO [__main__] experiment start kind=extraction dataset=Solar model=chronos2 lags=504 horizon=168 neighbors=1 distance=raw/euclidean
2026-08-14 04:00:57,428 INFO [__main__] dataset load start
2026-08-14 04:00:57,430 INFO [src.data.load_dataset] loaded dataset config path=/home/h61084/codes/datasets/solar/config.json keys=['aggr', 'date_col', 'drop_users']
2026-08-14 04:00:57,799 INFO [__main__] dataset load done dates=8760 users=137
2026-08-14 04:00:57,799 INFO [__main__] model load start
2026-08-14 04:01:05,615 INFO [__main__] model load done name=chronos2 device=cuda parameters_total=119,477,664 parameters_trainable=0
2026-08-14 04:01:05,616 INFO [__main__] extraction start split=adapt queries=169
2026-08-14 04:02:19,031 INFO [__main__] extraction done split=adapt
2026-08-14 04:02:19,031 INFO [__main__] extraction start split=eval queries=13
2026-08-14 04:02:24,440 INFO [__main__] extraction done split=eval
2026-08-14 04:02:25,056 INFO [__main__] completion marker saved path=/home/h61084/codes/adapts/outputs/extraction/Solar/504_168/chronos2/raw/euclidean/1/online/run_1/extraction_manifest.json
2026-08-14 04:02:25,056 INFO [__main__] outputs saved dir=/home/h61084/codes/adapts/outputs/extraction/Solar/504_168/chronos2/raw/euclidean/1/online/run_1
2026-08-14 04:02:25,056 INFO [__main__] experiment done seconds=87.93
2026-08-14 04:02:25,056 INFO [__main__] ========================================================================
2026-08-14 04:02:28,382 INFO [__main__] extraction validation directory=/home/h61084/codes/adapts/outputs/extraction/Solar/504_168/chronos2/raw/euclidean/1/online/run_1 status=complete
2026-08-14T04:02:28+02:00 extraction done configuration=42/60 dataset=Solar model=chronos2 lags=504 horizon=168 retrieval=raw_euclidean_1_online

2026-08-14T04:02:29+02:00 extraction start configuration=43/60 dataset=Solar model=chronos2 lags=504 horizon=168 retrieval=raw_euclidean_3_online run=/home/h61084/codes/adapts/outputs/extraction/Solar/504_168/chronos2/raw/euclidean/3/online/run_1 computation_signature=82116546522ebd1bfb90ab71c41d1f11f34635255f91f04a49e2ec996c657af0 period=24 align_period=false datastore_stride=25 adapt_stride=25 eval_stride=127 max_store_windows=30000 seed=1
2026-08-14 04:02:31,355 INFO [__main__] ========================================================================
2026-08-14 04:02:31,355 INFO [__main__] experiment start kind=extraction dataset=Solar model=chronos2 lags=504 horizon=168 neighbors=3 distance=raw/euclidean
2026-08-14 04:02:31,652 INFO [__main__] dataset load start
2026-08-14 04:02:31,653 INFO [src.data.load_dataset] loaded dataset config path=/home/h61084/codes/datasets/solar/config.json keys=['aggr', 'date_col', 'drop_users']
2026-08-14 04:02:32,057 INFO [__main__] dataset load done dates=8760 users=137
2026-08-14 04:02:32,057 INFO [__main__] model load start
2026-08-14 04:02:43,281 INFO [__main__] model load done name=chronos2 device=cuda parameters_total=119,477,664 parameters_trainable=0
2026-08-14 04:02:43,282 INFO [__main__] extraction start split=adapt queries=169
2026-08-14 04:04:36,240 INFO [__main__] extraction done split=adapt
2026-08-14 04:04:36,240 INFO [__main__] extraction start split=eval queries=13
2026-08-14 04:04:44,367 INFO [__main__] extraction done split=eval
2026-08-14 04:04:44,958 INFO [__main__] completion marker saved path=/home/h61084/codes/adapts/outputs/extraction/Solar/504_168/chronos2/raw/euclidean/3/online/run_1/extraction_manifest.json
2026-08-14 04:04:44,958 INFO [__main__] outputs saved dir=/home/h61084/codes/adapts/outputs/extraction/Solar/504_168/chronos2/raw/euclidean/3/online/run_1
2026-08-14 04:04:44,958 INFO [__main__] experiment done seconds=133.60
2026-08-14 04:04:44,958 INFO [__main__] ========================================================================
2026-08-14 04:04:48,218 INFO [__main__] extraction validation directory=/home/h61084/codes/adapts/outputs/extraction/Solar/504_168/chronos2/raw/euclidean/3/online/run_1 status=complete
2026-08-14T04:04:48+02:00 extraction done configuration=43/60 dataset=Solar model=chronos2 lags=504 horizon=168 retrieval=raw_euclidean_3_online

2026-08-14T04:04:48+02:00 extraction start configuration=44/60 dataset=Solar model=chronos2 lags=504 horizon=168 retrieval=instance_euclidean_1_online run=/home/h61084/codes/adapts/outputs/extraction/Solar/504_168/chronos2/instance/euclidean/1/online/run_1 computation_signature=502bc08c8fa95927c9cdeb67e6cdff94c929383890767ea33dc8f2c79d1bce9c period=24 align_period=false datastore_stride=25 adapt_stride=25 eval_stride=127 max_store_windows=30000 seed=1
2026-08-14 04:04:51,218 INFO [__main__] ========================================================================
2026-08-14 04:04:51,218 INFO [__main__] experiment start kind=extraction dataset=Solar model=chronos2 lags=504 horizon=168 neighbors=1 distance=instance/euclidean
2026-08-14 04:04:51,540 INFO [__main__] dataset load start
2026-08-14 04:04:51,541 INFO [src.data.load_dataset] loaded dataset config path=/home/h61084/codes/datasets/solar/config.json keys=['aggr', 'date_col', 'drop_users']
2026-08-14 04:04:51,919 INFO [__main__] dataset load done dates=8760 users=137
2026-08-14 04:04:51,919 INFO [__main__] model load start
2026-08-14 04:05:03,286 INFO [__main__] model load done name=chronos2 device=cuda parameters_total=119,477,664 parameters_trainable=0
2026-08-14 04:05:03,287 INFO [__main__] extraction start split=adapt queries=169
2026-08-14 04:06:21,907 INFO [__main__] extraction done split=adapt
2026-08-14 04:06:21,907 INFO [__main__] extraction start split=eval queries=13
2026-08-14 04:06:27,478 INFO [__main__] extraction done split=eval
2026-08-14 04:06:28,239 INFO [__main__] completion marker saved path=/home/h61084/codes/adapts/outputs/extraction/Solar/504_168/chronos2/instance/euclidean/1/online/run_1/extraction_manifest.json
2026-08-14 04:06:28,239 INFO [__main__] outputs saved dir=/home/h61084/codes/adapts/outputs/extraction/Solar/504_168/chronos2/instance/euclidean/1/online/run_1
2026-08-14 04:06:28,239 INFO [__main__] experiment done seconds=97.02
2026-08-14 04:06:28,239 INFO [__main__] ========================================================================
2026-08-14 04:06:31,411 INFO [__main__] extraction validation directory=/home/h61084/codes/adapts/outputs/extraction/Solar/504_168/chronos2/instance/euclidean/1/online/run_1 status=complete
2026-08-14T04:06:31+02:00 extraction done configuration=44/60 dataset=Solar model=chronos2 lags=504 horizon=168 retrieval=instance_euclidean_1_online

2026-08-14T04:06:32+02:00 extraction start configuration=45/60 dataset=Solar model=chronos2 lags=504 horizon=168 retrieval=instance_euclidean_3_online run=/home/h61084/codes/adapts/outputs/extraction/Solar/504_168/chronos2/instance/euclidean/3/online/run_1 computation_signature=d6b1a5664ad7f9e6ae4b9bbfd2e2b499cfdd7e78e2300fd35f86af8627a1d769 period=24 align_period=false datastore_stride=25 adapt_stride=25 eval_stride=127 max_store_windows=30000 seed=1
2026-08-14 04:06:34,368 INFO [__main__] ========================================================================
2026-08-14 04:06:34,368 INFO [__main__] experiment start kind=extraction dataset=Solar model=chronos2 lags=504 horizon=168 neighbors=3 distance=instance/euclidean
2026-08-14 04:06:34,698 INFO [__main__] dataset load start
2026-08-14 04:06:34,700 INFO [src.data.load_dataset] loaded dataset config path=/home/h61084/codes/datasets/solar/config.json keys=['aggr', 'date_col', 'drop_users']
2026-08-14 04:06:35,104 INFO [__main__] dataset load done dates=8760 users=137
2026-08-14 04:06:35,104 INFO [__main__] model load start
2026-08-14 04:06:46,508 INFO [__main__] model load done name=chronos2 device=cuda parameters_total=119,477,664 parameters_trainable=0
2026-08-14 04:06:46,509 INFO [__main__] extraction start split=adapt queries=169
2026-08-14 04:08:40,398 INFO [__main__] extraction done split=adapt
2026-08-14 04:08:40,399 INFO [__main__] extraction start split=eval queries=13
2026-08-14 04:08:49,358 INFO [__main__] extraction done split=eval
2026-08-14 04:08:49,966 INFO [__main__] completion marker saved path=/home/h61084/codes/adapts/outputs/extraction/Solar/504_168/chronos2/instance/euclidean/3/online/run_1/extraction_manifest.json
2026-08-14 04:08:49,966 INFO [__main__] outputs saved dir=/home/h61084/codes/adapts/outputs/extraction/Solar/504_168/chronos2/instance/euclidean/3/online/run_1
2026-08-14 04:08:49,966 INFO [__main__] experiment done seconds=135.59
2026-08-14 04:08:49,966 INFO [__main__] ========================================================================
2026-08-14 04:08:53,253 INFO [__main__] extraction validation directory=/home/h61084/codes/adapts/outputs/extraction/Solar/504_168/chronos2/instance/euclidean/3/online/run_1 status=complete
2026-08-14T04:08:53+02:00 extraction done configuration=45/60 dataset=Solar model=chronos2 lags=504 horizon=168 retrieval=instance_euclidean_3_online

2026-08-14T04:08:53+02:00 extraction start configuration=46/60 dataset=exchange_rate model=chronos2 lags=168 horizon=24 retrieval=vanilla run=/home/h61084/codes/adapts/outputs/extraction/exchange_rate/168_24/chronos2/none/none/0/none/run_1 computation_signature=7ba7d3e15372d56f1cd119355b4134f67288146a08320f9183fa44e33da45ae4 period=24 align_period=false datastore_stride=25 adapt_stride=25 eval_stride=127 max_store_windows=30000 seed=1
2026-08-14 04:08:56,173 INFO [__main__] ========================================================================
2026-08-14 04:08:56,173 INFO [__main__] experiment start kind=extraction dataset=exchange_rate model=chronos2 lags=168 horizon=24 neighbors=0 distance=raw/euclidean
2026-08-14 04:08:56,516 INFO [__main__] dataset load start
2026-08-14 04:08:56,527 INFO [src.data.load_dataset] loaded dataset config path=/home/h61084/codes/datasets/exchange_rate/config.json keys=['aggr', 'date_col', 'drop_users']
2026-08-14 04:08:56,545 INFO [__main__] dataset load done dates=7588 users=8
2026-08-14 04:08:56,545 INFO [__main__] model load start
2026-08-14 04:09:07,774 INFO [__main__] model load done name=chronos2 device=cuda parameters_total=119,477,664 parameters_trainable=0
2026-08-14 04:09:07,775 INFO [__main__] extraction start split=adapt queries=151
2026-08-14 04:09:10,624 INFO [__main__] extraction done split=adapt
2026-08-14 04:09:10,624 INFO [__main__] extraction start split=eval queries=12
2026-08-14 04:09:10,824 INFO [__main__] extraction done split=eval
2026-08-14 04:09:10,827 INFO [__main__] vanilla metrics saved path=/home/h61084/codes/adapts/outputs/extraction/exchange_rate/168_24/chronos2/none/none/0/none/run_1/vanilla_metrics.json
2026-08-14 04:09:10,832 INFO [__main__] completion marker saved path=/home/h61084/codes/adapts/outputs/extraction/exchange_rate/168_24/chronos2/none/none/0/none/run_1/extraction_manifest.json
2026-08-14 04:09:10,832 INFO [__main__] outputs saved dir=/home/h61084/codes/adapts/outputs/extraction/exchange_rate/168_24/chronos2/none/none/0/none/run_1
2026-08-14 04:09:10,832 INFO [__main__] experiment done seconds=14.65
2026-08-14 04:09:10,832 INFO [__main__] ========================================================================
2026-08-14 04:09:13,521 INFO [__main__] extraction validation directory=/home/h61084/codes/adapts/outputs/extraction/exchange_rate/168_24/chronos2/none/none/0/none/run_1 status=complete
2026-08-14T04:09:13+02:00 extraction done configuration=46/60 dataset=exchange_rate model=chronos2 lags=168 horizon=24 retrieval=vanilla

2026-08-14T04:09:14+02:00 extraction start configuration=47/60 dataset=exchange_rate model=chronos2 lags=168 horizon=24 retrieval=raw_euclidean_1_online run=/home/h61084/codes/adapts/outputs/extraction/exchange_rate/168_24/chronos2/raw/euclidean/1/online/run_1 computation_signature=d9a7c294855ab95369efa08be569af636accd594bbfc2aedca85a2a635f6fa16 period=24 align_period=false datastore_stride=25 adapt_stride=25 eval_stride=127 max_store_windows=30000 seed=1
2026-08-14 04:09:16,453 INFO [__main__] ========================================================================
2026-08-14 04:09:16,453 INFO [__main__] experiment start kind=extraction dataset=exchange_rate model=chronos2 lags=168 horizon=24 neighbors=1 distance=raw/euclidean
2026-08-14 04:09:16,783 INFO [__main__] dataset load start
2026-08-14 04:09:16,784 INFO [src.data.load_dataset] loaded dataset config path=/home/h61084/codes/datasets/exchange_rate/config.json keys=['aggr', 'date_col', 'drop_users']
2026-08-14 04:09:16,800 INFO [__main__] dataset load done dates=7588 users=8
2026-08-14 04:09:16,800 INFO [__main__] model load start
2026-08-14 04:09:24,306 INFO [__main__] model load done name=chronos2 device=cuda parameters_total=119,477,664 parameters_trainable=0
2026-08-14 04:09:24,307 INFO [__main__] extraction start split=adapt queries=151
2026-08-14 04:09:31,407 INFO [__main__] extraction done split=adapt
2026-08-14 04:09:31,407 INFO [__main__] extraction start split=eval queries=12
2026-08-14 04:09:31,947 INFO [__main__] extraction done split=eval
2026-08-14 04:09:32,498 INFO [__main__] completion marker saved path=/home/h61084/codes/adapts/outputs/extraction/exchange_rate/168_24/chronos2/raw/euclidean/1/online/run_1/extraction_manifest.json
2026-08-14 04:09:32,498 INFO [__main__] outputs saved dir=/home/h61084/codes/adapts/outputs/extraction/exchange_rate/168_24/chronos2/raw/euclidean/1/online/run_1
2026-08-14 04:09:32,498 INFO [__main__] experiment done seconds=16.04
2026-08-14 04:09:32,498 INFO [__main__] ========================================================================
2026-08-14 04:09:35,211 INFO [__main__] extraction validation directory=/home/h61084/codes/adapts/outputs/extraction/exchange_rate/168_24/chronos2/raw/euclidean/1/online/run_1 status=complete
2026-08-14T04:09:35+02:00 extraction done configuration=47/60 dataset=exchange_rate model=chronos2 lags=168 horizon=24 retrieval=raw_euclidean_1_online

2026-08-14T04:09:35+02:00 extraction start configuration=48/60 dataset=exchange_rate model=chronos2 lags=168 horizon=24 retrieval=raw_euclidean_3_online run=/home/h61084/codes/adapts/outputs/extraction/exchange_rate/168_24/chronos2/raw/euclidean/3/online/run_1 computation_signature=22b4f6a7f76a7956ae80eae5b90f0948021bea310dbe8dddaec3ddbf04c237db period=24 align_period=false datastore_stride=25 adapt_stride=25 eval_stride=127 max_store_windows=30000 seed=1
2026-08-14 04:09:38,081 INFO [__main__] ========================================================================
2026-08-14 04:09:38,082 INFO [__main__] experiment start kind=extraction dataset=exchange_rate model=chronos2 lags=168 horizon=24 neighbors=3 distance=raw/euclidean
2026-08-14 04:09:38,412 INFO [__main__] dataset load start
2026-08-14 04:09:38,414 INFO [src.data.load_dataset] loaded dataset config path=/home/h61084/codes/datasets/exchange_rate/config.json keys=['aggr', 'date_col', 'drop_users']
2026-08-14 04:09:38,430 INFO [__main__] dataset load done dates=7588 users=8
2026-08-14 04:09:38,430 INFO [__main__] model load start
2026-08-14 04:09:45,921 INFO [__main__] model load done name=chronos2 device=cuda parameters_total=119,477,664 parameters_trainable=0
2026-08-14 04:09:45,922 INFO [__main__] extraction start split=adapt queries=151
2026-08-14 04:09:53,939 INFO [__main__] extraction done split=adapt
2026-08-14 04:09:53,939 INFO [__main__] extraction start split=eval queries=12
2026-08-14 04:09:54,542 INFO [__main__] extraction done split=eval
2026-08-14 04:09:55,136 INFO [__main__] completion marker saved path=/home/h61084/codes/adapts/outputs/extraction/exchange_rate/168_24/chronos2/raw/euclidean/3/online/run_1/extraction_manifest.json
2026-08-14 04:09:55,136 INFO [__main__] outputs saved dir=/home/h61084/codes/adapts/outputs/extraction/exchange_rate/168_24/chronos2/raw/euclidean/3/online/run_1
2026-08-14 04:09:55,136 INFO [__main__] experiment done seconds=17.05
2026-08-14 04:09:55,136 INFO [__main__] ========================================================================
2026-08-14 04:09:58,108 INFO [__main__] extraction validation directory=/home/h61084/codes/adapts/outputs/extraction/exchange_rate/168_24/chronos2/raw/euclidean/3/online/run_1 status=complete
2026-08-14T04:09:58+02:00 extraction done configuration=48/60 dataset=exchange_rate model=chronos2 lags=168 horizon=24 retrieval=raw_euclidean_3_online

2026-08-14T04:09:58+02:00 extraction start configuration=49/60 dataset=exchange_rate model=chronos2 lags=168 horizon=24 retrieval=instance_euclidean_1_online run=/home/h61084/codes/adapts/outputs/extraction/exchange_rate/168_24/chronos2/instance/euclidean/1/online/run_1 computation_signature=2a4abdbab94aa62fabb7736715bac6183dfec70b0791ee613b5e91426f7816fb period=24 align_period=false datastore_stride=25 adapt_stride=25 eval_stride=127 max_store_windows=30000 seed=1
2026-08-14 04:10:00,992 INFO [__main__] ========================================================================
2026-08-14 04:10:00,992 INFO [__main__] experiment start kind=extraction dataset=exchange_rate model=chronos2 lags=168 horizon=24 neighbors=1 distance=instance/euclidean
2026-08-14 04:10:01,273 INFO [__main__] dataset load start
2026-08-14 04:10:01,274 INFO [src.data.load_dataset] loaded dataset config path=/home/h61084/codes/datasets/exchange_rate/config.json keys=['aggr', 'date_col', 'drop_users']
2026-08-14 04:10:01,289 INFO [__main__] dataset load done dates=7588 users=8
2026-08-14 04:10:01,289 INFO [__main__] model load start
2026-08-14 04:10:11,887 INFO [__main__] model load done name=chronos2 device=cuda parameters_total=119,477,664 parameters_trainable=0
2026-08-14 04:10:11,888 INFO [__main__] extraction start split=adapt queries=151
2026-08-14 04:10:19,168 INFO [__main__] extraction done split=adapt
2026-08-14 04:10:19,168 INFO [__main__] extraction start split=eval queries=12
2026-08-14 04:10:19,717 INFO [__main__] extraction done split=eval
2026-08-14 04:10:20,264 INFO [__main__] completion marker saved path=/home/h61084/codes/adapts/outputs/extraction/exchange_rate/168_24/chronos2/instance/euclidean/1/online/run_1/extraction_manifest.json
2026-08-14 04:10:20,264 INFO [__main__] outputs saved dir=/home/h61084/codes/adapts/outputs/extraction/exchange_rate/168_24/chronos2/instance/euclidean/1/online/run_1
2026-08-14 04:10:20,264 INFO [__main__] experiment done seconds=19.27
2026-08-14 04:10:20,264 INFO [__main__] ========================================================================
2026-08-14 04:10:22,912 INFO [__main__] extraction validation directory=/home/h61084/codes/adapts/outputs/extraction/exchange_rate/168_24/chronos2/instance/euclidean/1/online/run_1 status=complete
2026-08-14T04:10:23+02:00 extraction done configuration=49/60 dataset=exchange_rate model=chronos2 lags=168 horizon=24 retrieval=instance_euclidean_1_online

2026-08-14T04:10:23+02:00 extraction start configuration=50/60 dataset=exchange_rate model=chronos2 lags=168 horizon=24 retrieval=instance_euclidean_3_online run=/home/h61084/codes/adapts/outputs/extraction/exchange_rate/168_24/chronos2/instance/euclidean/3/online/run_1 computation_signature=dde919948ca159d4ef250edce916bc94e008128ee675e96c3100033167aadeb5 period=24 align_period=false datastore_stride=25 adapt_stride=25 eval_stride=127 max_store_windows=30000 seed=1
2026-08-14 04:10:25,812 INFO [__main__] ========================================================================
2026-08-14 04:10:25,813 INFO [__main__] experiment start kind=extraction dataset=exchange_rate model=chronos2 lags=168 horizon=24 neighbors=3 distance=instance/euclidean
2026-08-14 04:10:26,093 INFO [__main__] dataset load start
2026-08-14 04:10:26,095 INFO [src.data.load_dataset] loaded dataset config path=/home/h61084/codes/datasets/exchange_rate/config.json keys=['aggr', 'date_col', 'drop_users']
2026-08-14 04:10:26,111 INFO [__main__] dataset load done dates=7588 users=8
2026-08-14 04:10:26,111 INFO [__main__] model load start
2026-08-14 04:10:33,663 INFO [__main__] model load done name=chronos2 device=cuda parameters_total=119,477,664 parameters_trainable=0
2026-08-14 04:10:33,664 INFO [__main__] extraction start split=adapt queries=151
2026-08-14 04:10:41,769 INFO [__main__] extraction done split=adapt
2026-08-14 04:10:41,769 INFO [__main__] extraction start split=eval queries=12
2026-08-14 04:10:42,380 INFO [__main__] extraction done split=eval
2026-08-14 04:10:42,921 INFO [__main__] completion marker saved path=/home/h61084/codes/adapts/outputs/extraction/exchange_rate/168_24/chronos2/instance/euclidean/3/online/run_1/extraction_manifest.json
2026-08-14 04:10:42,922 INFO [__main__] outputs saved dir=/home/h61084/codes/adapts/outputs/extraction/exchange_rate/168_24/chronos2/instance/euclidean/3/online/run_1
2026-08-14 04:10:42,922 INFO [__main__] experiment done seconds=17.10
2026-08-14 04:10:42,922 INFO [__main__] ========================================================================
2026-08-14 04:10:45,629 INFO [__main__] extraction validation directory=/home/h61084/codes/adapts/outputs/extraction/exchange_rate/168_24/chronos2/instance/euclidean/3/online/run_1 status=complete
2026-08-14T04:10:46+02:00 extraction done configuration=50/60 dataset=exchange_rate model=chronos2 lags=168 horizon=24 retrieval=instance_euclidean_3_online

2026-08-14T04:10:46+02:00 extraction start configuration=51/60 dataset=exchange_rate model=chronos2 lags=336 horizon=48 retrieval=vanilla run=/home/h61084/codes/adapts/outputs/extraction/exchange_rate/336_48/chronos2/none/none/0/none/run_1 computation_signature=1c6016cbbe9d03c872098224d4964dd65a5c9256b570e3e1e9d0d02cf16f3b1c period=24 align_period=false datastore_stride=25 adapt_stride=25 eval_stride=127 max_store_windows=30000 seed=1
2026-08-14 04:10:48,610 INFO [__main__] ========================================================================
2026-08-14 04:10:48,610 INFO [__main__] experiment start kind=extraction dataset=exchange_rate model=chronos2 lags=336 horizon=48 neighbors=0 distance=raw/euclidean
2026-08-14 04:10:48,976 INFO [__main__] dataset load start
2026-08-14 04:10:48,978 INFO [src.data.load_dataset] loaded dataset config path=/home/h61084/codes/datasets/exchange_rate/config.json keys=['aggr', 'date_col', 'drop_users']
2026-08-14 04:10:48,994 INFO [__main__] dataset load done dates=7588 users=8
2026-08-14 04:10:48,994 INFO [__main__] model load start
2026-08-14 04:10:56,525 INFO [__main__] model load done name=chronos2 device=cuda parameters_total=119,477,664 parameters_trainable=0
2026-08-14 04:10:56,526 INFO [__main__] extraction start split=adapt queries=150
2026-08-14 04:10:59,451 INFO [__main__] extraction done split=adapt
2026-08-14 04:10:59,451 INFO [__main__] extraction start split=eval queries=12
2026-08-14 04:10:59,656 INFO [__main__] extraction done split=eval
2026-08-14 04:10:59,718 INFO [__main__] vanilla metrics saved path=/home/h61084/codes/adapts/outputs/extraction/exchange_rate/336_48/chronos2/none/none/0/none/run_1/vanilla_metrics.json
2026-08-14 04:10:59,723 INFO [__main__] completion marker saved path=/home/h61084/codes/adapts/outputs/extraction/exchange_rate/336_48/chronos2/none/none/0/none/run_1/extraction_manifest.json
2026-08-14 04:10:59,723 INFO [__main__] outputs saved dir=/home/h61084/codes/adapts/outputs/extraction/exchange_rate/336_48/chronos2/none/none/0/none/run_1
2026-08-14 04:10:59,723 INFO [__main__] experiment done seconds=11.11
2026-08-14 04:10:59,723 INFO [__main__] ========================================================================
2026-08-14 04:11:02,602 INFO [__main__] extraction validation directory=/home/h61084/codes/adapts/outputs/extraction/exchange_rate/336_48/chronos2/none/none/0/none/run_1 status=complete
2026-08-14T04:11:03+02:00 extraction done configuration=51/60 dataset=exchange_rate model=chronos2 lags=336 horizon=48 retrieval=vanilla

2026-08-14T04:11:03+02:00 extraction start configuration=52/60 dataset=exchange_rate model=chronos2 lags=336 horizon=48 retrieval=raw_euclidean_1_online run=/home/h61084/codes/adapts/outputs/extraction/exchange_rate/336_48/chronos2/raw/euclidean/1/online/run_1 computation_signature=a8a2504b3d74b0c0301a5c3b57bc3447e4effd8542cca00b3380019e1a0350b3 period=24 align_period=false datastore_stride=25 adapt_stride=25 eval_stride=127 max_store_windows=30000 seed=1
2026-08-14 04:11:05,493 INFO [__main__] ========================================================================
2026-08-14 04:11:05,493 INFO [__main__] experiment start kind=extraction dataset=exchange_rate model=chronos2 lags=336 horizon=48 neighbors=1 distance=raw/euclidean
2026-08-14 04:11:05,776 INFO [__main__] dataset load start
2026-08-14 04:11:05,778 INFO [src.data.load_dataset] loaded dataset config path=/home/h61084/codes/datasets/exchange_rate/config.json keys=['aggr', 'date_col', 'drop_users']
2026-08-14 04:11:05,794 INFO [__main__] dataset load done dates=7588 users=8
2026-08-14 04:11:05,794 INFO [__main__] model load start
2026-08-14 04:11:16,494 INFO [__main__] model load done name=chronos2 device=cuda parameters_total=119,477,664 parameters_trainable=0
2026-08-14 04:11:16,495 INFO [__main__] extraction start split=adapt queries=150
2026-08-14 04:11:25,117 INFO [__main__] extraction done split=adapt
2026-08-14 04:11:25,118 INFO [__main__] extraction start split=eval queries=12
2026-08-14 04:11:25,818 INFO [__main__] extraction done split=eval
2026-08-14 04:11:26,375 INFO [__main__] completion marker saved path=/home/h61084/codes/adapts/outputs/extraction/exchange_rate/336_48/chronos2/raw/euclidean/1/online/run_1/extraction_manifest.json
2026-08-14 04:11:26,376 INFO [__main__] outputs saved dir=/home/h61084/codes/adapts/outputs/extraction/exchange_rate/336_48/chronos2/raw/euclidean/1/online/run_1
2026-08-14 04:11:26,376 INFO [__main__] experiment done seconds=20.88
2026-08-14 04:11:26,376 INFO [__main__] ========================================================================
2026-08-14 04:11:29,057 INFO [__main__] extraction validation directory=/home/h61084/codes/adapts/outputs/extraction/exchange_rate/336_48/chronos2/raw/euclidean/1/online/run_1 status=complete
2026-08-14T04:11:29+02:00 extraction done configuration=52/60 dataset=exchange_rate model=chronos2 lags=336 horizon=48 retrieval=raw_euclidean_1_online

2026-08-14T04:11:29+02:00 extraction start configuration=53/60 dataset=exchange_rate model=chronos2 lags=336 horizon=48 retrieval=raw_euclidean_3_online run=/home/h61084/codes/adapts/outputs/extraction/exchange_rate/336_48/chronos2/raw/euclidean/3/online/run_1 computation_signature=f61e0889e264eb53def8054191d2b397309664a43a905f809a0ff337abcdf9f7 period=24 align_period=false datastore_stride=25 adapt_stride=25 eval_stride=127 max_store_windows=30000 seed=1
2026-08-14 04:11:31,984 INFO [__main__] ========================================================================
2026-08-14 04:11:31,985 INFO [__main__] experiment start kind=extraction dataset=exchange_rate model=chronos2 lags=336 horizon=48 neighbors=3 distance=raw/euclidean
2026-08-14 04:11:32,266 INFO [__main__] dataset load start
2026-08-14 04:11:32,267 INFO [src.data.load_dataset] loaded dataset config path=/home/h61084/codes/datasets/exchange_rate/config.json keys=['aggr', 'date_col', 'drop_users']
2026-08-14 04:11:32,283 INFO [__main__] dataset load done dates=7588 users=8
2026-08-14 04:11:32,283 INFO [__main__] model load start
2026-08-14 04:11:39,807 INFO [__main__] model load done name=chronos2 device=cuda parameters_total=119,477,664 parameters_trainable=0
2026-08-14 04:11:39,808 INFO [__main__] extraction start split=adapt queries=150
2026-08-14 04:11:47,958 INFO [__main__] extraction done split=adapt
2026-08-14 04:11:47,958 INFO [__main__] extraction start split=eval queries=12
2026-08-14 04:11:48,738 INFO [__main__] extraction done split=eval
2026-08-14 04:11:49,338 INFO [__main__] completion marker saved path=/home/h61084/codes/adapts/outputs/extraction/exchange_rate/336_48/chronos2/raw/euclidean/3/online/run_1/extraction_manifest.json
2026-08-14 04:11:49,339 INFO [__main__] outputs saved dir=/home/h61084/codes/adapts/outputs/extraction/exchange_rate/336_48/chronos2/raw/euclidean/3/online/run_1
2026-08-14 04:11:49,339 INFO [__main__] experiment done seconds=17.35
2026-08-14 04:11:49,339 INFO [__main__] ========================================================================
2026-08-14 04:11:52,120 INFO [__main__] extraction validation directory=/home/h61084/codes/adapts/outputs/extraction/exchange_rate/336_48/chronos2/raw/euclidean/3/online/run_1 status=complete
2026-08-14T04:11:52+02:00 extraction done configuration=53/60 dataset=exchange_rate model=chronos2 lags=336 horizon=48 retrieval=raw_euclidean_3_online

2026-08-14T04:11:52+02:00 extraction start configuration=54/60 dataset=exchange_rate model=chronos2 lags=336 horizon=48 retrieval=instance_euclidean_1_online run=/home/h61084/codes/adapts/outputs/extraction/exchange_rate/336_48/chronos2/instance/euclidean/1/online/run_1 computation_signature=5dcca5019ea4f456e6b15039344da98772bfc34ab5e7c6497e0791b6654277d6 period=24 align_period=false datastore_stride=25 adapt_stride=25 eval_stride=127 max_store_windows=30000 seed=1
2026-08-14 04:11:55,032 INFO [__main__] ========================================================================
2026-08-14 04:11:55,032 INFO [__main__] experiment start kind=extraction dataset=exchange_rate model=chronos2 lags=336 horizon=48 neighbors=1 distance=instance/euclidean
2026-08-14 04:11:55,313 INFO [__main__] dataset load start
2026-08-14 04:11:55,315 INFO [src.data.load_dataset] loaded dataset config path=/home/h61084/codes/datasets/exchange_rate/config.json keys=['aggr', 'date_col', 'drop_users']
2026-08-14 04:11:55,331 INFO [__main__] dataset load done dates=7588 users=8
2026-08-14 04:11:55,331 INFO [__main__] model load start
2026-08-14 04:12:02,849 INFO [__main__] model load done name=chronos2 device=cuda parameters_total=119,477,664 parameters_trainable=0
2026-08-14 04:12:02,850 INFO [__main__] extraction start split=adapt queries=150
2026-08-14 04:12:10,855 INFO [__main__] extraction done split=adapt
2026-08-14 04:12:10,855 INFO [__main__] extraction start split=eval queries=12
2026-08-14 04:12:11,484 INFO [__main__] extraction done split=eval
2026-08-14 04:12:12,055 INFO [__main__] completion marker saved path=/home/h61084/codes/adapts/outputs/extraction/exchange_rate/336_48/chronos2/instance/euclidean/1/online/run_1/extraction_manifest.json
2026-08-14 04:12:12,056 INFO [__main__] outputs saved dir=/home/h61084/codes/adapts/outputs/extraction/exchange_rate/336_48/chronos2/instance/euclidean/1/online/run_1
2026-08-14 04:12:12,056 INFO [__main__] experiment done seconds=17.02
2026-08-14 04:12:12,056 INFO [__main__] ========================================================================
2026-08-14 04:12:15,032 INFO [__main__] extraction validation directory=/home/h61084/codes/adapts/outputs/extraction/exchange_rate/336_48/chronos2/instance/euclidean/1/online/run_1 status=complete
2026-08-14T04:12:15+02:00 extraction done configuration=54/60 dataset=exchange_rate model=chronos2 lags=336 horizon=48 retrieval=instance_euclidean_1_online

2026-08-14T04:12:15+02:00 extraction start configuration=55/60 dataset=exchange_rate model=chronos2 lags=336 horizon=48 retrieval=instance_euclidean_3_online run=/home/h61084/codes/adapts/outputs/extraction/exchange_rate/336_48/chronos2/instance/euclidean/3/online/run_1 computation_signature=b07cd34e445e41a59615efcf07f139bfdbd39fba8f2131951a55c9424738cc8f period=24 align_period=false datastore_stride=25 adapt_stride=25 eval_stride=127 max_store_windows=30000 seed=1
2026-08-14 04:12:17,818 INFO [__main__] ========================================================================
2026-08-14 04:12:17,818 INFO [__main__] experiment start kind=extraction dataset=exchange_rate model=chronos2 lags=336 horizon=48 neighbors=3 distance=instance/euclidean
2026-08-14 04:12:18,093 INFO [__main__] dataset load start
2026-08-14 04:12:18,095 INFO [src.data.load_dataset] loaded dataset config path=/home/h61084/codes/datasets/exchange_rate/config.json keys=['aggr', 'date_col', 'drop_users']
2026-08-14 04:12:18,110 INFO [__main__] dataset load done dates=7588 users=8
2026-08-14 04:12:18,110 INFO [__main__] model load start
2026-08-14 04:12:28,738 INFO [__main__] model load done name=chronos2 device=cuda parameters_total=119,477,664 parameters_trainable=0
2026-08-14 04:12:28,739 INFO [__main__] extraction start split=adapt queries=150
2026-08-14 04:12:37,024 INFO [__main__] extraction done split=adapt
2026-08-14 04:12:37,024 INFO [__main__] extraction start split=eval queries=12
2026-08-14 04:12:37,648 INFO [__main__] extraction done split=eval
2026-08-14 04:12:38,232 INFO [__main__] completion marker saved path=/home/h61084/codes/adapts/outputs/extraction/exchange_rate/336_48/chronos2/instance/euclidean/3/online/run_1/extraction_manifest.json
2026-08-14 04:12:38,232 INFO [__main__] outputs saved dir=/home/h61084/codes/adapts/outputs/extraction/exchange_rate/336_48/chronos2/instance/euclidean/3/online/run_1
2026-08-14 04:12:38,232 INFO [__main__] experiment done seconds=20.41
2026-08-14 04:12:38,232 INFO [__main__] ========================================================================
2026-08-14 04:12:40,956 INFO [__main__] extraction validation directory=/home/h61084/codes/adapts/outputs/extraction/exchange_rate/336_48/chronos2/instance/euclidean/3/online/run_1 status=complete
2026-08-14T04:12:41+02:00 extraction done configuration=55/60 dataset=exchange_rate model=chronos2 lags=336 horizon=48 retrieval=instance_euclidean_3_online

2026-08-14T04:12:41+02:00 extraction start configuration=56/60 dataset=exchange_rate model=chronos2 lags=504 horizon=168 retrieval=vanilla run=/home/h61084/codes/adapts/outputs/extraction/exchange_rate/504_168/chronos2/none/none/0/none/run_1 computation_signature=2fe188348e86d79d35ad89c806e72693be844631906b5752c0f32cc57773a370 period=24 align_period=false datastore_stride=25 adapt_stride=25 eval_stride=127 max_store_windows=30000 seed=1
2026-08-14 04:12:43,930 INFO [__main__] ========================================================================
2026-08-14 04:12:43,930 INFO [__main__] experiment start kind=extraction dataset=exchange_rate model=chronos2 lags=504 horizon=168 neighbors=0 distance=raw/euclidean
2026-08-14 04:12:44,215 INFO [__main__] dataset load start
2026-08-14 04:12:44,217 INFO [src.data.load_dataset] loaded dataset config path=/home/h61084/codes/datasets/exchange_rate/config.json keys=['aggr', 'date_col', 'drop_users']
2026-08-14 04:12:44,233 INFO [__main__] dataset load done dates=7588 users=8
2026-08-14 04:12:44,233 INFO [__main__] model load start
2026-08-14 04:12:51,769 INFO [__main__] model load done name=chronos2 device=cuda parameters_total=119,477,664 parameters_trainable=0
2026-08-14 04:12:51,770 INFO [__main__] extraction start split=adapt queries=146
2026-08-14 04:12:54,580 INFO [__main__] extraction done split=adapt
2026-08-14 04:12:54,580 INFO [__main__] extraction start split=eval queries=11
2026-08-14 04:12:54,766 INFO [__main__] extraction done split=eval
2026-08-14 04:12:54,842 INFO [__main__] vanilla metrics saved path=/home/h61084/codes/adapts/outputs/extraction/exchange_rate/504_168/chronos2/none/none/0/none/run_1/vanilla_metrics.json
2026-08-14 04:12:54,847 INFO [__main__] completion marker saved path=/home/h61084/codes/adapts/outputs/extraction/exchange_rate/504_168/chronos2/none/none/0/none/run_1/extraction_manifest.json
2026-08-14 04:12:54,847 INFO [__main__] outputs saved dir=/home/h61084/codes/adapts/outputs/extraction/exchange_rate/504_168/chronos2/none/none/0/none/run_1
2026-08-14 04:12:54,847 INFO [__main__] experiment done seconds=10.91
2026-08-14 04:12:54,847 INFO [__main__] ========================================================================
2026-08-14 04:12:57,536 INFO [__main__] extraction validation directory=/home/h61084/codes/adapts/outputs/extraction/exchange_rate/504_168/chronos2/none/none/0/none/run_1 status=complete
2026-08-14T04:12:57+02:00 extraction done configuration=56/60 dataset=exchange_rate model=chronos2 lags=504 horizon=168 retrieval=vanilla

2026-08-14T04:12:58+02:00 extraction start configuration=57/60 dataset=exchange_rate model=chronos2 lags=504 horizon=168 retrieval=raw_euclidean_1_online run=/home/h61084/codes/adapts/outputs/extraction/exchange_rate/504_168/chronos2/raw/euclidean/1/online/run_1 computation_signature=6911efdc24fbf29d9b63cf8e923e5fe4c503472c79021ec65f9b980dc5108ca4 period=24 align_period=false datastore_stride=25 adapt_stride=25 eval_stride=127 max_store_windows=30000 seed=1
2026-08-14 04:13:00,301 INFO [__main__] ========================================================================
2026-08-14 04:13:00,301 INFO [__main__] experiment start kind=extraction dataset=exchange_rate model=chronos2 lags=504 horizon=168 neighbors=1 distance=raw/euclidean
2026-08-14 04:13:00,674 INFO [__main__] dataset load start
2026-08-14 04:13:00,675 INFO [src.data.load_dataset] loaded dataset config path=/home/h61084/codes/datasets/exchange_rate/config.json keys=['aggr', 'date_col', 'drop_users']
2026-08-14 04:13:00,690 INFO [__main__] dataset load done dates=7588 users=8
2026-08-14 04:13:00,690 INFO [__main__] model load start
2026-08-14 04:13:08,269 INFO [__main__] model load done name=chronos2 device=cuda parameters_total=119,477,664 parameters_trainable=0
2026-08-14 04:13:08,270 INFO [__main__] extraction start split=adapt queries=146
2026-08-14 04:13:16,402 INFO [__main__] extraction done split=adapt
2026-08-14 04:13:16,402 INFO [__main__] extraction start split=eval queries=11
2026-08-14 04:13:16,950 INFO [__main__] extraction done split=eval
2026-08-14 04:13:17,544 INFO [__main__] completion marker saved path=/home/h61084/codes/adapts/outputs/extraction/exchange_rate/504_168/chronos2/raw/euclidean/1/online/run_1/extraction_manifest.json
2026-08-14 04:13:17,544 INFO [__main__] outputs saved dir=/home/h61084/codes/adapts/outputs/extraction/exchange_rate/504_168/chronos2/raw/euclidean/1/online/run_1
2026-08-14 04:13:17,544 INFO [__main__] experiment done seconds=17.24
2026-08-14 04:13:17,544 INFO [__main__] ========================================================================
2026-08-14 04:13:20,492 INFO [__main__] extraction validation directory=/home/h61084/codes/adapts/outputs/extraction/exchange_rate/504_168/chronos2/raw/euclidean/1/online/run_1 status=complete
2026-08-14T04:13:20+02:00 extraction done configuration=57/60 dataset=exchange_rate model=chronos2 lags=504 horizon=168 retrieval=raw_euclidean_1_online

2026-08-14T04:13:21+02:00 extraction start configuration=58/60 dataset=exchange_rate model=chronos2 lags=504 horizon=168 retrieval=raw_euclidean_3_online run=/home/h61084/codes/adapts/outputs/extraction/exchange_rate/504_168/chronos2/raw/euclidean/3/online/run_1 computation_signature=d34ecf2f5df49e90e9736833a45f0ae48207ae851cd3ffd00c6ca33f41392008 period=24 align_period=false datastore_stride=25 adapt_stride=25 eval_stride=127 max_store_windows=30000 seed=1
2026-08-14 04:13:23,327 INFO [__main__] ========================================================================
2026-08-14 04:13:23,327 INFO [__main__] experiment start kind=extraction dataset=exchange_rate model=chronos2 lags=504 horizon=168 neighbors=3 distance=raw/euclidean
2026-08-14 04:13:23,630 INFO [__main__] dataset load start
2026-08-14 04:13:23,631 INFO [src.data.load_dataset] loaded dataset config path=/home/h61084/codes/datasets/exchange_rate/config.json keys=['aggr', 'date_col', 'drop_users']
2026-08-14 04:13:23,648 INFO [__main__] dataset load done dates=7588 users=8
2026-08-14 04:13:23,649 INFO [__main__] model load start
2026-08-14 04:13:34,303 INFO [__main__] model load done name=chronos2 device=cuda parameters_total=119,477,664 parameters_trainable=0
2026-08-14 04:13:34,304 INFO [__main__] extraction start split=adapt queries=146
2026-08-14 04:13:43,652 INFO [__main__] extraction done split=adapt
2026-08-14 04:13:43,653 INFO [__main__] extraction start split=eval queries=11
2026-08-14 04:13:44,335 INFO [__main__] extraction done split=eval
2026-08-14 04:13:44,893 INFO [__main__] completion marker saved path=/home/h61084/codes/adapts/outputs/extraction/exchange_rate/504_168/chronos2/raw/euclidean/3/online/run_1/extraction_manifest.json
2026-08-14 04:13:44,893 INFO [__main__] outputs saved dir=/home/h61084/codes/adapts/outputs/extraction/exchange_rate/504_168/chronos2/raw/euclidean/3/online/run_1
2026-08-14 04:13:44,893 INFO [__main__] experiment done seconds=21.56
2026-08-14 04:13:44,893 INFO [__main__] ========================================================================
2026-08-14 04:13:47,718 INFO [__main__] extraction validation directory=/home/h61084/codes/adapts/outputs/extraction/exchange_rate/504_168/chronos2/raw/euclidean/3/online/run_1 status=complete
2026-08-14T04:13:48+02:00 extraction done configuration=58/60 dataset=exchange_rate model=chronos2 lags=504 horizon=168 retrieval=raw_euclidean_3_online

2026-08-14T04:13:48+02:00 extraction start configuration=59/60 dataset=exchange_rate model=chronos2 lags=504 horizon=168 retrieval=instance_euclidean_1_online run=/home/h61084/codes/adapts/outputs/extraction/exchange_rate/504_168/chronos2/instance/euclidean/1/online/run_1 computation_signature=f9a6bfe3cdbde8bb651619ab78e3b8f0b9937af4a759248cc3c8a8af5044c337 period=24 align_period=false datastore_stride=25 adapt_stride=25 eval_stride=127 max_store_windows=30000 seed=1
2026-08-14 04:13:50,630 INFO [__main__] ========================================================================
2026-08-14 04:13:50,630 INFO [__main__] experiment start kind=extraction dataset=exchange_rate model=chronos2 lags=504 horizon=168 neighbors=1 distance=instance/euclidean
2026-08-14 04:13:50,976 INFO [__main__] dataset load start
2026-08-14 04:13:50,977 INFO [src.data.load_dataset] loaded dataset config path=/home/h61084/codes/datasets/exchange_rate/config.json keys=['aggr', 'date_col', 'drop_users']
2026-08-14 04:13:50,994 INFO [__main__] dataset load done dates=7588 users=8
2026-08-14 04:13:50,994 INFO [__main__] model load start
2026-08-14 04:13:58,538 INFO [__main__] model load done name=chronos2 device=cuda parameters_total=119,477,664 parameters_trainable=0
2026-08-14 04:13:58,539 INFO [__main__] extraction start split=adapt queries=146
2026-08-14 04:14:06,471 INFO [__main__] extraction done split=adapt
2026-08-14 04:14:06,471 INFO [__main__] extraction start split=eval queries=11
2026-08-14 04:14:07,058 INFO [__main__] extraction done split=eval
2026-08-14 04:14:07,598 INFO [__main__] completion marker saved path=/home/h61084/codes/adapts/outputs/extraction/exchange_rate/504_168/chronos2/instance/euclidean/1/online/run_1/extraction_manifest.json
2026-08-14 04:14:07,598 INFO [__main__] outputs saved dir=/home/h61084/codes/adapts/outputs/extraction/exchange_rate/504_168/chronos2/instance/euclidean/1/online/run_1
2026-08-14 04:14:07,598 INFO [__main__] experiment done seconds=16.96
2026-08-14 04:14:07,598 INFO [__main__] ========================================================================
2026-08-14 04:14:10,633 INFO [__main__] extraction validation directory=/home/h61084/codes/adapts/outputs/extraction/exchange_rate/504_168/chronos2/instance/euclidean/1/online/run_1 status=complete
2026-08-14T04:14:11+02:00 extraction done configuration=59/60 dataset=exchange_rate model=chronos2 lags=504 horizon=168 retrieval=instance_euclidean_1_online

2026-08-14T04:14:11+02:00 extraction start configuration=60/60 dataset=exchange_rate model=chronos2 lags=504 horizon=168 retrieval=instance_euclidean_3_online run=/home/h61084/codes/adapts/outputs/extraction/exchange_rate/504_168/chronos2/instance/euclidean/3/online/run_1 computation_signature=90deaedaef4340c5cb3db0f83b35f4f02f9b18be1bb2298c859e745199ec09ff period=24 align_period=false datastore_stride=25 adapt_stride=25 eval_stride=127 max_store_windows=30000 seed=1
2026-08-14 04:14:13,865 INFO [__main__] ========================================================================
2026-08-14 04:14:13,865 INFO [__main__] experiment start kind=extraction dataset=exchange_rate model=chronos2 lags=504 horizon=168 neighbors=3 distance=instance/euclidean
2026-08-14 04:14:14,131 INFO [__main__] dataset load start
2026-08-14 04:14:14,132 INFO [src.data.load_dataset] loaded dataset config path=/home/h61084/codes/datasets/exchange_rate/config.json keys=['aggr', 'date_col', 'drop_users']
2026-08-14 04:14:14,147 INFO [__main__] dataset load done dates=7588 users=8
2026-08-14 04:14:14,147 INFO [__main__] model load start
2026-08-14 04:14:24,587 INFO [__main__] model load done name=chronos2 device=cuda parameters_total=119,477,664 parameters_trainable=0
2026-08-14 04:14:24,588 INFO [__main__] extraction start split=adapt queries=146
2026-08-14 04:14:33,265 INFO [__main__] extraction done split=adapt
2026-08-14 04:14:33,265 INFO [__main__] extraction start split=eval queries=11
2026-08-14 04:14:33,922 INFO [__main__] extraction done split=eval
2026-08-14 04:14:34,520 INFO [__main__] completion marker saved path=/home/h61084/codes/adapts/outputs/extraction/exchange_rate/504_168/chronos2/instance/euclidean/3/online/run_1/extraction_manifest.json
2026-08-14 04:14:34,520 INFO [__main__] outputs saved dir=/home/h61084/codes/adapts/outputs/extraction/exchange_rate/504_168/chronos2/instance/euclidean/3/online/run_1
2026-08-14 04:14:34,521 INFO [__main__] experiment done seconds=20.65
2026-08-14 04:14:34,521 INFO [__main__] ========================================================================
2026-08-14 04:14:37,476 INFO [__main__] extraction validation directory=/home/h61084/codes/adapts/outputs/extraction/exchange_rate/504_168/chronos2/instance/euclidean/3/online/run_1 status=complete
2026-08-14T04:14:37+02:00 extraction done configuration=60/60 dataset=exchange_rate model=chronos2 lags=504 horizon=168 retrieval=instance_euclidean_3_online

2026-08-14T04:14:37+02:00 job done kind=adaptation_extraction output=outputs/extraction

2026-08-14T04:14:37+02:00 job start kind=baselines family=screen experiment_mode=full skip_complete=true tasks=48 datasets=Electricity,Traffic,Solar,exchange_rate models=chronos2 settings=168:24,336:48,504:168 distance_spaces=raw,instance distance_metrics=euclidean neighbors=1,3 methods=cov_forecast,avgy,y_mean,cov_ridge_shared,avgy_ridge_shared,y_ridge_shared,cov_y_ridge_shared,cov_avgy_ridge_shared,residual_ridge_shared,full_ridge_shared results_root=outputs/adaptation/screen
2026-08-14 04:14:39,963 INFO [__main__] extraction validation directory=/home/h61084/codes/adapts/outputs/extraction/Electricity/168_24/chronos2/raw/euclidean/1/online/run_1 status=complete
2026-08-14T04:14:40+02:00 skip complete family=baselines dataset=Electricity model=chronos2 formula=cov_forecast lags=168 horizon=24 retrieval=raw_euclidean_1_online run=/home/h61084/codes/adapts/outputs/adaptation/screen/Electricity/168_24/chronos2/cov_forecast/raw/euclidean/1/online/run_0
2026-08-14T04:14:40+02:00 skip complete family=baselines dataset=Electricity model=chronos2 formula=avgy lags=168 horizon=24 retrieval=raw_euclidean_1_online run=/home/h61084/codes/adapts/outputs/adaptation/screen/Electricity/168_24/chronos2/avgy/raw/euclidean/1/online/run_0
2026-08-14T04:14:40+02:00 skip complete family=baselines dataset=Electricity model=chronos2 formula=y_mean lags=168 horizon=24 retrieval=raw_euclidean_1_online run=/home/h61084/codes/adapts/outputs/adaptation/screen/Electricity/168_24/chronos2/y_mean/raw/euclidean/1/online/run_0
2026-08-14T04:14:40+02:00 skip complete family=baselines dataset=Electricity model=chronos2 formula=cov_ridge_shared lags=168 horizon=24 retrieval=raw_euclidean_1_online run=/home/h61084/codes/adapts/outputs/adaptation/screen/Electricity/168_24/chronos2/cov_ridge_shared/raw/euclidean/1/online/run_0
2026-08-14T04:14:40+02:00 skip complete family=baselines dataset=Electricity model=chronos2 formula=avgy_ridge_shared lags=168 horizon=24 retrieval=raw_euclidean_1_online run=/home/h61084/codes/adapts/outputs/adaptation/screen/Electricity/168_24/chronos2/avgy_ridge_shared/raw/euclidean/1/online/run_0
2026-08-14T04:14:40+02:00 skip complete family=baselines dataset=Electricity model=chronos2 formula=y_ridge_shared lags=168 horizon=24 retrieval=raw_euclidean_1_online run=/home/h61084/codes/adapts/outputs/adaptation/screen/Electricity/168_24/chronos2/y_ridge_shared/raw/euclidean/1/online/run_0
2026-08-14T04:14:40+02:00 skip complete family=baselines dataset=Electricity model=chronos2 formula=cov_y_ridge_shared lags=168 horizon=24 retrieval=raw_euclidean_1_online run=/home/h61084/codes/adapts/outputs/adaptation/screen/Electricity/168_24/chronos2/cov_y_ridge_shared/raw/euclidean/1/online/run_0
2026-08-14T04:14:41+02:00 skip complete family=baselines dataset=Electricity model=chronos2 formula=cov_avgy_ridge_shared lags=168 horizon=24 retrieval=raw_euclidean_1_online run=/home/h61084/codes/adapts/outputs/adaptation/screen/Electricity/168_24/chronos2/cov_avgy_ridge_shared/raw/euclidean/1/online/run_0
2026-08-14T04:14:41+02:00 skip complete family=baselines dataset=Electricity model=chronos2 formula=residual_ridge_shared lags=168 horizon=24 retrieval=raw_euclidean_1_online run=/home/h61084/codes/adapts/outputs/adaptation/screen/Electricity/168_24/chronos2/residual_ridge_shared/raw/euclidean/1/online/run_0
2026-08-14T04:14:41+02:00 skip complete family=baselines dataset=Electricity model=chronos2 formula=full_ridge_shared lags=168 horizon=24 retrieval=raw_euclidean_1_online run=/home/h61084/codes/adapts/outputs/adaptation/screen/Electricity/168_24/chronos2/full_ridge_shared/raw/euclidean/1/online/run_0
2026-08-14 04:14:43,217 INFO [__main__] extraction validation directory=/home/h61084/codes/adapts/outputs/extraction/Electricity/168_24/chronos2/raw/euclidean/3/online/run_1 status=complete
2026-08-14T04:14:43+02:00 skip complete family=baselines dataset=Electricity model=chronos2 formula=cov_forecast lags=168 horizon=24 retrieval=raw_euclidean_3_online run=/home/h61084/codes/adapts/outputs/adaptation/screen/Electricity/168_24/chronos2/cov_forecast/raw/euclidean/3/online/run_0
2026-08-14T04:14:43+02:00 skip complete family=baselines dataset=Electricity model=chronos2 formula=avgy lags=168 horizon=24 retrieval=raw_euclidean_3_online run=/home/h61084/codes/adapts/outputs/adaptation/screen/Electricity/168_24/chronos2/avgy/raw/euclidean/3/online/run_0
2026-08-14T04:14:43+02:00 skip complete family=baselines dataset=Electricity model=chronos2 formula=y_mean lags=168 horizon=24 retrieval=raw_euclidean_3_online run=/home/h61084/codes/adapts/outputs/adaptation/screen/Electricity/168_24/chronos2/y_mean/raw/euclidean/3/online/run_0
2026-08-14T04:14:43+02:00 skip complete family=baselines dataset=Electricity model=chronos2 formula=cov_ridge_shared lags=168 horizon=24 retrieval=raw_euclidean_3_online run=/home/h61084/codes/adapts/outputs/adaptation/screen/Electricity/168_24/chronos2/cov_ridge_shared/raw/euclidean/3/online/run_0
2026-08-14T04:14:43+02:00 skip complete family=baselines dataset=Electricity model=chronos2 formula=avgy_ridge_shared lags=168 horizon=24 retrieval=raw_euclidean_3_online run=/home/h61084/codes/adapts/outputs/adaptation/screen/Electricity/168_24/chronos2/avgy_ridge_shared/raw/euclidean/3/online/run_0
2026-08-14T04:14:44+02:00 skip complete family=baselines dataset=Electricity model=chronos2 formula=y_ridge_shared lags=168 horizon=24 retrieval=raw_euclidean_3_online run=/home/h61084/codes/adapts/outputs/adaptation/screen/Electricity/168_24/chronos2/y_ridge_shared/raw/euclidean/3/online/run_0
2026-08-14T04:14:44+02:00 skip complete family=baselines dataset=Electricity model=chronos2 formula=cov_y_ridge_shared lags=168 horizon=24 retrieval=raw_euclidean_3_online run=/home/h61084/codes/adapts/outputs/adaptation/screen/Electricity/168_24/chronos2/cov_y_ridge_shared/raw/euclidean/3/online/run_0
2026-08-14T04:14:44+02:00 skip complete family=baselines dataset=Electricity model=chronos2 formula=cov_avgy_ridge_shared lags=168 horizon=24 retrieval=raw_euclidean_3_online run=/home/h61084/codes/adapts/outputs/adaptation/screen/Electricity/168_24/chronos2/cov_avgy_ridge_shared/raw/euclidean/3/online/run_0
2026-08-14T04:14:44+02:00 skip complete family=baselines dataset=Electricity model=chronos2 formula=residual_ridge_shared lags=168 horizon=24 retrieval=raw_euclidean_3_online run=/home/h61084/codes/adapts/outputs/adaptation/screen/Electricity/168_24/chronos2/residual_ridge_shared/raw/euclidean/3/online/run_0
2026-08-14T04:14:44+02:00 skip complete family=baselines dataset=Electricity model=chronos2 formula=full_ridge_shared lags=168 horizon=24 retrieval=raw_euclidean_3_online run=/home/h61084/codes/adapts/outputs/adaptation/screen/Electricity/168_24/chronos2/full_ridge_shared/raw/euclidean/3/online/run_0
2026-08-14 04:14:46,457 INFO [__main__] extraction validation directory=/home/h61084/codes/adapts/outputs/extraction/Electricity/168_24/chronos2/instance/euclidean/1/online/run_1 status=complete
2026-08-14T04:14:46+02:00 skip complete family=baselines dataset=Electricity model=chronos2 formula=cov_forecast lags=168 horizon=24 retrieval=instance_euclidean_1_online run=/home/h61084/codes/adapts/outputs/adaptation/screen/Electricity/168_24/chronos2/cov_forecast/instance/euclidean/1/online/run_0
2026-08-14T04:14:47+02:00 skip complete family=baselines dataset=Electricity model=chronos2 formula=avgy lags=168 horizon=24 retrieval=instance_euclidean_1_online run=/home/h61084/codes/adapts/outputs/adaptation/screen/Electricity/168_24/chronos2/avgy/instance/euclidean/1/online/run_0
2026-08-14T04:14:47+02:00 skip complete family=baselines dataset=Electricity model=chronos2 formula=y_mean lags=168 horizon=24 retrieval=instance_euclidean_1_online run=/home/h61084/codes/adapts/outputs/adaptation/screen/Electricity/168_24/chronos2/y_mean/instance/euclidean/1/online/run_0
2026-08-14T04:14:47+02:00 skip complete family=baselines dataset=Electricity model=chronos2 formula=cov_ridge_shared lags=168 horizon=24 retrieval=instance_euclidean_1_online run=/home/h61084/codes/adapts/outputs/adaptation/screen/Electricity/168_24/chronos2/cov_ridge_shared/instance/euclidean/1/online/run_0
2026-08-14T04:14:47+02:00 skip complete family=baselines dataset=Electricity model=chronos2 formula=avgy_ridge_shared lags=168 horizon=24 retrieval=instance_euclidean_1_online run=/home/h61084/codes/adapts/outputs/adaptation/screen/Electricity/168_24/chronos2/avgy_ridge_shared/instance/euclidean/1/online/run_0
2026-08-14T04:14:47+02:00 skip complete family=baselines dataset=Electricity model=chronos2 formula=y_ridge_shared lags=168 horizon=24 retrieval=instance_euclidean_1_online run=/home/h61084/codes/adapts/outputs/adaptation/screen/Electricity/168_24/chronos2/y_ridge_shared/instance/euclidean/1/online/run_0
2026-08-14T04:14:47+02:00 skip complete family=baselines dataset=Electricity model=chronos2 formula=cov_y_ridge_shared lags=168 horizon=24 retrieval=instance_euclidean_1_online run=/home/h61084/codes/adapts/outputs/adaptation/screen/Electricity/168_24/chronos2/cov_y_ridge_shared/instance/euclidean/1/online/run_0
2026-08-14T04:14:47+02:00 skip complete family=baselines dataset=Electricity model=chronos2 formula=cov_avgy_ridge_shared lags=168 horizon=24 retrieval=instance_euclidean_1_online run=/home/h61084/codes/adapts/outputs/adaptation/screen/Electricity/168_24/chronos2/cov_avgy_ridge_shared/instance/euclidean/1/online/run_0
2026-08-14T04:14:47+02:00 skip complete family=baselines dataset=Electricity model=chronos2 formula=residual_ridge_shared lags=168 horizon=24 retrieval=instance_euclidean_1_online run=/home/h61084/codes/adapts/outputs/adaptation/screen/Electricity/168_24/chronos2/residual_ridge_shared/instance/euclidean/1/online/run_0
2026-08-14T04:14:47+02:00 skip complete family=baselines dataset=Electricity model=chronos2 formula=full_ridge_shared lags=168 horizon=24 retrieval=instance_euclidean_1_online run=/home/h61084/codes/adapts/outputs/adaptation/screen/Electricity/168_24/chronos2/full_ridge_shared/instance/euclidean/1/online/run_0
2026-08-14 04:14:49,579 INFO [__main__] extraction validation directory=/home/h61084/codes/adapts/outputs/extraction/Electricity/168_24/chronos2/instance/euclidean/3/online/run_1 status=complete
2026-08-14T04:14:50+02:00 skip complete family=baselines dataset=Electricity model=chronos2 formula=cov_forecast lags=168 horizon=24 retrieval=instance_euclidean_3_online run=/home/h61084/codes/adapts/outputs/adaptation/screen/Electricity/168_24/chronos2/cov_forecast/instance/euclidean/3/online/run_0
2026-08-14T04:14:50+02:00 skip complete family=baselines dataset=Electricity model=chronos2 formula=avgy lags=168 horizon=24 retrieval=instance_euclidean_3_online run=/home/h61084/codes/adapts/outputs/adaptation/screen/Electricity/168_24/chronos2/avgy/instance/euclidean/3/online/run_0
2026-08-14T04:14:50+02:00 skip complete family=baselines dataset=Electricity model=chronos2 formula=y_mean lags=168 horizon=24 retrieval=instance_euclidean_3_online run=/home/h61084/codes/adapts/outputs/adaptation/screen/Electricity/168_24/chronos2/y_mean/instance/euclidean/3/online/run_0
2026-08-14T04:14:50+02:00 skip complete family=baselines dataset=Electricity model=chronos2 formula=cov_ridge_shared lags=168 horizon=24 retrieval=instance_euclidean_3_online run=/home/h61084/codes/adapts/outputs/adaptation/screen/Electricity/168_24/chronos2/cov_ridge_shared/instance/euclidean/3/online/run_0
2026-08-14T04:14:50+02:00 skip complete family=baselines dataset=Electricity model=chronos2 formula=avgy_ridge_shared lags=168 horizon=24 retrieval=instance_euclidean_3_online run=/home/h61084/codes/adapts/outputs/adaptation/screen/Electricity/168_24/chronos2/avgy_ridge_shared/instance/euclidean/3/online/run_0
2026-08-14T04:14:50+02:00 skip complete family=baselines dataset=Electricity model=chronos2 formula=y_ridge_shared lags=168 horizon=24 retrieval=instance_euclidean_3_online run=/home/h61084/codes/adapts/outputs/adaptation/screen/Electricity/168_24/chronos2/y_ridge_shared/instance/euclidean/3/online/run_0
2026-08-14T04:14:50+02:00 skip complete family=baselines dataset=Electricity model=chronos2 formula=cov_y_ridge_shared lags=168 horizon=24 retrieval=instance_euclidean_3_online run=/home/h61084/codes/adapts/outputs/adaptation/screen/Electricity/168_24/chronos2/cov_y_ridge_shared/instance/euclidean/3/online/run_0
2026-08-14T04:14:50+02:00 skip complete family=baselines dataset=Electricity model=chronos2 formula=cov_avgy_ridge_shared lags=168 horizon=24 retrieval=instance_euclidean_3_online run=/home/h61084/codes/adapts/outputs/adaptation/screen/Electricity/168_24/chronos2/cov_avgy_ridge_shared/instance/euclidean/3/online/run_0
2026-08-14T04:14:50+02:00 skip complete family=baselines dataset=Electricity model=chronos2 formula=residual_ridge_shared lags=168 horizon=24 retrieval=instance_euclidean_3_online run=/home/h61084/codes/adapts/outputs/adaptation/screen/Electricity/168_24/chronos2/residual_ridge_shared/instance/euclidean/3/online/run_0
2026-08-14T04:14:50+02:00 skip complete family=baselines dataset=Electricity model=chronos2 formula=full_ridge_shared lags=168 horizon=24 retrieval=instance_euclidean_3_online run=/home/h61084/codes/adapts/outputs/adaptation/screen/Electricity/168_24/chronos2/full_ridge_shared/instance/euclidean/3/online/run_0
2026-08-14 04:14:52,562 INFO [__main__] extraction validation directory=/home/h61084/codes/adapts/outputs/extraction/Electricity/336_48/chronos2/raw/euclidean/1/online/run_1 status=complete
2026-08-14T04:14:53+02:00 skip complete family=baselines dataset=Electricity model=chronos2 formula=cov_forecast lags=336 horizon=48 retrieval=raw_euclidean_1_online run=/home/h61084/codes/adapts/outputs/adaptation/screen/Electricity/336_48/chronos2/cov_forecast/raw/euclidean/1/online/run_0
2026-08-14T04:14:53+02:00 skip complete family=baselines dataset=Electricity model=chronos2 formula=avgy lags=336 horizon=48 retrieval=raw_euclidean_1_online run=/home/h61084/codes/adapts/outputs/adaptation/screen/Electricity/336_48/chronos2/avgy/raw/euclidean/1/online/run_0
2026-08-14T04:14:53+02:00 skip complete family=baselines dataset=Electricity model=chronos2 formula=y_mean lags=336 horizon=48 retrieval=raw_euclidean_1_online run=/home/h61084/codes/adapts/outputs/adaptation/screen/Electricity/336_48/chronos2/y_mean/raw/euclidean/1/online/run_0
2026-08-14T04:14:53+02:00 skip complete family=baselines dataset=Electricity model=chronos2 formula=cov_ridge_shared lags=336 horizon=48 retrieval=raw_euclidean_1_online run=/home/h61084/codes/adapts/outputs/adaptation/screen/Electricity/336_48/chronos2/cov_ridge_shared/raw/euclidean/1/online/run_0
2026-08-14T04:14:53+02:00 skip complete family=baselines dataset=Electricity model=chronos2 formula=avgy_ridge_shared lags=336 horizon=48 retrieval=raw_euclidean_1_online run=/home/h61084/codes/adapts/outputs/adaptation/screen/Electricity/336_48/chronos2/avgy_ridge_shared/raw/euclidean/1/online/run_0
2026-08-14T04:14:53+02:00 skip complete family=baselines dataset=Electricity model=chronos2 formula=y_ridge_shared lags=336 horizon=48 retrieval=raw_euclidean_1_online run=/home/h61084/codes/adapts/outputs/adaptation/screen/Electricity/336_48/chronos2/y_ridge_shared/raw/euclidean/1/online/run_0
2026-08-14T04:14:53+02:00 skip complete family=baselines dataset=Electricity model=chronos2 formula=cov_y_ridge_shared lags=336 horizon=48 retrieval=raw_euclidean_1_online run=/home/h61084/codes/adapts/outputs/adaptation/screen/Electricity/336_48/chronos2/cov_y_ridge_shared/raw/euclidean/1/online/run_0
2026-08-14T04:14:53+02:00 skip complete family=baselines dataset=Electricity model=chronos2 formula=cov_avgy_ridge_shared lags=336 horizon=48 retrieval=raw_euclidean_1_online run=/home/h61084/codes/adapts/outputs/adaptation/screen/Electricity/336_48/chronos2/cov_avgy_ridge_shared/raw/euclidean/1/online/run_0
2026-08-14T04:14:53+02:00 skip complete family=baselines dataset=Electricity model=chronos2 formula=residual_ridge_shared lags=336 horizon=48 retrieval=raw_euclidean_1_online run=/home/h61084/codes/adapts/outputs/adaptation/screen/Electricity/336_48/chronos2/residual_ridge_shared/raw/euclidean/1/online/run_0
2026-08-14T04:14:53+02:00 skip complete family=baselines dataset=Electricity model=chronos2 formula=full_ridge_shared lags=336 horizon=48 retrieval=raw_euclidean_1_online run=/home/h61084/codes/adapts/outputs/adaptation/screen/Electricity/336_48/chronos2/full_ridge_shared/raw/euclidean/1/online/run_0
2026-08-14 04:14:55,713 INFO [__main__] extraction validation directory=/home/h61084/codes/adapts/outputs/extraction/Electricity/336_48/chronos2/raw/euclidean/3/online/run_1 status=complete
2026-08-14T04:14:56+02:00 skip complete family=baselines dataset=Electricity model=chronos2 formula=cov_forecast lags=336 horizon=48 retrieval=raw_euclidean_3_online run=/home/h61084/codes/adapts/outputs/adaptation/screen/Electricity/336_48/chronos2/cov_forecast/raw/euclidean/3/online/run_0
2026-08-14T04:14:56+02:00 skip complete family=baselines dataset=Electricity model=chronos2 formula=avgy lags=336 horizon=48 retrieval=raw_euclidean_3_online run=/home/h61084/codes/adapts/outputs/adaptation/screen/Electricity/336_48/chronos2/avgy/raw/euclidean/3/online/run_0
2026-08-14T04:14:56+02:00 skip complete family=baselines dataset=Electricity model=chronos2 formula=y_mean lags=336 horizon=48 retrieval=raw_euclidean_3_online run=/home/h61084/codes/adapts/outputs/adaptation/screen/Electricity/336_48/chronos2/y_mean/raw/euclidean/3/online/run_0
2026-08-14T04:14:56+02:00 skip complete family=baselines dataset=Electricity model=chronos2 formula=cov_ridge_shared lags=336 horizon=48 retrieval=raw_euclidean_3_online run=/home/h61084/codes/adapts/outputs/adaptation/screen/Electricity/336_48/chronos2/cov_ridge_shared/raw/euclidean/3/online/run_0
2026-08-14T04:14:56+02:00 skip complete family=baselines dataset=Electricity model=chronos2 formula=avgy_ridge_shared lags=336 horizon=48 retrieval=raw_euclidean_3_online run=/home/h61084/codes/adapts/outputs/adaptation/screen/Electricity/336_48/chronos2/avgy_ridge_shared/raw/euclidean/3/online/run_0
2026-08-14T04:14:56+02:00 skip complete family=baselines dataset=Electricity model=chronos2 formula=y_ridge_shared lags=336 horizon=48 retrieval=raw_euclidean_3_online run=/home/h61084/codes/adapts/outputs/adaptation/screen/Electricity/336_48/chronos2/y_ridge_shared/raw/euclidean/3/online/run_0
2026-08-14T04:14:56+02:00 skip complete family=baselines dataset=Electricity model=chronos2 formula=cov_y_ridge_shared lags=336 horizon=48 retrieval=raw_euclidean_3_online run=/home/h61084/codes/adapts/outputs/adaptation/screen/Electricity/336_48/chronos2/cov_y_ridge_shared/raw/euclidean/3/online/run_0
2026-08-14T04:14:56+02:00 skip complete family=baselines dataset=Electricity model=chronos2 formula=cov_avgy_ridge_shared lags=336 horizon=48 retrieval=raw_euclidean_3_online run=/home/h61084/codes/adapts/outputs/adaptation/screen/Electricity/336_48/chronos2/cov_avgy_ridge_shared/raw/euclidean/3/online/run_0
2026-08-14T04:14:56+02:00 skip complete family=baselines dataset=Electricity model=chronos2 formula=residual_ridge_shared lags=336 horizon=48 retrieval=raw_euclidean_3_online run=/home/h61084/codes/adapts/outputs/adaptation/screen/Electricity/336_48/chronos2/residual_ridge_shared/raw/euclidean/3/online/run_0
2026-08-14T04:14:56+02:00 skip complete family=baselines dataset=Electricity model=chronos2 formula=full_ridge_shared lags=336 horizon=48 retrieval=raw_euclidean_3_online run=/home/h61084/codes/adapts/outputs/adaptation/screen/Electricity/336_48/chronos2/full_ridge_shared/raw/euclidean/3/online/run_0
2026-08-14 04:14:58,852 INFO [__main__] extraction validation directory=/home/h61084/codes/adapts/outputs/extraction/Electricity/336_48/chronos2/instance/euclidean/1/online/run_1 status=complete
2026-08-14T04:14:59+02:00 skip complete family=baselines dataset=Electricity model=chronos2 formula=cov_forecast lags=336 horizon=48 retrieval=instance_euclidean_1_online run=/home/h61084/codes/adapts/outputs/adaptation/screen/Electricity/336_48/chronos2/cov_forecast/instance/euclidean/1/online/run_0
2026-08-14T04:14:59+02:00 skip complete family=baselines dataset=Electricity model=chronos2 formula=avgy lags=336 horizon=48 retrieval=instance_euclidean_1_online run=/home/h61084/codes/adapts/outputs/adaptation/screen/Electricity/336_48/chronos2/avgy/instance/euclidean/1/online/run_0
2026-08-14T04:14:59+02:00 skip complete family=baselines dataset=Electricity model=chronos2 formula=y_mean lags=336 horizon=48 retrieval=instance_euclidean_1_online run=/home/h61084/codes/adapts/outputs/adaptation/screen/Electricity/336_48/chronos2/y_mean/instance/euclidean/1/online/run_0
2026-08-14T04:14:59+02:00 skip complete family=baselines dataset=Electricity model=chronos2 formula=cov_ridge_shared lags=336 horizon=48 retrieval=instance_euclidean_1_online run=/home/h61084/codes/adapts/outputs/adaptation/screen/Electricity/336_48/chronos2/cov_ridge_shared/instance/euclidean/1/online/run_0
2026-08-14T04:14:59+02:00 skip complete family=baselines dataset=Electricity model=chronos2 formula=avgy_ridge_shared lags=336 horizon=48 retrieval=instance_euclidean_1_online run=/home/h61084/codes/adapts/outputs/adaptation/screen/Electricity/336_48/chronos2/avgy_ridge_shared/instance/euclidean/1/online/run_0
2026-08-14T04:14:59+02:00 skip complete family=baselines dataset=Electricity model=chronos2 formula=y_ridge_shared lags=336 horizon=48 retrieval=instance_euclidean_1_online run=/home/h61084/codes/adapts/outputs/adaptation/screen/Electricity/336_48/chronos2/y_ridge_shared/instance/euclidean/1/online/run_0
2026-08-14T04:14:59+02:00 skip complete family=baselines dataset=Electricity model=chronos2 formula=cov_y_ridge_shared lags=336 horizon=48 retrieval=instance_euclidean_1_online run=/home/h61084/codes/adapts/outputs/adaptation/screen/Electricity/336_48/chronos2/cov_y_ridge_shared/instance/euclidean/1/online/run_0
2026-08-14T04:14:59+02:00 skip complete family=baselines dataset=Electricity model=chronos2 formula=cov_avgy_ridge_shared lags=336 horizon=48 retrieval=instance_euclidean_1_online run=/home/h61084/codes/adapts/outputs/adaptation/screen/Electricity/336_48/chronos2/cov_avgy_ridge_shared/instance/euclidean/1/online/run_0
2026-08-14T04:14:59+02:00 skip complete family=baselines dataset=Electricity model=chronos2 formula=residual_ridge_shared lags=336 horizon=48 retrieval=instance_euclidean_1_online run=/home/h61084/codes/adapts/outputs/adaptation/screen/Electricity/336_48/chronos2/residual_ridge_shared/instance/euclidean/1/online/run_0
2026-08-14T04:14:59+02:00 skip complete family=baselines dataset=Electricity model=chronos2 formula=full_ridge_shared lags=336 horizon=48 retrieval=instance_euclidean_1_online run=/home/h61084/codes/adapts/outputs/adaptation/screen/Electricity/336_48/chronos2/full_ridge_shared/instance/euclidean/1/online/run_0
2026-08-14 04:15:02,048 INFO [__main__] extraction validation directory=/home/h61084/codes/adapts/outputs/extraction/Electricity/336_48/chronos2/instance/euclidean/3/online/run_1 status=complete
2026-08-14T04:15:02+02:00 skip complete family=baselines dataset=Electricity model=chronos2 formula=cov_forecast lags=336 horizon=48 retrieval=instance_euclidean_3_online run=/home/h61084/codes/adapts/outputs/adaptation/screen/Electricity/336_48/chronos2/cov_forecast/instance/euclidean/3/online/run_0
2026-08-14T04:15:02+02:00 skip complete family=baselines dataset=Electricity model=chronos2 formula=avgy lags=336 horizon=48 retrieval=instance_euclidean_3_online run=/home/h61084/codes/adapts/outputs/adaptation/screen/Electricity/336_48/chronos2/avgy/instance/euclidean/3/online/run_0
2026-08-14T04:15:02+02:00 skip complete family=baselines dataset=Electricity model=chronos2 formula=y_mean lags=336 horizon=48 retrieval=instance_euclidean_3_online run=/home/h61084/codes/adapts/outputs/adaptation/screen/Electricity/336_48/chronos2/y_mean/instance/euclidean/3/online/run_0
2026-08-14T04:15:02+02:00 skip complete family=baselines dataset=Electricity model=chronos2 formula=cov_ridge_shared lags=336 horizon=48 retrieval=instance_euclidean_3_online run=/home/h61084/codes/adapts/outputs/adaptation/screen/Electricity/336_48/chronos2/cov_ridge_shared/instance/euclidean/3/online/run_0
2026-08-14T04:15:02+02:00 skip complete family=baselines dataset=Electricity model=chronos2 formula=avgy_ridge_shared lags=336 horizon=48 retrieval=instance_euclidean_3_online run=/home/h61084/codes/adapts/outputs/adaptation/screen/Electricity/336_48/chronos2/avgy_ridge_shared/instance/euclidean/3/online/run_0
2026-08-14T04:15:02+02:00 skip complete family=baselines dataset=Electricity model=chronos2 formula=y_ridge_shared lags=336 horizon=48 retrieval=instance_euclidean_3_online run=/home/h61084/codes/adapts/outputs/adaptation/screen/Electricity/336_48/chronos2/y_ridge_shared/instance/euclidean/3/online/run_0
2026-08-14T04:15:02+02:00 skip complete family=baselines dataset=Electricity model=chronos2 formula=cov_y_ridge_shared lags=336 horizon=48 retrieval=instance_euclidean_3_online run=/home/h61084/codes/adapts/outputs/adaptation/screen/Electricity/336_48/chronos2/cov_y_ridge_shared/instance/euclidean/3/online/run_0
2026-08-14T04:15:02+02:00 skip complete family=baselines dataset=Electricity model=chronos2 formula=cov_avgy_ridge_shared lags=336 horizon=48 retrieval=instance_euclidean_3_online run=/home/h61084/codes/adapts/outputs/adaptation/screen/Electricity/336_48/chronos2/cov_avgy_ridge_shared/instance/euclidean/3/online/run_0
2026-08-14T04:15:02+02:00 skip complete family=baselines dataset=Electricity model=chronos2 formula=residual_ridge_shared lags=336 horizon=48 retrieval=instance_euclidean_3_online run=/home/h61084/codes/adapts/outputs/adaptation/screen/Electricity/336_48/chronos2/residual_ridge_shared/instance/euclidean/3/online/run_0
2026-08-14T04:15:03+02:00 skip complete family=baselines dataset=Electricity model=chronos2 formula=full_ridge_shared lags=336 horizon=48 retrieval=instance_euclidean_3_online run=/home/h61084/codes/adapts/outputs/adaptation/screen/Electricity/336_48/chronos2/full_ridge_shared/instance/euclidean/3/online/run_0
2026-08-14 04:15:05,123 INFO [__main__] extraction validation directory=/home/h61084/codes/adapts/outputs/extraction/Electricity/504_168/chronos2/raw/euclidean/1/online/run_1 status=complete
2026-08-14T04:15:05+02:00 skip complete family=baselines dataset=Electricity model=chronos2 formula=cov_forecast lags=504 horizon=168 retrieval=raw_euclidean_1_online run=/home/h61084/codes/adapts/outputs/adaptation/screen/Electricity/504_168/chronos2/cov_forecast/raw/euclidean/1/online/run_0
2026-08-14T04:15:05+02:00 skip complete family=baselines dataset=Electricity model=chronos2 formula=avgy lags=504 horizon=168 retrieval=raw_euclidean_1_online run=/home/h61084/codes/adapts/outputs/adaptation/screen/Electricity/504_168/chronos2/avgy/raw/euclidean/1/online/run_0
2026-08-14T04:15:05+02:00 skip complete family=baselines dataset=Electricity model=chronos2 formula=y_mean lags=504 horizon=168 retrieval=raw_euclidean_1_online run=/home/h61084/codes/adapts/outputs/adaptation/screen/Electricity/504_168/chronos2/y_mean/raw/euclidean/1/online/run_0
2026-08-14T04:15:05+02:00 skip complete family=baselines dataset=Electricity model=chronos2 formula=cov_ridge_shared lags=504 horizon=168 retrieval=raw_euclidean_1_online run=/home/h61084/codes/adapts/outputs/adaptation/screen/Electricity/504_168/chronos2/cov_ridge_shared/raw/euclidean/1/online/run_0
2026-08-14T04:15:05+02:00 skip complete family=baselines dataset=Electricity model=chronos2 formula=avgy_ridge_shared lags=504 horizon=168 retrieval=raw_euclidean_1_online run=/home/h61084/codes/adapts/outputs/adaptation/screen/Electricity/504_168/chronos2/avgy_ridge_shared/raw/euclidean/1/online/run_0
2026-08-14T04:15:05+02:00 skip complete family=baselines dataset=Electricity model=chronos2 formula=y_ridge_shared lags=504 horizon=168 retrieval=raw_euclidean_1_online run=/home/h61084/codes/adapts/outputs/adaptation/screen/Electricity/504_168/chronos2/y_ridge_shared/raw/euclidean/1/online/run_0
2026-08-14T04:15:05+02:00 skip complete family=baselines dataset=Electricity model=chronos2 formula=cov_y_ridge_shared lags=504 horizon=168 retrieval=raw_euclidean_1_online run=/home/h61084/codes/adapts/outputs/adaptation/screen/Electricity/504_168/chronos2/cov_y_ridge_shared/raw/euclidean/1/online/run_0
2026-08-14T04:15:06+02:00 skip complete family=baselines dataset=Electricity model=chronos2 formula=cov_avgy_ridge_shared lags=504 horizon=168 retrieval=raw_euclidean_1_online run=/home/h61084/codes/adapts/outputs/adaptation/screen/Electricity/504_168/chronos2/cov_avgy_ridge_shared/raw/euclidean/1/online/run_0
2026-08-14T04:15:06+02:00 skip complete family=baselines dataset=Electricity model=chronos2 formula=residual_ridge_shared lags=504 horizon=168 retrieval=raw_euclidean_1_online run=/home/h61084/codes/adapts/outputs/adaptation/screen/Electricity/504_168/chronos2/residual_ridge_shared/raw/euclidean/1/online/run_0
2026-08-14T04:15:06+02:00 skip complete family=baselines dataset=Electricity model=chronos2 formula=full_ridge_shared lags=504 horizon=168 retrieval=raw_euclidean_1_online run=/home/h61084/codes/adapts/outputs/adaptation/screen/Electricity/504_168/chronos2/full_ridge_shared/raw/euclidean/1/online/run_0
2026-08-14 04:15:08,334 INFO [__main__] extraction validation directory=/home/h61084/codes/adapts/outputs/extraction/Electricity/504_168/chronos2/raw/euclidean/3/online/run_2 status=complete
2026-08-14T04:15:08+02:00 skip complete family=baselines dataset=Electricity model=chronos2 formula=cov_forecast lags=504 horizon=168 retrieval=raw_euclidean_3_online run=/home/h61084/codes/adapts/outputs/adaptation/screen/Electricity/504_168/chronos2/cov_forecast/raw/euclidean/3/online/run_0
2026-08-14T04:15:08+02:00 skip complete family=baselines dataset=Electricity model=chronos2 formula=avgy lags=504 horizon=168 retrieval=raw_euclidean_3_online run=/home/h61084/codes/adapts/outputs/adaptation/screen/Electricity/504_168/chronos2/avgy/raw/euclidean/3/online/run_0
2026-08-14T04:15:08+02:00 skip complete family=baselines dataset=Electricity model=chronos2 formula=y_mean lags=504 horizon=168 retrieval=raw_euclidean_3_online run=/home/h61084/codes/adapts/outputs/adaptation/screen/Electricity/504_168/chronos2/y_mean/raw/euclidean/3/online/run_0
2026-08-14T04:15:08+02:00 skip complete family=baselines dataset=Electricity model=chronos2 formula=cov_ridge_shared lags=504 horizon=168 retrieval=raw_euclidean_3_online run=/home/h61084/codes/adapts/outputs/adaptation/screen/Electricity/504_168/chronos2/cov_ridge_shared/raw/euclidean/3/online/run_0
2026-08-14T04:15:09+02:00 skip complete family=baselines dataset=Electricity model=chronos2 formula=avgy_ridge_shared lags=504 horizon=168 retrieval=raw_euclidean_3_online run=/home/h61084/codes/adapts/outputs/adaptation/screen/Electricity/504_168/chronos2/avgy_ridge_shared/raw/euclidean/3/online/run_0
2026-08-14T04:15:09+02:00 skip complete family=baselines dataset=Electricity model=chronos2 formula=y_ridge_shared lags=504 horizon=168 retrieval=raw_euclidean_3_online run=/home/h61084/codes/adapts/outputs/adaptation/screen/Electricity/504_168/chronos2/y_ridge_shared/raw/euclidean/3/online/run_0
2026-08-14T04:15:09+02:00 skip complete family=baselines dataset=Electricity model=chronos2 formula=cov_y_ridge_shared lags=504 horizon=168 retrieval=raw_euclidean_3_online run=/home/h61084/codes/adapts/outputs/adaptation/screen/Electricity/504_168/chronos2/cov_y_ridge_shared/raw/euclidean/3/online/run_0
2026-08-14T04:15:09+02:00 skip complete family=baselines dataset=Electricity model=chronos2 formula=cov_avgy_ridge_shared lags=504 horizon=168 retrieval=raw_euclidean_3_online run=/home/h61084/codes/adapts/outputs/adaptation/screen/Electricity/504_168/chronos2/cov_avgy_ridge_shared/raw/euclidean/3/online/run_0
2026-08-14T04:15:09+02:00 skip complete family=baselines dataset=Electricity model=chronos2 formula=residual_ridge_shared lags=504 horizon=168 retrieval=raw_euclidean_3_online run=/home/h61084/codes/adapts/outputs/adaptation/screen/Electricity/504_168/chronos2/residual_ridge_shared/raw/euclidean/3/online/run_0
2026-08-14T04:15:09+02:00 skip complete family=baselines dataset=Electricity model=chronos2 formula=full_ridge_shared lags=504 horizon=168 retrieval=raw_euclidean_3_online run=/home/h61084/codes/adapts/outputs/adaptation/screen/Electricity/504_168/chronos2/full_ridge_shared/raw/euclidean/3/online/run_0
2026-08-14 04:15:11,315 INFO [__main__] extraction validation directory=/home/h61084/codes/adapts/outputs/extraction/Electricity/504_168/chronos2/instance/euclidean/1/online/run_1 status=complete
2026-08-14T04:15:11+02:00 skip complete family=baselines dataset=Electricity model=chronos2 formula=cov_forecast lags=504 horizon=168 retrieval=instance_euclidean_1_online run=/home/h61084/codes/adapts/outputs/adaptation/screen/Electricity/504_168/chronos2/cov_forecast/instance/euclidean/1/online/run_0
2026-08-14T04:15:11+02:00 skip complete family=baselines dataset=Electricity model=chronos2 formula=avgy lags=504 horizon=168 retrieval=instance_euclidean_1_online run=/home/h61084/codes/adapts/outputs/adaptation/screen/Electricity/504_168/chronos2/avgy/instance/euclidean/1/online/run_0
2026-08-14T04:15:11+02:00 skip complete family=baselines dataset=Electricity model=chronos2 formula=y_mean lags=504 horizon=168 retrieval=instance_euclidean_1_online run=/home/h61084/codes/adapts/outputs/adaptation/screen/Electricity/504_168/chronos2/y_mean/instance/euclidean/1/online/run_0
2026-08-14T04:15:11+02:00 skip complete family=baselines dataset=Electricity model=chronos2 formula=cov_ridge_shared lags=504 horizon=168 retrieval=instance_euclidean_1_online run=/home/h61084/codes/adapts/outputs/adaptation/screen/Electricity/504_168/chronos2/cov_ridge_shared/instance/euclidean/1/online/run_0
2026-08-14T04:15:11+02:00 skip complete family=baselines dataset=Electricity model=chronos2 formula=avgy_ridge_shared lags=504 horizon=168 retrieval=instance_euclidean_1_online run=/home/h61084/codes/adapts/outputs/adaptation/screen/Electricity/504_168/chronos2/avgy_ridge_shared/instance/euclidean/1/online/run_0
2026-08-14T04:15:12+02:00 skip complete family=baselines dataset=Electricity model=chronos2 formula=y_ridge_shared lags=504 horizon=168 retrieval=instance_euclidean_1_online run=/home/h61084/codes/adapts/outputs/adaptation/screen/Electricity/504_168/chronos2/y_ridge_shared/instance/euclidean/1/online/run_0
2026-08-14T04:15:12+02:00 skip complete family=baselines dataset=Electricity model=chronos2 formula=cov_y_ridge_shared lags=504 horizon=168 retrieval=instance_euclidean_1_online run=/home/h61084/codes/adapts/outputs/adaptation/screen/Electricity/504_168/chronos2/cov_y_ridge_shared/instance/euclidean/1/online/run_0
2026-08-14T04:15:12+02:00 skip complete family=baselines dataset=Electricity model=chronos2 formula=cov_avgy_ridge_shared lags=504 horizon=168 retrieval=instance_euclidean_1_online run=/home/h61084/codes/adapts/outputs/adaptation/screen/Electricity/504_168/chronos2/cov_avgy_ridge_shared/instance/euclidean/1/online/run_0
2026-08-14T04:15:12+02:00 skip complete family=baselines dataset=Electricity model=chronos2 formula=residual_ridge_shared lags=504 horizon=168 retrieval=instance_euclidean_1_online run=/home/h61084/codes/adapts/outputs/adaptation/screen/Electricity/504_168/chronos2/residual_ridge_shared/instance/euclidean/1/online/run_0
2026-08-14T04:15:12+02:00 skip complete family=baselines dataset=Electricity model=chronos2 formula=full_ridge_shared lags=504 horizon=168 retrieval=instance_euclidean_1_online run=/home/h61084/codes/adapts/outputs/adaptation/screen/Electricity/504_168/chronos2/full_ridge_shared/instance/euclidean/1/online/run_0
2026-08-14 04:15:14,461 INFO [__main__] extraction validation directory=/home/h61084/codes/adapts/outputs/extraction/Electricity/504_168/chronos2/instance/euclidean/3/online/run_1 status=complete
2026-08-14T04:15:14+02:00 skip complete family=baselines dataset=Electricity model=chronos2 formula=cov_forecast lags=504 horizon=168 retrieval=instance_euclidean_3_online run=/home/h61084/codes/adapts/outputs/adaptation/screen/Electricity/504_168/chronos2/cov_forecast/instance/euclidean/3/online/run_0
2026-08-14T04:15:14+02:00 skip complete family=baselines dataset=Electricity model=chronos2 formula=avgy lags=504 horizon=168 retrieval=instance_euclidean_3_online run=/home/h61084/codes/adapts/outputs/adaptation/screen/Electricity/504_168/chronos2/avgy/instance/euclidean/3/online/run_0
2026-08-14T04:15:15+02:00 skip complete family=baselines dataset=Electricity model=chronos2 formula=y_mean lags=504 horizon=168 retrieval=instance_euclidean_3_online run=/home/h61084/codes/adapts/outputs/adaptation/screen/Electricity/504_168/chronos2/y_mean/instance/euclidean/3/online/run_0
2026-08-14T04:15:15+02:00 skip complete family=baselines dataset=Electricity model=chronos2 formula=cov_ridge_shared lags=504 horizon=168 retrieval=instance_euclidean_3_online run=/home/h61084/codes/adapts/outputs/adaptation/screen/Electricity/504_168/chronos2/cov_ridge_shared/instance/euclidean/3/online/run_0
2026-08-14T04:15:15+02:00 skip complete family=baselines dataset=Electricity model=chronos2 formula=avgy_ridge_shared lags=504 horizon=168 retrieval=instance_euclidean_3_online run=/home/h61084/codes/adapts/outputs/adaptation/screen/Electricity/504_168/chronos2/avgy_ridge_shared/instance/euclidean/3/online/run_0
2026-08-14T04:15:15+02:00 skip complete family=baselines dataset=Electricity model=chronos2 formula=y_ridge_shared lags=504 horizon=168 retrieval=instance_euclidean_3_online run=/home/h61084/codes/adapts/outputs/adaptation/screen/Electricity/504_168/chronos2/y_ridge_shared/instance/euclidean/3/online/run_0
2026-08-14T04:15:15+02:00 skip complete family=baselines dataset=Electricity model=chronos2 formula=cov_y_ridge_shared lags=504 horizon=168 retrieval=instance_euclidean_3_online run=/home/h61084/codes/adapts/outputs/adaptation/screen/Electricity/504_168/chronos2/cov_y_ridge_shared/instance/euclidean/3/online/run_0
2026-08-14T04:15:15+02:00 skip complete family=baselines dataset=Electricity model=chronos2 formula=cov_avgy_ridge_shared lags=504 horizon=168 retrieval=instance_euclidean_3_online run=/home/h61084/codes/adapts/outputs/adaptation/screen/Electricity/504_168/chronos2/cov_avgy_ridge_shared/instance/euclidean/3/online/run_0
2026-08-14T04:15:15+02:00 skip complete family=baselines dataset=Electricity model=chronos2 formula=residual_ridge_shared lags=504 horizon=168 retrieval=instance_euclidean_3_online run=/home/h61084/codes/adapts/outputs/adaptation/screen/Electricity/504_168/chronos2/residual_ridge_shared/instance/euclidean/3/online/run_0
2026-08-14T04:15:15+02:00 skip complete family=baselines dataset=Electricity model=chronos2 formula=full_ridge_shared lags=504 horizon=168 retrieval=instance_euclidean_3_online run=/home/h61084/codes/adapts/outputs/adaptation/screen/Electricity/504_168/chronos2/full_ridge_shared/instance/euclidean/3/online/run_0
2026-08-14 04:15:17,503 INFO [__main__] extraction validation directory=/home/h61084/codes/adapts/outputs/extraction/Traffic/168_24/chronos2/raw/euclidean/1/online/run_1 status=complete
2026-08-14T04:15:17+02:00 skip complete family=baselines dataset=Traffic model=chronos2 formula=cov_forecast lags=168 horizon=24 retrieval=raw_euclidean_1_online run=/home/h61084/codes/adapts/outputs/adaptation/screen/Traffic/168_24/chronos2/cov_forecast/raw/euclidean/1/online/run_0
2026-08-14T04:15:18+02:00 skip complete family=baselines dataset=Traffic model=chronos2 formula=avgy lags=168 horizon=24 retrieval=raw_euclidean_1_online run=/home/h61084/codes/adapts/outputs/adaptation/screen/Traffic/168_24/chronos2/avgy/raw/euclidean/1/online/run_0
2026-08-14T04:15:18+02:00 skip complete family=baselines dataset=Traffic model=chronos2 formula=y_mean lags=168 horizon=24 retrieval=raw_euclidean_1_online run=/home/h61084/codes/adapts/outputs/adaptation/screen/Traffic/168_24/chronos2/y_mean/raw/euclidean/1/online/run_0
2026-08-14T04:15:18+02:00 skip complete family=baselines dataset=Traffic model=chronos2 formula=cov_ridge_shared lags=168 horizon=24 retrieval=raw_euclidean_1_online run=/home/h61084/codes/adapts/outputs/adaptation/screen/Traffic/168_24/chronos2/cov_ridge_shared/raw/euclidean/1/online/run_0
2026-08-14T04:15:18+02:00 skip complete family=baselines dataset=Traffic model=chronos2 formula=avgy_ridge_shared lags=168 horizon=24 retrieval=raw_euclidean_1_online run=/home/h61084/codes/adapts/outputs/adaptation/screen/Traffic/168_24/chronos2/avgy_ridge_shared/raw/euclidean/1/online/run_0
2026-08-14T04:15:18+02:00 skip complete family=baselines dataset=Traffic model=chronos2 formula=y_ridge_shared lags=168 horizon=24 retrieval=raw_euclidean_1_online run=/home/h61084/codes/adapts/outputs/adaptation/screen/Traffic/168_24/chronos2/y_ridge_shared/raw/euclidean/1/online/run_0
2026-08-14T04:15:18+02:00 skip complete family=baselines dataset=Traffic model=chronos2 formula=cov_y_ridge_shared lags=168 horizon=24 retrieval=raw_euclidean_1_online run=/home/h61084/codes/adapts/outputs/adaptation/screen/Traffic/168_24/chronos2/cov_y_ridge_shared/raw/euclidean/1/online/run_0
2026-08-14T04:15:18+02:00 skip complete family=baselines dataset=Traffic model=chronos2 formula=cov_avgy_ridge_shared lags=168 horizon=24 retrieval=raw_euclidean_1_online run=/home/h61084/codes/adapts/outputs/adaptation/screen/Traffic/168_24/chronos2/cov_avgy_ridge_shared/raw/euclidean/1/online/run_0
2026-08-14T04:15:18+02:00 skip complete family=baselines dataset=Traffic model=chronos2 formula=residual_ridge_shared lags=168 horizon=24 retrieval=raw_euclidean_1_online run=/home/h61084/codes/adapts/outputs/adaptation/screen/Traffic/168_24/chronos2/residual_ridge_shared/raw/euclidean/1/online/run_0
2026-08-14T04:15:18+02:00 skip complete family=baselines dataset=Traffic model=chronos2 formula=full_ridge_shared lags=168 horizon=24 retrieval=raw_euclidean_1_online run=/home/h61084/codes/adapts/outputs/adaptation/screen/Traffic/168_24/chronos2/full_ridge_shared/raw/euclidean/1/online/run_0
2026-08-14 04:15:20,771 INFO [__main__] extraction validation directory=/home/h61084/codes/adapts/outputs/extraction/Traffic/168_24/chronos2/raw/euclidean/3/online/run_1 status=complete
2026-08-14T04:15:21+02:00 skip complete family=baselines dataset=Traffic model=chronos2 formula=cov_forecast lags=168 horizon=24 retrieval=raw_euclidean_3_online run=/home/h61084/codes/adapts/outputs/adaptation/screen/Traffic/168_24/chronos2/cov_forecast/raw/euclidean/3/online/run_0
2026-08-14T04:15:21+02:00 skip complete family=baselines dataset=Traffic model=chronos2 formula=avgy lags=168 horizon=24 retrieval=raw_euclidean_3_online run=/home/h61084/codes/adapts/outputs/adaptation/screen/Traffic/168_24/chronos2/avgy/raw/euclidean/3/online/run_0
2026-08-14T04:15:21+02:00 skip complete family=baselines dataset=Traffic model=chronos2 formula=y_mean lags=168 horizon=24 retrieval=raw_euclidean_3_online run=/home/h61084/codes/adapts/outputs/adaptation/screen/Traffic/168_24/chronos2/y_mean/raw/euclidean/3/online/run_0
2026-08-14T04:15:21+02:00 skip complete family=baselines dataset=Traffic model=chronos2 formula=cov_ridge_shared lags=168 horizon=24 retrieval=raw_euclidean_3_online run=/home/h61084/codes/adapts/outputs/adaptation/screen/Traffic/168_24/chronos2/cov_ridge_shared/raw/euclidean/3/online/run_0
2026-08-14T04:15:21+02:00 skip complete family=baselines dataset=Traffic model=chronos2 formula=avgy_ridge_shared lags=168 horizon=24 retrieval=raw_euclidean_3_online run=/home/h61084/codes/adapts/outputs/adaptation/screen/Traffic/168_24/chronos2/avgy_ridge_shared/raw/euclidean/3/online/run_0
2026-08-14T04:15:21+02:00 skip complete family=baselines dataset=Traffic model=chronos2 formula=y_ridge_shared lags=168 horizon=24 retrieval=raw_euclidean_3_online run=/home/h61084/codes/adapts/outputs/adaptation/screen/Traffic/168_24/chronos2/y_ridge_shared/raw/euclidean/3/online/run_0
2026-08-14T04:15:21+02:00 skip complete family=baselines dataset=Traffic model=chronos2 formula=cov_y_ridge_shared lags=168 horizon=24 retrieval=raw_euclidean_3_online run=/home/h61084/codes/adapts/outputs/adaptation/screen/Traffic/168_24/chronos2/cov_y_ridge_shared/raw/euclidean/3/online/run_0
2026-08-14T04:15:21+02:00 skip complete family=baselines dataset=Traffic model=chronos2 formula=cov_avgy_ridge_shared lags=168 horizon=24 retrieval=raw_euclidean_3_online run=/home/h61084/codes/adapts/outputs/adaptation/screen/Traffic/168_24/chronos2/cov_avgy_ridge_shared/raw/euclidean/3/online/run_0
2026-08-14T04:15:21+02:00 skip complete family=baselines dataset=Traffic model=chronos2 formula=residual_ridge_shared lags=168 horizon=24 retrieval=raw_euclidean_3_online run=/home/h61084/codes/adapts/outputs/adaptation/screen/Traffic/168_24/chronos2/residual_ridge_shared/raw/euclidean/3/online/run_0
2026-08-14T04:15:21+02:00 skip complete family=baselines dataset=Traffic model=chronos2 formula=full_ridge_shared lags=168 horizon=24 retrieval=raw_euclidean_3_online run=/home/h61084/codes/adapts/outputs/adaptation/screen/Traffic/168_24/chronos2/full_ridge_shared/raw/euclidean/3/online/run_0
2026-08-14 04:15:23,977 INFO [__main__] extraction validation directory=/home/h61084/codes/adapts/outputs/extraction/Traffic/168_24/chronos2/instance/euclidean/1/online/run_1 status=complete
2026-08-14T04:15:24+02:00 skip complete family=baselines dataset=Traffic model=chronos2 formula=cov_forecast lags=168 horizon=24 retrieval=instance_euclidean_1_online run=/home/h61084/codes/adapts/outputs/adaptation/screen/Traffic/168_24/chronos2/cov_forecast/instance/euclidean/1/online/run_0
2026-08-14T04:15:24+02:00 skip complete family=baselines dataset=Traffic model=chronos2 formula=avgy lags=168 horizon=24 retrieval=instance_euclidean_1_online run=/home/h61084/codes/adapts/outputs/adaptation/screen/Traffic/168_24/chronos2/avgy/instance/euclidean/1/online/run_0
2026-08-14T04:15:24+02:00 skip complete family=baselines dataset=Traffic model=chronos2 formula=y_mean lags=168 horizon=24 retrieval=instance_euclidean_1_online run=/home/h61084/codes/adapts/outputs/adaptation/screen/Traffic/168_24/chronos2/y_mean/instance/euclidean/1/online/run_0
2026-08-14T04:15:24+02:00 skip complete family=baselines dataset=Traffic model=chronos2 formula=cov_ridge_shared lags=168 horizon=24 retrieval=instance_euclidean_1_online run=/home/h61084/codes/adapts/outputs/adaptation/screen/Traffic/168_24/chronos2/cov_ridge_shared/instance/euclidean/1/online/run_0
2026-08-14T04:15:24+02:00 skip complete family=baselines dataset=Traffic model=chronos2 formula=avgy_ridge_shared lags=168 horizon=24 retrieval=instance_euclidean_1_online run=/home/h61084/codes/adapts/outputs/adaptation/screen/Traffic/168_24/chronos2/avgy_ridge_shared/instance/euclidean/1/online/run_0
2026-08-14T04:15:24+02:00 skip complete family=baselines dataset=Traffic model=chronos2 formula=y_ridge_shared lags=168 horizon=24 retrieval=instance_euclidean_1_online run=/home/h61084/codes/adapts/outputs/adaptation/screen/Traffic/168_24/chronos2/y_ridge_shared/instance/euclidean/1/online/run_0
2026-08-14T04:15:24+02:00 skip complete family=baselines dataset=Traffic model=chronos2 formula=cov_y_ridge_shared lags=168 horizon=24 retrieval=instance_euclidean_1_online run=/home/h61084/codes/adapts/outputs/adaptation/screen/Traffic/168_24/chronos2/cov_y_ridge_shared/instance/euclidean/1/online/run_0
2026-08-14T04:15:24+02:00 skip complete family=baselines dataset=Traffic model=chronos2 formula=cov_avgy_ridge_shared lags=168 horizon=24 retrieval=instance_euclidean_1_online run=/home/h61084/codes/adapts/outputs/adaptation/screen/Traffic/168_24/chronos2/cov_avgy_ridge_shared/instance/euclidean/1/online/run_0
2026-08-14T04:15:24+02:00 skip complete family=baselines dataset=Traffic model=chronos2 formula=residual_ridge_shared lags=168 horizon=24 retrieval=instance_euclidean_1_online run=/home/h61084/codes/adapts/outputs/adaptation/screen/Traffic/168_24/chronos2/residual_ridge_shared/instance/euclidean/1/online/run_0
2026-08-14T04:15:24+02:00 skip complete family=baselines dataset=Traffic model=chronos2 formula=full_ridge_shared lags=168 horizon=24 retrieval=instance_euclidean_1_online run=/home/h61084/codes/adapts/outputs/adaptation/screen/Traffic/168_24/chronos2/full_ridge_shared/instance/euclidean/1/online/run_0
2026-08-14 04:15:27,090 INFO [__main__] extraction validation directory=/home/h61084/codes/adapts/outputs/extraction/Traffic/168_24/chronos2/instance/euclidean/3/online/run_1 status=complete
2026-08-14T04:15:27+02:00 skip complete family=baselines dataset=Traffic model=chronos2 formula=cov_forecast lags=168 horizon=24 retrieval=instance_euclidean_3_online run=/home/h61084/codes/adapts/outputs/adaptation/screen/Traffic/168_24/chronos2/cov_forecast/instance/euclidean/3/online/run_0
2026-08-14T04:15:27+02:00 skip complete family=baselines dataset=Traffic model=chronos2 formula=avgy lags=168 horizon=24 retrieval=instance_euclidean_3_online run=/home/h61084/codes/adapts/outputs/adaptation/screen/Traffic/168_24/chronos2/avgy/instance/euclidean/3/online/run_0
2026-08-14T04:15:27+02:00 skip complete family=baselines dataset=Traffic model=chronos2 formula=y_mean lags=168 horizon=24 retrieval=instance_euclidean_3_online run=/home/h61084/codes/adapts/outputs/adaptation/screen/Traffic/168_24/chronos2/y_mean/instance/euclidean/3/online/run_0
2026-08-14T04:15:27+02:00 skip complete family=baselines dataset=Traffic model=chronos2 formula=cov_ridge_shared lags=168 horizon=24 retrieval=instance_euclidean_3_online run=/home/h61084/codes/adapts/outputs/adaptation/screen/Traffic/168_24/chronos2/cov_ridge_shared/instance/euclidean/3/online/run_0
2026-08-14T04:15:27+02:00 skip complete family=baselines dataset=Traffic model=chronos2 formula=avgy_ridge_shared lags=168 horizon=24 retrieval=instance_euclidean_3_online run=/home/h61084/codes/adapts/outputs/adaptation/screen/Traffic/168_24/chronos2/avgy_ridge_shared/instance/euclidean/3/online/run_0
2026-08-14T04:15:27+02:00 skip complete family=baselines dataset=Traffic model=chronos2 formula=y_ridge_shared lags=168 horizon=24 retrieval=instance_euclidean_3_online run=/home/h61084/codes/adapts/outputs/adaptation/screen/Traffic/168_24/chronos2/y_ridge_shared/instance/euclidean/3/online/run_0
2026-08-14T04:15:27+02:00 skip complete family=baselines dataset=Traffic model=chronos2 formula=cov_y_ridge_shared lags=168 horizon=24 retrieval=instance_euclidean_3_online run=/home/h61084/codes/adapts/outputs/adaptation/screen/Traffic/168_24/chronos2/cov_y_ridge_shared/instance/euclidean/3/online/run_0
2026-08-14T04:15:27+02:00 skip complete family=baselines dataset=Traffic model=chronos2 formula=cov_avgy_ridge_shared lags=168 horizon=24 retrieval=instance_euclidean_3_online run=/home/h61084/codes/adapts/outputs/adaptation/screen/Traffic/168_24/chronos2/cov_avgy_ridge_shared/instance/euclidean/3/online/run_0
2026-08-14T04:15:28+02:00 skip complete family=baselines dataset=Traffic model=chronos2 formula=residual_ridge_shared lags=168 horizon=24 retrieval=instance_euclidean_3_online run=/home/h61084/codes/adapts/outputs/adaptation/screen/Traffic/168_24/chronos2/residual_ridge_shared/instance/euclidean/3/online/run_0
2026-08-14T04:15:28+02:00 skip complete family=baselines dataset=Traffic model=chronos2 formula=full_ridge_shared lags=168 horizon=24 retrieval=instance_euclidean_3_online run=/home/h61084/codes/adapts/outputs/adaptation/screen/Traffic/168_24/chronos2/full_ridge_shared/instance/euclidean/3/online/run_0
2026-08-14 04:15:30,356 INFO [__main__] extraction validation directory=/home/h61084/codes/adapts/outputs/extraction/Traffic/336_48/chronos2/raw/euclidean/1/online/run_1 status=complete
2026-08-14T04:15:30+02:00 skip complete family=baselines dataset=Traffic model=chronos2 formula=cov_forecast lags=336 horizon=48 retrieval=raw_euclidean_1_online run=/home/h61084/codes/adapts/outputs/adaptation/screen/Traffic/336_48/chronos2/cov_forecast/raw/euclidean/1/online/run_0
2026-08-14T04:15:30+02:00 skip complete family=baselines dataset=Traffic model=chronos2 formula=avgy lags=336 horizon=48 retrieval=raw_euclidean_1_online run=/home/h61084/codes/adapts/outputs/adaptation/screen/Traffic/336_48/chronos2/avgy/raw/euclidean/1/online/run_0
2026-08-14T04:15:31+02:00 skip complete family=baselines dataset=Traffic model=chronos2 formula=y_mean lags=336 horizon=48 retrieval=raw_euclidean_1_online run=/home/h61084/codes/adapts/outputs/adaptation/screen/Traffic/336_48/chronos2/y_mean/raw/euclidean/1/online/run_0
2026-08-14T04:15:31+02:00 skip complete family=baselines dataset=Traffic model=chronos2 formula=cov_ridge_shared lags=336 horizon=48 retrieval=raw_euclidean_1_online run=/home/h61084/codes/adapts/outputs/adaptation/screen/Traffic/336_48/chronos2/cov_ridge_shared/raw/euclidean/1/online/run_0
2026-08-14T04:15:31+02:00 skip complete family=baselines dataset=Traffic model=chronos2 formula=avgy_ridge_shared lags=336 horizon=48 retrieval=raw_euclidean_1_online run=/home/h61084/codes/adapts/outputs/adaptation/screen/Traffic/336_48/chronos2/avgy_ridge_shared/raw/euclidean/1/online/run_0
2026-08-14T04:15:31+02:00 skip complete family=baselines dataset=Traffic model=chronos2 formula=y_ridge_shared lags=336 horizon=48 retrieval=raw_euclidean_1_online run=/home/h61084/codes/adapts/outputs/adaptation/screen/Traffic/336_48/chronos2/y_ridge_shared/raw/euclidean/1/online/run_0
2026-08-14T04:15:31+02:00 skip complete family=baselines dataset=Traffic model=chronos2 formula=cov_y_ridge_shared lags=336 horizon=48 retrieval=raw_euclidean_1_online run=/home/h61084/codes/adapts/outputs/adaptation/screen/Traffic/336_48/chronos2/cov_y_ridge_shared/raw/euclidean/1/online/run_0
2026-08-14T04:15:31+02:00 skip complete family=baselines dataset=Traffic model=chronos2 formula=cov_avgy_ridge_shared lags=336 horizon=48 retrieval=raw_euclidean_1_online run=/home/h61084/codes/adapts/outputs/adaptation/screen/Traffic/336_48/chronos2/cov_avgy_ridge_shared/raw/euclidean/1/online/run_0
2026-08-14T04:15:31+02:00 skip complete family=baselines dataset=Traffic model=chronos2 formula=residual_ridge_shared lags=336 horizon=48 retrieval=raw_euclidean_1_online run=/home/h61084/codes/adapts/outputs/adaptation/screen/Traffic/336_48/chronos2/residual_ridge_shared/raw/euclidean/1/online/run_0
2026-08-14T04:15:31+02:00 skip complete family=baselines dataset=Traffic model=chronos2 formula=full_ridge_shared lags=336 horizon=48 retrieval=raw_euclidean_1_online run=/home/h61084/codes/adapts/outputs/adaptation/screen/Traffic/336_48/chronos2/full_ridge_shared/raw/euclidean/1/online/run_0
2026-08-14 04:15:33,794 INFO [__main__] extraction validation directory=/home/h61084/codes/adapts/outputs/extraction/Traffic/336_48/chronos2/raw/euclidean/3/online/run_1 status=complete
2026-08-14T04:15:34+02:00 skip complete family=baselines dataset=Traffic model=chronos2 formula=cov_forecast lags=336 horizon=48 retrieval=raw_euclidean_3_online run=/home/h61084/codes/adapts/outputs/adaptation/screen/Traffic/336_48/chronos2/cov_forecast/raw/euclidean/3/online/run_0
2026-08-14T04:15:34+02:00 skip complete family=baselines dataset=Traffic model=chronos2 formula=avgy lags=336 horizon=48 retrieval=raw_euclidean_3_online run=/home/h61084/codes/adapts/outputs/adaptation/screen/Traffic/336_48/chronos2/avgy/raw/euclidean/3/online/run_0
2026-08-14T04:15:34+02:00 skip complete family=baselines dataset=Traffic model=chronos2 formula=y_mean lags=336 horizon=48 retrieval=raw_euclidean_3_online run=/home/h61084/codes/adapts/outputs/adaptation/screen/Traffic/336_48/chronos2/y_mean/raw/euclidean/3/online/run_0
2026-08-14T04:15:34+02:00 skip complete family=baselines dataset=Traffic model=chronos2 formula=cov_ridge_shared lags=336 horizon=48 retrieval=raw_euclidean_3_online run=/home/h61084/codes/adapts/outputs/adaptation/screen/Traffic/336_48/chronos2/cov_ridge_shared/raw/euclidean/3/online/run_0
2026-08-14T04:15:34+02:00 skip complete family=baselines dataset=Traffic model=chronos2 formula=avgy_ridge_shared lags=336 horizon=48 retrieval=raw_euclidean_3_online run=/home/h61084/codes/adapts/outputs/adaptation/screen/Traffic/336_48/chronos2/avgy_ridge_shared/raw/euclidean/3/online/run_0
2026-08-14T04:15:34+02:00 skip complete family=baselines dataset=Traffic model=chronos2 formula=y_ridge_shared lags=336 horizon=48 retrieval=raw_euclidean_3_online run=/home/h61084/codes/adapts/outputs/adaptation/screen/Traffic/336_48/chronos2/y_ridge_shared/raw/euclidean/3/online/run_0
2026-08-14T04:15:34+02:00 skip complete family=baselines dataset=Traffic model=chronos2 formula=cov_y_ridge_shared lags=336 horizon=48 retrieval=raw_euclidean_3_online run=/home/h61084/codes/adapts/outputs/adaptation/screen/Traffic/336_48/chronos2/cov_y_ridge_shared/raw/euclidean/3/online/run_0
2026-08-14T04:15:34+02:00 skip complete family=baselines dataset=Traffic model=chronos2 formula=cov_avgy_ridge_shared lags=336 horizon=48 retrieval=raw_euclidean_3_online run=/home/h61084/codes/adapts/outputs/adaptation/screen/Traffic/336_48/chronos2/cov_avgy_ridge_shared/raw/euclidean/3/online/run_0
2026-08-14T04:15:34+02:00 skip complete family=baselines dataset=Traffic model=chronos2 formula=residual_ridge_shared lags=336 horizon=48 retrieval=raw_euclidean_3_online run=/home/h61084/codes/adapts/outputs/adaptation/screen/Traffic/336_48/chronos2/residual_ridge_shared/raw/euclidean/3/online/run_0
2026-08-14T04:15:34+02:00 skip complete family=baselines dataset=Traffic model=chronos2 formula=full_ridge_shared lags=336 horizon=48 retrieval=raw_euclidean_3_online run=/home/h61084/codes/adapts/outputs/adaptation/screen/Traffic/336_48/chronos2/full_ridge_shared/raw/euclidean/3/online/run_0
2026-08-14 04:15:37,715 INFO [__main__] extraction validation directory=/home/h61084/codes/adapts/outputs/extraction/Traffic/336_48/chronos2/instance/euclidean/1/online/run_1 status=complete
2026-08-14T04:15:38+02:00 skip complete family=baselines dataset=Traffic model=chronos2 formula=cov_forecast lags=336 horizon=48 retrieval=instance_euclidean_1_online run=/home/h61084/codes/adapts/outputs/adaptation/screen/Traffic/336_48/chronos2/cov_forecast/instance/euclidean/1/online/run_0
2026-08-14T04:15:38+02:00 skip complete family=baselines dataset=Traffic model=chronos2 formula=avgy lags=336 horizon=48 retrieval=instance_euclidean_1_online run=/home/h61084/codes/adapts/outputs/adaptation/screen/Traffic/336_48/chronos2/avgy/instance/euclidean/1/online/run_0
2026-08-14T04:15:38+02:00 skip complete family=baselines dataset=Traffic model=chronos2 formula=y_mean lags=336 horizon=48 retrieval=instance_euclidean_1_online run=/home/h61084/codes/adapts/outputs/adaptation/screen/Traffic/336_48/chronos2/y_mean/instance/euclidean/1/online/run_0
2026-08-14T04:15:38+02:00 skip complete family=baselines dataset=Traffic model=chronos2 formula=cov_ridge_shared lags=336 horizon=48 retrieval=instance_euclidean_1_online run=/home/h61084/codes/adapts/outputs/adaptation/screen/Traffic/336_48/chronos2/cov_ridge_shared/instance/euclidean/1/online/run_0
2026-08-14T04:15:38+02:00 skip complete family=baselines dataset=Traffic model=chronos2 formula=avgy_ridge_shared lags=336 horizon=48 retrieval=instance_euclidean_1_online run=/home/h61084/codes/adapts/outputs/adaptation/screen/Traffic/336_48/chronos2/avgy_ridge_shared/instance/euclidean/1/online/run_0
2026-08-14T04:15:38+02:00 skip complete family=baselines dataset=Traffic model=chronos2 formula=y_ridge_shared lags=336 horizon=48 retrieval=instance_euclidean_1_online run=/home/h61084/codes/adapts/outputs/adaptation/screen/Traffic/336_48/chronos2/y_ridge_shared/instance/euclidean/1/online/run_0
2026-08-14T04:15:38+02:00 skip complete family=baselines dataset=Traffic model=chronos2 formula=cov_y_ridge_shared lags=336 horizon=48 retrieval=instance_euclidean_1_online run=/home/h61084/codes/adapts/outputs/adaptation/screen/Traffic/336_48/chronos2/cov_y_ridge_shared/instance/euclidean/1/online/run_0
2026-08-14T04:15:38+02:00 skip complete family=baselines dataset=Traffic model=chronos2 formula=cov_avgy_ridge_shared lags=336 horizon=48 retrieval=instance_euclidean_1_online run=/home/h61084/codes/adapts/outputs/adaptation/screen/Traffic/336_48/chronos2/cov_avgy_ridge_shared/instance/euclidean/1/online/run_0
2026-08-14T04:15:38+02:00 skip complete family=baselines dataset=Traffic model=chronos2 formula=residual_ridge_shared lags=336 horizon=48 retrieval=instance_euclidean_1_online run=/home/h61084/codes/adapts/outputs/adaptation/screen/Traffic/336_48/chronos2/residual_ridge_shared/instance/euclidean/1/online/run_0
2026-08-14T04:15:38+02:00 skip complete family=baselines dataset=Traffic model=chronos2 formula=full_ridge_shared lags=336 horizon=48 retrieval=instance_euclidean_1_online run=/home/h61084/codes/adapts/outputs/adaptation/screen/Traffic/336_48/chronos2/full_ridge_shared/instance/euclidean/1/online/run_0
2026-08-14 04:15:40,955 INFO [__main__] extraction validation directory=/home/h61084/codes/adapts/outputs/extraction/Traffic/336_48/chronos2/instance/euclidean/3/online/run_1 status=complete
2026-08-14T04:15:41+02:00 skip complete family=baselines dataset=Traffic model=chronos2 formula=cov_forecast lags=336 horizon=48 retrieval=instance_euclidean_3_online run=/home/h61084/codes/adapts/outputs/adaptation/screen/Traffic/336_48/chronos2/cov_forecast/instance/euclidean/3/online/run_0
2026-08-14T04:15:41+02:00 skip complete family=baselines dataset=Traffic model=chronos2 formula=avgy lags=336 horizon=48 retrieval=instance_euclidean_3_online run=/home/h61084/codes/adapts/outputs/adaptation/screen/Traffic/336_48/chronos2/avgy/instance/euclidean/3/online/run_0
2026-08-14T04:15:41+02:00 skip complete family=baselines dataset=Traffic model=chronos2 formula=y_mean lags=336 horizon=48 retrieval=instance_euclidean_3_online run=/home/h61084/codes/adapts/outputs/adaptation/screen/Traffic/336_48/chronos2/y_mean/instance/euclidean/3/online/run_0
2026-08-14T04:15:41+02:00 skip complete family=baselines dataset=Traffic model=chronos2 formula=cov_ridge_shared lags=336 horizon=48 retrieval=instance_euclidean_3_online run=/home/h61084/codes/adapts/outputs/adaptation/screen/Traffic/336_48/chronos2/cov_ridge_shared/instance/euclidean/3/online/run_0
2026-08-14T04:15:41+02:00 skip complete family=baselines dataset=Traffic model=chronos2 formula=avgy_ridge_shared lags=336 horizon=48 retrieval=instance_euclidean_3_online run=/home/h61084/codes/adapts/outputs/adaptation/screen/Traffic/336_48/chronos2/avgy_ridge_shared/instance/euclidean/3/online/run_0
2026-08-14T04:15:41+02:00 skip complete family=baselines dataset=Traffic model=chronos2 formula=y_ridge_shared lags=336 horizon=48 retrieval=instance_euclidean_3_online run=/home/h61084/codes/adapts/outputs/adaptation/screen/Traffic/336_48/chronos2/y_ridge_shared/instance/euclidean/3/online/run_0
2026-08-14T04:15:41+02:00 skip complete family=baselines dataset=Traffic model=chronos2 formula=cov_y_ridge_shared lags=336 horizon=48 retrieval=instance_euclidean_3_online run=/home/h61084/codes/adapts/outputs/adaptation/screen/Traffic/336_48/chronos2/cov_y_ridge_shared/instance/euclidean/3/online/run_0
2026-08-14T04:15:41+02:00 skip complete family=baselines dataset=Traffic model=chronos2 formula=cov_avgy_ridge_shared lags=336 horizon=48 retrieval=instance_euclidean_3_online run=/home/h61084/codes/adapts/outputs/adaptation/screen/Traffic/336_48/chronos2/cov_avgy_ridge_shared/instance/euclidean/3/online/run_0
2026-08-14T04:15:41+02:00 skip complete family=baselines dataset=Traffic model=chronos2 formula=residual_ridge_shared lags=336 horizon=48 retrieval=instance_euclidean_3_online run=/home/h61084/codes/adapts/outputs/adaptation/screen/Traffic/336_48/chronos2/residual_ridge_shared/instance/euclidean/3/online/run_0
2026-08-14T04:15:42+02:00 skip complete family=baselines dataset=Traffic model=chronos2 formula=full_ridge_shared lags=336 horizon=48 retrieval=instance_euclidean_3_online run=/home/h61084/codes/adapts/outputs/adaptation/screen/Traffic/336_48/chronos2/full_ridge_shared/instance/euclidean/3/online/run_0
2026-08-14 04:15:44,734 INFO [__main__] extraction validation directory=/home/h61084/codes/adapts/outputs/extraction/Traffic/504_168/chronos2/raw/euclidean/1/online/run_1 status=complete
2026-08-14T04:15:45+02:00 skip complete family=baselines dataset=Traffic model=chronos2 formula=cov_forecast lags=504 horizon=168 retrieval=raw_euclidean_1_online run=/home/h61084/codes/adapts/outputs/adaptation/screen/Traffic/504_168/chronos2/cov_forecast/raw/euclidean/1/online/run_0
2026-08-14T04:15:45+02:00 skip complete family=baselines dataset=Traffic model=chronos2 formula=avgy lags=504 horizon=168 retrieval=raw_euclidean_1_online run=/home/h61084/codes/adapts/outputs/adaptation/screen/Traffic/504_168/chronos2/avgy/raw/euclidean/1/online/run_0
2026-08-14T04:15:45+02:00 skip complete family=baselines dataset=Traffic model=chronos2 formula=y_mean lags=504 horizon=168 retrieval=raw_euclidean_1_online run=/home/h61084/codes/adapts/outputs/adaptation/screen/Traffic/504_168/chronos2/y_mean/raw/euclidean/1/online/run_0
2026-08-14T04:15:45+02:00 skip complete family=baselines dataset=Traffic model=chronos2 formula=cov_ridge_shared lags=504 horizon=168 retrieval=raw_euclidean_1_online run=/home/h61084/codes/adapts/outputs/adaptation/screen/Traffic/504_168/chronos2/cov_ridge_shared/raw/euclidean/1/online/run_0
2026-08-14T04:15:45+02:00 skip complete family=baselines dataset=Traffic model=chronos2 formula=avgy_ridge_shared lags=504 horizon=168 retrieval=raw_euclidean_1_online run=/home/h61084/codes/adapts/outputs/adaptation/screen/Traffic/504_168/chronos2/avgy_ridge_shared/raw/euclidean/1/online/run_0
2026-08-14T04:15:45+02:00 skip complete family=baselines dataset=Traffic model=chronos2 formula=y_ridge_shared lags=504 horizon=168 retrieval=raw_euclidean_1_online run=/home/h61084/codes/adapts/outputs/adaptation/screen/Traffic/504_168/chronos2/y_ridge_shared/raw/euclidean/1/online/run_0
2026-08-14T04:15:45+02:00 skip complete family=baselines dataset=Traffic model=chronos2 formula=cov_y_ridge_shared lags=504 horizon=168 retrieval=raw_euclidean_1_online run=/home/h61084/codes/adapts/outputs/adaptation/screen/Traffic/504_168/chronos2/cov_y_ridge_shared/raw/euclidean/1/online/run_0
2026-08-14T04:15:45+02:00 skip complete family=baselines dataset=Traffic model=chronos2 formula=cov_avgy_ridge_shared lags=504 horizon=168 retrieval=raw_euclidean_1_online run=/home/h61084/codes/adapts/outputs/adaptation/screen/Traffic/504_168/chronos2/cov_avgy_ridge_shared/raw/euclidean/1/online/run_0
2026-08-14T04:15:45+02:00 skip complete family=baselines dataset=Traffic model=chronos2 formula=residual_ridge_shared lags=504 horizon=168 retrieval=raw_euclidean_1_online run=/home/h61084/codes/adapts/outputs/adaptation/screen/Traffic/504_168/chronos2/residual_ridge_shared/raw/euclidean/1/online/run_0
2026-08-14T04:15:45+02:00 skip complete family=baselines dataset=Traffic model=chronos2 formula=full_ridge_shared lags=504 horizon=168 retrieval=raw_euclidean_1_online run=/home/h61084/codes/adapts/outputs/adaptation/screen/Traffic/504_168/chronos2/full_ridge_shared/raw/euclidean/1/online/run_0
2026-08-14 04:15:48,474 INFO [__main__] extraction validation directory=/home/h61084/codes/adapts/outputs/extraction/Traffic/504_168/chronos2/raw/euclidean/3/online/run_1 status=complete
2026-08-14T04:15:48+02:00 skip complete family=baselines dataset=Traffic model=chronos2 formula=cov_forecast lags=504 horizon=168 retrieval=raw_euclidean_3_online run=/home/h61084/codes/adapts/outputs/adaptation/screen/Traffic/504_168/chronos2/cov_forecast/raw/euclidean/3/online/run_0
2026-08-14T04:15:48+02:00 skip complete family=baselines dataset=Traffic model=chronos2 formula=avgy lags=504 horizon=168 retrieval=raw_euclidean_3_online run=/home/h61084/codes/adapts/outputs/adaptation/screen/Traffic/504_168/chronos2/avgy/raw/euclidean/3/online/run_0
2026-08-14T04:15:49+02:00 skip complete family=baselines dataset=Traffic model=chronos2 formula=y_mean lags=504 horizon=168 retrieval=raw_euclidean_3_online run=/home/h61084/codes/adapts/outputs/adaptation/screen/Traffic/504_168/chronos2/y_mean/raw/euclidean/3/online/run_0
2026-08-14T04:15:49+02:00 skip complete family=baselines dataset=Traffic model=chronos2 formula=cov_ridge_shared lags=504 horizon=168 retrieval=raw_euclidean_3_online run=/home/h61084/codes/adapts/outputs/adaptation/screen/Traffic/504_168/chronos2/cov_ridge_shared/raw/euclidean/3/online/run_0
2026-08-14T04:15:49+02:00 skip complete family=baselines dataset=Traffic model=chronos2 formula=avgy_ridge_shared lags=504 horizon=168 retrieval=raw_euclidean_3_online run=/home/h61084/codes/adapts/outputs/adaptation/screen/Traffic/504_168/chronos2/avgy_ridge_shared/raw/euclidean/3/online/run_0
2026-08-14T04:15:49+02:00 skip complete family=baselines dataset=Traffic model=chronos2 formula=y_ridge_shared lags=504 horizon=168 retrieval=raw_euclidean_3_online run=/home/h61084/codes/adapts/outputs/adaptation/screen/Traffic/504_168/chronos2/y_ridge_shared/raw/euclidean/3/online/run_0
2026-08-14T04:15:49+02:00 skip complete family=baselines dataset=Traffic model=chronos2 formula=cov_y_ridge_shared lags=504 horizon=168 retrieval=raw_euclidean_3_online run=/home/h61084/codes/adapts/outputs/adaptation/screen/Traffic/504_168/chronos2/cov_y_ridge_shared/raw/euclidean/3/online/run_0
2026-08-14T04:15:49+02:00 skip complete family=baselines dataset=Traffic model=chronos2 formula=cov_avgy_ridge_shared lags=504 horizon=168 retrieval=raw_euclidean_3_online run=/home/h61084/codes/adapts/outputs/adaptation/screen/Traffic/504_168/chronos2/cov_avgy_ridge_shared/raw/euclidean/3/online/run_0
2026-08-14T04:15:49+02:00 skip complete family=baselines dataset=Traffic model=chronos2 formula=residual_ridge_shared lags=504 horizon=168 retrieval=raw_euclidean_3_online run=/home/h61084/codes/adapts/outputs/adaptation/screen/Traffic/504_168/chronos2/residual_ridge_shared/raw/euclidean/3/online/run_0
2026-08-14T04:15:49+02:00 skip complete family=baselines dataset=Traffic model=chronos2 formula=full_ridge_shared lags=504 horizon=168 retrieval=raw_euclidean_3_online run=/home/h61084/codes/adapts/outputs/adaptation/screen/Traffic/504_168/chronos2/full_ridge_shared/raw/euclidean/3/online/run_0
2026-08-14 04:15:51,575 INFO [__main__] extraction validation directory=/home/h61084/codes/adapts/outputs/extraction/Traffic/504_168/chronos2/instance/euclidean/1/online/run_1 status=complete
2026-08-14T04:15:52+02:00 skip complete family=baselines dataset=Traffic model=chronos2 formula=cov_forecast lags=504 horizon=168 retrieval=instance_euclidean_1_online run=/home/h61084/codes/adapts/outputs/adaptation/screen/Traffic/504_168/chronos2/cov_forecast/instance/euclidean/1/online/run_0
2026-08-14T04:15:52+02:00 skip complete family=baselines dataset=Traffic model=chronos2 formula=avgy lags=504 horizon=168 retrieval=instance_euclidean_1_online run=/home/h61084/codes/adapts/outputs/adaptation/screen/Traffic/504_168/chronos2/avgy/instance/euclidean/1/online/run_0
2026-08-14T04:15:52+02:00 skip complete family=baselines dataset=Traffic model=chronos2 formula=y_mean lags=504 horizon=168 retrieval=instance_euclidean_1_online run=/home/h61084/codes/adapts/outputs/adaptation/screen/Traffic/504_168/chronos2/y_mean/instance/euclidean/1/online/run_0
2026-08-14T04:15:52+02:00 skip complete family=baselines dataset=Traffic model=chronos2 formula=cov_ridge_shared lags=504 horizon=168 retrieval=instance_euclidean_1_online run=/home/h61084/codes/adapts/outputs/adaptation/screen/Traffic/504_168/chronos2/cov_ridge_shared/instance/euclidean/1/online/run_0
2026-08-14T04:15:52+02:00 skip complete family=baselines dataset=Traffic model=chronos2 formula=avgy_ridge_shared lags=504 horizon=168 retrieval=instance_euclidean_1_online run=/home/h61084/codes/adapts/outputs/adaptation/screen/Traffic/504_168/chronos2/avgy_ridge_shared/instance/euclidean/1/online/run_0
2026-08-14T04:15:52+02:00 skip complete family=baselines dataset=Traffic model=chronos2 formula=y_ridge_shared lags=504 horizon=168 retrieval=instance_euclidean_1_online run=/home/h61084/codes/adapts/outputs/adaptation/screen/Traffic/504_168/chronos2/y_ridge_shared/instance/euclidean/1/online/run_0
2026-08-14T04:15:52+02:00 skip complete family=baselines dataset=Traffic model=chronos2 formula=cov_y_ridge_shared lags=504 horizon=168 retrieval=instance_euclidean_1_online run=/home/h61084/codes/adapts/outputs/adaptation/screen/Traffic/504_168/chronos2/cov_y_ridge_shared/instance/euclidean/1/online/run_0
2026-08-14T04:15:52+02:00 skip complete family=baselines dataset=Traffic model=chronos2 formula=cov_avgy_ridge_shared lags=504 horizon=168 retrieval=instance_euclidean_1_online run=/home/h61084/codes/adapts/outputs/adaptation/screen/Traffic/504_168/chronos2/cov_avgy_ridge_shared/instance/euclidean/1/online/run_0
2026-08-14T04:15:52+02:00 skip complete family=baselines dataset=Traffic model=chronos2 formula=residual_ridge_shared lags=504 horizon=168 retrieval=instance_euclidean_1_online run=/home/h61084/codes/adapts/outputs/adaptation/screen/Traffic/504_168/chronos2/residual_ridge_shared/instance/euclidean/1/online/run_0
2026-08-14T04:15:52+02:00 skip complete family=baselines dataset=Traffic model=chronos2 formula=full_ridge_shared lags=504 horizon=168 retrieval=instance_euclidean_1_online run=/home/h61084/codes/adapts/outputs/adaptation/screen/Traffic/504_168/chronos2/full_ridge_shared/instance/euclidean/1/online/run_0
2026-08-14 04:15:55,017 INFO [__main__] extraction validation directory=/home/h61084/codes/adapts/outputs/extraction/Traffic/504_168/chronos2/instance/euclidean/3/online/run_1 status=complete
2026-08-14T04:15:55+02:00 skip complete family=baselines dataset=Traffic model=chronos2 formula=cov_forecast lags=504 horizon=168 retrieval=instance_euclidean_3_online run=/home/h61084/codes/adapts/outputs/adaptation/screen/Traffic/504_168/chronos2/cov_forecast/instance/euclidean/3/online/run_0
2026-08-14T04:15:55+02:00 skip complete family=baselines dataset=Traffic model=chronos2 formula=avgy lags=504 horizon=168 retrieval=instance_euclidean_3_online run=/home/h61084/codes/adapts/outputs/adaptation/screen/Traffic/504_168/chronos2/avgy/instance/euclidean/3/online/run_0
2026-08-14T04:15:55+02:00 skip complete family=baselines dataset=Traffic model=chronos2 formula=y_mean lags=504 horizon=168 retrieval=instance_euclidean_3_online run=/home/h61084/codes/adapts/outputs/adaptation/screen/Traffic/504_168/chronos2/y_mean/instance/euclidean/3/online/run_0
2026-08-14T04:15:55+02:00 skip complete family=baselines dataset=Traffic model=chronos2 formula=cov_ridge_shared lags=504 horizon=168 retrieval=instance_euclidean_3_online run=/home/h61084/codes/adapts/outputs/adaptation/screen/Traffic/504_168/chronos2/cov_ridge_shared/instance/euclidean/3/online/run_0
2026-08-14T04:15:55+02:00 skip complete family=baselines dataset=Traffic model=chronos2 formula=avgy_ridge_shared lags=504 horizon=168 retrieval=instance_euclidean_3_online run=/home/h61084/codes/adapts/outputs/adaptation/screen/Traffic/504_168/chronos2/avgy_ridge_shared/instance/euclidean/3/online/run_0
2026-08-14T04:15:55+02:00 skip complete family=baselines dataset=Traffic model=chronos2 formula=y_ridge_shared lags=504 horizon=168 retrieval=instance_euclidean_3_online run=/home/h61084/codes/adapts/outputs/adaptation/screen/Traffic/504_168/chronos2/y_ridge_shared/instance/euclidean/3/online/run_0
2026-08-14T04:15:55+02:00 skip complete family=baselines dataset=Traffic model=chronos2 formula=cov_y_ridge_shared lags=504 horizon=168 retrieval=instance_euclidean_3_online run=/home/h61084/codes/adapts/outputs/adaptation/screen/Traffic/504_168/chronos2/cov_y_ridge_shared/instance/euclidean/3/online/run_0
2026-08-14T04:15:55+02:00 skip complete family=baselines dataset=Traffic model=chronos2 formula=cov_avgy_ridge_shared lags=504 horizon=168 retrieval=instance_euclidean_3_online run=/home/h61084/codes/adapts/outputs/adaptation/screen/Traffic/504_168/chronos2/cov_avgy_ridge_shared/instance/euclidean/3/online/run_0
2026-08-14T04:15:55+02:00 skip complete family=baselines dataset=Traffic model=chronos2 formula=residual_ridge_shared lags=504 horizon=168 retrieval=instance_euclidean_3_online run=/home/h61084/codes/adapts/outputs/adaptation/screen/Traffic/504_168/chronos2/residual_ridge_shared/instance/euclidean/3/online/run_0
2026-08-14T04:15:56+02:00 skip complete family=baselines dataset=Traffic model=chronos2 formula=full_ridge_shared lags=504 horizon=168 retrieval=instance_euclidean_3_online run=/home/h61084/codes/adapts/outputs/adaptation/screen/Traffic/504_168/chronos2/full_ridge_shared/instance/euclidean/3/online/run_0
2026-08-14 04:15:58,408 INFO [__main__] extraction validation directory=/home/h61084/codes/adapts/outputs/extraction/Solar/168_24/chronos2/raw/euclidean/1/online/run_1 status=complete
2026-08-14T04:15:58+02:00 skip complete family=baselines dataset=Solar model=chronos2 formula=cov_forecast lags=168 horizon=24 retrieval=raw_euclidean_1_online run=/home/h61084/codes/adapts/outputs/adaptation/screen/Solar/168_24/chronos2/cov_forecast/raw/euclidean/1/online/run_0
2026-08-14T04:15:58+02:00 skip complete family=baselines dataset=Solar model=chronos2 formula=avgy lags=168 horizon=24 retrieval=raw_euclidean_1_online run=/home/h61084/codes/adapts/outputs/adaptation/screen/Solar/168_24/chronos2/avgy/raw/euclidean/1/online/run_0
2026-08-14T04:15:59+02:00 skip complete family=baselines dataset=Solar model=chronos2 formula=y_mean lags=168 horizon=24 retrieval=raw_euclidean_1_online run=/home/h61084/codes/adapts/outputs/adaptation/screen/Solar/168_24/chronos2/y_mean/raw/euclidean/1/online/run_0
2026-08-14T04:15:59+02:00 skip complete family=baselines dataset=Solar model=chronos2 formula=cov_ridge_shared lags=168 horizon=24 retrieval=raw_euclidean_1_online run=/home/h61084/codes/adapts/outputs/adaptation/screen/Solar/168_24/chronos2/cov_ridge_shared/raw/euclidean/1/online/run_0
2026-08-14T04:15:59+02:00 skip complete family=baselines dataset=Solar model=chronos2 formula=avgy_ridge_shared lags=168 horizon=24 retrieval=raw_euclidean_1_online run=/home/h61084/codes/adapts/outputs/adaptation/screen/Solar/168_24/chronos2/avgy_ridge_shared/raw/euclidean/1/online/run_0
2026-08-14T04:15:59+02:00 skip complete family=baselines dataset=Solar model=chronos2 formula=y_ridge_shared lags=168 horizon=24 retrieval=raw_euclidean_1_online run=/home/h61084/codes/adapts/outputs/adaptation/screen/Solar/168_24/chronos2/y_ridge_shared/raw/euclidean/1/online/run_0
2026-08-14T04:15:59+02:00 skip complete family=baselines dataset=Solar model=chronos2 formula=cov_y_ridge_shared lags=168 horizon=24 retrieval=raw_euclidean_1_online run=/home/h61084/codes/adapts/outputs/adaptation/screen/Solar/168_24/chronos2/cov_y_ridge_shared/raw/euclidean/1/online/run_0
2026-08-14T04:15:59+02:00 skip complete family=baselines dataset=Solar model=chronos2 formula=cov_avgy_ridge_shared lags=168 horizon=24 retrieval=raw_euclidean_1_online run=/home/h61084/codes/adapts/outputs/adaptation/screen/Solar/168_24/chronos2/cov_avgy_ridge_shared/raw/euclidean/1/online/run_0
2026-08-14T04:15:59+02:00 skip complete family=baselines dataset=Solar model=chronos2 formula=residual_ridge_shared lags=168 horizon=24 retrieval=raw_euclidean_1_online run=/home/h61084/codes/adapts/outputs/adaptation/screen/Solar/168_24/chronos2/residual_ridge_shared/raw/euclidean/1/online/run_0
2026-08-14T04:15:59+02:00 skip complete family=baselines dataset=Solar model=chronos2 formula=full_ridge_shared lags=168 horizon=24 retrieval=raw_euclidean_1_online run=/home/h61084/codes/adapts/outputs/adaptation/screen/Solar/168_24/chronos2/full_ridge_shared/raw/euclidean/1/online/run_0
2026-08-14 04:16:01,720 INFO [__main__] extraction validation directory=/home/h61084/codes/adapts/outputs/extraction/Solar/168_24/chronos2/raw/euclidean/3/online/run_1 status=complete
2026-08-14T04:16:02+02:00 skip complete family=baselines dataset=Solar model=chronos2 formula=cov_forecast lags=168 horizon=24 retrieval=raw_euclidean_3_online run=/home/h61084/codes/adapts/outputs/adaptation/screen/Solar/168_24/chronos2/cov_forecast/raw/euclidean/3/online/run_0
2026-08-14T04:16:02+02:00 skip complete family=baselines dataset=Solar model=chronos2 formula=avgy lags=168 horizon=24 retrieval=raw_euclidean_3_online run=/home/h61084/codes/adapts/outputs/adaptation/screen/Solar/168_24/chronos2/avgy/raw/euclidean/3/online/run_0
2026-08-14T04:16:02+02:00 skip complete family=baselines dataset=Solar model=chronos2 formula=y_mean lags=168 horizon=24 retrieval=raw_euclidean_3_online run=/home/h61084/codes/adapts/outputs/adaptation/screen/Solar/168_24/chronos2/y_mean/raw/euclidean/3/online/run_0
2026-08-14T04:16:02+02:00 skip complete family=baselines dataset=Solar model=chronos2 formula=cov_ridge_shared lags=168 horizon=24 retrieval=raw_euclidean_3_online run=/home/h61084/codes/adapts/outputs/adaptation/screen/Solar/168_24/chronos2/cov_ridge_shared/raw/euclidean/3/online/run_0
2026-08-14T04:16:02+02:00 skip complete family=baselines dataset=Solar model=chronos2 formula=avgy_ridge_shared lags=168 horizon=24 retrieval=raw_euclidean_3_online run=/home/h61084/codes/adapts/outputs/adaptation/screen/Solar/168_24/chronos2/avgy_ridge_shared/raw/euclidean/3/online/run_0
2026-08-14T04:16:02+02:00 skip complete family=baselines dataset=Solar model=chronos2 formula=y_ridge_shared lags=168 horizon=24 retrieval=raw_euclidean_3_online run=/home/h61084/codes/adapts/outputs/adaptation/screen/Solar/168_24/chronos2/y_ridge_shared/raw/euclidean/3/online/run_0
2026-08-14T04:16:02+02:00 skip complete family=baselines dataset=Solar model=chronos2 formula=cov_y_ridge_shared lags=168 horizon=24 retrieval=raw_euclidean_3_online run=/home/h61084/codes/adapts/outputs/adaptation/screen/Solar/168_24/chronos2/cov_y_ridge_shared/raw/euclidean/3/online/run_0
2026-08-14T04:16:02+02:00 skip complete family=baselines dataset=Solar model=chronos2 formula=cov_avgy_ridge_shared lags=168 horizon=24 retrieval=raw_euclidean_3_online run=/home/h61084/codes/adapts/outputs/adaptation/screen/Solar/168_24/chronos2/cov_avgy_ridge_shared/raw/euclidean/3/online/run_0
2026-08-14T04:16:02+02:00 skip complete family=baselines dataset=Solar model=chronos2 formula=residual_ridge_shared lags=168 horizon=24 retrieval=raw_euclidean_3_online run=/home/h61084/codes/adapts/outputs/adaptation/screen/Solar/168_24/chronos2/residual_ridge_shared/raw/euclidean/3/online/run_0
2026-08-14T04:16:02+02:00 skip complete family=baselines dataset=Solar model=chronos2 formula=full_ridge_shared lags=168 horizon=24 retrieval=raw_euclidean_3_online run=/home/h61084/codes/adapts/outputs/adaptation/screen/Solar/168_24/chronos2/full_ridge_shared/raw/euclidean/3/online/run_0
2026-08-14 04:16:04,912 INFO [__main__] extraction validation directory=/home/h61084/codes/adapts/outputs/extraction/Solar/168_24/chronos2/instance/euclidean/1/online/run_1 status=complete
2026-08-14T04:16:05+02:00 skip complete family=baselines dataset=Solar model=chronos2 formula=cov_forecast lags=168 horizon=24 retrieval=instance_euclidean_1_online run=/home/h61084/codes/adapts/outputs/adaptation/screen/Solar/168_24/chronos2/cov_forecast/instance/euclidean/1/online/run_0
2026-08-14T04:16:05+02:00 skip complete family=baselines dataset=Solar model=chronos2 formula=avgy lags=168 horizon=24 retrieval=instance_euclidean_1_online run=/home/h61084/codes/adapts/outputs/adaptation/screen/Solar/168_24/chronos2/avgy/instance/euclidean/1/online/run_0
2026-08-14T04:16:05+02:00 skip complete family=baselines dataset=Solar model=chronos2 formula=y_mean lags=168 horizon=24 retrieval=instance_euclidean_1_online run=/home/h61084/codes/adapts/outputs/adaptation/screen/Solar/168_24/chronos2/y_mean/instance/euclidean/1/online/run_0
2026-08-14T04:16:05+02:00 skip complete family=baselines dataset=Solar model=chronos2 formula=cov_ridge_shared lags=168 horizon=24 retrieval=instance_euclidean_1_online run=/home/h61084/codes/adapts/outputs/adaptation/screen/Solar/168_24/chronos2/cov_ridge_shared/instance/euclidean/1/online/run_0
2026-08-14T04:16:05+02:00 skip complete family=baselines dataset=Solar model=chronos2 formula=avgy_ridge_shared lags=168 horizon=24 retrieval=instance_euclidean_1_online run=/home/h61084/codes/adapts/outputs/adaptation/screen/Solar/168_24/chronos2/avgy_ridge_shared/instance/euclidean/1/online/run_0
2026-08-14T04:16:05+02:00 skip complete family=baselines dataset=Solar model=chronos2 formula=y_ridge_shared lags=168 horizon=24 retrieval=instance_euclidean_1_online run=/home/h61084/codes/adapts/outputs/adaptation/screen/Solar/168_24/chronos2/y_ridge_shared/instance/euclidean/1/online/run_0
2026-08-14T04:16:05+02:00 skip complete family=baselines dataset=Solar model=chronos2 formula=cov_y_ridge_shared lags=168 horizon=24 retrieval=instance_euclidean_1_online run=/home/h61084/codes/adapts/outputs/adaptation/screen/Solar/168_24/chronos2/cov_y_ridge_shared/instance/euclidean/1/online/run_0
2026-08-14T04:16:05+02:00 skip complete family=baselines dataset=Solar model=chronos2 formula=cov_avgy_ridge_shared lags=168 horizon=24 retrieval=instance_euclidean_1_online run=/home/h61084/codes/adapts/outputs/adaptation/screen/Solar/168_24/chronos2/cov_avgy_ridge_shared/instance/euclidean/1/online/run_0
2026-08-14T04:16:05+02:00 skip complete family=baselines dataset=Solar model=chronos2 formula=residual_ridge_shared lags=168 horizon=24 retrieval=instance_euclidean_1_online run=/home/h61084/codes/adapts/outputs/adaptation/screen/Solar/168_24/chronos2/residual_ridge_shared/instance/euclidean/1/online/run_0
2026-08-14T04:16:05+02:00 skip complete family=baselines dataset=Solar model=chronos2 formula=full_ridge_shared lags=168 horizon=24 retrieval=instance_euclidean_1_online run=/home/h61084/codes/adapts/outputs/adaptation/screen/Solar/168_24/chronos2/full_ridge_shared/instance/euclidean/1/online/run_0
2026-08-14 04:16:08,033 INFO [__main__] extraction validation directory=/home/h61084/codes/adapts/outputs/extraction/Solar/168_24/chronos2/instance/euclidean/3/online/run_1 status=complete
2026-08-14T04:16:08+02:00 skip complete family=baselines dataset=Solar model=chronos2 formula=cov_forecast lags=168 horizon=24 retrieval=instance_euclidean_3_online run=/home/h61084/codes/adapts/outputs/adaptation/screen/Solar/168_24/chronos2/cov_forecast/instance/euclidean/3/online/run_0
2026-08-14T04:16:08+02:00 skip complete family=baselines dataset=Solar model=chronos2 formula=avgy lags=168 horizon=24 retrieval=instance_euclidean_3_online run=/home/h61084/codes/adapts/outputs/adaptation/screen/Solar/168_24/chronos2/avgy/instance/euclidean/3/online/run_0
2026-08-14T04:16:08+02:00 skip complete family=baselines dataset=Solar model=chronos2 formula=y_mean lags=168 horizon=24 retrieval=instance_euclidean_3_online run=/home/h61084/codes/adapts/outputs/adaptation/screen/Solar/168_24/chronos2/y_mean/instance/euclidean/3/online/run_0
2026-08-14T04:16:08+02:00 skip complete family=baselines dataset=Solar model=chronos2 formula=cov_ridge_shared lags=168 horizon=24 retrieval=instance_euclidean_3_online run=/home/h61084/codes/adapts/outputs/adaptation/screen/Solar/168_24/chronos2/cov_ridge_shared/instance/euclidean/3/online/run_0
2026-08-14T04:16:08+02:00 skip complete family=baselines dataset=Solar model=chronos2 formula=avgy_ridge_shared lags=168 horizon=24 retrieval=instance_euclidean_3_online run=/home/h61084/codes/adapts/outputs/adaptation/screen/Solar/168_24/chronos2/avgy_ridge_shared/instance/euclidean/3/online/run_0
2026-08-14T04:16:08+02:00 skip complete family=baselines dataset=Solar model=chronos2 formula=y_ridge_shared lags=168 horizon=24 retrieval=instance_euclidean_3_online run=/home/h61084/codes/adapts/outputs/adaptation/screen/Solar/168_24/chronos2/y_ridge_shared/instance/euclidean/3/online/run_0
2026-08-14T04:16:08+02:00 skip complete family=baselines dataset=Solar model=chronos2 formula=cov_y_ridge_shared lags=168 horizon=24 retrieval=instance_euclidean_3_online run=/home/h61084/codes/adapts/outputs/adaptation/screen/Solar/168_24/chronos2/cov_y_ridge_shared/instance/euclidean/3/online/run_0
2026-08-14T04:16:08+02:00 skip complete family=baselines dataset=Solar model=chronos2 formula=cov_avgy_ridge_shared lags=168 horizon=24 retrieval=instance_euclidean_3_online run=/home/h61084/codes/adapts/outputs/adaptation/screen/Solar/168_24/chronos2/cov_avgy_ridge_shared/instance/euclidean/3/online/run_0
2026-08-14T04:16:08+02:00 skip complete family=baselines dataset=Solar model=chronos2 formula=residual_ridge_shared lags=168 horizon=24 retrieval=instance_euclidean_3_online run=/home/h61084/codes/adapts/outputs/adaptation/screen/Solar/168_24/chronos2/residual_ridge_shared/instance/euclidean/3/online/run_0
2026-08-14T04:16:09+02:00 skip complete family=baselines dataset=Solar model=chronos2 formula=full_ridge_shared lags=168 horizon=24 retrieval=instance_euclidean_3_online run=/home/h61084/codes/adapts/outputs/adaptation/screen/Solar/168_24/chronos2/full_ridge_shared/instance/euclidean/3/online/run_0
2026-08-14 04:16:11,130 INFO [__main__] extraction validation directory=/home/h61084/codes/adapts/outputs/extraction/Solar/336_48/chronos2/raw/euclidean/1/online/run_1 status=complete
2026-08-14T04:16:11+02:00 skip complete family=baselines dataset=Solar model=chronos2 formula=cov_forecast lags=336 horizon=48 retrieval=raw_euclidean_1_online run=/home/h61084/codes/adapts/outputs/adaptation/screen/Solar/336_48/chronos2/cov_forecast/raw/euclidean/1/online/run_0
2026-08-14T04:16:11+02:00 skip complete family=baselines dataset=Solar model=chronos2 formula=avgy lags=336 horizon=48 retrieval=raw_euclidean_1_online run=/home/h61084/codes/adapts/outputs/adaptation/screen/Solar/336_48/chronos2/avgy/raw/euclidean/1/online/run_0
2026-08-14T04:16:11+02:00 skip complete family=baselines dataset=Solar model=chronos2 formula=y_mean lags=336 horizon=48 retrieval=raw_euclidean_1_online run=/home/h61084/codes/adapts/outputs/adaptation/screen/Solar/336_48/chronos2/y_mean/raw/euclidean/1/online/run_0
2026-08-14T04:16:11+02:00 skip complete family=baselines dataset=Solar model=chronos2 formula=cov_ridge_shared lags=336 horizon=48 retrieval=raw_euclidean_1_online run=/home/h61084/codes/adapts/outputs/adaptation/screen/Solar/336_48/chronos2/cov_ridge_shared/raw/euclidean/1/online/run_0
2026-08-14T04:16:11+02:00 skip complete family=baselines dataset=Solar model=chronos2 formula=avgy_ridge_shared lags=336 horizon=48 retrieval=raw_euclidean_1_online run=/home/h61084/codes/adapts/outputs/adaptation/screen/Solar/336_48/chronos2/avgy_ridge_shared/raw/euclidean/1/online/run_0
2026-08-14T04:16:11+02:00 skip complete family=baselines dataset=Solar model=chronos2 formula=y_ridge_shared lags=336 horizon=48 retrieval=raw_euclidean_1_online run=/home/h61084/codes/adapts/outputs/adaptation/screen/Solar/336_48/chronos2/y_ridge_shared/raw/euclidean/1/online/run_0
2026-08-14T04:16:12+02:00 skip complete family=baselines dataset=Solar model=chronos2 formula=cov_y_ridge_shared lags=336 horizon=48 retrieval=raw_euclidean_1_online run=/home/h61084/codes/adapts/outputs/adaptation/screen/Solar/336_48/chronos2/cov_y_ridge_shared/raw/euclidean/1/online/run_0
2026-08-14T04:16:12+02:00 skip complete family=baselines dataset=Solar model=chronos2 formula=cov_avgy_ridge_shared lags=336 horizon=48 retrieval=raw_euclidean_1_online run=/home/h61084/codes/adapts/outputs/adaptation/screen/Solar/336_48/chronos2/cov_avgy_ridge_shared/raw/euclidean/1/online/run_0
2026-08-14T04:16:12+02:00 skip complete family=baselines dataset=Solar model=chronos2 formula=residual_ridge_shared lags=336 horizon=48 retrieval=raw_euclidean_1_online run=/home/h61084/codes/adapts/outputs/adaptation/screen/Solar/336_48/chronos2/residual_ridge_shared/raw/euclidean/1/online/run_0
2026-08-14T04:16:12+02:00 skip complete family=baselines dataset=Solar model=chronos2 formula=full_ridge_shared lags=336 horizon=48 retrieval=raw_euclidean_1_online run=/home/h61084/codes/adapts/outputs/adaptation/screen/Solar/336_48/chronos2/full_ridge_shared/raw/euclidean/1/online/run_0
2026-08-14 04:16:14,345 INFO [__main__] extraction validation directory=/home/h61084/codes/adapts/outputs/extraction/Solar/336_48/chronos2/raw/euclidean/3/online/run_1 status=complete
2026-08-14T04:16:14+02:00 skip complete family=baselines dataset=Solar model=chronos2 formula=cov_forecast lags=336 horizon=48 retrieval=raw_euclidean_3_online run=/home/h61084/codes/adapts/outputs/adaptation/screen/Solar/336_48/chronos2/cov_forecast/raw/euclidean/3/online/run_0
2026-08-14T04:16:14+02:00 skip complete family=baselines dataset=Solar model=chronos2 formula=avgy lags=336 horizon=48 retrieval=raw_euclidean_3_online run=/home/h61084/codes/adapts/outputs/adaptation/screen/Solar/336_48/chronos2/avgy/raw/euclidean/3/online/run_0
2026-08-14T04:16:14+02:00 skip complete family=baselines dataset=Solar model=chronos2 formula=y_mean lags=336 horizon=48 retrieval=raw_euclidean_3_online run=/home/h61084/codes/adapts/outputs/adaptation/screen/Solar/336_48/chronos2/y_mean/raw/euclidean/3/online/run_0
2026-08-14T04:16:15+02:00 skip complete family=baselines dataset=Solar model=chronos2 formula=cov_ridge_shared lags=336 horizon=48 retrieval=raw_euclidean_3_online run=/home/h61084/codes/adapts/outputs/adaptation/screen/Solar/336_48/chronos2/cov_ridge_shared/raw/euclidean/3/online/run_0
2026-08-14T04:16:15+02:00 skip complete family=baselines dataset=Solar model=chronos2 formula=avgy_ridge_shared lags=336 horizon=48 retrieval=raw_euclidean_3_online run=/home/h61084/codes/adapts/outputs/adaptation/screen/Solar/336_48/chronos2/avgy_ridge_shared/raw/euclidean/3/online/run_0
2026-08-14T04:16:15+02:00 skip complete family=baselines dataset=Solar model=chronos2 formula=y_ridge_shared lags=336 horizon=48 retrieval=raw_euclidean_3_online run=/home/h61084/codes/adapts/outputs/adaptation/screen/Solar/336_48/chronos2/y_ridge_shared/raw/euclidean/3/online/run_0
2026-08-14T04:16:15+02:00 skip complete family=baselines dataset=Solar model=chronos2 formula=cov_y_ridge_shared lags=336 horizon=48 retrieval=raw_euclidean_3_online run=/home/h61084/codes/adapts/outputs/adaptation/screen/Solar/336_48/chronos2/cov_y_ridge_shared/raw/euclidean/3/online/run_0
2026-08-14T04:16:15+02:00 skip complete family=baselines dataset=Solar model=chronos2 formula=cov_avgy_ridge_shared lags=336 horizon=48 retrieval=raw_euclidean_3_online run=/home/h61084/codes/adapts/outputs/adaptation/screen/Solar/336_48/chronos2/cov_avgy_ridge_shared/raw/euclidean/3/online/run_0
2026-08-14T04:16:15+02:00 skip complete family=baselines dataset=Solar model=chronos2 formula=residual_ridge_shared lags=336 horizon=48 retrieval=raw_euclidean_3_online run=/home/h61084/codes/adapts/outputs/adaptation/screen/Solar/336_48/chronos2/residual_ridge_shared/raw/euclidean/3/online/run_0
2026-08-14T04:16:15+02:00 skip complete family=baselines dataset=Solar model=chronos2 formula=full_ridge_shared lags=336 horizon=48 retrieval=raw_euclidean_3_online run=/home/h61084/codes/adapts/outputs/adaptation/screen/Solar/336_48/chronos2/full_ridge_shared/raw/euclidean/3/online/run_0
2026-08-14 04:16:17,512 INFO [__main__] extraction validation directory=/home/h61084/codes/adapts/outputs/extraction/Solar/336_48/chronos2/instance/euclidean/1/online/run_1 status=complete
2026-08-14T04:16:17+02:00 skip complete family=baselines dataset=Solar model=chronos2 formula=cov_forecast lags=336 horizon=48 retrieval=instance_euclidean_1_online run=/home/h61084/codes/adapts/outputs/adaptation/screen/Solar/336_48/chronos2/cov_forecast/instance/euclidean/1/online/run_0
2026-08-14T04:16:18+02:00 skip complete family=baselines dataset=Solar model=chronos2 formula=avgy lags=336 horizon=48 retrieval=instance_euclidean_1_online run=/home/h61084/codes/adapts/outputs/adaptation/screen/Solar/336_48/chronos2/avgy/instance/euclidean/1/online/run_0
2026-08-14T04:16:18+02:00 skip complete family=baselines dataset=Solar model=chronos2 formula=y_mean lags=336 horizon=48 retrieval=instance_euclidean_1_online run=/home/h61084/codes/adapts/outputs/adaptation/screen/Solar/336_48/chronos2/y_mean/instance/euclidean/1/online/run_0
2026-08-14T04:16:18+02:00 skip complete family=baselines dataset=Solar model=chronos2 formula=cov_ridge_shared lags=336 horizon=48 retrieval=instance_euclidean_1_online run=/home/h61084/codes/adapts/outputs/adaptation/screen/Solar/336_48/chronos2/cov_ridge_shared/instance/euclidean/1/online/run_0
2026-08-14T04:16:18+02:00 skip complete family=baselines dataset=Solar model=chronos2 formula=avgy_ridge_shared lags=336 horizon=48 retrieval=instance_euclidean_1_online run=/home/h61084/codes/adapts/outputs/adaptation/screen/Solar/336_48/chronos2/avgy_ridge_shared/instance/euclidean/1/online/run_0
2026-08-14T04:16:18+02:00 skip complete family=baselines dataset=Solar model=chronos2 formula=y_ridge_shared lags=336 horizon=48 retrieval=instance_euclidean_1_online run=/home/h61084/codes/adapts/outputs/adaptation/screen/Solar/336_48/chronos2/y_ridge_shared/instance/euclidean/1/online/run_0
2026-08-14T04:16:18+02:00 skip complete family=baselines dataset=Solar model=chronos2 formula=cov_y_ridge_shared lags=336 horizon=48 retrieval=instance_euclidean_1_online run=/home/h61084/codes/adapts/outputs/adaptation/screen/Solar/336_48/chronos2/cov_y_ridge_shared/instance/euclidean/1/online/run_0
2026-08-14T04:16:18+02:00 skip complete family=baselines dataset=Solar model=chronos2 formula=cov_avgy_ridge_shared lags=336 horizon=48 retrieval=instance_euclidean_1_online run=/home/h61084/codes/adapts/outputs/adaptation/screen/Solar/336_48/chronos2/cov_avgy_ridge_shared/instance/euclidean/1/online/run_0
2026-08-14T04:16:18+02:00 skip complete family=baselines dataset=Solar model=chronos2 formula=residual_ridge_shared lags=336 horizon=48 retrieval=instance_euclidean_1_online run=/home/h61084/codes/adapts/outputs/adaptation/screen/Solar/336_48/chronos2/residual_ridge_shared/instance/euclidean/1/online/run_0
2026-08-14T04:16:18+02:00 skip complete family=baselines dataset=Solar model=chronos2 formula=full_ridge_shared lags=336 horizon=48 retrieval=instance_euclidean_1_online run=/home/h61084/codes/adapts/outputs/adaptation/screen/Solar/336_48/chronos2/full_ridge_shared/instance/euclidean/1/online/run_0
2026-08-14 04:16:20,668 INFO [__main__] extraction validation directory=/home/h61084/codes/adapts/outputs/extraction/Solar/336_48/chronos2/instance/euclidean/3/online/run_1 status=complete
2026-08-14T04:16:21+02:00 skip complete family=baselines dataset=Solar model=chronos2 formula=cov_forecast lags=336 horizon=48 retrieval=instance_euclidean_3_online run=/home/h61084/codes/adapts/outputs/adaptation/screen/Solar/336_48/chronos2/cov_forecast/instance/euclidean/3/online/run_0
2026-08-14T04:16:21+02:00 skip complete family=baselines dataset=Solar model=chronos2 formula=avgy lags=336 horizon=48 retrieval=instance_euclidean_3_online run=/home/h61084/codes/adapts/outputs/adaptation/screen/Solar/336_48/chronos2/avgy/instance/euclidean/3/online/run_0
2026-08-14T04:16:21+02:00 skip complete family=baselines dataset=Solar model=chronos2 formula=y_mean lags=336 horizon=48 retrieval=instance_euclidean_3_online run=/home/h61084/codes/adapts/outputs/adaptation/screen/Solar/336_48/chronos2/y_mean/instance/euclidean/3/online/run_0
2026-08-14T04:16:21+02:00 skip complete family=baselines dataset=Solar model=chronos2 formula=cov_ridge_shared lags=336 horizon=48 retrieval=instance_euclidean_3_online run=/home/h61084/codes/adapts/outputs/adaptation/screen/Solar/336_48/chronos2/cov_ridge_shared/instance/euclidean/3/online/run_0
2026-08-14T04:16:21+02:00 skip complete family=baselines dataset=Solar model=chronos2 formula=avgy_ridge_shared lags=336 horizon=48 retrieval=instance_euclidean_3_online run=/home/h61084/codes/adapts/outputs/adaptation/screen/Solar/336_48/chronos2/avgy_ridge_shared/instance/euclidean/3/online/run_0
2026-08-14T04:16:21+02:00 skip complete family=baselines dataset=Solar model=chronos2 formula=y_ridge_shared lags=336 horizon=48 retrieval=instance_euclidean_3_online run=/home/h61084/codes/adapts/outputs/adaptation/screen/Solar/336_48/chronos2/y_ridge_shared/instance/euclidean/3/online/run_0
2026-08-14T04:16:21+02:00 skip complete family=baselines dataset=Solar model=chronos2 formula=cov_y_ridge_shared lags=336 horizon=48 retrieval=instance_euclidean_3_online run=/home/h61084/codes/adapts/outputs/adaptation/screen/Solar/336_48/chronos2/cov_y_ridge_shared/instance/euclidean/3/online/run_0
2026-08-14T04:16:21+02:00 skip complete family=baselines dataset=Solar model=chronos2 formula=cov_avgy_ridge_shared lags=336 horizon=48 retrieval=instance_euclidean_3_online run=/home/h61084/codes/adapts/outputs/adaptation/screen/Solar/336_48/chronos2/cov_avgy_ridge_shared/instance/euclidean/3/online/run_0
2026-08-14T04:16:21+02:00 skip complete family=baselines dataset=Solar model=chronos2 formula=residual_ridge_shared lags=336 horizon=48 retrieval=instance_euclidean_3_online run=/home/h61084/codes/adapts/outputs/adaptation/screen/Solar/336_48/chronos2/residual_ridge_shared/instance/euclidean/3/online/run_0
2026-08-14T04:16:21+02:00 skip complete family=baselines dataset=Solar model=chronos2 formula=full_ridge_shared lags=336 horizon=48 retrieval=instance_euclidean_3_online run=/home/h61084/codes/adapts/outputs/adaptation/screen/Solar/336_48/chronos2/full_ridge_shared/instance/euclidean/3/online/run_0
2026-08-14 04:16:23,804 INFO [__main__] extraction validation directory=/home/h61084/codes/adapts/outputs/extraction/Solar/504_168/chronos2/raw/euclidean/1/online/run_1 status=complete
2026-08-14T04:16:24+02:00 skip complete family=baselines dataset=Solar model=chronos2 formula=cov_forecast lags=504 horizon=168 retrieval=raw_euclidean_1_online run=/home/h61084/codes/adapts/outputs/adaptation/screen/Solar/504_168/chronos2/cov_forecast/raw/euclidean/1/online/run_0
2026-08-14T04:16:24+02:00 skip complete family=baselines dataset=Solar model=chronos2 formula=avgy lags=504 horizon=168 retrieval=raw_euclidean_1_online run=/home/h61084/codes/adapts/outputs/adaptation/screen/Solar/504_168/chronos2/avgy/raw/euclidean/1/online/run_0
2026-08-14T04:16:24+02:00 skip complete family=baselines dataset=Solar model=chronos2 formula=y_mean lags=504 horizon=168 retrieval=raw_euclidean_1_online run=/home/h61084/codes/adapts/outputs/adaptation/screen/Solar/504_168/chronos2/y_mean/raw/euclidean/1/online/run_0
2026-08-14T04:16:24+02:00 skip complete family=baselines dataset=Solar model=chronos2 formula=cov_ridge_shared lags=504 horizon=168 retrieval=raw_euclidean_1_online run=/home/h61084/codes/adapts/outputs/adaptation/screen/Solar/504_168/chronos2/cov_ridge_shared/raw/euclidean/1/online/run_0
2026-08-14T04:16:24+02:00 skip complete family=baselines dataset=Solar model=chronos2 formula=avgy_ridge_shared lags=504 horizon=168 retrieval=raw_euclidean_1_online run=/home/h61084/codes/adapts/outputs/adaptation/screen/Solar/504_168/chronos2/avgy_ridge_shared/raw/euclidean/1/online/run_0
2026-08-14T04:16:24+02:00 skip complete family=baselines dataset=Solar model=chronos2 formula=y_ridge_shared lags=504 horizon=168 retrieval=raw_euclidean_1_online run=/home/h61084/codes/adapts/outputs/adaptation/screen/Solar/504_168/chronos2/y_ridge_shared/raw/euclidean/1/online/run_0
2026-08-14T04:16:24+02:00 skip complete family=baselines dataset=Solar model=chronos2 formula=cov_y_ridge_shared lags=504 horizon=168 retrieval=raw_euclidean_1_online run=/home/h61084/codes/adapts/outputs/adaptation/screen/Solar/504_168/chronos2/cov_y_ridge_shared/raw/euclidean/1/online/run_0
2026-08-14T04:16:24+02:00 skip complete family=baselines dataset=Solar model=chronos2 formula=cov_avgy_ridge_shared lags=504 horizon=168 retrieval=raw_euclidean_1_online run=/home/h61084/codes/adapts/outputs/adaptation/screen/Solar/504_168/chronos2/cov_avgy_ridge_shared/raw/euclidean/1/online/run_0
2026-08-14T04:16:24+02:00 skip complete family=baselines dataset=Solar model=chronos2 formula=residual_ridge_shared lags=504 horizon=168 retrieval=raw_euclidean_1_online run=/home/h61084/codes/adapts/outputs/adaptation/screen/Solar/504_168/chronos2/residual_ridge_shared/raw/euclidean/1/online/run_0
2026-08-14T04:16:24+02:00 skip complete family=baselines dataset=Solar model=chronos2 formula=full_ridge_shared lags=504 horizon=168 retrieval=raw_euclidean_1_online run=/home/h61084/codes/adapts/outputs/adaptation/screen/Solar/504_168/chronos2/full_ridge_shared/raw/euclidean/1/online/run_0
2026-08-14 04:16:26,927 INFO [__main__] extraction validation directory=/home/h61084/codes/adapts/outputs/extraction/Solar/504_168/chronos2/raw/euclidean/3/online/run_1 status=complete
2026-08-14T04:16:27+02:00 skip complete family=baselines dataset=Solar model=chronos2 formula=cov_forecast lags=504 horizon=168 retrieval=raw_euclidean_3_online run=/home/h61084/codes/adapts/outputs/adaptation/screen/Solar/504_168/chronos2/cov_forecast/raw/euclidean/3/online/run_0
2026-08-14T04:16:27+02:00 skip complete family=baselines dataset=Solar model=chronos2 formula=avgy lags=504 horizon=168 retrieval=raw_euclidean_3_online run=/home/h61084/codes/adapts/outputs/adaptation/screen/Solar/504_168/chronos2/avgy/raw/euclidean/3/online/run_0
2026-08-14T04:16:27+02:00 skip complete family=baselines dataset=Solar model=chronos2 formula=y_mean lags=504 horizon=168 retrieval=raw_euclidean_3_online run=/home/h61084/codes/adapts/outputs/adaptation/screen/Solar/504_168/chronos2/y_mean/raw/euclidean/3/online/run_0
2026-08-14T04:16:27+02:00 skip complete family=baselines dataset=Solar model=chronos2 formula=cov_ridge_shared lags=504 horizon=168 retrieval=raw_euclidean_3_online run=/home/h61084/codes/adapts/outputs/adaptation/screen/Solar/504_168/chronos2/cov_ridge_shared/raw/euclidean/3/online/run_0
2026-08-14T04:16:27+02:00 skip complete family=baselines dataset=Solar model=chronos2 formula=avgy_ridge_shared lags=504 horizon=168 retrieval=raw_euclidean_3_online run=/home/h61084/codes/adapts/outputs/adaptation/screen/Solar/504_168/chronos2/avgy_ridge_shared/raw/euclidean/3/online/run_0
2026-08-14T04:16:27+02:00 skip complete family=baselines dataset=Solar model=chronos2 formula=y_ridge_shared lags=504 horizon=168 retrieval=raw_euclidean_3_online run=/home/h61084/codes/adapts/outputs/adaptation/screen/Solar/504_168/chronos2/y_ridge_shared/raw/euclidean/3/online/run_0
2026-08-14T04:16:27+02:00 skip complete family=baselines dataset=Solar model=chronos2 formula=cov_y_ridge_shared lags=504 horizon=168 retrieval=raw_euclidean_3_online run=/home/h61084/codes/adapts/outputs/adaptation/screen/Solar/504_168/chronos2/cov_y_ridge_shared/raw/euclidean/3/online/run_0
2026-08-14T04:16:27+02:00 skip complete family=baselines dataset=Solar model=chronos2 formula=cov_avgy_ridge_shared lags=504 horizon=168 retrieval=raw_euclidean_3_online run=/home/h61084/codes/adapts/outputs/adaptation/screen/Solar/504_168/chronos2/cov_avgy_ridge_shared/raw/euclidean/3/online/run_0
2026-08-14T04:16:27+02:00 skip complete family=baselines dataset=Solar model=chronos2 formula=residual_ridge_shared lags=504 horizon=168 retrieval=raw_euclidean_3_online run=/home/h61084/codes/adapts/outputs/adaptation/screen/Solar/504_168/chronos2/residual_ridge_shared/raw/euclidean/3/online/run_0
2026-08-14T04:16:27+02:00 skip complete family=baselines dataset=Solar model=chronos2 formula=full_ridge_shared lags=504 horizon=168 retrieval=raw_euclidean_3_online run=/home/h61084/codes/adapts/outputs/adaptation/screen/Solar/504_168/chronos2/full_ridge_shared/raw/euclidean/3/online/run_0
2026-08-14 04:16:29,945 INFO [__main__] extraction validation directory=/home/h61084/codes/adapts/outputs/extraction/Solar/504_168/chronos2/instance/euclidean/1/online/run_1 status=complete
2026-08-14T04:16:30+02:00 skip complete family=baselines dataset=Solar model=chronos2 formula=cov_forecast lags=504 horizon=168 retrieval=instance_euclidean_1_online run=/home/h61084/codes/adapts/outputs/adaptation/screen/Solar/504_168/chronos2/cov_forecast/instance/euclidean/1/online/run_0
2026-08-14T04:16:30+02:00 skip complete family=baselines dataset=Solar model=chronos2 formula=avgy lags=504 horizon=168 retrieval=instance_euclidean_1_online run=/home/h61084/codes/adapts/outputs/adaptation/screen/Solar/504_168/chronos2/avgy/instance/euclidean/1/online/run_0
2026-08-14T04:16:30+02:00 skip complete family=baselines dataset=Solar model=chronos2 formula=y_mean lags=504 horizon=168 retrieval=instance_euclidean_1_online run=/home/h61084/codes/adapts/outputs/adaptation/screen/Solar/504_168/chronos2/y_mean/instance/euclidean/1/online/run_0
2026-08-14T04:16:30+02:00 skip complete family=baselines dataset=Solar model=chronos2 formula=cov_ridge_shared lags=504 horizon=168 retrieval=instance_euclidean_1_online run=/home/h61084/codes/adapts/outputs/adaptation/screen/Solar/504_168/chronos2/cov_ridge_shared/instance/euclidean/1/online/run_0
2026-08-14T04:16:30+02:00 skip complete family=baselines dataset=Solar model=chronos2 formula=avgy_ridge_shared lags=504 horizon=168 retrieval=instance_euclidean_1_online run=/home/h61084/codes/adapts/outputs/adaptation/screen/Solar/504_168/chronos2/avgy_ridge_shared/instance/euclidean/1/online/run_0
2026-08-14T04:16:30+02:00 skip complete family=baselines dataset=Solar model=chronos2 formula=y_ridge_shared lags=504 horizon=168 retrieval=instance_euclidean_1_online run=/home/h61084/codes/adapts/outputs/adaptation/screen/Solar/504_168/chronos2/y_ridge_shared/instance/euclidean/1/online/run_0
2026-08-14T04:16:30+02:00 skip complete family=baselines dataset=Solar model=chronos2 formula=cov_y_ridge_shared lags=504 horizon=168 retrieval=instance_euclidean_1_online run=/home/h61084/codes/adapts/outputs/adaptation/screen/Solar/504_168/chronos2/cov_y_ridge_shared/instance/euclidean/1/online/run_0
2026-08-14T04:16:30+02:00 skip complete family=baselines dataset=Solar model=chronos2 formula=cov_avgy_ridge_shared lags=504 horizon=168 retrieval=instance_euclidean_1_online run=/home/h61084/codes/adapts/outputs/adaptation/screen/Solar/504_168/chronos2/cov_avgy_ridge_shared/instance/euclidean/1/online/run_0
2026-08-14T04:16:30+02:00 skip complete family=baselines dataset=Solar model=chronos2 formula=residual_ridge_shared lags=504 horizon=168 retrieval=instance_euclidean_1_online run=/home/h61084/codes/adapts/outputs/adaptation/screen/Solar/504_168/chronos2/residual_ridge_shared/instance/euclidean/1/online/run_0
2026-08-14T04:16:30+02:00 skip complete family=baselines dataset=Solar model=chronos2 formula=full_ridge_shared lags=504 horizon=168 retrieval=instance_euclidean_1_online run=/home/h61084/codes/adapts/outputs/adaptation/screen/Solar/504_168/chronos2/full_ridge_shared/instance/euclidean/1/online/run_0
2026-08-14 04:16:32,946 INFO [__main__] extraction validation directory=/home/h61084/codes/adapts/outputs/extraction/Solar/504_168/chronos2/instance/euclidean/3/online/run_1 status=complete
2026-08-14T04:16:33+02:00 skip complete family=baselines dataset=Solar model=chronos2 formula=cov_forecast lags=504 horizon=168 retrieval=instance_euclidean_3_online run=/home/h61084/codes/adapts/outputs/adaptation/screen/Solar/504_168/chronos2/cov_forecast/instance/euclidean/3/online/run_0
2026-08-14T04:16:33+02:00 skip complete family=baselines dataset=Solar model=chronos2 formula=avgy lags=504 horizon=168 retrieval=instance_euclidean_3_online run=/home/h61084/codes/adapts/outputs/adaptation/screen/Solar/504_168/chronos2/avgy/instance/euclidean/3/online/run_0
2026-08-14T04:16:33+02:00 skip complete family=baselines dataset=Solar model=chronos2 formula=y_mean lags=504 horizon=168 retrieval=instance_euclidean_3_online run=/home/h61084/codes/adapts/outputs/adaptation/screen/Solar/504_168/chronos2/y_mean/instance/euclidean/3/online/run_0
2026-08-14T04:16:33+02:00 skip complete family=baselines dataset=Solar model=chronos2 formula=cov_ridge_shared lags=504 horizon=168 retrieval=instance_euclidean_3_online run=/home/h61084/codes/adapts/outputs/adaptation/screen/Solar/504_168/chronos2/cov_ridge_shared/instance/euclidean/3/online/run_0
2026-08-14T04:16:33+02:00 skip complete family=baselines dataset=Solar model=chronos2 formula=avgy_ridge_shared lags=504 horizon=168 retrieval=instance_euclidean_3_online run=/home/h61084/codes/adapts/outputs/adaptation/screen/Solar/504_168/chronos2/avgy_ridge_shared/instance/euclidean/3/online/run_0
2026-08-14T04:16:33+02:00 skip complete family=baselines dataset=Solar model=chronos2 formula=y_ridge_shared lags=504 horizon=168 retrieval=instance_euclidean_3_online run=/home/h61084/codes/adapts/outputs/adaptation/screen/Solar/504_168/chronos2/y_ridge_shared/instance/euclidean/3/online/run_0
2026-08-14T04:16:33+02:00 skip complete family=baselines dataset=Solar model=chronos2 formula=cov_y_ridge_shared lags=504 horizon=168 retrieval=instance_euclidean_3_online run=/home/h61084/codes/adapts/outputs/adaptation/screen/Solar/504_168/chronos2/cov_y_ridge_shared/instance/euclidean/3/online/run_0
2026-08-14T04:16:33+02:00 skip complete family=baselines dataset=Solar model=chronos2 formula=cov_avgy_ridge_shared lags=504 horizon=168 retrieval=instance_euclidean_3_online run=/home/h61084/codes/adapts/outputs/adaptation/screen/Solar/504_168/chronos2/cov_avgy_ridge_shared/instance/euclidean/3/online/run_0
2026-08-14T04:16:33+02:00 skip complete family=baselines dataset=Solar model=chronos2 formula=residual_ridge_shared lags=504 horizon=168 retrieval=instance_euclidean_3_online run=/home/h61084/codes/adapts/outputs/adaptation/screen/Solar/504_168/chronos2/residual_ridge_shared/instance/euclidean/3/online/run_0
2026-08-14T04:16:33+02:00 skip complete family=baselines dataset=Solar model=chronos2 formula=full_ridge_shared lags=504 horizon=168 retrieval=instance_euclidean_3_online run=/home/h61084/codes/adapts/outputs/adaptation/screen/Solar/504_168/chronos2/full_ridge_shared/instance/euclidean/3/online/run_0
2026-08-14 04:16:36,052 INFO [__main__] extraction validation directory=/home/h61084/codes/adapts/outputs/extraction/exchange_rate/168_24/chronos2/raw/euclidean/1/online/run_1 status=complete
2026-08-14T04:16:36+02:00 skip complete family=baselines dataset=exchange_rate model=chronos2 formula=cov_forecast lags=168 horizon=24 retrieval=raw_euclidean_1_online run=/home/h61084/codes/adapts/outputs/adaptation/screen/exchange_rate/168_24/chronos2/cov_forecast/raw/euclidean/1/online/run_0
2026-08-14T04:16:36+02:00 skip complete family=baselines dataset=exchange_rate model=chronos2 formula=avgy lags=168 horizon=24 retrieval=raw_euclidean_1_online run=/home/h61084/codes/adapts/outputs/adaptation/screen/exchange_rate/168_24/chronos2/avgy/raw/euclidean/1/online/run_0
2026-08-14T04:16:36+02:00 skip complete family=baselines dataset=exchange_rate model=chronos2 formula=y_mean lags=168 horizon=24 retrieval=raw_euclidean_1_online run=/home/h61084/codes/adapts/outputs/adaptation/screen/exchange_rate/168_24/chronos2/y_mean/raw/euclidean/1/online/run_0
2026-08-14T04:16:36+02:00 skip complete family=baselines dataset=exchange_rate model=chronos2 formula=cov_ridge_shared lags=168 horizon=24 retrieval=raw_euclidean_1_online run=/home/h61084/codes/adapts/outputs/adaptation/screen/exchange_rate/168_24/chronos2/cov_ridge_shared/raw/euclidean/1/online/run_0
2026-08-14T04:16:36+02:00 skip complete family=baselines dataset=exchange_rate model=chronos2 formula=avgy_ridge_shared lags=168 horizon=24 retrieval=raw_euclidean_1_online run=/home/h61084/codes/adapts/outputs/adaptation/screen/exchange_rate/168_24/chronos2/avgy_ridge_shared/raw/euclidean/1/online/run_0
2026-08-14T04:16:36+02:00 skip complete family=baselines dataset=exchange_rate model=chronos2 formula=y_ridge_shared lags=168 horizon=24 retrieval=raw_euclidean_1_online run=/home/h61084/codes/adapts/outputs/adaptation/screen/exchange_rate/168_24/chronos2/y_ridge_shared/raw/euclidean/1/online/run_0
2026-08-14T04:16:36+02:00 skip complete family=baselines dataset=exchange_rate model=chronos2 formula=cov_y_ridge_shared lags=168 horizon=24 retrieval=raw_euclidean_1_online run=/home/h61084/codes/adapts/outputs/adaptation/screen/exchange_rate/168_24/chronos2/cov_y_ridge_shared/raw/euclidean/1/online/run_0
2026-08-14T04:16:36+02:00 skip complete family=baselines dataset=exchange_rate model=chronos2 formula=cov_avgy_ridge_shared lags=168 horizon=24 retrieval=raw_euclidean_1_online run=/home/h61084/codes/adapts/outputs/adaptation/screen/exchange_rate/168_24/chronos2/cov_avgy_ridge_shared/raw/euclidean/1/online/run_0
2026-08-14T04:16:37+02:00 skip complete family=baselines dataset=exchange_rate model=chronos2 formula=residual_ridge_shared lags=168 horizon=24 retrieval=raw_euclidean_1_online run=/home/h61084/codes/adapts/outputs/adaptation/screen/exchange_rate/168_24/chronos2/residual_ridge_shared/raw/euclidean/1/online/run_0
2026-08-14T04:16:37+02:00 skip complete family=baselines dataset=exchange_rate model=chronos2 formula=full_ridge_shared lags=168 horizon=24 retrieval=raw_euclidean_1_online run=/home/h61084/codes/adapts/outputs/adaptation/screen/exchange_rate/168_24/chronos2/full_ridge_shared/raw/euclidean/1/online/run_0
2026-08-14 04:16:39,303 INFO [__main__] extraction validation directory=/home/h61084/codes/adapts/outputs/extraction/exchange_rate/168_24/chronos2/raw/euclidean/3/online/run_1 status=complete
2026-08-14T04:16:39+02:00 skip complete family=baselines dataset=exchange_rate model=chronos2 formula=cov_forecast lags=168 horizon=24 retrieval=raw_euclidean_3_online run=/home/h61084/codes/adapts/outputs/adaptation/screen/exchange_rate/168_24/chronos2/cov_forecast/raw/euclidean/3/online/run_0
2026-08-14T04:16:39+02:00 skip complete family=baselines dataset=exchange_rate model=chronos2 formula=avgy lags=168 horizon=24 retrieval=raw_euclidean_3_online run=/home/h61084/codes/adapts/outputs/adaptation/screen/exchange_rate/168_24/chronos2/avgy/raw/euclidean/3/online/run_0
2026-08-14T04:16:39+02:00 skip complete family=baselines dataset=exchange_rate model=chronos2 formula=y_mean lags=168 horizon=24 retrieval=raw_euclidean_3_online run=/home/h61084/codes/adapts/outputs/adaptation/screen/exchange_rate/168_24/chronos2/y_mean/raw/euclidean/3/online/run_0
2026-08-14T04:16:39+02:00 skip complete family=baselines dataset=exchange_rate model=chronos2 formula=cov_ridge_shared lags=168 horizon=24 retrieval=raw_euclidean_3_online run=/home/h61084/codes/adapts/outputs/adaptation/screen/exchange_rate/168_24/chronos2/cov_ridge_shared/raw/euclidean/3/online/run_0
2026-08-14T04:16:39+02:00 skip complete family=baselines dataset=exchange_rate model=chronos2 formula=avgy_ridge_shared lags=168 horizon=24 retrieval=raw_euclidean_3_online run=/home/h61084/codes/adapts/outputs/adaptation/screen/exchange_rate/168_24/chronos2/avgy_ridge_shared/raw/euclidean/3/online/run_0
2026-08-14T04:16:39+02:00 skip complete family=baselines dataset=exchange_rate model=chronos2 formula=y_ridge_shared lags=168 horizon=24 retrieval=raw_euclidean_3_online run=/home/h61084/codes/adapts/outputs/adaptation/screen/exchange_rate/168_24/chronos2/y_ridge_shared/raw/euclidean/3/online/run_0
2026-08-14T04:16:40+02:00 skip complete family=baselines dataset=exchange_rate model=chronos2 formula=cov_y_ridge_shared lags=168 horizon=24 retrieval=raw_euclidean_3_online run=/home/h61084/codes/adapts/outputs/adaptation/screen/exchange_rate/168_24/chronos2/cov_y_ridge_shared/raw/euclidean/3/online/run_0
2026-08-14T04:16:40+02:00 skip complete family=baselines dataset=exchange_rate model=chronos2 formula=cov_avgy_ridge_shared lags=168 horizon=24 retrieval=raw_euclidean_3_online run=/home/h61084/codes/adapts/outputs/adaptation/screen/exchange_rate/168_24/chronos2/cov_avgy_ridge_shared/raw/euclidean/3/online/run_0
2026-08-14T04:16:40+02:00 skip complete family=baselines dataset=exchange_rate model=chronos2 formula=residual_ridge_shared lags=168 horizon=24 retrieval=raw_euclidean_3_online run=/home/h61084/codes/adapts/outputs/adaptation/screen/exchange_rate/168_24/chronos2/residual_ridge_shared/raw/euclidean/3/online/run_0
2026-08-14T04:16:40+02:00 skip complete family=baselines dataset=exchange_rate model=chronos2 formula=full_ridge_shared lags=168 horizon=24 retrieval=raw_euclidean_3_online run=/home/h61084/codes/adapts/outputs/adaptation/screen/exchange_rate/168_24/chronos2/full_ridge_shared/raw/euclidean/3/online/run_0
2026-08-14 04:16:42,321 INFO [__main__] extraction validation directory=/home/h61084/codes/adapts/outputs/extraction/exchange_rate/168_24/chronos2/instance/euclidean/1/online/run_1 status=complete
2026-08-14T04:16:42+02:00 skip complete family=baselines dataset=exchange_rate model=chronos2 formula=cov_forecast lags=168 horizon=24 retrieval=instance_euclidean_1_online run=/home/h61084/codes/adapts/outputs/adaptation/screen/exchange_rate/168_24/chronos2/cov_forecast/instance/euclidean/1/online/run_0
2026-08-14T04:16:42+02:00 skip complete family=baselines dataset=exchange_rate model=chronos2 formula=avgy lags=168 horizon=24 retrieval=instance_euclidean_1_online run=/home/h61084/codes/adapts/outputs/adaptation/screen/exchange_rate/168_24/chronos2/avgy/instance/euclidean/1/online/run_0
2026-08-14T04:16:42+02:00 skip complete family=baselines dataset=exchange_rate model=chronos2 formula=y_mean lags=168 horizon=24 retrieval=instance_euclidean_1_online run=/home/h61084/codes/adapts/outputs/adaptation/screen/exchange_rate/168_24/chronos2/y_mean/instance/euclidean/1/online/run_0
2026-08-14T04:16:42+02:00 skip complete family=baselines dataset=exchange_rate model=chronos2 formula=cov_ridge_shared lags=168 horizon=24 retrieval=instance_euclidean_1_online run=/home/h61084/codes/adapts/outputs/adaptation/screen/exchange_rate/168_24/chronos2/cov_ridge_shared/instance/euclidean/1/online/run_0
2026-08-14T04:16:43+02:00 skip complete family=baselines dataset=exchange_rate model=chronos2 formula=avgy_ridge_shared lags=168 horizon=24 retrieval=instance_euclidean_1_online run=/home/h61084/codes/adapts/outputs/adaptation/screen/exchange_rate/168_24/chronos2/avgy_ridge_shared/instance/euclidean/1/online/run_0
2026-08-14T04:16:43+02:00 skip complete family=baselines dataset=exchange_rate model=chronos2 formula=y_ridge_shared lags=168 horizon=24 retrieval=instance_euclidean_1_online run=/home/h61084/codes/adapts/outputs/adaptation/screen/exchange_rate/168_24/chronos2/y_ridge_shared/instance/euclidean/1/online/run_0
2026-08-14T04:16:43+02:00 skip complete family=baselines dataset=exchange_rate model=chronos2 formula=cov_y_ridge_shared lags=168 horizon=24 retrieval=instance_euclidean_1_online run=/home/h61084/codes/adapts/outputs/adaptation/screen/exchange_rate/168_24/chronos2/cov_y_ridge_shared/instance/euclidean/1/online/run_0
2026-08-14T04:16:43+02:00 skip complete family=baselines dataset=exchange_rate model=chronos2 formula=cov_avgy_ridge_shared lags=168 horizon=24 retrieval=instance_euclidean_1_online run=/home/h61084/codes/adapts/outputs/adaptation/screen/exchange_rate/168_24/chronos2/cov_avgy_ridge_shared/instance/euclidean/1/online/run_0
2026-08-14T04:16:43+02:00 skip complete family=baselines dataset=exchange_rate model=chronos2 formula=residual_ridge_shared lags=168 horizon=24 retrieval=instance_euclidean_1_online run=/home/h61084/codes/adapts/outputs/adaptation/screen/exchange_rate/168_24/chronos2/residual_ridge_shared/instance/euclidean/1/online/run_0
2026-08-14T04:16:43+02:00 skip complete family=baselines dataset=exchange_rate model=chronos2 formula=full_ridge_shared lags=168 horizon=24 retrieval=instance_euclidean_1_online run=/home/h61084/codes/adapts/outputs/adaptation/screen/exchange_rate/168_24/chronos2/full_ridge_shared/instance/euclidean/1/online/run_0
2026-08-14 04:16:45,289 INFO [__main__] extraction validation directory=/home/h61084/codes/adapts/outputs/extraction/exchange_rate/168_24/chronos2/instance/euclidean/3/online/run_1 status=complete
2026-08-14T04:16:45+02:00 skip complete family=baselines dataset=exchange_rate model=chronos2 formula=cov_forecast lags=168 horizon=24 retrieval=instance_euclidean_3_online run=/home/h61084/codes/adapts/outputs/adaptation/screen/exchange_rate/168_24/chronos2/cov_forecast/instance/euclidean/3/online/run_0
2026-08-14T04:16:45+02:00 skip complete family=baselines dataset=exchange_rate model=chronos2 formula=avgy lags=168 horizon=24 retrieval=instance_euclidean_3_online run=/home/h61084/codes/adapts/outputs/adaptation/screen/exchange_rate/168_24/chronos2/avgy/instance/euclidean/3/online/run_0
2026-08-14T04:16:45+02:00 skip complete family=baselines dataset=exchange_rate model=chronos2 formula=y_mean lags=168 horizon=24 retrieval=instance_euclidean_3_online run=/home/h61084/codes/adapts/outputs/adaptation/screen/exchange_rate/168_24/chronos2/y_mean/instance/euclidean/3/online/run_0
2026-08-14T04:16:45+02:00 skip complete family=baselines dataset=exchange_rate model=chronos2 formula=cov_ridge_shared lags=168 horizon=24 retrieval=instance_euclidean_3_online run=/home/h61084/codes/adapts/outputs/adaptation/screen/exchange_rate/168_24/chronos2/cov_ridge_shared/instance/euclidean/3/online/run_0
2026-08-14T04:16:45+02:00 skip complete family=baselines dataset=exchange_rate model=chronos2 formula=avgy_ridge_shared lags=168 horizon=24 retrieval=instance_euclidean_3_online run=/home/h61084/codes/adapts/outputs/adaptation/screen/exchange_rate/168_24/chronos2/avgy_ridge_shared/instance/euclidean/3/online/run_0
2026-08-14T04:16:46+02:00 skip complete family=baselines dataset=exchange_rate model=chronos2 formula=y_ridge_shared lags=168 horizon=24 retrieval=instance_euclidean_3_online run=/home/h61084/codes/adapts/outputs/adaptation/screen/exchange_rate/168_24/chronos2/y_ridge_shared/instance/euclidean/3/online/run_0
2026-08-14T04:16:46+02:00 skip complete family=baselines dataset=exchange_rate model=chronos2 formula=cov_y_ridge_shared lags=168 horizon=24 retrieval=instance_euclidean_3_online run=/home/h61084/codes/adapts/outputs/adaptation/screen/exchange_rate/168_24/chronos2/cov_y_ridge_shared/instance/euclidean/3/online/run_0
2026-08-14T04:16:46+02:00 skip complete family=baselines dataset=exchange_rate model=chronos2 formula=cov_avgy_ridge_shared lags=168 horizon=24 retrieval=instance_euclidean_3_online run=/home/h61084/codes/adapts/outputs/adaptation/screen/exchange_rate/168_24/chronos2/cov_avgy_ridge_shared/instance/euclidean/3/online/run_0
2026-08-14T04:16:46+02:00 skip complete family=baselines dataset=exchange_rate model=chronos2 formula=residual_ridge_shared lags=168 horizon=24 retrieval=instance_euclidean_3_online run=/home/h61084/codes/adapts/outputs/adaptation/screen/exchange_rate/168_24/chronos2/residual_ridge_shared/instance/euclidean/3/online/run_0
2026-08-14T04:16:46+02:00 skip complete family=baselines dataset=exchange_rate model=chronos2 formula=full_ridge_shared lags=168 horizon=24 retrieval=instance_euclidean_3_online run=/home/h61084/codes/adapts/outputs/adaptation/screen/exchange_rate/168_24/chronos2/full_ridge_shared/instance/euclidean/3/online/run_0
2026-08-14 04:16:48,390 INFO [__main__] extraction validation directory=/home/h61084/codes/adapts/outputs/extraction/exchange_rate/336_48/chronos2/raw/euclidean/1/online/run_1 status=complete
2026-08-14T04:16:48+02:00 skip complete family=baselines dataset=exchange_rate model=chronos2 formula=cov_forecast lags=336 horizon=48 retrieval=raw_euclidean_1_online run=/home/h61084/codes/adapts/outputs/adaptation/screen/exchange_rate/336_48/chronos2/cov_forecast/raw/euclidean/1/online/run_0
2026-08-14T04:16:48+02:00 skip complete family=baselines dataset=exchange_rate model=chronos2 formula=avgy lags=336 horizon=48 retrieval=raw_euclidean_1_online run=/home/h61084/codes/adapts/outputs/adaptation/screen/exchange_rate/336_48/chronos2/avgy/raw/euclidean/1/online/run_0
2026-08-14T04:16:48+02:00 skip complete family=baselines dataset=exchange_rate model=chronos2 formula=y_mean lags=336 horizon=48 retrieval=raw_euclidean_1_online run=/home/h61084/codes/adapts/outputs/adaptation/screen/exchange_rate/336_48/chronos2/y_mean/raw/euclidean/1/online/run_0
2026-08-14T04:16:49+02:00 skip complete family=baselines dataset=exchange_rate model=chronos2 formula=cov_ridge_shared lags=336 horizon=48 retrieval=raw_euclidean_1_online run=/home/h61084/codes/adapts/outputs/adaptation/screen/exchange_rate/336_48/chronos2/cov_ridge_shared/raw/euclidean/1/online/run_0
2026-08-14T04:16:49+02:00 skip complete family=baselines dataset=exchange_rate model=chronos2 formula=avgy_ridge_shared lags=336 horizon=48 retrieval=raw_euclidean_1_online run=/home/h61084/codes/adapts/outputs/adaptation/screen/exchange_rate/336_48/chronos2/avgy_ridge_shared/raw/euclidean/1/online/run_0
2026-08-14T04:16:49+02:00 skip complete family=baselines dataset=exchange_rate model=chronos2 formula=y_ridge_shared lags=336 horizon=48 retrieval=raw_euclidean_1_online run=/home/h61084/codes/adapts/outputs/adaptation/screen/exchange_rate/336_48/chronos2/y_ridge_shared/raw/euclidean/1/online/run_0
2026-08-14T04:16:49+02:00 skip complete family=baselines dataset=exchange_rate model=chronos2 formula=cov_y_ridge_shared lags=336 horizon=48 retrieval=raw_euclidean_1_online run=/home/h61084/codes/adapts/outputs/adaptation/screen/exchange_rate/336_48/chronos2/cov_y_ridge_shared/raw/euclidean/1/online/run_0
2026-08-14T04:16:49+02:00 skip complete family=baselines dataset=exchange_rate model=chronos2 formula=cov_avgy_ridge_shared lags=336 horizon=48 retrieval=raw_euclidean_1_online run=/home/h61084/codes/adapts/outputs/adaptation/screen/exchange_rate/336_48/chronos2/cov_avgy_ridge_shared/raw/euclidean/1/online/run_0
2026-08-14T04:16:49+02:00 skip complete family=baselines dataset=exchange_rate model=chronos2 formula=residual_ridge_shared lags=336 horizon=48 retrieval=raw_euclidean_1_online run=/home/h61084/codes/adapts/outputs/adaptation/screen/exchange_rate/336_48/chronos2/residual_ridge_shared/raw/euclidean/1/online/run_0
2026-08-14T04:16:49+02:00 skip complete family=baselines dataset=exchange_rate model=chronos2 formula=full_ridge_shared lags=336 horizon=48 retrieval=raw_euclidean_1_online run=/home/h61084/codes/adapts/outputs/adaptation/screen/exchange_rate/336_48/chronos2/full_ridge_shared/raw/euclidean/1/online/run_0
2026-08-14 04:16:51,789 INFO [__main__] extraction validation directory=/home/h61084/codes/adapts/outputs/extraction/exchange_rate/336_48/chronos2/raw/euclidean/3/online/run_1 status=complete
2026-08-14T04:16:52+02:00 skip complete family=baselines dataset=exchange_rate model=chronos2 formula=cov_forecast lags=336 horizon=48 retrieval=raw_euclidean_3_online run=/home/h61084/codes/adapts/outputs/adaptation/screen/exchange_rate/336_48/chronos2/cov_forecast/raw/euclidean/3/online/run_0
2026-08-14T04:16:52+02:00 skip complete family=baselines dataset=exchange_rate model=chronos2 formula=avgy lags=336 horizon=48 retrieval=raw_euclidean_3_online run=/home/h61084/codes/adapts/outputs/adaptation/screen/exchange_rate/336_48/chronos2/avgy/raw/euclidean/3/online/run_0
2026-08-14T04:16:52+02:00 skip complete family=baselines dataset=exchange_rate model=chronos2 formula=y_mean lags=336 horizon=48 retrieval=raw_euclidean_3_online run=/home/h61084/codes/adapts/outputs/adaptation/screen/exchange_rate/336_48/chronos2/y_mean/raw/euclidean/3/online/run_0
2026-08-14T04:16:52+02:00 skip complete family=baselines dataset=exchange_rate model=chronos2 formula=cov_ridge_shared lags=336 horizon=48 retrieval=raw_euclidean_3_online run=/home/h61084/codes/adapts/outputs/adaptation/screen/exchange_rate/336_48/chronos2/cov_ridge_shared/raw/euclidean/3/online/run_0
2026-08-14T04:16:52+02:00 skip complete family=baselines dataset=exchange_rate model=chronos2 formula=avgy_ridge_shared lags=336 horizon=48 retrieval=raw_euclidean_3_online run=/home/h61084/codes/adapts/outputs/adaptation/screen/exchange_rate/336_48/chronos2/avgy_ridge_shared/raw/euclidean/3/online/run_0
2026-08-14T04:16:52+02:00 skip complete family=baselines dataset=exchange_rate model=chronos2 formula=y_ridge_shared lags=336 horizon=48 retrieval=raw_euclidean_3_online run=/home/h61084/codes/adapts/outputs/adaptation/screen/exchange_rate/336_48/chronos2/y_ridge_shared/raw/euclidean/3/online/run_0
2026-08-14T04:16:52+02:00 skip complete family=baselines dataset=exchange_rate model=chronos2 formula=cov_y_ridge_shared lags=336 horizon=48 retrieval=raw_euclidean_3_online run=/home/h61084/codes/adapts/outputs/adaptation/screen/exchange_rate/336_48/chronos2/cov_y_ridge_shared/raw/euclidean/3/online/run_0
2026-08-14T04:16:52+02:00 skip complete family=baselines dataset=exchange_rate model=chronos2 formula=cov_avgy_ridge_shared lags=336 horizon=48 retrieval=raw_euclidean_3_online run=/home/h61084/codes/adapts/outputs/adaptation/screen/exchange_rate/336_48/chronos2/cov_avgy_ridge_shared/raw/euclidean/3/online/run_0
2026-08-14T04:16:52+02:00 skip complete family=baselines dataset=exchange_rate model=chronos2 formula=residual_ridge_shared lags=336 horizon=48 retrieval=raw_euclidean_3_online run=/home/h61084/codes/adapts/outputs/adaptation/screen/exchange_rate/336_48/chronos2/residual_ridge_shared/raw/euclidean/3/online/run_0
2026-08-14T04:16:52+02:00 skip complete family=baselines dataset=exchange_rate model=chronos2 formula=full_ridge_shared lags=336 horizon=48 retrieval=raw_euclidean_3_online run=/home/h61084/codes/adapts/outputs/adaptation/screen/exchange_rate/336_48/chronos2/full_ridge_shared/raw/euclidean/3/online/run_0
2026-08-14 04:16:54,734 INFO [__main__] extraction validation directory=/home/h61084/codes/adapts/outputs/extraction/exchange_rate/336_48/chronos2/instance/euclidean/1/online/run_1 status=complete
2026-08-14T04:16:55+02:00 skip complete family=baselines dataset=exchange_rate model=chronos2 formula=cov_forecast lags=336 horizon=48 retrieval=instance_euclidean_1_online run=/home/h61084/codes/adapts/outputs/adaptation/screen/exchange_rate/336_48/chronos2/cov_forecast/instance/euclidean/1/online/run_0
2026-08-14T04:16:55+02:00 skip complete family=baselines dataset=exchange_rate model=chronos2 formula=avgy lags=336 horizon=48 retrieval=instance_euclidean_1_online run=/home/h61084/codes/adapts/outputs/adaptation/screen/exchange_rate/336_48/chronos2/avgy/instance/euclidean/1/online/run_0
2026-08-14T04:16:55+02:00 skip complete family=baselines dataset=exchange_rate model=chronos2 formula=y_mean lags=336 horizon=48 retrieval=instance_euclidean_1_online run=/home/h61084/codes/adapts/outputs/adaptation/screen/exchange_rate/336_48/chronos2/y_mean/instance/euclidean/1/online/run_0
2026-08-14T04:16:55+02:00 skip complete family=baselines dataset=exchange_rate model=chronos2 formula=cov_ridge_shared lags=336 horizon=48 retrieval=instance_euclidean_1_online run=/home/h61084/codes/adapts/outputs/adaptation/screen/exchange_rate/336_48/chronos2/cov_ridge_shared/instance/euclidean/1/online/run_0
2026-08-14T04:16:55+02:00 skip complete family=baselines dataset=exchange_rate model=chronos2 formula=avgy_ridge_shared lags=336 horizon=48 retrieval=instance_euclidean_1_online run=/home/h61084/codes/adapts/outputs/adaptation/screen/exchange_rate/336_48/chronos2/avgy_ridge_shared/instance/euclidean/1/online/run_0
2026-08-14T04:16:55+02:00 skip complete family=baselines dataset=exchange_rate model=chronos2 formula=y_ridge_shared lags=336 horizon=48 retrieval=instance_euclidean_1_online run=/home/h61084/codes/adapts/outputs/adaptation/screen/exchange_rate/336_48/chronos2/y_ridge_shared/instance/euclidean/1/online/run_0
2026-08-14T04:16:55+02:00 skip complete family=baselines dataset=exchange_rate model=chronos2 formula=cov_y_ridge_shared lags=336 horizon=48 retrieval=instance_euclidean_1_online run=/home/h61084/codes/adapts/outputs/adaptation/screen/exchange_rate/336_48/chronos2/cov_y_ridge_shared/instance/euclidean/1/online/run_0
2026-08-14T04:16:55+02:00 skip complete family=baselines dataset=exchange_rate model=chronos2 formula=cov_avgy_ridge_shared lags=336 horizon=48 retrieval=instance_euclidean_1_online run=/home/h61084/codes/adapts/outputs/adaptation/screen/exchange_rate/336_48/chronos2/cov_avgy_ridge_shared/instance/euclidean/1/online/run_0
2026-08-14T04:16:55+02:00 skip complete family=baselines dataset=exchange_rate model=chronos2 formula=residual_ridge_shared lags=336 horizon=48 retrieval=instance_euclidean_1_online run=/home/h61084/codes/adapts/outputs/adaptation/screen/exchange_rate/336_48/chronos2/residual_ridge_shared/instance/euclidean/1/online/run_0
2026-08-14T04:16:55+02:00 skip complete family=baselines dataset=exchange_rate model=chronos2 formula=full_ridge_shared lags=336 horizon=48 retrieval=instance_euclidean_1_online run=/home/h61084/codes/adapts/outputs/adaptation/screen/exchange_rate/336_48/chronos2/full_ridge_shared/instance/euclidean/1/online/run_0
2026-08-14 04:16:57,835 INFO [__main__] extraction validation directory=/home/h61084/codes/adapts/outputs/extraction/exchange_rate/336_48/chronos2/instance/euclidean/3/online/run_1 status=complete
2026-08-14T04:16:58+02:00 skip complete family=baselines dataset=exchange_rate model=chronos2 formula=cov_forecast lags=336 horizon=48 retrieval=instance_euclidean_3_online run=/home/h61084/codes/adapts/outputs/adaptation/screen/exchange_rate/336_48/chronos2/cov_forecast/instance/euclidean/3/online/run_0
2026-08-14T04:16:58+02:00 skip complete family=baselines dataset=exchange_rate model=chronos2 formula=avgy lags=336 horizon=48 retrieval=instance_euclidean_3_online run=/home/h61084/codes/adapts/outputs/adaptation/screen/exchange_rate/336_48/chronos2/avgy/instance/euclidean/3/online/run_0
2026-08-14T04:16:58+02:00 skip complete family=baselines dataset=exchange_rate model=chronos2 formula=y_mean lags=336 horizon=48 retrieval=instance_euclidean_3_online run=/home/h61084/codes/adapts/outputs/adaptation/screen/exchange_rate/336_48/chronos2/y_mean/instance/euclidean/3/online/run_0
2026-08-14T04:16:58+02:00 skip complete family=baselines dataset=exchange_rate model=chronos2 formula=cov_ridge_shared lags=336 horizon=48 retrieval=instance_euclidean_3_online run=/home/h61084/codes/adapts/outputs/adaptation/screen/exchange_rate/336_48/chronos2/cov_ridge_shared/instance/euclidean/3/online/run_0
2026-08-14T04:16:58+02:00 skip complete family=baselines dataset=exchange_rate model=chronos2 formula=avgy_ridge_shared lags=336 horizon=48 retrieval=instance_euclidean_3_online run=/home/h61084/codes/adapts/outputs/adaptation/screen/exchange_rate/336_48/chronos2/avgy_ridge_shared/instance/euclidean/3/online/run_0
2026-08-14T04:16:58+02:00 skip complete family=baselines dataset=exchange_rate model=chronos2 formula=y_ridge_shared lags=336 horizon=48 retrieval=instance_euclidean_3_online run=/home/h61084/codes/adapts/outputs/adaptation/screen/exchange_rate/336_48/chronos2/y_ridge_shared/instance/euclidean/3/online/run_0
2026-08-14T04:16:58+02:00 skip complete family=baselines dataset=exchange_rate model=chronos2 formula=cov_y_ridge_shared lags=336 horizon=48 retrieval=instance_euclidean_3_online run=/home/h61084/codes/adapts/outputs/adaptation/screen/exchange_rate/336_48/chronos2/cov_y_ridge_shared/instance/euclidean/3/online/run_0
2026-08-14T04:16:58+02:00 skip complete family=baselines dataset=exchange_rate model=chronos2 formula=cov_avgy_ridge_shared lags=336 horizon=48 retrieval=instance_euclidean_3_online run=/home/h61084/codes/adapts/outputs/adaptation/screen/exchange_rate/336_48/chronos2/cov_avgy_ridge_shared/instance/euclidean/3/online/run_0
2026-08-14T04:16:58+02:00 skip complete family=baselines dataset=exchange_rate model=chronos2 formula=residual_ridge_shared lags=336 horizon=48 retrieval=instance_euclidean_3_online run=/home/h61084/codes/adapts/outputs/adaptation/screen/exchange_rate/336_48/chronos2/residual_ridge_shared/instance/euclidean/3/online/run_0
2026-08-14T04:16:58+02:00 skip complete family=baselines dataset=exchange_rate model=chronos2 formula=full_ridge_shared lags=336 horizon=48 retrieval=instance_euclidean_3_online run=/home/h61084/codes/adapts/outputs/adaptation/screen/exchange_rate/336_48/chronos2/full_ridge_shared/instance/euclidean/3/online/run_0
2026-08-14 04:17:00,919 INFO [__main__] extraction validation directory=/home/h61084/codes/adapts/outputs/extraction/exchange_rate/504_168/chronos2/raw/euclidean/1/online/run_1 status=complete
2026-08-14T04:17:01+02:00 skip complete family=baselines dataset=exchange_rate model=chronos2 formula=cov_forecast lags=504 horizon=168 retrieval=raw_euclidean_1_online run=/home/h61084/codes/adapts/outputs/adaptation/screen/exchange_rate/504_168/chronos2/cov_forecast/raw/euclidean/1/online/run_0
2026-08-14T04:17:01+02:00 skip complete family=baselines dataset=exchange_rate model=chronos2 formula=avgy lags=504 horizon=168 retrieval=raw_euclidean_1_online run=/home/h61084/codes/adapts/outputs/adaptation/screen/exchange_rate/504_168/chronos2/avgy/raw/euclidean/1/online/run_0
2026-08-14T04:17:01+02:00 skip complete family=baselines dataset=exchange_rate model=chronos2 formula=y_mean lags=504 horizon=168 retrieval=raw_euclidean_1_online run=/home/h61084/codes/adapts/outputs/adaptation/screen/exchange_rate/504_168/chronos2/y_mean/raw/euclidean/1/online/run_0
2026-08-14T04:17:01+02:00 skip complete family=baselines dataset=exchange_rate model=chronos2 formula=cov_ridge_shared lags=504 horizon=168 retrieval=raw_euclidean_1_online run=/home/h61084/codes/adapts/outputs/adaptation/screen/exchange_rate/504_168/chronos2/cov_ridge_shared/raw/euclidean/1/online/run_0
2026-08-14T04:17:01+02:00 skip complete family=baselines dataset=exchange_rate model=chronos2 formula=avgy_ridge_shared lags=504 horizon=168 retrieval=raw_euclidean_1_online run=/home/h61084/codes/adapts/outputs/adaptation/screen/exchange_rate/504_168/chronos2/avgy_ridge_shared/raw/euclidean/1/online/run_0
2026-08-14T04:17:01+02:00 skip complete family=baselines dataset=exchange_rate model=chronos2 formula=y_ridge_shared lags=504 horizon=168 retrieval=raw_euclidean_1_online run=/home/h61084/codes/adapts/outputs/adaptation/screen/exchange_rate/504_168/chronos2/y_ridge_shared/raw/euclidean/1/online/run_0
2026-08-14T04:17:01+02:00 skip complete family=baselines dataset=exchange_rate model=chronos2 formula=cov_y_ridge_shared lags=504 horizon=168 retrieval=raw_euclidean_1_online run=/home/h61084/codes/adapts/outputs/adaptation/screen/exchange_rate/504_168/chronos2/cov_y_ridge_shared/raw/euclidean/1/online/run_0
2026-08-14T04:17:01+02:00 skip complete family=baselines dataset=exchange_rate model=chronos2 formula=cov_avgy_ridge_shared lags=504 horizon=168 retrieval=raw_euclidean_1_online run=/home/h61084/codes/adapts/outputs/adaptation/screen/exchange_rate/504_168/chronos2/cov_avgy_ridge_shared/raw/euclidean/1/online/run_0
2026-08-14T04:17:01+02:00 skip complete family=baselines dataset=exchange_rate model=chronos2 formula=residual_ridge_shared lags=504 horizon=168 retrieval=raw_euclidean_1_online run=/home/h61084/codes/adapts/outputs/adaptation/screen/exchange_rate/504_168/chronos2/residual_ridge_shared/raw/euclidean/1/online/run_0
2026-08-14T04:17:02+02:00 skip complete family=baselines dataset=exchange_rate model=chronos2 formula=full_ridge_shared lags=504 horizon=168 retrieval=raw_euclidean_1_online run=/home/h61084/codes/adapts/outputs/adaptation/screen/exchange_rate/504_168/chronos2/full_ridge_shared/raw/euclidean/1/online/run_0
2026-08-14 04:17:04,057 INFO [__main__] extraction validation directory=/home/h61084/codes/adapts/outputs/extraction/exchange_rate/504_168/chronos2/raw/euclidean/3/online/run_1 status=complete
2026-08-14T04:17:04+02:00 skip complete family=baselines dataset=exchange_rate model=chronos2 formula=cov_forecast lags=504 horizon=168 retrieval=raw_euclidean_3_online run=/home/h61084/codes/adapts/outputs/adaptation/screen/exchange_rate/504_168/chronos2/cov_forecast/raw/euclidean/3/online/run_0
2026-08-14T04:17:04+02:00 skip complete family=baselines dataset=exchange_rate model=chronos2 formula=avgy lags=504 horizon=168 retrieval=raw_euclidean_3_online run=/home/h61084/codes/adapts/outputs/adaptation/screen/exchange_rate/504_168/chronos2/avgy/raw/euclidean/3/online/run_0
2026-08-14T04:17:04+02:00 skip complete family=baselines dataset=exchange_rate model=chronos2 formula=y_mean lags=504 horizon=168 retrieval=raw_euclidean_3_online run=/home/h61084/codes/adapts/outputs/adaptation/screen/exchange_rate/504_168/chronos2/y_mean/raw/euclidean/3/online/run_0
2026-08-14T04:17:04+02:00 skip complete family=baselines dataset=exchange_rate model=chronos2 formula=cov_ridge_shared lags=504 horizon=168 retrieval=raw_euclidean_3_online run=/home/h61084/codes/adapts/outputs/adaptation/screen/exchange_rate/504_168/chronos2/cov_ridge_shared/raw/euclidean/3/online/run_0
2026-08-14T04:17:04+02:00 skip complete family=baselines dataset=exchange_rate model=chronos2 formula=avgy_ridge_shared lags=504 horizon=168 retrieval=raw_euclidean_3_online run=/home/h61084/codes/adapts/outputs/adaptation/screen/exchange_rate/504_168/chronos2/avgy_ridge_shared/raw/euclidean/3/online/run_0
2026-08-14T04:17:04+02:00 skip complete family=baselines dataset=exchange_rate model=chronos2 formula=y_ridge_shared lags=504 horizon=168 retrieval=raw_euclidean_3_online run=/home/h61084/codes/adapts/outputs/adaptation/screen/exchange_rate/504_168/chronos2/y_ridge_shared/raw/euclidean/3/online/run_0
2026-08-14T04:17:04+02:00 skip complete family=baselines dataset=exchange_rate model=chronos2 formula=cov_y_ridge_shared lags=504 horizon=168 retrieval=raw_euclidean_3_online run=/home/h61084/codes/adapts/outputs/adaptation/screen/exchange_rate/504_168/chronos2/cov_y_ridge_shared/raw/euclidean/3/online/run_0
2026-08-14T04:17:04+02:00 skip complete family=baselines dataset=exchange_rate model=chronos2 formula=cov_avgy_ridge_shared lags=504 horizon=168 retrieval=raw_euclidean_3_online run=/home/h61084/codes/adapts/outputs/adaptation/screen/exchange_rate/504_168/chronos2/cov_avgy_ridge_shared/raw/euclidean/3/online/run_0
2026-08-14T04:17:04+02:00 skip complete family=baselines dataset=exchange_rate model=chronos2 formula=residual_ridge_shared lags=504 horizon=168 retrieval=raw_euclidean_3_online run=/home/h61084/codes/adapts/outputs/adaptation/screen/exchange_rate/504_168/chronos2/residual_ridge_shared/raw/euclidean/3/online/run_0
2026-08-14T04:17:05+02:00 skip complete family=baselines dataset=exchange_rate model=chronos2 formula=full_ridge_shared lags=504 horizon=168 retrieval=raw_euclidean_3_online run=/home/h61084/codes/adapts/outputs/adaptation/screen/exchange_rate/504_168/chronos2/full_ridge_shared/raw/euclidean/3/online/run_0
2026-08-14 04:17:07,178 INFO [__main__] extraction validation directory=/home/h61084/codes/adapts/outputs/extraction/exchange_rate/504_168/chronos2/instance/euclidean/1/online/run_1 status=complete
2026-08-14T04:17:07+02:00 skip complete family=baselines dataset=exchange_rate model=chronos2 formula=cov_forecast lags=504 horizon=168 retrieval=instance_euclidean_1_online run=/home/h61084/codes/adapts/outputs/adaptation/screen/exchange_rate/504_168/chronos2/cov_forecast/instance/euclidean/1/online/run_0
2026-08-14T04:17:07+02:00 skip complete family=baselines dataset=exchange_rate model=chronos2 formula=avgy lags=504 horizon=168 retrieval=instance_euclidean_1_online run=/home/h61084/codes/adapts/outputs/adaptation/screen/exchange_rate/504_168/chronos2/avgy/instance/euclidean/1/online/run_0
2026-08-14T04:17:07+02:00 skip complete family=baselines dataset=exchange_rate model=chronos2 formula=y_mean lags=504 horizon=168 retrieval=instance_euclidean_1_online run=/home/h61084/codes/adapts/outputs/adaptation/screen/exchange_rate/504_168/chronos2/y_mean/instance/euclidean/1/online/run_0
2026-08-14T04:17:07+02:00 skip complete family=baselines dataset=exchange_rate model=chronos2 formula=cov_ridge_shared lags=504 horizon=168 retrieval=instance_euclidean_1_online run=/home/h61084/codes/adapts/outputs/adaptation/screen/exchange_rate/504_168/chronos2/cov_ridge_shared/instance/euclidean/1/online/run_0
2026-08-14T04:17:07+02:00 skip complete family=baselines dataset=exchange_rate model=chronos2 formula=avgy_ridge_shared lags=504 horizon=168 retrieval=instance_euclidean_1_online run=/home/h61084/codes/adapts/outputs/adaptation/screen/exchange_rate/504_168/chronos2/avgy_ridge_shared/instance/euclidean/1/online/run_0
2026-08-14T04:17:07+02:00 skip complete family=baselines dataset=exchange_rate model=chronos2 formula=y_ridge_shared lags=504 horizon=168 retrieval=instance_euclidean_1_online run=/home/h61084/codes/adapts/outputs/adaptation/screen/exchange_rate/504_168/chronos2/y_ridge_shared/instance/euclidean/1/online/run_0
2026-08-14T04:17:08+02:00 skip complete family=baselines dataset=exchange_rate model=chronos2 formula=cov_y_ridge_shared lags=504 horizon=168 retrieval=instance_euclidean_1_online run=/home/h61084/codes/adapts/outputs/adaptation/screen/exchange_rate/504_168/chronos2/cov_y_ridge_shared/instance/euclidean/1/online/run_0
2026-08-14T04:17:08+02:00 skip complete family=baselines dataset=exchange_rate model=chronos2 formula=cov_avgy_ridge_shared lags=504 horizon=168 retrieval=instance_euclidean_1_online run=/home/h61084/codes/adapts/outputs/adaptation/screen/exchange_rate/504_168/chronos2/cov_avgy_ridge_shared/instance/euclidean/1/online/run_0
2026-08-14T04:17:08+02:00 skip complete family=baselines dataset=exchange_rate model=chronos2 formula=residual_ridge_shared lags=504 horizon=168 retrieval=instance_euclidean_1_online run=/home/h61084/codes/adapts/outputs/adaptation/screen/exchange_rate/504_168/chronos2/residual_ridge_shared/instance/euclidean/1/online/run_0
2026-08-14T04:17:08+02:00 skip complete family=baselines dataset=exchange_rate model=chronos2 formula=full_ridge_shared lags=504 horizon=168 retrieval=instance_euclidean_1_online run=/home/h61084/codes/adapts/outputs/adaptation/screen/exchange_rate/504_168/chronos2/full_ridge_shared/instance/euclidean/1/online/run_0
2026-08-14 04:17:10,332 INFO [__main__] extraction validation directory=/home/h61084/codes/adapts/outputs/extraction/exchange_rate/504_168/chronos2/instance/euclidean/3/online/run_1 status=complete
2026-08-14T04:17:10+02:00 skip complete family=baselines dataset=exchange_rate model=chronos2 formula=cov_forecast lags=504 horizon=168 retrieval=instance_euclidean_3_online run=/home/h61084/codes/adapts/outputs/adaptation/screen/exchange_rate/504_168/chronos2/cov_forecast/instance/euclidean/3/online/run_0
2026-08-14T04:17:10+02:00 skip complete family=baselines dataset=exchange_rate model=chronos2 formula=avgy lags=504 horizon=168 retrieval=instance_euclidean_3_online run=/home/h61084/codes/adapts/outputs/adaptation/screen/exchange_rate/504_168/chronos2/avgy/instance/euclidean/3/online/run_0
2026-08-14T04:17:10+02:00 skip complete family=baselines dataset=exchange_rate model=chronos2 formula=y_mean lags=504 horizon=168 retrieval=instance_euclidean_3_online run=/home/h61084/codes/adapts/outputs/adaptation/screen/exchange_rate/504_168/chronos2/y_mean/instance/euclidean/3/online/run_0
2026-08-14T04:17:11+02:00 skip complete family=baselines dataset=exchange_rate model=chronos2 formula=cov_ridge_shared lags=504 horizon=168 retrieval=instance_euclidean_3_online run=/home/h61084/codes/adapts/outputs/adaptation/screen/exchange_rate/504_168/chronos2/cov_ridge_shared/instance/euclidean/3/online/run_0
2026-08-14T04:17:11+02:00 skip complete family=baselines dataset=exchange_rate model=chronos2 formula=avgy_ridge_shared lags=504 horizon=168 retrieval=instance_euclidean_3_online run=/home/h61084/codes/adapts/outputs/adaptation/screen/exchange_rate/504_168/chronos2/avgy_ridge_shared/instance/euclidean/3/online/run_0
2026-08-14T04:17:11+02:00 skip complete family=baselines dataset=exchange_rate model=chronos2 formula=y_ridge_shared lags=504 horizon=168 retrieval=instance_euclidean_3_online run=/home/h61084/codes/adapts/outputs/adaptation/screen/exchange_rate/504_168/chronos2/y_ridge_shared/instance/euclidean/3/online/run_0
2026-08-14T04:17:11+02:00 skip complete family=baselines dataset=exchange_rate model=chronos2 formula=cov_y_ridge_shared lags=504 horizon=168 retrieval=instance_euclidean_3_online run=/home/h61084/codes/adapts/outputs/adaptation/screen/exchange_rate/504_168/chronos2/cov_y_ridge_shared/instance/euclidean/3/online/run_0
2026-08-14T04:17:11+02:00 skip complete family=baselines dataset=exchange_rate model=chronos2 formula=cov_avgy_ridge_shared lags=504 horizon=168 retrieval=instance_euclidean_3_online run=/home/h61084/codes/adapts/outputs/adaptation/screen/exchange_rate/504_168/chronos2/cov_avgy_ridge_shared/instance/euclidean/3/online/run_0
2026-08-14T04:17:11+02:00 skip complete family=baselines dataset=exchange_rate model=chronos2 formula=residual_ridge_shared lags=504 horizon=168 retrieval=instance_euclidean_3_online run=/home/h61084/codes/adapts/outputs/adaptation/screen/exchange_rate/504_168/chronos2/residual_ridge_shared/instance/euclidean/3/online/run_0
2026-08-14T04:17:11+02:00 skip complete family=baselines dataset=exchange_rate model=chronos2 formula=full_ridge_shared lags=504 horizon=168 retrieval=instance_euclidean_3_online run=/home/h61084/codes/adapts/outputs/adaptation/screen/exchange_rate/504_168/chronos2/full_ridge_shared/instance/euclidean/3/online/run_0

2026-08-14T04:17:11+02:00 job done kind=baselines output=outputs/adaptation/screen

2026-08-14T04:17:11+02:00 job start kind=gates family=screen experiment_mode=full skip_complete=true tasks=48 datasets=Electricity,Traffic,Solar,exchange_rate models=chronos2 settings=168:24,336:48,504:168 distance_spaces=raw,instance distance_metrics=euclidean neighbors=1,3 methods=cov_forecast,avgy,bayes_cov_shared,bayes_avgy_shared,catboost_cov_regressor_shared,catboost_avgy_regressor_shared,oracle_cov_shared,oracle_avgy_shared task_type=CPU thread_count=2 horizon_fits=serial allocated_cpus=16 results_root=outputs/adaptation/screen
2026-08-14 04:17:13,412 INFO [__main__] extraction validation directory=/home/h61084/codes/adapts/outputs/extraction/Electricity/168_24/chronos2/raw/euclidean/1/online/run_1 status=complete
2026-08-14T04:17:13+02:00 skip complete family=gates dataset=Electricity model=chronos2 formula=cov_forecast lags=168 horizon=24 retrieval=raw_euclidean_1_online run=/home/h61084/codes/adapts/outputs/adaptation/screen/Electricity/168_24/chronos2/cov_forecast/raw/euclidean/1/online/run_1
2026-08-14T04:17:13+02:00 skip complete family=gates dataset=Electricity model=chronos2 formula=avgy lags=168 horizon=24 retrieval=raw_euclidean_1_online run=/home/h61084/codes/adapts/outputs/adaptation/screen/Electricity/168_24/chronos2/avgy/raw/euclidean/1/online/run_1
2026-08-14T04:17:13+02:00 skip complete family=gates dataset=Electricity model=chronos2 formula=bayes_cov_shared lags=168 horizon=24 retrieval=raw_euclidean_1_online run=/home/h61084/codes/adapts/outputs/adaptation/screen/Electricity/168_24/chronos2/bayes_cov_shared/raw/euclidean/1/online/run_0
2026-08-14T04:17:14+02:00 skip complete family=gates dataset=Electricity model=chronos2 formula=bayes_avgy_shared lags=168 horizon=24 retrieval=raw_euclidean_1_online run=/home/h61084/codes/adapts/outputs/adaptation/screen/Electricity/168_24/chronos2/bayes_avgy_shared/raw/euclidean/1/online/run_0
2026-08-14T04:17:14+02:00 skip complete family=gates dataset=Electricity model=chronos2 formula=catboost_cov_regressor_shared lags=168 horizon=24 retrieval=raw_euclidean_1_online run=/home/h61084/codes/adapts/outputs/adaptation/screen/Electricity/168_24/chronos2/catboost_cov_regressor_shared/raw/euclidean/1/online/run_0
2026-08-14T04:17:14+02:00 skip complete family=gates dataset=Electricity model=chronos2 formula=catboost_avgy_regressor_shared lags=168 horizon=24 retrieval=raw_euclidean_1_online run=/home/h61084/codes/adapts/outputs/adaptation/screen/Electricity/168_24/chronos2/catboost_avgy_regressor_shared/raw/euclidean/1/online/run_0
2026-08-14T04:17:14+02:00 skip complete family=gates dataset=Electricity model=chronos2 formula=oracle_cov_shared lags=168 horizon=24 retrieval=raw_euclidean_1_online run=/home/h61084/codes/adapts/outputs/adaptation/screen/Electricity/168_24/chronos2/oracle_cov_shared/raw/euclidean/1/online/run_0
2026-08-14T04:17:14+02:00 skip complete family=gates dataset=Electricity model=chronos2 formula=oracle_avgy_shared lags=168 horizon=24 retrieval=raw_euclidean_1_online run=/home/h61084/codes/adapts/outputs/adaptation/screen/Electricity/168_24/chronos2/oracle_avgy_shared/raw/euclidean/1/online/run_0
2026-08-14 04:17:16,436 INFO [__main__] extraction validation directory=/home/h61084/codes/adapts/outputs/extraction/Electricity/168_24/chronos2/raw/euclidean/3/online/run_1 status=complete
2026-08-14T04:17:16+02:00 skip complete family=gates dataset=Electricity model=chronos2 formula=cov_forecast lags=168 horizon=24 retrieval=raw_euclidean_3_online run=/home/h61084/codes/adapts/outputs/adaptation/screen/Electricity/168_24/chronos2/cov_forecast/raw/euclidean/3/online/run_1
2026-08-14T04:17:16+02:00 skip complete family=gates dataset=Electricity model=chronos2 formula=avgy lags=168 horizon=24 retrieval=raw_euclidean_3_online run=/home/h61084/codes/adapts/outputs/adaptation/screen/Electricity/168_24/chronos2/avgy/raw/euclidean/3/online/run_1
2026-08-14T04:17:17+02:00 skip complete family=gates dataset=Electricity model=chronos2 formula=bayes_cov_shared lags=168 horizon=24 retrieval=raw_euclidean_3_online run=/home/h61084/codes/adapts/outputs/adaptation/screen/Electricity/168_24/chronos2/bayes_cov_shared/raw/euclidean/3/online/run_0
2026-08-14T04:17:17+02:00 skip complete family=gates dataset=Electricity model=chronos2 formula=bayes_avgy_shared lags=168 horizon=24 retrieval=raw_euclidean_3_online run=/home/h61084/codes/adapts/outputs/adaptation/screen/Electricity/168_24/chronos2/bayes_avgy_shared/raw/euclidean/3/online/run_0
2026-08-14T04:17:17+02:00 skip complete family=gates dataset=Electricity model=chronos2 formula=catboost_cov_regressor_shared lags=168 horizon=24 retrieval=raw_euclidean_3_online run=/home/h61084/codes/adapts/outputs/adaptation/screen/Electricity/168_24/chronos2/catboost_cov_regressor_shared/raw/euclidean/3/online/run_0
2026-08-14T04:17:17+02:00 skip complete family=gates dataset=Electricity model=chronos2 formula=catboost_avgy_regressor_shared lags=168 horizon=24 retrieval=raw_euclidean_3_online run=/home/h61084/codes/adapts/outputs/adaptation/screen/Electricity/168_24/chronos2/catboost_avgy_regressor_shared/raw/euclidean/3/online/run_0
2026-08-14T04:17:17+02:00 skip complete family=gates dataset=Electricity model=chronos2 formula=oracle_cov_shared lags=168 horizon=24 retrieval=raw_euclidean_3_online run=/home/h61084/codes/adapts/outputs/adaptation/screen/Electricity/168_24/chronos2/oracle_cov_shared/raw/euclidean/3/online/run_0
2026-08-14T04:17:17+02:00 skip complete family=gates dataset=Electricity model=chronos2 formula=oracle_avgy_shared lags=168 horizon=24 retrieval=raw_euclidean_3_online run=/home/h61084/codes/adapts/outputs/adaptation/screen/Electricity/168_24/chronos2/oracle_avgy_shared/raw/euclidean/3/online/run_0
2026-08-14 04:17:19,522 INFO [__main__] extraction validation directory=/home/h61084/codes/adapts/outputs/extraction/Electricity/168_24/chronos2/instance/euclidean/1/online/run_1 status=complete
2026-08-14T04:17:19+02:00 skip complete family=gates dataset=Electricity model=chronos2 formula=cov_forecast lags=168 horizon=24 retrieval=instance_euclidean_1_online run=/home/h61084/codes/adapts/outputs/adaptation/screen/Electricity/168_24/chronos2/cov_forecast/instance/euclidean/1/online/run_1
2026-08-14T04:17:20+02:00 skip complete family=gates dataset=Electricity model=chronos2 formula=avgy lags=168 horizon=24 retrieval=instance_euclidean_1_online run=/home/h61084/codes/adapts/outputs/adaptation/screen/Electricity/168_24/chronos2/avgy/instance/euclidean/1/online/run_1
2026-08-14T04:17:20+02:00 skip complete family=gates dataset=Electricity model=chronos2 formula=bayes_cov_shared lags=168 horizon=24 retrieval=instance_euclidean_1_online run=/home/h61084/codes/adapts/outputs/adaptation/screen/Electricity/168_24/chronos2/bayes_cov_shared/instance/euclidean/1/online/run_0
2026-08-14T04:17:20+02:00 skip complete family=gates dataset=Electricity model=chronos2 formula=bayes_avgy_shared lags=168 horizon=24 retrieval=instance_euclidean_1_online run=/home/h61084/codes/adapts/outputs/adaptation/screen/Electricity/168_24/chronos2/bayes_avgy_shared/instance/euclidean/1/online/run_0
2026-08-14T04:17:20+02:00 skip complete family=gates dataset=Electricity model=chronos2 formula=catboost_cov_regressor_shared lags=168 horizon=24 retrieval=instance_euclidean_1_online run=/home/h61084/codes/adapts/outputs/adaptation/screen/Electricity/168_24/chronos2/catboost_cov_regressor_shared/instance/euclidean/1/online/run_0
2026-08-14T04:17:20+02:00 skip complete family=gates dataset=Electricity model=chronos2 formula=catboost_avgy_regressor_shared lags=168 horizon=24 retrieval=instance_euclidean_1_online run=/home/h61084/codes/adapts/outputs/adaptation/screen/Electricity/168_24/chronos2/catboost_avgy_regressor_shared/instance/euclidean/1/online/run_0
2026-08-14T04:17:20+02:00 skip complete family=gates dataset=Electricity model=chronos2 formula=oracle_cov_shared lags=168 horizon=24 retrieval=instance_euclidean_1_online run=/home/h61084/codes/adapts/outputs/adaptation/screen/Electricity/168_24/chronos2/oracle_cov_shared/instance/euclidean/1/online/run_0
2026-08-14T04:17:20+02:00 skip complete family=gates dataset=Electricity model=chronos2 formula=oracle_avgy_shared lags=168 horizon=24 retrieval=instance_euclidean_1_online run=/home/h61084/codes/adapts/outputs/adaptation/screen/Electricity/168_24/chronos2/oracle_avgy_shared/instance/euclidean/1/online/run_0
2026-08-14 04:17:22,520 INFO [__main__] extraction validation directory=/home/h61084/codes/adapts/outputs/extraction/Electricity/168_24/chronos2/instance/euclidean/3/online/run_1 status=complete
2026-08-14T04:17:22+02:00 skip complete family=gates dataset=Electricity model=chronos2 formula=cov_forecast lags=168 horizon=24 retrieval=instance_euclidean_3_online run=/home/h61084/codes/adapts/outputs/adaptation/screen/Electricity/168_24/chronos2/cov_forecast/instance/euclidean/3/online/run_1
2026-08-14T04:17:23+02:00 skip complete family=gates dataset=Electricity model=chronos2 formula=avgy lags=168 horizon=24 retrieval=instance_euclidean_3_online run=/home/h61084/codes/adapts/outputs/adaptation/screen/Electricity/168_24/chronos2/avgy/instance/euclidean/3/online/run_1
2026-08-14T04:17:23+02:00 skip complete family=gates dataset=Electricity model=chronos2 formula=bayes_cov_shared lags=168 horizon=24 retrieval=instance_euclidean_3_online run=/home/h61084/codes/adapts/outputs/adaptation/screen/Electricity/168_24/chronos2/bayes_cov_shared/instance/euclidean/3/online/run_0
2026-08-14T04:17:23+02:00 skip complete family=gates dataset=Electricity model=chronos2 formula=bayes_avgy_shared lags=168 horizon=24 retrieval=instance_euclidean_3_online run=/home/h61084/codes/adapts/outputs/adaptation/screen/Electricity/168_24/chronos2/bayes_avgy_shared/instance/euclidean/3/online/run_0
2026-08-14T04:17:23+02:00 skip complete family=gates dataset=Electricity model=chronos2 formula=catboost_cov_regressor_shared lags=168 horizon=24 retrieval=instance_euclidean_3_online run=/home/h61084/codes/adapts/outputs/adaptation/screen/Electricity/168_24/chronos2/catboost_cov_regressor_shared/instance/euclidean/3/online/run_0
2026-08-14T04:17:23+02:00 skip complete family=gates dataset=Electricity model=chronos2 formula=catboost_avgy_regressor_shared lags=168 horizon=24 retrieval=instance_euclidean_3_online run=/home/h61084/codes/adapts/outputs/adaptation/screen/Electricity/168_24/chronos2/catboost_avgy_regressor_shared/instance/euclidean/3/online/run_0
2026-08-14T04:17:23+02:00 skip complete family=gates dataset=Electricity model=chronos2 formula=oracle_cov_shared lags=168 horizon=24 retrieval=instance_euclidean_3_online run=/home/h61084/codes/adapts/outputs/adaptation/screen/Electricity/168_24/chronos2/oracle_cov_shared/instance/euclidean/3/online/run_0
2026-08-14T04:17:23+02:00 skip complete family=gates dataset=Electricity model=chronos2 formula=oracle_avgy_shared lags=168 horizon=24 retrieval=instance_euclidean_3_online run=/home/h61084/codes/adapts/outputs/adaptation/screen/Electricity/168_24/chronos2/oracle_avgy_shared/instance/euclidean/3/online/run_0
2026-08-14 04:17:25,451 INFO [__main__] extraction validation directory=/home/h61084/codes/adapts/outputs/extraction/Electricity/336_48/chronos2/raw/euclidean/1/online/run_1 status=complete
2026-08-14T04:17:25+02:00 skip complete family=gates dataset=Electricity model=chronos2 formula=cov_forecast lags=336 horizon=48 retrieval=raw_euclidean_1_online run=/home/h61084/codes/adapts/outputs/adaptation/screen/Electricity/336_48/chronos2/cov_forecast/raw/euclidean/1/online/run_1
2026-08-14T04:17:25+02:00 skip complete family=gates dataset=Electricity model=chronos2 formula=avgy lags=336 horizon=48 retrieval=raw_euclidean_1_online run=/home/h61084/codes/adapts/outputs/adaptation/screen/Electricity/336_48/chronos2/avgy/raw/euclidean/1/online/run_1
2026-08-14T04:17:26+02:00 skip complete family=gates dataset=Electricity model=chronos2 formula=bayes_cov_shared lags=336 horizon=48 retrieval=raw_euclidean_1_online run=/home/h61084/codes/adapts/outputs/adaptation/screen/Electricity/336_48/chronos2/bayes_cov_shared/raw/euclidean/1/online/run_0
2026-08-14T04:17:26+02:00 skip complete family=gates dataset=Electricity model=chronos2 formula=bayes_avgy_shared lags=336 horizon=48 retrieval=raw_euclidean_1_online run=/home/h61084/codes/adapts/outputs/adaptation/screen/Electricity/336_48/chronos2/bayes_avgy_shared/raw/euclidean/1/online/run_0
2026-08-14T04:17:26+02:00 skip complete family=gates dataset=Electricity model=chronos2 formula=catboost_cov_regressor_shared lags=336 horizon=48 retrieval=raw_euclidean_1_online run=/home/h61084/codes/adapts/outputs/adaptation/screen/Electricity/336_48/chronos2/catboost_cov_regressor_shared/raw/euclidean/1/online/run_0
2026-08-14T04:17:26+02:00 skip complete family=gates dataset=Electricity model=chronos2 formula=catboost_avgy_regressor_shared lags=336 horizon=48 retrieval=raw_euclidean_1_online run=/home/h61084/codes/adapts/outputs/adaptation/screen/Electricity/336_48/chronos2/catboost_avgy_regressor_shared/raw/euclidean/1/online/run_0
2026-08-14T04:17:26+02:00 skip complete family=gates dataset=Electricity model=chronos2 formula=oracle_cov_shared lags=336 horizon=48 retrieval=raw_euclidean_1_online run=/home/h61084/codes/adapts/outputs/adaptation/screen/Electricity/336_48/chronos2/oracle_cov_shared/raw/euclidean/1/online/run_0
2026-08-14T04:17:26+02:00 skip complete family=gates dataset=Electricity model=chronos2 formula=oracle_avgy_shared lags=336 horizon=48 retrieval=raw_euclidean_1_online run=/home/h61084/codes/adapts/outputs/adaptation/screen/Electricity/336_48/chronos2/oracle_avgy_shared/raw/euclidean/1/online/run_0
2026-08-14 04:17:28,448 INFO [__main__] extraction validation directory=/home/h61084/codes/adapts/outputs/extraction/Electricity/336_48/chronos2/raw/euclidean/3/online/run_1 status=complete
2026-08-14T04:17:28+02:00 skip complete family=gates dataset=Electricity model=chronos2 formula=cov_forecast lags=336 horizon=48 retrieval=raw_euclidean_3_online run=/home/h61084/codes/adapts/outputs/adaptation/screen/Electricity/336_48/chronos2/cov_forecast/raw/euclidean/3/online/run_1
2026-08-14T04:17:28+02:00 skip complete family=gates dataset=Electricity model=chronos2 formula=avgy lags=336 horizon=48 retrieval=raw_euclidean_3_online run=/home/h61084/codes/adapts/outputs/adaptation/screen/Electricity/336_48/chronos2/avgy/raw/euclidean/3/online/run_1
2026-08-14T04:17:29+02:00 skip complete family=gates dataset=Electricity model=chronos2 formula=bayes_cov_shared lags=336 horizon=48 retrieval=raw_euclidean_3_online run=/home/h61084/codes/adapts/outputs/adaptation/screen/Electricity/336_48/chronos2/bayes_cov_shared/raw/euclidean/3/online/run_0
2026-08-14T04:17:29+02:00 skip complete family=gates dataset=Electricity model=chronos2 formula=bayes_avgy_shared lags=336 horizon=48 retrieval=raw_euclidean_3_online run=/home/h61084/codes/adapts/outputs/adaptation/screen/Electricity/336_48/chronos2/bayes_avgy_shared/raw/euclidean/3/online/run_0
2026-08-14T04:17:29+02:00 skip complete family=gates dataset=Electricity model=chronos2 formula=catboost_cov_regressor_shared lags=336 horizon=48 retrieval=raw_euclidean_3_online run=/home/h61084/codes/adapts/outputs/adaptation/screen/Electricity/336_48/chronos2/catboost_cov_regressor_shared/raw/euclidean/3/online/run_0
2026-08-14T04:17:29+02:00 skip complete family=gates dataset=Electricity model=chronos2 formula=catboost_avgy_regressor_shared lags=336 horizon=48 retrieval=raw_euclidean_3_online run=/home/h61084/codes/adapts/outputs/adaptation/screen/Electricity/336_48/chronos2/catboost_avgy_regressor_shared/raw/euclidean/3/online/run_0
2026-08-14T04:17:29+02:00 skip complete family=gates dataset=Electricity model=chronos2 formula=oracle_cov_shared lags=336 horizon=48 retrieval=raw_euclidean_3_online run=/home/h61084/codes/adapts/outputs/adaptation/screen/Electricity/336_48/chronos2/oracle_cov_shared/raw/euclidean/3/online/run_0
2026-08-14T04:17:29+02:00 skip complete family=gates dataset=Electricity model=chronos2 formula=oracle_avgy_shared lags=336 horizon=48 retrieval=raw_euclidean_3_online run=/home/h61084/codes/adapts/outputs/adaptation/screen/Electricity/336_48/chronos2/oracle_avgy_shared/raw/euclidean/3/online/run_0
2026-08-14 04:17:31,420 INFO [__main__] extraction validation directory=/home/h61084/codes/adapts/outputs/extraction/Electricity/336_48/chronos2/instance/euclidean/1/online/run_1 status=complete
2026-08-14T04:17:31+02:00 skip complete family=gates dataset=Electricity model=chronos2 formula=cov_forecast lags=336 horizon=48 retrieval=instance_euclidean_1_online run=/home/h61084/codes/adapts/outputs/adaptation/screen/Electricity/336_48/chronos2/cov_forecast/instance/euclidean/1/online/run_1
2026-08-14T04:17:31+02:00 skip complete family=gates dataset=Electricity model=chronos2 formula=avgy lags=336 horizon=48 retrieval=instance_euclidean_1_online run=/home/h61084/codes/adapts/outputs/adaptation/screen/Electricity/336_48/chronos2/avgy/instance/euclidean/1/online/run_1
2026-08-14T04:17:31+02:00 skip complete family=gates dataset=Electricity model=chronos2 formula=bayes_cov_shared lags=336 horizon=48 retrieval=instance_euclidean_1_online run=/home/h61084/codes/adapts/outputs/adaptation/screen/Electricity/336_48/chronos2/bayes_cov_shared/instance/euclidean/1/online/run_0
2026-08-14T04:17:32+02:00 skip complete family=gates dataset=Electricity model=chronos2 formula=bayes_avgy_shared lags=336 horizon=48 retrieval=instance_euclidean_1_online run=/home/h61084/codes/adapts/outputs/adaptation/screen/Electricity/336_48/chronos2/bayes_avgy_shared/instance/euclidean/1/online/run_0
2026-08-14T04:17:32+02:00 skip complete family=gates dataset=Electricity model=chronos2 formula=catboost_cov_regressor_shared lags=336 horizon=48 retrieval=instance_euclidean_1_online run=/home/h61084/codes/adapts/outputs/adaptation/screen/Electricity/336_48/chronos2/catboost_cov_regressor_shared/instance/euclidean/1/online/run_0
2026-08-14T04:17:32+02:00 skip complete family=gates dataset=Electricity model=chronos2 formula=catboost_avgy_regressor_shared lags=336 horizon=48 retrieval=instance_euclidean_1_online run=/home/h61084/codes/adapts/outputs/adaptation/screen/Electricity/336_48/chronos2/catboost_avgy_regressor_shared/instance/euclidean/1/online/run_0
2026-08-14T04:17:32+02:00 skip complete family=gates dataset=Electricity model=chronos2 formula=oracle_cov_shared lags=336 horizon=48 retrieval=instance_euclidean_1_online run=/home/h61084/codes/adapts/outputs/adaptation/screen/Electricity/336_48/chronos2/oracle_cov_shared/instance/euclidean/1/online/run_0
2026-08-14T04:17:32+02:00 skip complete family=gates dataset=Electricity model=chronos2 formula=oracle_avgy_shared lags=336 horizon=48 retrieval=instance_euclidean_1_online run=/home/h61084/codes/adapts/outputs/adaptation/screen/Electricity/336_48/chronos2/oracle_avgy_shared/instance/euclidean/1/online/run_0
2026-08-14 04:17:34,433 INFO [__main__] extraction validation directory=/home/h61084/codes/adapts/outputs/extraction/Electricity/336_48/chronos2/instance/euclidean/3/online/run_1 status=complete
2026-08-14T04:17:34+02:00 skip complete family=gates dataset=Electricity model=chronos2 formula=cov_forecast lags=336 horizon=48 retrieval=instance_euclidean_3_online run=/home/h61084/codes/adapts/outputs/adaptation/screen/Electricity/336_48/chronos2/cov_forecast/instance/euclidean/3/online/run_1
2026-08-14T04:17:34+02:00 skip complete family=gates dataset=Electricity model=chronos2 formula=avgy lags=336 horizon=48 retrieval=instance_euclidean_3_online run=/home/h61084/codes/adapts/outputs/adaptation/screen/Electricity/336_48/chronos2/avgy/instance/euclidean/3/online/run_1
2026-08-14T04:17:34+02:00 skip complete family=gates dataset=Electricity model=chronos2 formula=bayes_cov_shared lags=336 horizon=48 retrieval=instance_euclidean_3_online run=/home/h61084/codes/adapts/outputs/adaptation/screen/Electricity/336_48/chronos2/bayes_cov_shared/instance/euclidean/3/online/run_0
2026-08-14T04:17:35+02:00 skip complete family=gates dataset=Electricity model=chronos2 formula=bayes_avgy_shared lags=336 horizon=48 retrieval=instance_euclidean_3_online run=/home/h61084/codes/adapts/outputs/adaptation/screen/Electricity/336_48/chronos2/bayes_avgy_shared/instance/euclidean/3/online/run_0
2026-08-14T04:17:35+02:00 skip complete family=gates dataset=Electricity model=chronos2 formula=catboost_cov_regressor_shared lags=336 horizon=48 retrieval=instance_euclidean_3_online run=/home/h61084/codes/adapts/outputs/adaptation/screen/Electricity/336_48/chronos2/catboost_cov_regressor_shared/instance/euclidean/3/online/run_0
2026-08-14T04:17:35+02:00 skip complete family=gates dataset=Electricity model=chronos2 formula=catboost_avgy_regressor_shared lags=336 horizon=48 retrieval=instance_euclidean_3_online run=/home/h61084/codes/adapts/outputs/adaptation/screen/Electricity/336_48/chronos2/catboost_avgy_regressor_shared/instance/euclidean/3/online/run_0
2026-08-14T04:17:35+02:00 skip complete family=gates dataset=Electricity model=chronos2 formula=oracle_cov_shared lags=336 horizon=48 retrieval=instance_euclidean_3_online run=/home/h61084/codes/adapts/outputs/adaptation/screen/Electricity/336_48/chronos2/oracle_cov_shared/instance/euclidean/3/online/run_0
2026-08-14T04:17:35+02:00 skip complete family=gates dataset=Electricity model=chronos2 formula=oracle_avgy_shared lags=336 horizon=48 retrieval=instance_euclidean_3_online run=/home/h61084/codes/adapts/outputs/adaptation/screen/Electricity/336_48/chronos2/oracle_avgy_shared/instance/euclidean/3/online/run_0
2026-08-14 04:17:37,307 INFO [__main__] extraction validation directory=/home/h61084/codes/adapts/outputs/extraction/Electricity/504_168/chronos2/raw/euclidean/1/online/run_1 status=complete
2026-08-14T04:17:37+02:00 skip complete family=gates dataset=Electricity model=chronos2 formula=cov_forecast lags=504 horizon=168 retrieval=raw_euclidean_1_online run=/home/h61084/codes/adapts/outputs/adaptation/screen/Electricity/504_168/chronos2/cov_forecast/raw/euclidean/1/online/run_1
2026-08-14T04:17:37+02:00 skip complete family=gates dataset=Electricity model=chronos2 formula=avgy lags=504 horizon=168 retrieval=raw_euclidean_1_online run=/home/h61084/codes/adapts/outputs/adaptation/screen/Electricity/504_168/chronos2/avgy/raw/euclidean/1/online/run_1
2026-08-14T04:17:37+02:00 skip complete family=gates dataset=Electricity model=chronos2 formula=bayes_cov_shared lags=504 horizon=168 retrieval=raw_euclidean_1_online run=/home/h61084/codes/adapts/outputs/adaptation/screen/Electricity/504_168/chronos2/bayes_cov_shared/raw/euclidean/1/online/run_0
2026-08-14T04:17:37+02:00 skip complete family=gates dataset=Electricity model=chronos2 formula=bayes_avgy_shared lags=504 horizon=168 retrieval=raw_euclidean_1_online run=/home/h61084/codes/adapts/outputs/adaptation/screen/Electricity/504_168/chronos2/bayes_avgy_shared/raw/euclidean/1/online/run_0
2026-08-14T04:17:37+02:00 skip complete family=gates dataset=Electricity model=chronos2 formula=catboost_cov_regressor_shared lags=504 horizon=168 retrieval=raw_euclidean_1_online run=/home/h61084/codes/adapts/outputs/adaptation/screen/Electricity/504_168/chronos2/catboost_cov_regressor_shared/raw/euclidean/1/online/run_0
2026-08-14T04:17:38+02:00 skip complete family=gates dataset=Electricity model=chronos2 formula=catboost_avgy_regressor_shared lags=504 horizon=168 retrieval=raw_euclidean_1_online run=/home/h61084/codes/adapts/outputs/adaptation/screen/Electricity/504_168/chronos2/catboost_avgy_regressor_shared/raw/euclidean/1/online/run_0
2026-08-14T04:17:38+02:00 skip complete family=gates dataset=Electricity model=chronos2 formula=oracle_cov_shared lags=504 horizon=168 retrieval=raw_euclidean_1_online run=/home/h61084/codes/adapts/outputs/adaptation/screen/Electricity/504_168/chronos2/oracle_cov_shared/raw/euclidean/1/online/run_0
2026-08-14T04:17:38+02:00 skip complete family=gates dataset=Electricity model=chronos2 formula=oracle_avgy_shared lags=504 horizon=168 retrieval=raw_euclidean_1_online run=/home/h61084/codes/adapts/outputs/adaptation/screen/Electricity/504_168/chronos2/oracle_avgy_shared/raw/euclidean/1/online/run_0
2026-08-14 04:17:40,499 INFO [__main__] extraction validation directory=/home/h61084/codes/adapts/outputs/extraction/Electricity/504_168/chronos2/raw/euclidean/3/online/run_2 status=complete
2026-08-14T04:17:40+02:00 skip complete family=gates dataset=Electricity model=chronos2 formula=cov_forecast lags=504 horizon=168 retrieval=raw_euclidean_3_online run=/home/h61084/codes/adapts/outputs/adaptation/screen/Electricity/504_168/chronos2/cov_forecast/raw/euclidean/3/online/run_1
2026-08-14T04:17:41+02:00 skip complete family=gates dataset=Electricity model=chronos2 formula=avgy lags=504 horizon=168 retrieval=raw_euclidean_3_online run=/home/h61084/codes/adapts/outputs/adaptation/screen/Electricity/504_168/chronos2/avgy/raw/euclidean/3/online/run_1
2026-08-14T04:17:41+02:00 skip complete family=gates dataset=Electricity model=chronos2 formula=bayes_cov_shared lags=504 horizon=168 retrieval=raw_euclidean_3_online run=/home/h61084/codes/adapts/outputs/adaptation/screen/Electricity/504_168/chronos2/bayes_cov_shared/raw/euclidean/3/online/run_0
2026-08-14T04:17:41+02:00 skip complete family=gates dataset=Electricity model=chronos2 formula=bayes_avgy_shared lags=504 horizon=168 retrieval=raw_euclidean_3_online run=/home/h61084/codes/adapts/outputs/adaptation/screen/Electricity/504_168/chronos2/bayes_avgy_shared/raw/euclidean/3/online/run_0
2026-08-14T04:17:41+02:00 skip complete family=gates dataset=Electricity model=chronos2 formula=catboost_cov_regressor_shared lags=504 horizon=168 retrieval=raw_euclidean_3_online run=/home/h61084/codes/adapts/outputs/adaptation/screen/Electricity/504_168/chronos2/catboost_cov_regressor_shared/raw/euclidean/3/online/run_0
2026-08-14T04:17:41+02:00 skip complete family=gates dataset=Electricity model=chronos2 formula=catboost_avgy_regressor_shared lags=504 horizon=168 retrieval=raw_euclidean_3_online run=/home/h61084/codes/adapts/outputs/adaptation/screen/Electricity/504_168/chronos2/catboost_avgy_regressor_shared/raw/euclidean/3/online/run_0
2026-08-14T04:17:41+02:00 skip complete family=gates dataset=Electricity model=chronos2 formula=oracle_cov_shared lags=504 horizon=168 retrieval=raw_euclidean_3_online run=/home/h61084/codes/adapts/outputs/adaptation/screen/Electricity/504_168/chronos2/oracle_cov_shared/raw/euclidean/3/online/run_0
2026-08-14T04:17:41+02:00 skip complete family=gates dataset=Electricity model=chronos2 formula=oracle_avgy_shared lags=504 horizon=168 retrieval=raw_euclidean_3_online run=/home/h61084/codes/adapts/outputs/adaptation/screen/Electricity/504_168/chronos2/oracle_avgy_shared/raw/euclidean/3/online/run_0
2026-08-14 04:17:43,312 INFO [__main__] extraction validation directory=/home/h61084/codes/adapts/outputs/extraction/Electricity/504_168/chronos2/instance/euclidean/1/online/run_1 status=complete
2026-08-14T04:17:43+02:00 skip complete family=gates dataset=Electricity model=chronos2 formula=cov_forecast lags=504 horizon=168 retrieval=instance_euclidean_1_online run=/home/h61084/codes/adapts/outputs/adaptation/screen/Electricity/504_168/chronos2/cov_forecast/instance/euclidean/1/online/run_1
2026-08-14T04:17:43+02:00 skip complete family=gates dataset=Electricity model=chronos2 formula=avgy lags=504 horizon=168 retrieval=instance_euclidean_1_online run=/home/h61084/codes/adapts/outputs/adaptation/screen/Electricity/504_168/chronos2/avgy/instance/euclidean/1/online/run_1
2026-08-14T04:17:43+02:00 skip complete family=gates dataset=Electricity model=chronos2 formula=bayes_cov_shared lags=504 horizon=168 retrieval=instance_euclidean_1_online run=/home/h61084/codes/adapts/outputs/adaptation/screen/Electricity/504_168/chronos2/bayes_cov_shared/instance/euclidean/1/online/run_0
2026-08-14T04:17:43+02:00 skip complete family=gates dataset=Electricity model=chronos2 formula=bayes_avgy_shared lags=504 horizon=168 retrieval=instance_euclidean_1_online run=/home/h61084/codes/adapts/outputs/adaptation/screen/Electricity/504_168/chronos2/bayes_avgy_shared/instance/euclidean/1/online/run_0
2026-08-14T04:17:43+02:00 skip complete family=gates dataset=Electricity model=chronos2 formula=catboost_cov_regressor_shared lags=504 horizon=168 retrieval=instance_euclidean_1_online run=/home/h61084/codes/adapts/outputs/adaptation/screen/Electricity/504_168/chronos2/catboost_cov_regressor_shared/instance/euclidean/1/online/run_0
2026-08-14T04:17:44+02:00 skip complete family=gates dataset=Electricity model=chronos2 formula=catboost_avgy_regressor_shared lags=504 horizon=168 retrieval=instance_euclidean_1_online run=/home/h61084/codes/adapts/outputs/adaptation/screen/Electricity/504_168/chronos2/catboost_avgy_regressor_shared/instance/euclidean/1/online/run_0
2026-08-14T04:17:44+02:00 skip complete family=gates dataset=Electricity model=chronos2 formula=oracle_cov_shared lags=504 horizon=168 retrieval=instance_euclidean_1_online run=/home/h61084/codes/adapts/outputs/adaptation/screen/Electricity/504_168/chronos2/oracle_cov_shared/instance/euclidean/1/online/run_0
2026-08-14T04:17:44+02:00 skip complete family=gates dataset=Electricity model=chronos2 formula=oracle_avgy_shared lags=504 horizon=168 retrieval=instance_euclidean_1_online run=/home/h61084/codes/adapts/outputs/adaptation/screen/Electricity/504_168/chronos2/oracle_avgy_shared/instance/euclidean/1/online/run_0
2026-08-14 04:17:46,188 INFO [__main__] extraction validation directory=/home/h61084/codes/adapts/outputs/extraction/Electricity/504_168/chronos2/instance/euclidean/3/online/run_1 status=complete
2026-08-14T04:17:46+02:00 skip complete family=gates dataset=Electricity model=chronos2 formula=cov_forecast lags=504 horizon=168 retrieval=instance_euclidean_3_online run=/home/h61084/codes/adapts/outputs/adaptation/screen/Electricity/504_168/chronos2/cov_forecast/instance/euclidean/3/online/run_1
2026-08-14T04:17:46+02:00 skip complete family=gates dataset=Electricity model=chronos2 formula=avgy lags=504 horizon=168 retrieval=instance_euclidean_3_online run=/home/h61084/codes/adapts/outputs/adaptation/screen/Electricity/504_168/chronos2/avgy/instance/euclidean/3/online/run_1
2026-08-14T04:17:46+02:00 skip complete family=gates dataset=Electricity model=chronos2 formula=bayes_cov_shared lags=504 horizon=168 retrieval=instance_euclidean_3_online run=/home/h61084/codes/adapts/outputs/adaptation/screen/Electricity/504_168/chronos2/bayes_cov_shared/instance/euclidean/3/online/run_0
2026-08-14T04:17:46+02:00 skip complete family=gates dataset=Electricity model=chronos2 formula=bayes_avgy_shared lags=504 horizon=168 retrieval=instance_euclidean_3_online run=/home/h61084/codes/adapts/outputs/adaptation/screen/Electricity/504_168/chronos2/bayes_avgy_shared/instance/euclidean/3/online/run_0
2026-08-14T04:17:46+02:00 skip complete family=gates dataset=Electricity model=chronos2 formula=catboost_cov_regressor_shared lags=504 horizon=168 retrieval=instance_euclidean_3_online run=/home/h61084/codes/adapts/outputs/adaptation/screen/Electricity/504_168/chronos2/catboost_cov_regressor_shared/instance/euclidean/3/online/run_0
2026-08-14T04:17:46+02:00 skip complete family=gates dataset=Electricity model=chronos2 formula=catboost_avgy_regressor_shared lags=504 horizon=168 retrieval=instance_euclidean_3_online run=/home/h61084/codes/adapts/outputs/adaptation/screen/Electricity/504_168/chronos2/catboost_avgy_regressor_shared/instance/euclidean/3/online/run_0
2026-08-14T04:17:46+02:00 skip complete family=gates dataset=Electricity model=chronos2 formula=oracle_cov_shared lags=504 horizon=168 retrieval=instance_euclidean_3_online run=/home/h61084/codes/adapts/outputs/adaptation/screen/Electricity/504_168/chronos2/oracle_cov_shared/instance/euclidean/3/online/run_0
2026-08-14T04:17:47+02:00 skip complete family=gates dataset=Electricity model=chronos2 formula=oracle_avgy_shared lags=504 horizon=168 retrieval=instance_euclidean_3_online run=/home/h61084/codes/adapts/outputs/adaptation/screen/Electricity/504_168/chronos2/oracle_avgy_shared/instance/euclidean/3/online/run_0
2026-08-14 04:17:49,151 INFO [__main__] extraction validation directory=/home/h61084/codes/adapts/outputs/extraction/Traffic/168_24/chronos2/raw/euclidean/1/online/run_1 status=complete
2026-08-14T04:17:49+02:00 skip complete family=gates dataset=Traffic model=chronos2 formula=cov_forecast lags=168 horizon=24 retrieval=raw_euclidean_1_online run=/home/h61084/codes/adapts/outputs/adaptation/screen/Traffic/168_24/chronos2/cov_forecast/raw/euclidean/1/online/run_1
2026-08-14T04:17:49+02:00 skip complete family=gates dataset=Traffic model=chronos2 formula=avgy lags=168 horizon=24 retrieval=raw_euclidean_1_online run=/home/h61084/codes/adapts/outputs/adaptation/screen/Traffic/168_24/chronos2/avgy/raw/euclidean/1/online/run_1
2026-08-14T04:17:49+02:00 skip complete family=gates dataset=Traffic model=chronos2 formula=bayes_cov_shared lags=168 horizon=24 retrieval=raw_euclidean_1_online run=/home/h61084/codes/adapts/outputs/adaptation/screen/Traffic/168_24/chronos2/bayes_cov_shared/raw/euclidean/1/online/run_0
2026-08-14T04:17:49+02:00 skip complete family=gates dataset=Traffic model=chronos2 formula=bayes_avgy_shared lags=168 horizon=24 retrieval=raw_euclidean_1_online run=/home/h61084/codes/adapts/outputs/adaptation/screen/Traffic/168_24/chronos2/bayes_avgy_shared/raw/euclidean/1/online/run_0
2026-08-14T04:17:49+02:00 skip complete family=gates dataset=Traffic model=chronos2 formula=catboost_cov_regressor_shared lags=168 horizon=24 retrieval=raw_euclidean_1_online run=/home/h61084/codes/adapts/outputs/adaptation/screen/Traffic/168_24/chronos2/catboost_cov_regressor_shared/raw/euclidean/1/online/run_0
2026-08-14T04:17:49+02:00 skip complete family=gates dataset=Traffic model=chronos2 formula=catboost_avgy_regressor_shared lags=168 horizon=24 retrieval=raw_euclidean_1_online run=/home/h61084/codes/adapts/outputs/adaptation/screen/Traffic/168_24/chronos2/catboost_avgy_regressor_shared/raw/euclidean/1/online/run_0
2026-08-14T04:17:49+02:00 skip complete family=gates dataset=Traffic model=chronos2 formula=oracle_cov_shared lags=168 horizon=24 retrieval=raw_euclidean_1_online run=/home/h61084/codes/adapts/outputs/adaptation/screen/Traffic/168_24/chronos2/oracle_cov_shared/raw/euclidean/1/online/run_0
2026-08-14T04:17:50+02:00 skip complete family=gates dataset=Traffic model=chronos2 formula=oracle_avgy_shared lags=168 horizon=24 retrieval=raw_euclidean_1_online run=/home/h61084/codes/adapts/outputs/adaptation/screen/Traffic/168_24/chronos2/oracle_avgy_shared/raw/euclidean/1/online/run_0
2026-08-14 04:17:52,222 INFO [__main__] extraction validation directory=/home/h61084/codes/adapts/outputs/extraction/Traffic/168_24/chronos2/raw/euclidean/3/online/run_1 status=complete
2026-08-14T04:17:52+02:00 skip complete family=gates dataset=Traffic model=chronos2 formula=cov_forecast lags=168 horizon=24 retrieval=raw_euclidean_3_online run=/home/h61084/codes/adapts/outputs/adaptation/screen/Traffic/168_24/chronos2/cov_forecast/raw/euclidean/3/online/run_1
2026-08-14T04:17:52+02:00 skip complete family=gates dataset=Traffic model=chronos2 formula=avgy lags=168 horizon=24 retrieval=raw_euclidean_3_online run=/home/h61084/codes/adapts/outputs/adaptation/screen/Traffic/168_24/chronos2/avgy/raw/euclidean/3/online/run_1
2026-08-14T04:17:52+02:00 skip complete family=gates dataset=Traffic model=chronos2 formula=bayes_cov_shared lags=168 horizon=24 retrieval=raw_euclidean_3_online run=/home/h61084/codes/adapts/outputs/adaptation/screen/Traffic/168_24/chronos2/bayes_cov_shared/raw/euclidean/3/online/run_0
2026-08-14T04:17:52+02:00 skip complete family=gates dataset=Traffic model=chronos2 formula=bayes_avgy_shared lags=168 horizon=24 retrieval=raw_euclidean_3_online run=/home/h61084/codes/adapts/outputs/adaptation/screen/Traffic/168_24/chronos2/bayes_avgy_shared/raw/euclidean/3/online/run_0
2026-08-14T04:17:52+02:00 skip complete family=gates dataset=Traffic model=chronos2 formula=catboost_cov_regressor_shared lags=168 horizon=24 retrieval=raw_euclidean_3_online run=/home/h61084/codes/adapts/outputs/adaptation/screen/Traffic/168_24/chronos2/catboost_cov_regressor_shared/raw/euclidean/3/online/run_0
2026-08-14T04:17:52+02:00 skip complete family=gates dataset=Traffic model=chronos2 formula=catboost_avgy_regressor_shared lags=168 horizon=24 retrieval=raw_euclidean_3_online run=/home/h61084/codes/adapts/outputs/adaptation/screen/Traffic/168_24/chronos2/catboost_avgy_regressor_shared/raw/euclidean/3/online/run_0
2026-08-14T04:17:53+02:00 skip complete family=gates dataset=Traffic model=chronos2 formula=oracle_cov_shared lags=168 horizon=24 retrieval=raw_euclidean_3_online run=/home/h61084/codes/adapts/outputs/adaptation/screen/Traffic/168_24/chronos2/oracle_cov_shared/raw/euclidean/3/online/run_0
2026-08-14T04:17:53+02:00 skip complete family=gates dataset=Traffic model=chronos2 formula=oracle_avgy_shared lags=168 horizon=24 retrieval=raw_euclidean_3_online run=/home/h61084/codes/adapts/outputs/adaptation/screen/Traffic/168_24/chronos2/oracle_avgy_shared/raw/euclidean/3/online/run_0
2026-08-14 04:17:55,156 INFO [__main__] extraction validation directory=/home/h61084/codes/adapts/outputs/extraction/Traffic/168_24/chronos2/instance/euclidean/1/online/run_1 status=complete
2026-08-14T04:17:55+02:00 skip complete family=gates dataset=Traffic model=chronos2 formula=cov_forecast lags=168 horizon=24 retrieval=instance_euclidean_1_online run=/home/h61084/codes/adapts/outputs/adaptation/screen/Traffic/168_24/chronos2/cov_forecast/instance/euclidean/1/online/run_1
2026-08-14T04:17:55+02:00 skip complete family=gates dataset=Traffic model=chronos2 formula=avgy lags=168 horizon=24 retrieval=instance_euclidean_1_online run=/home/h61084/codes/adapts/outputs/adaptation/screen/Traffic/168_24/chronos2/avgy/instance/euclidean/1/online/run_1
2026-08-14T04:17:55+02:00 skip complete family=gates dataset=Traffic model=chronos2 formula=bayes_cov_shared lags=168 horizon=24 retrieval=instance_euclidean_1_online run=/home/h61084/codes/adapts/outputs/adaptation/screen/Traffic/168_24/chronos2/bayes_cov_shared/instance/euclidean/1/online/run_0
2026-08-14T04:17:55+02:00 skip complete family=gates dataset=Traffic model=chronos2 formula=bayes_avgy_shared lags=168 horizon=24 retrieval=instance_euclidean_1_online run=/home/h61084/codes/adapts/outputs/adaptation/screen/Traffic/168_24/chronos2/bayes_avgy_shared/instance/euclidean/1/online/run_0
2026-08-14T04:17:55+02:00 skip complete family=gates dataset=Traffic model=chronos2 formula=catboost_cov_regressor_shared lags=168 horizon=24 retrieval=instance_euclidean_1_online run=/home/h61084/codes/adapts/outputs/adaptation/screen/Traffic/168_24/chronos2/catboost_cov_regressor_shared/instance/euclidean/1/online/run_0
2026-08-14T04:17:55+02:00 skip complete family=gates dataset=Traffic model=chronos2 formula=catboost_avgy_regressor_shared lags=168 horizon=24 retrieval=instance_euclidean_1_online run=/home/h61084/codes/adapts/outputs/adaptation/screen/Traffic/168_24/chronos2/catboost_avgy_regressor_shared/instance/euclidean/1/online/run_0
2026-08-14T04:17:55+02:00 skip complete family=gates dataset=Traffic model=chronos2 formula=oracle_cov_shared lags=168 horizon=24 retrieval=instance_euclidean_1_online run=/home/h61084/codes/adapts/outputs/adaptation/screen/Traffic/168_24/chronos2/oracle_cov_shared/instance/euclidean/1/online/run_0
2026-08-14T04:17:56+02:00 skip complete family=gates dataset=Traffic model=chronos2 formula=oracle_avgy_shared lags=168 horizon=24 retrieval=instance_euclidean_1_online run=/home/h61084/codes/adapts/outputs/adaptation/screen/Traffic/168_24/chronos2/oracle_avgy_shared/instance/euclidean/1/online/run_0
2026-08-14 04:17:58,142 INFO [__main__] extraction validation directory=/home/h61084/codes/adapts/outputs/extraction/Traffic/168_24/chronos2/instance/euclidean/3/online/run_1 status=complete
2026-08-14T04:17:58+02:00 skip complete family=gates dataset=Traffic model=chronos2 formula=cov_forecast lags=168 horizon=24 retrieval=instance_euclidean_3_online run=/home/h61084/codes/adapts/outputs/adaptation/screen/Traffic/168_24/chronos2/cov_forecast/instance/euclidean/3/online/run_1
2026-08-14T04:17:58+02:00 skip complete family=gates dataset=Traffic model=chronos2 formula=avgy lags=168 horizon=24 retrieval=instance_euclidean_3_online run=/home/h61084/codes/adapts/outputs/adaptation/screen/Traffic/168_24/chronos2/avgy/instance/euclidean/3/online/run_1
2026-08-14T04:17:58+02:00 skip complete family=gates dataset=Traffic model=chronos2 formula=bayes_cov_shared lags=168 horizon=24 retrieval=instance_euclidean_3_online run=/home/h61084/codes/adapts/outputs/adaptation/screen/Traffic/168_24/chronos2/bayes_cov_shared/instance/euclidean/3/online/run_0
2026-08-14T04:17:58+02:00 skip complete family=gates dataset=Traffic model=chronos2 formula=bayes_avgy_shared lags=168 horizon=24 retrieval=instance_euclidean_3_online run=/home/h61084/codes/adapts/outputs/adaptation/screen/Traffic/168_24/chronos2/bayes_avgy_shared/instance/euclidean/3/online/run_0
2026-08-14T04:17:58+02:00 skip complete family=gates dataset=Traffic model=chronos2 formula=catboost_cov_regressor_shared lags=168 horizon=24 retrieval=instance_euclidean_3_online run=/home/h61084/codes/adapts/outputs/adaptation/screen/Traffic/168_24/chronos2/catboost_cov_regressor_shared/instance/euclidean/3/online/run_0
2026-08-14T04:17:58+02:00 skip complete family=gates dataset=Traffic model=chronos2 formula=catboost_avgy_regressor_shared lags=168 horizon=24 retrieval=instance_euclidean_3_online run=/home/h61084/codes/adapts/outputs/adaptation/screen/Traffic/168_24/chronos2/catboost_avgy_regressor_shared/instance/euclidean/3/online/run_0
2026-08-14T04:17:58+02:00 skip complete family=gates dataset=Traffic model=chronos2 formula=oracle_cov_shared lags=168 horizon=24 retrieval=instance_euclidean_3_online run=/home/h61084/codes/adapts/outputs/adaptation/screen/Traffic/168_24/chronos2/oracle_cov_shared/instance/euclidean/3/online/run_0
2026-08-14T04:17:59+02:00 skip complete family=gates dataset=Traffic model=chronos2 formula=oracle_avgy_shared lags=168 horizon=24 retrieval=instance_euclidean_3_online run=/home/h61084/codes/adapts/outputs/adaptation/screen/Traffic/168_24/chronos2/oracle_avgy_shared/instance/euclidean/3/online/run_0
2026-08-14 04:18:01,123 INFO [__main__] extraction validation directory=/home/h61084/codes/adapts/outputs/extraction/Traffic/336_48/chronos2/raw/euclidean/1/online/run_1 status=complete
2026-08-14T04:18:01+02:00 skip complete family=gates dataset=Traffic model=chronos2 formula=cov_forecast lags=336 horizon=48 retrieval=raw_euclidean_1_online run=/home/h61084/codes/adapts/outputs/adaptation/screen/Traffic/336_48/chronos2/cov_forecast/raw/euclidean/1/online/run_1
2026-08-14T04:18:01+02:00 skip complete family=gates dataset=Traffic model=chronos2 formula=avgy lags=336 horizon=48 retrieval=raw_euclidean_1_online run=/home/h61084/codes/adapts/outputs/adaptation/screen/Traffic/336_48/chronos2/avgy/raw/euclidean/1/online/run_1
2026-08-14T04:18:01+02:00 skip complete family=gates dataset=Traffic model=chronos2 formula=bayes_cov_shared lags=336 horizon=48 retrieval=raw_euclidean_1_online run=/home/h61084/codes/adapts/outputs/adaptation/screen/Traffic/336_48/chronos2/bayes_cov_shared/raw/euclidean/1/online/run_0
2026-08-14T04:18:01+02:00 skip complete family=gates dataset=Traffic model=chronos2 formula=bayes_avgy_shared lags=336 horizon=48 retrieval=raw_euclidean_1_online run=/home/h61084/codes/adapts/outputs/adaptation/screen/Traffic/336_48/chronos2/bayes_avgy_shared/raw/euclidean/1/online/run_0
2026-08-14T04:18:01+02:00 skip complete family=gates dataset=Traffic model=chronos2 formula=catboost_cov_regressor_shared lags=336 horizon=48 retrieval=raw_euclidean_1_online run=/home/h61084/codes/adapts/outputs/adaptation/screen/Traffic/336_48/chronos2/catboost_cov_regressor_shared/raw/euclidean/1/online/run_0
2026-08-14T04:18:01+02:00 skip complete family=gates dataset=Traffic model=chronos2 formula=catboost_avgy_regressor_shared lags=336 horizon=48 retrieval=raw_euclidean_1_online run=/home/h61084/codes/adapts/outputs/adaptation/screen/Traffic/336_48/chronos2/catboost_avgy_regressor_shared/raw/euclidean/1/online/run_0
2026-08-14T04:18:01+02:00 skip complete family=gates dataset=Traffic model=chronos2 formula=oracle_cov_shared lags=336 horizon=48 retrieval=raw_euclidean_1_online run=/home/h61084/codes/adapts/outputs/adaptation/screen/Traffic/336_48/chronos2/oracle_cov_shared/raw/euclidean/1/online/run_0
2026-08-14T04:18:02+02:00 skip complete family=gates dataset=Traffic model=chronos2 formula=oracle_avgy_shared lags=336 horizon=48 retrieval=raw_euclidean_1_online run=/home/h61084/codes/adapts/outputs/adaptation/screen/Traffic/336_48/chronos2/oracle_avgy_shared/raw/euclidean/1/online/run_0
2026-08-14 04:18:04,137 INFO [__main__] extraction validation directory=/home/h61084/codes/adapts/outputs/extraction/Traffic/336_48/chronos2/raw/euclidean/3/online/run_1 status=complete
2026-08-14T04:18:04+02:00 skip complete family=gates dataset=Traffic model=chronos2 formula=cov_forecast lags=336 horizon=48 retrieval=raw_euclidean_3_online run=/home/h61084/codes/adapts/outputs/adaptation/screen/Traffic/336_48/chronos2/cov_forecast/raw/euclidean/3/online/run_1
2026-08-14T04:18:04+02:00 skip complete family=gates dataset=Traffic model=chronos2 formula=avgy lags=336 horizon=48 retrieval=raw_euclidean_3_online run=/home/h61084/codes/adapts/outputs/adaptation/screen/Traffic/336_48/chronos2/avgy/raw/euclidean/3/online/run_1
2026-08-14T04:18:04+02:00 skip complete family=gates dataset=Traffic model=chronos2 formula=bayes_cov_shared lags=336 horizon=48 retrieval=raw_euclidean_3_online run=/home/h61084/codes/adapts/outputs/adaptation/screen/Traffic/336_48/chronos2/bayes_cov_shared/raw/euclidean/3/online/run_0
2026-08-14T04:18:04+02:00 skip complete family=gates dataset=Traffic model=chronos2 formula=bayes_avgy_shared lags=336 horizon=48 retrieval=raw_euclidean_3_online run=/home/h61084/codes/adapts/outputs/adaptation/screen/Traffic/336_48/chronos2/bayes_avgy_shared/raw/euclidean/3/online/run_0
2026-08-14T04:18:04+02:00 skip complete family=gates dataset=Traffic model=chronos2 formula=catboost_cov_regressor_shared lags=336 horizon=48 retrieval=raw_euclidean_3_online run=/home/h61084/codes/adapts/outputs/adaptation/screen/Traffic/336_48/chronos2/catboost_cov_regressor_shared/raw/euclidean/3/online/run_0
2026-08-14T04:18:04+02:00 skip complete family=gates dataset=Traffic model=chronos2 formula=catboost_avgy_regressor_shared lags=336 horizon=48 retrieval=raw_euclidean_3_online run=/home/h61084/codes/adapts/outputs/adaptation/screen/Traffic/336_48/chronos2/catboost_avgy_regressor_shared/raw/euclidean/3/online/run_0
2026-08-14T04:18:04+02:00 skip complete family=gates dataset=Traffic model=chronos2 formula=oracle_cov_shared lags=336 horizon=48 retrieval=raw_euclidean_3_online run=/home/h61084/codes/adapts/outputs/adaptation/screen/Traffic/336_48/chronos2/oracle_cov_shared/raw/euclidean/3/online/run_0
2026-08-14T04:18:05+02:00 skip complete family=gates dataset=Traffic model=chronos2 formula=oracle_avgy_shared lags=336 horizon=48 retrieval=raw_euclidean_3_online run=/home/h61084/codes/adapts/outputs/adaptation/screen/Traffic/336_48/chronos2/oracle_avgy_shared/raw/euclidean/3/online/run_0
2026-08-14 04:18:07,154 INFO [__main__] extraction validation directory=/home/h61084/codes/adapts/outputs/extraction/Traffic/336_48/chronos2/instance/euclidean/1/online/run_1 status=complete
2026-08-14T04:18:07+02:00 skip complete family=gates dataset=Traffic model=chronos2 formula=cov_forecast lags=336 horizon=48 retrieval=instance_euclidean_1_online run=/home/h61084/codes/adapts/outputs/adaptation/screen/Traffic/336_48/chronos2/cov_forecast/instance/euclidean/1/online/run_1
2026-08-14T04:18:07+02:00 skip complete family=gates dataset=Traffic model=chronos2 formula=avgy lags=336 horizon=48 retrieval=instance_euclidean_1_online run=/home/h61084/codes/adapts/outputs/adaptation/screen/Traffic/336_48/chronos2/avgy/instance/euclidean/1/online/run_1
2026-08-14T04:18:07+02:00 skip complete family=gates dataset=Traffic model=chronos2 formula=bayes_cov_shared lags=336 horizon=48 retrieval=instance_euclidean_1_online run=/home/h61084/codes/adapts/outputs/adaptation/screen/Traffic/336_48/chronos2/bayes_cov_shared/instance/euclidean/1/online/run_0
2026-08-14T04:18:07+02:00 skip complete family=gates dataset=Traffic model=chronos2 formula=bayes_avgy_shared lags=336 horizon=48 retrieval=instance_euclidean_1_online run=/home/h61084/codes/adapts/outputs/adaptation/screen/Traffic/336_48/chronos2/bayes_avgy_shared/instance/euclidean/1/online/run_0
2026-08-14T04:18:07+02:00 skip complete family=gates dataset=Traffic model=chronos2 formula=catboost_cov_regressor_shared lags=336 horizon=48 retrieval=instance_euclidean_1_online run=/home/h61084/codes/adapts/outputs/adaptation/screen/Traffic/336_48/chronos2/catboost_cov_regressor_shared/instance/euclidean/1/online/run_0
2026-08-14T04:18:07+02:00 skip complete family=gates dataset=Traffic model=chronos2 formula=catboost_avgy_regressor_shared lags=336 horizon=48 retrieval=instance_euclidean_1_online run=/home/h61084/codes/adapts/outputs/adaptation/screen/Traffic/336_48/chronos2/catboost_avgy_regressor_shared/instance/euclidean/1/online/run_0
2026-08-14T04:18:08+02:00 skip complete family=gates dataset=Traffic model=chronos2 formula=oracle_cov_shared lags=336 horizon=48 retrieval=instance_euclidean_1_online run=/home/h61084/codes/adapts/outputs/adaptation/screen/Traffic/336_48/chronos2/oracle_cov_shared/instance/euclidean/1/online/run_0
2026-08-14T04:18:08+02:00 skip complete family=gates dataset=Traffic model=chronos2 formula=oracle_avgy_shared lags=336 horizon=48 retrieval=instance_euclidean_1_online run=/home/h61084/codes/adapts/outputs/adaptation/screen/Traffic/336_48/chronos2/oracle_avgy_shared/instance/euclidean/1/online/run_0
2026-08-14 04:18:10,147 INFO [__main__] extraction validation directory=/home/h61084/codes/adapts/outputs/extraction/Traffic/336_48/chronos2/instance/euclidean/3/online/run_1 status=complete
2026-08-14T04:18:10+02:00 skip complete family=gates dataset=Traffic model=chronos2 formula=cov_forecast lags=336 horizon=48 retrieval=instance_euclidean_3_online run=/home/h61084/codes/adapts/outputs/adaptation/screen/Traffic/336_48/chronos2/cov_forecast/instance/euclidean/3/online/run_1
2026-08-14T04:18:10+02:00 skip complete family=gates dataset=Traffic model=chronos2 formula=avgy lags=336 horizon=48 retrieval=instance_euclidean_3_online run=/home/h61084/codes/adapts/outputs/adaptation/screen/Traffic/336_48/chronos2/avgy/instance/euclidean/3/online/run_1
2026-08-14T04:18:10+02:00 skip complete family=gates dataset=Traffic model=chronos2 formula=bayes_cov_shared lags=336 horizon=48 retrieval=instance_euclidean_3_online run=/home/h61084/codes/adapts/outputs/adaptation/screen/Traffic/336_48/chronos2/bayes_cov_shared/instance/euclidean/3/online/run_0
2026-08-14T04:18:10+02:00 skip complete family=gates dataset=Traffic model=chronos2 formula=bayes_avgy_shared lags=336 horizon=48 retrieval=instance_euclidean_3_online run=/home/h61084/codes/adapts/outputs/adaptation/screen/Traffic/336_48/chronos2/bayes_avgy_shared/instance/euclidean/3/online/run_0
2026-08-14T04:18:10+02:00 skip complete family=gates dataset=Traffic model=chronos2 formula=catboost_cov_regressor_shared lags=336 horizon=48 retrieval=instance_euclidean_3_online run=/home/h61084/codes/adapts/outputs/adaptation/screen/Traffic/336_48/chronos2/catboost_cov_regressor_shared/instance/euclidean/3/online/run_0
2026-08-14T04:18:10+02:00 skip complete family=gates dataset=Traffic model=chronos2 formula=catboost_avgy_regressor_shared lags=336 horizon=48 retrieval=instance_euclidean_3_online run=/home/h61084/codes/adapts/outputs/adaptation/screen/Traffic/336_48/chronos2/catboost_avgy_regressor_shared/instance/euclidean/3/online/run_0
2026-08-14T04:18:10+02:00 skip complete family=gates dataset=Traffic model=chronos2 formula=oracle_cov_shared lags=336 horizon=48 retrieval=instance_euclidean_3_online run=/home/h61084/codes/adapts/outputs/adaptation/screen/Traffic/336_48/chronos2/oracle_cov_shared/instance/euclidean/3/online/run_0
2026-08-14T04:18:10+02:00 skip complete family=gates dataset=Traffic model=chronos2 formula=oracle_avgy_shared lags=336 horizon=48 retrieval=instance_euclidean_3_online run=/home/h61084/codes/adapts/outputs/adaptation/screen/Traffic/336_48/chronos2/oracle_avgy_shared/instance/euclidean/3/online/run_0
2026-08-14 04:18:13,062 INFO [__main__] extraction validation directory=/home/h61084/codes/adapts/outputs/extraction/Traffic/504_168/chronos2/raw/euclidean/1/online/run_1 status=complete
2026-08-14T04:18:13+02:00 skip complete family=gates dataset=Traffic model=chronos2 formula=cov_forecast lags=504 horizon=168 retrieval=raw_euclidean_1_online run=/home/h61084/codes/adapts/outputs/adaptation/screen/Traffic/504_168/chronos2/cov_forecast/raw/euclidean/1/online/run_1
2026-08-14T04:18:13+02:00 skip complete family=gates dataset=Traffic model=chronos2 formula=avgy lags=504 horizon=168 retrieval=raw_euclidean_1_online run=/home/h61084/codes/adapts/outputs/adaptation/screen/Traffic/504_168/chronos2/avgy/raw/euclidean/1/online/run_1
2026-08-14T04:18:13+02:00 skip complete family=gates dataset=Traffic model=chronos2 formula=bayes_cov_shared lags=504 horizon=168 retrieval=raw_euclidean_1_online run=/home/h61084/codes/adapts/outputs/adaptation/screen/Traffic/504_168/chronos2/bayes_cov_shared/raw/euclidean/1/online/run_0
2026-08-14T04:18:13+02:00 skip complete family=gates dataset=Traffic model=chronos2 formula=bayes_avgy_shared lags=504 horizon=168 retrieval=raw_euclidean_1_online run=/home/h61084/codes/adapts/outputs/adaptation/screen/Traffic/504_168/chronos2/bayes_avgy_shared/raw/euclidean/1/online/run_0
2026-08-14T04:18:13+02:00 skip complete family=gates dataset=Traffic model=chronos2 formula=catboost_cov_regressor_shared lags=504 horizon=168 retrieval=raw_euclidean_1_online run=/home/h61084/codes/adapts/outputs/adaptation/screen/Traffic/504_168/chronos2/catboost_cov_regressor_shared/raw/euclidean/1/online/run_0
2026-08-14T04:18:13+02:00 skip complete family=gates dataset=Traffic model=chronos2 formula=catboost_avgy_regressor_shared lags=504 horizon=168 retrieval=raw_euclidean_1_online run=/home/h61084/codes/adapts/outputs/adaptation/screen/Traffic/504_168/chronos2/catboost_avgy_regressor_shared/raw/euclidean/1/online/run_0
2026-08-14T04:18:13+02:00 skip complete family=gates dataset=Traffic model=chronos2 formula=oracle_cov_shared lags=504 horizon=168 retrieval=raw_euclidean_1_online run=/home/h61084/codes/adapts/outputs/adaptation/screen/Traffic/504_168/chronos2/oracle_cov_shared/raw/euclidean/1/online/run_0
2026-08-14T04:18:13+02:00 skip complete family=gates dataset=Traffic model=chronos2 formula=oracle_avgy_shared lags=504 horizon=168 retrieval=raw_euclidean_1_online run=/home/h61084/codes/adapts/outputs/adaptation/screen/Traffic/504_168/chronos2/oracle_avgy_shared/raw/euclidean/1/online/run_0
2026-08-14 04:18:16,006 INFO [__main__] extraction validation directory=/home/h61084/codes/adapts/outputs/extraction/Traffic/504_168/chronos2/raw/euclidean/3/online/run_1 status=complete
2026-08-14T04:18:16+02:00 skip complete family=gates dataset=Traffic model=chronos2 formula=cov_forecast lags=504 horizon=168 retrieval=raw_euclidean_3_online run=/home/h61084/codes/adapts/outputs/adaptation/screen/Traffic/504_168/chronos2/cov_forecast/raw/euclidean/3/online/run_1
2026-08-14T04:18:16+02:00 skip complete family=gates dataset=Traffic model=chronos2 formula=avgy lags=504 horizon=168 retrieval=raw_euclidean_3_online run=/home/h61084/codes/adapts/outputs/adaptation/screen/Traffic/504_168/chronos2/avgy/raw/euclidean/3/online/run_1
2026-08-14T04:18:16+02:00 skip complete family=gates dataset=Traffic model=chronos2 formula=bayes_cov_shared lags=504 horizon=168 retrieval=raw_euclidean_3_online run=/home/h61084/codes/adapts/outputs/adaptation/screen/Traffic/504_168/chronos2/bayes_cov_shared/raw/euclidean/3/online/run_0
2026-08-14T04:18:16+02:00 skip complete family=gates dataset=Traffic model=chronos2 formula=bayes_avgy_shared lags=504 horizon=168 retrieval=raw_euclidean_3_online run=/home/h61084/codes/adapts/outputs/adaptation/screen/Traffic/504_168/chronos2/bayes_avgy_shared/raw/euclidean/3/online/run_0
2026-08-14T04:18:16+02:00 skip complete family=gates dataset=Traffic model=chronos2 formula=catboost_cov_regressor_shared lags=504 horizon=168 retrieval=raw_euclidean_3_online run=/home/h61084/codes/adapts/outputs/adaptation/screen/Traffic/504_168/chronos2/catboost_cov_regressor_shared/raw/euclidean/3/online/run_0
2026-08-14T04:18:16+02:00 skip complete family=gates dataset=Traffic model=chronos2 formula=catboost_avgy_regressor_shared lags=504 horizon=168 retrieval=raw_euclidean_3_online run=/home/h61084/codes/adapts/outputs/adaptation/screen/Traffic/504_168/chronos2/catboost_avgy_regressor_shared/raw/euclidean/3/online/run_0
2026-08-14T04:18:16+02:00 skip complete family=gates dataset=Traffic model=chronos2 formula=oracle_cov_shared lags=504 horizon=168 retrieval=raw_euclidean_3_online run=/home/h61084/codes/adapts/outputs/adaptation/screen/Traffic/504_168/chronos2/oracle_cov_shared/raw/euclidean/3/online/run_0
2026-08-14T04:18:16+02:00 skip complete family=gates dataset=Traffic model=chronos2 formula=oracle_avgy_shared lags=504 horizon=168 retrieval=raw_euclidean_3_online run=/home/h61084/codes/adapts/outputs/adaptation/screen/Traffic/504_168/chronos2/oracle_avgy_shared/raw/euclidean/3/online/run_0
2026-08-14 04:18:18,920 INFO [__main__] extraction validation directory=/home/h61084/codes/adapts/outputs/extraction/Traffic/504_168/chronos2/instance/euclidean/1/online/run_1 status=complete
2026-08-14T04:18:19+02:00 skip complete family=gates dataset=Traffic model=chronos2 formula=cov_forecast lags=504 horizon=168 retrieval=instance_euclidean_1_online run=/home/h61084/codes/adapts/outputs/adaptation/screen/Traffic/504_168/chronos2/cov_forecast/instance/euclidean/1/online/run_1
2026-08-14T04:18:19+02:00 skip complete family=gates dataset=Traffic model=chronos2 formula=avgy lags=504 horizon=168 retrieval=instance_euclidean_1_online run=/home/h61084/codes/adapts/outputs/adaptation/screen/Traffic/504_168/chronos2/avgy/instance/euclidean/1/online/run_1
2026-08-14T04:18:19+02:00 skip complete family=gates dataset=Traffic model=chronos2 formula=bayes_cov_shared lags=504 horizon=168 retrieval=instance_euclidean_1_online run=/home/h61084/codes/adapts/outputs/adaptation/screen/Traffic/504_168/chronos2/bayes_cov_shared/instance/euclidean/1/online/run_0
2026-08-14T04:18:19+02:00 skip complete family=gates dataset=Traffic model=chronos2 formula=bayes_avgy_shared lags=504 horizon=168 retrieval=instance_euclidean_1_online run=/home/h61084/codes/adapts/outputs/adaptation/screen/Traffic/504_168/chronos2/bayes_avgy_shared/instance/euclidean/1/online/run_0
2026-08-14T04:18:19+02:00 skip complete family=gates dataset=Traffic model=chronos2 formula=catboost_cov_regressor_shared lags=504 horizon=168 retrieval=instance_euclidean_1_online run=/home/h61084/codes/adapts/outputs/adaptation/screen/Traffic/504_168/chronos2/catboost_cov_regressor_shared/instance/euclidean/1/online/run_0
2026-08-14T04:18:19+02:00 skip complete family=gates dataset=Traffic model=chronos2 formula=catboost_avgy_regressor_shared lags=504 horizon=168 retrieval=instance_euclidean_1_online run=/home/h61084/codes/adapts/outputs/adaptation/screen/Traffic/504_168/chronos2/catboost_avgy_regressor_shared/instance/euclidean/1/online/run_0
2026-08-14T04:18:19+02:00 skip complete family=gates dataset=Traffic model=chronos2 formula=oracle_cov_shared lags=504 horizon=168 retrieval=instance_euclidean_1_online run=/home/h61084/codes/adapts/outputs/adaptation/screen/Traffic/504_168/chronos2/oracle_cov_shared/instance/euclidean/1/online/run_0
2026-08-14T04:18:19+02:00 skip complete family=gates dataset=Traffic model=chronos2 formula=oracle_avgy_shared lags=504 horizon=168 retrieval=instance_euclidean_1_online run=/home/h61084/codes/adapts/outputs/adaptation/screen/Traffic/504_168/chronos2/oracle_avgy_shared/instance/euclidean/1/online/run_0
2026-08-14 04:18:21,741 INFO [__main__] extraction validation directory=/home/h61084/codes/adapts/outputs/extraction/Traffic/504_168/chronos2/instance/euclidean/3/online/run_1 status=complete
2026-08-14T04:18:22+02:00 skip complete family=gates dataset=Traffic model=chronos2 formula=cov_forecast lags=504 horizon=168 retrieval=instance_euclidean_3_online run=/home/h61084/codes/adapts/outputs/adaptation/screen/Traffic/504_168/chronos2/cov_forecast/instance/euclidean/3/online/run_1
2026-08-14T04:18:22+02:00 skip complete family=gates dataset=Traffic model=chronos2 formula=avgy lags=504 horizon=168 retrieval=instance_euclidean_3_online run=/home/h61084/codes/adapts/outputs/adaptation/screen/Traffic/504_168/chronos2/avgy/instance/euclidean/3/online/run_1
2026-08-14T04:18:22+02:00 skip complete family=gates dataset=Traffic model=chronos2 formula=bayes_cov_shared lags=504 horizon=168 retrieval=instance_euclidean_3_online run=/home/h61084/codes/adapts/outputs/adaptation/screen/Traffic/504_168/chronos2/bayes_cov_shared/instance/euclidean/3/online/run_0
2026-08-14T04:18:22+02:00 skip complete family=gates dataset=Traffic model=chronos2 formula=bayes_avgy_shared lags=504 horizon=168 retrieval=instance_euclidean_3_online run=/home/h61084/codes/adapts/outputs/adaptation/screen/Traffic/504_168/chronos2/bayes_avgy_shared/instance/euclidean/3/online/run_0
2026-08-14T04:18:22+02:00 skip complete family=gates dataset=Traffic model=chronos2 formula=catboost_cov_regressor_shared lags=504 horizon=168 retrieval=instance_euclidean_3_online run=/home/h61084/codes/adapts/outputs/adaptation/screen/Traffic/504_168/chronos2/catboost_cov_regressor_shared/instance/euclidean/3/online/run_0
2026-08-14T04:18:22+02:00 skip complete family=gates dataset=Traffic model=chronos2 formula=catboost_avgy_regressor_shared lags=504 horizon=168 retrieval=instance_euclidean_3_online run=/home/h61084/codes/adapts/outputs/adaptation/screen/Traffic/504_168/chronos2/catboost_avgy_regressor_shared/instance/euclidean/3/online/run_0
2026-08-14T04:18:22+02:00 skip complete family=gates dataset=Traffic model=chronos2 formula=oracle_cov_shared lags=504 horizon=168 retrieval=instance_euclidean_3_online run=/home/h61084/codes/adapts/outputs/adaptation/screen/Traffic/504_168/chronos2/oracle_cov_shared/instance/euclidean/3/online/run_0
2026-08-14T04:18:22+02:00 skip complete family=gates dataset=Traffic model=chronos2 formula=oracle_avgy_shared lags=504 horizon=168 retrieval=instance_euclidean_3_online run=/home/h61084/codes/adapts/outputs/adaptation/screen/Traffic/504_168/chronos2/oracle_avgy_shared/instance/euclidean/3/online/run_0
2026-08-14 04:18:24,632 INFO [__main__] extraction validation directory=/home/h61084/codes/adapts/outputs/extraction/Solar/168_24/chronos2/raw/euclidean/1/online/run_1 status=complete
2026-08-14T04:18:25+02:00 skip complete family=gates dataset=Solar model=chronos2 formula=cov_forecast lags=168 horizon=24 retrieval=raw_euclidean_1_online run=/home/h61084/codes/adapts/outputs/adaptation/screen/Solar/168_24/chronos2/cov_forecast/raw/euclidean/1/online/run_1
2026-08-14T04:18:25+02:00 skip complete family=gates dataset=Solar model=chronos2 formula=avgy lags=168 horizon=24 retrieval=raw_euclidean_1_online run=/home/h61084/codes/adapts/outputs/adaptation/screen/Solar/168_24/chronos2/avgy/raw/euclidean/1/online/run_1
2026-08-14T04:18:25+02:00 skip complete family=gates dataset=Solar model=chronos2 formula=bayes_cov_shared lags=168 horizon=24 retrieval=raw_euclidean_1_online run=/home/h61084/codes/adapts/outputs/adaptation/screen/Solar/168_24/chronos2/bayes_cov_shared/raw/euclidean/1/online/run_0
2026-08-14T04:18:25+02:00 skip complete family=gates dataset=Solar model=chronos2 formula=bayes_avgy_shared lags=168 horizon=24 retrieval=raw_euclidean_1_online run=/home/h61084/codes/adapts/outputs/adaptation/screen/Solar/168_24/chronos2/bayes_avgy_shared/raw/euclidean/1/online/run_0
2026-08-14T04:18:25+02:00 skip complete family=gates dataset=Solar model=chronos2 formula=catboost_cov_regressor_shared lags=168 horizon=24 retrieval=raw_euclidean_1_online run=/home/h61084/codes/adapts/outputs/adaptation/screen/Solar/168_24/chronos2/catboost_cov_regressor_shared/raw/euclidean/1/online/run_0
2026-08-14T04:18:25+02:00 skip complete family=gates dataset=Solar model=chronos2 formula=catboost_avgy_regressor_shared lags=168 horizon=24 retrieval=raw_euclidean_1_online run=/home/h61084/codes/adapts/outputs/adaptation/screen/Solar/168_24/chronos2/catboost_avgy_regressor_shared/raw/euclidean/1/online/run_0
2026-08-14T04:18:25+02:00 skip complete family=gates dataset=Solar model=chronos2 formula=oracle_cov_shared lags=168 horizon=24 retrieval=raw_euclidean_1_online run=/home/h61084/codes/adapts/outputs/adaptation/screen/Solar/168_24/chronos2/oracle_cov_shared/raw/euclidean/1/online/run_0
2026-08-14T04:18:25+02:00 skip complete family=gates dataset=Solar model=chronos2 formula=oracle_avgy_shared lags=168 horizon=24 retrieval=raw_euclidean_1_online run=/home/h61084/codes/adapts/outputs/adaptation/screen/Solar/168_24/chronos2/oracle_avgy_shared/raw/euclidean/1/online/run_0
2026-08-14 04:18:27,580 INFO [__main__] extraction validation directory=/home/h61084/codes/adapts/outputs/extraction/Solar/168_24/chronos2/raw/euclidean/3/online/run_1 status=complete
2026-08-14T04:18:28+02:00 skip complete family=gates dataset=Solar model=chronos2 formula=cov_forecast lags=168 horizon=24 retrieval=raw_euclidean_3_online run=/home/h61084/codes/adapts/outputs/adaptation/screen/Solar/168_24/chronos2/cov_forecast/raw/euclidean/3/online/run_1
2026-08-14T04:18:28+02:00 skip complete family=gates dataset=Solar model=chronos2 formula=avgy lags=168 horizon=24 retrieval=raw_euclidean_3_online run=/home/h61084/codes/adapts/outputs/adaptation/screen/Solar/168_24/chronos2/avgy/raw/euclidean/3/online/run_1
2026-08-14T04:18:28+02:00 skip complete family=gates dataset=Solar model=chronos2 formula=bayes_cov_shared lags=168 horizon=24 retrieval=raw_euclidean_3_online run=/home/h61084/codes/adapts/outputs/adaptation/screen/Solar/168_24/chronos2/bayes_cov_shared/raw/euclidean/3/online/run_0
2026-08-14T04:18:28+02:00 skip complete family=gates dataset=Solar model=chronos2 formula=bayes_avgy_shared lags=168 horizon=24 retrieval=raw_euclidean_3_online run=/home/h61084/codes/adapts/outputs/adaptation/screen/Solar/168_24/chronos2/bayes_avgy_shared/raw/euclidean/3/online/run_0
2026-08-14T04:18:28+02:00 skip complete family=gates dataset=Solar model=chronos2 formula=catboost_cov_regressor_shared lags=168 horizon=24 retrieval=raw_euclidean_3_online run=/home/h61084/codes/adapts/outputs/adaptation/screen/Solar/168_24/chronos2/catboost_cov_regressor_shared/raw/euclidean/3/online/run_0
2026-08-14T04:18:28+02:00 skip complete family=gates dataset=Solar model=chronos2 formula=catboost_avgy_regressor_shared lags=168 horizon=24 retrieval=raw_euclidean_3_online run=/home/h61084/codes/adapts/outputs/adaptation/screen/Solar/168_24/chronos2/catboost_avgy_regressor_shared/raw/euclidean/3/online/run_0
2026-08-14T04:18:28+02:00 skip complete family=gates dataset=Solar model=chronos2 formula=oracle_cov_shared lags=168 horizon=24 retrieval=raw_euclidean_3_online run=/home/h61084/codes/adapts/outputs/adaptation/screen/Solar/168_24/chronos2/oracle_cov_shared/raw/euclidean/3/online/run_0
2026-08-14T04:18:28+02:00 skip complete family=gates dataset=Solar model=chronos2 formula=oracle_avgy_shared lags=168 horizon=24 retrieval=raw_euclidean_3_online run=/home/h61084/codes/adapts/outputs/adaptation/screen/Solar/168_24/chronos2/oracle_avgy_shared/raw/euclidean/3/online/run_0
2026-08-14 04:18:30,394 INFO [__main__] extraction validation directory=/home/h61084/codes/adapts/outputs/extraction/Solar/168_24/chronos2/instance/euclidean/1/online/run_1 status=complete
2026-08-14T04:18:30+02:00 skip complete family=gates dataset=Solar model=chronos2 formula=cov_forecast lags=168 horizon=24 retrieval=instance_euclidean_1_online run=/home/h61084/codes/adapts/outputs/adaptation/screen/Solar/168_24/chronos2/cov_forecast/instance/euclidean/1/online/run_1
2026-08-14T04:18:30+02:00 skip complete family=gates dataset=Solar model=chronos2 formula=avgy lags=168 horizon=24 retrieval=instance_euclidean_1_online run=/home/h61084/codes/adapts/outputs/adaptation/screen/Solar/168_24/chronos2/avgy/instance/euclidean/1/online/run_1
2026-08-14T04:18:30+02:00 skip complete family=gates dataset=Solar model=chronos2 formula=bayes_cov_shared lags=168 horizon=24 retrieval=instance_euclidean_1_online run=/home/h61084/codes/adapts/outputs/adaptation/screen/Solar/168_24/chronos2/bayes_cov_shared/instance/euclidean/1/online/run_0
2026-08-14T04:18:31+02:00 skip complete family=gates dataset=Solar model=chronos2 formula=bayes_avgy_shared lags=168 horizon=24 retrieval=instance_euclidean_1_online run=/home/h61084/codes/adapts/outputs/adaptation/screen/Solar/168_24/chronos2/bayes_avgy_shared/instance/euclidean/1/online/run_0
2026-08-14T04:18:31+02:00 skip complete family=gates dataset=Solar model=chronos2 formula=catboost_cov_regressor_shared lags=168 horizon=24 retrieval=instance_euclidean_1_online run=/home/h61084/codes/adapts/outputs/adaptation/screen/Solar/168_24/chronos2/catboost_cov_regressor_shared/instance/euclidean/1/online/run_0
2026-08-14T04:18:31+02:00 skip complete family=gates dataset=Solar model=chronos2 formula=catboost_avgy_regressor_shared lags=168 horizon=24 retrieval=instance_euclidean_1_online run=/home/h61084/codes/adapts/outputs/adaptation/screen/Solar/168_24/chronos2/catboost_avgy_regressor_shared/instance/euclidean/1/online/run_0
2026-08-14T04:18:31+02:00 skip complete family=gates dataset=Solar model=chronos2 formula=oracle_cov_shared lags=168 horizon=24 retrieval=instance_euclidean_1_online run=/home/h61084/codes/adapts/outputs/adaptation/screen/Solar/168_24/chronos2/oracle_cov_shared/instance/euclidean/1/online/run_0
2026-08-14T04:18:31+02:00 skip complete family=gates dataset=Solar model=chronos2 formula=oracle_avgy_shared lags=168 horizon=24 retrieval=instance_euclidean_1_online run=/home/h61084/codes/adapts/outputs/adaptation/screen/Solar/168_24/chronos2/oracle_avgy_shared/instance/euclidean/1/online/run_0
2026-08-14 04:18:33,328 INFO [__main__] extraction validation directory=/home/h61084/codes/adapts/outputs/extraction/Solar/168_24/chronos2/instance/euclidean/3/online/run_1 status=complete
2026-08-14T04:18:33+02:00 skip complete family=gates dataset=Solar model=chronos2 formula=cov_forecast lags=168 horizon=24 retrieval=instance_euclidean_3_online run=/home/h61084/codes/adapts/outputs/adaptation/screen/Solar/168_24/chronos2/cov_forecast/instance/euclidean/3/online/run_1
2026-08-14T04:18:33+02:00 skip complete family=gates dataset=Solar model=chronos2 formula=avgy lags=168 horizon=24 retrieval=instance_euclidean_3_online run=/home/h61084/codes/adapts/outputs/adaptation/screen/Solar/168_24/chronos2/avgy/instance/euclidean/3/online/run_1
2026-08-14T04:18:33+02:00 skip complete family=gates dataset=Solar model=chronos2 formula=bayes_cov_shared lags=168 horizon=24 retrieval=instance_euclidean_3_online run=/home/h61084/codes/adapts/outputs/adaptation/screen/Solar/168_24/chronos2/bayes_cov_shared/instance/euclidean/3/online/run_0
2026-08-14T04:18:33+02:00 skip complete family=gates dataset=Solar model=chronos2 formula=bayes_avgy_shared lags=168 horizon=24 retrieval=instance_euclidean_3_online run=/home/h61084/codes/adapts/outputs/adaptation/screen/Solar/168_24/chronos2/bayes_avgy_shared/instance/euclidean/3/online/run_0
2026-08-14T04:18:33+02:00 skip complete family=gates dataset=Solar model=chronos2 formula=catboost_cov_regressor_shared lags=168 horizon=24 retrieval=instance_euclidean_3_online run=/home/h61084/codes/adapts/outputs/adaptation/screen/Solar/168_24/chronos2/catboost_cov_regressor_shared/instance/euclidean/3/online/run_0
2026-08-14T04:18:34+02:00 skip complete family=gates dataset=Solar model=chronos2 formula=catboost_avgy_regressor_shared lags=168 horizon=24 retrieval=instance_euclidean_3_online run=/home/h61084/codes/adapts/outputs/adaptation/screen/Solar/168_24/chronos2/catboost_avgy_regressor_shared/instance/euclidean/3/online/run_0
2026-08-14T04:18:34+02:00 skip complete family=gates dataset=Solar model=chronos2 formula=oracle_cov_shared lags=168 horizon=24 retrieval=instance_euclidean_3_online run=/home/h61084/codes/adapts/outputs/adaptation/screen/Solar/168_24/chronos2/oracle_cov_shared/instance/euclidean/3/online/run_0
2026-08-14T04:18:34+02:00 skip complete family=gates dataset=Solar model=chronos2 formula=oracle_avgy_shared lags=168 horizon=24 retrieval=instance_euclidean_3_online run=/home/h61084/codes/adapts/outputs/adaptation/screen/Solar/168_24/chronos2/oracle_avgy_shared/instance/euclidean/3/online/run_0
2026-08-14 04:18:36,233 INFO [__main__] extraction validation directory=/home/h61084/codes/adapts/outputs/extraction/Solar/336_48/chronos2/raw/euclidean/1/online/run_1 status=complete
2026-08-14T04:18:36+02:00 skip complete family=gates dataset=Solar model=chronos2 formula=cov_forecast lags=336 horizon=48 retrieval=raw_euclidean_1_online run=/home/h61084/codes/adapts/outputs/adaptation/screen/Solar/336_48/chronos2/cov_forecast/raw/euclidean/1/online/run_1
2026-08-14T04:18:36+02:00 skip complete family=gates dataset=Solar model=chronos2 formula=avgy lags=336 horizon=48 retrieval=raw_euclidean_1_online run=/home/h61084/codes/adapts/outputs/adaptation/screen/Solar/336_48/chronos2/avgy/raw/euclidean/1/online/run_1
2026-08-14T04:18:36+02:00 skip complete family=gates dataset=Solar model=chronos2 formula=bayes_cov_shared lags=336 horizon=48 retrieval=raw_euclidean_1_online run=/home/h61084/codes/adapts/outputs/adaptation/screen/Solar/336_48/chronos2/bayes_cov_shared/raw/euclidean/1/online/run_0
2026-08-14T04:18:36+02:00 skip complete family=gates dataset=Solar model=chronos2 formula=bayes_avgy_shared lags=336 horizon=48 retrieval=raw_euclidean_1_online run=/home/h61084/codes/adapts/outputs/adaptation/screen/Solar/336_48/chronos2/bayes_avgy_shared/raw/euclidean/1/online/run_0
2026-08-14T04:18:36+02:00 skip complete family=gates dataset=Solar model=chronos2 formula=catboost_cov_regressor_shared lags=336 horizon=48 retrieval=raw_euclidean_1_online run=/home/h61084/codes/adapts/outputs/adaptation/screen/Solar/336_48/chronos2/catboost_cov_regressor_shared/raw/euclidean/1/online/run_0
2026-08-14T04:18:36+02:00 skip complete family=gates dataset=Solar model=chronos2 formula=catboost_avgy_regressor_shared lags=336 horizon=48 retrieval=raw_euclidean_1_online run=/home/h61084/codes/adapts/outputs/adaptation/screen/Solar/336_48/chronos2/catboost_avgy_regressor_shared/raw/euclidean/1/online/run_0
2026-08-14T04:18:37+02:00 skip complete family=gates dataset=Solar model=chronos2 formula=oracle_cov_shared lags=336 horizon=48 retrieval=raw_euclidean_1_online run=/home/h61084/codes/adapts/outputs/adaptation/screen/Solar/336_48/chronos2/oracle_cov_shared/raw/euclidean/1/online/run_0
2026-08-14T04:18:37+02:00 skip complete family=gates dataset=Solar model=chronos2 formula=oracle_avgy_shared lags=336 horizon=48 retrieval=raw_euclidean_1_online run=/home/h61084/codes/adapts/outputs/adaptation/screen/Solar/336_48/chronos2/oracle_avgy_shared/raw/euclidean/1/online/run_0
2026-08-14 04:18:39,343 INFO [__main__] extraction validation directory=/home/h61084/codes/adapts/outputs/extraction/Solar/336_48/chronos2/raw/euclidean/3/online/run_1 status=complete
2026-08-14T04:18:39+02:00 skip complete family=gates dataset=Solar model=chronos2 formula=cov_forecast lags=336 horizon=48 retrieval=raw_euclidean_3_online run=/home/h61084/codes/adapts/outputs/adaptation/screen/Solar/336_48/chronos2/cov_forecast/raw/euclidean/3/online/run_1
2026-08-14T04:18:39+02:00 skip complete family=gates dataset=Solar model=chronos2 formula=avgy lags=336 horizon=48 retrieval=raw_euclidean_3_online run=/home/h61084/codes/adapts/outputs/adaptation/screen/Solar/336_48/chronos2/avgy/raw/euclidean/3/online/run_1
2026-08-14T04:18:39+02:00 skip complete family=gates dataset=Solar model=chronos2 formula=bayes_cov_shared lags=336 horizon=48 retrieval=raw_euclidean_3_online run=/home/h61084/codes/adapts/outputs/adaptation/screen/Solar/336_48/chronos2/bayes_cov_shared/raw/euclidean/3/online/run_0
2026-08-14T04:18:39+02:00 skip complete family=gates dataset=Solar model=chronos2 formula=bayes_avgy_shared lags=336 horizon=48 retrieval=raw_euclidean_3_online run=/home/h61084/codes/adapts/outputs/adaptation/screen/Solar/336_48/chronos2/bayes_avgy_shared/raw/euclidean/3/online/run_0
2026-08-14T04:18:40+02:00 skip complete family=gates dataset=Solar model=chronos2 formula=catboost_cov_regressor_shared lags=336 horizon=48 retrieval=raw_euclidean_3_online run=/home/h61084/codes/adapts/outputs/adaptation/screen/Solar/336_48/chronos2/catboost_cov_regressor_shared/raw/euclidean/3/online/run_0
2026-08-14T04:18:40+02:00 skip complete family=gates dataset=Solar model=chronos2 formula=catboost_avgy_regressor_shared lags=336 horizon=48 retrieval=raw_euclidean_3_online run=/home/h61084/codes/adapts/outputs/adaptation/screen/Solar/336_48/chronos2/catboost_avgy_regressor_shared/raw/euclidean/3/online/run_0
2026-08-14T04:18:40+02:00 skip complete family=gates dataset=Solar model=chronos2 formula=oracle_cov_shared lags=336 horizon=48 retrieval=raw_euclidean_3_online run=/home/h61084/codes/adapts/outputs/adaptation/screen/Solar/336_48/chronos2/oracle_cov_shared/raw/euclidean/3/online/run_0
2026-08-14T04:18:40+02:00 skip complete family=gates dataset=Solar model=chronos2 formula=oracle_avgy_shared lags=336 horizon=48 retrieval=raw_euclidean_3_online run=/home/h61084/codes/adapts/outputs/adaptation/screen/Solar/336_48/chronos2/oracle_avgy_shared/raw/euclidean/3/online/run_0
2026-08-14 04:18:42,517 INFO [__main__] extraction validation directory=/home/h61084/codes/adapts/outputs/extraction/Solar/336_48/chronos2/instance/euclidean/1/online/run_1 status=complete
2026-08-14T04:18:42+02:00 skip complete family=gates dataset=Solar model=chronos2 formula=cov_forecast lags=336 horizon=48 retrieval=instance_euclidean_1_online run=/home/h61084/codes/adapts/outputs/adaptation/screen/Solar/336_48/chronos2/cov_forecast/instance/euclidean/1/online/run_1
2026-08-14T04:18:42+02:00 skip complete family=gates dataset=Solar model=chronos2 formula=avgy lags=336 horizon=48 retrieval=instance_euclidean_1_online run=/home/h61084/codes/adapts/outputs/adaptation/screen/Solar/336_48/chronos2/avgy/instance/euclidean/1/online/run_1
2026-08-14T04:18:43+02:00 skip complete family=gates dataset=Solar model=chronos2 formula=bayes_cov_shared lags=336 horizon=48 retrieval=instance_euclidean_1_online run=/home/h61084/codes/adapts/outputs/adaptation/screen/Solar/336_48/chronos2/bayes_cov_shared/instance/euclidean/1/online/run_0
2026-08-14T04:18:43+02:00 skip complete family=gates dataset=Solar model=chronos2 formula=bayes_avgy_shared lags=336 horizon=48 retrieval=instance_euclidean_1_online run=/home/h61084/codes/adapts/outputs/adaptation/screen/Solar/336_48/chronos2/bayes_avgy_shared/instance/euclidean/1/online/run_0
2026-08-14T04:18:43+02:00 skip complete family=gates dataset=Solar model=chronos2 formula=catboost_cov_regressor_shared lags=336 horizon=48 retrieval=instance_euclidean_1_online run=/home/h61084/codes/adapts/outputs/adaptation/screen/Solar/336_48/chronos2/catboost_cov_regressor_shared/instance/euclidean/1/online/run_0
2026-08-14T04:18:43+02:00 skip complete family=gates dataset=Solar model=chronos2 formula=catboost_avgy_regressor_shared lags=336 horizon=48 retrieval=instance_euclidean_1_online run=/home/h61084/codes/adapts/outputs/adaptation/screen/Solar/336_48/chronos2/catboost_avgy_regressor_shared/instance/euclidean/1/online/run_0
2026-08-14T04:18:43+02:00 skip complete family=gates dataset=Solar model=chronos2 formula=oracle_cov_shared lags=336 horizon=48 retrieval=instance_euclidean_1_online run=/home/h61084/codes/adapts/outputs/adaptation/screen/Solar/336_48/chronos2/oracle_cov_shared/instance/euclidean/1/online/run_0
2026-08-14T04:18:43+02:00 skip complete family=gates dataset=Solar model=chronos2 formula=oracle_avgy_shared lags=336 horizon=48 retrieval=instance_euclidean_1_online run=/home/h61084/codes/adapts/outputs/adaptation/screen/Solar/336_48/chronos2/oracle_avgy_shared/instance/euclidean/1/online/run_0
2026-08-14 04:18:45,476 INFO [__main__] extraction validation directory=/home/h61084/codes/adapts/outputs/extraction/Solar/336_48/chronos2/instance/euclidean/3/online/run_1 status=complete
2026-08-14T04:18:45+02:00 skip complete family=gates dataset=Solar model=chronos2 formula=cov_forecast lags=336 horizon=48 retrieval=instance_euclidean_3_online run=/home/h61084/codes/adapts/outputs/adaptation/screen/Solar/336_48/chronos2/cov_forecast/instance/euclidean/3/online/run_1
2026-08-14T04:18:45+02:00 skip complete family=gates dataset=Solar model=chronos2 formula=avgy lags=336 horizon=48 retrieval=instance_euclidean_3_online run=/home/h61084/codes/adapts/outputs/adaptation/screen/Solar/336_48/chronos2/avgy/instance/euclidean/3/online/run_1
2026-08-14T04:18:46+02:00 skip complete family=gates dataset=Solar model=chronos2 formula=bayes_cov_shared lags=336 horizon=48 retrieval=instance_euclidean_3_online run=/home/h61084/codes/adapts/outputs/adaptation/screen/Solar/336_48/chronos2/bayes_cov_shared/instance/euclidean/3/online/run_0
2026-08-14T04:18:46+02:00 skip complete family=gates dataset=Solar model=chronos2 formula=bayes_avgy_shared lags=336 horizon=48 retrieval=instance_euclidean_3_online run=/home/h61084/codes/adapts/outputs/adaptation/screen/Solar/336_48/chronos2/bayes_avgy_shared/instance/euclidean/3/online/run_0
2026-08-14T04:18:46+02:00 skip complete family=gates dataset=Solar model=chronos2 formula=catboost_cov_regressor_shared lags=336 horizon=48 retrieval=instance_euclidean_3_online run=/home/h61084/codes/adapts/outputs/adaptation/screen/Solar/336_48/chronos2/catboost_cov_regressor_shared/instance/euclidean/3/online/run_0
2026-08-14T04:18:46+02:00 skip complete family=gates dataset=Solar model=chronos2 formula=catboost_avgy_regressor_shared lags=336 horizon=48 retrieval=instance_euclidean_3_online run=/home/h61084/codes/adapts/outputs/adaptation/screen/Solar/336_48/chronos2/catboost_avgy_regressor_shared/instance/euclidean/3/online/run_0
2026-08-14T04:18:46+02:00 skip complete family=gates dataset=Solar model=chronos2 formula=oracle_cov_shared lags=336 horizon=48 retrieval=instance_euclidean_3_online run=/home/h61084/codes/adapts/outputs/adaptation/screen/Solar/336_48/chronos2/oracle_cov_shared/instance/euclidean/3/online/run_0
2026-08-14T04:18:46+02:00 skip complete family=gates dataset=Solar model=chronos2 formula=oracle_avgy_shared lags=336 horizon=48 retrieval=instance_euclidean_3_online run=/home/h61084/codes/adapts/outputs/adaptation/screen/Solar/336_48/chronos2/oracle_avgy_shared/instance/euclidean/3/online/run_0
2026-08-14 04:18:48,395 INFO [__main__] extraction validation directory=/home/h61084/codes/adapts/outputs/extraction/Solar/504_168/chronos2/raw/euclidean/1/online/run_1 status=complete
2026-08-14T04:18:48+02:00 skip complete family=gates dataset=Solar model=chronos2 formula=cov_forecast lags=504 horizon=168 retrieval=raw_euclidean_1_online run=/home/h61084/codes/adapts/outputs/adaptation/screen/Solar/504_168/chronos2/cov_forecast/raw/euclidean/1/online/run_1
2026-08-14T04:18:48+02:00 skip complete family=gates dataset=Solar model=chronos2 formula=avgy lags=504 horizon=168 retrieval=raw_euclidean_1_online run=/home/h61084/codes/adapts/outputs/adaptation/screen/Solar/504_168/chronos2/avgy/raw/euclidean/1/online/run_1
2026-08-14T04:18:48+02:00 skip complete family=gates dataset=Solar model=chronos2 formula=bayes_cov_shared lags=504 horizon=168 retrieval=raw_euclidean_1_online run=/home/h61084/codes/adapts/outputs/adaptation/screen/Solar/504_168/chronos2/bayes_cov_shared/raw/euclidean/1/online/run_0
2026-08-14T04:18:49+02:00 skip complete family=gates dataset=Solar model=chronos2 formula=bayes_avgy_shared lags=504 horizon=168 retrieval=raw_euclidean_1_online run=/home/h61084/codes/adapts/outputs/adaptation/screen/Solar/504_168/chronos2/bayes_avgy_shared/raw/euclidean/1/online/run_0
2026-08-14T04:18:49+02:00 skip complete family=gates dataset=Solar model=chronos2 formula=catboost_cov_regressor_shared lags=504 horizon=168 retrieval=raw_euclidean_1_online run=/home/h61084/codes/adapts/outputs/adaptation/screen/Solar/504_168/chronos2/catboost_cov_regressor_shared/raw/euclidean/1/online/run_0
2026-08-14T04:18:49+02:00 skip complete family=gates dataset=Solar model=chronos2 formula=catboost_avgy_regressor_shared lags=504 horizon=168 retrieval=raw_euclidean_1_online run=/home/h61084/codes/adapts/outputs/adaptation/screen/Solar/504_168/chronos2/catboost_avgy_regressor_shared/raw/euclidean/1/online/run_0
2026-08-14T04:18:49+02:00 skip complete family=gates dataset=Solar model=chronos2 formula=oracle_cov_shared lags=504 horizon=168 retrieval=raw_euclidean_1_online run=/home/h61084/codes/adapts/outputs/adaptation/screen/Solar/504_168/chronos2/oracle_cov_shared/raw/euclidean/1/online/run_0
2026-08-14T04:18:49+02:00 skip complete family=gates dataset=Solar model=chronos2 formula=oracle_avgy_shared lags=504 horizon=168 retrieval=raw_euclidean_1_online run=/home/h61084/codes/adapts/outputs/adaptation/screen/Solar/504_168/chronos2/oracle_avgy_shared/raw/euclidean/1/online/run_0
2026-08-14 04:18:51,301 INFO [__main__] extraction validation directory=/home/h61084/codes/adapts/outputs/extraction/Solar/504_168/chronos2/raw/euclidean/3/online/run_1 status=complete
2026-08-14T04:18:51+02:00 skip complete family=gates dataset=Solar model=chronos2 formula=cov_forecast lags=504 horizon=168 retrieval=raw_euclidean_3_online run=/home/h61084/codes/adapts/outputs/adaptation/screen/Solar/504_168/chronos2/cov_forecast/raw/euclidean/3/online/run_1
2026-08-14T04:18:51+02:00 skip complete family=gates dataset=Solar model=chronos2 formula=avgy lags=504 horizon=168 retrieval=raw_euclidean_3_online run=/home/h61084/codes/adapts/outputs/adaptation/screen/Solar/504_168/chronos2/avgy/raw/euclidean/3/online/run_1
2026-08-14T04:18:51+02:00 skip complete family=gates dataset=Solar model=chronos2 formula=bayes_cov_shared lags=504 horizon=168 retrieval=raw_euclidean_3_online run=/home/h61084/codes/adapts/outputs/adaptation/screen/Solar/504_168/chronos2/bayes_cov_shared/raw/euclidean/3/online/run_0
2026-08-14T04:18:51+02:00 skip complete family=gates dataset=Solar model=chronos2 formula=bayes_avgy_shared lags=504 horizon=168 retrieval=raw_euclidean_3_online run=/home/h61084/codes/adapts/outputs/adaptation/screen/Solar/504_168/chronos2/bayes_avgy_shared/raw/euclidean/3/online/run_0
2026-08-14T04:18:51+02:00 skip complete family=gates dataset=Solar model=chronos2 formula=catboost_cov_regressor_shared lags=504 horizon=168 retrieval=raw_euclidean_3_online run=/home/h61084/codes/adapts/outputs/adaptation/screen/Solar/504_168/chronos2/catboost_cov_regressor_shared/raw/euclidean/3/online/run_0
2026-08-14T04:18:51+02:00 skip complete family=gates dataset=Solar model=chronos2 formula=catboost_avgy_regressor_shared lags=504 horizon=168 retrieval=raw_euclidean_3_online run=/home/h61084/codes/adapts/outputs/adaptation/screen/Solar/504_168/chronos2/catboost_avgy_regressor_shared/raw/euclidean/3/online/run_0
2026-08-14T04:18:52+02:00 skip complete family=gates dataset=Solar model=chronos2 formula=oracle_cov_shared lags=504 horizon=168 retrieval=raw_euclidean_3_online run=/home/h61084/codes/adapts/outputs/adaptation/screen/Solar/504_168/chronos2/oracle_cov_shared/raw/euclidean/3/online/run_0
2026-08-14T04:18:52+02:00 skip complete family=gates dataset=Solar model=chronos2 formula=oracle_avgy_shared lags=504 horizon=168 retrieval=raw_euclidean_3_online run=/home/h61084/codes/adapts/outputs/adaptation/screen/Solar/504_168/chronos2/oracle_avgy_shared/raw/euclidean/3/online/run_0
2026-08-14 04:18:54,146 INFO [__main__] extraction validation directory=/home/h61084/codes/adapts/outputs/extraction/Solar/504_168/chronos2/instance/euclidean/1/online/run_1 status=complete
2026-08-14T04:18:54+02:00 skip complete family=gates dataset=Solar model=chronos2 formula=cov_forecast lags=504 horizon=168 retrieval=instance_euclidean_1_online run=/home/h61084/codes/adapts/outputs/adaptation/screen/Solar/504_168/chronos2/cov_forecast/instance/euclidean/1/online/run_1
2026-08-14T04:18:54+02:00 skip complete family=gates dataset=Solar model=chronos2 formula=avgy lags=504 horizon=168 retrieval=instance_euclidean_1_online run=/home/h61084/codes/adapts/outputs/adaptation/screen/Solar/504_168/chronos2/avgy/instance/euclidean/1/online/run_1
2026-08-14T04:18:54+02:00 skip complete family=gates dataset=Solar model=chronos2 formula=bayes_cov_shared lags=504 horizon=168 retrieval=instance_euclidean_1_online run=/home/h61084/codes/adapts/outputs/adaptation/screen/Solar/504_168/chronos2/bayes_cov_shared/instance/euclidean/1/online/run_0
2026-08-14T04:18:54+02:00 skip complete family=gates dataset=Solar model=chronos2 formula=bayes_avgy_shared lags=504 horizon=168 retrieval=instance_euclidean_1_online run=/home/h61084/codes/adapts/outputs/adaptation/screen/Solar/504_168/chronos2/bayes_avgy_shared/instance/euclidean/1/online/run_0
2026-08-14T04:18:54+02:00 skip complete family=gates dataset=Solar model=chronos2 formula=catboost_cov_regressor_shared lags=504 horizon=168 retrieval=instance_euclidean_1_online run=/home/h61084/codes/adapts/outputs/adaptation/screen/Solar/504_168/chronos2/catboost_cov_regressor_shared/instance/euclidean/1/online/run_0
2026-08-14T04:18:54+02:00 skip complete family=gates dataset=Solar model=chronos2 formula=catboost_avgy_regressor_shared lags=504 horizon=168 retrieval=instance_euclidean_1_online run=/home/h61084/codes/adapts/outputs/adaptation/screen/Solar/504_168/chronos2/catboost_avgy_regressor_shared/instance/euclidean/1/online/run_0
2026-08-14T04:18:54+02:00 skip complete family=gates dataset=Solar model=chronos2 formula=oracle_cov_shared lags=504 horizon=168 retrieval=instance_euclidean_1_online run=/home/h61084/codes/adapts/outputs/adaptation/screen/Solar/504_168/chronos2/oracle_cov_shared/instance/euclidean/1/online/run_0
2026-08-14T04:18:54+02:00 skip complete family=gates dataset=Solar model=chronos2 formula=oracle_avgy_shared lags=504 horizon=168 retrieval=instance_euclidean_1_online run=/home/h61084/codes/adapts/outputs/adaptation/screen/Solar/504_168/chronos2/oracle_avgy_shared/instance/euclidean/1/online/run_0
2026-08-14 04:18:56,934 INFO [__main__] extraction validation directory=/home/h61084/codes/adapts/outputs/extraction/Solar/504_168/chronos2/instance/euclidean/3/online/run_1 status=complete
2026-08-14T04:18:57+02:00 skip complete family=gates dataset=Solar model=chronos2 formula=cov_forecast lags=504 horizon=168 retrieval=instance_euclidean_3_online run=/home/h61084/codes/adapts/outputs/adaptation/screen/Solar/504_168/chronos2/cov_forecast/instance/euclidean/3/online/run_1
2026-08-14T04:18:57+02:00 skip complete family=gates dataset=Solar model=chronos2 formula=avgy lags=504 horizon=168 retrieval=instance_euclidean_3_online run=/home/h61084/codes/adapts/outputs/adaptation/screen/Solar/504_168/chronos2/avgy/instance/euclidean/3/online/run_1
2026-08-14T04:18:57+02:00 skip complete family=gates dataset=Solar model=chronos2 formula=bayes_cov_shared lags=504 horizon=168 retrieval=instance_euclidean_3_online run=/home/h61084/codes/adapts/outputs/adaptation/screen/Solar/504_168/chronos2/bayes_cov_shared/instance/euclidean/3/online/run_0
2026-08-14T04:18:57+02:00 skip complete family=gates dataset=Solar model=chronos2 formula=bayes_avgy_shared lags=504 horizon=168 retrieval=instance_euclidean_3_online run=/home/h61084/codes/adapts/outputs/adaptation/screen/Solar/504_168/chronos2/bayes_avgy_shared/instance/euclidean/3/online/run_0
2026-08-14T04:18:57+02:00 skip complete family=gates dataset=Solar model=chronos2 formula=catboost_cov_regressor_shared lags=504 horizon=168 retrieval=instance_euclidean_3_online run=/home/h61084/codes/adapts/outputs/adaptation/screen/Solar/504_168/chronos2/catboost_cov_regressor_shared/instance/euclidean/3/online/run_0
2026-08-14T04:18:57+02:00 skip complete family=gates dataset=Solar model=chronos2 formula=catboost_avgy_regressor_shared lags=504 horizon=168 retrieval=instance_euclidean_3_online run=/home/h61084/codes/adapts/outputs/adaptation/screen/Solar/504_168/chronos2/catboost_avgy_regressor_shared/instance/euclidean/3/online/run_0
2026-08-14T04:18:57+02:00 skip complete family=gates dataset=Solar model=chronos2 formula=oracle_cov_shared lags=504 horizon=168 retrieval=instance_euclidean_3_online run=/home/h61084/codes/adapts/outputs/adaptation/screen/Solar/504_168/chronos2/oracle_cov_shared/instance/euclidean/3/online/run_0
2026-08-14T04:18:57+02:00 skip complete family=gates dataset=Solar model=chronos2 formula=oracle_avgy_shared lags=504 horizon=168 retrieval=instance_euclidean_3_online run=/home/h61084/codes/adapts/outputs/adaptation/screen/Solar/504_168/chronos2/oracle_avgy_shared/instance/euclidean/3/online/run_0
2026-08-14 04:18:59,760 INFO [__main__] extraction validation directory=/home/h61084/codes/adapts/outputs/extraction/exchange_rate/168_24/chronos2/raw/euclidean/1/online/run_1 status=complete
2026-08-14T04:19:00+02:00 skip complete family=gates dataset=exchange_rate model=chronos2 formula=cov_forecast lags=168 horizon=24 retrieval=raw_euclidean_1_online run=/home/h61084/codes/adapts/outputs/adaptation/screen/exchange_rate/168_24/chronos2/cov_forecast/raw/euclidean/1/online/run_1
2026-08-14T04:19:00+02:00 skip complete family=gates dataset=exchange_rate model=chronos2 formula=avgy lags=168 horizon=24 retrieval=raw_euclidean_1_online run=/home/h61084/codes/adapts/outputs/adaptation/screen/exchange_rate/168_24/chronos2/avgy/raw/euclidean/1/online/run_1
2026-08-14T04:19:00+02:00 skip complete family=gates dataset=exchange_rate model=chronos2 formula=bayes_cov_shared lags=168 horizon=24 retrieval=raw_euclidean_1_online run=/home/h61084/codes/adapts/outputs/adaptation/screen/exchange_rate/168_24/chronos2/bayes_cov_shared/raw/euclidean/1/online/run_0
2026-08-14T04:19:00+02:00 skip complete family=gates dataset=exchange_rate model=chronos2 formula=bayes_avgy_shared lags=168 horizon=24 retrieval=raw_euclidean_1_online run=/home/h61084/codes/adapts/outputs/adaptation/screen/exchange_rate/168_24/chronos2/bayes_avgy_shared/raw/euclidean/1/online/run_0
2026-08-14T04:19:00+02:00 skip complete family=gates dataset=exchange_rate model=chronos2 formula=catboost_cov_regressor_shared lags=168 horizon=24 retrieval=raw_euclidean_1_online run=/home/h61084/codes/adapts/outputs/adaptation/screen/exchange_rate/168_24/chronos2/catboost_cov_regressor_shared/raw/euclidean/1/online/run_0
2026-08-14T04:19:00+02:00 skip complete family=gates dataset=exchange_rate model=chronos2 formula=catboost_avgy_regressor_shared lags=168 horizon=24 retrieval=raw_euclidean_1_online run=/home/h61084/codes/adapts/outputs/adaptation/screen/exchange_rate/168_24/chronos2/catboost_avgy_regressor_shared/raw/euclidean/1/online/run_0
2026-08-14T04:19:00+02:00 skip complete family=gates dataset=exchange_rate model=chronos2 formula=oracle_cov_shared lags=168 horizon=24 retrieval=raw_euclidean_1_online run=/home/h61084/codes/adapts/outputs/adaptation/screen/exchange_rate/168_24/chronos2/oracle_cov_shared/raw/euclidean/1/online/run_0
2026-08-14T04:19:00+02:00 skip complete family=gates dataset=exchange_rate model=chronos2 formula=oracle_avgy_shared lags=168 horizon=24 retrieval=raw_euclidean_1_online run=/home/h61084/codes/adapts/outputs/adaptation/screen/exchange_rate/168_24/chronos2/oracle_avgy_shared/raw/euclidean/1/online/run_0
2026-08-14 04:19:02,660 INFO [__main__] extraction validation directory=/home/h61084/codes/adapts/outputs/extraction/exchange_rate/168_24/chronos2/raw/euclidean/3/online/run_1 status=complete
2026-08-14T04:19:03+02:00 skip complete family=gates dataset=exchange_rate model=chronos2 formula=cov_forecast lags=168 horizon=24 retrieval=raw_euclidean_3_online run=/home/h61084/codes/adapts/outputs/adaptation/screen/exchange_rate/168_24/chronos2/cov_forecast/raw/euclidean/3/online/run_1
2026-08-14T04:19:03+02:00 skip complete family=gates dataset=exchange_rate model=chronos2 formula=avgy lags=168 horizon=24 retrieval=raw_euclidean_3_online run=/home/h61084/codes/adapts/outputs/adaptation/screen/exchange_rate/168_24/chronos2/avgy/raw/euclidean/3/online/run_1
2026-08-14T04:19:03+02:00 skip complete family=gates dataset=exchange_rate model=chronos2 formula=bayes_cov_shared lags=168 horizon=24 retrieval=raw_euclidean_3_online run=/home/h61084/codes/adapts/outputs/adaptation/screen/exchange_rate/168_24/chronos2/bayes_cov_shared/raw/euclidean/3/online/run_0
2026-08-14T04:19:03+02:00 skip complete family=gates dataset=exchange_rate model=chronos2 formula=bayes_avgy_shared lags=168 horizon=24 retrieval=raw_euclidean_3_online run=/home/h61084/codes/adapts/outputs/adaptation/screen/exchange_rate/168_24/chronos2/bayes_avgy_shared/raw/euclidean/3/online/run_0
2026-08-14T04:19:03+02:00 skip complete family=gates dataset=exchange_rate model=chronos2 formula=catboost_cov_regressor_shared lags=168 horizon=24 retrieval=raw_euclidean_3_online run=/home/h61084/codes/adapts/outputs/adaptation/screen/exchange_rate/168_24/chronos2/catboost_cov_regressor_shared/raw/euclidean/3/online/run_0
2026-08-14T04:19:03+02:00 skip complete family=gates dataset=exchange_rate model=chronos2 formula=catboost_avgy_regressor_shared lags=168 horizon=24 retrieval=raw_euclidean_3_online run=/home/h61084/codes/adapts/outputs/adaptation/screen/exchange_rate/168_24/chronos2/catboost_avgy_regressor_shared/raw/euclidean/3/online/run_0
2026-08-14T04:19:03+02:00 skip complete family=gates dataset=exchange_rate model=chronos2 formula=oracle_cov_shared lags=168 horizon=24 retrieval=raw_euclidean_3_online run=/home/h61084/codes/adapts/outputs/adaptation/screen/exchange_rate/168_24/chronos2/oracle_cov_shared/raw/euclidean/3/online/run_0
2026-08-14T04:19:03+02:00 skip complete family=gates dataset=exchange_rate model=chronos2 formula=oracle_avgy_shared lags=168 horizon=24 retrieval=raw_euclidean_3_online run=/home/h61084/codes/adapts/outputs/adaptation/screen/exchange_rate/168_24/chronos2/oracle_avgy_shared/raw/euclidean/3/online/run_0
2026-08-14 04:19:05,647 INFO [__main__] extraction validation directory=/home/h61084/codes/adapts/outputs/extraction/exchange_rate/168_24/chronos2/instance/euclidean/1/online/run_1 status=complete
2026-08-14T04:19:06+02:00 skip complete family=gates dataset=exchange_rate model=chronos2 formula=cov_forecast lags=168 horizon=24 retrieval=instance_euclidean_1_online run=/home/h61084/codes/adapts/outputs/adaptation/screen/exchange_rate/168_24/chronos2/cov_forecast/instance/euclidean/1/online/run_1
2026-08-14T04:19:06+02:00 skip complete family=gates dataset=exchange_rate model=chronos2 formula=avgy lags=168 horizon=24 retrieval=instance_euclidean_1_online run=/home/h61084/codes/adapts/outputs/adaptation/screen/exchange_rate/168_24/chronos2/avgy/instance/euclidean/1/online/run_1
2026-08-14T04:19:06+02:00 skip complete family=gates dataset=exchange_rate model=chronos2 formula=bayes_cov_shared lags=168 horizon=24 retrieval=instance_euclidean_1_online run=/home/h61084/codes/adapts/outputs/adaptation/screen/exchange_rate/168_24/chronos2/bayes_cov_shared/instance/euclidean/1/online/run_0
2026-08-14T04:19:06+02:00 skip complete family=gates dataset=exchange_rate model=chronos2 formula=bayes_avgy_shared lags=168 horizon=24 retrieval=instance_euclidean_1_online run=/home/h61084/codes/adapts/outputs/adaptation/screen/exchange_rate/168_24/chronos2/bayes_avgy_shared/instance/euclidean/1/online/run_0
2026-08-14T04:19:06+02:00 skip complete family=gates dataset=exchange_rate model=chronos2 formula=catboost_cov_regressor_shared lags=168 horizon=24 retrieval=instance_euclidean_1_online run=/home/h61084/codes/adapts/outputs/adaptation/screen/exchange_rate/168_24/chronos2/catboost_cov_regressor_shared/instance/euclidean/1/online/run_0
2026-08-14T04:19:06+02:00 skip complete family=gates dataset=exchange_rate model=chronos2 formula=catboost_avgy_regressor_shared lags=168 horizon=24 retrieval=instance_euclidean_1_online run=/home/h61084/codes/adapts/outputs/adaptation/screen/exchange_rate/168_24/chronos2/catboost_avgy_regressor_shared/instance/euclidean/1/online/run_0
2026-08-14T04:19:06+02:00 skip complete family=gates dataset=exchange_rate model=chronos2 formula=oracle_cov_shared lags=168 horizon=24 retrieval=instance_euclidean_1_online run=/home/h61084/codes/adapts/outputs/adaptation/screen/exchange_rate/168_24/chronos2/oracle_cov_shared/instance/euclidean/1/online/run_0
2026-08-14T04:19:06+02:00 skip complete family=gates dataset=exchange_rate model=chronos2 formula=oracle_avgy_shared lags=168 horizon=24 retrieval=instance_euclidean_1_online run=/home/h61084/codes/adapts/outputs/adaptation/screen/exchange_rate/168_24/chronos2/oracle_avgy_shared/instance/euclidean/1/online/run_0
2026-08-14 04:19:08,594 INFO [__main__] extraction validation directory=/home/h61084/codes/adapts/outputs/extraction/exchange_rate/168_24/chronos2/instance/euclidean/3/online/run_1 status=complete
2026-08-14T04:19:09+02:00 skip complete family=gates dataset=exchange_rate model=chronos2 formula=cov_forecast lags=168 horizon=24 retrieval=instance_euclidean_3_online run=/home/h61084/codes/adapts/outputs/adaptation/screen/exchange_rate/168_24/chronos2/cov_forecast/instance/euclidean/3/online/run_1
2026-08-14T04:19:09+02:00 skip complete family=gates dataset=exchange_rate model=chronos2 formula=avgy lags=168 horizon=24 retrieval=instance_euclidean_3_online run=/home/h61084/codes/adapts/outputs/adaptation/screen/exchange_rate/168_24/chronos2/avgy/instance/euclidean/3/online/run_1
2026-08-14T04:19:09+02:00 skip complete family=gates dataset=exchange_rate model=chronos2 formula=bayes_cov_shared lags=168 horizon=24 retrieval=instance_euclidean_3_online run=/home/h61084/codes/adapts/outputs/adaptation/screen/exchange_rate/168_24/chronos2/bayes_cov_shared/instance/euclidean/3/online/run_0
2026-08-14T04:19:09+02:00 skip complete family=gates dataset=exchange_rate model=chronos2 formula=bayes_avgy_shared lags=168 horizon=24 retrieval=instance_euclidean_3_online run=/home/h61084/codes/adapts/outputs/adaptation/screen/exchange_rate/168_24/chronos2/bayes_avgy_shared/instance/euclidean/3/online/run_0
2026-08-14T04:19:09+02:00 skip complete family=gates dataset=exchange_rate model=chronos2 formula=catboost_cov_regressor_shared lags=168 horizon=24 retrieval=instance_euclidean_3_online run=/home/h61084/codes/adapts/outputs/adaptation/screen/exchange_rate/168_24/chronos2/catboost_cov_regressor_shared/instance/euclidean/3/online/run_0
2026-08-14T04:19:09+02:00 skip complete family=gates dataset=exchange_rate model=chronos2 formula=catboost_avgy_regressor_shared lags=168 horizon=24 retrieval=instance_euclidean_3_online run=/home/h61084/codes/adapts/outputs/adaptation/screen/exchange_rate/168_24/chronos2/catboost_avgy_regressor_shared/instance/euclidean/3/online/run_0
2026-08-14T04:19:09+02:00 skip complete family=gates dataset=exchange_rate model=chronos2 formula=oracle_cov_shared lags=168 horizon=24 retrieval=instance_euclidean_3_online run=/home/h61084/codes/adapts/outputs/adaptation/screen/exchange_rate/168_24/chronos2/oracle_cov_shared/instance/euclidean/3/online/run_0
2026-08-14T04:19:09+02:00 skip complete family=gates dataset=exchange_rate model=chronos2 formula=oracle_avgy_shared lags=168 horizon=24 retrieval=instance_euclidean_3_online run=/home/h61084/codes/adapts/outputs/adaptation/screen/exchange_rate/168_24/chronos2/oracle_avgy_shared/instance/euclidean/3/online/run_0
2026-08-14 04:19:11,446 INFO [__main__] extraction validation directory=/home/h61084/codes/adapts/outputs/extraction/exchange_rate/336_48/chronos2/raw/euclidean/1/online/run_1 status=complete
2026-08-14T04:19:11+02:00 skip complete family=gates dataset=exchange_rate model=chronos2 formula=cov_forecast lags=336 horizon=48 retrieval=raw_euclidean_1_online run=/home/h61084/codes/adapts/outputs/adaptation/screen/exchange_rate/336_48/chronos2/cov_forecast/raw/euclidean/1/online/run_1
2026-08-14T04:19:11+02:00 skip complete family=gates dataset=exchange_rate model=chronos2 formula=avgy lags=336 horizon=48 retrieval=raw_euclidean_1_online run=/home/h61084/codes/adapts/outputs/adaptation/screen/exchange_rate/336_48/chronos2/avgy/raw/euclidean/1/online/run_1
2026-08-14T04:19:11+02:00 skip complete family=gates dataset=exchange_rate model=chronos2 formula=bayes_cov_shared lags=336 horizon=48 retrieval=raw_euclidean_1_online run=/home/h61084/codes/adapts/outputs/adaptation/screen/exchange_rate/336_48/chronos2/bayes_cov_shared/raw/euclidean/1/online/run_0
2026-08-14T04:19:12+02:00 skip complete family=gates dataset=exchange_rate model=chronos2 formula=bayes_avgy_shared lags=336 horizon=48 retrieval=raw_euclidean_1_online run=/home/h61084/codes/adapts/outputs/adaptation/screen/exchange_rate/336_48/chronos2/bayes_avgy_shared/raw/euclidean/1/online/run_0
2026-08-14T04:19:12+02:00 skip complete family=gates dataset=exchange_rate model=chronos2 formula=catboost_cov_regressor_shared lags=336 horizon=48 retrieval=raw_euclidean_1_online run=/home/h61084/codes/adapts/outputs/adaptation/screen/exchange_rate/336_48/chronos2/catboost_cov_regressor_shared/raw/euclidean/1/online/run_0
2026-08-14T04:19:12+02:00 skip complete family=gates dataset=exchange_rate model=chronos2 formula=catboost_avgy_regressor_shared lags=336 horizon=48 retrieval=raw_euclidean_1_online run=/home/h61084/codes/adapts/outputs/adaptation/screen/exchange_rate/336_48/chronos2/catboost_avgy_regressor_shared/raw/euclidean/1/online/run_0
2026-08-14T04:19:12+02:00 skip complete family=gates dataset=exchange_rate model=chronos2 formula=oracle_cov_shared lags=336 horizon=48 retrieval=raw_euclidean_1_online run=/home/h61084/codes/adapts/outputs/adaptation/screen/exchange_rate/336_48/chronos2/oracle_cov_shared/raw/euclidean/1/online/run_0
2026-08-14T04:19:12+02:00 skip complete family=gates dataset=exchange_rate model=chronos2 formula=oracle_avgy_shared lags=336 horizon=48 retrieval=raw_euclidean_1_online run=/home/h61084/codes/adapts/outputs/adaptation/screen/exchange_rate/336_48/chronos2/oracle_avgy_shared/raw/euclidean/1/online/run_0
2026-08-14 04:19:14,373 INFO [__main__] extraction validation directory=/home/h61084/codes/adapts/outputs/extraction/exchange_rate/336_48/chronos2/raw/euclidean/3/online/run_1 status=complete
2026-08-14T04:19:14+02:00 skip complete family=gates dataset=exchange_rate model=chronos2 formula=cov_forecast lags=336 horizon=48 retrieval=raw_euclidean_3_online run=/home/h61084/codes/adapts/outputs/adaptation/screen/exchange_rate/336_48/chronos2/cov_forecast/raw/euclidean/3/online/run_1
2026-08-14T04:19:14+02:00 skip complete family=gates dataset=exchange_rate model=chronos2 formula=avgy lags=336 horizon=48 retrieval=raw_euclidean_3_online run=/home/h61084/codes/adapts/outputs/adaptation/screen/exchange_rate/336_48/chronos2/avgy/raw/euclidean/3/online/run_1
2026-08-14T04:19:14+02:00 skip complete family=gates dataset=exchange_rate model=chronos2 formula=bayes_cov_shared lags=336 horizon=48 retrieval=raw_euclidean_3_online run=/home/h61084/codes/adapts/outputs/adaptation/screen/exchange_rate/336_48/chronos2/bayes_cov_shared/raw/euclidean/3/online/run_0
2026-08-14T04:19:14+02:00 skip complete family=gates dataset=exchange_rate model=chronos2 formula=bayes_avgy_shared lags=336 horizon=48 retrieval=raw_euclidean_3_online run=/home/h61084/codes/adapts/outputs/adaptation/screen/exchange_rate/336_48/chronos2/bayes_avgy_shared/raw/euclidean/3/online/run_0
2026-08-14T04:19:15+02:00 skip complete family=gates dataset=exchange_rate model=chronos2 formula=catboost_cov_regressor_shared lags=336 horizon=48 retrieval=raw_euclidean_3_online run=/home/h61084/codes/adapts/outputs/adaptation/screen/exchange_rate/336_48/chronos2/catboost_cov_regressor_shared/raw/euclidean/3/online/run_0
2026-08-14T04:19:15+02:00 skip complete family=gates dataset=exchange_rate model=chronos2 formula=catboost_avgy_regressor_shared lags=336 horizon=48 retrieval=raw_euclidean_3_online run=/home/h61084/codes/adapts/outputs/adaptation/screen/exchange_rate/336_48/chronos2/catboost_avgy_regressor_shared/raw/euclidean/3/online/run_0
2026-08-14T04:19:15+02:00 skip complete family=gates dataset=exchange_rate model=chronos2 formula=oracle_cov_shared lags=336 horizon=48 retrieval=raw_euclidean_3_online run=/home/h61084/codes/adapts/outputs/adaptation/screen/exchange_rate/336_48/chronos2/oracle_cov_shared/raw/euclidean/3/online/run_0
2026-08-14T04:19:15+02:00 skip complete family=gates dataset=exchange_rate model=chronos2 formula=oracle_avgy_shared lags=336 horizon=48 retrieval=raw_euclidean_3_online run=/home/h61084/codes/adapts/outputs/adaptation/screen/exchange_rate/336_48/chronos2/oracle_avgy_shared/raw/euclidean/3/online/run_0
2026-08-14 04:19:17,288 INFO [__main__] extraction validation directory=/home/h61084/codes/adapts/outputs/extraction/exchange_rate/336_48/chronos2/instance/euclidean/1/online/run_1 status=complete
2026-08-14T04:19:17+02:00 skip complete family=gates dataset=exchange_rate model=chronos2 formula=cov_forecast lags=336 horizon=48 retrieval=instance_euclidean_1_online run=/home/h61084/codes/adapts/outputs/adaptation/screen/exchange_rate/336_48/chronos2/cov_forecast/instance/euclidean/1/online/run_1
2026-08-14T04:19:17+02:00 skip complete family=gates dataset=exchange_rate model=chronos2 formula=avgy lags=336 horizon=48 retrieval=instance_euclidean_1_online run=/home/h61084/codes/adapts/outputs/adaptation/screen/exchange_rate/336_48/chronos2/avgy/instance/euclidean/1/online/run_1
2026-08-14T04:19:17+02:00 skip complete family=gates dataset=exchange_rate model=chronos2 formula=bayes_cov_shared lags=336 horizon=48 retrieval=instance_euclidean_1_online run=/home/h61084/codes/adapts/outputs/adaptation/screen/exchange_rate/336_48/chronos2/bayes_cov_shared/instance/euclidean/1/online/run_0
2026-08-14T04:19:17+02:00 skip complete family=gates dataset=exchange_rate model=chronos2 formula=bayes_avgy_shared lags=336 horizon=48 retrieval=instance_euclidean_1_online run=/home/h61084/codes/adapts/outputs/adaptation/screen/exchange_rate/336_48/chronos2/bayes_avgy_shared/instance/euclidean/1/online/run_0
2026-08-14T04:19:17+02:00 skip complete family=gates dataset=exchange_rate model=chronos2 formula=catboost_cov_regressor_shared lags=336 horizon=48 retrieval=instance_euclidean_1_online run=/home/h61084/codes/adapts/outputs/adaptation/screen/exchange_rate/336_48/chronos2/catboost_cov_regressor_shared/instance/euclidean/1/online/run_0
2026-08-14T04:19:18+02:00 skip complete family=gates dataset=exchange_rate model=chronos2 formula=catboost_avgy_regressor_shared lags=336 horizon=48 retrieval=instance_euclidean_1_online run=/home/h61084/codes/adapts/outputs/adaptation/screen/exchange_rate/336_48/chronos2/catboost_avgy_regressor_shared/instance/euclidean/1/online/run_0
2026-08-14T04:19:18+02:00 skip complete family=gates dataset=exchange_rate model=chronos2 formula=oracle_cov_shared lags=336 horizon=48 retrieval=instance_euclidean_1_online run=/home/h61084/codes/adapts/outputs/adaptation/screen/exchange_rate/336_48/chronos2/oracle_cov_shared/instance/euclidean/1/online/run_0
2026-08-14T04:19:18+02:00 skip complete family=gates dataset=exchange_rate model=chronos2 formula=oracle_avgy_shared lags=336 horizon=48 retrieval=instance_euclidean_1_online run=/home/h61084/codes/adapts/outputs/adaptation/screen/exchange_rate/336_48/chronos2/oracle_avgy_shared/instance/euclidean/1/online/run_0
2026-08-14 04:19:20,234 INFO [__main__] extraction validation directory=/home/h61084/codes/adapts/outputs/extraction/exchange_rate/336_48/chronos2/instance/euclidean/3/online/run_1 status=complete
2026-08-14T04:19:20+02:00 skip complete family=gates dataset=exchange_rate model=chronos2 formula=cov_forecast lags=336 horizon=48 retrieval=instance_euclidean_3_online run=/home/h61084/codes/adapts/outputs/adaptation/screen/exchange_rate/336_48/chronos2/cov_forecast/instance/euclidean/3/online/run_1
2026-08-14T04:19:20+02:00 skip complete family=gates dataset=exchange_rate model=chronos2 formula=avgy lags=336 horizon=48 retrieval=instance_euclidean_3_online run=/home/h61084/codes/adapts/outputs/adaptation/screen/exchange_rate/336_48/chronos2/avgy/instance/euclidean/3/online/run_1
2026-08-14T04:19:20+02:00 skip complete family=gates dataset=exchange_rate model=chronos2 formula=bayes_cov_shared lags=336 horizon=48 retrieval=instance_euclidean_3_online run=/home/h61084/codes/adapts/outputs/adaptation/screen/exchange_rate/336_48/chronos2/bayes_cov_shared/instance/euclidean/3/online/run_0
2026-08-14T04:19:20+02:00 skip complete family=gates dataset=exchange_rate model=chronos2 formula=bayes_avgy_shared lags=336 horizon=48 retrieval=instance_euclidean_3_online run=/home/h61084/codes/adapts/outputs/adaptation/screen/exchange_rate/336_48/chronos2/bayes_avgy_shared/instance/euclidean/3/online/run_0
2026-08-14T04:19:20+02:00 skip complete family=gates dataset=exchange_rate model=chronos2 formula=catboost_cov_regressor_shared lags=336 horizon=48 retrieval=instance_euclidean_3_online run=/home/h61084/codes/adapts/outputs/adaptation/screen/exchange_rate/336_48/chronos2/catboost_cov_regressor_shared/instance/euclidean/3/online/run_0
2026-08-14T04:19:20+02:00 skip complete family=gates dataset=exchange_rate model=chronos2 formula=catboost_avgy_regressor_shared lags=336 horizon=48 retrieval=instance_euclidean_3_online run=/home/h61084/codes/adapts/outputs/adaptation/screen/exchange_rate/336_48/chronos2/catboost_avgy_regressor_shared/instance/euclidean/3/online/run_0
2026-08-14T04:19:21+02:00 skip complete family=gates dataset=exchange_rate model=chronos2 formula=oracle_cov_shared lags=336 horizon=48 retrieval=instance_euclidean_3_online run=/home/h61084/codes/adapts/outputs/adaptation/screen/exchange_rate/336_48/chronos2/oracle_cov_shared/instance/euclidean/3/online/run_0
2026-08-14T04:19:21+02:00 skip complete family=gates dataset=exchange_rate model=chronos2 formula=oracle_avgy_shared lags=336 horizon=48 retrieval=instance_euclidean_3_online run=/home/h61084/codes/adapts/outputs/adaptation/screen/exchange_rate/336_48/chronos2/oracle_avgy_shared/instance/euclidean/3/online/run_0
2026-08-14 04:19:23,124 INFO [__main__] extraction validation directory=/home/h61084/codes/adapts/outputs/extraction/exchange_rate/504_168/chronos2/raw/euclidean/1/online/run_1 status=complete
2026-08-14T04:19:23+02:00 skip complete family=gates dataset=exchange_rate model=chronos2 formula=cov_forecast lags=504 horizon=168 retrieval=raw_euclidean_1_online run=/home/h61084/codes/adapts/outputs/adaptation/screen/exchange_rate/504_168/chronos2/cov_forecast/raw/euclidean/1/online/run_1
2026-08-14T04:19:23+02:00 skip complete family=gates dataset=exchange_rate model=chronos2 formula=avgy lags=504 horizon=168 retrieval=raw_euclidean_1_online run=/home/h61084/codes/adapts/outputs/adaptation/screen/exchange_rate/504_168/chronos2/avgy/raw/euclidean/1/online/run_1
2026-08-14T04:19:23+02:00 skip complete family=gates dataset=exchange_rate model=chronos2 formula=bayes_cov_shared lags=504 horizon=168 retrieval=raw_euclidean_1_online run=/home/h61084/codes/adapts/outputs/adaptation/screen/exchange_rate/504_168/chronos2/bayes_cov_shared/raw/euclidean/1/online/run_0
2026-08-14T04:19:23+02:00 skip complete family=gates dataset=exchange_rate model=chronos2 formula=bayes_avgy_shared lags=504 horizon=168 retrieval=raw_euclidean_1_online run=/home/h61084/codes/adapts/outputs/adaptation/screen/exchange_rate/504_168/chronos2/bayes_avgy_shared/raw/euclidean/1/online/run_0
2026-08-14T04:19:23+02:00 skip complete family=gates dataset=exchange_rate model=chronos2 formula=catboost_cov_regressor_shared lags=504 horizon=168 retrieval=raw_euclidean_1_online run=/home/h61084/codes/adapts/outputs/adaptation/screen/exchange_rate/504_168/chronos2/catboost_cov_regressor_shared/raw/euclidean/1/online/run_0
2026-08-14T04:19:23+02:00 skip complete family=gates dataset=exchange_rate model=chronos2 formula=catboost_avgy_regressor_shared lags=504 horizon=168 retrieval=raw_euclidean_1_online run=/home/h61084/codes/adapts/outputs/adaptation/screen/exchange_rate/504_168/chronos2/catboost_avgy_regressor_shared/raw/euclidean/1/online/run_0
2026-08-14T04:19:23+02:00 skip complete family=gates dataset=exchange_rate model=chronos2 formula=oracle_cov_shared lags=504 horizon=168 retrieval=raw_euclidean_1_online run=/home/h61084/codes/adapts/outputs/adaptation/screen/exchange_rate/504_168/chronos2/oracle_cov_shared/raw/euclidean/1/online/run_0
2026-08-14T04:19:24+02:00 skip complete family=gates dataset=exchange_rate model=chronos2 formula=oracle_avgy_shared lags=504 horizon=168 retrieval=raw_euclidean_1_online run=/home/h61084/codes/adapts/outputs/adaptation/screen/exchange_rate/504_168/chronos2/oracle_avgy_shared/raw/euclidean/1/online/run_0
2026-08-14 04:19:26,161 INFO [__main__] extraction validation directory=/home/h61084/codes/adapts/outputs/extraction/exchange_rate/504_168/chronos2/raw/euclidean/3/online/run_1 status=complete
2026-08-14T04:19:26+02:00 skip complete family=gates dataset=exchange_rate model=chronos2 formula=cov_forecast lags=504 horizon=168 retrieval=raw_euclidean_3_online run=/home/h61084/codes/adapts/outputs/adaptation/screen/exchange_rate/504_168/chronos2/cov_forecast/raw/euclidean/3/online/run_1
2026-08-14T04:19:26+02:00 skip complete family=gates dataset=exchange_rate model=chronos2 formula=avgy lags=504 horizon=168 retrieval=raw_euclidean_3_online run=/home/h61084/codes/adapts/outputs/adaptation/screen/exchange_rate/504_168/chronos2/avgy/raw/euclidean/3/online/run_1
2026-08-14T04:19:26+02:00 skip complete family=gates dataset=exchange_rate model=chronos2 formula=bayes_cov_shared lags=504 horizon=168 retrieval=raw_euclidean_3_online run=/home/h61084/codes/adapts/outputs/adaptation/screen/exchange_rate/504_168/chronos2/bayes_cov_shared/raw/euclidean/3/online/run_0
2026-08-14T04:19:26+02:00 skip complete family=gates dataset=exchange_rate model=chronos2 formula=bayes_avgy_shared lags=504 horizon=168 retrieval=raw_euclidean_3_online run=/home/h61084/codes/adapts/outputs/adaptation/screen/exchange_rate/504_168/chronos2/bayes_avgy_shared/raw/euclidean/3/online/run_0
2026-08-14T04:19:26+02:00 skip complete family=gates dataset=exchange_rate model=chronos2 formula=catboost_cov_regressor_shared lags=504 horizon=168 retrieval=raw_euclidean_3_online run=/home/h61084/codes/adapts/outputs/adaptation/screen/exchange_rate/504_168/chronos2/catboost_cov_regressor_shared/raw/euclidean/3/online/run_0
2026-08-14T04:19:26+02:00 skip complete family=gates dataset=exchange_rate model=chronos2 formula=catboost_avgy_regressor_shared lags=504 horizon=168 retrieval=raw_euclidean_3_online run=/home/h61084/codes/adapts/outputs/adaptation/screen/exchange_rate/504_168/chronos2/catboost_avgy_regressor_shared/raw/euclidean/3/online/run_0
2026-08-14T04:19:26+02:00 skip complete family=gates dataset=exchange_rate model=chronos2 formula=oracle_cov_shared lags=504 horizon=168 retrieval=raw_euclidean_3_online run=/home/h61084/codes/adapts/outputs/adaptation/screen/exchange_rate/504_168/chronos2/oracle_cov_shared/raw/euclidean/3/online/run_0
2026-08-14T04:19:27+02:00 skip complete family=gates dataset=exchange_rate model=chronos2 formula=oracle_avgy_shared lags=504 horizon=168 retrieval=raw_euclidean_3_online run=/home/h61084/codes/adapts/outputs/adaptation/screen/exchange_rate/504_168/chronos2/oracle_avgy_shared/raw/euclidean/3/online/run_0
2026-08-14 04:19:29,100 INFO [__main__] extraction validation directory=/home/h61084/codes/adapts/outputs/extraction/exchange_rate/504_168/chronos2/instance/euclidean/1/online/run_1 status=complete
2026-08-14T04:19:29+02:00 skip complete family=gates dataset=exchange_rate model=chronos2 formula=cov_forecast lags=504 horizon=168 retrieval=instance_euclidean_1_online run=/home/h61084/codes/adapts/outputs/adaptation/screen/exchange_rate/504_168/chronos2/cov_forecast/instance/euclidean/1/online/run_1
2026-08-14T04:19:29+02:00 skip complete family=gates dataset=exchange_rate model=chronos2 formula=avgy lags=504 horizon=168 retrieval=instance_euclidean_1_online run=/home/h61084/codes/adapts/outputs/adaptation/screen/exchange_rate/504_168/chronos2/avgy/instance/euclidean/1/online/run_1
2026-08-14T04:19:29+02:00 skip complete family=gates dataset=exchange_rate model=chronos2 formula=bayes_cov_shared lags=504 horizon=168 retrieval=instance_euclidean_1_online run=/home/h61084/codes/adapts/outputs/adaptation/screen/exchange_rate/504_168/chronos2/bayes_cov_shared/instance/euclidean/1/online/run_0
2026-08-14T04:19:29+02:00 skip complete family=gates dataset=exchange_rate model=chronos2 formula=bayes_avgy_shared lags=504 horizon=168 retrieval=instance_euclidean_1_online run=/home/h61084/codes/adapts/outputs/adaptation/screen/exchange_rate/504_168/chronos2/bayes_avgy_shared/instance/euclidean/1/online/run_0
2026-08-14T04:19:29+02:00 skip complete family=gates dataset=exchange_rate model=chronos2 formula=catboost_cov_regressor_shared lags=504 horizon=168 retrieval=instance_euclidean_1_online run=/home/h61084/codes/adapts/outputs/adaptation/screen/exchange_rate/504_168/chronos2/catboost_cov_regressor_shared/instance/euclidean/1/online/run_0
2026-08-14T04:19:29+02:00 skip complete family=gates dataset=exchange_rate model=chronos2 formula=catboost_avgy_regressor_shared lags=504 horizon=168 retrieval=instance_euclidean_1_online run=/home/h61084/codes/adapts/outputs/adaptation/screen/exchange_rate/504_168/chronos2/catboost_avgy_regressor_shared/instance/euclidean/1/online/run_0
2026-08-14T04:19:29+02:00 skip complete family=gates dataset=exchange_rate model=chronos2 formula=oracle_cov_shared lags=504 horizon=168 retrieval=instance_euclidean_1_online run=/home/h61084/codes/adapts/outputs/adaptation/screen/exchange_rate/504_168/chronos2/oracle_cov_shared/instance/euclidean/1/online/run_0
2026-08-14T04:19:29+02:00 skip complete family=gates dataset=exchange_rate model=chronos2 formula=oracle_avgy_shared lags=504 horizon=168 retrieval=instance_euclidean_1_online run=/home/h61084/codes/adapts/outputs/adaptation/screen/exchange_rate/504_168/chronos2/oracle_avgy_shared/instance/euclidean/1/online/run_0
2026-08-14 04:19:32,034 INFO [__main__] extraction validation directory=/home/h61084/codes/adapts/outputs/extraction/exchange_rate/504_168/chronos2/instance/euclidean/3/online/run_1 status=complete
2026-08-14T04:19:32+02:00 skip complete family=gates dataset=exchange_rate model=chronos2 formula=cov_forecast lags=504 horizon=168 retrieval=instance_euclidean_3_online run=/home/h61084/codes/adapts/outputs/adaptation/screen/exchange_rate/504_168/chronos2/cov_forecast/instance/euclidean/3/online/run_1
2026-08-14T04:19:32+02:00 skip complete family=gates dataset=exchange_rate model=chronos2 formula=avgy lags=504 horizon=168 retrieval=instance_euclidean_3_online run=/home/h61084/codes/adapts/outputs/adaptation/screen/exchange_rate/504_168/chronos2/avgy/instance/euclidean/3/online/run_1
2026-08-14T04:19:32+02:00 skip complete family=gates dataset=exchange_rate model=chronos2 formula=bayes_cov_shared lags=504 horizon=168 retrieval=instance_euclidean_3_online run=/home/h61084/codes/adapts/outputs/adaptation/screen/exchange_rate/504_168/chronos2/bayes_cov_shared/instance/euclidean/3/online/run_0
2026-08-14T04:19:32+02:00 skip complete family=gates dataset=exchange_rate model=chronos2 formula=bayes_avgy_shared lags=504 horizon=168 retrieval=instance_euclidean_3_online run=/home/h61084/codes/adapts/outputs/adaptation/screen/exchange_rate/504_168/chronos2/bayes_avgy_shared/instance/euclidean/3/online/run_0
2026-08-14T04:19:32+02:00 skip complete family=gates dataset=exchange_rate model=chronos2 formula=catboost_cov_regressor_shared lags=504 horizon=168 retrieval=instance_euclidean_3_online run=/home/h61084/codes/adapts/outputs/adaptation/screen/exchange_rate/504_168/chronos2/catboost_cov_regressor_shared/instance/euclidean/3/online/run_0
2026-08-14T04:19:32+02:00 skip complete family=gates dataset=exchange_rate model=chronos2 formula=catboost_avgy_regressor_shared lags=504 horizon=168 retrieval=instance_euclidean_3_online run=/home/h61084/codes/adapts/outputs/adaptation/screen/exchange_rate/504_168/chronos2/catboost_avgy_regressor_shared/instance/euclidean/3/online/run_0
2026-08-14T04:19:32+02:00 skip complete family=gates dataset=exchange_rate model=chronos2 formula=oracle_cov_shared lags=504 horizon=168 retrieval=instance_euclidean_3_online run=/home/h61084/codes/adapts/outputs/adaptation/screen/exchange_rate/504_168/chronos2/oracle_cov_shared/instance/euclidean/3/online/run_0
2026-08-14T04:19:32+02:00 skip complete family=gates dataset=exchange_rate model=chronos2 formula=oracle_avgy_shared lags=504 horizon=168 retrieval=instance_euclidean_3_online run=/home/h61084/codes/adapts/outputs/adaptation/screen/exchange_rate/504_168/chronos2/oracle_avgy_shared/instance/euclidean/3/online/run_0

2026-08-14T04:19:32+02:00 job done kind=gates output=outputs/adaptation/screen

2026-08-14T04:19:32+02:00 job start kind=adaptation_tables experiment_mode=full datasets=Electricity,Traffic,Solar,exchange_rate models=chronos2 settings=168_24,336_48,504_168 families=baselines,gates metric=nmse distance_metrics=euclidean methods=cov_forecast,avgy,y_mean,cov_ridge_shared,avgy_ridge_shared,y_ridge_shared,cov_y_ridge_shared,cov_avgy_ridge_shared,residual_ridge_shared,full_ridge_shared,cov_forecast,avgy,bayes_cov_shared,bayes_avgy_shared,catboost_cov_regressor_shared,catboost_avgy_regressor_shared,oracle_cov_shared,oracle_avgy_shared table_kinds=full,average results_root=outputs/adaptation/screen

2026-08-14T04:19:32+02:00 table start model=chronos2 kind=full metric=nmse split=eval decimals=2 output=/home/h61084/codes/adapts/outputs/reports/screen/full/chronos2/full
LaTeX table written to /home/h61084/codes/adapts/outputs/reports/screen/full/chronos2/full/baselines_results.tex
LaTeX table written to /home/h61084/codes/adapts/outputs/reports/screen/full/chronos2/full/gates_results.tex
2026-08-14T04:20:02+02:00 table done model=chronos2 kind=full output=/home/h61084/codes/adapts/outputs/reports/screen/full/chronos2/full

2026-08-14T04:20:02+02:00 table start model=chronos2 kind=average metric=nmse split=eval decimals=2 output=/home/h61084/codes/adapts/outputs/reports/screen/full/chronos2/average
LaTeX table written to /home/h61084/codes/adapts/outputs/reports/screen/full/chronos2/average/baselines_results.tex
LaTeX table written to /home/h61084/codes/adapts/outputs/reports/screen/full/chronos2/average/gates_results.tex
LaTeX table written to /home/h61084/codes/adapts/outputs/reports/screen/full/chronos2/average/positive_windows_results.tex
2026-08-14T04:20:25+02:00 table done model=chronos2 kind=average output=/home/h61084/codes/adapts/outputs/reports/screen/full/chronos2/average

2026-08-14T04:20:25+02:00 baseline coefficient plots start model=chronos2 output=/home/h61084/codes/adapts/outputs/reports/screen/full/chronos2/coefficients
Baseline coefficient outputs written: 672
Coefficient index written to /home/h61084/codes/adapts/outputs/reports/screen/full/chronos2/coefficients/coefficient_index.csv
2026-08-14T04:21:23+02:00 baseline coefficient plots done model=chronos2 output=/home/h61084/codes/adapts/outputs/reports/screen/full/chronos2/coefficients

2026-08-14T04:21:23+02:00 job done kind=adaptation_tables output=/home/h61084/codes/adapts/outputs/reports/screen/full
