
2026-08-02T18:57:03+02:00 job start kind=adaptation_extraction experiment_mode=screen skip_complete=true compute_transformed_prediction=false tasks=60 datasets=Electricity,Traffic,Solar,exchange_rate models=chronos2 settings=168:24,336:48,504:168 distance_spaces=raw,instance distance_metrics=euclidean neighbors=1,3

2026-08-02T18:57:03+02:00 extraction start configuration=1/60 dataset=Electricity model=chronos2 lags=168 horizon=24 retrieval=vanilla period=24 datastore_stride=24 adapt_stride=24 eval_stride=128 max_store_windows=30000 compute_transformed_prediction=false seed=1
2026-08-02 18:57:05,869 INFO [__main__] ========================================================================
2026-08-02 18:57:05,870 INFO [__main__] experiment start kind=extraction dataset=Electricity model=chronos2 lags=168 horizon=24 neighbors=0 distance=raw/euclidean
2026-08-02 18:57:06,165 INFO [__main__] existing extraction not reusable dir=/home/h61084/codes/adapts/outputs/extractions/Electricity/168_24/chronos2/vanilla reason=missing completion marker: /home/h61084/codes/adapts/outputs/extractions/Electricity/168_24/chronos2/vanilla/extraction_manifest.json
2026-08-02 18:57:06,165 INFO [__main__] dataset load start
2026-08-02 18:57:06,166 INFO [src.data.load_dataset] loaded dataset config path=/home/h61084/codes/datasets/electricity/config.json keys=['aggr', 'date_col', 'drop_users']
2026-08-02 18:57:06,892 INFO [__main__] dataset load done dates=26304 users=312
2026-08-02 18:57:06,892 INFO [__main__] model load start
2026-08-02 18:57:17,215 INFO [__main__] model load done name=chronos2 device=cuda parameters_total=119,477,664 parameters_trainable=0
2026-08-02 18:57:17,219 INFO [__main__] extraction start split=adapt queries=548
2026-08-02 18:58:02,301 INFO [__main__] extraction done split=adapt
2026-08-02 18:58:02,301 INFO [__main__] extraction start split=eval queries=41
2026-08-02 18:58:05,873 INFO [__main__] extraction done split=eval
2026-08-02 18:58:05,904 INFO [__main__] vanilla metrics saved path=/home/h61084/codes/adapts/outputs/extractions/Electricity/168_24/chronos2/vanilla/vanilla_metrics.json
2026-08-02 18:58:05,909 INFO [__main__] completion marker saved path=/home/h61084/codes/adapts/outputs/extractions/Electricity/168_24/chronos2/vanilla/extraction_manifest.json
2026-08-02 18:58:05,909 INFO [__main__] outputs saved dir=/home/h61084/codes/adapts/outputs/extractions/Electricity/168_24/chronos2/vanilla
2026-08-02 18:58:05,909 INFO [__main__] experiment done seconds=60.03
2026-08-02 18:58:05,909 INFO [__main__] ========================================================================
2026-08-02T18:58:06+02:00 extraction done configuration=1/60 dataset=Electricity model=chronos2 lags=168 horizon=24 retrieval=vanilla

2026-08-02T18:58:06+02:00 extraction start configuration=2/60 dataset=Electricity model=chronos2 lags=168 horizon=24 retrieval=raw_euclidean_1_online period=24 datastore_stride=24 adapt_stride=24 eval_stride=128 max_store_windows=30000 compute_transformed_prediction=false seed=1
2026-08-02 18:58:09,010 INFO [__main__] ========================================================================
2026-08-02 18:58:09,010 INFO [__main__] experiment start kind=extraction dataset=Electricity model=chronos2 lags=168 horizon=24 neighbors=1 distance=raw/euclidean
2026-08-02 18:58:09,295 INFO [__main__] existing extraction not reusable dir=/home/h61084/codes/adapts/outputs/extractions/Electricity/168_24/chronos2/raw_euclidean_1_online/extracted reason=missing completion marker: /home/h61084/codes/adapts/outputs/extractions/Electricity/168_24/chronos2/raw_euclidean_1_online/extracted/extraction_manifest.json
2026-08-02 18:58:09,295 INFO [__main__] dataset load start
2026-08-02 18:58:09,296 INFO [src.data.load_dataset] loaded dataset config path=/home/h61084/codes/datasets/electricity/config.json keys=['aggr', 'date_col', 'drop_users']
2026-08-02 18:58:10,013 INFO [__main__] dataset load done dates=26304 users=312
2026-08-02 18:58:10,014 INFO [__main__] model load start
2026-08-02 18:58:20,240 INFO [__main__] model load done name=chronos2 device=cuda parameters_total=119,477,664 parameters_trainable=0
2026-08-02 18:58:20,243 INFO [__main__] extraction start split=adapt queries=548
2026-08-02 19:02:44,952 INFO [__main__] extraction done split=adapt
2026-08-02 19:02:44,952 INFO [__main__] extraction start split=eval queries=41
2026-08-02 19:03:04,792 INFO [__main__] extraction done split=eval
2026-08-02 19:03:05,442 INFO [__main__] completion marker saved path=/home/h61084/codes/adapts/outputs/extractions/Electricity/168_24/chronos2/raw_euclidean_1_online/extracted/extraction_manifest.json
2026-08-02 19:03:05,443 INFO [__main__] outputs saved dir=/home/h61084/codes/adapts/outputs/extractions/Electricity/168_24/chronos2/raw_euclidean_1_online/extracted
2026-08-02 19:03:05,443 INFO [__main__] experiment done seconds=296.43
2026-08-02 19:03:05,443 INFO [__main__] ========================================================================
2026-08-02T19:03:06+02:00 extraction done configuration=2/60 dataset=Electricity model=chronos2 lags=168 horizon=24 retrieval=raw_euclidean_1_online

2026-08-02T19:03:06+02:00 extraction start configuration=3/60 dataset=Electricity model=chronos2 lags=168 horizon=24 retrieval=raw_euclidean_3_online period=24 datastore_stride=24 adapt_stride=24 eval_stride=128 max_store_windows=30000 compute_transformed_prediction=false seed=1
2026-08-02 19:03:08,941 INFO [__main__] ========================================================================
2026-08-02 19:03:08,941 INFO [__main__] experiment start kind=extraction dataset=Electricity model=chronos2 lags=168 horizon=24 neighbors=3 distance=raw/euclidean
2026-08-02 19:03:09,221 INFO [__main__] existing extraction not reusable dir=/home/h61084/codes/adapts/outputs/extractions/Electricity/168_24/chronos2/raw_euclidean_3_online/extracted reason=missing completion marker: /home/h61084/codes/adapts/outputs/extractions/Electricity/168_24/chronos2/raw_euclidean_3_online/extracted/extraction_manifest.json
2026-08-02 19:03:09,221 INFO [__main__] dataset load start
2026-08-02 19:03:09,222 INFO [src.data.load_dataset] loaded dataset config path=/home/h61084/codes/datasets/electricity/config.json keys=['aggr', 'date_col', 'drop_users']
2026-08-02 19:03:09,947 INFO [__main__] dataset load done dates=26304 users=312
2026-08-02 19:03:09,948 INFO [__main__] model load start
2026-08-02 19:03:20,560 INFO [__main__] model load done name=chronos2 device=cuda parameters_total=119,477,664 parameters_trainable=0
2026-08-02 19:03:20,563 INFO [__main__] extraction start split=adapt queries=548
2026-08-02 19:09:36,709 INFO [__main__] extraction done split=adapt
2026-08-02 19:09:36,709 INFO [__main__] extraction start split=eval queries=41
2026-08-02 19:10:05,324 INFO [__main__] extraction done split=eval
2026-08-02 19:10:06,102 INFO [__main__] completion marker saved path=/home/h61084/codes/adapts/outputs/extractions/Electricity/168_24/chronos2/raw_euclidean_3_online/extracted/extraction_manifest.json
2026-08-02 19:10:06,102 INFO [__main__] outputs saved dir=/home/h61084/codes/adapts/outputs/extractions/Electricity/168_24/chronos2/raw_euclidean_3_online/extracted
2026-08-02 19:10:06,102 INFO [__main__] experiment done seconds=417.16
2026-08-02 19:10:06,102 INFO [__main__] ========================================================================
2026-08-02T19:10:06+02:00 extraction done configuration=3/60 dataset=Electricity model=chronos2 lags=168 horizon=24 retrieval=raw_euclidean_3_online

2026-08-02T19:10:06+02:00 extraction start configuration=4/60 dataset=Electricity model=chronos2 lags=168 horizon=24 retrieval=instance_euclidean_1_online period=24 datastore_stride=24 adapt_stride=24 eval_stride=128 max_store_windows=30000 compute_transformed_prediction=false seed=1
2026-08-02 19:10:09,480 INFO [__main__] ========================================================================
2026-08-02 19:10:09,480 INFO [__main__] experiment start kind=extraction dataset=Electricity model=chronos2 lags=168 horizon=24 neighbors=1 distance=instance/euclidean
2026-08-02 19:10:09,787 INFO [__main__] existing extraction not reusable dir=/home/h61084/codes/adapts/outputs/extractions/Electricity/168_24/chronos2/instance_euclidean_1_online/extracted reason=missing completion marker: /home/h61084/codes/adapts/outputs/extractions/Electricity/168_24/chronos2/instance_euclidean_1_online/extracted/extraction_manifest.json
2026-08-02 19:10:09,787 INFO [__main__] dataset load start
2026-08-02 19:10:09,788 INFO [src.data.load_dataset] loaded dataset config path=/home/h61084/codes/datasets/electricity/config.json keys=['aggr', 'date_col', 'drop_users']
2026-08-02 19:10:10,469 INFO [__main__] dataset load done dates=26304 users=312
2026-08-02 19:10:10,469 INFO [__main__] model load start
2026-08-02 19:10:20,993 INFO [__main__] model load done name=chronos2 device=cuda parameters_total=119,477,664 parameters_trainable=0
2026-08-02 19:10:20,996 INFO [__main__] extraction start split=adapt queries=548
2026-08-02 19:14:47,671 INFO [__main__] extraction done split=adapt
2026-08-02 19:14:47,672 INFO [__main__] extraction start split=eval queries=41
2026-08-02 19:15:07,314 INFO [__main__] extraction done split=eval
2026-08-02 19:15:07,955 INFO [__main__] completion marker saved path=/home/h61084/codes/adapts/outputs/extractions/Electricity/168_24/chronos2/instance_euclidean_1_online/extracted/extraction_manifest.json
2026-08-02 19:15:07,955 INFO [__main__] outputs saved dir=/home/h61084/codes/adapts/outputs/extractions/Electricity/168_24/chronos2/instance_euclidean_1_online/extracted
2026-08-02 19:15:07,955 INFO [__main__] experiment done seconds=298.47
2026-08-02 19:15:07,955 INFO [__main__] ========================================================================
2026-08-02T19:15:08+02:00 extraction done configuration=4/60 dataset=Electricity model=chronos2 lags=168 horizon=24 retrieval=instance_euclidean_1_online

2026-08-02T19:15:08+02:00 extraction start configuration=5/60 dataset=Electricity model=chronos2 lags=168 horizon=24 retrieval=instance_euclidean_3_online period=24 datastore_stride=24 adapt_stride=24 eval_stride=128 max_store_windows=30000 compute_transformed_prediction=false seed=1
2026-08-02 19:15:11,310 INFO [__main__] ========================================================================
2026-08-02 19:15:11,310 INFO [__main__] experiment start kind=extraction dataset=Electricity model=chronos2 lags=168 horizon=24 neighbors=3 distance=instance/euclidean
2026-08-02 19:15:11,609 INFO [__main__] existing extraction not reusable dir=/home/h61084/codes/adapts/outputs/extractions/Electricity/168_24/chronos2/instance_euclidean_3_online/extracted reason=missing completion marker: /home/h61084/codes/adapts/outputs/extractions/Electricity/168_24/chronos2/instance_euclidean_3_online/extracted/extraction_manifest.json
2026-08-02 19:15:11,609 INFO [__main__] dataset load start
2026-08-02 19:15:11,610 INFO [src.data.load_dataset] loaded dataset config path=/home/h61084/codes/datasets/electricity/config.json keys=['aggr', 'date_col', 'drop_users']
2026-08-02 19:15:12,287 INFO [__main__] dataset load done dates=26304 users=312
2026-08-02 19:15:12,288 INFO [__main__] model load start
2026-08-02 19:15:22,787 INFO [__main__] model load done name=chronos2 device=cuda parameters_total=119,477,664 parameters_trainable=0
2026-08-02 19:15:22,790 INFO [__main__] extraction start split=adapt queries=548
2026-08-02 19:21:49,014 INFO [__main__] extraction done split=adapt
2026-08-02 19:21:49,014 INFO [__main__] extraction start split=eval queries=41
2026-08-02 19:22:19,984 INFO [__main__] extraction done split=eval
2026-08-02 19:22:20,691 INFO [__main__] completion marker saved path=/home/h61084/codes/adapts/outputs/extractions/Electricity/168_24/chronos2/instance_euclidean_3_online/extracted/extraction_manifest.json
2026-08-02 19:22:20,691 INFO [__main__] outputs saved dir=/home/h61084/codes/adapts/outputs/extractions/Electricity/168_24/chronos2/instance_euclidean_3_online/extracted
2026-08-02 19:22:20,691 INFO [__main__] experiment done seconds=429.37
2026-08-02 19:22:20,691 INFO [__main__] ========================================================================
2026-08-02T19:22:21+02:00 extraction done configuration=5/60 dataset=Electricity model=chronos2 lags=168 horizon=24 retrieval=instance_euclidean_3_online

2026-08-02T19:22:21+02:00 extraction start configuration=6/60 dataset=Electricity model=chronos2 lags=336 horizon=48 retrieval=vanilla period=24 datastore_stride=24 adapt_stride=24 eval_stride=128 max_store_windows=30000 compute_transformed_prediction=false seed=1
2026-08-02 19:22:24,122 INFO [__main__] ========================================================================
2026-08-02 19:22:24,122 INFO [__main__] experiment start kind=extraction dataset=Electricity model=chronos2 lags=336 horizon=48 neighbors=0 distance=raw/euclidean
2026-08-02 19:22:24,387 INFO [__main__] existing extraction not reusable dir=/home/h61084/codes/adapts/outputs/extractions/Electricity/336_48/chronos2/vanilla reason=missing completion marker: /home/h61084/codes/adapts/outputs/extractions/Electricity/336_48/chronos2/vanilla/extraction_manifest.json
2026-08-02 19:22:24,387 INFO [__main__] dataset load start
2026-08-02 19:22:24,388 INFO [src.data.load_dataset] loaded dataset config path=/home/h61084/codes/datasets/electricity/config.json keys=['aggr', 'date_col', 'drop_users']
2026-08-02 19:22:25,149 INFO [__main__] dataset load done dates=26304 users=312
2026-08-02 19:22:25,149 INFO [__main__] model load start
2026-08-02 19:22:35,846 INFO [__main__] model load done name=chronos2 device=cuda parameters_total=119,477,664 parameters_trainable=0
2026-08-02 19:22:35,850 INFO [__main__] extraction start split=adapt queries=547
2026-08-02 19:23:35,473 INFO [__main__] extraction done split=adapt
2026-08-02 19:23:35,473 INFO [__main__] extraction start split=eval queries=41
2026-08-02 19:23:40,103 INFO [__main__] extraction done split=eval
2026-08-02 19:23:40,285 INFO [__main__] vanilla metrics saved path=/home/h61084/codes/adapts/outputs/extractions/Electricity/336_48/chronos2/vanilla/vanilla_metrics.json
2026-08-02 19:23:40,291 INFO [__main__] completion marker saved path=/home/h61084/codes/adapts/outputs/extractions/Electricity/336_48/chronos2/vanilla/extraction_manifest.json
2026-08-02 19:23:40,291 INFO [__main__] outputs saved dir=/home/h61084/codes/adapts/outputs/extractions/Electricity/336_48/chronos2/vanilla
2026-08-02 19:23:40,291 INFO [__main__] experiment done seconds=76.16
2026-08-02 19:23:40,291 INFO [__main__] ========================================================================
2026-08-02T19:23:41+02:00 extraction done configuration=6/60 dataset=Electricity model=chronos2 lags=336 horizon=48 retrieval=vanilla

2026-08-02T19:23:41+02:00 extraction start configuration=7/60 dataset=Electricity model=chronos2 lags=336 horizon=48 retrieval=raw_euclidean_1_online period=24 datastore_stride=24 adapt_stride=24 eval_stride=128 max_store_windows=30000 compute_transformed_prediction=false seed=1
2026-08-02 19:23:43,572 INFO [__main__] ========================================================================
2026-08-02 19:23:43,572 INFO [__main__] experiment start kind=extraction dataset=Electricity model=chronos2 lags=336 horizon=48 neighbors=1 distance=raw/euclidean
2026-08-02 19:23:43,896 INFO [__main__] existing extraction not reusable dir=/home/h61084/codes/adapts/outputs/extractions/Electricity/336_48/chronos2/raw_euclidean_1_online/extracted reason=missing completion marker: /home/h61084/codes/adapts/outputs/extractions/Electricity/336_48/chronos2/raw_euclidean_1_online/extracted/extraction_manifest.json
2026-08-02 19:23:43,896 INFO [__main__] dataset load start
2026-08-02 19:23:43,897 INFO [src.data.load_dataset] loaded dataset config path=/home/h61084/codes/datasets/electricity/config.json keys=['aggr', 'date_col', 'drop_users']
2026-08-02 19:23:44,652 INFO [__main__] dataset load done dates=26304 users=312
2026-08-02 19:23:44,652 INFO [__main__] model load start
2026-08-02 19:23:55,287 INFO [__main__] model load done name=chronos2 device=cuda parameters_total=119,477,664 parameters_trainable=0
2026-08-02 19:23:55,290 INFO [__main__] extraction start split=adapt queries=547
2026-08-02 19:29:46,220 INFO [__main__] extraction done split=adapt
2026-08-02 19:29:46,220 INFO [__main__] extraction start split=eval queries=41
2026-08-02 19:30:12,468 INFO [__main__] extraction done split=eval
2026-08-02 19:30:13,264 INFO [__main__] completion marker saved path=/home/h61084/codes/adapts/outputs/extractions/Electricity/336_48/chronos2/raw_euclidean_1_online/extracted/extraction_manifest.json
2026-08-02 19:30:13,264 INFO [__main__] outputs saved dir=/home/h61084/codes/adapts/outputs/extractions/Electricity/336_48/chronos2/raw_euclidean_1_online/extracted
2026-08-02 19:30:13,264 INFO [__main__] experiment done seconds=389.69
2026-08-02 19:30:13,264 INFO [__main__] ========================================================================
2026-08-02T19:30:14+02:00 extraction done configuration=7/60 dataset=Electricity model=chronos2 lags=336 horizon=48 retrieval=raw_euclidean_1_online

2026-08-02T19:30:14+02:00 extraction start configuration=8/60 dataset=Electricity model=chronos2 lags=336 horizon=48 retrieval=raw_euclidean_3_online period=24 datastore_stride=24 adapt_stride=24 eval_stride=128 max_store_windows=30000 compute_transformed_prediction=false seed=1
2026-08-02 19:30:16,688 INFO [__main__] ========================================================================
2026-08-02 19:30:16,688 INFO [__main__] experiment start kind=extraction dataset=Electricity model=chronos2 lags=336 horizon=48 neighbors=3 distance=raw/euclidean
2026-08-02 19:30:16,950 INFO [__main__] existing extraction not reusable dir=/home/h61084/codes/adapts/outputs/extractions/Electricity/336_48/chronos2/raw_euclidean_3_online/extracted reason=missing completion marker: /home/h61084/codes/adapts/outputs/extractions/Electricity/336_48/chronos2/raw_euclidean_3_online/extracted/extraction_manifest.json
2026-08-02 19:30:16,950 INFO [__main__] dataset load start
2026-08-02 19:30:16,951 INFO [src.data.load_dataset] loaded dataset config path=/home/h61084/codes/datasets/electricity/config.json keys=['aggr', 'date_col', 'drop_users']
2026-08-02 19:30:17,686 INFO [__main__] dataset load done dates=26304 users=312
2026-08-02 19:30:17,687 INFO [__main__] model load start
2026-08-02 19:30:28,221 INFO [__main__] model load done name=chronos2 device=cuda parameters_total=119,477,664 parameters_trainable=0
2026-08-02 19:30:28,224 INFO [__main__] extraction start split=adapt queries=547
2026-08-02 19:39:29,057 INFO [__main__] extraction done split=adapt
2026-08-02 19:39:29,058 INFO [__main__] extraction start split=eval queries=41
2026-08-02 19:40:10,236 INFO [__main__] extraction done split=eval
2026-08-02 19:40:10,937 INFO [__main__] completion marker saved path=/home/h61084/codes/adapts/outputs/extractions/Electricity/336_48/chronos2/raw_euclidean_3_online/extracted/extraction_manifest.json
2026-08-02 19:40:10,937 INFO [__main__] outputs saved dir=/home/h61084/codes/adapts/outputs/extractions/Electricity/336_48/chronos2/raw_euclidean_3_online/extracted
2026-08-02 19:40:10,937 INFO [__main__] experiment done seconds=594.24
2026-08-02 19:40:10,937 INFO [__main__] ========================================================================
2026-08-02T19:40:11+02:00 extraction done configuration=8/60 dataset=Electricity model=chronos2 lags=336 horizon=48 retrieval=raw_euclidean_3_online

2026-08-02T19:40:11+02:00 extraction start configuration=9/60 dataset=Electricity model=chronos2 lags=336 horizon=48 retrieval=instance_euclidean_1_online period=24 datastore_stride=24 adapt_stride=24 eval_stride=128 max_store_windows=30000 compute_transformed_prediction=false seed=1
2026-08-02 19:40:14,379 INFO [__main__] ========================================================================
2026-08-02 19:40:14,379 INFO [__main__] experiment start kind=extraction dataset=Electricity model=chronos2 lags=336 horizon=48 neighbors=1 distance=instance/euclidean
2026-08-02 19:40:14,662 INFO [__main__] existing extraction not reusable dir=/home/h61084/codes/adapts/outputs/extractions/Electricity/336_48/chronos2/instance_euclidean_1_online/extracted reason=missing completion marker: /home/h61084/codes/adapts/outputs/extractions/Electricity/336_48/chronos2/instance_euclidean_1_online/extracted/extraction_manifest.json
2026-08-02 19:40:14,662 INFO [__main__] dataset load start
2026-08-02 19:40:14,663 INFO [src.data.load_dataset] loaded dataset config path=/home/h61084/codes/datasets/electricity/config.json keys=['aggr', 'date_col', 'drop_users']
2026-08-02 19:40:15,417 INFO [__main__] dataset load done dates=26304 users=312
2026-08-02 19:40:15,417 INFO [__main__] model load start
2026-08-02 19:40:25,961 INFO [__main__] model load done name=chronos2 device=cuda parameters_total=119,477,664 parameters_trainable=0
2026-08-02 19:40:25,965 INFO [__main__] extraction start split=adapt queries=547
2026-08-02 19:46:45,014 INFO [__main__] extraction done split=adapt
2026-08-02 19:46:45,014 INFO [__main__] extraction start split=eval queries=41
2026-08-02 19:47:12,944 INFO [__main__] extraction done split=eval
2026-08-02 19:47:13,798 INFO [__main__] completion marker saved path=/home/h61084/codes/adapts/outputs/extractions/Electricity/336_48/chronos2/instance_euclidean_1_online/extracted/extraction_manifest.json
2026-08-02 19:47:13,798 INFO [__main__] outputs saved dir=/home/h61084/codes/adapts/outputs/extractions/Electricity/336_48/chronos2/instance_euclidean_1_online/extracted
2026-08-02 19:47:13,798 INFO [__main__] experiment done seconds=419.41
2026-08-02 19:47:13,798 INFO [__main__] ========================================================================
2026-08-02T19:47:14+02:00 extraction done configuration=9/60 dataset=Electricity model=chronos2 lags=336 horizon=48 retrieval=instance_euclidean_1_online

2026-08-02T19:47:14+02:00 extraction start configuration=10/60 dataset=Electricity model=chronos2 lags=336 horizon=48 retrieval=instance_euclidean_3_online period=24 datastore_stride=24 adapt_stride=24 eval_stride=128 max_store_windows=30000 compute_transformed_prediction=false seed=1
2026-08-02 19:47:17,208 INFO [__main__] ========================================================================
2026-08-02 19:47:17,209 INFO [__main__] experiment start kind=extraction dataset=Electricity model=chronos2 lags=336 horizon=48 neighbors=3 distance=instance/euclidean
2026-08-02 19:47:17,475 INFO [__main__] existing extraction not reusable dir=/home/h61084/codes/adapts/outputs/extractions/Electricity/336_48/chronos2/instance_euclidean_3_online/extracted reason=missing completion marker: /home/h61084/codes/adapts/outputs/extractions/Electricity/336_48/chronos2/instance_euclidean_3_online/extracted/extraction_manifest.json
2026-08-02 19:47:17,475 INFO [__main__] dataset load start
2026-08-02 19:47:17,475 INFO [src.data.load_dataset] loaded dataset config path=/home/h61084/codes/datasets/electricity/config.json keys=['aggr', 'date_col', 'drop_users']
2026-08-02 19:47:18,150 INFO [__main__] dataset load done dates=26304 users=312
2026-08-02 19:47:18,150 INFO [__main__] model load start
2026-08-02 19:47:28,729 INFO [__main__] model load done name=chronos2 device=cuda parameters_total=119,477,664 parameters_trainable=0
2026-08-02 19:47:28,732 INFO [__main__] extraction start split=adapt queries=547
2026-08-02 19:56:51,547 INFO [__main__] extraction done split=adapt
2026-08-02 19:56:51,547 INFO [__main__] extraction start split=eval queries=41
2026-08-02 19:57:32,269 INFO [__main__] extraction done split=eval
2026-08-02 19:57:33,100 INFO [__main__] completion marker saved path=/home/h61084/codes/adapts/outputs/extractions/Electricity/336_48/chronos2/instance_euclidean_3_online/extracted/extraction_manifest.json
2026-08-02 19:57:33,101 INFO [__main__] outputs saved dir=/home/h61084/codes/adapts/outputs/extractions/Electricity/336_48/chronos2/instance_euclidean_3_online/extracted
2026-08-02 19:57:33,101 INFO [__main__] experiment done seconds=615.89
2026-08-02 19:57:33,101 INFO [__main__] ========================================================================
2026-08-02T19:57:34+02:00 extraction done configuration=10/60 dataset=Electricity model=chronos2 lags=336 horizon=48 retrieval=instance_euclidean_3_online

2026-08-02T19:57:34+02:00 extraction start configuration=11/60 dataset=Electricity model=chronos2 lags=504 horizon=168 retrieval=vanilla period=24 datastore_stride=24 adapt_stride=24 eval_stride=128 max_store_windows=30000 compute_transformed_prediction=false seed=1
2026-08-02 19:57:36,562 INFO [__main__] ========================================================================
2026-08-02 19:57:36,562 INFO [__main__] experiment start kind=extraction dataset=Electricity model=chronos2 lags=504 horizon=168 neighbors=0 distance=raw/euclidean
2026-08-02 19:57:36,822 INFO [__main__] existing extraction not reusable dir=/home/h61084/codes/adapts/outputs/extractions/Electricity/504_168/chronos2/vanilla reason=completion marker belongs to a different extraction configuration
2026-08-02 19:57:36,823 INFO [__main__] dataset load start
2026-08-02 19:57:36,824 INFO [src.data.load_dataset] loaded dataset config path=/home/h61084/codes/datasets/electricity/config.json keys=['aggr', 'date_col', 'drop_users']
2026-08-02 19:57:37,578 INFO [__main__] dataset load done dates=26304 users=312
2026-08-02 19:57:37,578 INFO [__main__] model load start
2026-08-02 19:57:48,260 INFO [__main__] model load done name=chronos2 device=cuda parameters_total=119,477,664 parameters_trainable=0
2026-08-02 19:57:48,263 INFO [__main__] extraction start split=adapt queries=542
2026-08-02 19:59:05,942 INFO [__main__] extraction done split=adapt
2026-08-02 19:59:05,943 INFO [__main__] extraction start split=eval queries=40
2026-08-02 19:59:11,725 INFO [__main__] extraction done split=eval
2026-08-02 19:59:11,842 INFO [__main__] vanilla metrics saved path=/home/h61084/codes/adapts/outputs/extractions/Electricity/504_168/chronos2/vanilla/vanilla_metrics.json
2026-08-02 19:59:11,848 INFO [__main__] completion marker saved path=/home/h61084/codes/adapts/outputs/extractions/Electricity/504_168/chronos2/vanilla/extraction_manifest.json
2026-08-02 19:59:11,848 INFO [__main__] outputs saved dir=/home/h61084/codes/adapts/outputs/extractions/Electricity/504_168/chronos2/vanilla
2026-08-02 19:59:11,848 INFO [__main__] experiment done seconds=95.28
2026-08-02 19:59:11,848 INFO [__main__] ========================================================================
2026-08-02T19:59:12+02:00 extraction done configuration=11/60 dataset=Electricity model=chronos2 lags=504 horizon=168 retrieval=vanilla

2026-08-02T19:59:12+02:00 extraction start configuration=12/60 dataset=Electricity model=chronos2 lags=504 horizon=168 retrieval=raw_euclidean_1_online period=24 datastore_stride=24 adapt_stride=24 eval_stride=128 max_store_windows=30000 compute_transformed_prediction=false seed=1
2026-08-02 19:59:15,195 INFO [__main__] ========================================================================
2026-08-02 19:59:15,195 INFO [__main__] experiment start kind=extraction dataset=Electricity model=chronos2 lags=504 horizon=168 neighbors=1 distance=raw/euclidean
2026-08-02 19:59:15,470 INFO [__main__] existing extraction not reusable dir=/home/h61084/codes/adapts/outputs/extractions/Electricity/504_168/chronos2/raw_euclidean_1_online/extracted reason=missing completion marker: /home/h61084/codes/adapts/outputs/extractions/Electricity/504_168/chronos2/raw_euclidean_1_online/extracted/extraction_manifest.json
2026-08-02 19:59:15,470 INFO [__main__] dataset load start
2026-08-02 19:59:15,471 INFO [src.data.load_dataset] loaded dataset config path=/home/h61084/codes/datasets/electricity/config.json keys=['aggr', 'date_col', 'drop_users']
2026-08-02 19:59:16,225 INFO [__main__] dataset load done dates=26304 users=312
2026-08-02 19:59:16,225 INFO [__main__] model load start
2026-08-02 19:59:26,959 INFO [__main__] model load done name=chronos2 device=cuda parameters_total=119,477,664 parameters_trainable=0
2026-08-02 19:59:26,963 INFO [__main__] extraction start split=adapt queries=542
2026-08-02 20:07:11,790 INFO [__main__] extraction done split=adapt
2026-08-02 20:07:11,790 INFO [__main__] extraction start split=eval queries=40
2026-08-02 20:07:46,854 INFO [__main__] extraction done split=eval
2026-08-02 20:07:47,728 INFO [__main__] completion marker saved path=/home/h61084/codes/adapts/outputs/extractions/Electricity/504_168/chronos2/raw_euclidean_1_online/extracted/extraction_manifest.json
2026-08-02 20:07:47,728 INFO [__main__] outputs saved dir=/home/h61084/codes/adapts/outputs/extractions/Electricity/504_168/chronos2/raw_euclidean_1_online/extracted
2026-08-02 20:07:47,728 INFO [__main__] experiment done seconds=512.53
2026-08-02 20:07:47,728 INFO [__main__] ========================================================================
2026-08-02T20:07:48+02:00 extraction done configuration=12/60 dataset=Electricity model=chronos2 lags=504 horizon=168 retrieval=raw_euclidean_1_online

2026-08-02T20:07:48+02:00 extraction start configuration=13/60 dataset=Electricity model=chronos2 lags=504 horizon=168 retrieval=raw_euclidean_3_online period=24 datastore_stride=24 adapt_stride=24 eval_stride=128 max_store_windows=30000 compute_transformed_prediction=false seed=1
2026-08-02 20:07:51,314 INFO [__main__] ========================================================================
2026-08-02 20:07:51,314 INFO [__main__] experiment start kind=extraction dataset=Electricity model=chronos2 lags=504 horizon=168 neighbors=3 distance=raw/euclidean
2026-08-02 20:07:51,581 INFO [__main__] existing extraction not reusable dir=/home/h61084/codes/adapts/outputs/extractions/Electricity/504_168/chronos2/raw_euclidean_3_online/extracted reason=completion marker belongs to a different extraction configuration
2026-08-02 20:07:51,582 INFO [__main__] dataset load start
2026-08-02 20:07:51,583 INFO [src.data.load_dataset] loaded dataset config path=/home/h61084/codes/datasets/electricity/config.json keys=['aggr', 'date_col', 'drop_users']
2026-08-02 20:07:52,299 INFO [__main__] dataset load done dates=26304 users=312
2026-08-02 20:07:52,299 INFO [__main__] model load start
2026-08-02 20:08:02,951 INFO [__main__] model load done name=chronos2 device=cuda parameters_total=119,477,664 parameters_trainable=0
2026-08-02 20:08:02,954 INFO [__main__] extraction start split=adapt queries=542
2026-08-02 20:20:01,726 INFO [__main__] extraction done split=adapt
2026-08-02 20:20:01,726 INFO [__main__] extraction start split=eval queries=40
2026-08-02 20:20:54,721 INFO [__main__] extraction done split=eval
2026-08-02 20:20:55,599 INFO [__main__] completion marker saved path=/home/h61084/codes/adapts/outputs/extractions/Electricity/504_168/chronos2/raw_euclidean_3_online/extracted/extraction_manifest.json
2026-08-02 20:20:55,599 INFO [__main__] outputs saved dir=/home/h61084/codes/adapts/outputs/extractions/Electricity/504_168/chronos2/raw_euclidean_3_online/extracted
2026-08-02 20:20:55,599 INFO [__main__] experiment done seconds=784.28
2026-08-02 20:20:55,599 INFO [__main__] ========================================================================
2026-08-02T20:20:56+02:00 extraction done configuration=13/60 dataset=Electricity model=chronos2 lags=504 horizon=168 retrieval=raw_euclidean_3_online

2026-08-02T20:20:56+02:00 extraction start configuration=14/60 dataset=Electricity model=chronos2 lags=504 horizon=168 retrieval=instance_euclidean_1_online period=24 datastore_stride=24 adapt_stride=24 eval_stride=128 max_store_windows=30000 compute_transformed_prediction=false seed=1
2026-08-02 20:20:59,130 INFO [__main__] ========================================================================
2026-08-02 20:20:59,130 INFO [__main__] experiment start kind=extraction dataset=Electricity model=chronos2 lags=504 horizon=168 neighbors=1 distance=instance/euclidean
2026-08-02 20:20:59,409 INFO [__main__] existing extraction not reusable dir=/home/h61084/codes/adapts/outputs/extractions/Electricity/504_168/chronos2/instance_euclidean_1_online/extracted reason=missing completion marker: /home/h61084/codes/adapts/outputs/extractions/Electricity/504_168/chronos2/instance_euclidean_1_online/extracted/extraction_manifest.json
2026-08-02 20:20:59,409 INFO [__main__] dataset load start
2026-08-02 20:20:59,409 INFO [src.data.load_dataset] loaded dataset config path=/home/h61084/codes/datasets/electricity/config.json keys=['aggr', 'date_col', 'drop_users']
2026-08-02 20:21:00,163 INFO [__main__] dataset load done dates=26304 users=312
2026-08-02 20:21:00,163 INFO [__main__] model load start
2026-08-02 20:21:10,990 INFO [__main__] model load done name=chronos2 device=cuda parameters_total=119,477,664 parameters_trainable=0
2026-08-02 20:21:10,994 INFO [__main__] extraction start split=adapt queries=542
2026-08-02 20:29:54,754 INFO [__main__] extraction done split=adapt
2026-08-02 20:29:54,754 INFO [__main__] extraction start split=eval queries=40
2026-08-02 20:30:34,002 INFO [__main__] extraction done split=eval
2026-08-02 20:30:35,038 INFO [__main__] completion marker saved path=/home/h61084/codes/adapts/outputs/extractions/Electricity/504_168/chronos2/instance_euclidean_1_online/extracted/extraction_manifest.json
2026-08-02 20:30:35,038 INFO [__main__] outputs saved dir=/home/h61084/codes/adapts/outputs/extractions/Electricity/504_168/chronos2/instance_euclidean_1_online/extracted
2026-08-02 20:30:35,038 INFO [__main__] experiment done seconds=575.90
2026-08-02 20:30:35,038 INFO [__main__] ========================================================================
2026-08-02T20:30:35+02:00 extraction done configuration=14/60 dataset=Electricity model=chronos2 lags=504 horizon=168 retrieval=instance_euclidean_1_online

2026-08-02T20:30:35+02:00 extraction start configuration=15/60 dataset=Electricity model=chronos2 lags=504 horizon=168 retrieval=instance_euclidean_3_online period=24 datastore_stride=24 adapt_stride=24 eval_stride=128 max_store_windows=30000 compute_transformed_prediction=false seed=1
2026-08-02 20:30:38,535 INFO [__main__] ========================================================================
2026-08-02 20:30:38,535 INFO [__main__] experiment start kind=extraction dataset=Electricity model=chronos2 lags=504 horizon=168 neighbors=3 distance=instance/euclidean
2026-08-02 20:30:38,800 INFO [__main__] existing extraction not reusable dir=/home/h61084/codes/adapts/outputs/extractions/Electricity/504_168/chronos2/instance_euclidean_3_online/extracted reason=missing completion marker: /home/h61084/codes/adapts/outputs/extractions/Electricity/504_168/chronos2/instance_euclidean_3_online/extracted/extraction_manifest.json
2026-08-02 20:30:38,800 INFO [__main__] dataset load start
2026-08-02 20:30:38,801 INFO [src.data.load_dataset] loaded dataset config path=/home/h61084/codes/datasets/electricity/config.json keys=['aggr', 'date_col', 'drop_users']
2026-08-02 20:30:39,500 INFO [__main__] dataset load done dates=26304 users=312
2026-08-02 20:30:39,500 INFO [__main__] model load start
2026-08-02 20:30:50,217 INFO [__main__] model load done name=chronos2 device=cuda parameters_total=119,477,664 parameters_trainable=0
2026-08-02 20:30:50,220 INFO [__main__] extraction start split=adapt queries=542
2026-08-02 20:43:30,983 INFO [__main__] extraction done split=adapt
2026-08-02 20:43:30,983 INFO [__main__] extraction start split=eval queries=40
2026-08-02 20:44:29,189 INFO [__main__] extraction done split=eval
2026-08-02 20:44:30,201 INFO [__main__] completion marker saved path=/home/h61084/codes/adapts/outputs/extractions/Electricity/504_168/chronos2/instance_euclidean_3_online/extracted/extraction_manifest.json
2026-08-02 20:44:30,201 INFO [__main__] outputs saved dir=/home/h61084/codes/adapts/outputs/extractions/Electricity/504_168/chronos2/instance_euclidean_3_online/extracted
2026-08-02 20:44:30,201 INFO [__main__] experiment done seconds=831.66
2026-08-02 20:44:30,201 INFO [__main__] ========================================================================
2026-08-02T20:44:31+02:00 extraction done configuration=15/60 dataset=Electricity model=chronos2 lags=504 horizon=168 retrieval=instance_euclidean_3_online

2026-08-02T20:44:31+02:00 extraction start configuration=16/60 dataset=Traffic model=chronos2 lags=168 horizon=24 retrieval=vanilla period=24 datastore_stride=24 adapt_stride=24 eval_stride=128 max_store_windows=30000 compute_transformed_prediction=false seed=1
2026-08-02 20:44:33,774 INFO [__main__] ========================================================================
2026-08-02 20:44:33,775 INFO [__main__] experiment start kind=extraction dataset=Traffic model=chronos2 lags=168 horizon=24 neighbors=0 distance=raw/euclidean
2026-08-02 20:44:34,044 INFO [__main__] existing extraction not reusable dir=/home/h61084/codes/adapts/outputs/extractions/Traffic/168_24/chronos2/vanilla reason=missing completion marker: /home/h61084/codes/adapts/outputs/extractions/Traffic/168_24/chronos2/vanilla/extraction_manifest.json
2026-08-02 20:44:34,045 INFO [__main__] dataset load start
2026-08-02 20:44:34,045 INFO [src.data.load_dataset] loaded dataset config path=/home/h61084/codes/datasets/traffic/config.json keys=['aggr', 'date_col', 'drop_users']
2026-08-02 20:44:35,224 INFO [__main__] dataset load done dates=17544 users=860
2026-08-02 20:44:35,224 INFO [__main__] model load start
2026-08-02 20:44:45,936 INFO [__main__] model load done name=chronos2 device=cuda parameters_total=119,477,664 parameters_trainable=0
2026-08-02 20:44:45,938 INFO [__main__] extraction start split=adapt queries=365
2026-08-02 20:45:54,585 INFO [__main__] extraction done split=adapt
2026-08-02 20:45:54,586 INFO [__main__] extraction start split=eval queries=28
2026-08-02 20:45:59,935 INFO [__main__] extraction done split=eval
2026-08-02 20:45:59,995 INFO [__main__] vanilla metrics saved path=/home/h61084/codes/adapts/outputs/extractions/Traffic/168_24/chronos2/vanilla/vanilla_metrics.json
2026-08-02 20:46:00,000 INFO [__main__] completion marker saved path=/home/h61084/codes/adapts/outputs/extractions/Traffic/168_24/chronos2/vanilla/extraction_manifest.json
2026-08-02 20:46:00,000 INFO [__main__] outputs saved dir=/home/h61084/codes/adapts/outputs/extractions/Traffic/168_24/chronos2/vanilla
2026-08-02 20:46:00,000 INFO [__main__] experiment done seconds=86.22
2026-08-02 20:46:00,000 INFO [__main__] ========================================================================
2026-08-02T20:46:00+02:00 extraction done configuration=16/60 dataset=Traffic model=chronos2 lags=168 horizon=24 retrieval=vanilla

2026-08-02T20:46:00+02:00 extraction start configuration=17/60 dataset=Traffic model=chronos2 lags=168 horizon=24 retrieval=raw_euclidean_1_online period=24 datastore_stride=24 adapt_stride=24 eval_stride=128 max_store_windows=30000 compute_transformed_prediction=false seed=1
2026-08-02 20:46:03,335 INFO [__main__] ========================================================================
2026-08-02 20:46:03,336 INFO [__main__] experiment start kind=extraction dataset=Traffic model=chronos2 lags=168 horizon=24 neighbors=1 distance=raw/euclidean
2026-08-02 20:46:03,600 INFO [__main__] existing extraction not reusable dir=/home/h61084/codes/adapts/outputs/extractions/Traffic/168_24/chronos2/raw_euclidean_1_online/extracted reason=missing completion marker: /home/h61084/codes/adapts/outputs/extractions/Traffic/168_24/chronos2/raw_euclidean_1_online/extracted/extraction_manifest.json
2026-08-02 20:46:03,600 INFO [__main__] dataset load start
2026-08-02 20:46:03,600 INFO [src.data.load_dataset] loaded dataset config path=/home/h61084/codes/datasets/traffic/config.json keys=['aggr', 'date_col', 'drop_users']
2026-08-02 20:46:04,766 INFO [__main__] dataset load done dates=17544 users=860
2026-08-02 20:46:04,766 INFO [__main__] model load start
2026-08-02 20:46:15,469 INFO [__main__] model load done name=chronos2 device=cuda parameters_total=119,477,664 parameters_trainable=0
2026-08-02 20:46:15,471 INFO [__main__] extraction start split=adapt queries=365
2026-08-02 20:52:26,186 INFO [__main__] extraction done split=adapt
2026-08-02 20:52:26,187 INFO [__main__] extraction start split=eval queries=28
2026-08-02 20:52:54,722 INFO [__main__] extraction done split=eval
2026-08-02 20:52:55,557 INFO [__main__] completion marker saved path=/home/h61084/codes/adapts/outputs/extractions/Traffic/168_24/chronos2/raw_euclidean_1_online/extracted/extraction_manifest.json
2026-08-02 20:52:55,557 INFO [__main__] outputs saved dir=/home/h61084/codes/adapts/outputs/extractions/Traffic/168_24/chronos2/raw_euclidean_1_online/extracted
2026-08-02 20:52:55,557 INFO [__main__] experiment done seconds=412.20
2026-08-02 20:52:55,557 INFO [__main__] ========================================================================
2026-08-02T20:52:56+02:00 extraction done configuration=17/60 dataset=Traffic model=chronos2 lags=168 horizon=24 retrieval=raw_euclidean_1_online

2026-08-02T20:52:56+02:00 extraction start configuration=18/60 dataset=Traffic model=chronos2 lags=168 horizon=24 retrieval=raw_euclidean_3_online period=24 datastore_stride=24 adapt_stride=24 eval_stride=128 max_store_windows=30000 compute_transformed_prediction=false seed=1
2026-08-02 20:52:59,024 INFO [__main__] ========================================================================
2026-08-02 20:52:59,024 INFO [__main__] experiment start kind=extraction dataset=Traffic model=chronos2 lags=168 horizon=24 neighbors=3 distance=raw/euclidean
2026-08-02 20:52:59,288 INFO [__main__] existing extraction not reusable dir=/home/h61084/codes/adapts/outputs/extractions/Traffic/168_24/chronos2/raw_euclidean_3_online/extracted reason=missing completion marker: /home/h61084/codes/adapts/outputs/extractions/Traffic/168_24/chronos2/raw_euclidean_3_online/extracted/extraction_manifest.json
2026-08-02 20:52:59,288 INFO [__main__] dataset load start
2026-08-02 20:52:59,289 INFO [src.data.load_dataset] loaded dataset config path=/home/h61084/codes/datasets/traffic/config.json keys=['aggr', 'date_col', 'drop_users']
2026-08-02 20:53:00,394 INFO [__main__] dataset load done dates=17544 users=860
2026-08-02 20:53:00,394 INFO [__main__] model load start
2026-08-02 20:53:10,974 INFO [__main__] model load done name=chronos2 device=cuda parameters_total=119,477,664 parameters_trainable=0
2026-08-02 20:53:10,976 INFO [__main__] extraction start split=adapt queries=365
2026-08-02 21:03:16,100 INFO [__main__] extraction done split=adapt
2026-08-02 21:03:16,101 INFO [__main__] extraction start split=eval queries=28
2026-08-02 21:04:03,957 INFO [__main__] extraction done split=eval
2026-08-02 21:04:05,039 INFO [__main__] completion marker saved path=/home/h61084/codes/adapts/outputs/extractions/Traffic/168_24/chronos2/raw_euclidean_3_online/extracted/extraction_manifest.json
2026-08-02 21:04:05,039 INFO [__main__] outputs saved dir=/home/h61084/codes/adapts/outputs/extractions/Traffic/168_24/chronos2/raw_euclidean_3_online/extracted
2026-08-02 21:04:05,039 INFO [__main__] experiment done seconds=666.01
2026-08-02 21:04:05,039 INFO [__main__] ========================================================================
2026-08-02T21:04:05+02:00 extraction done configuration=18/60 dataset=Traffic model=chronos2 lags=168 horizon=24 retrieval=raw_euclidean_3_online

2026-08-02T21:04:05+02:00 extraction start configuration=19/60 dataset=Traffic model=chronos2 lags=168 horizon=24 retrieval=instance_euclidean_1_online period=24 datastore_stride=24 adapt_stride=24 eval_stride=128 max_store_windows=30000 compute_transformed_prediction=false seed=1
2026-08-02 21:04:08,532 INFO [__main__] ========================================================================
2026-08-02 21:04:08,532 INFO [__main__] experiment start kind=extraction dataset=Traffic model=chronos2 lags=168 horizon=24 neighbors=1 distance=instance/euclidean
2026-08-02 21:04:08,800 INFO [__main__] existing extraction not reusable dir=/home/h61084/codes/adapts/outputs/extractions/Traffic/168_24/chronos2/instance_euclidean_1_online/extracted reason=missing completion marker: /home/h61084/codes/adapts/outputs/extractions/Traffic/168_24/chronos2/instance_euclidean_1_online/extracted/extraction_manifest.json
2026-08-02 21:04:08,800 INFO [__main__] dataset load start
2026-08-02 21:04:08,801 INFO [src.data.load_dataset] loaded dataset config path=/home/h61084/codes/datasets/traffic/config.json keys=['aggr', 'date_col', 'drop_users']
2026-08-02 21:04:09,939 INFO [__main__] dataset load done dates=17544 users=860
2026-08-02 21:04:09,940 INFO [__main__] model load start
2026-08-02 21:04:20,509 INFO [__main__] model load done name=chronos2 device=cuda parameters_total=119,477,664 parameters_trainable=0
2026-08-02 21:04:20,511 INFO [__main__] extraction start split=adapt queries=365
2026-08-02 21:10:38,860 INFO [__main__] extraction done split=adapt
2026-08-02 21:10:38,860 INFO [__main__] extraction start split=eval queries=28
2026-08-02 21:11:09,252 INFO [__main__] extraction done split=eval
2026-08-02 21:11:10,102 INFO [__main__] completion marker saved path=/home/h61084/codes/adapts/outputs/extractions/Traffic/168_24/chronos2/instance_euclidean_1_online/extracted/extraction_manifest.json
2026-08-02 21:11:10,103 INFO [__main__] outputs saved dir=/home/h61084/codes/adapts/outputs/extractions/Traffic/168_24/chronos2/instance_euclidean_1_online/extracted
2026-08-02 21:11:10,103 INFO [__main__] experiment done seconds=421.57
2026-08-02 21:11:10,103 INFO [__main__] ========================================================================
2026-08-02T21:11:11+02:00 extraction done configuration=19/60 dataset=Traffic model=chronos2 lags=168 horizon=24 retrieval=instance_euclidean_1_online

2026-08-02T21:11:11+02:00 extraction start configuration=20/60 dataset=Traffic model=chronos2 lags=168 horizon=24 retrieval=instance_euclidean_3_online period=24 datastore_stride=24 adapt_stride=24 eval_stride=128 max_store_windows=30000 compute_transformed_prediction=false seed=1
2026-08-02 21:11:13,657 INFO [__main__] ========================================================================
2026-08-02 21:11:13,657 INFO [__main__] experiment start kind=extraction dataset=Traffic model=chronos2 lags=168 horizon=24 neighbors=3 distance=instance/euclidean
2026-08-02 21:11:13,945 INFO [__main__] existing extraction not reusable dir=/home/h61084/codes/adapts/outputs/extractions/Traffic/168_24/chronos2/instance_euclidean_3_online/extracted reason=missing completion marker: /home/h61084/codes/adapts/outputs/extractions/Traffic/168_24/chronos2/instance_euclidean_3_online/extracted/extraction_manifest.json
2026-08-02 21:11:13,945 INFO [__main__] dataset load start
2026-08-02 21:11:13,945 INFO [src.data.load_dataset] loaded dataset config path=/home/h61084/codes/datasets/traffic/config.json keys=['aggr', 'date_col', 'drop_users']
2026-08-02 21:11:15,049 INFO [__main__] dataset load done dates=17544 users=860
2026-08-02 21:11:15,049 INFO [__main__] model load start
2026-08-02 21:11:25,638 INFO [__main__] model load done name=chronos2 device=cuda parameters_total=119,477,664 parameters_trainable=0
2026-08-02 21:11:25,640 INFO [__main__] extraction start split=adapt queries=365
2026-08-02 21:21:45,772 INFO [__main__] extraction done split=adapt
2026-08-02 21:21:45,772 INFO [__main__] extraction start split=eval queries=28
2026-08-02 21:22:35,025 INFO [__main__] extraction done split=eval
2026-08-02 21:22:36,020 INFO [__main__] completion marker saved path=/home/h61084/codes/adapts/outputs/extractions/Traffic/168_24/chronos2/instance_euclidean_3_online/extracted/extraction_manifest.json
2026-08-02 21:22:36,020 INFO [__main__] outputs saved dir=/home/h61084/codes/adapts/outputs/extractions/Traffic/168_24/chronos2/instance_euclidean_3_online/extracted
2026-08-02 21:22:36,020 INFO [__main__] experiment done seconds=682.36
2026-08-02 21:22:36,020 INFO [__main__] ========================================================================
2026-08-02T21:22:36+02:00 extraction done configuration=20/60 dataset=Traffic model=chronos2 lags=168 horizon=24 retrieval=instance_euclidean_3_online

2026-08-02T21:22:36+02:00 extraction start configuration=21/60 dataset=Traffic model=chronos2 lags=336 horizon=48 retrieval=vanilla period=24 datastore_stride=24 adapt_stride=24 eval_stride=128 max_store_windows=30000 compute_transformed_prediction=false seed=1
2026-08-02 21:22:39,525 INFO [__main__] ========================================================================
2026-08-02 21:22:39,525 INFO [__main__] experiment start kind=extraction dataset=Traffic model=chronos2 lags=336 horizon=48 neighbors=0 distance=raw/euclidean
2026-08-02 21:22:39,790 INFO [__main__] existing extraction not reusable dir=/home/h61084/codes/adapts/outputs/extractions/Traffic/336_48/chronos2/vanilla reason=missing completion marker: /home/h61084/codes/adapts/outputs/extractions/Traffic/336_48/chronos2/vanilla/extraction_manifest.json
2026-08-02 21:22:39,790 INFO [__main__] dataset load start
2026-08-02 21:22:39,790 INFO [src.data.load_dataset] loaded dataset config path=/home/h61084/codes/datasets/traffic/config.json keys=['aggr', 'date_col', 'drop_users']
2026-08-02 21:22:40,911 INFO [__main__] dataset load done dates=17544 users=860
2026-08-02 21:22:40,911 INFO [__main__] model load start
2026-08-02 21:22:51,545 INFO [__main__] model load done name=chronos2 device=cuda parameters_total=119,477,664 parameters_trainable=0
2026-08-02 21:22:51,547 INFO [__main__] extraction start split=adapt queries=364
2026-08-02 21:24:30,616 INFO [__main__] extraction done split=adapt
2026-08-02 21:24:30,616 INFO [__main__] extraction start split=eval queries=28
2026-08-02 21:24:38,227 INFO [__main__] extraction done split=eval
2026-08-02 21:24:38,400 INFO [__main__] vanilla metrics saved path=/home/h61084/codes/adapts/outputs/extractions/Traffic/336_48/chronos2/vanilla/vanilla_metrics.json
2026-08-02 21:24:38,406 INFO [__main__] completion marker saved path=/home/h61084/codes/adapts/outputs/extractions/Traffic/336_48/chronos2/vanilla/extraction_manifest.json
2026-08-02 21:24:38,406 INFO [__main__] outputs saved dir=/home/h61084/codes/adapts/outputs/extractions/Traffic/336_48/chronos2/vanilla
2026-08-02 21:24:38,406 INFO [__main__] experiment done seconds=118.88
2026-08-02 21:24:38,406 INFO [__main__] ========================================================================
2026-08-02T21:24:39+02:00 extraction done configuration=21/60 dataset=Traffic model=chronos2 lags=336 horizon=48 retrieval=vanilla

2026-08-02T21:24:39+02:00 extraction start configuration=22/60 dataset=Traffic model=chronos2 lags=336 horizon=48 retrieval=raw_euclidean_1_online period=24 datastore_stride=24 adapt_stride=24 eval_stride=128 max_store_windows=30000 compute_transformed_prediction=false seed=1
2026-08-02 21:24:41,808 INFO [__main__] ========================================================================
2026-08-02 21:24:41,808 INFO [__main__] experiment start kind=extraction dataset=Traffic model=chronos2 lags=336 horizon=48 neighbors=1 distance=raw/euclidean
2026-08-02 21:24:42,092 INFO [__main__] existing extraction not reusable dir=/home/h61084/codes/adapts/outputs/extractions/Traffic/336_48/chronos2/raw_euclidean_1_online/extracted reason=missing completion marker: /home/h61084/codes/adapts/outputs/extractions/Traffic/336_48/chronos2/raw_euclidean_1_online/extracted/extraction_manifest.json
2026-08-02 21:24:42,092 INFO [__main__] dataset load start
2026-08-02 21:24:42,092 INFO [src.data.load_dataset] loaded dataset config path=/home/h61084/codes/datasets/traffic/config.json keys=['aggr', 'date_col', 'drop_users']
2026-08-02 21:24:43,184 INFO [__main__] dataset load done dates=17544 users=860
2026-08-02 21:24:43,184 INFO [__main__] model load start
2026-08-02 21:24:53,821 INFO [__main__] model load done name=chronos2 device=cuda parameters_total=119,477,664 parameters_trainable=0
2026-08-02 21:24:53,823 INFO [__main__] extraction start split=adapt queries=364
2026-08-02 21:33:36,290 INFO [__main__] extraction done split=adapt
2026-08-02 21:33:36,290 INFO [__main__] extraction start split=eval queries=28
2026-08-02 21:34:16,103 INFO [__main__] extraction done split=eval
2026-08-02 21:34:16,952 INFO [__main__] completion marker saved path=/home/h61084/codes/adapts/outputs/extractions/Traffic/336_48/chronos2/raw_euclidean_1_online/extracted/extraction_manifest.json
2026-08-02 21:34:16,952 INFO [__main__] outputs saved dir=/home/h61084/codes/adapts/outputs/extractions/Traffic/336_48/chronos2/raw_euclidean_1_online/extracted
2026-08-02 21:34:16,952 INFO [__main__] experiment done seconds=575.14
2026-08-02 21:34:16,952 INFO [__main__] ========================================================================
2026-08-02T21:34:17+02:00 extraction done configuration=22/60 dataset=Traffic model=chronos2 lags=336 horizon=48 retrieval=raw_euclidean_1_online

2026-08-02T21:34:17+02:00 extraction start configuration=23/60 dataset=Traffic model=chronos2 lags=336 horizon=48 retrieval=raw_euclidean_3_online period=24 datastore_stride=24 adapt_stride=24 eval_stride=128 max_store_windows=30000 compute_transformed_prediction=false seed=1
2026-08-02 21:34:20,413 INFO [__main__] ========================================================================
2026-08-02 21:34:20,413 INFO [__main__] experiment start kind=extraction dataset=Traffic model=chronos2 lags=336 horizon=48 neighbors=3 distance=raw/euclidean
2026-08-02 21:34:20,713 INFO [__main__] existing extraction not reusable dir=/home/h61084/codes/adapts/outputs/extractions/Traffic/336_48/chronos2/raw_euclidean_3_online/extracted reason=missing completion marker: /home/h61084/codes/adapts/outputs/extractions/Traffic/336_48/chronos2/raw_euclidean_3_online/extracted/extraction_manifest.json
2026-08-02 21:34:20,713 INFO [__main__] dataset load start
2026-08-02 21:34:20,714 INFO [src.data.load_dataset] loaded dataset config path=/home/h61084/codes/datasets/traffic/config.json keys=['aggr', 'date_col', 'drop_users']
2026-08-02 21:34:21,872 INFO [__main__] dataset load done dates=17544 users=860
2026-08-02 21:34:21,872 INFO [__main__] model load start
2026-08-02 21:34:32,429 INFO [__main__] model load done name=chronos2 device=cuda parameters_total=119,477,664 parameters_trainable=0
2026-08-02 21:34:32,431 INFO [__main__] extraction start split=adapt queries=364
2026-08-02 21:48:58,778 INFO [__main__] extraction done split=adapt
2026-08-02 21:48:58,778 INFO [__main__] extraction start split=eval queries=28
2026-08-02 21:50:05,423 INFO [__main__] extraction done split=eval
2026-08-02 21:50:06,389 INFO [__main__] completion marker saved path=/home/h61084/codes/adapts/outputs/extractions/Traffic/336_48/chronos2/raw_euclidean_3_online/extracted/extraction_manifest.json
2026-08-02 21:50:06,389 INFO [__main__] outputs saved dir=/home/h61084/codes/adapts/outputs/extractions/Traffic/336_48/chronos2/raw_euclidean_3_online/extracted
2026-08-02 21:50:06,389 INFO [__main__] experiment done seconds=945.97
2026-08-02 21:50:06,389 INFO [__main__] ========================================================================
2026-08-02T21:50:07+02:00 extraction done configuration=23/60 dataset=Traffic model=chronos2 lags=336 horizon=48 retrieval=raw_euclidean_3_online

2026-08-02T21:50:07+02:00 extraction start configuration=24/60 dataset=Traffic model=chronos2 lags=336 horizon=48 retrieval=instance_euclidean_1_online period=24 datastore_stride=24 adapt_stride=24 eval_stride=128 max_store_windows=30000 compute_transformed_prediction=false seed=1
2026-08-02 21:50:10,122 INFO [__main__] ========================================================================
2026-08-02 21:50:10,122 INFO [__main__] experiment start kind=extraction dataset=Traffic model=chronos2 lags=336 horizon=48 neighbors=1 distance=instance/euclidean
2026-08-02 21:50:10,425 INFO [__main__] existing extraction not reusable dir=/home/h61084/codes/adapts/outputs/extractions/Traffic/336_48/chronos2/instance_euclidean_1_online/extracted reason=missing completion marker: /home/h61084/codes/adapts/outputs/extractions/Traffic/336_48/chronos2/instance_euclidean_1_online/extracted/extraction_manifest.json
2026-08-02 21:50:10,425 INFO [__main__] dataset load start
2026-08-02 21:50:10,426 INFO [src.data.load_dataset] loaded dataset config path=/home/h61084/codes/datasets/traffic/config.json keys=['aggr', 'date_col', 'drop_users']
2026-08-02 21:50:11,627 INFO [__main__] dataset load done dates=17544 users=860
2026-08-02 21:50:11,627 INFO [__main__] model load start
2026-08-02 21:50:22,579 INFO [__main__] model load done name=chronos2 device=cuda parameters_total=119,477,664 parameters_trainable=0
2026-08-02 21:50:22,581 INFO [__main__] extraction start split=adapt queries=364
2026-08-02 21:59:30,157 INFO [__main__] extraction done split=adapt
2026-08-02 21:59:30,157 INFO [__main__] extraction start split=eval queries=28
2026-08-02 22:00:11,168 INFO [__main__] extraction done split=eval
2026-08-02 22:00:12,088 INFO [__main__] completion marker saved path=/home/h61084/codes/adapts/outputs/extractions/Traffic/336_48/chronos2/instance_euclidean_1_online/extracted/extraction_manifest.json
2026-08-02 22:00:12,088 INFO [__main__] outputs saved dir=/home/h61084/codes/adapts/outputs/extractions/Traffic/336_48/chronos2/instance_euclidean_1_online/extracted
2026-08-02 22:00:12,088 INFO [__main__] experiment done seconds=601.96
2026-08-02 22:00:12,088 INFO [__main__] ========================================================================
2026-08-02T22:00:13+02:00 extraction done configuration=24/60 dataset=Traffic model=chronos2 lags=336 horizon=48 retrieval=instance_euclidean_1_online

2026-08-02T22:00:13+02:00 extraction start configuration=25/60 dataset=Traffic model=chronos2 lags=336 horizon=48 retrieval=instance_euclidean_3_online period=24 datastore_stride=24 adapt_stride=24 eval_stride=128 max_store_windows=30000 compute_transformed_prediction=false seed=1
2026-08-02 22:00:15,624 INFO [__main__] ========================================================================
2026-08-02 22:00:15,624 INFO [__main__] experiment start kind=extraction dataset=Traffic model=chronos2 lags=336 horizon=48 neighbors=3 distance=instance/euclidean
2026-08-02 22:00:15,891 INFO [__main__] existing extraction not reusable dir=/home/h61084/codes/adapts/outputs/extractions/Traffic/336_48/chronos2/instance_euclidean_3_online/extracted reason=missing completion marker: /home/h61084/codes/adapts/outputs/extractions/Traffic/336_48/chronos2/instance_euclidean_3_online/extracted/extraction_manifest.json
2026-08-02 22:00:15,891 INFO [__main__] dataset load start
2026-08-02 22:00:15,892 INFO [src.data.load_dataset] loaded dataset config path=/home/h61084/codes/datasets/traffic/config.json keys=['aggr', 'date_col', 'drop_users']
2026-08-02 22:00:17,105 INFO [__main__] dataset load done dates=17544 users=860
2026-08-02 22:00:17,105 INFO [__main__] model load start
2026-08-02 22:00:28,067 INFO [__main__] model load done name=chronos2 device=cuda parameters_total=119,477,664 parameters_trainable=0
2026-08-02 22:00:28,069 INFO [__main__] extraction start split=adapt queries=364
2026-08-02 22:15:10,285 INFO [__main__] extraction done split=adapt
2026-08-02 22:15:10,285 INFO [__main__] extraction start split=eval queries=28
2026-08-02 22:16:18,324 INFO [__main__] extraction done split=eval
2026-08-02 22:16:19,397 INFO [__main__] completion marker saved path=/home/h61084/codes/adapts/outputs/extractions/Traffic/336_48/chronos2/instance_euclidean_3_online/extracted/extraction_manifest.json
2026-08-02 22:16:19,397 INFO [__main__] outputs saved dir=/home/h61084/codes/adapts/outputs/extractions/Traffic/336_48/chronos2/instance_euclidean_3_online/extracted
2026-08-02 22:16:19,397 INFO [__main__] experiment done seconds=963.77
2026-08-02 22:16:19,397 INFO [__main__] ========================================================================
2026-08-02T22:16:20+02:00 extraction done configuration=25/60 dataset=Traffic model=chronos2 lags=336 horizon=48 retrieval=instance_euclidean_3_online

2026-08-02T22:16:20+02:00 extraction start configuration=26/60 dataset=Traffic model=chronos2 lags=504 horizon=168 retrieval=vanilla period=24 datastore_stride=24 adapt_stride=24 eval_stride=128 max_store_windows=30000 compute_transformed_prediction=false seed=1
2026-08-02 22:16:23,076 INFO [__main__] ========================================================================
2026-08-02 22:16:23,076 INFO [__main__] experiment start kind=extraction dataset=Traffic model=chronos2 lags=504 horizon=168 neighbors=0 distance=raw/euclidean
2026-08-02 22:16:23,359 INFO [__main__] existing extraction not reusable dir=/home/h61084/codes/adapts/outputs/extractions/Traffic/504_168/chronos2/vanilla reason=missing completion marker: /home/h61084/codes/adapts/outputs/extractions/Traffic/504_168/chronos2/vanilla/extraction_manifest.json
2026-08-02 22:16:23,359 INFO [__main__] dataset load start
2026-08-02 22:16:23,359 INFO [src.data.load_dataset] loaded dataset config path=/home/h61084/codes/datasets/traffic/config.json keys=['aggr', 'date_col', 'drop_users']
2026-08-02 22:16:24,475 INFO [__main__] dataset load done dates=17544 users=860
2026-08-02 22:16:24,475 INFO [__main__] model load start
2026-08-02 22:16:35,155 INFO [__main__] model load done name=chronos2 device=cuda parameters_total=119,477,664 parameters_trainable=0
2026-08-02 22:16:35,157 INFO [__main__] extraction start split=adapt queries=359
2026-08-02 22:18:45,801 INFO [__main__] extraction done split=adapt
2026-08-02 22:18:45,801 INFO [__main__] extraction start split=eval queries=27
2026-08-02 22:18:55,684 INFO [__main__] extraction done split=eval
2026-08-02 22:18:55,879 INFO [__main__] vanilla metrics saved path=/home/h61084/codes/adapts/outputs/extractions/Traffic/504_168/chronos2/vanilla/vanilla_metrics.json
2026-08-02 22:18:55,885 INFO [__main__] completion marker saved path=/home/h61084/codes/adapts/outputs/extractions/Traffic/504_168/chronos2/vanilla/extraction_manifest.json
2026-08-02 22:18:55,885 INFO [__main__] outputs saved dir=/home/h61084/codes/adapts/outputs/extractions/Traffic/504_168/chronos2/vanilla
2026-08-02 22:18:55,885 INFO [__main__] experiment done seconds=152.80
2026-08-02 22:18:55,885 INFO [__main__] ========================================================================
2026-08-02T22:18:56+02:00 extraction done configuration=26/60 dataset=Traffic model=chronos2 lags=504 horizon=168 retrieval=vanilla

2026-08-02T22:18:56+02:00 extraction start configuration=27/60 dataset=Traffic model=chronos2 lags=504 horizon=168 retrieval=raw_euclidean_1_online period=24 datastore_stride=24 adapt_stride=24 eval_stride=128 max_store_windows=30000 compute_transformed_prediction=false seed=1
2026-08-02 22:18:59,269 INFO [__main__] ========================================================================
2026-08-02 22:18:59,269 INFO [__main__] experiment start kind=extraction dataset=Traffic model=chronos2 lags=504 horizon=168 neighbors=1 distance=raw/euclidean
2026-08-02 22:18:59,637 INFO [__main__] existing extraction not reusable dir=/home/h61084/codes/adapts/outputs/extractions/Traffic/504_168/chronos2/raw_euclidean_1_online/extracted reason=missing completion marker: /home/h61084/codes/adapts/outputs/extractions/Traffic/504_168/chronos2/raw_euclidean_1_online/extracted/extraction_manifest.json
2026-08-02 22:18:59,637 INFO [__main__] dataset load start
2026-08-02 22:18:59,638 INFO [src.data.load_dataset] loaded dataset config path=/home/h61084/codes/datasets/traffic/config.json keys=['aggr', 'date_col', 'drop_users']
2026-08-02 22:19:00,725 INFO [__main__] dataset load done dates=17544 users=860
2026-08-02 22:19:00,725 INFO [__main__] model load start
2026-08-02 22:19:11,377 INFO [__main__] model load done name=chronos2 device=cuda parameters_total=119,477,664 parameters_trainable=0
2026-08-02 22:19:11,379 INFO [__main__] extraction start split=adapt queries=359
2026-08-02 22:30:15,872 INFO [__main__] extraction done split=adapt
2026-08-02 22:30:15,872 INFO [__main__] extraction start split=eval queries=27
2026-08-02 22:31:05,482 INFO [__main__] extraction done split=eval
2026-08-02 22:31:06,365 INFO [__main__] completion marker saved path=/home/h61084/codes/adapts/outputs/extractions/Traffic/504_168/chronos2/raw_euclidean_1_online/extracted/extraction_manifest.json
2026-08-02 22:31:06,365 INFO [__main__] outputs saved dir=/home/h61084/codes/adapts/outputs/extractions/Traffic/504_168/chronos2/raw_euclidean_1_online/extracted
2026-08-02 22:31:06,365 INFO [__main__] experiment done seconds=727.09
2026-08-02 22:31:06,365 INFO [__main__] ========================================================================
2026-08-02T22:31:07+02:00 extraction done configuration=27/60 dataset=Traffic model=chronos2 lags=504 horizon=168 retrieval=raw_euclidean_1_online

2026-08-02T22:31:07+02:00 extraction start configuration=28/60 dataset=Traffic model=chronos2 lags=504 horizon=168 retrieval=raw_euclidean_3_online period=24 datastore_stride=24 adapt_stride=24 eval_stride=128 max_store_windows=30000 compute_transformed_prediction=false seed=1
2026-08-02 22:31:09,912 INFO [__main__] ========================================================================
2026-08-02 22:31:09,912 INFO [__main__] experiment start kind=extraction dataset=Traffic model=chronos2 lags=504 horizon=168 neighbors=3 distance=raw/euclidean
2026-08-02 22:31:10,186 INFO [__main__] existing extraction not reusable dir=/home/h61084/codes/adapts/outputs/extractions/Traffic/504_168/chronos2/raw_euclidean_3_online/extracted reason=missing completion marker: /home/h61084/codes/adapts/outputs/extractions/Traffic/504_168/chronos2/raw_euclidean_3_online/extracted/extraction_manifest.json
2026-08-02 22:31:10,186 INFO [__main__] dataset load start
2026-08-02 22:31:10,187 INFO [src.data.load_dataset] loaded dataset config path=/home/h61084/codes/datasets/traffic/config.json keys=['aggr', 'date_col', 'drop_users']
2026-08-02 22:31:11,272 INFO [__main__] dataset load done dates=17544 users=860
2026-08-02 22:31:11,273 INFO [__main__] model load start
2026-08-02 22:31:21,959 INFO [__main__] model load done name=chronos2 device=cuda parameters_total=119,477,664 parameters_trainable=0
2026-08-02 22:31:21,961 INFO [__main__] extraction start split=adapt queries=359
2026-08-02 22:50:13,776 INFO [__main__] extraction done split=adapt
2026-08-02 22:50:13,776 INFO [__main__] extraction start split=eval queries=27
2026-08-02 22:51:41,027 INFO [__main__] extraction done split=eval
2026-08-02 22:51:41,961 INFO [__main__] completion marker saved path=/home/h61084/codes/adapts/outputs/extractions/Traffic/504_168/chronos2/raw_euclidean_3_online/extracted/extraction_manifest.json
2026-08-02 22:51:41,962 INFO [__main__] outputs saved dir=/home/h61084/codes/adapts/outputs/extractions/Traffic/504_168/chronos2/raw_euclidean_3_online/extracted
2026-08-02 22:51:41,962 INFO [__main__] experiment done seconds=1232.04
2026-08-02 22:51:41,962 INFO [__main__] ========================================================================
2026-08-02T22:51:43+02:00 extraction done configuration=28/60 dataset=Traffic model=chronos2 lags=504 horizon=168 retrieval=raw_euclidean_3_online

2026-08-02T22:51:43+02:00 extraction start configuration=29/60 dataset=Traffic model=chronos2 lags=504 horizon=168 retrieval=instance_euclidean_1_online period=24 datastore_stride=24 adapt_stride=24 eval_stride=128 max_store_windows=30000 compute_transformed_prediction=false seed=1
2026-08-02 22:51:45,721 INFO [__main__] ========================================================================
2026-08-02 22:51:45,721 INFO [__main__] experiment start kind=extraction dataset=Traffic model=chronos2 lags=504 horizon=168 neighbors=1 distance=instance/euclidean
2026-08-02 22:51:45,976 INFO [__main__] existing extraction not reusable dir=/home/h61084/codes/adapts/outputs/extractions/Traffic/504_168/chronos2/instance_euclidean_1_online/extracted reason=missing completion marker: /home/h61084/codes/adapts/outputs/extractions/Traffic/504_168/chronos2/instance_euclidean_1_online/extracted/extraction_manifest.json
2026-08-02 22:51:45,976 INFO [__main__] dataset load start
2026-08-02 22:51:45,977 INFO [src.data.load_dataset] loaded dataset config path=/home/h61084/codes/datasets/traffic/config.json keys=['aggr', 'date_col', 'drop_users']
2026-08-02 22:51:47,158 INFO [__main__] dataset load done dates=17544 users=860
2026-08-02 22:51:47,158 INFO [__main__] model load start
2026-08-02 22:51:57,742 INFO [__main__] model load done name=chronos2 device=cuda parameters_total=119,477,664 parameters_trainable=0
2026-08-02 22:51:57,744 INFO [__main__] extraction start split=adapt queries=359
2026-08-02 23:03:36,486 INFO [__main__] extraction done split=adapt
2026-08-02 23:03:36,487 INFO [__main__] extraction start split=eval queries=27
2026-08-02 23:04:29,621 INFO [__main__] extraction done split=eval
2026-08-02 23:04:30,604 INFO [__main__] completion marker saved path=/home/h61084/codes/adapts/outputs/extractions/Traffic/504_168/chronos2/instance_euclidean_1_online/extracted/extraction_manifest.json
2026-08-02 23:04:30,604 INFO [__main__] outputs saved dir=/home/h61084/codes/adapts/outputs/extractions/Traffic/504_168/chronos2/instance_euclidean_1_online/extracted
2026-08-02 23:04:30,604 INFO [__main__] experiment done seconds=764.88
2026-08-02 23:04:30,604 INFO [__main__] ========================================================================
2026-08-02T23:04:31+02:00 extraction done configuration=29/60 dataset=Traffic model=chronos2 lags=504 horizon=168 retrieval=instance_euclidean_1_online

2026-08-02T23:04:31+02:00 extraction start configuration=30/60 dataset=Traffic model=chronos2 lags=504 horizon=168 retrieval=instance_euclidean_3_online period=24 datastore_stride=24 adapt_stride=24 eval_stride=128 max_store_windows=30000 compute_transformed_prediction=false seed=1
2026-08-02 23:04:34,180 INFO [__main__] ========================================================================
2026-08-02 23:04:34,180 INFO [__main__] experiment start kind=extraction dataset=Traffic model=chronos2 lags=504 horizon=168 neighbors=3 distance=instance/euclidean
2026-08-02 23:04:34,452 INFO [__main__] existing extraction not reusable dir=/home/h61084/codes/adapts/outputs/extractions/Traffic/504_168/chronos2/instance_euclidean_3_online/extracted reason=missing completion marker: /home/h61084/codes/adapts/outputs/extractions/Traffic/504_168/chronos2/instance_euclidean_3_online/extracted/extraction_manifest.json
2026-08-02 23:04:34,452 INFO [__main__] dataset load start
2026-08-02 23:04:34,453 INFO [src.data.load_dataset] loaded dataset config path=/home/h61084/codes/datasets/traffic/config.json keys=['aggr', 'date_col', 'drop_users']
2026-08-02 23:04:35,632 INFO [__main__] dataset load done dates=17544 users=860
2026-08-02 23:04:35,632 INFO [__main__] model load start
2026-08-02 23:04:46,159 INFO [__main__] model load done name=chronos2 device=cuda parameters_total=119,477,664 parameters_trainable=0
2026-08-02 23:04:46,161 INFO [__main__] extraction start split=adapt queries=359
2026-08-02 23:24:23,644 INFO [__main__] extraction done split=adapt
2026-08-02 23:24:23,644 INFO [__main__] extraction start split=eval queries=27
2026-08-02 23:25:50,312 INFO [__main__] extraction done split=eval
2026-08-02 23:25:51,378 INFO [__main__] completion marker saved path=/home/h61084/codes/adapts/outputs/extractions/Traffic/504_168/chronos2/instance_euclidean_3_online/extracted/extraction_manifest.json
2026-08-02 23:25:51,378 INFO [__main__] outputs saved dir=/home/h61084/codes/adapts/outputs/extractions/Traffic/504_168/chronos2/instance_euclidean_3_online/extracted
2026-08-02 23:25:51,378 INFO [__main__] experiment done seconds=1277.19
2026-08-02 23:25:51,378 INFO [__main__] ========================================================================
2026-08-02T23:25:52+02:00 extraction done configuration=30/60 dataset=Traffic model=chronos2 lags=504 horizon=168 retrieval=instance_euclidean_3_online

2026-08-02T23:25:52+02:00 extraction start configuration=31/60 dataset=Solar model=chronos2 lags=168 horizon=24 retrieval=vanilla period=24 datastore_stride=24 adapt_stride=24 eval_stride=128 max_store_windows=30000 compute_transformed_prediction=false seed=1
2026-08-02 23:25:55,118 INFO [__main__] ========================================================================
2026-08-02 23:25:55,118 INFO [__main__] experiment start kind=extraction dataset=Solar model=chronos2 lags=168 horizon=24 neighbors=0 distance=raw/euclidean
2026-08-02 23:25:55,410 INFO [__main__] existing extraction not reusable dir=/home/h61084/codes/adapts/outputs/extractions/Solar/168_24/chronos2/vanilla reason=missing completion marker: /home/h61084/codes/adapts/outputs/extractions/Solar/168_24/chronos2/vanilla/extraction_manifest.json
2026-08-02 23:25:55,410 INFO [__main__] dataset load start
2026-08-02 23:25:55,411 INFO [src.data.load_dataset] loaded dataset config path=/home/h61084/codes/datasets/solar/config.json keys=['aggr', 'date_col', 'drop_users']
2026-08-02 23:25:55,808 INFO [__main__] dataset load done dates=8760 users=137
2026-08-02 23:25:55,809 INFO [__main__] model load start
2026-08-02 23:26:06,476 INFO [__main__] model load done name=chronos2 device=cuda parameters_total=119,477,664 parameters_trainable=0
2026-08-02 23:26:06,477 INFO [__main__] extraction start split=adapt queries=182
2026-08-02 23:26:12,776 INFO [__main__] extraction done split=adapt
2026-08-02 23:26:12,776 INFO [__main__] extraction start split=eval queries=14
2026-08-02 23:26:13,263 INFO [__main__] extraction done split=eval
2026-08-02 23:26:13,407 INFO [__main__] vanilla metrics saved path=/home/h61084/codes/adapts/outputs/extractions/Solar/168_24/chronos2/vanilla/vanilla_metrics.json
2026-08-02 23:26:13,412 INFO [__main__] completion marker saved path=/home/h61084/codes/adapts/outputs/extractions/Solar/168_24/chronos2/vanilla/extraction_manifest.json
2026-08-02 23:26:13,412 INFO [__main__] outputs saved dir=/home/h61084/codes/adapts/outputs/extractions/Solar/168_24/chronos2/vanilla
2026-08-02 23:26:13,412 INFO [__main__] experiment done seconds=18.29
2026-08-02 23:26:13,413 INFO [__main__] ========================================================================
2026-08-02T23:26:14+02:00 extraction done configuration=31/60 dataset=Solar model=chronos2 lags=168 horizon=24 retrieval=vanilla

2026-08-02T23:26:14+02:00 extraction start configuration=32/60 dataset=Solar model=chronos2 lags=168 horizon=24 retrieval=raw_euclidean_1_online period=24 datastore_stride=24 adapt_stride=24 eval_stride=128 max_store_windows=30000 compute_transformed_prediction=false seed=1
2026-08-02 23:26:16,361 INFO [__main__] ========================================================================
2026-08-02 23:26:16,361 INFO [__main__] experiment start kind=extraction dataset=Solar model=chronos2 lags=168 horizon=24 neighbors=1 distance=raw/euclidean
2026-08-02 23:26:16,686 INFO [__main__] existing extraction not reusable dir=/home/h61084/codes/adapts/outputs/extractions/Solar/168_24/chronos2/raw_euclidean_1_online/extracted reason=missing completion marker: /home/h61084/codes/adapts/outputs/extractions/Solar/168_24/chronos2/raw_euclidean_1_online/extracted/extraction_manifest.json
2026-08-02 23:26:16,686 INFO [__main__] dataset load start
2026-08-02 23:26:16,687 INFO [src.data.load_dataset] loaded dataset config path=/home/h61084/codes/datasets/solar/config.json keys=['aggr', 'date_col', 'drop_users']
2026-08-02 23:26:17,086 INFO [__main__] dataset load done dates=8760 users=137
2026-08-02 23:26:17,086 INFO [__main__] model load start
2026-08-02 23:26:24,413 INFO [__main__] model load done name=chronos2 device=cuda parameters_total=119,477,664 parameters_trainable=0
2026-08-02 23:26:24,414 INFO [__main__] extraction start split=adapt queries=182
2026-08-02 23:27:00,412 INFO [__main__] extraction done split=adapt
2026-08-02 23:27:00,413 INFO [__main__] extraction start split=eval queries=14
2026-08-02 23:27:03,246 INFO [__main__] extraction done split=eval
2026-08-02 23:27:04,079 INFO [__main__] completion marker saved path=/home/h61084/codes/adapts/outputs/extractions/Solar/168_24/chronos2/raw_euclidean_1_online/extracted/extraction_manifest.json
2026-08-02 23:27:04,079 INFO [__main__] outputs saved dir=/home/h61084/codes/adapts/outputs/extractions/Solar/168_24/chronos2/raw_euclidean_1_online/extracted
2026-08-02 23:27:04,079 INFO [__main__] experiment done seconds=47.71
2026-08-02 23:27:04,079 INFO [__main__] ========================================================================
2026-08-02T23:27:04+02:00 extraction done configuration=32/60 dataset=Solar model=chronos2 lags=168 horizon=24 retrieval=raw_euclidean_1_online

2026-08-02T23:27:05+02:00 extraction start configuration=33/60 dataset=Solar model=chronos2 lags=168 horizon=24 retrieval=raw_euclidean_3_online period=24 datastore_stride=24 adapt_stride=24 eval_stride=128 max_store_windows=30000 compute_transformed_prediction=false seed=1
2026-08-02 23:27:07,405 INFO [__main__] ========================================================================
2026-08-02 23:27:07,406 INFO [__main__] experiment start kind=extraction dataset=Solar model=chronos2 lags=168 horizon=24 neighbors=3 distance=raw/euclidean
2026-08-02 23:27:07,683 INFO [__main__] existing extraction not reusable dir=/home/h61084/codes/adapts/outputs/extractions/Solar/168_24/chronos2/raw_euclidean_3_online/extracted reason=missing completion marker: /home/h61084/codes/adapts/outputs/extractions/Solar/168_24/chronos2/raw_euclidean_3_online/extracted/extraction_manifest.json
2026-08-02 23:27:07,683 INFO [__main__] dataset load start
2026-08-02 23:27:07,683 INFO [src.data.load_dataset] loaded dataset config path=/home/h61084/codes/datasets/solar/config.json keys=['aggr', 'date_col', 'drop_users']
2026-08-02 23:27:08,085 INFO [__main__] dataset load done dates=8760 users=137
2026-08-02 23:27:08,085 INFO [__main__] model load start
2026-08-02 23:27:18,086 INFO [__main__] model load done name=chronos2 device=cuda parameters_total=119,477,664 parameters_trainable=0
2026-08-02 23:27:18,087 INFO [__main__] extraction start split=adapt queries=182
2026-08-02 23:28:18,492 INFO [__main__] extraction done split=adapt
2026-08-02 23:28:18,493 INFO [__main__] extraction start split=eval queries=14
2026-08-02 23:28:23,435 INFO [__main__] extraction done split=eval
2026-08-02 23:28:23,995 INFO [__main__] completion marker saved path=/home/h61084/codes/adapts/outputs/extractions/Solar/168_24/chronos2/raw_euclidean_3_online/extracted/extraction_manifest.json
2026-08-02 23:28:23,995 INFO [__main__] outputs saved dir=/home/h61084/codes/adapts/outputs/extractions/Solar/168_24/chronos2/raw_euclidean_3_online/extracted
2026-08-02 23:28:23,995 INFO [__main__] experiment done seconds=76.58
2026-08-02 23:28:23,995 INFO [__main__] ========================================================================
2026-08-02T23:28:25+02:00 extraction done configuration=33/60 dataset=Solar model=chronos2 lags=168 horizon=24 retrieval=raw_euclidean_3_online

2026-08-02T23:28:25+02:00 extraction start configuration=34/60 dataset=Solar model=chronos2 lags=168 horizon=24 retrieval=instance_euclidean_1_online period=24 datastore_stride=24 adapt_stride=24 eval_stride=128 max_store_windows=30000 compute_transformed_prediction=false seed=1
2026-08-02 23:28:27,651 INFO [__main__] ========================================================================
2026-08-02 23:28:27,651 INFO [__main__] experiment start kind=extraction dataset=Solar model=chronos2 lags=168 horizon=24 neighbors=1 distance=instance/euclidean
2026-08-02 23:28:27,906 INFO [__main__] existing extraction not reusable dir=/home/h61084/codes/adapts/outputs/extractions/Solar/168_24/chronos2/instance_euclidean_1_online/extracted reason=missing completion marker: /home/h61084/codes/adapts/outputs/extractions/Solar/168_24/chronos2/instance_euclidean_1_online/extracted/extraction_manifest.json
2026-08-02 23:28:27,906 INFO [__main__] dataset load start
2026-08-02 23:28:27,907 INFO [src.data.load_dataset] loaded dataset config path=/home/h61084/codes/datasets/solar/config.json keys=['aggr', 'date_col', 'drop_users']
2026-08-02 23:28:28,305 INFO [__main__] dataset load done dates=8760 users=137
2026-08-02 23:28:28,305 INFO [__main__] model load start
2026-08-02 23:28:39,082 INFO [__main__] model load done name=chronos2 device=cuda parameters_total=119,477,664 parameters_trainable=0
2026-08-02 23:28:39,083 INFO [__main__] extraction start split=adapt queries=182
2026-08-02 23:29:17,792 INFO [__main__] extraction done split=adapt
2026-08-02 23:29:17,792 INFO [__main__] extraction start split=eval queries=14
2026-08-02 23:29:20,838 INFO [__main__] extraction done split=eval
2026-08-02 23:29:21,448 INFO [__main__] completion marker saved path=/home/h61084/codes/adapts/outputs/extractions/Solar/168_24/chronos2/instance_euclidean_1_online/extracted/extraction_manifest.json
2026-08-02 23:29:21,448 INFO [__main__] outputs saved dir=/home/h61084/codes/adapts/outputs/extractions/Solar/168_24/chronos2/instance_euclidean_1_online/extracted
2026-08-02 23:29:21,448 INFO [__main__] experiment done seconds=53.79
2026-08-02 23:29:21,448 INFO [__main__] ========================================================================
2026-08-02T23:29:22+02:00 extraction done configuration=34/60 dataset=Solar model=chronos2 lags=168 horizon=24 retrieval=instance_euclidean_1_online

2026-08-02T23:29:22+02:00 extraction start configuration=35/60 dataset=Solar model=chronos2 lags=168 horizon=24 retrieval=instance_euclidean_3_online period=24 datastore_stride=24 adapt_stride=24 eval_stride=128 max_store_windows=30000 compute_transformed_prediction=false seed=1
2026-08-02 23:29:24,417 INFO [__main__] ========================================================================
2026-08-02 23:29:24,417 INFO [__main__] experiment start kind=extraction dataset=Solar model=chronos2 lags=168 horizon=24 neighbors=3 distance=instance/euclidean
2026-08-02 23:29:24,728 INFO [__main__] existing extraction not reusable dir=/home/h61084/codes/adapts/outputs/extractions/Solar/168_24/chronos2/instance_euclidean_3_online/extracted reason=missing completion marker: /home/h61084/codes/adapts/outputs/extractions/Solar/168_24/chronos2/instance_euclidean_3_online/extracted/extraction_manifest.json
2026-08-02 23:29:24,728 INFO [__main__] dataset load start
2026-08-02 23:29:24,729 INFO [src.data.load_dataset] loaded dataset config path=/home/h61084/codes/datasets/solar/config.json keys=['aggr', 'date_col', 'drop_users']
2026-08-02 23:29:25,092 INFO [__main__] dataset load done dates=8760 users=137
2026-08-02 23:29:25,093 INFO [__main__] model load start
2026-08-02 23:29:32,828 INFO [__main__] model load done name=chronos2 device=cuda parameters_total=119,477,664 parameters_trainable=0
2026-08-02 23:29:32,830 INFO [__main__] extraction start split=adapt queries=182
2026-08-02 23:30:37,461 INFO [__main__] extraction done split=adapt
2026-08-02 23:30:37,462 INFO [__main__] extraction start split=eval queries=14
2026-08-02 23:30:42,561 INFO [__main__] extraction done split=eval
2026-08-02 23:30:43,117 INFO [__main__] completion marker saved path=/home/h61084/codes/adapts/outputs/extractions/Solar/168_24/chronos2/instance_euclidean_3_online/extracted/extraction_manifest.json
2026-08-02 23:30:43,117 INFO [__main__] outputs saved dir=/home/h61084/codes/adapts/outputs/extractions/Solar/168_24/chronos2/instance_euclidean_3_online/extracted
2026-08-02 23:30:43,117 INFO [__main__] experiment done seconds=78.69
2026-08-02 23:30:43,117 INFO [__main__] ========================================================================
2026-08-02T23:30:43+02:00 extraction done configuration=35/60 dataset=Solar model=chronos2 lags=168 horizon=24 retrieval=instance_euclidean_3_online

2026-08-02T23:30:43+02:00 extraction start configuration=36/60 dataset=Solar model=chronos2 lags=336 horizon=48 retrieval=vanilla period=24 datastore_stride=24 adapt_stride=24 eval_stride=128 max_store_windows=30000 compute_transformed_prediction=false seed=1
2026-08-02 23:30:46,653 INFO [__main__] ========================================================================
2026-08-02 23:30:46,653 INFO [__main__] experiment start kind=extraction dataset=Solar model=chronos2 lags=336 horizon=48 neighbors=0 distance=raw/euclidean
2026-08-02 23:30:46,981 INFO [__main__] existing extraction not reusable dir=/home/h61084/codes/adapts/outputs/extractions/Solar/336_48/chronos2/vanilla reason=missing completion marker: /home/h61084/codes/adapts/outputs/extractions/Solar/336_48/chronos2/vanilla/extraction_manifest.json
2026-08-02 23:30:46,981 INFO [__main__] dataset load start
2026-08-02 23:30:46,981 INFO [src.data.load_dataset] loaded dataset config path=/home/h61084/codes/datasets/solar/config.json keys=['aggr', 'date_col', 'drop_users']
2026-08-02 23:30:47,346 INFO [__main__] dataset load done dates=8760 users=137
2026-08-02 23:30:47,347 INFO [__main__] model load start
2026-08-02 23:30:57,896 INFO [__main__] model load done name=chronos2 device=cuda parameters_total=119,477,664 parameters_trainable=0
2026-08-02 23:30:57,897 INFO [__main__] extraction start split=adapt queries=181
2026-08-02 23:31:06,500 INFO [__main__] extraction done split=adapt
2026-08-02 23:31:06,500 INFO [__main__] extraction start split=eval queries=14
2026-08-02 23:31:07,127 INFO [__main__] extraction done split=eval
2026-08-02 23:31:07,160 INFO [__main__] vanilla metrics saved path=/home/h61084/codes/adapts/outputs/extractions/Solar/336_48/chronos2/vanilla/vanilla_metrics.json
2026-08-02 23:31:07,165 INFO [__main__] completion marker saved path=/home/h61084/codes/adapts/outputs/extractions/Solar/336_48/chronos2/vanilla/extraction_manifest.json
2026-08-02 23:31:07,165 INFO [__main__] outputs saved dir=/home/h61084/codes/adapts/outputs/extractions/Solar/336_48/chronos2/vanilla
2026-08-02 23:31:07,165 INFO [__main__] experiment done seconds=20.51
2026-08-02 23:31:07,166 INFO [__main__] ========================================================================
2026-08-02T23:31:07+02:00 extraction done configuration=36/60 dataset=Solar model=chronos2 lags=336 horizon=48 retrieval=vanilla

2026-08-02T23:31:07+02:00 extraction start configuration=37/60 dataset=Solar model=chronos2 lags=336 horizon=48 retrieval=raw_euclidean_1_online period=24 datastore_stride=24 adapt_stride=24 eval_stride=128 max_store_windows=30000 compute_transformed_prediction=false seed=1
2026-08-02 23:31:10,102 INFO [__main__] ========================================================================
2026-08-02 23:31:10,103 INFO [__main__] experiment start kind=extraction dataset=Solar model=chronos2 lags=336 horizon=48 neighbors=1 distance=raw/euclidean
2026-08-02 23:31:10,372 INFO [__main__] existing extraction not reusable dir=/home/h61084/codes/adapts/outputs/extractions/Solar/336_48/chronos2/raw_euclidean_1_online/extracted reason=missing completion marker: /home/h61084/codes/adapts/outputs/extractions/Solar/336_48/chronos2/raw_euclidean_1_online/extracted/extraction_manifest.json
2026-08-02 23:31:10,372 INFO [__main__] dataset load start
2026-08-02 23:31:10,373 INFO [src.data.load_dataset] loaded dataset config path=/home/h61084/codes/datasets/solar/config.json keys=['aggr', 'date_col', 'drop_users']
2026-08-02 23:31:10,767 INFO [__main__] dataset load done dates=8760 users=137
2026-08-02 23:31:10,767 INFO [__main__] model load start
2026-08-02 23:31:18,102 INFO [__main__] model load done name=chronos2 device=cuda parameters_total=119,477,664 parameters_trainable=0
2026-08-02 23:31:18,103 INFO [__main__] extraction start split=adapt queries=181
2026-08-02 23:32:17,130 INFO [__main__] extraction done split=adapt
2026-08-02 23:32:17,130 INFO [__main__] extraction start split=eval queries=14
2026-08-02 23:32:21,687 INFO [__main__] extraction done split=eval
2026-08-02 23:32:22,374 INFO [__main__] completion marker saved path=/home/h61084/codes/adapts/outputs/extractions/Solar/336_48/chronos2/raw_euclidean_1_online/extracted/extraction_manifest.json
2026-08-02 23:32:22,375 INFO [__main__] outputs saved dir=/home/h61084/codes/adapts/outputs/extractions/Solar/336_48/chronos2/raw_euclidean_1_online/extracted
2026-08-02 23:32:22,375 INFO [__main__] experiment done seconds=72.27
2026-08-02 23:32:22,375 INFO [__main__] ========================================================================
2026-08-02T23:32:23+02:00 extraction done configuration=37/60 dataset=Solar model=chronos2 lags=336 horizon=48 retrieval=raw_euclidean_1_online

2026-08-02T23:32:23+02:00 extraction start configuration=38/60 dataset=Solar model=chronos2 lags=336 horizon=48 retrieval=raw_euclidean_3_online period=24 datastore_stride=24 adapt_stride=24 eval_stride=128 max_store_windows=30000 compute_transformed_prediction=false seed=1
2026-08-02 23:32:25,800 INFO [__main__] ========================================================================
2026-08-02 23:32:25,800 INFO [__main__] experiment start kind=extraction dataset=Solar model=chronos2 lags=336 horizon=48 neighbors=3 distance=raw/euclidean
2026-08-02 23:32:26,066 INFO [__main__] existing extraction not reusable dir=/home/h61084/codes/adapts/outputs/extractions/Solar/336_48/chronos2/raw_euclidean_3_online/extracted reason=missing completion marker: /home/h61084/codes/adapts/outputs/extractions/Solar/336_48/chronos2/raw_euclidean_3_online/extracted/extraction_manifest.json
2026-08-02 23:32:26,066 INFO [__main__] dataset load start
2026-08-02 23:32:26,067 INFO [src.data.load_dataset] loaded dataset config path=/home/h61084/codes/datasets/solar/config.json keys=['aggr', 'date_col', 'drop_users']
2026-08-02 23:32:26,435 INFO [__main__] dataset load done dates=8760 users=137
2026-08-02 23:32:26,435 INFO [__main__] model load start
2026-08-02 23:32:37,106 INFO [__main__] model load done name=chronos2 device=cuda parameters_total=119,477,664 parameters_trainable=0
2026-08-02 23:32:37,108 INFO [__main__] extraction start split=adapt queries=181
2026-08-02 23:33:59,348 INFO [__main__] extraction done split=adapt
2026-08-02 23:33:59,348 INFO [__main__] extraction start split=eval queries=14
2026-08-02 23:34:06,080 INFO [__main__] extraction done split=eval
2026-08-02 23:34:06,801 INFO [__main__] completion marker saved path=/home/h61084/codes/adapts/outputs/extractions/Solar/336_48/chronos2/raw_euclidean_3_online/extracted/extraction_manifest.json
2026-08-02 23:34:06,801 INFO [__main__] outputs saved dir=/home/h61084/codes/adapts/outputs/extractions/Solar/336_48/chronos2/raw_euclidean_3_online/extracted
2026-08-02 23:34:06,801 INFO [__main__] experiment done seconds=101.00
2026-08-02 23:34:06,801 INFO [__main__] ========================================================================
2026-08-02T23:34:07+02:00 extraction done configuration=38/60 dataset=Solar model=chronos2 lags=336 horizon=48 retrieval=raw_euclidean_3_online

2026-08-02T23:34:07+02:00 extraction start configuration=39/60 dataset=Solar model=chronos2 lags=336 horizon=48 retrieval=instance_euclidean_1_online period=24 datastore_stride=24 adapt_stride=24 eval_stride=128 max_store_windows=30000 compute_transformed_prediction=false seed=1
2026-08-02 23:34:10,158 INFO [__main__] ========================================================================
2026-08-02 23:34:10,158 INFO [__main__] experiment start kind=extraction dataset=Solar model=chronos2 lags=336 horizon=48 neighbors=1 distance=instance/euclidean
2026-08-02 23:34:10,438 INFO [__main__] existing extraction not reusable dir=/home/h61084/codes/adapts/outputs/extractions/Solar/336_48/chronos2/instance_euclidean_1_online/extracted reason=missing completion marker: /home/h61084/codes/adapts/outputs/extractions/Solar/336_48/chronos2/instance_euclidean_1_online/extracted/extraction_manifest.json
2026-08-02 23:34:10,438 INFO [__main__] dataset load start
2026-08-02 23:34:10,438 INFO [src.data.load_dataset] loaded dataset config path=/home/h61084/codes/datasets/solar/config.json keys=['aggr', 'date_col', 'drop_users']
2026-08-02 23:34:10,837 INFO [__main__] dataset load done dates=8760 users=137
2026-08-02 23:34:10,837 INFO [__main__] model load start
2026-08-02 23:34:21,438 INFO [__main__] model load done name=chronos2 device=cuda parameters_total=119,477,664 parameters_trainable=0
2026-08-02 23:34:21,439 INFO [__main__] extraction start split=adapt queries=181
2026-08-02 23:35:25,314 INFO [__main__] extraction done split=adapt
2026-08-02 23:35:25,314 INFO [__main__] extraction start split=eval queries=14
2026-08-02 23:35:30,115 INFO [__main__] extraction done split=eval
2026-08-02 23:35:30,842 INFO [__main__] completion marker saved path=/home/h61084/codes/adapts/outputs/extractions/Solar/336_48/chronos2/instance_euclidean_1_online/extracted/extraction_manifest.json
2026-08-02 23:35:30,842 INFO [__main__] outputs saved dir=/home/h61084/codes/adapts/outputs/extractions/Solar/336_48/chronos2/instance_euclidean_1_online/extracted
2026-08-02 23:35:30,842 INFO [__main__] experiment done seconds=80.68
2026-08-02 23:35:30,842 INFO [__main__] ========================================================================
2026-08-02T23:35:31+02:00 extraction done configuration=39/60 dataset=Solar model=chronos2 lags=336 horizon=48 retrieval=instance_euclidean_1_online

2026-08-02T23:35:31+02:00 extraction start configuration=40/60 dataset=Solar model=chronos2 lags=336 horizon=48 retrieval=instance_euclidean_3_online period=24 datastore_stride=24 adapt_stride=24 eval_stride=128 max_store_windows=30000 compute_transformed_prediction=false seed=1
2026-08-02 23:35:34,156 INFO [__main__] ========================================================================
2026-08-02 23:35:34,157 INFO [__main__] experiment start kind=extraction dataset=Solar model=chronos2 lags=336 horizon=48 neighbors=3 distance=instance/euclidean
2026-08-02 23:35:34,443 INFO [__main__] existing extraction not reusable dir=/home/h61084/codes/adapts/outputs/extractions/Solar/336_48/chronos2/instance_euclidean_3_online/extracted reason=missing completion marker: /home/h61084/codes/adapts/outputs/extractions/Solar/336_48/chronos2/instance_euclidean_3_online/extracted/extraction_manifest.json
2026-08-02 23:35:34,443 INFO [__main__] dataset load start
2026-08-02 23:35:34,443 INFO [src.data.load_dataset] loaded dataset config path=/home/h61084/codes/datasets/solar/config.json keys=['aggr', 'date_col', 'drop_users']
2026-08-02 23:35:34,841 INFO [__main__] dataset load done dates=8760 users=137
2026-08-02 23:35:34,841 INFO [__main__] model load start
2026-08-02 23:35:45,579 INFO [__main__] model load done name=chronos2 device=cuda parameters_total=119,477,664 parameters_trainable=0
2026-08-02 23:35:45,580 INFO [__main__] extraction start split=adapt queries=181
2026-08-02 23:37:09,793 INFO [__main__] extraction done split=adapt
2026-08-02 23:37:09,793 INFO [__main__] extraction start split=eval queries=14
2026-08-02 23:37:16,029 INFO [__main__] extraction done split=eval
2026-08-02 23:37:16,606 INFO [__main__] completion marker saved path=/home/h61084/codes/adapts/outputs/extractions/Solar/336_48/chronos2/instance_euclidean_3_online/extracted/extraction_manifest.json
2026-08-02 23:37:16,606 INFO [__main__] outputs saved dir=/home/h61084/codes/adapts/outputs/extractions/Solar/336_48/chronos2/instance_euclidean_3_online/extracted
2026-08-02 23:37:16,606 INFO [__main__] experiment done seconds=102.44
2026-08-02 23:37:16,606 INFO [__main__] ========================================================================
2026-08-02T23:37:17+02:00 extraction done configuration=40/60 dataset=Solar model=chronos2 lags=336 horizon=48 retrieval=instance_euclidean_3_online

2026-08-02T23:37:17+02:00 extraction start configuration=41/60 dataset=Solar model=chronos2 lags=504 horizon=168 retrieval=vanilla period=24 datastore_stride=24 adapt_stride=24 eval_stride=128 max_store_windows=30000 compute_transformed_prediction=false seed=1
2026-08-02 23:37:20,019 INFO [__main__] ========================================================================
2026-08-02 23:37:20,019 INFO [__main__] experiment start kind=extraction dataset=Solar model=chronos2 lags=504 horizon=168 neighbors=0 distance=raw/euclidean
2026-08-02 23:37:20,279 INFO [__main__] existing extraction not reusable dir=/home/h61084/codes/adapts/outputs/extractions/Solar/504_168/chronos2/vanilla reason=missing completion marker: /home/h61084/codes/adapts/outputs/extractions/Solar/504_168/chronos2/vanilla/extraction_manifest.json
2026-08-02 23:37:20,279 INFO [__main__] dataset load start
2026-08-02 23:37:20,280 INFO [src.data.load_dataset] loaded dataset config path=/home/h61084/codes/datasets/solar/config.json keys=['aggr', 'date_col', 'drop_users']
2026-08-02 23:37:20,678 INFO [__main__] dataset load done dates=8760 users=137
2026-08-02 23:37:20,678 INFO [__main__] model load start
2026-08-02 23:37:31,455 INFO [__main__] model load done name=chronos2 device=cuda parameters_total=119,477,664 parameters_trainable=0
2026-08-02 23:37:31,456 INFO [__main__] extraction start split=adapt queries=176
2026-08-02 23:37:43,654 INFO [__main__] extraction done split=adapt
2026-08-02 23:37:43,654 INFO [__main__] extraction start split=eval queries=13
2026-08-02 23:37:44,523 INFO [__main__] extraction done split=eval
2026-08-02 23:37:44,658 INFO [__main__] vanilla metrics saved path=/home/h61084/codes/adapts/outputs/extractions/Solar/504_168/chronos2/vanilla/vanilla_metrics.json
2026-08-02 23:37:44,662 INFO [__main__] completion marker saved path=/home/h61084/codes/adapts/outputs/extractions/Solar/504_168/chronos2/vanilla/extraction_manifest.json
2026-08-02 23:37:44,662 INFO [__main__] outputs saved dir=/home/h61084/codes/adapts/outputs/extractions/Solar/504_168/chronos2/vanilla
2026-08-02 23:37:44,662 INFO [__main__] experiment done seconds=24.64
2026-08-02 23:37:44,662 INFO [__main__] ========================================================================
2026-08-02T23:37:45+02:00 extraction done configuration=41/60 dataset=Solar model=chronos2 lags=504 horizon=168 retrieval=vanilla

2026-08-02T23:37:45+02:00 extraction start configuration=42/60 dataset=Solar model=chronos2 lags=504 horizon=168 retrieval=raw_euclidean_1_online period=24 datastore_stride=24 adapt_stride=24 eval_stride=128 max_store_windows=30000 compute_transformed_prediction=false seed=1
2026-08-02 23:37:47,504 INFO [__main__] ========================================================================
2026-08-02 23:37:47,505 INFO [__main__] experiment start kind=extraction dataset=Solar model=chronos2 lags=504 horizon=168 neighbors=1 distance=raw/euclidean
2026-08-02 23:37:47,778 INFO [__main__] existing extraction not reusable dir=/home/h61084/codes/adapts/outputs/extractions/Solar/504_168/chronos2/raw_euclidean_1_online/extracted reason=missing completion marker: /home/h61084/codes/adapts/outputs/extractions/Solar/504_168/chronos2/raw_euclidean_1_online/extracted/extraction_manifest.json
2026-08-02 23:37:47,778 INFO [__main__] dataset load start
2026-08-02 23:37:47,779 INFO [src.data.load_dataset] loaded dataset config path=/home/h61084/codes/datasets/solar/config.json keys=['aggr', 'date_col', 'drop_users']
2026-08-02 23:37:48,174 INFO [__main__] dataset load done dates=8760 users=137
2026-08-02 23:37:48,174 INFO [__main__] model load start
2026-08-02 23:37:55,540 INFO [__main__] model load done name=chronos2 device=cuda parameters_total=119,477,664 parameters_trainable=0
2026-08-02 23:37:55,541 INFO [__main__] extraction start split=adapt queries=176
2026-08-02 23:39:08,039 INFO [__main__] extraction done split=adapt
2026-08-02 23:39:08,039 INFO [__main__] extraction start split=eval queries=13
2026-08-02 23:39:13,755 INFO [__main__] extraction done split=eval
2026-08-02 23:39:14,351 INFO [__main__] completion marker saved path=/home/h61084/codes/adapts/outputs/extractions/Solar/504_168/chronos2/raw_euclidean_1_online/extracted/extraction_manifest.json
2026-08-02 23:39:14,352 INFO [__main__] outputs saved dir=/home/h61084/codes/adapts/outputs/extractions/Solar/504_168/chronos2/raw_euclidean_1_online/extracted
2026-08-02 23:39:14,352 INFO [__main__] experiment done seconds=86.84
2026-08-02 23:39:14,352 INFO [__main__] ========================================================================
2026-08-02T23:39:15+02:00 extraction done configuration=42/60 dataset=Solar model=chronos2 lags=504 horizon=168 retrieval=raw_euclidean_1_online

2026-08-02T23:39:15+02:00 extraction start configuration=43/60 dataset=Solar model=chronos2 lags=504 horizon=168 retrieval=raw_euclidean_3_online period=24 datastore_stride=24 adapt_stride=24 eval_stride=128 max_store_windows=30000 compute_transformed_prediction=false seed=1
2026-08-02 23:39:17,718 INFO [__main__] ========================================================================
2026-08-02 23:39:17,718 INFO [__main__] experiment start kind=extraction dataset=Solar model=chronos2 lags=504 horizon=168 neighbors=3 distance=raw/euclidean
2026-08-02 23:39:17,969 INFO [__main__] existing extraction not reusable dir=/home/h61084/codes/adapts/outputs/extractions/Solar/504_168/chronos2/raw_euclidean_3_online/extracted reason=missing completion marker: /home/h61084/codes/adapts/outputs/extractions/Solar/504_168/chronos2/raw_euclidean_3_online/extracted/extraction_manifest.json
2026-08-02 23:39:17,969 INFO [__main__] dataset load start
2026-08-02 23:39:17,970 INFO [src.data.load_dataset] loaded dataset config path=/home/h61084/codes/datasets/solar/config.json keys=['aggr', 'date_col', 'drop_users']
2026-08-02 23:39:18,368 INFO [__main__] dataset load done dates=8760 users=137
2026-08-02 23:39:18,369 INFO [__main__] model load start
2026-08-02 23:39:28,875 INFO [__main__] model load done name=chronos2 device=cuda parameters_total=119,477,664 parameters_trainable=0
2026-08-02 23:39:28,876 INFO [__main__] extraction start split=adapt queries=176
2026-08-02 23:41:16,656 INFO [__main__] extraction done split=adapt
2026-08-02 23:41:16,656 INFO [__main__] extraction start split=eval queries=13
2026-08-02 23:41:25,396 INFO [__main__] extraction done split=eval
2026-08-02 23:41:25,994 INFO [__main__] completion marker saved path=/home/h61084/codes/adapts/outputs/extractions/Solar/504_168/chronos2/raw_euclidean_3_online/extracted/extraction_manifest.json
2026-08-02 23:41:25,994 INFO [__main__] outputs saved dir=/home/h61084/codes/adapts/outputs/extractions/Solar/504_168/chronos2/raw_euclidean_3_online/extracted
2026-08-02 23:41:25,994 INFO [__main__] experiment done seconds=128.27
2026-08-02 23:41:25,994 INFO [__main__] ========================================================================
2026-08-02T23:41:26+02:00 extraction done configuration=43/60 dataset=Solar model=chronos2 lags=504 horizon=168 retrieval=raw_euclidean_3_online

2026-08-02T23:41:26+02:00 extraction start configuration=44/60 dataset=Solar model=chronos2 lags=504 horizon=168 retrieval=instance_euclidean_1_online period=24 datastore_stride=24 adapt_stride=24 eval_stride=128 max_store_windows=30000 compute_transformed_prediction=false seed=1
2026-08-02 23:41:29,423 INFO [__main__] ========================================================================
2026-08-02 23:41:29,423 INFO [__main__] experiment start kind=extraction dataset=Solar model=chronos2 lags=504 horizon=168 neighbors=1 distance=instance/euclidean
2026-08-02 23:41:29,687 INFO [__main__] existing extraction not reusable dir=/home/h61084/codes/adapts/outputs/extractions/Solar/504_168/chronos2/instance_euclidean_1_online/extracted reason=missing completion marker: /home/h61084/codes/adapts/outputs/extractions/Solar/504_168/chronos2/instance_euclidean_1_online/extracted/extraction_manifest.json
2026-08-02 23:41:29,687 INFO [__main__] dataset load start
2026-08-02 23:41:29,688 INFO [src.data.load_dataset] loaded dataset config path=/home/h61084/codes/datasets/solar/config.json keys=['aggr', 'date_col', 'drop_users']
2026-08-02 23:41:30,092 INFO [__main__] dataset load done dates=8760 users=137
2026-08-02 23:41:30,092 INFO [__main__] model load start
2026-08-02 23:41:40,769 INFO [__main__] model load done name=chronos2 device=cuda parameters_total=119,477,664 parameters_trainable=0
2026-08-02 23:41:40,770 INFO [__main__] extraction start split=adapt queries=176
2026-08-02 23:42:59,631 INFO [__main__] extraction done split=adapt
2026-08-02 23:42:59,632 INFO [__main__] extraction start split=eval queries=13
2026-08-02 23:43:04,818 INFO [__main__] extraction done split=eval
2026-08-02 23:43:05,451 INFO [__main__] completion marker saved path=/home/h61084/codes/adapts/outputs/extractions/Solar/504_168/chronos2/instance_euclidean_1_online/extracted/extraction_manifest.json
2026-08-02 23:43:05,451 INFO [__main__] outputs saved dir=/home/h61084/codes/adapts/outputs/extractions/Solar/504_168/chronos2/instance_euclidean_1_online/extracted
2026-08-02 23:43:05,451 INFO [__main__] experiment done seconds=96.02
2026-08-02 23:43:05,451 INFO [__main__] ========================================================================
2026-08-02T23:43:06+02:00 extraction done configuration=44/60 dataset=Solar model=chronos2 lags=504 horizon=168 retrieval=instance_euclidean_1_online

2026-08-02T23:43:06+02:00 extraction start configuration=45/60 dataset=Solar model=chronos2 lags=504 horizon=168 retrieval=instance_euclidean_3_online period=24 datastore_stride=24 adapt_stride=24 eval_stride=128 max_store_windows=30000 compute_transformed_prediction=false seed=1
2026-08-02 23:43:08,823 INFO [__main__] ========================================================================
2026-08-02 23:43:08,823 INFO [__main__] experiment start kind=extraction dataset=Solar model=chronos2 lags=504 horizon=168 neighbors=3 distance=instance/euclidean
2026-08-02 23:43:09,137 INFO [__main__] existing extraction not reusable dir=/home/h61084/codes/adapts/outputs/extractions/Solar/504_168/chronos2/instance_euclidean_3_online/extracted reason=missing completion marker: /home/h61084/codes/adapts/outputs/extractions/Solar/504_168/chronos2/instance_euclidean_3_online/extracted/extraction_manifest.json
2026-08-02 23:43:09,137 INFO [__main__] dataset load start
2026-08-02 23:43:09,138 INFO [src.data.load_dataset] loaded dataset config path=/home/h61084/codes/datasets/solar/config.json keys=['aggr', 'date_col', 'drop_users']
2026-08-02 23:43:09,536 INFO [__main__] dataset load done dates=8760 users=137
2026-08-02 23:43:09,536 INFO [__main__] model load start
2026-08-02 23:43:20,185 INFO [__main__] model load done name=chronos2 device=cuda parameters_total=119,477,664 parameters_trainable=0
2026-08-02 23:43:20,186 INFO [__main__] extraction start split=adapt queries=176
2026-08-02 23:45:13,508 INFO [__main__] extraction done split=adapt
2026-08-02 23:45:13,509 INFO [__main__] extraction start split=eval queries=13
2026-08-02 23:45:22,305 INFO [__main__] extraction done split=eval
2026-08-02 23:45:22,964 INFO [__main__] completion marker saved path=/home/h61084/codes/adapts/outputs/extractions/Solar/504_168/chronos2/instance_euclidean_3_online/extracted/extraction_manifest.json
2026-08-02 23:45:22,964 INFO [__main__] outputs saved dir=/home/h61084/codes/adapts/outputs/extractions/Solar/504_168/chronos2/instance_euclidean_3_online/extracted
2026-08-02 23:45:22,964 INFO [__main__] experiment done seconds=134.14
2026-08-02 23:45:22,964 INFO [__main__] ========================================================================
2026-08-02T23:45:23+02:00 extraction done configuration=45/60 dataset=Solar model=chronos2 lags=504 horizon=168 retrieval=instance_euclidean_3_online

2026-08-02T23:45:23+02:00 extraction start configuration=46/60 dataset=exchange_rate model=chronos2 lags=168 horizon=24 retrieval=vanilla period=24 datastore_stride=24 adapt_stride=24 eval_stride=128 max_store_windows=30000 compute_transformed_prediction=false seed=1
2026-08-02 23:45:26,423 INFO [__main__] ========================================================================
2026-08-02 23:45:26,423 INFO [__main__] experiment start kind=extraction dataset=exchange_rate model=chronos2 lags=168 horizon=24 neighbors=0 distance=raw/euclidean
2026-08-02 23:45:26,719 INFO [__main__] existing extraction not reusable dir=/home/h61084/codes/adapts/outputs/extractions/exchange_rate/168_24/chronos2/vanilla reason=missing completion marker: /home/h61084/codes/adapts/outputs/extractions/exchange_rate/168_24/chronos2/vanilla/extraction_manifest.json
2026-08-02 23:45:26,719 INFO [__main__] dataset load start
2026-08-02 23:45:26,720 INFO [src.data.load_dataset] loaded dataset config path=/home/h61084/codes/datasets/exchange_rate/config.json keys=['aggr', 'date_col', 'drop_users']
2026-08-02 23:45:26,737 INFO [__main__] dataset load done dates=7588 users=8
2026-08-02 23:45:26,737 INFO [__main__] model load start
2026-08-02 23:45:37,275 INFO [__main__] model load done name=chronos2 device=cuda parameters_total=119,477,664 parameters_trainable=0
2026-08-02 23:45:37,277 INFO [__main__] extraction start split=adapt queries=158
2026-08-02 23:45:40,297 INFO [__main__] extraction done split=adapt
2026-08-02 23:45:40,297 INFO [__main__] extraction start split=eval queries=12
2026-08-02 23:45:40,498 INFO [__main__] extraction done split=eval
2026-08-02 23:45:40,521 INFO [__main__] vanilla metrics saved path=/home/h61084/codes/adapts/outputs/extractions/exchange_rate/168_24/chronos2/vanilla/vanilla_metrics.json
2026-08-02 23:45:40,525 INFO [__main__] completion marker saved path=/home/h61084/codes/adapts/outputs/extractions/exchange_rate/168_24/chronos2/vanilla/extraction_manifest.json
2026-08-02 23:45:40,525 INFO [__main__] outputs saved dir=/home/h61084/codes/adapts/outputs/extractions/exchange_rate/168_24/chronos2/vanilla
2026-08-02 23:45:40,525 INFO [__main__] experiment done seconds=14.10
2026-08-02 23:45:40,526 INFO [__main__] ========================================================================
2026-08-02T23:45:41+02:00 extraction done configuration=46/60 dataset=exchange_rate model=chronos2 lags=168 horizon=24 retrieval=vanilla

2026-08-02T23:45:41+02:00 extraction start configuration=47/60 dataset=exchange_rate model=chronos2 lags=168 horizon=24 retrieval=raw_euclidean_1_online period=24 datastore_stride=24 adapt_stride=24 eval_stride=128 max_store_windows=30000 compute_transformed_prediction=false seed=1
2026-08-02 23:45:43,426 INFO [__main__] ========================================================================
2026-08-02 23:45:43,426 INFO [__main__] experiment start kind=extraction dataset=exchange_rate model=chronos2 lags=168 horizon=24 neighbors=1 distance=raw/euclidean
2026-08-02 23:45:43,689 INFO [__main__] existing extraction not reusable dir=/home/h61084/codes/adapts/outputs/extractions/exchange_rate/168_24/chronos2/raw_euclidean_1_online/extracted reason=missing completion marker: /home/h61084/codes/adapts/outputs/extractions/exchange_rate/168_24/chronos2/raw_euclidean_1_online/extracted/extraction_manifest.json
2026-08-02 23:45:43,689 INFO [__main__] dataset load start
2026-08-02 23:45:43,690 INFO [src.data.load_dataset] loaded dataset config path=/home/h61084/codes/datasets/exchange_rate/config.json keys=['aggr', 'date_col', 'drop_users']
2026-08-02 23:45:43,705 INFO [__main__] dataset load done dates=7588 users=8
2026-08-02 23:45:43,705 INFO [__main__] model load start
2026-08-02 23:45:50,961 INFO [__main__] model load done name=chronos2 device=cuda parameters_total=119,477,664 parameters_trainable=0
2026-08-02 23:45:50,962 INFO [__main__] extraction start split=adapt queries=158
2026-08-02 23:45:58,397 INFO [__main__] extraction done split=adapt
2026-08-02 23:45:58,397 INFO [__main__] extraction start split=eval queries=12
2026-08-02 23:45:58,934 INFO [__main__] extraction done split=eval
2026-08-02 23:45:59,474 INFO [__main__] completion marker saved path=/home/h61084/codes/adapts/outputs/extractions/exchange_rate/168_24/chronos2/raw_euclidean_1_online/extracted/extraction_manifest.json
2026-08-02 23:45:59,474 INFO [__main__] outputs saved dir=/home/h61084/codes/adapts/outputs/extractions/exchange_rate/168_24/chronos2/raw_euclidean_1_online/extracted
2026-08-02 23:45:59,474 INFO [__main__] experiment done seconds=16.04
2026-08-02 23:45:59,475 INFO [__main__] ========================================================================
2026-08-02T23:46:00+02:00 extraction done configuration=47/60 dataset=exchange_rate model=chronos2 lags=168 horizon=24 retrieval=raw_euclidean_1_online

2026-08-02T23:46:00+02:00 extraction start configuration=48/60 dataset=exchange_rate model=chronos2 lags=168 horizon=24 retrieval=raw_euclidean_3_online period=24 datastore_stride=24 adapt_stride=24 eval_stride=128 max_store_windows=30000 compute_transformed_prediction=false seed=1
2026-08-02 23:46:02,366 INFO [__main__] ========================================================================
2026-08-02 23:46:02,366 INFO [__main__] experiment start kind=extraction dataset=exchange_rate model=chronos2 lags=168 horizon=24 neighbors=3 distance=raw/euclidean
2026-08-02 23:46:02,647 INFO [__main__] existing extraction not reusable dir=/home/h61084/codes/adapts/outputs/extractions/exchange_rate/168_24/chronos2/raw_euclidean_3_online/extracted reason=missing completion marker: /home/h61084/codes/adapts/outputs/extractions/exchange_rate/168_24/chronos2/raw_euclidean_3_online/extracted/extraction_manifest.json
2026-08-02 23:46:02,647 INFO [__main__] dataset load start
2026-08-02 23:46:02,648 INFO [src.data.load_dataset] loaded dataset config path=/home/h61084/codes/datasets/exchange_rate/config.json keys=['aggr', 'date_col', 'drop_users']
2026-08-02 23:46:02,663 INFO [__main__] dataset load done dates=7588 users=8
2026-08-02 23:46:02,663 INFO [__main__] model load start
2026-08-02 23:46:09,941 INFO [__main__] model load done name=chronos2 device=cuda parameters_total=119,477,664 parameters_trainable=0
2026-08-02 23:46:09,942 INFO [__main__] extraction start split=adapt queries=158
2026-08-02 23:46:19,033 INFO [__main__] extraction done split=adapt
2026-08-02 23:46:19,033 INFO [__main__] extraction start split=eval queries=12
2026-08-02 23:46:19,644 INFO [__main__] extraction done split=eval
2026-08-02 23:46:20,176 INFO [__main__] completion marker saved path=/home/h61084/codes/adapts/outputs/extractions/exchange_rate/168_24/chronos2/raw_euclidean_3_online/extracted/extraction_manifest.json
2026-08-02 23:46:20,176 INFO [__main__] outputs saved dir=/home/h61084/codes/adapts/outputs/extractions/exchange_rate/168_24/chronos2/raw_euclidean_3_online/extracted
2026-08-02 23:46:20,176 INFO [__main__] experiment done seconds=17.80
2026-08-02 23:46:20,177 INFO [__main__] ========================================================================
2026-08-02T23:46:20+02:00 extraction done configuration=48/60 dataset=exchange_rate model=chronos2 lags=168 horizon=24 retrieval=raw_euclidean_3_online

2026-08-02T23:46:20+02:00 extraction start configuration=49/60 dataset=exchange_rate model=chronos2 lags=168 horizon=24 retrieval=instance_euclidean_1_online period=24 datastore_stride=24 adapt_stride=24 eval_stride=128 max_store_windows=30000 compute_transformed_prediction=false seed=1
2026-08-02 23:46:23,039 INFO [__main__] ========================================================================
2026-08-02 23:46:23,039 INFO [__main__] experiment start kind=extraction dataset=exchange_rate model=chronos2 lags=168 horizon=24 neighbors=1 distance=instance/euclidean
2026-08-02 23:46:23,320 INFO [__main__] existing extraction not reusable dir=/home/h61084/codes/adapts/outputs/extractions/exchange_rate/168_24/chronos2/instance_euclidean_1_online/extracted reason=missing completion marker: /home/h61084/codes/adapts/outputs/extractions/exchange_rate/168_24/chronos2/instance_euclidean_1_online/extracted/extraction_manifest.json
2026-08-02 23:46:23,320 INFO [__main__] dataset load start
2026-08-02 23:46:23,321 INFO [src.data.load_dataset] loaded dataset config path=/home/h61084/codes/datasets/exchange_rate/config.json keys=['aggr', 'date_col', 'drop_users']
2026-08-02 23:46:23,336 INFO [__main__] dataset load done dates=7588 users=8
2026-08-02 23:46:23,336 INFO [__main__] model load start
2026-08-02 23:46:30,754 INFO [__main__] model load done name=chronos2 device=cuda parameters_total=119,477,664 parameters_trainable=0
2026-08-02 23:46:30,755 INFO [__main__] extraction start split=adapt queries=158
2026-08-02 23:46:38,084 INFO [__main__] extraction done split=adapt
2026-08-02 23:46:38,084 INFO [__main__] extraction start split=eval queries=12
2026-08-02 23:46:38,615 INFO [__main__] extraction done split=eval
2026-08-02 23:46:39,123 INFO [__main__] completion marker saved path=/home/h61084/codes/adapts/outputs/extractions/exchange_rate/168_24/chronos2/instance_euclidean_1_online/extracted/extraction_manifest.json
2026-08-02 23:46:39,125 INFO [__main__] outputs saved dir=/home/h61084/codes/adapts/outputs/extractions/exchange_rate/168_24/chronos2/instance_euclidean_1_online/extracted
2026-08-02 23:46:39,125 INFO [__main__] experiment done seconds=16.08
2026-08-02 23:46:39,125 INFO [__main__] ========================================================================
2026-08-02T23:46:39+02:00 extraction done configuration=49/60 dataset=exchange_rate model=chronos2 lags=168 horizon=24 retrieval=instance_euclidean_1_online

2026-08-02T23:46:39+02:00 extraction start configuration=50/60 dataset=exchange_rate model=chronos2 lags=168 horizon=24 retrieval=instance_euclidean_3_online period=24 datastore_stride=24 adapt_stride=24 eval_stride=128 max_store_windows=30000 compute_transformed_prediction=false seed=1
2026-08-02 23:46:42,229 INFO [__main__] ========================================================================
2026-08-02 23:46:42,229 INFO [__main__] experiment start kind=extraction dataset=exchange_rate model=chronos2 lags=168 horizon=24 neighbors=3 distance=instance/euclidean
2026-08-02 23:46:42,509 INFO [__main__] existing extraction not reusable dir=/home/h61084/codes/adapts/outputs/extractions/exchange_rate/168_24/chronos2/instance_euclidean_3_online/extracted reason=missing completion marker: /home/h61084/codes/adapts/outputs/extractions/exchange_rate/168_24/chronos2/instance_euclidean_3_online/extracted/extraction_manifest.json
2026-08-02 23:46:42,509 INFO [__main__] dataset load start
2026-08-02 23:46:42,510 INFO [src.data.load_dataset] loaded dataset config path=/home/h61084/codes/datasets/exchange_rate/config.json keys=['aggr', 'date_col', 'drop_users']
2026-08-02 23:46:42,524 INFO [__main__] dataset load done dates=7588 users=8
2026-08-02 23:46:42,525 INFO [__main__] model load start
2026-08-02 23:46:52,328 INFO [__main__] model load done name=chronos2 device=cuda parameters_total=119,477,664 parameters_trainable=0
2026-08-02 23:46:52,329 INFO [__main__] extraction start split=adapt queries=158
2026-08-02 23:47:00,952 INFO [__main__] extraction done split=adapt
2026-08-02 23:47:00,952 INFO [__main__] extraction start split=eval queries=12
2026-08-02 23:47:01,557 INFO [__main__] extraction done split=eval
2026-08-02 23:47:02,080 INFO [__main__] completion marker saved path=/home/h61084/codes/adapts/outputs/extractions/exchange_rate/168_24/chronos2/instance_euclidean_3_online/extracted/extraction_manifest.json
2026-08-02 23:47:02,080 INFO [__main__] outputs saved dir=/home/h61084/codes/adapts/outputs/extractions/exchange_rate/168_24/chronos2/instance_euclidean_3_online/extracted
2026-08-02 23:47:02,080 INFO [__main__] experiment done seconds=19.85
2026-08-02 23:47:02,080 INFO [__main__] ========================================================================
2026-08-02T23:47:02+02:00 extraction done configuration=50/60 dataset=exchange_rate model=chronos2 lags=168 horizon=24 retrieval=instance_euclidean_3_online

2026-08-02T23:47:02+02:00 extraction start configuration=51/60 dataset=exchange_rate model=chronos2 lags=336 horizon=48 retrieval=vanilla period=24 datastore_stride=24 adapt_stride=24 eval_stride=128 max_store_windows=30000 compute_transformed_prediction=false seed=1
2026-08-02 23:47:05,000 INFO [__main__] ========================================================================
2026-08-02 23:47:05,000 INFO [__main__] experiment start kind=extraction dataset=exchange_rate model=chronos2 lags=336 horizon=48 neighbors=0 distance=raw/euclidean
2026-08-02 23:47:05,303 INFO [__main__] existing extraction not reusable dir=/home/h61084/codes/adapts/outputs/extractions/exchange_rate/336_48/chronos2/vanilla reason=missing completion marker: /home/h61084/codes/adapts/outputs/extractions/exchange_rate/336_48/chronos2/vanilla/extraction_manifest.json
2026-08-02 23:47:05,303 INFO [__main__] dataset load start
2026-08-02 23:47:05,303 INFO [src.data.load_dataset] loaded dataset config path=/home/h61084/codes/datasets/exchange_rate/config.json keys=['aggr', 'date_col', 'drop_users']
2026-08-02 23:47:05,319 INFO [__main__] dataset load done dates=7588 users=8
2026-08-02 23:47:05,319 INFO [__main__] model load start
2026-08-02 23:47:12,479 INFO [__main__] model load done name=chronos2 device=cuda parameters_total=119,477,664 parameters_trainable=0
2026-08-02 23:47:12,480 INFO [__main__] extraction start split=adapt queries=157
2026-08-02 23:47:15,539 INFO [__main__] extraction done split=adapt
2026-08-02 23:47:15,540 INFO [__main__] extraction start split=eval queries=12
2026-08-02 23:47:15,743 INFO [__main__] extraction done split=eval
2026-08-02 23:47:15,845 INFO [__main__] vanilla metrics saved path=/home/h61084/codes/adapts/outputs/extractions/exchange_rate/336_48/chronos2/vanilla/vanilla_metrics.json
2026-08-02 23:47:15,850 INFO [__main__] completion marker saved path=/home/h61084/codes/adapts/outputs/extractions/exchange_rate/336_48/chronos2/vanilla/extraction_manifest.json
2026-08-02 23:47:15,850 INFO [__main__] outputs saved dir=/home/h61084/codes/adapts/outputs/extractions/exchange_rate/336_48/chronos2/vanilla
2026-08-02 23:47:15,850 INFO [__main__] experiment done seconds=10.84
2026-08-02 23:47:15,850 INFO [__main__] ========================================================================
2026-08-02T23:47:16+02:00 extraction done configuration=51/60 dataset=exchange_rate model=chronos2 lags=336 horizon=48 retrieval=vanilla

2026-08-02T23:47:16+02:00 extraction start configuration=52/60 dataset=exchange_rate model=chronos2 lags=336 horizon=48 retrieval=raw_euclidean_1_online period=24 datastore_stride=24 adapt_stride=24 eval_stride=128 max_store_windows=30000 compute_transformed_prediction=false seed=1
2026-08-02 23:47:18,730 INFO [__main__] ========================================================================
2026-08-02 23:47:18,730 INFO [__main__] experiment start kind=extraction dataset=exchange_rate model=chronos2 lags=336 horizon=48 neighbors=1 distance=raw/euclidean
2026-08-02 23:47:18,992 INFO [__main__] existing extraction not reusable dir=/home/h61084/codes/adapts/outputs/extractions/exchange_rate/336_48/chronos2/raw_euclidean_1_online/extracted reason=missing completion marker: /home/h61084/codes/adapts/outputs/extractions/exchange_rate/336_48/chronos2/raw_euclidean_1_online/extracted/extraction_manifest.json
2026-08-02 23:47:18,992 INFO [__main__] dataset load start
2026-08-02 23:47:18,992 INFO [src.data.load_dataset] loaded dataset config path=/home/h61084/codes/datasets/exchange_rate/config.json keys=['aggr', 'date_col', 'drop_users']
2026-08-02 23:47:19,008 INFO [__main__] dataset load done dates=7588 users=8
2026-08-02 23:47:19,008 INFO [__main__] model load start
2026-08-02 23:47:26,178 INFO [__main__] model load done name=chronos2 device=cuda parameters_total=119,477,664 parameters_trainable=0
2026-08-02 23:47:26,179 INFO [__main__] extraction start split=adapt queries=157
2026-08-02 23:47:36,311 INFO [__main__] extraction done split=adapt
2026-08-02 23:47:36,311 INFO [__main__] extraction start split=eval queries=12
2026-08-02 23:47:37,045 INFO [__main__] extraction done split=eval
2026-08-02 23:47:37,634 INFO [__main__] completion marker saved path=/home/h61084/codes/adapts/outputs/extractions/exchange_rate/336_48/chronos2/raw_euclidean_1_online/extracted/extraction_manifest.json
2026-08-02 23:47:37,634 INFO [__main__] outputs saved dir=/home/h61084/codes/adapts/outputs/extractions/exchange_rate/336_48/chronos2/raw_euclidean_1_online/extracted
2026-08-02 23:47:37,634 INFO [__main__] experiment done seconds=18.90
2026-08-02 23:47:37,634 INFO [__main__] ========================================================================
2026-08-02T23:47:38+02:00 extraction done configuration=52/60 dataset=exchange_rate model=chronos2 lags=336 horizon=48 retrieval=raw_euclidean_1_online

2026-08-02T23:47:38+02:00 extraction start configuration=53/60 dataset=exchange_rate model=chronos2 lags=336 horizon=48 retrieval=raw_euclidean_3_online period=24 datastore_stride=24 adapt_stride=24 eval_stride=128 max_store_windows=30000 compute_transformed_prediction=false seed=1
2026-08-02 23:47:40,597 INFO [__main__] ========================================================================
2026-08-02 23:47:40,597 INFO [__main__] experiment start kind=extraction dataset=exchange_rate model=chronos2 lags=336 horizon=48 neighbors=3 distance=raw/euclidean
2026-08-02 23:47:40,899 INFO [__main__] existing extraction not reusable dir=/home/h61084/codes/adapts/outputs/extractions/exchange_rate/336_48/chronos2/raw_euclidean_3_online/extracted reason=missing completion marker: /home/h61084/codes/adapts/outputs/extractions/exchange_rate/336_48/chronos2/raw_euclidean_3_online/extracted/extraction_manifest.json
2026-08-02 23:47:40,900 INFO [__main__] dataset load start
2026-08-02 23:47:40,900 INFO [src.data.load_dataset] loaded dataset config path=/home/h61084/codes/datasets/exchange_rate/config.json keys=['aggr', 'date_col', 'drop_users']
2026-08-02 23:47:40,916 INFO [__main__] dataset load done dates=7588 users=8
2026-08-02 23:47:40,916 INFO [__main__] model load start
2026-08-02 23:47:48,418 INFO [__main__] model load done name=chronos2 device=cuda parameters_total=119,477,664 parameters_trainable=0
2026-08-02 23:47:48,419 INFO [__main__] extraction start split=adapt queries=157
2026-08-02 23:47:59,487 INFO [__main__] extraction done split=adapt
2026-08-02 23:47:59,487 INFO [__main__] extraction start split=eval queries=12
2026-08-02 23:48:00,106 INFO [__main__] extraction done split=eval
2026-08-02 23:48:00,664 INFO [__main__] completion marker saved path=/home/h61084/codes/adapts/outputs/extractions/exchange_rate/336_48/chronos2/raw_euclidean_3_online/extracted/extraction_manifest.json
2026-08-02 23:48:00,664 INFO [__main__] outputs saved dir=/home/h61084/codes/adapts/outputs/extractions/exchange_rate/336_48/chronos2/raw_euclidean_3_online/extracted
2026-08-02 23:48:00,664 INFO [__main__] experiment done seconds=20.06
2026-08-02 23:48:00,664 INFO [__main__] ========================================================================
2026-08-02T23:48:01+02:00 extraction done configuration=53/60 dataset=exchange_rate model=chronos2 lags=336 horizon=48 retrieval=raw_euclidean_3_online

2026-08-02T23:48:01+02:00 extraction start configuration=54/60 dataset=exchange_rate model=chronos2 lags=336 horizon=48 retrieval=instance_euclidean_1_online period=24 datastore_stride=24 adapt_stride=24 eval_stride=128 max_store_windows=30000 compute_transformed_prediction=false seed=1
2026-08-02 23:48:03,737 INFO [__main__] ========================================================================
2026-08-02 23:48:03,737 INFO [__main__] experiment start kind=extraction dataset=exchange_rate model=chronos2 lags=336 horizon=48 neighbors=1 distance=instance/euclidean
2026-08-02 23:48:04,012 INFO [__main__] existing extraction not reusable dir=/home/h61084/codes/adapts/outputs/extractions/exchange_rate/336_48/chronos2/instance_euclidean_1_online/extracted reason=missing completion marker: /home/h61084/codes/adapts/outputs/extractions/exchange_rate/336_48/chronos2/instance_euclidean_1_online/extracted/extraction_manifest.json
2026-08-02 23:48:04,012 INFO [__main__] dataset load start
2026-08-02 23:48:04,013 INFO [src.data.load_dataset] loaded dataset config path=/home/h61084/codes/datasets/exchange_rate/config.json keys=['aggr', 'date_col', 'drop_users']
2026-08-02 23:48:04,028 INFO [__main__] dataset load done dates=7588 users=8
2026-08-02 23:48:04,028 INFO [__main__] model load start
2026-08-02 23:48:13,823 INFO [__main__] model load done name=chronos2 device=cuda parameters_total=119,477,664 parameters_trainable=0
2026-08-02 23:48:13,824 INFO [__main__] extraction start split=adapt queries=157
2026-08-02 23:48:22,341 INFO [__main__] extraction done split=adapt
2026-08-02 23:48:22,341 INFO [__main__] extraction start split=eval queries=12
2026-08-02 23:48:22,992 INFO [__main__] extraction done split=eval
2026-08-02 23:48:23,513 INFO [__main__] completion marker saved path=/home/h61084/codes/adapts/outputs/extractions/exchange_rate/336_48/chronos2/instance_euclidean_1_online/extracted/extraction_manifest.json
2026-08-02 23:48:23,513 INFO [__main__] outputs saved dir=/home/h61084/codes/adapts/outputs/extractions/exchange_rate/336_48/chronos2/instance_euclidean_1_online/extracted
2026-08-02 23:48:23,513 INFO [__main__] experiment done seconds=19.77
2026-08-02 23:48:23,513 INFO [__main__] ========================================================================
2026-08-02T23:48:24+02:00 extraction done configuration=54/60 dataset=exchange_rate model=chronos2 lags=336 horizon=48 retrieval=instance_euclidean_1_online

2026-08-02T23:48:24+02:00 extraction start configuration=55/60 dataset=exchange_rate model=chronos2 lags=336 horizon=48 retrieval=instance_euclidean_3_online period=24 datastore_stride=24 adapt_stride=24 eval_stride=128 max_store_windows=30000 compute_transformed_prediction=false seed=1
2026-08-02 23:48:26,384 INFO [__main__] ========================================================================
2026-08-02 23:48:26,384 INFO [__main__] experiment start kind=extraction dataset=exchange_rate model=chronos2 lags=336 horizon=48 neighbors=3 distance=instance/euclidean
2026-08-02 23:48:26,664 INFO [__main__] existing extraction not reusable dir=/home/h61084/codes/adapts/outputs/extractions/exchange_rate/336_48/chronos2/instance_euclidean_3_online/extracted reason=missing completion marker: /home/h61084/codes/adapts/outputs/extractions/exchange_rate/336_48/chronos2/instance_euclidean_3_online/extracted/extraction_manifest.json
2026-08-02 23:48:26,664 INFO [__main__] dataset load start
2026-08-02 23:48:26,665 INFO [src.data.load_dataset] loaded dataset config path=/home/h61084/codes/datasets/exchange_rate/config.json keys=['aggr', 'date_col', 'drop_users']
2026-08-02 23:48:26,681 INFO [__main__] dataset load done dates=7588 users=8
2026-08-02 23:48:26,681 INFO [__main__] model load start
2026-08-02 23:48:33,863 INFO [__main__] model load done name=chronos2 device=cuda parameters_total=119,477,664 parameters_trainable=0
2026-08-02 23:48:33,864 INFO [__main__] extraction start split=adapt queries=157
2026-08-02 23:48:43,008 INFO [__main__] extraction done split=adapt
2026-08-02 23:48:43,008 INFO [__main__] extraction start split=eval queries=12
2026-08-02 23:48:43,637 INFO [__main__] extraction done split=eval
2026-08-02 23:48:44,194 INFO [__main__] completion marker saved path=/home/h61084/codes/adapts/outputs/extractions/exchange_rate/336_48/chronos2/instance_euclidean_3_online/extracted/extraction_manifest.json
2026-08-02 23:48:44,194 INFO [__main__] outputs saved dir=/home/h61084/codes/adapts/outputs/extractions/exchange_rate/336_48/chronos2/instance_euclidean_3_online/extracted
2026-08-02 23:48:44,194 INFO [__main__] experiment done seconds=17.80
2026-08-02 23:48:44,194 INFO [__main__] ========================================================================
2026-08-02T23:48:44+02:00 extraction done configuration=55/60 dataset=exchange_rate model=chronos2 lags=336 horizon=48 retrieval=instance_euclidean_3_online

2026-08-02T23:48:44+02:00 extraction start configuration=56/60 dataset=exchange_rate model=chronos2 lags=504 horizon=168 retrieval=vanilla period=24 datastore_stride=24 adapt_stride=24 eval_stride=128 max_store_windows=30000 compute_transformed_prediction=false seed=1
2026-08-02 23:48:47,170 INFO [__main__] ========================================================================
2026-08-02 23:48:47,170 INFO [__main__] experiment start kind=extraction dataset=exchange_rate model=chronos2 lags=504 horizon=168 neighbors=0 distance=raw/euclidean
2026-08-02 23:48:47,526 INFO [__main__] existing extraction not reusable dir=/home/h61084/codes/adapts/outputs/extractions/exchange_rate/504_168/chronos2/vanilla reason=missing completion marker: /home/h61084/codes/adapts/outputs/extractions/exchange_rate/504_168/chronos2/vanilla/extraction_manifest.json
2026-08-02 23:48:47,526 INFO [__main__] dataset load start
2026-08-02 23:48:47,526 INFO [src.data.load_dataset] loaded dataset config path=/home/h61084/codes/datasets/exchange_rate/config.json keys=['aggr', 'date_col', 'drop_users']
2026-08-02 23:48:47,542 INFO [__main__] dataset load done dates=7588 users=8
2026-08-02 23:48:47,542 INFO [__main__] model load start
2026-08-02 23:48:54,962 INFO [__main__] model load done name=chronos2 device=cuda parameters_total=119,477,664 parameters_trainable=0
2026-08-02 23:48:54,963 INFO [__main__] extraction start split=adapt queries=152
2026-08-02 23:48:57,871 INFO [__main__] extraction done split=adapt
2026-08-02 23:48:57,871 INFO [__main__] extraction start split=eval queries=11
2026-08-02 23:48:58,056 INFO [__main__] extraction done split=eval
2026-08-02 23:48:58,086 INFO [__main__] vanilla metrics saved path=/home/h61084/codes/adapts/outputs/extractions/exchange_rate/504_168/chronos2/vanilla/vanilla_metrics.json
2026-08-02 23:48:58,091 INFO [__main__] completion marker saved path=/home/h61084/codes/adapts/outputs/extractions/exchange_rate/504_168/chronos2/vanilla/extraction_manifest.json
2026-08-02 23:48:58,091 INFO [__main__] outputs saved dir=/home/h61084/codes/adapts/outputs/extractions/exchange_rate/504_168/chronos2/vanilla
2026-08-02 23:48:58,091 INFO [__main__] experiment done seconds=10.92
2026-08-02 23:48:58,091 INFO [__main__] ========================================================================
2026-08-02T23:48:58+02:00 extraction done configuration=56/60 dataset=exchange_rate model=chronos2 lags=504 horizon=168 retrieval=vanilla

2026-08-02T23:48:58+02:00 extraction start configuration=57/60 dataset=exchange_rate model=chronos2 lags=504 horizon=168 retrieval=raw_euclidean_1_online period=24 datastore_stride=24 adapt_stride=24 eval_stride=128 max_store_windows=30000 compute_transformed_prediction=false seed=1
2026-08-02 23:49:00,953 INFO [__main__] ========================================================================
2026-08-02 23:49:00,953 INFO [__main__] experiment start kind=extraction dataset=exchange_rate model=chronos2 lags=504 horizon=168 neighbors=1 distance=raw/euclidean
2026-08-02 23:49:01,290 INFO [__main__] existing extraction not reusable dir=/home/h61084/codes/adapts/outputs/extractions/exchange_rate/504_168/chronos2/raw_euclidean_1_online/extracted reason=missing completion marker: /home/h61084/codes/adapts/outputs/extractions/exchange_rate/504_168/chronos2/raw_euclidean_1_online/extracted/extraction_manifest.json
2026-08-02 23:49:01,290 INFO [__main__] dataset load start
2026-08-02 23:49:01,291 INFO [src.data.load_dataset] loaded dataset config path=/home/h61084/codes/datasets/exchange_rate/config.json keys=['aggr', 'date_col', 'drop_users']
2026-08-02 23:49:01,306 INFO [__main__] dataset load done dates=7588 users=8
2026-08-02 23:49:01,306 INFO [__main__] model load start
2026-08-02 23:49:08,505 INFO [__main__] model load done name=chronos2 device=cuda parameters_total=119,477,664 parameters_trainable=0
2026-08-02 23:49:08,506 INFO [__main__] extraction start split=adapt queries=152
2026-08-02 23:49:19,682 INFO [__main__] extraction done split=adapt
2026-08-02 23:49:19,682 INFO [__main__] extraction start split=eval queries=11
2026-08-02 23:49:20,342 INFO [__main__] extraction done split=eval
2026-08-02 23:49:20,882 INFO [__main__] completion marker saved path=/home/h61084/codes/adapts/outputs/extractions/exchange_rate/504_168/chronos2/raw_euclidean_1_online/extracted/extraction_manifest.json
2026-08-02 23:49:20,882 INFO [__main__] outputs saved dir=/home/h61084/codes/adapts/outputs/extractions/exchange_rate/504_168/chronos2/raw_euclidean_1_online/extracted
2026-08-02 23:49:20,883 INFO [__main__] experiment done seconds=19.92
2026-08-02 23:49:20,883 INFO [__main__] ========================================================================
2026-08-02T23:49:21+02:00 extraction done configuration=57/60 dataset=exchange_rate model=chronos2 lags=504 horizon=168 retrieval=raw_euclidean_1_online

2026-08-02T23:49:21+02:00 extraction start configuration=58/60 dataset=exchange_rate model=chronos2 lags=504 horizon=168 retrieval=raw_euclidean_3_online period=24 datastore_stride=24 adapt_stride=24 eval_stride=128 max_store_windows=30000 compute_transformed_prediction=false seed=1
2026-08-02 23:49:23,930 INFO [__main__] ========================================================================
2026-08-02 23:49:23,930 INFO [__main__] experiment start kind=extraction dataset=exchange_rate model=chronos2 lags=504 horizon=168 neighbors=3 distance=raw/euclidean
2026-08-02 23:49:24,197 INFO [__main__] existing extraction not reusable dir=/home/h61084/codes/adapts/outputs/extractions/exchange_rate/504_168/chronos2/raw_euclidean_3_online/extracted reason=missing completion marker: /home/h61084/codes/adapts/outputs/extractions/exchange_rate/504_168/chronos2/raw_euclidean_3_online/extracted/extraction_manifest.json
2026-08-02 23:49:24,197 INFO [__main__] dataset load start
2026-08-02 23:49:24,198 INFO [src.data.load_dataset] loaded dataset config path=/home/h61084/codes/datasets/exchange_rate/config.json keys=['aggr', 'date_col', 'drop_users']
2026-08-02 23:49:24,213 INFO [__main__] dataset load done dates=7588 users=8
2026-08-02 23:49:24,213 INFO [__main__] model load start
2026-08-02 23:49:34,015 INFO [__main__] model load done name=chronos2 device=cuda parameters_total=119,477,664 parameters_trainable=0
2026-08-02 23:49:34,016 INFO [__main__] extraction start split=adapt queries=152
2026-08-02 23:49:44,027 INFO [__main__] extraction done split=adapt
2026-08-02 23:49:44,027 INFO [__main__] extraction start split=eval queries=11
2026-08-02 23:49:44,753 INFO [__main__] extraction done split=eval
2026-08-02 23:49:45,352 INFO [__main__] completion marker saved path=/home/h61084/codes/adapts/outputs/extractions/exchange_rate/504_168/chronos2/raw_euclidean_3_online/extracted/extraction_manifest.json
2026-08-02 23:49:45,352 INFO [__main__] outputs saved dir=/home/h61084/codes/adapts/outputs/extractions/exchange_rate/504_168/chronos2/raw_euclidean_3_online/extracted
2026-08-02 23:49:45,352 INFO [__main__] experiment done seconds=21.42
2026-08-02 23:49:45,352 INFO [__main__] ========================================================================
2026-08-02T23:49:46+02:00 extraction done configuration=58/60 dataset=exchange_rate model=chronos2 lags=504 horizon=168 retrieval=raw_euclidean_3_online

2026-08-02T23:49:46+02:00 extraction start configuration=59/60 dataset=exchange_rate model=chronos2 lags=504 horizon=168 retrieval=instance_euclidean_1_online period=24 datastore_stride=24 adapt_stride=24 eval_stride=128 max_store_windows=30000 compute_transformed_prediction=false seed=1
2026-08-02 23:49:48,265 INFO [__main__] ========================================================================
2026-08-02 23:49:48,265 INFO [__main__] experiment start kind=extraction dataset=exchange_rate model=chronos2 lags=504 horizon=168 neighbors=1 distance=instance/euclidean
2026-08-02 23:49:48,542 INFO [__main__] existing extraction not reusable dir=/home/h61084/codes/adapts/outputs/extractions/exchange_rate/504_168/chronos2/instance_euclidean_1_online/extracted reason=missing completion marker: /home/h61084/codes/adapts/outputs/extractions/exchange_rate/504_168/chronos2/instance_euclidean_1_online/extracted/extraction_manifest.json
2026-08-02 23:49:48,542 INFO [__main__] dataset load start
2026-08-02 23:49:48,543 INFO [src.data.load_dataset] loaded dataset config path=/home/h61084/codes/datasets/exchange_rate/config.json keys=['aggr', 'date_col', 'drop_users']
2026-08-02 23:49:48,558 INFO [__main__] dataset load done dates=7588 users=8
2026-08-02 23:49:48,559 INFO [__main__] model load start
2026-08-02 23:49:56,006 INFO [__main__] model load done name=chronos2 device=cuda parameters_total=119,477,664 parameters_trainable=0
2026-08-02 23:49:56,007 INFO [__main__] extraction start split=adapt queries=152
2026-08-02 23:50:05,709 INFO [__main__] extraction done split=adapt
2026-08-02 23:50:05,709 INFO [__main__] extraction start split=eval queries=11
2026-08-02 23:50:06,460 INFO [__main__] extraction done split=eval
2026-08-02 23:50:07,017 INFO [__main__] completion marker saved path=/home/h61084/codes/adapts/outputs/extractions/exchange_rate/504_168/chronos2/instance_euclidean_1_online/extracted/extraction_manifest.json
2026-08-02 23:50:07,017 INFO [__main__] outputs saved dir=/home/h61084/codes/adapts/outputs/extractions/exchange_rate/504_168/chronos2/instance_euclidean_1_online/extracted
2026-08-02 23:50:07,017 INFO [__main__] experiment done seconds=18.75
2026-08-02 23:50:07,017 INFO [__main__] ========================================================================
2026-08-02T23:50:07+02:00 extraction done configuration=59/60 dataset=exchange_rate model=chronos2 lags=504 horizon=168 retrieval=instance_euclidean_1_online

2026-08-02T23:50:07+02:00 extraction start configuration=60/60 dataset=exchange_rate model=chronos2 lags=504 horizon=168 retrieval=instance_euclidean_3_online period=24 datastore_stride=24 adapt_stride=24 eval_stride=128 max_store_windows=30000 compute_transformed_prediction=false seed=1
2026-08-02 23:50:09,911 INFO [__main__] ========================================================================
2026-08-02 23:50:09,911 INFO [__main__] experiment start kind=extraction dataset=exchange_rate model=chronos2 lags=504 horizon=168 neighbors=3 distance=instance/euclidean
2026-08-02 23:50:10,173 INFO [__main__] existing extraction not reusable dir=/home/h61084/codes/adapts/outputs/extractions/exchange_rate/504_168/chronos2/instance_euclidean_3_online/extracted reason=missing completion marker: /home/h61084/codes/adapts/outputs/extractions/exchange_rate/504_168/chronos2/instance_euclidean_3_online/extracted/extraction_manifest.json
2026-08-02 23:50:10,174 INFO [__main__] dataset load start
2026-08-02 23:50:10,174 INFO [src.data.load_dataset] loaded dataset config path=/home/h61084/codes/datasets/exchange_rate/config.json keys=['aggr', 'date_col', 'drop_users']
2026-08-02 23:50:10,189 INFO [__main__] dataset load done dates=7588 users=8
2026-08-02 23:50:10,189 INFO [__main__] model load start
2026-08-02 23:50:17,566 INFO [__main__] model load done name=chronos2 device=cuda parameters_total=119,477,664 parameters_trainable=0
2026-08-02 23:50:17,567 INFO [__main__] extraction start split=adapt queries=152
2026-08-02 23:50:27,816 INFO [__main__] extraction done split=adapt
2026-08-02 23:50:27,816 INFO [__main__] extraction start split=eval queries=11
2026-08-02 23:50:28,507 INFO [__main__] extraction done split=eval
2026-08-02 23:50:29,055 INFO [__main__] completion marker saved path=/home/h61084/codes/adapts/outputs/extractions/exchange_rate/504_168/chronos2/instance_euclidean_3_online/extracted/extraction_manifest.json
2026-08-02 23:50:29,055 INFO [__main__] outputs saved dir=/home/h61084/codes/adapts/outputs/extractions/exchange_rate/504_168/chronos2/instance_euclidean_3_online/extracted
2026-08-02 23:50:29,055 INFO [__main__] experiment done seconds=19.14
2026-08-02 23:50:29,055 INFO [__main__] ========================================================================
2026-08-02T23:50:29+02:00 extraction done configuration=60/60 dataset=exchange_rate model=chronos2 lags=504 horizon=168 retrieval=instance_euclidean_3_online

2026-08-02T23:50:29+02:00 job done kind=adaptation_extraction output=outputs/extractions

2026-08-02T23:50:29+02:00 job start kind=baselines experiment_mode=screen skip_complete=true tasks=48 datasets=Electricity,Traffic,Solar,exchange_rate models=chronos2 settings=168:24,336:48,504:168 distance_spaces=raw,instance distance_metrics=euclidean neighbors=1,3 methods=context_forecast,aggr_y,y_mean,aggr_y_mix_shared,context_ridge_shared,aggr_y_ridge_shared,y_ridge_shared,cov_y_ridge_shared,cov_horizon_ridge_shared,residual_ridge_shared,full_ridge_shared results_root=outputs/adaptation_results/screen
2026-08-02 23:50:31,823 INFO [__main__] extraction validation directory=outputs/extractions/Electricity/168_24/chronos2/raw_euclidean_1_online/extracted status=complete

2026-08-02T23:50:32+02:00 baselines start configuration=1/48 dataset=Electricity model=chronos2 lags=168 horizon=24 retrieval=raw_euclidean_1_online family=baselines l2_grid=0,1e-6,1e-5,1e-4,1e-3,1e-2,1e-1,1,10 validation_fraction=0.2 fit_baselines_on_eval=false seed=1 max_t1_fit_samples=none max_t2_valid_samples=none max_adapt_refit_samples=none max_eval_fit_samples=none fit_sample_seed=1
2026-08-02 23:50:34,316 INFO [__main__] ========================================================================
2026-08-02 23:50:34,316 INFO [__main__] selected methods=('context_forecast', 'aggr_y', 'y_mean', 'aggr_y_mix_shared', 'context_ridge_shared', 'aggr_y_ridge_shared', 'y_ridge_shared', 'cov_y_ridge_shared', 'cov_horizon_ridge_shared', 'residual_ridge_shared', 'full_ridge_shared')
2026-08-02 23:50:38,450 INFO [__main__] baseline selection start l2_grid=(0.0, 1e-06, 1e-05, 0.0001, 0.001, 0.01, 0.1, 1.0, 10.0)
2026-08-02 23:50:41,294 INFO [__main__] baseline selection done
2026-08-02 23:50:41,363 INFO [__main__] experiment done seconds=7.04
2026-08-02 23:50:41,363 INFO [__main__] ========================================================================
2026-08-02T23:50:41+02:00 baselines done configuration=1/48 dataset=Electricity model=chronos2 lags=168 horizon=24 retrieval=raw_euclidean_1_online
2026-08-02 23:50:43,603 INFO [__main__] extraction validation directory=outputs/extractions/Electricity/168_24/chronos2/raw_euclidean_3_online/extracted status=complete

2026-08-02T23:50:43+02:00 baselines start configuration=2/48 dataset=Electricity model=chronos2 lags=168 horizon=24 retrieval=raw_euclidean_3_online family=baselines l2_grid=0,1e-6,1e-5,1e-4,1e-3,1e-2,1e-1,1,10 validation_fraction=0.2 fit_baselines_on_eval=false seed=1 max_t1_fit_samples=none max_t2_valid_samples=none max_adapt_refit_samples=none max_eval_fit_samples=none fit_sample_seed=1
2026-08-02 23:50:46,005 INFO [__main__] ========================================================================
2026-08-02 23:50:46,006 INFO [__main__] selected methods=('context_forecast', 'aggr_y', 'y_mean', 'aggr_y_mix_shared', 'context_ridge_shared', 'aggr_y_ridge_shared', 'y_ridge_shared', 'cov_y_ridge_shared', 'cov_horizon_ridge_shared', 'residual_ridge_shared', 'full_ridge_shared')
2026-08-02 23:50:51,958 INFO [__main__] baseline selection start l2_grid=(0.0, 1e-06, 1e-05, 0.0001, 0.001, 0.01, 0.1, 1.0, 10.0)
2026-08-02 23:50:55,916 INFO [__main__] baseline selection done
2026-08-02 23:50:55,984 INFO [__main__] experiment done seconds=9.97
2026-08-02 23:50:55,984 INFO [__main__] ========================================================================
2026-08-02T23:50:56+02:00 baselines done configuration=2/48 dataset=Electricity model=chronos2 lags=168 horizon=24 retrieval=raw_euclidean_3_online
2026-08-02 23:50:58,282 INFO [__main__] extraction validation directory=outputs/extractions/Electricity/168_24/chronos2/instance_euclidean_1_online/extracted status=complete

2026-08-02T23:50:58+02:00 baselines start configuration=3/48 dataset=Electricity model=chronos2 lags=168 horizon=24 retrieval=instance_euclidean_1_online family=baselines l2_grid=0,1e-6,1e-5,1e-4,1e-3,1e-2,1e-1,1,10 validation_fraction=0.2 fit_baselines_on_eval=false seed=1 max_t1_fit_samples=none max_t2_valid_samples=none max_adapt_refit_samples=none max_eval_fit_samples=none fit_sample_seed=1
2026-08-02 23:51:00,701 INFO [__main__] ========================================================================
2026-08-02 23:51:00,701 INFO [__main__] selected methods=('context_forecast', 'aggr_y', 'y_mean', 'aggr_y_mix_shared', 'context_ridge_shared', 'aggr_y_ridge_shared', 'y_ridge_shared', 'cov_y_ridge_shared', 'cov_horizon_ridge_shared', 'residual_ridge_shared', 'full_ridge_shared')
2026-08-02 23:51:04,239 INFO [__main__] baseline selection start l2_grid=(0.0, 1e-06, 1e-05, 0.0001, 0.001, 0.01, 0.1, 1.0, 10.0)
2026-08-02 23:51:06,971 INFO [__main__] baseline selection done
2026-08-02 23:51:07,036 INFO [__main__] experiment done seconds=6.33
2026-08-02 23:51:07,036 INFO [__main__] ========================================================================
2026-08-02T23:51:07+02:00 baselines done configuration=3/48 dataset=Electricity model=chronos2 lags=168 horizon=24 retrieval=instance_euclidean_1_online
2026-08-02 23:51:09,241 INFO [__main__] extraction validation directory=outputs/extractions/Electricity/168_24/chronos2/instance_euclidean_3_online/extracted status=complete

2026-08-02T23:51:09+02:00 baselines start configuration=4/48 dataset=Electricity model=chronos2 lags=168 horizon=24 retrieval=instance_euclidean_3_online family=baselines l2_grid=0,1e-6,1e-5,1e-4,1e-3,1e-2,1e-1,1,10 validation_fraction=0.2 fit_baselines_on_eval=false seed=1 max_t1_fit_samples=none max_t2_valid_samples=none max_adapt_refit_samples=none max_eval_fit_samples=none fit_sample_seed=1
2026-08-02 23:51:11,713 INFO [__main__] ========================================================================
2026-08-02 23:51:11,713 INFO [__main__] selected methods=('context_forecast', 'aggr_y', 'y_mean', 'aggr_y_mix_shared', 'context_ridge_shared', 'aggr_y_ridge_shared', 'y_ridge_shared', 'cov_y_ridge_shared', 'cov_horizon_ridge_shared', 'residual_ridge_shared', 'full_ridge_shared')
2026-08-02 23:51:17,361 INFO [__main__] baseline selection start l2_grid=(0.0, 1e-06, 1e-05, 0.0001, 0.001, 0.01, 0.1, 1.0, 10.0)
2026-08-02 23:51:21,292 INFO [__main__] baseline selection done
2026-08-02 23:51:21,357 INFO [__main__] experiment done seconds=9.64
2026-08-02 23:51:21,357 INFO [__main__] ========================================================================
2026-08-02T23:51:21+02:00 baselines done configuration=4/48 dataset=Electricity model=chronos2 lags=168 horizon=24 retrieval=instance_euclidean_3_online
2026-08-02 23:51:23,522 INFO [__main__] extraction validation directory=outputs/extractions/Electricity/336_48/chronos2/raw_euclidean_1_online/extracted status=complete

2026-08-02T23:51:23+02:00 baselines start configuration=5/48 dataset=Electricity model=chronos2 lags=336 horizon=48 retrieval=raw_euclidean_1_online family=baselines l2_grid=0,1e-6,1e-5,1e-4,1e-3,1e-2,1e-1,1,10 validation_fraction=0.2 fit_baselines_on_eval=false seed=1 max_t1_fit_samples=none max_t2_valid_samples=none max_adapt_refit_samples=none max_eval_fit_samples=none fit_sample_seed=1
2026-08-02 23:51:25,969 INFO [__main__] ========================================================================
2026-08-02 23:51:25,969 INFO [__main__] selected methods=('context_forecast', 'aggr_y', 'y_mean', 'aggr_y_mix_shared', 'context_ridge_shared', 'aggr_y_ridge_shared', 'y_ridge_shared', 'cov_y_ridge_shared', 'cov_horizon_ridge_shared', 'residual_ridge_shared', 'full_ridge_shared')
2026-08-02 23:51:31,481 INFO [__main__] baseline selection start l2_grid=(0.0, 1e-06, 1e-05, 0.0001, 0.001, 0.01, 0.1, 1.0, 10.0)
2026-08-02 23:51:36,893 INFO [__main__] baseline selection done
2026-08-02 23:51:36,960 INFO [__main__] experiment done seconds=10.99
2026-08-02 23:51:36,960 INFO [__main__] ========================================================================
2026-08-02T23:51:37+02:00 baselines done configuration=5/48 dataset=Electricity model=chronos2 lags=336 horizon=48 retrieval=raw_euclidean_1_online
2026-08-02 23:51:39,392 INFO [__main__] extraction validation directory=outputs/extractions/Electricity/336_48/chronos2/raw_euclidean_3_online/extracted status=complete

2026-08-02T23:51:39+02:00 baselines start configuration=6/48 dataset=Electricity model=chronos2 lags=336 horizon=48 retrieval=raw_euclidean_3_online family=baselines l2_grid=0,1e-6,1e-5,1e-4,1e-3,1e-2,1e-1,1,10 validation_fraction=0.2 fit_baselines_on_eval=false seed=1 max_t1_fit_samples=none max_t2_valid_samples=none max_adapt_refit_samples=none max_eval_fit_samples=none fit_sample_seed=1
2026-08-02 23:51:41,843 INFO [__main__] ========================================================================
2026-08-02 23:51:41,843 INFO [__main__] selected methods=('context_forecast', 'aggr_y', 'y_mean', 'aggr_y_mix_shared', 'context_ridge_shared', 'aggr_y_ridge_shared', 'y_ridge_shared', 'cov_y_ridge_shared', 'cov_horizon_ridge_shared', 'residual_ridge_shared', 'full_ridge_shared')
2026-08-02 23:51:50,400 INFO [__main__] baseline selection start l2_grid=(0.0, 1e-06, 1e-05, 0.0001, 0.001, 0.01, 0.1, 1.0, 10.0)
2026-08-02 23:51:57,591 INFO [__main__] baseline selection done
2026-08-02 23:51:57,656 INFO [__main__] experiment done seconds=15.81
2026-08-02 23:51:57,656 INFO [__main__] ========================================================================
2026-08-02T23:51:58+02:00 baselines done configuration=6/48 dataset=Electricity model=chronos2 lags=336 horizon=48 retrieval=raw_euclidean_3_online
2026-08-02 23:52:00,018 INFO [__main__] extraction validation directory=outputs/extractions/Electricity/336_48/chronos2/instance_euclidean_1_online/extracted status=complete

2026-08-02T23:52:00+02:00 baselines start configuration=7/48 dataset=Electricity model=chronos2 lags=336 horizon=48 retrieval=instance_euclidean_1_online family=baselines l2_grid=0,1e-6,1e-5,1e-4,1e-3,1e-2,1e-1,1,10 validation_fraction=0.2 fit_baselines_on_eval=false seed=1 max_t1_fit_samples=none max_t2_valid_samples=none max_adapt_refit_samples=none max_eval_fit_samples=none fit_sample_seed=1
2026-08-02 23:52:02,441 INFO [__main__] ========================================================================
2026-08-02 23:52:02,441 INFO [__main__] selected methods=('context_forecast', 'aggr_y', 'y_mean', 'aggr_y_mix_shared', 'context_ridge_shared', 'aggr_y_ridge_shared', 'y_ridge_shared', 'cov_y_ridge_shared', 'cov_horizon_ridge_shared', 'residual_ridge_shared', 'full_ridge_shared')
2026-08-02 23:52:07,959 INFO [__main__] baseline selection start l2_grid=(0.0, 1e-06, 1e-05, 0.0001, 0.001, 0.01, 0.1, 1.0, 10.0)
2026-08-02 23:52:13,394 INFO [__main__] baseline selection done
2026-08-02 23:52:13,461 INFO [__main__] experiment done seconds=11.02
2026-08-02 23:52:13,461 INFO [__main__] ========================================================================
2026-08-02T23:52:13+02:00 baselines done configuration=7/48 dataset=Electricity model=chronos2 lags=336 horizon=48 retrieval=instance_euclidean_1_online
2026-08-02 23:52:15,741 INFO [__main__] extraction validation directory=outputs/extractions/Electricity/336_48/chronos2/instance_euclidean_3_online/extracted status=complete

2026-08-02T23:52:16+02:00 baselines start configuration=8/48 dataset=Electricity model=chronos2 lags=336 horizon=48 retrieval=instance_euclidean_3_online family=baselines l2_grid=0,1e-6,1e-5,1e-4,1e-3,1e-2,1e-1,1,10 validation_fraction=0.2 fit_baselines_on_eval=false seed=1 max_t1_fit_samples=none max_t2_valid_samples=none max_adapt_refit_samples=none max_eval_fit_samples=none fit_sample_seed=1
2026-08-02 23:52:18,211 INFO [__main__] ========================================================================
2026-08-02 23:52:18,212 INFO [__main__] selected methods=('context_forecast', 'aggr_y', 'y_mean', 'aggr_y_mix_shared', 'context_ridge_shared', 'aggr_y_ridge_shared', 'y_ridge_shared', 'cov_y_ridge_shared', 'cov_horizon_ridge_shared', 'residual_ridge_shared', 'full_ridge_shared')
2026-08-02 23:52:27,391 INFO [__main__] baseline selection start l2_grid=(0.0, 1e-06, 1e-05, 0.0001, 0.001, 0.01, 0.1, 1.0, 10.0)
2026-08-02 23:52:34,721 INFO [__main__] baseline selection done
2026-08-02 23:52:34,786 INFO [__main__] experiment done seconds=16.57
2026-08-02 23:52:34,786 INFO [__main__] ========================================================================
2026-08-02T23:52:35+02:00 baselines done configuration=8/48 dataset=Electricity model=chronos2 lags=336 horizon=48 retrieval=instance_euclidean_3_online
2026-08-02 23:52:37,080 INFO [__main__] extraction validation directory=outputs/extractions/Electricity/504_168/chronos2/raw_euclidean_1_online/extracted status=complete

2026-08-02T23:52:37+02:00 baselines start configuration=9/48 dataset=Electricity model=chronos2 lags=504 horizon=168 retrieval=raw_euclidean_1_online family=baselines l2_grid=0,1e-6,1e-5,1e-4,1e-3,1e-2,1e-1,1,10 validation_fraction=0.2 fit_baselines_on_eval=false seed=1 max_t1_fit_samples=none max_t2_valid_samples=none max_adapt_refit_samples=none max_eval_fit_samples=none fit_sample_seed=1
2026-08-02 23:52:39,670 INFO [__main__] ========================================================================
2026-08-02 23:52:39,670 INFO [__main__] selected methods=('context_forecast', 'aggr_y', 'y_mean', 'aggr_y_mix_shared', 'context_ridge_shared', 'aggr_y_ridge_shared', 'y_ridge_shared', 'cov_y_ridge_shared', 'cov_horizon_ridge_shared', 'residual_ridge_shared', 'full_ridge_shared')
2026-08-02 23:52:49,362 INFO [__main__] baseline selection start l2_grid=(0.0, 1e-06, 1e-05, 0.0001, 0.001, 0.01, 0.1, 1.0, 10.0)
2026-08-02 23:53:09,164 INFO [__main__] baseline selection done
2026-08-02 23:53:09,242 INFO [__main__] experiment done seconds=29.57
2026-08-02 23:53:09,242 INFO [__main__] ========================================================================
2026-08-02T23:53:09+02:00 baselines done configuration=9/48 dataset=Electricity model=chronos2 lags=504 horizon=168 retrieval=raw_euclidean_1_online
2026-08-02 23:53:11,603 INFO [__main__] extraction validation directory=outputs/extractions/Electricity/504_168/chronos2/raw_euclidean_3_online/extracted status=complete

2026-08-02T23:53:11+02:00 baselines start configuration=10/48 dataset=Electricity model=chronos2 lags=504 horizon=168 retrieval=raw_euclidean_3_online family=baselines l2_grid=0,1e-6,1e-5,1e-4,1e-3,1e-2,1e-1,1,10 validation_fraction=0.2 fit_baselines_on_eval=false seed=1 max_t1_fit_samples=none max_t2_valid_samples=none max_adapt_refit_samples=none max_eval_fit_samples=none fit_sample_seed=1
2026-08-02 23:53:14,098 INFO [__main__] ========================================================================
2026-08-02 23:53:14,099 INFO [__main__] selected methods=('context_forecast', 'aggr_y', 'y_mean', 'aggr_y_mix_shared', 'context_ridge_shared', 'aggr_y_ridge_shared', 'y_ridge_shared', 'cov_y_ridge_shared', 'cov_horizon_ridge_shared', 'residual_ridge_shared', 'full_ridge_shared')
2026-08-02 23:53:29,628 INFO [__main__] baseline selection start l2_grid=(0.0, 1e-06, 1e-05, 0.0001, 0.001, 0.01, 0.1, 1.0, 10.0)
2026-08-02 23:53:55,087 INFO [__main__] baseline selection done
2026-08-02 23:53:55,154 INFO [__main__] experiment done seconds=41.05
2026-08-02 23:53:55,154 INFO [__main__] ========================================================================
2026-08-02T23:53:55+02:00 baselines done configuration=10/48 dataset=Electricity model=chronos2 lags=504 horizon=168 retrieval=raw_euclidean_3_online
2026-08-02 23:53:57,603 INFO [__main__] extraction validation directory=outputs/extractions/Electricity/504_168/chronos2/instance_euclidean_1_online/extracted status=complete

2026-08-02T23:53:57+02:00 baselines start configuration=11/48 dataset=Electricity model=chronos2 lags=504 horizon=168 retrieval=instance_euclidean_1_online family=baselines l2_grid=0,1e-6,1e-5,1e-4,1e-3,1e-2,1e-1,1,10 validation_fraction=0.2 fit_baselines_on_eval=false seed=1 max_t1_fit_samples=none max_t2_valid_samples=none max_adapt_refit_samples=none max_eval_fit_samples=none fit_sample_seed=1
2026-08-02 23:54:00,116 INFO [__main__] ========================================================================
2026-08-02 23:54:00,116 INFO [__main__] selected methods=('context_forecast', 'aggr_y', 'y_mean', 'aggr_y_mix_shared', 'context_ridge_shared', 'aggr_y_ridge_shared', 'y_ridge_shared', 'cov_y_ridge_shared', 'cov_horizon_ridge_shared', 'residual_ridge_shared', 'full_ridge_shared')
2026-08-02 23:54:15,465 INFO [__main__] baseline selection start l2_grid=(0.0, 1e-06, 1e-05, 0.0001, 0.001, 0.01, 0.1, 1.0, 10.0)
2026-08-02 23:54:35,123 INFO [__main__] baseline selection done
2026-08-02 23:54:35,190 INFO [__main__] experiment done seconds=35.07
2026-08-02 23:54:35,190 INFO [__main__] ========================================================================
2026-08-02T23:54:35+02:00 baselines done configuration=11/48 dataset=Electricity model=chronos2 lags=504 horizon=168 retrieval=instance_euclidean_1_online
2026-08-02 23:54:37,592 INFO [__main__] extraction validation directory=outputs/extractions/Electricity/504_168/chronos2/instance_euclidean_3_online/extracted status=complete

2026-08-02T23:54:37+02:00 baselines start configuration=12/48 dataset=Electricity model=chronos2 lags=504 horizon=168 retrieval=instance_euclidean_3_online family=baselines l2_grid=0,1e-6,1e-5,1e-4,1e-3,1e-2,1e-1,1,10 validation_fraction=0.2 fit_baselines_on_eval=false seed=1 max_t1_fit_samples=none max_t2_valid_samples=none max_adapt_refit_samples=none max_eval_fit_samples=none fit_sample_seed=1
2026-08-02 23:54:40,094 INFO [__main__] ========================================================================
2026-08-02 23:54:40,094 INFO [__main__] selected methods=('context_forecast', 'aggr_y', 'y_mean', 'aggr_y_mix_shared', 'context_ridge_shared', 'aggr_y_ridge_shared', 'y_ridge_shared', 'cov_y_ridge_shared', 'cov_horizon_ridge_shared', 'residual_ridge_shared', 'full_ridge_shared')
2026-08-02 23:54:56,044 INFO [__main__] baseline selection start l2_grid=(0.0, 1e-06, 1e-05, 0.0001, 0.001, 0.01, 0.1, 1.0, 10.0)
2026-08-02 23:55:21,959 INFO [__main__] baseline selection done
2026-08-02 23:55:22,027 INFO [__main__] experiment done seconds=41.93
2026-08-02 23:55:22,027 INFO [__main__] ========================================================================
2026-08-02T23:55:22+02:00 baselines done configuration=12/48 dataset=Electricity model=chronos2 lags=504 horizon=168 retrieval=instance_euclidean_3_online
2026-08-02 23:55:24,545 INFO [__main__] extraction validation directory=outputs/extractions/Traffic/168_24/chronos2/raw_euclidean_1_online/extracted status=complete

2026-08-02T23:55:24+02:00 baselines start configuration=13/48 dataset=Traffic model=chronos2 lags=168 horizon=24 retrieval=raw_euclidean_1_online family=baselines l2_grid=0,1e-6,1e-5,1e-4,1e-3,1e-2,1e-1,1,10 validation_fraction=0.2 fit_baselines_on_eval=false seed=1 max_t1_fit_samples=none max_t2_valid_samples=none max_adapt_refit_samples=none max_eval_fit_samples=none fit_sample_seed=1
2026-08-02 23:55:27,022 INFO [__main__] ========================================================================
2026-08-02 23:55:27,022 INFO [__main__] selected methods=('context_forecast', 'aggr_y', 'y_mean', 'aggr_y_mix_shared', 'context_ridge_shared', 'aggr_y_ridge_shared', 'y_ridge_shared', 'cov_y_ridge_shared', 'cov_horizon_ridge_shared', 'residual_ridge_shared', 'full_ridge_shared')
2026-08-02 23:55:32,577 INFO [__main__] baseline selection start l2_grid=(0.0, 1e-06, 1e-05, 0.0001, 0.001, 0.01, 0.1, 1.0, 10.0)
2026-08-02 23:55:37,648 INFO [__main__] baseline selection done
2026-08-02 23:55:37,717 INFO [__main__] experiment done seconds=10.69
2026-08-02 23:55:37,717 INFO [__main__] ========================================================================
2026-08-02T23:55:38+02:00 baselines done configuration=13/48 dataset=Traffic model=chronos2 lags=168 horizon=24 retrieval=raw_euclidean_1_online
2026-08-02 23:55:40,088 INFO [__main__] extraction validation directory=outputs/extractions/Traffic/168_24/chronos2/raw_euclidean_3_online/extracted status=complete

2026-08-02T23:55:40+02:00 baselines start configuration=14/48 dataset=Traffic model=chronos2 lags=168 horizon=24 retrieval=raw_euclidean_3_online family=baselines l2_grid=0,1e-6,1e-5,1e-4,1e-3,1e-2,1e-1,1,10 validation_fraction=0.2 fit_baselines_on_eval=false seed=1 max_t1_fit_samples=none max_t2_valid_samples=none max_adapt_refit_samples=none max_eval_fit_samples=none fit_sample_seed=1
2026-08-02 23:55:42,646 INFO [__main__] ========================================================================
2026-08-02 23:55:42,646 INFO [__main__] selected methods=('context_forecast', 'aggr_y', 'y_mean', 'aggr_y_mix_shared', 'context_ridge_shared', 'aggr_y_ridge_shared', 'y_ridge_shared', 'cov_y_ridge_shared', 'cov_horizon_ridge_shared', 'residual_ridge_shared', 'full_ridge_shared')
2026-08-02 23:55:51,935 INFO [__main__] baseline selection start l2_grid=(0.0, 1e-06, 1e-05, 0.0001, 0.001, 0.01, 0.1, 1.0, 10.0)
2026-08-02 23:55:59,378 INFO [__main__] baseline selection done
2026-08-02 23:55:59,443 INFO [__main__] experiment done seconds=16.79
2026-08-02 23:55:59,443 INFO [__main__] ========================================================================
2026-08-02T23:55:59+02:00 baselines done configuration=14/48 dataset=Traffic model=chronos2 lags=168 horizon=24 retrieval=raw_euclidean_3_online
2026-08-02 23:56:01,747 INFO [__main__] extraction validation directory=outputs/extractions/Traffic/168_24/chronos2/instance_euclidean_1_online/extracted status=complete

2026-08-02T23:56:02+02:00 baselines start configuration=15/48 dataset=Traffic model=chronos2 lags=168 horizon=24 retrieval=instance_euclidean_1_online family=baselines l2_grid=0,1e-6,1e-5,1e-4,1e-3,1e-2,1e-1,1,10 validation_fraction=0.2 fit_baselines_on_eval=false seed=1 max_t1_fit_samples=none max_t2_valid_samples=none max_adapt_refit_samples=none max_eval_fit_samples=none fit_sample_seed=1
2026-08-02 23:56:04,248 INFO [__main__] ========================================================================
2026-08-02 23:56:04,248 INFO [__main__] selected methods=('context_forecast', 'aggr_y', 'y_mean', 'aggr_y_mix_shared', 'context_ridge_shared', 'aggr_y_ridge_shared', 'y_ridge_shared', 'cov_y_ridge_shared', 'cov_horizon_ridge_shared', 'residual_ridge_shared', 'full_ridge_shared')
2026-08-02 23:56:10,036 INFO [__main__] baseline selection start l2_grid=(0.0, 1e-06, 1e-05, 0.0001, 0.001, 0.01, 0.1, 1.0, 10.0)
2026-08-02 23:56:15,197 INFO [__main__] baseline selection done
2026-08-02 23:56:15,263 INFO [__main__] experiment done seconds=11.01
2026-08-02 23:56:15,263 INFO [__main__] ========================================================================
2026-08-02T23:56:15+02:00 baselines done configuration=15/48 dataset=Traffic model=chronos2 lags=168 horizon=24 retrieval=instance_euclidean_1_online
2026-08-02 23:56:17,568 INFO [__main__] extraction validation directory=outputs/extractions/Traffic/168_24/chronos2/instance_euclidean_3_online/extracted status=complete

2026-08-02T23:56:17+02:00 baselines start configuration=16/48 dataset=Traffic model=chronos2 lags=168 horizon=24 retrieval=instance_euclidean_3_online family=baselines l2_grid=0,1e-6,1e-5,1e-4,1e-3,1e-2,1e-1,1,10 validation_fraction=0.2 fit_baselines_on_eval=false seed=1 max_t1_fit_samples=none max_t2_valid_samples=none max_adapt_refit_samples=none max_eval_fit_samples=none fit_sample_seed=1
2026-08-02 23:56:20,054 INFO [__main__] ========================================================================
2026-08-02 23:56:20,054 INFO [__main__] selected methods=('context_forecast', 'aggr_y', 'y_mean', 'aggr_y_mix_shared', 'context_ridge_shared', 'aggr_y_ridge_shared', 'y_ridge_shared', 'cov_y_ridge_shared', 'cov_horizon_ridge_shared', 'residual_ridge_shared', 'full_ridge_shared')
2026-08-02 23:56:28,583 INFO [__main__] baseline selection start l2_grid=(0.0, 1e-06, 1e-05, 0.0001, 0.001, 0.01, 0.1, 1.0, 10.0)
2026-08-02 23:56:35,710 INFO [__main__] baseline selection done
2026-08-02 23:56:35,777 INFO [__main__] experiment done seconds=15.72
2026-08-02 23:56:35,777 INFO [__main__] ========================================================================
2026-08-02T23:56:36+02:00 baselines done configuration=16/48 dataset=Traffic model=chronos2 lags=168 horizon=24 retrieval=instance_euclidean_3_online
2026-08-02 23:56:38,204 INFO [__main__] extraction validation directory=outputs/extractions/Traffic/336_48/chronos2/raw_euclidean_1_online/extracted status=complete

2026-08-02T23:56:38+02:00 baselines start configuration=17/48 dataset=Traffic model=chronos2 lags=336 horizon=48 retrieval=raw_euclidean_1_online family=baselines l2_grid=0,1e-6,1e-5,1e-4,1e-3,1e-2,1e-1,1,10 validation_fraction=0.2 fit_baselines_on_eval=false seed=1 max_t1_fit_samples=none max_t2_valid_samples=none max_adapt_refit_samples=none max_eval_fit_samples=none fit_sample_seed=1
2026-08-02 23:56:40,837 INFO [__main__] ========================================================================
2026-08-02 23:56:40,838 INFO [__main__] selected methods=('context_forecast', 'aggr_y', 'y_mean', 'aggr_y_mix_shared', 'context_ridge_shared', 'aggr_y_ridge_shared', 'y_ridge_shared', 'cov_y_ridge_shared', 'cov_horizon_ridge_shared', 'residual_ridge_shared', 'full_ridge_shared')
2026-08-02 23:56:49,460 INFO [__main__] baseline selection start l2_grid=(0.0, 1e-06, 1e-05, 0.0001, 0.001, 0.01, 0.1, 1.0, 10.0)
2026-08-02 23:56:59,330 INFO [__main__] baseline selection done
2026-08-02 23:56:59,399 INFO [__main__] experiment done seconds=18.56
2026-08-02 23:56:59,399 INFO [__main__] ========================================================================
2026-08-02T23:56:59+02:00 baselines done configuration=17/48 dataset=Traffic model=chronos2 lags=336 horizon=48 retrieval=raw_euclidean_1_online
2026-08-02 23:57:01,663 INFO [__main__] extraction validation directory=outputs/extractions/Traffic/336_48/chronos2/raw_euclidean_3_online/extracted status=complete

2026-08-02T23:57:01+02:00 baselines start configuration=18/48 dataset=Traffic model=chronos2 lags=336 horizon=48 retrieval=raw_euclidean_3_online family=baselines l2_grid=0,1e-6,1e-5,1e-4,1e-3,1e-2,1e-1,1,10 validation_fraction=0.2 fit_baselines_on_eval=false seed=1 max_t1_fit_samples=none max_t2_valid_samples=none max_adapt_refit_samples=none max_eval_fit_samples=none fit_sample_seed=1
2026-08-02 23:57:04,099 INFO [__main__] ========================================================================
2026-08-02 23:57:04,099 INFO [__main__] selected methods=('context_forecast', 'aggr_y', 'y_mean', 'aggr_y_mix_shared', 'context_ridge_shared', 'aggr_y_ridge_shared', 'y_ridge_shared', 'cov_y_ridge_shared', 'cov_horizon_ridge_shared', 'residual_ridge_shared', 'full_ridge_shared')
2026-08-02 23:57:20,055 INFO [__main__] baseline selection start l2_grid=(0.0, 1e-06, 1e-05, 0.0001, 0.001, 0.01, 0.1, 1.0, 10.0)
2026-08-02 23:57:33,363 INFO [__main__] baseline selection done
2026-08-02 23:57:33,430 INFO [__main__] experiment done seconds=29.33
2026-08-02 23:57:33,430 INFO [__main__] ========================================================================
2026-08-02T23:57:33+02:00 baselines done configuration=18/48 dataset=Traffic model=chronos2 lags=336 horizon=48 retrieval=raw_euclidean_3_online
2026-08-02 23:57:35,712 INFO [__main__] extraction validation directory=outputs/extractions/Traffic/336_48/chronos2/instance_euclidean_1_online/extracted status=complete

2026-08-02T23:57:36+02:00 baselines start configuration=19/48 dataset=Traffic model=chronos2 lags=336 horizon=48 retrieval=instance_euclidean_1_online family=baselines l2_grid=0,1e-6,1e-5,1e-4,1e-3,1e-2,1e-1,1,10 validation_fraction=0.2 fit_baselines_on_eval=false seed=1 max_t1_fit_samples=none max_t2_valid_samples=none max_adapt_refit_samples=none max_eval_fit_samples=none fit_sample_seed=1
2026-08-02 23:57:38,328 INFO [__main__] ========================================================================
2026-08-02 23:57:38,328 INFO [__main__] selected methods=('context_forecast', 'aggr_y', 'y_mean', 'aggr_y_mix_shared', 'context_ridge_shared', 'aggr_y_ridge_shared', 'y_ridge_shared', 'cov_y_ridge_shared', 'cov_horizon_ridge_shared', 'residual_ridge_shared', 'full_ridge_shared')
2026-08-02 23:57:46,999 INFO [__main__] baseline selection start l2_grid=(0.0, 1e-06, 1e-05, 0.0001, 0.001, 0.01, 0.1, 1.0, 10.0)
2026-08-02 23:57:57,063 INFO [__main__] baseline selection done
2026-08-02 23:57:57,129 INFO [__main__] experiment done seconds=18.80
2026-08-02 23:57:57,129 INFO [__main__] ========================================================================
2026-08-02T23:57:57+02:00 baselines done configuration=19/48 dataset=Traffic model=chronos2 lags=336 horizon=48 retrieval=instance_euclidean_1_online
2026-08-02 23:57:59,383 INFO [__main__] extraction validation directory=outputs/extractions/Traffic/336_48/chronos2/instance_euclidean_3_online/extracted status=complete

2026-08-02T23:57:59+02:00 baselines start configuration=20/48 dataset=Traffic model=chronos2 lags=336 horizon=48 retrieval=instance_euclidean_3_online family=baselines l2_grid=0,1e-6,1e-5,1e-4,1e-3,1e-2,1e-1,1,10 validation_fraction=0.2 fit_baselines_on_eval=false seed=1 max_t1_fit_samples=none max_t2_valid_samples=none max_adapt_refit_samples=none max_eval_fit_samples=none fit_sample_seed=1
2026-08-02 23:58:01,796 INFO [__main__] ========================================================================
2026-08-02 23:58:01,796 INFO [__main__] selected methods=('context_forecast', 'aggr_y', 'y_mean', 'aggr_y_mix_shared', 'context_ridge_shared', 'aggr_y_ridge_shared', 'y_ridge_shared', 'cov_y_ridge_shared', 'cov_horizon_ridge_shared', 'residual_ridge_shared', 'full_ridge_shared')
2026-08-02 23:58:17,625 INFO [__main__] baseline selection start l2_grid=(0.0, 1e-06, 1e-05, 0.0001, 0.001, 0.01, 0.1, 1.0, 10.0)
2026-08-02 23:58:31,711 INFO [__main__] baseline selection done
2026-08-02 23:58:31,779 INFO [__main__] experiment done seconds=29.98
2026-08-02 23:58:31,779 INFO [__main__] ========================================================================
2026-08-02T23:58:32+02:00 baselines done configuration=20/48 dataset=Traffic model=chronos2 lags=336 horizon=48 retrieval=instance_euclidean_3_online
2026-08-02 23:58:34,151 INFO [__main__] extraction validation directory=outputs/extractions/Traffic/504_168/chronos2/raw_euclidean_1_online/extracted status=complete

2026-08-02T23:58:34+02:00 baselines start configuration=21/48 dataset=Traffic model=chronos2 lags=504 horizon=168 retrieval=raw_euclidean_1_online family=baselines l2_grid=0,1e-6,1e-5,1e-4,1e-3,1e-2,1e-1,1,10 validation_fraction=0.2 fit_baselines_on_eval=false seed=1 max_t1_fit_samples=none max_t2_valid_samples=none max_adapt_refit_samples=none max_eval_fit_samples=none fit_sample_seed=1
2026-08-02 23:58:36,681 INFO [__main__] ========================================================================
2026-08-02 23:58:36,681 INFO [__main__] selected methods=('context_forecast', 'aggr_y', 'y_mean', 'aggr_y_mix_shared', 'context_ridge_shared', 'aggr_y_ridge_shared', 'y_ridge_shared', 'cov_y_ridge_shared', 'cov_horizon_ridge_shared', 'residual_ridge_shared', 'full_ridge_shared')
2026-08-02 23:58:52,193 INFO [__main__] baseline selection start l2_grid=(0.0, 1e-06, 1e-05, 0.0001, 0.001, 0.01, 0.1, 1.0, 10.0)
2026-08-02 23:59:29,496 INFO [__main__] baseline selection done
2026-08-02 23:59:29,563 INFO [__main__] experiment done seconds=52.88
2026-08-02 23:59:29,563 INFO [__main__] ========================================================================
2026-08-02T23:59:30+02:00 baselines done configuration=21/48 dataset=Traffic model=chronos2 lags=504 horizon=168 retrieval=raw_euclidean_1_online
2026-08-02 23:59:32,166 INFO [__main__] extraction validation directory=outputs/extractions/Traffic/504_168/chronos2/raw_euclidean_3_online/extracted status=complete

2026-08-02T23:59:32+02:00 baselines start configuration=22/48 dataset=Traffic model=chronos2 lags=504 horizon=168 retrieval=raw_euclidean_3_online family=baselines l2_grid=0,1e-6,1e-5,1e-4,1e-3,1e-2,1e-1,1,10 validation_fraction=0.2 fit_baselines_on_eval=false seed=1 max_t1_fit_samples=none max_t2_valid_samples=none max_adapt_refit_samples=none max_eval_fit_samples=none fit_sample_seed=1
2026-08-02 23:59:34,662 INFO [__main__] ========================================================================
2026-08-02 23:59:34,662 INFO [__main__] selected methods=('context_forecast', 'aggr_y', 'y_mean', 'aggr_y_mix_shared', 'context_ridge_shared', 'aggr_y_ridge_shared', 'y_ridge_shared', 'cov_y_ridge_shared', 'cov_horizon_ridge_shared', 'residual_ridge_shared', 'full_ridge_shared')
2026-08-03 00:00:02,885 INFO [__main__] baseline selection start l2_grid=(0.0, 1e-06, 1e-05, 0.0001, 0.001, 0.01, 0.1, 1.0, 10.0)
2026-08-03 00:00:48,338 INFO [__main__] baseline selection done
2026-08-03 00:00:48,412 INFO [__main__] experiment done seconds=73.75
2026-08-03 00:00:48,412 INFO [__main__] ========================================================================
2026-08-03T00:00:48+02:00 baselines done configuration=22/48 dataset=Traffic model=chronos2 lags=504 horizon=168 retrieval=raw_euclidean_3_online
2026-08-03 00:00:51,217 INFO [__main__] extraction validation directory=outputs/extractions/Traffic/504_168/chronos2/instance_euclidean_1_online/extracted status=complete

2026-08-03T00:00:51+02:00 baselines start configuration=23/48 dataset=Traffic model=chronos2 lags=504 horizon=168 retrieval=instance_euclidean_1_online family=baselines l2_grid=0,1e-6,1e-5,1e-4,1e-3,1e-2,1e-1,1,10 validation_fraction=0.2 fit_baselines_on_eval=false seed=1 max_t1_fit_samples=none max_t2_valid_samples=none max_adapt_refit_samples=none max_eval_fit_samples=none fit_sample_seed=1
2026-08-03 00:00:53,770 INFO [__main__] ========================================================================
2026-08-03 00:00:53,770 INFO [__main__] selected methods=('context_forecast', 'aggr_y', 'y_mean', 'aggr_y_mix_shared', 'context_ridge_shared', 'aggr_y_ridge_shared', 'y_ridge_shared', 'cov_y_ridge_shared', 'cov_horizon_ridge_shared', 'residual_ridge_shared', 'full_ridge_shared')
2026-08-03 00:01:08,412 INFO [__main__] baseline selection start l2_grid=(0.0, 1e-06, 1e-05, 0.0001, 0.001, 0.01, 0.1, 1.0, 10.0)
2026-08-03 00:01:46,607 INFO [__main__] baseline selection done
2026-08-03 00:01:46,678 INFO [__main__] experiment done seconds=52.90
2026-08-03 00:01:46,678 INFO [__main__] ========================================================================
2026-08-03T00:01:47+02:00 baselines done configuration=23/48 dataset=Traffic model=chronos2 lags=504 horizon=168 retrieval=instance_euclidean_1_online
2026-08-03 00:01:49,011 INFO [__main__] extraction validation directory=outputs/extractions/Traffic/504_168/chronos2/instance_euclidean_3_online/extracted status=complete

2026-08-03T00:01:49+02:00 baselines start configuration=24/48 dataset=Traffic model=chronos2 lags=504 horizon=168 retrieval=instance_euclidean_3_online family=baselines l2_grid=0,1e-6,1e-5,1e-4,1e-3,1e-2,1e-1,1,10 validation_fraction=0.2 fit_baselines_on_eval=false seed=1 max_t1_fit_samples=none max_t2_valid_samples=none max_adapt_refit_samples=none max_eval_fit_samples=none fit_sample_seed=1
2026-08-03 00:01:51,658 INFO [__main__] ========================================================================
2026-08-03 00:01:51,658 INFO [__main__] selected methods=('context_forecast', 'aggr_y', 'y_mean', 'aggr_y_mix_shared', 'context_ridge_shared', 'aggr_y_ridge_shared', 'y_ridge_shared', 'cov_y_ridge_shared', 'cov_horizon_ridge_shared', 'residual_ridge_shared', 'full_ridge_shared')
2026-08-03 00:02:19,544 INFO [__main__] baseline selection start l2_grid=(0.0, 1e-06, 1e-05, 0.0001, 0.001, 0.01, 0.1, 1.0, 10.0)
2026-08-03 00:03:05,725 INFO [__main__] baseline selection done
2026-08-03 00:03:05,795 INFO [__main__] experiment done seconds=74.13
2026-08-03 00:03:05,795 INFO [__main__] ========================================================================
2026-08-03T00:03:06+02:00 baselines done configuration=24/48 dataset=Traffic model=chronos2 lags=504 horizon=168 retrieval=instance_euclidean_3_online
2026-08-03 00:03:08,484 INFO [__main__] extraction validation directory=outputs/extractions/Solar/168_24/chronos2/raw_euclidean_1_online/extracted status=complete

2026-08-03T00:03:08+02:00 baselines start configuration=25/48 dataset=Solar model=chronos2 lags=168 horizon=24 retrieval=raw_euclidean_1_online family=baselines l2_grid=0,1e-6,1e-5,1e-4,1e-3,1e-2,1e-1,1,10 validation_fraction=0.2 fit_baselines_on_eval=false seed=1 max_t1_fit_samples=none max_t2_valid_samples=none max_adapt_refit_samples=none max_eval_fit_samples=none fit_sample_seed=1
2026-08-03 00:03:10,993 INFO [__main__] ========================================================================
2026-08-03 00:03:10,994 INFO [__main__] selected methods=('context_forecast', 'aggr_y', 'y_mean', 'aggr_y_mix_shared', 'context_ridge_shared', 'aggr_y_ridge_shared', 'y_ridge_shared', 'cov_y_ridge_shared', 'cov_horizon_ridge_shared', 'residual_ridge_shared', 'full_ridge_shared')
2026-08-03 00:03:12,905 INFO [__main__] baseline selection start l2_grid=(0.0, 1e-06, 1e-05, 0.0001, 0.001, 0.01, 0.1, 1.0, 10.0)
2026-08-03 00:03:13,491 INFO [__main__] baseline selection done
2026-08-03 00:03:13,555 INFO [__main__] experiment done seconds=2.56
2026-08-03 00:03:13,555 INFO [__main__] ========================================================================
2026-08-03T00:03:13+02:00 baselines done configuration=25/48 dataset=Solar model=chronos2 lags=168 horizon=24 retrieval=raw_euclidean_1_online
2026-08-03 00:03:15,786 INFO [__main__] extraction validation directory=outputs/extractions/Solar/168_24/chronos2/raw_euclidean_3_online/extracted status=complete

2026-08-03T00:03:16+02:00 baselines start configuration=26/48 dataset=Solar model=chronos2 lags=168 horizon=24 retrieval=raw_euclidean_3_online family=baselines l2_grid=0,1e-6,1e-5,1e-4,1e-3,1e-2,1e-1,1,10 validation_fraction=0.2 fit_baselines_on_eval=false seed=1 max_t1_fit_samples=none max_t2_valid_samples=none max_adapt_refit_samples=none max_eval_fit_samples=none fit_sample_seed=1
2026-08-03 00:03:18,201 INFO [__main__] ========================================================================
2026-08-03 00:03:18,201 INFO [__main__] selected methods=('context_forecast', 'aggr_y', 'y_mean', 'aggr_y_mix_shared', 'context_ridge_shared', 'aggr_y_ridge_shared', 'y_ridge_shared', 'cov_y_ridge_shared', 'cov_horizon_ridge_shared', 'residual_ridge_shared', 'full_ridge_shared')
2026-08-03 00:03:20,669 INFO [__main__] baseline selection start l2_grid=(0.0, 1e-06, 1e-05, 0.0001, 0.001, 0.01, 0.1, 1.0, 10.0)
2026-08-03 00:03:21,431 INFO [__main__] baseline selection done
2026-08-03 00:03:21,495 INFO [__main__] experiment done seconds=3.29
2026-08-03 00:03:21,495 INFO [__main__] ========================================================================
2026-08-03T00:03:21+02:00 baselines done configuration=26/48 dataset=Solar model=chronos2 lags=168 horizon=24 retrieval=raw_euclidean_3_online
2026-08-03 00:03:23,682 INFO [__main__] extraction validation directory=outputs/extractions/Solar/168_24/chronos2/instance_euclidean_1_online/extracted status=complete

2026-08-03T00:03:23+02:00 baselines start configuration=27/48 dataset=Solar model=chronos2 lags=168 horizon=24 retrieval=instance_euclidean_1_online family=baselines l2_grid=0,1e-6,1e-5,1e-4,1e-3,1e-2,1e-1,1,10 validation_fraction=0.2 fit_baselines_on_eval=false seed=1 max_t1_fit_samples=none max_t2_valid_samples=none max_adapt_refit_samples=none max_eval_fit_samples=none fit_sample_seed=1
2026-08-03 00:03:26,101 INFO [__main__] ========================================================================
2026-08-03 00:03:26,101 INFO [__main__] selected methods=('context_forecast', 'aggr_y', 'y_mean', 'aggr_y_mix_shared', 'context_ridge_shared', 'aggr_y_ridge_shared', 'y_ridge_shared', 'cov_y_ridge_shared', 'cov_horizon_ridge_shared', 'residual_ridge_shared', 'full_ridge_shared')
2026-08-03 00:03:28,158 INFO [__main__] baseline selection start l2_grid=(0.0, 1e-06, 1e-05, 0.0001, 0.001, 0.01, 0.1, 1.0, 10.0)
2026-08-03 00:03:28,746 INFO [__main__] baseline selection done
2026-08-03 00:03:28,811 INFO [__main__] experiment done seconds=2.71
2026-08-03 00:03:28,811 INFO [__main__] ========================================================================
2026-08-03T00:03:29+02:00 baselines done configuration=27/48 dataset=Solar model=chronos2 lags=168 horizon=24 retrieval=instance_euclidean_1_online
2026-08-03 00:03:30,960 INFO [__main__] extraction validation directory=outputs/extractions/Solar/168_24/chronos2/instance_euclidean_3_online/extracted status=complete

2026-08-03T00:03:31+02:00 baselines start configuration=28/48 dataset=Solar model=chronos2 lags=168 horizon=24 retrieval=instance_euclidean_3_online family=baselines l2_grid=0,1e-6,1e-5,1e-4,1e-3,1e-2,1e-1,1,10 validation_fraction=0.2 fit_baselines_on_eval=false seed=1 max_t1_fit_samples=none max_t2_valid_samples=none max_adapt_refit_samples=none max_eval_fit_samples=none fit_sample_seed=1
2026-08-03 00:03:33,366 INFO [__main__] ========================================================================
2026-08-03 00:03:33,366 INFO [__main__] selected methods=('context_forecast', 'aggr_y', 'y_mean', 'aggr_y_mix_shared', 'context_ridge_shared', 'aggr_y_ridge_shared', 'y_ridge_shared', 'cov_y_ridge_shared', 'cov_horizon_ridge_shared', 'residual_ridge_shared', 'full_ridge_shared')
2026-08-03 00:03:35,522 INFO [__main__] baseline selection start l2_grid=(0.0, 1e-06, 1e-05, 0.0001, 0.001, 0.01, 0.1, 1.0, 10.0)
2026-08-03 00:03:36,309 INFO [__main__] baseline selection done
2026-08-03 00:03:36,374 INFO [__main__] experiment done seconds=3.00
2026-08-03 00:03:36,374 INFO [__main__] ========================================================================
2026-08-03T00:03:36+02:00 baselines done configuration=28/48 dataset=Solar model=chronos2 lags=168 horizon=24 retrieval=instance_euclidean_3_online
2026-08-03 00:03:38,592 INFO [__main__] extraction validation directory=outputs/extractions/Solar/336_48/chronos2/raw_euclidean_1_online/extracted status=complete

2026-08-03T00:03:39+02:00 baselines start configuration=29/48 dataset=Solar model=chronos2 lags=336 horizon=48 retrieval=raw_euclidean_1_online family=baselines l2_grid=0,1e-6,1e-5,1e-4,1e-3,1e-2,1e-1,1,10 validation_fraction=0.2 fit_baselines_on_eval=false seed=1 max_t1_fit_samples=none max_t2_valid_samples=none max_adapt_refit_samples=none max_eval_fit_samples=none fit_sample_seed=1
2026-08-03 00:03:41,220 INFO [__main__] ========================================================================
2026-08-03 00:03:41,221 INFO [__main__] selected methods=('context_forecast', 'aggr_y', 'y_mean', 'aggr_y_mix_shared', 'context_ridge_shared', 'aggr_y_ridge_shared', 'y_ridge_shared', 'cov_y_ridge_shared', 'cov_horizon_ridge_shared', 'residual_ridge_shared', 'full_ridge_shared')
2026-08-03 00:03:43,370 INFO [__main__] baseline selection start l2_grid=(0.0, 1e-06, 1e-05, 0.0001, 0.001, 0.01, 0.1, 1.0, 10.0)
2026-08-03 00:03:44,329 INFO [__main__] baseline selection done
2026-08-03 00:03:44,459 INFO [__main__] experiment done seconds=3.24
2026-08-03 00:03:44,459 INFO [__main__] ========================================================================
2026-08-03T00:03:44+02:00 baselines done configuration=29/48 dataset=Solar model=chronos2 lags=336 horizon=48 retrieval=raw_euclidean_1_online
2026-08-03 00:03:46,782 INFO [__main__] extraction validation directory=outputs/extractions/Solar/336_48/chronos2/raw_euclidean_3_online/extracted status=complete

2026-08-03T00:03:47+02:00 baselines start configuration=30/48 dataset=Solar model=chronos2 lags=336 horizon=48 retrieval=raw_euclidean_3_online family=baselines l2_grid=0,1e-6,1e-5,1e-4,1e-3,1e-2,1e-1,1,10 validation_fraction=0.2 fit_baselines_on_eval=false seed=1 max_t1_fit_samples=none max_t2_valid_samples=none max_adapt_refit_samples=none max_eval_fit_samples=none fit_sample_seed=1
2026-08-03 00:03:49,245 INFO [__main__] ========================================================================
2026-08-03 00:03:49,245 INFO [__main__] selected methods=('context_forecast', 'aggr_y', 'y_mean', 'aggr_y_mix_shared', 'context_ridge_shared', 'aggr_y_ridge_shared', 'y_ridge_shared', 'cov_y_ridge_shared', 'cov_horizon_ridge_shared', 'residual_ridge_shared', 'full_ridge_shared')
2026-08-03 00:03:51,904 INFO [__main__] baseline selection start l2_grid=(0.0, 1e-06, 1e-05, 0.0001, 0.001, 0.01, 0.1, 1.0, 10.0)
2026-08-03 00:03:53,126 INFO [__main__] baseline selection done
2026-08-03 00:03:53,190 INFO [__main__] experiment done seconds=3.94
2026-08-03 00:03:53,190 INFO [__main__] ========================================================================
2026-08-03T00:03:53+02:00 baselines done configuration=30/48 dataset=Solar model=chronos2 lags=336 horizon=48 retrieval=raw_euclidean_3_online
2026-08-03 00:03:55,359 INFO [__main__] extraction validation directory=outputs/extractions/Solar/336_48/chronos2/instance_euclidean_1_online/extracted status=complete

2026-08-03T00:03:55+02:00 baselines start configuration=31/48 dataset=Solar model=chronos2 lags=336 horizon=48 retrieval=instance_euclidean_1_online family=baselines l2_grid=0,1e-6,1e-5,1e-4,1e-3,1e-2,1e-1,1,10 validation_fraction=0.2 fit_baselines_on_eval=false seed=1 max_t1_fit_samples=none max_t2_valid_samples=none max_adapt_refit_samples=none max_eval_fit_samples=none fit_sample_seed=1
2026-08-03 00:03:57,803 INFO [__main__] ========================================================================
2026-08-03 00:03:57,803 INFO [__main__] selected methods=('context_forecast', 'aggr_y', 'y_mean', 'aggr_y_mix_shared', 'context_ridge_shared', 'aggr_y_ridge_shared', 'y_ridge_shared', 'cov_y_ridge_shared', 'cov_horizon_ridge_shared', 'residual_ridge_shared', 'full_ridge_shared')
2026-08-03 00:03:59,913 INFO [__main__] baseline selection start l2_grid=(0.0, 1e-06, 1e-05, 0.0001, 0.001, 0.01, 0.1, 1.0, 10.0)
2026-08-03 00:04:00,871 INFO [__main__] baseline selection done
2026-08-03 00:04:00,937 INFO [__main__] experiment done seconds=3.13
2026-08-03 00:04:00,937 INFO [__main__] ========================================================================
2026-08-03T00:04:01+02:00 baselines done configuration=31/48 dataset=Solar model=chronos2 lags=336 horizon=48 retrieval=instance_euclidean_1_online
2026-08-03 00:04:03,194 INFO [__main__] extraction validation directory=outputs/extractions/Solar/336_48/chronos2/instance_euclidean_3_online/extracted status=complete

2026-08-03T00:04:03+02:00 baselines start configuration=32/48 dataset=Solar model=chronos2 lags=336 horizon=48 retrieval=instance_euclidean_3_online family=baselines l2_grid=0,1e-6,1e-5,1e-4,1e-3,1e-2,1e-1,1,10 validation_fraction=0.2 fit_baselines_on_eval=false seed=1 max_t1_fit_samples=none max_t2_valid_samples=none max_adapt_refit_samples=none max_eval_fit_samples=none fit_sample_seed=1
2026-08-03 00:04:05,606 INFO [__main__] ========================================================================
2026-08-03 00:04:05,606 INFO [__main__] selected methods=('context_forecast', 'aggr_y', 'y_mean', 'aggr_y_mix_shared', 'context_ridge_shared', 'aggr_y_ridge_shared', 'y_ridge_shared', 'cov_y_ridge_shared', 'cov_horizon_ridge_shared', 'residual_ridge_shared', 'full_ridge_shared')
2026-08-03 00:04:08,236 INFO [__main__] baseline selection start l2_grid=(0.0, 1e-06, 1e-05, 0.0001, 0.001, 0.01, 0.1, 1.0, 10.0)
2026-08-03 00:04:09,448 INFO [__main__] baseline selection done
2026-08-03 00:04:09,513 INFO [__main__] experiment done seconds=3.90
2026-08-03 00:04:09,513 INFO [__main__] ========================================================================
2026-08-03T00:04:09+02:00 baselines done configuration=32/48 dataset=Solar model=chronos2 lags=336 horizon=48 retrieval=instance_euclidean_3_online
2026-08-03 00:04:11,962 INFO [__main__] extraction validation directory=outputs/extractions/Solar/504_168/chronos2/raw_euclidean_1_online/extracted status=complete

2026-08-03T00:04:12+02:00 baselines start configuration=33/48 dataset=Solar model=chronos2 lags=504 horizon=168 retrieval=raw_euclidean_1_online family=baselines l2_grid=0,1e-6,1e-5,1e-4,1e-3,1e-2,1e-1,1,10 validation_fraction=0.2 fit_baselines_on_eval=false seed=1 max_t1_fit_samples=none max_t2_valid_samples=none max_adapt_refit_samples=none max_eval_fit_samples=none fit_sample_seed=1
2026-08-03 00:04:14,462 INFO [__main__] ========================================================================
2026-08-03 00:04:14,462 INFO [__main__] selected methods=('context_forecast', 'aggr_y', 'y_mean', 'aggr_y_mix_shared', 'context_ridge_shared', 'aggr_y_ridge_shared', 'y_ridge_shared', 'cov_y_ridge_shared', 'cov_horizon_ridge_shared', 'residual_ridge_shared', 'full_ridge_shared')
2026-08-03 00:04:17,029 INFO [__main__] baseline selection start l2_grid=(0.0, 1e-06, 1e-05, 0.0001, 0.001, 0.01, 0.1, 1.0, 10.0)
2026-08-03 00:04:19,828 INFO [__main__] baseline selection done
2026-08-03 00:04:19,893 INFO [__main__] experiment done seconds=5.43
2026-08-03 00:04:19,893 INFO [__main__] ========================================================================
2026-08-03T00:04:20+02:00 baselines done configuration=33/48 dataset=Solar model=chronos2 lags=504 horizon=168 retrieval=raw_euclidean_1_online
2026-08-03 00:04:22,134 INFO [__main__] extraction validation directory=outputs/extractions/Solar/504_168/chronos2/raw_euclidean_3_online/extracted status=complete

2026-08-03T00:04:22+02:00 baselines start configuration=34/48 dataset=Solar model=chronos2 lags=504 horizon=168 retrieval=raw_euclidean_3_online family=baselines l2_grid=0,1e-6,1e-5,1e-4,1e-3,1e-2,1e-1,1,10 validation_fraction=0.2 fit_baselines_on_eval=false seed=1 max_t1_fit_samples=none max_t2_valid_samples=none max_adapt_refit_samples=none max_eval_fit_samples=none fit_sample_seed=1
2026-08-03 00:04:24,570 INFO [__main__] ========================================================================
2026-08-03 00:04:24,570 INFO [__main__] selected methods=('context_forecast', 'aggr_y', 'y_mean', 'aggr_y_mix_shared', 'context_ridge_shared', 'aggr_y_ridge_shared', 'y_ridge_shared', 'cov_y_ridge_shared', 'cov_horizon_ridge_shared', 'residual_ridge_shared', 'full_ridge_shared')
2026-08-03 00:04:28,139 INFO [__main__] baseline selection start l2_grid=(0.0, 1e-06, 1e-05, 0.0001, 0.001, 0.01, 0.1, 1.0, 10.0)
2026-08-03 00:04:31,600 INFO [__main__] baseline selection done
2026-08-03 00:04:31,666 INFO [__main__] experiment done seconds=7.09
2026-08-03 00:04:31,666 INFO [__main__] ========================================================================
2026-08-03T00:04:32+02:00 baselines done configuration=34/48 dataset=Solar model=chronos2 lags=504 horizon=168 retrieval=raw_euclidean_3_online
2026-08-03 00:04:33,867 INFO [__main__] extraction validation directory=outputs/extractions/Solar/504_168/chronos2/instance_euclidean_1_online/extracted status=complete

2026-08-03T00:04:34+02:00 baselines start configuration=35/48 dataset=Solar model=chronos2 lags=504 horizon=168 retrieval=instance_euclidean_1_online family=baselines l2_grid=0,1e-6,1e-5,1e-4,1e-3,1e-2,1e-1,1,10 validation_fraction=0.2 fit_baselines_on_eval=false seed=1 max_t1_fit_samples=none max_t2_valid_samples=none max_adapt_refit_samples=none max_eval_fit_samples=none fit_sample_seed=1
2026-08-03 00:04:36,289 INFO [__main__] ========================================================================
2026-08-03 00:04:36,289 INFO [__main__] selected methods=('context_forecast', 'aggr_y', 'y_mean', 'aggr_y_mix_shared', 'context_ridge_shared', 'aggr_y_ridge_shared', 'y_ridge_shared', 'cov_y_ridge_shared', 'cov_horizon_ridge_shared', 'residual_ridge_shared', 'full_ridge_shared')
2026-08-03 00:04:38,799 INFO [__main__] baseline selection start l2_grid=(0.0, 1e-06, 1e-05, 0.0001, 0.001, 0.01, 0.1, 1.0, 10.0)
2026-08-03 00:04:41,590 INFO [__main__] baseline selection done
2026-08-03 00:04:41,655 INFO [__main__] experiment done seconds=5.36
2026-08-03 00:04:41,655 INFO [__main__] ========================================================================
2026-08-03T00:04:41+02:00 baselines done configuration=35/48 dataset=Solar model=chronos2 lags=504 horizon=168 retrieval=instance_euclidean_1_online
2026-08-03 00:04:43,965 INFO [__main__] extraction validation directory=outputs/extractions/Solar/504_168/chronos2/instance_euclidean_3_online/extracted status=complete

2026-08-03T00:04:44+02:00 baselines start configuration=36/48 dataset=Solar model=chronos2 lags=504 horizon=168 retrieval=instance_euclidean_3_online family=baselines l2_grid=0,1e-6,1e-5,1e-4,1e-3,1e-2,1e-1,1,10 validation_fraction=0.2 fit_baselines_on_eval=false seed=1 max_t1_fit_samples=none max_t2_valid_samples=none max_adapt_refit_samples=none max_eval_fit_samples=none fit_sample_seed=1
2026-08-03 00:04:46,403 INFO [__main__] ========================================================================
2026-08-03 00:04:46,403 INFO [__main__] selected methods=('context_forecast', 'aggr_y', 'y_mean', 'aggr_y_mix_shared', 'context_ridge_shared', 'aggr_y_ridge_shared', 'y_ridge_shared', 'cov_y_ridge_shared', 'cov_horizon_ridge_shared', 'residual_ridge_shared', 'full_ridge_shared')
2026-08-03 00:04:49,694 INFO [__main__] baseline selection start l2_grid=(0.0, 1e-06, 1e-05, 0.0001, 0.001, 0.01, 0.1, 1.0, 10.0)
2026-08-03 00:04:53,137 INFO [__main__] baseline selection done
2026-08-03 00:04:53,203 INFO [__main__] experiment done seconds=6.80
2026-08-03 00:04:53,203 INFO [__main__] ========================================================================
2026-08-03T00:04:53+02:00 baselines done configuration=36/48 dataset=Solar model=chronos2 lags=504 horizon=168 retrieval=instance_euclidean_3_online
2026-08-03 00:04:55,440 INFO [__main__] extraction validation directory=outputs/extractions/exchange_rate/168_24/chronos2/raw_euclidean_1_online/extracted status=complete

2026-08-03T00:04:55+02:00 baselines start configuration=37/48 dataset=exchange_rate model=chronos2 lags=168 horizon=24 retrieval=raw_euclidean_1_online family=baselines l2_grid=0,1e-6,1e-5,1e-4,1e-3,1e-2,1e-1,1,10 validation_fraction=0.2 fit_baselines_on_eval=false seed=1 max_t1_fit_samples=none max_t2_valid_samples=none max_adapt_refit_samples=none max_eval_fit_samples=none fit_sample_seed=1
2026-08-03 00:04:57,956 INFO [__main__] ========================================================================
2026-08-03 00:04:57,956 INFO [__main__] selected methods=('context_forecast', 'aggr_y', 'y_mean', 'aggr_y_mix_shared', 'context_ridge_shared', 'aggr_y_ridge_shared', 'y_ridge_shared', 'cov_y_ridge_shared', 'cov_horizon_ridge_shared', 'residual_ridge_shared', 'full_ridge_shared')
2026-08-03 00:04:59,327 INFO [__main__] baseline selection start l2_grid=(0.0, 1e-06, 1e-05, 0.0001, 0.001, 0.01, 0.1, 1.0, 10.0)
2026-08-03 00:04:59,527 INFO [__main__] baseline selection done
2026-08-03 00:04:59,592 INFO [__main__] experiment done seconds=1.63
2026-08-03 00:04:59,592 INFO [__main__] ========================================================================
2026-08-03T00:04:59+02:00 baselines done configuration=37/48 dataset=exchange_rate model=chronos2 lags=168 horizon=24 retrieval=raw_euclidean_1_online
2026-08-03 00:05:01,904 INFO [__main__] extraction validation directory=outputs/extractions/exchange_rate/168_24/chronos2/raw_euclidean_3_online/extracted status=complete

2026-08-03T00:05:02+02:00 baselines start configuration=38/48 dataset=exchange_rate model=chronos2 lags=168 horizon=24 retrieval=raw_euclidean_3_online family=baselines l2_grid=0,1e-6,1e-5,1e-4,1e-3,1e-2,1e-1,1,10 validation_fraction=0.2 fit_baselines_on_eval=false seed=1 max_t1_fit_samples=none max_t2_valid_samples=none max_adapt_refit_samples=none max_eval_fit_samples=none fit_sample_seed=1
2026-08-03 00:05:04,359 INFO [__main__] ========================================================================
2026-08-03 00:05:04,359 INFO [__main__] selected methods=('context_forecast', 'aggr_y', 'y_mean', 'aggr_y_mix_shared', 'context_ridge_shared', 'aggr_y_ridge_shared', 'y_ridge_shared', 'cov_y_ridge_shared', 'cov_horizon_ridge_shared', 'residual_ridge_shared', 'full_ridge_shared')
2026-08-03 00:05:05,861 INFO [__main__] baseline selection start l2_grid=(0.0, 1e-06, 1e-05, 0.0001, 0.001, 0.01, 0.1, 1.0, 10.0)
2026-08-03 00:05:06,076 INFO [__main__] baseline selection done
2026-08-03 00:05:06,141 INFO [__main__] experiment done seconds=1.78
2026-08-03 00:05:06,141 INFO [__main__] ========================================================================
2026-08-03T00:05:06+02:00 baselines done configuration=38/48 dataset=exchange_rate model=chronos2 lags=168 horizon=24 retrieval=raw_euclidean_3_online
2026-08-03 00:05:08,429 INFO [__main__] extraction validation directory=outputs/extractions/exchange_rate/168_24/chronos2/instance_euclidean_1_online/extracted status=complete

2026-08-03T00:05:08+02:00 baselines start configuration=39/48 dataset=exchange_rate model=chronos2 lags=168 horizon=24 retrieval=instance_euclidean_1_online family=baselines l2_grid=0,1e-6,1e-5,1e-4,1e-3,1e-2,1e-1,1,10 validation_fraction=0.2 fit_baselines_on_eval=false seed=1 max_t1_fit_samples=none max_t2_valid_samples=none max_adapt_refit_samples=none max_eval_fit_samples=none fit_sample_seed=1
2026-08-03 00:05:10,993 INFO [__main__] ========================================================================
2026-08-03 00:05:10,993 INFO [__main__] selected methods=('context_forecast', 'aggr_y', 'y_mean', 'aggr_y_mix_shared', 'context_ridge_shared', 'aggr_y_ridge_shared', 'y_ridge_shared', 'cov_y_ridge_shared', 'cov_horizon_ridge_shared', 'residual_ridge_shared', 'full_ridge_shared')
2026-08-03 00:05:12,388 INFO [__main__] baseline selection start l2_grid=(0.0, 1e-06, 1e-05, 0.0001, 0.001, 0.01, 0.1, 1.0, 10.0)
2026-08-03 00:05:12,591 INFO [__main__] baseline selection done
2026-08-03 00:05:12,656 INFO [__main__] experiment done seconds=1.66
2026-08-03 00:05:12,657 INFO [__main__] ========================================================================
2026-08-03T00:05:12+02:00 baselines done configuration=39/48 dataset=exchange_rate model=chronos2 lags=168 horizon=24 retrieval=instance_euclidean_1_online
2026-08-03 00:05:15,064 INFO [__main__] extraction validation directory=outputs/extractions/exchange_rate/168_24/chronos2/instance_euclidean_3_online/extracted status=complete

2026-08-03T00:05:15+02:00 baselines start configuration=40/48 dataset=exchange_rate model=chronos2 lags=168 horizon=24 retrieval=instance_euclidean_3_online family=baselines l2_grid=0,1e-6,1e-5,1e-4,1e-3,1e-2,1e-1,1,10 validation_fraction=0.2 fit_baselines_on_eval=false seed=1 max_t1_fit_samples=none max_t2_valid_samples=none max_adapt_refit_samples=none max_eval_fit_samples=none fit_sample_seed=1
2026-08-03 00:05:17,508 INFO [__main__] ========================================================================
2026-08-03 00:05:17,508 INFO [__main__] selected methods=('context_forecast', 'aggr_y', 'y_mean', 'aggr_y_mix_shared', 'context_ridge_shared', 'aggr_y_ridge_shared', 'y_ridge_shared', 'cov_y_ridge_shared', 'cov_horizon_ridge_shared', 'residual_ridge_shared', 'full_ridge_shared')
2026-08-03 00:05:18,925 INFO [__main__] baseline selection start l2_grid=(0.0, 1e-06, 1e-05, 0.0001, 0.001, 0.01, 0.1, 1.0, 10.0)
2026-08-03 00:05:19,131 INFO [__main__] baseline selection done
2026-08-03 00:05:19,196 INFO [__main__] experiment done seconds=1.68
2026-08-03 00:05:19,196 INFO [__main__] ========================================================================
2026-08-03T00:05:19+02:00 baselines done configuration=40/48 dataset=exchange_rate model=chronos2 lags=168 horizon=24 retrieval=instance_euclidean_3_online
2026-08-03 00:05:21,443 INFO [__main__] extraction validation directory=outputs/extractions/exchange_rate/336_48/chronos2/raw_euclidean_1_online/extracted status=complete

2026-08-03T00:05:21+02:00 baselines start configuration=41/48 dataset=exchange_rate model=chronos2 lags=336 horizon=48 retrieval=raw_euclidean_1_online family=baselines l2_grid=0,1e-6,1e-5,1e-4,1e-3,1e-2,1e-1,1,10 validation_fraction=0.2 fit_baselines_on_eval=false seed=1 max_t1_fit_samples=none max_t2_valid_samples=none max_adapt_refit_samples=none max_eval_fit_samples=none fit_sample_seed=1
2026-08-03 00:05:23,969 INFO [__main__] ========================================================================
2026-08-03 00:05:23,969 INFO [__main__] selected methods=('context_forecast', 'aggr_y', 'y_mean', 'aggr_y_mix_shared', 'context_ridge_shared', 'aggr_y_ridge_shared', 'y_ridge_shared', 'cov_y_ridge_shared', 'cov_horizon_ridge_shared', 'residual_ridge_shared', 'full_ridge_shared')
2026-08-03 00:05:25,506 INFO [__main__] baseline selection start l2_grid=(0.0, 1e-06, 1e-05, 0.0001, 0.001, 0.01, 0.1, 1.0, 10.0)
2026-08-03 00:05:25,755 INFO [__main__] baseline selection done
2026-08-03 00:05:25,820 INFO [__main__] experiment done seconds=1.85
2026-08-03 00:05:25,820 INFO [__main__] ========================================================================
2026-08-03T00:05:26+02:00 baselines done configuration=41/48 dataset=exchange_rate model=chronos2 lags=336 horizon=48 retrieval=raw_euclidean_1_online
2026-08-03 00:05:28,107 INFO [__main__] extraction validation directory=outputs/extractions/exchange_rate/336_48/chronos2/raw_euclidean_3_online/extracted status=complete

2026-08-03T00:05:28+02:00 baselines start configuration=42/48 dataset=exchange_rate model=chronos2 lags=336 horizon=48 retrieval=raw_euclidean_3_online family=baselines l2_grid=0,1e-6,1e-5,1e-4,1e-3,1e-2,1e-1,1,10 validation_fraction=0.2 fit_baselines_on_eval=false seed=1 max_t1_fit_samples=none max_t2_valid_samples=none max_adapt_refit_samples=none max_eval_fit_samples=none fit_sample_seed=1
2026-08-03 00:05:30,579 INFO [__main__] ========================================================================
2026-08-03 00:05:30,579 INFO [__main__] selected methods=('context_forecast', 'aggr_y', 'y_mean', 'aggr_y_mix_shared', 'context_ridge_shared', 'aggr_y_ridge_shared', 'y_ridge_shared', 'cov_y_ridge_shared', 'cov_horizon_ridge_shared', 'residual_ridge_shared', 'full_ridge_shared')
2026-08-03 00:05:32,306 INFO [__main__] baseline selection start l2_grid=(0.0, 1e-06, 1e-05, 0.0001, 0.001, 0.01, 0.1, 1.0, 10.0)
2026-08-03 00:05:32,551 INFO [__main__] baseline selection done
2026-08-03 00:05:32,616 INFO [__main__] experiment done seconds=2.03
2026-08-03 00:05:32,616 INFO [__main__] ========================================================================
2026-08-03T00:05:32+02:00 baselines done configuration=42/48 dataset=exchange_rate model=chronos2 lags=336 horizon=48 retrieval=raw_euclidean_3_online
2026-08-03 00:05:34,837 INFO [__main__] extraction validation directory=outputs/extractions/exchange_rate/336_48/chronos2/instance_euclidean_1_online/extracted status=complete

2026-08-03T00:05:35+02:00 baselines start configuration=43/48 dataset=exchange_rate model=chronos2 lags=336 horizon=48 retrieval=instance_euclidean_1_online family=baselines l2_grid=0,1e-6,1e-5,1e-4,1e-3,1e-2,1e-1,1,10 validation_fraction=0.2 fit_baselines_on_eval=false seed=1 max_t1_fit_samples=none max_t2_valid_samples=none max_adapt_refit_samples=none max_eval_fit_samples=none fit_sample_seed=1
2026-08-03 00:05:37,305 INFO [__main__] ========================================================================
2026-08-03 00:05:37,306 INFO [__main__] selected methods=('context_forecast', 'aggr_y', 'y_mean', 'aggr_y_mix_shared', 'context_ridge_shared', 'aggr_y_ridge_shared', 'y_ridge_shared', 'cov_y_ridge_shared', 'cov_horizon_ridge_shared', 'residual_ridge_shared', 'full_ridge_shared')
2026-08-03 00:05:38,685 INFO [__main__] baseline selection start l2_grid=(0.0, 1e-06, 1e-05, 0.0001, 0.001, 0.01, 0.1, 1.0, 10.0)
2026-08-03 00:05:38,909 INFO [__main__] baseline selection done
2026-08-03 00:05:38,975 INFO [__main__] experiment done seconds=1.67
2026-08-03 00:05:38,975 INFO [__main__] ========================================================================
2026-08-03T00:05:39+02:00 baselines done configuration=43/48 dataset=exchange_rate model=chronos2 lags=336 horizon=48 retrieval=instance_euclidean_1_online
2026-08-03 00:05:41,185 INFO [__main__] extraction validation directory=outputs/extractions/exchange_rate/336_48/chronos2/instance_euclidean_3_online/extracted status=complete

2026-08-03T00:05:41+02:00 baselines start configuration=44/48 dataset=exchange_rate model=chronos2 lags=336 horizon=48 retrieval=instance_euclidean_3_online family=baselines l2_grid=0,1e-6,1e-5,1e-4,1e-3,1e-2,1e-1,1,10 validation_fraction=0.2 fit_baselines_on_eval=false seed=1 max_t1_fit_samples=none max_t2_valid_samples=none max_adapt_refit_samples=none max_eval_fit_samples=none fit_sample_seed=1
2026-08-03 00:05:43,609 INFO [__main__] ========================================================================
2026-08-03 00:05:43,609 INFO [__main__] selected methods=('context_forecast', 'aggr_y', 'y_mean', 'aggr_y_mix_shared', 'context_ridge_shared', 'aggr_y_ridge_shared', 'y_ridge_shared', 'cov_y_ridge_shared', 'cov_horizon_ridge_shared', 'residual_ridge_shared', 'full_ridge_shared')
2026-08-03 00:05:45,082 INFO [__main__] baseline selection start l2_grid=(0.0, 1e-06, 1e-05, 0.0001, 0.001, 0.01, 0.1, 1.0, 10.0)
2026-08-03 00:05:45,328 INFO [__main__] baseline selection done
2026-08-03 00:05:45,393 INFO [__main__] experiment done seconds=1.78
2026-08-03 00:05:45,393 INFO [__main__] ========================================================================
2026-08-03T00:05:45+02:00 baselines done configuration=44/48 dataset=exchange_rate model=chronos2 lags=336 horizon=48 retrieval=instance_euclidean_3_online
2026-08-03 00:05:47,565 INFO [__main__] extraction validation directory=outputs/extractions/exchange_rate/504_168/chronos2/raw_euclidean_1_online/extracted status=complete

2026-08-03T00:05:47+02:00 baselines start configuration=45/48 dataset=exchange_rate model=chronos2 lags=504 horizon=168 retrieval=raw_euclidean_1_online family=baselines l2_grid=0,1e-6,1e-5,1e-4,1e-3,1e-2,1e-1,1,10 validation_fraction=0.2 fit_baselines_on_eval=false seed=1 max_t1_fit_samples=none max_t2_valid_samples=none max_adapt_refit_samples=none max_eval_fit_samples=none fit_sample_seed=1
2026-08-03 00:05:50,070 INFO [__main__] ========================================================================
2026-08-03 00:05:50,071 INFO [__main__] selected methods=('context_forecast', 'aggr_y', 'y_mean', 'aggr_y_mix_shared', 'context_ridge_shared', 'aggr_y_ridge_shared', 'y_ridge_shared', 'cov_y_ridge_shared', 'cov_horizon_ridge_shared', 'residual_ridge_shared', 'full_ridge_shared')
2026-08-03 00:05:51,438 INFO [__main__] baseline selection start l2_grid=(0.0, 1e-06, 1e-05, 0.0001, 0.001, 0.01, 0.1, 1.0, 10.0)
2026-08-03 00:05:51,789 INFO [__main__] baseline selection done
2026-08-03 00:05:51,855 INFO [__main__] experiment done seconds=1.78
2026-08-03 00:05:51,855 INFO [__main__] ========================================================================
2026-08-03T00:05:52+02:00 baselines done configuration=45/48 dataset=exchange_rate model=chronos2 lags=504 horizon=168 retrieval=raw_euclidean_1_online
2026-08-03 00:05:54,065 INFO [__main__] extraction validation directory=outputs/extractions/exchange_rate/504_168/chronos2/raw_euclidean_3_online/extracted status=complete

2026-08-03T00:05:54+02:00 baselines start configuration=46/48 dataset=exchange_rate model=chronos2 lags=504 horizon=168 retrieval=raw_euclidean_3_online family=baselines l2_grid=0,1e-6,1e-5,1e-4,1e-3,1e-2,1e-1,1,10 validation_fraction=0.2 fit_baselines_on_eval=false seed=1 max_t1_fit_samples=none max_t2_valid_samples=none max_adapt_refit_samples=none max_eval_fit_samples=none fit_sample_seed=1
2026-08-03 00:05:56,597 INFO [__main__] ========================================================================
2026-08-03 00:05:56,597 INFO [__main__] selected methods=('context_forecast', 'aggr_y', 'y_mean', 'aggr_y_mix_shared', 'context_ridge_shared', 'aggr_y_ridge_shared', 'y_ridge_shared', 'cov_y_ridge_shared', 'cov_horizon_ridge_shared', 'residual_ridge_shared', 'full_ridge_shared')
2026-08-03 00:05:58,021 INFO [__main__] baseline selection start l2_grid=(0.0, 1e-06, 1e-05, 0.0001, 0.001, 0.01, 0.1, 1.0, 10.0)
2026-08-03 00:05:58,430 INFO [__main__] baseline selection done
2026-08-03 00:05:58,495 INFO [__main__] experiment done seconds=1.89
2026-08-03 00:05:58,495 INFO [__main__] ========================================================================
2026-08-03T00:05:58+02:00 baselines done configuration=46/48 dataset=exchange_rate model=chronos2 lags=504 horizon=168 retrieval=raw_euclidean_3_online
2026-08-03 00:06:00,696 INFO [__main__] extraction validation directory=outputs/extractions/exchange_rate/504_168/chronos2/instance_euclidean_1_online/extracted status=complete

2026-08-03T00:06:01+02:00 baselines start configuration=47/48 dataset=exchange_rate model=chronos2 lags=504 horizon=168 retrieval=instance_euclidean_1_online family=baselines l2_grid=0,1e-6,1e-5,1e-4,1e-3,1e-2,1e-1,1,10 validation_fraction=0.2 fit_baselines_on_eval=false seed=1 max_t1_fit_samples=none max_t2_valid_samples=none max_adapt_refit_samples=none max_eval_fit_samples=none fit_sample_seed=1
2026-08-03 00:06:03,155 INFO [__main__] ========================================================================
2026-08-03 00:06:03,155 INFO [__main__] selected methods=('context_forecast', 'aggr_y', 'y_mean', 'aggr_y_mix_shared', 'context_ridge_shared', 'aggr_y_ridge_shared', 'y_ridge_shared', 'cov_y_ridge_shared', 'cov_horizon_ridge_shared', 'residual_ridge_shared', 'full_ridge_shared')
2026-08-03 00:06:04,551 INFO [__main__] baseline selection start l2_grid=(0.0, 1e-06, 1e-05, 0.0001, 0.001, 0.01, 0.1, 1.0, 10.0)
2026-08-03 00:06:04,909 INFO [__main__] baseline selection done
2026-08-03 00:06:04,978 INFO [__main__] experiment done seconds=1.82
2026-08-03 00:06:04,978 INFO [__main__] ========================================================================
2026-08-03T00:06:05+02:00 baselines done configuration=47/48 dataset=exchange_rate model=chronos2 lags=504 horizon=168 retrieval=instance_euclidean_1_online
2026-08-03 00:06:07,234 INFO [__main__] extraction validation directory=outputs/extractions/exchange_rate/504_168/chronos2/instance_euclidean_3_online/extracted status=complete

2026-08-03T00:06:07+02:00 baselines start configuration=48/48 dataset=exchange_rate model=chronos2 lags=504 horizon=168 retrieval=instance_euclidean_3_online family=baselines l2_grid=0,1e-6,1e-5,1e-4,1e-3,1e-2,1e-1,1,10 validation_fraction=0.2 fit_baselines_on_eval=false seed=1 max_t1_fit_samples=none max_t2_valid_samples=none max_adapt_refit_samples=none max_eval_fit_samples=none fit_sample_seed=1
2026-08-03 00:06:09,723 INFO [__main__] ========================================================================
2026-08-03 00:06:09,723 INFO [__main__] selected methods=('context_forecast', 'aggr_y', 'y_mean', 'aggr_y_mix_shared', 'context_ridge_shared', 'aggr_y_ridge_shared', 'y_ridge_shared', 'cov_y_ridge_shared', 'cov_horizon_ridge_shared', 'residual_ridge_shared', 'full_ridge_shared')
2026-08-03 00:06:11,215 INFO [__main__] baseline selection start l2_grid=(0.0, 1e-06, 1e-05, 0.0001, 0.001, 0.01, 0.1, 1.0, 10.0)
2026-08-03 00:06:11,620 INFO [__main__] baseline selection done
2026-08-03 00:06:11,685 INFO [__main__] experiment done seconds=1.96
2026-08-03 00:06:11,685 INFO [__main__] ========================================================================
2026-08-03T00:06:11+02:00 baselines done configuration=48/48 dataset=exchange_rate model=chronos2 lags=504 horizon=168 retrieval=instance_euclidean_3_online

2026-08-03T00:06:11+02:00 job done kind=baselines output=outputs/adaptation_results/screen

2026-08-03T00:06:12+02:00 job start kind=gates experiment_mode=screen skip_complete=true tasks=48 datasets=Electricity,Traffic,Solar,exchange_rate models=chronos2 settings=168:24,336:48,504:168 distance_spaces=raw,instance distance_metrics=euclidean neighbors=1,3 methods=context_forecast,aggr_y,bayes_context_shared,bayes_aggr_y_shared,catboost_context_regressor_shared,catboost_aggr_y_regressor_shared,oracle_context_shared,oracle_aggr_y_shared task_type=CPU thread_count=2 horizon_fits=serial allocated_cpus=16 results_root=outputs/adaptation_results/screen
2026-08-03 00:06:13,964 INFO [__main__] extraction validation directory=outputs/extractions/Electricity/168_24/chronos2/raw_euclidean_1_online/extracted status=complete

2026-08-03T00:06:14+02:00 gates start configuration=1/48 dataset=Electricity model=chronos2 lags=168 horizon=24 retrieval=raw_euclidean_1_online family=gates iterations=300 learning_rate=0.03 depth=4 early_stopping_rounds=50 task_type=CPU thread_count=2 horizon_fits=serial validation_fraction=0.2 seed=1 max_t1_fit_samples=none max_t2_valid_samples=none max_adapt_refit_samples=none fit_sample_seed=1
2026-08-03 00:06:16,515 INFO [__main__] ========================================================================
2026-08-03 00:06:16,515 INFO [__main__] selected methods=('context_forecast', 'aggr_y', 'bayes_context_shared', 'bayes_aggr_y_shared', 'catboost_context_regressor_shared', 'catboost_aggr_y_regressor_shared', 'oracle_context_shared', 'oracle_aggr_y_shared')
2026-08-03 00:06:20,488 INFO [__main__] gate fitting start candidate=context
2026-08-03 00:06:23,044 INFO [__main__] gate fitting done candidate=context
2026-08-03 00:06:23,044 INFO [__main__] gate fitting start candidate=aggr_y
2026-08-03 00:06:24,735 INFO [__main__] gate fitting done candidate=aggr_y
2026-08-03 00:06:25,574 INFO [__main__] experiment done seconds=9.06
2026-08-03 00:06:25,574 INFO [__main__] ========================================================================
2026-08-03T00:06:26+02:00 gates done configuration=1/48 dataset=Electricity model=chronos2 lags=168 horizon=24 retrieval=raw_euclidean_1_online
2026-08-03 00:06:27,888 INFO [__main__] extraction validation directory=outputs/extractions/Electricity/168_24/chronos2/raw_euclidean_3_online/extracted status=complete

2026-08-03T00:06:28+02:00 gates start configuration=2/48 dataset=Electricity model=chronos2 lags=168 horizon=24 retrieval=raw_euclidean_3_online family=gates iterations=300 learning_rate=0.03 depth=4 early_stopping_rounds=50 task_type=CPU thread_count=2 horizon_fits=serial validation_fraction=0.2 seed=1 max_t1_fit_samples=none max_t2_valid_samples=none max_adapt_refit_samples=none fit_sample_seed=1
2026-08-03 00:06:30,368 INFO [__main__] ========================================================================
2026-08-03 00:06:30,368 INFO [__main__] selected methods=('context_forecast', 'aggr_y', 'bayes_context_shared', 'bayes_aggr_y_shared', 'catboost_context_regressor_shared', 'catboost_aggr_y_regressor_shared', 'oracle_context_shared', 'oracle_aggr_y_shared')
2026-08-03 00:06:37,208 INFO [__main__] gate fitting start candidate=context
2026-08-03 00:06:39,494 INFO [__main__] gate fitting done candidate=context
2026-08-03 00:06:39,494 INFO [__main__] gate fitting start candidate=aggr_y
2026-08-03 00:06:41,305 INFO [__main__] gate fitting done candidate=aggr_y
2026-08-03 00:06:42,099 INFO [__main__] experiment done seconds=11.73
2026-08-03 00:06:42,099 INFO [__main__] ========================================================================
2026-08-03T00:06:42+02:00 gates done configuration=2/48 dataset=Electricity model=chronos2 lags=168 horizon=24 retrieval=raw_euclidean_3_online
2026-08-03 00:06:44,484 INFO [__main__] extraction validation directory=outputs/extractions/Electricity/168_24/chronos2/instance_euclidean_1_online/extracted status=complete

2026-08-03T00:06:44+02:00 gates start configuration=3/48 dataset=Electricity model=chronos2 lags=168 horizon=24 retrieval=instance_euclidean_1_online family=gates iterations=300 learning_rate=0.03 depth=4 early_stopping_rounds=50 task_type=CPU thread_count=2 horizon_fits=serial validation_fraction=0.2 seed=1 max_t1_fit_samples=none max_t2_valid_samples=none max_adapt_refit_samples=none fit_sample_seed=1
2026-08-03 00:06:46,974 INFO [__main__] ========================================================================
2026-08-03 00:06:46,974 INFO [__main__] selected methods=('context_forecast', 'aggr_y', 'bayes_context_shared', 'bayes_aggr_y_shared', 'catboost_context_regressor_shared', 'catboost_aggr_y_regressor_shared', 'oracle_context_shared', 'oracle_aggr_y_shared')
2026-08-03 00:06:50,757 INFO [__main__] gate fitting start candidate=context
2026-08-03 00:06:55,610 INFO [__main__] gate fitting done candidate=context
2026-08-03 00:06:55,610 INFO [__main__] gate fitting start candidate=aggr_y
2026-08-03 00:06:59,388 INFO [__main__] gate fitting done candidate=aggr_y
2026-08-03 00:07:00,171 INFO [__main__] experiment done seconds=13.19
2026-08-03 00:07:00,171 INFO [__main__] ========================================================================
2026-08-03T00:07:00+02:00 gates done configuration=3/48 dataset=Electricity model=chronos2 lags=168 horizon=24 retrieval=instance_euclidean_1_online
2026-08-03 00:07:02,587 INFO [__main__] extraction validation directory=outputs/extractions/Electricity/168_24/chronos2/instance_euclidean_3_online/extracted status=complete

2026-08-03T00:07:02+02:00 gates start configuration=4/48 dataset=Electricity model=chronos2 lags=168 horizon=24 retrieval=instance_euclidean_3_online family=gates iterations=300 learning_rate=0.03 depth=4 early_stopping_rounds=50 task_type=CPU thread_count=2 horizon_fits=serial validation_fraction=0.2 seed=1 max_t1_fit_samples=none max_t2_valid_samples=none max_adapt_refit_samples=none fit_sample_seed=1
2026-08-03 00:07:05,106 INFO [__main__] ========================================================================
2026-08-03 00:07:05,106 INFO [__main__] selected methods=('context_forecast', 'aggr_y', 'bayes_context_shared', 'bayes_aggr_y_shared', 'catboost_context_regressor_shared', 'catboost_aggr_y_regressor_shared', 'oracle_context_shared', 'oracle_aggr_y_shared')
2026-08-03 00:07:11,014 INFO [__main__] gate fitting start candidate=context
2026-08-03 00:07:13,312 INFO [__main__] gate fitting done candidate=context
2026-08-03 00:07:13,312 INFO [__main__] gate fitting start candidate=aggr_y
2026-08-03 00:07:15,419 INFO [__main__] gate fitting done candidate=aggr_y
2026-08-03 00:07:16,197 INFO [__main__] experiment done seconds=11.09
2026-08-03 00:07:16,198 INFO [__main__] ========================================================================
2026-08-03T00:07:16+02:00 gates done configuration=4/48 dataset=Electricity model=chronos2 lags=168 horizon=24 retrieval=instance_euclidean_3_online
2026-08-03 00:07:18,794 INFO [__main__] extraction validation directory=outputs/extractions/Electricity/336_48/chronos2/raw_euclidean_1_online/extracted status=complete

2026-08-03T00:07:19+02:00 gates start configuration=5/48 dataset=Electricity model=chronos2 lags=336 horizon=48 retrieval=raw_euclidean_1_online family=gates iterations=300 learning_rate=0.03 depth=4 early_stopping_rounds=50 task_type=CPU thread_count=2 horizon_fits=serial validation_fraction=0.2 seed=1 max_t1_fit_samples=none max_t2_valid_samples=none max_adapt_refit_samples=none fit_sample_seed=1
2026-08-03 00:07:21,250 INFO [__main__] ========================================================================
2026-08-03 00:07:21,250 INFO [__main__] selected methods=('context_forecast', 'aggr_y', 'bayes_context_shared', 'bayes_aggr_y_shared', 'catboost_context_regressor_shared', 'catboost_aggr_y_regressor_shared', 'oracle_context_shared', 'oracle_aggr_y_shared')
2026-08-03 00:07:27,116 INFO [__main__] gate fitting start candidate=context
2026-08-03 00:07:29,854 INFO [__main__] gate fitting done candidate=context
2026-08-03 00:07:29,855 INFO [__main__] gate fitting start candidate=aggr_y
2026-08-03 00:07:32,085 INFO [__main__] gate fitting done candidate=aggr_y
2026-08-03 00:07:32,923 INFO [__main__] experiment done seconds=11.67
2026-08-03 00:07:32,924 INFO [__main__] ========================================================================
2026-08-03T00:07:33+02:00 gates done configuration=5/48 dataset=Electricity model=chronos2 lags=336 horizon=48 retrieval=raw_euclidean_1_online
2026-08-03 00:07:35,276 INFO [__main__] extraction validation directory=outputs/extractions/Electricity/336_48/chronos2/raw_euclidean_3_online/extracted status=complete

2026-08-03T00:07:35+02:00 gates start configuration=6/48 dataset=Electricity model=chronos2 lags=336 horizon=48 retrieval=raw_euclidean_3_online family=gates iterations=300 learning_rate=0.03 depth=4 early_stopping_rounds=50 task_type=CPU thread_count=2 horizon_fits=serial validation_fraction=0.2 seed=1 max_t1_fit_samples=none max_t2_valid_samples=none max_adapt_refit_samples=none fit_sample_seed=1
2026-08-03 00:07:37,723 INFO [__main__] ========================================================================
2026-08-03 00:07:37,723 INFO [__main__] selected methods=('context_forecast', 'aggr_y', 'bayes_context_shared', 'bayes_aggr_y_shared', 'catboost_context_regressor_shared', 'catboost_aggr_y_regressor_shared', 'oracle_context_shared', 'oracle_aggr_y_shared')
2026-08-03 00:07:47,573 INFO [__main__] gate fitting start candidate=context
2026-08-03 00:07:50,377 INFO [__main__] gate fitting done candidate=context
2026-08-03 00:07:50,377 INFO [__main__] gate fitting start candidate=aggr_y
2026-08-03 00:07:52,842 INFO [__main__] gate fitting done candidate=aggr_y
2026-08-03 00:07:53,630 INFO [__main__] experiment done seconds=15.90
2026-08-03 00:07:53,630 INFO [__main__] ========================================================================
2026-08-03T00:07:54+02:00 gates done configuration=6/48 dataset=Electricity model=chronos2 lags=336 horizon=48 retrieval=raw_euclidean_3_online
2026-08-03 00:07:55,896 INFO [__main__] extraction validation directory=outputs/extractions/Electricity/336_48/chronos2/instance_euclidean_1_online/extracted status=complete

2026-08-03T00:07:56+02:00 gates start configuration=7/48 dataset=Electricity model=chronos2 lags=336 horizon=48 retrieval=instance_euclidean_1_online family=gates iterations=300 learning_rate=0.03 depth=4 early_stopping_rounds=50 task_type=CPU thread_count=2 horizon_fits=serial validation_fraction=0.2 seed=1 max_t1_fit_samples=none max_t2_valid_samples=none max_adapt_refit_samples=none fit_sample_seed=1
2026-08-03 00:07:58,363 INFO [__main__] ========================================================================
2026-08-03 00:07:58,363 INFO [__main__] selected methods=('context_forecast', 'aggr_y', 'bayes_context_shared', 'bayes_aggr_y_shared', 'catboost_context_regressor_shared', 'catboost_aggr_y_regressor_shared', 'oracle_context_shared', 'oracle_aggr_y_shared')
2026-08-03 00:08:04,011 INFO [__main__] gate fitting start candidate=context
2026-08-03 00:08:06,576 INFO [__main__] gate fitting done candidate=context
2026-08-03 00:08:06,576 INFO [__main__] gate fitting start candidate=aggr_y
2026-08-03 00:08:08,867 INFO [__main__] gate fitting done candidate=aggr_y
2026-08-03 00:08:09,676 INFO [__main__] experiment done seconds=11.31
2026-08-03 00:08:09,676 INFO [__main__] ========================================================================
2026-08-03T00:08:10+02:00 gates done configuration=7/48 dataset=Electricity model=chronos2 lags=336 horizon=48 retrieval=instance_euclidean_1_online
2026-08-03 00:08:12,062 INFO [__main__] extraction validation directory=outputs/extractions/Electricity/336_48/chronos2/instance_euclidean_3_online/extracted status=complete

2026-08-03T00:08:12+02:00 gates start configuration=8/48 dataset=Electricity model=chronos2 lags=336 horizon=48 retrieval=instance_euclidean_3_online family=gates iterations=300 learning_rate=0.03 depth=4 early_stopping_rounds=50 task_type=CPU thread_count=2 horizon_fits=serial validation_fraction=0.2 seed=1 max_t1_fit_samples=none max_t2_valid_samples=none max_adapt_refit_samples=none fit_sample_seed=1
2026-08-03 00:08:14,520 INFO [__main__] ========================================================================
2026-08-03 00:08:14,520 INFO [__main__] selected methods=('context_forecast', 'aggr_y', 'bayes_context_shared', 'bayes_aggr_y_shared', 'catboost_context_regressor_shared', 'catboost_aggr_y_regressor_shared', 'oracle_context_shared', 'oracle_aggr_y_shared')
2026-08-03 00:08:24,592 INFO [__main__] gate fitting start candidate=context
2026-08-03 00:08:27,508 INFO [__main__] gate fitting done candidate=context
2026-08-03 00:08:27,508 INFO [__main__] gate fitting start candidate=aggr_y
2026-08-03 00:08:29,742 INFO [__main__] gate fitting done candidate=aggr_y
2026-08-03 00:08:30,520 INFO [__main__] experiment done seconds=16.00
2026-08-03 00:08:30,520 INFO [__main__] ========================================================================
2026-08-03T00:08:30+02:00 gates done configuration=8/48 dataset=Electricity model=chronos2 lags=336 horizon=48 retrieval=instance_euclidean_3_online
2026-08-03 00:08:33,075 INFO [__main__] extraction validation directory=outputs/extractions/Electricity/504_168/chronos2/raw_euclidean_1_online/extracted status=complete

2026-08-03T00:08:33+02:00 gates start configuration=9/48 dataset=Electricity model=chronos2 lags=504 horizon=168 retrieval=raw_euclidean_1_online family=gates iterations=300 learning_rate=0.03 depth=4 early_stopping_rounds=50 task_type=CPU thread_count=2 horizon_fits=serial validation_fraction=0.2 seed=1 max_t1_fit_samples=none max_t2_valid_samples=none max_adapt_refit_samples=none fit_sample_seed=1
2026-08-03 00:08:35,492 INFO [__main__] ========================================================================
2026-08-03 00:08:35,492 INFO [__main__] selected methods=('context_forecast', 'aggr_y', 'bayes_context_shared', 'bayes_aggr_y_shared', 'catboost_context_regressor_shared', 'catboost_aggr_y_regressor_shared', 'oracle_context_shared', 'oracle_aggr_y_shared')
2026-08-03 00:08:48,735 INFO [__main__] gate fitting start candidate=context
2026-08-03 00:08:54,427 INFO [__main__] gate fitting done candidate=context
2026-08-03 00:08:54,428 INFO [__main__] gate fitting start candidate=aggr_y
2026-08-03 00:08:59,760 INFO [__main__] gate fitting done candidate=aggr_y
2026-08-03 00:09:00,586 INFO [__main__] experiment done seconds=25.09
2026-08-03 00:09:00,586 INFO [__main__] ========================================================================
2026-08-03T00:09:01+02:00 gates done configuration=9/48 dataset=Electricity model=chronos2 lags=504 horizon=168 retrieval=raw_euclidean_1_online
2026-08-03 00:09:02,957 INFO [__main__] extraction validation directory=outputs/extractions/Electricity/504_168/chronos2/raw_euclidean_3_online/extracted status=complete

2026-08-03T00:09:03+02:00 gates start configuration=10/48 dataset=Electricity model=chronos2 lags=504 horizon=168 retrieval=raw_euclidean_3_online family=gates iterations=300 learning_rate=0.03 depth=4 early_stopping_rounds=50 task_type=CPU thread_count=2 horizon_fits=serial validation_fraction=0.2 seed=1 max_t1_fit_samples=none max_t2_valid_samples=none max_adapt_refit_samples=none fit_sample_seed=1
2026-08-03 00:09:05,391 INFO [__main__] ========================================================================
2026-08-03 00:09:05,391 INFO [__main__] selected methods=('context_forecast', 'aggr_y', 'bayes_context_shared', 'bayes_aggr_y_shared', 'catboost_context_regressor_shared', 'catboost_aggr_y_regressor_shared', 'oracle_context_shared', 'oracle_aggr_y_shared')
2026-08-03 00:09:23,489 INFO [__main__] gate fitting start candidate=context
2026-08-03 00:09:29,533 INFO [__main__] gate fitting done candidate=context
2026-08-03 00:09:29,533 INFO [__main__] gate fitting start candidate=aggr_y
2026-08-03 00:09:34,773 INFO [__main__] gate fitting done candidate=aggr_y
2026-08-03 00:09:35,572 INFO [__main__] experiment done seconds=30.18
2026-08-03 00:09:35,572 INFO [__main__] ========================================================================
2026-08-03T00:09:36+02:00 gates done configuration=10/48 dataset=Electricity model=chronos2 lags=504 horizon=168 retrieval=raw_euclidean_3_online
2026-08-03 00:09:38,182 INFO [__main__] extraction validation directory=outputs/extractions/Electricity/504_168/chronos2/instance_euclidean_1_online/extracted status=complete

2026-08-03T00:09:38+02:00 gates start configuration=11/48 dataset=Electricity model=chronos2 lags=504 horizon=168 retrieval=instance_euclidean_1_online family=gates iterations=300 learning_rate=0.03 depth=4 early_stopping_rounds=50 task_type=CPU thread_count=2 horizon_fits=serial validation_fraction=0.2 seed=1 max_t1_fit_samples=none max_t2_valid_samples=none max_adapt_refit_samples=none fit_sample_seed=1
2026-08-03 00:09:40,620 INFO [__main__] ========================================================================
2026-08-03 00:09:40,620 INFO [__main__] selected methods=('context_forecast', 'aggr_y', 'bayes_context_shared', 'bayes_aggr_y_shared', 'catboost_context_regressor_shared', 'catboost_aggr_y_regressor_shared', 'oracle_context_shared', 'oracle_aggr_y_shared')
2026-08-03 00:09:51,855 INFO [__main__] gate fitting start candidate=context
2026-08-03 00:09:57,309 INFO [__main__] gate fitting done candidate=context
2026-08-03 00:09:57,309 INFO [__main__] gate fitting start candidate=aggr_y
2026-08-03 00:10:01,585 INFO [__main__] gate fitting done candidate=aggr_y
2026-08-03 00:10:02,502 INFO [__main__] experiment done seconds=21.88
2026-08-03 00:10:02,502 INFO [__main__] ========================================================================
2026-08-03T00:10:02+02:00 gates done configuration=11/48 dataset=Electricity model=chronos2 lags=504 horizon=168 retrieval=instance_euclidean_1_online
2026-08-03 00:10:05,106 INFO [__main__] extraction validation directory=outputs/extractions/Electricity/504_168/chronos2/instance_euclidean_3_online/extracted status=complete

2026-08-03T00:10:05+02:00 gates start configuration=12/48 dataset=Electricity model=chronos2 lags=504 horizon=168 retrieval=instance_euclidean_3_online family=gates iterations=300 learning_rate=0.03 depth=4 early_stopping_rounds=50 task_type=CPU thread_count=2 horizon_fits=serial validation_fraction=0.2 seed=1 max_t1_fit_samples=none max_t2_valid_samples=none max_adapt_refit_samples=none fit_sample_seed=1
2026-08-03 00:10:07,894 INFO [__main__] ========================================================================
2026-08-03 00:10:07,894 INFO [__main__] selected methods=('context_forecast', 'aggr_y', 'bayes_context_shared', 'bayes_aggr_y_shared', 'catboost_context_regressor_shared', 'catboost_aggr_y_regressor_shared', 'oracle_context_shared', 'oracle_aggr_y_shared')
2026-08-03 00:10:32,267 INFO [__main__] gate fitting start candidate=context
2026-08-03 00:10:37,561 INFO [__main__] gate fitting done candidate=context
2026-08-03 00:10:37,561 INFO [__main__] gate fitting start candidate=aggr_y
2026-08-03 00:10:42,368 INFO [__main__] gate fitting done candidate=aggr_y
2026-08-03 00:10:43,177 INFO [__main__] experiment done seconds=35.28
2026-08-03 00:10:43,177 INFO [__main__] ========================================================================
2026-08-03T00:10:43+02:00 gates done configuration=12/48 dataset=Electricity model=chronos2 lags=504 horizon=168 retrieval=instance_euclidean_3_online
2026-08-03 00:10:45,943 INFO [__main__] extraction validation directory=outputs/extractions/Traffic/168_24/chronos2/raw_euclidean_1_online/extracted status=complete

2026-08-03T00:10:46+02:00 gates start configuration=13/48 dataset=Traffic model=chronos2 lags=168 horizon=24 retrieval=raw_euclidean_1_online family=gates iterations=300 learning_rate=0.03 depth=4 early_stopping_rounds=50 task_type=CPU thread_count=2 horizon_fits=serial validation_fraction=0.2 seed=1 max_t1_fit_samples=none max_t2_valid_samples=none max_adapt_refit_samples=none fit_sample_seed=1
2026-08-03 00:10:48,540 INFO [__main__] ========================================================================
2026-08-03 00:10:48,540 INFO [__main__] selected methods=('context_forecast', 'aggr_y', 'bayes_context_shared', 'bayes_aggr_y_shared', 'catboost_context_regressor_shared', 'catboost_aggr_y_regressor_shared', 'oracle_context_shared', 'oracle_aggr_y_shared')
2026-08-03 00:10:55,390 INFO [__main__] gate fitting start candidate=context
2026-08-03 00:11:01,389 INFO [__main__] gate fitting done candidate=context
2026-08-03 00:11:01,389 INFO [__main__] gate fitting start candidate=aggr_y
2026-08-03 00:11:08,671 INFO [__main__] gate fitting done candidate=aggr_y
2026-08-03 00:11:09,507 INFO [__main__] experiment done seconds=20.96
2026-08-03 00:11:09,507 INFO [__main__] ========================================================================
2026-08-03T00:11:09+02:00 gates done configuration=13/48 dataset=Traffic model=chronos2 lags=168 horizon=24 retrieval=raw_euclidean_1_online
2026-08-03 00:11:11,913 INFO [__main__] extraction validation directory=outputs/extractions/Traffic/168_24/chronos2/raw_euclidean_3_online/extracted status=complete

2026-08-03T00:11:12+02:00 gates start configuration=14/48 dataset=Traffic model=chronos2 lags=168 horizon=24 retrieval=raw_euclidean_3_online family=gates iterations=300 learning_rate=0.03 depth=4 early_stopping_rounds=50 task_type=CPU thread_count=2 horizon_fits=serial validation_fraction=0.2 seed=1 max_t1_fit_samples=none max_t2_valid_samples=none max_adapt_refit_samples=none fit_sample_seed=1
2026-08-03 00:11:14,475 INFO [__main__] ========================================================================
2026-08-03 00:11:14,475 INFO [__main__] selected methods=('context_forecast', 'aggr_y', 'bayes_context_shared', 'bayes_aggr_y_shared', 'catboost_context_regressor_shared', 'catboost_aggr_y_regressor_shared', 'oracle_context_shared', 'oracle_aggr_y_shared')
2026-08-03 00:11:26,308 INFO [__main__] gate fitting start candidate=context
2026-08-03 00:11:34,437 INFO [__main__] gate fitting done candidate=context
2026-08-03 00:11:34,437 INFO [__main__] gate fitting start candidate=aggr_y
2026-08-03 00:11:43,222 INFO [__main__] gate fitting done candidate=aggr_y
2026-08-03 00:11:44,022 INFO [__main__] experiment done seconds=29.54
2026-08-03 00:11:44,023 INFO [__main__] ========================================================================
2026-08-03T00:11:44+02:00 gates done configuration=14/48 dataset=Traffic model=chronos2 lags=168 horizon=24 retrieval=raw_euclidean_3_online
2026-08-03 00:11:46,729 INFO [__main__] extraction validation directory=outputs/extractions/Traffic/168_24/chronos2/instance_euclidean_1_online/extracted status=complete

2026-08-03T00:11:47+02:00 gates start configuration=15/48 dataset=Traffic model=chronos2 lags=168 horizon=24 retrieval=instance_euclidean_1_online family=gates iterations=300 learning_rate=0.03 depth=4 early_stopping_rounds=50 task_type=CPU thread_count=2 horizon_fits=serial validation_fraction=0.2 seed=1 max_t1_fit_samples=none max_t2_valid_samples=none max_adapt_refit_samples=none fit_sample_seed=1
2026-08-03 00:11:49,354 INFO [__main__] ========================================================================
2026-08-03 00:11:49,354 INFO [__main__] selected methods=('context_forecast', 'aggr_y', 'bayes_context_shared', 'bayes_aggr_y_shared', 'catboost_context_regressor_shared', 'catboost_aggr_y_regressor_shared', 'oracle_context_shared', 'oracle_aggr_y_shared')
2026-08-03 00:11:56,013 INFO [__main__] gate fitting start candidate=context
2026-08-03 00:12:01,718 INFO [__main__] gate fitting done candidate=context
2026-08-03 00:12:01,718 INFO [__main__] gate fitting start candidate=aggr_y
2026-08-03 00:12:04,704 INFO [__main__] gate fitting done candidate=aggr_y
2026-08-03 00:12:05,516 INFO [__main__] experiment done seconds=16.16
2026-08-03 00:12:05,516 INFO [__main__] ========================================================================
2026-08-03T00:12:06+02:00 gates done configuration=15/48 dataset=Traffic model=chronos2 lags=168 horizon=24 retrieval=instance_euclidean_1_online
2026-08-03 00:12:07,965 INFO [__main__] extraction validation directory=outputs/extractions/Traffic/168_24/chronos2/instance_euclidean_3_online/extracted status=complete

2026-08-03T00:12:08+02:00 gates start configuration=16/48 dataset=Traffic model=chronos2 lags=168 horizon=24 retrieval=instance_euclidean_3_online family=gates iterations=300 learning_rate=0.03 depth=4 early_stopping_rounds=50 task_type=CPU thread_count=2 horizon_fits=serial validation_fraction=0.2 seed=1 max_t1_fit_samples=none max_t2_valid_samples=none max_adapt_refit_samples=none fit_sample_seed=1
2026-08-03 00:12:10,531 INFO [__main__] ========================================================================
2026-08-03 00:12:10,532 INFO [__main__] selected methods=('context_forecast', 'aggr_y', 'bayes_context_shared', 'bayes_aggr_y_shared', 'catboost_context_regressor_shared', 'catboost_aggr_y_regressor_shared', 'oracle_context_shared', 'oracle_aggr_y_shared')
2026-08-03 00:12:20,620 INFO [__main__] gate fitting start candidate=context
2026-08-03 00:12:25,354 INFO [__main__] gate fitting done candidate=context
2026-08-03 00:12:25,354 INFO [__main__] gate fitting start candidate=aggr_y
2026-08-03 00:12:29,221 INFO [__main__] gate fitting done candidate=aggr_y
2026-08-03 00:12:30,080 INFO [__main__] experiment done seconds=19.55
2026-08-03 00:12:30,080 INFO [__main__] ========================================================================
2026-08-03T00:12:30+02:00 gates done configuration=16/48 dataset=Traffic model=chronos2 lags=168 horizon=24 retrieval=instance_euclidean_3_online
2026-08-03 00:12:32,513 INFO [__main__] extraction validation directory=outputs/extractions/Traffic/336_48/chronos2/raw_euclidean_1_online/extracted status=complete

2026-08-03T00:12:32+02:00 gates start configuration=17/48 dataset=Traffic model=chronos2 lags=336 horizon=48 retrieval=raw_euclidean_1_online family=gates iterations=300 learning_rate=0.03 depth=4 early_stopping_rounds=50 task_type=CPU thread_count=2 horizon_fits=serial validation_fraction=0.2 seed=1 max_t1_fit_samples=none max_t2_valid_samples=none max_adapt_refit_samples=none fit_sample_seed=1
2026-08-03 00:12:35,093 INFO [__main__] ========================================================================
2026-08-03 00:12:35,093 INFO [__main__] selected methods=('context_forecast', 'aggr_y', 'bayes_context_shared', 'bayes_aggr_y_shared', 'catboost_context_regressor_shared', 'catboost_aggr_y_regressor_shared', 'oracle_context_shared', 'oracle_aggr_y_shared')
2026-08-03 00:12:47,500 INFO [__main__] gate fitting start candidate=context
2026-08-03 00:12:51,955 INFO [__main__] gate fitting done candidate=context
2026-08-03 00:12:51,955 INFO [__main__] gate fitting start candidate=aggr_y
2026-08-03 00:13:00,547 INFO [__main__] gate fitting done candidate=aggr_y
2026-08-03 00:13:01,357 INFO [__main__] experiment done seconds=26.26
2026-08-03 00:13:01,358 INFO [__main__] ========================================================================
2026-08-03T00:13:01+02:00 gates done configuration=17/48 dataset=Traffic model=chronos2 lags=336 horizon=48 retrieval=raw_euclidean_1_online
2026-08-03 00:13:04,112 INFO [__main__] extraction validation directory=outputs/extractions/Traffic/336_48/chronos2/raw_euclidean_3_online/extracted status=complete

2026-08-03T00:13:04+02:00 gates start configuration=18/48 dataset=Traffic model=chronos2 lags=336 horizon=48 retrieval=raw_euclidean_3_online family=gates iterations=300 learning_rate=0.03 depth=4 early_stopping_rounds=50 task_type=CPU thread_count=2 horizon_fits=serial validation_fraction=0.2 seed=1 max_t1_fit_samples=none max_t2_valid_samples=none max_adapt_refit_samples=none fit_sample_seed=1
2026-08-03 00:13:06,745 INFO [__main__] ========================================================================
2026-08-03 00:13:06,745 INFO [__main__] selected methods=('context_forecast', 'aggr_y', 'bayes_context_shared', 'bayes_aggr_y_shared', 'catboost_context_regressor_shared', 'catboost_aggr_y_regressor_shared', 'oracle_context_shared', 'oracle_aggr_y_shared')
2026-08-03 00:13:25,978 INFO [__main__] gate fitting start candidate=context
2026-08-03 00:13:31,057 INFO [__main__] gate fitting done candidate=context
2026-08-03 00:13:31,057 INFO [__main__] gate fitting start candidate=aggr_y
2026-08-03 00:13:36,344 INFO [__main__] gate fitting done candidate=aggr_y
2026-08-03 00:13:37,193 INFO [__main__] experiment done seconds=30.44
2026-08-03 00:13:37,193 INFO [__main__] ========================================================================
2026-08-03T00:13:37+02:00 gates done configuration=18/48 dataset=Traffic model=chronos2 lags=336 horizon=48 retrieval=raw_euclidean_3_online
2026-08-03 00:13:39,673 INFO [__main__] extraction validation directory=outputs/extractions/Traffic/336_48/chronos2/instance_euclidean_1_online/extracted status=complete

2026-08-03T00:13:39+02:00 gates start configuration=19/48 dataset=Traffic model=chronos2 lags=336 horizon=48 retrieval=instance_euclidean_1_online family=gates iterations=300 learning_rate=0.03 depth=4 early_stopping_rounds=50 task_type=CPU thread_count=2 horizon_fits=serial validation_fraction=0.2 seed=1 max_t1_fit_samples=none max_t2_valid_samples=none max_adapt_refit_samples=none fit_sample_seed=1
2026-08-03 00:13:42,247 INFO [__main__] ========================================================================
2026-08-03 00:13:42,247 INFO [__main__] selected methods=('context_forecast', 'aggr_y', 'bayes_context_shared', 'bayes_aggr_y_shared', 'catboost_context_regressor_shared', 'catboost_aggr_y_regressor_shared', 'oracle_context_shared', 'oracle_aggr_y_shared')
2026-08-03 00:13:53,145 INFO [__main__] gate fitting start candidate=context
2026-08-03 00:14:02,048 INFO [__main__] gate fitting done candidate=context
2026-08-03 00:14:02,049 INFO [__main__] gate fitting start candidate=aggr_y
2026-08-03 00:14:10,295 INFO [__main__] gate fitting done candidate=aggr_y
2026-08-03 00:14:11,110 INFO [__main__] experiment done seconds=28.86
2026-08-03 00:14:11,110 INFO [__main__] ========================================================================
2026-08-03T00:14:11+02:00 gates done configuration=19/48 dataset=Traffic model=chronos2 lags=336 horizon=48 retrieval=instance_euclidean_1_online
2026-08-03 00:14:13,840 INFO [__main__] extraction validation directory=outputs/extractions/Traffic/336_48/chronos2/instance_euclidean_3_online/extracted status=complete

2026-08-03T00:14:14+02:00 gates start configuration=20/48 dataset=Traffic model=chronos2 lags=336 horizon=48 retrieval=instance_euclidean_3_online family=gates iterations=300 learning_rate=0.03 depth=4 early_stopping_rounds=50 task_type=CPU thread_count=2 horizon_fits=serial validation_fraction=0.2 seed=1 max_t1_fit_samples=none max_t2_valid_samples=none max_adapt_refit_samples=none fit_sample_seed=1
2026-08-03 00:14:16,388 INFO [__main__] ========================================================================
2026-08-03 00:14:16,388 INFO [__main__] selected methods=('context_forecast', 'aggr_y', 'bayes_context_shared', 'bayes_aggr_y_shared', 'catboost_context_regressor_shared', 'catboost_aggr_y_regressor_shared', 'oracle_context_shared', 'oracle_aggr_y_shared')
2026-08-03 00:14:39,825 INFO [__main__] gate fitting start candidate=context
2026-08-03 00:14:45,907 INFO [__main__] gate fitting done candidate=context
2026-08-03 00:14:45,907 INFO [__main__] gate fitting start candidate=aggr_y
2026-08-03 00:14:54,556 INFO [__main__] gate fitting done candidate=aggr_y
2026-08-03 00:14:55,398 INFO [__main__] experiment done seconds=39.01
2026-08-03 00:14:55,398 INFO [__main__] ========================================================================
2026-08-03T00:14:55+02:00 gates done configuration=20/48 dataset=Traffic model=chronos2 lags=336 horizon=48 retrieval=instance_euclidean_3_online
2026-08-03 00:14:57,800 INFO [__main__] extraction validation directory=outputs/extractions/Traffic/504_168/chronos2/raw_euclidean_1_online/extracted status=complete

2026-08-03T00:14:58+02:00 gates start configuration=21/48 dataset=Traffic model=chronos2 lags=504 horizon=168 retrieval=raw_euclidean_1_online family=gates iterations=300 learning_rate=0.03 depth=4 early_stopping_rounds=50 task_type=CPU thread_count=2 horizon_fits=serial validation_fraction=0.2 seed=1 max_t1_fit_samples=none max_t2_valid_samples=none max_adapt_refit_samples=none fit_sample_seed=1
2026-08-03 00:15:00,356 INFO [__main__] ========================================================================
2026-08-03 00:15:00,356 INFO [__main__] selected methods=('context_forecast', 'aggr_y', 'bayes_context_shared', 'bayes_aggr_y_shared', 'catboost_context_regressor_shared', 'catboost_aggr_y_regressor_shared', 'oracle_context_shared', 'oracle_aggr_y_shared')
2026-08-03 00:15:24,965 INFO [__main__] gate fitting start candidate=context
2026-08-03 00:15:33,564 INFO [__main__] gate fitting done candidate=context
2026-08-03 00:15:33,564 INFO [__main__] gate fitting start candidate=aggr_y
2026-08-03 00:15:47,203 INFO [__main__] gate fitting done candidate=aggr_y
2026-08-03 00:15:48,021 INFO [__main__] experiment done seconds=47.66
2026-08-03 00:15:48,022 INFO [__main__] ========================================================================
2026-08-03T00:15:48+02:00 gates done configuration=21/48 dataset=Traffic model=chronos2 lags=504 horizon=168 retrieval=raw_euclidean_1_online
2026-08-03 00:15:50,781 INFO [__main__] extraction validation directory=outputs/extractions/Traffic/504_168/chronos2/raw_euclidean_3_online/extracted status=complete

2026-08-03T00:15:51+02:00 gates start configuration=22/48 dataset=Traffic model=chronos2 lags=504 horizon=168 retrieval=raw_euclidean_3_online family=gates iterations=300 learning_rate=0.03 depth=4 early_stopping_rounds=50 task_type=CPU thread_count=2 horizon_fits=serial validation_fraction=0.2 seed=1 max_t1_fit_samples=none max_t2_valid_samples=none max_adapt_refit_samples=none fit_sample_seed=1
2026-08-03 00:15:53,402 INFO [__main__] ========================================================================
2026-08-03 00:15:53,402 INFO [__main__] selected methods=('context_forecast', 'aggr_y', 'bayes_context_shared', 'bayes_aggr_y_shared', 'catboost_context_regressor_shared', 'catboost_aggr_y_regressor_shared', 'oracle_context_shared', 'oracle_aggr_y_shared')
2026-08-03 00:16:30,881 INFO [__main__] gate fitting start candidate=context
2026-08-03 00:16:41,113 INFO [__main__] gate fitting done candidate=context
2026-08-03 00:16:41,113 INFO [__main__] gate fitting start candidate=aggr_y
2026-08-03 00:16:54,475 INFO [__main__] gate fitting done candidate=aggr_y
2026-08-03 00:16:55,337 INFO [__main__] experiment done seconds=61.93
2026-08-03 00:16:55,337 INFO [__main__] ========================================================================
2026-08-03T00:16:55+02:00 gates done configuration=22/48 dataset=Traffic model=chronos2 lags=504 horizon=168 retrieval=raw_euclidean_3_online
2026-08-03 00:16:58,279 INFO [__main__] extraction validation directory=outputs/extractions/Traffic/504_168/chronos2/instance_euclidean_1_online/extracted status=complete

2026-08-03T00:16:58+02:00 gates start configuration=23/48 dataset=Traffic model=chronos2 lags=504 horizon=168 retrieval=instance_euclidean_1_online family=gates iterations=300 learning_rate=0.03 depth=4 early_stopping_rounds=50 task_type=CPU thread_count=2 horizon_fits=serial validation_fraction=0.2 seed=1 max_t1_fit_samples=none max_t2_valid_samples=none max_adapt_refit_samples=none fit_sample_seed=1
2026-08-03 00:17:00,789 INFO [__main__] ========================================================================
2026-08-03 00:17:00,789 INFO [__main__] selected methods=('context_forecast', 'aggr_y', 'bayes_context_shared', 'bayes_aggr_y_shared', 'catboost_context_regressor_shared', 'catboost_aggr_y_regressor_shared', 'oracle_context_shared', 'oracle_aggr_y_shared')
2026-08-03 00:17:20,721 INFO [__main__] gate fitting start candidate=context
2026-08-03 00:17:34,914 INFO [__main__] gate fitting done candidate=context
2026-08-03 00:17:34,914 INFO [__main__] gate fitting start candidate=aggr_y
2026-08-03 00:17:47,862 INFO [__main__] gate fitting done candidate=aggr_y
2026-08-03 00:17:48,664 INFO [__main__] experiment done seconds=47.87
2026-08-03 00:17:48,664 INFO [__main__] ========================================================================
2026-08-03T00:17:49+02:00 gates done configuration=23/48 dataset=Traffic model=chronos2 lags=504 horizon=168 retrieval=instance_euclidean_1_online
2026-08-03 00:17:51,157 INFO [__main__] extraction validation directory=outputs/extractions/Traffic/504_168/chronos2/instance_euclidean_3_online/extracted status=complete

2026-08-03T00:17:51+02:00 gates start configuration=24/48 dataset=Traffic model=chronos2 lags=504 horizon=168 retrieval=instance_euclidean_3_online family=gates iterations=300 learning_rate=0.03 depth=4 early_stopping_rounds=50 task_type=CPU thread_count=2 horizon_fits=serial validation_fraction=0.2 seed=1 max_t1_fit_samples=none max_t2_valid_samples=none max_adapt_refit_samples=none fit_sample_seed=1
2026-08-03 00:17:53,678 INFO [__main__] ========================================================================
2026-08-03 00:17:53,678 INFO [__main__] selected methods=('context_forecast', 'aggr_y', 'bayes_context_shared', 'bayes_aggr_y_shared', 'catboost_context_regressor_shared', 'catboost_aggr_y_regressor_shared', 'oracle_context_shared', 'oracle_aggr_y_shared')
2026-08-03 00:18:32,062 INFO [__main__] gate fitting start candidate=context
2026-08-03 00:18:41,660 INFO [__main__] gate fitting done candidate=context
2026-08-03 00:18:41,660 INFO [__main__] gate fitting start candidate=aggr_y
2026-08-03 00:18:55,392 INFO [__main__] gate fitting done candidate=aggr_y
2026-08-03 00:18:56,273 INFO [__main__] experiment done seconds=62.59
2026-08-03 00:18:56,273 INFO [__main__] ========================================================================
2026-08-03T00:18:56+02:00 gates done configuration=24/48 dataset=Traffic model=chronos2 lags=504 horizon=168 retrieval=instance_euclidean_3_online
2026-08-03 00:18:59,249 INFO [__main__] extraction validation directory=outputs/extractions/Solar/168_24/chronos2/raw_euclidean_1_online/extracted status=complete

2026-08-03T00:18:59+02:00 gates start configuration=25/48 dataset=Solar model=chronos2 lags=168 horizon=24 retrieval=raw_euclidean_1_online family=gates iterations=300 learning_rate=0.03 depth=4 early_stopping_rounds=50 task_type=CPU thread_count=2 horizon_fits=serial validation_fraction=0.2 seed=1 max_t1_fit_samples=none max_t2_valid_samples=none max_adapt_refit_samples=none fit_sample_seed=1
2026-08-03 00:19:01,867 INFO [__main__] ========================================================================
2026-08-03 00:19:01,867 INFO [__main__] selected methods=('context_forecast', 'aggr_y', 'bayes_context_shared', 'bayes_aggr_y_shared', 'catboost_context_regressor_shared', 'catboost_aggr_y_regressor_shared', 'oracle_context_shared', 'oracle_aggr_y_shared')
2026-08-03 00:19:03,963 INFO [__main__] gate fitting start candidate=context
2026-08-03 00:19:05,227 INFO [__main__] gate fitting done candidate=context
2026-08-03 00:19:05,227 INFO [__main__] gate fitting start candidate=aggr_y
2026-08-03 00:19:06,306 INFO [__main__] gate fitting done candidate=aggr_y
2026-08-03 00:19:07,109 INFO [__main__] experiment done seconds=5.24
2026-08-03 00:19:07,109 INFO [__main__] ========================================================================
2026-08-03T00:19:07+02:00 gates done configuration=25/48 dataset=Solar model=chronos2 lags=168 horizon=24 retrieval=raw_euclidean_1_online
2026-08-03 00:19:09,557 INFO [__main__] extraction validation directory=outputs/extractions/Solar/168_24/chronos2/raw_euclidean_3_online/extracted status=complete

2026-08-03T00:19:09+02:00 gates start configuration=26/48 dataset=Solar model=chronos2 lags=168 horizon=24 retrieval=raw_euclidean_3_online family=gates iterations=300 learning_rate=0.03 depth=4 early_stopping_rounds=50 task_type=CPU thread_count=2 horizon_fits=serial validation_fraction=0.2 seed=1 max_t1_fit_samples=none max_t2_valid_samples=none max_adapt_refit_samples=none fit_sample_seed=1
2026-08-03 00:19:12,101 INFO [__main__] ========================================================================
2026-08-03 00:19:12,101 INFO [__main__] selected methods=('context_forecast', 'aggr_y', 'bayes_context_shared', 'bayes_aggr_y_shared', 'catboost_context_regressor_shared', 'catboost_aggr_y_regressor_shared', 'oracle_context_shared', 'oracle_aggr_y_shared')
2026-08-03 00:19:14,572 INFO [__main__] gate fitting start candidate=context
2026-08-03 00:19:16,255 INFO [__main__] gate fitting done candidate=context
2026-08-03 00:19:16,255 INFO [__main__] gate fitting start candidate=aggr_y
2026-08-03 00:19:17,346 INFO [__main__] gate fitting done candidate=aggr_y
2026-08-03 00:19:18,147 INFO [__main__] experiment done seconds=6.04
2026-08-03 00:19:18,147 INFO [__main__] ========================================================================
2026-08-03T00:19:18+02:00 gates done configuration=26/48 dataset=Solar model=chronos2 lags=168 horizon=24 retrieval=raw_euclidean_3_online
2026-08-03 00:19:20,504 INFO [__main__] extraction validation directory=outputs/extractions/Solar/168_24/chronos2/instance_euclidean_1_online/extracted status=complete

2026-08-03T00:19:20+02:00 gates start configuration=27/48 dataset=Solar model=chronos2 lags=168 horizon=24 retrieval=instance_euclidean_1_online family=gates iterations=300 learning_rate=0.03 depth=4 early_stopping_rounds=50 task_type=CPU thread_count=2 horizon_fits=serial validation_fraction=0.2 seed=1 max_t1_fit_samples=none max_t2_valid_samples=none max_adapt_refit_samples=none fit_sample_seed=1
2026-08-03 00:19:22,976 INFO [__main__] ========================================================================
2026-08-03 00:19:22,976 INFO [__main__] selected methods=('context_forecast', 'aggr_y', 'bayes_context_shared', 'bayes_aggr_y_shared', 'catboost_context_regressor_shared', 'catboost_aggr_y_regressor_shared', 'oracle_context_shared', 'oracle_aggr_y_shared')
2026-08-03 00:19:25,243 INFO [__main__] gate fitting start candidate=context
2026-08-03 00:19:26,750 INFO [__main__] gate fitting done candidate=context
2026-08-03 00:19:26,750 INFO [__main__] gate fitting start candidate=aggr_y
2026-08-03 00:19:27,904 INFO [__main__] gate fitting done candidate=aggr_y
2026-08-03 00:19:28,702 INFO [__main__] experiment done seconds=5.72
2026-08-03 00:19:28,702 INFO [__main__] ========================================================================
2026-08-03T00:19:29+02:00 gates done configuration=27/48 dataset=Solar model=chronos2 lags=168 horizon=24 retrieval=instance_euclidean_1_online
2026-08-03 00:19:31,033 INFO [__main__] extraction validation directory=outputs/extractions/Solar/168_24/chronos2/instance_euclidean_3_online/extracted status=complete

2026-08-03T00:19:31+02:00 gates start configuration=28/48 dataset=Solar model=chronos2 lags=168 horizon=24 retrieval=instance_euclidean_3_online family=gates iterations=300 learning_rate=0.03 depth=4 early_stopping_rounds=50 task_type=CPU thread_count=2 horizon_fits=serial validation_fraction=0.2 seed=1 max_t1_fit_samples=none max_t2_valid_samples=none max_adapt_refit_samples=none fit_sample_seed=1
2026-08-03 00:19:33,542 INFO [__main__] ========================================================================
2026-08-03 00:19:33,542 INFO [__main__] selected methods=('context_forecast', 'aggr_y', 'bayes_context_shared', 'bayes_aggr_y_shared', 'catboost_context_regressor_shared', 'catboost_aggr_y_regressor_shared', 'oracle_context_shared', 'oracle_aggr_y_shared')
2026-08-03 00:19:35,975 INFO [__main__] gate fitting start candidate=context
2026-08-03 00:19:37,461 INFO [__main__] gate fitting done candidate=context
2026-08-03 00:19:37,461 INFO [__main__] gate fitting start candidate=aggr_y
2026-08-03 00:19:38,532 INFO [__main__] gate fitting done candidate=aggr_y
2026-08-03 00:19:39,335 INFO [__main__] experiment done seconds=5.79
2026-08-03 00:19:39,335 INFO [__main__] ========================================================================
2026-08-03T00:19:39+02:00 gates done configuration=28/48 dataset=Solar model=chronos2 lags=168 horizon=24 retrieval=instance_euclidean_3_online
2026-08-03 00:19:41,716 INFO [__main__] extraction validation directory=outputs/extractions/Solar/336_48/chronos2/raw_euclidean_1_online/extracted status=complete

2026-08-03T00:19:42+02:00 gates start configuration=29/48 dataset=Solar model=chronos2 lags=336 horizon=48 retrieval=raw_euclidean_1_online family=gates iterations=300 learning_rate=0.03 depth=4 early_stopping_rounds=50 task_type=CPU thread_count=2 horizon_fits=serial validation_fraction=0.2 seed=1 max_t1_fit_samples=none max_t2_valid_samples=none max_adapt_refit_samples=none fit_sample_seed=1
2026-08-03 00:19:44,203 INFO [__main__] ========================================================================
2026-08-03 00:19:44,203 INFO [__main__] selected methods=('context_forecast', 'aggr_y', 'bayes_context_shared', 'bayes_aggr_y_shared', 'catboost_context_regressor_shared', 'catboost_aggr_y_regressor_shared', 'oracle_context_shared', 'oracle_aggr_y_shared')
2026-08-03 00:19:46,768 INFO [__main__] gate fitting start candidate=context
2026-08-03 00:19:48,298 INFO [__main__] gate fitting done candidate=context
2026-08-03 00:19:48,298 INFO [__main__] gate fitting start candidate=aggr_y
2026-08-03 00:19:49,722 INFO [__main__] gate fitting done candidate=aggr_y
2026-08-03 00:19:50,515 INFO [__main__] experiment done seconds=6.31
2026-08-03 00:19:50,515 INFO [__main__] ========================================================================
2026-08-03T00:19:50+02:00 gates done configuration=29/48 dataset=Solar model=chronos2 lags=336 horizon=48 retrieval=raw_euclidean_1_online
2026-08-03 00:19:52,898 INFO [__main__] extraction validation directory=outputs/extractions/Solar/336_48/chronos2/raw_euclidean_3_online/extracted status=complete

2026-08-03T00:19:53+02:00 gates start configuration=30/48 dataset=Solar model=chronos2 lags=336 horizon=48 retrieval=raw_euclidean_3_online family=gates iterations=300 learning_rate=0.03 depth=4 early_stopping_rounds=50 task_type=CPU thread_count=2 horizon_fits=serial validation_fraction=0.2 seed=1 max_t1_fit_samples=none max_t2_valid_samples=none max_adapt_refit_samples=none fit_sample_seed=1
2026-08-03 00:19:55,462 INFO [__main__] ========================================================================
2026-08-03 00:19:55,463 INFO [__main__] selected methods=('context_forecast', 'aggr_y', 'bayes_context_shared', 'bayes_aggr_y_shared', 'catboost_context_regressor_shared', 'catboost_aggr_y_regressor_shared', 'oracle_context_shared', 'oracle_aggr_y_shared')
2026-08-03 00:19:58,573 INFO [__main__] gate fitting start candidate=context
2026-08-03 00:19:59,912 INFO [__main__] gate fitting done candidate=context
2026-08-03 00:19:59,912 INFO [__main__] gate fitting start candidate=aggr_y
2026-08-03 00:20:01,546 INFO [__main__] gate fitting done candidate=aggr_y
2026-08-03 00:20:02,383 INFO [__main__] experiment done seconds=6.92
2026-08-03 00:20:02,383 INFO [__main__] ========================================================================
2026-08-03T00:20:02+02:00 gates done configuration=30/48 dataset=Solar model=chronos2 lags=336 horizon=48 retrieval=raw_euclidean_3_online
2026-08-03 00:20:05,046 INFO [__main__] extraction validation directory=outputs/extractions/Solar/336_48/chronos2/instance_euclidean_1_online/extracted status=complete

2026-08-03T00:20:05+02:00 gates start configuration=31/48 dataset=Solar model=chronos2 lags=336 horizon=48 retrieval=instance_euclidean_1_online family=gates iterations=300 learning_rate=0.03 depth=4 early_stopping_rounds=50 task_type=CPU thread_count=2 horizon_fits=serial validation_fraction=0.2 seed=1 max_t1_fit_samples=none max_t2_valid_samples=none max_adapt_refit_samples=none fit_sample_seed=1
2026-08-03 00:20:07,605 INFO [__main__] ========================================================================
2026-08-03 00:20:07,606 INFO [__main__] selected methods=('context_forecast', 'aggr_y', 'bayes_context_shared', 'bayes_aggr_y_shared', 'catboost_context_regressor_shared', 'catboost_aggr_y_regressor_shared', 'oracle_context_shared', 'oracle_aggr_y_shared')
2026-08-03 00:20:10,048 INFO [__main__] gate fitting start candidate=context
2026-08-03 00:20:11,585 INFO [__main__] gate fitting done candidate=context
2026-08-03 00:20:11,585 INFO [__main__] gate fitting start candidate=aggr_y
2026-08-03 00:20:12,786 INFO [__main__] gate fitting done candidate=aggr_y
2026-08-03 00:20:13,575 INFO [__main__] experiment done seconds=5.97
2026-08-03 00:20:13,575 INFO [__main__] ========================================================================
2026-08-03T00:20:14+02:00 gates done configuration=31/48 dataset=Solar model=chronos2 lags=336 horizon=48 retrieval=instance_euclidean_1_online
2026-08-03 00:20:15,978 INFO [__main__] extraction validation directory=outputs/extractions/Solar/336_48/chronos2/instance_euclidean_3_online/extracted status=complete

2026-08-03T00:20:16+02:00 gates start configuration=32/48 dataset=Solar model=chronos2 lags=336 horizon=48 retrieval=instance_euclidean_3_online family=gates iterations=300 learning_rate=0.03 depth=4 early_stopping_rounds=50 task_type=CPU thread_count=2 horizon_fits=serial validation_fraction=0.2 seed=1 max_t1_fit_samples=none max_t2_valid_samples=none max_adapt_refit_samples=none fit_sample_seed=1
2026-08-03 00:20:18,504 INFO [__main__] ========================================================================
2026-08-03 00:20:18,504 INFO [__main__] selected methods=('context_forecast', 'aggr_y', 'bayes_context_shared', 'bayes_aggr_y_shared', 'catboost_context_regressor_shared', 'catboost_aggr_y_regressor_shared', 'oracle_context_shared', 'oracle_aggr_y_shared')
2026-08-03 00:20:21,681 INFO [__main__] gate fitting start candidate=context
2026-08-03 00:20:24,067 INFO [__main__] gate fitting done candidate=context
2026-08-03 00:20:24,067 INFO [__main__] gate fitting start candidate=aggr_y
2026-08-03 00:20:25,264 INFO [__main__] gate fitting done candidate=aggr_y
2026-08-03 00:20:26,049 INFO [__main__] experiment done seconds=7.54
2026-08-03 00:20:26,049 INFO [__main__] ========================================================================
2026-08-03T00:20:26+02:00 gates done configuration=32/48 dataset=Solar model=chronos2 lags=336 horizon=48 retrieval=instance_euclidean_3_online
2026-08-03 00:20:28,526 INFO [__main__] extraction validation directory=outputs/extractions/Solar/504_168/chronos2/raw_euclidean_1_online/extracted status=complete

2026-08-03T00:20:28+02:00 gates start configuration=33/48 dataset=Solar model=chronos2 lags=504 horizon=168 retrieval=raw_euclidean_1_online family=gates iterations=300 learning_rate=0.03 depth=4 early_stopping_rounds=50 task_type=CPU thread_count=2 horizon_fits=serial validation_fraction=0.2 seed=1 max_t1_fit_samples=none max_t2_valid_samples=none max_adapt_refit_samples=none fit_sample_seed=1
2026-08-03 00:20:31,042 INFO [__main__] ========================================================================
2026-08-03 00:20:31,042 INFO [__main__] selected methods=('context_forecast', 'aggr_y', 'bayes_context_shared', 'bayes_aggr_y_shared', 'catboost_context_regressor_shared', 'catboost_aggr_y_regressor_shared', 'oracle_context_shared', 'oracle_aggr_y_shared')
2026-08-03 00:20:34,481 INFO [__main__] gate fitting start candidate=context
2026-08-03 00:20:36,128 INFO [__main__] gate fitting done candidate=context
2026-08-03 00:20:36,128 INFO [__main__] gate fitting start candidate=aggr_y
2026-08-03 00:20:37,430 INFO [__main__] gate fitting done candidate=aggr_y
2026-08-03 00:20:38,237 INFO [__main__] experiment done seconds=7.19
2026-08-03 00:20:38,237 INFO [__main__] ========================================================================
2026-08-03T00:20:38+02:00 gates done configuration=33/48 dataset=Solar model=chronos2 lags=504 horizon=168 retrieval=raw_euclidean_1_online
2026-08-03 00:20:40,633 INFO [__main__] extraction validation directory=outputs/extractions/Solar/504_168/chronos2/raw_euclidean_3_online/extracted status=complete

2026-08-03T00:20:40+02:00 gates start configuration=34/48 dataset=Solar model=chronos2 lags=504 horizon=168 retrieval=raw_euclidean_3_online family=gates iterations=300 learning_rate=0.03 depth=4 early_stopping_rounds=50 task_type=CPU thread_count=2 horizon_fits=serial validation_fraction=0.2 seed=1 max_t1_fit_samples=none max_t2_valid_samples=none max_adapt_refit_samples=none fit_sample_seed=1
2026-08-03 00:20:43,142 INFO [__main__] ========================================================================
2026-08-03 00:20:43,142 INFO [__main__] selected methods=('context_forecast', 'aggr_y', 'bayes_context_shared', 'bayes_aggr_y_shared', 'catboost_context_regressor_shared', 'catboost_aggr_y_regressor_shared', 'oracle_context_shared', 'oracle_aggr_y_shared')
2026-08-03 00:20:47,233 INFO [__main__] gate fitting start candidate=context
2026-08-03 00:20:50,058 INFO [__main__] gate fitting done candidate=context
2026-08-03 00:20:50,058 INFO [__main__] gate fitting start candidate=aggr_y
2026-08-03 00:20:51,393 INFO [__main__] gate fitting done candidate=aggr_y
2026-08-03 00:20:52,184 INFO [__main__] experiment done seconds=9.04
2026-08-03 00:20:52,184 INFO [__main__] ========================================================================
2026-08-03T00:20:52+02:00 gates done configuration=34/48 dataset=Solar model=chronos2 lags=504 horizon=168 retrieval=raw_euclidean_3_online
2026-08-03 00:20:54,570 INFO [__main__] extraction validation directory=outputs/extractions/Solar/504_168/chronos2/instance_euclidean_1_online/extracted status=complete

2026-08-03T00:20:54+02:00 gates start configuration=35/48 dataset=Solar model=chronos2 lags=504 horizon=168 retrieval=instance_euclidean_1_online family=gates iterations=300 learning_rate=0.03 depth=4 early_stopping_rounds=50 task_type=CPU thread_count=2 horizon_fits=serial validation_fraction=0.2 seed=1 max_t1_fit_samples=none max_t2_valid_samples=none max_adapt_refit_samples=none fit_sample_seed=1
2026-08-03 00:20:57,102 INFO [__main__] ========================================================================
2026-08-03 00:20:57,102 INFO [__main__] selected methods=('context_forecast', 'aggr_y', 'bayes_context_shared', 'bayes_aggr_y_shared', 'catboost_context_regressor_shared', 'catboost_aggr_y_regressor_shared', 'oracle_context_shared', 'oracle_aggr_y_shared')
2026-08-03 00:21:00,207 INFO [__main__] gate fitting start candidate=context
2026-08-03 00:21:02,520 INFO [__main__] gate fitting done candidate=context
2026-08-03 00:21:02,520 INFO [__main__] gate fitting start candidate=aggr_y
2026-08-03 00:21:03,806 INFO [__main__] gate fitting done candidate=aggr_y
2026-08-03 00:21:04,652 INFO [__main__] experiment done seconds=7.55
2026-08-03 00:21:04,652 INFO [__main__] ========================================================================
2026-08-03T00:21:05+02:00 gates done configuration=35/48 dataset=Solar model=chronos2 lags=504 horizon=168 retrieval=instance_euclidean_1_online
2026-08-03 00:21:07,350 INFO [__main__] extraction validation directory=outputs/extractions/Solar/504_168/chronos2/instance_euclidean_3_online/extracted status=complete

2026-08-03T00:21:07+02:00 gates start configuration=36/48 dataset=Solar model=chronos2 lags=504 horizon=168 retrieval=instance_euclidean_3_online family=gates iterations=300 learning_rate=0.03 depth=4 early_stopping_rounds=50 task_type=CPU thread_count=2 horizon_fits=serial validation_fraction=0.2 seed=1 max_t1_fit_samples=none max_t2_valid_samples=none max_adapt_refit_samples=none fit_sample_seed=1
2026-08-03 00:21:09,907 INFO [__main__] ========================================================================
2026-08-03 00:21:09,907 INFO [__main__] selected methods=('context_forecast', 'aggr_y', 'bayes_context_shared', 'bayes_aggr_y_shared', 'catboost_context_regressor_shared', 'catboost_aggr_y_regressor_shared', 'oracle_context_shared', 'oracle_aggr_y_shared')
2026-08-03 00:21:14,117 INFO [__main__] gate fitting start candidate=context
2026-08-03 00:21:16,791 INFO [__main__] gate fitting done candidate=context
2026-08-03 00:21:16,791 INFO [__main__] gate fitting start candidate=aggr_y
2026-08-03 00:21:18,217 INFO [__main__] gate fitting done candidate=aggr_y
2026-08-03 00:21:19,006 INFO [__main__] experiment done seconds=9.10
2026-08-03 00:21:19,006 INFO [__main__] ========================================================================
2026-08-03T00:21:19+02:00 gates done configuration=36/48 dataset=Solar model=chronos2 lags=504 horizon=168 retrieval=instance_euclidean_3_online
2026-08-03 00:21:21,421 INFO [__main__] extraction validation directory=outputs/extractions/exchange_rate/168_24/chronos2/raw_euclidean_1_online/extracted status=complete

2026-08-03T00:21:21+02:00 gates start configuration=37/48 dataset=exchange_rate model=chronos2 lags=168 horizon=24 retrieval=raw_euclidean_1_online family=gates iterations=300 learning_rate=0.03 depth=4 early_stopping_rounds=50 task_type=CPU thread_count=2 horizon_fits=serial validation_fraction=0.2 seed=1 max_t1_fit_samples=none max_t2_valid_samples=none max_adapt_refit_samples=none fit_sample_seed=1
2026-08-03 00:21:23,916 INFO [__main__] ========================================================================
2026-08-03 00:21:23,916 INFO [__main__] selected methods=('context_forecast', 'aggr_y', 'bayes_context_shared', 'bayes_aggr_y_shared', 'catboost_context_regressor_shared', 'catboost_aggr_y_regressor_shared', 'oracle_context_shared', 'oracle_aggr_y_shared')
2026-08-03 00:21:25,380 INFO [__main__] gate fitting start candidate=context
2026-08-03 00:21:26,630 INFO [__main__] gate fitting done candidate=context
2026-08-03 00:21:26,631 INFO [__main__] gate fitting start candidate=aggr_y
2026-08-03 00:21:27,170 INFO [__main__] gate fitting done candidate=aggr_y
2026-08-03 00:21:27,965 INFO [__main__] experiment done seconds=4.05
2026-08-03 00:21:27,965 INFO [__main__] ========================================================================
2026-08-03T00:21:28+02:00 gates done configuration=37/48 dataset=exchange_rate model=chronos2 lags=168 horizon=24 retrieval=raw_euclidean_1_online
2026-08-03 00:21:30,309 INFO [__main__] extraction validation directory=outputs/extractions/exchange_rate/168_24/chronos2/raw_euclidean_3_online/extracted status=complete

2026-08-03T00:21:30+02:00 gates start configuration=38/48 dataset=exchange_rate model=chronos2 lags=168 horizon=24 retrieval=raw_euclidean_3_online family=gates iterations=300 learning_rate=0.03 depth=4 early_stopping_rounds=50 task_type=CPU thread_count=2 horizon_fits=serial validation_fraction=0.2 seed=1 max_t1_fit_samples=none max_t2_valid_samples=none max_adapt_refit_samples=none fit_sample_seed=1
2026-08-03 00:21:32,832 INFO [__main__] ========================================================================
2026-08-03 00:21:32,833 INFO [__main__] selected methods=('context_forecast', 'aggr_y', 'bayes_context_shared', 'bayes_aggr_y_shared', 'catboost_context_regressor_shared', 'catboost_aggr_y_regressor_shared', 'oracle_context_shared', 'oracle_aggr_y_shared')
2026-08-03 00:21:34,623 INFO [__main__] gate fitting start candidate=context
2026-08-03 00:21:35,840 INFO [__main__] gate fitting done candidate=context
2026-08-03 00:21:35,840 INFO [__main__] gate fitting start candidate=aggr_y
2026-08-03 00:21:36,224 INFO [__main__] gate fitting done candidate=aggr_y
2026-08-03 00:21:37,035 INFO [__main__] experiment done seconds=4.20
2026-08-03 00:21:37,035 INFO [__main__] ========================================================================
2026-08-03T00:21:37+02:00 gates done configuration=38/48 dataset=exchange_rate model=chronos2 lags=168 horizon=24 retrieval=raw_euclidean_3_online
2026-08-03 00:21:39,389 INFO [__main__] extraction validation directory=outputs/extractions/exchange_rate/168_24/chronos2/instance_euclidean_1_online/extracted status=complete

2026-08-03T00:21:39+02:00 gates start configuration=39/48 dataset=exchange_rate model=chronos2 lags=168 horizon=24 retrieval=instance_euclidean_1_online family=gates iterations=300 learning_rate=0.03 depth=4 early_stopping_rounds=50 task_type=CPU thread_count=2 horizon_fits=serial validation_fraction=0.2 seed=1 max_t1_fit_samples=none max_t2_valid_samples=none max_adapt_refit_samples=none fit_sample_seed=1
2026-08-03 00:21:41,873 INFO [__main__] ========================================================================
2026-08-03 00:21:41,873 INFO [__main__] selected methods=('context_forecast', 'aggr_y', 'bayes_context_shared', 'bayes_aggr_y_shared', 'catboost_context_regressor_shared', 'catboost_aggr_y_regressor_shared', 'oracle_context_shared', 'oracle_aggr_y_shared')
2026-08-03 00:21:43,334 INFO [__main__] gate fitting start candidate=context
2026-08-03 00:21:44,579 INFO [__main__] gate fitting done candidate=context
2026-08-03 00:21:44,579 INFO [__main__] gate fitting start candidate=aggr_y
2026-08-03 00:21:44,987 INFO [__main__] gate fitting done candidate=aggr_y
2026-08-03 00:21:45,798 INFO [__main__] experiment done seconds=3.92
2026-08-03 00:21:45,798 INFO [__main__] ========================================================================
2026-08-03T00:21:46+02:00 gates done configuration=39/48 dataset=exchange_rate model=chronos2 lags=168 horizon=24 retrieval=instance_euclidean_1_online
2026-08-03 00:21:48,202 INFO [__main__] extraction validation directory=outputs/extractions/exchange_rate/168_24/chronos2/instance_euclidean_3_online/extracted status=complete

2026-08-03T00:21:48+02:00 gates start configuration=40/48 dataset=exchange_rate model=chronos2 lags=168 horizon=24 retrieval=instance_euclidean_3_online family=gates iterations=300 learning_rate=0.03 depth=4 early_stopping_rounds=50 task_type=CPU thread_count=2 horizon_fits=serial validation_fraction=0.2 seed=1 max_t1_fit_samples=none max_t2_valid_samples=none max_adapt_refit_samples=none fit_sample_seed=1
2026-08-03 00:21:50,714 INFO [__main__] ========================================================================
2026-08-03 00:21:50,714 INFO [__main__] selected methods=('context_forecast', 'aggr_y', 'bayes_context_shared', 'bayes_aggr_y_shared', 'catboost_context_regressor_shared', 'catboost_aggr_y_regressor_shared', 'oracle_context_shared', 'oracle_aggr_y_shared')
2026-08-03 00:21:52,216 INFO [__main__] gate fitting start candidate=context
2026-08-03 00:21:53,538 INFO [__main__] gate fitting done candidate=context
2026-08-03 00:21:53,538 INFO [__main__] gate fitting start candidate=aggr_y
2026-08-03 00:21:53,849 INFO [__main__] gate fitting done candidate=aggr_y
2026-08-03 00:21:54,656 INFO [__main__] experiment done seconds=3.94
2026-08-03 00:21:54,656 INFO [__main__] ========================================================================
2026-08-03T00:21:55+02:00 gates done configuration=40/48 dataset=exchange_rate model=chronos2 lags=168 horizon=24 retrieval=instance_euclidean_3_online
2026-08-03 00:21:57,019 INFO [__main__] extraction validation directory=outputs/extractions/exchange_rate/336_48/chronos2/raw_euclidean_1_online/extracted status=complete

2026-08-03T00:21:57+02:00 gates start configuration=41/48 dataset=exchange_rate model=chronos2 lags=336 horizon=48 retrieval=raw_euclidean_1_online family=gates iterations=300 learning_rate=0.03 depth=4 early_stopping_rounds=50 task_type=CPU thread_count=2 horizon_fits=serial validation_fraction=0.2 seed=1 max_t1_fit_samples=none max_t2_valid_samples=none max_adapt_refit_samples=none fit_sample_seed=1
2026-08-03 00:21:59,526 INFO [__main__] ========================================================================
2026-08-03 00:21:59,526 INFO [__main__] selected methods=('context_forecast', 'aggr_y', 'bayes_context_shared', 'bayes_aggr_y_shared', 'catboost_context_regressor_shared', 'catboost_aggr_y_regressor_shared', 'oracle_context_shared', 'oracle_aggr_y_shared')
2026-08-03 00:22:01,047 INFO [__main__] gate fitting start candidate=context
2026-08-03 00:22:02,089 INFO [__main__] gate fitting done candidate=context
2026-08-03 00:22:02,089 INFO [__main__] gate fitting start candidate=aggr_y
2026-08-03 00:22:02,606 INFO [__main__] gate fitting done candidate=aggr_y
2026-08-03 00:22:03,409 INFO [__main__] experiment done seconds=3.88
2026-08-03 00:22:03,409 INFO [__main__] ========================================================================
2026-08-03T00:22:03+02:00 gates done configuration=41/48 dataset=exchange_rate model=chronos2 lags=336 horizon=48 retrieval=raw_euclidean_1_online
2026-08-03 00:22:05,814 INFO [__main__] extraction validation directory=outputs/extractions/exchange_rate/336_48/chronos2/raw_euclidean_3_online/extracted status=complete

2026-08-03T00:22:06+02:00 gates start configuration=42/48 dataset=exchange_rate model=chronos2 lags=336 horizon=48 retrieval=raw_euclidean_3_online family=gates iterations=300 learning_rate=0.03 depth=4 early_stopping_rounds=50 task_type=CPU thread_count=2 horizon_fits=serial validation_fraction=0.2 seed=1 max_t1_fit_samples=none max_t2_valid_samples=none max_adapt_refit_samples=none fit_sample_seed=1
2026-08-03 00:22:08,490 INFO [__main__] ========================================================================
2026-08-03 00:22:08,490 INFO [__main__] selected methods=('context_forecast', 'aggr_y', 'bayes_context_shared', 'bayes_aggr_y_shared', 'catboost_context_regressor_shared', 'catboost_aggr_y_regressor_shared', 'oracle_context_shared', 'oracle_aggr_y_shared')
2026-08-03 00:22:10,091 INFO [__main__] gate fitting start candidate=context
2026-08-03 00:22:11,222 INFO [__main__] gate fitting done candidate=context
2026-08-03 00:22:11,222 INFO [__main__] gate fitting start candidate=aggr_y
2026-08-03 00:22:11,811 INFO [__main__] gate fitting done candidate=aggr_y
2026-08-03 00:22:12,643 INFO [__main__] experiment done seconds=4.15
2026-08-03 00:22:12,643 INFO [__main__] ========================================================================
2026-08-03T00:22:13+02:00 gates done configuration=42/48 dataset=exchange_rate model=chronos2 lags=336 horizon=48 retrieval=raw_euclidean_3_online
2026-08-03 00:22:15,059 INFO [__main__] extraction validation directory=outputs/extractions/exchange_rate/336_48/chronos2/instance_euclidean_1_online/extracted status=complete

2026-08-03T00:22:15+02:00 gates start configuration=43/48 dataset=exchange_rate model=chronos2 lags=336 horizon=48 retrieval=instance_euclidean_1_online family=gates iterations=300 learning_rate=0.03 depth=4 early_stopping_rounds=50 task_type=CPU thread_count=2 horizon_fits=serial validation_fraction=0.2 seed=1 max_t1_fit_samples=none max_t2_valid_samples=none max_adapt_refit_samples=none fit_sample_seed=1
2026-08-03 00:22:17,559 INFO [__main__] ========================================================================
2026-08-03 00:22:17,559 INFO [__main__] selected methods=('context_forecast', 'aggr_y', 'bayes_context_shared', 'bayes_aggr_y_shared', 'catboost_context_regressor_shared', 'catboost_aggr_y_regressor_shared', 'oracle_context_shared', 'oracle_aggr_y_shared')
2026-08-03 00:22:19,067 INFO [__main__] gate fitting start candidate=context
2026-08-03 00:22:20,126 INFO [__main__] gate fitting done candidate=context
2026-08-03 00:22:20,127 INFO [__main__] gate fitting start candidate=aggr_y
2026-08-03 00:22:20,479 INFO [__main__] gate fitting done candidate=aggr_y
2026-08-03 00:22:21,276 INFO [__main__] experiment done seconds=3.71
2026-08-03 00:22:21,276 INFO [__main__] ========================================================================
2026-08-03T00:22:21+02:00 gates done configuration=43/48 dataset=exchange_rate model=chronos2 lags=336 horizon=48 retrieval=instance_euclidean_1_online
2026-08-03 00:22:23,733 INFO [__main__] extraction validation directory=outputs/extractions/exchange_rate/336_48/chronos2/instance_euclidean_3_online/extracted status=complete

2026-08-03T00:22:24+02:00 gates start configuration=44/48 dataset=exchange_rate model=chronos2 lags=336 horizon=48 retrieval=instance_euclidean_3_online family=gates iterations=300 learning_rate=0.03 depth=4 early_stopping_rounds=50 task_type=CPU thread_count=2 horizon_fits=serial validation_fraction=0.2 seed=1 max_t1_fit_samples=none max_t2_valid_samples=none max_adapt_refit_samples=none fit_sample_seed=1
2026-08-03 00:22:26,357 INFO [__main__] ========================================================================
2026-08-03 00:22:26,357 INFO [__main__] selected methods=('context_forecast', 'aggr_y', 'bayes_context_shared', 'bayes_aggr_y_shared', 'catboost_context_regressor_shared', 'catboost_aggr_y_regressor_shared', 'oracle_context_shared', 'oracle_aggr_y_shared')
2026-08-03 00:22:27,912 INFO [__main__] gate fitting start candidate=context
2026-08-03 00:22:28,970 INFO [__main__] gate fitting done candidate=context
2026-08-03 00:22:28,970 INFO [__main__] gate fitting start candidate=aggr_y
2026-08-03 00:22:29,611 INFO [__main__] gate fitting done candidate=aggr_y
2026-08-03 00:22:30,411 INFO [__main__] experiment done seconds=4.05
2026-08-03 00:22:30,411 INFO [__main__] ========================================================================
2026-08-03T00:22:30+02:00 gates done configuration=44/48 dataset=exchange_rate model=chronos2 lags=336 horizon=48 retrieval=instance_euclidean_3_online
2026-08-03 00:22:32,873 INFO [__main__] extraction validation directory=outputs/extractions/exchange_rate/504_168/chronos2/raw_euclidean_1_online/extracted status=complete

2026-08-03T00:22:33+02:00 gates start configuration=45/48 dataset=exchange_rate model=chronos2 lags=504 horizon=168 retrieval=raw_euclidean_1_online family=gates iterations=300 learning_rate=0.03 depth=4 early_stopping_rounds=50 task_type=CPU thread_count=2 horizon_fits=serial validation_fraction=0.2 seed=1 max_t1_fit_samples=none max_t2_valid_samples=none max_adapt_refit_samples=none fit_sample_seed=1
2026-08-03 00:22:35,414 INFO [__main__] ========================================================================
2026-08-03 00:22:35,415 INFO [__main__] selected methods=('context_forecast', 'aggr_y', 'bayes_context_shared', 'bayes_aggr_y_shared', 'catboost_context_regressor_shared', 'catboost_aggr_y_regressor_shared', 'oracle_context_shared', 'oracle_aggr_y_shared')
2026-08-03 00:22:37,217 INFO [__main__] gate fitting start candidate=context
2026-08-03 00:22:38,298 INFO [__main__] gate fitting done candidate=context
2026-08-03 00:22:38,298 INFO [__main__] gate fitting start candidate=aggr_y
2026-08-03 00:22:38,880 INFO [__main__] gate fitting done candidate=aggr_y
2026-08-03 00:22:39,682 INFO [__main__] experiment done seconds=4.26
2026-08-03 00:22:39,682 INFO [__main__] ========================================================================
2026-08-03T00:22:40+02:00 gates done configuration=45/48 dataset=exchange_rate model=chronos2 lags=504 horizon=168 retrieval=raw_euclidean_1_online
2026-08-03 00:22:42,079 INFO [__main__] extraction validation directory=outputs/extractions/exchange_rate/504_168/chronos2/raw_euclidean_3_online/extracted status=complete

2026-08-03T00:22:42+02:00 gates start configuration=46/48 dataset=exchange_rate model=chronos2 lags=504 horizon=168 retrieval=raw_euclidean_3_online family=gates iterations=300 learning_rate=0.03 depth=4 early_stopping_rounds=50 task_type=CPU thread_count=2 horizon_fits=serial validation_fraction=0.2 seed=1 max_t1_fit_samples=none max_t2_valid_samples=none max_adapt_refit_samples=none fit_sample_seed=1
2026-08-03 00:22:44,588 INFO [__main__] ========================================================================
2026-08-03 00:22:44,588 INFO [__main__] selected methods=('context_forecast', 'aggr_y', 'bayes_context_shared', 'bayes_aggr_y_shared', 'catboost_context_regressor_shared', 'catboost_aggr_y_regressor_shared', 'oracle_context_shared', 'oracle_aggr_y_shared')
2026-08-03 00:22:46,241 INFO [__main__] gate fitting start candidate=context
2026-08-03 00:22:47,334 INFO [__main__] gate fitting done candidate=context
2026-08-03 00:22:47,334 INFO [__main__] gate fitting start candidate=aggr_y
2026-08-03 00:22:47,929 INFO [__main__] gate fitting done candidate=aggr_y
2026-08-03 00:22:48,737 INFO [__main__] experiment done seconds=4.15
2026-08-03 00:22:48,737 INFO [__main__] ========================================================================
2026-08-03T00:22:49+02:00 gates done configuration=46/48 dataset=exchange_rate model=chronos2 lags=504 horizon=168 retrieval=raw_euclidean_3_online
2026-08-03 00:22:51,176 INFO [__main__] extraction validation directory=outputs/extractions/exchange_rate/504_168/chronos2/instance_euclidean_1_online/extracted status=complete

2026-08-03T00:22:51+02:00 gates start configuration=47/48 dataset=exchange_rate model=chronos2 lags=504 horizon=168 retrieval=instance_euclidean_1_online family=gates iterations=300 learning_rate=0.03 depth=4 early_stopping_rounds=50 task_type=CPU thread_count=2 horizon_fits=serial validation_fraction=0.2 seed=1 max_t1_fit_samples=none max_t2_valid_samples=none max_adapt_refit_samples=none fit_sample_seed=1
2026-08-03 00:22:53,682 INFO [__main__] ========================================================================
2026-08-03 00:22:53,682 INFO [__main__] selected methods=('context_forecast', 'aggr_y', 'bayes_context_shared', 'bayes_aggr_y_shared', 'catboost_context_regressor_shared', 'catboost_aggr_y_regressor_shared', 'oracle_context_shared', 'oracle_aggr_y_shared')
2026-08-03 00:22:55,245 INFO [__main__] gate fitting start candidate=context
2026-08-03 00:22:56,494 INFO [__main__] gate fitting done candidate=context
2026-08-03 00:22:56,494 INFO [__main__] gate fitting start candidate=aggr_y
2026-08-03 00:22:57,009 INFO [__main__] gate fitting done candidate=aggr_y
2026-08-03 00:22:57,813 INFO [__main__] experiment done seconds=4.13
2026-08-03 00:22:57,813 INFO [__main__] ========================================================================
2026-08-03T00:22:58+02:00 gates done configuration=47/48 dataset=exchange_rate model=chronos2 lags=504 horizon=168 retrieval=instance_euclidean_1_online
2026-08-03 00:23:00,308 INFO [__main__] extraction validation directory=outputs/extractions/exchange_rate/504_168/chronos2/instance_euclidean_3_online/extracted status=complete

2026-08-03T00:23:00+02:00 gates start configuration=48/48 dataset=exchange_rate model=chronos2 lags=504 horizon=168 retrieval=instance_euclidean_3_online family=gates iterations=300 learning_rate=0.03 depth=4 early_stopping_rounds=50 task_type=CPU thread_count=2 horizon_fits=serial validation_fraction=0.2 seed=1 max_t1_fit_samples=none max_t2_valid_samples=none max_adapt_refit_samples=none fit_sample_seed=1
2026-08-03 00:23:02,895 INFO [__main__] ========================================================================
2026-08-03 00:23:02,895 INFO [__main__] selected methods=('context_forecast', 'aggr_y', 'bayes_context_shared', 'bayes_aggr_y_shared', 'catboost_context_regressor_shared', 'catboost_aggr_y_regressor_shared', 'oracle_context_shared', 'oracle_aggr_y_shared')
2026-08-03 00:23:04,575 INFO [__main__] gate fitting start candidate=context
2026-08-03 00:23:05,713 INFO [__main__] gate fitting done candidate=context
2026-08-03 00:23:05,713 INFO [__main__] gate fitting start candidate=aggr_y
2026-08-03 00:23:06,158 INFO [__main__] gate fitting done candidate=aggr_y
2026-08-03 00:23:06,950 INFO [__main__] experiment done seconds=4.05
2026-08-03 00:23:06,950 INFO [__main__] ========================================================================
2026-08-03T00:23:07+02:00 gates done configuration=48/48 dataset=exchange_rate model=chronos2 lags=504 horizon=168 retrieval=instance_euclidean_3_online

2026-08-03T00:23:07+02:00 job done kind=gates output=outputs/adaptation_results/screen

2026-08-03T00:23:07+02:00 job start kind=adaptation_tables experiment_mode=screen datasets=Electricity,Traffic,Solar,exchange_rate models=chronos2 settings=168_24,336_48,504_168 families=baselines,gates metric=nmse distance_metrics=euclidean methods=context_forecast,aggr_y,y_mean,aggr_y_mix_shared,context_ridge_shared,aggr_y_ridge_shared,y_ridge_shared,cov_y_ridge_shared,cov_horizon_ridge_shared,residual_ridge_shared,full_ridge_shared,context_forecast,aggr_y,bayes_context_shared,bayes_aggr_y_shared,catboost_context_regressor_shared,catboost_aggr_y_regressor_shared,oracle_context_shared,oracle_aggr_y_shared table_kinds=full,average results_root=outputs/adaptation_results/screen

2026-08-03T00:23:07+02:00 table start model=chronos2 kind=full metric=nmse split=eval decimals=2 output=outputs/adaptation_results/screen/tables/chronos2/full
LaTeX table written to /home/h61084/codes/adapts/outputs/adaptation_results/screen/tables/chronos2/full/baselines_results.tex
LaTeX table written to /home/h61084/codes/adapts/outputs/adaptation_results/screen/tables/chronos2/full/gates_results.tex
2026-08-03T00:23:25+02:00 table done model=chronos2 kind=full output=outputs/adaptation_results/screen/tables/chronos2/full

2026-08-03T00:23:25+02:00 table start model=chronos2 kind=average metric=nmse split=eval decimals=2 output=outputs/adaptation_results/screen/tables/chronos2/average
LaTeX table written to /home/h61084/codes/adapts/outputs/adaptation_results/screen/tables/chronos2/average/baselines_results.tex
LaTeX table written to /home/h61084/codes/adapts/outputs/adaptation_results/screen/tables/chronos2/average/gates_results.tex
LaTeX table written to /home/h61084/codes/adapts/outputs/adaptation_results/screen/tables/chronos2/average/positive_windows_results.tex
2026-08-03T00:23:35+02:00 table done model=chronos2 kind=average output=outputs/adaptation_results/screen/tables/chronos2/average

2026-08-03T00:23:35+02:00 job done kind=adaptation_tables output=outputs/adaptation_results/screen/tables
