
2026-07-31T12:42:51+02:00 job start kind=ts_ifa_training experiment_mode=small skip_complete=true tasks=72 datasets=Traffic,Electricity,Solar models=chronos2 settings=168:24,504:24,504:168,504:504 distance_spaces=raw,instance distance_metrics=euclidean neighbors=1,3,10 results_root=outputs/adaptation_results/small
2026-07-31 12:42:54,007 INFO [__main__] extraction validation directory=outputs/adaptation/Traffic/168_24/chronos2/raw_euclidean_1_online/extracted status=complete

2026-07-31T12:42:54+02:00 training start configuration=1/72 dataset=Traffic model=chronos2 lags=168 horizon=24 retrieval=raw_euclidean_1_online validation_fraction=0.2 branch_epochs=10000 rooter_epochs=10000 batch_size=256 branch_lr=0.00001 rooter_lr=0.00001 weight_decay=0.0001 vanilla_anchor=0.01 coefficient_l2=0.01 horizon_smoothness=0.01 ridge_rooter_alpha=0.01 dropout=0.0 attention_heads=4 attention_dim=32 hidden_dim=128 transformed_expert=false learnable_transformed_covariate=false transformed_hidden_dim=128 vanilla_anchoring_init=true seed=1
2026-07-31 12:42:56,632 INFO [__main__] ========================================================================
2026-07-31 12:42:56,927 INFO [__main__] experiment start kind=ts_ifa_train input=outputs/adaptation/Traffic/168_24/chronos2/raw_euclidean_1_online/extracted branch_epochs=10000 rooter_epochs=10000 batch_size=256
2026-07-31 12:43:03,422 INFO [__main__] payload load done t1_samples=251120 t2_samples=62780 t3_samples=24080
2026-07-31 12:43:03,474 INFO [__main__] payload scale split=T1 samples=251120 std_min=0.00456868 std_q001=0.00634227 std_q01=0.0114885 std_q05=0.0154829 std_q10=0.0191641 std_median=0.0401517 below_1e-8=0 below_1e-6=0 below_1e-3=0
2026-07-31 12:43:03,487 INFO [__main__] payload scale split=T2 samples=62780 std_min=0.00506094 std_q001=0.00597668 std_q01=0.0112621 std_q05=0.016861 std_q10=0.0199308 std_median=0.0409577 below_1e-8=0 below_1e-6=0 below_1e-3=0
2026-07-31 12:43:03,492 INFO [__main__] payload scale split=T3 samples=24080 std_min=0.00206773 std_q001=0.00599496 std_q01=0.0108496 std_q05=0.0159288 std_q10=0.0200529 std_median=0.0427071 below_1e-8=0 below_1e-6=0 below_1e-3=0
2026-07-31 12:43:03,717 INFO [__main__] model ready name=TS-IFA device=cuda parameters_total=846,912 branches=523,256 neural_rooter=323,656 ridge_rooter=96
2026-07-31 12:43:03,718 INFO [__main__] stage start stage=branches epochs=10000 total_steps=10000 valid_eval_freq=1000 logging_eval_freq=1000
2026-07-31 12:43:15,426 INFO [__main__] stage progress stage=branches step=1000/10000 train_interval_loss=0.474000 t2_focus_nmse=0.254791
2026-07-31 12:43:26,549 INFO [__main__] stage progress stage=branches step=2000/10000 train_interval_loss=0.481189 t2_focus_nmse=0.253122
2026-07-31 12:43:37,634 INFO [__main__] stage progress stage=branches step=3000/10000 train_interval_loss=0.484325 t2_focus_nmse=0.252259
2026-07-31 12:43:48,724 INFO [__main__] stage progress stage=branches step=4000/10000 train_interval_loss=0.486864 t2_focus_nmse=0.251516
2026-07-31 12:43:59,798 INFO [__main__] stage progress stage=branches step=5000/10000 train_interval_loss=0.492870 t2_focus_nmse=0.250543
2026-07-31 12:44:10,931 INFO [__main__] stage progress stage=branches step=6000/10000 train_interval_loss=0.483641 t2_focus_nmse=0.249979
2026-07-31 12:44:21,983 INFO [__main__] stage progress stage=branches step=7000/10000 train_interval_loss=0.467848 t2_focus_nmse=0.249398
2026-07-31 12:44:33,123 INFO [__main__] stage progress stage=branches step=8000/10000 train_interval_loss=0.448956 t2_focus_nmse=0.249154
2026-07-31 12:44:44,310 INFO [__main__] stage progress stage=branches step=9000/10000 train_interval_loss=0.468504 t2_focus_nmse=0.248746
2026-07-31 12:44:55,542 INFO [__main__] stage progress stage=branches step=10000/10000 train_interval_loss=0.461086 t2_focus_nmse=0.248356
2026-07-31 12:44:55,560 INFO [__main__] ridge rooter fit start split=T2 alpha=0.01
2026-07-31 12:44:56,613 INFO [__main__] stage start stage=rooter epochs=10000 total_steps=10000 valid_eval_freq=1000 logging_eval_freq=1000
2026-07-31 12:45:07,370 INFO [__main__] stage progress stage=rooter step=1000/10000 train_interval_loss=0.263508 t2_focus_nmse=0.249195
2026-07-31 12:45:18,234 INFO [__main__] stage progress stage=rooter step=2000/10000 train_interval_loss=0.246592 t2_focus_nmse=0.245514
2026-07-31 12:45:28,869 INFO [__main__] stage progress stage=rooter step=3000/10000 train_interval_loss=0.246213 t2_focus_nmse=0.242598
2026-07-31 12:45:39,472 INFO [__main__] stage progress stage=rooter step=4000/10000 train_interval_loss=0.245983 t2_focus_nmse=0.240319
2026-07-31 12:45:50,103 INFO [__main__] stage progress stage=rooter step=5000/10000 train_interval_loss=0.241829 t2_focus_nmse=0.238607
2026-07-31 12:46:00,727 INFO [__main__] stage progress stage=rooter step=6000/10000 train_interval_loss=0.235769 t2_focus_nmse=0.237242
2026-07-31 12:46:11,414 INFO [__main__] stage progress stage=rooter step=7000/10000 train_interval_loss=0.230727 t2_focus_nmse=0.236136
2026-07-31 12:46:22,085 INFO [__main__] stage progress stage=rooter step=8000/10000 train_interval_loss=0.246442 t2_focus_nmse=0.235013
2026-07-31 12:46:32,864 INFO [__main__] stage progress stage=rooter step=9000/10000 train_interval_loss=0.230556 t2_focus_nmse=0.233839
2026-07-31 12:46:43,611 INFO [__main__] stage progress stage=rooter step=10000/10000 train_interval_loss=0.247892 t2_focus_nmse=0.232687
2026-07-31 12:46:43,612 INFO [__main__] training done seconds=219.89
2026-07-31 12:46:43,616 INFO [__main__] evaluation start split=T3
2026-07-31 12:46:44,344 INFO [__main__] evaluation done neural_nmse=0.333876 ridge_nmse=0.299543 residual_nmse=0.300985 memory_nmse=0.303296 transformed_nmse=disabled
2026-07-31 12:46:45,346 INFO [__main__] outputs saved dir=outputs/adaptation_results/small/Traffic/168_24/chronos2/raw_euclidean_1_online/ts_ifa/TS-IFA
2026-07-31 12:46:45,346 INFO [__main__] experiment done seconds=228.71
2026-07-31 12:46:45,346 INFO [__main__] ========================================================================
2026-07-31T12:46:46+02:00 training done configuration=1/72 dataset=Traffic model=chronos2 lags=168 horizon=24 retrieval=raw_euclidean_1_online
2026-07-31 12:46:48,339 INFO [__main__] extraction validation directory=outputs/adaptation/Traffic/168_24/chronos2/raw_euclidean_3_online/extracted status=complete

2026-07-31T12:46:48+02:00 training start configuration=2/72 dataset=Traffic model=chronos2 lags=168 horizon=24 retrieval=raw_euclidean_3_online validation_fraction=0.2 branch_epochs=10000 rooter_epochs=10000 batch_size=256 branch_lr=0.00001 rooter_lr=0.00001 weight_decay=0.0001 vanilla_anchor=0.01 coefficient_l2=0.01 horizon_smoothness=0.01 ridge_rooter_alpha=0.01 dropout=0.0 attention_heads=4 attention_dim=32 hidden_dim=128 transformed_expert=false learnable_transformed_covariate=false transformed_hidden_dim=128 vanilla_anchoring_init=true seed=1
2026-07-31 12:46:51,052 INFO [__main__] ========================================================================
2026-07-31 12:46:51,357 INFO [__main__] experiment start kind=ts_ifa_train input=outputs/adaptation/Traffic/168_24/chronos2/raw_euclidean_3_online/extracted branch_epochs=10000 rooter_epochs=10000 batch_size=256
2026-07-31 12:47:01,446 INFO [__main__] payload load done t1_samples=251120 t2_samples=62780 t3_samples=24080
2026-07-31 12:47:01,498 INFO [__main__] payload scale split=T1 samples=251120 std_min=0.00456868 std_q001=0.00634227 std_q01=0.0114885 std_q05=0.0154829 std_q10=0.0191641 std_median=0.0401517 below_1e-8=0 below_1e-6=0 below_1e-3=0
2026-07-31 12:47:01,511 INFO [__main__] payload scale split=T2 samples=62780 std_min=0.00506094 std_q001=0.00597668 std_q01=0.0112621 std_q05=0.016861 std_q10=0.0199308 std_median=0.0409577 below_1e-8=0 below_1e-6=0 below_1e-3=0
2026-07-31 12:47:01,516 INFO [__main__] payload scale split=T3 samples=24080 std_min=0.00206773 std_q001=0.00599496 std_q01=0.0108496 std_q05=0.0159288 std_q10=0.0200529 std_median=0.0427071 below_1e-8=0 below_1e-6=0 below_1e-3=0
2026-07-31 12:47:01,749 INFO [__main__] model ready name=TS-IFA device=cuda parameters_total=846,912 branches=523,256 neural_rooter=323,656 ridge_rooter=96
2026-07-31 12:47:01,749 INFO [__main__] stage start stage=branches epochs=10000 total_steps=10000 valid_eval_freq=1000 logging_eval_freq=1000
2026-07-31 12:47:14,318 INFO [__main__] stage progress stage=branches step=1000/10000 train_interval_loss=0.473826 t2_focus_nmse=0.254578
2026-07-31 12:47:26,685 INFO [__main__] stage progress stage=branches step=2000/10000 train_interval_loss=0.480731 t2_focus_nmse=0.252899
2026-07-31 12:47:38,885 INFO [__main__] stage progress stage=branches step=3000/10000 train_interval_loss=0.483791 t2_focus_nmse=0.252040
2026-07-31 12:47:51,000 INFO [__main__] stage progress stage=branches step=4000/10000 train_interval_loss=0.486360 t2_focus_nmse=0.251294
2026-07-31 12:48:02,896 INFO [__main__] stage progress stage=branches step=5000/10000 train_interval_loss=0.492361 t2_focus_nmse=0.250359
2026-07-31 12:48:14,870 INFO [__main__] stage progress stage=branches step=6000/10000 train_interval_loss=0.483079 t2_focus_nmse=0.249801
2026-07-31 12:48:26,790 INFO [__main__] stage progress stage=branches step=7000/10000 train_interval_loss=0.467363 t2_focus_nmse=0.249236
2026-07-31 12:48:38,696 INFO [__main__] stage progress stage=branches step=8000/10000 train_interval_loss=0.448360 t2_focus_nmse=0.248991
2026-07-31 12:48:50,572 INFO [__main__] stage progress stage=branches step=9000/10000 train_interval_loss=0.467872 t2_focus_nmse=0.248615
2026-07-31 12:49:02,466 INFO [__main__] stage progress stage=branches step=10000/10000 train_interval_loss=0.460444 t2_focus_nmse=0.248245
2026-07-31 12:49:02,484 INFO [__main__] ridge rooter fit start split=T2 alpha=0.01
2026-07-31 12:49:03,581 INFO [__main__] stage start stage=rooter epochs=10000 total_steps=10000 valid_eval_freq=1000 logging_eval_freq=1000
2026-07-31 12:49:14,871 INFO [__main__] stage progress stage=rooter step=1000/10000 train_interval_loss=0.263181 t2_focus_nmse=0.248599
2026-07-31 12:49:26,263 INFO [__main__] stage progress stage=rooter step=2000/10000 train_interval_loss=0.245813 t2_focus_nmse=0.244586
2026-07-31 12:49:37,573 INFO [__main__] stage progress stage=rooter step=3000/10000 train_interval_loss=0.245319 t2_focus_nmse=0.241600
2026-07-31 12:49:48,812 INFO [__main__] stage progress stage=rooter step=4000/10000 train_interval_loss=0.245001 t2_focus_nmse=0.239324
2026-07-31 12:49:59,988 INFO [__main__] stage progress stage=rooter step=5000/10000 train_interval_loss=0.240918 t2_focus_nmse=0.237615
2026-07-31 12:50:11,170 INFO [__main__] stage progress stage=rooter step=6000/10000 train_interval_loss=0.234625 t2_focus_nmse=0.236230
2026-07-31 12:50:22,370 INFO [__main__] stage progress stage=rooter step=7000/10000 train_interval_loss=0.229742 t2_focus_nmse=0.235023
2026-07-31 12:50:33,637 INFO [__main__] stage progress stage=rooter step=8000/10000 train_interval_loss=0.245233 t2_focus_nmse=0.233779
2026-07-31 12:50:44,779 INFO [__main__] stage progress stage=rooter step=9000/10000 train_interval_loss=0.229394 t2_focus_nmse=0.232512
2026-07-31 12:50:56,040 INFO [__main__] stage progress stage=rooter step=10000/10000 train_interval_loss=0.246229 t2_focus_nmse=0.231185
2026-07-31 12:50:56,040 INFO [__main__] training done seconds=234.29
2026-07-31 12:50:56,044 INFO [__main__] evaluation start split=T3
2026-07-31 12:50:56,819 INFO [__main__] evaluation done neural_nmse=0.329166 ridge_nmse=0.297437 residual_nmse=0.299709 memory_nmse=0.302630 transformed_nmse=disabled
2026-07-31 12:50:57,818 INFO [__main__] outputs saved dir=outputs/adaptation_results/small/Traffic/168_24/chronos2/raw_euclidean_3_online/ts_ifa/TS-IFA
2026-07-31 12:50:57,818 INFO [__main__] experiment done seconds=246.77
2026-07-31 12:50:57,818 INFO [__main__] ========================================================================
2026-07-31T12:50:58+02:00 training done configuration=2/72 dataset=Traffic model=chronos2 lags=168 horizon=24 retrieval=raw_euclidean_3_online
2026-07-31 12:51:00,933 INFO [__main__] extraction validation directory=outputs/adaptation/Traffic/168_24/chronos2/raw_euclidean_10_online/extracted status=complete

2026-07-31T12:51:01+02:00 training start configuration=3/72 dataset=Traffic model=chronos2 lags=168 horizon=24 retrieval=raw_euclidean_10_online validation_fraction=0.2 branch_epochs=10000 rooter_epochs=10000 batch_size=256 branch_lr=0.00001 rooter_lr=0.00001 weight_decay=0.0001 vanilla_anchor=0.01 coefficient_l2=0.01 horizon_smoothness=0.01 ridge_rooter_alpha=0.01 dropout=0.0 attention_heads=4 attention_dim=32 hidden_dim=128 transformed_expert=false learnable_transformed_covariate=false transformed_hidden_dim=128 vanilla_anchoring_init=true seed=1
2026-07-31 12:51:03,545 INFO [__main__] ========================================================================
2026-07-31 12:51:03,875 INFO [__main__] experiment start kind=ts_ifa_train input=outputs/adaptation/Traffic/168_24/chronos2/raw_euclidean_10_online/extracted branch_epochs=10000 rooter_epochs=10000 batch_size=256
2026-07-31 12:51:27,195 INFO [__main__] payload load done t1_samples=251120 t2_samples=62780 t3_samples=24080
2026-07-31 12:51:27,248 INFO [__main__] payload scale split=T1 samples=251120 std_min=0.00456868 std_q001=0.00634227 std_q01=0.0114885 std_q05=0.0154829 std_q10=0.0191641 std_median=0.0401517 below_1e-8=0 below_1e-6=0 below_1e-3=0
2026-07-31 12:51:27,262 INFO [__main__] payload scale split=T2 samples=62780 std_min=0.00506094 std_q001=0.00597668 std_q01=0.0112621 std_q05=0.016861 std_q10=0.0199308 std_median=0.0409577 below_1e-8=0 below_1e-6=0 below_1e-3=0
2026-07-31 12:51:27,267 INFO [__main__] payload scale split=T3 samples=24080 std_min=0.00206773 std_q001=0.00599496 std_q01=0.0108496 std_q05=0.0159288 std_q10=0.0200529 std_median=0.0427071 below_1e-8=0 below_1e-6=0 below_1e-3=0
2026-07-31 12:51:27,477 INFO [__main__] model ready name=TS-IFA device=cuda parameters_total=846,912 branches=523,256 neural_rooter=323,656 ridge_rooter=96
2026-07-31 12:51:27,478 INFO [__main__] stage start stage=branches epochs=10000 total_steps=10000 valid_eval_freq=1000 logging_eval_freq=1000
2026-07-31 12:51:40,722 INFO [__main__] stage progress stage=branches step=1000/10000 train_interval_loss=0.473828 t2_focus_nmse=0.254557
2026-07-31 12:51:53,463 INFO [__main__] stage progress stage=branches step=2000/10000 train_interval_loss=0.480558 t2_focus_nmse=0.252838
2026-07-31 12:52:06,128 INFO [__main__] stage progress stage=branches step=3000/10000 train_interval_loss=0.483482 t2_focus_nmse=0.251976
2026-07-31 12:52:18,721 INFO [__main__] stage progress stage=branches step=4000/10000 train_interval_loss=0.485996 t2_focus_nmse=0.251242
2026-07-31 12:52:31,295 INFO [__main__] stage progress stage=branches step=5000/10000 train_interval_loss=0.491994 t2_focus_nmse=0.250327
2026-07-31 12:52:43,877 INFO [__main__] stage progress stage=branches step=6000/10000 train_interval_loss=0.482797 t2_focus_nmse=0.249804
2026-07-31 12:52:56,414 INFO [__main__] stage progress stage=branches step=7000/10000 train_interval_loss=0.467018 t2_focus_nmse=0.249249
2026-07-31 12:53:08,921 INFO [__main__] stage progress stage=branches step=8000/10000 train_interval_loss=0.447981 t2_focus_nmse=0.249028
2026-07-31 12:53:21,369 INFO [__main__] stage progress stage=branches step=9000/10000 train_interval_loss=0.467559 t2_focus_nmse=0.248667
2026-07-31 12:53:33,856 INFO [__main__] stage progress stage=branches step=10000/10000 train_interval_loss=0.460079 t2_focus_nmse=0.248288
2026-07-31 12:53:33,874 INFO [__main__] ridge rooter fit start split=T2 alpha=0.01
2026-07-31 12:53:35,054 INFO [__main__] stage start stage=rooter epochs=10000 total_steps=10000 valid_eval_freq=1000 logging_eval_freq=1000
2026-07-31 12:53:47,045 INFO [__main__] stage progress stage=rooter step=1000/10000 train_interval_loss=0.263102 t2_focus_nmse=0.248464
2026-07-31 12:53:58,931 INFO [__main__] stage progress stage=rooter step=2000/10000 train_interval_loss=0.245619 t2_focus_nmse=0.244356
2026-07-31 12:54:10,929 INFO [__main__] stage progress stage=rooter step=3000/10000 train_interval_loss=0.245078 t2_focus_nmse=0.241303
2026-07-31 12:54:22,950 INFO [__main__] stage progress stage=rooter step=4000/10000 train_interval_loss=0.244833 t2_focus_nmse=0.239081
2026-07-31 12:54:34,941 INFO [__main__] stage progress stage=rooter step=5000/10000 train_interval_loss=0.240677 t2_focus_nmse=0.237388
2026-07-31 12:54:46,746 INFO [__main__] stage progress stage=rooter step=6000/10000 train_interval_loss=0.234494 t2_focus_nmse=0.236039
2026-07-31 12:54:58,588 INFO [__main__] stage progress stage=rooter step=7000/10000 train_interval_loss=0.229682 t2_focus_nmse=0.234913
2026-07-31 12:55:10,552 INFO [__main__] stage progress stage=rooter step=8000/10000 train_interval_loss=0.245119 t2_focus_nmse=0.233616
2026-07-31 12:55:22,480 INFO [__main__] stage progress stage=rooter step=9000/10000 train_interval_loss=0.229353 t2_focus_nmse=0.232359
2026-07-31 12:55:34,309 INFO [__main__] stage progress stage=rooter step=10000/10000 train_interval_loss=0.246238 t2_focus_nmse=0.231018
2026-07-31 12:55:34,309 INFO [__main__] training done seconds=246.83
2026-07-31 12:55:34,313 INFO [__main__] evaluation start split=T3
2026-07-31 12:55:35,168 INFO [__main__] evaluation done neural_nmse=0.329819 ridge_nmse=0.296513 residual_nmse=0.299159 memory_nmse=0.303953 transformed_nmse=disabled
2026-07-31 12:55:36,139 INFO [__main__] outputs saved dir=outputs/adaptation_results/small/Traffic/168_24/chronos2/raw_euclidean_10_online/ts_ifa/TS-IFA
2026-07-31 12:55:36,139 INFO [__main__] experiment done seconds=272.59
2026-07-31 12:55:36,139 INFO [__main__] ========================================================================
2026-07-31T12:55:36+02:00 training done configuration=3/72 dataset=Traffic model=chronos2 lags=168 horizon=24 retrieval=raw_euclidean_10_online
2026-07-31 12:55:39,310 INFO [__main__] extraction validation directory=outputs/adaptation/Traffic/168_24/chronos2/instance_euclidean_1_online/extracted status=complete

2026-07-31T12:55:39+02:00 training start configuration=4/72 dataset=Traffic model=chronos2 lags=168 horizon=24 retrieval=instance_euclidean_1_online validation_fraction=0.2 branch_epochs=10000 rooter_epochs=10000 batch_size=256 branch_lr=0.00001 rooter_lr=0.00001 weight_decay=0.0001 vanilla_anchor=0.01 coefficient_l2=0.01 horizon_smoothness=0.01 ridge_rooter_alpha=0.01 dropout=0.0 attention_heads=4 attention_dim=32 hidden_dim=128 transformed_expert=false learnable_transformed_covariate=false transformed_hidden_dim=128 vanilla_anchoring_init=true seed=1
2026-07-31 12:55:41,888 INFO [__main__] ========================================================================
2026-07-31 12:55:42,186 INFO [__main__] experiment start kind=ts_ifa_train input=outputs/adaptation/Traffic/168_24/chronos2/instance_euclidean_1_online/extracted branch_epochs=10000 rooter_epochs=10000 batch_size=256
2026-07-31 12:55:48,235 INFO [__main__] payload load done t1_samples=251120 t2_samples=62780 t3_samples=24080
2026-07-31 12:55:48,286 INFO [__main__] payload scale split=T1 samples=251120 std_min=0.00456868 std_q001=0.00634227 std_q01=0.0114885 std_q05=0.0154829 std_q10=0.0191641 std_median=0.0401517 below_1e-8=0 below_1e-6=0 below_1e-3=0
2026-07-31 12:55:48,299 INFO [__main__] payload scale split=T2 samples=62780 std_min=0.00506094 std_q001=0.00597668 std_q01=0.0112621 std_q05=0.016861 std_q10=0.0199308 std_median=0.0409577 below_1e-8=0 below_1e-6=0 below_1e-3=0
2026-07-31 12:55:48,304 INFO [__main__] payload scale split=T3 samples=24080 std_min=0.00206773 std_q001=0.00599496 std_q01=0.0108496 std_q05=0.0159288 std_q10=0.0200529 std_median=0.0427071 below_1e-8=0 below_1e-6=0 below_1e-3=0
2026-07-31 12:55:48,507 INFO [__main__] model ready name=TS-IFA device=cuda parameters_total=846,912 branches=523,256 neural_rooter=323,656 ridge_rooter=96
2026-07-31 12:55:48,508 INFO [__main__] stage start stage=branches epochs=10000 total_steps=10000 valid_eval_freq=1000 logging_eval_freq=1000
2026-07-31 12:56:00,147 INFO [__main__] stage progress stage=branches step=1000/10000 train_interval_loss=0.474111 t2_focus_nmse=0.254846
2026-07-31 12:56:11,303 INFO [__main__] stage progress stage=branches step=2000/10000 train_interval_loss=0.481254 t2_focus_nmse=0.253130
2026-07-31 12:56:22,482 INFO [__main__] stage progress stage=branches step=3000/10000 train_interval_loss=0.484415 t2_focus_nmse=0.252255
2026-07-31 12:56:33,516 INFO [__main__] stage progress stage=branches step=4000/10000 train_interval_loss=0.487006 t2_focus_nmse=0.251476
2026-07-31 12:56:44,539 INFO [__main__] stage progress stage=branches step=5000/10000 train_interval_loss=0.492986 t2_focus_nmse=0.250537
2026-07-31 12:56:55,594 INFO [__main__] stage progress stage=branches step=6000/10000 train_interval_loss=0.483758 t2_focus_nmse=0.249971
2026-07-31 12:57:06,645 INFO [__main__] stage progress stage=branches step=7000/10000 train_interval_loss=0.468022 t2_focus_nmse=0.249383
2026-07-31 12:57:17,694 INFO [__main__] stage progress stage=branches step=8000/10000 train_interval_loss=0.449055 t2_focus_nmse=0.249143
2026-07-31 12:57:28,749 INFO [__main__] stage progress stage=branches step=9000/10000 train_interval_loss=0.468588 t2_focus_nmse=0.248743
2026-07-31 12:57:39,870 INFO [__main__] stage progress stage=branches step=10000/10000 train_interval_loss=0.461169 t2_focus_nmse=0.248378
2026-07-31 12:57:39,888 INFO [__main__] ridge rooter fit start split=T2 alpha=0.01
2026-07-31 12:57:40,911 INFO [__main__] stage start stage=rooter epochs=10000 total_steps=10000 valid_eval_freq=1000 logging_eval_freq=1000
2026-07-31 12:57:51,529 INFO [__main__] stage progress stage=rooter step=1000/10000 train_interval_loss=0.263473 t2_focus_nmse=0.249193
2026-07-31 12:58:02,157 INFO [__main__] stage progress stage=rooter step=2000/10000 train_interval_loss=0.246568 t2_focus_nmse=0.245528
2026-07-31 12:58:12,711 INFO [__main__] stage progress stage=rooter step=3000/10000 train_interval_loss=0.246424 t2_focus_nmse=0.242692
2026-07-31 12:58:23,274 INFO [__main__] stage progress stage=rooter step=4000/10000 train_interval_loss=0.246253 t2_focus_nmse=0.240506
2026-07-31 12:58:33,873 INFO [__main__] stage progress stage=rooter step=5000/10000 train_interval_loss=0.242138 t2_focus_nmse=0.238894
2026-07-31 12:58:44,451 INFO [__main__] stage progress stage=rooter step=6000/10000 train_interval_loss=0.236038 t2_focus_nmse=0.237590
2026-07-31 12:58:55,074 INFO [__main__] stage progress stage=rooter step=7000/10000 train_interval_loss=0.231102 t2_focus_nmse=0.236532
2026-07-31 12:59:05,652 INFO [__main__] stage progress stage=rooter step=8000/10000 train_interval_loss=0.246777 t2_focus_nmse=0.235492
2026-07-31 12:59:16,236 INFO [__main__] stage progress stage=rooter step=9000/10000 train_interval_loss=0.231282 t2_focus_nmse=0.234365
2026-07-31 12:59:26,822 INFO [__main__] stage progress stage=rooter step=10000/10000 train_interval_loss=0.248382 t2_focus_nmse=0.233317
2026-07-31 12:59:26,822 INFO [__main__] training done seconds=218.32
2026-07-31 12:59:26,826 INFO [__main__] evaluation start split=T3
2026-07-31 12:59:27,526 INFO [__main__] evaluation done neural_nmse=0.333709 ridge_nmse=0.299637 residual_nmse=0.300584 memory_nmse=0.303264 transformed_nmse=disabled
2026-07-31 12:59:28,503 INFO [__main__] outputs saved dir=outputs/adaptation_results/small/Traffic/168_24/chronos2/instance_euclidean_1_online/ts_ifa/TS-IFA
2026-07-31 12:59:28,503 INFO [__main__] experiment done seconds=226.61
2026-07-31 12:59:28,503 INFO [__main__] ========================================================================
2026-07-31T12:59:29+02:00 training done configuration=4/72 dataset=Traffic model=chronos2 lags=168 horizon=24 retrieval=instance_euclidean_1_online
2026-07-31 12:59:31,533 INFO [__main__] extraction validation directory=outputs/adaptation/Traffic/168_24/chronos2/instance_euclidean_3_online/extracted status=complete

2026-07-31T12:59:31+02:00 training start configuration=5/72 dataset=Traffic model=chronos2 lags=168 horizon=24 retrieval=instance_euclidean_3_online validation_fraction=0.2 branch_epochs=10000 rooter_epochs=10000 batch_size=256 branch_lr=0.00001 rooter_lr=0.00001 weight_decay=0.0001 vanilla_anchor=0.01 coefficient_l2=0.01 horizon_smoothness=0.01 ridge_rooter_alpha=0.01 dropout=0.0 attention_heads=4 attention_dim=32 hidden_dim=128 transformed_expert=false learnable_transformed_covariate=false transformed_hidden_dim=128 vanilla_anchoring_init=true seed=1
2026-07-31 12:59:34,047 INFO [__main__] ========================================================================
2026-07-31 12:59:34,331 INFO [__main__] experiment start kind=ts_ifa_train input=outputs/adaptation/Traffic/168_24/chronos2/instance_euclidean_3_online/extracted branch_epochs=10000 rooter_epochs=10000 batch_size=256
2026-07-31 12:59:44,306 INFO [__main__] payload load done t1_samples=251120 t2_samples=62780 t3_samples=24080
2026-07-31 12:59:44,363 INFO [__main__] payload scale split=T1 samples=251120 std_min=0.00456868 std_q001=0.00634227 std_q01=0.0114885 std_q05=0.0154829 std_q10=0.0191641 std_median=0.0401517 below_1e-8=0 below_1e-6=0 below_1e-3=0
2026-07-31 12:59:44,376 INFO [__main__] payload scale split=T2 samples=62780 std_min=0.00506094 std_q001=0.00597668 std_q01=0.0112621 std_q05=0.016861 std_q10=0.0199308 std_median=0.0409577 below_1e-8=0 below_1e-6=0 below_1e-3=0
2026-07-31 12:59:44,381 INFO [__main__] payload scale split=T3 samples=24080 std_min=0.00206773 std_q001=0.00599496 std_q01=0.0108496 std_q05=0.0159288 std_q10=0.0200529 std_median=0.0427071 below_1e-8=0 below_1e-6=0 below_1e-3=0
2026-07-31 12:59:44,616 INFO [__main__] model ready name=TS-IFA device=cuda parameters_total=846,912 branches=523,256 neural_rooter=323,656 ridge_rooter=96
2026-07-31 12:59:44,616 INFO [__main__] stage start stage=branches epochs=10000 total_steps=10000 valid_eval_freq=1000 logging_eval_freq=1000
2026-07-31 12:59:56,826 INFO [__main__] stage progress stage=branches step=1000/10000 train_interval_loss=0.473903 t2_focus_nmse=0.254658
2026-07-31 13:00:09,026 INFO [__main__] stage progress stage=branches step=2000/10000 train_interval_loss=0.480790 t2_focus_nmse=0.252962
2026-07-31 13:00:21,261 INFO [__main__] stage progress stage=branches step=3000/10000 train_interval_loss=0.483858 t2_focus_nmse=0.252092
2026-07-31 13:00:33,023 INFO [__main__] stage progress stage=branches step=4000/10000 train_interval_loss=0.486485 t2_focus_nmse=0.251333
2026-07-31 13:00:44,739 INFO [__main__] stage progress stage=branches step=5000/10000 train_interval_loss=0.492481 t2_focus_nmse=0.250386
2026-07-31 13:00:56,255 INFO [__main__] stage progress stage=branches step=6000/10000 train_interval_loss=0.483283 t2_focus_nmse=0.249830
2026-07-31 13:01:07,664 INFO [__main__] stage progress stage=branches step=7000/10000 train_interval_loss=0.467526 t2_focus_nmse=0.249250
2026-07-31 13:01:19,063 INFO [__main__] stage progress stage=branches step=8000/10000 train_interval_loss=0.448480 t2_focus_nmse=0.249026
2026-07-31 13:01:30,496 INFO [__main__] stage progress stage=branches step=9000/10000 train_interval_loss=0.468064 t2_focus_nmse=0.248629
2026-07-31 13:01:42,051 INFO [__main__] stage progress stage=branches step=10000/10000 train_interval_loss=0.460655 t2_focus_nmse=0.248265
2026-07-31 13:01:42,069 INFO [__main__] ridge rooter fit start split=T2 alpha=0.01
2026-07-31 13:01:43,125 INFO [__main__] stage start stage=rooter epochs=10000 total_steps=10000 valid_eval_freq=1000 logging_eval_freq=1000
2026-07-31 13:01:54,224 INFO [__main__] stage progress stage=rooter step=1000/10000 train_interval_loss=0.263168 t2_focus_nmse=0.248613
2026-07-31 13:02:05,337 INFO [__main__] stage progress stage=rooter step=2000/10000 train_interval_loss=0.245848 t2_focus_nmse=0.244679
2026-07-31 13:02:16,417 INFO [__main__] stage progress stage=rooter step=3000/10000 train_interval_loss=0.245514 t2_focus_nmse=0.241753
2026-07-31 13:02:27,435 INFO [__main__] stage progress stage=rooter step=4000/10000 train_interval_loss=0.245313 t2_focus_nmse=0.239530
2026-07-31 13:02:38,559 INFO [__main__] stage progress stage=rooter step=5000/10000 train_interval_loss=0.241214 t2_focus_nmse=0.237836
2026-07-31 13:02:49,732 INFO [__main__] stage progress stage=rooter step=6000/10000 train_interval_loss=0.234922 t2_focus_nmse=0.236474
2026-07-31 13:03:01,043 INFO [__main__] stage progress stage=rooter step=7000/10000 train_interval_loss=0.229947 t2_focus_nmse=0.235348
2026-07-31 13:03:12,125 INFO [__main__] stage progress stage=rooter step=8000/10000 train_interval_loss=0.245602 t2_focus_nmse=0.234217
2026-07-31 13:03:23,268 INFO [__main__] stage progress stage=rooter step=9000/10000 train_interval_loss=0.229983 t2_focus_nmse=0.233009
2026-07-31 13:03:34,386 INFO [__main__] stage progress stage=rooter step=10000/10000 train_interval_loss=0.246824 t2_focus_nmse=0.231789
2026-07-31 13:03:34,386 INFO [__main__] training done seconds=229.77
2026-07-31 13:03:34,390 INFO [__main__] evaluation start split=T3
2026-07-31 13:03:35,169 INFO [__main__] evaluation done neural_nmse=0.329641 ridge_nmse=0.297586 residual_nmse=0.299528 memory_nmse=0.302480 transformed_nmse=disabled
2026-07-31 13:03:36,134 INFO [__main__] outputs saved dir=outputs/adaptation_results/small/Traffic/168_24/chronos2/instance_euclidean_3_online/ts_ifa/TS-IFA
2026-07-31 13:03:36,134 INFO [__main__] experiment done seconds=242.09
2026-07-31 13:03:36,134 INFO [__main__] ========================================================================
2026-07-31T13:03:36+02:00 training done configuration=5/72 dataset=Traffic model=chronos2 lags=168 horizon=24 retrieval=instance_euclidean_3_online
2026-07-31 13:03:39,167 INFO [__main__] extraction validation directory=outputs/adaptation/Traffic/168_24/chronos2/instance_euclidean_10_online/extracted status=complete

2026-07-31T13:03:39+02:00 training start configuration=6/72 dataset=Traffic model=chronos2 lags=168 horizon=24 retrieval=instance_euclidean_10_online validation_fraction=0.2 branch_epochs=10000 rooter_epochs=10000 batch_size=256 branch_lr=0.00001 rooter_lr=0.00001 weight_decay=0.0001 vanilla_anchor=0.01 coefficient_l2=0.01 horizon_smoothness=0.01 ridge_rooter_alpha=0.01 dropout=0.0 attention_heads=4 attention_dim=32 hidden_dim=128 transformed_expert=false learnable_transformed_covariate=false transformed_hidden_dim=128 vanilla_anchoring_init=true seed=1
2026-07-31 13:03:41,891 INFO [__main__] ========================================================================
2026-07-31 13:03:42,161 INFO [__main__] experiment start kind=ts_ifa_train input=outputs/adaptation/Traffic/168_24/chronos2/instance_euclidean_10_online/extracted branch_epochs=10000 rooter_epochs=10000 batch_size=256
2026-07-31 13:04:06,880 INFO [__main__] payload load done t1_samples=251120 t2_samples=62780 t3_samples=24080
2026-07-31 13:04:06,939 INFO [__main__] payload scale split=T1 samples=251120 std_min=0.00456868 std_q001=0.00634227 std_q01=0.0114885 std_q05=0.0154829 std_q10=0.0191641 std_median=0.0401517 below_1e-8=0 below_1e-6=0 below_1e-3=0
2026-07-31 13:04:06,952 INFO [__main__] payload scale split=T2 samples=62780 std_min=0.00506094 std_q001=0.00597668 std_q01=0.0112621 std_q05=0.016861 std_q10=0.0199308 std_median=0.0409577 below_1e-8=0 below_1e-6=0 below_1e-3=0
2026-07-31 13:04:06,957 INFO [__main__] payload scale split=T3 samples=24080 std_min=0.00206773 std_q001=0.00599496 std_q01=0.0108496 std_q05=0.0159288 std_q10=0.0200529 std_median=0.0427071 below_1e-8=0 below_1e-6=0 below_1e-3=0
2026-07-31 13:04:07,154 INFO [__main__] model ready name=TS-IFA device=cuda parameters_total=846,912 branches=523,256 neural_rooter=323,656 ridge_rooter=96
2026-07-31 13:04:07,154 INFO [__main__] stage start stage=branches epochs=10000 total_steps=10000 valid_eval_freq=1000 logging_eval_freq=1000
2026-07-31 13:04:20,015 INFO [__main__] stage progress stage=branches step=1000/10000 train_interval_loss=0.473858 t2_focus_nmse=0.254616
2026-07-31 13:04:32,764 INFO [__main__] stage progress stage=branches step=2000/10000 train_interval_loss=0.480652 t2_focus_nmse=0.252905
2026-07-31 13:04:45,709 INFO [__main__] stage progress stage=branches step=3000/10000 train_interval_loss=0.483560 t2_focus_nmse=0.252023
2026-07-31 13:04:59,119 INFO [__main__] stage progress stage=branches step=4000/10000 train_interval_loss=0.486120 t2_focus_nmse=0.251293
2026-07-31 13:05:11,832 INFO [__main__] stage progress stage=branches step=5000/10000 train_interval_loss=0.492147 t2_focus_nmse=0.250374
2026-07-31 13:05:24,689 INFO [__main__] stage progress stage=branches step=6000/10000 train_interval_loss=0.482957 t2_focus_nmse=0.249843
2026-07-31 13:05:37,262 INFO [__main__] stage progress stage=branches step=7000/10000 train_interval_loss=0.467205 t2_focus_nmse=0.249274
2026-07-31 13:05:49,860 INFO [__main__] stage progress stage=branches step=8000/10000 train_interval_loss=0.448127 t2_focus_nmse=0.249076
2026-07-31 13:06:02,623 INFO [__main__] stage progress stage=branches step=9000/10000 train_interval_loss=0.467655 t2_focus_nmse=0.248700
2026-07-31 13:06:15,182 INFO [__main__] stage progress stage=branches step=10000/10000 train_interval_loss=0.460222 t2_focus_nmse=0.248337
2026-07-31 13:06:15,199 INFO [__main__] ridge rooter fit start split=T2 alpha=0.01
2026-07-31 13:06:16,354 INFO [__main__] stage start stage=rooter epochs=10000 total_steps=10000 valid_eval_freq=1000 logging_eval_freq=1000
2026-07-31 13:06:28,364 INFO [__main__] stage progress stage=rooter step=1000/10000 train_interval_loss=0.263106 t2_focus_nmse=0.248497
2026-07-31 13:06:40,261 INFO [__main__] stage progress stage=rooter step=2000/10000 train_interval_loss=0.245673 t2_focus_nmse=0.244451
2026-07-31 13:06:52,185 INFO [__main__] stage progress stage=rooter step=3000/10000 train_interval_loss=0.245209 t2_focus_nmse=0.241426
2026-07-31 13:07:04,112 INFO [__main__] stage progress stage=rooter step=4000/10000 train_interval_loss=0.245037 t2_focus_nmse=0.239196
2026-07-31 13:07:15,913 INFO [__main__] stage progress stage=rooter step=5000/10000 train_interval_loss=0.240871 t2_focus_nmse=0.237476
2026-07-31 13:07:27,681 INFO [__main__] stage progress stage=rooter step=6000/10000 train_interval_loss=0.234615 t2_focus_nmse=0.236120
2026-07-31 13:07:39,525 INFO [__main__] stage progress stage=rooter step=7000/10000 train_interval_loss=0.229633 t2_focus_nmse=0.235021
2026-07-31 13:07:51,365 INFO [__main__] stage progress stage=rooter step=8000/10000 train_interval_loss=0.245205 t2_focus_nmse=0.233745
2026-07-31 13:08:03,188 INFO [__main__] stage progress stage=rooter step=9000/10000 train_interval_loss=0.229315 t2_focus_nmse=0.232464
2026-07-31 13:08:14,830 INFO [__main__] stage progress stage=rooter step=10000/10000 train_interval_loss=0.246417 t2_focus_nmse=0.231172
2026-07-31 13:08:14,831 INFO [__main__] training done seconds=247.68
2026-07-31 13:08:14,835 INFO [__main__] evaluation start split=T3
2026-07-31 13:08:15,633 INFO [__main__] evaluation done neural_nmse=0.327856 ridge_nmse=0.297220 residual_nmse=0.299281 memory_nmse=0.302789 transformed_nmse=disabled
2026-07-31 13:08:16,543 INFO [__main__] outputs saved dir=outputs/adaptation_results/small/Traffic/168_24/chronos2/instance_euclidean_10_online/ts_ifa/TS-IFA
2026-07-31 13:08:16,543 INFO [__main__] experiment done seconds=274.65
2026-07-31 13:08:16,543 INFO [__main__] ========================================================================
2026-07-31T13:08:17+02:00 training done configuration=6/72 dataset=Traffic model=chronos2 lags=168 horizon=24 retrieval=instance_euclidean_10_online
2026-07-31 13:08:19,269 INFO [__main__] extraction validation directory=outputs/adaptation/Traffic/504_24/chronos2/raw_euclidean_1_online/extracted status=complete

2026-07-31T13:08:19+02:00 training start configuration=7/72 dataset=Traffic model=chronos2 lags=504 horizon=24 retrieval=raw_euclidean_1_online validation_fraction=0.2 branch_epochs=10000 rooter_epochs=10000 batch_size=256 branch_lr=0.00001 rooter_lr=0.00001 weight_decay=0.0001 vanilla_anchor=0.01 coefficient_l2=0.01 horizon_smoothness=0.01 ridge_rooter_alpha=0.01 dropout=0.0 attention_heads=4 attention_dim=32 hidden_dim=128 transformed_expert=false learnable_transformed_covariate=false transformed_hidden_dim=128 vanilla_anchoring_init=true seed=1
2026-07-31 13:08:21,804 INFO [__main__] ========================================================================
2026-07-31 13:08:22,097 INFO [__main__] experiment start kind=ts_ifa_train input=outputs/adaptation/Traffic/504_24/chronos2/raw_euclidean_1_online/extracted branch_epochs=10000 rooter_epochs=10000 batch_size=256
2026-07-31 13:08:33,445 INFO [__main__] payload load done t1_samples=251120 t2_samples=62780 t3_samples=24080
2026-07-31 13:08:33,516 INFO [__main__] payload scale split=T1 samples=251120 std_min=0.00477242 std_q001=0.00653058 std_q01=0.0122216 std_q05=0.016538 std_q10=0.0201187 std_median=0.0409536 below_1e-8=0 below_1e-6=0 below_1e-3=0
2026-07-31 13:08:33,534 INFO [__main__] payload scale split=T2 samples=62780 std_min=0.0050939 std_q001=0.00768045 std_q01=0.0114355 std_q05=0.0175835 std_q10=0.0207441 std_median=0.0420093 below_1e-8=0 below_1e-6=0 below_1e-3=0
2026-07-31 13:08:33,541 INFO [__main__] payload scale split=T3 samples=24080 std_min=0.0055933 std_q001=0.00605702 std_q01=0.0113638 std_q05=0.0174331 std_q10=0.0212914 std_median=0.0441817 below_1e-8=0 below_1e-6=0 below_1e-3=0
2026-07-31 13:08:33,732 INFO [__main__] model ready name=TS-IFA device=cuda parameters_total=1,147,968 branches=695,288 neural_rooter=452,680 ridge_rooter=96
2026-07-31 13:08:33,732 INFO [__main__] stage start stage=branches epochs=10000 total_steps=10000 valid_eval_freq=1000 logging_eval_freq=1000
2026-07-31 13:08:45,639 INFO [__main__] stage progress stage=branches step=1000/10000 train_interval_loss=0.409051 t2_focus_nmse=0.205027
2026-07-31 13:08:57,348 INFO [__main__] stage progress stage=branches step=2000/10000 train_interval_loss=0.403442 t2_focus_nmse=0.204348
2026-07-31 13:09:08,767 INFO [__main__] stage progress stage=branches step=3000/10000 train_interval_loss=0.424233 t2_focus_nmse=0.204454
2026-07-31 13:09:20,223 INFO [__main__] stage progress stage=branches step=4000/10000 train_interval_loss=0.410041 t2_focus_nmse=0.204027
2026-07-31 13:09:31,776 INFO [__main__] stage progress stage=branches step=5000/10000 train_interval_loss=0.409353 t2_focus_nmse=0.204030
2026-07-31 13:09:43,370 INFO [__main__] stage progress stage=branches step=6000/10000 train_interval_loss=0.395532 t2_focus_nmse=0.203712
2026-07-31 13:09:54,905 INFO [__main__] stage progress stage=branches step=7000/10000 train_interval_loss=0.393544 t2_focus_nmse=0.203729
2026-07-31 13:10:06,619 INFO [__main__] stage progress stage=branches step=8000/10000 train_interval_loss=0.385198 t2_focus_nmse=0.203798
2026-07-31 13:10:18,408 INFO [__main__] stage progress stage=branches step=9000/10000 train_interval_loss=0.387792 t2_focus_nmse=0.203689
2026-07-31 13:10:30,301 INFO [__main__] stage progress stage=branches step=10000/10000 train_interval_loss=0.392703 t2_focus_nmse=0.203456
2026-07-31 13:10:30,320 INFO [__main__] ridge rooter fit start split=T2 alpha=0.01
2026-07-31 13:10:31,396 INFO [__main__] stage start stage=rooter epochs=10000 total_steps=10000 valid_eval_freq=1000 logging_eval_freq=1000
2026-07-31 13:10:42,727 INFO [__main__] stage progress stage=rooter step=1000/10000 train_interval_loss=0.207574 t2_focus_nmse=0.200359
2026-07-31 13:10:53,984 INFO [__main__] stage progress stage=rooter step=2000/10000 train_interval_loss=0.196138 t2_focus_nmse=0.197455
2026-07-31 13:11:05,171 INFO [__main__] stage progress stage=rooter step=3000/10000 train_interval_loss=0.196927 t2_focus_nmse=0.195344
2026-07-31 13:11:16,212 INFO [__main__] stage progress stage=rooter step=4000/10000 train_interval_loss=0.197477 t2_focus_nmse=0.193453
2026-07-31 13:11:27,299 INFO [__main__] stage progress stage=rooter step=5000/10000 train_interval_loss=0.192038 t2_focus_nmse=0.191974
2026-07-31 13:11:38,518 INFO [__main__] stage progress stage=rooter step=6000/10000 train_interval_loss=0.185966 t2_focus_nmse=0.190388
2026-07-31 13:11:49,741 INFO [__main__] stage progress stage=rooter step=7000/10000 train_interval_loss=0.193609 t2_focus_nmse=0.189307
2026-07-31 13:12:00,823 INFO [__main__] stage progress stage=rooter step=8000/10000 train_interval_loss=0.192314 t2_focus_nmse=0.188043
2026-07-31 13:12:11,827 INFO [__main__] stage progress stage=rooter step=9000/10000 train_interval_loss=0.186486 t2_focus_nmse=0.186681
2026-07-31 13:12:22,779 INFO [__main__] stage progress stage=rooter step=10000/10000 train_interval_loss=0.190553 t2_focus_nmse=0.185505
2026-07-31 13:12:22,779 INFO [__main__] training done seconds=229.05
2026-07-31 13:12:22,783 INFO [__main__] evaluation start split=T3
2026-07-31 13:12:23,488 INFO [__main__] evaluation done neural_nmse=0.266933 ridge_nmse=0.236639 residual_nmse=0.240451 memory_nmse=0.241221 transformed_nmse=disabled
2026-07-31 13:12:24,448 INFO [__main__] outputs saved dir=outputs/adaptation_results/small/Traffic/504_24/chronos2/raw_euclidean_1_online/ts_ifa/TS-IFA
2026-07-31 13:12:24,448 INFO [__main__] experiment done seconds=242.64
2026-07-31 13:12:24,449 INFO [__main__] ========================================================================
2026-07-31T13:12:25+02:00 training done configuration=7/72 dataset=Traffic model=chronos2 lags=504 horizon=24 retrieval=raw_euclidean_1_online
2026-07-31 13:12:27,459 INFO [__main__] extraction validation directory=outputs/adaptation/Traffic/504_24/chronos2/raw_euclidean_3_online/extracted status=complete

2026-07-31T13:12:27+02:00 training start configuration=8/72 dataset=Traffic model=chronos2 lags=504 horizon=24 retrieval=raw_euclidean_3_online validation_fraction=0.2 branch_epochs=10000 rooter_epochs=10000 batch_size=256 branch_lr=0.00001 rooter_lr=0.00001 weight_decay=0.0001 vanilla_anchor=0.01 coefficient_l2=0.01 horizon_smoothness=0.01 ridge_rooter_alpha=0.01 dropout=0.0 attention_heads=4 attention_dim=32 hidden_dim=128 transformed_expert=false learnable_transformed_covariate=false transformed_hidden_dim=128 vanilla_anchoring_init=true seed=1
2026-07-31 13:12:29,947 INFO [__main__] ========================================================================
2026-07-31 13:12:30,231 INFO [__main__] experiment start kind=ts_ifa_train input=outputs/adaptation/Traffic/504_24/chronos2/raw_euclidean_3_online/extracted branch_epochs=10000 rooter_epochs=10000 batch_size=256
2026-07-31 13:12:48,538 INFO [__main__] payload load done t1_samples=251120 t2_samples=62780 t3_samples=24080
2026-07-31 13:12:48,745 INFO [__main__] payload scale split=T1 samples=251120 std_min=0.00477242 std_q001=0.00653058 std_q01=0.0122216 std_q05=0.016538 std_q10=0.0201187 std_median=0.0409536 below_1e-8=0 below_1e-6=0 below_1e-3=0
2026-07-31 13:12:48,878 INFO [__main__] payload scale split=T2 samples=62780 std_min=0.0050939 std_q001=0.00768045 std_q01=0.0114355 std_q05=0.0175835 std_q10=0.0207441 std_median=0.0420093 below_1e-8=0 below_1e-6=0 below_1e-3=0
2026-07-31 13:12:48,890 INFO [__main__] payload scale split=T3 samples=24080 std_min=0.0055933 std_q001=0.00605702 std_q01=0.0113638 std_q05=0.0174331 std_q10=0.0212914 std_median=0.0441817 below_1e-8=0 below_1e-6=0 below_1e-3=0
2026-07-31 13:12:49,074 INFO [__main__] model ready name=TS-IFA device=cuda parameters_total=1,147,968 branches=695,288 neural_rooter=452,680 ridge_rooter=96
2026-07-31 13:12:49,075 INFO [__main__] stage start stage=branches epochs=10000 total_steps=10000 valid_eval_freq=1000 logging_eval_freq=1000
2026-07-31 13:13:02,403 INFO [__main__] stage progress stage=branches step=1000/10000 train_interval_loss=0.409009 t2_focus_nmse=0.205007
2026-07-31 13:13:15,704 INFO [__main__] stage progress stage=branches step=2000/10000 train_interval_loss=0.403268 t2_focus_nmse=0.204341
2026-07-31 13:13:28,601 INFO [__main__] stage progress stage=branches step=3000/10000 train_interval_loss=0.423963 t2_focus_nmse=0.204451
2026-07-31 13:13:41,486 INFO [__main__] stage progress stage=branches step=4000/10000 train_interval_loss=0.409675 t2_focus_nmse=0.204043
2026-07-31 13:13:54,099 INFO [__main__] stage progress stage=branches step=5000/10000 train_interval_loss=0.408954 t2_focus_nmse=0.204060
2026-07-31 13:14:06,858 INFO [__main__] stage progress stage=branches step=6000/10000 train_interval_loss=0.395033 t2_focus_nmse=0.203734
2026-07-31 13:14:19,547 INFO [__main__] stage progress stage=branches step=7000/10000 train_interval_loss=0.392935 t2_focus_nmse=0.203810
2026-07-31 13:14:32,242 INFO [__main__] stage progress stage=branches step=8000/10000 train_interval_loss=0.384482 t2_focus_nmse=0.203876
2026-07-31 13:14:44,738 INFO [__main__] stage progress stage=branches step=9000/10000 train_interval_loss=0.386898 t2_focus_nmse=0.203748
2026-07-31 13:14:57,487 INFO [__main__] stage progress stage=branches step=10000/10000 train_interval_loss=0.391625 t2_focus_nmse=0.203601
2026-07-31 13:14:57,506 INFO [__main__] ridge rooter fit start split=T2 alpha=0.01
2026-07-31 13:14:58,649 INFO [__main__] stage start stage=rooter epochs=10000 total_steps=10000 valid_eval_freq=1000 logging_eval_freq=1000
2026-07-31 13:15:10,288 INFO [__main__] stage progress stage=rooter step=1000/10000 train_interval_loss=0.207482 t2_focus_nmse=0.200210
2026-07-31 13:15:22,165 INFO [__main__] stage progress stage=rooter step=2000/10000 train_interval_loss=0.195963 t2_focus_nmse=0.197239
2026-07-31 13:15:33,830 INFO [__main__] stage progress stage=rooter step=3000/10000 train_interval_loss=0.196663 t2_focus_nmse=0.195032
2026-07-31 13:15:45,583 INFO [__main__] stage progress stage=rooter step=4000/10000 train_interval_loss=0.197001 t2_focus_nmse=0.192897
2026-07-31 13:15:57,372 INFO [__main__] stage progress stage=rooter step=5000/10000 train_interval_loss=0.191341 t2_focus_nmse=0.191150
2026-07-31 13:16:09,013 INFO [__main__] stage progress stage=rooter step=6000/10000 train_interval_loss=0.185005 t2_focus_nmse=0.189170
2026-07-31 13:16:20,848 INFO [__main__] stage progress stage=rooter step=7000/10000 train_interval_loss=0.192245 t2_focus_nmse=0.187653
2026-07-31 13:16:32,469 INFO [__main__] stage progress stage=rooter step=8000/10000 train_interval_loss=0.190515 t2_focus_nmse=0.186033
2026-07-31 13:16:44,111 INFO [__main__] stage progress stage=rooter step=9000/10000 train_interval_loss=0.184453 t2_focus_nmse=0.184364
2026-07-31 13:16:55,625 INFO [__main__] stage progress stage=rooter step=10000/10000 train_interval_loss=0.187946 t2_focus_nmse=0.182625
2026-07-31 13:16:55,625 INFO [__main__] training done seconds=246.55
2026-07-31 13:16:55,629 INFO [__main__] evaluation start split=T3
2026-07-31 13:16:56,467 INFO [__main__] evaluation done neural_nmse=0.264681 ridge_nmse=0.235627 residual_nmse=0.240648 memory_nmse=0.240037 transformed_nmse=disabled
2026-07-31 13:16:57,448 INFO [__main__] outputs saved dir=outputs/adaptation_results/small/Traffic/504_24/chronos2/raw_euclidean_3_online/ts_ifa/TS-IFA
2026-07-31 13:16:57,448 INFO [__main__] experiment done seconds=267.50
2026-07-31 13:16:57,448 INFO [__main__] ========================================================================
2026-07-31T13:16:58+02:00 training done configuration=8/72 dataset=Traffic model=chronos2 lags=504 horizon=24 retrieval=raw_euclidean_3_online
2026-07-31 13:17:00,705 INFO [__main__] extraction validation directory=outputs/adaptation/Traffic/504_24/chronos2/raw_euclidean_10_online/extracted status=complete

2026-07-31T13:17:01+02:00 training start configuration=9/72 dataset=Traffic model=chronos2 lags=504 horizon=24 retrieval=raw_euclidean_10_online validation_fraction=0.2 branch_epochs=10000 rooter_epochs=10000 batch_size=256 branch_lr=0.00001 rooter_lr=0.00001 weight_decay=0.0001 vanilla_anchor=0.01 coefficient_l2=0.01 horizon_smoothness=0.01 ridge_rooter_alpha=0.01 dropout=0.0 attention_heads=4 attention_dim=32 hidden_dim=128 transformed_expert=false learnable_transformed_covariate=false transformed_hidden_dim=128 vanilla_anchoring_init=true seed=1
2026-07-31 13:17:03,398 INFO [__main__] ========================================================================
2026-07-31 13:17:03,693 INFO [__main__] experiment start kind=ts_ifa_train input=outputs/adaptation/Traffic/504_24/chronos2/raw_euclidean_10_online/extracted branch_epochs=10000 rooter_epochs=10000 batch_size=256
2026-07-31 13:17:49,330 INFO [__main__] payload load done t1_samples=251120 t2_samples=62780 t3_samples=24080
2026-07-31 13:17:49,533 INFO [__main__] payload scale split=T1 samples=251120 std_min=0.00477242 std_q001=0.00653058 std_q01=0.0122216 std_q05=0.016538 std_q10=0.0201187 std_median=0.0409536 below_1e-8=0 below_1e-6=0 below_1e-3=0
2026-07-31 13:17:49,628 INFO [__main__] payload scale split=T2 samples=62780 std_min=0.0050939 std_q001=0.00768045 std_q01=0.0114355 std_q05=0.0175835 std_q10=0.0207441 std_median=0.0420093 below_1e-8=0 below_1e-6=0 below_1e-3=0
2026-07-31 13:17:49,635 INFO [__main__] payload scale split=T3 samples=24080 std_min=0.0055933 std_q001=0.00605702 std_q01=0.0113638 std_q05=0.0174331 std_q10=0.0212914 std_median=0.0441817 below_1e-8=0 below_1e-6=0 below_1e-3=0
2026-07-31 13:17:49,888 INFO [__main__] model ready name=TS-IFA device=cuda parameters_total=1,147,968 branches=695,288 neural_rooter=452,680 ridge_rooter=96
2026-07-31 13:17:49,888 INFO [__main__] stage start stage=branches epochs=10000 total_steps=10000 valid_eval_freq=1000 logging_eval_freq=1000
2026-07-31 13:18:06,253 INFO [__main__] stage progress stage=branches step=1000/10000 train_interval_loss=0.408987 t2_focus_nmse=0.205003
2026-07-31 13:18:21,296 INFO [__main__] stage progress stage=branches step=2000/10000 train_interval_loss=0.403150 t2_focus_nmse=0.204359
2026-07-31 13:18:36,236 INFO [__main__] stage progress stage=branches step=3000/10000 train_interval_loss=0.423745 t2_focus_nmse=0.204466
2026-07-31 13:18:50,443 INFO [__main__] stage progress stage=branches step=4000/10000 train_interval_loss=0.409384 t2_focus_nmse=0.204095
2026-07-31 13:19:05,024 INFO [__main__] stage progress stage=branches step=5000/10000 train_interval_loss=0.408517 t2_focus_nmse=0.204154
2026-07-31 13:19:18,955 INFO [__main__] stage progress stage=branches step=6000/10000 train_interval_loss=0.394481 t2_focus_nmse=0.203809
2026-07-31 13:19:32,664 INFO [__main__] stage progress stage=branches step=7000/10000 train_interval_loss=0.392301 t2_focus_nmse=0.203941
2026-07-31 13:19:46,422 INFO [__main__] stage progress stage=branches step=8000/10000 train_interval_loss=0.383696 t2_focus_nmse=0.204049
2026-07-31 13:20:00,336 INFO [__main__] stage progress stage=branches step=9000/10000 train_interval_loss=0.385960 t2_focus_nmse=0.203915
2026-07-31 13:20:14,162 INFO [__main__] stage progress stage=branches step=10000/10000 train_interval_loss=0.390503 t2_focus_nmse=0.203767
2026-07-31 13:20:14,180 INFO [__main__] ridge rooter fit start split=T2 alpha=0.01
2026-07-31 13:20:15,527 INFO [__main__] stage start stage=rooter epochs=10000 total_steps=10000 valid_eval_freq=1000 logging_eval_freq=1000
2026-07-31 13:20:28,528 INFO [__main__] stage progress stage=rooter step=1000/10000 train_interval_loss=0.207433 t2_focus_nmse=0.200115
2026-07-31 13:20:41,510 INFO [__main__] stage progress stage=rooter step=2000/10000 train_interval_loss=0.195904 t2_focus_nmse=0.197186
2026-07-31 13:20:54,596 INFO [__main__] stage progress stage=rooter step=3000/10000 train_interval_loss=0.196622 t2_focus_nmse=0.194969
2026-07-31 13:21:07,513 INFO [__main__] stage progress stage=rooter step=4000/10000 train_interval_loss=0.196909 t2_focus_nmse=0.192669
2026-07-31 13:21:20,480 INFO [__main__] stage progress stage=rooter step=5000/10000 train_interval_loss=0.191003 t2_focus_nmse=0.190787
2026-07-31 13:21:33,521 INFO [__main__] stage progress stage=rooter step=6000/10000 train_interval_loss=0.184587 t2_focus_nmse=0.188797
2026-07-31 13:21:46,674 INFO [__main__] stage progress stage=rooter step=7000/10000 train_interval_loss=0.191880 t2_focus_nmse=0.187283
2026-07-31 13:21:59,816 INFO [__main__] stage progress stage=rooter step=8000/10000 train_interval_loss=0.190147 t2_focus_nmse=0.185690
2026-07-31 13:22:12,908 INFO [__main__] stage progress stage=rooter step=9000/10000 train_interval_loss=0.184187 t2_focus_nmse=0.184090
2026-07-31 13:22:25,941 INFO [__main__] stage progress stage=rooter step=10000/10000 train_interval_loss=0.187661 t2_focus_nmse=0.182437
2026-07-31 13:22:25,941 INFO [__main__] training done seconds=276.05
2026-07-31 13:22:25,945 INFO [__main__] evaluation start split=T3
2026-07-31 13:22:26,992 INFO [__main__] evaluation done neural_nmse=0.269203 ridge_nmse=0.234748 residual_nmse=0.240586 memory_nmse=0.239804 transformed_nmse=disabled
2026-07-31 13:22:27,925 INFO [__main__] outputs saved dir=outputs/adaptation_results/small/Traffic/504_24/chronos2/raw_euclidean_10_online/ts_ifa/TS-IFA
2026-07-31 13:22:27,925 INFO [__main__] experiment done seconds=324.53
2026-07-31 13:22:27,925 INFO [__main__] ========================================================================
2026-07-31T13:22:29+02:00 training done configuration=9/72 dataset=Traffic model=chronos2 lags=504 horizon=24 retrieval=raw_euclidean_10_online
2026-07-31 13:22:31,061 INFO [__main__] extraction validation directory=outputs/adaptation/Traffic/504_24/chronos2/instance_euclidean_1_online/extracted status=complete

2026-07-31T13:22:31+02:00 training start configuration=10/72 dataset=Traffic model=chronos2 lags=504 horizon=24 retrieval=instance_euclidean_1_online validation_fraction=0.2 branch_epochs=10000 rooter_epochs=10000 batch_size=256 branch_lr=0.00001 rooter_lr=0.00001 weight_decay=0.0001 vanilla_anchor=0.01 coefficient_l2=0.01 horizon_smoothness=0.01 ridge_rooter_alpha=0.01 dropout=0.0 attention_heads=4 attention_dim=32 hidden_dim=128 transformed_expert=false learnable_transformed_covariate=false transformed_hidden_dim=128 vanilla_anchoring_init=true seed=1
2026-07-31 13:22:33,812 INFO [__main__] ========================================================================
2026-07-31 13:22:34,097 INFO [__main__] experiment start kind=ts_ifa_train input=outputs/adaptation/Traffic/504_24/chronos2/instance_euclidean_1_online/extracted branch_epochs=10000 rooter_epochs=10000 batch_size=256
2026-07-31 13:22:45,673 INFO [__main__] payload load done t1_samples=251120 t2_samples=62780 t3_samples=24080
2026-07-31 13:22:45,885 INFO [__main__] payload scale split=T1 samples=251120 std_min=0.00477242 std_q001=0.00653058 std_q01=0.0122216 std_q05=0.016538 std_q10=0.0201187 std_median=0.0409536 below_1e-8=0 below_1e-6=0 below_1e-3=0
2026-07-31 13:22:45,968 INFO [__main__] payload scale split=T2 samples=62780 std_min=0.0050939 std_q001=0.00768045 std_q01=0.0114355 std_q05=0.0175835 std_q10=0.0207441 std_median=0.0420093 below_1e-8=0 below_1e-6=0 below_1e-3=0
2026-07-31 13:22:45,975 INFO [__main__] payload scale split=T3 samples=24080 std_min=0.0055933 std_q001=0.00605702 std_q01=0.0113638 std_q05=0.0174331 std_q10=0.0212914 std_median=0.0441817 below_1e-8=0 below_1e-6=0 below_1e-3=0
2026-07-31 13:22:46,171 INFO [__main__] model ready name=TS-IFA device=cuda parameters_total=1,147,968 branches=695,288 neural_rooter=452,680 ridge_rooter=96
2026-07-31 13:22:46,172 INFO [__main__] stage start stage=branches epochs=10000 total_steps=10000 valid_eval_freq=1000 logging_eval_freq=1000
2026-07-31 13:22:58,806 INFO [__main__] stage progress stage=branches step=1000/10000 train_interval_loss=0.409052 t2_focus_nmse=0.205035
2026-07-31 13:23:10,669 INFO [__main__] stage progress stage=branches step=2000/10000 train_interval_loss=0.403439 t2_focus_nmse=0.204350
2026-07-31 13:23:22,099 INFO [__main__] stage progress stage=branches step=3000/10000 train_interval_loss=0.424215 t2_focus_nmse=0.204447
2026-07-31 13:23:33,442 INFO [__main__] stage progress stage=branches step=4000/10000 train_interval_loss=0.410004 t2_focus_nmse=0.204035
2026-07-31 13:23:44,721 INFO [__main__] stage progress stage=branches step=5000/10000 train_interval_loss=0.409309 t2_focus_nmse=0.204062
2026-07-31 13:23:56,016 INFO [__main__] stage progress stage=branches step=6000/10000 train_interval_loss=0.395466 t2_focus_nmse=0.203720
2026-07-31 13:24:07,205 INFO [__main__] stage progress stage=branches step=7000/10000 train_interval_loss=0.393481 t2_focus_nmse=0.203751
2026-07-31 13:24:18,384 INFO [__main__] stage progress stage=branches step=8000/10000 train_interval_loss=0.385155 t2_focus_nmse=0.203789
2026-07-31 13:24:29,554 INFO [__main__] stage progress stage=branches step=9000/10000 train_interval_loss=0.387726 t2_focus_nmse=0.203677
2026-07-31 13:24:40,764 INFO [__main__] stage progress stage=branches step=10000/10000 train_interval_loss=0.392577 t2_focus_nmse=0.203466
2026-07-31 13:24:40,784 INFO [__main__] ridge rooter fit start split=T2 alpha=0.01
2026-07-31 13:24:41,829 INFO [__main__] stage start stage=rooter epochs=10000 total_steps=10000 valid_eval_freq=1000 logging_eval_freq=1000
2026-07-31 13:24:52,571 INFO [__main__] stage progress stage=rooter step=1000/10000 train_interval_loss=0.207568 t2_focus_nmse=0.200360
2026-07-31 13:25:03,410 INFO [__main__] stage progress stage=rooter step=2000/10000 train_interval_loss=0.196132 t2_focus_nmse=0.197429
2026-07-31 13:25:14,138 INFO [__main__] stage progress stage=rooter step=3000/10000 train_interval_loss=0.196854 t2_focus_nmse=0.195274
2026-07-31 13:25:24,858 INFO [__main__] stage progress stage=rooter step=4000/10000 train_interval_loss=0.197305 t2_focus_nmse=0.193245
2026-07-31 13:25:35,600 INFO [__main__] stage progress stage=rooter step=5000/10000 train_interval_loss=0.191816 t2_focus_nmse=0.191724
2026-07-31 13:25:46,318 INFO [__main__] stage progress stage=rooter step=6000/10000 train_interval_loss=0.185712 t2_focus_nmse=0.190106
2026-07-31 13:25:57,175 INFO [__main__] stage progress stage=rooter step=7000/10000 train_interval_loss=0.193319 t2_focus_nmse=0.189010
2026-07-31 13:26:07,984 INFO [__main__] stage progress stage=rooter step=8000/10000 train_interval_loss=0.191987 t2_focus_nmse=0.187636
2026-07-31 13:26:18,843 INFO [__main__] stage progress stage=rooter step=9000/10000 train_interval_loss=0.186096 t2_focus_nmse=0.186288
2026-07-31 13:26:29,630 INFO [__main__] stage progress stage=rooter step=10000/10000 train_interval_loss=0.190170 t2_focus_nmse=0.185083
2026-07-31 13:26:29,630 INFO [__main__] training done seconds=223.46
2026-07-31 13:26:29,634 INFO [__main__] evaluation start split=T3
2026-07-31 13:26:30,372 INFO [__main__] evaluation done neural_nmse=0.267034 ridge_nmse=0.236666 residual_nmse=0.240579 memory_nmse=0.241604 transformed_nmse=disabled
2026-07-31 13:26:31,281 INFO [__main__] outputs saved dir=outputs/adaptation_results/small/Traffic/504_24/chronos2/instance_euclidean_1_online/ts_ifa/TS-IFA
2026-07-31 13:26:31,282 INFO [__main__] experiment done seconds=237.47
2026-07-31 13:26:31,282 INFO [__main__] ========================================================================
2026-07-31T13:26:32+02:00 training done configuration=10/72 dataset=Traffic model=chronos2 lags=504 horizon=24 retrieval=instance_euclidean_1_online
2026-07-31 13:26:34,036 INFO [__main__] extraction validation directory=outputs/adaptation/Traffic/504_24/chronos2/instance_euclidean_3_online/extracted status=complete

2026-07-31T13:26:34+02:00 training start configuration=11/72 dataset=Traffic model=chronos2 lags=504 horizon=24 retrieval=instance_euclidean_3_online validation_fraction=0.2 branch_epochs=10000 rooter_epochs=10000 batch_size=256 branch_lr=0.00001 rooter_lr=0.00001 weight_decay=0.0001 vanilla_anchor=0.01 coefficient_l2=0.01 horizon_smoothness=0.01 ridge_rooter_alpha=0.01 dropout=0.0 attention_heads=4 attention_dim=32 hidden_dim=128 transformed_expert=false learnable_transformed_covariate=false transformed_hidden_dim=128 vanilla_anchoring_init=true seed=1
2026-07-31 13:26:36,751 INFO [__main__] ========================================================================
2026-07-31 13:26:37,057 INFO [__main__] experiment start kind=ts_ifa_train input=outputs/adaptation/Traffic/504_24/chronos2/instance_euclidean_3_online/extracted branch_epochs=10000 rooter_epochs=10000 batch_size=256
2026-07-31 13:26:56,022 INFO [__main__] payload load done t1_samples=251120 t2_samples=62780 t3_samples=24080
2026-07-31 13:26:56,120 INFO [__main__] payload scale split=T1 samples=251120 std_min=0.00477242 std_q001=0.00653058 std_q01=0.0122216 std_q05=0.016538 std_q10=0.0201187 std_median=0.0409536 below_1e-8=0 below_1e-6=0 below_1e-3=0
2026-07-31 13:26:56,137 INFO [__main__] payload scale split=T2 samples=62780 std_min=0.0050939 std_q001=0.00768045 std_q01=0.0114355 std_q05=0.0175835 std_q10=0.0207441 std_median=0.0420093 below_1e-8=0 below_1e-6=0 below_1e-3=0
2026-07-31 13:26:56,144 INFO [__main__] payload scale split=T3 samples=24080 std_min=0.0055933 std_q001=0.00605702 std_q01=0.0113638 std_q05=0.0174331 std_q10=0.0212914 std_median=0.0441817 below_1e-8=0 below_1e-6=0 below_1e-3=0
2026-07-31 13:26:56,327 INFO [__main__] model ready name=TS-IFA device=cuda parameters_total=1,147,968 branches=695,288 neural_rooter=452,680 ridge_rooter=96
2026-07-31 13:26:56,327 INFO [__main__] stage start stage=branches epochs=10000 total_steps=10000 valid_eval_freq=1000 logging_eval_freq=1000
2026-07-31 13:27:09,527 INFO [__main__] stage progress stage=branches step=1000/10000 train_interval_loss=0.409005 t2_focus_nmse=0.205024
2026-07-31 13:27:22,206 INFO [__main__] stage progress stage=branches step=2000/10000 train_interval_loss=0.403277 t2_focus_nmse=0.204375
2026-07-31 13:27:34,720 INFO [__main__] stage progress stage=branches step=3000/10000 train_interval_loss=0.423954 t2_focus_nmse=0.204466
2026-07-31 13:27:47,242 INFO [__main__] stage progress stage=branches step=4000/10000 train_interval_loss=0.409679 t2_focus_nmse=0.204055
2026-07-31 13:27:59,769 INFO [__main__] stage progress stage=branches step=5000/10000 train_interval_loss=0.408900 t2_focus_nmse=0.204092
2026-07-31 13:28:12,194 INFO [__main__] stage progress stage=branches step=6000/10000 train_interval_loss=0.394961 t2_focus_nmse=0.203754
2026-07-31 13:28:24,582 INFO [__main__] stage progress stage=branches step=7000/10000 train_interval_loss=0.392901 t2_focus_nmse=0.203781
2026-07-31 13:28:36,976 INFO [__main__] stage progress stage=branches step=8000/10000 train_interval_loss=0.384414 t2_focus_nmse=0.203884
2026-07-31 13:28:49,360 INFO [__main__] stage progress stage=branches step=9000/10000 train_interval_loss=0.386841 t2_focus_nmse=0.203781
2026-07-31 13:29:01,889 INFO [__main__] stage progress stage=branches step=10000/10000 train_interval_loss=0.391543 t2_focus_nmse=0.203602
2026-07-31 13:29:01,907 INFO [__main__] ridge rooter fit start split=T2 alpha=0.01
2026-07-31 13:29:03,080 INFO [__main__] stage start stage=rooter epochs=10000 total_steps=10000 valid_eval_freq=1000 logging_eval_freq=1000
2026-07-31 13:29:15,004 INFO [__main__] stage progress stage=rooter step=1000/10000 train_interval_loss=0.207481 t2_focus_nmse=0.200215
2026-07-31 13:29:26,666 INFO [__main__] stage progress stage=rooter step=2000/10000 train_interval_loss=0.195931 t2_focus_nmse=0.197129
2026-07-31 13:29:38,321 INFO [__main__] stage progress stage=rooter step=3000/10000 train_interval_loss=0.196443 t2_focus_nmse=0.194785
2026-07-31 13:29:49,783 INFO [__main__] stage progress stage=rooter step=4000/10000 train_interval_loss=0.196696 t2_focus_nmse=0.192563
2026-07-31 13:30:01,113 INFO [__main__] stage progress stage=rooter step=5000/10000 train_interval_loss=0.191041 t2_focus_nmse=0.190866
2026-07-31 13:30:12,788 INFO [__main__] stage progress stage=rooter step=6000/10000 train_interval_loss=0.184638 t2_focus_nmse=0.188824
2026-07-31 13:30:24,393 INFO [__main__] stage progress stage=rooter step=7000/10000 train_interval_loss=0.191934 t2_focus_nmse=0.187289
2026-07-31 13:30:35,827 INFO [__main__] stage progress stage=rooter step=8000/10000 train_interval_loss=0.190066 t2_focus_nmse=0.185543
2026-07-31 13:30:47,229 INFO [__main__] stage progress stage=rooter step=9000/10000 train_interval_loss=0.184234 t2_focus_nmse=0.184056
2026-07-31 13:30:58,644 INFO [__main__] stage progress stage=rooter step=10000/10000 train_interval_loss=0.187637 t2_focus_nmse=0.182374
2026-07-31 13:30:58,645 INFO [__main__] training done seconds=242.32
2026-07-31 13:30:58,649 INFO [__main__] evaluation start split=T3
2026-07-31 13:30:59,486 INFO [__main__] evaluation done neural_nmse=0.260175 ridge_nmse=0.235539 residual_nmse=0.240571 memory_nmse=0.240595 transformed_nmse=disabled
2026-07-31 13:31:00,435 INFO [__main__] outputs saved dir=outputs/adaptation_results/small/Traffic/504_24/chronos2/instance_euclidean_3_online/ts_ifa/TS-IFA
2026-07-31 13:31:00,435 INFO [__main__] experiment done seconds=263.68
2026-07-31 13:31:00,435 INFO [__main__] ========================================================================
2026-07-31T13:31:01+02:00 training done configuration=11/72 dataset=Traffic model=chronos2 lags=504 horizon=24 retrieval=instance_euclidean_3_online
2026-07-31 13:31:03,562 INFO [__main__] extraction validation directory=outputs/adaptation/Traffic/504_24/chronos2/instance_euclidean_10_online/extracted status=complete

2026-07-31T13:31:03+02:00 training start configuration=12/72 dataset=Traffic model=chronos2 lags=504 horizon=24 retrieval=instance_euclidean_10_online validation_fraction=0.2 branch_epochs=10000 rooter_epochs=10000 batch_size=256 branch_lr=0.00001 rooter_lr=0.00001 weight_decay=0.0001 vanilla_anchor=0.01 coefficient_l2=0.01 horizon_smoothness=0.01 ridge_rooter_alpha=0.01 dropout=0.0 attention_heads=4 attention_dim=32 hidden_dim=128 transformed_expert=false learnable_transformed_covariate=false transformed_hidden_dim=128 vanilla_anchoring_init=true seed=1
2026-07-31 13:31:06,145 INFO [__main__] ========================================================================
2026-07-31 13:31:06,434 INFO [__main__] experiment start kind=ts_ifa_train input=outputs/adaptation/Traffic/504_24/chronos2/instance_euclidean_10_online/extracted branch_epochs=10000 rooter_epochs=10000 batch_size=256
2026-07-31 13:31:55,777 INFO [__main__] payload load done t1_samples=251120 t2_samples=62780 t3_samples=24080
2026-07-31 13:31:55,847 INFO [__main__] payload scale split=T1 samples=251120 std_min=0.00477242 std_q001=0.00653058 std_q01=0.0122216 std_q05=0.016538 std_q10=0.0201187 std_median=0.0409536 below_1e-8=0 below_1e-6=0 below_1e-3=0
2026-07-31 13:31:55,865 INFO [__main__] payload scale split=T2 samples=62780 std_min=0.0050939 std_q001=0.00768045 std_q01=0.0114355 std_q05=0.0175835 std_q10=0.0207441 std_median=0.0420093 below_1e-8=0 below_1e-6=0 below_1e-3=0
2026-07-31 13:31:55,872 INFO [__main__] payload scale split=T3 samples=24080 std_min=0.0055933 std_q001=0.00605702 std_q01=0.0113638 std_q05=0.0174331 std_q10=0.0212914 std_median=0.0441817 below_1e-8=0 below_1e-6=0 below_1e-3=0
2026-07-31 13:31:56,070 INFO [__main__] model ready name=TS-IFA device=cuda parameters_total=1,147,968 branches=695,288 neural_rooter=452,680 ridge_rooter=96
2026-07-31 13:31:56,070 INFO [__main__] stage start stage=branches epochs=10000 total_steps=10000 valid_eval_freq=1000 logging_eval_freq=1000
2026-07-31 13:32:10,672 INFO [__main__] stage progress stage=branches step=1000/10000 train_interval_loss=0.408985 t2_focus_nmse=0.205013
2026-07-31 13:32:26,077 INFO [__main__] stage progress stage=branches step=2000/10000 train_interval_loss=0.403174 t2_focus_nmse=0.204377
2026-07-31 13:32:40,745 INFO [__main__] stage progress stage=branches step=3000/10000 train_interval_loss=0.423744 t2_focus_nmse=0.204477
2026-07-31 13:32:55,029 INFO [__main__] stage progress stage=branches step=4000/10000 train_interval_loss=0.409381 t2_focus_nmse=0.204079
2026-07-31 13:33:09,193 INFO [__main__] stage progress stage=branches step=5000/10000 train_interval_loss=0.408498 t2_focus_nmse=0.204150
2026-07-31 13:33:22,934 INFO [__main__] stage progress stage=branches step=6000/10000 train_interval_loss=0.394413 t2_focus_nmse=0.203783
2026-07-31 13:33:36,269 INFO [__main__] stage progress stage=branches step=7000/10000 train_interval_loss=0.392200 t2_focus_nmse=0.203864
2026-07-31 13:33:50,318 INFO [__main__] stage progress stage=branches step=8000/10000 train_interval_loss=0.383613 t2_focus_nmse=0.203999
2026-07-31 13:34:04,097 INFO [__main__] stage progress stage=branches step=9000/10000 train_interval_loss=0.385837 t2_focus_nmse=0.203915
2026-07-31 13:34:17,702 INFO [__main__] stage progress stage=branches step=10000/10000 train_interval_loss=0.390408 t2_focus_nmse=0.203733
2026-07-31 13:34:17,721 INFO [__main__] ridge rooter fit start split=T2 alpha=0.01
2026-07-31 13:34:19,045 INFO [__main__] stage start stage=rooter epochs=10000 total_steps=10000 valid_eval_freq=1000 logging_eval_freq=1000
2026-07-31 13:34:32,332 INFO [__main__] stage progress stage=rooter step=1000/10000 train_interval_loss=0.207420 t2_focus_nmse=0.200091
2026-07-31 13:34:46,140 INFO [__main__] stage progress stage=rooter step=2000/10000 train_interval_loss=0.195788 t2_focus_nmse=0.196970
2026-07-31 13:34:59,476 INFO [__main__] stage progress stage=rooter step=3000/10000 train_interval_loss=0.196303 t2_focus_nmse=0.194610
2026-07-31 13:35:12,815 INFO [__main__] stage progress stage=rooter step=4000/10000 train_interval_loss=0.196516 t2_focus_nmse=0.192206
2026-07-31 13:35:25,747 INFO [__main__] stage progress stage=rooter step=5000/10000 train_interval_loss=0.190602 t2_focus_nmse=0.190361
2026-07-31 13:35:38,681 INFO [__main__] stage progress stage=rooter step=6000/10000 train_interval_loss=0.184095 t2_focus_nmse=0.188243
2026-07-31 13:35:51,407 INFO [__main__] stage progress stage=rooter step=7000/10000 train_interval_loss=0.191254 t2_focus_nmse=0.186705
2026-07-31 13:36:03,987 INFO [__main__] stage progress stage=rooter step=8000/10000 train_interval_loss=0.189412 t2_focus_nmse=0.184732
2026-07-31 13:36:16,583 INFO [__main__] stage progress stage=rooter step=9000/10000 train_interval_loss=0.183357 t2_focus_nmse=0.183186
2026-07-31 13:36:29,515 INFO [__main__] stage progress stage=rooter step=10000/10000 train_interval_loss=0.186805 t2_focus_nmse=0.181435
2026-07-31 13:36:29,516 INFO [__main__] training done seconds=273.45
2026-07-31 13:36:29,520 INFO [__main__] evaluation start split=T3
2026-07-31 13:36:30,603 INFO [__main__] evaluation done neural_nmse=0.261478 ridge_nmse=0.234808 residual_nmse=0.239979 memory_nmse=0.240497 transformed_nmse=disabled
2026-07-31 13:36:31,496 INFO [__main__] outputs saved dir=outputs/adaptation_results/small/Traffic/504_24/chronos2/instance_euclidean_10_online/ts_ifa/TS-IFA
2026-07-31 13:36:31,496 INFO [__main__] experiment done seconds=325.35
2026-07-31 13:36:31,496 INFO [__main__] ========================================================================
2026-07-31T13:36:32+02:00 training done configuration=12/72 dataset=Traffic model=chronos2 lags=504 horizon=24 retrieval=instance_euclidean_10_online
2026-07-31 13:36:34,659 INFO [__main__] extraction validation directory=outputs/adaptation/Traffic/504_168/chronos2/raw_euclidean_1_online/extracted status=complete

2026-07-31T13:36:34+02:00 training start configuration=13/72 dataset=Traffic model=chronos2 lags=504 horizon=168 retrieval=raw_euclidean_1_online validation_fraction=0.2 branch_epochs=10000 rooter_epochs=10000 batch_size=256 branch_lr=0.00001 rooter_lr=0.00001 weight_decay=0.0001 vanilla_anchor=0.01 coefficient_l2=0.01 horizon_smoothness=0.01 ridge_rooter_alpha=0.01 dropout=0.0 attention_heads=4 attention_dim=32 hidden_dim=128 transformed_expert=false learnable_transformed_covariate=false transformed_hidden_dim=128 vanilla_anchoring_init=true seed=1
2026-07-31 13:36:37,281 INFO [__main__] ========================================================================
2026-07-31 13:36:37,554 INFO [__main__] experiment start kind=ts_ifa_train input=outputs/adaptation/Traffic/504_168/chronos2/raw_euclidean_1_online/extracted branch_epochs=10000 rooter_epochs=10000 batch_size=256
2026-07-31 13:36:53,318 INFO [__main__] payload load done t1_samples=246820 t2_samples=61920 t3_samples=23220
2026-07-31 13:36:53,389 INFO [__main__] payload scale split=T1 samples=246820 std_min=0.00477242 std_q001=0.0065674 std_q01=0.0122445 std_q05=0.0165242 std_q10=0.0201075 std_median=0.0409224 below_1e-8=0 below_1e-6=0 below_1e-3=0
2026-07-31 13:36:53,406 INFO [__main__] payload scale split=T2 samples=61920 std_min=0.00506763 std_q001=0.0076672 std_q01=0.0115272 std_q05=0.0175937 std_q10=0.0207299 std_median=0.0421702 below_1e-8=0 below_1e-6=0 below_1e-3=0
2026-07-31 13:36:53,412 INFO [__main__] payload scale split=T3 samples=23220 std_min=0.0055933 std_q001=0.00604585 std_q01=0.0113909 std_q05=0.0174783 std_q10=0.0213175 std_median=0.0443882 below_1e-8=0 below_1e-6=0 below_1e-3=0
2026-07-31 13:36:53,634 INFO [__main__] model ready name=TS-IFA device=cuda parameters_total=1,480,896 branches=972,488 neural_rooter=508,408 ridge_rooter=672
2026-07-31 13:36:53,634 INFO [__main__] stage start stage=branches epochs=10000 total_steps=10000 valid_eval_freq=1000 logging_eval_freq=1000
2026-07-31 13:37:06,454 INFO [__main__] stage progress stage=branches step=1000/10000 train_interval_loss=0.521574 t2_focus_nmse=0.270657
2026-07-31 13:37:19,054 INFO [__main__] stage progress stage=branches step=2000/10000 train_interval_loss=0.509928 t2_focus_nmse=0.270586
2026-07-31 13:37:31,247 INFO [__main__] stage progress stage=branches step=3000/10000 train_interval_loss=0.510024 t2_focus_nmse=0.270645
2026-07-31 13:37:43,628 INFO [__main__] stage progress stage=branches step=4000/10000 train_interval_loss=0.506062 t2_focus_nmse=0.270624
2026-07-31 13:37:55,725 INFO [__main__] stage progress stage=branches step=5000/10000 train_interval_loss=0.500590 t2_focus_nmse=0.270426
2026-07-31 13:38:07,613 INFO [__main__] stage progress stage=branches step=6000/10000 train_interval_loss=0.503534 t2_focus_nmse=0.270389
2026-07-31 13:38:20,069 INFO [__main__] stage progress stage=branches step=7000/10000 train_interval_loss=0.499920 t2_focus_nmse=0.269846
2026-07-31 13:38:32,521 INFO [__main__] stage progress stage=branches step=8000/10000 train_interval_loss=0.504114 t2_focus_nmse=0.270234
2026-07-31 13:38:44,967 INFO [__main__] stage progress stage=branches step=9000/10000 train_interval_loss=0.498814 t2_focus_nmse=0.269962
2026-07-31 13:38:57,245 INFO [__main__] stage progress stage=branches step=10000/10000 train_interval_loss=0.494217 t2_focus_nmse=0.269660
2026-07-31 13:38:57,265 INFO [__main__] ridge rooter fit start split=T2 alpha=0.01
2026-07-31 13:38:59,177 INFO [__main__] stage start stage=rooter epochs=10000 total_steps=10000 valid_eval_freq=1000 logging_eval_freq=1000
2026-07-31 13:39:11,090 INFO [__main__] stage progress stage=rooter step=1000/10000 train_interval_loss=0.268235 t2_focus_nmse=0.262655
2026-07-31 13:39:22,893 INFO [__main__] stage progress stage=rooter step=2000/10000 train_interval_loss=0.264977 t2_focus_nmse=0.259690
2026-07-31 13:39:34,674 INFO [__main__] stage progress stage=rooter step=3000/10000 train_interval_loss=0.255377 t2_focus_nmse=0.257763
2026-07-31 13:39:46,741 INFO [__main__] stage progress stage=rooter step=4000/10000 train_interval_loss=0.255245 t2_focus_nmse=0.256073
2026-07-31 13:39:58,791 INFO [__main__] stage progress stage=rooter step=5000/10000 train_interval_loss=0.255584 t2_focus_nmse=0.254679
2026-07-31 13:40:10,592 INFO [__main__] stage progress stage=rooter step=6000/10000 train_interval_loss=0.259028 t2_focus_nmse=0.253558
2026-07-31 13:40:22,460 INFO [__main__] stage progress stage=rooter step=7000/10000 train_interval_loss=0.246773 t2_focus_nmse=0.252569
2026-07-31 13:40:34,131 INFO [__main__] stage progress stage=rooter step=8000/10000 train_interval_loss=0.264894 t2_focus_nmse=0.251362
2026-07-31 13:40:45,774 INFO [__main__] stage progress stage=rooter step=9000/10000 train_interval_loss=0.254930 t2_focus_nmse=0.250407
2026-07-31 13:40:57,382 INFO [__main__] stage progress stage=rooter step=10000/10000 train_interval_loss=0.247406 t2_focus_nmse=0.249418
2026-07-31 13:40:57,383 INFO [__main__] training done seconds=243.75
2026-07-31 13:40:57,386 INFO [__main__] evaluation start split=T3
2026-07-31 13:40:58,770 INFO [__main__] evaluation done neural_nmse=0.333125 ridge_nmse=0.288981 residual_nmse=0.294624 memory_nmse=0.302871 transformed_nmse=disabled
2026-07-31 13:40:59,680 INFO [__main__] outputs saved dir=outputs/adaptation_results/small/Traffic/504_168/chronos2/raw_euclidean_1_online/ts_ifa/TS-IFA
2026-07-31 13:40:59,680 INFO [__main__] experiment done seconds=262.40
2026-07-31 13:40:59,680 INFO [__main__] ========================================================================
2026-07-31T13:41:00+02:00 training done configuration=13/72 dataset=Traffic model=chronos2 lags=504 horizon=168 retrieval=raw_euclidean_1_online
2026-07-31 13:41:02,529 INFO [__main__] extraction validation directory=outputs/adaptation/Traffic/504_168/chronos2/raw_euclidean_3_online/extracted status=complete

2026-07-31T13:41:02+02:00 training start configuration=14/72 dataset=Traffic model=chronos2 lags=504 horizon=168 retrieval=raw_euclidean_3_online validation_fraction=0.2 branch_epochs=10000 rooter_epochs=10000 batch_size=256 branch_lr=0.00001 rooter_lr=0.00001 weight_decay=0.0001 vanilla_anchor=0.01 coefficient_l2=0.01 horizon_smoothness=0.01 ridge_rooter_alpha=0.01 dropout=0.0 attention_heads=4 attention_dim=32 hidden_dim=128 transformed_expert=false learnable_transformed_covariate=false transformed_hidden_dim=128 vanilla_anchoring_init=true seed=1
2026-07-31 13:41:05,373 INFO [__main__] ========================================================================
2026-07-31 13:41:05,677 INFO [__main__] experiment start kind=ts_ifa_train input=outputs/adaptation/Traffic/504_168/chronos2/raw_euclidean_3_online/extracted branch_epochs=10000 rooter_epochs=10000 batch_size=256
2026-07-31 13:41:40,700 INFO [__main__] payload load done t1_samples=246820 t2_samples=61920 t3_samples=23220
2026-07-31 13:41:40,908 INFO [__main__] payload scale split=T1 samples=246820 std_min=0.00477242 std_q001=0.0065674 std_q01=0.0122445 std_q05=0.0165242 std_q10=0.0201075 std_median=0.0409224 below_1e-8=0 below_1e-6=0 below_1e-3=0
2026-07-31 13:41:40,928 INFO [__main__] payload scale split=T2 samples=61920 std_min=0.00506763 std_q001=0.0076672 std_q01=0.0115272 std_q05=0.0175937 std_q10=0.0207299 std_median=0.0421702 below_1e-8=0 below_1e-6=0 below_1e-3=0
2026-07-31 13:41:40,935 INFO [__main__] payload scale split=T3 samples=23220 std_min=0.0055933 std_q001=0.00604585 std_q01=0.0113909 std_q05=0.0174783 std_q10=0.0213175 std_median=0.0443882 below_1e-8=0 below_1e-6=0 below_1e-3=0
2026-07-31 13:41:41,144 INFO [__main__] model ready name=TS-IFA device=cuda parameters_total=1,480,896 branches=972,488 neural_rooter=508,408 ridge_rooter=672
2026-07-31 13:41:41,145 INFO [__main__] stage start stage=branches epochs=10000 total_steps=10000 valid_eval_freq=1000 logging_eval_freq=1000
2026-07-31 13:41:56,079 INFO [__main__] stage progress stage=branches step=1000/10000 train_interval_loss=0.521435 t2_focus_nmse=0.270737
2026-07-31 13:42:10,518 INFO [__main__] stage progress stage=branches step=2000/10000 train_interval_loss=0.509609 t2_focus_nmse=0.270683
2026-07-31 13:42:23,927 INFO [__main__] stage progress stage=branches step=3000/10000 train_interval_loss=0.509513 t2_focus_nmse=0.270775
2026-07-31 13:42:37,356 INFO [__main__] stage progress stage=branches step=4000/10000 train_interval_loss=0.505268 t2_focus_nmse=0.270711
2026-07-31 13:42:50,789 INFO [__main__] stage progress stage=branches step=5000/10000 train_interval_loss=0.499471 t2_focus_nmse=0.270540
2026-07-31 13:43:04,124 INFO [__main__] stage progress stage=branches step=6000/10000 train_interval_loss=0.502130 t2_focus_nmse=0.270522
2026-07-31 13:43:17,723 INFO [__main__] stage progress stage=branches step=7000/10000 train_interval_loss=0.498259 t2_focus_nmse=0.269987
2026-07-31 13:43:31,501 INFO [__main__] stage progress stage=branches step=8000/10000 train_interval_loss=0.502303 t2_focus_nmse=0.270320
2026-07-31 13:43:44,968 INFO [__main__] stage progress stage=branches step=9000/10000 train_interval_loss=0.496888 t2_focus_nmse=0.270174
2026-07-31 13:43:58,371 INFO [__main__] stage progress stage=branches step=10000/10000 train_interval_loss=0.492126 t2_focus_nmse=0.269807
2026-07-31 13:43:58,391 INFO [__main__] ridge rooter fit start split=T2 alpha=0.01
2026-07-31 13:44:00,420 INFO [__main__] stage start stage=rooter epochs=10000 total_steps=10000 valid_eval_freq=1000 logging_eval_freq=1000
2026-07-31 13:44:13,147 INFO [__main__] stage progress stage=rooter step=1000/10000 train_interval_loss=0.268180 t2_focus_nmse=0.262520
2026-07-31 13:44:26,020 INFO [__main__] stage progress stage=rooter step=2000/10000 train_interval_loss=0.264779 t2_focus_nmse=0.259445
2026-07-31 13:44:38,823 INFO [__main__] stage progress stage=rooter step=3000/10000 train_interval_loss=0.255066 t2_focus_nmse=0.257405
2026-07-31 13:44:51,721 INFO [__main__] stage progress stage=rooter step=4000/10000 train_interval_loss=0.254812 t2_focus_nmse=0.255585
2026-07-31 13:45:04,662 INFO [__main__] stage progress stage=rooter step=5000/10000 train_interval_loss=0.255070 t2_focus_nmse=0.254098
2026-07-31 13:45:17,562 INFO [__main__] stage progress stage=rooter step=6000/10000 train_interval_loss=0.258384 t2_focus_nmse=0.252903
2026-07-31 13:45:30,448 INFO [__main__] stage progress stage=rooter step=7000/10000 train_interval_loss=0.246090 t2_focus_nmse=0.251918
2026-07-31 13:45:43,175 INFO [__main__] stage progress stage=rooter step=8000/10000 train_interval_loss=0.264075 t2_focus_nmse=0.250450
2026-07-31 13:45:55,988 INFO [__main__] stage progress stage=rooter step=9000/10000 train_interval_loss=0.254038 t2_focus_nmse=0.249345
2026-07-31 13:46:08,741 INFO [__main__] stage progress stage=rooter step=10000/10000 train_interval_loss=0.246378 t2_focus_nmse=0.248280
2026-07-31 13:46:08,742 INFO [__main__] training done seconds=267.60
2026-07-31 13:46:08,745 INFO [__main__] evaluation start split=T3
2026-07-31 13:46:10,317 INFO [__main__] evaluation done neural_nmse=0.328905 ridge_nmse=0.287427 residual_nmse=0.295375 memory_nmse=0.300561 transformed_nmse=disabled
2026-07-31 13:46:11,382 INFO [__main__] outputs saved dir=outputs/adaptation_results/small/Traffic/504_168/chronos2/raw_euclidean_3_online/ts_ifa/TS-IFA
2026-07-31 13:46:11,382 INFO [__main__] experiment done seconds=306.01
2026-07-31 13:46:11,383 INFO [__main__] ========================================================================
2026-07-31T13:46:12+02:00 training done configuration=14/72 dataset=Traffic model=chronos2 lags=504 horizon=168 retrieval=raw_euclidean_3_online
2026-07-31 13:46:14,600 INFO [__main__] extraction validation directory=outputs/adaptation/Traffic/504_168/chronos2/raw_euclidean_10_online/extracted status=complete

2026-07-31T13:46:14+02:00 training start configuration=15/72 dataset=Traffic model=chronos2 lags=504 horizon=168 retrieval=raw_euclidean_10_online validation_fraction=0.2 branch_epochs=10000 rooter_epochs=10000 batch_size=256 branch_lr=0.00001 rooter_lr=0.00001 weight_decay=0.0001 vanilla_anchor=0.01 coefficient_l2=0.01 horizon_smoothness=0.01 ridge_rooter_alpha=0.01 dropout=0.0 attention_heads=4 attention_dim=32 hidden_dim=128 transformed_expert=false learnable_transformed_covariate=false transformed_hidden_dim=128 vanilla_anchoring_init=true seed=1
2026-07-31 13:46:17,201 INFO [__main__] ========================================================================
2026-07-31 13:46:17,434 INFO [__main__] experiment start kind=ts_ifa_train input=outputs/adaptation/Traffic/504_168/chronos2/raw_euclidean_10_online/extracted branch_epochs=10000 rooter_epochs=10000 batch_size=256
2026-07-31 13:47:39,432 INFO [__main__] payload load done t1_samples=246820 t2_samples=61920 t3_samples=23220
2026-07-31 13:47:39,501 INFO [__main__] payload scale split=T1 samples=246820 std_min=0.00477242 std_q001=0.0065674 std_q01=0.0122445 std_q05=0.0165242 std_q10=0.0201075 std_median=0.0409224 below_1e-8=0 below_1e-6=0 below_1e-3=0
2026-07-31 13:47:39,519 INFO [__main__] payload scale split=T2 samples=61920 std_min=0.00506763 std_q001=0.0076672 std_q01=0.0115272 std_q05=0.0175937 std_q10=0.0207299 std_median=0.0421702 below_1e-8=0 below_1e-6=0 below_1e-3=0
2026-07-31 13:47:39,526 INFO [__main__] payload scale split=T3 samples=23220 std_min=0.0055933 std_q001=0.00604585 std_q01=0.0113909 std_q05=0.0174783 std_q10=0.0213175 std_median=0.0443882 below_1e-8=0 below_1e-6=0 below_1e-3=0
2026-07-31 13:47:39,735 INFO [__main__] model ready name=TS-IFA device=cuda parameters_total=1,480,896 branches=972,488 neural_rooter=508,408 ridge_rooter=672
2026-07-31 13:47:39,735 INFO [__main__] stage start stage=branches epochs=10000 total_steps=10000 valid_eval_freq=1000 logging_eval_freq=1000
2026-07-31 13:47:57,120 INFO [__main__] stage progress stage=branches step=1000/10000 train_interval_loss=0.521310 t2_focus_nmse=0.270764
2026-07-31 13:48:14,226 INFO [__main__] stage progress stage=branches step=2000/10000 train_interval_loss=0.509144 t2_focus_nmse=0.270842
2026-07-31 13:48:30,846 INFO [__main__] stage progress stage=branches step=3000/10000 train_interval_loss=0.508506 t2_focus_nmse=0.270969
2026-07-31 13:48:46,795 INFO [__main__] stage progress stage=branches step=4000/10000 train_interval_loss=0.503437 t2_focus_nmse=0.270876
2026-07-31 13:49:02,561 INFO [__main__] stage progress stage=branches step=5000/10000 train_interval_loss=0.496892 t2_focus_nmse=0.270610
2026-07-31 13:49:18,562 INFO [__main__] stage progress stage=branches step=6000/10000 train_interval_loss=0.499180 t2_focus_nmse=0.270432
2026-07-31 13:49:33,861 INFO [__main__] stage progress stage=branches step=7000/10000 train_interval_loss=0.495131 t2_focus_nmse=0.270121
2026-07-31 13:49:48,446 INFO [__main__] stage progress stage=branches step=8000/10000 train_interval_loss=0.499151 t2_focus_nmse=0.270196
2026-07-31 13:50:02,934 INFO [__main__] stage progress stage=branches step=9000/10000 train_interval_loss=0.493681 t2_focus_nmse=0.270061
2026-07-31 13:50:17,443 INFO [__main__] stage progress stage=branches step=10000/10000 train_interval_loss=0.489096 t2_focus_nmse=0.269713
2026-07-31 13:50:17,465 INFO [__main__] ridge rooter fit start split=T2 alpha=0.01
2026-07-31 13:50:19,880 INFO [__main__] stage start stage=rooter epochs=10000 total_steps=10000 valid_eval_freq=1000 logging_eval_freq=1000
2026-07-31 13:50:33,832 INFO [__main__] stage progress stage=rooter step=1000/10000 train_interval_loss=0.268117 t2_focus_nmse=0.262392
2026-07-31 13:50:47,846 INFO [__main__] stage progress stage=rooter step=2000/10000 train_interval_loss=0.264648 t2_focus_nmse=0.259309
2026-07-31 13:51:02,384 INFO [__main__] stage progress stage=rooter step=3000/10000 train_interval_loss=0.254894 t2_focus_nmse=0.257196
2026-07-31 13:51:17,014 INFO [__main__] stage progress stage=rooter step=4000/10000 train_interval_loss=0.254562 t2_focus_nmse=0.255283
2026-07-31 13:51:31,451 INFO [__main__] stage progress stage=rooter step=5000/10000 train_interval_loss=0.254688 t2_focus_nmse=0.253654
2026-07-31 13:51:45,972 INFO [__main__] stage progress stage=rooter step=6000/10000 train_interval_loss=0.257877 t2_focus_nmse=0.252337
2026-07-31 13:52:00,270 INFO [__main__] stage progress stage=rooter step=7000/10000 train_interval_loss=0.245524 t2_focus_nmse=0.251369
2026-07-31 13:52:14,671 INFO [__main__] stage progress stage=rooter step=8000/10000 train_interval_loss=0.263178 t2_focus_nmse=0.249609
2026-07-31 13:52:29,472 INFO [__main__] stage progress stage=rooter step=9000/10000 train_interval_loss=0.253142 t2_focus_nmse=0.248501
2026-07-31 13:52:44,078 INFO [__main__] stage progress stage=rooter step=10000/10000 train_interval_loss=0.245543 t2_focus_nmse=0.247309
2026-07-31 13:52:44,079 INFO [__main__] training done seconds=304.34
2026-07-31 13:52:44,086 INFO [__main__] evaluation start split=T3
2026-07-31 13:52:46,060 INFO [__main__] evaluation done neural_nmse=0.338878 ridge_nmse=0.284720 residual_nmse=0.291119 memory_nmse=0.296577 transformed_nmse=disabled
2026-07-31 13:52:47,004 INFO [__main__] outputs saved dir=outputs/adaptation_results/small/Traffic/504_168/chronos2/raw_euclidean_10_online/ts_ifa/TS-IFA
2026-07-31 13:52:47,004 INFO [__main__] experiment done seconds=389.80
2026-07-31 13:52:47,004 INFO [__main__] ========================================================================
2026-07-31T13:52:48+02:00 training done configuration=15/72 dataset=Traffic model=chronos2 lags=504 horizon=168 retrieval=raw_euclidean_10_online
2026-07-31 13:52:50,666 INFO [__main__] extraction validation directory=outputs/adaptation/Traffic/504_168/chronos2/instance_euclidean_1_online/extracted status=complete

2026-07-31T13:52:50+02:00 training start configuration=16/72 dataset=Traffic model=chronos2 lags=504 horizon=168 retrieval=instance_euclidean_1_online validation_fraction=0.2 branch_epochs=10000 rooter_epochs=10000 batch_size=256 branch_lr=0.00001 rooter_lr=0.00001 weight_decay=0.0001 vanilla_anchor=0.01 coefficient_l2=0.01 horizon_smoothness=0.01 ridge_rooter_alpha=0.01 dropout=0.0 attention_heads=4 attention_dim=32 hidden_dim=128 transformed_expert=false learnable_transformed_covariate=false transformed_hidden_dim=128 vanilla_anchoring_init=true seed=1
2026-07-31 13:52:53,313 INFO [__main__] ========================================================================
2026-07-31 13:52:53,561 INFO [__main__] experiment start kind=ts_ifa_train input=outputs/adaptation/Traffic/504_168/chronos2/instance_euclidean_1_online/extracted branch_epochs=10000 rooter_epochs=10000 batch_size=256
2026-07-31 13:53:12,518 INFO [__main__] payload load done t1_samples=246820 t2_samples=61920 t3_samples=23220
2026-07-31 13:53:12,588 INFO [__main__] payload scale split=T1 samples=246820 std_min=0.00477242 std_q001=0.0065674 std_q01=0.0122445 std_q05=0.0165242 std_q10=0.0201075 std_median=0.0409224 below_1e-8=0 below_1e-6=0 below_1e-3=0
2026-07-31 13:53:12,605 INFO [__main__] payload scale split=T2 samples=61920 std_min=0.00506763 std_q001=0.0076672 std_q01=0.0115272 std_q05=0.0175937 std_q10=0.0207299 std_median=0.0421702 below_1e-8=0 below_1e-6=0 below_1e-3=0
2026-07-31 13:53:12,611 INFO [__main__] payload scale split=T3 samples=23220 std_min=0.0055933 std_q001=0.00604585 std_q01=0.0113909 std_q05=0.0174783 std_q10=0.0213175 std_median=0.0443882 below_1e-8=0 below_1e-6=0 below_1e-3=0
2026-07-31 13:53:12,834 INFO [__main__] model ready name=TS-IFA device=cuda parameters_total=1,480,896 branches=972,488 neural_rooter=508,408 ridge_rooter=672
2026-07-31 13:53:12,835 INFO [__main__] stage start stage=branches epochs=10000 total_steps=10000 valid_eval_freq=1000 logging_eval_freq=1000
2026-07-31 13:53:26,610 INFO [__main__] stage progress stage=branches step=1000/10000 train_interval_loss=0.521662 t2_focus_nmse=0.270676
2026-07-31 13:53:39,734 INFO [__main__] stage progress stage=branches step=2000/10000 train_interval_loss=0.510005 t2_focus_nmse=0.270642
2026-07-31 13:53:52,820 INFO [__main__] stage progress stage=branches step=3000/10000 train_interval_loss=0.510094 t2_focus_nmse=0.270693
2026-07-31 13:54:05,644 INFO [__main__] stage progress stage=branches step=4000/10000 train_interval_loss=0.506088 t2_focus_nmse=0.270655
2026-07-31 13:54:18,426 INFO [__main__] stage progress stage=branches step=5000/10000 train_interval_loss=0.500574 t2_focus_nmse=0.270486
2026-07-31 13:54:30,801 INFO [__main__] stage progress stage=branches step=6000/10000 train_interval_loss=0.503476 t2_focus_nmse=0.270380
2026-07-31 13:54:43,506 INFO [__main__] stage progress stage=branches step=7000/10000 train_interval_loss=0.499829 t2_focus_nmse=0.269929
2026-07-31 13:54:56,186 INFO [__main__] stage progress stage=branches step=8000/10000 train_interval_loss=0.503975 t2_focus_nmse=0.270196
2026-07-31 13:55:08,635 INFO [__main__] stage progress stage=branches step=9000/10000 train_interval_loss=0.498570 t2_focus_nmse=0.270109
2026-07-31 13:55:21,229 INFO [__main__] stage progress stage=branches step=10000/10000 train_interval_loss=0.493967 t2_focus_nmse=0.269802
2026-07-31 13:55:21,250 INFO [__main__] ridge rooter fit start split=T2 alpha=0.01
2026-07-31 13:55:23,158 INFO [__main__] stage start stage=rooter epochs=10000 total_steps=10000 valid_eval_freq=1000 logging_eval_freq=1000
2026-07-31 13:55:34,900 INFO [__main__] stage progress stage=rooter step=1000/10000 train_interval_loss=0.268288 t2_focus_nmse=0.262759
2026-07-31 13:55:46,658 INFO [__main__] stage progress stage=rooter step=2000/10000 train_interval_loss=0.265034 t2_focus_nmse=0.259718
2026-07-31 13:55:58,484 INFO [__main__] stage progress stage=rooter step=3000/10000 train_interval_loss=0.255354 t2_focus_nmse=0.257747
2026-07-31 13:56:10,233 INFO [__main__] stage progress stage=rooter step=4000/10000 train_interval_loss=0.255248 t2_focus_nmse=0.256034
2026-07-31 13:56:21,919 INFO [__main__] stage progress stage=rooter step=5000/10000 train_interval_loss=0.255540 t2_focus_nmse=0.254619
2026-07-31 13:56:33,574 INFO [__main__] stage progress stage=rooter step=6000/10000 train_interval_loss=0.258933 t2_focus_nmse=0.253501
2026-07-31 13:56:45,202 INFO [__main__] stage progress stage=rooter step=7000/10000 train_interval_loss=0.246722 t2_focus_nmse=0.252532
2026-07-31 13:56:56,837 INFO [__main__] stage progress stage=rooter step=8000/10000 train_interval_loss=0.264819 t2_focus_nmse=0.251299
2026-07-31 13:57:08,573 INFO [__main__] stage progress stage=rooter step=9000/10000 train_interval_loss=0.254848 t2_focus_nmse=0.250326
2026-07-31 13:57:20,173 INFO [__main__] stage progress stage=rooter step=10000/10000 train_interval_loss=0.247393 t2_focus_nmse=0.249397
2026-07-31 13:57:20,173 INFO [__main__] training done seconds=247.34
2026-07-31 13:57:20,179 INFO [__main__] evaluation start split=T3
2026-07-31 13:57:21,607 INFO [__main__] evaluation done neural_nmse=0.336348 ridge_nmse=0.289373 residual_nmse=0.295197 memory_nmse=0.305731 transformed_nmse=disabled
2026-07-31 13:57:22,571 INFO [__main__] outputs saved dir=outputs/adaptation_results/small/Traffic/504_168/chronos2/instance_euclidean_1_online/ts_ifa/TS-IFA
2026-07-31 13:57:22,571 INFO [__main__] experiment done seconds=269.26
2026-07-31 13:57:22,571 INFO [__main__] ========================================================================
2026-07-31T13:57:23+02:00 training done configuration=16/72 dataset=Traffic model=chronos2 lags=504 horizon=168 retrieval=instance_euclidean_1_online
2026-07-31 13:57:25,799 INFO [__main__] extraction validation directory=outputs/adaptation/Traffic/504_168/chronos2/instance_euclidean_3_online/extracted status=complete

2026-07-31T13:57:26+02:00 training start configuration=17/72 dataset=Traffic model=chronos2 lags=504 horizon=168 retrieval=instance_euclidean_3_online validation_fraction=0.2 branch_epochs=10000 rooter_epochs=10000 batch_size=256 branch_lr=0.00001 rooter_lr=0.00001 weight_decay=0.0001 vanilla_anchor=0.01 coefficient_l2=0.01 horizon_smoothness=0.01 ridge_rooter_alpha=0.01 dropout=0.0 attention_heads=4 attention_dim=32 hidden_dim=128 transformed_expert=false learnable_transformed_covariate=false transformed_hidden_dim=128 vanilla_anchoring_init=true seed=1
2026-07-31 13:57:28,374 INFO [__main__] ========================================================================
2026-07-31 13:57:28,656 INFO [__main__] experiment start kind=ts_ifa_train input=outputs/adaptation/Traffic/504_168/chronos2/instance_euclidean_3_online/extracted branch_epochs=10000 rooter_epochs=10000 batch_size=256
2026-07-31 13:57:58,397 INFO [__main__] payload load done t1_samples=246820 t2_samples=61920 t3_samples=23220
2026-07-31 13:57:58,467 INFO [__main__] payload scale split=T1 samples=246820 std_min=0.00477242 std_q001=0.0065674 std_q01=0.0122445 std_q05=0.0165242 std_q10=0.0201075 std_median=0.0409224 below_1e-8=0 below_1e-6=0 below_1e-3=0
2026-07-31 13:57:58,485 INFO [__main__] payload scale split=T2 samples=61920 std_min=0.00506763 std_q001=0.0076672 std_q01=0.0115272 std_q05=0.0175937 std_q10=0.0207299 std_median=0.0421702 below_1e-8=0 below_1e-6=0 below_1e-3=0
2026-07-31 13:57:58,491 INFO [__main__] payload scale split=T3 samples=23220 std_min=0.0055933 std_q001=0.00604585 std_q01=0.0113909 std_q05=0.0174783 std_q10=0.0213175 std_median=0.0443882 below_1e-8=0 below_1e-6=0 below_1e-3=0
2026-07-31 13:57:58,708 INFO [__main__] model ready name=TS-IFA device=cuda parameters_total=1,480,896 branches=972,488 neural_rooter=508,408 ridge_rooter=672
2026-07-31 13:57:58,709 INFO [__main__] stage start stage=branches epochs=10000 total_steps=10000 valid_eval_freq=1000 logging_eval_freq=1000
2026-07-31 13:58:13,327 INFO [__main__] stage progress stage=branches step=1000/10000 train_interval_loss=0.521521 t2_focus_nmse=0.270690
2026-07-31 13:58:27,949 INFO [__main__] stage progress stage=branches step=2000/10000 train_interval_loss=0.509697 t2_focus_nmse=0.270668
2026-07-31 13:58:41,688 INFO [__main__] stage progress stage=branches step=3000/10000 train_interval_loss=0.509611 t2_focus_nmse=0.270734
2026-07-31 13:58:55,199 INFO [__main__] stage progress stage=branches step=4000/10000 train_interval_loss=0.505369 t2_focus_nmse=0.270718
2026-07-31 13:59:08,835 INFO [__main__] stage progress stage=branches step=5000/10000 train_interval_loss=0.499575 t2_focus_nmse=0.270542
2026-07-31 13:59:22,375 INFO [__main__] stage progress stage=branches step=6000/10000 train_interval_loss=0.502219 t2_focus_nmse=0.270360
2026-07-31 13:59:35,659 INFO [__main__] stage progress stage=branches step=7000/10000 train_interval_loss=0.498398 t2_focus_nmse=0.269916
2026-07-31 13:59:48,985 INFO [__main__] stage progress stage=branches step=8000/10000 train_interval_loss=0.502427 t2_focus_nmse=0.270145
2026-07-31 14:00:02,263 INFO [__main__] stage progress stage=branches step=9000/10000 train_interval_loss=0.496961 t2_focus_nmse=0.270071
2026-07-31 14:00:15,491 INFO [__main__] stage progress stage=branches step=10000/10000 train_interval_loss=0.492165 t2_focus_nmse=0.269820
2026-07-31 14:00:15,517 INFO [__main__] ridge rooter fit start split=T2 alpha=0.01
2026-07-31 14:00:17,521 INFO [__main__] stage start stage=rooter epochs=10000 total_steps=10000 valid_eval_freq=1000 logging_eval_freq=1000
2026-07-31 14:00:30,081 INFO [__main__] stage progress stage=rooter step=1000/10000 train_interval_loss=0.268241 t2_focus_nmse=0.262643
2026-07-31 14:00:42,567 INFO [__main__] stage progress stage=rooter step=2000/10000 train_interval_loss=0.264851 t2_focus_nmse=0.259490
2026-07-31 14:00:55,120 INFO [__main__] stage progress stage=rooter step=3000/10000 train_interval_loss=0.255096 t2_focus_nmse=0.257416
2026-07-31 14:01:07,755 INFO [__main__] stage progress stage=rooter step=4000/10000 train_interval_loss=0.254861 t2_focus_nmse=0.255577
2026-07-31 14:01:20,304 INFO [__main__] stage progress stage=rooter step=5000/10000 train_interval_loss=0.255080 t2_focus_nmse=0.254089
2026-07-31 14:01:32,875 INFO [__main__] stage progress stage=rooter step=6000/10000 train_interval_loss=0.258388 t2_focus_nmse=0.252906
2026-07-31 14:01:45,410 INFO [__main__] stage progress stage=rooter step=7000/10000 train_interval_loss=0.246043 t2_focus_nmse=0.251957
2026-07-31 14:01:57,934 INFO [__main__] stage progress stage=rooter step=8000/10000 train_interval_loss=0.264113 t2_focus_nmse=0.250495
2026-07-31 14:02:10,532 INFO [__main__] stage progress stage=rooter step=9000/10000 train_interval_loss=0.254062 t2_focus_nmse=0.249432
2026-07-31 14:02:23,066 INFO [__main__] stage progress stage=rooter step=10000/10000 train_interval_loss=0.246465 t2_focus_nmse=0.248427
2026-07-31 14:02:23,066 INFO [__main__] training done seconds=264.36
2026-07-31 14:02:23,071 INFO [__main__] evaluation start split=T3
2026-07-31 14:02:24,630 INFO [__main__] evaluation done neural_nmse=0.331825 ridge_nmse=0.287355 residual_nmse=0.295693 memory_nmse=0.301843 transformed_nmse=disabled
2026-07-31 14:02:25,665 INFO [__main__] outputs saved dir=outputs/adaptation_results/small/Traffic/504_168/chronos2/instance_euclidean_3_online/ts_ifa/TS-IFA
2026-07-31 14:02:25,665 INFO [__main__] experiment done seconds=297.29
2026-07-31 14:02:25,665 INFO [__main__] ========================================================================
2026-07-31T14:02:26+02:00 training done configuration=17/72 dataset=Traffic model=chronos2 lags=504 horizon=168 retrieval=instance_euclidean_3_online
2026-07-31 14:02:29,279 INFO [__main__] extraction validation directory=outputs/adaptation/Traffic/504_168/chronos2/instance_euclidean_10_online/extracted status=complete

2026-07-31T14:02:29+02:00 training start configuration=18/72 dataset=Traffic model=chronos2 lags=504 horizon=168 retrieval=instance_euclidean_10_online validation_fraction=0.2 branch_epochs=10000 rooter_epochs=10000 batch_size=256 branch_lr=0.00001 rooter_lr=0.00001 weight_decay=0.0001 vanilla_anchor=0.01 coefficient_l2=0.01 horizon_smoothness=0.01 ridge_rooter_alpha=0.01 dropout=0.0 attention_heads=4 attention_dim=32 hidden_dim=128 transformed_expert=false learnable_transformed_covariate=false transformed_hidden_dim=128 vanilla_anchoring_init=true seed=1
2026-07-31 14:02:31,797 INFO [__main__] ========================================================================
2026-07-31 14:02:32,107 INFO [__main__] experiment start kind=ts_ifa_train input=outputs/adaptation/Traffic/504_168/chronos2/instance_euclidean_10_online/extracted branch_epochs=10000 rooter_epochs=10000 batch_size=256
2026-07-31 14:02:55,226 INFO [__main__] payload load done t1_samples=246820 t2_samples=61920 t3_samples=23220
2026-07-31 14:02:55,443 INFO [__main__] payload scale split=T1 samples=246820 std_min=0.00477242 std_q001=0.0065674 std_q01=0.0122445 std_q05=0.0165242 std_q10=0.0201075 std_median=0.0409224 below_1e-8=0 below_1e-6=0 below_1e-3=0
2026-07-31 14:02:55,568 INFO [__main__] payload scale split=T2 samples=61920 std_min=0.00506763 std_q001=0.0076672 std_q01=0.0115272 std_q05=0.0175937 std_q10=0.0207299 std_median=0.0421702 below_1e-8=0 below_1e-6=0 below_1e-3=0
2026-07-31 14:02:55,584 INFO [__main__] payload scale split=T3 samples=23220 std_min=0.0055933 std_q001=0.00604585 std_q01=0.0113909 std_q05=0.0174783 std_q10=0.0213175 std_median=0.0443882 below_1e-8=0 below_1e-6=0 below_1e-3=0
2026-07-31 14:02:55,798 INFO [__main__] model ready name=TS-IFA device=cuda parameters_total=1,480,896 branches=972,488 neural_rooter=508,408 ridge_rooter=672
2026-07-31 14:02:55,798 INFO [__main__] stage start stage=branches epochs=10000 total_steps=10000 valid_eval_freq=1000 logging_eval_freq=1000
2026-07-31 14:03:13,982 INFO [__main__] stage progress stage=branches step=1000/10000 train_interval_loss=0.521403 t2_focus_nmse=0.270739
2026-07-31 14:03:32,305 INFO [__main__] stage progress stage=branches step=2000/10000 train_interval_loss=0.509286 t2_focus_nmse=0.270858
2026-07-31 14:03:49,161 INFO [__main__] stage progress stage=branches step=3000/10000 train_interval_loss=0.508835 t2_focus_nmse=0.270980
2026-07-31 14:04:04,255 INFO [__main__] stage progress stage=branches step=4000/10000 train_interval_loss=0.503999 t2_focus_nmse=0.271027
2026-07-31 14:04:19,005 INFO [__main__] stage progress stage=branches step=5000/10000 train_interval_loss=0.497617 t2_focus_nmse=0.270721
2026-07-31 14:04:34,829 INFO [__main__] stage progress stage=branches step=6000/10000 train_interval_loss=0.499952 t2_focus_nmse=0.270411
2026-07-31 14:04:51,166 INFO [__main__] stage progress stage=branches step=7000/10000 train_interval_loss=0.496002 t2_focus_nmse=0.270060
2026-07-31 14:05:07,082 INFO [__main__] stage progress stage=branches step=8000/10000 train_interval_loss=0.500098 t2_focus_nmse=0.270348
2026-07-31 14:05:21,894 INFO [__main__] stage progress stage=branches step=9000/10000 train_interval_loss=0.494618 t2_focus_nmse=0.270084
2026-07-31 14:05:36,505 INFO [__main__] stage progress stage=branches step=10000/10000 train_interval_loss=0.489919 t2_focus_nmse=0.269675
2026-07-31 14:05:36,526 INFO [__main__] ridge rooter fit start split=T2 alpha=0.01
2026-07-31 14:05:39,058 INFO [__main__] stage start stage=rooter epochs=10000 total_steps=10000 valid_eval_freq=1000 logging_eval_freq=1000
2026-07-31 14:05:53,240 INFO [__main__] stage progress stage=rooter step=1000/10000 train_interval_loss=0.268207 t2_focus_nmse=0.262566
2026-07-31 14:06:07,918 INFO [__main__] stage progress stage=rooter step=2000/10000 train_interval_loss=0.264740 t2_focus_nmse=0.259365
2026-07-31 14:06:23,037 INFO [__main__] stage progress stage=rooter step=3000/10000 train_interval_loss=0.254937 t2_focus_nmse=0.257225
2026-07-31 14:06:37,740 INFO [__main__] stage progress stage=rooter step=4000/10000 train_interval_loss=0.254576 t2_focus_nmse=0.255248
2026-07-31 14:06:51,796 INFO [__main__] stage progress stage=rooter step=5000/10000 train_interval_loss=0.254681 t2_focus_nmse=0.253618
2026-07-31 14:07:05,866 INFO [__main__] stage progress stage=rooter step=6000/10000 train_interval_loss=0.257871 t2_focus_nmse=0.252346
2026-07-31 14:07:19,911 INFO [__main__] stage progress stage=rooter step=7000/10000 train_interval_loss=0.245440 t2_focus_nmse=0.251411
2026-07-31 14:07:33,939 INFO [__main__] stage progress stage=rooter step=8000/10000 train_interval_loss=0.263512 t2_focus_nmse=0.249783
2026-07-31 14:07:48,085 INFO [__main__] stage progress stage=rooter step=9000/10000 train_interval_loss=0.253440 t2_focus_nmse=0.248693
2026-07-31 14:08:02,098 INFO [__main__] stage progress stage=rooter step=10000/10000 train_interval_loss=0.245767 t2_focus_nmse=0.247659
2026-07-31 14:08:02,099 INFO [__main__] training done seconds=306.30
2026-07-31 14:08:02,103 INFO [__main__] evaluation start split=T3
2026-07-31 14:08:03,991 INFO [__main__] evaluation done neural_nmse=0.338786 ridge_nmse=0.284768 residual_nmse=0.294275 memory_nmse=0.296961 transformed_nmse=disabled
2026-07-31 14:08:04,982 INFO [__main__] outputs saved dir=outputs/adaptation_results/small/Traffic/504_168/chronos2/instance_euclidean_10_online/ts_ifa/TS-IFA
2026-07-31 14:08:04,983 INFO [__main__] experiment done seconds=333.19
2026-07-31 14:08:04,983 INFO [__main__] ========================================================================
2026-07-31T14:08:06+02:00 training done configuration=18/72 dataset=Traffic model=chronos2 lags=504 horizon=168 retrieval=instance_euclidean_10_online
2026-07-31 14:08:09,004 INFO [__main__] extraction validation directory=outputs/adaptation/Traffic/504_504/chronos2/raw_euclidean_1_online/extracted status=complete

2026-07-31T14:08:09+02:00 training start configuration=19/72 dataset=Traffic model=chronos2 lags=504 horizon=504 retrieval=raw_euclidean_1_online validation_fraction=0.2 branch_epochs=10000 rooter_epochs=10000 batch_size=256 branch_lr=0.00001 rooter_lr=0.00001 weight_decay=0.0001 vanilla_anchor=0.01 coefficient_l2=0.01 horizon_smoothness=0.01 ridge_rooter_alpha=0.01 dropout=0.0 attention_heads=4 attention_dim=32 hidden_dim=128 transformed_expert=false learnable_transformed_covariate=false transformed_hidden_dim=128 vanilla_anchoring_init=true seed=1
2026-07-31 14:08:11,869 INFO [__main__] ========================================================================
2026-07-31 14:08:12,145 INFO [__main__] experiment start kind=ts_ifa_train input=outputs/adaptation/Traffic/504_504/chronos2/raw_euclidean_1_online/extracted branch_epochs=10000 rooter_epochs=10000 batch_size=256
2026-07-31 14:08:41,919 INFO [__main__] payload load done t1_samples=237360 t2_samples=59340 t3_samples=20640
2026-07-31 14:08:42,110 INFO [__main__] payload scale split=T1 samples=237360 std_min=0.00477242 std_q001=0.00765554 std_q01=0.0122808 std_q05=0.0165099 std_q10=0.020093 std_median=0.0408522 below_1e-8=0 below_1e-6=0 below_1e-3=0
2026-07-31 14:08:42,241 INFO [__main__] payload scale split=T2 samples=59340 std_min=0.00506763 std_q001=0.00651481 std_q01=0.0116518 std_q05=0.017509 std_q10=0.0206592 std_median=0.0425548 below_1e-8=0 below_1e-6=0 below_1e-3=0
2026-07-31 14:08:42,254 INFO [__main__] payload scale split=T3 samples=20640 std_min=0.0055933 std_q001=0.00602851 std_q01=0.011449 std_q05=0.0174838 std_q10=0.0212092 std_median=0.0442579 below_1e-8=0 below_1e-6=0 below_1e-3=0
2026-07-31 14:08:42,511 INFO [__main__] model ready name=TS-IFA device=cuda parameters_total=2,580,288 branches=1,941,848 neural_rooter=638,440 ridge_rooter=2,016
2026-07-31 14:08:42,511 INFO [__main__] stage start stage=branches epochs=10000 total_steps=10000 valid_eval_freq=1000 logging_eval_freq=1000
2026-07-31 14:08:57,345 INFO [__main__] stage progress stage=branches step=1000/10000 train_interval_loss=0.614951 t2_focus_nmse=0.319157
2026-07-31 14:09:11,933 INFO [__main__] stage progress stage=branches step=2000/10000 train_interval_loss=0.609846 t2_focus_nmse=0.320322
2026-07-31 14:09:25,925 INFO [__main__] stage progress stage=branches step=3000/10000 train_interval_loss=0.602403 t2_focus_nmse=0.320858
2026-07-31 14:09:39,631 INFO [__main__] stage progress stage=branches step=4000/10000 train_interval_loss=0.595847 t2_focus_nmse=0.320816
2026-07-31 14:09:53,234 INFO [__main__] stage progress stage=branches step=5000/10000 train_interval_loss=0.588855 t2_focus_nmse=0.320635
2026-07-31 14:10:06,786 INFO [__main__] stage progress stage=branches step=6000/10000 train_interval_loss=0.585284 t2_focus_nmse=0.320637
2026-07-31 14:10:19,562 INFO [__main__] stage progress stage=branches step=7000/10000 train_interval_loss=0.585086 t2_focus_nmse=0.322067
2026-07-31 14:10:32,369 INFO [__main__] stage progress stage=branches step=8000/10000 train_interval_loss=0.584387 t2_focus_nmse=0.321327
2026-07-31 14:10:45,300 INFO [__main__] stage progress stage=branches step=9000/10000 train_interval_loss=0.575318 t2_focus_nmse=0.321979
2026-07-31 14:10:58,087 INFO [__main__] stage progress stage=branches step=10000/10000 train_interval_loss=0.576905 t2_focus_nmse=0.320972
2026-07-31 14:10:58,117 INFO [__main__] ridge rooter fit start split=T2 alpha=0.01
2026-07-31 14:11:01,045 INFO [__main__] stage start stage=rooter epochs=10000 total_steps=10000 valid_eval_freq=1000 logging_eval_freq=1000
2026-07-31 14:11:13,457 INFO [__main__] stage progress stage=rooter step=1000/10000 train_interval_loss=0.313195 t2_focus_nmse=0.311057
2026-07-31 14:11:26,021 INFO [__main__] stage progress stage=rooter step=2000/10000 train_interval_loss=0.309612 t2_focus_nmse=0.308188
2026-07-31 14:11:38,508 INFO [__main__] stage progress stage=rooter step=3000/10000 train_interval_loss=0.311780 t2_focus_nmse=0.306423
2026-07-31 14:11:51,082 INFO [__main__] stage progress stage=rooter step=4000/10000 train_interval_loss=0.308928 t2_focus_nmse=0.305074
2026-07-31 14:12:03,519 INFO [__main__] stage progress stage=rooter step=5000/10000 train_interval_loss=0.307058 t2_focus_nmse=0.304036
2026-07-31 14:12:15,871 INFO [__main__] stage progress stage=rooter step=6000/10000 train_interval_loss=0.308194 t2_focus_nmse=0.303192
2026-07-31 14:12:28,183 INFO [__main__] stage progress stage=rooter step=7000/10000 train_interval_loss=0.306078 t2_focus_nmse=0.302374
2026-07-31 14:12:40,512 INFO [__main__] stage progress stage=rooter step=8000/10000 train_interval_loss=0.302241 t2_focus_nmse=0.301470
2026-07-31 14:12:52,817 INFO [__main__] stage progress stage=rooter step=9000/10000 train_interval_loss=0.309998 t2_focus_nmse=0.300735
2026-07-31 14:13:05,195 INFO [__main__] stage progress stage=rooter step=10000/10000 train_interval_loss=0.302681 t2_focus_nmse=0.299924
2026-07-31 14:13:05,197 INFO [__main__] training done seconds=262.69
2026-07-31 14:13:05,204 INFO [__main__] evaluation start split=T3
2026-07-31 14:13:08,005 INFO [__main__] evaluation done neural_nmse=0.511817 ridge_nmse=0.334444 residual_nmse=0.338309 memory_nmse=0.352602 transformed_nmse=disabled
2026-07-31 14:13:09,036 INFO [__main__] outputs saved dir=outputs/adaptation_results/small/Traffic/504_504/chronos2/raw_euclidean_1_online/ts_ifa/TS-IFA
2026-07-31 14:13:09,037 INFO [__main__] experiment done seconds=297.17
2026-07-31 14:13:09,037 INFO [__main__] ========================================================================
2026-07-31T14:13:09+02:00 training done configuration=19/72 dataset=Traffic model=chronos2 lags=504 horizon=504 retrieval=raw_euclidean_1_online
2026-07-31 14:13:12,422 INFO [__main__] extraction validation directory=outputs/adaptation/Traffic/504_504/chronos2/raw_euclidean_3_online/extracted status=complete

2026-07-31T14:13:12+02:00 training start configuration=20/72 dataset=Traffic model=chronos2 lags=504 horizon=504 retrieval=raw_euclidean_3_online validation_fraction=0.2 branch_epochs=10000 rooter_epochs=10000 batch_size=256 branch_lr=0.00001 rooter_lr=0.00001 weight_decay=0.0001 vanilla_anchor=0.01 coefficient_l2=0.01 horizon_smoothness=0.01 ridge_rooter_alpha=0.01 dropout=0.0 attention_heads=4 attention_dim=32 hidden_dim=128 transformed_expert=false learnable_transformed_covariate=false transformed_hidden_dim=128 vanilla_anchoring_init=true seed=1
2026-07-31 14:13:15,019 INFO [__main__] ========================================================================
2026-07-31 14:13:15,276 INFO [__main__] experiment start kind=ts_ifa_train input=outputs/adaptation/Traffic/504_504/chronos2/raw_euclidean_3_online/extracted branch_epochs=10000 rooter_epochs=10000 batch_size=256
2026-07-31 14:14:00,487 INFO [__main__] payload load done t1_samples=237360 t2_samples=59340 t3_samples=20640
2026-07-31 14:14:00,691 INFO [__main__] payload scale split=T1 samples=237360 std_min=0.00477242 std_q001=0.00765554 std_q01=0.0122808 std_q05=0.0165099 std_q10=0.020093 std_median=0.0408522 below_1e-8=0 below_1e-6=0 below_1e-3=0
2026-07-31 14:14:00,821 INFO [__main__] payload scale split=T2 samples=59340 std_min=0.00506763 std_q001=0.00651481 std_q01=0.0116518 std_q05=0.017509 std_q10=0.0206592 std_median=0.0425548 below_1e-8=0 below_1e-6=0 below_1e-3=0
2026-07-31 14:14:00,832 INFO [__main__] payload scale split=T3 samples=20640 std_min=0.0055933 std_q001=0.00602851 std_q01=0.011449 std_q05=0.0174838 std_q10=0.0212092 std_median=0.0442579 below_1e-8=0 below_1e-6=0 below_1e-3=0
2026-07-31 14:14:01,088 INFO [__main__] model ready name=TS-IFA device=cuda parameters_total=2,580,288 branches=1,941,848 neural_rooter=638,440 ridge_rooter=2,016
2026-07-31 14:14:01,089 INFO [__main__] stage start stage=branches epochs=10000 total_steps=10000 valid_eval_freq=1000 logging_eval_freq=1000
2026-07-31 14:14:18,245 INFO [__main__] stage progress stage=branches step=1000/10000 train_interval_loss=0.614461 t2_focus_nmse=0.319104
2026-07-31 14:14:35,039 INFO [__main__] stage progress stage=branches step=2000/10000 train_interval_loss=0.608107 t2_focus_nmse=0.320624
2026-07-31 14:14:51,118 INFO [__main__] stage progress stage=branches step=3000/10000 train_interval_loss=0.599680 t2_focus_nmse=0.320830
2026-07-31 14:15:06,902 INFO [__main__] stage progress stage=branches step=4000/10000 train_interval_loss=0.592613 t2_focus_nmse=0.320877
2026-07-31 14:15:22,527 INFO [__main__] stage progress stage=branches step=5000/10000 train_interval_loss=0.585315 t2_focus_nmse=0.321034
2026-07-31 14:15:38,219 INFO [__main__] stage progress stage=branches step=6000/10000 train_interval_loss=0.581522 t2_focus_nmse=0.321044
2026-07-31 14:15:53,502 INFO [__main__] stage progress stage=branches step=7000/10000 train_interval_loss=0.580997 t2_focus_nmse=0.322359
2026-07-31 14:16:08,857 INFO [__main__] stage progress stage=branches step=8000/10000 train_interval_loss=0.580151 t2_focus_nmse=0.321395
2026-07-31 14:16:23,839 INFO [__main__] stage progress stage=branches step=9000/10000 train_interval_loss=0.570830 t2_focus_nmse=0.322135
2026-07-31 14:16:38,602 INFO [__main__] stage progress stage=branches step=10000/10000 train_interval_loss=0.572312 t2_focus_nmse=0.321283
2026-07-31 14:16:38,634 INFO [__main__] ridge rooter fit start split=T2 alpha=0.01
2026-07-31 14:16:41,618 INFO [__main__] stage start stage=rooter epochs=10000 total_steps=10000 valid_eval_freq=1000 logging_eval_freq=1000
2026-07-31 14:16:55,494 INFO [__main__] stage progress stage=rooter step=1000/10000 train_interval_loss=0.313136 t2_focus_nmse=0.310916
2026-07-31 14:17:09,621 INFO [__main__] stage progress stage=rooter step=2000/10000 train_interval_loss=0.309421 t2_focus_nmse=0.307948
2026-07-31 14:17:23,548 INFO [__main__] stage progress stage=rooter step=3000/10000 train_interval_loss=0.311496 t2_focus_nmse=0.306062
2026-07-31 14:17:37,410 INFO [__main__] stage progress stage=rooter step=4000/10000 train_interval_loss=0.308506 t2_focus_nmse=0.304503
2026-07-31 14:17:51,376 INFO [__main__] stage progress stage=rooter step=5000/10000 train_interval_loss=0.306421 t2_focus_nmse=0.303238
2026-07-31 14:18:05,361 INFO [__main__] stage progress stage=rooter step=6000/10000 train_interval_loss=0.307249 t2_focus_nmse=0.302127
2026-07-31 14:18:19,144 INFO [__main__] stage progress stage=rooter step=7000/10000 train_interval_loss=0.304666 t2_focus_nmse=0.300825
2026-07-31 14:18:32,975 INFO [__main__] stage progress stage=rooter step=8000/10000 train_interval_loss=0.300346 t2_focus_nmse=0.299531
2026-07-31 14:18:46,658 INFO [__main__] stage progress stage=rooter step=9000/10000 train_interval_loss=0.308024 t2_focus_nmse=0.298526
2026-07-31 14:19:00,452 INFO [__main__] stage progress stage=rooter step=10000/10000 train_interval_loss=0.300343 t2_focus_nmse=0.297534
2026-07-31 14:19:00,452 INFO [__main__] training done seconds=299.36
2026-07-31 14:19:00,457 INFO [__main__] evaluation start split=T3
2026-07-31 14:19:03,391 INFO [__main__] evaluation done neural_nmse=0.551072 ridge_nmse=0.334313 residual_nmse=0.338896 memory_nmse=0.352887 transformed_nmse=disabled
2026-07-31 14:19:04,408 INFO [__main__] outputs saved dir=outputs/adaptation_results/small/Traffic/504_504/chronos2/raw_euclidean_3_online/ts_ifa/TS-IFA
2026-07-31 14:19:04,408 INFO [__main__] experiment done seconds=349.39
2026-07-31 14:19:04,408 INFO [__main__] ========================================================================
2026-07-31T14:19:05+02:00 training done configuration=20/72 dataset=Traffic model=chronos2 lags=504 horizon=504 retrieval=raw_euclidean_3_online
2026-07-31 14:19:07,978 INFO [__main__] extraction validation directory=outputs/adaptation/Traffic/504_504/chronos2/raw_euclidean_10_online/extracted status=complete

2026-07-31T14:19:08+02:00 training start configuration=21/72 dataset=Traffic model=chronos2 lags=504 horizon=504 retrieval=raw_euclidean_10_online validation_fraction=0.2 branch_epochs=10000 rooter_epochs=10000 batch_size=256 branch_lr=0.00001 rooter_lr=0.00001 weight_decay=0.0001 vanilla_anchor=0.01 coefficient_l2=0.01 horizon_smoothness=0.01 ridge_rooter_alpha=0.01 dropout=0.0 attention_heads=4 attention_dim=32 hidden_dim=128 transformed_expert=false learnable_transformed_covariate=false transformed_hidden_dim=128 vanilla_anchoring_init=true seed=1
2026-07-31 14:19:10,510 INFO [__main__] ========================================================================
2026-07-31 14:19:10,784 INFO [__main__] experiment start kind=ts_ifa_train input=outputs/adaptation/Traffic/504_504/chronos2/raw_euclidean_10_online/extracted branch_epochs=10000 rooter_epochs=10000 batch_size=256
