split,baseline,mse,mae,nmse,relative_nmse_improvement_pct
eval,full_ridge_horizon_eval_fit,0.0007133093313314021,0.011444749310612679,0.2711699903011322,5.186202049255371
