split,baseline,mse,mae,nmse,relative_nmse_improvement_pct
eval,horizon_ridge_shared_eval_fit,5102700.830655997,214.1776020919246,0.23087898389343228,-0.7623649796198646
