split,baseline,mse,mae,nmse,relative_nmse_improvement_pct
eval,residual_knn_weighted,0.001199172872864863,0.01419011835272012,0.43623086382868415,-56.37553575474599
