split,baseline,mse,mae,nmse,relative_nmse_improvement_pct
eval,residual_ridge_shared,665.8614850024092,11.211188140311657,0.23288874731580356,-0.043625874413592704
