split,baseline,mse,mae,nmse,relative_nmse_improvement_pct
eval,horizon_mix_scalar_eval_fit,0.0005841642981906089,0.009026900057588666,0.21854595590522072,0.6268707701361413
