split,baseline,mse,mae,nmse,relative_nmse_improvement_pct
eval,residual_mix_scalar_eval_fit,9342492.373610593,266.2297361460076,0.35005341936337564,0.0762270779174949
