split,baseline,mse,mae,nmse,relative_nmse_improvement_pct
eval,residual_ridge_shared_eval_fit,804.1364853731792,12.207868492914846,0.31814307920426294,0.980819441525954
