split,baseline,mse,mae,nmse,relative_nmse_improvement_pct
eval,full_ridge_horizon_eval_fit,342.15850830078125,8.730639457702637,0.12216096371412277,47.5224723815918
