split,baseline,mse,mae,nmse,relative_nmse_improvement_pct
eval,residual_ridge_shared_eval_fit,663.0602708634917,11.13429223206807,0.2318029696473353,0.42279912936614467
