split,baseline,mse,mae,nmse,relative_nmse_improvement_pct
eval,oracle_context_scalar,1832852.375,154.47427368164062,0.14200659096240997,12.937176704406738
