split,baseline,mse,mae,nmse,relative_nmse_improvement_pct
eval,horizon_ridge_shared,0.000760437754858167,0.011208878142722504,0.2824169904123885,1.2537209526490154
