split,baseline,mse,mae,nmse,relative_nmse_improvement_pct
eval,catboost_context_regressor_scalar,0.0007734060054644942,0.011210598982870579,0.2887483239173889,-0.96001136302948
