split,baseline,mse,mae,nmse,relative_nmse_improvement_pct
eval,residual_ridge_shared,744.6699816731176,11.93753095188592,0.2678751779941372,-0.30039061061534983
