{
  "adapted_nmse": 0.28820074828664816,
  "vanilla_nmse": 0.28600266581144657,
  "context_nmse": 0.2974856506306711,
  "residual_branch_nmse": 0.2888946757546904,
  "memory_branch_nmse": 0.28908939216559176,
  "adapted_mse": 0.0007799544746526024,
  "adapted_mae": 0.011429261656552466
}