split,baseline,mse,mae,nmse,relative_nmse_improvement_pct
eval,horizon_ridge_shared,3032858.4622255634,164.90051348024372,0.13462367253361548,0.28709674770230054
