split,baseline,mse,mae,nmse,relative_nmse_improvement_pct
eval,oracle_context_horizon,0.0006844110903330147,0.010168775916099548,0.25717034935951233,10.081135749816895
