split,baseline,mse,mae,nmse,relative_nmse_improvement_pct
eval,residual_knn_weighted,1447.44165982577,17.05180693911841,0.5417913481811573,-102.86270739579808
