split,baseline,mse,mae,nmse,relative_nmse_improvement_pct
eval,horizon_knn_mean,11952297.0,314.540771484375,0.40899667143821716,-202.93516540527344
