split,baseline,mse,mae,nmse,relative_nmse_improvement_pct
eval,context_forecast,0.0008486424922011793,0.011654271744191647,0.32966673374176025,-2.083252191543579
