split,baseline,mse,mae,nmse,relative_nmse_improvement_pct
eval,residual_knn_weighted,19317287.211734235,321.22876451272475,0.373429393921487,-62.97554783852932
