split,baseline,mse,mae,nmse,relative_nmse_improvement_pct
eval,horizon_knn_mean,0.001144272624514997,0.01559913344681263,0.4231121242046356,-47.93992233276367
