split,baseline,mse,mae,nmse,relative_nmse_improvement_pct
eval,residual_ridge_shared,749.0385827919857,12.03695277804519,0.2690739427924817,-0.7492436115710505
