split,baseline,mse,mae,nmse,relative_nmse_improvement_pct
eval,full_ridge_horizon,1751.672607421875,18.756425857543945,0.598843514919281,-157.2493438720703
