split,baseline,mse,mae,nmse,relative_nmse_improvement_pct
eval,horizon_knn_mean,0.0011070946929976344,0.01630404032766819,0.40380603075027466,-44.75221633911133
