split,baseline,mse,mae,nmse,relative_nmse_improvement_pct
eval,horizon_ridge_shared_eval_fit,627.7875139191035,11.639668872991946,0.24428605440323486,2.371724175868718
