split,baseline,mse,mae,nmse,relative_nmse_improvement_pct
eval,residual_mix_scalar,0.0007584483932118319,0.010607690757502246,0.2781858159904004,0.2788210970009179
