split,baseline,mse,mae,nmse,relative_nmse_improvement_pct
eval,horizon_mix_scalar,0.0007589108862400601,0.011248368126909783,0.2820017393164695,1.3989122902256275
