split,baseline,mse,mae,nmse,relative_nmse_improvement_pct
eval,horizon_knn_weighted,5794640.145256382,248.7879925001575,0.22266028776458047,-64.91975975811029
