split,baseline,mse,mae,nmse,relative_nmse_improvement_pct
eval,horizon_mix_scalar,0.000752780454047636,0.010728167716902784,0.27690297003945513,0.7386824674440937
