split,baseline,mse,mae,nmse,relative_nmse_improvement_pct
eval,residual_ridge_horizon,0.0008328952244482934,0.011491878889501095,0.3230723440647125,-0.04126046970486641
