split,baseline,mse,mae,nmse,relative_nmse_improvement_pct
eval,residual_ridge_horizon_eval_fit,0.000763852964155376,0.011169124394655228,0.2823832333087921,1.2655240297317505
