split,baseline,mse,mae,nmse,relative_nmse_improvement_pct
eval,residual_mix_scalar_eval_fit,5405337.742947981,211.88475327655223,0.22861040062790025,0.22771134146142805
