split,baseline,mse,mae,nmse,relative_nmse_improvement_pct
eval,horizon_knn_weighted,20344279.24707712,372.82418825748607,0.452784836200122,-97.60859196908449
