{
  "adapted_nmse": 0.3516501984804824,
  "vanilla_nmse": 0.3503205064195314,
  "context_nmse": 0.38410022859300064,
  "residual_branch_nmse": 0.4691608754038631,
  "memory_branch_nmse": 0.42122301149152525,
  "adapted_mse": 9371467.761449875,
  "adapted_mae": 269.0236561504944
}