split,baseline,mse,mae,nmse,relative_nmse_improvement_pct
eval,horizon_mix_scalar,9304935.901117804,265.4989423413014,0.3476100905270824,0.7736824441749001
