split,baseline,mse,mae,nmse,relative_nmse_improvement_pct
eval,bayes_context_horizon,0.0005922878044657409,0.00894006248563528,0.22005021572113037,-0.057118117809295654
