split,baseline,mse,mae,nmse,relative_nmse_improvement_pct
eval,catboost_context_classifier_horizon,0.0005964956944808364,0.00897266250103712,0.2210625857114792,-0.5174440741539001
