split,baseline,mse,mae,nmse,relative_nmse_improvement_pct
eval,horizon_ridge_shared,9207034.17426048,266.0888934251774,0.3475398807397612,0.7937240334213352
