split,baseline,mse,mae,nmse,relative_nmse_improvement_pct
eval,horizon_ridge_shared,5421311.972998756,217.94499408792635,0.23440725097068701,-2.3022042884588845
