split,baseline,mse,mae,nmse,relative_nmse_improvement_pct
eval,horizon_knn_mean,1263.58056640625,19.284873962402344,0.49208685755729675,-96.66121673583984
