split,baseline,mse,mae,nmse,relative_nmse_improvement_pct
eval,horizon_knn_weighted,0.0014077917675299203,0.017945592000818016,0.523323449344454,-87.59558653419525
