{
  "adapted_nmse": 0.26647781532949677,
  "vanilla_nmse": 0.267072929759772,
  "context_nmse": 0.2825700090072644,
  "residual_branch_nmse": 0.27359895481873797,
  "memory_branch_nmse": 0.27011617643506375,
  "adapted_mse": 742.285820492025,
  "adapted_mae": 12.074877862742825
}