split,baseline,mse,mae,nmse,relative_nmse_improvement_pct
eval,residual_ridge_horizon_eval_fit,0.0007521201041527092,0.010621282272040844,0.2772340476512909,0.6200011968612671
