split,baseline,mse,mae,nmse,relative_nmse_improvement_pct
eval,context_forecast,3056492.75,172.15652465820312,0.14941902458667755,-10.671507835388184
