split,baseline,mse,mae,nmse,relative_nmse_improvement_pct
eval,catboost_context_regressor_horizon,0.0007842019549570978,0.011258327402174473,0.2914445698261261,-1.9027459621429443
