split,baseline,mse,mae,nmse,relative_nmse_improvement_pct
eval,residual_ridge_shared,1978431.4897373556,162.36838768547986,0.16443108654039512,-0.9667693770480299
