split,baseline,mse,mae,nmse,relative_nmse_improvement_pct
eval,residual_ridge_shared,1984764.0877220684,162.78725227976625,0.1646856729692825,-0.9671421677959674
