split,baseline,mse,mae,nmse,relative_nmse_improvement_pct
eval,residual_ridge_shared,1861508.1654951845,159.7489018845956,0.17137367225767133,1.5077445816194845
