split,baseline,mse,mae,nmse,relative_nmse_improvement_pct
eval,residual_ridge_shared,1984763.6288866084,162.7879740173207,0.1646862931522596,-0.9675223957884281
