split,baseline,mse,mae,nmse,relative_nmse_improvement_pct
eval,full_ridge_horizon_eval_fit,567.8568115234375,10.734973907470703,0.23825141787528992,25.846384048461914
