split,baseline,mse,mae,nmse,relative_nmse_improvement_pct
eval,catboost_context_regressor_scalar,0.0007729224744252861,0.011164594441652298,0.2857324481010437,0.09448082000017166
