split,baseline,mse,mae,nmse,relative_nmse_improvement_pct
eval,horizon_mix_scalar_eval_fit,0.0005822002427254731,0.009053614871466404,0.218025125292099,0.8636931245477679
