split,baseline,mse,mae,nmse,relative_nmse_improvement_pct
eval,bayes_context_scalar,2053161.25,166.90975952148438,0.16674979031085968,-2.3905391693115234
