split,baseline,mse,mae,nmse,relative_nmse_improvement_pct
eval,full_ridge_horizon,2061.248779296875,21.674293518066406,0.7817490696907043,-212.4239501953125
