split,baseline,mse,mae,nmse,relative_nmse_improvement_pct
eval,full_ridge_horizon,1877817.375,160.13397216796875,0.17416413128376007,-0.09599418938159943
