split,baseline,mse,mae,nmse,relative_nmse_improvement_pct
eval,catboost_context_classifier_horizon,0.0005983998416922987,0.008984185755252838,0.22132974863052368,-0.6389234066009521
