split,baseline,mse,mae,nmse,relative_nmse_improvement_pct
eval,horizon_ridge_shared_eval_fit,2830585.1536547993,163.816412154036,0.13627426018851618,-0.9354585729561332
