split,baseline,mse,mae,nmse,relative_nmse_improvement_pct
eval,residual_mix_scalar,0.0007637782577999449,0.011132862192944955,0.28150677493735793,1.5719751453565458
