split,baseline,mse,mae,nmse,relative_nmse_improvement_pct
eval,residual_knn_weighted,0.0007069046093083112,0.01043134038589297,0.264267012026267,-20.162552669998334
