split,baseline,mse,mae,nmse,relative_nmse_improvement_pct
eval,residual_ridge_shared,5395174.185904085,215.77673437319538,0.23447037061228826,-2.3297515526453165
