split,baseline,mse,mae,nmse,relative_nmse_improvement_pct
eval,full_ridge_horizon_eval_fit,507.4527587890625,10.611090660095215,0.18411776423454285,31.060861587524414
