split,baseline,mse,mae,nmse,relative_nmse_improvement_pct
eval,horizon_knn_weighted,32472246.298664797,472.82803131526543,0.6360449730576073,-81.56089882403242
