split,baseline,mse,mae,nmse,relative_nmse_improvement_pct
eval,residual_ridge_shared_eval_fit,0.0005906516371786509,0.008927638350432827,0.21950624603509844,0.19022560422931234
