split,baseline,mse,mae,nmse,relative_nmse_improvement_pct
eval,oracle_context_scalar,0.0007060043280944228,0.010662658140063286,0.26360511779785156,7.831236839294434
