split,baseline,mse,mae,nmse,relative_nmse_improvement_pct
eval,context_forecast,670.1837768554688,11.018986701965332,0.23471003770828247,-0.8260101675987244
