split,baseline,mse,mae,nmse,relative_nmse_improvement_pct
eval,horizon_knn_weighted,4909404.545964131,225.7357052097124,0.24759142136330514,-42.2962885200292
