split,baseline,mse,mae,nmse,relative_nmse_improvement_pct
eval,catboost_context_regressor_horizon,0.0007825085776858032,0.011274890042841434,0.2915993630886078,-1.9568688869476318
