split,baseline,mse,mae,nmse,relative_nmse_improvement_pct
eval,residual_ridge_horizon,0.0005915060173720121,0.008936284109950066,0.2197476327419281,0.08046675473451614
