split,baseline,mse,mae,nmse,relative_nmse_improvement_pct
eval,residual_mix_scalar,0.0007593767415103403,0.010610024332325938,0.27836733449383766,0.21375221816167958
