split,baseline,mse,mae,nmse,relative_nmse_improvement_pct
eval,residual_ridge_shared,5467179.116493353,212.87893560035357,0.22947482599012511,-0.14954925791103615
