split,baseline,mse,mae,nmse,relative_nmse_improvement_pct
eval,horizon_knn_weighted,0.0010027379344681696,0.015146313207730558,0.36539751977702706,-66.14672553731222
