split,baseline,mse,mae,nmse,relative_nmse_improvement_pct
eval,horizon_ridge_shared_eval_fit,0.0007489759991325263,0.011337481505578445,0.28125824734432203,1.658872095207381
