split,baseline,mse,mae,nmse,relative_nmse_improvement_pct
eval,horizon_mix_scalar,0.0005795946082966505,0.009011478115365783,0.21655489611493592,1.5322082357727245
