split,baseline,mse,mae,nmse,relative_nmse_improvement_pct
eval,residual_mix_scalar,677.3666366979461,12.047155380982288,0.2646065694533625,-5.749315942645712
