split,baseline,mse,mae,nmse,relative_nmse_improvement_pct
eval,context_forecast,0.0008361647487618029,0.011546612717211246,0.31009435653686523,-8.423589706420898
eval,bayes_context_scalar,0.000778419547714293,0.011205503717064857,0.28600266575813293,0.0
eval,bayes_context_horizon,0.0007815798162482679,0.011228851042687893,0.2871324419975281,-0.395022988319397
eval,catboost_context_classifier_scalar,0.0007654044311493635,0.011089547537267208,0.2842693030834198,0.6060652136802673
eval,catboost_context_classifier_horizon,0.0007642372511327267,0.01106119342148304,0.2838941216468811,0.7372463345527649
eval,catboost_context_regressor_scalar,0.0007716826512478292,0.011173710227012634,0.2875656187534332,-0.5464819669723511
eval,catboost_context_regressor_horizon,0.0007825085776858032,0.011274890042841434,0.2915993630886078,-1.9568688869476318
eval,oracle_context_scalar,0.0006824577576480806,0.010493909008800983,0.25526806712150574,10.746262550354004
eval,oracle_context_horizon,0.0006519895396195352,0.009815015830099583,0.2460784912109375,13.959370613098145
