split,baseline,mse,mae,nmse,relative_nmse_improvement_pct
eval,residual_ridge_shared_eval_fit,742.0209923472805,11.867032685058685,0.26681473630108754,0.09667012800593867
