split,baseline,mse,mae,nmse,relative_nmse_improvement_pct
eval,residual_ridge_shared_eval_fit,663.1166341243786,11.135274568643489,0.2321921125252582,0.2556323386159658
