split,baseline,mse,mae,nmse,relative_nmse_improvement_pct
eval,residual_ridge_shared,0.000589266958581282,0.008908890249413711,0.21906756107200195,0.3896962251722634
