{
  "adapted_nmse": 0.2810752512832503,
  "vanilla_nmse": 0.2789636296618455,
  "context_nmse": 0.28936844392782274,
  "residual_branch_nmse": 0.28733441629593004,
  "memory_branch_nmse": 0.2791246588719506,
  "adapted_mse": 0.0007672284190016144,
  "adapted_mae": 0.011000624593356097
}