split,baseline,mse,mae,nmse,relative_nmse_improvement_pct
eval,residual_ridge_shared,0.0007577611694547993,0.0105879059550878,0.2778303465040766,0.4062461280509255
