split,baseline,mse,mae,nmse,relative_nmse_improvement_pct
eval,context_forecast,0.0008361647487618029,0.011546612717211246,0.31009435653686523,-8.423589706420898
