{
  "adapted_nmse": 0.23417687010010954,
  "vanilla_nmse": 0.23278720883557397,
  "context_nmse": 0.23516775859823483,
  "residual_branch_nmse": 0.25078030050235944,
  "memory_branch_nmse": 0.24401168869649698,
  "adapted_mse": 671.6444743753137,
  "adapted_mae": 11.473850316687908
}