split,baseline,mse,mae,nmse,relative_nmse_improvement_pct
eval,horizon_ridge_shared,1896599.53944321,159.1522428298178,0.16657960725214596,4.263000209838586
