split,baseline,mse,mae,nmse,relative_nmse_improvement_pct
eval,residual_mix_scalar_eval_fit,810.0539755534936,12.203452849830613,0.3191922318868888,0.6542800769916848
