split,baseline,mse,mae,nmse,relative_nmse_improvement_pct
eval,residual_ridge_shared_eval_fit,0.0005903153285138822,0.008927795450834738,0.2194586040596008,0.211888472198127
