split,baseline,mse,mae,nmse,relative_nmse_improvement_pct
eval,vanilla,815.6561889648438,12.195671081542969,0.3212943971157074,0.0
