split,baseline,mse,mae,nmse,relative_nmse_improvement_pct
eval,residual_ridge_shared,701.669509103546,12.185774562726786,0.2758783947205095,-10.25407111137904
