split,baseline,mse,mae,nmse,relative_nmse_improvement_pct
eval,residual_mix_scalar_eval_fit,0.0008303754037407273,0.011476054262220696,0.32211421569766946,0.2554296426352286
