split,baseline,mse,mae,nmse,relative_nmse_improvement_pct
eval,catboost_context_regressor_horizon,0.0005932854837737978,0.008969809859991074,0.22046872973442078,-0.24741697311401367
