split,baseline,mse,mae,nmse,relative_nmse_improvement_pct
eval,horizon_knn_mean,0.001021060859784484,0.016043080016970634,0.38881903886795044,-20.40011215209961
