split,baseline,mse,mae,nmse,relative_nmse_improvement_pct
eval,horizon_ridge_shared_eval_fit,0.0008139746508848812,0.011660961304576879,0.31843573972819633,1.3944914637669017
