split,baseline,mse,mae,nmse,relative_nmse_improvement_pct
eval,horizon_knn_weighted,0.0008849715098062079,0.014353322339295023,0.3226055457585492,-46.68915952321792
