split,baseline,mse,mae,nmse,relative_nmse_improvement_pct
eval,oracle_context_horizon,0.0006554428837262094,0.009841897524893284,0.24845263361930847,13.12925910949707
