split,baseline,mse,mae,nmse,relative_nmse_improvement_pct
eval,horizon_knn_weighted,0.0010771388752935714,0.01518818568616663,0.40547936970812715,-41.774681936368175
