split,baseline,mse,mae,nmse,relative_nmse_improvement_pct
eval,horizon_knn_weighted,14602902.639453825,346.41892584415035,0.4226404943648214,-84.45271644131891
