split,baseline,mse,mae,nmse,relative_nmse_improvement_pct
eval,residual_ridge_horizon,836.4183959960938,12.449257850646973,0.33493340015411377,-4.2450175285339355
