{
  "adapted_nmse": 0.3242080318096072,
  "vanilla_nmse": 0.3229391246618227,
  "context_nmse": 0.3296667680075002,
  "residual_branch_nmse": 0.3445230313234551,
  "memory_branch_nmse": 0.36191593026005947,
  "adapted_mse": 0.0008353706064502352,
  "adapted_mae": 0.011668300375193856
}