split,baseline,mse,mae,nmse,relative_nmse_improvement_pct
eval,horizon_ridge_shared_eval_fit,2596647.3312343727,164.81221626483244,0.1360888424185814,-0.7981235574509923
