split,baseline,mse,mae,nmse,relative_nmse_improvement_pct
eval,horizon_mix_scalar,0.0007639159812686707,0.011243255733472545,0.2826111929029655,1.185818616822106
