split,baseline,mse,mae,nmse,relative_nmse_improvement_pct
eval,horizon_mix_scalar_eval_fit,644.039996360336,11.662756915043836,0.2493107408177737,0.363621534042808
