split,baseline,mse,mae,nmse,relative_nmse_improvement_pct
eval,residual_mix_scalar_eval_fit,0.0007633300579585897,0.011155339296329368,0.28204205983483843,1.3848143382844942
