split,baseline,mse,mae,nmse,relative_nmse_improvement_pct
eval,catboost_context_classifier_scalar,0.0005970157799310982,0.009053737856447697,0.22073577344417572,-0.36884209513664246
