split,baseline,mse,mae,nmse,relative_nmse_improvement_pct
eval,full_ridge_horizon_eval_fit,0.0005792387528344989,0.009091858752071857,0.21678389608860016,1.4280816316604614
