split,baseline,mse,mae,nmse,relative_nmse_improvement_pct
eval,context_forecast,782.7386474609375,12.207440376281738,0.2827893793582916,-5.884708881378174
