split,baseline,mse,mae,nmse,relative_nmse_improvement_pct
eval,full_ridge_horizon,0.0007614796049892902,0.010881684720516205,0.2809118330478668,-0.6983733773231506
