split,baseline,mse,mae,nmse,relative_nmse_improvement_pct
eval,horizon_ridge_shared_eval_fit,0.0005754280488879573,0.009259345487424417,0.21585091508447646,1.852309322180197
