split,baseline,mse,mae,nmse,relative_nmse_improvement_pct
eval,residual_mix_scalar_eval_fit,0.0008314016699823253,0.011480213345392792,0.3225229575961376,0.1288602983998212
