split,baseline,mse,mae,nmse,relative_nmse_improvement_pct
eval,full_ridge_horizon,0.000763548887334764,0.011386806145310402,0.2850719392299652,0.3254258334636688
