split,baseline,mse,mae,nmse,relative_nmse_improvement_pct
eval,horizon_ridge_shared,651.8622146037098,11.883851268566106,0.2539934087969308,-1.5077943442756203
