split,baseline,mse,mae,nmse,relative_nmse_improvement_pct
eval,horizon_knn_mean,0.0009815273806452751,0.015616007149219513,0.36070066690444946,-29.300251007080078
