split,baseline,mse,mae,nmse,relative_nmse_improvement_pct
eval,context_forecast,0.0006074138218536973,0.009138567373156548,0.22642099857330322,-2.953921318054199
