split,baseline,mse,mae,nmse,relative_nmse_improvement_pct
eval,residual_ridge_horizon_eval_fit,0.0007543379324488342,0.011163879185914993,0.28013303875923157,2.052298069000244
