split,baseline,mse,mae,nmse,relative_nmse_improvement_pct
eval,horizon_ridge_shared,709.5309784490728,11.983807596649374,0.2566265865000464,3.91141478742435
