split,baseline,mse,mae,nmse,relative_nmse_improvement_pct
eval,residual_mix_scalar,9362756.239033299,266.334006334107,0.3499800407525848,0.09717321709629384
