split,baseline,mse,mae,nmse,relative_nmse_improvement_pct
eval,catboost_context_classifier_horizon,0.0007625328144058585,0.010619292967021465,0.27944958209991455,-0.17420072853565216
