split,baseline,mse,mae,nmse,relative_nmse_improvement_pct
eval,catboost_context_regressor_horizon,0.0005949702463112772,0.009024927392601967,0.22186119854450226,-0.8805743455886841
