split,baseline,mse,mae,nmse,relative_nmse_improvement_pct
eval,residual_knn_weighted,2288924.638497324,171.0534433475002,0.20544963394818266,-18.076467381829026
