split,baseline,mse,mae,nmse,relative_nmse_improvement_pct
eval,residual_ridge_horizon_eval_fit,563.2966918945312,10.826249122619629,0.21296687424182892,14.888352394104004
