split,baseline,mse,mae,nmse,relative_nmse_improvement_pct
eval,horizon_ridge_shared,5313831.200113013,212.0965964459214,0.22563826234372197,1.5248397223560042
