split,baseline,mse,mae,nmse,relative_nmse_improvement_pct
eval,oracle_context_horizon,0.0005144833121448755,0.007933281362056732,0.1968497633934021,10.492157936096191
