split,baseline,mse,mae,nmse,relative_nmse_improvement_pct
eval,catboost_context_classifier_horizon,0.0007651030318811536,0.0110795171931386,0.28479480743408203,0.42232415080070496
