split,baseline,mse,mae,nmse,relative_nmse_improvement_pct
eval,horizon_mix_scalar,2984251.5065360055,162.89582047782227,0.13431659416287609,0.5145431937555773
