split,baseline,mse,mae,nmse,relative_nmse_improvement_pct
eval,vanilla,0.000778419547714293,0.011205503717064857,0.28600266575813293,0.0
