split,baseline,mse,mae,nmse,relative_nmse_improvement_pct
eval,horizon_ridge_shared_eval_fit,2964978.9399559433,163.4544763173504,0.13350799602685026,1.1134547090197182
