split,baseline,mse,mae,nmse,relative_nmse_improvement_pct
eval,horizon_mix_scalar,9209853.963923438,265.35181761164023,0.3474300417761627,0.8250778870033821
