split,baseline,mse,mae,nmse,relative_nmse_improvement_pct
eval,context_forecast,865.8416748046875,12.54065227508545,0.33990487456321716,-5.792344093322754
