split,baseline,mse,mae,nmse,relative_nmse_improvement_pct
eval,residual_mix_scalar,1863781.0758723258,158.65249214124088,0.16874735203112232,3.0171491427518067
