split,baseline,mse,mae,nmse,relative_nmse_improvement_pct
eval,bayes_context_horizon,0.0005921322153881192,0.008936661295592785,0.2199546843767166,-0.013679890893399715
