split,baseline,mse,mae,nmse,relative_nmse_improvement_pct
eval,horizon_knn_weighted,0.00142310402809385,0.01696128460305621,0.5496192085932624,-92.17275724907579
