split,baseline,mse,mae,nmse,relative_nmse_improvement_pct
eval,residual_mix_scalar,0.0005912658326744236,0.008931730908980178,0.2197615463066473,0.0741402400688976
