split,baseline,mse,mae,nmse,relative_nmse_improvement_pct
eval,horizon_mix_scalar,0.0005843435569035659,0.008989574834611916,0.21838607383221362,0.6995693558256585
