split,baseline,mse,mae,nmse,relative_nmse_improvement_pct
eval,horizon_mix_scalar_eval_fit,0.0008215738080145291,0.011577264550853646,0.31994664160109765,0.9266317704644249
