split,baseline,mse,mae,nmse,relative_nmse_improvement_pct
eval,horizon_knn_weighted,0.0014074931054150561,0.01817975384449125,0.545550962613344,-68.9330793925233
