split,baseline,mse,mae,nmse,relative_nmse_improvement_pct
eval,horizon_mix_scalar,5314940.491236853,211.17689119294565,0.22672614167072982,1.0500572542715776
