split,baseline,mse,mae,nmse,relative_nmse_improvement_pct
eval,horizon_mix_scalar_eval_fit,0.0005818755945934009,0.009059288739940313,0.21737344201540812,1.1600143545760597
