split,baseline,mse,mae,nmse,relative_nmse_improvement_pct
eval,horizon_mix_scalar,0.0007502007315130205,0.010747445617672189,0.27624885929641174,0.9731613325766513
