split,baseline,mse,mae,nmse,relative_nmse_improvement_pct
eval,residual_ridge_horizon,880.2427978515625,13.377899169921875,0.32192760705947876,-20.53921890258789
