split,baseline,mse,mae,nmse,relative_nmse_improvement_pct
eval,full_ridge_horizon,5369163.0,214.47427368164062,0.23417875170707703,-2.2024805545806885
