split,baseline,mse,mae,nmse,relative_nmse_improvement_pct
eval,residual_knn_weighted,0.0010577342664387435,0.013402488939539575,0.3848208964712856,-37.94662149111799
