split,baseline,mse,mae,nmse,relative_nmse_improvement_pct
eval,full_ridge_horizon_eval_fit,0.000729464169126004,0.01083808857947588,0.27251744270324707,2.310760974884033
