split,baseline,mse,mae,nmse,relative_nmse_improvement_pct
eval,residual_mix_scalar,9346346.394679243,266.2783744028726,0.3501118383878631,0.05955119642538096
