split,baseline,mse,mae,nmse,relative_nmse_improvement_pct
eval,horizon_knn_weighted,18872678.45286275,374.6690136979367,0.47527822126466795,-35.66955907139119
