split,baseline,mse,mae,nmse,relative_nmse_improvement_pct
eval,residual_ridge_shared_eval_fit,0.0007586908870486789,0.011147087678244657,0.28122302248209025,1.6711883658052136
