split,baseline,mse,mae,nmse,relative_nmse_improvement_pct
eval,oracle_context_scalar,0.000538164284080267,0.0085452264174819,0.20294560492038727,7.720370292663574
