split,baseline,mse,mae,nmse,relative_nmse_improvement_pct
eval,horizon_knn_mean,8841871.0,273.29925537109375,0.3779858350753784,-117.23684692382812
