split,baseline,mse,mae,nmse,relative_nmse_improvement_pct
eval,residual_ridge_shared,5267267.222741193,213.4884294622741,0.23330939237753057,-1.8230665757309792
