split,baseline,mse,mae,nmse,relative_nmse_improvement_pct
eval,residual_ridge_horizon,868.1256713867188,13.299777030944824,0.32185882329940796,-20.513465881347656
