split,baseline,mse,mae,nmse,relative_nmse_improvement_pct
eval,residual_knn_weighted,0.000997700461871992,0.013243184360475408,0.3831601901203415,-18.647817075762113
