split,baseline,mse,mae,nmse,relative_nmse_improvement_pct
eval,full_ridge_horizon,1124.9464111328125,13.865782737731934,0.4557511806488037,-41.84846878051758
