split,baseline,mse,mae,nmse,relative_nmse_improvement_pct
eval,catboost_context_regressor_horizon,0.0005929627805016935,0.008974188938736916,0.22064121067523956,-0.32584428787231445
