split,baseline,mse,mae,nmse,relative_nmse_improvement_pct
eval,horizon_knn_mean,4193817.75,213.9683074951172,0.22083468735218048,-26.918598175048828
