split,baseline,mse,mae,nmse,relative_nmse_improvement_pct
eval,residual_mix_scalar,664.331091491358,11.136943996644652,0.23217474825893022,0.2630916262978407
