split,baseline,mse,mae,nmse,relative_nmse_improvement_pct
eval,horizon_knn_mean,0.0011207856005057693,0.015613964758813381,0.41999348998069763,-46.84950256347656
