split,baseline,mse,mae,nmse,relative_nmse_improvement_pct
eval,residual_knn_weighted,0.0012734741079476455,0.014892105720443843,0.49665842754012396,-53.79321698689149
