split,baseline,mse,mae,nmse,relative_nmse_improvement_pct
eval,residual_ridge_horizon_eval_fit,0.0005856475909240544,0.00895348284393549,0.21877726912498474,0.5216923356056213
