split,baseline,mse,mae,nmse,relative_nmse_improvement_pct
eval,residual_knn_weighted,0.0010482395837209011,0.013368227410134154,0.39317722204616357,-37.473271797636365
