split,baseline,mse,mae,nmse,relative_nmse_improvement_pct
eval,horizon_mix_scalar_eval_fit,0.0005839083672373888,0.009033444835175358,0.21793303331632136,0.905567465219411
