split,baseline,mse,mae,nmse,relative_nmse_improvement_pct
eval,residual_knn_weighted,969.3233852167151,13.757910209677565,0.3882286168649597,-20.832675686263944
