split,baseline,mse,mae,nmse,relative_nmse_improvement_pct
eval,full_ridge_horizon_eval_fit,0.0005743157817050815,0.009146957658231258,0.2152709662914276,2.1160128116607666
