split,baseline,mse,mae,nmse,relative_nmse_improvement_pct
eval,horizon_mix_scalar,651.667992259425,11.109041152598659,0.2276494172844054,2.2070692730981865
