split,baseline,mse,mae,nmse,relative_nmse_improvement_pct
eval,catboost_context_classifier_scalar,0.0005986701580695808,0.009021981619298458,0.2210835963487625,-0.5269976258277893
