split,baseline,mse,mae,nmse,relative_nmse_improvement_pct
eval,horizon_knn_mean,6465697.0,258.4898376464844,0.23155950009822845,-71.51121520996094
