split,baseline,mse,mae,nmse,relative_nmse_improvement_pct
eval,residual_ridge_shared,0.0007562781006041734,0.010579749441356317,0.27749417960076056,0.5267517684535433
