split,baseline,mse,mae,nmse,relative_nmse_improvement_pct
eval,horizon_mix_scalar,0.0008197630647614696,0.011515864517028037,0.319034105362882,1.2092040090699214
