split,baseline,mse,mae,nmse,relative_nmse_improvement_pct
eval,horizon_mix_scalar,1921836.642535237,159.71612415092832,0.16901671710506194,2.8623390525335
