split,baseline,mse,mae,nmse,relative_nmse_improvement_pct
eval,horizon_mix_scalar,2002287.379671766,162.46055778708293,0.1623992454384926,0.43464372769407356
