split,baseline,mse,mae,nmse,relative_nmse_improvement_pct
eval,horizon_mix_scalar,2002287.7693580652,162.4602706346435,0.1623991771298163,0.4346856070616396
