split,baseline,mse,mae,nmse,relative_nmse_improvement_pct
eval,horizon_mix_scalar,1995899.332428787,162.04081789330868,0.16215435624210847,0.4312272414586156
