split,baseline,mse,mae,nmse,relative_nmse_improvement_pct
eval,horizon_mix_scalar_eval_fit,730.8070669793228,11.902367352706719,0.261836277207227,1.9607524796903086
