split,baseline,mse,mae,nmse,relative_nmse_improvement_pct
eval,residual_knn_weighted,1437.4755221736846,16.960850092389926,0.5844222401628582,-133.5628032462121
