split,baseline,mse,mae,nmse,relative_nmse_improvement_pct
eval,full_ridge_horizon,0.0007569174631498754,0.010909254662692547,0.2796240448951721,-0.2367403507232666
