split,baseline,mse,mae,nmse,relative_nmse_improvement_pct
eval,horizon_knn_weighted,1352.8620156476497,18.969439155617998,0.4960422976650404,-85.7329095877618
