split,baseline,mse,mae,nmse,relative_nmse_improvement_pct
eval,full_ridge_horizon,1127.1182861328125,13.898286819458008,0.45636695623397827,-42.040122985839844
