split,baseline,mse,mae,nmse,relative_nmse_improvement_pct
eval,vanilla,647.6717529296875,11.612339973449707,0.2502205967903137,0.0
