split,baseline,mse,mae,nmse,relative_nmse_improvement_pct
eval,context_forecast,666.6680297851562,11.002389907836914,0.2348526269197464,-0.8872631788253784
