split,baseline,mse,mae,nmse,relative_nmse_improvement_pct
eval,full_ridge_horizon_eval_fit,0.0007351195672526956,0.011390479281544685,0.2764623165130615,3.3357553482055664
