split,baseline,mse,mae,nmse,relative_nmse_improvement_pct
eval,horizon_ridge_shared_eval_fit,0.0008080306796813358,0.011776520965310963,0.3168333260438781,1.8906883302445365
