split,baseline,mse,mae,nmse,relative_nmse_improvement_pct
eval,residual_ridge_shared,9496253.366150089,270.53713298104975,0.3558217586386451,-1.5703622481568422
