split,baseline,mse,mae,nmse,relative_nmse_improvement_pct
eval,residual_mix_scalar,743.8254183370778,11.93577525987002,0.2672491068616205,-0.06597105889851736
