split,baseline,mse,mae,nmse,relative_nmse_improvement_pct
eval,horizon_knn_weighted,0.001434992541812929,0.018385211564425526,0.5595677211155342,-73.273451491829
