split,baseline,mse,mae,nmse,relative_nmse_improvement_pct
eval,residual_mix_scalar_eval_fit,797.708730589436,12.105708311599534,0.3147238640987186,2.0450194824351544
