split,baseline,mse,mae,nmse,relative_nmse_improvement_pct
eval,residual_knn_weighted,1565.5365255978268,17.685763490554706,0.6378508999669064,-154.91542588775337
