split,baseline,mse,mae,nmse,relative_nmse_improvement_pct
eval,full_ridge_horizon_eval_fit,0.000579690036829561,0.009090688079595566,0.2163277119398117,1.6355091333389282
