split,baseline,mse,mae,nmse,relative_nmse_improvement_pct
eval,catboost_context_regressor_scalar,0.0007604903075844049,0.01062900759279728,0.2789623439311981,0.00045937884715385735
