split,baseline,mse,mae,nmse,relative_nmse_improvement_pct
eval,oracle_context_horizon,0.0006832330254837871,0.009736573323607445,0.2561606764793396,8.174165725708008
