split,baseline,mse,mae,nmse,relative_nmse_improvement_pct
eval,residual_ridge_shared_eval_fit,741.8591897186524,11.905070064583663,0.26750036394525334,-0.16004914340326465
