split,baseline,mse,mae,nmse,relative_nmse_improvement_pct
eval,residual_mix_scalar,5405429.044376447,211.8798966225882,0.2286289652302687,0.2196092041078799
