split,baseline,mse,mae,nmse,relative_nmse_improvement_pct
eval,residual_mix_scalar,0.0007705519682472786,0.011175334233977808,0.28336359115284987,0.9227447577411326
