split,baseline,mse,mae,nmse,relative_nmse_improvement_pct
eval,horizon_mix_scalar_eval_fit,649.3029302368651,11.250068390655358,0.22839737033717708,1.8857659201214714
