split,baseline,mse,mae,nmse,relative_nmse_improvement_pct
eval,residual_mix_scalar_eval_fit,796.8168778154698,12.10108254079153,0.31421215065283714,2.2042857038430506
