split,baseline,mse,mae,nmse,relative_nmse_improvement_pct
eval,horizon_mix_scalar,2979138.7842814894,162.98328298352345,0.13454742728347446,0.3435699897976723
