split,baseline,mse,mae,nmse,relative_nmse_improvement_pct
eval,horizon_ridge_shared_eval_fit,694.5346049228949,12.309407410658483,0.2533928539930671,5.1222198945230195
