split,baseline,mse,mae,nmse,relative_nmse_improvement_pct
eval,horizon_ridge_shared,0.0008164782984413781,0.01155006958224814,0.3194672668138706,1.0750730060943121
