split,baseline,mse,mae,nmse,relative_nmse_improvement_pct
eval,horizon_ridge_shared,710.6561689731716,12.01615014742067,0.25680239907675917,3.8455853580214616
