split,date_index,datetime,user_idx,user_name,mse,mae,nmse
eval,21042,2018-11-24 20:00:00,0,0,23.93471908569336,3.3339080810546875,0.03629618510603905
eval,21042,2018-11-24 20:00:00,1,1,20.171363830566406,3.5795133113861084,0.06641485542058945
eval,21042,2018-11-24 20:00:00,2,2,0.32924652099609375,0.2642590403556824,0.1883849948644638
eval,21042,2018-11-24 20:00:00,3,3,842.6409912109375,23.671804428100586,0.07283630967140198
eval,21042,2018-11-24 20:00:00,4,4,229.236572265625,12.288339614868164,0.13041141629219055
eval,21042,2018-11-24 20:00:00,5,5,1517.917724609375,29.797462463378906,0.04637737572193146
eval,21042,2018-11-24 20:00:00,6,7,4103.708984375,54.7314567565918,0.14432963728904724
eval,21042,2018-11-24 20:00:00,7,8,2006.5911865234375,21.950408935546875,1.2205469608306885
eval,21042,2018-11-24 20:00:00,8,9,6228.81396484375,54.940643310546875,0.7296401858329773
eval,21042,2018-11-24 20:00:00,9,10,300.0810546875,12.924842834472656,0.38689082860946655
eval,21042,2018-11-24 20:00:00,10,11,559.1168212890625,18.92824935913086,0.016808319836854935
eval,21042,2018-11-24 20:00:00,11,12,73.81456756591797,6.844045639038086,0.03320273756980896
eval,21042,2018-11-24 20:00:00,12,13,27.236648559570312,4.2891693115234375,0.0276411734521389
eval,21042,2018-11-24 20:00:00,13,14,39.412322998046875,4.5757904052734375,0.026238856837153435
eval,21042,2018-11-24 20:00:00,14,15,14086.060546875,108.64027404785156,0.2588330805301666
eval,21042,2018-11-24 20:00:00,15,16,6.455885887145996,1.91605544090271,0.11913765966892242
eval,21042,2018-11-24 20:00:00,16,17,506.3107604980469,18.480382919311523,0.5288649201393127
eval,21042,2018-11-24 20:00:00,17,18,1372.4959716796875,27.234375,0.07740991562604904
eval,21042,2018-11-24 20:00:00,18,19,342.4034118652344,13.244036674499512,0.09735652059316635
eval,21042,2018-11-24 20:00:00,19,20,29.331634521484375,4.078847408294678,0.13419806957244873
eval,21042,2018-11-24 20:00:00,20,21,8926.857421875,72.13451385498047,0.1927938461303711
eval,21042,2018-11-24 20:00:00,21,22,92.29255676269531,5.813786506652832,0.1961521953344345
eval,21042,2018-11-24 20:00:00,22,23,71.64778137207031,6.900872707366943,0.1576201319694519
eval,21042,2018-11-24 20:00:00,23,24,290.7413635253906,12.699987411499023,0.08712288737297058
eval,21042,2018-11-24 20:00:00,24,25,80.41651916503906,6.914402008056641,0.0060746558010578156
eval,21042,2018-11-24 20:00:00,25,26,237.93576049804688,11.455915451049805,0.06395619362592697
eval,21042,2018-11-24 20:00:00,26,27,17.80721664428711,3.2415149211883545,0.09971385449171066
eval,21042,2018-11-24 20:00:00,27,28,1217.3040771484375,29.96735191345215,0.14958402514457703
eval,21042,2018-11-24 20:00:00,28,29,936.1842651367188,26.664077758789062,0.07933863997459412
eval,21042,2018-11-24 20:00:00,29,30,506.0066833496094,18.836347579956055,0.07454225420951843
eval,21042,2018-11-24 20:00:00,30,31,1158.6492919921875,26.576566696166992,0.1673358529806137
eval,21042,2018-11-24 20:00:00,31,32,511.439697265625,16.49371337890625,0.20666885375976562
eval,21042,2018-11-24 20:00:00,32,33,263.6903381347656,12.328214645385742,0.24533230066299438
eval,21042,2018-11-24 20:00:00,33,34,65844.109375,207.14524841308594,0.059502147138118744
eval,21042,2018-11-24 20:00:00,34,35,81.40943908691406,6.805190086364746,0.10955777019262314
eval,21042,2018-11-24 20:00:00,35,36,461.6878356933594,16.69355010986328,0.012404895387589931
eval,21042,2018-11-24 20:00:00,36,37,723.5103759765625,20.426809310913086,0.06285073608160019
eval,21042,2018-11-24 20:00:00,37,38,63.73065948486328,6.863399028778076,0.0780864953994751
eval,21042,2018-11-24 20:00:00,38,39,35.493858337402344,5.046250820159912,0.20104216039180756
eval,21042,2018-11-24 20:00:00,39,40,47114.5625,145.82382202148438,0.07759934663772583
eval,21042,2018-11-24 20:00:00,40,41,1696.629638671875,29.717853546142578,0.053103066980838776
eval,21042,2018-11-24 20:00:00,41,42,716.5661010742188,21.6064453125,0.27959269285202026
eval,21042,2018-11-24 20:00:00,42,43,67.15760803222656,6.2623419761657715,0.12993352115154266
eval,21042,2018-11-24 20:00:00,43,44,1057.9439697265625,20.347457885742188,0.21033352613449097
eval,21042,2018-11-24 20:00:00,44,45,162.29824829101562,9.277121543884277,0.06700463593006134
eval,21042,2018-11-24 20:00:00,45,46,26.152912139892578,3.7294745445251465,0.15098008513450623
eval,21042,2018-11-24 20:00:00,46,47,61.307151794433594,5.934802532196045,0.06777149438858032
eval,21042,2018-11-24 20:00:00,47,48,122.41342163085938,8.980224609375,0.09663155674934387
eval,21042,2018-11-24 20:00:00,48,49,456.80267333984375,17.71398162841797,0.06443291157484055
eval,21042,2018-11-24 20:00:00,49,50,2070.206787109375,34.48963928222656,0.20338240265846252
eval,21042,2018-11-24 20:00:00,50,51,64.98554992675781,6.3729047775268555,0.20601092278957367
eval,21042,2018-11-24 20:00:00,51,52,480.0118103027344,17.53165054321289,0.10739393532276154
eval,21042,2018-11-24 20:00:00,52,53,161.86358642578125,10.634669303894043,0.08676278591156006
eval,21042,2018-11-24 20:00:00,53,54,18.699142456054688,3.3849711418151855,0.019474655389785767
eval,21042,2018-11-24 20:00:00,54,55,116181.5859375,268.2947692871094,0.06684771180152893
eval,21042,2018-11-24 20:00:00,55,56,1259.023681640625,27.731504440307617,0.42184922099113464
eval,21042,2018-11-24 20:00:00,56,58,2763.70068359375,41.474937438964844,0.0782153308391571
eval,21042,2018-11-24 20:00:00,57,59,1171.9266357421875,25.65729331970215,0.08466591686010361
eval,21042,2018-11-24 20:00:00,58,60,2177.653564453125,34.723670959472656,0.16116201877593994
eval,21042,2018-11-24 20:00:00,59,61,253.23985290527344,11.83259105682373,0.27279332280158997
eval,21042,2018-11-24 20:00:00,60,62,126.7159423828125,7.143737316131592,0.06133118271827698
eval,21042,2018-11-24 20:00:00,61,63,574.9696044921875,18.500844955444336,0.10594603419303894
eval,21042,2018-11-24 20:00:00,62,64,162.4070587158203,11.166496276855469,0.037150949239730835
eval,21042,2018-11-24 20:00:00,63,65,329.18017578125,15.374214172363281,0.0742252767086029
eval,21042,2018-11-24 20:00:00,64,66,88.5605697631836,7.6744585037231445,0.07701024413108826
eval,21042,2018-11-24 20:00:00,65,67,209.8369598388672,10.467696189880371,0.09668360650539398
eval,21042,2018-11-24 20:00:00,66,68,168.70956420898438,10.058951377868652,0.046303361654281616
eval,21042,2018-11-24 20:00:00,67,69,39.051063537597656,5.167906761169434,0.09443022310733795
eval,21042,2018-11-24 20:00:00,68,70,300.8388671875,14.248865127563477,0.18931642174720764
eval,21042,2018-11-24 20:00:00,69,71,37.28380584716797,4.536416530609131,0.08298526704311371
eval,21042,2018-11-24 20:00:00,70,72,714.4150390625,19.40768051147461,0.09205209463834763
eval,21042,2018-11-24 20:00:00,71,73,122.04143524169922,9.314844131469727,0.12115916609764099
eval,21042,2018-11-24 20:00:00,72,74,175.75914001464844,9.614710807800293,0.05871330946683884
eval,21042,2018-11-24 20:00:00,73,75,16593.96875,88.0440673828125,0.07471022754907608
eval,21042,2018-11-24 20:00:00,74,76,538.6199951171875,16.536169052124023,0.06998470425605774
eval,21042,2018-11-24 20:00:00,75,77,10479.97265625,82.6854248046875,0.05299755930900574
eval,21042,2018-11-24 20:00:00,76,78,624.25830078125,18.763839721679688,0.04792594909667969
eval,21042,2018-11-24 20:00:00,77,79,5567.52685546875,66.71051025390625,0.295343816280365
eval,21042,2018-11-24 20:00:00,78,80,1865.656982421875,32.72243881225586,0.0560762993991375
eval,21042,2018-11-24 20:00:00,79,81,2839.529296875,43.512847900390625,0.023712240159511566
eval,21042,2018-11-24 20:00:00,80,82,6944.0224609375,58.791419982910156,0.245874285697937
eval,21042,2018-11-24 20:00:00,81,83,87227.3359375,142.4458770751953,0.9917441606521606
eval,21042,2018-11-24 20:00:00,82,84,4418.8212890625,41.6749382019043,0.5558520555496216
eval,21042,2018-11-24 20:00:00,83,85,11.240470886230469,2.6138558387756348,0.022913014516234398
eval,21042,2018-11-24 20:00:00,84,86,40.22813415527344,4.589503288269043,0.1041087955236435
eval,21042,2018-11-24 20:00:00,85,87,26196.3359375,124.90325164794922,0.11539240926504135
eval,21042,2018-11-24 20:00:00,86,88,6137.1484375,58.56897735595703,0.0030579688027501106
eval,21042,2018-11-24 20:00:00,87,89,34416.8125,139.71749877929688,0.008131084963679314
eval,21042,2018-11-24 20:00:00,88,90,627.5994262695312,16.57762908935547,0.03280561417341232
eval,21042,2018-11-24 20:00:00,89,91,12624.8466796875,90.33274841308594,0.009611000306904316
eval,21042,2018-11-24 20:00:00,90,92,46786.3046875,128.69622802734375,0.03235812485218048
eval,21042,2018-11-24 20:00:00,91,93,20733.33984375,121.63768768310547,0.004831316415220499
eval,21042,2018-11-24 20:00:00,92,94,1972.06640625,34.2054443359375,0.001761377090588212
eval,21042,2018-11-24 20:00:00,93,95,5697.30859375,52.638404846191406,0.03602534160017967
eval,21042,2018-11-24 20:00:00,94,96,11111.8935546875,74.00692749023438,0.05571943521499634
eval,21042,2018-11-24 20:00:00,95,97,1778.8040771484375,33.72556686401367,0.16845735907554626
eval,21042,2018-11-24 20:00:00,96,98,420.6352233886719,17.013141632080078,0.11976556479930878
eval,21042,2018-11-24 20:00:00,97,99,5021.51318359375,45.743438720703125,0.5040685534477234
eval,21042,2018-11-24 20:00:00,98,100,6280.953125,63.85764694213867,0.02925269678235054
eval,21042,2018-11-24 20:00:00,99,101,133.60438537597656,8.920923233032227,0.025911089032888412
eval,21042,2018-11-24 20:00:00,100,102,274.3647155761719,14.048076629638672,0.06155115365982056
eval,21042,2018-11-24 20:00:00,101,103,44865.828125,172.85836791992188,0.22625669836997986
eval,21042,2018-11-24 20:00:00,102,104,166.1112060546875,10.18765640258789,0.08794786036014557
eval,21042,2018-11-24 20:00:00,103,105,117.92366790771484,7.451545715332031,0.002160026691854
eval,21042,2018-11-24 20:00:00,104,107,117.72994995117188,4.713412284851074,0.022026803344488144
eval,21042,2018-11-24 20:00:00,105,108,36.094512939453125,3.7897937297821045,0.011014027521014214
eval,21042,2018-11-24 20:00:00,106,109,2360.73828125,24.61861228942871,0.023674920201301575
eval,21042,2018-11-24 20:00:00,107,110,162.7219696044922,10.524469375610352,0.020264362916350365
eval,21042,2018-11-24 20:00:00,108,111,3746.470703125,51.180419921875,0.2861321270465851
eval,21042,2018-11-24 20:00:00,109,112,14735.5341796875,94.43907165527344,0.11852650344371796
eval,21042,2018-11-24 20:00:00,110,114,0.35545778274536133,0.3934200704097748,1.327219009399414
eval,21042,2018-11-24 20:00:00,111,115,17.561744689941406,3.058906078338623,0.001931238453835249
eval,21042,2018-11-24 20:00:00,112,116,689.7816162109375,20.10281753540039,0.1330696940422058
eval,21042,2018-11-24 20:00:00,113,117,81.52528381347656,6.274592399597168,0.2663262188434601
eval,21042,2018-11-24 20:00:00,114,118,106.13372039794922,8.231112480163574,0.39564642310142517
eval,21042,2018-11-24 20:00:00,115,119,70198.3359375,165.0842742919922,0.2967061996459961
eval,21042,2018-11-24 20:00:00,116,120,151.17726135253906,10.093755722045898,0.04214642196893692
eval,21042,2018-11-24 20:00:00,117,121,8.042763710021973,2.2532336711883545,0.4423906207084656
eval,21042,2018-11-24 20:00:00,118,122,1.367371916770935,0.8154465556144714,0.7105869650840759
eval,21042,2018-11-24 20:00:00,119,123,3039.765380859375,35.71253967285156,0.10088516771793365
eval,21042,2018-11-24 20:00:00,120,124,648.145751953125,19.80384635925293,0.00942151341587305
eval,21042,2018-11-24 20:00:00,121,125,647.857421875,20.375713348388672,3.3746466636657715
eval,21042,2018-11-24 20:00:00,122,126,1856.4129638671875,33.9719123840332,0.022077113389968872
eval,21042,2018-11-24 20:00:00,123,128,1899280.75,1161.8623046875,0.6354097723960876
eval,21042,2018-11-24 20:00:00,124,129,31319.71875,160.8319854736328,1.3266191482543945
eval,21042,2018-11-24 20:00:00,125,130,13081.4951171875,73.79576873779297,0.61128830909729
eval,21042,2018-11-24 20:00:00,126,131,270657.90625,438.67669677734375,0.24535462260246277
eval,21042,2018-11-24 20:00:00,127,132,7087.48583984375,73.31341552734375,0.028525222092866898
eval,21042,2018-11-24 20:00:00,128,133,141114.671875,286.5717468261719,0.0432165190577507
eval,21042,2018-11-24 20:00:00,129,134,1039.7225341796875,25.435253143310547,0.022423017770051956
eval,21042,2018-11-24 20:00:00,130,135,251396.5625,339.12774658203125,0.12091287225484848
eval,21042,2018-11-24 20:00:00,131,136,422.71484375,15.834190368652344,0.02144690975546837
eval,21042,2018-11-24 20:00:00,132,137,68.53135681152344,6.541782379150391,0.05448954924941063
eval,21042,2018-11-24 20:00:00,133,138,1463.336669921875,32.06804656982422,0.035546109080314636
eval,21042,2018-11-24 20:00:00,134,139,373.14263916015625,14.83341121673584,0.03280170261859894
eval,21042,2018-11-24 20:00:00,135,140,2117.2080078125,36.97231674194336,0.09608261287212372
eval,21042,2018-11-24 20:00:00,136,141,3977.3818359375,51.98548889160156,0.07670850306749344
eval,21042,2018-11-24 20:00:00,137,142,1442.828857421875,29.450069427490234,0.1628737598657608
eval,21042,2018-11-24 20:00:00,138,144,405.17584228515625,17.20315170288086,0.14830224215984344
eval,21042,2018-11-24 20:00:00,139,145,1425.3284912109375,31.873882293701172,0.09706725925207138
eval,21042,2018-11-24 20:00:00,140,146,763.2373046875,23.92206573486328,0.07761920988559723
eval,21042,2018-11-24 20:00:00,141,147,216.21636962890625,8.921144485473633,0.11138545721769333
eval,21042,2018-11-24 20:00:00,142,148,4871.5400390625,58.43407440185547,0.06646738946437836
eval,21042,2018-11-24 20:00:00,143,149,5412.1494140625,64.11724853515625,0.09075450152158737
eval,21042,2018-11-24 20:00:00,144,150,39285.51171875,168.4783935546875,0.013287791982293129
eval,21042,2018-11-24 20:00:00,145,151,14097.470703125,79.37305450439453,0.09998632967472076
eval,21042,2018-11-24 20:00:00,146,152,1123.64404296875,23.43044662475586,0.01604919135570526
eval,21042,2018-11-24 20:00:00,147,153,162974.5625,292.759033203125,0.033160626888275146
eval,21042,2018-11-24 20:00:00,148,154,45849.15234375,159.56698608398438,0.2909137010574341
eval,21042,2018-11-24 20:00:00,149,155,6197059.0,2113.824462890625,0.019605888053774834
eval,21042,2018-11-24 20:00:00,150,156,4717.25,55.867431640625,0.18296009302139282
eval,21042,2018-11-24 20:00:00,151,157,10995.1875,76.6772689819336,0.17379145324230194
eval,21042,2018-11-24 20:00:00,152,158,2038.1654052734375,40.012081146240234,0.009951256215572357
eval,21042,2018-11-24 20:00:00,153,159,51846.2109375,164.53530883789062,0.07827360183000565
eval,21042,2018-11-24 20:00:00,154,160,5065.8115234375,60.84856414794922,0.09997843950986862
eval,21042,2018-11-24 20:00:00,155,161,1104.357666015625,26.666860580444336,0.025803325697779655
eval,21042,2018-11-24 20:00:00,156,162,3181.193359375,40.31809616088867,0.008870831690728664
eval,21042,2018-11-24 20:00:00,157,163,30752.5,141.90643310546875,0.05226631462574005
eval,21042,2018-11-24 20:00:00,158,164,9931.9375,84.00811767578125,0.04922635853290558
eval,21042,2018-11-24 20:00:00,159,165,1280.457275390625,30.299713134765625,0.028515782207250595
eval,21042,2018-11-24 20:00:00,160,166,61850.7265625,204.17221069335938,0.10470178723335266
eval,21042,2018-11-24 20:00:00,161,167,406175.4375,467.09869384765625,0.0132063589990139
eval,21042,2018-11-24 20:00:00,162,168,3212.723388671875,43.61332702636719,0.01121506653726101
eval,21042,2018-11-24 20:00:00,163,169,10479.404296875,77.82992553710938,0.0284629724919796
eval,21042,2018-11-24 20:00:00,164,170,1249.510009765625,31.323822021484375,0.04256477206945419
eval,21042,2018-11-24 20:00:00,165,171,2651.462646484375,40.469749450683594,0.02054162137210369
eval,21042,2018-11-24 20:00:00,166,172,12652.625,83.46261596679688,0.016009224578738213
eval,21042,2018-11-24 20:00:00,167,173,7587.125,70.67327880859375,0.053140461444854736
eval,21042,2018-11-24 20:00:00,168,174,1125.099609375,28.691574096679688,0.01120374258607626
eval,21042,2018-11-24 20:00:00,169,175,57208.43359375,167.16683959960938,0.011655284091830254
eval,21042,2018-11-24 20:00:00,170,176,1006.75390625,23.18963623046875,0.02208094857633114
eval,21042,2018-11-24 20:00:00,171,177,26063.85546875,136.83929443359375,0.020380131900310516
eval,21042,2018-11-24 20:00:00,172,178,9974.4453125,69.49533081054688,0.033929478377103806
eval,21042,2018-11-24 20:00:00,173,179,761989.375,656.4329833984375,0.05181622505187988
eval,21042,2018-11-24 20:00:00,174,180,530.3804931640625,17.84519386291504,0.019469916820526123
eval,21042,2018-11-24 20:00:00,175,181,18353.91015625,108.74010467529297,0.014716513454914093
eval,21042,2018-11-24 20:00:00,176,183,10153.890625,66.43681335449219,0.17927567660808563
eval,21042,2018-11-24 20:00:00,177,184,3849.713623046875,42.01121520996094,0.0291491337120533
eval,21042,2018-11-24 20:00:00,178,185,1037.6844482421875,22.96975326538086,0.011442543938755989
eval,21042,2018-11-24 20:00:00,179,186,370315.46875,533.6686401367188,0.007463730871677399
eval,21042,2018-11-24 20:00:00,180,187,18464.9921875,103.6690902709961,0.02209514006972313
eval,21042,2018-11-24 20:00:00,181,188,4033.28466796875,45.9636344909668,0.7100387811660767
eval,21042,2018-11-24 20:00:00,182,189,8524.8515625,69.99063110351562,0.019680753350257874
eval,21042,2018-11-24 20:00:00,183,190,126.67156982421875,8.980230331420898,0.013284820131957531
eval,21042,2018-11-24 20:00:00,184,191,448.6556396484375,16.792959213256836,0.019985005259513855
eval,21042,2018-11-24 20:00:00,185,192,141.00381469726562,9.977575302124023,0.02358774095773697
eval,21042,2018-11-24 20:00:00,186,193,9507.4326171875,86.6007080078125,0.024772081524133682
eval,21042,2018-11-24 20:00:00,187,194,228.3421630859375,11.596023559570312,0.01564185507595539
eval,21042,2018-11-24 20:00:00,188,195,1481.105712890625,27.931140899658203,0.23301494121551514
eval,21042,2018-11-24 20:00:00,189,196,22955.240234375,112.19915771484375,0.2682226598262787
eval,21042,2018-11-24 20:00:00,190,197,2033.089111328125,35.62754821777344,0.299808144569397
eval,21042,2018-11-24 20:00:00,191,198,2758.44921875,38.575477600097656,0.02760959230363369
eval,21042,2018-11-24 20:00:00,192,199,179488.84375,341.4091796875,0.03290076553821564
eval,21042,2018-11-24 20:00:00,193,200,7491.1669921875,54.31586456298828,0.32336169481277466
eval,21042,2018-11-24 20:00:00,194,201,5534.90380859375,60.3722038269043,0.2509886622428894
eval,21042,2018-11-24 20:00:00,195,202,289.22174072265625,12.790834426879883,0.018991021439433098
eval,21042,2018-11-24 20:00:00,196,203,1267.874267578125,31.479795455932617,0.055425673723220825
eval,21042,2018-11-24 20:00:00,197,204,6106.67724609375,66.48088073730469,0.0191776342689991
eval,21042,2018-11-24 20:00:00,198,205,15820.09375,96.05952453613281,0.08780070394277573
eval,21042,2018-11-24 20:00:00,199,206,325.9598083496094,14.588872909545898,0.011576849035918713
eval,21042,2018-11-24 20:00:00,200,207,372.2877197265625,16.415441513061523,0.10213349759578705
eval,21042,2018-11-24 20:00:00,201,208,145.19818115234375,9.996977806091309,0.020963188260793686
eval,21042,2018-11-24 20:00:00,202,209,316.4656066894531,15.0449857711792,0.05344408378005028
eval,21042,2018-11-24 20:00:00,203,210,353.2187194824219,15.047615051269531,0.0056955572217702866
eval,21042,2018-11-24 20:00:00,204,211,2343.5322265625,41.1782112121582,0.01624542474746704
eval,21042,2018-11-24 20:00:00,205,212,4211.470703125,52.08184051513672,0.052964042872190475
eval,21042,2018-11-24 20:00:00,206,213,806.6056518554688,23.25648307800293,0.042194660753011703
eval,21042,2018-11-24 20:00:00,207,214,881.7362060546875,21.474111557006836,0.03186531364917755
eval,21042,2018-11-24 20:00:00,208,215,105.93352508544922,8.109013557434082,0.005393144674599171
eval,21042,2018-11-24 20:00:00,209,216,410.09759521484375,16.134248733520508,0.04109247028827667
eval,21042,2018-11-24 20:00:00,210,217,1917.595947265625,37.563167572021484,0.04214688390493393
eval,21042,2018-11-24 20:00:00,211,218,168.8549041748047,9.12044906616211,0.028505664318799973
eval,21042,2018-11-24 20:00:00,212,219,2170.874755859375,33.904170989990234,0.08760148286819458
eval,21042,2018-11-24 20:00:00,213,220,917.6976318359375,26.16854476928711,0.022634509950876236
eval,21042,2018-11-24 20:00:00,214,221,1734.216796875,33.62877655029297,0.029409488663077354
eval,21042,2018-11-24 20:00:00,215,222,3274.98193359375,46.640533447265625,0.10708873718976974
eval,21042,2018-11-24 20:00:00,216,223,7536.087890625,72.281494140625,0.10459833592176437
eval,21042,2018-11-24 20:00:00,217,224,47.66692352294922,5.4868268966674805,0.008896182291209698
eval,21042,2018-11-24 20:00:00,218,225,2542.906005859375,43.62492370605469,0.047937847673892975
eval,21042,2018-11-24 20:00:00,219,226,31560.568359375,123.6810302734375,0.04961494728922844
eval,21042,2018-11-24 20:00:00,220,227,2572.4052734375,32.221702575683594,0.5085228681564331
eval,21042,2018-11-24 20:00:00,221,228,513.4207763671875,18.258350372314453,0.029280077666044235
eval,21042,2018-11-24 20:00:00,222,229,756.1463623046875,21.595413208007812,0.051854342222213745
eval,21042,2018-11-24 20:00:00,223,230,6916.2197265625,74.58751678466797,0.02778247557580471
eval,21042,2018-11-24 20:00:00,224,231,6386.16552734375,64.34394836425781,0.0885666012763977
eval,21042,2018-11-24 20:00:00,225,232,1515.2283935546875,28.653011322021484,0.11194949597120285
eval,21042,2018-11-24 20:00:00,226,233,170485.09375,307.15496826171875,0.03907569497823715
eval,21042,2018-11-24 20:00:00,227,234,741.2438354492188,20.528310775756836,0.0829479843378067
eval,21042,2018-11-24 20:00:00,228,235,744.04638671875,20.191974639892578,0.09136774390935898
eval,21042,2018-11-24 20:00:00,229,236,32901764.0,4504.91015625,0.393312931060791
eval,21042,2018-11-24 20:00:00,230,237,1524.0697021484375,31.552474975585938,0.016036001965403557
eval,21042,2018-11-24 20:00:00,231,238,1212.908935546875,29.110685348510742,0.20531193912029266
eval,21042,2018-11-24 20:00:00,232,239,464.905517578125,19.226604461669922,0.048610083758831024
eval,21042,2018-11-24 20:00:00,233,240,3026.9638671875,34.91585159301758,0.07959792017936707
eval,21042,2018-11-24 20:00:00,234,241,481.9556579589844,16.768495559692383,0.11069178581237793
eval,21042,2018-11-24 20:00:00,235,242,707.8240966796875,15.443026542663574,0.06305941194295883
eval,21042,2018-11-24 20:00:00,236,243,3372.1064453125,40.421974182128906,0.23358041048049927
eval,21042,2018-11-24 20:00:00,237,244,755.7857666015625,19.637531280517578,0.033400487154722214
eval,21042,2018-11-24 20:00:00,238,246,34032.9453125,147.6961212158203,0.19906306266784668
eval,21042,2018-11-24 20:00:00,239,247,296.52020263671875,12.63975715637207,0.06236755847930908
eval,21042,2018-11-24 20:00:00,240,248,1161.9739990234375,27.950986862182617,0.028697526082396507
eval,21042,2018-11-24 20:00:00,241,249,279.85382080078125,11.655474662780762,0.021556179970502853
eval,21042,2018-11-24 20:00:00,242,250,5567.07958984375,57.414974212646484,0.019968315958976746
eval,21042,2018-11-24 20:00:00,243,251,1231.957275390625,28.541112899780273,0.022957241162657738
eval,21042,2018-11-24 20:00:00,244,252,285.7532958984375,12.200592041015625,0.06743749976158142
eval,21042,2018-11-24 20:00:00,245,253,190.16522216796875,9.844430923461914,0.007420716341584921
eval,21042,2018-11-24 20:00:00,246,254,17665.7109375,107.60830688476562,0.028158200904726982
eval,21042,2018-11-24 20:00:00,247,255,6209.61279296875,61.80990219116211,0.042166829109191895
eval,21042,2018-11-24 20:00:00,248,256,408.06109619140625,16.73308753967285,0.03642113506793976
eval,21042,2018-11-24 20:00:00,249,257,799.3157958984375,22.548995971679688,0.045655474066734314
eval,21042,2018-11-24 20:00:00,250,258,508.8807067871094,16.568849563598633,0.052530527114868164
eval,21042,2018-11-24 20:00:00,251,259,2150.7958984375,39.08234786987305,0.12440948188304901
eval,21042,2018-11-24 20:00:00,252,260,685.356201171875,19.072986602783203,0.14409592747688293
eval,21042,2018-11-24 20:00:00,253,261,115.84222412109375,7.157013893127441,0.01543282251805067
eval,21042,2018-11-24 20:00:00,254,262,6674.21875,62.44811248779297,0.011238555423915386
eval,21042,2018-11-24 20:00:00,255,263,1779.595458984375,34.869590759277344,0.05539053678512573
eval,21042,2018-11-24 20:00:00,256,264,12506.158203125,82.0711669921875,0.09050963819026947
eval,21042,2018-11-24 20:00:00,257,265,404.9419860839844,17.216339111328125,0.02142549306154251
eval,21042,2018-11-24 20:00:00,258,266,15937.34375,79.20597839355469,0.09146394580602646
eval,21042,2018-11-24 20:00:00,259,267,1390.4935302734375,31.022130966186523,0.02539011463522911
eval,21042,2018-11-24 20:00:00,260,268,21370.689453125,110.00143432617188,0.021647272631525993
eval,21042,2018-11-24 20:00:00,261,269,35.93677520751953,4.670962333679199,0.004571879282593727
eval,21042,2018-11-24 20:00:00,262,270,3970.42138671875,52.835487365722656,0.03469853103160858
eval,21042,2018-11-24 20:00:00,263,271,17565.98046875,94.42573547363281,0.04869140684604645
eval,21042,2018-11-24 20:00:00,264,272,907.2128295898438,22.644268035888672,0.026882220059633255
eval,21042,2018-11-24 20:00:00,265,273,635.43017578125,18.82870101928711,0.06326940655708313
eval,21042,2018-11-24 20:00:00,266,274,1240.117919921875,24.708616256713867,0.12500381469726562
eval,21042,2018-11-24 20:00:00,267,275,2224.865966796875,32.19426727294922,0.216180682182312
eval,21042,2018-11-24 20:00:00,268,276,186097.5,267.27093505859375,0.06450885534286499
eval,21042,2018-11-24 20:00:00,269,277,2099.770751953125,31.545604705810547,0.028547480702400208
eval,21042,2018-11-24 20:00:00,270,278,2847.1494140625,42.095558166503906,0.0457192026078701
eval,21042,2018-11-24 20:00:00,271,279,4355.1416015625,56.85504913330078,0.06496118009090424
eval,21042,2018-11-24 20:00:00,272,280,11539.82421875,82.84271240234375,0.04510923847556114
eval,21042,2018-11-24 20:00:00,273,281,558059.125,501.8581237792969,0.2882227301597595
eval,21042,2018-11-24 20:00:00,274,282,1435.5234375,30.898361206054688,0.03550007566809654
eval,21042,2018-11-24 20:00:00,275,283,319.98114013671875,11.754383087158203,0.028364218771457672
eval,21042,2018-11-24 20:00:00,276,284,1299.6319580078125,24.094114303588867,0.030429717153310776
eval,21042,2018-11-24 20:00:00,277,285,284.1195068359375,13.912986755371094,0.02288852259516716
eval,21042,2018-11-24 20:00:00,278,286,386.6654968261719,15.602529525756836,0.013435613363981247
eval,21042,2018-11-24 20:00:00,279,287,250.83419799804688,6.758447170257568,0.09626790136098862
eval,21042,2018-11-24 20:00:00,280,288,494.600341796875,16.485462188720703,0.014125904068350792
eval,21042,2018-11-24 20:00:00,281,289,2905.7685546875,36.77195739746094,0.03216109424829483
eval,21042,2018-11-24 20:00:00,282,290,193234.5,397.48992919921875,0.006230291910469532
eval,21042,2018-11-24 20:00:00,283,291,1406.4853515625,25.430740356445312,0.019314534962177277
eval,21042,2018-11-24 20:00:00,284,292,32464.169921875,137.97412109375,0.0095128258690238
eval,21042,2018-11-24 20:00:00,285,293,2957.001708984375,40.995018005371094,0.01579335704445839
eval,21042,2018-11-24 20:00:00,286,294,5669.0947265625,41.93280792236328,0.06717206537723541
eval,21042,2018-11-24 20:00:00,287,295,2611.3369140625,36.72975158691406,0.03929312154650688
eval,21042,2018-11-24 20:00:00,288,296,36554.3359375,140.03244018554688,0.00313446088694036
eval,21042,2018-11-24 20:00:00,289,297,918.9375,24.795698165893555,0.0033897801768034697
eval,21042,2018-11-24 20:00:00,290,299,61.88851547241211,4.627910614013672,0.06750965118408203
eval,21042,2018-11-24 20:00:00,291,300,7272.56005859375,57.58018112182617,0.07215379178524017
eval,21042,2018-11-24 20:00:00,292,301,104465.59375,164.7690887451172,0.09837846457958221
eval,21042,2018-11-24 20:00:00,293,302,386440.8125,337.132568359375,0.06876738369464874
eval,21042,2018-11-24 20:00:00,294,303,4818.76708984375,43.740013122558594,0.19154207408428192
eval,21042,2018-11-24 20:00:00,295,304,27203.341796875,112.94111633300781,0.056250058114528656
eval,21042,2018-11-24 20:00:00,296,305,2160.18359375,39.00341796875,0.02371273562312126
eval,21042,2018-11-24 20:00:00,297,306,20098.38671875,116.11491394042969,0.010587661527097225
eval,21042,2018-11-24 20:00:00,298,307,4840.583984375,49.424617767333984,0.06815867871046066
eval,21042,2018-11-24 20:00:00,299,308,346456.375,435.69854736328125,0.03286159038543701
eval,21042,2018-11-24 20:00:00,300,309,23760.810546875,121.8104476928711,0.017540311440825462
eval,21042,2018-11-24 20:00:00,301,310,713.2902221679688,20.895078659057617,0.01905771903693676
eval,21042,2018-11-24 20:00:00,302,311,24193.466796875,110.15998840332031,0.03763510286808014
eval,21042,2018-11-24 20:00:00,303,312,36567.25,138.6265869140625,0.13226690888404846
eval,21042,2018-11-24 20:00:00,304,313,36498940.0,4612.623046875,0.004873095080256462
eval,21042,2018-11-24 20:00:00,305,314,484462.0,599.8445434570312,0.03169623762369156
eval,21042,2018-11-24 20:00:00,306,315,2088893.375,1108.7564697265625,0.029909564182162285
eval,21042,2018-11-24 20:00:00,307,316,2678.027099609375,34.06681442260742,0.12070144712924957
eval,21042,2018-11-24 20:00:00,308,317,685.5145874023438,19.253849029541016,0.7526756525039673
eval,21042,2018-11-24 20:00:00,309,318,33440.8046875,146.79795837402344,0.20275484025478363
eval,21042,2018-11-24 20:00:00,310,319,2883.6015625,41.995033264160156,0.042957112193107605
eval,21042,2018-11-24 20:00:00,311,OT,11220.7890625,75.67964935302734,0.07354646921157837
eval,21298,2018-12-05 12:00:00,0,0,522.1121826171875,15.725253105163574,1.3784277439117432
eval,21298,2018-12-05 12:00:00,1,1,112.54830932617188,9.344045639038086,0.3166981339454651
eval,21298,2018-12-05 12:00:00,2,2,3.2899749279022217,0.9815859198570251,1.88242506980896
eval,21298,2018-12-05 12:00:00,3,3,1210.56591796875,29.116172790527344,0.12194715440273285
eval,21298,2018-12-05 12:00:00,4,4,339.1388854980469,14.881759643554688,0.21546122431755066
eval,21298,2018-12-05 12:00:00,5,5,3212.54931640625,48.16459655761719,0.12346227467060089
eval,21298,2018-12-05 12:00:00,6,7,4672.92919921875,55.811912536621094,0.200668066740036
eval,21298,2018-12-05 12:00:00,7,8,645.473388671875,20.045391082763672,0.3608892858028412
eval,21298,2018-12-05 12:00:00,8,9,1769.461669921875,26.20624351501465,0.24216219782829285
eval,21298,2018-12-05 12:00:00,9,10,254.72747802734375,12.460943222045898,0.3757506012916565
eval,21298,2018-12-05 12:00:00,10,11,7060.27099609375,49.95691680908203,0.1974821537733078
eval,21298,2018-12-05 12:00:00,11,12,221.37059020996094,10.850166320800781,0.11676973104476929
eval,21298,2018-12-05 12:00:00,12,13,63.6251220703125,6.377130508422852,0.07311303168535233
eval,21298,2018-12-05 12:00:00,13,14,78.09449768066406,7.504436016082764,0.05739261955022812
eval,21298,2018-12-05 12:00:00,14,15,14595.5458984375,107.94173431396484,0.21234607696533203
eval,21298,2018-12-05 12:00:00,15,16,12.55572509765625,2.6952896118164062,0.2525492310523987
eval,21298,2018-12-05 12:00:00,16,17,225.75863647460938,10.708148002624512,0.21864059567451477
eval,21298,2018-12-05 12:00:00,17,18,2518.002685546875,36.31634521484375,0.18551942706108093
eval,21298,2018-12-05 12:00:00,18,19,291.27520751953125,13.613070487976074,0.0742320865392685
eval,21298,2018-12-05 12:00:00,19,20,42.985713958740234,5.376603126525879,0.2392488420009613
eval,21298,2018-12-05 12:00:00,20,21,8900.4658203125,75.52166748046875,0.22990569472312927
eval,21298,2018-12-05 12:00:00,21,22,46.61222457885742,5.345995903015137,0.12004280090332031
eval,21298,2018-12-05 12:00:00,22,23,64.72560119628906,6.253459930419922,0.14671096205711365
eval,21298,2018-12-05 12:00:00,23,24,544.7708740234375,17.628807067871094,0.1517808437347412
eval,21298,2018-12-05 12:00:00,24,25,172.81854248046875,10.5537109375,0.01397792436182499
eval,21298,2018-12-05 12:00:00,25,26,549.790771484375,17.80341911315918,0.17515048384666443
eval,21298,2018-12-05 12:00:00,26,27,14.804458618164062,3.1371994018554688,0.06711611151695251
eval,21298,2018-12-05 12:00:00,27,28,4176.57080078125,46.42101287841797,0.5508852601051331
eval,21298,2018-12-05 12:00:00,28,29,516.8516845703125,15.303377151489258,0.055760424584150314
eval,21298,2018-12-05 12:00:00,29,30,1634.7801513671875,30.400991439819336,0.2444395124912262
eval,21298,2018-12-05 12:00:00,30,31,1732.1390380859375,33.3929557800293,0.24208593368530273
eval,21298,2018-12-05 12:00:00,31,32,143.4688720703125,9.993989944458008,0.063865527510643
eval,21298,2018-12-05 12:00:00,32,33,340.57110595703125,13.848189353942871,0.31002116203308105
eval,21298,2018-12-05 12:00:00,33,34,129749.5,274.49920654296875,0.1559712141752243
eval,21298,2018-12-05 12:00:00,34,35,57.157493591308594,6.247143745422363,0.09203676879405975
eval,21298,2018-12-05 12:00:00,35,36,5792.59375,54.393463134765625,0.21099840104579926
eval,21298,2018-12-05 12:00:00,36,37,3221.530029296875,36.74300765991211,0.23610150814056396
eval,21298,2018-12-05 12:00:00,37,38,407.2239685058594,14.092985153198242,0.4587762951850891
eval,21298,2018-12-05 12:00:00,38,39,109.38101196289062,9.78586196899414,0.6557441353797913
eval,21298,2018-12-05 12:00:00,39,40,48692.125,153.27989196777344,0.09639142453670502
eval,21298,2018-12-05 12:00:00,40,41,2264.6650390625,36.18798065185547,0.0765799954533577
eval,21298,2018-12-05 12:00:00,41,42,638.9576416015625,18.85889434814453,0.25006216764450073
eval,21298,2018-12-05 12:00:00,42,43,231.85482788085938,13.28552532196045,0.36429834365844727
eval,21298,2018-12-05 12:00:00,43,44,519.00927734375,18.01411247253418,0.09716847538948059
eval,21298,2018-12-05 12:00:00,44,45,148.85055541992188,10.109289169311523,0.06314964592456818
eval,21298,2018-12-05 12:00:00,45,46,36.653987884521484,4.683367729187012,0.2066241353750229
eval,21298,2018-12-05 12:00:00,46,47,83.80116271972656,6.48067045211792,0.10362014174461365
eval,21298,2018-12-05 12:00:00,47,48,204.02249145507812,9.933393478393555,0.14186786115169525
eval,21298,2018-12-05 12:00:00,48,49,1143.555419921875,27.402328491210938,0.18623024225234985
eval,21298,2018-12-05 12:00:00,49,50,1364.641357421875,28.62691879272461,0.11510317027568817
eval,21298,2018-12-05 12:00:00,50,51,90.70940399169922,6.823241233825684,0.3526585102081299
eval,21298,2018-12-05 12:00:00,51,52,754.8383178710938,20.772903442382812,0.1798422932624817
eval,21298,2018-12-05 12:00:00,52,53,363.252197265625,15.217486381530762,0.25486549735069275
eval,21298,2018-12-05 12:00:00,53,54,59.34147644042969,5.793343544006348,0.0653320774435997
eval,21298,2018-12-05 12:00:00,54,55,368668.4375,465.9185485839844,0.23701827228069305
eval,21298,2018-12-05 12:00:00,55,56,356.68060302734375,14.852537155151367,0.11391669511795044
eval,21298,2018-12-05 12:00:00,56,58,6262.12060546875,65.2842025756836,0.1745324730873108
eval,21298,2018-12-05 12:00:00,57,59,2806.6875,46.67850875854492,0.18601012229919434
eval,21298,2018-12-05 12:00:00,58,60,1097.839111328125,26.427894592285156,0.09276141226291656
eval,21298,2018-12-05 12:00:00,59,61,220.38656616210938,11.878385543823242,0.29169708490371704
eval,21298,2018-12-05 12:00:00,60,62,167.86306762695312,9.68869400024414,0.10144185274839401
eval,21298,2018-12-05 12:00:00,61,63,680.9112548828125,20.136022567749023,0.17878398299217224
eval,21298,2018-12-05 12:00:00,62,64,93.11541748046875,6.002822399139404,0.021268479526042938
eval,21298,2018-12-05 12:00:00,63,65,370.19671630859375,14.057097434997559,0.09132614731788635
eval,21298,2018-12-05 12:00:00,64,66,203.48062133789062,11.266075134277344,0.2054964303970337
eval,21298,2018-12-05 12:00:00,65,67,170.82623291015625,10.064414024353027,0.09015633910894394
eval,21298,2018-12-05 12:00:00,66,68,141.8505096435547,9.12020492553711,0.06483963131904602
eval,21298,2018-12-05 12:00:00,67,69,82.814453125,6.566158294677734,0.18566659092903137
eval,21298,2018-12-05 12:00:00,68,70,131.65725708007812,9.601812362670898,0.08461005985736847
eval,21298,2018-12-05 12:00:00,69,71,80.66400146484375,6.892333984375,0.2031552493572235
eval,21298,2018-12-05 12:00:00,70,72,443.6787109375,17.899658203125,0.0625605583190918
eval,21298,2018-12-05 12:00:00,71,73,45.357566833496094,5.251042366027832,0.044356077909469604
eval,21298,2018-12-05 12:00:00,72,74,243.01107788085938,13.160079956054688,0.09469608962535858
eval,21298,2018-12-05 12:00:00,73,75,9987.443359375,72.79100036621094,0.04734662175178528
eval,21298,2018-12-05 12:00:00,74,76,1075.7279052734375,24.683177947998047,0.15577659010887146
eval,21298,2018-12-05 12:00:00,75,77,46815.16796875,200.7738037109375,0.2376093715429306
eval,21298,2018-12-05 12:00:00,76,78,4311.8291015625,56.885799407958984,0.31950920820236206
eval,21298,2018-12-05 12:00:00,77,79,1788.7255859375,35.98139953613281,0.16002196073532104
eval,21298,2018-12-05 12:00:00,78,80,7431.56005859375,69.84834289550781,0.23285916447639465
eval,21298,2018-12-05 12:00:00,79,81,61498.8671875,144.9617919921875,0.46550267934799194
eval,21298,2018-12-05 12:00:00,80,82,14274.013671875,106.488037109375,0.46459072828292847
eval,21298,2018-12-05 12:00:00,81,83,27252.19140625,66.72882080078125,0.27740278840065
eval,21298,2018-12-05 12:00:00,82,84,276.6533203125,14.18015193939209,0.052455827593803406
eval,21298,2018-12-05 12:00:00,83,85,27.972007751464844,3.8269667625427246,0.05634952709078789
eval,21298,2018-12-05 12:00:00,84,86,44.82801818847656,5.468570709228516,0.1082179993391037
eval,21298,2018-12-05 12:00:00,85,87,21096.09765625,122.53009033203125,0.10335437953472137
eval,21298,2018-12-05 12:00:00,86,88,14047.6201171875,96.30165100097656,0.006334403064101934
eval,21298,2018-12-05 12:00:00,87,89,130422.65625,280.36517333984375,0.01904125325381756
eval,21298,2018-12-05 12:00:00,88,90,3835.621826171875,37.94927215576172,0.14686836302280426
eval,21298,2018-12-05 12:00:00,89,91,17070.41796875,88.63462829589844,0.010090639814734459
eval,21298,2018-12-05 12:00:00,90,92,40667.75,135.37771606445312,0.023893048986792564
eval,21298,2018-12-05 12:00:00,91,93,46318.1484375,172.2272186279297,0.009646648541092873
eval,21298,2018-12-05 12:00:00,92,94,10465.2333984375,82.40409851074219,0.006994898431003094
eval,21298,2018-12-05 12:00:00,93,95,13020.66015625,64.27117156982422,0.04770462214946747
eval,21298,2018-12-05 12:00:00,94,96,59428.40625,182.00454711914062,0.3334721028804779
eval,21298,2018-12-05 12:00:00,95,97,530.9031982421875,18.88370132446289,0.048412613570690155
eval,21298,2018-12-05 12:00:00,96,98,4005.143310546875,57.37511444091797,0.4703837037086487
eval,21298,2018-12-05 12:00:00,97,99,121.92640686035156,9.274250984191895,0.031859543174505234
eval,21298,2018-12-05 12:00:00,98,100,25366.484375,128.90927124023438,0.08782210201025009
eval,21298,2018-12-05 12:00:00,99,101,354.92236328125,12.991362571716309,0.06100335717201233
eval,21298,2018-12-05 12:00:00,100,102,208.22348022460938,11.282954216003418,0.043981682509183884
eval,21298,2018-12-05 12:00:00,101,103,23870.1875,117.34979248046875,0.05755884572863579
eval,21298,2018-12-05 12:00:00,102,104,884.1072998046875,27.3963680267334,0.906989574432373
eval,21298,2018-12-05 12:00:00,103,105,3952.121826171875,30.670852661132812,0.08147427439689636
eval,21298,2018-12-05 12:00:00,104,107,36.03813171386719,3.3148045539855957,0.009901818819344044
eval,21298,2018-12-05 12:00:00,105,108,140.5601348876953,9.330728530883789,0.038114868104457855
eval,21298,2018-12-05 12:00:00,106,109,1397.5703125,25.082473754882812,0.01325271837413311
eval,21298,2018-12-05 12:00:00,107,110,830.13720703125,22.31672477722168,0.07096333801746368
eval,21298,2018-12-05 12:00:00,108,111,7244.1943359375,60.24147033691406,0.42267918586730957
eval,21298,2018-12-05 12:00:00,109,112,16175.53125,101.58092498779297,0.11884893476963043
eval,21298,2018-12-05 12:00:00,110,114,16.88587188720703,2.6123504638671875,0.28642159700393677
eval,21298,2018-12-05 12:00:00,111,115,2.1088340282440186,1.0631577968597412,0.024949967861175537
eval,21298,2018-12-05 12:00:00,112,116,927.77734375,23.204357147216797,0.1266062706708908
eval,21298,2018-12-05 12:00:00,113,117,64.008544921875,7.097743034362793,0.23018789291381836
eval,21298,2018-12-05 12:00:00,114,118,160.77621459960938,9.025171279907227,1.5969403982162476
eval,21298,2018-12-05 12:00:00,115,119,461912.9375,543.9149780273438,1.456862211227417
eval,21298,2018-12-05 12:00:00,116,120,746.3036499023438,25.78466796875,0.19865433871746063
eval,21298,2018-12-05 12:00:00,117,121,4.821385383605957,1.8689393997192383,0.09293805062770844
eval,21298,2018-12-05 12:00:00,118,122,46.79882049560547,3.7580831050872803,0.5824593901634216
eval,21298,2018-12-05 12:00:00,119,123,570.3077392578125,18.489656448364258,0.017788279801607132
eval,21298,2018-12-05 12:00:00,120,124,9677.75,81.39203643798828,0.12089738249778748
eval,21298,2018-12-05 12:00:00,121,125,88.09922790527344,8.003677368164062,0.46817028522491455
eval,21298,2018-12-05 12:00:00,122,126,8872.7421875,81.55195617675781,0.08343660831451416
eval,21298,2018-12-05 12:00:00,123,128,2241566.5,1031.9266357421875,0.5153083801269531
eval,21298,2018-12-05 12:00:00,124,129,9345.828125,83.90512084960938,0.42004093527793884
eval,21298,2018-12-05 12:00:00,125,130,5061.79638671875,49.3548698425293,0.3977554738521576
eval,21298,2018-12-05 12:00:00,126,131,363249.25,495.1503601074219,0.436524361371994
eval,21298,2018-12-05 12:00:00,127,132,22600.69140625,108.9673080444336,0.1033523678779602
eval,21298,2018-12-05 12:00:00,128,133,328020.4375,432.34893798828125,0.14077529311180115
eval,21298,2018-12-05 12:00:00,129,134,23692.1015625,93.14067840576172,0.5127426385879517
eval,21298,2018-12-05 12:00:00,130,135,111218.8984375,241.72500610351562,0.06116484850645065
eval,21298,2018-12-05 12:00:00,131,136,1216.0018310546875,26.67386245727539,0.06454911828041077
eval,21298,2018-12-05 12:00:00,132,137,236.54991149902344,12.428572654724121,0.16757188737392426
eval,21298,2018-12-05 12:00:00,133,138,1971.94384765625,36.217529296875,0.04700333625078201
eval,21298,2018-12-05 12:00:00,134,139,1084.8963623046875,26.544469833374023,0.11593098938465118
eval,21298,2018-12-05 12:00:00,135,140,530.1314697265625,17.685972213745117,0.017407527193427086
eval,21298,2018-12-05 12:00:00,136,141,1749.585693359375,31.55811309814453,0.03839081525802612
eval,21298,2018-12-05 12:00:00,137,142,357.18194580078125,15.912577629089355,0.04911407083272934
eval,21298,2018-12-05 12:00:00,138,144,79.84774780273438,6.145131587982178,0.03267281875014305
eval,21298,2018-12-05 12:00:00,139,145,311.5346374511719,12.698183059692383,0.024020612239837646
eval,21298,2018-12-05 12:00:00,140,146,818.4139404296875,24.781875610351562,0.08956247568130493
eval,21298,2018-12-05 12:00:00,141,147,50.860939025878906,5.3499755859375,0.025840377435088158
eval,21298,2018-12-05 12:00:00,142,148,4119.5029296875,57.264366149902344,0.049954261630773544
eval,21298,2018-12-05 12:00:00,143,149,6720.8154296875,64.3075942993164,0.08308902382850647
eval,21298,2018-12-05 12:00:00,144,150,104370.65625,275.58880615234375,0.027653470635414124
eval,21298,2018-12-05 12:00:00,145,151,69879.90625,205.696044921875,0.20871174335479736
eval,21298,2018-12-05 12:00:00,146,152,4074.71826171875,46.72666931152344,0.057400524616241455
eval,21298,2018-12-05 12:00:00,147,153,404268.21875,529.9464111328125,0.0645921379327774
eval,21298,2018-12-05 12:00:00,148,154,12301.06640625,89.45089721679688,0.059458911418914795
eval,21298,2018-12-05 12:00:00,149,155,7855708.0,2190.13671875,0.018040766939520836
eval,21298,2018-12-05 12:00:00,150,156,3882.12255859375,43.79766082763672,0.08730630576610565
eval,21298,2018-12-05 12:00:00,151,157,2306.13916015625,40.15684509277344,0.03233436122536659
eval,21298,2018-12-05 12:00:00,152,158,7259.0517578125,72.25494384765625,0.025818584486842155
eval,21298,2018-12-05 12:00:00,153,159,4651.5009765625,52.63495635986328,0.006021311040967703
eval,21298,2018-12-05 12:00:00,154,160,2781.672607421875,38.93125534057617,0.0451401025056839
eval,21298,2018-12-05 12:00:00,155,161,1479.1322021484375,30.58429718017578,0.020699195563793182
eval,21298,2018-12-05 12:00:00,156,162,32171.3359375,157.56552124023438,0.07770653814077377
eval,21298,2018-12-05 12:00:00,157,163,13440.251953125,101.32154846191406,0.019136643037199974
eval,21298,2018-12-05 12:00:00,158,164,4391.58984375,51.16767501831055,0.02012714184820652
eval,21298,2018-12-05 12:00:00,159,165,13679.181640625,98.92964935302734,0.23375439643859863
eval,21298,2018-12-05 12:00:00,160,166,50259.6015625,169.97286987304688,0.04336166009306908
eval,21298,2018-12-05 12:00:00,161,167,1006996.6875,913.6304931640625,0.029904214665293694
eval,21298,2018-12-05 12:00:00,162,168,26479.00390625,132.93919372558594,0.06292645633220673
eval,21298,2018-12-05 12:00:00,163,169,7375.4921875,65.82832336425781,0.02205684781074524
eval,21298,2018-12-05 12:00:00,164,170,1719.4681396484375,32.198768615722656,0.05404902249574661
eval,21298,2018-12-05 12:00:00,165,171,12458.84375,100.85972595214844,0.08382206410169601
eval,21298,2018-12-05 12:00:00,166,172,47122.76171875,184.54922485351562,0.05056897550821304
eval,21298,2018-12-05 12:00:00,167,173,17830.65234375,113.97151184082031,0.0916496068239212
eval,21298,2018-12-05 12:00:00,168,174,744.634521484375,21.511825561523438,0.006206239573657513
eval,21298,2018-12-05 12:00:00,169,175,113551.9375,290.991943359375,0.01344972476363182
eval,21298,2018-12-05 12:00:00,170,176,1923.8382568359375,32.37607192993164,0.03004969283938408
eval,21298,2018-12-05 12:00:00,171,177,84962.4375,233.98135375976562,0.04955887794494629
eval,21298,2018-12-05 12:00:00,172,178,14708.8935546875,93.3606185913086,0.034146927297115326
eval,21298,2018-12-05 12:00:00,173,179,523073.75,445.991455078125,0.030612334609031677
eval,21298,2018-12-05 12:00:00,174,180,509.8517761230469,17.37410545349121,0.016897432506084442
eval,21298,2018-12-05 12:00:00,175,181,71662.46875,216.35226440429688,0.04020003601908684
eval,21298,2018-12-05 12:00:00,176,183,2845.017333984375,42.67963790893555,0.0424371063709259
eval,21298,2018-12-05 12:00:00,177,184,42439.74609375,168.57440185546875,0.22896885871887207
eval,21298,2018-12-05 12:00:00,178,185,6293.78076171875,59.69834899902344,0.05248523876070976
eval,21298,2018-12-05 12:00:00,179,186,1499685.375,990.95361328125,0.02489934116601944
eval,21298,2018-12-05 12:00:00,180,187,63322.4375,212.04141235351562,0.05244263634085655
eval,21298,2018-12-05 12:00:00,181,188,323.0708312988281,14.473731994628906,0.039523012936115265
eval,21298,2018-12-05 12:00:00,182,189,16568.7421875,108.20933532714844,0.03190882131457329
eval,21298,2018-12-05 12:00:00,183,190,258.402587890625,12.98791790008545,0.02280065231025219
eval,21298,2018-12-05 12:00:00,184,191,530.171630859375,18.79883575439453,0.01839006319642067
eval,21298,2018-12-05 12:00:00,185,192,441.55389404296875,18.11815643310547,0.06571605056524277
eval,21298,2018-12-05 12:00:00,186,193,29484.638671875,143.4985809326172,0.07069094479084015
eval,21298,2018-12-05 12:00:00,187,194,1767.95703125,36.065155029296875,0.1001688539981842
eval,21298,2018-12-05 12:00:00,188,195,163.9703369140625,9.737836837768555,0.020357292145490646
eval,21298,2018-12-05 12:00:00,189,196,7721.3115234375,71.451904296875,0.08031015843153
eval,21298,2018-12-05 12:00:00,190,197,757.4063720703125,24.385177612304688,0.08183404058218002
eval,21298,2018-12-05 12:00:00,191,198,56797.74609375,167.4663848876953,0.26596009731292725
eval,21298,2018-12-05 12:00:00,192,199,131580.53125,279.8905029296875,0.01585378870368004
eval,21298,2018-12-05 12:00:00,193,200,539.1123046875,18.405529022216797,0.018656449392437935
eval,21298,2018-12-05 12:00:00,194,201,1290.491455078125,25.036779403686523,0.04888337850570679
eval,21298,2018-12-05 12:00:00,195,202,1929.5693359375,36.75457763671875,0.08289971202611923
eval,21298,2018-12-05 12:00:00,196,203,2166.70068359375,37.186038970947266,0.086466483771801
eval,21298,2018-12-05 12:00:00,197,204,7639.06787109375,70.31460571289062,0.02161150425672531
eval,21298,2018-12-05 12:00:00,198,205,23356.333984375,108.35631561279297,0.07647786289453506
eval,21298,2018-12-05 12:00:00,199,206,1708.6390380859375,36.829505920410156,0.05160471796989441
eval,21298,2018-12-05 12:00:00,200,207,90.30873107910156,7.221835613250732,0.022184167057275772
eval,21298,2018-12-05 12:00:00,201,208,297.4187316894531,12.91763687133789,0.03729575127363205
eval,21298,2018-12-05 12:00:00,202,209,389.14178466796875,14.320730209350586,0.05837378650903702
eval,21298,2018-12-05 12:00:00,203,210,1737.3436279296875,30.752838134765625,0.02943231165409088
eval,21298,2018-12-05 12:00:00,204,211,7197.68896484375,67.6112060546875,0.04409696161746979
eval,21298,2018-12-05 12:00:00,205,212,1627.6800537109375,29.041786193847656,0.016797257587313652
eval,21298,2018-12-05 12:00:00,206,213,631.6820068359375,22.880294799804688,0.029301729053258896
eval,21298,2018-12-05 12:00:00,207,214,987.5870971679688,24.154394149780273,0.03786204010248184
eval,21298,2018-12-05 12:00:00,208,215,6057.876953125,45.6075553894043,0.29102468490600586
eval,21298,2018-12-05 12:00:00,209,216,1026.0697021484375,25.9826717376709,0.08566122502088547
eval,21298,2018-12-05 12:00:00,210,217,1031.37109375,25.069799423217773,0.02225295454263687
eval,21298,2018-12-05 12:00:00,211,218,334.2452392578125,14.775923728942871,0.0512540340423584
eval,21298,2018-12-05 12:00:00,212,219,2475.599609375,42.87860107421875,0.08685590326786041
eval,21298,2018-12-05 12:00:00,213,220,3034.142333984375,47.4024772644043,0.06309386342763901
eval,21298,2018-12-05 12:00:00,214,221,2848.12646484375,42.115028381347656,0.04830179736018181
eval,21298,2018-12-05 12:00:00,215,222,2134.375244140625,36.32209777832031,0.07395734637975693
eval,21298,2018-12-05 12:00:00,216,223,5283.42724609375,57.979515075683594,0.04770578444004059
eval,21298,2018-12-05 12:00:00,217,224,265.0740051269531,13.421133041381836,0.04574812576174736
eval,21298,2018-12-05 12:00:00,218,225,2104.62548828125,36.17124938964844,0.03399929404258728
eval,21298,2018-12-05 12:00:00,219,226,26763.099609375,143.692138671875,0.0387013703584671
eval,21298,2018-12-05 12:00:00,220,227,158.6427001953125,9.27640151977539,0.027212318032979965
eval,21298,2018-12-05 12:00:00,221,228,577.4667358398438,20.83414077758789,0.03055083565413952
eval,21298,2018-12-05 12:00:00,222,229,378.3328552246094,14.377832412719727,0.02511826530098915
eval,21298,2018-12-05 12:00:00,223,230,4385.42626953125,51.34206771850586,0.017853206023573875
eval,21298,2018-12-05 12:00:00,224,231,2665.119873046875,31.830862045288086,0.04052414745092392
eval,21298,2018-12-05 12:00:00,225,232,348.20867919921875,16.238422393798828,0.022950759157538414
eval,21298,2018-12-05 12:00:00,226,233,456323.3125,465.3599548339844,0.07572108507156372
eval,21298,2018-12-05 12:00:00,227,234,1147.5057373046875,26.708538055419922,0.11883656680583954
eval,21298,2018-12-05 12:00:00,228,235,340.9517517089844,13.750259399414062,0.03704867139458656
eval,21298,2018-12-05 12:00:00,229,236,4210067.0,1637.5068359375,0.04298211634159088
eval,21298,2018-12-05 12:00:00,230,237,4568.14453125,48.938987731933594,0.044146712869405746
eval,21298,2018-12-05 12:00:00,231,238,271.5007019042969,12.552935600280762,0.04180532693862915
eval,21298,2018-12-05 12:00:00,232,239,191.95199584960938,11.455659866333008,0.019887110218405724
eval,21298,2018-12-05 12:00:00,233,240,1654.14990234375,29.453929901123047,0.035998307168483734
eval,21298,2018-12-05 12:00:00,234,241,201.89901733398438,11.758901596069336,0.03180494159460068
eval,21298,2018-12-05 12:00:00,235,242,360.3039245605469,15.452166557312012,0.02692607417702675
eval,21298,2018-12-05 12:00:00,236,243,793.9655151367188,25.403778076171875,0.03573170304298401
eval,21298,2018-12-05 12:00:00,237,244,587.348388671875,19.689006805419922,0.024732952937483788
eval,21298,2018-12-05 12:00:00,238,246,68829.0,232.75045776367188,0.38201695680618286
eval,21298,2018-12-05 12:00:00,239,247,87.69775390625,7.852011680603027,0.023290103301405907
eval,21298,2018-12-05 12:00:00,240,248,2008.9769287109375,34.35502624511719,0.04257529228925705
eval,21298,2018-12-05 12:00:00,241,249,450.1866455078125,16.93750762939453,0.02583121508359909
eval,21298,2018-12-05 12:00:00,242,250,17408.5390625,109.67715454101562,0.04869484901428223
eval,21298,2018-12-05 12:00:00,243,251,5570.77685546875,58.02183532714844,0.0786253958940506
eval,21298,2018-12-05 12:00:00,244,252,662.476806640625,22.462074279785156,0.10785827040672302
eval,21298,2018-12-05 12:00:00,245,253,1624.881103515625,33.8592414855957,0.05218930169939995
eval,21298,2018-12-05 12:00:00,246,254,30293.234375,142.0626220703125,0.040241509675979614
eval,21298,2018-12-05 12:00:00,247,255,8483.703125,82.09754180908203,0.06894782185554504
eval,21298,2018-12-05 12:00:00,248,256,765.3740234375,23.613243103027344,0.07563149929046631
eval,21298,2018-12-05 12:00:00,249,257,564.88916015625,17.101482391357422,0.03119784966111183
eval,21298,2018-12-05 12:00:00,250,258,1542.1826171875,34.49560546875,0.12105242908000946
eval,21298,2018-12-05 12:00:00,251,259,1655.695556640625,34.2979850769043,0.05063515901565552
eval,21298,2018-12-05 12:00:00,252,260,294.1202087402344,14.154571533203125,0.05985061451792717
eval,21298,2018-12-05 12:00:00,253,261,529.3778076171875,19.80474090576172,0.05980277061462402
eval,21298,2018-12-05 12:00:00,254,262,26589.640625,129.9679718017578,0.031943179666996
eval,21298,2018-12-05 12:00:00,255,263,2788.057373046875,42.40443801879883,0.06045010685920715
eval,21298,2018-12-05 12:00:00,256,264,10526.8212890625,85.65882873535156,0.05981796979904175
eval,21298,2018-12-05 12:00:00,257,265,3211.989013671875,45.604225158691406,0.16155843436717987
eval,21298,2018-12-05 12:00:00,258,266,4257.630859375,51.64081954956055,0.022452738136053085
eval,21298,2018-12-05 12:00:00,259,267,5483.78466796875,60.44221496582031,0.06874430179595947
eval,21298,2018-12-05 12:00:00,260,268,80218.234375,192.9813232421875,0.0493154339492321
eval,21298,2018-12-05 12:00:00,261,269,235.5070037841797,12.855303764343262,0.029961228370666504
eval,21298,2018-12-05 12:00:00,262,270,1390.4359130859375,32.590492248535156,0.008678454905748367
eval,21298,2018-12-05 12:00:00,263,271,44649.04296875,130.53150939941406,0.08909483999013901
eval,21298,2018-12-05 12:00:00,264,272,891.6748046875,23.312728881835938,0.020917590707540512
eval,21298,2018-12-05 12:00:00,265,273,244.17556762695312,11.663984298706055,0.020863041281700134
eval,21298,2018-12-05 12:00:00,266,274,284.2726745605469,13.878283500671387,0.025339400395751
eval,21298,2018-12-05 12:00:00,267,275,511.43206787109375,15.779658317565918,0.03868667036294937
eval,21298,2018-12-05 12:00:00,268,276,148199.703125,260.4465026855469,0.03306238725781441
eval,21298,2018-12-05 12:00:00,269,277,2777.68408203125,41.6954231262207,0.03023417852818966
eval,21298,2018-12-05 12:00:00,270,278,4267.8291015625,44.7557487487793,0.051356829702854156
eval,21298,2018-12-05 12:00:00,271,279,4619.4462890625,54.58928680419922,0.056971754878759384
eval,21298,2018-12-05 12:00:00,272,280,21501.763671875,120.26217651367188,0.06061100959777832
eval,21298,2018-12-05 12:00:00,273,281,59694.34375,203.74693298339844,0.02796129882335663
eval,21298,2018-12-05 12:00:00,274,282,1856.55029296875,38.87704086303711,0.03991759195923805
eval,21298,2018-12-05 12:00:00,275,283,473.8334655761719,16.25080108642578,0.03248909115791321
eval,21298,2018-12-05 12:00:00,276,284,4205.34619140625,54.61506271362305,0.08157838135957718
eval,21298,2018-12-05 12:00:00,277,285,735.3905029296875,22.726165771484375,0.048140428960323334
eval,21298,2018-12-05 12:00:00,278,286,1604.540771484375,30.207172393798828,0.04316367954015732
eval,21298,2018-12-05 12:00:00,279,287,27816.109375,93.23985290527344,0.8064614534378052
eval,21298,2018-12-05 12:00:00,280,288,7875.376953125,63.603309631347656,0.1587565392255783
eval,21298,2018-12-05 12:00:00,281,289,27283.90234375,124.33042907714844,0.1795472353696823
eval,21298,2018-12-05 12:00:00,282,290,669189.0625,543.78173828125,0.019531847909092903
eval,21298,2018-12-05 12:00:00,283,291,641.15625,21.264169692993164,0.008188668638467789
eval,21298,2018-12-05 12:00:00,284,292,23149.7890625,117.09636688232422,0.005650814156979322
eval,21298,2018-12-05 12:00:00,285,293,11251.9912109375,78.26765441894531,0.03575807809829712
eval,21298,2018-12-05 12:00:00,286,294,23230.02734375,82.28632354736328,0.15679413080215454
eval,21298,2018-12-05 12:00:00,287,295,23726.18359375,103.70719909667969,0.23040497303009033
eval,21298,2018-12-05 12:00:00,288,296,90487.234375,256.6331787109375,0.0064463852904737
eval,21298,2018-12-05 12:00:00,289,297,12171.26171875,82.94776153564453,0.03737339749932289
eval,21298,2018-12-05 12:00:00,290,299,466.92376708984375,10.033087730407715,0.5056862235069275
eval,21298,2018-12-05 12:00:00,291,300,4558.22216796875,53.209373474121094,0.031615789979696274
eval,21298,2018-12-05 12:00:00,292,301,167155.46875,263.1671142578125,0.08466874808073044
eval,21298,2018-12-05 12:00:00,293,302,289278.59375,450.16815185546875,0.04266215115785599
eval,21298,2018-12-05 12:00:00,294,303,33808.0625,120.31498718261719,0.8144301772117615
eval,21298,2018-12-05 12:00:00,295,304,14534.7578125,95.70599365234375,0.024171365424990654
eval,21298,2018-12-05 12:00:00,296,305,13602.671875,81.39131927490234,0.09131478518247604
eval,21298,2018-12-05 12:00:00,297,306,25033.23828125,113.14300537109375,0.012077230960130692
eval,21298,2018-12-05 12:00:00,298,307,17911.16796875,100.58316040039062,0.12544912099838257
eval,21298,2018-12-05 12:00:00,299,308,1174858.5,788.6605224609375,0.07087808847427368
eval,21298,2018-12-05 12:00:00,300,309,111460.796875,237.6288299560547,0.061992522329092026
eval,21298,2018-12-05 12:00:00,301,310,659.335205078125,19.31170654296875,0.012668012641370296
eval,21298,2018-12-05 12:00:00,302,311,28748.849609375,123.87712860107422,0.03279951959848404
eval,21298,2018-12-05 12:00:00,303,312,38365.6328125,145.27235412597656,0.06935204565525055
eval,21298,2018-12-05 12:00:00,304,313,468506880.0,14998.4248046875,0.03165118396282196
eval,21298,2018-12-05 12:00:00,305,314,899953.6875,684.6483154296875,0.03792191296815872
eval,21298,2018-12-05 12:00:00,306,315,2529752.0,633.1392211914062,0.030214829370379448
eval,21298,2018-12-05 12:00:00,307,316,1529.915771484375,28.169902801513672,0.067654088139534
eval,21298,2018-12-05 12:00:00,308,317,1875.5654296875,31.216732025146484,1.8835256099700928
eval,21298,2018-12-05 12:00:00,309,318,126100.7734375,180.90054321289062,0.5236747860908508
eval,21298,2018-12-05 12:00:00,310,319,1233.94287109375,27.627782821655273,0.018322596326470375
eval,21298,2018-12-05 12:00:00,311,OT,55419.38671875,175.7609100341797,0.20298025012016296
eval,21554,2018-12-16 04:00:00,0,0,931.1046752929688,20.36345672607422,44.07780075073242
eval,21554,2018-12-16 04:00:00,1,1,29.528396606445312,4.133682727813721,0.06911354511976242
eval,21554,2018-12-16 04:00:00,2,2,0.3962664306163788,0.30758965015411377,0.22673174738883972
eval,21554,2018-12-16 04:00:00,3,3,2039.853271484375,29.913410186767578,0.21097616851329803
eval,21554,2018-12-16 04:00:00,4,4,1175.406005859375,25.591398239135742,0.5778017640113831
eval,21554,2018-12-16 04:00:00,5,5,3392.15576171875,44.52355194091797,0.13146226108074188
eval,21554,2018-12-16 04:00:00,6,7,6122.7763671875,63.16649627685547,0.2253149151802063
eval,21554,2018-12-16 04:00:00,7,8,1722.791259765625,32.563987731933594,0.9257823824882507
eval,21554,2018-12-16 04:00:00,8,9,2110.7919921875,31.677183151245117,0.2985396981239319
eval,21554,2018-12-16 04:00:00,9,10,189.64144897460938,11.007659912109375,0.2277185618877411
eval,21554,2018-12-16 04:00:00,10,11,1874.471923828125,28.725467681884766,0.06330912560224533
eval,21554,2018-12-16 04:00:00,11,12,179.97451782226562,9.787952423095703,0.14117595553398132
eval,21554,2018-12-16 04:00:00,12,13,30.255054473876953,4.453344821929932,0.03716307878494263
eval,21554,2018-12-16 04:00:00,13,14,181.73687744140625,10.93289852142334,0.12803241610527039
eval,21554,2018-12-16 04:00:00,14,15,13479.1796875,96.41609954833984,0.23085777461528778
eval,21554,2018-12-16 04:00:00,15,16,14.761991500854492,2.8565220832824707,0.26366370916366577
eval,21554,2018-12-16 04:00:00,16,17,556.7308349609375,20.408733367919922,0.4361082911491394
eval,21554,2018-12-16 04:00:00,17,18,2273.23876953125,35.878868103027344,0.13732312619686127
eval,21554,2018-12-16 04:00:00,18,19,272.0306091308594,11.711204528808594,0.08888628333806992
eval,21554,2018-12-16 04:00:00,19,20,18.67565155029297,3.3670496940612793,0.08434327691793442
eval,21554,2018-12-16 04:00:00,20,21,2180.1796875,36.89030456542969,0.05395139381289482
eval,21554,2018-12-16 04:00:00,21,22,26.631114959716797,3.877220869064331,0.04632270336151123
eval,21554,2018-12-16 04:00:00,22,23,38.505615234375,4.537784099578857,0.0922689139842987
eval,21554,2018-12-16 04:00:00,23,24,268.5373229980469,13.50574779510498,0.056664224714040756
eval,21554,2018-12-16 04:00:00,24,25,270.90411376953125,13.600400924682617,0.018294433131814003
eval,21554,2018-12-16 04:00:00,25,26,839.3468627929688,21.71059226989746,0.19103917479515076
eval,21554,2018-12-16 04:00:00,26,27,66.98844146728516,6.5098371505737305,0.2881520390510559
eval,21554,2018-12-16 04:00:00,27,28,2201.4931640625,36.553096771240234,0.22149121761322021
eval,21554,2018-12-16 04:00:00,28,29,5828.2080078125,52.49986267089844,0.9673961400985718
eval,21554,2018-12-16 04:00:00,29,30,573.6069946289062,16.534114837646484,0.08845912665128708
eval,21554,2018-12-16 04:00:00,30,31,836.4625854492188,21.36285972595215,0.0885591059923172
eval,21554,2018-12-16 04:00:00,31,32,124.732177734375,8.129884719848633,0.07206147909164429
eval,21554,2018-12-16 04:00:00,32,33,342.0723571777344,13.297369003295898,0.272953599691391
eval,21554,2018-12-16 04:00:00,33,34,90639.0859375,223.44473266601562,0.0961148589849472
eval,21554,2018-12-16 04:00:00,34,35,63.930458068847656,6.742037773132324,0.08331511914730072
eval,21554,2018-12-16 04:00:00,35,36,1564.751708984375,28.894813537597656,0.06467694789171219
eval,21554,2018-12-16 04:00:00,36,37,2648.14208984375,39.27155303955078,0.14635790884494781
eval,21554,2018-12-16 04:00:00,37,38,96.50579833984375,7.8821539878845215,0.1230802983045578
eval,21554,2018-12-16 04:00:00,38,39,60.16646957397461,6.621114730834961,0.4208162724971771
eval,21554,2018-12-16 04:00:00,39,40,45945.82421875,172.6582489013672,0.09411468356847763
eval,21554,2018-12-16 04:00:00,40,41,2339.59375,33.8018684387207,0.07673010230064392
eval,21554,2018-12-16 04:00:00,41,42,677.4993286132812,22.847606658935547,0.21627375483512878
eval,21554,2018-12-16 04:00:00,42,43,109.2559814453125,7.874978065490723,0.1333828866481781
eval,21554,2018-12-16 04:00:00,43,44,413.456298828125,16.669635772705078,0.07527395337820053
eval,21554,2018-12-16 04:00:00,44,45,251.85760498046875,12.861351013183594,0.09144189208745956
eval,21554,2018-12-16 04:00:00,45,46,25.086217880249023,3.990386486053467,0.13733844459056854
eval,21554,2018-12-16 04:00:00,46,47,41.07686233520508,5.307009696960449,0.03764186426997185
eval,21554,2018-12-16 04:00:00,47,48,200.82125854492188,11.869762420654297,0.13323669135570526
eval,21554,2018-12-16 04:00:00,48,49,912.8260498046875,23.14376449584961,0.12374558299779892
eval,21554,2018-12-16 04:00:00,49,50,6191.46484375,64.87432098388672,0.38783496618270874
eval,21554,2018-12-16 04:00:00,50,51,39.649803161621094,4.445911407470703,0.12239974737167358
eval,21554,2018-12-16 04:00:00,51,52,615.5467529296875,17.833087921142578,0.1185389906167984
eval,21554,2018-12-16 04:00:00,52,53,265.3707275390625,12.343759536743164,0.1375325322151184
eval,21554,2018-12-16 04:00:00,53,54,99.2024154663086,8.035709381103516,0.10936155915260315
eval,21554,2018-12-16 04:00:00,54,55,671377.375,532.1970825195312,0.502281129360199
eval,21554,2018-12-16 04:00:00,55,56,551.9275512695312,19.219593048095703,0.13205325603485107
eval,21554,2018-12-16 04:00:00,56,58,12162.0654296875,83.41207122802734,0.30686020851135254
eval,21554,2018-12-16 04:00:00,57,59,4839.818359375,52.903648376464844,0.3342020511627197
eval,21554,2018-12-16 04:00:00,58,60,1124.3720703125,27.18051528930664,0.07907839864492416
eval,21554,2018-12-16 04:00:00,59,61,57.600364685058594,6.484164237976074,0.06621384620666504
eval,21554,2018-12-16 04:00:00,60,62,74.846923828125,6.137381553649902,0.0468246266245842
eval,21554,2018-12-16 04:00:00,61,63,1111.584228515625,25.97347640991211,0.2593798041343689
eval,21554,2018-12-16 04:00:00,62,64,465.83056640625,17.84271812438965,0.10530109703540802
eval,21554,2018-12-16 04:00:00,63,65,385.61297607421875,14.659658432006836,0.08230716735124588
eval,21554,2018-12-16 04:00:00,64,66,32.624813079833984,4.580254554748535,0.027683701366186142
eval,21554,2018-12-16 04:00:00,65,67,226.34033203125,11.055547714233398,0.10492126643657684
eval,21554,2018-12-16 04:00:00,66,68,526.72216796875,13.88844108581543,0.19144809246063232
eval,21554,2018-12-16 04:00:00,67,69,62.5048828125,6.961420059204102,0.07962307333946228
eval,21554,2018-12-16 04:00:00,68,70,210.3264617919922,9.910118103027344,0.15550808608531952
eval,21554,2018-12-16 04:00:00,69,71,75.11720275878906,6.143562316894531,0.21110016107559204
eval,21554,2018-12-16 04:00:00,70,72,1015.2735595703125,25.332565307617188,0.14606797695159912
eval,21554,2018-12-16 04:00:00,71,73,41.16188049316406,5.166543006896973,0.029986761510372162
eval,21554,2018-12-16 04:00:00,72,74,354.1817321777344,13.016010284423828,0.11146404594182968
eval,21554,2018-12-16 04:00:00,73,75,13246.125,87.39775848388672,0.09198246896266937
eval,21554,2018-12-16 04:00:00,74,76,1184.209716796875,24.41152000427246,0.1881558746099472
eval,21554,2018-12-16 04:00:00,75,77,30719.849609375,138.63412475585938,0.13575363159179688
eval,21554,2018-12-16 04:00:00,76,78,1145.65087890625,26.638179779052734,0.0808098167181015
eval,21554,2018-12-16 04:00:00,77,79,1973.8509521484375,35.284156799316406,0.1199583038687706
eval,21554,2018-12-16 04:00:00,78,80,3822.35693359375,43.67194747924805,0.08848331868648529
eval,21554,2018-12-16 04:00:00,79,81,6055.3515625,64.66902160644531,0.05895102024078369
eval,21554,2018-12-16 04:00:00,80,82,2464.679931640625,37.78852844238281,0.09166830033063889
eval,21554,2018-12-16 04:00:00,81,83,166291.015625,233.02401733398438,5.254009246826172
eval,21554,2018-12-16 04:00:00,82,84,2518.42822265625,23.81231689453125,2.3586487770080566
eval,21554,2018-12-16 04:00:00,83,85,36.64493179321289,4.684654712677002,0.04680200666189194
eval,21554,2018-12-16 04:00:00,84,86,14.7147216796875,2.757258176803589,0.05335376784205437
eval,21554,2018-12-16 04:00:00,85,87,12600.0810546875,76.19804382324219,0.09566642343997955
eval,21554,2018-12-16 04:00:00,86,88,35904.0390625,144.36154174804688,0.009499184787273407
eval,21554,2018-12-16 04:00:00,87,89,248376.96875,380.31182861328125,0.015542281791567802
eval,21554,2018-12-16 04:00:00,88,90,1093.3214111328125,25.918441772460938,0.019612833857536316
eval,21554,2018-12-16 04:00:00,89,91,25841.90234375,123.8777084350586,0.007022251840680838
eval,21554,2018-12-16 04:00:00,90,92,63001.625,182.66354370117188,0.01784023456275463
eval,21554,2018-12-16 04:00:00,91,93,465059.4375,535.1593017578125,0.04988853633403778
eval,21554,2018-12-16 04:00:00,92,94,5669.4697265625,56.79842758178711,0.002257260028272867
eval,21554,2018-12-16 04:00:00,93,95,42980.2109375,129.14816284179688,0.08073261380195618
eval,21554,2018-12-16 04:00:00,94,96,12533.15625,84.5670394897461,0.09670989960432053
eval,21554,2018-12-16 04:00:00,95,97,1524.489013671875,30.994365692138672,0.07949155569076538
eval,21554,2018-12-16 04:00:00,96,98,1536.6282958984375,29.504974365234375,0.091410331428051
eval,21554,2018-12-16 04:00:00,97,99,209.7159423828125,10.949206352233887,0.044258277863264084
eval,21554,2018-12-16 04:00:00,98,100,27205.771484375,134.17727661132812,0.07630905508995056
eval,21554,2018-12-16 04:00:00,99,101,457.8116455078125,16.57161521911621,0.05121250078082085
eval,21554,2018-12-16 04:00:00,100,102,280.23291015625,11.924613952636719,0.05152621492743492
eval,21554,2018-12-16 04:00:00,101,103,6961.646484375,60.409358978271484,0.016125205904245377
eval,21554,2018-12-16 04:00:00,102,104,474.955322265625,16.526596069335938,3.7081236839294434
eval,21554,2018-12-16 04:00:00,103,105,1687.4222412109375,25.988370895385742,0.02985381707549095
eval,21554,2018-12-16 04:00:00,104,107,401.36004638671875,10.606853485107422,0.14352411031723022
eval,21554,2018-12-16 04:00:00,105,108,183.89682006835938,9.348186492919922,0.03360168635845184
eval,21554,2018-12-16 04:00:00,106,109,2113.11962890625,34.549102783203125,0.01596331223845482
eval,21554,2018-12-16 04:00:00,107,110,558.2032470703125,19.155187606811523,0.024762243032455444
eval,21554,2018-12-16 04:00:00,108,111,1916.8607177734375,29.37483024597168,0.13926196098327637
eval,21554,2018-12-16 04:00:00,109,112,35872.359375,146.6988983154297,0.26338818669319153
eval,21554,2018-12-16 04:00:00,110,114,13.612723350524902,3.358806610107422,0.44604718685150146
eval,21554,2018-12-16 04:00:00,111,115,194.3994140625,11.077095031738281,0.013102201744914055
eval,21554,2018-12-16 04:00:00,112,116,510.7603454589844,18.586288452148438,0.028354372829198837
eval,21554,2018-12-16 04:00:00,113,117,244.67979431152344,14.153543472290039,0.632581889629364
eval,21554,2018-12-16 04:00:00,114,118,37.03537368774414,4.026795864105225,0.21951477229595184
eval,21554,2018-12-16 04:00:00,115,119,97630.0859375,257.92938232421875,0.4086810052394867
eval,21554,2018-12-16 04:00:00,116,120,2088.041748046875,33.598018646240234,0.34102365374565125
eval,21554,2018-12-16 04:00:00,117,121,6.837462902069092,2.192636489868164,0.20981352031230927
eval,21554,2018-12-16 04:00:00,118,122,4.46700382232666,1.7133491039276123,0.26132047176361084
eval,21554,2018-12-16 04:00:00,119,123,5401.677734375,48.60915756225586,0.09747020900249481
eval,21554,2018-12-16 04:00:00,120,124,328.966552734375,15.824247360229492,0.008260744623839855
eval,21554,2018-12-16 04:00:00,121,125,152.64500427246094,7.524695873260498,1.3872535228729248
eval,21554,2018-12-16 04:00:00,122,126,12609.240234375,81.35079956054688,0.06425531208515167
eval,21554,2018-12-16 04:00:00,123,128,381832.375,524.3274536132812,0.05981910973787308
eval,21554,2018-12-16 04:00:00,124,129,4401.37890625,53.756980895996094,0.2366180717945099
eval,21554,2018-12-16 04:00:00,125,130,4308.73486328125,36.061458587646484,0.40605276823043823
eval,21554,2018-12-16 04:00:00,126,131,232924.546875,363.53460693359375,0.2734595835208893
eval,21554,2018-12-16 04:00:00,127,132,7781.7978515625,75.87434387207031,0.03335048630833626
eval,21554,2018-12-16 04:00:00,128,133,285406.125,449.6077575683594,0.11396537721157074
eval,21554,2018-12-16 04:00:00,129,134,1024.98095703125,28.427608489990234,0.024210583418607712
eval,21554,2018-12-16 04:00:00,130,135,56843.99609375,213.7393798828125,0.029068535193800926
eval,21554,2018-12-16 04:00:00,131,136,1183.445068359375,27.879072189331055,0.05328292399644852
eval,21554,2018-12-16 04:00:00,132,137,119.57362365722656,8.985864639282227,0.05534380301833153
eval,21554,2018-12-16 04:00:00,133,138,1132.359375,26.316001892089844,0.017679709941148758
eval,21554,2018-12-16 04:00:00,134,139,794.6357421875,22.340923309326172,0.030577469617128372
eval,21554,2018-12-16 04:00:00,135,140,11165.7890625,89.13801574707031,0.2189367264509201
eval,21554,2018-12-16 04:00:00,136,141,1068.876708984375,21.648914337158203,0.018467023968696594
eval,21554,2018-12-16 04:00:00,137,142,746.9324951171875,21.213787078857422,0.08795522153377533
eval,21554,2018-12-16 04:00:00,138,144,194.33128356933594,11.466802597045898,0.047996193170547485
eval,21554,2018-12-16 04:00:00,139,145,100.111328125,7.478619575500488,0.008356540463864803
eval,21554,2018-12-16 04:00:00,140,146,4442.89453125,55.681434631347656,0.254156231880188
eval,21554,2018-12-16 04:00:00,141,147,181.8114013671875,10.51436996459961,0.08595976233482361
eval,21554,2018-12-16 04:00:00,142,148,9472.98046875,80.4725341796875,0.04697146639227867
eval,21554,2018-12-16 04:00:00,143,149,109418.453125,289.3662414550781,0.40088367462158203
eval,21554,2018-12-16 04:00:00,144,150,140826.234375,244.12364196777344,0.02883521281182766
eval,21554,2018-12-16 04:00:00,145,151,6825.3857421875,67.98039245605469,0.014036613516509533
eval,21554,2018-12-16 04:00:00,146,152,39564.97265625,163.59024047851562,0.2872503399848938
eval,21554,2018-12-16 04:00:00,147,153,1383116.5,897.9486694335938,0.14976142346858978
eval,21554,2018-12-16 04:00:00,148,154,83154.6484375,214.44677734375,0.17600631713867188
eval,21554,2018-12-16 04:00:00,149,155,20656264.0,4053.466552734375,0.023721031844615936
eval,21554,2018-12-16 04:00:00,150,156,3343.427490234375,43.413818359375,0.05222660303115845
eval,21554,2018-12-16 04:00:00,151,157,23639.48046875,122.92000579833984,0.12475478649139404
eval,21554,2018-12-16 04:00:00,152,158,32810.15234375,135.130126953125,0.05150648579001427
eval,21554,2018-12-16 04:00:00,153,159,98627.09375,237.8011932373047,0.07238941639661789
eval,21554,2018-12-16 04:00:00,154,160,11899.5029296875,93.565673828125,0.07187242805957794
eval,21554,2018-12-16 04:00:00,155,161,11074.255859375,87.62288665771484,0.1016850620508194
eval,21554,2018-12-16 04:00:00,156,162,59849.796875,183.25706481933594,0.09901594370603561
eval,21554,2018-12-16 04:00:00,157,163,150864.40625,329.23944091796875,0.1227816566824913
eval,21554,2018-12-16 04:00:00,158,164,14465.228515625,88.02784729003906,0.05307556316256523
eval,21554,2018-12-16 04:00:00,159,165,3223.936279296875,48.204246520996094,0.0289447121322155
eval,21554,2018-12-16 04:00:00,160,166,760098.375,822.803955078125,0.47281044721603394
eval,21554,2018-12-16 04:00:00,161,167,7293327.5,2134.93017578125,0.1088038831949234
eval,21554,2018-12-16 04:00:00,162,168,3528.958984375,48.01116180419922,0.004432648420333862
eval,21554,2018-12-16 04:00:00,163,169,4913.45849609375,54.98371505737305,0.009910701774060726
eval,21554,2018-12-16 04:00:00,164,170,3227.585693359375,47.898963928222656,0.058212123811244965
eval,21554,2018-12-16 04:00:00,165,171,7628.79443359375,75.33258056640625,0.038728680461645126
eval,21554,2018-12-16 04:00:00,166,172,70016.671875,208.980224609375,0.05154479295015335
eval,21554,2018-12-16 04:00:00,167,173,21747.71484375,119.4012451171875,0.04528936371207237
eval,21554,2018-12-16 04:00:00,168,174,17832.41796875,95.4604721069336,0.06894867867231369
eval,21554,2018-12-16 04:00:00,169,175,98711.1484375,258.0913391113281,0.010101117193698883
eval,21554,2018-12-16 04:00:00,170,176,13119.3515625,68.84994506835938,0.15738573670387268
eval,21554,2018-12-16 04:00:00,171,177,443686.0625,576.9755859375,0.1408584713935852
eval,21554,2018-12-16 04:00:00,172,178,186065.65625,255.53024291992188,0.20819467306137085
eval,21554,2018-12-16 04:00:00,173,179,3001768.0,1496.478759765625,0.07823377102613449
eval,21554,2018-12-16 04:00:00,174,180,1135.8203125,30.080608367919922,0.02074345201253891
eval,21554,2018-12-16 04:00:00,175,181,142163.1875,338.2723083496094,0.0683540552854538
eval,21554,2018-12-16 04:00:00,176,183,1483.535888671875,33.73236846923828,0.017420347779989243
eval,21554,2018-12-16 04:00:00,177,184,19944.0,107.18888854980469,0.07017698884010315
eval,21554,2018-12-16 04:00:00,178,185,19841.130859375,124.43009948730469,0.08585631847381592
eval,21554,2018-12-16 04:00:00,179,186,860645.75,758.9696044921875,0.011725476011633873
eval,21554,2018-12-16 04:00:00,180,187,98991.3984375,220.04217529296875,0.07309530675411224
eval,21554,2018-12-16 04:00:00,181,188,10601.650390625,73.3351058959961,0.4859660565853119
eval,21554,2018-12-16 04:00:00,182,189,30230.771484375,140.92984008789062,0.030979638919234276
eval,21554,2018-12-16 04:00:00,183,190,813.32568359375,22.150251388549805,0.0526844784617424
eval,21554,2018-12-16 04:00:00,184,191,4239.662109375,59.8275260925293,0.10293456166982651
eval,21554,2018-12-16 04:00:00,185,192,1084.09228515625,22.60297393798828,0.0620337650179863
eval,21554,2018-12-16 04:00:00,186,193,23185.24609375,117.82707214355469,0.03566674143075943
eval,21554,2018-12-16 04:00:00,187,194,1403.3997802734375,25.044246673583984,0.04613025486469269
eval,21554,2018-12-16 04:00:00,188,195,858.3055419921875,22.756221771240234,0.06222773715853691
eval,21554,2018-12-16 04:00:00,189,196,4867.20947265625,57.29085922241211,0.03805948793888092
eval,21554,2018-12-16 04:00:00,190,197,1316.954345703125,28.44649887084961,0.06812833249568939
eval,21554,2018-12-16 04:00:00,191,198,54206.5078125,167.9019775390625,0.15939417481422424
eval,21554,2018-12-16 04:00:00,192,199,166141.34375,351.2618103027344,0.01138286106288433
eval,21554,2018-12-16 04:00:00,193,200,311.1368103027344,14.337206840515137,0.010700873099267483
eval,21554,2018-12-16 04:00:00,194,201,839.4274291992188,20.665279388427734,0.02414395660161972
eval,21554,2018-12-16 04:00:00,195,202,1269.56982421875,30.799793243408203,0.03143465518951416
eval,21554,2018-12-16 04:00:00,196,203,2178.77001953125,40.619239807128906,0.05113007873296738
eval,21554,2018-12-16 04:00:00,197,204,30005.3515625,114.82142639160156,0.03727366030216217
eval,21554,2018-12-16 04:00:00,198,205,82830.875,226.50250244140625,0.09628409147262573
eval,21554,2018-12-16 04:00:00,199,206,721.5111083984375,22.364944458007812,0.018767226487398148
eval,21554,2018-12-16 04:00:00,200,207,2715.005859375,38.05866622924805,0.267617404460907
eval,21554,2018-12-16 04:00:00,201,208,249.50537109375,13.016322135925293,0.02944990247488022
eval,21554,2018-12-16 04:00:00,202,209,257.8191223144531,12.11823558807373,0.03370877727866173
eval,21554,2018-12-16 04:00:00,203,210,1036.8582763671875,24.635013580322266,0.015606490895152092
eval,21554,2018-12-16 04:00:00,204,211,3183.39013671875,44.09307861328125,0.011049477383494377
eval,21554,2018-12-16 04:00:00,205,212,4366.560546875,53.73412322998047,0.03495931625366211
eval,21554,2018-12-16 04:00:00,206,213,722.1286010742188,20.525407791137695,0.033696532249450684
eval,21554,2018-12-16 04:00:00,207,214,511.17657470703125,19.12317657470703,0.014849787577986717
eval,21554,2018-12-16 04:00:00,208,215,1705.7161865234375,34.706634521484375,0.06932054460048676
eval,21554,2018-12-16 04:00:00,209,216,1681.731689453125,32.46384811401367,0.06083831191062927
eval,21554,2018-12-16 04:00:00,210,217,1410.1273193359375,25.23646354675293,0.021921463310718536
eval,21554,2018-12-16 04:00:00,211,218,287.8935546875,11.195006370544434,0.041744183748960495
eval,21554,2018-12-16 04:00:00,212,219,30507.677734375,169.58486938476562,0.747268557548523
eval,21554,2018-12-16 04:00:00,213,220,5708.5869140625,62.36741256713867,0.0632459819316864
eval,21554,2018-12-16 04:00:00,214,221,857.6083984375,24.651227951049805,0.015151317231357098
eval,21554,2018-12-16 04:00:00,215,222,1653.9736328125,31.133695602416992,0.04957841336727142
eval,21554,2018-12-16 04:00:00,216,223,4550.1015625,50.9596061706543,0.03346145898103714
eval,21554,2018-12-16 04:00:00,217,224,95.76390075683594,7.5245208740234375,0.012336667627096176
eval,21554,2018-12-16 04:00:00,218,225,954.91845703125,22.515098571777344,0.012967749498784542
eval,21554,2018-12-16 04:00:00,219,226,30982.12109375,120.82830047607422,0.028377866372466087
eval,21554,2018-12-16 04:00:00,220,227,157.43624877929688,8.839513778686523,0.024243652820587158
eval,21554,2018-12-16 04:00:00,221,228,604.3988647460938,19.59851837158203,0.02385777235031128
eval,21554,2018-12-16 04:00:00,222,229,6829.13818359375,67.23768615722656,0.28336262702941895
eval,21554,2018-12-16 04:00:00,223,230,15367.7421875,100.9937973022461,0.028363998979330063
eval,21554,2018-12-16 04:00:00,224,231,5805.1748046875,61.57108688354492,0.08501160144805908
eval,21554,2018-12-16 04:00:00,225,232,534.7547607421875,18.33220863342285,0.01704767905175686
eval,21554,2018-12-16 04:00:00,226,233,1152291.75,867.4654541015625,0.1340479552745819
eval,21554,2018-12-16 04:00:00,227,234,147.59072875976562,9.878127098083496,0.011542318388819695
eval,21554,2018-12-16 04:00:00,228,235,243.57852172851562,13.0753173828125,0.015755310654640198
eval,21554,2018-12-16 04:00:00,229,236,15424504.0,3421.365966796875,0.11214368045330048
eval,21554,2018-12-16 04:00:00,230,237,6387.380859375,64.66412353515625,0.02852051518857479
eval,21554,2018-12-16 04:00:00,231,238,867.7093505859375,25.113414764404297,0.07283253222703934
eval,21554,2018-12-16 04:00:00,232,239,397.75311279296875,15.058897972106934,0.03947370871901512
eval,21554,2018-12-16 04:00:00,233,240,12699.6513671875,100.96531677246094,0.2144118994474411
eval,21554,2018-12-16 04:00:00,234,241,244.54055786132812,12.132499694824219,0.02074562758207321
eval,21554,2018-12-16 04:00:00,235,242,133.4892578125,9.116713523864746,0.00864193495362997
eval,21554,2018-12-16 04:00:00,236,243,2344.80126953125,43.29400634765625,0.0753292441368103
eval,21554,2018-12-16 04:00:00,237,244,1019.7094116210938,27.91756820678711,0.03483996540307999
eval,21554,2018-12-16 04:00:00,238,246,8192.53125,74.47122192382812,0.027671819552779198
eval,21554,2018-12-16 04:00:00,239,247,348.946044921875,14.16773509979248,0.053558312356472015
eval,21554,2018-12-16 04:00:00,240,248,1152.975341796875,25.705188751220703,0.020883483812212944
eval,21554,2018-12-16 04:00:00,241,249,302.44146728515625,12.711091995239258,0.013173038139939308
eval,21554,2018-12-16 04:00:00,242,250,15229.9169921875,89.84944915771484,0.02471916377544403
eval,21554,2018-12-16 04:00:00,243,251,7306.65234375,72.05489349365234,0.07353698462247849
eval,21554,2018-12-16 04:00:00,244,252,365.23406982421875,15.505778312683105,0.04456796497106552
eval,21554,2018-12-16 04:00:00,245,253,2945.708984375,42.30704116821289,0.0487929992377758
eval,21554,2018-12-16 04:00:00,246,254,48497.88671875,123.92922973632812,0.04686691612005234
eval,21554,2018-12-16 04:00:00,247,255,23088.32421875,116.19175720214844,0.050535134971141815
eval,21554,2018-12-16 04:00:00,248,256,389.7941589355469,15.575583457946777,0.028118042275309563
eval,21554,2018-12-16 04:00:00,249,257,1152.9158935546875,24.79650115966797,0.041277721524238586
eval,21554,2018-12-16 04:00:00,250,258,549.63818359375,18.202777862548828,0.041058510541915894
eval,21554,2018-12-16 04:00:00,251,259,1849.0341796875,37.918087005615234,0.04882548749446869
eval,21554,2018-12-16 04:00:00,252,260,1754.091796875,24.75017547607422,0.23746204376220703
eval,21554,2018-12-16 04:00:00,253,261,735.4574584960938,22.29336929321289,0.049866706132888794
eval,21554,2018-12-16 04:00:00,254,262,32842.296875,154.54066467285156,0.03132173418998718
eval,21554,2018-12-16 04:00:00,255,263,2979.0732421875,43.6956787109375,0.06417981535196304
eval,21554,2018-12-16 04:00:00,256,264,29635.40625,145.76953125,0.11449652910232544
eval,21554,2018-12-16 04:00:00,257,265,577.065185546875,18.712444305419922,0.03317240625619888
eval,21554,2018-12-16 04:00:00,258,266,27027.15234375,154.54319763183594,0.12663237750530243
eval,21554,2018-12-16 04:00:00,259,267,7125.7333984375,55.60151672363281,0.05478152260184288
eval,21554,2018-12-16 04:00:00,260,268,59328.9765625,197.37545776367188,0.02886374108493328
eval,21554,2018-12-16 04:00:00,261,269,31.972522735595703,4.629563808441162,0.004067548550665379
eval,21554,2018-12-16 04:00:00,262,270,9330.7978515625,83.20722198486328,0.034035973250865936
eval,21554,2018-12-16 04:00:00,263,271,19311.57421875,104.22064208984375,0.02233291231095791
eval,21554,2018-12-16 04:00:00,264,272,1784.026611328125,31.546768188476562,0.02835935726761818
eval,21554,2018-12-16 04:00:00,265,273,394.40545654296875,17.23089599609375,0.03246978670358658
eval,21554,2018-12-16 04:00:00,266,274,758.1138916015625,21.983200073242188,0.04196658730506897
eval,21554,2018-12-16 04:00:00,267,275,18039.44921875,116.43376922607422,0.630251407623291
eval,21554,2018-12-16 04:00:00,268,276,632968.5,643.9486694335938,0.0814635306596756
eval,21554,2018-12-16 04:00:00,269,277,5940.7255859375,62.82195281982422,0.037686772644519806
eval,21554,2018-12-16 04:00:00,270,278,3281.178466796875,47.27940368652344,0.04667593166232109
eval,21554,2018-12-16 04:00:00,271,279,7343.58935546875,67.93895721435547,0.04763030260801315
eval,21554,2018-12-16 04:00:00,272,280,159904.75,324.127197265625,0.2670198678970337
eval,21554,2018-12-16 04:00:00,273,281,177855.15625,374.371337890625,0.04218241572380066
eval,21554,2018-12-16 04:00:00,274,282,1604.297119140625,29.287382125854492,0.026201961562037468
eval,21554,2018-12-16 04:00:00,275,283,864.3038940429688,21.551734924316406,0.03246878832578659
eval,21554,2018-12-16 04:00:00,276,284,21747.5625,112.59883880615234,0.18552696704864502
eval,21554,2018-12-16 04:00:00,277,285,348.08270263671875,16.623394012451172,0.01699969917535782
eval,21554,2018-12-16 04:00:00,278,286,456.8388671875,16.973705291748047,0.012125778011977673
eval,21554,2018-12-16 04:00:00,279,287,58571.35546875,181.7238006591797,0.6625272631645203
eval,21554,2018-12-16 04:00:00,280,288,45663.8671875,161.83448791503906,0.2014528512954712
eval,21554,2018-12-16 04:00:00,281,289,5569.8046875,60.70161437988281,0.02838454768061638
eval,21554,2018-12-16 04:00:00,282,290,1197867.5,796.07861328125,0.01396068837493658
eval,21554,2018-12-16 04:00:00,283,291,7676.5576171875,46.2623405456543,0.05343214422464371
eval,21554,2018-12-16 04:00:00,284,292,85318.671875,170.27520751953125,0.01411469466984272
eval,21554,2018-12-16 04:00:00,285,293,40551.02734375,142.874755859375,0.060444824397563934
eval,21554,2018-12-16 04:00:00,286,294,13737.052734375,85.06685638427734,0.047653865069150925
eval,21554,2018-12-16 04:00:00,287,295,21932.97265625,104.69894409179688,0.0879090428352356
eval,21554,2018-12-16 04:00:00,288,296,327517.15625,435.4761657714844,0.027184462174773216
eval,21554,2018-12-16 04:00:00,289,297,2556.549560546875,34.72121810913086,0.00868477113544941
eval,21554,2018-12-16 04:00:00,290,299,402.1835632324219,11.912801742553711,0.18641410768032074
eval,21554,2018-12-16 04:00:00,291,300,20405.8359375,88.10342407226562,0.054595910012722015
eval,21554,2018-12-16 04:00:00,292,301,49938.6015625,172.64102172851562,0.014454870484769344
eval,21554,2018-12-16 04:00:00,293,302,15189476.0,2733.86865234375,0.8766700625419617
eval,21554,2018-12-16 04:00:00,294,303,47017.90625,148.337158203125,0.2668280005455017
eval,21554,2018-12-16 04:00:00,295,304,1469.216064453125,32.74315643310547,0.0026640822179615498
eval,21554,2018-12-16 04:00:00,296,305,14660.568359375,75.33784484863281,0.05573035404086113
eval,21554,2018-12-16 04:00:00,297,306,15029.060546875,106.95436096191406,0.004360754042863846
eval,21554,2018-12-16 04:00:00,298,307,24618.00390625,111.30931091308594,0.053207170218229294
eval,21554,2018-12-16 04:00:00,299,308,3272619.5,1341.116455078125,0.11677323281764984
eval,21554,2018-12-16 04:00:00,300,309,290427.84375,440.85345458984375,0.0472937747836113
eval,21554,2018-12-16 04:00:00,301,310,15522.3701171875,89.33653259277344,0.3281818628311157
eval,21554,2018-12-16 04:00:00,302,311,174755.09375,321.2120361328125,0.07579141110181808
eval,21554,2018-12-16 04:00:00,303,312,38277.90625,134.2835693359375,0.06803799420595169
eval,21554,2018-12-16 04:00:00,304,313,306675296.0,13685.6904296875,0.008677413687109947
eval,21554,2018-12-16 04:00:00,305,314,377186.59375,469.2373046875,0.008216622285544872
eval,21554,2018-12-16 04:00:00,306,315,2171524.0,1180.358642578125,0.02203965000808239
eval,21554,2018-12-16 04:00:00,307,316,9580.9365234375,56.10166549682617,0.5085801482200623
eval,21554,2018-12-16 04:00:00,308,317,512.6256713867188,21.825023651123047,0.33078378438949585
eval,21554,2018-12-16 04:00:00,309,318,52830.66796875,193.7950439453125,0.21597295999526978
eval,21554,2018-12-16 04:00:00,310,319,4266.23388671875,47.083465576171875,0.07202664017677307
eval,21554,2018-12-16 04:00:00,311,OT,134453.25,218.2330780029297,0.21930478513240814
eval,21810,2018-12-26 20:00:00,0,0,6.013282775878906,1.9177157878875732,0.14344069361686707
eval,21810,2018-12-26 20:00:00,1,1,8.49602222442627,2.321943998336792,0.03741033375263214
eval,21810,2018-12-26 20:00:00,2,2,2.9271578788757324,0.7419828176498413,1.674831748008728
eval,21810,2018-12-26 20:00:00,3,3,1430.2479248046875,26.157855987548828,0.1621444821357727
eval,21810,2018-12-26 20:00:00,4,4,354.5306396484375,13.823890686035156,0.26220518350601196
eval,21810,2018-12-26 20:00:00,5,5,1432.0693359375,32.56936264038086,0.06676164269447327
eval,21810,2018-12-26 20:00:00,6,7,6312.04248046875,60.3390007019043,0.3090828061103821
eval,21810,2018-12-26 20:00:00,7,8,635.087646484375,21.704601287841797,0.3864443004131317
eval,21810,2018-12-26 20:00:00,8,9,676.591064453125,23.066457748413086,0.10523393005132675
eval,21810,2018-12-26 20:00:00,9,10,157.05392456054688,9.474586486816406,0.21800071001052856
eval,21810,2018-12-26 20:00:00,10,11,2366.744873046875,38.056373596191406,0.07296540588140488
eval,21810,2018-12-26 20:00:00,11,12,56.95669174194336,6.139468193054199,0.059194888919591904
eval,21810,2018-12-26 20:00:00,12,13,141.38607788085938,8.189422607421875,0.18637201189994812
eval,21810,2018-12-26 20:00:00,13,14,117.8593978881836,8.79209041595459,0.09088946878910065
eval,21810,2018-12-26 20:00:00,14,15,8102.2138671875,68.73194885253906,0.1436341106891632
eval,21810,2018-12-26 20:00:00,15,16,7.22481107711792,1.8779685497283936,0.1404607594013214
eval,21810,2018-12-26 20:00:00,16,17,722.402587890625,25.0107479095459,0.6382676362991333
eval,21810,2018-12-26 20:00:00,17,18,500.2133483886719,18.18695068359375,0.03800477832555771
eval,21810,2018-12-26 20:00:00,18,19,366.41534423828125,14.385284423828125,0.13580821454524994
eval,21810,2018-12-26 20:00:00,19,20,22.595901489257812,3.9370274543762207,0.10790392756462097
eval,21810,2018-12-26 20:00:00,20,21,5181.29150390625,53.95859909057617,0.16237524151802063
eval,21810,2018-12-26 20:00:00,21,22,164.37489318847656,10.29175090789795,0.5914795398712158
eval,21810,2018-12-26 20:00:00,22,23,65.87767791748047,6.072212219238281,0.1608174443244934
eval,21810,2018-12-26 20:00:00,23,24,676.8564453125,21.849058151245117,0.19446127116680145
eval,21810,2018-12-26 20:00:00,24,25,782.5377807617188,19.78738784790039,0.06345571577548981
eval,21810,2018-12-26 20:00:00,25,26,1106.766845703125,25.368011474609375,0.3660833537578583
eval,21810,2018-12-26 20:00:00,26,27,21.95821189880371,3.833247661590576,0.11839481443166733
eval,21810,2018-12-26 20:00:00,27,28,1127.2850341796875,27.37059783935547,0.14667972922325134
eval,21810,2018-12-26 20:00:00,28,29,766.4888916015625,23.1168270111084,0.044295042753219604
eval,21810,2018-12-26 20:00:00,29,30,1303.688720703125,29.036489486694336,0.19697052240371704
eval,21810,2018-12-26 20:00:00,30,31,1272.0638427734375,25.077550888061523,0.15626667439937592
eval,21810,2018-12-26 20:00:00,31,32,316.56488037109375,13.711051940917969,0.1537167727947235
eval,21810,2018-12-26 20:00:00,32,33,362.5649108886719,13.45724868774414,0.3321670889854431
eval,21810,2018-12-26 20:00:00,33,34,250387.34375,401.7989196777344,0.369698703289032
eval,21810,2018-12-26 20:00:00,34,35,174.73007202148438,9.525162696838379,0.27289316058158875
eval,21810,2018-12-26 20:00:00,35,36,38824.984375,129.20855712890625,1.4539837837219238
eval,21810,2018-12-26 20:00:00,36,37,2137.306640625,30.268484115600586,0.15593114495277405
eval,21810,2018-12-26 20:00:00,37,38,380.5690612792969,10.693807601928711,0.5687335729598999
eval,21810,2018-12-26 20:00:00,38,39,99.60870361328125,8.50068473815918,0.6598559617996216
eval,21810,2018-12-26 20:00:00,39,40,53567.625,181.44004821777344,0.10563349723815918
eval,21810,2018-12-26 20:00:00,40,41,2782.60205078125,36.49237060546875,0.10226339101791382
eval,21810,2018-12-26 20:00:00,41,42,437.3547058105469,18.988014221191406,0.1847207397222519
eval,21810,2018-12-26 20:00:00,42,43,120.93708801269531,9.121419906616211,0.18631792068481445
eval,21810,2018-12-26 20:00:00,43,44,640.2529907226562,20.67693328857422,0.13969114422798157
eval,21810,2018-12-26 20:00:00,44,45,337.42401123046875,15.256696701049805,0.1590559184551239
eval,21810,2018-12-26 20:00:00,45,46,38.191932678222656,5.006965637207031,0.3066466450691223
eval,21810,2018-12-26 20:00:00,46,47,111.43672180175781,8.003458976745605,0.11452208459377289
eval,21810,2018-12-26 20:00:00,47,48,508.3475036621094,16.00420379638672,0.352888822555542
eval,21810,2018-12-26 20:00:00,48,49,1107.576171875,25.18121337890625,0.1854543536901474
eval,21810,2018-12-26 20:00:00,49,50,3985.9189453125,50.900657653808594,0.38613420724868774
eval,21810,2018-12-26 20:00:00,50,51,108.55174255371094,7.442355155944824,0.3841741979122162
eval,21810,2018-12-26 20:00:00,51,52,843.8881225585938,20.997447967529297,0.18010005354881287
eval,21810,2018-12-26 20:00:00,52,53,441.7259216308594,16.7757568359375,0.24649040400981903
eval,21810,2018-12-26 20:00:00,53,54,57.427223205566406,5.099857807159424,0.07424603402614594
eval,21810,2018-12-26 20:00:00,54,55,226476.359375,391.9144287109375,0.15391099452972412
eval,21810,2018-12-26 20:00:00,55,56,1165.82080078125,24.033620834350586,0.42389997839927673
eval,21810,2018-12-26 20:00:00,56,58,10280.2109375,79.70237731933594,0.3383522927761078
eval,21810,2018-12-26 20:00:00,57,59,2270.58349609375,33.85716247558594,0.22598958015441895
eval,21810,2018-12-26 20:00:00,58,60,1828.20849609375,31.884342193603516,0.15198788046836853
eval,21810,2018-12-26 20:00:00,59,61,279.6714782714844,12.808090209960938,0.41397401690483093
eval,21810,2018-12-26 20:00:00,60,62,161.5040740966797,9.004730224609375,0.11101025342941284
eval,21810,2018-12-26 20:00:00,61,63,650.29052734375,19.64973258972168,0.14934228360652924
eval,21810,2018-12-26 20:00:00,62,64,264.2755126953125,13.190862655639648,0.06578521430492401
eval,21810,2018-12-26 20:00:00,63,65,286.7790832519531,12.686403274536133,0.07877544313669205
eval,21810,2018-12-26 20:00:00,64,66,186.2900848388672,11.159483909606934,0.16710160672664642
eval,21810,2018-12-26 20:00:00,65,67,440.53009033203125,17.246898651123047,0.22578725218772888
eval,21810,2018-12-26 20:00:00,66,68,944.9554443359375,21.8946533203125,0.4577307105064392
eval,21810,2018-12-26 20:00:00,67,69,101.44646453857422,8.065559387207031,0.2506963610649109
eval,21810,2018-12-26 20:00:00,68,70,357.52874755859375,13.368807792663574,0.18851856887340546
eval,21810,2018-12-26 20:00:00,69,71,63.8391227722168,5.246509075164795,0.23690877854824066
eval,21810,2018-12-26 20:00:00,70,72,1500.861328125,23.424245834350586,0.2159869521856308
eval,21810,2018-12-26 20:00:00,71,73,47.57816696166992,5.6151556968688965,0.04421667382121086
eval,21810,2018-12-26 20:00:00,72,74,513.4622802734375,17.51338768005371,0.1805192530155182
eval,21810,2018-12-26 20:00:00,73,75,10377.20703125,81.29405212402344,0.06325560063123703
eval,21810,2018-12-26 20:00:00,74,76,1272.6551513671875,28.499197006225586,0.23045717179775238
eval,21810,2018-12-26 20:00:00,75,77,16558.5859375,100.7027587890625,0.10011830180883408
eval,21810,2018-12-26 20:00:00,76,78,1071.88232421875,27.76166534423828,0.07911135256290436
eval,21810,2018-12-26 20:00:00,77,79,5919.8037109375,61.39153289794922,0.6270790100097656
eval,21810,2018-12-26 20:00:00,78,80,12795.716796875,94.87108612060547,0.3567922115325928
eval,21810,2018-12-26 20:00:00,79,81,222258.921875,386.19384765625,1.6780574321746826
eval,21810,2018-12-26 20:00:00,80,82,7984.845703125,75.83909606933594,0.3556642532348633
eval,21810,2018-12-26 20:00:00,81,83,99518.46875,176.16001892089844,1.050154447555542
eval,21810,2018-12-26 20:00:00,82,84,513.56884765625,20.195720672607422,0.06331868469715118
eval,21810,2018-12-26 20:00:00,83,85,12.731451034545898,2.8089091777801514,0.017629552632570267
eval,21810,2018-12-26 20:00:00,84,86,154.65745544433594,9.036523818969727,0.3212450444698334
eval,21810,2018-12-26 20:00:00,85,87,2537.660888671875,39.181297302246094,0.014391070231795311
eval,21810,2018-12-26 20:00:00,86,88,64857.296875,193.5408935546875,0.02103417180478573
eval,21810,2018-12-26 20:00:00,87,89,1266459.25,830.4180908203125,0.07924918085336685
eval,21810,2018-12-26 20:00:00,88,90,224.53343200683594,11.72565746307373,0.004995293449610472
eval,21810,2018-12-26 20:00:00,89,91,71750.8828125,124.43667602539062,0.034523047506809235
eval,21810,2018-12-26 20:00:00,90,92,398140.21875,448.9695739746094,0.16559568047523499
eval,21810,2018-12-26 20:00:00,91,93,52021.7265625,182.12265014648438,0.009048813953995705
eval,21810,2018-12-26 20:00:00,92,94,6698.7890625,71.08293151855469,0.0037120357155799866
eval,21810,2018-12-26 20:00:00,93,95,15007.359375,79.25495910644531,0.0391417071223259
eval,21810,2018-12-26 20:00:00,94,96,36318.48046875,153.9182891845703,0.3310171067714691
eval,21810,2018-12-26 20:00:00,95,97,2321.32861328125,32.61298751831055,0.10355182737112045
eval,21810,2018-12-26 20:00:00,96,98,5144.61474609375,55.061500549316406,0.6914229393005371
eval,21810,2018-12-26 20:00:00,97,99,2620.86572265625,49.97076416015625,1.414801001548767
eval,21810,2018-12-26 20:00:00,98,100,35653.5703125,152.49708557128906,0.14529305696487427
eval,21810,2018-12-26 20:00:00,99,101,641.4896850585938,20.524812698364258,0.11987368762493134
eval,21810,2018-12-26 20:00:00,100,102,153.03433227539062,9.39714241027832,0.02875647507607937
eval,21810,2018-12-26 20:00:00,101,103,7765.5302734375,72.2550048828125,0.018368922173976898
eval,21810,2018-12-26 20:00:00,102,104,17917.689453125,127.26131439208984,13.522193908691406
eval,21810,2018-12-26 20:00:00,103,105,7015.3330078125,29.550922393798828,0.14510038495063782
eval,21810,2018-12-26 20:00:00,104,107,356.45196533203125,14.450404167175293,0.1057550236582756
eval,21810,2018-12-26 20:00:00,105,108,120.31761169433594,7.695657253265381,0.022364061325788498
eval,21810,2018-12-26 20:00:00,106,109,1534.7445068359375,28.84125518798828,0.015755970031023026
eval,21810,2018-12-26 20:00:00,107,110,1008.2160034179688,22.421852111816406,0.06788645684719086
eval,21810,2018-12-26 20:00:00,108,111,2233.9541015625,36.80489730834961,0.13105495274066925
eval,21810,2018-12-26 20:00:00,109,112,60535.1484375,144.7798614501953,0.5137456059455872
eval,21810,2018-12-26 20:00:00,110,114,0.14223894476890564,0.27159738540649414,0.0038923369720578194
eval,21810,2018-12-26 20:00:00,111,115,431.98345947265625,16.390586853027344,0.2998444139957428
eval,21810,2018-12-26 20:00:00,112,116,1331.99560546875,26.487991333007812,0.13682477176189423
eval,21810,2018-12-26 20:00:00,113,117,34.8168830871582,4.524162292480469,0.21691176295280457
eval,21810,2018-12-26 20:00:00,114,118,3.4799280166625977,1.6112760305404663,0.14198201894760132
eval,21810,2018-12-26 20:00:00,115,119,52375.23046875,195.1323699951172,0.3682442307472229
eval,21810,2018-12-26 20:00:00,116,120,160.91490173339844,10.37562084197998,0.05319580063223839
eval,21810,2018-12-26 20:00:00,117,121,15.252848625183105,3.048384189605713,0.3076283931732178
eval,21810,2018-12-26 20:00:00,118,122,41.97616195678711,2.9901046752929688,0.47112008929252625
eval,21810,2018-12-26 20:00:00,119,123,1277.0662841796875,31.52545166015625,0.026401296257972717
eval,21810,2018-12-26 20:00:00,120,124,736.9534912109375,23.909208297729492,0.012932011857628822
eval,21810,2018-12-26 20:00:00,121,125,80.41412353515625,7.87965202331543,1.0907179117202759
eval,21810,2018-12-26 20:00:00,122,126,53204.15234375,168.4021453857422,0.42074835300445557
eval,21810,2018-12-26 20:00:00,123,128,2752130.75,1258.802001953125,0.6132133603096008
eval,21810,2018-12-26 20:00:00,124,129,951.7760009765625,24.840160369873047,0.04526511952280998
eval,21810,2018-12-26 20:00:00,125,130,552.149169921875,14.780044555664062,0.042359258979558945
eval,21810,2018-12-26 20:00:00,126,131,321591.75,429.0455017089844,0.5323667526245117
eval,21810,2018-12-26 20:00:00,127,132,54399.01171875,200.01010131835938,0.23662666976451874
eval,21810,2018-12-26 20:00:00,128,133,754544.1875,730.5382080078125,0.39011478424072266
eval,21810,2018-12-26 20:00:00,129,134,2025.5946044921875,38.040802001953125,0.0432240292429924
eval,21810,2018-12-26 20:00:00,130,135,32293.0859375,157.6582489013672,0.018284911289811134
eval,21810,2018-12-26 20:00:00,131,136,413.43182373046875,15.321791648864746,0.018760155886411667
eval,21810,2018-12-26 20:00:00,132,137,78.087158203125,7.512026786804199,0.04205507040023804
eval,21810,2018-12-26 20:00:00,133,138,783.6786499023438,18.94116973876953,0.01655646413564682
eval,21810,2018-12-26 20:00:00,134,139,723.2338256835938,23.092159271240234,0.05882040783762932
eval,21810,2018-12-26 20:00:00,135,140,1203.455810546875,26.318317413330078,0.030133336782455444
eval,21810,2018-12-26 20:00:00,136,141,497.3503112792969,18.107303619384766,0.010450290516018867
eval,21810,2018-12-26 20:00:00,137,142,286.3581237792969,13.163294792175293,0.02537032961845398
eval,21810,2018-12-26 20:00:00,138,144,179.491455078125,10.924345016479492,0.06997489929199219
eval,21810,2018-12-26 20:00:00,139,145,349.3631286621094,12.803385734558105,0.034055545926094055
eval,21810,2018-12-26 20:00:00,140,146,1173.5521240234375,22.817611694335938,0.08820310235023499
eval,21810,2018-12-26 20:00:00,141,147,80.06365966796875,6.856112480163574,0.041764043271541595
eval,21810,2018-12-26 20:00:00,142,148,3125.555419921875,47.75707244873047,0.024661285802721977
eval,21810,2018-12-26 20:00:00,143,149,9068.134765625,74.76242065429688,0.11817692220211029
eval,21810,2018-12-26 20:00:00,144,150,99181.234375,278.4512634277344,0.028943534940481186
eval,21810,2018-12-26 20:00:00,145,151,4667.515625,53.31727600097656,0.013905143365263939
eval,21810,2018-12-26 20:00:00,146,152,1796.784423828125,32.8798828125,0.022502107545733452
eval,21810,2018-12-26 20:00:00,147,153,725442.375,755.0888671875,0.11465349048376083
eval,21810,2018-12-26 20:00:00,148,154,23699.2421875,98.64585876464844,0.1280134916305542
eval,21810,2018-12-26 20:00:00,149,155,36105984.0,4889.01806640625,0.07591256499290466
eval,21810,2018-12-26 20:00:00,150,156,1035.91162109375,24.491621017456055,0.021470479667186737
eval,21810,2018-12-26 20:00:00,151,157,23456.826171875,135.50559997558594,0.23363059759140015
eval,21810,2018-12-26 20:00:00,152,158,12119.939453125,95.4134521484375,0.019753631204366684
eval,21810,2018-12-26 20:00:00,153,159,20842.4921875,110.158935546875,0.026431333273649216
eval,21810,2018-12-26 20:00:00,154,160,7752.61083984375,61.945045471191406,0.07426963001489639
eval,21810,2018-12-26 20:00:00,155,161,2191.583984375,37.07680892944336,0.03797898814082146
eval,21810,2018-12-26 20:00:00,156,162,12799.671875,90.59957122802734,0.0255983155220747
eval,21810,2018-12-26 20:00:00,157,163,113189.9375,253.11703491210938,0.1093531996011734
eval,21810,2018-12-26 20:00:00,158,164,8044.19921875,69.58659362792969,0.032183971256017685
eval,21810,2018-12-26 20:00:00,159,165,3433.906982421875,40.3302116394043,0.045444659888744354
eval,21810,2018-12-26 20:00:00,160,166,34564.3125,151.5509033203125,0.03032425045967102
eval,21810,2018-12-26 20:00:00,161,167,2567498.75,1253.1195068359375,0.05430908501148224
eval,21810,2018-12-26 20:00:00,162,168,16473.07421875,100.39176940917969,0.033759020268917084
eval,21810,2018-12-26 20:00:00,163,169,22263.201171875,95.85741424560547,0.05981475114822388
eval,21810,2018-12-26 20:00:00,164,170,2940.900146484375,38.01866912841797,0.05411893129348755
eval,21810,2018-12-26 20:00:00,165,171,8994.07421875,76.65337371826172,0.05787746235728264
eval,21810,2018-12-26 20:00:00,166,172,30257.75,130.23265075683594,0.023053443059325218
eval,21810,2018-12-26 20:00:00,167,173,9172.068359375,81.87349700927734,0.02511671744287014
eval,21810,2018-12-26 20:00:00,168,174,7222.22607421875,64.59280395507812,0.061541955918073654
eval,21810,2018-12-26 20:00:00,169,175,111460.3359375,258.59930419921875,0.01071944460272789
eval,21810,2018-12-26 20:00:00,170,176,16421.951171875,97.16966247558594,0.21750585734844208
eval,21810,2018-12-26 20:00:00,171,177,21423.779296875,104.4842758178711,0.011865202337503433
eval,21810,2018-12-26 20:00:00,172,178,173090.71875,410.0310974121094,0.3988821506500244
eval,21810,2018-12-26 20:00:00,173,179,287793.96875,449.33599853515625,0.01932002231478691
eval,21810,2018-12-26 20:00:00,174,180,886.7816162109375,25.88788414001465,0.032641731202602386
eval,21810,2018-12-26 20:00:00,175,181,36047.2109375,149.34243774414062,0.02108004502952099
eval,21810,2018-12-26 20:00:00,176,183,3078.0859375,45.83592987060547,0.0360407754778862
eval,21810,2018-12-26 20:00:00,177,184,13934.1875,93.98922729492188,0.05348944664001465
eval,21810,2018-12-26 20:00:00,178,185,3078.916015625,44.81739044189453,0.028486153110861778
eval,21810,2018-12-26 20:00:00,179,186,668386.75,678.9052734375,0.012040965259075165
eval,21810,2018-12-26 20:00:00,180,187,10827.6201171875,79.11883544921875,0.010235357098281384
eval,21810,2018-12-26 20:00:00,181,188,494.2838134765625,18.285686492919922,0.05296744033694267
eval,21810,2018-12-26 20:00:00,182,189,151340.65625,322.2926025390625,0.2904994487762451
eval,21810,2018-12-26 20:00:00,183,190,278.7359924316406,15.036325454711914,0.03209123760461807
eval,21810,2018-12-26 20:00:00,184,191,494.98626708984375,17.682100296020508,0.016314474865794182
eval,21810,2018-12-26 20:00:00,185,192,342.7554626464844,15.514902114868164,0.03637062758207321
eval,21810,2018-12-26 20:00:00,186,193,29669.068359375,135.04248046875,0.05906563997268677
eval,21810,2018-12-26 20:00:00,187,194,1133.281982421875,28.283559799194336,0.05939629673957825
eval,21810,2018-12-26 20:00:00,188,195,767.02197265625,25.35248374938965,0.08333693444728851
eval,21810,2018-12-26 20:00:00,189,196,2519.754638671875,43.07903289794922,0.022864392027258873
eval,21810,2018-12-26 20:00:00,190,197,1750.7333984375,32.243186950683594,0.18420875072479248
eval,21810,2018-12-26 20:00:00,191,198,35156.8203125,145.34927368164062,0.27053701877593994
eval,21810,2018-12-26 20:00:00,192,199,121064.75,285.86505126953125,0.014119260013103485
eval,21810,2018-12-26 20:00:00,193,200,734.2962646484375,18.482036590576172,0.026786958798766136
eval,21810,2018-12-26 20:00:00,194,201,892.724609375,23.57961082458496,0.031192131340503693
eval,21810,2018-12-26 20:00:00,195,202,2093.71630859375,34.49705123901367,0.08433467149734497
eval,21810,2018-12-26 20:00:00,196,203,1089.661865234375,28.307228088378906,0.03125802427530289
eval,21810,2018-12-26 20:00:00,197,204,11530.025390625,90.53907775878906,0.018005426973104477
eval,21810,2018-12-26 20:00:00,198,205,15197.1982421875,81.79946899414062,0.04962114617228508
eval,21810,2018-12-26 20:00:00,199,206,368.4729919433594,14.714491844177246,0.01149233989417553
eval,21810,2018-12-26 20:00:00,200,207,194.2266845703125,10.605005264282227,0.03920973837375641
eval,21810,2018-12-26 20:00:00,201,208,474.17742919921875,15.000033378601074,0.06493322551250458
eval,21810,2018-12-26 20:00:00,202,209,215.4727783203125,11.357328414916992,0.03461617976427078
eval,21810,2018-12-26 20:00:00,203,210,3815.94677734375,47.92647933959961,0.058530859649181366
eval,21810,2018-12-26 20:00:00,204,211,5986.1962890625,61.91630172729492,0.03761158883571625
eval,21810,2018-12-26 20:00:00,205,212,2102.132080078125,33.688720703125,0.022506525740027428
eval,21810,2018-12-26 20:00:00,206,213,616.02783203125,20.823802947998047,0.03151550889015198
eval,21810,2018-12-26 20:00:00,207,214,867.603271484375,23.664016723632812,0.03231825679540634
eval,21810,2018-12-26 20:00:00,208,215,1224.634521484375,28.552953720092773,0.06354211270809174
eval,21810,2018-12-26 20:00:00,209,216,681.4160766601562,19.25092315673828,0.05278974026441574
eval,21810,2018-12-26 20:00:00,210,217,3543.504638671875,44.90803146362305,0.05726886913180351
eval,21810,2018-12-26 20:00:00,211,218,220.99996948242188,12.683797836303711,0.042596351355314255
eval,21810,2018-12-26 20:00:00,212,219,676.1024169921875,19.208341598510742,0.0218668170273304
eval,21810,2018-12-26 20:00:00,213,220,1876.505859375,34.248104095458984,0.03546249493956566
eval,21810,2018-12-26 20:00:00,214,221,1998.1019287109375,33.61962890625,0.03598042577505112
eval,21810,2018-12-26 20:00:00,215,222,1829.943603515625,38.956966400146484,0.055167000740766525
eval,21810,2018-12-26 20:00:00,216,223,5875.7705078125,59.522613525390625,0.05403256416320801
eval,21810,2018-12-26 20:00:00,217,224,171.0166015625,11.003385543823242,0.03202994540333748
eval,21810,2018-12-26 20:00:00,218,225,2243.032958984375,37.03456497192383,0.03740997239947319
eval,21810,2018-12-26 20:00:00,219,226,25276.396484375,140.26707458496094,0.04036136344075203
eval,21810,2018-12-26 20:00:00,220,227,284.938232421875,13.023330688476562,0.05619116872549057
eval,21810,2018-12-26 20:00:00,221,228,414.3304138183594,16.182064056396484,0.020505577325820923
eval,21810,2018-12-26 20:00:00,222,229,521.5692138671875,18.021343231201172,0.030369572341442108
eval,21810,2018-12-26 20:00:00,223,230,32322.9296875,135.45645141601562,0.10059686750173569
eval,21810,2018-12-26 20:00:00,224,231,20818.21875,118.00131225585938,0.33060017228126526
eval,21810,2018-12-26 20:00:00,225,232,500.6331481933594,20.05658721923828,0.031907450407743454
eval,21810,2018-12-26 20:00:00,226,233,219534.84375,387.0061950683594,0.038125209510326385
eval,21810,2018-12-26 20:00:00,227,234,433.6187438964844,15.174853324890137,0.04266221821308136
eval,21810,2018-12-26 20:00:00,228,235,352.4701843261719,15.837509155273438,0.03781251236796379
eval,21810,2018-12-26 20:00:00,229,236,11054022.0,2706.1279296875,0.11672256886959076
eval,21810,2018-12-26 20:00:00,230,237,6311.44091796875,61.59082794189453,0.0482758991420269
eval,21810,2018-12-26 20:00:00,231,238,254.7254638671875,10.670329093933105,0.03930467367172241
eval,21810,2018-12-26 20:00:00,232,239,189.01953125,11.566377639770508,0.020938605070114136
eval,21810,2018-12-26 20:00:00,233,240,1904.7117919921875,36.318172454833984,0.044257234781980515
eval,21810,2018-12-26 20:00:00,234,241,801.0753173828125,20.26692771911621,0.12110158056020737
eval,21810,2018-12-26 20:00:00,235,242,270.9779968261719,12.80080795288086,0.018743060529232025
eval,21810,2018-12-26 20:00:00,236,243,458.16998291015625,18.539718627929688,0.021338192746043205
eval,21810,2018-12-26 20:00:00,237,244,788.9857177734375,24.041534423828125,0.03251372277736664
eval,21810,2018-12-26 20:00:00,238,246,12806.828125,91.02452087402344,0.06690660119056702
eval,21810,2018-12-26 20:00:00,239,247,981.5126953125,22.947521209716797,0.2035936415195465
eval,21810,2018-12-26 20:00:00,240,248,5460.5595703125,58.78754806518555,0.12307300418615341
eval,21810,2018-12-26 20:00:00,241,249,994.329833984375,25.24837303161621,0.05941825732588768
eval,21810,2018-12-26 20:00:00,242,250,7745.40576171875,68.43452453613281,0.022702407091856003
eval,21810,2018-12-26 20:00:00,243,251,5109.56005859375,54.766998291015625,0.07978306710720062
eval,21810,2018-12-26 20:00:00,244,252,250.85040283203125,13.652022361755371,0.03928186744451523
eval,21810,2018-12-26 20:00:00,245,253,1213.3193359375,26.248504638671875,0.040406759828329086
eval,21810,2018-12-26 20:00:00,246,254,71118.640625,199.10923767089844,0.09016469120979309
eval,21810,2018-12-26 20:00:00,247,255,12092.8701171875,81.23988342285156,0.0999845489859581
eval,21810,2018-12-26 20:00:00,248,256,802.61962890625,20.730274200439453,0.05842820554971695
eval,21810,2018-12-26 20:00:00,249,257,2588.76611328125,44.98298263549805,0.12332770228385925
eval,21810,2018-12-26 20:00:00,250,258,540.7086791992188,16.572959899902344,0.04610949754714966
eval,21810,2018-12-26 20:00:00,251,259,482.186767578125,15.03997802734375,0.014219069853425026
eval,21810,2018-12-26 20:00:00,252,260,285.80963134765625,11.854658126831055,0.060165777802467346
eval,21810,2018-12-26 20:00:00,253,261,326.56884765625,13.587882041931152,0.03587938845157623
eval,21810,2018-12-26 20:00:00,254,262,24030.138671875,91.2619857788086,0.034062232822179794
eval,21810,2018-12-26 20:00:00,255,263,2847.632568359375,41.84281921386719,0.059633057564496994
eval,21810,2018-12-26 20:00:00,256,264,16246.083984375,98.16926574707031,0.09018896520137787
eval,21810,2018-12-26 20:00:00,257,265,1275.9498291015625,26.478973388671875,0.07815258949995041
eval,21810,2018-12-26 20:00:00,258,266,12375.505859375,91.59970092773438,0.062056295573711395
eval,21810,2018-12-26 20:00:00,259,267,4462.17724609375,54.189239501953125,0.043369077146053314
eval,21810,2018-12-26 20:00:00,260,268,126040.6796875,263.4088134765625,0.08493035286664963
eval,21810,2018-12-26 20:00:00,261,269,144.95382690429688,10.051673889160156,0.020581476390361786
eval,21810,2018-12-26 20:00:00,262,270,3329.022216796875,47.533897399902344,0.020158488303422928
eval,21810,2018-12-26 20:00:00,263,271,6959.34375,61.14069747924805,0.013569753617048264
eval,21810,2018-12-26 20:00:00,264,272,6482.9013671875,59.84638977050781,0.16641131043434143
eval,21810,2018-12-26 20:00:00,265,273,337.603759765625,14.498250961303711,0.03633778169751167
eval,21810,2018-12-26 20:00:00,266,274,632.822021484375,21.298919677734375,0.04625449329614639
eval,21810,2018-12-26 20:00:00,267,275,906.6717529296875,22.71381187438965,0.06748930364847183
eval,21810,2018-12-26 20:00:00,268,276,229834.25,337.45806884765625,0.047249700874090195
eval,21810,2018-12-26 20:00:00,269,277,10111.37109375,83.62747192382812,0.11139373481273651
eval,21810,2018-12-26 20:00:00,270,278,4970.82568359375,61.27373504638672,0.06846847385168076
eval,21810,2018-12-26 20:00:00,271,279,1735.7113037109375,31.801496505737305,0.019247565418481827
eval,21810,2018-12-26 20:00:00,272,280,20096.42578125,115.18463134765625,0.08496671915054321
eval,21810,2018-12-26 20:00:00,273,281,71825.140625,195.82957458496094,0.029931392520666122
eval,21810,2018-12-26 20:00:00,274,282,1401.12060546875,32.357513427734375,0.02995440736413002
eval,21810,2018-12-26 20:00:00,275,283,447.1924743652344,16.98720932006836,0.02733553573489189
eval,21810,2018-12-26 20:00:00,276,284,1803.238037109375,29.928951263427734,0.028583955019712448
eval,21810,2018-12-26 20:00:00,277,285,339.4897766113281,14.19233226776123,0.022456694394350052
eval,21810,2018-12-26 20:00:00,278,286,1289.97265625,23.750099182128906,0.04419238865375519
eval,21810,2018-12-26 20:00:00,279,287,6972.06591796875,60.275081634521484,0.33186912536621094
eval,21810,2018-12-26 20:00:00,280,288,1343.9857177734375,26.70479965209961,0.019336968660354614
eval,21810,2018-12-26 20:00:00,281,289,7458.4482421875,67.18621063232422,0.054610930383205414
eval,21810,2018-12-26 20:00:00,282,290,1507357.0,969.6139526367188,0.03067946992814541
eval,21810,2018-12-26 20:00:00,283,291,1927.30615234375,29.1695613861084,0.021167945116758347
eval,21810,2018-12-26 20:00:00,284,292,30109.36328125,148.0709991455078,0.005938890390098095
eval,21810,2018-12-26 20:00:00,285,293,14112.3359375,74.95580291748047,0.03145323321223259
eval,21810,2018-12-26 20:00:00,286,294,13261.912109375,77.00984191894531,0.062289781868457794
eval,21810,2018-12-26 20:00:00,287,295,6210.86474609375,55.8050651550293,0.03523046895861626
eval,21810,2018-12-26 20:00:00,288,296,257453.96875,340.91455078125,0.022240377962589264
eval,21810,2018-12-26 20:00:00,289,297,14567.369140625,79.65773010253906,0.05062209814786911
eval,21810,2018-12-26 20:00:00,290,299,375.894775390625,10.567435264587402,0.17010149359703064
eval,21810,2018-12-26 20:00:00,291,300,17511.083984375,90.29301452636719,0.07998289167881012
eval,21810,2018-12-26 20:00:00,292,301,28594.28515625,100.14547729492188,0.010786332190036774
eval,21810,2018-12-26 20:00:00,293,302,1656414.875,1170.463134765625,0.1457623839378357
eval,21810,2018-12-26 20:00:00,294,303,4922.94677734375,51.12721252441406,0.12060312926769257
eval,21810,2018-12-26 20:00:00,295,304,2710.714599609375,38.773860931396484,0.0034939353354275227
eval,21810,2018-12-26 20:00:00,296,305,2261.927734375,37.30670166015625,0.010630406439304352
eval,21810,2018-12-26 20:00:00,297,306,94211.46875,160.5061798095703,0.033511217683553696
eval,21810,2018-12-26 20:00:00,298,307,15442.8271484375,77.4200439453125,0.08371470868587494
eval,21810,2018-12-26 20:00:00,299,308,1023104.375,762.9486694335938,0.06561773270368576
eval,21810,2018-12-26 20:00:00,300,309,318861.5,391.3728942871094,0.07360471040010452
eval,21810,2018-12-26 20:00:00,301,310,15921.6162109375,99.28514099121094,0.8632742166519165
eval,21810,2018-12-26 20:00:00,302,311,162539.75,306.7745666503906,0.1284131109714508
eval,21810,2018-12-26 20:00:00,303,312,23933.14453125,108.44121551513672,0.04163555055856705
eval,21810,2018-12-26 20:00:00,304,313,1753549696.0,26168.375,0.10013054311275482
eval,21810,2018-12-26 20:00:00,305,314,4513197.0,1329.8521728515625,0.11925286054611206
eval,21810,2018-12-26 20:00:00,306,315,444141.25,538.1760864257812,0.004564277362078428
eval,21810,2018-12-26 20:00:00,307,316,16094.2060546875,89.14580535888672,0.853573739528656
eval,21810,2018-12-26 20:00:00,308,317,609.9371337890625,23.233875274658203,0.45466431975364685
eval,21810,2018-12-26 20:00:00,309,318,7720.265625,62.79833984375,0.046199239790439606
eval,21810,2018-12-26 20:00:00,310,319,5969.3935546875,66.78429412841797,0.08617310971021652
eval,21810,2018-12-26 20:00:00,311,OT,30143.458984375,138.7949981689453,0.15609461069107056
eval,22066,2019-01-06 12:00:00,0,0,313.99713134765625,7.890291213989258,2.4438834190368652
eval,22066,2019-01-06 12:00:00,1,1,283.95611572265625,16.17186737060547,1.1056098937988281
eval,22066,2019-01-06 12:00:00,2,2,0.33911845088005066,0.2996880114078522,0.1940334439277649
eval,22066,2019-01-06 12:00:00,3,3,1247.4112548828125,30.239215850830078,0.13085995614528656
eval,22066,2019-01-06 12:00:00,4,4,529.0262451171875,16.262508392333984,0.3391454219818115
eval,22066,2019-01-06 12:00:00,5,5,1878.4100341796875,29.685787200927734,0.09092943370342255
eval,22066,2019-01-06 12:00:00,6,7,8561.4638671875,71.12640380859375,0.3611501157283783
eval,22066,2019-01-06 12:00:00,7,8,897.6396484375,26.82257652282715,0.26523062586784363
eval,22066,2019-01-06 12:00:00,8,9,1511.236572265625,26.842771530151367,0.20014522969722748
eval,22066,2019-01-06 12:00:00,9,10,59.73774719238281,5.923011779785156,0.10025715827941895
eval,22066,2019-01-06 12:00:00,10,11,1612.2581787109375,26.723007202148438,0.04100015386939049
eval,22066,2019-01-06 12:00:00,11,12,71.08657836914062,6.892328262329102,0.07338447868824005
eval,22066,2019-01-06 12:00:00,12,13,46.46480941772461,4.526744365692139,0.059942640364170074
eval,22066,2019-01-06 12:00:00,13,14,217.35064697265625,10.251903533935547,0.179671972990036
eval,22066,2019-01-06 12:00:00,14,15,5306.99951171875,58.00090026855469,0.10305517911911011
eval,22066,2019-01-06 12:00:00,15,16,9.682291030883789,2.234829902648926,0.17970740795135498
eval,22066,2019-01-06 12:00:00,16,17,395.1634216308594,18.585180282592773,0.38469362258911133
eval,22066,2019-01-06 12:00:00,17,18,1592.0345458984375,30.41811752319336,0.11521703004837036
eval,22066,2019-01-06 12:00:00,18,19,207.94430541992188,9.63742446899414,0.05754974111914635
eval,22066,2019-01-06 12:00:00,19,20,15.490336418151855,3.105231761932373,0.10060346126556396
eval,22066,2019-01-06 12:00:00,20,21,10688.92578125,68.40276336669922,0.3031865954399109
eval,22066,2019-01-06 12:00:00,21,22,65.67915344238281,6.239001274108887,0.22225265204906464
eval,22066,2019-01-06 12:00:00,22,23,51.60234832763672,5.682471752166748,0.1424255073070526
eval,22066,2019-01-06 12:00:00,23,24,107.14364624023438,7.388339996337891,0.02930777333676815
eval,22066,2019-01-06 12:00:00,24,25,109.59532165527344,8.38697624206543,0.008791204541921616
eval,22066,2019-01-06 12:00:00,25,26,516.4781494140625,15.815332412719727,0.17347502708435059
eval,22066,2019-01-06 12:00:00,26,27,9.317560195922852,2.3650736808776855,0.043497484177351
eval,22066,2019-01-06 12:00:00,27,28,2435.653076171875,32.96395492553711,0.35649389028549194
eval,22066,2019-01-06 12:00:00,28,29,2379.8662109375,36.13460159301758,0.27388033270835876
eval,22066,2019-01-06 12:00:00,29,30,448.69964599609375,16.09562110900879,0.079215407371521
eval,22066,2019-01-06 12:00:00,30,31,343.7716064453125,12.527118682861328,0.044497888535261154
eval,22066,2019-01-06 12:00:00,31,32,170.1082763671875,9.362306594848633,0.08398780226707458
eval,22066,2019-01-06 12:00:00,32,33,134.19683837890625,9.833094596862793,0.13776898384094238
eval,22066,2019-01-06 12:00:00,33,34,52306.4921875,178.7167205810547,0.0776052251458168
eval,22066,2019-01-06 12:00:00,34,35,29.13742446899414,4.269501686096191,0.03643498942255974
eval,22066,2019-01-06 12:00:00,35,36,764.985595703125,22.638763427734375,0.02750404179096222
eval,22066,2019-01-06 12:00:00,36,37,2301.95458984375,38.24119567871094,0.1596706509590149
eval,22066,2019-01-06 12:00:00,37,38,47.26504135131836,5.235446929931641,0.06391153484582901
eval,22066,2019-01-06 12:00:00,38,39,40.385921478271484,5.2539873123168945,0.2766556441783905
eval,22066,2019-01-06 12:00:00,39,40,25317.09375,135.64022827148438,0.05043249577283859
eval,22066,2019-01-06 12:00:00,40,41,1522.0775146484375,29.28097152709961,0.05826793238520622
eval,22066,2019-01-06 12:00:00,41,42,549.8717041015625,16.541597366333008,0.2218729555606842
eval,22066,2019-01-06 12:00:00,42,43,222.3960418701172,12.759871482849121,0.3448624610900879
eval,22066,2019-01-06 12:00:00,43,44,153.53164672851562,10.331796646118164,0.03503713011741638
eval,22066,2019-01-06 12:00:00,44,45,280.32562255859375,11.597148895263672,0.12291433662176132
eval,22066,2019-01-06 12:00:00,45,46,39.12822341918945,4.427009582519531,0.3340780735015869
eval,22066,2019-01-06 12:00:00,46,47,25.325536727905273,3.9636447429656982,0.03084304928779602
eval,22066,2019-01-06 12:00:00,47,48,182.5148162841797,9.856219291687012,0.14378759264945984
eval,22066,2019-01-06 12:00:00,48,49,504.9315185546875,18.46422004699707,0.0833565890789032
eval,22066,2019-01-06 12:00:00,49,50,1104.609619140625,22.487274169921875,0.09441589564085007
eval,22066,2019-01-06 12:00:00,50,51,38.63279724121094,4.976391792297363,0.16130666434764862
eval,22066,2019-01-06 12:00:00,51,52,381.7315368652344,14.118021965026855,0.09325962513685226
eval,22066,2019-01-06 12:00:00,52,53,361.1371765136719,15.613426208496094,0.240640327334404
eval,22066,2019-01-06 12:00:00,53,54,44.980560302734375,5.397264003753662,0.054443176835775375
eval,22066,2019-01-06 12:00:00,54,55,58741.33984375,206.06918334960938,0.047339506447315216
eval,22066,2019-01-06 12:00:00,55,56,784.9779052734375,23.39175033569336,0.24569129943847656
eval,22066,2019-01-06 12:00:00,56,58,4020.996826171875,45.355201721191406,0.1328175961971283
eval,22066,2019-01-06 12:00:00,57,59,1095.77783203125,24.52755355834961,0.09871723502874374
eval,22066,2019-01-06 12:00:00,58,60,1505.4993896484375,28.005117416381836,0.11191358417272568
eval,22066,2019-01-06 12:00:00,59,61,104.17849731445312,9.486383438110352,0.12969627976417542
eval,22066,2019-01-06 12:00:00,60,62,23.314769744873047,4.044339656829834,0.015155239030718803
eval,22066,2019-01-06 12:00:00,61,63,251.0848846435547,12.468082427978516,0.06656479090452194
eval,22066,2019-01-06 12:00:00,62,64,351.1402587890625,14.726691246032715,0.07664273679256439
eval,22066,2019-01-06 12:00:00,63,65,477.876953125,18.606090545654297,0.12291908264160156
eval,22066,2019-01-06 12:00:00,64,66,67.68917083740234,6.767148017883301,0.06072401627898216
eval,22066,2019-01-06 12:00:00,65,67,540.9447021484375,18.668004989624023,0.3568875789642334
eval,22066,2019-01-06 12:00:00,66,68,107.18254089355469,8.591035842895508,0.03187417984008789
eval,22066,2019-01-06 12:00:00,67,69,123.6639404296875,8.867594718933105,0.2895077168941498
eval,22066,2019-01-06 12:00:00,68,70,138.35986328125,8.574275016784668,0.07424139976501465
eval,22066,2019-01-06 12:00:00,69,71,45.59011459350586,4.998072624206543,0.14968222379684448
eval,22066,2019-01-06 12:00:00,70,72,385.59808349609375,14.131399154663086,0.07067634165287018
eval,22066,2019-01-06 12:00:00,71,73,66.30467224121094,5.466317653656006,0.06361190974712372
eval,22066,2019-01-06 12:00:00,72,74,209.29254150390625,12.524831771850586,0.08399540185928345
eval,22066,2019-01-06 12:00:00,73,75,6513.1953125,64.71987915039062,0.04542694240808487
eval,22066,2019-01-06 12:00:00,74,76,763.94580078125,22.775564193725586,0.14452052116394043
eval,22066,2019-01-06 12:00:00,75,77,23375.6484375,105.73543548583984,0.13163940608501434
eval,22066,2019-01-06 12:00:00,76,78,887.4366455078125,23.687088012695312,0.06087247654795647
eval,22066,2019-01-06 12:00:00,77,79,1112.1998291015625,25.997081756591797,0.10427665710449219
eval,22066,2019-01-06 12:00:00,78,80,4087.161865234375,43.06050109863281,0.11976771056652069
eval,22066,2019-01-06 12:00:00,79,81,2844.33544921875,44.28053283691406,0.022553570568561554
eval,22066,2019-01-06 12:00:00,80,82,1960.3427734375,35.664337158203125,0.12691009044647217
eval,22066,2019-01-06 12:00:00,81,83,57317.109375,132.72305297851562,0.47129446268081665
eval,22066,2019-01-06 12:00:00,82,84,2931.158203125,31.65188217163086,0.990456759929657
eval,22066,2019-01-06 12:00:00,83,85,15.785296440124512,3.1161813735961914,0.02287633717060089
eval,22066,2019-01-06 12:00:00,84,86,51.586753845214844,5.46784782409668,0.1490364372730255
eval,22066,2019-01-06 12:00:00,85,87,4187.77197265625,45.34772872924805,0.03771227225661278
eval,22066,2019-01-06 12:00:00,86,88,14012.77734375,76.34317016601562,0.004603876732289791
eval,22066,2019-01-06 12:00:00,87,89,1264609.25,895.7735595703125,0.07913339883089066
eval,22066,2019-01-06 12:00:00,88,90,223.85885620117188,10.76960563659668,0.0052367402240633965
eval,22066,2019-01-06 12:00:00,89,91,9713.693359375,85.91584777832031,0.004291636869311333
eval,22066,2019-01-06 12:00:00,90,92,139508.8125,254.81907653808594,0.04201098531484604
eval,22066,2019-01-06 12:00:00,91,93,12820.78125,101.37911987304688,0.0023691607639193535
eval,22066,2019-01-06 12:00:00,92,94,9233.84375,76.6041259765625,0.004554195795208216
eval,22066,2019-01-06 12:00:00,93,95,7174.73193359375,61.521827697753906,0.020176421850919724
eval,22066,2019-01-06 12:00:00,94,96,42262.52734375,130.07054138183594,0.403942346572876
eval,22066,2019-01-06 12:00:00,95,97,4114.9033203125,51.972896575927734,0.18920236825942993
eval,22066,2019-01-06 12:00:00,96,98,1336.1829833984375,27.680400848388672,0.1929762065410614
eval,22066,2019-01-06 12:00:00,97,99,343.3269958496094,15.551840782165527,0.13692797720432281
eval,22066,2019-01-06 12:00:00,98,100,8728.490234375,70.45858001708984,0.03179125860333443
eval,22066,2019-01-06 12:00:00,99,101,97.76338195800781,8.074718475341797,0.0173910241574049
eval,22066,2019-01-06 12:00:00,100,102,275.14971923828125,12.828280448913574,0.058538343757390976
eval,22066,2019-01-06 12:00:00,101,103,23486.13671875,119.13570404052734,0.058803074061870575
eval,22066,2019-01-06 12:00:00,102,104,3899.98388671875,48.2290153503418,3.3410048484802246
eval,22066,2019-01-06 12:00:00,103,105,705.460205078125,14.079230308532715,0.014758678153157234
eval,22066,2019-01-06 12:00:00,104,107,35.20424270629883,3.783348560333252,0.011665783822536469
eval,22066,2019-01-06 12:00:00,105,108,13.968713760375977,3.1502692699432373,0.0026044961996376514
eval,22066,2019-01-06 12:00:00,106,109,480.37158203125,18.407672882080078,0.004583593923598528
eval,22066,2019-01-06 12:00:00,107,110,839.2028198242188,24.25466537475586,0.053952302783727646
eval,22066,2019-01-06 12:00:00,108,111,2739.64794921875,38.216487884521484,0.13429950177669525
eval,22066,2019-01-06 12:00:00,109,112,33773.41015625,155.2406463623047,0.25186824798583984
eval,22066,2019-01-06 12:00:00,110,114,1.1974061727523804,0.888912558555603,0.028602322563529015
eval,22066,2019-01-06 12:00:00,111,115,907.7615966796875,22.7193603515625,0.4909568428993225
eval,22066,2019-01-06 12:00:00,112,116,552.7164306640625,18.762256622314453,0.0784703940153122
eval,22066,2019-01-06 12:00:00,113,117,28.364185333251953,4.770175933837891,0.1415010690689087
eval,22066,2019-01-06 12:00:00,114,118,15.634780883789062,3.1275534629821777,0.19257120788097382
eval,22066,2019-01-06 12:00:00,115,119,30296.0078125,127.42818450927734,0.21684007346630096
eval,22066,2019-01-06 12:00:00,116,120,105.54925537109375,7.895894527435303,0.02488788217306137
eval,22066,2019-01-06 12:00:00,117,121,33.809776306152344,5.175568580627441,0.8232656717300415
eval,22066,2019-01-06 12:00:00,118,122,211.427001953125,11.493045806884766,1.7029622793197632
eval,22066,2019-01-06 12:00:00,119,123,1005.7238159179688,23.805334091186523,0.019433747977018356
eval,22066,2019-01-06 12:00:00,120,124,573.09912109375,17.492727279663086,0.011034907773137093
eval,22066,2019-01-06 12:00:00,121,125,39.397789001464844,5.187413215637207,0.4315516948699951
eval,22066,2019-01-06 12:00:00,122,126,3120.83056640625,41.18724822998047,0.021326487883925438
eval,22066,2019-01-06 12:00:00,123,128,500331.0,599.171630859375,0.20448291301727295
eval,22066,2019-01-06 12:00:00,124,129,1315.472412109375,27.15918731689453,0.07003768533468246
eval,22066,2019-01-06 12:00:00,125,130,973.14013671875,18.102230072021484,0.054464466869831085
eval,22066,2019-01-06 12:00:00,126,131,68155.6875,212.43003845214844,0.12036679685115814
eval,22066,2019-01-06 12:00:00,127,132,25275.59765625,91.2264404296875,0.11282126605510712
eval,22066,2019-01-06 12:00:00,128,133,316869.625,446.26361083984375,0.1295139044523239
eval,22066,2019-01-06 12:00:00,129,134,3345.653076171875,43.339935302734375,0.07003147900104523
eval,22066,2019-01-06 12:00:00,130,135,43039.1328125,166.25701904296875,0.024382393807172775
eval,22066,2019-01-06 12:00:00,131,136,703.099853515625,19.903921127319336,0.035863179713487625
eval,22066,2019-01-06 12:00:00,132,137,65.27619934082031,6.292224884033203,0.0348907932639122
eval,22066,2019-01-06 12:00:00,133,138,1947.8875732421875,36.1871223449707,0.03810203820466995
eval,22066,2019-01-06 12:00:00,134,139,507.96722412109375,20.022499084472656,0.03607644885778427
eval,22066,2019-01-06 12:00:00,135,140,951.7484130859375,22.46318817138672,0.028528716415166855
eval,22066,2019-01-06 12:00:00,136,141,594.3660888671875,18.09168243408203,0.013125844299793243
eval,22066,2019-01-06 12:00:00,137,142,200.1357879638672,9.923013687133789,0.015130305662751198
eval,22066,2019-01-06 12:00:00,138,144,124.0390853881836,9.901280403137207,0.036429207772016525
eval,22066,2019-01-06 12:00:00,139,145,1100.999755859375,26.52923583984375,0.11817391961812973
eval,22066,2019-01-06 12:00:00,140,146,484.5060729980469,17.59271240234375,0.030233975499868393
eval,22066,2019-01-06 12:00:00,141,147,39.80408477783203,4.733036518096924,0.02008041739463806
eval,22066,2019-01-06 12:00:00,142,148,9315.3125,80.49706268310547,0.08447828888893127
eval,22066,2019-01-06 12:00:00,143,149,7667.7041015625,59.72273254394531,0.09512459486722946
eval,22066,2019-01-06 12:00:00,144,150,104951.0859375,277.2404479980469,0.028403904289007187
eval,22066,2019-01-06 12:00:00,145,151,15585.9990234375,97.46994018554688,0.03783557191491127
eval,22066,2019-01-06 12:00:00,146,152,1641.13671875,35.402488708496094,0.015279658138751984
eval,22066,2019-01-06 12:00:00,147,153,243345.21875,437.5313415527344,0.04002824053168297
eval,22066,2019-01-06 12:00:00,148,154,23181.99609375,119.0028076171875,0.13007774949073792
eval,22066,2019-01-06 12:00:00,149,155,132108656.0,7231.17919921875,0.22942626476287842
eval,22066,2019-01-06 12:00:00,150,156,1609.5013427734375,32.840484619140625,0.02980080619454384
eval,22066,2019-01-06 12:00:00,151,157,40615.75,157.20199584960938,0.38928326964378357
eval,22066,2019-01-06 12:00:00,152,158,43669.1015625,165.03851318359375,0.0786074697971344
eval,22066,2019-01-06 12:00:00,153,159,28982.1484375,121.28492736816406,0.03572229668498039
eval,22066,2019-01-06 12:00:00,154,160,11809.1552734375,73.6555404663086,0.11661350727081299
eval,22066,2019-01-06 12:00:00,155,161,1813.9857177734375,31.82051658630371,0.025030551478266716
eval,22066,2019-01-06 12:00:00,156,162,4054.841552734375,48.5094108581543,0.006811478175222874
eval,22066,2019-01-06 12:00:00,157,163,30004.466796875,140.14825439453125,0.026323124766349792
eval,22066,2019-01-06 12:00:00,158,164,2674.53515625,40.36548614501953,0.01203770563006401
eval,22066,2019-01-06 12:00:00,159,165,2660.2470703125,38.23186492919922,0.03803417086601257
eval,22066,2019-01-06 12:00:00,160,166,105483.0,268.79229736328125,0.0856744796037674
eval,22066,2019-01-06 12:00:00,161,167,1744584.875,887.9193115234375,0.06327035278081894
eval,22066,2019-01-06 12:00:00,162,168,22836.2734375,106.6726303100586,0.04453487694263458
eval,22066,2019-01-06 12:00:00,163,169,4799.48046875,50.750823974609375,0.01169339008629322
eval,22066,2019-01-06 12:00:00,164,170,1060.3670654296875,27.77413558959961,0.01617739349603653
eval,22066,2019-01-06 12:00:00,165,171,3534.76708984375,51.2166862487793,0.02156631462275982
eval,22066,2019-01-06 12:00:00,166,172,21166.3046875,109.89385223388672,0.01790442131459713
eval,22066,2019-01-06 12:00:00,167,173,17896.517578125,92.27889251708984,0.047721948474645615
eval,22066,2019-01-06 12:00:00,168,174,1594.8597412109375,32.38185501098633,0.013410239480435848
eval,22066,2019-01-06 12:00:00,169,175,125884.8984375,260.31585693359375,0.013179684989154339
eval,22066,2019-01-06 12:00:00,170,176,13431.736328125,87.7496337890625,0.13527603447437286
eval,22066,2019-01-06 12:00:00,171,177,22483.3125,129.92218017578125,0.01207918580621481
eval,22066,2019-01-06 12:00:00,172,178,374238.09375,424.14215087890625,0.7867760062217712
eval,22066,2019-01-06 12:00:00,173,179,273376.125,475.6722106933594,0.017935678362846375
eval,22066,2019-01-06 12:00:00,174,180,2380.0244140625,45.03782653808594,0.08748194575309753
eval,22066,2019-01-06 12:00:00,175,181,76139.078125,234.86532592773438,0.05000443384051323
eval,22066,2019-01-06 12:00:00,176,183,18482.99609375,98.465576171875,0.13123586773872375
eval,22066,2019-01-06 12:00:00,177,184,8439.1201171875,77.42745971679688,0.026298269629478455
eval,22066,2019-01-06 12:00:00,178,185,3256.41552734375,35.838436126708984,0.02768596075475216
eval,22066,2019-01-06 12:00:00,179,186,725002.6875,692.9412841796875,0.01241170521825552
eval,22066,2019-01-06 12:00:00,180,187,35976.12109375,137.515869140625,0.031134217977523804
eval,22066,2019-01-06 12:00:00,181,188,237.7139129638672,10.644333839416504,0.015033542178571224
eval,22066,2019-01-06 12:00:00,182,189,20726.625,107.77254486083984,0.029720989987254143
eval,22066,2019-01-06 12:00:00,183,190,200.73480224609375,11.728656768798828,0.023558031767606735
eval,22066,2019-01-06 12:00:00,184,191,493.6228942871094,18.478206634521484,0.015220500528812408
eval,22066,2019-01-06 12:00:00,185,192,596.4130249023438,21.08047866821289,0.05346757918596268
eval,22066,2019-01-06 12:00:00,186,193,18940.46484375,104.98468017578125,0.03756842389702797
eval,22066,2019-01-06 12:00:00,187,194,521.1168823242188,18.40561294555664,0.0241168774664402
eval,22066,2019-01-06 12:00:00,188,195,985.6414794921875,20.752796173095703,0.1295999139547348
eval,22066,2019-01-06 12:00:00,189,196,20170.990234375,104.01567840576172,0.1790972203016281
eval,22066,2019-01-06 12:00:00,190,197,2708.845703125,43.38908004760742,0.2894136905670166
eval,22066,2019-01-06 12:00:00,191,198,7367.30859375,68.2743148803711,0.034442607313394547
eval,22066,2019-01-06 12:00:00,192,199,502126.125,587.4356689453125,0.059924446046352386
eval,22066,2019-01-06 12:00:00,193,200,7629.15576171875,42.16381072998047,0.25341925024986267
eval,22066,2019-01-06 12:00:00,194,201,472.8771667480469,16.597885131835938,0.016956545412540436
eval,22066,2019-01-06 12:00:00,195,202,1477.1834716796875,30.82178497314453,0.051780179142951965
eval,22066,2019-01-06 12:00:00,196,203,856.88818359375,25.18906021118164,0.025006745010614395
eval,22066,2019-01-06 12:00:00,197,204,41441.33984375,146.54022216796875,0.11174064129590988
eval,22066,2019-01-06 12:00:00,198,205,16633.255859375,97.72265625,0.0438101589679718
eval,22066,2019-01-06 12:00:00,199,206,346.5114440917969,14.36683464050293,0.010585127398371696
eval,22066,2019-01-06 12:00:00,200,207,52.51829528808594,5.828152656555176,0.010610697790980339
eval,22066,2019-01-06 12:00:00,201,208,69.28022766113281,5.907505989074707,0.00897082220762968
eval,22066,2019-01-06 12:00:00,202,209,173.53240966796875,10.017424583435059,0.02955157682299614
eval,22066,2019-01-06 12:00:00,203,210,918.2203979492188,22.242584228515625,0.013848213478922844
eval,22066,2019-01-06 12:00:00,204,211,8864.5625,68.11029052734375,0.05193085968494415
eval,22066,2019-01-06 12:00:00,205,212,1912.338623046875,32.901912689208984,0.01931445300579071
eval,22066,2019-01-06 12:00:00,206,213,2488.32080078125,41.32564926147461,0.11813454329967499
eval,22066,2019-01-06 12:00:00,207,214,729.0663452148438,21.61141586303711,0.033728428184986115
eval,22066,2019-01-06 12:00:00,208,215,202.3170166015625,10.325507164001465,0.009311544708907604
eval,22066,2019-01-06 12:00:00,209,216,1017.0943603515625,23.037023544311523,0.07095921784639359
eval,22066,2019-01-06 12:00:00,210,217,1860.71728515625,35.50391387939453,0.034829989075660706
eval,22066,2019-01-06 12:00:00,211,218,682.4994506835938,18.919841766357422,0.12718342244625092
eval,22066,2019-01-06 12:00:00,212,219,743.1698608398438,17.151275634765625,0.025958314538002014
eval,22066,2019-01-06 12:00:00,213,220,2814.95654296875,41.95745849609375,0.05441546440124512
eval,22066,2019-01-06 12:00:00,214,221,1668.1546630859375,34.076377868652344,0.03327734395861626
eval,22066,2019-01-06 12:00:00,215,222,825.7050170898438,21.657142639160156,0.026171911507844925
eval,22066,2019-01-06 12:00:00,216,223,5572.44921875,62.4796257019043,0.05866190046072006
eval,22066,2019-01-06 12:00:00,217,224,126.84935760498047,8.682068824768066,0.02050510048866272
eval,22066,2019-01-06 12:00:00,218,225,2805.01953125,44.08979415893555,0.051094792783260345
eval,22066,2019-01-06 12:00:00,219,226,15588.5390625,110.84552001953125,0.022927215322852135
eval,22066,2019-01-06 12:00:00,220,227,93.2904052734375,7.547731399536133,0.0167640820145607
eval,22066,2019-01-06 12:00:00,221,228,980.7238159179688,25.90108871459961,0.04615437984466553
eval,22066,2019-01-06 12:00:00,222,229,183.82919311523438,10.217996597290039,0.011267490684986115
eval,22066,2019-01-06 12:00:00,223,230,37357.4296875,108.04132080078125,0.13377484679222107
eval,22066,2019-01-06 12:00:00,224,231,2394.874755859375,39.833152770996094,0.037078164517879486
eval,22066,2019-01-06 12:00:00,225,232,495.0450134277344,20.37356185913086,0.03430907055735588
eval,22066,2019-01-06 12:00:00,226,233,191055.0,364.40765380859375,0.028434505686163902
eval,22066,2019-01-06 12:00:00,227,234,104.05464172363281,8.172245025634766,0.009885570965707302
eval,22066,2019-01-06 12:00:00,228,235,518.8818359375,18.931079864501953,0.04951109737157822
eval,22066,2019-01-06 12:00:00,229,236,2554327.0,1321.1492919921875,0.026870332658290863
eval,22066,2019-01-06 12:00:00,230,237,2942.15966796875,40.41343307495117,0.019896069541573524
eval,22066,2019-01-06 12:00:00,231,238,189.310791015625,12.025497436523438,0.028124935925006866
eval,22066,2019-01-06 12:00:00,232,239,116.84212493896484,8.509231567382812,0.013229873031377792
eval,22066,2019-01-06 12:00:00,233,240,1551.375244140625,28.5647029876709,0.03666180744767189
eval,22066,2019-01-06 12:00:00,234,241,536.915283203125,17.10623550415039,0.07074309885501862
eval,22066,2019-01-06 12:00:00,235,242,1335.984375,21.987430572509766,0.09775476902723312
eval,22066,2019-01-06 12:00:00,236,243,432.159423828125,17.50222396850586,0.01719096675515175
eval,22066,2019-01-06 12:00:00,237,244,513.1025390625,18.42620277404785,0.021193377673625946
eval,22066,2019-01-06 12:00:00,238,246,52140.65625,197.078369140625,0.22252997756004333
eval,22066,2019-01-06 12:00:00,239,247,331.760009765625,12.702566146850586,0.07169850915670395
eval,22066,2019-01-06 12:00:00,240,248,3634.28857421875,50.68476867675781,0.07520556449890137
eval,22066,2019-01-06 12:00:00,241,249,404.90509033203125,15.406585693359375,0.021019961684942245
eval,22066,2019-01-06 12:00:00,242,250,9207.39453125,83.35891723632812,0.02471255511045456
eval,22066,2019-01-06 12:00:00,243,251,13526.7919921875,93.47164916992188,0.19157730042934418
eval,22066,2019-01-06 12:00:00,244,252,213.02188110351562,12.551944732666016,0.027883615344762802
eval,22066,2019-01-06 12:00:00,245,253,1013.8685302734375,26.035560607910156,0.032833315432071686
eval,22066,2019-01-06 12:00:00,246,254,38954.27734375,169.74807739257812,0.047680120915174484
eval,22066,2019-01-06 12:00:00,247,255,26562.318359375,135.35433959960938,0.21171769499778748
eval,22066,2019-01-06 12:00:00,248,256,451.58843994140625,17.076683044433594,0.0316525436937809
eval,22066,2019-01-06 12:00:00,249,257,1244.84423828125,25.88300132751465,0.06554307788610458
eval,22066,2019-01-06 12:00:00,250,258,409.1947021484375,16.91609764099121,0.03280286490917206
eval,22066,2019-01-06 12:00:00,251,259,1452.5751953125,32.066986083984375,0.04531966149806976
eval,22066,2019-01-06 12:00:00,252,260,112.91510009765625,9.182964324951172,0.022168215364217758
eval,22066,2019-01-06 12:00:00,253,261,546.7291259765625,16.07979965209961,0.06036756560206413
eval,22066,2019-01-06 12:00:00,254,262,25545.734375,120.6571273803711,0.033539898693561554
eval,22066,2019-01-06 12:00:00,255,263,2769.90771484375,41.35628128051758,0.05572636425495148
eval,22066,2019-01-06 12:00:00,256,264,30018.138671875,136.08787536621094,0.16057974100112915
eval,22066,2019-01-06 12:00:00,257,265,407.20623779296875,15.157936096191406,0.03343737870454788
eval,22066,2019-01-06 12:00:00,258,266,8646.7294921875,81.60242462158203,0.0366622693836689
eval,22066,2019-01-06 12:00:00,259,267,2589.584716796875,44.203521728515625,0.021806076169013977
eval,22066,2019-01-06 12:00:00,260,268,295728.625,465.2381286621094,0.19990584254264832
eval,22066,2019-01-06 12:00:00,261,269,212.27426147460938,12.84831428527832,0.027037620544433594
eval,22066,2019-01-06 12:00:00,262,270,17022.625,94.79547119140625,0.09894675016403198
eval,22066,2019-01-06 12:00:00,263,271,26456.083984375,125.75236511230469,0.04110054671764374
eval,22066,2019-01-06 12:00:00,264,272,900.6530151367188,22.03009796142578,0.02027379721403122
eval,22066,2019-01-06 12:00:00,265,273,178.88925170898438,10.505529403686523,0.015288589522242546
eval,22066,2019-01-06 12:00:00,266,274,868.9057006835938,24.633678436279297,0.06499888002872467
eval,22066,2019-01-06 12:00:00,267,275,1244.5810546875,30.342609405517578,0.08336499333381653
eval,22066,2019-01-06 12:00:00,268,276,1029118.4375,722.6237182617188,0.22268866002559662
eval,22066,2019-01-06 12:00:00,269,277,9160.2958984375,77.1500244140625,0.07827609777450562
eval,22066,2019-01-06 12:00:00,270,278,63994.55859375,122.55977630615234,0.9862077236175537
eval,22066,2019-01-06 12:00:00,271,279,4896.99169921875,45.4832878112793,0.04558838531374931
eval,22066,2019-01-06 12:00:00,272,280,25000.873046875,125.81047058105469,0.07605613023042679
eval,22066,2019-01-06 12:00:00,273,281,215695.5,365.611572265625,0.09216635674238205
eval,22066,2019-01-06 12:00:00,274,282,356.74908447265625,14.73109245300293,0.007945406250655651
eval,22066,2019-01-06 12:00:00,275,283,555.0512084960938,18.031883239746094,0.027300938963890076
eval,22066,2019-01-06 12:00:00,276,284,14895.875,91.352783203125,0.20206718146800995
eval,22066,2019-01-06 12:00:00,277,285,228.1199188232422,12.604000091552734,0.016313469037413597
eval,22066,2019-01-06 12:00:00,278,286,467.9299011230469,15.940689086914062,0.015774017199873924
eval,22066,2019-01-06 12:00:00,279,287,1034.8720703125,23.949386596679688,0.033293239772319794
eval,22066,2019-01-06 12:00:00,280,288,2076.054443359375,31.67176628112793,0.02892242930829525
eval,22066,2019-01-06 12:00:00,281,289,3762.082763671875,48.965911865234375,0.022712145000696182
eval,22066,2019-01-06 12:00:00,282,290,1572271.25,966.8529052734375,0.0278684850782156
eval,22066,2019-01-06 12:00:00,283,291,1534.274169921875,33.206565856933594,0.01780053600668907
eval,22066,2019-01-06 12:00:00,284,292,43621.19921875,176.8433837890625,0.009563210420310497
eval,22066,2019-01-06 12:00:00,285,293,6368.74560546875,60.59081268310547,0.016348425298929214
eval,22066,2019-01-06 12:00:00,286,294,11809.4130859375,72.41603088378906,0.05000833794474602
eval,22066,2019-01-06 12:00:00,287,295,161184.328125,276.599853515625,0.7433773875236511
eval,22066,2019-01-06 12:00:00,288,296,41714.78125,165.43301391601562,0.0033848441671580076
eval,22066,2019-01-06 12:00:00,289,297,3616.169677734375,44.11022186279297,0.009041007608175278
eval,22066,2019-01-06 12:00:00,290,299,143.94039916992188,5.214502334594727,0.1844855397939682
eval,22066,2019-01-06 12:00:00,291,300,6035.908203125,43.612335205078125,0.028231069445610046
eval,22066,2019-01-06 12:00:00,292,301,24253.23046875,111.82737731933594,0.007528640329837799
eval,22066,2019-01-06 12:00:00,293,302,413608.5,482.20458984375,0.0325772762298584
eval,22066,2019-01-06 12:00:00,294,303,2393.40283203125,35.2933349609375,0.09407895058393478
eval,22066,2019-01-06 12:00:00,295,304,7177.787109375,65.33509826660156,0.012855319306254387
eval,22066,2019-01-06 12:00:00,296,305,16183.884765625,82.01545715332031,0.06844042241573334
eval,22066,2019-01-06 12:00:00,297,306,3104.52001953125,49.490386962890625,0.0010878564789891243
eval,22066,2019-01-06 12:00:00,298,307,25182.794921875,93.5825424194336,0.10806521773338318
eval,22066,2019-01-06 12:00:00,299,308,88399.109375,185.60919189453125,0.005536749493330717
eval,22066,2019-01-06 12:00:00,300,309,53808.24609375,158.9335479736328,0.018180133774876595
eval,22066,2019-01-06 12:00:00,301,310,1251.501953125,28.588497161865234,0.08745118230581284
eval,22066,2019-01-06 12:00:00,302,311,138341.515625,244.58299255371094,0.08663053810596466
eval,22066,2019-01-06 12:00:00,303,312,7548.5341796875,62.581565856933594,0.011221475899219513
eval,22066,2019-01-06 12:00:00,304,313,7516782080.0,61163.04296875,0.3418247699737549
eval,22066,2019-01-06 12:00:00,305,314,1781630.5,817.9520263671875,0.050061143934726715
eval,22066,2019-01-06 12:00:00,306,315,266844.5,431.8143005371094,0.002491539577022195
eval,22066,2019-01-06 12:00:00,307,316,210.4459686279297,10.956988334655762,0.012924818322062492
eval,22066,2019-01-06 12:00:00,308,317,462.1827087402344,16.292085647583008,0.3313028812408447
eval,22066,2019-01-06 12:00:00,309,318,28498.01171875,125.35106658935547,0.17723700404167175
eval,22066,2019-01-06 12:00:00,310,319,4413.33203125,53.745689392089844,0.06768988072872162
eval,22066,2019-01-06 12:00:00,311,OT,32168.12109375,163.24085998535156,0.15139561891555786
eval,22322,2019-01-17 04:00:00,0,0,4.164793491363525,1.4683315753936768,0.043025799095630646
eval,22322,2019-01-17 04:00:00,1,1,35.897682189941406,4.986680030822754,0.09681524336338043
eval,22322,2019-01-17 04:00:00,2,2,7.287971496582031,1.249830961227417,4.169958114624023
eval,22322,2019-01-17 04:00:00,3,3,1999.238525390625,36.17687225341797,0.21189312636852264
eval,22322,2019-01-17 04:00:00,4,4,1659.3125,34.00556182861328,0.5138816833496094
eval,22322,2019-01-17 04:00:00,5,5,5986.66162109375,60.1615104675293,0.2818739712238312
eval,22322,2019-01-17 04:00:00,6,7,7577.8515625,69.59508514404297,0.2517464756965637
eval,22322,2019-01-17 04:00:00,7,8,388.0467529296875,14.884973526000977,0.14153742790222168
eval,22322,2019-01-17 04:00:00,8,9,253.81787109375,13.468175888061523,0.030200254172086716
eval,22322,2019-01-17 04:00:00,9,10,241.135009765625,12.335983276367188,0.2805332541465759
eval,22322,2019-01-17 04:00:00,10,11,5928.19482421875,50.767173767089844,0.14469239115715027
eval,22322,2019-01-17 04:00:00,11,12,73.49617767333984,6.225982666015625,0.10473169386386871
eval,22322,2019-01-17 04:00:00,12,13,219.0706787109375,9.62910270690918,0.26669955253601074
eval,22322,2019-01-17 04:00:00,13,14,206.75857543945312,10.80662727355957,0.14535808563232422
eval,22322,2019-01-17 04:00:00,14,15,20601.61328125,129.4495086669922,0.2436465471982956
eval,22322,2019-01-17 04:00:00,15,16,13.029857635498047,2.7739195823669434,0.21853648126125336
eval,22322,2019-01-17 04:00:00,16,17,180.464111328125,10.990142822265625,0.14452293515205383
eval,22322,2019-01-17 04:00:00,17,18,1401.439208984375,32.182342529296875,0.0937122106552124
eval,22322,2019-01-17 04:00:00,18,19,521.30224609375,17.064167022705078,0.12115553021430969
eval,22322,2019-01-17 04:00:00,19,20,29.21942710876465,4.5987348556518555,0.19393500685691833
eval,22322,2019-01-17 04:00:00,20,21,19008.693359375,108.04037475585938,0.3625869154930115
eval,22322,2019-01-17 04:00:00,21,22,92.97146606445312,7.640995025634766,0.29485422372817993
eval,22322,2019-01-17 04:00:00,22,23,45.32006072998047,5.238560199737549,0.10897064208984375
eval,22322,2019-01-17 04:00:00,23,24,2230.937744140625,35.832855224609375,0.4366022050380707
eval,22322,2019-01-17 04:00:00,24,25,677.2054443359375,22.281993865966797,0.052005693316459656
eval,22322,2019-01-17 04:00:00,25,26,1615.899169921875,32.42560577392578,0.5497402548789978
eval,22322,2019-01-17 04:00:00,26,27,29.655193328857422,4.27255916595459,0.15135127305984497
eval,22322,2019-01-17 04:00:00,27,28,4298.5859375,42.02130889892578,0.4264548718929291
eval,22322,2019-01-17 04:00:00,28,29,639.171630859375,20.39852523803711,0.037922658026218414
eval,22322,2019-01-17 04:00:00,29,30,4128.43212890625,44.5852165222168,0.2925556004047394
eval,22322,2019-01-17 04:00:00,30,31,831.03515625,23.552001953125,0.08484016358852386
eval,22322,2019-01-17 04:00:00,31,32,280.9313049316406,12.939332962036133,0.13404053449630737
eval,22322,2019-01-17 04:00:00,32,33,434.1259765625,16.863128662109375,0.304462730884552
eval,22322,2019-01-17 04:00:00,33,34,310864.09375,417.044677734375,0.42133355140686035
eval,22322,2019-01-17 04:00:00,34,35,1067.9039306640625,26.971967697143555,1.4044768810272217
eval,22322,2019-01-17 04:00:00,35,36,13018.8349609375,105.4466552734375,0.4348134398460388
eval,22322,2019-01-17 04:00:00,36,37,3413.88037109375,43.67342758178711,0.22916655242443085
eval,22322,2019-01-17 04:00:00,37,38,193.7458953857422,9.724467277526855,0.249485045671463
eval,22322,2019-01-17 04:00:00,38,39,27.986127853393555,3.8234059810638428,0.14512905478477478
eval,22322,2019-01-17 04:00:00,39,40,93058.328125,213.36424255371094,0.16417206823825836
eval,22322,2019-01-17 04:00:00,40,41,7369.8232421875,67.49044799804688,0.19855940341949463
eval,22322,2019-01-17 04:00:00,41,42,5293.0888671875,66.66230010986328,1.2123394012451172
eval,22322,2019-01-17 04:00:00,42,43,803.5057373046875,22.994678497314453,0.901344895362854
eval,22322,2019-01-17 04:00:00,43,44,1129.926025390625,23.998634338378906,0.1274808794260025
eval,22322,2019-01-17 04:00:00,44,45,165.3211212158203,11.332969665527344,0.06529095023870468
eval,22322,2019-01-17 04:00:00,45,46,971.64306640625,27.773395538330078,3.4843013286590576
eval,22322,2019-01-17 04:00:00,46,47,101.23777770996094,8.21755599975586,0.08116637170314789
eval,22322,2019-01-17 04:00:00,47,48,2341.33447265625,42.627464294433594,1.0963220596313477
eval,22322,2019-01-17 04:00:00,48,49,1864.824951171875,29.475919723510742,0.18745361268520355
eval,22322,2019-01-17 04:00:00,49,50,11406.8359375,89.84025573730469,1.102990984916687
eval,22322,2019-01-17 04:00:00,50,51,215.6884002685547,12.566020011901855,0.5096150636672974
eval,22322,2019-01-17 04:00:00,51,52,2967.942138671875,47.60637664794922,0.6890643835067749
eval,22322,2019-01-17 04:00:00,52,53,494.3069763183594,17.747013092041016,0.3017411231994629
eval,22322,2019-01-17 04:00:00,53,54,194.05807495117188,10.502214431762695,0.24193327128887177
eval,22322,2019-01-17 04:00:00,54,55,295726.8125,386.97662353515625,0.12391315400600433
eval,22322,2019-01-17 04:00:00,55,56,631.9015502929688,20.169626235961914,0.16562019288539886
eval,22322,2019-01-17 04:00:00,56,58,24999.5546875,142.6988983154297,0.45886582136154175
eval,22322,2019-01-17 04:00:00,57,59,16810.96875,107.35783386230469,1.0456347465515137
eval,22322,2019-01-17 04:00:00,58,60,3231.732177734375,46.07780456542969,0.24448233842849731
eval,22322,2019-01-17 04:00:00,59,61,149.69284057617188,9.840841293334961,0.20602825284004211
eval,22322,2019-01-17 04:00:00,60,62,203.45237731933594,10.951101303100586,0.14330878853797913
eval,22322,2019-01-17 04:00:00,61,63,387.5950622558594,15.832140922546387,0.09137076139450073
eval,22322,2019-01-17 04:00:00,62,64,12026.828125,100.69186401367188,1.82772958278656
eval,22322,2019-01-17 04:00:00,63,65,792.8495483398438,20.850685119628906,0.184238463640213
eval,22322,2019-01-17 04:00:00,64,66,442.7830810546875,15.950347900390625,0.4172205626964569
eval,22322,2019-01-17 04:00:00,65,67,511.1370849609375,17.706758499145508,0.1572083830833435
eval,22322,2019-01-17 04:00:00,66,68,261.3679504394531,11.665407180786133,0.07433971762657166
eval,22322,2019-01-17 04:00:00,67,69,101.32949829101562,8.394515037536621,0.16624455153942108
eval,22322,2019-01-17 04:00:00,68,70,14488.607421875,106.4089584350586,3.9306132793426514
eval,22322,2019-01-17 04:00:00,69,71,134.6444091796875,9.25849437713623,0.2597564458847046
eval,22322,2019-01-17 04:00:00,70,72,7312.8505859375,75.5416259765625,1.1079872846603394
eval,22322,2019-01-17 04:00:00,71,73,215.64244079589844,10.4832763671875,0.10894265025854111
eval,22322,2019-01-17 04:00:00,72,74,405.95892333984375,16.683856964111328,0.13820776343345642
eval,22322,2019-01-17 04:00:00,73,75,30678.146484375,124.6411361694336,0.20661860704421997
eval,22322,2019-01-17 04:00:00,74,76,2146.589599609375,40.22336959838867,0.33615654706954956
eval,22322,2019-01-17 04:00:00,75,77,174827.171875,353.8880615234375,0.29658082127571106
eval,22322,2019-01-17 04:00:00,76,78,1427.0615234375,27.997844696044922,0.10058809816837311
eval,22322,2019-01-17 04:00:00,77,79,2423.53857421875,39.924346923828125,0.12502098083496094
eval,22322,2019-01-17 04:00:00,78,80,12607.37109375,80.00946807861328,0.3244944214820862
eval,22322,2019-01-17 04:00:00,79,81,229075.25,439.00067138671875,2.3925082683563232
eval,22322,2019-01-17 04:00:00,80,82,1678.978271484375,33.651344299316406,0.10156681388616562
eval,22322,2019-01-17 04:00:00,81,83,110211.7734375,181.25363159179688,0.8890671730041504
eval,22322,2019-01-17 04:00:00,82,84,80134.15625,208.103515625,3.0468146800994873
eval,22322,2019-01-17 04:00:00,83,85,17.34943389892578,2.679753065109253,0.016482718288898468
eval,22322,2019-01-17 04:00:00,84,86,55.6489372253418,5.7187395095825195,0.15304270386695862
eval,22322,2019-01-17 04:00:00,85,87,2492.74853515625,32.40406036376953,0.027726328000426292
eval,22322,2019-01-17 04:00:00,86,88,59298.07421875,189.6734619140625,0.017405636608600616
eval,22322,2019-01-17 04:00:00,87,89,171239.984375,283.75750732421875,0.010521208867430687
eval,22322,2019-01-17 04:00:00,88,90,676.49169921875,19.62747573852539,0.012033915147185326
eval,22322,2019-01-17 04:00:00,89,91,55166.0078125,172.6543426513672,0.014228729531168938
eval,22322,2019-01-17 04:00:00,90,92,439045.5,414.9728698730469,0.10557113587856293
eval,22322,2019-01-17 04:00:00,91,93,112573.6875,260.566162109375,0.014635628089308739
eval,22322,2019-01-17 04:00:00,92,94,7293.119140625,61.294891357421875,0.0026121949777007103
eval,22322,2019-01-17 04:00:00,93,95,87797.984375,222.8352508544922,0.17302852869033813
eval,22322,2019-01-17 04:00:00,94,96,27672.296875,129.37350463867188,0.2660749554634094
eval,22322,2019-01-17 04:00:00,95,97,1589.1650390625,31.696958541870117,0.05319441482424736
eval,22322,2019-01-17 04:00:00,96,98,1147.7574462890625,28.76192855834961,0.11187015473842621
eval,22322,2019-01-17 04:00:00,97,99,111.68004608154297,9.147333145141602,0.028868529945611954
eval,22322,2019-01-17 04:00:00,98,100,19890.05859375,120.5254135131836,0.060391537845134735
eval,22322,2019-01-17 04:00:00,99,101,559.162109375,17.18163299560547,0.07827519625425339
eval,22322,2019-01-17 04:00:00,100,102,312.11279296875,14.499326705932617,0.059362124651670456
eval,22322,2019-01-17 04:00:00,101,103,702098.9375,775.9537963867188,1.8250073194503784
eval,22322,2019-01-17 04:00:00,102,104,1604.410400390625,31.878677368164062,0.6337440609931946
eval,22322,2019-01-17 04:00:00,103,105,4595.2646484375,31.387096405029297,0.10567855089902878
eval,22322,2019-01-17 04:00:00,104,107,1298.592041015625,30.845365524291992,0.4081799387931824
eval,22322,2019-01-17 04:00:00,105,108,71.14472961425781,6.0889692306518555,0.012184183113276958
eval,22322,2019-01-17 04:00:00,106,109,7806.095703125,52.823974609375,0.068427175283432
eval,22322,2019-01-17 04:00:00,107,110,532.9210205078125,18.692520141601562,0.02290172502398491
eval,22322,2019-01-17 04:00:00,108,111,6330.70458984375,52.23090362548828,0.679326057434082
eval,22322,2019-01-17 04:00:00,109,112,28934.578125,115.67692565917969,0.2820633053779602
eval,22322,2019-01-17 04:00:00,110,114,2.567417621612549,1.348510980606079,0.048448093235492706
eval,22322,2019-01-17 04:00:00,111,115,439.74468994140625,15.329092979431152,0.07150661945343018
eval,22322,2019-01-17 04:00:00,112,116,1065.271728515625,23.122175216674805,0.10746844857931137
eval,22322,2019-01-17 04:00:00,113,117,16.75857925415039,3.1442248821258545,0.07386325299739838
eval,22322,2019-01-17 04:00:00,114,118,58.008140563964844,6.827504634857178,0.5804980993270874
eval,22322,2019-01-17 04:00:00,115,119,84422.7109375,240.23507690429688,0.45673197507858276
eval,22322,2019-01-17 04:00:00,116,120,269.2285461425781,14.049428939819336,0.052358996123075485
eval,22322,2019-01-17 04:00:00,117,121,244.12876892089844,15.362452507019043,7.231327056884766
eval,22322,2019-01-17 04:00:00,118,122,1.881438970565796,1.1351652145385742,0.4902709424495697
eval,22322,2019-01-17 04:00:00,119,123,6600.18896484375,45.9140625,0.09640570729970932
eval,22322,2019-01-17 04:00:00,120,124,431.85638427734375,16.019071578979492,0.010411168448626995
eval,22322,2019-01-17 04:00:00,121,125,129.24510192871094,7.959376811981201,2.548302412033081
eval,22322,2019-01-17 04:00:00,122,126,35564.3046875,166.82359313964844,0.2175709307193756
eval,22322,2019-01-17 04:00:00,123,128,3239833.75,1576.271240234375,1.1525225639343262
eval,22322,2019-01-17 04:00:00,124,129,806.2704467773438,20.710926055908203,0.04018889740109444
eval,22322,2019-01-17 04:00:00,125,130,660.3411254882812,20.34572410583496,0.06937042623758316
eval,22322,2019-01-17 04:00:00,126,131,571577.125,639.222412109375,0.9031197428703308
eval,22322,2019-01-17 04:00:00,127,132,40456.3203125,175.83859252929688,0.18694058060646057
eval,22322,2019-01-17 04:00:00,128,133,546382.5625,648.03076171875,0.272430419921875
eval,22322,2019-01-17 04:00:00,129,134,8367.6982421875,74.24761199951172,0.14928990602493286
eval,22322,2019-01-17 04:00:00,130,135,175294.546875,304.23809814453125,0.08633291721343994
eval,22322,2019-01-17 04:00:00,131,136,809.5714721679688,23.068771362304688,0.03767078369855881
eval,22322,2019-01-17 04:00:00,132,137,74.40457916259766,7.2686614990234375,0.03690030798316002
eval,22322,2019-01-17 04:00:00,133,138,830.8101806640625,22.202499389648438,0.014092346653342247
eval,22322,2019-01-17 04:00:00,134,139,194.37290954589844,10.659248352050781,0.009890859946608543
eval,22322,2019-01-17 04:00:00,135,140,25684.943359375,128.64797973632812,0.5632242560386658
eval,22322,2019-01-17 04:00:00,136,141,1962.467529296875,30.639610290527344,0.03485851734876633
eval,22322,2019-01-17 04:00:00,137,142,463.0419921875,17.286949157714844,0.02920462004840374
eval,22322,2019-01-17 04:00:00,138,144,1015.540283203125,28.085220336914062,0.2457810342311859
eval,22322,2019-01-17 04:00:00,139,145,314.26617431640625,13.401594161987305,0.026420732960104942
eval,22322,2019-01-17 04:00:00,140,146,1591.6953125,32.525054931640625,0.08755394071340561
eval,22322,2019-01-17 04:00:00,141,147,54.87286376953125,6.3072028160095215,0.02776584029197693
eval,22322,2019-01-17 04:00:00,142,148,8267.2998046875,76.53199005126953,0.044313617050647736
eval,22322,2019-01-17 04:00:00,143,149,6836.9736328125,70.925048828125,0.04467032477259636
eval,22322,2019-01-17 04:00:00,144,150,290619.1875,461.3860778808594,0.06293182075023651
eval,22322,2019-01-17 04:00:00,145,151,39123.265625,174.35678100585938,0.09414907544851303
eval,22322,2019-01-17 04:00:00,146,152,6865.95068359375,72.24034118652344,0.052136123180389404
eval,22322,2019-01-17 04:00:00,147,153,355053.9375,482.0826416015625,0.052613191306591034
eval,22322,2019-01-17 04:00:00,148,154,28853.76171875,137.9834747314453,0.13186059892177582
eval,22322,2019-01-17 04:00:00,149,155,60833068.0,6484.9052734375,0.05306661128997803
eval,22322,2019-01-17 04:00:00,150,156,1230.6495361328125,27.42153549194336,0.022836342453956604
eval,22322,2019-01-17 04:00:00,151,157,36074.82421875,126.87873840332031,0.18452613055706024
eval,22322,2019-01-17 04:00:00,152,158,24457.84765625,110.58450317382812,0.03160330653190613
eval,22322,2019-01-17 04:00:00,153,159,24623.73828125,138.9088592529297,0.021497687324881554
eval,22322,2019-01-17 04:00:00,154,160,13832.78125,102.33702087402344,0.10953771322965622
eval,22322,2019-01-17 04:00:00,155,161,4891.0009765625,42.00043487548828,0.05501049757003784
eval,22322,2019-01-17 04:00:00,156,162,28787.052734375,129.253173828125,0.04460162669420242
eval,22322,2019-01-17 04:00:00,157,163,91642.2734375,269.6659240722656,0.06696894764900208
eval,22322,2019-01-17 04:00:00,158,164,37657.60546875,178.75033569335938,0.1208047866821289
eval,22322,2019-01-17 04:00:00,159,165,2398.579345703125,39.889610290527344,0.027600755915045738
eval,22322,2019-01-17 04:00:00,160,166,74517.5234375,228.67062377929688,0.04037053510546684
eval,22322,2019-01-17 04:00:00,161,167,2776345.25,1333.76708984375,0.04193294048309326
eval,22322,2019-01-17 04:00:00,162,168,26431.07421875,135.42208862304688,0.04106372222304344
eval,22322,2019-01-17 04:00:00,163,169,45745.5234375,188.01614379882812,0.10982110351324081
eval,22322,2019-01-17 04:00:00,164,170,1617.123779296875,31.029781341552734,0.02523428574204445
eval,22322,2019-01-17 04:00:00,165,171,9233.263671875,78.3966064453125,0.05037333071231842
eval,22322,2019-01-17 04:00:00,166,172,74048.78125,203.02708435058594,0.055861860513687134
eval,22322,2019-01-17 04:00:00,167,173,9086.59375,76.19593811035156,0.014627679251134396
eval,22322,2019-01-17 04:00:00,168,174,7734.48583984375,69.9320297241211,0.05036415904760361
eval,22322,2019-01-17 04:00:00,169,175,104587.6171875,255.57188415527344,0.009002059698104858
eval,22322,2019-01-17 04:00:00,170,176,2796.79345703125,39.8712043762207,0.021930765360593796
eval,22322,2019-01-17 04:00:00,171,177,119295.78125,291.1927185058594,0.042898014187812805
eval,22322,2019-01-17 04:00:00,172,178,188872.296875,282.8132629394531,0.18253782391548157
eval,22322,2019-01-17 04:00:00,173,179,7779368.0,2030.357177734375,0.21698760986328125
eval,22322,2019-01-17 04:00:00,174,180,11505.1328125,78.76275634765625,0.1981411874294281
eval,22322,2019-01-17 04:00:00,175,181,22658.060546875,123.37484741210938,0.011725648306310177
eval,22322,2019-01-17 04:00:00,176,183,1196.32275390625,30.384510040283203,0.00699977669864893
eval,22322,2019-01-17 04:00:00,177,184,8867.822265625,78.38990783691406,0.02318986877799034
eval,22322,2019-01-17 04:00:00,178,185,2792.574951171875,42.908203125,0.021291684359312057
eval,22322,2019-01-17 04:00:00,179,186,113342.59375,255.557861328125,0.0016374628758057952
eval,22322,2019-01-17 04:00:00,180,187,6616.4560546875,61.39335250854492,0.005835337098687887
eval,22322,2019-01-17 04:00:00,181,188,1085.71875,24.475120544433594,0.049202971160411835
eval,22322,2019-01-17 04:00:00,182,189,56398.0546875,187.5330047607422,0.046769991517066956
eval,22322,2019-01-17 04:00:00,183,190,302.9352722167969,14.237920761108398,0.026447471231222153
eval,22322,2019-01-17 04:00:00,184,191,813.9583740234375,23.519329071044922,0.0183721836656332
eval,22322,2019-01-17 04:00:00,185,192,180.568115234375,11.243719100952148,0.01198286097496748
eval,22322,2019-01-17 04:00:00,186,193,23882.9765625,130.418701171875,0.04189019650220871
eval,22322,2019-01-17 04:00:00,187,194,1248.764892578125,29.100706100463867,0.04257690906524658
eval,22322,2019-01-17 04:00:00,188,195,724.5631713867188,21.153669357299805,0.06591473519802094
eval,22322,2019-01-17 04:00:00,189,196,23522.078125,139.43963623046875,0.1916704624891281
eval,22322,2019-01-17 04:00:00,190,197,3921.52099609375,50.06475067138672,0.2513807713985443
eval,22322,2019-01-17 04:00:00,191,198,11658.0107421875,74.91983032226562,0.04427456110715866
eval,22322,2019-01-17 04:00:00,192,199,295682.6875,437.2339782714844,0.019997667521238327
eval,22322,2019-01-17 04:00:00,193,200,1002.8167724609375,25.513044357299805,0.029758840799331665
eval,22322,2019-01-17 04:00:00,194,201,1552.9462890625,31.13637351989746,0.0535515621304512
eval,22322,2019-01-17 04:00:00,195,202,8472.494140625,73.50859832763672,0.1869053840637207
eval,22322,2019-01-17 04:00:00,196,203,1691.9619140625,32.499427795410156,0.0473768413066864
eval,22322,2019-01-17 04:00:00,197,204,83397.5,228.59194946289062,0.10867367684841156
eval,22322,2019-01-17 04:00:00,198,205,120323.78125,213.6548309326172,0.15442940592765808
eval,22322,2019-01-17 04:00:00,199,206,950.2994384765625,24.552898406982422,0.02173752337694168
eval,22322,2019-01-17 04:00:00,200,207,553.9681396484375,14.780471801757812,0.06218671053647995
eval,22322,2019-01-17 04:00:00,201,208,377.9009704589844,15.149986267089844,0.07085073739290237
eval,22322,2019-01-17 04:00:00,202,209,273.84844970703125,12.839868545532227,0.04209412261843681
eval,22322,2019-01-17 04:00:00,203,210,2544.93408203125,39.05613327026367,0.029280496761202812
eval,22322,2019-01-17 04:00:00,204,211,15172.875,103.49510192871094,0.05864077806472778
eval,22322,2019-01-17 04:00:00,205,212,2921.20849609375,45.435874938964844,0.025888167321681976
eval,22322,2019-01-17 04:00:00,206,213,1931.704345703125,32.51499938964844,0.1104569360613823
eval,22322,2019-01-17 04:00:00,207,214,1061.6240234375,21.427349090576172,0.026447605341672897
eval,22322,2019-01-17 04:00:00,208,215,341.51531982421875,15.181231498718262,0.013390320353209972
eval,22322,2019-01-17 04:00:00,209,216,1564.220703125,28.07516098022461,0.07314842194318771
eval,22322,2019-01-17 04:00:00,210,217,5275.5634765625,63.099822998046875,0.09596618264913559
eval,22322,2019-01-17 04:00:00,211,218,687.4344482421875,16.90571403503418,0.10698428750038147
eval,22322,2019-01-17 04:00:00,212,219,17442.490234375,99.03746032714844,0.40732669830322266
eval,22322,2019-01-17 04:00:00,213,220,4091.07861328125,47.462669372558594,0.05272049456834793
eval,22322,2019-01-17 04:00:00,214,221,14601.8388671875,96.6992416381836,0.2622314691543579
eval,22322,2019-01-17 04:00:00,215,222,1720.2158203125,31.453594207763672,0.05870139226317406
eval,22322,2019-01-17 04:00:00,216,223,5632.7080078125,49.49266815185547,0.0448506698012352
eval,22322,2019-01-17 04:00:00,217,224,216.48977661132812,11.893993377685547,0.027290185913443565
eval,22322,2019-01-17 04:00:00,218,225,2802.405029296875,44.340911865234375,0.04852718114852905
eval,22322,2019-01-17 04:00:00,219,226,9779.2236328125,75.74740600585938,0.011723382398486137
eval,22322,2019-01-17 04:00:00,220,227,299.7098083496094,14.54975700378418,0.053016871213912964
eval,22322,2019-01-17 04:00:00,221,228,643.8994140625,22.59166717529297,0.031428076326847076
eval,22322,2019-01-17 04:00:00,222,229,330.0181884765625,15.175241470336914,0.013045309111475945
eval,22322,2019-01-17 04:00:00,223,230,12637.53515625,80.89862060546875,0.022413060069084167
eval,22322,2019-01-17 04:00:00,224,231,6678.99951171875,61.793880462646484,0.11197488009929657
eval,22322,2019-01-17 04:00:00,225,232,409.3540954589844,14.2446928024292,0.021180881187319756
eval,22322,2019-01-17 04:00:00,226,233,189673.625,350.13568115234375,0.02211925759911537
eval,22322,2019-01-17 04:00:00,227,234,354.6622009277344,15.343005180358887,0.03732428327202797
eval,22322,2019-01-17 04:00:00,228,235,223.4193572998047,11.997663497924805,0.017700763419270515
eval,22322,2019-01-17 04:00:00,229,236,3962231.5,1655.9539794921875,0.04501728713512421
eval,22322,2019-01-17 04:00:00,230,237,8284.1728515625,65.75773620605469,0.04043269902467728
eval,22322,2019-01-17 04:00:00,231,238,257.1786804199219,11.99920654296875,0.0366332083940506
eval,22322,2019-01-17 04:00:00,232,239,213.939453125,10.576457023620605,0.02396298013627529
eval,22322,2019-01-17 04:00:00,233,240,2489.69140625,39.90650939941406,0.0503883957862854
eval,22322,2019-01-17 04:00:00,234,241,433.73779296875,16.771926879882812,0.04332585632801056
eval,22322,2019-01-17 04:00:00,235,242,901.1072998046875,22.0017147064209,0.0669560581445694
eval,22322,2019-01-17 04:00:00,236,243,972.0851440429688,26.945293426513672,0.031659290194511414
eval,22322,2019-01-17 04:00:00,237,244,589.3186645507812,17.74639320373535,0.02334517240524292
eval,22322,2019-01-17 04:00:00,238,246,17809.46875,99.53929138183594,0.07240846008062363
eval,22322,2019-01-17 04:00:00,239,247,494.2706298828125,15.725921630859375,0.050971418619155884
eval,22322,2019-01-17 04:00:00,240,248,4624.8740234375,50.21752166748047,0.07452573627233505
eval,22322,2019-01-17 04:00:00,241,249,4081.03466796875,25.910316467285156,0.20299562811851501
eval,22322,2019-01-17 04:00:00,242,250,9968.568359375,75.2836685180664,0.016489332541823387
eval,22322,2019-01-17 04:00:00,243,251,11020.22265625,79.94194030761719,0.14062952995300293
eval,22322,2019-01-17 04:00:00,244,252,412.280029296875,15.02326488494873,0.04429716616868973
eval,22322,2019-01-17 04:00:00,245,253,1299.855712890625,29.534271240234375,0.025538388639688492
eval,22322,2019-01-17 04:00:00,246,254,74928.109375,214.7275848388672,0.0787980705499649
eval,22322,2019-01-17 04:00:00,247,255,39049.8515625,142.9112548828125,0.07847489416599274
eval,22322,2019-01-17 04:00:00,248,256,1030.72900390625,26.093284606933594,0.05201060697436333
eval,22322,2019-01-17 04:00:00,249,257,1401.479736328125,29.032470703125,0.054075874388217926
eval,22322,2019-01-17 04:00:00,250,258,2057.88671875,34.581417083740234,0.14880584180355072
eval,22322,2019-01-17 04:00:00,251,259,1259.8590087890625,25.550369262695312,0.028240105137228966
eval,22322,2019-01-17 04:00:00,252,260,203.1689910888672,10.407441139221191,0.02584630250930786
eval,22322,2019-01-17 04:00:00,253,261,379.76531982421875,14.229270935058594,0.02812080644071102
eval,22322,2019-01-17 04:00:00,254,262,32686.49609375,137.93292236328125,0.036470383405685425
eval,22322,2019-01-17 04:00:00,255,263,4881.64990234375,54.08723449707031,0.10290685296058655
eval,22322,2019-01-17 04:00:00,256,264,10640.3515625,81.63121032714844,0.04676854610443115
eval,22322,2019-01-17 04:00:00,257,265,1739.8359375,32.45402145385742,0.1347862333059311
eval,22322,2019-01-17 04:00:00,258,266,6738.8125,59.46827697753906,0.0221700519323349
eval,22322,2019-01-17 04:00:00,259,267,1275.357421875,27.35206413269043,0.008844371885061264
eval,22322,2019-01-17 04:00:00,260,268,80060.21875,230.44192504882812,0.03240275755524635
eval,22322,2019-01-17 04:00:00,261,269,202.99819946289062,12.388036727905273,0.023952480405569077
eval,22322,2019-01-17 04:00:00,262,270,5421.6298828125,56.075828552246094,0.018834052607417107
eval,22322,2019-01-17 04:00:00,263,271,32279.46484375,122.24833679199219,0.032368771731853485
eval,22322,2019-01-17 04:00:00,264,272,2297.74169921875,34.64030456542969,0.029594849795103073
eval,22322,2019-01-17 04:00:00,265,273,427.7116394042969,15.097681999206543,0.030196622014045715
eval,22322,2019-01-17 04:00:00,266,274,631.7344360351562,16.905033111572266,0.032756295055150986
eval,22322,2019-01-17 04:00:00,267,275,606.9878540039062,19.32080078125,0.027892669662833214
eval,22322,2019-01-17 04:00:00,268,276,1376844.625,952.6146850585938,0.17590385675430298
eval,22322,2019-01-17 04:00:00,269,277,6347.47265625,58.02843475341797,0.04855429753661156
eval,22322,2019-01-17 04:00:00,270,278,2371.500732421875,41.450130462646484,0.03344706445932388
eval,22322,2019-01-17 04:00:00,271,279,2132.895263671875,39.800575256347656,0.015408603474497795
eval,22322,2019-01-17 04:00:00,272,280,97099.0,229.72947692871094,0.16943326592445374
eval,22322,2019-01-17 04:00:00,273,281,125756.984375,271.50146484375,0.02728709578514099
eval,22322,2019-01-17 04:00:00,274,282,1482.277587890625,28.721282958984375,0.03266553953289986
eval,22322,2019-01-17 04:00:00,275,283,1286.8133544921875,29.384986877441406,0.037420373409986496
eval,22322,2019-01-17 04:00:00,276,284,1483.7265625,24.938650131225586,0.015630293637514114
eval,22322,2019-01-17 04:00:00,277,285,423.16650390625,15.486239433288574,0.024064604192972183
eval,22322,2019-01-17 04:00:00,278,286,5771.7490234375,51.411067962646484,0.096023790538311
eval,22322,2019-01-17 04:00:00,279,287,10338.33984375,72.30406188964844,0.12073042243719101
eval,22322,2019-01-17 04:00:00,280,288,23890.091796875,121.46038818359375,0.1383669376373291
eval,22322,2019-01-17 04:00:00,281,289,4160.78857421875,50.83306884765625,0.023654427379369736
eval,22322,2019-01-17 04:00:00,282,290,1741286.75,1015.966064453125,0.018515694886446
eval,22322,2019-01-17 04:00:00,283,291,1427.51171875,31.013837814331055,0.011768381111323833
eval,22322,2019-01-17 04:00:00,284,292,19204.99609375,97.78695678710938,0.003500914666801691
eval,22322,2019-01-17 04:00:00,285,293,14080.5859375,82.41355895996094,0.027148431167006493
eval,22322,2019-01-17 04:00:00,286,294,22916.7265625,107.30976867675781,0.04444148391485214
eval,22322,2019-01-17 04:00:00,287,295,22180.54296875,88.06622314453125,0.09992291778326035
eval,22322,2019-01-17 04:00:00,288,296,166861.0625,313.5968933105469,0.01428908109664917
eval,22322,2019-01-17 04:00:00,289,297,3527.85693359375,42.32530212402344,0.008689597249031067
eval,22322,2019-01-17 04:00:00,290,299,1384.675048828125,21.44550132751465,0.5973612070083618
eval,22322,2019-01-17 04:00:00,291,300,16692.49609375,95.21354675292969,0.04247751086950302
eval,22322,2019-01-17 04:00:00,292,301,88190.984375,210.98660278320312,0.020574938505887985
eval,22322,2019-01-17 04:00:00,293,302,2126312.0,1021.5059814453125,0.09408892691135406
eval,22322,2019-01-17 04:00:00,294,303,35658.1640625,119.54500579833984,0.43089598417282104
eval,22322,2019-01-17 04:00:00,295,304,5443.96630859375,50.574188232421875,0.009004523977637291
eval,22322,2019-01-17 04:00:00,296,305,26766.8125,123.00399017333984,0.12056760489940643
eval,22322,2019-01-17 04:00:00,297,306,294828.0625,456.4339294433594,0.08610080182552338
eval,22322,2019-01-17 04:00:00,298,307,67522.453125,178.6441650390625,0.12723344564437866
eval,22322,2019-01-17 04:00:00,299,308,213036.71875,347.3622741699219,0.00934519525617361
eval,22322,2019-01-17 04:00:00,300,309,475086.5,465.4749450683594,0.10306839644908905
eval,22322,2019-01-17 04:00:00,301,310,8877.2998046875,82.02340698242188,0.40370482206344604
eval,22322,2019-01-17 04:00:00,302,311,35723.125,138.07908630371094,0.016054145991802216
eval,22322,2019-01-17 04:00:00,303,312,43602.58984375,160.57130432128906,0.06982948631048203
eval,22322,2019-01-17 04:00:00,304,313,460464128.0,15282.060546875,0.010821646079421043
eval,22322,2019-01-17 04:00:00,305,314,1771272.25,771.8240966796875,0.03829879313707352
eval,22322,2019-01-17 04:00:00,306,315,698729.4375,672.797119140625,0.00532059371471405
eval,22322,2019-01-17 04:00:00,307,316,7607.30224609375,67.94864654541016,0.381624698638916
eval,22322,2019-01-17 04:00:00,308,317,40.720298767089844,5.431547164916992,0.02923288568854332
eval,22322,2019-01-17 04:00:00,309,318,67338.921875,223.7983856201172,0.3513105809688568
eval,22322,2019-01-17 04:00:00,310,319,1160.55126953125,30.0639705657959,0.018188416957855225
eval,22322,2019-01-17 04:00:00,311,OT,26842.287109375,146.591552734375,0.08262443542480469
eval,22578,2019-01-27 20:00:00,0,0,989.6439819335938,20.205535888671875,13.51411247253418
eval,22578,2019-01-27 20:00:00,1,1,44.025840759277344,4.713759422302246,0.1450234353542328
eval,22578,2019-01-27 20:00:00,2,2,0.9922624826431274,0.5042306184768677,0.5677428245544434
eval,22578,2019-01-27 20:00:00,3,3,1531.3314208984375,29.267065048217773,0.1682065725326538
eval,22578,2019-01-27 20:00:00,4,4,2764.338623046875,42.45330810546875,0.7883898019790649
eval,22578,2019-01-27 20:00:00,5,5,4040.38330078125,50.09327697753906,0.2126617133617401
eval,22578,2019-01-27 20:00:00,6,7,4293.37646484375,53.02428436279297,0.14521801471710205
eval,22578,2019-01-27 20:00:00,7,8,830.81884765625,22.537839889526367,0.379928320646286
eval,22578,2019-01-27 20:00:00,8,9,12723.583984375,94.11152648925781,1.7397793531417847
eval,22578,2019-01-27 20:00:00,9,10,211.4029998779297,12.177520751953125,0.16247126460075378
eval,22578,2019-01-27 20:00:00,10,11,4183.2158203125,58.40452194213867,0.10806840658187866
eval,22578,2019-01-27 20:00:00,11,12,71.04368591308594,6.880805015563965,0.08761167526245117
eval,22578,2019-01-27 20:00:00,12,13,451.30615234375,17.520042419433594,0.29177725315093994
eval,22578,2019-01-27 20:00:00,13,14,189.73776245117188,10.119678497314453,0.14052437245845795
eval,22578,2019-01-27 20:00:00,14,15,22330.421875,130.25210571289062,0.32840412855148315
eval,22578,2019-01-27 20:00:00,15,16,36.53376007080078,4.58254861831665,0.6649497747421265
eval,22578,2019-01-27 20:00:00,16,17,863.6121826171875,25.6529598236084,0.7454320192337036
eval,22578,2019-01-27 20:00:00,17,18,1969.473876953125,37.10041809082031,0.13690991699695587
eval,22578,2019-01-27 20:00:00,18,19,721.7570190429688,22.356021881103516,0.18282926082611084
eval,22578,2019-01-27 20:00:00,19,20,22.083051681518555,3.33811354637146,0.1416507214307785
eval,22578,2019-01-27 20:00:00,20,21,17945.5703125,103.60401916503906,0.3766885995864868
eval,22578,2019-01-27 20:00:00,21,22,55.836402893066406,5.698549270629883,0.20485441386699677
eval,22578,2019-01-27 20:00:00,22,23,108.20576477050781,7.9152021408081055,0.25966280698776245
eval,22578,2019-01-27 20:00:00,23,24,207.372802734375,11.76301383972168,0.05053545534610748
eval,22578,2019-01-27 20:00:00,24,25,292.2055969238281,13.514875411987305,0.02273925021290779
eval,22578,2019-01-27 20:00:00,25,26,667.709228515625,20.802671432495117,0.19658735394477844
eval,22578,2019-01-27 20:00:00,26,27,91.8382568359375,7.974392890930176,0.48168858885765076
eval,22578,2019-01-27 20:00:00,27,28,8930.501953125,78.91377258300781,0.9806880950927734
eval,22578,2019-01-27 20:00:00,28,29,2762.190185546875,42.97709274291992,0.22429350018501282
eval,22578,2019-01-27 20:00:00,29,30,21440.775390625,109.65763854980469,2.283482313156128
eval,22578,2019-01-27 20:00:00,30,31,4489.353515625,47.52647018432617,0.457744836807251
eval,22578,2019-01-27 20:00:00,31,32,165.47898864746094,9.61282730102539,0.083778977394104
eval,22578,2019-01-27 20:00:00,32,33,263.4253845214844,12.28138256072998,0.14797073602676392
eval,22578,2019-01-27 20:00:00,33,34,61012.49609375,187.00814819335938,0.08645255863666534
eval,22578,2019-01-27 20:00:00,34,35,63.48530197143555,6.079071044921875,0.10020425170660019
eval,22578,2019-01-27 20:00:00,35,36,2492.56982421875,41.64238739013672,0.0803128033876419
eval,22578,2019-01-27 20:00:00,36,37,2656.33642578125,40.3693962097168,0.168397456407547
eval,22578,2019-01-27 20:00:00,37,38,255.9154052734375,13.79849624633789,0.28397807478904724
eval,22578,2019-01-27 20:00:00,38,39,73.82682800292969,7.002671241760254,0.4337056577205658
eval,22578,2019-01-27 20:00:00,39,40,194001.046875,369.17559814453125,0.3667756915092468
eval,22578,2019-01-27 20:00:00,40,41,5271.142578125,47.98004150390625,0.1423596441745758
eval,22578,2019-01-27 20:00:00,41,42,2540.544921875,40.1172981262207,0.5267293453216553
eval,22578,2019-01-27 20:00:00,42,43,251.4769744873047,13.592761993408203,0.28860852122306824
eval,22578,2019-01-27 20:00:00,43,44,1272.5791015625,29.254222869873047,0.10597068071365356
eval,22578,2019-01-27 20:00:00,44,45,790.9713745117188,23.131397247314453,0.2721954882144928
eval,22578,2019-01-27 20:00:00,45,46,84.2315444946289,7.236608505249023,0.18686658143997192
eval,22578,2019-01-27 20:00:00,46,47,108.09249114990234,5.966390132904053,0.10671842098236084
eval,22578,2019-01-27 20:00:00,47,48,287.8449401855469,13.936168670654297,0.16117241978645325
eval,22578,2019-01-27 20:00:00,48,49,3941.114990234375,46.92595672607422,0.35534828901290894
eval,22578,2019-01-27 20:00:00,49,50,8701.974609375,84.798828125,0.9322472810745239
eval,22578,2019-01-27 20:00:00,50,51,129.29010009765625,7.74989128112793,0.30805230140686035
eval,22578,2019-01-27 20:00:00,51,52,1640.322021484375,32.013057708740234,0.3430497348308563
eval,22578,2019-01-27 20:00:00,52,53,1034.349609375,25.031932830810547,0.5241620540618896
eval,22578,2019-01-27 20:00:00,53,54,36.778076171875,4.6666154861450195,0.04318971186876297
eval,22578,2019-01-27 20:00:00,54,55,549873.5,646.9655151367188,0.19653022289276123
eval,22578,2019-01-27 20:00:00,55,56,1053.6527099609375,26.31747055053711,0.2741830050945282
eval,22578,2019-01-27 20:00:00,56,58,74342.3984375,239.5150604248047,1.4680840969085693
eval,22578,2019-01-27 20:00:00,57,59,2046.0789794921875,37.87123107910156,0.16987262666225433
eval,22578,2019-01-27 20:00:00,58,60,1069.2677001953125,26.055923461914062,0.0773489698767662
eval,22578,2019-01-27 20:00:00,59,61,372.34747314453125,16.850034713745117,0.4549962878227234
eval,22578,2019-01-27 20:00:00,60,62,164.24136352539062,9.053203582763672,0.11552014201879501
eval,22578,2019-01-27 20:00:00,61,63,3184.63427734375,52.740745544433594,0.8380112648010254
eval,22578,2019-01-27 20:00:00,62,64,2453.02734375,40.697879791259766,0.2553662955760956
eval,22578,2019-01-27 20:00:00,63,65,678.8135986328125,20.263582229614258,0.1651846021413803
eval,22578,2019-01-27 20:00:00,64,66,306.43048095703125,14.142339706420898,0.29376035928726196
eval,22578,2019-01-27 20:00:00,65,67,703.7872924804688,21.47089195251465,0.22960858047008514
eval,22578,2019-01-27 20:00:00,66,68,186.7708740234375,9.959815979003906,0.038689468055963516
eval,22578,2019-01-27 20:00:00,67,69,166.10174560546875,9.01581859588623,0.28894898295402527
eval,22578,2019-01-27 20:00:00,68,70,4781.125,55.97050476074219,1.8809900283813477
eval,22578,2019-01-27 20:00:00,69,71,221.47845458984375,12.60818099975586,0.5081552267074585
eval,22578,2019-01-27 20:00:00,70,72,257.9228210449219,12.49997329711914,0.03742634505033493
eval,22578,2019-01-27 20:00:00,71,73,404.77471923828125,14.962306022644043,0.22428759932518005
eval,22578,2019-01-27 20:00:00,72,74,830.8180541992188,24.615436553955078,0.31638917326927185
eval,22578,2019-01-27 20:00:00,73,75,7139.6826171875,64.36289978027344,0.04120515286922455
eval,22578,2019-01-27 20:00:00,74,76,507.31390380859375,18.430404663085938,0.07448398321866989
eval,22578,2019-01-27 20:00:00,75,77,325343.9375,496.72662353515625,0.72693932056427
eval,22578,2019-01-27 20:00:00,76,78,950.92724609375,24.019569396972656,0.04986221715807915
eval,22578,2019-01-27 20:00:00,77,79,10870.17578125,67.71467590332031,0.6586226224899292
eval,22578,2019-01-27 20:00:00,78,80,8161.5615234375,72.32344818115234,0.21371418237686157
eval,22578,2019-01-27 20:00:00,79,81,5074.60791015625,60.399654388427734,0.046753279864788055
eval,22578,2019-01-27 20:00:00,80,82,1493.68359375,29.358745574951172,0.10285719484090805
eval,22578,2019-01-27 20:00:00,81,83,88431.1875,156.84384155273438,0.6991071701049805
eval,22578,2019-01-27 20:00:00,82,84,32603.990234375,109.83306884765625,0.8371416926383972
eval,22578,2019-01-27 20:00:00,83,85,17.530994415283203,3.271378517150879,0.01848525181412697
eval,22578,2019-01-27 20:00:00,84,86,69.7874526977539,5.967658996582031,0.16358879208564758
eval,22578,2019-01-27 20:00:00,85,87,26372.123046875,115.56340026855469,0.34802883863449097
eval,22578,2019-01-27 20:00:00,86,88,79517.453125,182.5868377685547,0.023041918873786926
eval,22578,2019-01-27 20:00:00,87,89,270941.6875,380.3059997558594,0.012888563796877861
eval,22578,2019-01-27 20:00:00,88,90,465.00970458984375,16.66210174560547,0.008719846606254578
eval,22578,2019-01-27 20:00:00,89,91,35778.67578125,144.99139404296875,0.008263926953077316
eval,22578,2019-01-27 20:00:00,90,92,178924.4375,297.58612060546875,0.04171871393918991
eval,22578,2019-01-27 20:00:00,91,93,146168.65625,268.0750427246094,0.020282689481973648
eval,22578,2019-01-27 20:00:00,92,94,10349.07421875,79.70588684082031,0.004465235397219658
eval,22578,2019-01-27 20:00:00,93,95,7298.6162109375,57.47076416015625,0.014553708955645561
eval,22578,2019-01-27 20:00:00,94,96,9171.8388671875,77.42332458496094,0.11812165379524231
eval,22578,2019-01-27 20:00:00,95,97,1215.5760498046875,25.550582885742188,0.03931192681193352
eval,22578,2019-01-27 20:00:00,96,98,197.90225219726562,11.209487915039062,0.015255803242325783
eval,22578,2019-01-27 20:00:00,97,99,318.00823974609375,15.040447235107422,0.0633116289973259
eval,22578,2019-01-27 20:00:00,98,100,8004.1875,70.55425262451172,0.024264199659228325
eval,22578,2019-01-27 20:00:00,99,101,671.390380859375,20.36092185974121,0.10013468563556671
eval,22578,2019-01-27 20:00:00,100,102,203.9130859375,10.843077659606934,0.039540644735097885
eval,22578,2019-01-27 20:00:00,101,103,26451.544921875,121.79627990722656,0.05688824877142906
eval,22578,2019-01-27 20:00:00,102,104,510.2103271484375,18.027116775512695,0.22216522693634033
eval,22578,2019-01-27 20:00:00,103,105,2073.993896484375,21.409099578857422,0.04306625947356224
eval,22578,2019-01-27 20:00:00,104,107,25.98895835876465,2.9659652709960938,0.006734231021255255
eval,22578,2019-01-27 20:00:00,105,108,104.32134246826172,8.711577415466309,0.01672634482383728
eval,22578,2019-01-27 20:00:00,106,109,319.75848388671875,14.271239280700684,0.0028069037944078445
eval,22578,2019-01-27 20:00:00,107,110,3387.0224609375,41.457244873046875,0.1449439525604248
eval,22578,2019-01-27 20:00:00,108,111,663.624755859375,20.764596939086914,0.03832356259226799
eval,22578,2019-01-27 20:00:00,109,112,15934.794921875,116.95489501953125,0.2637004256248474
eval,22578,2019-01-27 20:00:00,110,114,20.178556442260742,3.3397865295410156,0.2725829780101776
eval,22578,2019-01-27 20:00:00,111,115,493.4482421875,17.830272674560547,0.09385707229375839
eval,22578,2019-01-27 20:00:00,112,116,666.8314208984375,21.758840560913086,0.04685818403959274
eval,22578,2019-01-27 20:00:00,113,117,48.61199188232422,5.633426666259766,0.23926374316215515
eval,22578,2019-01-27 20:00:00,114,118,116.37747192382812,9.84082317352295,0.14759477972984314
eval,22578,2019-01-27 20:00:00,115,119,23249.40234375,124.11991882324219,0.08432142436504364
eval,22578,2019-01-27 20:00:00,116,120,1005.4003295898438,25.05904769897461,0.16295643150806427
eval,22578,2019-01-27 20:00:00,117,121,43.10728073120117,5.165053367614746,1.4844282865524292
eval,22578,2019-01-27 20:00:00,118,122,1.9084105491638184,1.1965672969818115,0.307691752910614
eval,22578,2019-01-27 20:00:00,119,123,556.3865966796875,19.44649887084961,0.00818014144897461
eval,22578,2019-01-27 20:00:00,120,124,148.6831512451172,9.929227828979492,0.0040108151733875275
eval,22578,2019-01-27 20:00:00,121,125,32.50667953491211,3.2473220825195312,0.5969313979148865
eval,22578,2019-01-27 20:00:00,122,126,2116.06689453125,37.050048828125,0.012607964687049389
eval,22578,2019-01-27 20:00:00,123,128,452107.46875,527.3072509765625,0.18264059722423553
eval,22578,2019-01-27 20:00:00,124,129,1768.819091796875,32.43859100341797,0.08423204720020294
eval,22578,2019-01-27 20:00:00,125,130,2175.20458984375,33.143333435058594,0.17861691117286682
eval,22578,2019-01-27 20:00:00,126,131,61936.49609375,204.4344940185547,0.11169638484716415
eval,22578,2019-01-27 20:00:00,127,132,22576.421875,113.37602233886719,0.09821212291717529
eval,22578,2019-01-27 20:00:00,128,133,155153.359375,309.7109069824219,0.12010738253593445
eval,22578,2019-01-27 20:00:00,129,134,2360.029296875,32.3221435546875,0.04365655779838562
eval,22578,2019-01-27 20:00:00,130,135,89651.1875,235.15066528320312,0.05717868730425835
eval,22578,2019-01-27 20:00:00,131,136,443.009765625,16.59469223022461,0.02099417708814144
eval,22578,2019-01-27 20:00:00,132,137,75.678466796875,6.905191421508789,0.04060608148574829
eval,22578,2019-01-27 20:00:00,133,138,5206.3837890625,62.564842224121094,0.09172698110342026
eval,22578,2019-01-27 20:00:00,134,139,8948.103515625,69.390869140625,0.5344502329826355
eval,22578,2019-01-27 20:00:00,135,140,35072.12109375,157.46475219726562,0.8467999696731567
eval,22578,2019-01-27 20:00:00,136,141,525.31005859375,16.68233871459961,0.009489566087722778
eval,22578,2019-01-27 20:00:00,137,142,373.82342529296875,14.95276165008545,0.023975785821676254
eval,22578,2019-01-27 20:00:00,138,144,76.44464111328125,6.40693473815918,0.02024214342236519
eval,22578,2019-01-27 20:00:00,139,145,332.9569091796875,15.437856674194336,0.031648606061935425
eval,22578,2019-01-27 20:00:00,140,146,920.833984375,24.637493133544922,0.0640675276517868
eval,22578,2019-01-27 20:00:00,141,147,42.439903259277344,5.730788230895996,0.021743014454841614
eval,22578,2019-01-27 20:00:00,142,148,37813.0390625,128.0125732421875,0.2404133528470993
eval,22578,2019-01-27 20:00:00,143,149,9525.583984375,85.3720932006836,0.10614745318889618
eval,22578,2019-01-27 20:00:00,144,150,105396.4609375,251.28067016601562,0.022541608661413193
eval,22578,2019-01-27 20:00:00,145,151,12090.53515625,83.88880920410156,0.035170093178749084
eval,22578,2019-01-27 20:00:00,146,152,12229.1044921875,95.70126342773438,0.09961189329624176
eval,22578,2019-01-27 20:00:00,147,153,257887.71875,404.9332275390625,0.03762812167406082
eval,22578,2019-01-27 20:00:00,148,154,60483.26171875,216.3408660888672,0.25166141986846924
eval,22578,2019-01-27 20:00:00,149,155,146702928.0,9338.4248046875,0.13473811745643616
eval,22578,2019-01-27 20:00:00,150,156,985.3045654296875,25.057723999023438,0.021419866010546684
eval,22578,2019-01-27 20:00:00,151,157,11490.7763671875,80.0924072265625,0.06722947955131531
eval,22578,2019-01-27 20:00:00,152,158,9587.81640625,84.52642822265625,0.013711027801036835
eval,22578,2019-01-27 20:00:00,153,159,53850.58984375,149.76736450195312,0.04584815353155136
eval,22578,2019-01-27 20:00:00,154,160,12761.009765625,86.7108383178711,0.09408406913280487
eval,22578,2019-01-27 20:00:00,155,161,4656.359375,52.20081329345703,0.06342513859272003
eval,22578,2019-01-27 20:00:00,156,162,16629.958984375,95.3089599609375,0.024461133405566216
eval,22578,2019-01-27 20:00:00,157,163,31989.0234375,156.7340087890625,0.025562619790434837
eval,22578,2019-01-27 20:00:00,158,164,3984.275146484375,52.13996887207031,0.01278146542608738
eval,22578,2019-01-27 20:00:00,159,165,5029.6357421875,54.87736511230469,0.05447566136717796
eval,22578,2019-01-27 20:00:00,160,166,62091.75,196.9210205078125,0.03206998109817505
eval,22578,2019-01-27 20:00:00,161,167,2075269.75,1115.234619140625,0.0302291102707386
eval,22578,2019-01-27 20:00:00,162,168,41625.8515625,164.03570556640625,0.07593090087175369
eval,22578,2019-01-27 20:00:00,163,169,165309.8125,219.9857635498047,0.36591285467147827
eval,22578,2019-01-27 20:00:00,164,170,1762.565185546875,32.54399108886719,0.027277443557977676
eval,22578,2019-01-27 20:00:00,165,171,5343.20458984375,56.47466278076172,0.029227932915091515
eval,22578,2019-01-27 20:00:00,166,172,18833.49609375,102.72367858886719,0.012120581232011318
eval,22578,2019-01-27 20:00:00,167,173,17508.59765625,99.8568115234375,0.02956002578139305
eval,22578,2019-01-27 20:00:00,168,174,2496.48095703125,42.213905334472656,0.01744832657277584
eval,22578,2019-01-27 20:00:00,169,175,89680.3125,162.4273681640625,0.009156127460300922
eval,22578,2019-01-27 20:00:00,170,176,1267.843994140625,26.815481185913086,0.009827472269535065
eval,22578,2019-01-27 20:00:00,171,177,93954.6484375,238.9361572265625,0.034763410687446594
eval,22578,2019-01-27 20:00:00,172,178,8674.87890625,74.6634521484375,0.008730319328606129
eval,22578,2019-01-27 20:00:00,173,179,990103.6875,544.211181640625,0.03930094465613365
eval,22578,2019-01-27 20:00:00,174,180,1719.1982421875,32.8914794921875,0.03264647349715233
eval,22578,2019-01-27 20:00:00,175,181,22921.16796875,126.4239730834961,0.0099099762737751
eval,22578,2019-01-27 20:00:00,176,183,2032.6009521484375,34.96998596191406,0.01215911190956831
eval,22578,2019-01-27 20:00:00,177,184,15605.203125,98.07391357421875,0.04201453551650047
eval,22578,2019-01-27 20:00:00,178,185,2334.2841796875,38.010780334472656,0.017158208414912224
eval,22578,2019-01-27 20:00:00,179,186,2831752.0,1334.1142578125,0.0491650328040123
eval,22578,2019-01-27 20:00:00,180,187,11751.69921875,85.64510345458984,0.010823864489793777
eval,22578,2019-01-27 20:00:00,181,188,2707.822021484375,42.68688201904297,0.13172803819179535
eval,22578,2019-01-27 20:00:00,182,189,82480.390625,238.52230834960938,0.07899932563304901
eval,22578,2019-01-27 20:00:00,183,190,1460.81689453125,25.355560302734375,0.12946778535842896
eval,22578,2019-01-27 20:00:00,184,191,1407.6463623046875,32.65800476074219,0.03522757813334465
eval,22578,2019-01-27 20:00:00,185,192,822.378173828125,18.936084747314453,0.054740022867918015
eval,22578,2019-01-27 20:00:00,186,193,550485.125,423.384033203125,0.9969115257263184
eval,22578,2019-01-27 20:00:00,187,194,2485.333984375,35.629859924316406,0.0937657281756401
eval,22578,2019-01-27 20:00:00,188,195,829.6148681640625,21.77508544921875,0.09106793999671936
eval,22578,2019-01-27 20:00:00,189,196,29093.84765625,104.7513427734375,0.22890621423721313
eval,22578,2019-01-27 20:00:00,190,197,903.6952514648438,26.612503051757812,0.064446359872818
eval,22578,2019-01-27 20:00:00,191,198,5220.7529296875,54.8436393737793,0.019378142431378365
eval,22578,2019-01-27 20:00:00,192,199,465920.34375,548.7176513671875,0.027042310684919357
eval,22578,2019-01-27 20:00:00,193,200,32463.107421875,114.62359619140625,0.6668267250061035
eval,22578,2019-01-27 20:00:00,194,201,1461.119384765625,27.64974021911621,0.05429080128669739
eval,22578,2019-01-27 20:00:00,195,202,1935.88818359375,37.111412048339844,0.05509074032306671
eval,22578,2019-01-27 20:00:00,196,203,3200.640625,41.01711654663086,0.09267695248126984
eval,22578,2019-01-27 20:00:00,197,204,26671.09765625,132.64202880859375,0.03637358918786049
eval,22578,2019-01-27 20:00:00,198,205,32728.01953125,137.67337036132812,0.05585246905684471
eval,22578,2019-01-27 20:00:00,199,206,2605.40771484375,33.57271957397461,0.05920390784740448
eval,22578,2019-01-27 20:00:00,200,207,751.3270263671875,20.054485321044922,0.0950472503900528
eval,22578,2019-01-27 20:00:00,201,208,188.7997283935547,9.513715744018555,0.024633754044771194
eval,22578,2019-01-27 20:00:00,202,209,3534.360107421875,43.26945114135742,0.5719788074493408
eval,22578,2019-01-27 20:00:00,203,210,5227.1845703125,48.453453063964844,0.06682710349559784
eval,22578,2019-01-27 20:00:00,204,211,68327.4375,240.27633666992188,0.28859221935272217
eval,22578,2019-01-27 20:00:00,205,212,2732.616943359375,42.08089065551758,0.026061169803142548
eval,22578,2019-01-27 20:00:00,206,213,1253.370849609375,26.885295867919922,0.05701174959540367
eval,22578,2019-01-27 20:00:00,207,214,283.5064392089844,13.37928295135498,0.007848162204027176
eval,22578,2019-01-27 20:00:00,208,215,1160.40625,28.645870208740234,0.0679800733923912
eval,22578,2019-01-27 20:00:00,209,216,3769.77490234375,37.70716094970703,0.27453097701072693
eval,22578,2019-01-27 20:00:00,210,217,998.4899291992188,24.37237548828125,0.013706795871257782
eval,22578,2019-01-27 20:00:00,211,218,261.2816162109375,13.626983642578125,0.042959064245224
eval,22578,2019-01-27 20:00:00,212,219,2147.746826171875,34.6346321105957,0.07170315831899643
eval,22578,2019-01-27 20:00:00,213,220,12160.802734375,76.44252014160156,0.1565578728914261
eval,22578,2019-01-27 20:00:00,214,221,6007.85693359375,56.40177917480469,0.09134312719106674
eval,22578,2019-01-27 20:00:00,215,222,607.9404296875,18.955791473388672,0.019722282886505127
eval,22578,2019-01-27 20:00:00,216,223,3418.07470703125,46.71905517578125,0.037850819528102875
eval,22578,2019-01-27 20:00:00,217,224,1104.623779296875,22.420743942260742,0.1302642673254013
eval,22578,2019-01-27 20:00:00,218,225,1652.865234375,32.16681671142578,0.028871584683656693
eval,22578,2019-01-27 20:00:00,219,226,32640.50390625,126.92720794677734,0.037217311561107635
eval,22578,2019-01-27 20:00:00,220,227,1285.376220703125,18.740779876708984,0.20059256255626678
eval,22578,2019-01-27 20:00:00,221,228,1434.0159912109375,26.12250328063965,0.06198539957404137
eval,22578,2019-01-27 20:00:00,222,229,1643.984375,31.41493797302246,0.08453220129013062
eval,22578,2019-01-27 20:00:00,223,230,44109.24609375,116.46464538574219,0.09368491172790527
eval,22578,2019-01-27 20:00:00,224,231,6129.294921875,69.60264587402344,0.12310896813869476
eval,22578,2019-01-27 20:00:00,225,232,1418.573974609375,32.95156478881836,0.09588275849819183
eval,22578,2019-01-27 20:00:00,226,233,531415.6875,615.603271484375,0.061361558735370636
eval,22578,2019-01-27 20:00:00,227,234,491.36212158203125,16.795085906982422,0.052026987075805664
eval,22578,2019-01-27 20:00:00,228,235,111.45172119140625,8.142803192138672,0.010714549571275711
eval,22578,2019-01-27 20:00:00,229,236,4348030.0,1757.547607421875,0.04424401372671127
eval,22578,2019-01-27 20:00:00,230,237,5460.18701171875,54.0695915222168,0.028169378638267517
eval,22578,2019-01-27 20:00:00,231,238,12250.5927734375,96.57250213623047,1.693817138671875
eval,22578,2019-01-27 20:00:00,232,239,715.7625732421875,21.5090389251709,0.1270965039730072
eval,22578,2019-01-27 20:00:00,233,240,1313.6004638671875,26.76458740234375,0.02906503900885582
eval,22578,2019-01-27 20:00:00,234,241,1498.009765625,27.224050521850586,0.16032467782497406
eval,22578,2019-01-27 20:00:00,235,242,332.2496337890625,13.307907104492188,0.022070568054914474
eval,22578,2019-01-27 20:00:00,236,243,2273.375,37.916236877441406,0.08209099620580673
eval,22578,2019-01-27 20:00:00,237,244,1016.2911987304688,22.814987182617188,0.03890234977006912
eval,22578,2019-01-27 20:00:00,238,246,29668.740234375,142.6490020751953,0.053089361637830734
eval,22578,2019-01-27 20:00:00,239,247,1511.9375,25.40876579284668,0.16239392757415771
eval,22578,2019-01-27 20:00:00,240,248,854.58349609375,21.81648826599121,0.01442202553153038
eval,22578,2019-01-27 20:00:00,241,249,862.771728515625,23.08904266357422,0.03692760318517685
eval,22578,2019-01-27 20:00:00,242,250,10752.408203125,78.62310028076172,0.016116535291075706
eval,22578,2019-01-27 20:00:00,243,251,1502.342041015625,30.708951950073242,0.017399242147803307
eval,22578,2019-01-27 20:00:00,244,252,773.1658935546875,22.42431640625,0.10245496034622192
eval,22578,2019-01-27 20:00:00,245,253,1657.848876953125,31.872045516967773,0.026777636259794235
eval,22578,2019-01-27 20:00:00,246,254,66625.25,149.07301330566406,0.08136539906263351
eval,22578,2019-01-27 20:00:00,247,255,34123.45703125,141.15174865722656,0.10465013980865479
eval,22578,2019-01-27 20:00:00,248,256,1354.64111328125,25.02750015258789,0.06573063135147095
eval,22578,2019-01-27 20:00:00,249,257,480.476806640625,15.174761772155762,0.018742110580205917
eval,22578,2019-01-27 20:00:00,250,258,364.20233154296875,14.258323669433594,0.025486554950475693
eval,22578,2019-01-27 20:00:00,251,259,8124.4658203125,40.30158996582031,0.16991040110588074
eval,22578,2019-01-27 20:00:00,252,260,708.978271484375,21.567968368530273,0.07722389698028564
eval,22578,2019-01-27 20:00:00,253,261,323.75469970703125,13.988763809204102,0.02505725994706154
eval,22578,2019-01-27 20:00:00,254,262,27551.607421875,124.7115478515625,0.03008975088596344
eval,22578,2019-01-27 20:00:00,255,263,16949.923828125,95.34257507324219,0.35849782824516296
eval,22578,2019-01-27 20:00:00,256,264,15445.2607421875,95.67425537109375,0.033103153109550476
eval,22578,2019-01-27 20:00:00,257,265,855.1668701171875,24.905981063842773,0.065650075674057
eval,22578,2019-01-27 20:00:00,258,266,18349.3125,110.84675598144531,0.07002919912338257
eval,22578,2019-01-27 20:00:00,259,267,1821.3333740234375,32.443702697753906,0.016246546059846878
eval,22578,2019-01-27 20:00:00,260,268,75645.625,194.47576904296875,0.03191526234149933
eval,22578,2019-01-27 20:00:00,261,269,154.4832763671875,11.183906555175781,0.018694043159484863
eval,22578,2019-01-27 20:00:00,262,270,11351.1904296875,71.12635803222656,0.050347428768873215
eval,22578,2019-01-27 20:00:00,263,271,7343.32958984375,64.14642333984375,0.009012594819068909
eval,22578,2019-01-27 20:00:00,264,272,567.7711181640625,17.54520606994629,0.00902886688709259
eval,22578,2019-01-27 20:00:00,265,273,264.55682373046875,11.905256271362305,0.019124111160635948
eval,22578,2019-01-27 20:00:00,266,274,301.1881103515625,12.763120651245117,0.018203772604465485
eval,22578,2019-01-27 20:00:00,267,275,349.01275634765625,13.75300407409668,0.020270075649023056
eval,22578,2019-01-27 20:00:00,268,276,286325.9375,469.68194580078125,0.03281622752547264
eval,22578,2019-01-27 20:00:00,269,277,24218.6875,128.28604125976562,0.18471750617027283
eval,22578,2019-01-27 20:00:00,270,278,1775.8486328125,30.167236328125,0.02638332173228264
eval,22578,2019-01-27 20:00:00,271,279,1567.2415771484375,32.25997543334961,0.012068536132574081
eval,22578,2019-01-27 20:00:00,272,280,15503.0,109.48284912109375,0.03041820228099823
eval,22578,2019-01-27 20:00:00,273,281,335915.5625,396.0650329589844,0.0781506896018982
eval,22578,2019-01-27 20:00:00,274,282,638.4423828125,20.072509765625,0.014057177118957043
eval,22578,2019-01-27 20:00:00,275,283,432.393798828125,16.812728881835938,0.014160947874188423
eval,22578,2019-01-27 20:00:00,276,284,2818.521240234375,42.00495529174805,0.040044154971838
eval,22578,2019-01-27 20:00:00,277,285,188.6019744873047,11.692187309265137,0.010649839416146278
eval,22578,2019-01-27 20:00:00,278,286,829.0406494140625,22.818878173828125,0.011001106351613998
eval,22578,2019-01-27 20:00:00,279,287,17965.208984375,92.4133529663086,0.1831614375114441
eval,22578,2019-01-27 20:00:00,280,288,5836.951171875,59.62650680541992,0.03947782143950462
eval,22578,2019-01-27 20:00:00,281,289,3582.1845703125,41.68439483642578,0.01881532184779644
eval,22578,2019-01-27 20:00:00,282,290,3035694.0,1253.43603515625,0.03747015818953514
eval,22578,2019-01-27 20:00:00,283,291,969.7659912109375,25.05538558959961,0.0077463253401219845
eval,22578,2019-01-27 20:00:00,284,292,32175.005859375,139.7352294921875,0.006053018383681774
eval,22578,2019-01-27 20:00:00,285,293,36310.9765625,133.2684783935547,0.07141042500734329
eval,22578,2019-01-27 20:00:00,286,294,8452.8779296875,72.7512435913086,0.015298492275178432
eval,22578,2019-01-27 20:00:00,287,295,33807.671875,114.45635223388672,0.1310412883758545
eval,22578,2019-01-27 20:00:00,288,296,119145.375,262.56951904296875,0.01016843318939209
eval,22578,2019-01-27 20:00:00,289,297,10224.609375,71.71217346191406,0.026721855625510216
eval,22578,2019-01-27 20:00:00,290,299,111.00270080566406,5.880797386169434,0.03693272918462753
eval,22578,2019-01-27 20:00:00,291,300,10638.412109375,64.06938934326172,0.02546415850520134
eval,22578,2019-01-27 20:00:00,292,301,68967.875,151.57225036621094,0.016550946980714798
eval,22578,2019-01-27 20:00:00,293,302,10117517.0,1982.01025390625,0.49013563990592957
eval,22578,2019-01-27 20:00:00,294,303,126562.703125,215.6141815185547,1.0692548751831055
eval,22578,2019-01-27 20:00:00,295,304,24707.396484375,95.21221160888672,0.035681962966918945
eval,22578,2019-01-27 20:00:00,296,305,5060.15283203125,53.010154724121094,0.01741969585418701
eval,22578,2019-01-27 20:00:00,297,306,42995.4296875,142.53802490234375,0.013748014345765114
eval,22578,2019-01-27 20:00:00,298,307,49586.69921875,146.71681213378906,0.13308440148830414
eval,22578,2019-01-27 20:00:00,299,308,327709.71875,369.1606140136719,0.012628115713596344
eval,22578,2019-01-27 20:00:00,300,309,602834.375,390.1285095214844,0.1247447058558464
eval,22578,2019-01-27 20:00:00,301,310,3831.6708984375,46.524688720703125,0.22554872930049896
eval,22578,2019-01-27 20:00:00,302,311,8897.19921875,64.74918365478516,0.00451424065977335
eval,22578,2019-01-27 20:00:00,303,312,5513.7373046875,58.54885482788086,0.0056763142347335815
eval,22578,2019-01-27 20:00:00,304,313,868054016.0,22916.3515625,0.024307072162628174
eval,22578,2019-01-27 20:00:00,305,314,438900.25,490.583740234375,0.009724125266075134
eval,22578,2019-01-27 20:00:00,306,315,351106.9375,483.23828125,0.0028760377317667007
eval,22578,2019-01-27 20:00:00,307,316,2661.1884765625,30.14448356628418,0.04472757503390312
eval,22578,2019-01-27 20:00:00,308,317,18.94949722290039,3.6706483364105225,0.015133364126086235
eval,22578,2019-01-27 20:00:00,309,318,67857.75,200.6710205078125,0.2992889881134033
eval,22578,2019-01-27 20:00:00,310,319,5040.021484375,57.481380462646484,0.06733449548482895
eval,22578,2019-01-27 20:00:00,311,OT,42614.87109375,168.25839233398438,0.1286381185054779
eval,22834,2019-02-07 12:00:00,0,0,38.58100891113281,3.8621339797973633,0.05164278671145439
eval,22834,2019-02-07 12:00:00,1,1,46.216121673583984,4.711282730102539,0.17141303420066833
eval,22834,2019-02-07 12:00:00,2,2,5.443004608154297,0.8262696266174316,3.1143243312835693
eval,22834,2019-02-07 12:00:00,3,3,1927.60693359375,34.395042419433594,0.25178176164627075
eval,22834,2019-02-07 12:00:00,4,4,416.7229919433594,18.055875778198242,0.26109978556632996
eval,22834,2019-02-07 12:00:00,5,5,1666.8485107421875,31.414718627929688,0.0851658508181572
eval,22834,2019-02-07 12:00:00,6,7,3580.8564453125,53.105064392089844,0.12325488775968552
eval,22834,2019-02-07 12:00:00,7,8,368.4462890625,14.399676322937012,0.17183570563793182
eval,22834,2019-02-07 12:00:00,8,9,354.15484619140625,16.33085823059082,0.04642796516418457
eval,22834,2019-02-07 12:00:00,9,10,152.54684448242188,10.751681327819824,0.13093571364879608
eval,22834,2019-02-07 12:00:00,10,11,1044.58447265625,23.205135345458984,0.026784326881170273
eval,22834,2019-02-07 12:00:00,11,12,67.65149688720703,6.636275291442871,0.0828680694103241
eval,22834,2019-02-07 12:00:00,12,13,201.13827514648438,11.589408874511719,0.22293595969676971
eval,22834,2019-02-07 12:00:00,13,14,155.96917724609375,9.225549697875977,0.11271581053733826
eval,22834,2019-02-07 12:00:00,14,15,9615.826171875,78.87366485595703,0.11823680251836777
eval,22834,2019-02-07 12:00:00,15,16,13.1239013671875,2.7636725902557373,0.2171238660812378
eval,22834,2019-02-07 12:00:00,16,17,507.1019287109375,18.498523712158203,0.4230736494064331
eval,22834,2019-02-07 12:00:00,17,18,2482.08056640625,38.75963592529297,0.15336458384990692
eval,22834,2019-02-07 12:00:00,18,19,1520.5355224609375,31.537094116210938,0.5487300157546997
eval,22834,2019-02-07 12:00:00,19,20,146.63987731933594,9.425371170043945,0.8662926554679871
eval,22834,2019-02-07 12:00:00,20,21,6454.1044921875,67.12410736083984,0.15554027259349823
eval,22834,2019-02-07 12:00:00,21,22,31.973140716552734,4.455084800720215,0.12505057454109192
eval,22834,2019-02-07 12:00:00,22,23,41.405479431152344,4.808725833892822,0.10716896504163742
eval,22834,2019-02-07 12:00:00,23,24,772.042236328125,22.971221923828125,0.22797012329101562
eval,22834,2019-02-07 12:00:00,24,25,33342.609375,175.0914306640625,2.5533032417297363
eval,22834,2019-02-07 12:00:00,25,26,604.8106689453125,20.239322662353516,0.18795257806777954
eval,22834,2019-02-07 12:00:00,26,27,59.03966522216797,5.886574745178223,0.2315768003463745
eval,22834,2019-02-07 12:00:00,27,28,3083.75732421875,43.18642807006836,0.35048145055770874
eval,22834,2019-02-07 12:00:00,28,29,323.4166259765625,12.626083374023438,0.044049572199583054
eval,22834,2019-02-07 12:00:00,29,30,21934.140625,139.4849090576172,1.241926908493042
eval,22834,2019-02-07 12:00:00,30,31,1342.830078125,29.39362144470215,0.12907226383686066
eval,22834,2019-02-07 12:00:00,31,32,406.22479248046875,16.033960342407227,0.19990907609462738
eval,22834,2019-02-07 12:00:00,32,33,1226.1680908203125,27.85366439819336,0.6824992895126343
eval,22834,2019-02-07 12:00:00,33,34,265163.25,340.8223571777344,0.4488579034805298
eval,22834,2019-02-07 12:00:00,34,35,239.03680419921875,11.35323715209961,0.31637653708457947
eval,22834,2019-02-07 12:00:00,35,36,2264.7685546875,36.522098541259766,0.08300139009952545
eval,22834,2019-02-07 12:00:00,36,37,7443.091796875,65.12059783935547,0.4759766459465027
eval,22834,2019-02-07 12:00:00,37,38,38.49182891845703,4.717552661895752,0.038879819214344025
eval,22834,2019-02-07 12:00:00,38,39,23.26527976989746,4.006692409515381,0.10835488140583038
eval,22834,2019-02-07 12:00:00,39,40,37574.7421875,147.0470733642578,0.07463841140270233
eval,22834,2019-02-07 12:00:00,40,41,7767.3896484375,73.00288391113281,0.2563064694404602
eval,22834,2019-02-07 12:00:00,41,42,1666.759521484375,29.35213851928711,0.4076366126537323
eval,22834,2019-02-07 12:00:00,42,43,158.10775756835938,10.446280479431152,0.2453029602766037
eval,22834,2019-02-07 12:00:00,43,44,204.717041015625,10.470978736877441,0.023897185921669006
eval,22834,2019-02-07 12:00:00,44,45,569.82177734375,21.147472381591797,0.19632850587368011
eval,22834,2019-02-07 12:00:00,45,46,323.76708984375,15.654401779174805,0.34806200861930847
eval,22834,2019-02-07 12:00:00,46,47,128.5985107421875,9.69327163696289,0.13761299848556519
eval,22834,2019-02-07 12:00:00,47,48,483.25927734375,18.50130844116211,0.2519514560699463
eval,22834,2019-02-07 12:00:00,48,49,1175.37158203125,26.301511764526367,0.12670324742794037
eval,22834,2019-02-07 12:00:00,49,50,5825.6953125,62.20835494995117,0.6167093515396118
eval,22834,2019-02-07 12:00:00,50,51,123.63792419433594,9.414936065673828,0.3585990369319916
eval,22834,2019-02-07 12:00:00,51,52,1416.65185546875,27.30574607849121,0.38361024856567383
eval,22834,2019-02-07 12:00:00,52,53,412.419921875,16.333282470703125,0.23030394315719604
eval,22834,2019-02-07 12:00:00,53,54,234.11447143554688,11.668917655944824,0.28811711072921753
eval,22834,2019-02-07 12:00:00,54,55,291249.5,401.0263671875,0.15210846066474915
eval,22834,2019-02-07 12:00:00,55,56,512.414306640625,17.458026885986328,0.16155269742012024
eval,22834,2019-02-07 12:00:00,56,58,8867.1220703125,72.20310974121094,0.2401934713125229
eval,22834,2019-02-07 12:00:00,57,59,2176.85595703125,38.901954650878906,0.17745542526245117
eval,22834,2019-02-07 12:00:00,58,60,1437.263427734375,32.174903869628906,0.10489138960838318
eval,22834,2019-02-07 12:00:00,59,61,71.6577377319336,7.3263773918151855,0.07749327272176743
eval,22834,2019-02-07 12:00:00,60,62,108.61355590820312,8.091466903686523,0.07223229110240936
eval,22834,2019-02-07 12:00:00,61,63,495.3857421875,18.29206657409668,0.11046009510755539
eval,22834,2019-02-07 12:00:00,62,64,845.3994140625,25.147069931030273,0.09676998853683472
eval,22834,2019-02-07 12:00:00,63,65,662.5219116210938,19.63288116455078,0.17709104716777802
eval,22834,2019-02-07 12:00:00,64,66,223.76910400390625,12.105588912963867,0.2369556427001953
eval,22834,2019-02-07 12:00:00,65,67,511.59930419921875,14.699943542480469,0.22998559474945068
eval,22834,2019-02-07 12:00:00,66,68,272.2752685546875,13.452411651611328,0.06715156883001328
eval,22834,2019-02-07 12:00:00,67,69,69.0737533569336,6.906749248504639,0.15027514100074768
eval,22834,2019-02-07 12:00:00,68,70,534.5287475585938,19.995464324951172,0.22676649689674377
eval,22834,2019-02-07 12:00:00,69,71,40.97699737548828,4.834962368011475,0.08905048668384552
eval,22834,2019-02-07 12:00:00,70,72,621.06201171875,18.34334945678711,0.0722886323928833
eval,22834,2019-02-07 12:00:00,71,73,74.85859680175781,7.186837673187256,0.05099783465266228
eval,22834,2019-02-07 12:00:00,72,74,156.64889526367188,10.208158493041992,0.06581742316484451
eval,22834,2019-02-07 12:00:00,73,75,19844.8828125,129.52784729003906,0.13152971863746643
eval,22834,2019-02-07 12:00:00,74,76,1777.6868896484375,34.99938201904297,0.27242523431777954
eval,22834,2019-02-07 12:00:00,75,77,66271.765625,178.25131225585938,0.19550755620002747
eval,22834,2019-02-07 12:00:00,76,78,1788.981689453125,33.23712921142578,0.10125251114368439
eval,22834,2019-02-07 12:00:00,77,79,1465.5989990234375,28.681379318237305,0.08131612837314606
eval,22834,2019-02-07 12:00:00,78,80,3247.83154296875,43.466270446777344,0.09356586635112762
eval,22834,2019-02-07 12:00:00,79,81,317.599609375,15.33338451385498,0.0019765011966228485
eval,22834,2019-02-07 12:00:00,80,82,3535.797607421875,39.67542266845703,0.2219638228416443
eval,22834,2019-02-07 12:00:00,81,83,102123.46875,156.6358184814453,1.0038865804672241
eval,22834,2019-02-07 12:00:00,82,84,26380.5859375,104.2432861328125,0.5793578624725342
eval,22834,2019-02-07 12:00:00,83,85,47.64344787597656,5.136218547821045,0.05990464612841606
eval,22834,2019-02-07 12:00:00,84,86,30.21324920654297,3.6610279083251953,0.06824234873056412
eval,22834,2019-02-07 12:00:00,85,87,82.00403594970703,7.193480491638184,0.06762974709272385
eval,22834,2019-02-07 12:00:00,86,88,68098.2734375,186.0328826904297,0.01868336834013462
eval,22834,2019-02-07 12:00:00,87,89,89805.0234375,233.97222900390625,0.00610916456207633
eval,22834,2019-02-07 12:00:00,88,90,146.1837158203125,9.575440406799316,0.002810676349326968
eval,22834,2019-02-07 12:00:00,89,91,38347.9296875,158.23489379882812,0.011034894734621048
eval,22834,2019-02-07 12:00:00,90,92,511118.5,427.6287841796875,0.109890416264534
eval,22834,2019-02-07 12:00:00,91,93,100237.921875,235.40501403808594,0.012548595666885376
eval,22834,2019-02-07 12:00:00,92,94,36031.2734375,171.3560028076172,0.010218064300715923
eval,22834,2019-02-07 12:00:00,93,95,4488.52099609375,54.73923873901367,0.008527711033821106
eval,22834,2019-02-07 12:00:00,94,96,4913.13671875,44.90537643432617,0.17105810344219208
eval,22834,2019-02-07 12:00:00,95,97,5991.7197265625,69.76580047607422,0.1697559356689453
eval,22834,2019-02-07 12:00:00,96,98,28403.21875,122.50828552246094,2.0633645057678223
eval,22834,2019-02-07 12:00:00,97,99,168.3021240234375,11.438886642456055,0.017095208168029785
eval,22834,2019-02-07 12:00:00,98,100,20271.341796875,106.9137191772461,0.06579556316137314
eval,22834,2019-02-07 12:00:00,99,101,325.3741149902344,14.827116012573242,0.047868259251117706
eval,22834,2019-02-07 12:00:00,100,102,144.88021850585938,9.553606033325195,0.026516079902648926
eval,22834,2019-02-07 12:00:00,101,103,19621.95703125,88.20025634765625,0.06933047622442245
eval,22834,2019-02-07 12:00:00,102,104,1308.6336669921875,30.346206665039062,0.510608434677124
eval,22834,2019-02-07 12:00:00,103,105,22981.37890625,110.19039154052734,0.48468875885009766
eval,22834,2019-02-07 12:00:00,104,107,76.57308197021484,6.605725288391113,0.02045292966067791
eval,22834,2019-02-07 12:00:00,105,108,194.45382690429688,9.924711227416992,0.03404797613620758
eval,22834,2019-02-07 12:00:00,106,109,1206.3043212890625,25.918874740600586,0.009862068109214306
eval,22834,2019-02-07 12:00:00,107,110,241.90171813964844,11.280279159545898,0.013274004682898521
eval,22834,2019-02-07 12:00:00,108,111,9535.611328125,75.9353256225586,0.4312412440776825
eval,22834,2019-02-07 12:00:00,109,112,23691.802734375,126.87785339355469,0.13389421999454498
eval,22834,2019-02-07 12:00:00,110,114,553.4457397460938,23.29696273803711,11.274340629577637
eval,22834,2019-02-07 12:00:00,111,115,354.7386169433594,15.184737205505371,0.06270237267017365
eval,22834,2019-02-07 12:00:00,112,116,2106.67236328125,39.66596984863281,0.17732468247413635
eval,22834,2019-02-07 12:00:00,113,117,11.49634075164795,2.9710922241210938,0.07467284798622131
eval,22834,2019-02-07 12:00:00,114,118,8.176408767700195,2.215742826461792,0.1271667778491974
eval,22834,2019-02-07 12:00:00,115,119,3550.19580078125,49.75834274291992,0.060638122260570526
eval,22834,2019-02-07 12:00:00,116,120,367.507568359375,15.380412101745605,0.04540812224149704
eval,22834,2019-02-07 12:00:00,117,121,2.633115291595459,1.3261827230453491,0.11381840705871582
eval,22834,2019-02-07 12:00:00,118,122,3.165600538253784,1.3556556701660156,0.16881702840328217
eval,22834,2019-02-07 12:00:00,119,123,193.02413940429688,9.400434494018555,0.0028194542974233627
eval,22834,2019-02-07 12:00:00,120,124,146.55978393554688,8.326032638549805,0.004271668381989002
eval,22834,2019-02-07 12:00:00,121,125,67.61357116699219,6.021914482116699,1.039923906326294
eval,22834,2019-02-07 12:00:00,122,126,6144.8447265625,57.79115295410156,0.036569900810718536
eval,22834,2019-02-07 12:00:00,123,128,666612.6875,688.4110717773438,0.1128193587064743
eval,22834,2019-02-07 12:00:00,124,129,351.567626953125,15.767560958862305,0.015739500522613525
eval,22834,2019-02-07 12:00:00,125,130,28.221351623535156,4.541489601135254,0.00205894629471004
eval,22834,2019-02-07 12:00:00,126,131,483806.6875,650.1620483398438,0.6215512752532959
eval,22834,2019-02-07 12:00:00,127,132,67317.2734375,197.68365478515625,0.2609812021255493
eval,22834,2019-02-07 12:00:00,128,133,171664.390625,340.07904052734375,0.2109064757823944
eval,22834,2019-02-07 12:00:00,129,134,216.8188934326172,13.204483032226562,0.00470446003600955
eval,22834,2019-02-07 12:00:00,130,135,77886.3203125,234.62826538085938,0.04944247752428055
eval,22834,2019-02-07 12:00:00,131,136,529.21533203125,19.542539596557617,0.02434588596224785
eval,22834,2019-02-07 12:00:00,132,137,115.82039642333984,8.728988647460938,0.06045509874820709
eval,22834,2019-02-07 12:00:00,133,138,1883.5751953125,27.67061424255371,0.0411452054977417
eval,22834,2019-02-07 12:00:00,134,139,1299.4168701171875,23.209796905517578,0.08863439410924911
eval,22834,2019-02-07 12:00:00,135,140,3326.03662109375,47.865753173828125,0.08529006689786911
eval,22834,2019-02-07 12:00:00,136,141,1325.1661376953125,24.758251190185547,0.02545258402824402
eval,22834,2019-02-07 12:00:00,137,142,828.849365234375,17.47948455810547,0.05300764739513397
eval,22834,2019-02-07 12:00:00,138,144,133.30430603027344,8.924750328063965,0.036079734563827515
eval,22834,2019-02-07 12:00:00,139,145,220.92782592773438,11.554265975952148,0.02461627684533596
eval,22834,2019-02-07 12:00:00,140,146,430.1106872558594,17.834144592285156,0.028759703040122986
eval,22834,2019-02-07 12:00:00,141,147,35.146995544433594,5.0669426918029785,0.019745804369449615
eval,22834,2019-02-07 12:00:00,142,148,9575.6103515625,76.60231018066406,0.058604639023542404
eval,22834,2019-02-07 12:00:00,143,149,3010.572998046875,42.43919372558594,0.02995152398943901
eval,22834,2019-02-07 12:00:00,144,150,275138.59375,440.1919860839844,0.06455754488706589
eval,22834,2019-02-07 12:00:00,145,151,3424.78759765625,43.55475997924805,0.010575233027338982
eval,22834,2019-02-07 12:00:00,146,152,5616.5693359375,65.2716064453125,0.05432403087615967
eval,22834,2019-02-07 12:00:00,147,153,130739.75,282.43853759765625,0.021212948486208916
eval,22834,2019-02-07 12:00:00,148,154,54282.52734375,171.9974822998047,0.17949166893959045
eval,22834,2019-02-07 12:00:00,149,155,43063800.0,5305.50927734375,0.041381433606147766
eval,22834,2019-02-07 12:00:00,150,156,1582.772216796875,32.104896545410156,0.03303070366382599
eval,22834,2019-02-07 12:00:00,151,157,7441.7373046875,66.98481750488281,0.05996980518102646
eval,22834,2019-02-07 12:00:00,152,158,12858.8515625,85.38726806640625,0.022231176495552063
eval,22834,2019-02-07 12:00:00,153,159,26149.625,137.6279754638672,0.024003110826015472
eval,22834,2019-02-07 12:00:00,154,160,9126.220703125,78.20655822753906,0.0544828437268734
eval,22834,2019-02-07 12:00:00,155,161,3256.513427734375,45.781150817871094,0.038444019854068756
eval,22834,2019-02-07 12:00:00,156,162,4463.4013671875,59.21455383300781,0.006926688365638256
eval,22834,2019-02-07 12:00:00,157,163,35024.90625,161.37973022460938,0.030047085136175156
eval,22834,2019-02-07 12:00:00,158,164,4369.25439453125,51.61743927001953,0.014016469940543175
eval,22834,2019-02-07 12:00:00,159,165,1833.532958984375,34.8809814453125,0.020741742104291916
eval,22834,2019-02-07 12:00:00,160,166,29861.14453125,129.32240295410156,0.019023871049284935
eval,22834,2019-02-07 12:00:00,161,167,2600375.5,1235.661376953125,0.05598332732915878
eval,22834,2019-02-07 12:00:00,162,168,18393.5078125,123.99019622802734,0.03812704607844353
eval,22834,2019-02-07 12:00:00,163,169,32498.83203125,141.50027465820312,0.06008739396929741
eval,22834,2019-02-07 12:00:00,164,170,1478.0902099609375,30.142873764038086,0.021262500435113907
eval,22834,2019-02-07 12:00:00,165,171,5798.74365234375,62.45722579956055,0.034644611179828644
eval,22834,2019-02-07 12:00:00,166,172,28407.4609375,119.93707275390625,0.021956419572234154
eval,22834,2019-02-07 12:00:00,167,173,7314.81005859375,75.33562469482422,0.016347762197256088
eval,22834,2019-02-07 12:00:00,168,174,1628.9613037109375,34.883460998535156,0.01403294038027525
eval,22834,2019-02-07 12:00:00,169,175,22725.01171875,134.0235595703125,0.002555052749812603
eval,22834,2019-02-07 12:00:00,170,176,2707.219970703125,42.8443603515625,0.019293036311864853
eval,22834,2019-02-07 12:00:00,171,177,67811.40625,211.3306121826172,0.02717156708240509
eval,22834,2019-02-07 12:00:00,172,178,51682.1328125,156.54400634765625,0.0523170605301857
eval,22834,2019-02-07 12:00:00,173,179,4602013.0,1484.234130859375,0.16000863909721375
eval,22834,2019-02-07 12:00:00,174,180,4756.25,57.22854232788086,0.07516227662563324
eval,22834,2019-02-07 12:00:00,175,181,8186.7421875,77.80194091796875,0.0037666652351617813
eval,22834,2019-02-07 12:00:00,176,183,2650.120849609375,41.60240173339844,0.014196540229022503
eval,22834,2019-02-07 12:00:00,177,184,14253.115234375,89.26945495605469,0.03471531718969345
eval,22834,2019-02-07 12:00:00,178,185,3593.982421875,47.99653244018555,0.02808403968811035
eval,22834,2019-02-07 12:00:00,179,186,170574.5625,324.7438659667969,0.002966051921248436
eval,22834,2019-02-07 12:00:00,180,187,16538.630859375,108.42454528808594,0.014937284402549267
eval,22834,2019-02-07 12:00:00,181,188,1235.233642578125,29.660741806030273,0.04563949629664421
eval,22834,2019-02-07 12:00:00,182,189,17650.625,104.95601654052734,0.0181293822824955
eval,22834,2019-02-07 12:00:00,183,190,319.4832763671875,13.638964653015137,0.026851220056414604
eval,22834,2019-02-07 12:00:00,184,191,705.6366577148438,21.9793701171875,0.017647458240389824
eval,22834,2019-02-07 12:00:00,185,192,335.77764892578125,15.531166076660156,0.026272347196936607
eval,22834,2019-02-07 12:00:00,186,193,65276.40625,213.19290161132812,0.0871531069278717
eval,22834,2019-02-07 12:00:00,187,194,292.7341613769531,13.488426208496094,0.012744920328259468
eval,22834,2019-02-07 12:00:00,188,195,1069.331298828125,28.745235443115234,0.14238104224205017
eval,22834,2019-02-07 12:00:00,189,196,6668.82177734375,68.11602020263672,0.0519857220351696
eval,22834,2019-02-07 12:00:00,190,197,776.84765625,22.7680721282959,0.05020853132009506
eval,22834,2019-02-07 12:00:00,191,198,8263.8544921875,67.4180908203125,0.031760431826114655
eval,22834,2019-02-07 12:00:00,192,199,390350.5,553.1329956054688,0.024279117584228516
eval,22834,2019-02-07 12:00:00,193,200,18869.8125,93.68540954589844,0.3993203043937683
eval,22834,2019-02-07 12:00:00,194,201,1299.757080078125,28.97156524658203,0.039006613194942474
eval,22834,2019-02-07 12:00:00,195,202,1645.2119140625,32.84795379638672,0.0403577983379364
eval,22834,2019-02-07 12:00:00,196,203,8646.8193359375,66.92084503173828,0.24973998963832855
eval,22834,2019-02-07 12:00:00,197,204,28523.498046875,126.72099304199219,0.04019959270954132
eval,22834,2019-02-07 12:00:00,198,205,22914.943359375,115.05113220214844,0.053197018802165985
eval,22834,2019-02-07 12:00:00,199,206,1065.4283447265625,27.024084091186523,0.02650761418044567
eval,22834,2019-02-07 12:00:00,200,207,1608.13232421875,28.73247528076172,0.21113930642604828
eval,22834,2019-02-07 12:00:00,201,208,261.00311279296875,10.37143325805664,0.03482358157634735
eval,22834,2019-02-07 12:00:00,202,209,394.80291748046875,14.369710922241211,0.0603618323802948
eval,22834,2019-02-07 12:00:00,203,210,1485.241455078125,29.8935546875,0.020490877330303192
eval,22834,2019-02-07 12:00:00,204,211,18184.953125,115.73381805419922,0.10449349880218506
eval,22834,2019-02-07 12:00:00,205,212,2463.7431640625,39.62109375,0.024075008928775787
eval,22834,2019-02-07 12:00:00,206,213,378.126708984375,13.681987762451172,0.019444292411208153
eval,22834,2019-02-07 12:00:00,207,214,1409.4500732421875,22.225982666015625,0.04619644582271576
eval,22834,2019-02-07 12:00:00,208,215,649.4457397460938,20.584434509277344,0.038235388696193695
eval,22834,2019-02-07 12:00:00,209,216,873.0087280273438,22.513662338256836,0.06360197812318802
eval,22834,2019-02-07 12:00:00,210,217,830.3338623046875,23.501609802246094,0.015927137807011604
eval,22834,2019-02-07 12:00:00,211,218,163.2509002685547,9.324920654296875,0.026789680123329163
eval,22834,2019-02-07 12:00:00,212,219,823.1981201171875,20.367218017578125,0.026380863040685654
eval,22834,2019-02-07 12:00:00,213,220,2199.745849609375,34.81187438964844,0.034198738634586334
eval,22834,2019-02-07 12:00:00,214,221,7387.32177734375,66.47908020019531,0.10887026786804199
eval,22834,2019-02-07 12:00:00,215,222,412.90509033203125,15.140883445739746,0.01261371560394764
eval,22834,2019-02-07 12:00:00,216,223,1927.291748046875,34.268070220947266,0.021082451567053795
eval,22834,2019-02-07 12:00:00,217,224,225.7135009765625,12.752180099487305,0.0355074405670166
eval,22834,2019-02-07 12:00:00,218,225,4109.39599609375,47.43732452392578,0.07963235676288605
eval,22834,2019-02-07 12:00:00,219,226,19682.916015625,101.3370590209961,0.022155195474624634
eval,22834,2019-02-07 12:00:00,220,227,349.5082702636719,15.192682266235352,0.056038763374090195
eval,22834,2019-02-07 12:00:00,221,228,753.1448974609375,21.90804100036621,0.03216228634119034
eval,22834,2019-02-07 12:00:00,222,229,545.7098999023438,19.0900936126709,0.03765879571437836
eval,22834,2019-02-07 12:00:00,223,230,45749.28125,147.66012573242188,0.15623897314071655
eval,22834,2019-02-07 12:00:00,224,231,7196.66162109375,66.18763732910156,0.11947274208068848
eval,22834,2019-02-07 12:00:00,225,232,2733.8427734375,33.828853607177734,0.11018934100866318
eval,22834,2019-02-07 12:00:00,226,233,120948.796875,286.5631103515625,0.015246729366481304
eval,22834,2019-02-07 12:00:00,227,234,385.4453125,16.347869873046875,0.03601100295782089
eval,22834,2019-02-07 12:00:00,228,235,137.32469177246094,8.618997573852539,0.013575175777077675
eval,22834,2019-02-07 12:00:00,229,236,2208414.75,1156.0521240234375,0.023801645264029503
eval,22834,2019-02-07 12:00:00,230,237,3817.75927734375,44.295318603515625,0.02043677680194378
eval,22834,2019-02-07 12:00:00,231,238,551.9215698242188,19.514814376831055,0.08074270188808441
eval,22834,2019-02-07 12:00:00,232,239,372.21649169921875,14.935355186462402,0.06853129714727402
eval,22834,2019-02-07 12:00:00,233,240,1814.65625,35.188720703125,0.03997611626982689
eval,22834,2019-02-07 12:00:00,234,241,446.40350341796875,16.148601531982422,0.05079394206404686
eval,22834,2019-02-07 12:00:00,235,242,130.3887176513672,8.854087829589844,0.007577128708362579
eval,22834,2019-02-07 12:00:00,236,243,644.648193359375,20.569509506225586,0.02328304573893547
eval,22834,2019-02-07 12:00:00,237,244,505.48797607421875,16.527111053466797,0.01990261673927307
eval,22834,2019-02-07 12:00:00,238,246,29054.83984375,146.91680908203125,0.0895719975233078
eval,22834,2019-02-07 12:00:00,239,247,268.6616516113281,12.519267082214355,0.0429571270942688
eval,22834,2019-02-07 12:00:00,240,248,1754.6893310546875,37.11619567871094,0.03543666750192642
eval,22834,2019-02-07 12:00:00,241,249,826.878662109375,21.969783782958984,0.04122108966112137
eval,22834,2019-02-07 12:00:00,242,250,12393.1279296875,84.32046508789062,0.028609316796064377
eval,22834,2019-02-07 12:00:00,243,251,3337.53857421875,43.18516159057617,0.04541410133242607
eval,22834,2019-02-07 12:00:00,244,252,769.0255737304688,22.32314109802246,0.1066860556602478
eval,22834,2019-02-07 12:00:00,245,253,826.5043334960938,21.47100067138672,0.024462077766656876
eval,22834,2019-02-07 12:00:00,246,254,9731.6328125,83.36277770996094,0.012426745146512985
eval,22834,2019-02-07 12:00:00,247,255,11580.708984375,82.99324035644531,0.04545170068740845
eval,22834,2019-02-07 12:00:00,248,256,1843.910400390625,39.37896728515625,0.08195154368877411
eval,22834,2019-02-07 12:00:00,249,257,736.7679443359375,23.16748046875,0.02950136922299862
eval,22834,2019-02-07 12:00:00,250,258,924.6514892578125,24.187602996826172,0.08464451134204865
eval,22834,2019-02-07 12:00:00,251,259,1505.476318359375,32.85527038574219,0.03608642518520355
eval,22834,2019-02-07 12:00:00,252,260,434.98553466796875,17.21997833251953,0.07823633402585983
eval,22834,2019-02-07 12:00:00,253,261,381.9906921386719,17.352500915527344,0.03453410789370537
eval,22834,2019-02-07 12:00:00,254,262,18377.09765625,96.07621765136719,0.0225596334785223
eval,22834,2019-02-07 12:00:00,255,263,2417.67236328125,43.83776092529297,0.0554562509059906
eval,22834,2019-02-07 12:00:00,256,264,14949.5341796875,101.8978271484375,0.06324926018714905
eval,22834,2019-02-07 12:00:00,257,265,1418.1683349609375,30.04671859741211,0.09000356495380402
eval,22834,2019-02-07 12:00:00,258,266,3984.381591796875,44.154052734375,0.02180594764649868
eval,22834,2019-02-07 12:00:00,259,267,1503.6380615234375,27.418453216552734,0.012392926029860973
eval,22834,2019-02-07 12:00:00,260,268,170408.125,317.76739501953125,0.06544869393110275
eval,22834,2019-02-07 12:00:00,261,269,183.3240966796875,11.599539756774902,0.02053714357316494
eval,22834,2019-02-07 12:00:00,262,270,27442.32421875,147.91250610351562,0.11128848791122437
eval,22834,2019-02-07 12:00:00,263,271,6536.7705078125,68.99442291259766,0.009125548414885998
eval,22834,2019-02-07 12:00:00,264,272,1743.91064453125,33.667964935302734,0.026182590052485466
eval,22834,2019-02-07 12:00:00,265,273,291.2498474121094,14.86115837097168,0.019879210740327835
eval,22834,2019-02-07 12:00:00,266,274,3187.616943359375,42.947532653808594,0.16984713077545166
eval,22834,2019-02-07 12:00:00,267,275,4341.2236328125,55.94703674316406,0.1654382199048996
eval,22834,2019-02-07 12:00:00,268,276,150201.84375,286.7523193359375,0.02216760441660881
eval,22834,2019-02-07 12:00:00,269,277,4312.48974609375,57.69010543823242,0.03416870906949043
eval,22834,2019-02-07 12:00:00,270,278,6516.6328125,61.413970947265625,0.07348328828811646
eval,22834,2019-02-07 12:00:00,271,279,2274.975830078125,34.75886917114258,0.017404526472091675
eval,22834,2019-02-07 12:00:00,272,280,22705.078125,134.36337280273438,0.053004439920186996
eval,22834,2019-02-07 12:00:00,273,281,178714.171875,297.495849609375,0.042288269847631454
eval,22834,2019-02-07 12:00:00,274,282,783.0037841796875,21.9311580657959,0.015939725562930107
eval,22834,2019-02-07 12:00:00,275,283,435.1809997558594,16.634151458740234,0.01594262570142746
eval,22834,2019-02-07 12:00:00,276,284,3365.024169921875,43.351417541503906,0.04313874989748001
eval,22834,2019-02-07 12:00:00,277,285,354.9120788574219,14.993514060974121,0.020728901028633118
eval,22834,2019-02-07 12:00:00,278,286,318.01043701171875,12.335216522216797,0.008806956931948662
eval,22834,2019-02-07 12:00:00,279,287,11642.2294921875,71.56338500976562,0.22528307139873505
eval,22834,2019-02-07 12:00:00,280,288,7162.4091796875,65.17366027832031,0.05741981789469719
eval,22834,2019-02-07 12:00:00,281,289,5701.5224609375,54.121299743652344,0.031015481799840927
eval,22834,2019-02-07 12:00:00,282,290,1951193.375,771.498046875,0.026044968515634537
eval,22834,2019-02-07 12:00:00,283,291,1552.44140625,28.313495635986328,0.011668230406939983
eval,22834,2019-02-07 12:00:00,284,292,132961.890625,131.28150939941406,0.02381061390042305
eval,22834,2019-02-07 12:00:00,285,293,15339.8671875,93.22984313964844,0.025906190276145935
eval,22834,2019-02-07 12:00:00,286,294,6636.2890625,52.920570373535156,0.013127654790878296
eval,22834,2019-02-07 12:00:00,287,295,25011.5703125,125.94194030761719,0.08278930932283401
eval,22834,2019-02-07 12:00:00,288,296,109660.8984375,312.2703857421875,0.011064614169299603
eval,22834,2019-02-07 12:00:00,289,297,1926.93408203125,30.64081382751465,0.006252216175198555
eval,22834,2019-02-07 12:00:00,290,299,228.338623046875,8.147308349609375,0.1702098548412323
eval,22834,2019-02-07 12:00:00,291,300,8250.078125,54.1364860534668,0.02290796861052513
eval,22834,2019-02-07 12:00:00,292,301,809194.1875,655.8112182617188,0.2145116776227951
eval,22834,2019-02-07 12:00:00,293,302,563008.4375,517.4091186523438,0.021595006808638573
eval,22834,2019-02-07 12:00:00,294,303,131470.625,219.96221923828125,1.0354089736938477
eval,22834,2019-02-07 12:00:00,295,304,8746.48046875,73.44178009033203,0.016401413828134537
eval,22834,2019-02-07 12:00:00,296,305,26052.703125,107.86997985839844,0.08546771854162216
eval,22834,2019-02-07 12:00:00,297,306,31623.390625,132.79205322265625,0.009801702573895454
eval,22834,2019-02-07 12:00:00,298,307,18743.94140625,73.49983215332031,0.04708680510520935
eval,22834,2019-02-07 12:00:00,299,308,1480765.75,899.33984375,0.06349638104438782
eval,22834,2019-02-07 12:00:00,300,309,835448.375,720.4993896484375,0.13442620635032654
eval,22834,2019-02-07 12:00:00,301,310,3574.7734375,51.3602294921875,0.2086348980665207
eval,22834,2019-02-07 12:00:00,302,311,60341.359375,165.62918090820312,0.02900139056146145
eval,22834,2019-02-07 12:00:00,303,312,50829.82421875,155.30807495117188,0.04923788458108902
eval,22834,2019-02-07 12:00:00,304,313,751050752.0,21181.41796875,0.01737351343035698
eval,22834,2019-02-07 12:00:00,305,314,1749529.75,921.5106811523438,0.04409918189048767
eval,22834,2019-02-07 12:00:00,306,315,365600.46875,532.177490234375,0.0028041694313287735
eval,22834,2019-02-07 12:00:00,307,316,889.3590698242188,19.437782287597656,0.017653029412031174
eval,22834,2019-02-07 12:00:00,308,317,63.04078674316406,6.867815971374512,0.051319386810064316
eval,22834,2019-02-07 12:00:00,309,318,105151.421875,273.015625,0.39261746406555176
eval,22834,2019-02-07 12:00:00,310,319,205.09359741210938,11.255247116088867,0.002380146412178874
eval,22834,2019-02-07 12:00:00,311,OT,227452.125,372.9188232421875,0.5993219017982483
eval,23090,2019-02-18 04:00:00,0,0,97.52050018310547,6.543715476989746,1.0043187141418457
eval,23090,2019-02-18 04:00:00,1,1,34.653079986572266,4.275478363037109,0.14816692471504211
eval,23090,2019-02-18 04:00:00,2,2,0.9637073874473572,0.4523284137248993,0.5514044165611267
eval,23090,2019-02-18 04:00:00,3,3,1111.2294921875,24.102611541748047,0.1476600468158722
eval,23090,2019-02-18 04:00:00,4,4,1313.108154296875,28.517242431640625,0.721766471862793
eval,23090,2019-02-18 04:00:00,5,5,2666.49609375,38.866336822509766,0.17369824647903442
eval,23090,2019-02-18 04:00:00,6,7,2171.603515625,39.24638748168945,0.08210182189941406
eval,23090,2019-02-18 04:00:00,7,8,778.04248046875,24.016088485717773,0.3332361578941345
eval,23090,2019-02-18 04:00:00,8,9,2392.87841796875,38.11933898925781,0.7893900871276855
eval,23090,2019-02-18 04:00:00,9,10,158.66860961914062,11.108131408691406,0.10969579219818115
eval,23090,2019-02-18 04:00:00,10,11,418.2841796875,16.217605590820312,0.01376512460410595
eval,23090,2019-02-18 04:00:00,11,12,106.56948852539062,7.021304607391357,0.1455078125
eval,23090,2019-02-18 04:00:00,12,13,133.05369567871094,8.974333763122559,0.1417967528104782
eval,23090,2019-02-18 04:00:00,13,14,115.32272338867188,7.380975246429443,0.10042591392993927
eval,23090,2019-02-18 04:00:00,14,15,21178.330078125,128.23956298828125,0.27795419096946716
eval,23090,2019-02-18 04:00:00,15,16,28.919422149658203,3.9871115684509277,0.3943747282028198
eval,23090,2019-02-18 04:00:00,16,17,210.2147674560547,11.735137939453125,0.23374764621257782
eval,23090,2019-02-18 04:00:00,17,18,633.69287109375,19.563095092773438,0.062044501304626465
eval,23090,2019-02-18 04:00:00,18,19,157.22006225585938,9.607734680175781,0.3612806499004364
eval,23090,2019-02-18 04:00:00,19,20,35.31067657470703,4.449470520019531,0.2364150732755661
eval,23090,2019-02-18 04:00:00,20,21,11776.384765625,84.52947998046875,0.3111666440963745
eval,23090,2019-02-18 04:00:00,21,22,77.05950927734375,5.294312477111816,0.25058799982070923
eval,23090,2019-02-18 04:00:00,22,23,24.074417114257812,3.632176160812378,0.0716080367565155
eval,23090,2019-02-18 04:00:00,23,24,251.68858337402344,12.68796157836914,0.06715422868728638
eval,23090,2019-02-18 04:00:00,24,25,49.60211944580078,5.728461265563965,0.0039191097021102905
eval,23090,2019-02-18 04:00:00,25,26,560.1647338867188,19.98859405517578,0.19902390241622925
eval,23090,2019-02-18 04:00:00,26,27,12.748838424682617,2.9922361373901367,0.04860135540366173
eval,23090,2019-02-18 04:00:00,27,28,7321.46875,53.74641036987305,0.8500609397888184
eval,23090,2019-02-18 04:00:00,28,29,1231.5306396484375,27.086118698120117,0.6498411893844604
eval,23090,2019-02-18 04:00:00,29,30,4326.28271484375,52.15696716308594,0.13119271397590637
eval,23090,2019-02-18 04:00:00,30,31,566.2427978515625,15.951465606689453,0.0794537141919136
eval,23090,2019-02-18 04:00:00,31,32,1784.8870849609375,34.22310256958008,0.9885244369506836
eval,23090,2019-02-18 04:00:00,32,33,859.3480224609375,25.596389770507812,0.9714587926864624
eval,23090,2019-02-18 04:00:00,33,34,361107.5,454.6018981933594,0.5453916788101196
eval,23090,2019-02-18 04:00:00,34,35,86.28216552734375,7.281537055969238,0.13127365708351135
eval,23090,2019-02-18 04:00:00,35,36,530.1387939453125,16.35309600830078,0.018276359885931015
eval,23090,2019-02-18 04:00:00,36,37,2058.320068359375,34.38691711425781,0.16033703088760376
eval,23090,2019-02-18 04:00:00,37,38,417.2119140625,15.802481651306152,0.701758861541748
eval,23090,2019-02-18 04:00:00,38,39,12.785186767578125,2.7041659355163574,0.07500378787517548
eval,23090,2019-02-18 04:00:00,39,40,44079.51171875,160.57037353515625,0.10005061328411102
eval,23090,2019-02-18 04:00:00,40,41,3692.5810546875,45.35990524291992,0.14354103803634644
eval,23090,2019-02-18 04:00:00,41,42,1586.3564453125,33.255645751953125,0.4139211177825928
eval,23090,2019-02-18 04:00:00,42,43,305.9316711425781,13.932437896728516,0.49597781896591187
eval,23090,2019-02-18 04:00:00,43,44,848.4208984375,23.214948654174805,0.10745418071746826
eval,23090,2019-02-18 04:00:00,44,45,500.9483337402344,17.79777717590332,0.21198415756225586
eval,23090,2019-02-18 04:00:00,45,46,39.07655334472656,4.701580047607422,0.07989013195037842
eval,23090,2019-02-18 04:00:00,46,47,103.34981536865234,8.006465911865234,0.10880287736654282
eval,23090,2019-02-18 04:00:00,47,48,1863.8173828125,38.045188903808594,0.6405481100082397
eval,23090,2019-02-18 04:00:00,48,49,1311.86767578125,26.581008911132812,0.14046929776668549
eval,23090,2019-02-18 04:00:00,49,50,1868.6630859375,33.0987663269043,0.11460994184017181
eval,23090,2019-02-18 04:00:00,50,51,70.96991729736328,6.303534507751465,0.20613718032836914
eval,23090,2019-02-18 04:00:00,51,52,427.40631103515625,17.231853485107422,0.08888425678014755
eval,23090,2019-02-18 04:00:00,52,53,292.16510009765625,14.776956558227539,0.18270568549633026
eval,23090,2019-02-18 04:00:00,53,54,50.390846252441406,6.088508605957031,0.0652950257062912
eval,23090,2019-02-18 04:00:00,54,55,610322.375,695.5321655273438,0.4768795967102051
eval,23090,2019-02-18 04:00:00,55,56,580.2877807617188,19.954978942871094,0.19629287719726562
eval,23090,2019-02-18 04:00:00,56,58,47821.1875,193.0574951171875,0.9861154556274414
eval,23090,2019-02-18 04:00:00,57,59,1652.236572265625,27.115753173828125,0.11944271624088287
eval,23090,2019-02-18 04:00:00,58,60,6540.6083984375,58.237876892089844,0.5448587536811829
eval,23090,2019-02-18 04:00:00,59,61,240.429443359375,12.057421684265137,0.2816044092178345
eval,23090,2019-02-18 04:00:00,60,62,115.75642395019531,7.832449913024902,0.0947389006614685
eval,23090,2019-02-18 04:00:00,61,63,579.0941162109375,19.64885711669922,0.16024067997932434
eval,23090,2019-02-18 04:00:00,62,64,1230.9561767578125,30.146900177001953,0.1780615746974945
eval,23090,2019-02-18 04:00:00,63,65,518.8978271484375,18.742145538330078,0.14078156650066376
eval,23090,2019-02-18 04:00:00,64,66,93.74137878417969,7.835892677307129,0.08538594096899033
eval,23090,2019-02-18 04:00:00,65,67,450.7630615234375,15.443611145019531,0.17419111728668213
eval,23090,2019-02-18 04:00:00,66,68,407.82452392578125,14.136107444763184,0.31367313861846924
eval,23090,2019-02-18 04:00:00,67,69,101.48857879638672,8.391451835632324,0.2448173612356186
eval,23090,2019-02-18 04:00:00,68,70,909.5140991210938,24.256216049194336,0.24059204757213593
eval,23090,2019-02-18 04:00:00,69,71,405.69769287109375,16.858585357666016,0.9366223812103271
eval,23090,2019-02-18 04:00:00,70,72,782.9169311523438,19.58976936340332,0.10491450875997543
eval,23090,2019-02-18 04:00:00,71,73,180.08901977539062,9.950773239135742,0.09343545138835907
eval,23090,2019-02-18 04:00:00,72,74,163.04962158203125,9.226801872253418,0.0636902004480362
eval,23090,2019-02-18 04:00:00,73,75,26474.654296875,119.39989471435547,0.2866747975349426
eval,23090,2019-02-18 04:00:00,74,76,998.7030029296875,25.454442977905273,0.17489656805992126
eval,23090,2019-02-18 04:00:00,75,77,111683.4296875,274.468505859375,0.3419508934020996
eval,23090,2019-02-18 04:00:00,76,78,2816.216796875,43.76702117919922,0.202357679605484
eval,23090,2019-02-18 04:00:00,77,79,10882.0478515625,78.39859008789062,0.46079060435295105
eval,23090,2019-02-18 04:00:00,78,80,8843.0625,74.5814208984375,0.29339760541915894
eval,23090,2019-02-18 04:00:00,79,81,219.34788513183594,8.502910614013672,0.4930623173713684
eval,23090,2019-02-18 04:00:00,80,82,441.64453125,16.073625564575195,0.03157126158475876
eval,23090,2019-02-18 04:00:00,81,83,45572.60546875,111.69847106933594,0.8270777463912964
eval,23090,2019-02-18 04:00:00,82,84,34955.80078125,109.08647918701172,1.874668836593628
eval,23090,2019-02-18 04:00:00,83,85,22.198766708374023,3.8241429328918457,0.02907915972173214
eval,23090,2019-02-18 04:00:00,84,86,29.610288619995117,4.269256591796875,0.08118990063667297
eval,23090,2019-02-18 04:00:00,85,87,335.1912536621094,11.732211112976074,0.38897883892059326
eval,23090,2019-02-18 04:00:00,86,88,23646.328125,108.61714172363281,0.0071216365322470665
eval,23090,2019-02-18 04:00:00,87,89,192603.3125,301.1318359375,0.013284452259540558
eval,23090,2019-02-18 04:00:00,88,90,652.659912109375,17.402389526367188,0.013142837211489677
eval,23090,2019-02-18 04:00:00,89,91,65954.0234375,162.36138916015625,0.018425006419420242
eval,23090,2019-02-18 04:00:00,90,92,67530.8125,190.9063720703125,0.01595817320048809
eval,23090,2019-02-18 04:00:00,91,93,14106.8388671875,96.98500061035156,0.0019231082405894995
eval,23090,2019-02-18 04:00:00,92,94,10284.37109375,74.238037109375,0.003808487206697464
eval,23090,2019-02-18 04:00:00,93,95,9468.2578125,65.87393188476562,0.017659544944763184
eval,23090,2019-02-18 04:00:00,94,96,3298.070068359375,45.1784782409668,0.14450682699680328
eval,23090,2019-02-18 04:00:00,95,97,518.6817016601562,15.983451843261719,0.013840293511748314
eval,23090,2019-02-18 04:00:00,96,98,371.69354248046875,15.476058959960938,0.01648346707224846
eval,23090,2019-02-18 04:00:00,97,99,147.32571411132812,9.321525573730469,0.046216726303100586
eval,23090,2019-02-18 04:00:00,98,100,5372.38671875,61.24794006347656,0.015576664358377457
eval,23090,2019-02-18 04:00:00,99,101,251.7679901123047,12.96751594543457,0.028166402131319046
eval,23090,2019-02-18 04:00:00,100,102,125.03069305419922,8.659645080566406,0.021642297506332397
eval,23090,2019-02-18 04:00:00,101,103,1234.4873046875,30.128555297851562,0.025021908804774284
eval,23090,2019-02-18 04:00:00,102,104,401.68206787109375,14.240957260131836,0.1605006456375122
eval,23090,2019-02-18 04:00:00,103,105,3657.9189453125,30.588298797607422,0.07281444221735
eval,23090,2019-02-18 04:00:00,104,107,98.8236312866211,4.895833492279053,0.033021800220012665
eval,23090,2019-02-18 04:00:00,105,108,106.24297332763672,7.069840908050537,0.027503933757543564
eval,23090,2019-02-18 04:00:00,106,109,2229.1416015625,37.79872131347656,0.02384219877421856
eval,23090,2019-02-18 04:00:00,107,110,176.08071899414062,10.920377731323242,0.012919282540678978
eval,23090,2019-02-18 04:00:00,108,111,1328.978759765625,28.585851669311523,0.053596120327711105
eval,23090,2019-02-18 04:00:00,109,112,30389.6640625,83.18849182128906,0.34967923164367676
eval,23090,2019-02-18 04:00:00,110,114,1.4609639644622803,0.831706702709198,0.005762680899351835
eval,23090,2019-02-18 04:00:00,111,115,367.8292236328125,15.516523361206055,0.0785442516207695
eval,23090,2019-02-18 04:00:00,112,116,1528.6439208984375,31.75717544555664,0.11481472849845886
eval,23090,2019-02-18 04:00:00,113,117,16.16066551208496,3.1552085876464844,0.09693758189678192
eval,23090,2019-02-18 04:00:00,114,118,13.755583763122559,2.8673033714294434,0.26973992586135864
eval,23090,2019-02-18 04:00:00,115,119,13616.58984375,89.50594329833984,0.1847696751356125
eval,23090,2019-02-18 04:00:00,116,120,864.462890625,26.28554344177246,0.21555206179618835
eval,23090,2019-02-18 04:00:00,117,121,49.871803283691406,5.977812767028809,1.5805602073669434
eval,23090,2019-02-18 04:00:00,118,122,3.8694233894348145,1.364762306213379,0.8214036822319031
eval,23090,2019-02-18 04:00:00,119,123,385.63037109375,15.6756010055542,0.0069074612110853195
eval,23090,2019-02-18 04:00:00,120,124,153.17771911621094,10.663213729858398,0.005321419797837734
eval,23090,2019-02-18 04:00:00,121,125,85.51191711425781,7.215192794799805,1.1389470100402832
eval,23090,2019-02-18 04:00:00,122,126,1377.9755859375,29.153575897216797,0.012169955298304558
eval,23090,2019-02-18 04:00:00,123,128,208989.71875,376.505859375,0.09549727290868759
eval,23090,2019-02-18 04:00:00,124,129,3143.126953125,41.956912994384766,0.15895971655845642
eval,23090,2019-02-18 04:00:00,125,130,18225.828125,78.4842758178711,4.256140232086182
eval,23090,2019-02-18 04:00:00,126,131,161269.46875,344.08001708984375,0.30870306491851807
eval,23090,2019-02-18 04:00:00,127,132,18035.83984375,86.59258270263672,0.07951177656650543
eval,23090,2019-02-18 04:00:00,128,133,136073.09375,318.93597412109375,0.25078558921813965
eval,23090,2019-02-18 04:00:00,129,134,817.896484375,23.76570701599121,0.018722666427493095
eval,23090,2019-02-18 04:00:00,130,135,58742.38671875,159.5466766357422,0.03636360913515091
eval,23090,2019-02-18 04:00:00,131,136,433.4976501464844,17.126035690307617,0.016407333314418793
eval,23090,2019-02-18 04:00:00,132,137,93.04817199707031,5.9605865478515625,0.04731311649084091
eval,23090,2019-02-18 04:00:00,133,138,1512.8974609375,24.13025665283203,0.031558360904455185
eval,23090,2019-02-18 04:00:00,134,139,1246.5447998046875,28.571332931518555,0.07003030180931091
eval,23090,2019-02-18 04:00:00,135,140,5810.4755859375,63.31397247314453,0.14873844385147095
eval,23090,2019-02-18 04:00:00,136,141,1534.29248046875,29.263845443725586,0.02659860998392105
eval,23090,2019-02-18 04:00:00,137,142,180.85934448242188,10.896797180175781,0.012598589062690735
eval,23090,2019-02-18 04:00:00,138,144,103.55783081054688,7.302532196044922,0.03211779519915581
eval,23090,2019-02-18 04:00:00,139,145,173.2706298828125,10.221485137939453,0.020420748740434647
eval,23090,2019-02-18 04:00:00,140,146,311.7846374511719,13.566473007202148,0.02248420938849449
eval,23090,2019-02-18 04:00:00,141,147,25.92498016357422,4.284438133239746,0.014022687450051308
eval,23090,2019-02-18 04:00:00,142,148,6846.359375,61.34647750854492,0.03214089199900627
eval,23090,2019-02-18 04:00:00,143,149,1158.270263671875,28.406471252441406,0.008766922168433666
eval,23090,2019-02-18 04:00:00,144,150,136794.53125,272.85968017578125,0.03215666860342026
eval,23090,2019-02-18 04:00:00,145,151,7661.99609375,64.05384826660156,0.024530217051506042
eval,23090,2019-02-18 04:00:00,146,152,4457.4462890625,53.93095016479492,0.03919077664613724
eval,23090,2019-02-18 04:00:00,147,153,102453.3984375,258.31329345703125,0.013482156209647655
eval,23090,2019-02-18 04:00:00,148,154,23675.078125,100.34855651855469,0.08062386512756348
eval,23090,2019-02-18 04:00:00,149,155,8334478.0,2320.63720703125,0.006821679882705212
eval,23090,2019-02-18 04:00:00,150,156,3270.228515625,45.29412078857422,0.06597986817359924
eval,23090,2019-02-18 04:00:00,151,157,3105.201171875,45.418853759765625,0.01865880936384201
eval,23090,2019-02-18 04:00:00,152,158,11125.33203125,78.63023376464844,0.017784088850021362
eval,23090,2019-02-18 04:00:00,153,159,26102.708984375,140.282470703125,0.02086041495203972
eval,23090,2019-02-18 04:00:00,154,160,2966.498046875,46.894195556640625,0.023961303755640984
eval,23090,2019-02-18 04:00:00,155,161,819.20849609375,22.456939697265625,0.01096644252538681
eval,23090,2019-02-18 04:00:00,156,162,3738.484375,51.67442321777344,0.0060552507638931274
eval,23090,2019-02-18 04:00:00,157,163,63856.1875,176.579345703125,0.045786987990140915
eval,23090,2019-02-18 04:00:00,158,164,2155.5322265625,37.51823043823242,0.006914898753166199
eval,23090,2019-02-18 04:00:00,159,165,3417.775390625,47.60542297363281,0.03936104476451874
eval,23090,2019-02-18 04:00:00,160,166,62949.76171875,201.68211364746094,0.03444891422986984
eval,23090,2019-02-18 04:00:00,161,167,822739.6875,784.3937377929688,0.012576444074511528
eval,23090,2019-02-18 04:00:00,162,168,3909.62109375,50.5718994140625,0.008932068943977356
eval,23090,2019-02-18 04:00:00,163,169,7670.51904296875,73.19247436523438,0.017516929656267166
eval,23090,2019-02-18 04:00:00,164,170,2327.41015625,39.70806121826172,0.038294464349746704
eval,23090,2019-02-18 04:00:00,165,171,4718.89453125,44.04356002807617,0.02816055528819561
eval,23090,2019-02-18 04:00:00,166,172,25226.857421875,137.78994750976562,0.016234956681728363
eval,23090,2019-02-18 04:00:00,167,173,7068.259765625,67.03263854980469,0.012949241325259209
eval,23090,2019-02-18 04:00:00,168,174,1410.955322265625,30.68739891052246,0.01023646630346775
eval,23090,2019-02-18 04:00:00,169,175,17396.0625,111.840576171875,0.0019023492932319641
eval,23090,2019-02-18 04:00:00,170,176,7043.3623046875,52.3470573425293,0.03725455701351166
eval,23090,2019-02-18 04:00:00,171,177,6332.3134765625,60.65403366088867,0.002044881694018841
eval,23090,2019-02-18 04:00:00,172,178,15946.5654296875,82.72271728515625,0.015518072061240673
eval,23090,2019-02-18 04:00:00,173,179,246664.375,349.41180419921875,0.009965768083930016
eval,23090,2019-02-18 04:00:00,174,180,1288.689208984375,28.02829360961914,0.02013103850185871
eval,23090,2019-02-18 04:00:00,175,181,74878.328125,217.42236328125,0.03425142168998718
eval,23090,2019-02-18 04:00:00,176,183,4325.29638671875,56.08447265625,0.02378767356276512
eval,23090,2019-02-18 04:00:00,177,184,7643.3544921875,66.71629333496094,0.02033234015107155
eval,23090,2019-02-18 04:00:00,178,185,1332.520263671875,29.351070404052734,0.010450957342982292
eval,23090,2019-02-18 04:00:00,179,186,197784.5625,354.3834228515625,0.0030258845072239637
eval,23090,2019-02-18 04:00:00,180,187,18468.373046875,103.17881774902344,0.019137311726808548
eval,23090,2019-02-18 04:00:00,181,188,565.644287109375,17.958389282226562,0.04147632420063019
eval,23090,2019-02-18 04:00:00,182,189,27611.5234375,125.0792236328125,0.02510201558470726
eval,23090,2019-02-18 04:00:00,183,190,628.6241455078125,19.604333877563477,0.05395681783556938
eval,23090,2019-02-18 04:00:00,184,191,312.3007507324219,13.338573455810547,0.0068687815219163895
eval,23090,2019-02-18 04:00:00,185,192,1589.132080078125,31.30341911315918,0.10687856376171112
eval,23090,2019-02-18 04:00:00,186,193,14252.7880859375,96.91162109375,0.012291312217712402
eval,23090,2019-02-18 04:00:00,187,194,941.2054443359375,22.58247184753418,0.034953292459249496
eval,23090,2019-02-18 04:00:00,188,195,518.9290771484375,14.60706615447998,0.05342090129852295
eval,23090,2019-02-18 04:00:00,189,196,11418.7109375,71.44116973876953,0.09408684819936752
eval,23090,2019-02-18 04:00:00,190,197,823.8981323242188,23.548879623413086,0.05403289198875427
eval,23090,2019-02-18 04:00:00,191,198,3648.753662109375,51.79804611206055,0.014131422154605389
eval,23090,2019-02-18 04:00:00,192,199,71294.8046875,219.74636840820312,0.004687588661909103
eval,23090,2019-02-18 04:00:00,193,200,7179.20068359375,68.12150573730469,0.09288643300533295
eval,23090,2019-02-18 04:00:00,194,201,916.545654296875,21.396902084350586,0.021742716431617737
eval,23090,2019-02-18 04:00:00,195,202,2608.1279296875,37.47267150878906,0.055936895310878754
eval,23090,2019-02-18 04:00:00,196,203,1127.5888671875,21.22698974609375,0.027205940335989
eval,23090,2019-02-18 04:00:00,197,204,103548.953125,224.59552001953125,0.11684068292379379
eval,23090,2019-02-18 04:00:00,198,205,12125.412109375,90.0387191772461,0.024222275242209435
eval,23090,2019-02-18 04:00:00,199,206,1491.3782958984375,23.803869247436523,0.03466111421585083
eval,23090,2019-02-18 04:00:00,200,207,2069.6513671875,31.709203720092773,0.21039621531963348
eval,23090,2019-02-18 04:00:00,201,208,91.10173034667969,7.063201904296875,0.011242113076150417
eval,23090,2019-02-18 04:00:00,202,209,92.39781188964844,8.44481372833252,0.013876359909772873
eval,23090,2019-02-18 04:00:00,203,210,1371.4697265625,27.106191635131836,0.01808328554034233
eval,23090,2019-02-18 04:00:00,204,211,3552.34814453125,46.01398849487305,0.017887938767671585
eval,23090,2019-02-18 04:00:00,205,212,1840.79443359375,31.884994506835938,0.01625443994998932
eval,23090,2019-02-18 04:00:00,206,213,169.26669311523438,8.529790878295898,0.00802371371537447
eval,23090,2019-02-18 04:00:00,207,214,603.8702392578125,20.59404945373535,0.02022874727845192
eval,23090,2019-02-18 04:00:00,208,215,581.8466796875,18.04865837097168,0.02995177172124386
eval,23090,2019-02-18 04:00:00,209,216,435.6358337402344,15.446250915527344,0.029685264453291893
eval,23090,2019-02-18 04:00:00,210,217,1025.8411865234375,25.845245361328125,0.017041632905602455
eval,23090,2019-02-18 04:00:00,211,218,896.281494140625,17.3382625579834,0.16900858283042908
eval,23090,2019-02-18 04:00:00,212,219,6804.58544921875,56.58758544921875,0.20393821597099304
eval,23090,2019-02-18 04:00:00,213,220,2723.652099609375,36.530540466308594,0.038576215505599976
eval,23090,2019-02-18 04:00:00,214,221,3285.0712890625,48.9189453125,0.06180421635508537
eval,23090,2019-02-18 04:00:00,215,222,1049.35546875,23.95867919921875,0.03337779641151428
eval,23090,2019-02-18 04:00:00,216,223,4998.17236328125,48.864280700683594,0.05870090052485466
eval,23090,2019-02-18 04:00:00,217,224,221.21749877929688,10.506440162658691,0.03022097609937191
eval,23090,2019-02-18 04:00:00,218,225,1263.503173828125,30.767471313476562,0.02310137078166008
eval,23090,2019-02-18 04:00:00,219,226,19777.05859375,90.91075134277344,0.023370420560240746
eval,23090,2019-02-18 04:00:00,220,227,222.94473266601562,12.841024398803711,0.03734900429844856
eval,23090,2019-02-18 04:00:00,221,228,662.5538330078125,19.566757202148438,0.027726124972105026
eval,23090,2019-02-18 04:00:00,222,229,1006.52978515625,27.14980697631836,0.06177685782313347
eval,23090,2019-02-18 04:00:00,223,230,60085.73046875,181.46835327148438,0.14741891622543335
eval,23090,2019-02-18 04:00:00,224,231,8222.9365234375,74.95246124267578,0.1539962738752365
eval,23090,2019-02-18 04:00:00,225,232,538.1231079101562,17.684951782226562,0.03247915953397751
eval,23090,2019-02-18 04:00:00,226,233,45572.7578125,169.20831298828125,0.005341276526451111
eval,23090,2019-02-18 04:00:00,227,234,274.76983642578125,12.295207023620605,0.026621228083968163
eval,23090,2019-02-18 04:00:00,228,235,132.76165771484375,9.005638122558594,0.012813014909625053
eval,23090,2019-02-18 04:00:00,229,236,7754961.5,2176.109130859375,0.07942704856395721
eval,23090,2019-02-18 04:00:00,230,237,32124.740234375,124.20245361328125,0.16972407698631287
eval,23090,2019-02-18 04:00:00,231,238,85.17320251464844,7.164018154144287,0.012287883087992668
eval,23090,2019-02-18 04:00:00,232,239,482.0682067871094,15.586669921875,0.07619565725326538
eval,23090,2019-02-18 04:00:00,233,240,617.585693359375,19.632368087768555,0.013009577058255672
eval,23090,2019-02-18 04:00:00,234,241,467.86651611328125,14.526700973510742,0.052232518792152405
eval,23090,2019-02-18 04:00:00,235,242,100.70052337646484,7.891921520233154,0.006538289599120617
eval,23090,2019-02-18 04:00:00,236,243,593.1561889648438,19.687850952148438,0.021204521879553795
eval,23090,2019-02-18 04:00:00,237,244,266.6524658203125,13.306779861450195,0.01200389675796032
eval,23090,2019-02-18 04:00:00,238,246,9860.341796875,73.53044128417969,0.02538098394870758
eval,23090,2019-02-18 04:00:00,239,247,351.0140075683594,15.541021347045898,0.046275656670331955
eval,23090,2019-02-18 04:00:00,240,248,1187.79443359375,27.78309440612793,0.019940078258514404
eval,23090,2019-02-18 04:00:00,241,249,731.40625,21.394298553466797,0.03874552249908447
eval,23090,2019-02-18 04:00:00,242,250,21444.07421875,130.47781372070312,0.04085255786776543
eval,23090,2019-02-18 04:00:00,243,251,9331.7578125,78.80400085449219,0.10954718291759491
eval,23090,2019-02-18 04:00:00,244,252,141.2827606201172,9.426107406616211,0.019373819231987
eval,23090,2019-02-18 04:00:00,245,253,929.7225341796875,23.306915283203125,0.019387753680348396
eval,23090,2019-02-18 04:00:00,246,254,22367.443359375,130.02011108398438,0.025845354422926903
eval,23090,2019-02-18 04:00:00,247,255,4174.30859375,52.4395751953125,0.01389562338590622
eval,23090,2019-02-18 04:00:00,248,256,668.3751220703125,19.036865234375,0.03125873953104019
eval,23090,2019-02-18 04:00:00,249,257,2805.20703125,44.13117218017578,0.11586558073759079
eval,23090,2019-02-18 04:00:00,250,258,1084.1785888671875,28.333555221557617,0.0953630805015564
eval,23090,2019-02-18 04:00:00,251,259,835.880859375,22.52960205078125,0.021207017824053764
eval,23090,2019-02-18 04:00:00,252,260,188.420654296875,11.536920547485352,0.03186752274632454
eval,23090,2019-02-18 04:00:00,253,261,259.9495544433594,12.746081352233887,0.02250261977314949
eval,23090,2019-02-18 04:00:00,254,262,14778.3310546875,88.98815155029297,0.01831275224685669
eval,23090,2019-02-18 04:00:00,255,263,2424.700927734375,37.973297119140625,0.05173569917678833
eval,23090,2019-02-18 04:00:00,256,264,13155.1875,96.57420349121094,0.022238535806536674
eval,23090,2019-02-18 04:00:00,257,265,936.5514526367188,24.89680290222168,0.05417781323194504
eval,23090,2019-02-18 04:00:00,258,266,6938.802734375,62.52820587158203,0.02832011692225933
eval,23090,2019-02-18 04:00:00,259,267,5983.75537109375,49.08367156982422,0.0478624626994133
eval,23090,2019-02-18 04:00:00,260,268,61796.77734375,198.9845428466797,0.02183127962052822
eval,23090,2019-02-18 04:00:00,261,269,261.130615234375,12.675395965576172,0.02940439060330391
eval,23090,2019-02-18 04:00:00,262,270,2886.620849609375,38.971893310546875,0.011356937699019909
eval,23090,2019-02-18 04:00:00,263,271,5094.2392578125,52.32386016845703,0.006345910485833883
eval,23090,2019-02-18 04:00:00,264,272,871.8327026367188,21.950611114501953,0.011425143107771873
eval,23090,2019-02-18 04:00:00,265,273,284.6573181152344,12.959712028503418,0.01944475993514061
eval,23090,2019-02-18 04:00:00,266,274,476.83221435546875,15.11408519744873,0.017225340008735657
eval,23090,2019-02-18 04:00:00,267,275,3168.5595703125,40.13780975341797,0.12843641638755798
eval,23090,2019-02-18 04:00:00,268,276,318974.3125,423.2987976074219,0.042328592389822006
eval,23090,2019-02-18 04:00:00,269,277,2556.226318359375,43.02164840698242,0.018540196120738983
eval,23090,2019-02-18 04:00:00,270,278,3043.250732421875,45.744056701660156,0.030736397951841354
eval,23090,2019-02-18 04:00:00,271,279,1809.9033203125,29.63317108154297,0.012806892395019531
eval,23090,2019-02-18 04:00:00,272,280,9432.8544921875,83.22233581542969,0.020348191261291504
eval,23090,2019-02-18 04:00:00,273,281,487427.1875,482.1667175292969,0.10384207218885422
eval,23090,2019-02-18 04:00:00,274,282,723.4168701171875,19.652742385864258,0.016211269423365593
eval,23090,2019-02-18 04:00:00,275,283,142.4000244140625,10.043163299560547,0.0043321349658071995
eval,23090,2019-02-18 04:00:00,276,284,2559.100341796875,31.671903610229492,0.031498391181230545
eval,23090,2019-02-18 04:00:00,277,285,207.59068298339844,11.750226974487305,0.013258738443255424
eval,23090,2019-02-18 04:00:00,278,286,856.3375854492188,21.36701774597168,0.017960278317332268
eval,23090,2019-02-18 04:00:00,279,287,2108.375732421875,28.978256225585938,0.022772736847400665
eval,23090,2019-02-18 04:00:00,280,288,5945.138671875,56.19675827026367,0.05294632911682129
eval,23090,2019-02-18 04:00:00,281,289,8446.630859375,80.38421630859375,0.04499897360801697
eval,23090,2019-02-18 04:00:00,282,290,1199572.125,785.1100463867188,0.014349977485835552
eval,23090,2019-02-18 04:00:00,283,291,497.4547119140625,19.169042587280273,0.003617948619648814
eval,23090,2019-02-18 04:00:00,284,292,22303.54296875,112.72222900390625,0.004626439884305
eval,23090,2019-02-18 04:00:00,285,293,6012.85498046875,50.87904357910156,0.010540935210883617
eval,23090,2019-02-18 04:00:00,286,294,1858.576416015625,37.31725311279297,0.003568703308701515
eval,23090,2019-02-18 04:00:00,287,295,11317.234375,77.28337097167969,0.03691551834344864
eval,23090,2019-02-18 04:00:00,288,296,86830.5625,214.95657348632812,0.008801487274467945
eval,23090,2019-02-18 04:00:00,289,297,5347.048828125,55.21775436401367,0.020788591355085373
eval,23090,2019-02-18 04:00:00,290,299,303.0956726074219,9.05882453918457,0.34459495544433594
eval,23090,2019-02-18 04:00:00,291,300,14553.279296875,88.08345794677734,0.037293147295713425
eval,23090,2019-02-18 04:00:00,292,301,13561.974609375,93.23284912109375,0.004063742235302925
eval,23090,2019-02-18 04:00:00,293,302,3134527.75,1206.6571044921875,0.14202505350112915
eval,23090,2019-02-18 04:00:00,294,303,61004.8984375,191.45556640625,0.41273730993270874
eval,23090,2019-02-18 04:00:00,295,304,8222.552734375,62.711177825927734,0.015969404950737953
eval,23090,2019-02-18 04:00:00,296,305,13063.01953125,82.89051818847656,0.06275101006031036
eval,23090,2019-02-18 04:00:00,297,306,5798.74365234375,61.045433044433594,0.0019082152284681797
eval,23090,2019-02-18 04:00:00,298,307,5549.0712890625,57.57612228393555,0.01205655001103878
eval,23090,2019-02-18 04:00:00,299,308,274924.5,402.6890563964844,0.012002105824649334
eval,23090,2019-02-18 04:00:00,300,309,152516.3125,272.213623046875,0.038352854549884796
eval,23090,2019-02-18 04:00:00,301,310,781.2909545898438,23.269094467163086,0.05228707939386368
eval,23090,2019-02-18 04:00:00,302,311,21279.1484375,88.6353759765625,0.0113874152302742
eval,23090,2019-02-18 04:00:00,303,312,94886.078125,145.67124938964844,0.08838388323783875
eval,23090,2019-02-18 04:00:00,304,313,320952768.0,13631.5810546875,0.007549177389591932
eval,23090,2019-02-18 04:00:00,305,314,386684.75,481.79534912109375,0.008855563588440418
eval,23090,2019-02-18 04:00:00,306,315,221656.6875,400.57244873046875,0.0017134490190073848
eval,23090,2019-02-18 04:00:00,307,316,548.643310546875,14.87848949432373,0.009620416909456253
eval,23090,2019-02-18 04:00:00,308,317,133.18125915527344,9.306437492370605,0.06985343992710114
eval,23090,2019-02-18 04:00:00,309,318,17102.814453125,101.34674072265625,0.09547638893127441
eval,23090,2019-02-18 04:00:00,310,319,11098.5029296875,82.65215301513672,0.15234601497650146
eval,23090,2019-02-18 04:00:00,311,OT,14615.9091796875,96.04513549804688,0.06192675232887268
eval,23346,2019-02-28 20:00:00,0,0,81.8223876953125,4.391026496887207,1.0541117191314697
eval,23346,2019-02-28 20:00:00,1,1,19.256040573120117,3.49448823928833,0.020848695188760757
eval,23346,2019-02-28 20:00:00,2,2,5.483541488647461,0.8942373991012573,3.1375179290771484
eval,23346,2019-02-28 20:00:00,3,3,1790.500732421875,35.68177032470703,0.23727039992809296
eval,23346,2019-02-28 20:00:00,4,4,492.11962890625,17.926651000976562,0.39417001605033875
eval,23346,2019-02-28 20:00:00,5,5,3112.0859375,40.10105514526367,0.17718259990215302
eval,23346,2019-02-28 20:00:00,6,7,1560.782958984375,32.12955093383789,0.06910493969917297
eval,23346,2019-02-28 20:00:00,7,8,1737.9056396484375,33.385406494140625,0.7039052248001099
eval,23346,2019-02-28 20:00:00,8,9,1077.5908203125,29.790145874023438,0.4975515604019165
eval,23346,2019-02-28 20:00:00,9,10,333.66705322265625,15.655349731445312,0.37076663970947266
eval,23346,2019-02-28 20:00:00,10,11,336.69708251953125,14.647048950195312,0.018304746598005295
eval,23346,2019-02-28 20:00:00,11,12,68.42332458496094,6.2811079025268555,0.15091994404792786
eval,23346,2019-02-28 20:00:00,12,13,134.85986328125,9.135913848876953,0.121589794754982
eval,23346,2019-02-28 20:00:00,13,14,392.25927734375,11.047285079956055,0.28998202085494995
eval,23346,2019-02-28 20:00:00,14,15,33603.734375,150.65518188476562,0.48880451917648315
eval,23346,2019-02-28 20:00:00,15,16,27.819067001342773,3.710789203643799,0.43733128905296326
eval,23346,2019-02-28 20:00:00,16,17,68.80712890625,7.284034729003906,0.08846312761306763
eval,23346,2019-02-28 20:00:00,17,18,1884.555419921875,34.73966979980469,0.179258331656456
eval,23346,2019-02-28 20:00:00,18,19,107.47222900390625,7.279731750488281,0.2794104218482971
eval,23346,2019-02-28 20:00:00,19,20,166.7014617919922,9.977485656738281,0.8451825380325317
eval,23346,2019-02-28 20:00:00,20,21,5462.9931640625,60.45930480957031,0.14489662647247314
eval,23346,2019-02-28 20:00:00,21,22,95.89122772216797,6.8410749435424805,0.2321891486644745
eval,23346,2019-02-28 20:00:00,22,23,52.529693603515625,5.720508575439453,0.14168104529380798
eval,23346,2019-02-28 20:00:00,23,24,10670.291015625,98.85308837890625,2.9306867122650146
eval,23346,2019-02-28 20:00:00,24,25,66.54307556152344,6.331296443939209,0.1090768575668335
eval,23346,2019-02-28 20:00:00,25,26,1577.87548828125,36.72295379638672,0.44697707891464233
eval,23346,2019-02-28 20:00:00,26,27,51.071617126464844,5.265714168548584,0.2090185135602951
eval,23346,2019-02-28 20:00:00,27,28,998.8998413085938,22.408519744873047,0.12357661128044128
eval,23346,2019-02-28 20:00:00,28,29,69.86180877685547,7.4376139640808105,0.04232225567102432
eval,23346,2019-02-28 20:00:00,29,30,15655.060546875,110.83340454101562,0.9233903884887695
eval,23346,2019-02-28 20:00:00,30,31,162.07659912109375,10.009028434753418,0.023128122091293335
eval,23346,2019-02-28 20:00:00,31,32,3129.73779296875,50.18015670776367,1.122327208518982
eval,23346,2019-02-28 20:00:00,32,33,348.453369140625,15.66141128540039,0.4531208872795105
eval,23346,2019-02-28 20:00:00,33,34,401478.0625,473.81988525390625,0.8819167613983154
eval,23346,2019-02-28 20:00:00,34,35,158.93032836914062,9.00794792175293,0.2739351689815521
eval,23346,2019-02-28 20:00:00,35,36,945.71044921875,25.246871948242188,0.07026997953653336
eval,23346,2019-02-28 20:00:00,36,37,6436.8505859375,59.6861686706543,0.6373935341835022
eval,23346,2019-02-28 20:00:00,37,38,44.964012145996094,5.0247344970703125,0.0817776471376419
eval,23346,2019-02-28 20:00:00,38,39,184.94525146484375,11.911577224731445,1.1858636140823364
eval,23346,2019-02-28 20:00:00,39,40,32987.8359375,153.49998474121094,0.08316648006439209
eval,23346,2019-02-28 20:00:00,40,41,3129.403076171875,41.27701187133789,0.13796666264533997
eval,23346,2019-02-28 20:00:00,41,42,1939.9072265625,40.924407958984375,0.5619926452636719
eval,23346,2019-02-28 20:00:00,42,43,71.09060668945312,6.8920135498046875,0.11260717362165451
eval,23346,2019-02-28 20:00:00,43,44,649.986572265625,18.225217819213867,0.09183336794376373
eval,23346,2019-02-28 20:00:00,44,45,120.12298583984375,7.967931747436523,0.054394014179706573
eval,23346,2019-02-28 20:00:00,45,46,76.23294067382812,5.479255676269531,0.09578736871480942
eval,23346,2019-02-28 20:00:00,46,47,107.93883514404297,7.714491844177246,0.1061963140964508
eval,23346,2019-02-28 20:00:00,47,48,214.32418823242188,11.412493705749512,0.16472145915031433
eval,23346,2019-02-28 20:00:00,48,49,929.8244018554688,24.024206161499023,0.10140305757522583
eval,23346,2019-02-28 20:00:00,49,50,7983.4306640625,77.7415771484375,0.805419921875
eval,23346,2019-02-28 20:00:00,50,51,80.50936126708984,7.367356777191162,0.29396384954452515
eval,23346,2019-02-28 20:00:00,51,52,2024.4287109375,30.783071517944336,0.49067363142967224
eval,23346,2019-02-28 20:00:00,52,53,656.8607177734375,22.964988708496094,0.4375460743904114
eval,23346,2019-02-28 20:00:00,53,54,57.484893798828125,6.343620300292969,0.07578205317258835
eval,23346,2019-02-28 20:00:00,54,55,1899466.25,1263.7884521484375,1.7075908184051514
eval,23346,2019-02-28 20:00:00,55,56,447.84466552734375,17.266708374023438,0.1423625349998474
eval,23346,2019-02-28 20:00:00,56,58,5964.8359375,66.92025756835938,0.1351441890001297
eval,23346,2019-02-28 20:00:00,57,59,1618.6697998046875,31.093801498413086,0.11783818900585175
eval,23346,2019-02-28 20:00:00,58,60,1722.5989990234375,34.209381103515625,0.1414705365896225
eval,23346,2019-02-28 20:00:00,59,61,171.66506958007812,10.038883209228516,0.2255641669034958
eval,23346,2019-02-28 20:00:00,60,62,146.86245727539062,8.871562957763672,0.11157777160406113
eval,23346,2019-02-28 20:00:00,61,63,843.9765014648438,23.797170639038086,0.22624161839485168
eval,23346,2019-02-28 20:00:00,62,64,2727.527587890625,47.041595458984375,0.4589869976043701
eval,23346,2019-02-28 20:00:00,63,65,624.5345458984375,19.277952194213867,0.16977918148040771
eval,23346,2019-02-28 20:00:00,64,66,106.14582824707031,7.860200881958008,0.10377466678619385
eval,23346,2019-02-28 20:00:00,65,67,704.8631591796875,22.965185165405273,0.33741864562034607
eval,23346,2019-02-28 20:00:00,66,68,27.03209686279297,4.486708641052246,0.06997325271368027
eval,23346,2019-02-28 20:00:00,67,69,117.9327621459961,8.612186431884766,0.28507378697395325
eval,23346,2019-02-28 20:00:00,68,70,1262.37548828125,26.471057891845703,0.3630370795726776
eval,23346,2019-02-28 20:00:00,69,71,309.89544677734375,13.499488830566406,0.8164180517196655
eval,23346,2019-02-28 20:00:00,70,72,2278.2216796875,34.711151123046875,0.38553041219711304
eval,23346,2019-02-28 20:00:00,71,73,90.67544555664062,6.74237060546875,0.08766180276870728
eval,23346,2019-02-28 20:00:00,72,74,309.5945129394531,13.928089141845703,0.12544895708560944
eval,23346,2019-02-28 20:00:00,73,75,6157.2587890625,66.97894287109375,0.37260696291923523
eval,23346,2019-02-28 20:00:00,74,76,1893.085205078125,34.7655029296875,0.26561278104782104
eval,23346,2019-02-28 20:00:00,75,77,15473.98828125,99.2730941772461,0.05468402057886124
eval,23346,2019-02-28 20:00:00,76,78,1298.0057373046875,26.895389556884766,0.07705213874578476
eval,23346,2019-02-28 20:00:00,77,79,4802.6484375,56.73469543457031,0.19651244580745697
eval,23346,2019-02-28 20:00:00,78,80,13716.7451171875,103.26274108886719,0.5833582282066345
eval,23346,2019-02-28 20:00:00,79,81,47.726097106933594,5.6906280517578125,0.0003910498635377735
eval,23346,2019-02-28 20:00:00,80,82,3225.406005859375,46.20551681518555,0.22755879163742065
eval,23346,2019-02-28 20:00:00,81,83,25475.671875,89.71306610107422,0.21686361730098724
eval,23346,2019-02-28 20:00:00,82,84,14.931388854980469,3.2312514781951904,0.0016843759221956134
eval,23346,2019-02-28 20:00:00,83,85,2.8659873008728027,1.210370421409607,0.002554008737206459
eval,23346,2019-02-28 20:00:00,84,86,33.948123931884766,4.705474376678467,0.08651816844940186
eval,23346,2019-02-28 20:00:00,85,87,148.22903442382812,8.33591079711914,0.0873507410287857
eval,23346,2019-02-28 20:00:00,86,88,81582.640625,189.75729370117188,0.022041944786906242
eval,23346,2019-02-28 20:00:00,87,89,1005199.875,742.1051025390625,0.08009792119264603
eval,23346,2019-02-28 20:00:00,88,90,129.62353515625,8.49013900756836,0.00238057691603899
eval,23346,2019-02-28 20:00:00,89,91,34327.48046875,141.07345581054688,0.010733566246926785
eval,23346,2019-02-28 20:00:00,90,92,669442.5,458.80743408203125,0.1411924660205841
eval,23346,2019-02-28 20:00:00,91,93,31212.662109375,140.8134307861328,0.003894088789820671
eval,23346,2019-02-28 20:00:00,92,94,20593.14453125,99.3463134765625,0.008372855372726917
eval,23346,2019-02-28 20:00:00,93,95,39783.140625,145.50189208984375,0.06564940512180328
eval,23346,2019-02-28 20:00:00,94,96,4317.48583984375,50.822383880615234,0.15279196202754974
eval,23346,2019-02-28 20:00:00,95,97,2539.7041015625,37.32670211791992,0.06486928462982178
eval,23346,2019-02-28 20:00:00,96,98,16442.9140625,86.01673889160156,1.0821597576141357
eval,23346,2019-02-28 20:00:00,97,99,92.72914123535156,8.132061004638672,0.023664377629756927
eval,23346,2019-02-28 20:00:00,98,100,33581.2890625,159.85723876953125,0.10056659579277039
eval,23346,2019-02-28 20:00:00,99,101,966.3917846679688,21.15406036376953,0.13053539395332336
eval,23346,2019-02-28 20:00:00,100,102,473.98089599609375,17.521930694580078,0.08426465094089508
eval,23346,2019-02-28 20:00:00,101,103,2014.9130859375,36.68986511230469,0.0190216526389122
eval,23346,2019-02-28 20:00:00,102,104,87.83757019042969,7.356256484985352,0.031221359968185425
eval,23346,2019-02-28 20:00:00,103,105,17020.8515625,109.04144287109375,0.3692960739135742
eval,23346,2019-02-28 20:00:00,104,107,23.731632232666016,4.011687278747559,0.006501202937215567
eval,23346,2019-02-28 20:00:00,105,108,2253.1640625,30.35011863708496,0.49838805198669434
eval,23346,2019-02-28 20:00:00,106,109,13754.5380859375,68.4880599975586,0.12080627679824829
eval,23346,2019-02-28 20:00:00,107,110,1137.201416015625,26.72902488708496,0.07378913462162018
eval,23346,2019-02-28 20:00:00,108,111,2923.10498046875,41.87508773803711,0.13449552655220032
eval,23346,2019-02-28 20:00:00,109,112,9230.3232421875,68.75115966796875,0.06424722075462341
eval,23346,2019-02-28 20:00:00,110,114,9.658927917480469,2.41094708442688,0.2273060530424118
eval,23346,2019-02-28 20:00:00,111,115,560.1260986328125,18.923118591308594,0.0949731394648552
eval,23346,2019-02-28 20:00:00,112,116,1151.884765625,21.10536766052246,0.092099629342556
eval,23346,2019-02-28 20:00:00,113,117,66.2161636352539,5.753273010253906,0.2988288402557373
eval,23346,2019-02-28 20:00:00,114,118,5.9435553550720215,1.737213134765625,0.08502470701932907
eval,23346,2019-02-28 20:00:00,115,119,9096.521484375,80.795166015625,0.08401767909526825
eval,23346,2019-02-28 20:00:00,116,120,684.1261596679688,25.23000144958496,0.13036471605300903
eval,23346,2019-02-28 20:00:00,117,121,59.48704528808594,6.868891716003418,1.4634402990341187
eval,23346,2019-02-28 20:00:00,118,122,3.0899229049682617,1.51847243309021,0.541918933391571
eval,23346,2019-02-28 20:00:00,119,123,76.51568603515625,7.694710731506348,0.0010410341201350093
eval,23346,2019-02-28 20:00:00,120,124,255.9757080078125,14.057546615600586,0.006995655596256256
eval,23346,2019-02-28 20:00:00,121,125,61.57405090332031,6.788514614105225,0.9589179754257202
eval,23346,2019-02-28 20:00:00,122,126,8856.318359375,74.77561950683594,0.072532057762146
eval,23346,2019-02-28 20:00:00,123,128,188654.90625,257.9649353027344,0.06225720793008804
eval,23346,2019-02-28 20:00:00,124,129,76.71150207519531,7.464980125427246,0.0034194127656519413
eval,23346,2019-02-28 20:00:00,125,130,43.43205261230469,5.383220672607422,0.0038334615528583527
eval,23346,2019-02-28 20:00:00,126,131,334087.0,484.0443115234375,0.6202520728111267
eval,23346,2019-02-28 20:00:00,127,132,5024.07421875,56.48026657104492,0.022467246279120445
eval,23346,2019-02-28 20:00:00,128,133,581702.25,637.394775390625,0.684795618057251
eval,23346,2019-02-28 20:00:00,129,134,548.411376953125,19.098363876342773,0.012916220352053642
eval,23346,2019-02-28 20:00:00,130,135,73731.015625,160.46051025390625,0.04523929953575134
eval,23346,2019-02-28 20:00:00,131,136,424.4624938964844,16.424650192260742,0.01775337941944599
eval,23346,2019-02-28 20:00:00,132,137,27.928997039794922,3.581942319869995,0.012396076694130898
eval,23346,2019-02-28 20:00:00,133,138,1794.514404296875,30.79963493347168,0.03720279783010483
eval,23346,2019-02-28 20:00:00,134,139,428.38812255859375,14.731395721435547,0.026004087179899216
eval,23346,2019-02-28 20:00:00,135,140,1364.4700927734375,29.43671417236328,0.030281273648142815
eval,23346,2019-02-28 20:00:00,136,141,1599.6259765625,30.83059310913086,0.027747593820095062
eval,23346,2019-02-28 20:00:00,137,142,329.5805358886719,14.649169921875,0.021760031580924988
eval,23346,2019-02-28 20:00:00,138,144,89.021240234375,7.806548118591309,0.022318948060274124
eval,23346,2019-02-28 20:00:00,139,145,678.0560302734375,21.240737915039062,0.06709190458059311
eval,23346,2019-02-28 20:00:00,140,146,3513.85888671875,46.40937423706055,0.22740046679973602
eval,23346,2019-02-28 20:00:00,141,147,47.48063659667969,5.906710624694824,0.02469531260430813
eval,23346,2019-02-28 20:00:00,142,148,28085.01953125,123.24560546875,0.13755924999713898
eval,23346,2019-02-28 20:00:00,143,149,4782.75244140625,52.798851013183594,0.032107338309288025
eval,23346,2019-02-28 20:00:00,144,150,114028.875,281.03155517578125,0.02635686658322811
eval,23346,2019-02-28 20:00:00,145,151,13282.8701171875,88.20973205566406,0.050828661769628525
eval,23346,2019-02-28 20:00:00,146,152,2298.031005859375,33.464630126953125,0.019937962293624878
eval,23346,2019-02-28 20:00:00,147,153,142226.5625,321.16717529296875,0.020709767937660217
eval,23346,2019-02-28 20:00:00,148,154,59274.953125,151.07559204101562,0.19060610234737396
eval,23346,2019-02-28 20:00:00,149,155,58959272.0,6049.82958984375,0.04996010661125183
eval,23346,2019-02-28 20:00:00,150,156,1126.4227294921875,29.00617218017578,0.017522135749459267
eval,23346,2019-02-28 20:00:00,151,157,13282.310546875,95.22924041748047,0.07692685723304749
eval,23346,2019-02-28 20:00:00,152,158,18875.58203125,111.8758773803711,0.026081888005137444
eval,23346,2019-02-28 20:00:00,153,159,38933.484375,153.8404083251953,0.02995343878865242
eval,23346,2019-02-28 20:00:00,154,160,21290.21875,92.47945404052734,0.20191770792007446
eval,23346,2019-02-28 20:00:00,155,161,2819.46435546875,45.614315032958984,0.036209166049957275
eval,23346,2019-02-28 20:00:00,156,162,5731.8740234375,66.41432189941406,0.008720065467059612
eval,23346,2019-02-28 20:00:00,157,163,65618.5,231.8518524169922,0.051629386842250824
eval,23346,2019-02-28 20:00:00,158,164,4896.525390625,56.99128341674805,0.01765415072441101
eval,23346,2019-02-28 20:00:00,159,165,3541.41796875,46.93110275268555,0.04103459417819977
eval,23346,2019-02-28 20:00:00,160,166,65983.53125,217.5426483154297,0.03706976771354675
eval,23346,2019-02-28 20:00:00,161,167,1376940.75,801.7060546875,0.023034727200865746
eval,23346,2019-02-28 20:00:00,162,168,18370.083984375,104.36224365234375,0.043356120586395264
eval,23346,2019-02-28 20:00:00,163,169,16599.736328125,89.61788177490234,0.03354233130812645
eval,23346,2019-02-28 20:00:00,164,170,1124.533935546875,22.259878158569336,0.01927975006401539
eval,23346,2019-02-28 20:00:00,165,171,4011.89990234375,51.144622802734375,0.023979932069778442
eval,23346,2019-02-28 20:00:00,166,172,80337.5546875,207.44189453125,0.05502612516283989
eval,23346,2019-02-28 20:00:00,167,173,24263.6640625,115.15410614013672,0.0479976162314415
eval,23346,2019-02-28 20:00:00,168,174,2794.6806640625,45.098548889160156,0.020844724029302597
eval,23346,2019-02-28 20:00:00,169,175,16441.859375,106.32786560058594,0.0016982138622552156
eval,23346,2019-02-28 20:00:00,170,176,1301.3802490234375,30.364425659179688,0.0068593411706388
eval,23346,2019-02-28 20:00:00,171,177,38945.0,135.4835205078125,0.012376941740512848
eval,23346,2019-02-28 20:00:00,172,178,22594.29296875,123.79432678222656,0.021357886493206024
eval,23346,2019-02-28 20:00:00,173,179,3425925.75,1317.3931884765625,0.11413826048374176
eval,23346,2019-02-28 20:00:00,174,180,1142.3759765625,29.415390014648438,0.016996774822473526
eval,23346,2019-02-28 20:00:00,175,181,25367.693359375,110.42372131347656,0.01039901003241539
eval,23346,2019-02-28 20:00:00,176,183,2611.134521484375,38.843170166015625,0.013409053906798363
eval,23346,2019-02-28 20:00:00,177,184,11502.45703125,73.65689086914062,0.038561880588531494
eval,23346,2019-02-28 20:00:00,178,185,1622.2366943359375,29.224515914916992,0.01404549553990364
eval,23346,2019-02-28 20:00:00,179,186,4264115.0,1371.225830078125,0.07492014765739441
eval,23346,2019-02-28 20:00:00,180,187,243202.15625,343.73370361328125,0.26033177971839905
eval,23346,2019-02-28 20:00:00,181,188,872.4364013671875,21.606657028198242,0.0408017598092556
eval,23346,2019-02-28 20:00:00,182,189,48880.8203125,158.76614379882812,0.04513818025588989
eval,23346,2019-02-28 20:00:00,183,190,332.9150390625,13.467649459838867,0.028476160019636154
eval,23346,2019-02-28 20:00:00,184,191,549.9052124023438,20.449256896972656,0.012447807937860489
eval,23346,2019-02-28 20:00:00,185,192,490.0131530761719,15.863253593444824,0.031069763004779816
eval,23346,2019-02-28 20:00:00,186,193,48540.546875,198.3926239013672,0.04730037972331047
eval,23346,2019-02-28 20:00:00,187,194,963.9645385742188,25.06292724609375,0.03129597008228302
eval,23346,2019-02-28 20:00:00,188,195,284.65667724609375,12.765106201171875,0.033882588148117065
eval,23346,2019-02-28 20:00:00,189,196,5206.193359375,53.24687194824219,0.0477253720164299
eval,23346,2019-02-28 20:00:00,190,197,519.1435546875,17.769222259521484,0.030241725966334343
eval,23346,2019-02-28 20:00:00,191,198,9753.541015625,69.5830078125,0.04268556833267212
eval,23346,2019-02-28 20:00:00,192,199,423312.1875,457.06951904296875,0.03034432977437973
eval,23346,2019-02-28 20:00:00,193,200,6941.59130859375,40.32197189331055,0.1566133052110672
eval,23346,2019-02-28 20:00:00,194,201,607.3519287109375,17.251075744628906,0.015925435349345207
eval,23346,2019-02-28 20:00:00,195,202,1292.771240234375,30.11037254333496,0.019624818116426468
eval,23346,2019-02-28 20:00:00,196,203,1429.2669677734375,29.892995834350586,0.04163716733455658
eval,23346,2019-02-28 20:00:00,197,204,5634.4404296875,55.720191955566406,0.010408496484160423
eval,23346,2019-02-28 20:00:00,198,205,10216.76953125,76.76040649414062,0.019307458773255348
eval,23346,2019-02-28 20:00:00,199,206,2703.873046875,41.7039794921875,0.06658825278282166
eval,23346,2019-02-28 20:00:00,200,207,1951.417236328125,33.402565002441406,0.21897588670253754
eval,23346,2019-02-28 20:00:00,201,208,365.1160583496094,15.810310363769531,0.04638693854212761
eval,23346,2019-02-28 20:00:00,202,209,156.84747314453125,10.482400894165039,0.025394020602107048
eval,23346,2019-02-28 20:00:00,203,210,1950.765380859375,35.327842712402344,0.024040937423706055
eval,23346,2019-02-28 20:00:00,204,211,26859.177734375,132.17166137695312,0.1429024338722229
eval,23346,2019-02-28 20:00:00,205,212,2138.506591796875,36.737457275390625,0.018178433179855347
eval,23346,2019-02-28 20:00:00,206,213,674.639892578125,23.427839279174805,0.032429248094558716
eval,23346,2019-02-28 20:00:00,207,214,1880.5433349609375,35.90947723388672,0.08206894248723984
eval,23346,2019-02-28 20:00:00,208,215,693.665283203125,22.80123519897461,0.03253214806318283
eval,23346,2019-02-28 20:00:00,209,216,720.8893432617188,21.248363494873047,0.053076498210430145
eval,23346,2019-02-28 20:00:00,210,217,1860.7884521484375,32.74533462524414,0.026384245604276657
eval,23346,2019-02-28 20:00:00,211,218,318.32196044921875,14.101539611816406,0.06390219926834106
eval,23346,2019-02-28 20:00:00,212,219,628.6065673828125,21.043977737426758,0.02082652971148491
eval,23346,2019-02-28 20:00:00,213,220,2470.43408203125,35.4112548828125,0.03624650835990906
eval,23346,2019-02-28 20:00:00,214,221,1871.8001708984375,35.628822326660156,0.02618570625782013
eval,23346,2019-02-28 20:00:00,215,222,767.2576904296875,22.70331573486328,0.021670039743185043
eval,23346,2019-02-28 20:00:00,216,223,2200.17724609375,36.13240432739258,0.023248787969350815
eval,23346,2019-02-28 20:00:00,217,224,251.63201904296875,11.79408073425293,0.04392797872424126
eval,23346,2019-02-28 20:00:00,218,225,1350.893310546875,29.468666076660156,0.026485934853553772
eval,23346,2019-02-28 20:00:00,219,226,31810.08984375,121.10082244873047,0.03961387276649475
eval,23346,2019-02-28 20:00:00,220,227,74.11978912353516,7.390539169311523,0.011257192119956017
eval,23346,2019-02-28 20:00:00,221,228,816.9447631835938,21.078250885009766,0.03541085124015808
eval,23346,2019-02-28 20:00:00,222,229,2888.40283203125,45.2751579284668,0.17750060558319092
eval,23346,2019-02-28 20:00:00,223,230,8764.3232421875,65.66255187988281,0.018179284408688545
eval,23346,2019-02-28 20:00:00,224,231,15036.599609375,93.50775146484375,0.23991386592388153
eval,23346,2019-02-28 20:00:00,225,232,743.507080078125,20.315080642700195,0.0413973443210125
eval,23346,2019-02-28 20:00:00,226,233,116832.4609375,262.94049072265625,0.012963864021003246
eval,23346,2019-02-28 20:00:00,227,234,385.45648193359375,16.856136322021484,0.03983822464942932
eval,23346,2019-02-28 20:00:00,228,235,80.69598388671875,7.919367790222168,0.007487337104976177
eval,23346,2019-02-28 20:00:00,229,236,4663672.0,1737.777587890625,0.052677735686302185
eval,23346,2019-02-28 20:00:00,230,237,8850.0078125,63.95360565185547,0.04670098051428795
eval,23346,2019-02-28 20:00:00,231,238,265.4791564941406,12.583505630493164,0.031024515628814697
eval,23346,2019-02-28 20:00:00,232,239,763.5538330078125,20.19738006591797,0.13798664510250092
eval,23346,2019-02-28 20:00:00,233,240,2142.978515625,29.001628875732422,0.0390702448785305
eval,23346,2019-02-28 20:00:00,234,241,167.08160400390625,8.232118606567383,0.016082556918263435
eval,23346,2019-02-28 20:00:00,235,242,523.6671752929688,17.720535278320312,0.033674851059913635
eval,23346,2019-02-28 20:00:00,236,243,319.48876953125,14.11833381652832,0.01172647625207901
eval,23346,2019-02-28 20:00:00,237,244,305.56524658203125,12.1327543258667,0.012315723113715649
eval,23346,2019-02-28 20:00:00,238,246,35289.734375,146.3282928466797,0.11869876086711884
eval,23346,2019-02-28 20:00:00,239,247,352.624755859375,14.856158256530762,0.06218961626291275
eval,23346,2019-02-28 20:00:00,240,248,13354.40234375,91.69471740722656,0.2403801679611206
eval,23346,2019-02-28 20:00:00,241,249,477.58837890625,15.944807052612305,0.03661851957440376
eval,23346,2019-02-28 20:00:00,242,250,38102.55859375,144.5974884033203,0.07358339428901672
eval,23346,2019-02-28 20:00:00,243,251,5107.1220703125,41.17679977416992,0.0641195997595787
eval,23346,2019-02-28 20:00:00,244,252,231.22006225585938,10.071761131286621,0.028928464278578758
eval,23346,2019-02-28 20:00:00,245,253,2085.47900390625,35.23429870605469,0.048978932201862335
eval,23346,2019-02-28 20:00:00,246,254,65662.1484375,186.8658447265625,0.08359917253255844
eval,23346,2019-02-28 20:00:00,247,255,17105.759765625,107.44478607177734,0.0666988417506218
eval,23346,2019-02-28 20:00:00,248,256,1296.06982421875,27.27850914001465,0.05915306136012077
eval,23346,2019-02-28 20:00:00,249,257,565.5280151367188,20.35863494873047,0.02765500359237194
eval,23346,2019-02-28 20:00:00,250,258,478.0984802246094,16.68471336364746,0.03425951302051544
eval,23346,2019-02-28 20:00:00,251,259,10311.9951171875,90.41416931152344,0.2962911128997803
eval,23346,2019-02-28 20:00:00,252,260,447.34503173828125,16.135513305664062,0.07658641785383224
eval,23346,2019-02-28 20:00:00,253,261,305.68896484375,10.108041763305664,0.029451940208673477
eval,23346,2019-02-28 20:00:00,254,262,34572.84375,144.20384216308594,0.035120025277137756
eval,23346,2019-02-28 20:00:00,255,263,2919.449951171875,42.03047180175781,0.07188466191291809
eval,23346,2019-02-28 20:00:00,256,264,54424.23046875,185.61996459960938,0.11171134561300278
eval,23346,2019-02-28 20:00:00,257,265,1923.4114990234375,33.078914642333984,0.09341736882925034
eval,23346,2019-02-28 20:00:00,258,266,6595.90234375,66.4425048828125,0.026935216039419174
eval,23346,2019-02-28 20:00:00,259,267,626.5870971679688,19.176090240478516,0.005509068723767996
eval,23346,2019-02-28 20:00:00,260,268,45779.453125,175.46630859375,0.015185496769845486
eval,23346,2019-02-28 20:00:00,261,269,392.7591247558594,16.86562156677246,0.04333055764436722
eval,23346,2019-02-28 20:00:00,262,270,5230.14501953125,54.0159912109375,0.021275123581290245
eval,23346,2019-02-28 20:00:00,263,271,9164.2685546875,71.18046569824219,0.011385648511350155
eval,23346,2019-02-28 20:00:00,264,272,1309.5897216796875,26.8917236328125,0.018667271360754967
eval,23346,2019-02-28 20:00:00,265,273,386.1759948730469,16.45016860961914,0.025709018111228943
eval,23346,2019-02-28 20:00:00,266,274,534.8028564453125,19.556108474731445,0.02793196402490139
eval,23346,2019-02-28 20:00:00,267,275,2090.378173828125,34.988792419433594,0.08727475255727768
eval,23346,2019-02-28 20:00:00,268,276,36751.3125,163.2447509765625,0.005237198434770107
eval,23346,2019-02-28 20:00:00,269,277,2846.490234375,39.11994934082031,0.01661752350628376
eval,23346,2019-02-28 20:00:00,270,278,5186.171875,64.51982879638672,0.04886144399642944
eval,23346,2019-02-28 20:00:00,271,279,1234.92333984375,27.07546615600586,0.009270942769944668
eval,23346,2019-02-28 20:00:00,272,280,7328.1845703125,63.961456298828125,0.012674147263169289
eval,23346,2019-02-28 20:00:00,273,281,42648.7265625,155.241943359375,0.015077067539095879
eval,23346,2019-02-28 20:00:00,274,282,1443.550537109375,30.896106719970703,0.031169217079877853
eval,23346,2019-02-28 20:00:00,275,283,499.99072265625,16.61937713623047,0.015014704316854477
eval,23346,2019-02-28 20:00:00,276,284,4380.23974609375,58.57804489135742,0.0613175593316555
eval,23346,2019-02-28 20:00:00,277,285,462.2471618652344,14.93359375,0.033647000789642334
eval,23346,2019-02-28 20:00:00,278,286,535.5223999023438,18.955951690673828,0.015156423673033714
eval,23346,2019-02-28 20:00:00,279,287,22155.63671875,96.61260986328125,0.4569259285926819
eval,23346,2019-02-28 20:00:00,280,288,3537.2568359375,38.6253662109375,0.029502002522349358
eval,23346,2019-02-28 20:00:00,281,289,3377.0439453125,37.474876403808594,0.015517842024564743
eval,23346,2019-02-28 20:00:00,282,290,10170187.0,2432.589599609375,0.12312161922454834
eval,23346,2019-02-28 20:00:00,283,291,4219.4931640625,50.644500732421875,0.026408545672893524
eval,23346,2019-02-28 20:00:00,284,292,343114.125,455.83624267578125,0.06406190246343613
eval,23346,2019-02-28 20:00:00,285,293,27590.0,116.080810546875,0.049332477152347565
eval,23346,2019-02-28 20:00:00,286,294,8421.962890625,70.86799621582031,0.015077154152095318
eval,23346,2019-02-28 20:00:00,287,295,16838.74609375,86.65812683105469,0.05426398664712906
eval,23346,2019-02-28 20:00:00,288,296,124780.1796875,221.73936462402344,0.012499071657657623
eval,23346,2019-02-28 20:00:00,289,297,1320.3834228515625,29.103200912475586,0.004569076467305422
eval,23346,2019-02-28 20:00:00,290,299,47.824134826660156,2.9962172508239746,0.044609300792217255
eval,23346,2019-02-28 20:00:00,291,300,30054.193359375,119.8199462890625,0.06753596663475037
eval,23346,2019-02-28 20:00:00,292,301,33588.3203125,112.3475570678711,0.009320661425590515
eval,23346,2019-02-28 20:00:00,293,302,368929.6875,416.7330017089844,0.018603067845106125
eval,23346,2019-02-28 20:00:00,294,303,111521.25,259.3363037109375,0.7262946367263794
eval,23346,2019-02-28 20:00:00,295,304,6307.7919921875,52.99775695800781,0.010427291505038738
eval,23346,2019-02-28 20:00:00,296,305,91153.1875,226.62889099121094,0.5042465925216675
eval,23346,2019-02-28 20:00:00,297,306,75602.484375,112.54319763183594,0.02438073605298996
eval,23346,2019-02-28 20:00:00,298,307,46305.6953125,141.86380004882812,0.1049739420413971
eval,23346,2019-02-28 20:00:00,299,308,2198411.5,1085.1932373046875,0.10009928047657013
eval,23346,2019-02-28 20:00:00,300,309,308878.5625,372.5856628417969,0.05811215192079544
eval,23346,2019-02-28 20:00:00,301,310,4613.3232421875,55.148406982421875,0.24997524917125702
eval,23346,2019-02-28 20:00:00,302,311,122579.9375,192.16502380371094,0.057042788714170456
eval,23346,2019-02-28 20:00:00,303,312,8490.3681640625,69.85408020019531,0.006806946359574795
eval,23346,2019-02-28 20:00:00,304,313,244021040.0,13122.8349609375,0.005029087886214256
eval,23346,2019-02-28 20:00:00,305,314,1083661.375,677.193359375,0.02181394211947918
eval,23346,2019-02-28 20:00:00,306,315,591104.25,614.86181640625,0.005008223466575146
eval,23346,2019-02-28 20:00:00,307,316,217.2858123779297,8.622774124145508,0.009802546352148056
eval,23346,2019-02-28 20:00:00,308,317,908.4274291992188,14.251830101013184,0.6519927382469177
eval,23346,2019-02-28 20:00:00,309,318,34549.6953125,155.07049560546875,0.222309872508049
eval,23346,2019-02-28 20:00:00,310,319,864.0480346679688,23.212621688842773,0.014022048562765121
eval,23346,2019-02-28 20:00:00,311,OT,21462.33203125,124.68994140625,0.06011229753494263
eval,23602,2019-03-11 12:00:00,0,0,142.1812744140625,7.02472448348999,0.6067229509353638
eval,23602,2019-03-11 12:00:00,1,1,20.50665283203125,3.832765579223633,0.053057730197906494
eval,23602,2019-03-11 12:00:00,2,2,0.9522160291671753,0.4545910060405731,0.5448294878005981
eval,23602,2019-03-11 12:00:00,3,3,1084.97119140625,25.025625228881836,0.13315826654434204
eval,23602,2019-03-11 12:00:00,4,4,637.3822021484375,18.896520614624023,0.414068341255188
eval,23602,2019-03-11 12:00:00,5,5,1563.173583984375,29.74085235595703,0.07532288134098053
eval,23602,2019-03-11 12:00:00,6,7,4164.05322265625,49.6403923034668,0.16680073738098145
eval,23602,2019-03-11 12:00:00,7,8,3651.60009765625,39.7326774597168,1.1137698888778687
eval,23602,2019-03-11 12:00:00,8,9,2550.61669921875,38.662227630615234,0.2550799250602722
eval,23602,2019-03-11 12:00:00,9,10,119.37545776367188,8.25984001159668,0.14431992173194885
eval,23602,2019-03-11 12:00:00,10,11,1111.20703125,23.620254516601562,0.03511025756597519
eval,23602,2019-03-11 12:00:00,11,12,95.39602661132812,6.887641906738281,0.12190084904432297
eval,23602,2019-03-11 12:00:00,12,13,76.13646697998047,6.426311492919922,0.07530549168586731
eval,23602,2019-03-11 12:00:00,13,14,100.8275146484375,7.674638748168945,0.06621124595403671
eval,23602,2019-03-11 12:00:00,14,15,10301.0205078125,88.41322326660156,0.19230401515960693
eval,23602,2019-03-11 12:00:00,15,16,17.236122131347656,2.97666072845459,0.36007484793663025
eval,23602,2019-03-11 12:00:00,16,17,226.67724609375,12.645235061645508,0.16762331128120422
eval,23602,2019-03-11 12:00:00,17,18,2148.44873046875,37.25971221923828,0.13195084035396576
eval,23602,2019-03-11 12:00:00,18,19,154.7572021484375,9.307604789733887,0.06440567970275879
eval,23602,2019-03-11 12:00:00,19,20,15.25221061706543,3.163010358810425,0.061446111649274826
eval,23602,2019-03-11 12:00:00,20,21,5653.9443359375,56.5695915222168,0.13427531719207764
eval,23602,2019-03-11 12:00:00,21,22,84.38687133789062,6.981723308563232,0.1385832130908966
eval,23602,2019-03-11 12:00:00,22,23,28.737918853759766,3.7259681224823,0.07905008643865585
eval,23602,2019-03-11 12:00:00,23,24,214.27276611328125,11.033498764038086,0.06516240537166595
eval,23602,2019-03-11 12:00:00,24,25,138.09373474121094,9.913138389587402,0.011191748082637787
eval,23602,2019-03-11 12:00:00,25,26,246.1844940185547,12.02950668334961,0.0674939975142479
eval,23602,2019-03-11 12:00:00,26,27,21.66527557373047,4.159975051879883,0.06574484705924988
eval,23602,2019-03-11 12:00:00,27,28,6136.06396484375,54.441402435302734,0.6479214429855347
eval,23602,2019-03-11 12:00:00,28,29,2233.933349609375,35.033607482910156,0.1846814602613449
eval,23602,2019-03-11 12:00:00,29,30,721.3976440429688,18.708351135253906,0.11307831853628159
eval,23602,2019-03-11 12:00:00,30,31,234.28611755371094,11.174365043640137,0.026028243824839592
eval,23602,2019-03-11 12:00:00,31,32,197.63510131835938,9.580278396606445,0.06822200864553452
eval,23602,2019-03-11 12:00:00,32,33,780.0280151367188,19.57343864440918,0.9947700500488281
eval,23602,2019-03-11 12:00:00,33,34,45020.44921875,160.5040740966797,0.06560397893190384
eval,23602,2019-03-11 12:00:00,34,35,43.19414520263672,5.161384105682373,0.05066977068781853
eval,23602,2019-03-11 12:00:00,35,36,1338.158447265625,29.29379653930664,0.05732220411300659
eval,23602,2019-03-11 12:00:00,36,37,1942.947998046875,35.1246337890625,0.13833998143672943
eval,23602,2019-03-11 12:00:00,37,38,76.85575866699219,6.782454490661621,0.10686349123716354
eval,23602,2019-03-11 12:00:00,38,39,33.14720153808594,4.671449661254883,0.08625464886426926
eval,23602,2019-03-11 12:00:00,39,40,62352.5078125,222.6742401123047,0.11819310486316681
eval,23602,2019-03-11 12:00:00,40,41,2152.479248046875,34.96904754638672,0.08879201114177704
eval,23602,2019-03-11 12:00:00,41,42,281.5867919921875,14.336462020874023,0.09396247565746307
eval,23602,2019-03-11 12:00:00,42,43,51.12789535522461,5.320794105529785,0.07984581589698792
eval,23602,2019-03-11 12:00:00,43,44,339.1910095214844,14.368555068969727,0.0456862710416317
eval,23602,2019-03-11 12:00:00,44,45,265.8404235839844,12.472700119018555,0.12125132977962494
eval,23602,2019-03-11 12:00:00,45,46,27.476369857788086,3.9872241020202637,0.025092415511608124
eval,23602,2019-03-11 12:00:00,46,47,61.73907470703125,6.266721248626709,0.06106087565422058
eval,23602,2019-03-11 12:00:00,47,48,62.595638275146484,6.389559745788574,0.04221343249082565
eval,23602,2019-03-11 12:00:00,48,49,413.2842712402344,14.808042526245117,0.0448700487613678
eval,23602,2019-03-11 12:00:00,49,50,4203.0908203125,53.59501266479492,0.3242279887199402
eval,23602,2019-03-11 12:00:00,50,51,34.175472259521484,4.348706245422363,0.12411059439182281
eval,23602,2019-03-11 12:00:00,51,52,289.5980224609375,13.014140129089355,0.07377126812934875
eval,23602,2019-03-11 12:00:00,52,53,651.488037109375,16.697202682495117,0.32086068391799927
eval,23602,2019-03-11 12:00:00,53,54,101.36785888671875,7.5245466232299805,0.12140302360057831
eval,23602,2019-03-11 12:00:00,54,55,80943.0,218.27732849121094,0.05898866057395935
eval,23602,2019-03-11 12:00:00,55,56,234.67124938964844,13.020137786865234,0.06294603645801544
eval,23602,2019-03-11 12:00:00,56,58,12810.560546875,80.27322387695312,0.3782430589199066
eval,23602,2019-03-11 12:00:00,57,59,1809.60986328125,31.228757858276367,0.154048889875412
eval,23602,2019-03-11 12:00:00,58,60,2125.673828125,39.26934051513672,0.1672886461019516
eval,23602,2019-03-11 12:00:00,59,61,184.85777282714844,10.601502418518066,0.2139294147491455
eval,23602,2019-03-11 12:00:00,60,62,88.05998992919922,7.968441963195801,0.058492060750722885
eval,23602,2019-03-11 12:00:00,61,63,325.1805419921875,15.075552940368652,0.09127785265445709
eval,23602,2019-03-11 12:00:00,62,64,237.21844482421875,13.416850090026855,0.028536081314086914
eval,23602,2019-03-11 12:00:00,63,65,273.9764404296875,12.959243774414062,0.061536043882369995
eval,23602,2019-03-11 12:00:00,64,66,250.62368774414062,11.194476127624512,0.22335469722747803
eval,23602,2019-03-11 12:00:00,65,67,95.18821716308594,8.109353065490723,0.05576270446181297
eval,23602,2019-03-11 12:00:00,66,68,305.6683349609375,14.772418975830078,0.14511613547801971
eval,23602,2019-03-11 12:00:00,67,69,55.09775924682617,5.356290340423584,0.10441909730434418
eval,23602,2019-03-11 12:00:00,68,70,230.32530212402344,10.836151123046875,0.10081195831298828
eval,23602,2019-03-11 12:00:00,69,71,22.011381149291992,3.7654471397399902,0.06744641065597534
eval,23602,2019-03-11 12:00:00,70,72,477.43792724609375,16.25381851196289,0.0528382733464241
eval,23602,2019-03-11 12:00:00,71,73,102.98484802246094,8.168970108032227,0.07255444675683975
eval,23602,2019-03-11 12:00:00,72,74,184.65879821777344,11.444913864135742,0.06305423378944397
eval,23602,2019-03-11 12:00:00,73,75,5008.5263671875,63.50756072998047,0.032295286655426025
eval,23602,2019-03-11 12:00:00,74,76,762.1403198242188,21.84624481201172,0.10864561796188354
eval,23602,2019-03-11 12:00:00,75,77,16720.716796875,97.0354232788086,0.08344992250204086
eval,23602,2019-03-11 12:00:00,76,78,2643.05908203125,35.51338577270508,0.19746026396751404
eval,23602,2019-03-11 12:00:00,77,79,5254.22021484375,46.73246765136719,0.11977841705083847
eval,23602,2019-03-11 12:00:00,78,80,1449.43017578125,28.482051849365234,0.04199232906103134
eval,23602,2019-03-11 12:00:00,79,81,11361.6787109375,91.5675277709961,0.11047802865505219
eval,23602,2019-03-11 12:00:00,80,82,2153.24462890625,37.90780258178711,0.13602907955646515
eval,23602,2019-03-11 12:00:00,81,83,38532.13671875,78.46076202392578,0.2513960301876068
eval,23602,2019-03-11 12:00:00,82,84,372.967529296875,14.092899322509766,0.17258577048778534
eval,23602,2019-03-11 12:00:00,83,85,75.16101837158203,6.734786033630371,0.06655024737119675
eval,23602,2019-03-11 12:00:00,84,86,30.21056365966797,4.254088401794434,0.08175793290138245
eval,23602,2019-03-11 12:00:00,85,87,20485.34375,108.86153411865234,0.28354698419570923
eval,23602,2019-03-11 12:00:00,86,88,50040.390625,146.45858764648438,0.013100731186568737
eval,23602,2019-03-11 12:00:00,87,89,817023.125,651.56494140625,0.05320582911372185
eval,23602,2019-03-11 12:00:00,88,90,796.32861328125,20.442882537841797,0.01395703386515379
eval,23602,2019-03-11 12:00:00,89,91,3795.81494140625,52.70087814331055,0.0013307314366102219
eval,23602,2019-03-11 12:00:00,90,92,788091.4375,575.7434692382812,0.1546289324760437
eval,23602,2019-03-11 12:00:00,91,93,30795.43359375,128.08033752441406,0.0035254061222076416
eval,23602,2019-03-11 12:00:00,92,94,17471.630859375,104.6916732788086,0.005937328562140465
eval,23602,2019-03-11 12:00:00,93,95,117339.796875,247.7058563232422,0.19640889763832092
eval,23602,2019-03-11 12:00:00,94,96,16239.9140625,85.6651611328125,0.05865044146776199
eval,23602,2019-03-11 12:00:00,95,97,1476.499267578125,32.060935974121094,0.04575280472636223
eval,23602,2019-03-11 12:00:00,96,98,1449.6610107421875,29.679195404052734,0.18528078496456146
eval,23602,2019-03-11 12:00:00,97,99,284.3436279296875,12.611839294433594,0.06984969973564148
eval,23602,2019-03-11 12:00:00,98,100,7423.87646484375,71.29486083984375,0.02314174920320511
eval,23602,2019-03-11 12:00:00,99,101,162.32421875,9.958776473999023,0.023903457447886467
eval,23602,2019-03-11 12:00:00,100,102,172.3982391357422,10.332454681396484,0.027483906596899033
eval,23602,2019-03-11 12:00:00,101,103,42738.4375,155.33724975585938,0.10732923448085785
eval,23602,2019-03-11 12:00:00,102,104,308.3559265136719,13.614230155944824,0.3300667107105255
eval,23602,2019-03-11 12:00:00,103,105,4496.8876953125,36.67104721069336,0.10187812149524689
eval,23602,2019-03-11 12:00:00,104,107,127.34075927734375,4.594231605529785,0.037689708173274994
eval,23602,2019-03-11 12:00:00,105,108,113.14794921875,7.2310099601745605,0.02345772087574005
eval,23602,2019-03-11 12:00:00,106,109,440.42413330078125,15.839472770690918,0.003584284335374832
eval,23602,2019-03-11 12:00:00,107,110,246.6437225341797,13.538135528564453,0.012084748595952988
eval,23602,2019-03-11 12:00:00,108,111,1578.6781005859375,32.05741882324219,0.1034395694732666
eval,23602,2019-03-11 12:00:00,109,112,70639.015625,202.38841247558594,0.44187241792678833
eval,23602,2019-03-11 12:00:00,110,114,0.8536540269851685,0.7324082255363464,0.02170502208173275
eval,23602,2019-03-11 12:00:00,111,115,474.51611328125,17.65438461303711,0.17162230610847473
eval,23602,2019-03-11 12:00:00,112,116,29807.9921875,121.51998901367188,2.364159107208252
eval,23602,2019-03-11 12:00:00,113,117,18.66390609741211,3.66351580619812,0.12462092936038971
eval,23602,2019-03-11 12:00:00,114,118,38.65156555175781,5.186379909515381,1.2129015922546387
eval,23602,2019-03-11 12:00:00,115,119,23078.109375,123.47896575927734,0.3282183110713959
eval,23602,2019-03-11 12:00:00,116,120,485.25701904296875,18.62286949157715,0.09001576900482178
eval,23602,2019-03-11 12:00:00,117,121,35.37541961669922,5.14215612411499,1.3997180461883545
eval,23602,2019-03-11 12:00:00,118,122,1.39892578125,0.951945960521698,0.19757840037345886
eval,23602,2019-03-11 12:00:00,119,123,1875.8167724609375,33.44506072998047,0.028725940734148026
eval,23602,2019-03-11 12:00:00,120,124,566.1926879882812,19.57465171813965,0.01573403924703598
eval,23602,2019-03-11 12:00:00,121,125,41.17451477050781,4.533990859985352,0.6612091064453125
eval,23602,2019-03-11 12:00:00,122,126,10152.771484375,86.67462158203125,0.05429858714342117
eval,23602,2019-03-11 12:00:00,123,128,429941.125,527.417236328125,0.1854199469089508
eval,23602,2019-03-11 12:00:00,124,129,2154.63525390625,38.20033264160156,0.08396446704864502
eval,23602,2019-03-11 12:00:00,125,130,9720.07421875,72.6246566772461,0.595841646194458
eval,23602,2019-03-11 12:00:00,126,131,156186.34375,293.25506591796875,0.3070065975189209
eval,23602,2019-03-11 12:00:00,127,132,67547.609375,233.9427490234375,0.2464979588985443
eval,23602,2019-03-11 12:00:00,128,133,145116.46875,307.11822509765625,0.24589359760284424
eval,23602,2019-03-11 12:00:00,129,134,15786.314453125,96.4569320678711,0.35576486587524414
eval,23602,2019-03-11 12:00:00,130,135,49415.453125,174.2579345703125,0.029241889715194702
eval,23602,2019-03-11 12:00:00,131,136,1134.692626953125,24.446685791015625,0.04285628721117973
eval,23602,2019-03-11 12:00:00,132,137,180.1277313232422,10.782567977905273,0.08195014297962189
eval,23602,2019-03-11 12:00:00,133,138,1278.525146484375,28.57381248474121,0.02985510788857937
eval,23602,2019-03-11 12:00:00,134,139,1110.675537109375,26.10198974609375,0.07003306597471237
eval,23602,2019-03-11 12:00:00,135,140,3110.41552734375,42.86143493652344,0.07376476377248764
eval,23602,2019-03-11 12:00:00,136,141,483.73065185546875,15.404912948608398,0.008500868454575539
eval,23602,2019-03-11 12:00:00,137,142,167.47434997558594,10.645780563354492,0.010408256202936172
eval,23602,2019-03-11 12:00:00,138,144,169.45037841796875,10.969079971313477,0.0370967760682106
eval,23602,2019-03-11 12:00:00,139,145,482.24237060546875,16.038936614990234,0.0480332151055336
eval,23602,2019-03-11 12:00:00,140,146,883.1083374023438,24.39257049560547,0.05304566025733948
eval,23602,2019-03-11 12:00:00,141,147,35.26953125,4.367236614227295,0.020552556961774826
eval,23602,2019-03-11 12:00:00,142,148,8893.4296875,65.89109802246094,0.04325030744075775
eval,23602,2019-03-11 12:00:00,143,149,19617.517578125,111.4864730834961,0.14108774065971375
eval,23602,2019-03-11 12:00:00,144,150,616756.9375,666.3828125,0.18780291080474854
eval,23602,2019-03-11 12:00:00,145,151,15802.9560546875,97.6776123046875,0.08352184295654297
eval,23602,2019-03-11 12:00:00,146,152,2203.56201171875,38.851478576660156,0.01946534402668476
eval,23602,2019-03-11 12:00:00,147,153,385855.5,566.496826171875,0.0617535337805748
eval,23602,2019-03-11 12:00:00,148,154,10797.0849609375,81.42003631591797,0.030720606446266174
eval,23602,2019-03-11 12:00:00,149,155,54381040.0,5561.27294921875,0.07226809859275818
eval,23602,2019-03-11 12:00:00,150,156,3497.0830078125,46.27793502807617,0.06716014444828033
eval,23602,2019-03-11 12:00:00,151,157,4543.7470703125,50.35539245605469,0.036453694105148315
eval,23602,2019-03-11 12:00:00,152,158,33444.93359375,164.21788024902344,0.05180269479751587
eval,23602,2019-03-11 12:00:00,153,159,63931.51171875,220.73406982421875,0.06562183797359467
eval,23602,2019-03-11 12:00:00,154,160,11352.8896484375,72.18889617919922,0.06406766176223755
eval,23602,2019-03-11 12:00:00,155,161,3022.51171875,48.44025802612305,0.041872523725032806
eval,23602,2019-03-11 12:00:00,156,162,3750.584716796875,46.683101654052734,0.005354952998459339
eval,23602,2019-03-11 12:00:00,157,163,64427.6875,193.39773559570312,0.04910004138946533
eval,23602,2019-03-11 12:00:00,158,164,3453.177490234375,44.45513916015625,0.013315657153725624
eval,23602,2019-03-11 12:00:00,159,165,1672.6947021484375,29.82180404663086,0.020671598613262177
eval,23602,2019-03-11 12:00:00,160,166,75687.015625,221.94430541992188,0.056783031672239304
eval,23602,2019-03-11 12:00:00,161,167,3963774.0,1814.07421875,0.07455796003341675
eval,23602,2019-03-11 12:00:00,162,168,29278.484375,139.33038330078125,0.0938778966665268
eval,23602,2019-03-11 12:00:00,163,169,1772.950439453125,34.1368522644043,0.004299232270568609
eval,23602,2019-03-11 12:00:00,164,170,2372.199462890625,37.21918869018555,0.039415620267391205
eval,23602,2019-03-11 12:00:00,165,171,6732.4990234375,72.83683776855469,0.04146129637956619
eval,23602,2019-03-11 12:00:00,166,172,16494.224609375,104.91658782958984,0.011450666934251785
eval,23602,2019-03-11 12:00:00,167,173,26775.30859375,118.28338623046875,0.05782531946897507
eval,23602,2019-03-11 12:00:00,168,174,2730.91162109375,41.41444396972656,0.019665952771902084
eval,23602,2019-03-11 12:00:00,169,175,65397.1875,221.91976928710938,0.006481384392827749
eval,23602,2019-03-11 12:00:00,170,176,2443.582763671875,30.91896629333496,0.014980624429881573
eval,23602,2019-03-11 12:00:00,171,177,336487.28125,545.4149169921875,0.10546374320983887
eval,23602,2019-03-11 12:00:00,172,178,59281.6015625,156.16497802734375,0.06110373139381409
eval,23602,2019-03-11 12:00:00,173,179,269655.71875,359.35052490234375,0.017603306099772453
eval,23602,2019-03-11 12:00:00,174,180,584.5352783203125,21.10959243774414,0.01261900644749403
eval,23602,2019-03-11 12:00:00,175,181,73927.9296875,203.69314575195312,0.035171326249837875
eval,23602,2019-03-11 12:00:00,176,183,1206.1939697265625,24.55217742919922,0.007566140033304691
eval,23602,2019-03-11 12:00:00,177,184,29343.02734375,136.33001708984375,0.10227024555206299
eval,23602,2019-03-11 12:00:00,178,185,4991.7841796875,52.19724655151367,0.04321043938398361
eval,23602,2019-03-11 12:00:00,179,186,850537.375,674.2640380859375,0.018292441964149475
eval,23602,2019-03-11 12:00:00,180,187,31638.810546875,153.92555236816406,0.03347347676753998
eval,23602,2019-03-11 12:00:00,181,188,573.7462158203125,19.34480094909668,0.02781504951417446
eval,23602,2019-03-11 12:00:00,182,189,225757.90625,249.29998779296875,0.2316027283668518
eval,23602,2019-03-11 12:00:00,183,190,581.59521484375,18.966842651367188,0.052674245089292526
eval,23602,2019-03-11 12:00:00,184,191,1975.349853515625,33.13164520263672,0.04965563863515854
eval,23602,2019-03-11 12:00:00,185,192,1112.14990234375,23.82175064086914,0.07931606471538544
eval,23602,2019-03-11 12:00:00,186,193,103372.203125,254.04989624023438,0.08919498324394226
eval,23602,2019-03-11 12:00:00,187,194,785.922607421875,20.830657958984375,0.03231125697493553
eval,23602,2019-03-11 12:00:00,188,195,755.6207885742188,22.60201072692871,0.11745129525661469
eval,23602,2019-03-11 12:00:00,189,196,7690.7802734375,66.67227935791016,0.07898672670125961
eval,23602,2019-03-11 12:00:00,190,197,384.5140075683594,14.46076774597168,0.04149028658866882
eval,23602,2019-03-11 12:00:00,191,198,3809.709716796875,48.6062126159668,0.015199488960206509
eval,23602,2019-03-11 12:00:00,192,199,800541.9375,684.8388671875,0.07085946202278137
eval,23602,2019-03-11 12:00:00,193,200,1057.3919677734375,25.009239196777344,0.02570192515850067
eval,23602,2019-03-11 12:00:00,194,201,1416.2347412109375,27.976818084716797,0.0382428914308548
eval,23602,2019-03-11 12:00:00,195,202,6005.267578125,54.16987609863281,0.14319351315498352
eval,23602,2019-03-11 12:00:00,196,203,708.1339721679688,19.621623992919922,0.01813432201743126
eval,23602,2019-03-11 12:00:00,197,204,8481.744140625,74.65280151367188,0.01501630898565054
eval,23602,2019-03-11 12:00:00,198,205,29894.60546875,124.12043762207031,0.05701068788766861
eval,23602,2019-03-11 12:00:00,199,206,362.1355895996094,14.135570526123047,0.01120451744645834
eval,23602,2019-03-11 12:00:00,200,207,456.68450927734375,15.744571685791016,0.06192901358008385
eval,23602,2019-03-11 12:00:00,201,208,341.16571044921875,14.249140739440918,0.04624887555837631
eval,23602,2019-03-11 12:00:00,202,209,153.1082000732422,10.105647087097168,0.025370121002197266
eval,23602,2019-03-11 12:00:00,203,210,1805.9281005859375,37.9404296875,0.021068736910820007
eval,23602,2019-03-11 12:00:00,204,211,4090.68896484375,51.456573486328125,0.019975557923316956
eval,23602,2019-03-11 12:00:00,205,212,1726.5931396484375,29.697132110595703,0.015474244952201843
eval,23602,2019-03-11 12:00:00,206,213,950.153564453125,21.41754150390625,0.040917132049798965
eval,23602,2019-03-11 12:00:00,207,214,422.4677429199219,15.983867645263672,0.015224210917949677
eval,23602,2019-03-11 12:00:00,208,215,693.756591796875,19.116806030273438,0.028330888599157333
eval,23602,2019-03-11 12:00:00,209,216,311.79248046875,14.388223648071289,0.022136688232421875
eval,23602,2019-03-11 12:00:00,210,217,3569.770263671875,53.309173583984375,0.04558490216732025
eval,23602,2019-03-11 12:00:00,211,218,304.4906311035156,10.874052047729492,0.058333732187747955
eval,23602,2019-03-11 12:00:00,212,219,1616.605712890625,23.709613800048828,0.05837347358465195
eval,23602,2019-03-11 12:00:00,213,220,1826.387939453125,30.709617614746094,0.026126284152269363
eval,23602,2019-03-11 12:00:00,214,221,928.7852783203125,23.29205894470215,0.010018760338425636
eval,23602,2019-03-11 12:00:00,215,222,1662.0277099609375,29.278217315673828,0.05178859084844589
eval,23602,2019-03-11 12:00:00,216,223,3459.80126953125,46.52043914794922,0.037645742297172546
eval,23602,2019-03-11 12:00:00,217,224,285.0487976074219,11.9563627243042,0.04442744702100754
eval,23602,2019-03-11 12:00:00,218,225,1245.9290771484375,29.963672637939453,0.020933231338858604
eval,23602,2019-03-11 12:00:00,219,226,23702.00390625,115.13578796386719,0.03041815012693405
eval,23602,2019-03-11 12:00:00,220,227,151.58935546875,10.50428581237793,0.02367139235138893
eval,23602,2019-03-11 12:00:00,221,228,803.0247802734375,21.591045379638672,0.03170003369450569
eval,23602,2019-03-11 12:00:00,222,229,4479.94189453125,56.5567741394043,0.19686508178710938
eval,23602,2019-03-11 12:00:00,223,230,25341.49609375,96.2734375,0.05546180158853531
eval,23602,2019-03-11 12:00:00,224,231,4992.9921875,56.29940414428711,0.08083809912204742
eval,23602,2019-03-11 12:00:00,225,232,190.92050170898438,11.560064315795898,0.010694598779082298
eval,23602,2019-03-11 12:00:00,226,233,643095.0625,566.2296142578125,0.07517506182193756
eval,23602,2019-03-11 12:00:00,227,234,175.9476318359375,10.979540824890137,0.016572847962379456
eval,23602,2019-03-11 12:00:00,228,235,226.3760986328125,13.640643119812012,0.023312410339713097
eval,23602,2019-03-11 12:00:00,229,236,6079051.5,1856.73974609375,0.06653080880641937
eval,23602,2019-03-11 12:00:00,230,237,9384.251953125,70.5979995727539,0.04847541078925133
eval,23602,2019-03-11 12:00:00,231,238,458.0799255371094,17.376724243164062,0.0583929568529129
eval,23602,2019-03-11 12:00:00,232,239,194.83006286621094,12.314483642578125,0.03487803786993027
eval,23602,2019-03-11 12:00:00,233,240,2331.516357421875,41.90514373779297,0.04771682620048523
eval,23602,2019-03-11 12:00:00,234,241,874.6495971679688,20.78512191772461,0.09442710876464844
eval,23602,2019-03-11 12:00:00,235,242,119.71513366699219,8.614870071411133,0.007291129790246487
eval,23602,2019-03-11 12:00:00,236,243,2887.265625,40.2757568359375,0.10582231730222702
eval,23602,2019-03-11 12:00:00,237,244,629.4381713867188,20.465330123901367,0.026683688163757324
eval,23602,2019-03-11 12:00:00,238,246,29427.333984375,127.81198120117188,0.1249612420797348
eval,23602,2019-03-11 12:00:00,239,247,683.0841674804688,19.24673080444336,0.13203370571136475
eval,23602,2019-03-11 12:00:00,240,248,3318.857421875,50.511566162109375,0.07308229058980942
eval,23602,2019-03-11 12:00:00,241,249,495.2828063964844,19.182727813720703,0.02925950288772583
eval,23602,2019-03-11 12:00:00,242,250,15050.0224609375,79.95836639404297,0.032522425055503845
eval,23602,2019-03-11 12:00:00,243,251,2891.3359375,41.73795700073242,0.03343406319618225
eval,23602,2019-03-11 12:00:00,244,252,1510.012451171875,29.025304794311523,0.23286490142345428
eval,23602,2019-03-11 12:00:00,245,253,658.0347900390625,19.560039520263672,0.018884114921092987
eval,23602,2019-03-11 12:00:00,246,254,15752.9365234375,109.16941833496094,0.018564146012067795
eval,23602,2019-03-11 12:00:00,247,255,8156.08203125,66.95037841796875,0.031995899975299835
eval,23602,2019-03-11 12:00:00,248,256,517.9442138671875,19.863353729248047,0.02993120811879635
eval,23602,2019-03-11 12:00:00,249,257,330.416259765625,15.000019073486328,0.019205546006560326
eval,23602,2019-03-11 12:00:00,250,258,335.38140869140625,15.952827453613281,0.027966037392616272
eval,23602,2019-03-11 12:00:00,251,259,868.9498901367188,22.578392028808594,0.02157345972955227
eval,23602,2019-03-11 12:00:00,252,260,242.7144012451172,11.571714401245117,0.038412343710660934
eval,23602,2019-03-11 12:00:00,253,261,134.86033630371094,9.849459648132324,0.013442750088870525
eval,23602,2019-03-11 12:00:00,254,262,14008.2578125,95.74031066894531,0.013747025281190872
eval,23602,2019-03-11 12:00:00,255,263,3141.93115234375,48.25273132324219,0.0908670723438263
eval,23602,2019-03-11 12:00:00,256,264,27340.818359375,133.93426513671875,0.11583143472671509
eval,23602,2019-03-11 12:00:00,257,265,476.6258239746094,15.583999633789062,0.025699805468320847
eval,23602,2019-03-11 12:00:00,258,266,49652.62109375,186.13108825683594,0.17649218440055847
eval,23602,2019-03-11 12:00:00,259,267,3028.864013671875,43.01457977294922,0.029141059145331383
eval,23602,2019-03-11 12:00:00,260,268,47561.4296875,171.02664184570312,0.021829960867762566
eval,23602,2019-03-11 12:00:00,261,269,92.47044372558594,6.740653991699219,0.014060120098292828
eval,23602,2019-03-11 12:00:00,262,270,14712.5498046875,94.36335754394531,0.06325078010559082
eval,23602,2019-03-11 12:00:00,263,271,28539.404296875,115.77726745605469,0.03859202563762665
eval,23602,2019-03-11 12:00:00,264,272,1657.2537841796875,28.874767303466797,0.03239582106471062
eval,23602,2019-03-11 12:00:00,265,273,259.72454833984375,12.573299407958984,0.019376343116164207
eval,23602,2019-03-11 12:00:00,266,274,1837.782470703125,29.839859008789062,0.08605831116437912
eval,23602,2019-03-11 12:00:00,267,275,811.8956909179688,23.135984420776367,0.04446388781070709
eval,23602,2019-03-11 12:00:00,268,276,847415.0,656.6053466796875,0.14043132960796356
eval,23602,2019-03-11 12:00:00,269,277,7854.8818359375,70.07870483398438,0.06910831481218338
eval,23602,2019-03-11 12:00:00,270,278,1490.1181640625,30.032363891601562,0.021360328420996666
eval,23602,2019-03-11 12:00:00,271,279,10517.1513671875,88.08366394042969,0.08974884450435638
eval,23602,2019-03-11 12:00:00,272,280,19814.6875,110.3584213256836,0.04667973518371582
eval,23602,2019-03-11 12:00:00,273,281,73361.2890625,200.40350341796875,0.027754902839660645
eval,23602,2019-03-11 12:00:00,274,282,1575.931396484375,29.19672966003418,0.03170213848352432
eval,23602,2019-03-11 12:00:00,275,283,4181.6630859375,42.31671142578125,0.1503356397151947
eval,23602,2019-03-11 12:00:00,276,284,18992.302734375,117.34605407714844,0.2578374445438385
eval,23602,2019-03-11 12:00:00,277,285,835.52734375,24.465383529663086,0.0443769246339798
eval,23602,2019-03-11 12:00:00,278,286,73.94888305664062,7.322423458099365,0.004246148280799389
eval,23602,2019-03-11 12:00:00,279,287,2073.904296875,28.210205078125,0.03160865232348442
eval,23602,2019-03-11 12:00:00,280,288,29825.390625,128.13235473632812,0.22818055748939514
eval,23602,2019-03-11 12:00:00,281,289,4938.8935546875,60.371055603027344,0.023733727633953094
eval,23602,2019-03-11 12:00:00,282,290,1938086.375,1095.126708984375,0.01791387051343918
eval,23602,2019-03-11 12:00:00,283,291,1280.9962158203125,30.544767379760742,0.007108792196959257
eval,23602,2019-03-11 12:00:00,284,292,44930.37109375,173.6409912109375,0.006836324464529753
eval,23602,2019-03-11 12:00:00,285,293,24889.8671875,116.0721664428711,0.04422452300786972
eval,23602,2019-03-11 12:00:00,286,294,38037.3359375,138.11712646484375,0.08575408905744553
eval,23602,2019-03-11 12:00:00,287,295,11389.513671875,73.2485580444336,0.03202245384454727
eval,23602,2019-03-11 12:00:00,288,296,12449.3046875,94.94573211669922,0.0012678125640377402
eval,23602,2019-03-11 12:00:00,289,297,4960.375,58.24241256713867,0.01842948980629444
eval,23602,2019-03-11 12:00:00,290,299,1969.640625,26.83879852294922,0.8577207326889038
eval,23602,2019-03-11 12:00:00,291,300,18803.7578125,103.94981384277344,0.04857790470123291
eval,23602,2019-03-11 12:00:00,292,301,139667.359375,265.8349304199219,0.03997177630662918
eval,23602,2019-03-11 12:00:00,293,302,423832.6875,460.50311279296875,0.021621426567435265
eval,23602,2019-03-11 12:00:00,294,303,14702.328125,89.3349609375,0.067237488925457
eval,23602,2019-03-11 12:00:00,295,304,39380.21875,111.50630950927734,0.06786072999238968
eval,23602,2019-03-11 12:00:00,296,305,2462.31005859375,43.403831481933594,0.01238338090479374
eval,23602,2019-03-11 12:00:00,297,306,9126.0234375,74.06437683105469,0.002609660616144538
eval,23602,2019-03-11 12:00:00,298,307,1117.050537109375,29.139400482177734,0.004015583079308271
eval,23602,2019-03-11 12:00:00,299,308,291544.875,323.72991943359375,0.013395585119724274
eval,23602,2019-03-11 12:00:00,300,309,142948.8125,257.07208251953125,0.021020174026489258
eval,23602,2019-03-11 12:00:00,301,310,4569.6982421875,43.5196533203125,0.24740390479564667
eval,23602,2019-03-11 12:00:00,302,311,111899.8046875,224.00921630859375,0.05787773057818413
eval,23602,2019-03-11 12:00:00,303,312,13848.919921875,89.84819030761719,0.016075387597084045
eval,23602,2019-03-11 12:00:00,304,313,475738848.0,13157.5810546875,0.012586962431669235
eval,23602,2019-03-11 12:00:00,305,314,1232156.5,792.874755859375,0.022802826017141342
eval,23602,2019-03-11 12:00:00,306,315,1243559.25,1017.73583984375,0.009271929040551186
eval,23602,2019-03-11 12:00:00,307,316,1590.433837890625,24.824092864990234,0.015764430165290833
eval,23602,2019-03-11 12:00:00,308,317,1147.8382568359375,21.604347229003906,0.8814209699630737
eval,23602,2019-03-11 12:00:00,309,318,21995.32421875,122.174560546875,0.1926804482936859
eval,23602,2019-03-11 12:00:00,310,319,15739.052734375,82.2362289428711,0.271717369556427
eval,23602,2019-03-11 12:00:00,311,OT,152948.40625,289.45526123046875,0.5681202411651611
eval,23858,2019-03-22 04:00:00,0,0,1.9421753883361816,1.2105522155761719,0.003458246123045683
eval,23858,2019-03-22 04:00:00,1,1,10.096050262451172,2.545353651046753,0.045671917498111725
eval,23858,2019-03-22 04:00:00,2,2,2.868378162384033,1.0972790718078613,1.6411998271942139
eval,23858,2019-03-22 04:00:00,3,3,2015.5697021484375,35.87680435180664,0.17502126097679138
eval,23858,2019-03-22 04:00:00,4,4,547.84423828125,17.845701217651367,0.3436849117279053
eval,23858,2019-03-22 04:00:00,5,5,7017.4521484375,62.230438232421875,0.2589147686958313
eval,23858,2019-03-22 04:00:00,6,7,3348.107421875,47.858436584472656,0.14731568098068237
eval,23858,2019-03-22 04:00:00,7,8,412.7606201171875,15.843317985534668,0.1522415280342102
eval,23858,2019-03-22 04:00:00,8,9,306.8912658691406,11.803187370300293,0.05150838941335678
eval,23858,2019-03-22 04:00:00,9,10,124.07275390625,7.393228054046631,0.14958292245864868
eval,23858,2019-03-22 04:00:00,10,11,334.4100341796875,15.378469467163086,0.00855452474206686
eval,23858,2019-03-22 04:00:00,11,12,72.607666015625,6.674062252044678,0.03183792531490326
eval,23858,2019-03-22 04:00:00,12,13,216.24850463867188,11.666402816772461,0.20741437375545502
eval,23858,2019-03-22 04:00:00,13,14,350.00054931640625,13.719276428222656,0.20699343085289001
eval,23858,2019-03-22 04:00:00,14,15,19331.640625,95.0167465209961,0.2900378704071045
eval,23858,2019-03-22 04:00:00,15,16,14.464668273925781,3.2400875091552734,0.2873679995536804
eval,23858,2019-03-22 04:00:00,16,17,1682.0242919921875,35.3587646484375,1.4080288410186768
eval,23858,2019-03-22 04:00:00,17,18,1463.26513671875,26.899799346923828,0.08061631768941879
eval,23858,2019-03-22 04:00:00,18,19,73.40941619873047,6.74527645111084,0.02854057215154171
eval,23858,2019-03-22 04:00:00,19,20,30.3702392578125,4.595187664031982,0.10328026860952377
eval,23858,2019-03-22 04:00:00,20,21,5698.177734375,63.48215866088867,0.11659722775220871
eval,23858,2019-03-22 04:00:00,21,22,152.22044372558594,10.298479080200195,0.235859215259552
eval,23858,2019-03-22 04:00:00,22,23,80.84331512451172,6.238908290863037,0.20249228179454803
eval,23858,2019-03-22 04:00:00,23,24,2502.19580078125,44.787635803222656,0.6462157964706421
eval,23858,2019-03-22 04:00:00,24,25,264.1952819824219,13.446134567260742,0.020481102168560028
eval,23858,2019-03-22 04:00:00,25,26,425.94708251953125,15.779146194458008,0.10141345113515854
eval,23858,2019-03-22 04:00:00,26,27,64.26362609863281,5.649632453918457,0.31131601333618164
eval,23858,2019-03-22 04:00:00,27,28,1394.65625,28.850666046142578,0.1459122896194458
eval,23858,2019-03-22 04:00:00,28,29,524.7442626953125,18.28073501586914,0.036611706018447876
eval,23858,2019-03-22 04:00:00,29,30,650.3735961914062,21.114076614379883,0.07660158723592758
eval,23858,2019-03-22 04:00:00,30,31,508.513671875,18.82767105102539,0.054838668555021286
eval,23858,2019-03-22 04:00:00,31,32,358.0867919921875,15.424169540405273,0.10999143123626709
eval,23858,2019-03-22 04:00:00,32,33,315.89373779296875,14.13325023651123,0.39760705828666687
eval,23858,2019-03-22 04:00:00,33,34,109349.1796875,250.33334350585938,0.12430506944656372
eval,23858,2019-03-22 04:00:00,34,35,179.9302215576172,9.953364372253418,0.19816327095031738
eval,23858,2019-03-22 04:00:00,35,36,4646.76513671875,52.01697540283203,0.19784855842590332
eval,23858,2019-03-22 04:00:00,36,37,4657.54150390625,54.10187911987305,0.41813910007476807
eval,23858,2019-03-22 04:00:00,37,38,162.310546875,9.785566329956055,0.14625431597232819
eval,23858,2019-03-22 04:00:00,38,39,40.2932014465332,5.036447525024414,0.20640596747398376
eval,23858,2019-03-22 04:00:00,39,40,153218.0625,328.5813903808594,0.21727310121059418
eval,23858,2019-03-22 04:00:00,40,41,2466.41259765625,41.878028869628906,0.07975926995277405
eval,23858,2019-03-22 04:00:00,41,42,697.321533203125,20.648374557495117,0.20729075372219086
eval,23858,2019-03-22 04:00:00,42,43,77.1150131225586,6.939203262329102,0.10383006185293198
eval,23858,2019-03-22 04:00:00,43,44,471.57196044921875,17.608064651489258,0.06062464043498039
eval,23858,2019-03-22 04:00:00,44,45,146.81736755371094,10.224420547485352,0.05118928849697113
eval,23858,2019-03-22 04:00:00,45,46,115.34596252441406,6.930187225341797,0.7857671976089478
eval,23858,2019-03-22 04:00:00,46,47,206.77374267578125,11.10315227508545,0.17278675734996796
eval,23858,2019-03-22 04:00:00,47,48,692.3016967773438,18.57172393798828,0.4493362307548523
eval,23858,2019-03-22 04:00:00,48,49,1667.8455810546875,33.81232833862305,0.2354239672422409
eval,23858,2019-03-22 04:00:00,49,50,4851.92626953125,56.384239196777344,0.4561098515987396
eval,23858,2019-03-22 04:00:00,50,51,77.59410095214844,7.114772796630859,0.25646641850471497
eval,23858,2019-03-22 04:00:00,51,52,2101.48828125,37.640594482421875,0.4260173439979553
eval,23858,2019-03-22 04:00:00,52,53,187.5455322265625,11.379524230957031,0.10265439748764038
eval,23858,2019-03-22 04:00:00,53,54,105.0748291015625,8.637864112854004,0.12468015402555466
eval,23858,2019-03-22 04:00:00,54,55,214593.71875,335.1180419921875,0.11459215730428696
eval,23858,2019-03-22 04:00:00,55,56,994.9007568359375,27.36256980895996,0.26833176612854004
eval,23858,2019-03-22 04:00:00,56,58,4239.5654296875,56.79381561279297,0.11590718477964401
eval,23858,2019-03-22 04:00:00,57,59,2348.287841796875,40.92998504638672,0.19439244270324707
eval,23858,2019-03-22 04:00:00,58,60,4397.14990234375,56.403236389160156,0.2925562262535095
eval,23858,2019-03-22 04:00:00,59,61,392.5747985839844,16.633447647094727,0.4000512957572937
eval,23858,2019-03-22 04:00:00,60,62,171.28616333007812,10.009183883666992,0.08265867084264755
eval,23858,2019-03-22 04:00:00,61,63,1840.309326171875,33.001564025878906,0.3847789764404297
eval,23858,2019-03-22 04:00:00,62,64,445.0520935058594,17.549983978271484,0.0984087586402893
eval,23858,2019-03-22 04:00:00,63,65,1288.506103515625,28.664459228515625,0.2847883701324463
eval,23858,2019-03-22 04:00:00,64,66,250.66952514648438,11.185089111328125,0.20722436904907227
eval,23858,2019-03-22 04:00:00,65,67,686.939453125,21.87190818786621,0.3005032241344452
eval,23858,2019-03-22 04:00:00,66,68,222.9361572265625,12.281839370727539,0.053875550627708435
eval,23858,2019-03-22 04:00:00,67,69,336.3470458984375,16.12631607055664,0.6091667413711548
eval,23858,2019-03-22 04:00:00,68,70,138.73025512695312,8.695590019226074,0.14243309199810028
eval,23858,2019-03-22 04:00:00,69,71,73.67919921875,7.066211700439453,0.21342769265174866
eval,23858,2019-03-22 04:00:00,70,72,1086.3427734375,26.437063217163086,0.10789214074611664
eval,23858,2019-03-22 04:00:00,71,73,84.63017272949219,6.638299465179443,0.08709283918142319
eval,23858,2019-03-22 04:00:00,72,74,514.0602416992188,17.234119415283203,0.19026470184326172
eval,23858,2019-03-22 04:00:00,73,75,6923.44921875,66.54851531982422,0.033429548144340515
eval,23858,2019-03-22 04:00:00,74,76,1918.34130859375,38.617881774902344,0.2864517271518707
eval,23858,2019-03-22 04:00:00,75,77,72967.9765625,220.8414306640625,0.30565521121025085
eval,23858,2019-03-22 04:00:00,76,78,900.1451416015625,24.2456111907959,0.0565621480345726
eval,23858,2019-03-22 04:00:00,77,79,6276.12109375,57.4122314453125,0.15395882725715637
eval,23858,2019-03-22 04:00:00,78,80,10145.8662109375,76.0349349975586,0.3350765109062195
eval,23858,2019-03-22 04:00:00,79,81,41633.890625,95.3202133178711,0.37585100531578064
eval,23858,2019-03-22 04:00:00,80,82,6034.42724609375,64.01091003417969,0.40984272956848145
eval,23858,2019-03-22 04:00:00,81,83,16.151443481445312,2.9152026176452637,0.00013361360470298678
eval,23858,2019-03-22 04:00:00,82,84,3.806547164916992,1.5685313940048218,0.0016177294310182333
eval,23858,2019-03-22 04:00:00,83,85,54.55833053588867,6.107662200927734,0.06632878631353378
eval,23858,2019-03-22 04:00:00,84,86,13.536524772644043,3.103074789047241,0.03173833712935448
eval,23858,2019-03-22 04:00:00,85,87,721.9520874023438,23.690298080444336,0.0030639134347438812
eval,23858,2019-03-22 04:00:00,86,88,24438.265625,115.68263244628906,0.0070767528377473354
eval,23858,2019-03-22 04:00:00,87,89,282024.625,414.4167175292969,0.018365882337093353
eval,23858,2019-03-22 04:00:00,88,90,1061.0185546875,21.116958618164062,0.023909881711006165
eval,23858,2019-03-22 04:00:00,89,91,12667.580078125,87.60452270507812,0.00525860209017992
eval,23858,2019-03-22 04:00:00,90,92,258792.046875,297.20367431640625,0.05695745348930359
eval,23858,2019-03-22 04:00:00,91,93,43214.86328125,156.80978393554688,0.005452968180179596
eval,23858,2019-03-22 04:00:00,92,94,5211.59326171875,63.57030487060547,0.002068029250949621
eval,23858,2019-03-22 04:00:00,93,95,36860.15625,127.62939453125,0.07239431142807007
eval,23858,2019-03-22 04:00:00,94,96,71871.3359375,204.74468994140625,0.4033069610595703
eval,23858,2019-03-22 04:00:00,95,97,1307.150390625,29.427719116210938,0.04963771626353264
eval,23858,2019-03-22 04:00:00,96,98,2010.713623046875,39.21086120605469,0.29225003719329834
eval,23858,2019-03-22 04:00:00,97,99,103.45272064208984,8.458433151245117,0.02193264663219452
eval,23858,2019-03-22 04:00:00,98,100,24619.53515625,109.46829223632812,0.10083286464214325
eval,23858,2019-03-22 04:00:00,99,101,938.5283203125,24.598960876464844,0.15561090409755707
eval,23858,2019-03-22 04:00:00,100,102,223.28472900390625,12.959890365600586,0.0471879318356514
eval,23858,2019-03-22 04:00:00,101,103,26655.63671875,131.53648376464844,0.06773848831653595
eval,23858,2019-03-22 04:00:00,102,104,1716.358154296875,32.35594177246094,1.4377697706222534
eval,23858,2019-03-22 04:00:00,103,105,4132.419921875,53.94244384765625,0.22371956706047058
eval,23858,2019-03-22 04:00:00,104,107,1319.92822265625,30.620792388916016,0.32324737310409546
eval,23858,2019-03-22 04:00:00,105,108,125.69441986083984,7.636451244354248,0.026349622756242752
eval,23858,2019-03-22 04:00:00,106,109,909.3991088867188,19.748825073242188,0.007566611282527447
eval,23858,2019-03-22 04:00:00,107,110,238.81298828125,13.490697860717773,0.013310021720826626
eval,23858,2019-03-22 04:00:00,108,111,3383.694091796875,42.9846305847168,0.25764667987823486
eval,23858,2019-03-22 04:00:00,109,112,82120.328125,251.50157165527344,0.4130344092845917
eval,23858,2019-03-22 04:00:00,110,114,11.92845344543457,2.9084815979003906,0.4586872458457947
eval,23858,2019-03-22 04:00:00,111,115,328.7604064941406,14.742403984069824,0.40408939123153687
eval,23858,2019-03-22 04:00:00,112,116,725.94775390625,21.09408187866211,0.1277059018611908
eval,23858,2019-03-22 04:00:00,113,117,17.539043426513672,3.4111266136169434,0.34015223383903503
eval,23858,2019-03-22 04:00:00,114,118,8.27320671081543,2.482646942138672,0.1943836212158203
eval,23858,2019-03-22 04:00:00,115,119,11418.787109375,86.57853698730469,0.18836382031440735
eval,23858,2019-03-22 04:00:00,116,120,143.50286865234375,10.178065299987793,0.0339125357568264
eval,23858,2019-03-22 04:00:00,117,121,16.316890716552734,3.092288017272949,0.7612748146057129
eval,23858,2019-03-22 04:00:00,118,122,1.495062232017517,1.0079492330551147,0.7316786646842957
eval,23858,2019-03-22 04:00:00,119,123,142.7521209716797,10.366785049438477,0.002483326941728592
eval,23858,2019-03-22 04:00:00,120,124,584.2234497070312,18.14154624938965,0.01260620541870594
eval,23858,2019-03-22 04:00:00,121,125,86.21653747558594,7.536802291870117,1.23862624168396
eval,23858,2019-03-22 04:00:00,122,126,1424.766357421875,33.74995040893555,0.008268170058727264
eval,23858,2019-03-22 04:00:00,123,128,1159358.875,861.4197998046875,0.31988558173179626
eval,23858,2019-03-22 04:00:00,124,129,238.63107299804688,12.88038444519043,0.010496638715267181
eval,23858,2019-03-22 04:00:00,125,130,172.5476531982422,11.333663940429688,0.006558195687830448
eval,23858,2019-03-22 04:00:00,126,131,167299.71875,337.5506591796875,0.3100516200065613
eval,23858,2019-03-22 04:00:00,127,132,5372.27783203125,56.686119079589844,0.019077153876423836
eval,23858,2019-03-22 04:00:00,128,133,643847.6875,698.1273193359375,0.8264686465263367
eval,23858,2019-03-22 04:00:00,129,134,3288.590576171875,35.20002746582031,0.07312475144863129
eval,23858,2019-03-22 04:00:00,130,135,66287.2421875,228.49606323242188,0.0394902341067791
eval,23858,2019-03-22 04:00:00,131,136,2440.632568359375,38.00431442260742,0.09842878580093384
eval,23858,2019-03-22 04:00:00,132,137,155.87872314453125,9.575582504272461,0.10293614864349365
eval,23858,2019-03-22 04:00:00,133,138,1594.329833984375,32.60350036621094,0.03379553183913231
eval,23858,2019-03-22 04:00:00,134,139,2041.358642578125,26.4375057220459,0.12853489816188812
eval,23858,2019-03-22 04:00:00,135,140,1439.6263427734375,27.85207748413086,0.05281887575984001
eval,23858,2019-03-22 04:00:00,136,141,976.67724609375,23.61098289489746,0.01670287363231182
eval,23858,2019-03-22 04:00:00,137,142,433.10345458984375,12.077482223510742,0.034625209867954254
eval,23858,2019-03-22 04:00:00,138,144,74.75357818603516,6.919246196746826,0.01889779232442379
eval,23858,2019-03-22 04:00:00,139,145,1074.1746826171875,24.563640594482422,0.10902788490056992
eval,23858,2019-03-22 04:00:00,140,146,488.753662109375,17.85057258605957,0.03684718906879425
eval,23858,2019-03-22 04:00:00,141,147,88.5095443725586,7.988278865814209,0.0704103633761406
eval,23858,2019-03-22 04:00:00,142,148,6495.61474609375,68.14977264404297,0.043188273906707764
eval,23858,2019-03-22 04:00:00,143,149,6206.8173828125,64.32850646972656,0.04645111784338951
eval,23858,2019-03-22 04:00:00,144,150,93737.4609375,219.59918212890625,0.03201722726225853
eval,23858,2019-03-22 04:00:00,145,151,7145.16796875,64.31439208984375,0.0401231124997139
eval,23858,2019-03-22 04:00:00,146,152,1397.556884765625,30.707080841064453,0.013851553201675415
eval,23858,2019-03-22 04:00:00,147,153,234954.046875,366.831787109375,0.03592390939593315
eval,23858,2019-03-22 04:00:00,148,154,26067.271484375,113.7395248413086,0.12226490676403046
eval,23858,2019-03-22 04:00:00,149,155,28542784.0,4189.6552734375,0.06027115881443024
eval,23858,2019-03-22 04:00:00,150,156,6378.857421875,58.954368591308594,0.13465824723243713
eval,23858,2019-03-22 04:00:00,151,157,4418.75390625,45.872100830078125,0.03679667040705681
eval,23858,2019-03-22 04:00:00,152,158,30243.203125,135.8502655029297,0.04703950881958008
eval,23858,2019-03-22 04:00:00,153,159,16670.3828125,102.73222351074219,0.024125440046191216
eval,23858,2019-03-22 04:00:00,154,160,4402.81640625,45.8615837097168,0.03749126195907593
eval,23858,2019-03-22 04:00:00,155,161,4015.104248046875,52.075462341308594,0.055078521370887756
eval,23858,2019-03-22 04:00:00,156,162,6489.48583984375,68.51707458496094,0.011694102548062801
eval,23858,2019-03-22 04:00:00,157,163,60584.4375,194.39984130859375,0.04463787004351616
eval,23858,2019-03-22 04:00:00,158,164,54999.1171875,125.92488098144531,0.2820616364479065
eval,23858,2019-03-22 04:00:00,159,165,7049.060546875,54.78556823730469,0.10054539889097214
eval,23858,2019-03-22 04:00:00,160,166,106687.1484375,252.78173828125,0.11758781969547272
eval,23858,2019-03-22 04:00:00,161,167,3905198.0,1420.8154296875,0.06729903072118759
eval,23858,2019-03-22 04:00:00,162,168,29335.64453125,141.97262573242188,0.11000411212444305
eval,23858,2019-03-22 04:00:00,163,169,41180.171875,129.93496704101562,0.10398104041814804
eval,23858,2019-03-22 04:00:00,164,170,1102.1357421875,27.795467376708984,0.015823757275938988
eval,23858,2019-03-22 04:00:00,165,171,6887.6162109375,61.544578552246094,0.04981738328933716
eval,23858,2019-03-22 04:00:00,166,172,79572.6953125,216.0006561279297,0.06580819189548492
eval,23858,2019-03-22 04:00:00,167,173,11081.9296875,78.09196472167969,0.04383070766925812
eval,23858,2019-03-22 04:00:00,168,174,5728.95654296875,52.768096923828125,0.04648204147815704
eval,23858,2019-03-22 04:00:00,169,175,44963.4609375,174.29678344726562,0.004456238355487585
eval,23858,2019-03-22 04:00:00,170,176,2830.21728515625,39.891334533691406,0.024115843698382378
eval,23858,2019-03-22 04:00:00,171,177,55547.515625,173.80615234375,0.025788968428969383
eval,23858,2019-03-22 04:00:00,172,178,14972.810546875,99.41716766357422,0.02765551581978798
eval,23858,2019-03-22 04:00:00,173,179,523187.71875,559.1447143554688,0.03680737689137459
eval,23858,2019-03-22 04:00:00,174,180,785.4635620117188,21.14350700378418,0.024762462824583054
eval,23858,2019-03-22 04:00:00,175,181,44068.6875,165.5518798828125,0.024348115548491478
eval,23858,2019-03-22 04:00:00,176,183,1973.969482421875,32.124900817871094,0.01476220041513443
eval,23858,2019-03-22 04:00:00,177,184,18726.55859375,108.86906433105469,0.08720183372497559
eval,23858,2019-03-22 04:00:00,178,185,1350.1751708984375,28.55227279663086,0.014069059863686562
eval,23858,2019-03-22 04:00:00,179,186,805275.125,559.9727783203125,0.018208013847470284
eval,23858,2019-03-22 04:00:00,180,187,7201.5419921875,72.47978973388672,0.008143766783177853
eval,23858,2019-03-22 04:00:00,181,188,617.8632202148438,18.503639221191406,0.04767441004514694
eval,23858,2019-03-22 04:00:00,182,189,287003.28125,283.4329833984375,0.46884939074516296
eval,23858,2019-03-22 04:00:00,183,190,183.61700439453125,11.42032527923584,0.019026974216103554
eval,23858,2019-03-22 04:00:00,184,191,1053.0406494140625,24.225082397460938,0.030211854726076126
eval,23858,2019-03-22 04:00:00,185,192,1294.11328125,27.69209861755371,0.13163882493972778
eval,23858,2019-03-22 04:00:00,186,193,16757.3125,83.24097442626953,0.029707808047533035
eval,23858,2019-03-22 04:00:00,187,194,931.5531005859375,24.00678825378418,0.05002331733703613
eval,23858,2019-03-22 04:00:00,188,195,142.66976928710938,10.123161315917969,0.02399233542382717
eval,23858,2019-03-22 04:00:00,189,196,11332.009765625,70.88640594482422,0.10617046058177948
eval,23858,2019-03-22 04:00:00,190,197,904.9163818359375,25.09918212890625,0.18298697471618652
eval,23858,2019-03-22 04:00:00,191,198,28684.046875,138.87974548339844,0.17109709978103638
eval,23858,2019-03-22 04:00:00,192,199,276022.0625,459.921875,0.04379336163401604
eval,23858,2019-03-22 04:00:00,193,200,453.2300720214844,15.529434204101562,0.013278335332870483
eval,23858,2019-03-22 04:00:00,194,201,2043.474609375,34.32582092285156,0.06105281412601471
eval,23858,2019-03-22 04:00:00,195,202,1272.5003662109375,26.471105575561523,0.0620097741484642
eval,23858,2019-03-22 04:00:00,196,203,1785.23291015625,33.60686492919922,0.051576219499111176
eval,23858,2019-03-22 04:00:00,197,204,6632.306640625,65.08963012695312,0.014080213382840157
eval,23858,2019-03-22 04:00:00,198,205,56832.25,171.38973999023438,0.15686869621276855
eval,23858,2019-03-22 04:00:00,199,206,507.712646484375,15.983757019042969,0.015452819876372814
eval,23858,2019-03-22 04:00:00,200,207,480.49456787109375,15.47354793548584,0.09837406128644943
eval,23858,2019-03-22 04:00:00,201,208,758.7431030273438,18.82268524169922,0.09735499322414398
eval,23858,2019-03-22 04:00:00,202,209,163.52560424804688,9.315345764160156,0.027969907969236374
eval,23858,2019-03-22 04:00:00,203,210,1254.589111328125,28.74549674987793,0.014763390645384789
eval,23858,2019-03-22 04:00:00,204,211,1794.191162109375,29.816627502441406,0.010701898485422134
eval,23858,2019-03-22 04:00:00,205,212,3079.569091796875,41.68590545654297,0.030741428956389427
eval,23858,2019-03-22 04:00:00,206,213,861.693359375,23.62428855895996,0.03820904344320297
eval,23858,2019-03-22 04:00:00,207,214,710.9521484375,21.152828216552734,0.02626028284430504
eval,23858,2019-03-22 04:00:00,208,215,503.51214599609375,17.911468505859375,0.02281905710697174
eval,23858,2019-03-22 04:00:00,209,216,503.2420349121094,17.525625228881836,0.03329271078109741
eval,23858,2019-03-22 04:00:00,210,217,3641.67138671875,41.960731506347656,0.0539531335234642
eval,23858,2019-03-22 04:00:00,211,218,1170.98974609375,25.55715560913086,0.22232601046562195
eval,23858,2019-03-22 04:00:00,212,219,1219.93359375,28.3427791595459,0.04712178558111191
eval,23858,2019-03-22 04:00:00,213,220,2184.989013671875,31.107412338256836,0.035948872566223145
eval,23858,2019-03-22 04:00:00,214,221,1084.73291015625,29.244792938232422,0.012698516249656677
eval,23858,2019-03-22 04:00:00,215,222,932.4518432617188,25.038829803466797,0.027361411601305008
eval,23858,2019-03-22 04:00:00,216,223,1577.040771484375,31.342891693115234,0.017318207770586014
eval,23858,2019-03-22 04:00:00,217,224,285.2512512207031,14.927667617797852,0.04344896599650383
eval,23858,2019-03-22 04:00:00,218,225,167308.609375,237.56729125976562,2.828148365020752
eval,23858,2019-03-22 04:00:00,219,226,20597.224609375,113.21065521240234,0.03004804253578186
eval,23858,2019-03-22 04:00:00,220,227,151.17552185058594,10.000904083251953,0.025711258873343468
eval,23858,2019-03-22 04:00:00,221,228,964.5892333984375,24.243480682373047,0.04552366957068443
eval,23858,2019-03-22 04:00:00,222,229,905.1011962890625,24.10894775390625,0.0330878347158432
eval,23858,2019-03-22 04:00:00,223,230,10932.607421875,79.94639587402344,0.03385896980762482
eval,23858,2019-03-22 04:00:00,224,231,1470.939208984375,31.422338485717773,0.02078367955982685
eval,23858,2019-03-22 04:00:00,225,232,190.41644287109375,11.89593505859375,0.012809226289391518
eval,23858,2019-03-22 04:00:00,226,233,218070.984375,362.06072998046875,0.03149958699941635
eval,23858,2019-03-22 04:00:00,227,234,128.25167846679688,9.376179695129395,0.014312541112303734
eval,23858,2019-03-22 04:00:00,228,235,253.56692504882812,13.506854057312012,0.026927094906568527
eval,23858,2019-03-22 04:00:00,229,236,1706630.0,1009.3681640625,0.019818946719169617
eval,23858,2019-03-22 04:00:00,230,237,2765.38671875,37.71964645385742,0.01650753989815712
eval,23858,2019-03-22 04:00:00,231,238,667.73291015625,19.127885818481445,0.10669060796499252
eval,23858,2019-03-22 04:00:00,232,239,535.245849609375,17.709218978881836,0.09331092238426208
eval,23858,2019-03-22 04:00:00,233,240,2195.521240234375,37.809017181396484,0.04517599940299988
eval,23858,2019-03-22 04:00:00,234,241,226.910400390625,12.395994186401367,0.03024299070239067
eval,23858,2019-03-22 04:00:00,235,242,96.24726867675781,8.240703582763672,0.005792193114757538
eval,23858,2019-03-22 04:00:00,236,243,683.0341186523438,19.90204429626465,0.025510944426059723
eval,23858,2019-03-22 04:00:00,237,244,549.2425537109375,20.479623794555664,0.023683976382017136
eval,23858,2019-03-22 04:00:00,238,246,11339.66796875,82.39469909667969,0.06251445412635803
eval,23858,2019-03-22 04:00:00,239,247,158.76849365234375,10.10252857208252,0.038493335247039795
eval,23858,2019-03-22 04:00:00,240,248,2418.12646484375,38.16713333129883,0.061569683253765106
eval,23858,2019-03-22 04:00:00,241,249,931.745849609375,22.94640350341797,0.05232865735888481
eval,23858,2019-03-22 04:00:00,242,250,13759.810546875,95.60472106933594,0.0413232259452343
eval,23858,2019-03-22 04:00:00,243,251,16110.236328125,97.251220703125,0.24741539359092712
eval,23858,2019-03-22 04:00:00,244,252,311.99334716796875,12.907179832458496,0.05506472289562225
eval,23858,2019-03-22 04:00:00,245,253,1128.4652099609375,22.9481258392334,0.04099215567111969
eval,23858,2019-03-22 04:00:00,246,254,47556.0546875,166.48863220214844,0.06513407081365585
eval,23858,2019-03-22 04:00:00,247,255,8381.859375,62.930782318115234,0.05526822805404663
eval,23858,2019-03-22 04:00:00,248,256,1627.140625,31.205053329467773,0.11896799504756927
eval,23858,2019-03-22 04:00:00,249,257,801.0111083984375,21.936077117919922,0.05035003647208214
eval,23858,2019-03-22 04:00:00,250,258,396.1973876953125,15.785758972167969,0.03515736386179924
eval,23858,2019-03-22 04:00:00,251,259,2177.537841796875,39.82963562011719,0.06926986575126648
eval,23858,2019-03-22 04:00:00,252,260,422.3899841308594,15.779253005981445,0.09055304527282715
eval,23858,2019-03-22 04:00:00,253,261,286.15771484375,12.647799491882324,0.03554624319076538
eval,23858,2019-03-22 04:00:00,254,262,30618.05859375,125.3597412109375,0.03252550587058067
eval,23858,2019-03-22 04:00:00,255,263,2546.033203125,33.39711380004883,0.06919639557600021
eval,23858,2019-03-22 04:00:00,256,264,38052.8203125,160.5578155517578,0.19562029838562012
eval,23858,2019-03-22 04:00:00,257,265,632.4083862304688,18.179580688476562,0.03930015116930008
eval,23858,2019-03-22 04:00:00,258,266,2047.22265625,39.10411071777344,0.011571320705115795
eval,23858,2019-03-22 04:00:00,259,267,2608.186279296875,38.243247985839844,0.030609866604208946
eval,23858,2019-03-22 04:00:00,260,268,29201.56640625,129.64309692382812,0.01812560483813286
eval,23858,2019-03-22 04:00:00,261,269,72.49778747558594,6.4456682205200195,0.012632211670279503
eval,23858,2019-03-22 04:00:00,262,270,3389.488037109375,41.93345260620117,0.017661239951848984
eval,23858,2019-03-22 04:00:00,263,271,11154.611328125,75.19796752929688,0.016671640798449516
eval,23858,2019-03-22 04:00:00,264,272,2318.494873046875,35.16535186767578,0.046436857432127
eval,23858,2019-03-22 04:00:00,265,273,757.1867065429688,21.132259368896484,0.07722596079111099
eval,23858,2019-03-22 04:00:00,266,274,455.09210205078125,17.323345184326172,0.02911740355193615
eval,23858,2019-03-22 04:00:00,267,275,453.3564453125,18.904569625854492,0.03727947175502777
eval,23858,2019-03-22 04:00:00,268,276,194142.671875,339.27783203125,0.04475089907646179
eval,23858,2019-03-22 04:00:00,269,277,1446.89697265625,32.777584075927734,0.015057864598929882
eval,23858,2019-03-22 04:00:00,270,278,1523.442138671875,30.801000595092773,0.02005678042769432
eval,23858,2019-03-22 04:00:00,271,279,3457.42529296875,43.397125244140625,0.03826817125082016
eval,23858,2019-03-22 04:00:00,272,280,14286.25,93.16622161865234,0.0401325523853302
eval,23858,2019-03-22 04:00:00,273,281,137688.4375,269.879150390625,0.05531114339828491
eval,23858,2019-03-22 04:00:00,274,282,1346.077880859375,27.347654342651367,0.029860785230994225
eval,23858,2019-03-22 04:00:00,275,283,321.8695373535156,13.988969802856445,0.021223217248916626
eval,23858,2019-03-22 04:00:00,276,284,2282.697998046875,37.053627014160156,0.03675726801156998
eval,23858,2019-03-22 04:00:00,277,285,139.75137329101562,9.521431922912598,0.008602358400821686
eval,23858,2019-03-22 04:00:00,278,286,1046.4422607421875,24.85530662536621,0.06809084862470627
eval,23858,2019-03-22 04:00:00,279,287,62046.3125,130.920654296875,1.655341386795044
eval,23858,2019-03-22 04:00:00,280,288,8021.626953125,58.38042449951172,0.12526604533195496
eval,23858,2019-03-22 04:00:00,281,289,1473.88232421875,29.787036895751953,0.01191781647503376
eval,23858,2019-03-22 04:00:00,282,290,8422012.0,2110.1171875,0.09822990745306015
eval,23858,2019-03-22 04:00:00,283,291,17165.822265625,62.974815368652344,0.10382693260908127
eval,23858,2019-03-22 04:00:00,284,292,199783.28125,317.88739013671875,0.036496035754680634
eval,23858,2019-03-22 04:00:00,285,293,6279.0888671875,67.91063690185547,0.016955329105257988
eval,23858,2019-03-22 04:00:00,286,294,5160.53125,54.31890869140625,0.027219559997320175
eval,23858,2019-03-22 04:00:00,287,295,7878.7197265625,58.39788055419922,0.024582892656326294
eval,23858,2019-03-22 04:00:00,288,296,36460.5,143.37713623046875,0.00414077565073967
eval,23858,2019-03-22 04:00:00,289,297,1476.07421875,32.63044738769531,0.005927703808993101
eval,23858,2019-03-22 04:00:00,290,299,110.5056381225586,6.516119956970215,0.05874648690223694
eval,23858,2019-03-22 04:00:00,291,300,12048.66015625,82.22041320800781,0.0360051691532135
eval,23858,2019-03-22 04:00:00,292,301,41525.9453125,140.7823486328125,0.016390733420848846
eval,23858,2019-03-22 04:00:00,293,302,552073.9375,514.0958862304688,0.03272586315870285
eval,23858,2019-03-22 04:00:00,294,303,23917.0,101.0372314453125,0.11836478114128113
eval,23858,2019-03-22 04:00:00,295,304,21419.435546875,129.98214721679688,0.04006512090563774
eval,23858,2019-03-22 04:00:00,296,305,39070.51171875,135.35836791992188,0.2385266274213791
eval,23858,2019-03-22 04:00:00,297,306,50349.7890625,113.16048431396484,0.015674205496907234
eval,23858,2019-03-22 04:00:00,298,307,179.1188201904297,10.078619956970215,0.11721743643283844
eval,23858,2019-03-22 04:00:00,299,308,857864.4375,633.181640625,0.03361579775810242
eval,23858,2019-03-22 04:00:00,300,309,377962.0625,407.2223815917969,0.05429565906524658
eval,23858,2019-03-22 04:00:00,301,310,1193.944091796875,28.628860473632812,0.058312445878982544
eval,23858,2019-03-22 04:00:00,302,311,40586.76953125,134.04701232910156,0.02765253186225891
eval,23858,2019-03-22 04:00:00,303,312,25343.068359375,85.51567840576172,0.043395400047302246
eval,23858,2019-03-22 04:00:00,304,313,423158528.0,15565.9091796875,0.01588352955877781
eval,23858,2019-03-22 04:00:00,305,314,199405.5,320.8266906738281,0.004895876161754131
eval,23858,2019-03-22 04:00:00,306,315,373674.75,490.935546875,0.00289168581366539
eval,23858,2019-03-22 04:00:00,307,316,1211.003173828125,18.693702697753906,0.030584517866373062
eval,23858,2019-03-22 04:00:00,308,317,3212.245849609375,39.148338317871094,2.4155197143554688
eval,23858,2019-03-22 04:00:00,309,318,13412.7919921875,98.06182861328125,0.1160978376865387
eval,23858,2019-03-22 04:00:00,310,319,830.2804565429688,19.48289680480957,0.011843208223581314
eval,23858,2019-03-22 04:00:00,311,OT,17781.6953125,113.15498352050781,0.07705043256282806
eval,24114,2019-04-01 20:00:00,0,0,5.787677764892578,1.7895328998565674,0.4547898769378662
eval,24114,2019-04-01 20:00:00,1,1,44.73064422607422,5.050111770629883,0.1288614720106125
eval,24114,2019-04-01 20:00:00,2,2,0.1713377833366394,0.2255413979291916,0.0980343371629715
eval,24114,2019-04-01 20:00:00,3,3,905.1121826171875,24.807979583740234,0.06609176099300385
eval,24114,2019-04-01 20:00:00,4,4,648.1690673828125,22.571094512939453,0.37815427780151367
eval,24114,2019-04-01 20:00:00,5,5,2218.0673828125,35.546958923339844,0.07839857786893845
eval,24114,2019-04-01 20:00:00,6,7,5088.953125,49.72821807861328,0.197498619556427
eval,24114,2019-04-01 20:00:00,7,8,964.7005615234375,26.497920989990234,0.33552631735801697
eval,24114,2019-04-01 20:00:00,8,9,6024.2314453125,51.378700256347656,0.561832070350647
eval,24114,2019-04-01 20:00:00,9,10,42.90416717529297,4.795159339904785,0.04860581085085869
eval,24114,2019-04-01 20:00:00,10,11,884.9188842773438,24.732465744018555,0.024777304381132126
eval,24114,2019-04-01 20:00:00,11,12,91.65678405761719,6.854362487792969,0.05314880609512329
eval,24114,2019-04-01 20:00:00,12,13,46.118621826171875,5.138607978820801,0.04147897660732269
eval,24114,2019-04-01 20:00:00,13,14,146.55792236328125,9.905861854553223,0.09029187262058258
eval,24114,2019-04-01 20:00:00,14,15,4282.369140625,50.896358489990234,0.06765568256378174
eval,24114,2019-04-01 20:00:00,15,16,12.330565452575684,2.667340040206909,0.24218106269836426
eval,24114,2019-04-01 20:00:00,16,17,506.0313720703125,18.729555130004883,0.46444055438041687
eval,24114,2019-04-01 20:00:00,17,18,1495.76220703125,25.508581161499023,0.08649034798145294
eval,24114,2019-04-01 20:00:00,18,19,264.545166015625,12.060503005981445,0.12001781165599823
eval,24114,2019-04-01 20:00:00,19,20,18.87754249572754,3.6354262828826904,0.06891711056232452
eval,24114,2019-04-01 20:00:00,20,21,4130.0478515625,51.721534729003906,0.0853683277964592
eval,24114,2019-04-01 20:00:00,21,22,52.589229583740234,4.781244277954102,0.07188604772090912
eval,24114,2019-04-01 20:00:00,22,23,16.50470733642578,3.1263279914855957,0.033411234617233276
eval,24114,2019-04-01 20:00:00,23,24,304.42242431640625,13.683563232421875,0.06170320510864258
eval,24114,2019-04-01 20:00:00,24,25,113.68508911132812,7.863328456878662,0.009108314290642738
eval,24114,2019-04-01 20:00:00,25,26,696.3212890625,18.7235107421875,0.16346853971481323
eval,24114,2019-04-01 20:00:00,26,27,28.600677490234375,3.8615405559539795,0.12144267559051514
eval,24114,2019-04-01 20:00:00,27,28,10426.20703125,68.22367095947266,0.9567474722862244
eval,24114,2019-04-01 20:00:00,28,29,1570.71337890625,29.531391143798828,0.1472163051366806
eval,24114,2019-04-01 20:00:00,29,30,386.4840087890625,12.927789688110352,0.03671141713857651
eval,24114,2019-04-01 20:00:00,30,31,738.9130249023438,20.035625457763672,0.10196586698293686
eval,24114,2019-04-01 20:00:00,31,32,199.79061889648438,11.630271911621094,0.04740557074546814
eval,24114,2019-04-01 20:00:00,32,33,180.13816833496094,10.657784461975098,0.2134416103363037
eval,24114,2019-04-01 20:00:00,33,34,71312.4375,213.1371307373047,0.07978534698486328
eval,24114,2019-04-01 20:00:00,34,35,43.78492736816406,5.477867126464844,0.0408482663333416
eval,24114,2019-04-01 20:00:00,35,36,419.8885498046875,18.04379653930664,0.01493311207741499
eval,24114,2019-04-01 20:00:00,36,37,987.3450927734375,23.166851043701172,0.06636055558919907
eval,24114,2019-04-01 20:00:00,37,38,60.18994903564453,5.744559288024902,0.09946208447217941
eval,24114,2019-04-01 20:00:00,38,39,11.171937942504883,2.49700927734375,0.060012087225914
eval,24114,2019-04-01 20:00:00,39,40,53640.10546875,185.65655517578125,0.07608047127723694
eval,24114,2019-04-01 20:00:00,40,41,699.6746826171875,21.413639068603516,0.025352798402309418
eval,24114,2019-04-01 20:00:00,41,42,953.97900390625,27.323766708374023,0.33188292384147644
eval,24114,2019-04-01 20:00:00,42,43,119.9088363647461,9.14047908782959,0.12157784402370453
eval,24114,2019-04-01 20:00:00,43,44,276.9716491699219,13.917823791503906,0.03392232581973076
eval,24114,2019-04-01 20:00:00,44,45,185.16299438476562,11.033561706542969,0.06086333841085434
eval,24114,2019-04-01 20:00:00,45,46,33.390464782714844,4.122262954711914,0.14412842690944672
eval,24114,2019-04-01 20:00:00,46,47,64.13731384277344,6.152188777923584,0.05828901380300522
eval,24114,2019-04-01 20:00:00,47,48,103.90150451660156,7.948476314544678,0.07069677114486694
eval,24114,2019-04-01 20:00:00,48,49,223.46795654296875,13.385794639587402,0.02975839003920555
eval,24114,2019-04-01 20:00:00,49,50,1727.3870849609375,34.857120513916016,0.18737611174583435
eval,24114,2019-04-01 20:00:00,50,51,37.78010559082031,4.819393157958984,0.13140207529067993
eval,24114,2019-04-01 20:00:00,51,52,272.58941650390625,12.127891540527344,0.0794793888926506
eval,24114,2019-04-01 20:00:00,52,53,334.09893798828125,15.379522323608398,0.1694307178258896
eval,24114,2019-04-01 20:00:00,53,54,44.677364349365234,4.475152015686035,0.040976524353027344
eval,24114,2019-04-01 20:00:00,54,55,99979.9296875,250.0503387451172,0.06334710121154785
eval,24114,2019-04-01 20:00:00,55,56,372.8287353515625,14.24701976776123,0.1027311310172081
eval,24114,2019-04-01 20:00:00,56,58,2424.89453125,38.75270080566406,0.06282160431146622
eval,24114,2019-04-01 20:00:00,57,59,2391.64404296875,34.610862731933594,0.15385057032108307
eval,24114,2019-04-01 20:00:00,58,60,2355.044189453125,38.838138580322266,0.13822880387306213
eval,24114,2019-04-01 20:00:00,59,61,168.6365203857422,8.477476119995117,0.13998989760875702
eval,24114,2019-04-01 20:00:00,60,62,52.4976921081543,5.345324993133545,0.026908261701464653
eval,24114,2019-04-01 20:00:00,61,63,265.36505126953125,13.144588470458984,0.047719135880470276
eval,24114,2019-04-01 20:00:00,62,64,211.90658569335938,12.251951217651367,0.047009341418743134
eval,24114,2019-04-01 20:00:00,63,65,330.287109375,13.170799255371094,0.057582225650548935
eval,24114,2019-04-01 20:00:00,64,66,130.37228393554688,9.654126167297363,0.09119758009910583
eval,24114,2019-04-01 20:00:00,65,67,233.6855926513672,12.194921493530273,0.10171884298324585
eval,24114,2019-04-01 20:00:00,66,68,231.07534790039062,12.321889877319336,0.07466281950473785
eval,24114,2019-04-01 20:00:00,67,69,57.02366256713867,5.806527137756348,0.09927429258823395
eval,24114,2019-04-01 20:00:00,68,70,264.66168212890625,13.487513542175293,0.21031330525875092
eval,24114,2019-04-01 20:00:00,69,71,42.610023498535156,4.245121002197266,0.09513875842094421
eval,24114,2019-04-01 20:00:00,70,72,389.071533203125,14.573756217956543,0.03903321921825409
eval,24114,2019-04-01 20:00:00,71,73,154.9334716796875,9.37302303314209,0.144896000623703
eval,24114,2019-04-01 20:00:00,72,74,273.653564453125,12.65605354309082,0.09114520251750946
eval,24114,2019-04-01 20:00:00,73,75,14103.0302734375,95.28733825683594,0.06319278478622437
eval,24114,2019-04-01 20:00:00,74,76,1230.555908203125,27.66609764099121,0.1430855691432953
eval,24114,2019-04-01 20:00:00,75,77,7608.9482421875,68.39369201660156,0.029723506420850754
eval,24114,2019-04-01 20:00:00,76,78,398.42742919921875,17.192285537719727,0.028704077005386353
eval,24114,2019-04-01 20:00:00,77,79,8199.701171875,60.088104248046875,0.23320439457893372
eval,24114,2019-04-01 20:00:00,78,80,1596.494873046875,34.76178741455078,0.05257195234298706
eval,24114,2019-04-01 20:00:00,79,81,4222.0029296875,54.983665466308594,0.03630814701318741
eval,24114,2019-04-01 20:00:00,80,82,2334.91943359375,34.036380767822266,0.15373873710632324
eval,24114,2019-04-01 20:00:00,81,83,88709.515625,137.04351806640625,0.6641228199005127
eval,24114,2019-04-01 20:00:00,82,84,3856.56640625,29.446706771850586,1.7327231168746948
eval,24114,2019-04-01 20:00:00,83,85,49.66516876220703,4.831307888031006,0.06869415193796158
eval,24114,2019-04-01 20:00:00,84,86,39.222999572753906,5.259990692138672,0.09363605082035065
eval,24114,2019-04-01 20:00:00,85,87,15673.708984375,78.20857238769531,0.0608198419213295
eval,24114,2019-04-01 20:00:00,86,88,175902.046875,254.8858642578125,0.059356123208999634
eval,24114,2019-04-01 20:00:00,87,89,98938.46875,267.8432922363281,0.006443026941269636
eval,24114,2019-04-01 20:00:00,88,90,393.9837341308594,14.383112907409668,0.008578578010201454
eval,24114,2019-04-01 20:00:00,89,91,18622.5859375,112.0161361694336,0.008486039936542511
eval,24114,2019-04-01 20:00:00,90,92,808166.6875,505.6131286621094,0.20507311820983887
eval,24114,2019-04-01 20:00:00,91,93,47887.1796875,174.044677734375,0.006880009081214666
eval,24114,2019-04-01 20:00:00,92,94,7660.49560546875,71.5183334350586,0.003703539725393057
eval,24114,2019-04-01 20:00:00,93,95,3158.74560546875,42.52764892578125,0.006920082028955221
eval,24114,2019-04-01 20:00:00,94,96,35971.13671875,146.65704345703125,0.20030224323272705
eval,24114,2019-04-01 20:00:00,95,97,2008.6107177734375,39.13529968261719,0.1070871353149414
eval,24114,2019-04-01 20:00:00,96,98,530.4345092773438,15.996233940124512,0.06587541103363037
eval,24114,2019-04-01 20:00:00,97,99,1515.747802734375,25.4307861328125,0.12183483690023422
eval,24114,2019-04-01 20:00:00,98,100,8304.251953125,73.15034484863281,0.031765781342983246
eval,24114,2019-04-01 20:00:00,99,101,139.41554260253906,8.401267051696777,0.021494349464774132
eval,24114,2019-04-01 20:00:00,100,102,151.95343017578125,10.027640342712402,0.02883003279566765
eval,24114,2019-04-01 20:00:00,101,103,61291.9453125,219.57456970214844,0.1576053351163864
eval,24114,2019-04-01 20:00:00,102,104,268.72210693359375,13.08020305633545,0.27448636293411255
eval,24114,2019-04-01 20:00:00,103,105,3861.620849609375,31.80709457397461,0.0765136331319809
eval,24114,2019-04-01 20:00:00,104,107,8053.66162109375,46.53499984741211,2.2668440341949463
eval,24114,2019-04-01 20:00:00,105,108,60.29515075683594,6.018181800842285,0.012578131631016731
eval,24114,2019-04-01 20:00:00,106,109,298.6587829589844,15.1754789352417,0.0030178388115018606
eval,24114,2019-04-01 20:00:00,107,110,677.545166015625,22.876760482788086,0.042943041771650314
eval,24114,2019-04-01 20:00:00,108,111,1093.7734375,28.398555755615234,0.10377778112888336
eval,24114,2019-04-01 20:00:00,109,112,77837.8125,200.814208984375,0.44519275426864624
eval,24114,2019-04-01 20:00:00,110,114,0.12220438569784164,0.13157813251018524,0.21824201941490173
eval,24114,2019-04-01 20:00:00,111,115,496.26483154296875,18.01371955871582,1.1961225271224976
eval,24114,2019-04-01 20:00:00,112,116,12848.572265625,73.149658203125,1.6295058727264404
eval,24114,2019-04-01 20:00:00,113,117,23.866985321044922,4.116293907165527,0.1457367092370987
eval,24114,2019-04-01 20:00:00,114,118,7.58931827545166,2.306333065032959,0.2696765065193176
eval,24114,2019-04-01 20:00:00,115,119,3045.305419921875,39.680381774902344,0.02216396853327751
eval,24114,2019-04-01 20:00:00,116,120,1740.2122802734375,37.30939483642578,0.3708206117153168
eval,24114,2019-04-01 20:00:00,117,121,15.640517234802246,3.4360756874084473,1.5280170440673828
eval,24114,2019-04-01 20:00:00,118,122,33.03948974609375,3.921846389770508,0.3762784004211426
eval,24114,2019-04-01 20:00:00,119,123,1416.162109375,30.614078521728516,0.0234756451100111
eval,24114,2019-04-01 20:00:00,120,124,142.6414337158203,9.258021354675293,0.003928865771740675
eval,24114,2019-04-01 20:00:00,121,125,60.999237060546875,6.621169090270996,0.9863227605819702
eval,24114,2019-04-01 20:00:00,122,126,5525.5390625,60.09295654296875,0.035007596015930176
eval,24114,2019-04-01 20:00:00,123,128,1552316.5,1070.06982421875,0.7476322054862976
eval,24114,2019-04-01 20:00:00,124,129,3816.580810546875,46.753761291503906,0.13228380680084229
eval,24114,2019-04-01 20:00:00,125,130,4360.23095703125,42.04928207397461,0.260555624961853
eval,24114,2019-04-01 20:00:00,126,131,125805.171875,266.73291015625,0.29222607612609863
eval,24114,2019-04-01 20:00:00,127,132,5811.77490234375,65.26910400390625,0.026221228763461113
eval,24114,2019-04-01 20:00:00,128,133,1497594.875,750.7941284179688,1.804936408996582
eval,24114,2019-04-01 20:00:00,129,134,5776.1748046875,56.06640625,0.13804928958415985
eval,24114,2019-04-01 20:00:00,130,135,63299.7734375,192.77041625976562,0.03524548560380936
eval,24114,2019-04-01 20:00:00,131,136,631.97607421875,17.174850463867188,0.028222132474184036
eval,24114,2019-04-01 20:00:00,132,137,70.83903503417969,6.086658477783203,0.04386448860168457
eval,24114,2019-04-01 20:00:00,133,138,843.4039306640625,21.745704650878906,0.016580287367105484
eval,24114,2019-04-01 20:00:00,134,139,644.274169921875,21.704879760742188,0.03681747615337372
eval,24114,2019-04-01 20:00:00,135,140,1511.70849609375,27.811187744140625,0.05576527118682861
eval,24114,2019-04-01 20:00:00,136,141,626.3848876953125,20.784576416015625,0.011377030983567238
eval,24114,2019-04-01 20:00:00,137,142,162.8460693359375,10.966142654418945,0.01917239837348461
eval,24114,2019-04-01 20:00:00,138,144,551.281982421875,16.371761322021484,0.17516165971755981
eval,24114,2019-04-01 20:00:00,139,145,205.05044555664062,11.51392650604248,0.02389417588710785
eval,24114,2019-04-01 20:00:00,140,146,1245.9007568359375,28.75320053100586,0.09148868918418884
eval,24114,2019-04-01 20:00:00,141,147,76.22972869873047,7.939670562744141,0.04380227252840996
eval,24114,2019-04-01 20:00:00,142,148,7556.8291015625,64.28536987304688,0.037236958742141724
eval,24114,2019-04-01 20:00:00,143,149,13234.873046875,99.11404418945312,0.0918893963098526
eval,24114,2019-04-01 20:00:00,144,150,42714.9453125,165.10293579101562,0.014151218347251415
eval,24114,2019-04-01 20:00:00,145,151,31031.171875,124.44403076171875,0.17600390315055847
eval,24114,2019-04-01 20:00:00,146,152,6545.74169921875,67.64637756347656,0.069667287170887
eval,24114,2019-04-01 20:00:00,147,153,119407.890625,266.28558349609375,0.015836410224437714
eval,24114,2019-04-01 20:00:00,148,154,142275.890625,224.99716186523438,0.5838587880134583
eval,24114,2019-04-01 20:00:00,149,155,41460888.0,4260.80859375,0.07027226686477661
eval,24114,2019-04-01 20:00:00,150,156,1551.13623046875,27.771347045898438,0.021980345249176025
eval,24114,2019-04-01 20:00:00,151,157,4069.755859375,52.66744613647461,0.062869593501091
eval,24114,2019-04-01 20:00:00,152,158,11709.1328125,94.7086410522461,0.020812153816223145
eval,24114,2019-04-01 20:00:00,153,159,67132.796875,184.2616424560547,0.06768476963043213
eval,24114,2019-04-01 20:00:00,154,160,1066.2235107421875,26.842992782592773,0.019088570028543472
eval,24114,2019-04-01 20:00:00,155,161,615.6466064453125,18.04720687866211,0.008637942373752594
eval,24114,2019-04-01 20:00:00,156,162,6146.5283203125,65.57937622070312,0.009611560963094234
eval,24114,2019-04-01 20:00:00,157,163,12028.462890625,91.0663070678711,0.010150264017283916
eval,24114,2019-04-01 20:00:00,158,164,3713.40673828125,47.901588439941406,0.017179381102323532
eval,24114,2019-04-01 20:00:00,159,165,4411.9296875,40.216896057128906,0.060076069086790085
eval,24114,2019-04-01 20:00:00,160,166,329874.3125,507.7875671386719,0.26742395758628845
eval,24114,2019-04-01 20:00:00,161,167,1387862.5,918.5494384765625,0.02425273321568966
eval,24114,2019-04-01 20:00:00,162,168,56342.01171875,188.71287536621094,0.1974126547574997
eval,24114,2019-04-01 20:00:00,163,169,3043.990966796875,41.253692626953125,0.0068907528184354305
eval,24114,2019-04-01 20:00:00,164,170,1778.8740234375,31.9512996673584,0.02876606583595276
eval,24114,2019-04-01 20:00:00,165,171,2045.284912109375,38.71763229370117,0.01436220109462738
eval,24114,2019-04-01 20:00:00,166,172,145566.59375,292.3834228515625,0.11887975037097931
eval,24114,2019-04-01 20:00:00,167,173,8047.50927734375,63.00034713745117,0.04208016395568848
eval,24114,2019-04-01 20:00:00,168,174,2287.5849609375,39.653202056884766,0.01913679763674736
eval,24114,2019-04-01 20:00:00,169,175,170667.34375,295.2532958984375,0.01776379533112049
eval,24114,2019-04-01 20:00:00,170,176,4843.62255859375,53.2515983581543,0.04482698068022728
eval,24114,2019-04-01 20:00:00,171,177,44886.83984375,172.0298309326172,0.020544517785310745
eval,24114,2019-04-01 20:00:00,172,178,23930.529296875,110.98466491699219,0.04805592820048332
eval,24114,2019-04-01 20:00:00,173,179,600094.5625,467.693603515625,0.041707511991262436
eval,24114,2019-04-01 20:00:00,174,180,493.94976806640625,16.488677978515625,0.016530854627490044
eval,24114,2019-04-01 20:00:00,175,181,43876.66796875,161.2831573486328,0.027521900832653046
eval,24114,2019-04-01 20:00:00,176,183,4584.0810546875,53.444000244140625,0.033298999071121216
eval,24114,2019-04-01 20:00:00,177,184,26125.15234375,134.88743591308594,0.12668320536613464
eval,24114,2019-04-01 20:00:00,178,185,1278.48291015625,27.421850204467773,0.01281376089900732
eval,24114,2019-04-01 20:00:00,179,186,9166645.0,2283.29736328125,0.2124401330947876
eval,24114,2019-04-01 20:00:00,180,187,16267.388671875,103.88267517089844,0.01581680402159691
eval,24114,2019-04-01 20:00:00,181,188,1542.75390625,30.856945037841797,0.1835722178220749
eval,24114,2019-04-01 20:00:00,182,189,5921.31005859375,53.85892868041992,0.012896709144115448
eval,24114,2019-04-01 20:00:00,183,190,155.6597900390625,9.99133014678955,0.014981097541749477
eval,24114,2019-04-01 20:00:00,184,191,413.56097412109375,16.561542510986328,0.012186659500002861
eval,24114,2019-04-01 20:00:00,185,192,1029.3890380859375,26.35919761657715,0.11440049111843109
eval,24114,2019-04-01 20:00:00,186,193,15341.3046875,90.69569396972656,0.025242246687412262
eval,24114,2019-04-01 20:00:00,187,194,748.54833984375,22.208232879638672,0.035160310566425323
eval,24114,2019-04-01 20:00:00,188,195,253.2734832763672,11.045893669128418,0.050128962844610214
eval,24114,2019-04-01 20:00:00,189,196,4659.87353515625,51.44813537597656,0.04119517654180527
eval,24114,2019-04-01 20:00:00,190,197,1075.591552734375,25.500091552734375,0.2653084099292755
eval,24114,2019-04-01 20:00:00,191,198,3430.399169921875,44.08903121948242,0.025709811598062515
eval,24114,2019-04-01 20:00:00,192,199,426950.25,582.4710693359375,0.05830065533518791
eval,24114,2019-04-01 20:00:00,193,200,3721.46875,44.99452209472656,0.09647178649902344
eval,24114,2019-04-01 20:00:00,194,201,798.4002685546875,20.676023483276367,0.024904880672693253
eval,24114,2019-04-01 20:00:00,195,202,1046.88134765625,28.104244232177734,0.04563009738922119
eval,24114,2019-04-01 20:00:00,196,203,2743.0361328125,43.977386474609375,0.08587571978569031
eval,24114,2019-04-01 20:00:00,197,204,3532.858154296875,43.71299362182617,0.005851984955370426
eval,24114,2019-04-01 20:00:00,198,205,10657.248046875,81.61640930175781,0.03128308802843094
eval,24114,2019-04-01 20:00:00,199,206,716.3968505859375,21.092199325561523,0.022152334451675415
eval,24114,2019-04-01 20:00:00,200,207,60.42329025268555,6.153477668762207,0.013668700121343136
eval,24114,2019-04-01 20:00:00,201,208,137.13853454589844,8.608330726623535,0.01648670993745327
eval,24114,2019-04-01 20:00:00,202,209,245.42153930664062,13.556175231933594,0.039438411593437195
eval,24114,2019-04-01 20:00:00,203,210,1466.8978271484375,31.511587142944336,0.020174548029899597
eval,24114,2019-04-01 20:00:00,204,211,4475.357421875,53.85712814331055,0.03078753501176834
eval,24114,2019-04-01 20:00:00,205,212,3212.56640625,48.694091796875,0.030121810734272003
eval,24114,2019-04-01 20:00:00,206,213,860.9738159179688,23.363502502441406,0.038283150643110275
eval,24114,2019-04-01 20:00:00,207,214,599.0853881835938,18.88713836669922,0.02172304503619671
eval,24114,2019-04-01 20:00:00,208,215,504.09149169921875,18.130096435546875,0.021664133295416832
eval,24114,2019-04-01 20:00:00,209,216,943.86572265625,24.822118759155273,0.06630656868219376
eval,24114,2019-04-01 20:00:00,210,217,2380.794677734375,34.141082763671875,0.03244513273239136
eval,24114,2019-04-01 20:00:00,211,218,146.53089904785156,7.586822032928467,0.025005370378494263
eval,24114,2019-04-01 20:00:00,212,219,318.25225830078125,14.088537216186523,0.011321179568767548
eval,24114,2019-04-01 20:00:00,213,220,4320.73681640625,46.36548614501953,0.08207467943429947
eval,24114,2019-04-01 20:00:00,214,221,1547.449462890625,35.360538482666016,0.01812928542494774
eval,24114,2019-04-01 20:00:00,215,222,1184.0015869140625,30.257247924804688,0.032936304807662964
eval,24114,2019-04-01 20:00:00,216,223,3058.904052734375,32.854576110839844,0.038166020065546036
eval,24114,2019-04-01 20:00:00,217,224,543.32275390625,19.951557159423828,0.07687462866306305
eval,24114,2019-04-01 20:00:00,218,225,1259.2335205078125,30.095434188842773,0.02385920286178589
eval,24114,2019-04-01 20:00:00,219,226,65672.078125,223.74473571777344,0.08369205892086029
eval,24114,2019-04-01 20:00:00,220,227,105.90287780761719,7.876700401306152,0.016405221074819565
eval,24114,2019-04-01 20:00:00,221,228,410.64385986328125,17.12221336364746,0.019301123917102814
eval,24114,2019-04-01 20:00:00,222,229,1850.142333984375,31.72564697265625,0.10828497260808945
eval,24114,2019-04-01 20:00:00,223,230,54991.5859375,151.2083740234375,0.20963862538337708
eval,24114,2019-04-01 20:00:00,224,231,6060.70849609375,62.13872528076172,0.07979276031255722
eval,24114,2019-04-01 20:00:00,225,232,181.35430908203125,10.657793998718262,0.011357739567756653
eval,24114,2019-04-01 20:00:00,226,233,424227.71875,546.85302734375,0.06020370125770569
eval,24114,2019-04-01 20:00:00,227,234,699.220703125,23.150062561035156,0.07636454701423645
eval,24114,2019-04-01 20:00:00,228,235,166.2550048828125,9.90713882446289,0.01914132572710514
eval,24114,2019-04-01 20:00:00,229,236,3529844.0,1557.298095703125,0.03784835338592529
eval,24114,2019-04-01 20:00:00,230,237,8171.2509765625,59.70477294921875,0.051077451556921005
eval,24114,2019-04-01 20:00:00,231,238,358.04815673828125,14.901657104492188,0.05739244073629379
eval,24114,2019-04-01 20:00:00,232,239,1710.87548828125,34.01108932495117,0.3677694499492645
eval,24114,2019-04-01 20:00:00,233,240,6882.4638671875,65.80736541748047,0.13815391063690186
eval,24114,2019-04-01 20:00:00,234,241,509.8758239746094,17.105159759521484,0.08543466031551361
eval,24114,2019-04-01 20:00:00,235,242,79.23802185058594,6.430109024047852,0.005583529826253653
eval,24114,2019-04-01 20:00:00,236,243,1695.0830078125,25.87255859375,0.06990508735179901
eval,24114,2019-04-01 20:00:00,237,244,3922.75,41.84270477294922,0.14418302476406097
eval,24114,2019-04-01 20:00:00,238,246,20185.16796875,117.09158325195312,0.11817257851362228
eval,24114,2019-04-01 20:00:00,239,247,502.6026611328125,19.35686492919922,0.12200634926557541
eval,24114,2019-04-01 20:00:00,240,248,2005.4652099609375,37.171958923339844,0.042455460876226425
eval,24114,2019-04-01 20:00:00,241,249,250.3318328857422,13.7774658203125,0.014551891013979912
eval,24114,2019-04-01 20:00:00,242,250,9163.095703125,75.85491943359375,0.02671082317829132
eval,24114,2019-04-01 20:00:00,243,251,1303.9005126953125,28.44057273864746,0.021242555230855942
eval,24114,2019-04-01 20:00:00,244,252,777.9869995117188,20.331592559814453,0.11363178491592407
eval,24114,2019-04-01 20:00:00,245,253,650.4830932617188,18.233068466186523,0.022250447422266006
eval,24114,2019-04-01 20:00:00,246,254,23295.6640625,125.4856185913086,0.026138629764318466
eval,24114,2019-04-01 20:00:00,247,255,12964.0498046875,109.8141098022461,0.0829494446516037
eval,24114,2019-04-01 20:00:00,248,256,195.93637084960938,10.226370811462402,0.0167672298848629
eval,24114,2019-04-01 20:00:00,249,257,462.703369140625,18.457426071166992,0.0303256344050169
eval,24114,2019-04-01 20:00:00,250,258,358.2045593261719,12.825284957885742,0.03220793604850769
eval,24114,2019-04-01 20:00:00,251,259,969.5524291992188,23.80988121032715,0.03046964667737484
eval,24114,2019-04-01 20:00:00,252,260,240.41995239257812,10.911325454711914,0.05313877388834953
eval,24114,2019-04-01 20:00:00,253,261,159.30398559570312,9.494255065917969,0.018057597801089287
eval,24114,2019-04-01 20:00:00,254,262,36041.2109375,151.65432739257812,0.03823496401309967
eval,24114,2019-04-01 20:00:00,255,263,5383.87060546875,48.93845748901367,0.1191411167383194
eval,24114,2019-04-01 20:00:00,256,264,10318.10546875,84.878173828125,0.04997032508254051
eval,24114,2019-04-01 20:00:00,257,265,1803.7733154296875,31.332916259765625,0.08426856249570847
eval,24114,2019-04-01 20:00:00,258,266,1782.0009765625,35.54825210571289,0.011097561568021774
eval,24114,2019-04-01 20:00:00,259,267,2185.24365234375,29.811450958251953,0.02244170755147934
eval,24114,2019-04-01 20:00:00,260,268,12210.673828125,89.04364013671875,0.0086598452180624
eval,24114,2019-04-01 20:00:00,261,269,799.2330932617188,17.280790328979492,0.138179749250412
eval,24114,2019-04-01 20:00:00,262,270,1018.5904541015625,26.2351131439209,0.005935595836490393
eval,24114,2019-04-01 20:00:00,263,271,17716.04296875,110.622314453125,0.026198705658316612
eval,24114,2019-04-01 20:00:00,264,272,2701.128662109375,46.29276657104492,0.06027008593082428
eval,24114,2019-04-01 20:00:00,265,273,241.54917907714844,10.555030822753906,0.029356222599744797
eval,24114,2019-04-01 20:00:00,266,274,457.3797302246094,18.649311065673828,0.031581439077854156
eval,24114,2019-04-01 20:00:00,267,275,656.8236083984375,19.15226936340332,0.05047043412923813
eval,24114,2019-04-01 20:00:00,268,276,305770.8125,464.5462646484375,0.07815048098564148
eval,24114,2019-04-01 20:00:00,269,277,6447.29443359375,67.37353515625,0.05445496365427971
eval,24114,2019-04-01 20:00:00,270,278,1482.8681640625,33.14912033081055,0.017797287553548813
eval,24114,2019-04-01 20:00:00,271,279,1788.451171875,33.48374938964844,0.02009507454931736
eval,24114,2019-04-01 20:00:00,272,280,11155.1513671875,92.79960632324219,0.0317840650677681
eval,24114,2019-04-01 20:00:00,273,281,81417.2890625,239.07687377929688,0.02955242246389389
eval,24114,2019-04-01 20:00:00,274,282,4959.5810546875,61.42293930053711,0.10816650092601776
eval,24114,2019-04-01 20:00:00,275,283,124.07438659667969,8.207202911376953,0.008990403264760971
eval,24114,2019-04-01 20:00:00,276,284,1647.744140625,30.38482666015625,0.03329857811331749
eval,24114,2019-04-01 20:00:00,277,285,257.86236572265625,13.196676254272461,0.017302196472883224
eval,24114,2019-04-01 20:00:00,278,286,981.3048706054688,23.913541793823242,0.0601968877017498
eval,24114,2019-04-01 20:00:00,279,287,8634.345703125,56.131988525390625,0.2814534306526184
eval,24114,2019-04-01 20:00:00,280,288,13120.923828125,74.164794921875,0.1671900600194931
eval,24114,2019-04-01 20:00:00,281,289,5156.95703125,38.776885986328125,0.07216513156890869
eval,24114,2019-04-01 20:00:00,282,290,796673.6875,635.4867553710938,0.013006377033889294
eval,24114,2019-04-01 20:00:00,283,291,2633.30712890625,35.406368255615234,0.018962128087878227
eval,24114,2019-04-01 20:00:00,284,292,137089.0,268.0538330078125,0.030540332198143005
eval,24114,2019-04-01 20:00:00,285,293,46673.3515625,172.71629333496094,0.12525278329849243
eval,24114,2019-04-01 20:00:00,286,294,1734.4334716796875,30.54425621032715,0.009067516773939133
eval,24114,2019-04-01 20:00:00,287,295,1945.2734375,29.75455093383789,0.007379741873592138
eval,24114,2019-04-01 20:00:00,288,296,34620.53125,147.11932373046875,0.003714523743838072
eval,24114,2019-04-01 20:00:00,289,297,3503.379638671875,40.46342086791992,0.013591280207037926
eval,24114,2019-04-01 20:00:00,290,299,498.2989196777344,13.070564270019531,0.24058787524700165
eval,24114,2019-04-01 20:00:00,291,300,25962.0859375,111.51348876953125,0.10035695880651474
eval,24114,2019-04-01 20:00:00,292,301,59581.1875,175.40969848632812,0.028436053544282913
eval,24114,2019-04-01 20:00:00,293,302,533736.375,499.414794921875,0.04021534323692322
eval,24114,2019-04-01 20:00:00,294,303,19422.48828125,93.93244934082031,0.14988984167575836
eval,24114,2019-04-01 20:00:00,295,304,2488.640625,38.54100799560547,0.00467850174754858
eval,24114,2019-04-01 20:00:00,296,305,42899.5234375,134.91744995117188,0.2920517921447754
eval,24114,2019-04-01 20:00:00,297,306,12162.052734375,84.23268127441406,0.004181557334959507
eval,24114,2019-04-01 20:00:00,298,307,48.99433517456055,6.0677595138549805,0.04664355516433716
eval,24114,2019-04-01 20:00:00,299,308,327469.1875,420.20587158203125,0.015550289303064346
eval,24114,2019-04-01 20:00:00,300,309,224082.1875,299.2304382324219,0.05681449919939041
eval,24114,2019-04-01 20:00:00,301,310,2329.848388671875,41.452171325683594,0.15090978145599365
eval,24114,2019-04-01 20:00:00,302,311,55124.296875,152.12347412109375,0.03952962905168533
eval,24114,2019-04-01 20:00:00,303,312,2229.4541015625,37.64453887939453,0.0034960913471877575
eval,24114,2019-04-01 20:00:00,304,313,1089548032.0,25705.71875,0.05088480934500694
eval,24114,2019-04-01 20:00:00,305,314,601723.25,608.4259033203125,0.015444955788552761
eval,24114,2019-04-01 20:00:00,306,315,11812556.0,2554.16943359375,0.11336176097393036
eval,24114,2019-04-01 20:00:00,307,316,2693.60986328125,44.20378112792969,0.07238593697547913
eval,24114,2019-04-01 20:00:00,308,317,1078.780029296875,26.225933074951172,0.5714653730392456
eval,24114,2019-04-01 20:00:00,309,318,24029.630859375,127.36752319335938,0.1481473594903946
eval,24114,2019-04-01 20:00:00,310,319,11108.5390625,66.60310363769531,0.1545904576778412
eval,24114,2019-04-01 20:00:00,311,OT,92066.5625,273.3999328613281,0.2911235988140106
eval,24370,2019-04-12 12:00:00,0,0,4.4474992752075195,1.2482973337173462,0.19409701228141785
eval,24370,2019-04-12 12:00:00,1,1,35.00053024291992,4.346345901489258,0.1328936666250229
eval,24370,2019-04-12 12:00:00,2,2,0.11297044157981873,0.1935962736606598,0.06463828682899475
eval,24370,2019-04-12 12:00:00,3,3,1801.12841796875,38.09615707397461,0.15165263414382935
eval,24370,2019-04-12 12:00:00,4,4,866.50830078125,21.4516658782959,0.4584464728832245
eval,24370,2019-04-12 12:00:00,5,5,3728.530029296875,41.92015838623047,0.11282110214233398
eval,24370,2019-04-12 12:00:00,6,7,2826.674560546875,40.79644775390625,0.0910271406173706
eval,24370,2019-04-12 12:00:00,7,8,482.3384704589844,17.974714279174805,0.2017901986837387
eval,24370,2019-04-12 12:00:00,8,9,2338.21630859375,29.877548217773438,0.26557326316833496
eval,24370,2019-04-12 12:00:00,9,10,128.60818481445312,8.11993408203125,0.1288367509841919
eval,24370,2019-04-12 12:00:00,10,11,380.8046875,14.711372375488281,0.009496733546257019
eval,24370,2019-04-12 12:00:00,11,12,122.01445007324219,8.771673202514648,0.04252566024661064
eval,24370,2019-04-12 12:00:00,12,13,323.1380615234375,14.859512329101562,0.2520110309123993
eval,24370,2019-04-12 12:00:00,13,14,595.5848388671875,14.25616455078125,0.32451722025871277
eval,24370,2019-04-12 12:00:00,14,15,9904.3671875,76.87635803222656,0.14971332252025604
eval,24370,2019-04-12 12:00:00,15,16,14.3809232711792,3.0263497829437256,0.24571000039577484
eval,24370,2019-04-12 12:00:00,16,17,2546.8662109375,43.70151901245117,2.358006477355957
eval,24370,2019-04-12 12:00:00,17,18,1164.737548828125,26.570892333984375,0.05745399743318558
eval,24370,2019-04-12 12:00:00,18,19,73.44091796875,7.13129997253418,0.02620597556233406
eval,24370,2019-04-12 12:00:00,19,20,39.548583984375,4.435986518859863,0.11520474404096603
eval,24370,2019-04-12 12:00:00,20,21,8060.537109375,68.894287109375,0.1779567301273346
eval,24370,2019-04-12 12:00:00,21,22,84.43742370605469,6.811244010925293,0.11295285820960999
eval,24370,2019-04-12 12:00:00,22,23,94.72787475585938,7.442071437835693,0.1638023555278778
eval,24370,2019-04-12 12:00:00,23,24,1061.7069091796875,24.060932159423828,0.2655336558818817
eval,24370,2019-04-12 12:00:00,24,25,660.9074096679688,20.587480545043945,0.04640023037791252
eval,24370,2019-04-12 12:00:00,25,26,714.4132690429688,19.81201934814453,0.10876382887363434
eval,24370,2019-04-12 12:00:00,26,27,31.728660583496094,4.70017147064209,0.13811056315898895
eval,24370,2019-04-12 12:00:00,27,28,2316.447265625,36.95392990112305,0.22529339790344238
eval,24370,2019-04-12 12:00:00,28,29,145.52659606933594,8.729875564575195,0.007663749158382416
eval,24370,2019-04-12 12:00:00,29,30,486.177978515625,18.419082641601562,0.04594281315803528
eval,24370,2019-04-12 12:00:00,30,31,1072.3712158203125,26.665355682373047,0.10903185606002808
eval,24370,2019-04-12 12:00:00,31,32,340.4663391113281,13.699039459228516,0.07627800852060318
eval,24370,2019-04-12 12:00:00,32,33,334.6880187988281,10.156636238098145,0.30495068430900574
eval,24370,2019-04-12 12:00:00,33,34,149829.421875,304.2319030761719,0.16253623366355896
eval,24370,2019-04-12 12:00:00,34,35,162.08009338378906,8.029735565185547,0.16889747977256775
eval,24370,2019-04-12 12:00:00,35,36,21866.8046875,88.85749816894531,2.0930981636047363
eval,24370,2019-04-12 12:00:00,36,37,1546.8260498046875,34.786163330078125,0.0977422446012497
eval,24370,2019-04-12 12:00:00,37,38,156.16500854492188,10.34378433227539,0.1570083498954773
eval,24370,2019-04-12 12:00:00,38,39,82.4063720703125,7.688475608825684,0.4511580467224121
eval,24370,2019-04-12 12:00:00,39,40,40578.390625,175.6030731201172,0.048600684851408005
eval,24370,2019-04-12 12:00:00,40,41,3482.18603515625,44.30021286010742,0.11428765952587128
eval,24370,2019-04-12 12:00:00,41,42,485.7614440917969,17.185894012451172,0.1515074223279953
eval,24370,2019-04-12 12:00:00,42,43,164.0221405029297,10.776049613952637,0.18572944402694702
eval,24370,2019-04-12 12:00:00,43,44,610.7816772460938,20.743104934692383,0.06942800432443619
eval,24370,2019-04-12 12:00:00,44,45,180.6001434326172,10.511455535888672,0.056501418352127075
eval,24370,2019-04-12 12:00:00,45,46,50.945098876953125,5.202813625335693,0.2588265836238861
eval,24370,2019-04-12 12:00:00,46,47,199.8717498779297,10.913222312927246,0.1412019431591034
eval,24370,2019-04-12 12:00:00,47,48,432.890625,14.314227104187012,0.2447282075881958
eval,24370,2019-04-12 12:00:00,48,49,904.5277099609375,22.95844078063965,0.12509344518184662
eval,24370,2019-04-12 12:00:00,49,50,10870.7373046875,73.21243286132812,1.1538097858428955
eval,24370,2019-04-12 12:00:00,50,51,21.928874969482422,4.197404861450195,0.06437691301107407
eval,24370,2019-04-12 12:00:00,51,52,1118.927978515625,24.424823760986328,0.2806347608566284
eval,24370,2019-04-12 12:00:00,52,53,180.3494110107422,9.354736328125,0.08061370253562927
eval,24370,2019-04-12 12:00:00,53,54,138.3241424560547,7.99594783782959,0.1442526876926422
eval,24370,2019-04-12 12:00:00,54,55,108480.796875,231.05380249023438,0.049316149204969406
eval,24370,2019-04-12 12:00:00,55,56,278.037353515625,12.393877983093262,0.06434671580791473
eval,24370,2019-04-12 12:00:00,56,58,4872.3046875,54.58686447143555,0.09652417153120041
eval,24370,2019-04-12 12:00:00,57,59,2134.2138671875,33.48735046386719,0.1313779652118683
eval,24370,2019-04-12 12:00:00,58,60,2092.49072265625,39.22042465209961,0.12337224930524826
eval,24370,2019-04-12 12:00:00,59,61,223.135986328125,10.534440994262695,0.16668300330638885
eval,24370,2019-04-12 12:00:00,60,62,167.3866424560547,8.259767532348633,0.08004593104124069
eval,24370,2019-04-12 12:00:00,61,63,1113.453369140625,23.992856979370117,0.19323322176933289
eval,24370,2019-04-12 12:00:00,62,64,228.20144653320312,12.561182975769043,0.045342348515987396
eval,24370,2019-04-12 12:00:00,63,65,649.8273315429688,18.48198890686035,0.12113127112388611
eval,24370,2019-04-12 12:00:00,64,66,380.073974609375,15.3170166015625,0.2507665753364563
eval,24370,2019-04-12 12:00:00,65,67,431.1539001464844,18.006811141967773,0.1447213888168335
eval,24370,2019-04-12 12:00:00,66,68,198.0350341796875,10.049060821533203,0.03971273824572563
eval,24370,2019-04-12 12:00:00,67,69,49.47583770751953,5.061854362487793,0.0783480703830719
eval,24370,2019-04-12 12:00:00,68,70,72.94212341308594,6.358966827392578,0.06835412979125977
eval,24370,2019-04-12 12:00:00,69,71,64.18875122070312,6.426242828369141,0.15219560265541077
eval,24370,2019-04-12 12:00:00,70,72,1033.108154296875,21.95223045349121,0.08045169711112976
eval,24370,2019-04-12 12:00:00,71,73,124.41593933105469,9.567934036254883,0.11057797074317932
eval,24370,2019-04-12 12:00:00,72,74,237.55783081054688,11.670317649841309,0.06751774996519089
eval,24370,2019-04-12 12:00:00,73,75,11432.1123046875,78.21626281738281,0.06326379626989365
eval,24370,2019-04-12 12:00:00,74,76,1870.1478271484375,34.431819915771484,0.23775146901607513
eval,24370,2019-04-12 12:00:00,75,77,15128.734375,100.0298080444336,0.06138118356466293
eval,24370,2019-04-12 12:00:00,76,78,1738.6385498046875,30.844175338745117,0.10752978175878525
eval,24370,2019-04-12 12:00:00,77,79,3865.8349609375,44.37992477416992,0.08466379344463348
eval,24370,2019-04-12 12:00:00,78,80,14747.654296875,90.39002990722656,0.37860986590385437
eval,24370,2019-04-12 12:00:00,79,81,231560.25,330.091552734375,1.9076147079467773
eval,24370,2019-04-12 12:00:00,80,82,7378.93359375,76.02764129638672,0.6322335004806519
eval,24370,2019-04-12 12:00:00,81,83,535.653564453125,9.640748023986816,0.004788580816239119
eval,24370,2019-04-12 12:00:00,82,84,87.23155212402344,7.50373649597168,0.13152216374874115
eval,24370,2019-04-12 12:00:00,83,85,1.692521095275879,0.6503341197967529,0.002701426623389125
eval,24370,2019-04-12 12:00:00,84,86,16.662174224853516,3.3779799938201904,0.04172541946172714
eval,24370,2019-04-12 12:00:00,85,87,1150.177001953125,26.696401596069336,0.0039954110980033875
eval,24370,2019-04-12 12:00:00,86,88,52294.7109375,130.13919067382812,0.017727617174386978
eval,24370,2019-04-12 12:00:00,87,89,435455.75,491.4202880859375,0.03482208400964737
eval,24370,2019-04-12 12:00:00,88,90,5637.40966796875,49.290550231933594,0.16707216203212738
eval,24370,2019-04-12 12:00:00,89,91,36489.76171875,139.01174926757812,0.018577255308628082
eval,24370,2019-04-12 12:00:00,90,92,273463.6875,309.44110107421875,0.07637794315814972
eval,24370,2019-04-12 12:00:00,91,93,70959.90625,225.006103515625,0.012187335640192032
eval,24370,2019-04-12 12:00:00,92,94,26822.953125,138.53025817871094,0.012707638554275036
eval,24370,2019-04-12 12:00:00,93,95,32856.8046875,136.56185913085938,0.07590978592634201
eval,24370,2019-04-12 12:00:00,94,96,34893.4375,163.92547607421875,0.14326970279216766
eval,24370,2019-04-12 12:00:00,95,97,768.6527709960938,20.73563575744629,0.04341947287321091
eval,24370,2019-04-12 12:00:00,96,98,1421.369873046875,30.638973236083984,0.5145834684371948
eval,24370,2019-04-12 12:00:00,97,99,121.89303588867188,7.1464152336120605,0.00841686874628067
eval,24370,2019-04-12 12:00:00,98,100,12063.03515625,79.91361999511719,0.05282251164317131
eval,24370,2019-04-12 12:00:00,99,101,248.66690063476562,12.785093307495117,0.04654587060213089
eval,24370,2019-04-12 12:00:00,100,102,352.7957458496094,14.93096923828125,0.08214321732521057
eval,24370,2019-04-12 12:00:00,101,103,8236.7021484375,64.96083068847656,0.019462252035737038
eval,24370,2019-04-12 12:00:00,102,104,17.292251586914062,3.6369781494140625,0.017010413110256195
eval,24370,2019-04-12 12:00:00,103,105,14937.609375,92.55021667480469,0.29772111773490906
eval,24370,2019-04-12 12:00:00,104,107,959.3792724609375,15.365835189819336,0.32665106654167175
eval,24370,2019-04-12 12:00:00,105,108,163.6519317626953,8.842605590820312,0.03812388703227043
eval,24370,2019-04-12 12:00:00,106,109,1616.76123046875,24.991844177246094,0.016298342496156693
eval,24370,2019-04-12 12:00:00,107,110,839.2587890625,22.79305648803711,0.06007919833064079
eval,24370,2019-04-12 12:00:00,108,111,4916.47607421875,58.246726989746094,0.6742591857910156
eval,24370,2019-04-12 12:00:00,109,112,20679.96875,111.23263549804688,0.10999225080013275
eval,24370,2019-04-12 12:00:00,110,114,0.4587171673774719,0.6088573336601257,2.4087095260620117
eval,24370,2019-04-12 12:00:00,111,115,16.35895347595215,3.216958522796631,0.0012340585235506296
eval,24370,2019-04-12 12:00:00,112,116,3898.752685546875,54.08892059326172,0.5010598301887512
eval,24370,2019-04-12 12:00:00,113,117,6.8755598068237305,2.1850078105926514,0.03958113491535187
eval,24370,2019-04-12 12:00:00,114,118,392.99859619140625,17.22249984741211,7.924322128295898
eval,24370,2019-04-12 12:00:00,115,119,8908.3798828125,72.77864837646484,0.09308628737926483
eval,24370,2019-04-12 12:00:00,116,120,130.3483428955078,8.722183227539062,0.03035157546401024
eval,24370,2019-04-12 12:00:00,117,121,9.070101737976074,2.33845591545105,0.4073239266872406
eval,24370,2019-04-12 12:00:00,118,122,47.933868408203125,4.619109630584717,0.4390050768852234
eval,24370,2019-04-12 12:00:00,119,123,140.9557342529297,7.825691223144531,0.0030634854920208454
eval,24370,2019-04-12 12:00:00,120,124,339.0510559082031,14.93841552734375,0.0065113636665046215
eval,24370,2019-04-12 12:00:00,121,125,127.88152313232422,8.619444847106934,0.6396498084068298
eval,24370,2019-04-12 12:00:00,122,126,3260.00390625,42.29075241088867,0.02338491380214691
eval,24370,2019-04-12 12:00:00,123,128,1021502.0,785.8211669921875,0.3826074004173279
eval,24370,2019-04-12 12:00:00,124,129,3663.559326171875,43.761253356933594,0.11930541694164276
eval,24370,2019-04-12 12:00:00,125,130,123.14064025878906,7.34114408493042,0.004042789340019226
eval,24370,2019-04-12 12:00:00,126,131,279911.5,450.039794921875,0.29245102405548096
eval,24370,2019-04-12 12:00:00,127,132,95800.640625,235.73745727539062,0.409509539604187
eval,24370,2019-04-12 12:00:00,128,133,168523.328125,312.4512634277344,0.22121009230613708
eval,24370,2019-04-12 12:00:00,129,134,9269.859375,66.84506225585938,0.18576467037200928
eval,24370,2019-04-12 12:00:00,130,135,109033.3671875,277.93475341796875,0.06308819353580475
eval,24370,2019-04-12 12:00:00,131,136,549.7056274414062,18.6584415435791,0.02550577186048031
eval,24370,2019-04-12 12:00:00,132,137,177.69151306152344,11.054765701293945,0.11029815673828125
eval,24370,2019-04-12 12:00:00,133,138,915.3146362304688,24.019819259643555,0.019139640033245087
eval,24370,2019-04-12 12:00:00,134,139,1243.297119140625,15.251585960388184,0.07948713004589081
eval,24370,2019-04-12 12:00:00,135,140,763.6576538085938,22.864032745361328,0.03245490789413452
eval,24370,2019-04-12 12:00:00,136,141,4765.9189453125,54.412899017333984,0.09150835871696472
eval,24370,2019-04-12 12:00:00,137,142,513.091796875,18.27100944519043,0.0575074627995491
eval,24370,2019-04-12 12:00:00,138,144,247.8577880859375,13.833369255065918,0.09103226661682129
eval,24370,2019-04-12 12:00:00,139,145,824.2653198242188,21.520299911499023,0.0931602269411087
eval,24370,2019-04-12 12:00:00,140,146,320.1730651855469,15.40003490447998,0.026567263528704643
eval,24370,2019-04-12 12:00:00,141,147,121.51720428466797,10.207275390625,0.07890728116035461
eval,24370,2019-04-12 12:00:00,142,148,15632.345703125,106.89630126953125,0.10562340915203094
eval,24370,2019-04-12 12:00:00,143,149,3576.785888671875,50.958221435546875,0.036167945712804794
eval,24370,2019-04-12 12:00:00,144,150,295142.75,491.1073913574219,0.10214223712682724
eval,24370,2019-04-12 12:00:00,145,151,24473.828125,136.92568969726562,0.14873862266540527
eval,24370,2019-04-12 12:00:00,146,152,1978.999755859375,36.29266357421875,0.022919615730643272
eval,24370,2019-04-12 12:00:00,147,153,316770.8125,493.3060302734375,0.049755096435546875
eval,24370,2019-04-12 12:00:00,148,154,6933.15185546875,72.9869613647461,0.03714502230286598
eval,24370,2019-04-12 12:00:00,149,155,26918558.0,4422.3037109375,0.07650677859783173
eval,24370,2019-04-12 12:00:00,150,156,3643.144287109375,50.673118591308594,0.07307277619838715
eval,24370,2019-04-12 12:00:00,151,157,13423.1162109375,85.55841064453125,0.2200206220149994
eval,24370,2019-04-12 12:00:00,152,158,125412.21875,236.63931274414062,0.2821778357028961
eval,24370,2019-04-12 12:00:00,153,159,50413.3203125,203.5424041748047,0.08626993745565414
eval,24370,2019-04-12 12:00:00,154,160,3757.421875,45.602386474609375,0.06297693401575089
eval,24370,2019-04-12 12:00:00,155,161,3048.4287109375,48.798179626464844,0.04928018897771835
eval,24370,2019-04-12 12:00:00,156,162,22298.818359375,121.15655517578125,0.04301774129271507
eval,24370,2019-04-12 12:00:00,157,163,64102.140625,208.50277709960938,0.07116827368736267
eval,24370,2019-04-12 12:00:00,158,164,23799.484375,121.4297103881836,0.12603870034217834
eval,24370,2019-04-12 12:00:00,159,165,10960.5859375,74.48358917236328,0.19362585246562958
eval,24370,2019-04-12 12:00:00,160,166,59963.0234375,192.05029296875,0.06985490769147873
eval,24370,2019-04-12 12:00:00,161,167,2215285.0,963.1495361328125,0.039618510752916336
eval,24370,2019-04-12 12:00:00,162,168,10151.470703125,81.86878204345703,0.05709351599216461
eval,24370,2019-04-12 12:00:00,163,169,19704.333984375,124.357421875,0.07734939455986023
eval,24370,2019-04-12 12:00:00,164,170,2934.2861328125,43.77435302734375,0.06078581139445305
eval,24370,2019-04-12 12:00:00,165,171,756.082763671875,21.191877365112305,0.0056086196564137936
eval,24370,2019-04-12 12:00:00,166,172,98659.484375,261.4019775390625,0.11695659160614014
eval,24370,2019-04-12 12:00:00,167,173,10386.701171875,82.4259033203125,0.057271670550107956
eval,24370,2019-04-12 12:00:00,168,174,7832.97412109375,74.58614349365234,0.08061475306749344
eval,24370,2019-04-12 12:00:00,169,175,123284.546875,321.3721008300781,0.015305417589843273
eval,24370,2019-04-12 12:00:00,170,176,5352.36181640625,53.950706481933594,0.04850202053785324
eval,24370,2019-04-12 12:00:00,171,177,97291.2734375,277.41461181640625,0.062105175107717514
eval,24370,2019-04-12 12:00:00,172,178,20247.54296875,125.64353942871094,0.05395696684718132
eval,24370,2019-04-12 12:00:00,173,179,295597.75,437.374267578125,0.021795716136693954
eval,24370,2019-04-12 12:00:00,174,180,2226.96435546875,41.08924102783203,0.08451786637306213
eval,24370,2019-04-12 12:00:00,175,181,93935.421875,262.7019348144531,0.06328170746564865
eval,24370,2019-04-12 12:00:00,176,183,2720.561767578125,43.61521530151367,0.02689206227660179
eval,24370,2019-04-12 12:00:00,177,184,32093.79296875,146.89015197753906,0.16509786248207092
eval,24370,2019-04-12 12:00:00,178,185,2655.1533203125,41.975990295410156,0.03159497305750847
eval,24370,2019-04-12 12:00:00,179,186,6710769.0,1670.699951171875,0.13597476482391357
eval,24370,2019-04-12 12:00:00,180,187,103422.625,247.00265502929688,0.11411165446043015
eval,24370,2019-04-12 12:00:00,181,188,1496.83203125,28.49163818359375,0.19613432884216309
eval,24370,2019-04-12 12:00:00,182,189,10638.015625,86.55406188964844,0.025650769472122192
eval,24370,2019-04-12 12:00:00,183,190,217.04180908203125,13.173580169677734,0.0255166944116354
eval,24370,2019-04-12 12:00:00,184,191,538.79541015625,18.491661071777344,0.02025093138217926
eval,24370,2019-04-12 12:00:00,185,192,201.31163024902344,11.77789306640625,0.025361057370901108
eval,24370,2019-04-12 12:00:00,186,193,6711.97265625,68.44026184082031,0.013929854147136211
eval,24370,2019-04-12 12:00:00,187,194,3097.88134765625,41.52116394042969,0.1844860017299652
eval,24370,2019-04-12 12:00:00,188,195,247.3868408203125,11.320913314819336,0.03454800322651863
eval,24370,2019-04-12 12:00:00,189,196,5277.06689453125,54.14697265625,0.05533711239695549
eval,24370,2019-04-12 12:00:00,190,197,682.5953369140625,19.431419372558594,0.17393451929092407
eval,24370,2019-04-12 12:00:00,191,198,10334.8125,84.72311401367188,0.08265822380781174
eval,24370,2019-04-12 12:00:00,192,199,413167.34375,458.4814453125,0.0812544971704483
eval,24370,2019-04-12 12:00:00,193,200,4750.29150390625,49.633644104003906,0.12053874135017395
eval,24370,2019-04-12 12:00:00,194,201,3367.86865234375,40.46318817138672,0.12993527948856354
eval,24370,2019-04-12 12:00:00,195,202,1179.4315185546875,27.729686737060547,0.05513644218444824
eval,24370,2019-04-12 12:00:00,196,203,3346.387451171875,44.07477951049805,0.1188742145895958
eval,24370,2019-04-12 12:00:00,197,204,29843.03515625,133.90142822265625,0.05491065979003906
eval,24370,2019-04-12 12:00:00,198,205,17695.6171875,118.31200408935547,0.059875957667827606
eval,24370,2019-04-12 12:00:00,199,206,901.604736328125,24.50996971130371,0.03181634843349457
eval,24370,2019-04-12 12:00:00,200,207,163.86618041992188,9.703810691833496,0.03631824254989624
eval,24370,2019-04-12 12:00:00,201,208,342.8615417480469,14.875673294067383,0.04837413132190704
eval,24370,2019-04-12 12:00:00,202,209,505.86004638671875,18.614208221435547,0.10233379900455475
eval,24370,2019-04-12 12:00:00,203,210,2770.2109375,44.868003845214844,0.03896711394190788
eval,24370,2019-04-12 12:00:00,204,211,5051.68115234375,41.28010559082031,0.03619568049907684
eval,24370,2019-04-12 12:00:00,205,212,4504.1455078125,52.685028076171875,0.049394309520721436
eval,24370,2019-04-12 12:00:00,206,213,670.66357421875,22.338598251342773,0.03288549929857254
eval,24370,2019-04-12 12:00:00,207,214,469.4456481933594,17.155712127685547,0.024639910086989403
eval,24370,2019-04-12 12:00:00,208,215,1257.5989990234375,28.298782348632812,0.06713537871837616
eval,24370,2019-04-12 12:00:00,209,216,3595.711669921875,49.208251953125,0.308132529258728
eval,24370,2019-04-12 12:00:00,210,217,4477.86474609375,50.0283203125,0.07703132927417755
eval,24370,2019-04-12 12:00:00,211,218,150.41653442382812,9.356654167175293,0.031320881098508835
eval,24370,2019-04-12 12:00:00,212,219,765.72412109375,19.726726531982422,0.03163888677954674
eval,24370,2019-04-12 12:00:00,213,220,1135.121826171875,24.120525360107422,0.022231450304389
eval,24370,2019-04-12 12:00:00,214,221,2763.44482421875,43.890655517578125,0.0432841032743454
eval,24370,2019-04-12 12:00:00,215,222,1709.126708984375,33.39654541015625,0.04281383752822876
eval,24370,2019-04-12 12:00:00,216,223,8594.56640625,75.02888488769531,0.1153280958533287
eval,24370,2019-04-12 12:00:00,217,224,124.49705505371094,9.372861862182617,0.0212564617395401
eval,24370,2019-04-12 12:00:00,218,225,1780.8779296875,37.71711349487305,0.04366786405444145
eval,24370,2019-04-12 12:00:00,219,226,39088.44140625,178.09140014648438,0.060239385813474655
eval,24370,2019-04-12 12:00:00,220,227,277.9701843261719,14.655296325683594,0.04791278764605522
eval,24370,2019-04-12 12:00:00,221,228,1068.787353515625,27.864669799804688,0.05520620197057724
eval,24370,2019-04-12 12:00:00,222,229,982.0408935546875,26.410892486572266,0.061506323516368866
eval,24370,2019-04-12 12:00:00,223,230,6731.6591796875,73.25865173339844,0.03289048373699188
eval,24370,2019-04-12 12:00:00,224,231,4643.1953125,55.7851676940918,0.07047545909881592
eval,24370,2019-04-12 12:00:00,225,232,733.1219482421875,21.58184814453125,0.051424525678157806
eval,24370,2019-04-12 12:00:00,226,233,458555.71875,574.4408569335938,0.08794160187244415
eval,24370,2019-04-12 12:00:00,227,234,169.65817260742188,9.09622859954834,0.0169531162828207
eval,24370,2019-04-12 12:00:00,228,235,213.13003540039062,11.30103874206543,0.026826312765479088
eval,24370,2019-04-12 12:00:00,229,236,8068072.0,2260.5927734375,0.10599134862422943
eval,24370,2019-04-12 12:00:00,230,237,8338.64453125,71.52395629882812,0.07348357141017914
eval,24370,2019-04-12 12:00:00,231,238,675.43798828125,23.473724365234375,0.10503269731998444
eval,24370,2019-04-12 12:00:00,232,239,675.7250366210938,20.06108856201172,0.13708078861236572
eval,24370,2019-04-12 12:00:00,233,240,2212.381591796875,36.67274475097656,0.040292106568813324
eval,24370,2019-04-12 12:00:00,234,241,499.896240234375,16.397357940673828,0.11632148921489716
eval,24370,2019-04-12 12:00:00,235,242,408.0700378417969,16.89754867553711,0.0267067551612854
eval,24370,2019-04-12 12:00:00,236,243,1612.318603515625,31.026960372924805,0.06978744268417358
eval,24370,2019-04-12 12:00:00,237,244,837.222412109375,25.766616821289062,0.03332549333572388
eval,24370,2019-04-12 12:00:00,238,246,13497.703125,92.08544921875,0.08760734647512436
eval,24370,2019-04-12 12:00:00,239,247,178.41690063476562,10.630014419555664,0.04836350679397583
eval,24370,2019-04-12 12:00:00,240,248,1767.92626953125,36.618404388427734,0.04942053183913231
eval,24370,2019-04-12 12:00:00,241,249,426.82904052734375,14.871953964233398,0.02720082364976406
eval,24370,2019-04-12 12:00:00,242,250,14148.74609375,98.8210678100586,0.05170002579689026
eval,24370,2019-04-12 12:00:00,243,251,15711.5078125,102.91596984863281,0.24405038356781006
eval,24370,2019-04-12 12:00:00,244,252,160.46902465820312,9.441649436950684,0.02727927267551422
eval,24370,2019-04-12 12:00:00,245,253,440.9913024902344,16.592601776123047,0.017972171306610107
eval,24370,2019-04-12 12:00:00,246,254,17490.12890625,114.21489715576172,0.021019814535975456
eval,24370,2019-04-12 12:00:00,247,255,6464.966796875,61.81498718261719,0.05705275386571884
eval,24370,2019-04-12 12:00:00,248,256,529.1754150390625,17.469816207885742,0.05481373518705368
eval,24370,2019-04-12 12:00:00,249,257,725.5323486328125,20.141239166259766,0.0548231303691864
eval,24370,2019-04-12 12:00:00,250,258,322.557861328125,15.782936096191406,0.03128787502646446
eval,24370,2019-04-12 12:00:00,251,259,969.59765625,21.86598777770996,0.0328105166554451
eval,24370,2019-04-12 12:00:00,252,260,272.50439453125,12.527355194091797,0.0613674595952034
eval,24370,2019-04-12 12:00:00,253,261,845.1554565429688,18.933551788330078,0.1175486370921135
eval,24370,2019-04-12 12:00:00,254,262,35899.03125,142.67361450195312,0.041301898658275604
eval,24370,2019-04-12 12:00:00,255,263,3787.894287109375,56.26280975341797,0.0831214040517807
eval,24370,2019-04-12 12:00:00,256,264,15517.068359375,86.39144134521484,0.09898736327886581
eval,24370,2019-04-12 12:00:00,257,265,1346.5660400390625,28.354568481445312,0.06783315539360046
eval,24370,2019-04-12 12:00:00,258,266,11314.59375,92.0487289428711,0.07471305131912231
eval,24370,2019-04-12 12:00:00,259,267,2111.5478515625,34.93268585205078,0.025573864579200745
eval,24370,2019-04-12 12:00:00,260,268,84339.0390625,264.33734130859375,0.0550306998193264
eval,24370,2019-04-12 12:00:00,261,269,360.42205810546875,16.824310302734375,0.05449269711971283
eval,24370,2019-04-12 12:00:00,262,270,4850.07958984375,59.462486267089844,0.03427867591381073
eval,24370,2019-04-12 12:00:00,263,271,14008.4794921875,98.72493743896484,0.029468011111021042
eval,24370,2019-04-12 12:00:00,264,272,718.9528198242188,22.17523193359375,0.021587951108813286
eval,24370,2019-04-12 12:00:00,265,273,307.27777099609375,13.209638595581055,0.03152772784233093
eval,24370,2019-04-12 12:00:00,266,274,1108.189453125,28.480663299560547,0.08151914179325104
eval,24370,2019-04-12 12:00:00,267,275,420.726806640625,16.41438102722168,0.03932798653841019
eval,24370,2019-04-12 12:00:00,268,276,170437.984375,354.25286865234375,0.05369901284575462
eval,24370,2019-04-12 12:00:00,269,277,7476.41357421875,75.12919616699219,0.0806712806224823
eval,24370,2019-04-12 12:00:00,270,278,4997.5380859375,58.160804748535156,0.07267619669437408
eval,24370,2019-04-12 12:00:00,271,279,5897.2109375,58.997283935546875,0.08027873933315277
eval,24370,2019-04-12 12:00:00,272,280,11126.4208984375,89.54933166503906,0.03968700394034386
eval,24370,2019-04-12 12:00:00,273,281,236298.90625,434.00848388671875,0.09689363837242126
eval,24370,2019-04-12 12:00:00,274,282,2228.52783203125,43.58150863647461,0.057969607412815094
eval,24370,2019-04-12 12:00:00,275,283,132.99264526367188,9.482075691223145,0.010761539451777935
eval,24370,2019-04-12 12:00:00,276,284,4353.2626953125,55.724090576171875,0.09143750369548798
eval,24370,2019-04-12 12:00:00,277,285,191.518310546875,10.977081298828125,0.01354360580444336
eval,24370,2019-04-12 12:00:00,278,286,1267.911865234375,15.406359672546387,0.07634371519088745
eval,24370,2019-04-12 12:00:00,279,287,749.06103515625,19.209300994873047,0.03164924681186676
eval,24370,2019-04-12 12:00:00,280,288,8854.9658203125,62.35032272338867,0.23043414950370789
eval,24370,2019-04-12 12:00:00,281,289,6325.64208984375,58.02219772338867,0.102275550365448
eval,24370,2019-04-12 12:00:00,282,290,3030544.5,1215.564697265625,0.06934072822332382
eval,24370,2019-04-12 12:00:00,283,291,4427.189453125,45.781612396240234,0.03606344014406204
eval,24370,2019-04-12 12:00:00,284,292,259374.625,387.2376403808594,0.05921609699726105
eval,24370,2019-04-12 12:00:00,285,293,5451.21142578125,53.4361572265625,0.014858784154057503
eval,24370,2019-04-12 12:00:00,286,294,2901.264404296875,39.75318908691406,0.01904045045375824
eval,24370,2019-04-12 12:00:00,287,295,37515.21484375,154.5758514404297,0.18037492036819458
eval,24370,2019-04-12 12:00:00,288,296,6379505.5,1201.5277099609375,0.616621196269989
eval,24370,2019-04-12 12:00:00,289,297,169980.34375,219.91714477539062,0.5311870574951172
eval,24370,2019-04-12 12:00:00,290,299,5791.81640625,54.522796630859375,3.0207700729370117
eval,24370,2019-04-12 12:00:00,291,300,13376.3818359375,53.933631896972656,0.06468281894922256
eval,24370,2019-04-12 12:00:00,292,301,37477.484375,118.84910583496094,0.020289994776248932
eval,24370,2019-04-12 12:00:00,293,302,220596.78125,338.62274169921875,0.01845843717455864
eval,24370,2019-04-12 12:00:00,294,303,19643.05078125,103.44544982910156,0.14442864060401917
eval,24370,2019-04-12 12:00:00,295,304,5867.0654296875,56.45362854003906,0.01088848989456892
eval,24370,2019-04-12 12:00:00,296,305,4061.244140625,46.01488494873047,0.035945456475019455
eval,24370,2019-04-12 12:00:00,297,306,40847.765625,117.70064544677734,0.015205062925815582
eval,24370,2019-04-12 12:00:00,298,307,189.57164001464844,9.928847312927246,0.1337922215461731
eval,24370,2019-04-12 12:00:00,299,308,157986.984375,309.8540344238281,0.008055385202169418
eval,24370,2019-04-12 12:00:00,300,309,210016.375,332.30706787109375,0.05174227058887482
eval,24370,2019-04-12 12:00:00,301,310,903.2904052734375,18.84477996826172,0.04973585158586502
eval,24370,2019-04-12 12:00:00,302,311,82782.7890625,230.96267700195312,0.05656333267688751
eval,24370,2019-04-12 12:00:00,303,312,13787.951171875,86.86164855957031,0.022190064191818237
eval,24370,2019-04-12 12:00:00,304,313,1548945792.0,29669.796875,0.08037418127059937
eval,24370,2019-04-12 12:00:00,305,314,563684.125,560.1152954101562,0.016216173768043518
eval,24370,2019-04-12 12:00:00,306,315,1500559.875,922.5604248046875,0.014285437762737274
eval,24370,2019-04-12 12:00:00,307,316,4205.41357421875,58.01335906982422,0.12250395119190216
eval,24370,2019-04-12 12:00:00,308,317,2144.8173828125,30.589126586914062,1.7186474800109863
eval,24370,2019-04-12 12:00:00,309,318,34932.28515625,153.88465881347656,0.22093328833580017
eval,24370,2019-04-12 12:00:00,310,319,4379.576171875,46.42555236816406,0.052809253334999084
eval,24370,2019-04-12 12:00:00,311,OT,18525.21875,119.70745849609375,0.07769360393285751
eval,24626,2019-04-23 04:00:00,0,0,16.266416549682617,2.666473388671875,0.5934702754020691
eval,24626,2019-04-23 04:00:00,1,1,14.499893188476562,3.0249204635620117,0.052178166806697845
eval,24626,2019-04-23 04:00:00,2,2,0.2018030732870102,0.24792474508285522,0.1154656708240509
eval,24626,2019-04-23 04:00:00,3,3,581.3302001953125,18.897886276245117,0.03351622819900513
eval,24626,2019-04-23 04:00:00,4,4,283.8561096191406,12.78016185760498,0.09815933555364609
eval,24626,2019-04-23 04:00:00,5,5,3937.595703125,46.68368148803711,0.10416403412818909
eval,24626,2019-04-23 04:00:00,6,7,1907.261474609375,34.7874641418457,0.05093798041343689
eval,24626,2019-04-23 04:00:00,7,8,325.12640380859375,14.089214324951172,0.0943417176604271
eval,24626,2019-04-23 04:00:00,8,9,9588.7109375,67.93724060058594,0.5975399017333984
eval,24626,2019-04-23 04:00:00,9,10,76.32872772216797,6.622262954711914,0.05918700620532036
eval,24626,2019-04-23 04:00:00,10,11,709.0861206054688,19.784204483032227,0.015709638595581055
eval,24626,2019-04-23 04:00:00,11,12,233.16282653808594,10.330780982971191,0.09440916776657104
eval,24626,2019-04-23 04:00:00,12,13,50.67534637451172,5.807056427001953,0.034857671707868576
eval,24626,2019-04-23 04:00:00,13,14,230.905517578125,11.495172500610352,0.11284106224775314
eval,24626,2019-04-23 04:00:00,14,15,4334.923828125,52.856834411621094,0.06586334109306335
eval,24626,2019-04-23 04:00:00,15,16,25.207073211669922,3.594393253326416,0.5235894322395325
eval,24626,2019-04-23 04:00:00,16,17,478.8232421875,19.87110710144043,0.3921172022819519
eval,24626,2019-04-23 04:00:00,17,18,1519.740966796875,28.94916343688965,0.06483671069145203
eval,24626,2019-04-23 04:00:00,18,19,80.77651977539062,7.1591033935546875,0.029380356892943382
eval,24626,2019-04-23 04:00:00,19,20,28.09911346435547,4.432199001312256,0.08982843160629272
eval,24626,2019-04-23 04:00:00,20,21,10997.94921875,77.12714385986328,0.18155936896800995
eval,24626,2019-04-23 04:00:00,21,22,77.02452087402344,6.555244445800781,0.09476202726364136
eval,24626,2019-04-23 04:00:00,22,23,21.90915298461914,3.592684745788574,0.035353630781173706
eval,24626,2019-04-23 04:00:00,23,24,127.12996673583984,9.365007400512695,0.027187637984752655
eval,24626,2019-04-23 04:00:00,24,25,154.49261474609375,9.758922576904297,0.011158421635627747
eval,24626,2019-04-23 04:00:00,25,26,335.21478271484375,14.45312786102295,0.05265972018241882
eval,24626,2019-04-23 04:00:00,26,27,20.837316513061523,3.648228406906128,0.06254881620407104
eval,24626,2019-04-23 04:00:00,27,28,551.7943115234375,19.142744064331055,0.046428557485342026
eval,24626,2019-04-23 04:00:00,28,29,2290.4482421875,38.25468826293945,0.2052198350429535
eval,24626,2019-04-23 04:00:00,29,30,419.46307373046875,15.637845993041992,0.03314759582281113
eval,24626,2019-04-23 04:00:00,30,31,525.4292602539062,17.15957260131836,0.05467448756098747
eval,24626,2019-04-23 04:00:00,31,32,185.3226318359375,10.201202392578125,0.03808894753456116
eval,24626,2019-04-23 04:00:00,32,33,90.61183166503906,7.924520492553711,0.07573803514242172
eval,24626,2019-04-23 04:00:00,33,34,73578.9296875,209.79244995117188,0.06957054138183594
eval,24626,2019-04-23 04:00:00,34,35,35.8330078125,4.121831893920898,0.032496578991413116
eval,24626,2019-04-23 04:00:00,35,36,460.94586181640625,18.250530242919922,0.022863810881972313
eval,24626,2019-04-23 04:00:00,36,37,3201.009765625,47.785240173339844,0.20173244178295135
eval,24626,2019-04-23 04:00:00,37,38,72.33302307128906,6.314322471618652,0.06691540777683258
eval,24626,2019-04-23 04:00:00,38,39,18.439437866210938,3.385619640350342,0.09170209616422653
eval,24626,2019-04-23 04:00:00,39,40,36049.23828125,151.10552978515625,0.040320586413145065
eval,24626,2019-04-23 04:00:00,40,41,2859.658203125,41.12040710449219,0.09314863383769989
eval,24626,2019-04-23 04:00:00,41,42,331.0575866699219,14.924560546875,0.10788959264755249
eval,24626,2019-04-23 04:00:00,42,43,74.2313232421875,6.731422424316406,0.08630423247814178
eval,24626,2019-04-23 04:00:00,43,44,348.827880859375,14.720329284667969,0.03727578744292259
eval,24626,2019-04-23 04:00:00,44,45,201.48348999023438,11.087661743164062,0.052581921219825745
eval,24626,2019-04-23 04:00:00,45,46,20.07813262939453,3.5661401748657227,0.08775694668292999
eval,24626,2019-04-23 04:00:00,46,47,62.998321533203125,6.199585914611816,0.04145672172307968
eval,24626,2019-04-23 04:00:00,47,48,115.08019256591797,8.306366920471191,0.06488962471485138
eval,24626,2019-04-23 04:00:00,48,49,651.391845703125,16.418975830078125,0.0665782019495964
eval,24626,2019-04-23 04:00:00,49,50,1356.1365966796875,28.191526412963867,0.12675832211971283
eval,24626,2019-04-23 04:00:00,50,51,94.64457702636719,7.970638275146484,0.2591094374656677
eval,24626,2019-04-23 04:00:00,51,52,337.6282043457031,14.98396110534668,0.08834060281515121
eval,24626,2019-04-23 04:00:00,52,53,266.06585693359375,12.107630729675293,0.09542202949523926
eval,24626,2019-04-23 04:00:00,53,54,26.557933807373047,4.074682712554932,0.025080308318138123
eval,24626,2019-04-23 04:00:00,54,55,109690.234375,251.90274047851562,0.05742047354578972
eval,24626,2019-04-23 04:00:00,55,56,186.7269744873047,10.721609115600586,0.0412798672914505
eval,24626,2019-04-23 04:00:00,56,58,3760.59423828125,44.569393157958984,0.07103821635246277
eval,24626,2019-04-23 04:00:00,57,59,964.32470703125,26.219268798828125,0.05061163753271103
eval,24626,2019-04-23 04:00:00,58,60,2034.5390625,37.16001510620117,0.09919394552707672
eval,24626,2019-04-23 04:00:00,59,61,128.0607452392578,7.946797847747803,0.0911802351474762
eval,24626,2019-04-23 04:00:00,60,62,87.97371673583984,8.009621620178223,0.03587748482823372
eval,24626,2019-04-23 04:00:00,61,63,603.102294921875,19.895244598388672,0.08681245148181915
eval,24626,2019-04-23 04:00:00,62,64,116.60438537597656,9.179496765136719,0.019834112375974655
eval,24626,2019-04-23 04:00:00,63,65,285.34979248046875,13.012702941894531,0.045575179159641266
eval,24626,2019-04-23 04:00:00,64,66,212.53173828125,8.747034072875977,0.11218094825744629
eval,24626,2019-04-23 04:00:00,65,67,174.1217041015625,8.77258014678955,0.053695790469646454
eval,24626,2019-04-23 04:00:00,66,68,547.6078491210938,17.999387741088867,0.134318009018898
eval,24626,2019-04-23 04:00:00,67,69,50.87494659423828,5.613792419433594,0.07291378080844879
eval,24626,2019-04-23 04:00:00,68,70,139.60092163085938,9.242783546447754,0.12638621032238007
eval,24626,2019-04-23 04:00:00,69,71,29.727672576904297,4.438975811004639,0.06479474157094955
eval,24626,2019-04-23 04:00:00,70,72,201.8228759765625,10.521966934204102,0.015165654942393303
eval,24626,2019-04-23 04:00:00,71,73,92.81282043457031,7.422867774963379,0.07753172516822815
eval,24626,2019-04-23 04:00:00,72,74,141.74777221679688,10.00081729888916,0.036449238657951355
eval,24626,2019-04-23 04:00:00,73,75,8535.955078125,71.59025573730469,0.045781634747982025
eval,24626,2019-04-23 04:00:00,74,76,723.9630737304688,22.38031578063965,0.08203953504562378
eval,24626,2019-04-23 04:00:00,75,77,11763.0654296875,85.2237777709961,0.03647778928279877
eval,24626,2019-04-23 04:00:00,76,78,1224.2218017578125,25.882293701171875,0.07464109361171722
eval,24626,2019-04-23 04:00:00,77,79,23468.23828125,88.186767578125,0.35750484466552734
eval,24626,2019-04-23 04:00:00,78,80,2884.90380859375,40.474735260009766,0.06708992272615433
eval,24626,2019-04-23 04:00:00,79,81,11155.6953125,95.08164978027344,0.10911156237125397
eval,24626,2019-04-23 04:00:00,80,82,15567.71875,103.04112243652344,1.3200849294662476
eval,24626,2019-04-23 04:00:00,81,83,33360.7890625,93.97203826904297,0.27277588844299316
eval,24626,2019-04-23 04:00:00,82,84,4367.6298828125,33.624755859375,0.7150979042053223
eval,24626,2019-04-23 04:00:00,83,85,235.1402587890625,12.023837089538574,0.10563258826732635
eval,24626,2019-04-23 04:00:00,84,86,36.901031494140625,4.401083469390869,0.07608681917190552
eval,24626,2019-04-23 04:00:00,85,87,3472.162841796875,44.465789794921875,0.011577347293496132
eval,24626,2019-04-23 04:00:00,86,88,187411.9375,276.4541931152344,0.05208040401339531
eval,24626,2019-04-23 04:00:00,87,89,97386.53125,218.65176391601562,0.0111886290833354
eval,24626,2019-04-23 04:00:00,88,90,604.748291015625,17.333852767944336,0.02448607049882412
eval,24626,2019-04-23 04:00:00,89,91,3807.606201171875,52.24137496948242,0.0017419839277863503
eval,24626,2019-04-23 04:00:00,90,92,170273.09375,223.77178955078125,0.045018427073955536
eval,24626,2019-04-23 04:00:00,91,93,69531.2265625,219.5015869140625,0.009924594312906265
eval,24626,2019-04-23 04:00:00,92,94,19484.57421875,109.11582946777344,0.00954653974622488
eval,24626,2019-04-23 04:00:00,93,95,4760.72021484375,49.58076095581055,0.010540736839175224
eval,24626,2019-04-23 04:00:00,94,96,21944.865234375,115.46246337890625,0.09074321389198303
eval,24626,2019-04-23 04:00:00,95,97,2984.176513671875,34.99639129638672,0.17790918052196503
eval,24626,2019-04-23 04:00:00,96,98,1092.3515625,23.227699279785156,0.363247275352478
eval,24626,2019-04-23 04:00:00,97,99,111.21000671386719,7.0385894775390625,0.007547228597104549
eval,24626,2019-04-23 04:00:00,98,100,5819.4599609375,65.23033905029297,0.02187904343008995
eval,24626,2019-04-23 04:00:00,99,101,109.28083801269531,7.715353965759277,0.01670580729842186
eval,24626,2019-04-23 04:00:00,100,102,295.36480712890625,14.951986312866211,0.058612048625946045
eval,24626,2019-04-23 04:00:00,101,103,20678.88671875,118.91111755371094,0.03992033004760742
eval,24626,2019-04-23 04:00:00,102,104,253810.25,407.892822265625,351.62860107421875
eval,24626,2019-04-23 04:00:00,103,105,3214.53173828125,27.103328704833984,0.060181185603141785
eval,24626,2019-04-23 04:00:00,104,107,106.50252532958984,5.927285194396973,0.03657832741737366
eval,24626,2019-04-23 04:00:00,105,108,332.04864501953125,11.921699523925781,0.05895277485251427
eval,24626,2019-04-23 04:00:00,106,109,226.26864624023438,12.737171173095703,0.0022809822112321854
eval,24626,2019-04-23 04:00:00,107,110,290.4945068359375,13.366363525390625,0.01893479935824871
eval,24626,2019-04-23 04:00:00,108,111,765.1769409179688,22.279218673706055,0.11899422109127045
eval,24626,2019-04-23 04:00:00,109,112,27983.28515625,149.8203125,0.14782294631004333
eval,24626,2019-04-23 04:00:00,110,114,0.3209037184715271,0.3927764892578125,1.3977117538452148
eval,24626,2019-04-23 04:00:00,111,115,2.4767227172851562,0.9932721853256226,0.09706177562475204
eval,24626,2019-04-23 04:00:00,112,116,2354.353515625,39.4677734375,0.31974682211875916
eval,24626,2019-04-23 04:00:00,113,117,29.095600128173828,4.390679836273193,0.13217949867248535
eval,24626,2019-04-23 04:00:00,114,118,23.275604248046875,3.6142451763153076,0.2671911418437958
eval,24626,2019-04-23 04:00:00,115,119,35958.24609375,180.1240692138672,0.39193975925445557
eval,24626,2019-04-23 04:00:00,116,120,1095.105224609375,23.461355209350586,0.11938022077083588
eval,24626,2019-04-23 04:00:00,117,121,14.902982711791992,3.3904471397399902,0.8194030523300171
eval,24626,2019-04-23 04:00:00,118,122,4.069272041320801,1.5305370092391968,1.2434624433517456
eval,24626,2019-04-23 04:00:00,119,123,649.1981201171875,21.147260665893555,0.014352625235915184
eval,24626,2019-04-23 04:00:00,120,124,337.52996826171875,15.619616508483887,0.008010881021618843
eval,24626,2019-04-23 04:00:00,121,125,28.58174705505371,4.5260329246521,0.34501826763153076
eval,24626,2019-04-23 04:00:00,122,126,2222.839111328125,36.97610092163086,0.012697863392531872
eval,24626,2019-04-23 04:00:00,123,128,802549.5,730.9232177734375,0.23618870973587036
eval,24626,2019-04-23 04:00:00,124,129,6380.57421875,60.41889572143555,0.21611976623535156
eval,24626,2019-04-23 04:00:00,125,130,14554.0888671875,82.03811645507812,0.522872269153595
eval,24626,2019-04-23 04:00:00,126,131,32257.44921875,152.8429412841797,0.05762024223804474
eval,24626,2019-04-23 04:00:00,127,132,5328.14208984375,61.694244384765625,0.021511614322662354
eval,24626,2019-04-23 04:00:00,128,133,76194.15625,227.1321258544922,0.20567935705184937
eval,24626,2019-04-23 04:00:00,129,134,6114.7158203125,68.43700408935547,0.11209412664175034
eval,24626,2019-04-23 04:00:00,130,135,56300.84375,189.92501831054688,0.031333114951848984
eval,24626,2019-04-23 04:00:00,131,136,576.975341796875,20.767982482910156,0.027062546461820602
eval,24626,2019-04-23 04:00:00,132,137,22.222026824951172,3.694206714630127,0.012859363108873367
eval,24626,2019-04-23 04:00:00,133,138,577.2493896484375,18.224048614501953,0.011910654604434967
eval,24626,2019-04-23 04:00:00,134,139,306.5218811035156,13.581930160522461,0.01668119803071022
eval,24626,2019-04-23 04:00:00,135,140,456.15911865234375,16.934999465942383,0.01870075985789299
eval,24626,2019-04-23 04:00:00,136,141,1340.146240234375,20.665279388427734,0.02269073575735092
eval,24626,2019-04-23 04:00:00,137,142,692.8372802734375,19.537857055664062,0.08735767006874084
eval,24626,2019-04-23 04:00:00,138,144,152.88571166992188,9.722984313964844,0.04844184219837189
eval,24626,2019-04-23 04:00:00,139,145,354.86468505859375,15.248161315917969,0.04365956038236618
eval,24626,2019-04-23 04:00:00,140,146,331.24383544921875,13.859441757202148,0.02385488897562027
eval,24626,2019-04-23 04:00:00,141,147,77.0431137084961,6.773268699645996,0.043246202170848846
eval,24626,2019-04-23 04:00:00,142,148,2937.8828125,44.29220199584961,0.016707193106412888
eval,24626,2019-04-23 04:00:00,143,149,24522.302734375,136.7175750732422,0.2003840208053589
eval,24626,2019-04-23 04:00:00,144,150,37331.890625,159.10726928710938,0.013094240799546242
eval,24626,2019-04-23 04:00:00,145,151,6570.78466796875,67.28270721435547,0.05478718504309654
eval,24626,2019-04-23 04:00:00,146,152,6726.9267578125,73.21565246582031,0.11367534101009369
eval,24626,2019-04-23 04:00:00,147,153,9339156.0,2847.61279296875,2.102384328842163
eval,24626,2019-04-23 04:00:00,148,154,9905.8203125,81.89248657226562,0.04737095534801483
eval,24626,2019-04-23 04:00:00,149,155,7961353.0,2149.19677734375,0.017105892300605774
eval,24626,2019-04-23 04:00:00,150,156,666.2938232421875,22.250896453857422,0.010965908877551556
eval,24626,2019-04-23 04:00:00,151,157,6297.30615234375,60.50071716308594,0.08469154685735703
eval,24626,2019-04-23 04:00:00,152,158,17083.4609375,112.04740905761719,0.043230555951595306
eval,24626,2019-04-23 04:00:00,153,159,34453.25,165.92587280273438,0.04932775720953941
eval,24626,2019-04-23 04:00:00,154,160,1094.9462890625,23.727630615234375,0.01626008003950119
eval,24626,2019-04-23 04:00:00,155,161,1171.9354248046875,26.332740783691406,0.0156787671148777
eval,24626,2019-04-23 04:00:00,156,162,7145.56640625,70.17034149169922,0.013663768768310547
eval,24626,2019-04-23 04:00:00,157,163,17890.2109375,105.08183288574219,0.01703229546546936
eval,24626,2019-04-23 04:00:00,158,164,32825.16796875,162.39215087890625,0.1741870641708374
eval,24626,2019-04-23 04:00:00,159,165,2326.8046875,38.98737716674805,0.04133741557598114
eval,24626,2019-04-23 04:00:00,160,166,38106.484375,148.96160888671875,0.03933141380548477
eval,24626,2019-04-23 04:00:00,161,167,4751767.5,1770.7469482421875,0.11005425453186035
eval,24626,2019-04-23 04:00:00,162,168,36028.64453125,158.9665985107422,0.16873833537101746
eval,24626,2019-04-23 04:00:00,163,169,13456.412109375,87.59615325927734,0.030489599332213402
eval,24626,2019-04-23 04:00:00,164,170,663.625244140625,18.91342544555664,0.01804746314883232
eval,24626,2019-04-23 04:00:00,165,171,1647.0838623046875,24.90640640258789,0.010970222763717175
eval,24626,2019-04-23 04:00:00,166,172,37671.0546875,160.89369201660156,0.05519517511129379
eval,24626,2019-04-23 04:00:00,167,173,7714.0693359375,73.97920227050781,0.04211166128516197
eval,24626,2019-04-23 04:00:00,168,174,3314.14794921875,50.7325439453125,0.03594245761632919
eval,24626,2019-04-23 04:00:00,169,175,157154.5625,346.0544128417969,0.019256843253970146
eval,24626,2019-04-23 04:00:00,170,176,4621.95947265625,56.0821533203125,0.06154770776629448
eval,24626,2019-04-23 04:00:00,171,177,69878.6328125,204.408203125,0.04436405748128891
eval,24626,2019-04-23 04:00:00,172,178,17819.783203125,106.05987548828125,0.04414408653974533
eval,24626,2019-04-23 04:00:00,173,179,791325.75,542.0167236328125,0.05479394644498825
eval,24626,2019-04-23 04:00:00,174,180,2663.616943359375,44.42924118041992,0.10688694566488266
eval,24626,2019-04-23 04:00:00,175,181,75960.8984375,217.69134521484375,0.04308837652206421
eval,24626,2019-04-23 04:00:00,176,183,6245.2099609375,67.20783996582031,0.07942847907543182
eval,24626,2019-04-23 04:00:00,177,184,35381.515625,146.302001953125,0.17730289697647095
eval,24626,2019-04-23 04:00:00,178,185,1691.03076171875,33.617950439453125,0.017519015818834305
eval,24626,2019-04-23 04:00:00,179,186,1209726.0,922.1102294921875,0.020851124078035355
eval,24626,2019-04-23 04:00:00,180,187,17910.064453125,101.07212829589844,0.02609763666987419
eval,24626,2019-04-23 04:00:00,181,188,2270.859375,35.18494415283203,0.28967365622520447
eval,24626,2019-04-23 04:00:00,182,189,12525.6474609375,88.18183898925781,0.026655634865164757
eval,24626,2019-04-23 04:00:00,183,190,382.5518798828125,17.8271484375,0.04362337291240692
eval,24626,2019-04-23 04:00:00,184,191,447.3814392089844,16.12135124206543,0.012675423175096512
eval,24626,2019-04-23 04:00:00,185,192,386.270263671875,15.9169921875,0.04063006490468979
eval,24626,2019-04-23 04:00:00,186,193,9861.369140625,84.71501159667969,0.018312012776732445
eval,24626,2019-04-23 04:00:00,187,194,684.1264038085938,21.177616119384766,0.042406924068927765
eval,24626,2019-04-23 04:00:00,188,195,170.9995574951172,10.546886444091797,0.020366515964269638
eval,24626,2019-04-23 04:00:00,189,196,8823.3740234375,63.15980529785156,0.0910511463880539
eval,24626,2019-04-23 04:00:00,190,197,329.471435546875,13.481119155883789,0.07392857223749161
eval,24626,2019-04-23 04:00:00,191,198,11390.5927734375,97.51314544677734,0.0865139290690422
eval,24626,2019-04-23 04:00:00,192,199,132740.234375,303.6131591796875,0.01862875185906887
eval,24626,2019-04-23 04:00:00,193,200,2540.273193359375,36.80178451538086,0.07951697707176208
eval,24626,2019-04-23 04:00:00,194,201,5384.79931640625,58.83843231201172,0.20198862254619598
eval,24626,2019-04-23 04:00:00,195,202,2957.73291015625,42.71673583984375,0.11878079175949097
eval,24626,2019-04-23 04:00:00,196,203,2474.46240234375,44.52276611328125,0.07660025358200073
eval,24626,2019-04-23 04:00:00,197,204,8976.0341796875,76.94976806640625,0.016567163169384003
eval,24626,2019-04-23 04:00:00,198,205,3995.05078125,51.0709228515625,0.012259009294211864
eval,24626,2019-04-23 04:00:00,199,206,1460.1839599609375,35.19256591796875,0.04531429335474968
eval,24626,2019-04-23 04:00:00,200,207,698.52734375,14.425045013427734,0.16153083741664886
eval,24626,2019-04-23 04:00:00,201,208,261.9347839355469,11.7741117477417,0.035659100860357285
eval,24626,2019-04-23 04:00:00,202,209,392.7711181640625,15.500086784362793,0.0699634701013565
eval,24626,2019-04-23 04:00:00,203,210,544.3043823242188,19.39814567565918,0.01501134317368269
eval,24626,2019-04-23 04:00:00,204,211,10791.6875,86.67864990234375,0.06596868485212326
eval,24626,2019-04-23 04:00:00,205,212,1045.347412109375,26.344257354736328,0.010918984189629555
eval,24626,2019-04-23 04:00:00,206,213,1242.07666015625,26.511272430419922,0.05453743040561676
eval,24626,2019-04-23 04:00:00,207,214,496.51873779296875,17.859474182128906,0.023507505655288696
eval,24626,2019-04-23 04:00:00,208,215,453.351806640625,16.05466079711914,0.021794121712446213
eval,24626,2019-04-23 04:00:00,209,216,963.72900390625,24.665014266967773,0.06557955592870712
eval,24626,2019-04-23 04:00:00,210,217,985.033447265625,25.35830307006836,0.013790873810648918
eval,24626,2019-04-23 04:00:00,211,218,111.970703125,7.919801235198975,0.023382311686873436
eval,24626,2019-04-23 04:00:00,212,219,2564.0703125,46.60880661010742,0.08666640520095825
eval,24626,2019-04-23 04:00:00,213,220,1340.5126953125,29.090553283691406,0.02535826526582241
eval,24626,2019-04-23 04:00:00,214,221,1222.3197021484375,27.74641990661621,0.01713249459862709
eval,24626,2019-04-23 04:00:00,215,222,1181.03369140625,24.445791244506836,0.035978373140096664
eval,24626,2019-04-23 04:00:00,216,223,6347.1943359375,51.583030700683594,0.057188406586647034
eval,24626,2019-04-23 04:00:00,217,224,277.43682861328125,14.341631889343262,0.044022198766469955
eval,24626,2019-04-23 04:00:00,218,225,11305.9091796875,61.509254455566406,0.23468951880931854
eval,24626,2019-04-23 04:00:00,219,226,34145.26171875,154.56602478027344,0.04272906109690666
eval,24626,2019-04-23 04:00:00,220,227,125.065185546875,9.23270034790039,0.018619682639837265
eval,24626,2019-04-23 04:00:00,221,228,836.1071166992188,24.134435653686523,0.03660476207733154
eval,24626,2019-04-23 04:00:00,222,229,1171.886962890625,24.054798126220703,0.0664227232336998
eval,24626,2019-04-23 04:00:00,223,230,7642.470703125,76.50855255126953,0.03523258492350578
eval,24626,2019-04-23 04:00:00,224,231,10263.607421875,68.78685760498047,0.15192019939422607
eval,24626,2019-04-23 04:00:00,225,232,150.93174743652344,9.743400573730469,0.00880945660173893
eval,24626,2019-04-23 04:00:00,226,233,163359.09375,340.57000732421875,0.024972811341285706
eval,24626,2019-04-23 04:00:00,227,234,369.38909912109375,15.671005249023438,0.032789066433906555
eval,24626,2019-04-23 04:00:00,228,235,230.86907958984375,12.536120414733887,0.028242265805602074
eval,24626,2019-04-23 04:00:00,229,236,4893830.0,1839.4051513671875,0.06887806951999664
eval,24626,2019-04-23 04:00:00,230,237,6495.4296875,58.64599609375,0.046010300517082214
eval,24626,2019-04-23 04:00:00,231,238,1173.651611328125,29.175796508789062,0.13764697313308716
eval,24626,2019-04-23 04:00:00,232,239,1902.64111328125,26.366924285888672,0.3559275269508362
eval,24626,2019-04-23 04:00:00,233,240,4326.50341796875,58.340179443359375,0.0798448696732521
eval,24626,2019-04-23 04:00:00,234,241,349.07537841796875,14.414759635925293,0.0700400322675705
eval,24626,2019-04-23 04:00:00,235,242,167.52305603027344,9.082321166992188,0.010124774649739265
eval,24626,2019-04-23 04:00:00,236,243,319.04449462890625,14.129373550415039,0.013373097404837608
eval,24626,2019-04-23 04:00:00,237,244,3743.39404296875,51.04938888549805,0.15227371454238892
eval,24626,2019-04-23 04:00:00,238,246,16029.4560546875,96.58251953125,0.11024294793605804
eval,24626,2019-04-23 04:00:00,239,247,986.5397338867188,25.307727813720703,0.17073681950569153
eval,24626,2019-04-23 04:00:00,240,248,4397.7724609375,50.511070251464844,0.12456923723220825
eval,24626,2019-04-23 04:00:00,241,249,307.6092529296875,14.325428009033203,0.017816482111811638
eval,24626,2019-04-23 04:00:00,242,250,13571.19921875,90.0958251953125,0.03953266888856888
eval,24626,2019-04-23 04:00:00,243,251,5664.91357421875,53.945213317871094,0.08179818838834763
eval,24626,2019-04-23 04:00:00,244,252,309.4130859375,12.387151718139648,0.054348092526197433
eval,24626,2019-04-23 04:00:00,245,253,793.002685546875,19.955121994018555,0.03156664967536926
eval,24626,2019-04-23 04:00:00,246,254,38007.86328125,143.1214599609375,0.04369983822107315
eval,24626,2019-04-23 04:00:00,247,255,3912.86767578125,49.10952377319336,0.031653326004743576
eval,24626,2019-04-23 04:00:00,248,256,758.6953125,20.087194442749023,0.06265579909086227
eval,24626,2019-04-23 04:00:00,249,257,839.9954833984375,18.56313705444336,0.057638343423604965
eval,24626,2019-04-23 04:00:00,250,258,1790.2734375,29.426921844482422,0.16296227276325226
eval,24626,2019-04-23 04:00:00,251,259,2182.457763671875,29.276809692382812,0.07758332788944244
eval,24626,2019-04-23 04:00:00,252,260,272.6269226074219,12.954824447631836,0.06157177686691284
eval,24626,2019-04-23 04:00:00,253,261,133.98336791992188,8.537074089050293,0.017096517607569695
eval,24626,2019-04-23 04:00:00,254,262,18872.2734375,104.81649017333984,0.02021649479866028
eval,24626,2019-04-23 04:00:00,255,263,8339.15625,58.98176574707031,0.21153263747692108
eval,24626,2019-04-23 04:00:00,256,264,16307.7216796875,104.50740051269531,0.08304321765899658
eval,24626,2019-04-23 04:00:00,257,265,492.4892578125,18.624778747558594,0.023135654628276825
eval,24626,2019-04-23 04:00:00,258,266,19851.89453125,122.1682357788086,0.1256798505783081
eval,24626,2019-04-23 04:00:00,259,267,3675.883544921875,51.066192626953125,0.03732237219810486
eval,24626,2019-04-23 04:00:00,260,268,417063.75,598.4356689453125,0.26630568504333496
eval,24626,2019-04-23 04:00:00,261,269,183.3123016357422,11.676745414733887,0.026251986622810364
eval,24626,2019-04-23 04:00:00,262,270,22805.427734375,137.93899536132812,0.1482829749584198
eval,24626,2019-04-23 04:00:00,263,271,11727.71484375,90.85862731933594,0.019478201866149902
eval,24626,2019-04-23 04:00:00,264,272,3259.744140625,47.2772331237793,0.07226808369159698
eval,24626,2019-04-23 04:00:00,265,273,337.91412353515625,15.94662094116211,0.03370296210050583
eval,24626,2019-04-23 04:00:00,266,274,655.2234497070312,21.152629852294922,0.041366465389728546
eval,24626,2019-04-23 04:00:00,267,275,545.9658203125,20.282268524169922,0.04380137845873833
eval,24626,2019-04-23 04:00:00,268,276,475996.75,551.9359130859375,0.14093850553035736
eval,24626,2019-04-23 04:00:00,269,277,9832.04296875,73.44473266601562,0.09793388843536377
eval,24626,2019-04-23 04:00:00,270,278,3113.082763671875,41.707275390625,0.04522082954645157
eval,24626,2019-04-23 04:00:00,271,279,3098.899169921875,48.97552490234375,0.045494504272937775
eval,24626,2019-04-23 04:00:00,272,280,27021.26171875,138.04757690429688,0.08824252337217331
eval,24626,2019-04-23 04:00:00,273,281,67252.7734375,206.03048706054688,0.023656334728002548
eval,24626,2019-04-23 04:00:00,274,282,1635.6826171875,35.17765426635742,0.038360580801963806
eval,24626,2019-04-23 04:00:00,275,283,574.15283203125,21.48141098022461,0.038898222148418427
eval,24626,2019-04-23 04:00:00,276,284,7564.2421875,67.32363891601562,0.1415402889251709
eval,24626,2019-04-23 04:00:00,277,285,131.00692749023438,9.333633422851562,0.007808389142155647
eval,24626,2019-04-23 04:00:00,278,286,158.52008056640625,9.491514205932617,0.009933236055076122
eval,24626,2019-04-23 04:00:00,279,287,5722.7763671875,67.53880310058594,0.30784130096435547
eval,24626,2019-04-23 04:00:00,280,288,1562.03466796875,25.63580894470215,0.016466131433844566
eval,24626,2019-04-23 04:00:00,281,289,640.4215698242188,19.65802764892578,0.009721837006509304
eval,24626,2019-04-23 04:00:00,282,290,417948.0,490.0821228027344,0.008075294084846973
eval,24626,2019-04-23 04:00:00,283,291,4540.7392578125,44.97797775268555,0.022656431421637535
eval,24626,2019-04-23 04:00:00,284,292,311234.78125,350.233154296875,0.06311236321926117
eval,24626,2019-04-23 04:00:00,285,293,9861.6865234375,78.81105041503906,0.02083141915500164
eval,24626,2019-04-23 04:00:00,286,294,3010.029296875,39.75499725341797,0.017671674489974976
eval,24626,2019-04-23 04:00:00,287,295,10449.419921875,58.233665466308594,0.033470865339040756
eval,24626,2019-04-23 04:00:00,288,296,181254.234375,339.14141845703125,0.021646495908498764
eval,24626,2019-04-23 04:00:00,289,297,26327.98828125,130.19064331054688,0.15444932878017426
eval,24626,2019-04-23 04:00:00,290,299,493.0426940917969,11.45682144165039,0.23026315867900848
eval,24626,2019-04-23 04:00:00,291,300,15116.9443359375,88.06666564941406,0.04580783471465111
eval,24626,2019-04-23 04:00:00,292,301,105372.5546875,252.455810546875,0.0430009663105011
eval,24626,2019-04-23 04:00:00,293,302,617585.4375,579.3148803710938,0.04013552889227867
eval,24626,2019-04-23 04:00:00,294,303,82359.65625,170.16995239257812,0.9080303907394409
eval,24626,2019-04-23 04:00:00,295,304,47849.05859375,147.12937927246094,0.07557093352079391
eval,24626,2019-04-23 04:00:00,296,305,92909.2734375,194.203369140625,0.45980530977249146
eval,24626,2019-04-23 04:00:00,297,306,140948.03125,278.63116455078125,0.039982423186302185
eval,24626,2019-04-23 04:00:00,298,307,56.6007194519043,6.157614707946777,0.037303417921066284
eval,24626,2019-04-23 04:00:00,299,308,1679137.75,1015.0328979492188,0.07915900647640228
eval,24626,2019-04-23 04:00:00,300,309,85723.59375,221.9329833984375,0.016765009611845016
eval,24626,2019-04-23 04:00:00,301,310,1222.161865234375,26.290096282958984,0.07029808312654495
eval,24626,2019-04-23 04:00:00,302,311,16622.537109375,98.47941589355469,0.012481968849897385
eval,24626,2019-04-23 04:00:00,303,312,8085.9677734375,69.05358123779297,0.016067223623394966
eval,24626,2019-04-23 04:00:00,304,313,2347535360.0,36576.6796875,0.09991882741451263
eval,24626,2019-04-23 04:00:00,305,314,1030891.375,782.70751953125,0.023043042048811913
eval,24626,2019-04-23 04:00:00,306,315,1902225.0,1150.5140380859375,0.017261911183595657
eval,24626,2019-04-23 04:00:00,307,316,13784.451171875,100.0897216796875,0.34527355432510376
eval,24626,2019-04-23 04:00:00,308,317,1694.933349609375,31.07533836364746,0.8791230916976929
eval,24626,2019-04-23 04:00:00,309,318,27330.560546875,149.00094604492188,0.126066654920578
eval,24626,2019-04-23 04:00:00,310,319,1969.581787109375,33.04774856567383,0.024013664573431015
eval,24626,2019-04-23 04:00:00,311,OT,32163.359375,153.86572265625,0.11339762061834335
eval,24882,2019-05-03 20:00:00,0,0,3.752328872680664,1.337540864944458,0.4476984143257141
eval,24882,2019-05-03 20:00:00,1,1,42.336952209472656,5.536590099334717,0.16815821826457977
eval,24882,2019-05-03 20:00:00,2,2,0.8380014896392822,0.5145242214202881,0.47947925329208374
eval,24882,2019-05-03 20:00:00,3,3,2432.787841796875,41.390953063964844,0.13118112087249756
eval,24882,2019-05-03 20:00:00,4,4,4584.36328125,49.36518478393555,1.4373434782028198
eval,24882,2019-05-03 20:00:00,5,5,11246.52734375,85.87852478027344,0.2923499345779419
eval,24882,2019-05-03 20:00:00,6,7,2749.467529296875,40.209205627441406,0.06976775825023651
eval,24882,2019-05-03 20:00:00,7,8,1015.2999877929688,24.438764572143555,0.3022087514400482
eval,24882,2019-05-03 20:00:00,8,9,3752.18310546875,42.718223571777344,0.20654205977916718
eval,24882,2019-05-03 20:00:00,9,10,380.6778259277344,15.30970287322998,0.29255589842796326
eval,24882,2019-05-03 20:00:00,10,11,1679.688232421875,29.101865768432617,0.040321871638298035
eval,24882,2019-05-03 20:00:00,11,12,1146.37451171875,22.544170379638672,0.562586784362793
eval,24882,2019-05-03 20:00:00,12,13,122.95774841308594,8.848215103149414,0.09045930206775665
eval,24882,2019-05-03 20:00:00,13,14,323.3184509277344,14.310462951660156,0.1439451426267624
eval,24882,2019-05-03 20:00:00,14,15,50574.71484375,162.83770751953125,0.6326999664306641
eval,24882,2019-05-03 20:00:00,15,16,13.893122673034668,3.102318525314331,0.194864422082901
eval,24882,2019-05-03 20:00:00,16,17,780.0709228515625,24.902629852294922,0.5857329368591309
eval,24882,2019-05-03 20:00:00,17,18,3208.55419921875,43.719627380371094,0.11571517586708069
eval,24882,2019-05-03 20:00:00,18,19,692.1637573242188,19.691036224365234,0.20760492980480194
eval,24882,2019-05-03 20:00:00,19,20,67.56572723388672,6.5102972984313965,0.20395426452159882
eval,24882,2019-05-03 20:00:00,20,21,20391.46875,110.85044860839844,0.3583327531814575
eval,24882,2019-05-03 20:00:00,21,22,58.482574462890625,5.0897932052612305,0.06510186195373535
eval,24882,2019-05-03 20:00:00,22,23,212.17173767089844,11.445555686950684,0.27782315015792847
eval,24882,2019-05-03 20:00:00,23,24,371.8050537109375,13.032272338867188,0.0886954814195633
eval,24882,2019-05-03 20:00:00,24,25,7866.5966796875,70.27159118652344,0.5996614694595337
eval,24882,2019-05-03 20:00:00,25,26,638.15478515625,19.9189395904541,0.0980524942278862
eval,24882,2019-05-03 20:00:00,26,27,41.60456085205078,5.313999176025391,0.17175273597240448
eval,24882,2019-05-03 20:00:00,27,28,1985.00390625,32.908626556396484,0.15319959819316864
eval,24882,2019-05-03 20:00:00,28,29,2978.431640625,37.46133804321289,0.31573814153671265
eval,24882,2019-05-03 20:00:00,29,30,1817.4940185546875,35.22196578979492,0.1299465149641037
eval,24882,2019-05-03 20:00:00,30,31,3450.08740234375,42.861419677734375,0.3180587589740753
eval,24882,2019-05-03 20:00:00,31,32,856.8014526367188,17.8565731048584,0.146309494972229
eval,24882,2019-05-03 20:00:00,32,33,265.308349609375,11.123286247253418,0.19812116026878357
eval,24882,2019-05-03 20:00:00,33,34,79114.484375,228.08773803710938,0.06473825871944427
eval,24882,2019-05-03 20:00:00,34,35,158.48541259765625,9.881031036376953,0.13083478808403015
eval,24882,2019-05-03 20:00:00,35,36,32084.3125,134.81759643554688,1.260082483291626
eval,24882,2019-05-03 20:00:00,36,37,3479.72412109375,48.82259750366211,0.2183510959148407
eval,24882,2019-05-03 20:00:00,37,38,1659.002685546875,30.32210922241211,1.5966209173202515
eval,24882,2019-05-03 20:00:00,38,39,34.480224609375,5.112118244171143,0.15756264328956604
eval,24882,2019-05-03 20:00:00,39,40,84027.40625,178.73898315429688,0.08388085663318634
eval,24882,2019-05-03 20:00:00,40,41,3063.236083984375,42.732025146484375,0.08532150089740753
eval,24882,2019-05-03 20:00:00,41,42,609.4991455078125,18.704153060913086,0.20717506110668182
eval,24882,2019-05-03 20:00:00,42,43,168.82373046875,9.903548240661621,0.18045514822006226
eval,24882,2019-05-03 20:00:00,43,44,933.06298828125,24.632156372070312,0.09768657386302948
eval,24882,2019-05-03 20:00:00,44,45,267.7200927734375,11.772476196289062,0.06709718704223633
eval,24882,2019-05-03 20:00:00,45,46,113.21543884277344,7.383920669555664,0.5151534676551819
eval,24882,2019-05-03 20:00:00,46,47,369.0590515136719,15.40363883972168,0.2335887998342514
eval,24882,2019-05-03 20:00:00,47,48,155.86814880371094,9.030059814453125,0.08580534160137177
eval,24882,2019-05-03 20:00:00,48,49,496.57537841796875,18.8038330078125,0.05259458348155022
eval,24882,2019-05-03 20:00:00,49,50,7253.45068359375,73.00506591796875,0.7483828067779541
eval,24882,2019-05-03 20:00:00,50,51,350.42767333984375,14.474104881286621,0.9322595596313477
eval,24882,2019-05-03 20:00:00,51,52,2432.66259765625,37.74124526977539,0.6484110355377197
eval,24882,2019-05-03 20:00:00,52,53,314.78759765625,14.3155517578125,0.12488651275634766
eval,24882,2019-05-03 20:00:00,53,54,136.40756225585938,8.883806228637695,0.10612130165100098
eval,24882,2019-05-03 20:00:00,54,55,271229.8125,407.44061279296875,0.1391063928604126
eval,24882,2019-05-03 20:00:00,55,56,881.0657958984375,20.46371841430664,0.19507519900798798
eval,24882,2019-05-03 20:00:00,56,58,12486.7294921875,90.21453094482422,0.2781052589416504
eval,24882,2019-05-03 20:00:00,57,59,6101.5703125,60.119651794433594,0.311117947101593
eval,24882,2019-05-03 20:00:00,58,60,2396.45849609375,40.20880126953125,0.09292662143707275
eval,24882,2019-05-03 20:00:00,59,61,336.5481262207031,13.29932975769043,0.2378402203321457
eval,24882,2019-05-03 20:00:00,60,62,410.2812194824219,14.841564178466797,0.1559232920408249
eval,24882,2019-05-03 20:00:00,61,63,3490.03076171875,49.7191162109375,0.4320472478866577
eval,24882,2019-05-03 20:00:00,62,64,149.82266235351562,9.315314292907715,0.026933720335364342
eval,24882,2019-05-03 20:00:00,63,65,1285.6654052734375,26.67391014099121,0.1676209568977356
eval,24882,2019-05-03 20:00:00,64,66,151.69618225097656,10.357833862304688,0.06916695088148117
eval,24882,2019-05-03 20:00:00,65,67,2547.48291015625,36.02803039550781,0.8491981029510498
eval,24882,2019-05-03 20:00:00,66,68,570.344482421875,20.397872924804688,0.13888944685459137
eval,24882,2019-05-03 20:00:00,67,69,150.06478881835938,10.103805541992188,0.14348116517066956
eval,24882,2019-05-03 20:00:00,68,70,297.938232421875,14.56761360168457,0.28183823823928833
eval,24882,2019-05-03 20:00:00,69,71,201.74072265625,12.236480712890625,0.4365560710430145
eval,24882,2019-05-03 20:00:00,70,72,2138.908203125,37.618919372558594,0.16995775699615479
eval,24882,2019-05-03 20:00:00,71,73,150.02389526367188,8.440876007080078,0.10121935606002808
eval,24882,2019-05-03 20:00:00,72,74,480.8038024902344,18.653270721435547,0.11596282571554184
eval,24882,2019-05-03 20:00:00,73,75,15183.37890625,80.78324890136719,0.07518984377384186
eval,24882,2019-05-03 20:00:00,74,76,1914.571044921875,33.92420959472656,0.1825733631849289
eval,24882,2019-05-03 20:00:00,75,77,76227.28125,176.0718994140625,0.2453150749206543
eval,24882,2019-05-03 20:00:00,76,78,2628.68212890625,43.35013961791992,0.1553184539079666
eval,24882,2019-05-03 20:00:00,77,79,93944.703125,208.66619873046875,1.1449098587036133
eval,24882,2019-05-03 20:00:00,78,80,12567.3115234375,80.32524871826172,0.37095093727111816
eval,24882,2019-05-03 20:00:00,79,81,452852.5,586.5671997070312,3.935882091522217
eval,24882,2019-05-03 20:00:00,80,82,4329.31396484375,58.754364013671875,0.32071465253829956
eval,24882,2019-05-03 20:00:00,81,83,185259.0625,251.5052947998047,4.147341728210449
eval,24882,2019-05-03 20:00:00,82,84,5188.2392578125,43.28806686401367,1.1330504417419434
eval,24882,2019-05-03 20:00:00,83,85,111.02008056640625,5.3121185302734375,0.03498709946870804
eval,24882,2019-05-03 20:00:00,84,86,28.02180290222168,3.801055908203125,0.050946518778800964
eval,24882,2019-05-03 20:00:00,85,87,15456.1982421875,87.9969711303711,0.050676774233579636
eval,24882,2019-05-03 20:00:00,86,88,36678.7109375,133.37889099121094,0.013237308710813522
eval,24882,2019-05-03 20:00:00,87,89,616259.625,529.7254638671875,0.07847798615694046
eval,24882,2019-05-03 20:00:00,88,90,464.03369140625,15.24165153503418,0.014650306664407253
eval,24882,2019-05-03 20:00:00,89,91,17657.84765625,107.25133514404297,0.00835341028869152
eval,24882,2019-05-03 20:00:00,90,92,166302.65625,288.68719482421875,0.04933435469865799
eval,24882,2019-05-03 20:00:00,91,93,39157.9453125,155.72503662109375,0.006349107250571251
eval,24882,2019-05-03 20:00:00,92,94,20214.0546875,126.89347839355469,0.009530046954751015
eval,24882,2019-05-03 20:00:00,93,95,4570.85302734375,56.652565002441406,0.009637590497732162
eval,24882,2019-05-03 20:00:00,94,96,39733.296875,166.2825469970703,0.14013032615184784
eval,24882,2019-05-03 20:00:00,95,97,197.538330078125,12.12093734741211,0.017662039026618004
eval,24882,2019-05-03 20:00:00,96,98,1375.6572265625,32.82255554199219,0.4010330140590668
eval,24882,2019-05-03 20:00:00,97,99,147.30703735351562,9.278584480285645,0.00999694038182497
eval,24882,2019-05-03 20:00:00,98,100,22194.43359375,105.06944274902344,0.10217830538749695
eval,24882,2019-05-03 20:00:00,99,101,324.535888671875,14.265161514282227,0.056596215814352036
eval,24882,2019-05-03 20:00:00,100,102,83.4406967163086,7.981889247894287,0.01671021804213524
eval,24882,2019-05-03 20:00:00,101,103,59802.21484375,160.6858673095703,0.16879084706306458
eval,24882,2019-05-03 20:00:00,102,104,22535.51953125,101.2750473022461,5.1186370849609375
eval,24882,2019-05-03 20:00:00,103,105,8078.4033203125,64.94000244140625,0.15587499737739563
eval,24882,2019-05-03 20:00:00,104,107,57.105369567871094,5.555749893188477,0.012833761051297188
eval,24882,2019-05-03 20:00:00,105,108,138.16285705566406,8.856234550476074,0.025947054848074913
eval,24882,2019-05-03 20:00:00,106,109,1871.3470458984375,25.270612716674805,0.018864788115024567
eval,24882,2019-05-03 20:00:00,107,110,216.99810791015625,10.353797912597656,0.016482874751091003
eval,24882,2019-05-03 20:00:00,108,111,554.412109375,16.781389236450195,0.10477440059185028
eval,24882,2019-05-03 20:00:00,109,112,73239.5703125,237.47451782226562,0.41630110144615173
eval,24882,2019-05-03 20:00:00,110,114,32.7648811340332,2.3098835945129395,6.116272926330566
eval,24882,2019-05-03 20:00:00,111,115,4.389232635498047,1.660255789756775,0.30237752199172974
eval,24882,2019-05-03 20:00:00,112,116,2312.697998046875,38.0997428894043,0.7595173120498657
eval,24882,2019-05-03 20:00:00,113,117,110.05077362060547,7.7959699630737305,0.3848592936992645
eval,24882,2019-05-03 20:00:00,114,118,10.023554801940918,2.4418258666992188,0.4625178575515747
eval,24882,2019-05-03 20:00:00,115,119,73002.453125,201.83480834960938,0.4202044904232025
eval,24882,2019-05-03 20:00:00,116,120,185.03857421875,10.091711044311523,0.030054962262511253
eval,24882,2019-05-03 20:00:00,117,121,7.873922348022461,2.0148818492889404,0.5505684018135071
eval,24882,2019-05-03 20:00:00,118,122,2.690673828125,1.3432163000106812,0.4871830642223358
eval,24882,2019-05-03 20:00:00,119,123,992.5057983398438,23.587783813476562,0.02388840541243553
eval,24882,2019-05-03 20:00:00,120,124,605.5423583984375,20.15675163269043,0.013860082253813744
eval,24882,2019-05-03 20:00:00,121,125,9.849815368652344,2.4804275035858154,0.0498255155980587
eval,24882,2019-05-03 20:00:00,122,126,20565.78515625,102.26480102539062,0.145223468542099
eval,24882,2019-05-03 20:00:00,123,128,6148059.0,1997.2464599609375,2.1224544048309326
eval,24882,2019-05-03 20:00:00,124,129,3470.921630859375,47.41577911376953,0.11744077503681183
eval,24882,2019-05-03 20:00:00,125,130,23339.87109375,92.86056518554688,0.9288331270217896
eval,24882,2019-05-03 20:00:00,126,131,966377.375,711.149658203125,2.0428061485290527
eval,24882,2019-05-03 20:00:00,127,132,47371.48046875,155.9636993408203,0.15194913744926453
eval,24882,2019-05-03 20:00:00,128,133,936613.125,849.5411987304688,1.3507230281829834
eval,24882,2019-05-03 20:00:00,129,134,64175.734375,201.77488708496094,1.0064284801483154
eval,24882,2019-05-03 20:00:00,130,135,97073.859375,217.8619842529297,0.06299233436584473
eval,24882,2019-05-03 20:00:00,131,136,1266.337890625,25.335933685302734,0.05485006421804428
eval,24882,2019-05-03 20:00:00,132,137,154.42373657226562,10.20657730102539,0.09039890021085739
eval,24882,2019-05-03 20:00:00,133,138,2997.326904296875,45.936485290527344,0.06997402012348175
eval,24882,2019-05-03 20:00:00,134,139,3141.65087890625,37.15778732299805,0.17638441920280457
eval,24882,2019-05-03 20:00:00,135,140,2374.59423828125,43.043235778808594,0.09853434562683105
eval,24882,2019-05-03 20:00:00,136,141,1409.364990234375,25.24896812438965,0.02764756977558136
eval,24882,2019-05-03 20:00:00,137,142,500.0196228027344,19.08397674560547,0.06266196817159653
eval,24882,2019-05-03 20:00:00,138,144,61.979827880859375,5.779932022094727,0.02257702872157097
eval,24882,2019-05-03 20:00:00,139,145,172.40328979492188,11.738441467285156,0.019402718171477318
eval,24882,2019-05-03 20:00:00,140,146,2246.9267578125,41.23705291748047,0.18062520027160645
eval,24882,2019-05-03 20:00:00,141,147,67.79594421386719,6.374997615814209,0.0399140790104866
eval,24882,2019-05-03 20:00:00,142,148,11532.818359375,85.44174194335938,0.0841430127620697
eval,24882,2019-05-03 20:00:00,143,149,2729.3388671875,43.535484313964844,0.02957460656762123
eval,24882,2019-05-03 20:00:00,144,150,184208.15625,375.3334655761719,0.06922060996294022
eval,24882,2019-05-03 20:00:00,145,151,14276.818359375,84.21781921386719,0.22431831061840057
eval,24882,2019-05-03 20:00:00,146,152,1772.591552734375,33.822715759277344,0.027183525264263153
eval,24882,2019-05-03 20:00:00,147,153,632820.4375,671.4578857421875,0.14643563330173492
eval,24882,2019-05-03 20:00:00,148,154,12212.7919921875,88.93399047851562,0.06350663304328918
eval,24882,2019-05-03 20:00:00,149,155,72419000.0,6868.03515625,0.19832110404968262
eval,24882,2019-05-03 20:00:00,150,156,3937.65771484375,52.31943893432617,0.0903293639421463
eval,24882,2019-05-03 20:00:00,151,157,2927.797607421875,36.479576110839844,0.045414313673973083
eval,24882,2019-05-03 20:00:00,152,158,10382.3291015625,73.36785888671875,0.040042947977781296
eval,24882,2019-05-03 20:00:00,153,159,58045.3125,194.7336883544922,0.11185436695814133
eval,24882,2019-05-03 20:00:00,154,160,6126.5048828125,68.56221008300781,0.06745468825101852
eval,24882,2019-05-03 20:00:00,155,161,4598.0771484375,55.58649444580078,0.06945865601301193
eval,24882,2019-05-03 20:00:00,156,162,38894.15625,166.99826049804688,0.06876348704099655
eval,24882,2019-05-03 20:00:00,157,163,128891.7734375,237.19271850585938,0.12075100839138031
eval,24882,2019-05-03 20:00:00,158,164,8241.3037109375,76.47979736328125,0.03788057714700699
eval,24882,2019-05-03 20:00:00,159,165,3711.71142578125,50.80420684814453,0.06149579584598541
eval,24882,2019-05-03 20:00:00,160,166,92836.828125,258.0214538574219,0.07508215308189392
eval,24882,2019-05-03 20:00:00,161,167,807019.6875,737.7706909179688,0.019273754209280014
eval,24882,2019-05-03 20:00:00,162,168,17058.546875,103.15422058105469,0.10211865603923798
eval,24882,2019-05-03 20:00:00,163,169,39887.5703125,175.5935516357422,0.09788016974925995
eval,24882,2019-05-03 20:00:00,164,170,4269.0888671875,55.37245178222656,0.06978451460599899
eval,24882,2019-05-03 20:00:00,165,171,7113.4658203125,73.25944519042969,0.04981207102537155
eval,24882,2019-05-03 20:00:00,166,172,49620.1796875,184.064453125,0.057930268347263336
eval,24882,2019-05-03 20:00:00,167,173,12588.466796875,87.50341796875,0.07373650372028351
eval,24882,2019-05-03 20:00:00,168,174,10114.30859375,64.13284301757812,0.11758285015821457
eval,24882,2019-05-03 20:00:00,169,175,73486.0625,212.15721130371094,0.011346007697284222
eval,24882,2019-05-03 20:00:00,170,176,7883.03662109375,67.41038513183594,0.08620193600654602
eval,24882,2019-05-03 20:00:00,171,177,79935.171875,242.08773803710938,0.04697342962026596
eval,24882,2019-05-03 20:00:00,172,178,51196.90625,142.32701110839844,0.1367400586605072
eval,24882,2019-05-03 20:00:00,173,179,898507.75,762.623779296875,0.06505564600229263
eval,24882,2019-05-03 20:00:00,174,180,420.45538330078125,16.657291412353516,0.01742279902100563
eval,24882,2019-05-03 20:00:00,175,181,35567.0234375,141.78207397460938,0.025461159646511078
eval,24882,2019-05-03 20:00:00,176,183,2911.12939453125,42.8299560546875,0.04046338051557541
eval,24882,2019-05-03 20:00:00,177,184,38607.6484375,141.1371307373047,0.2064214050769806
eval,24882,2019-05-03 20:00:00,178,185,3130.36279296875,45.84231185913086,0.03718606382608414
eval,24882,2019-05-03 20:00:00,179,186,5568566.0,1549.4866943359375,0.13044044375419617
eval,24882,2019-05-03 20:00:00,180,187,43856.3046875,159.7645263671875,0.06341379880905151
eval,24882,2019-05-03 20:00:00,181,188,596.2260131835938,19.11614418029785,0.08281052112579346
eval,24882,2019-05-03 20:00:00,182,189,18474.4296875,112.91670989990234,0.03539181873202324
eval,24882,2019-05-03 20:00:00,183,190,106.69042205810547,8.48876667022705,0.011834501288831234
eval,24882,2019-05-03 20:00:00,184,191,790.6305541992188,21.853734970092773,0.024889778345823288
eval,24882,2019-05-03 20:00:00,185,192,657.0934448242188,20.384265899658203,0.08270260691642761
eval,24882,2019-05-03 20:00:00,186,193,14596.248046875,92.8791732788086,0.030933059751987457
eval,24882,2019-05-03 20:00:00,187,194,1733.0234375,27.065967559814453,0.08704447001218796
eval,24882,2019-05-03 20:00:00,188,195,276.6176452636719,12.428912162780762,0.031030675396323204
eval,24882,2019-05-03 20:00:00,189,196,16358.3505859375,99.87498474121094,0.2601203918457031
eval,24882,2019-05-03 20:00:00,190,197,413.5531921386719,17.21970558166504,0.08513548225164413
eval,24882,2019-05-03 20:00:00,191,198,7440.32958984375,71.59392547607422,0.06424851715564728
eval,24882,2019-05-03 20:00:00,192,199,346190.375,440.1339111328125,0.057305701076984406
eval,24882,2019-05-03 20:00:00,193,200,3285.8359375,35.887413024902344,0.10222300887107849
eval,24882,2019-05-03 20:00:00,194,201,1724.3828125,30.375089645385742,0.08403857052326202
eval,24882,2019-05-03 20:00:00,195,202,737.2916259765625,19.246557235717773,0.03167169168591499
eval,24882,2019-05-03 20:00:00,196,203,2774.780029296875,42.565406799316406,0.08472807705402374
eval,24882,2019-05-03 20:00:00,197,204,18286.0078125,106.82415008544922,0.034263692796230316
eval,24882,2019-05-03 20:00:00,198,205,10697.4462890625,79.14849090576172,0.0393531396985054
eval,24882,2019-05-03 20:00:00,199,206,1429.4365234375,27.075637817382812,0.03986073657870293
eval,24882,2019-05-03 20:00:00,200,207,213.3341522216797,12.151731491088867,0.048093196004629135
eval,24882,2019-05-03 20:00:00,201,208,297.1457214355469,14.383613586425781,0.04506869241595268
eval,24882,2019-05-03 20:00:00,202,209,221.6464080810547,11.990345001220703,0.04038105905056
eval,24882,2019-05-03 20:00:00,203,210,1920.9951171875,32.669166564941406,0.056796859949827194
eval,24882,2019-05-03 20:00:00,204,211,22529.671875,121.62013244628906,0.1403663456439972
eval,24882,2019-05-03 20:00:00,205,212,1623.1307373046875,29.196781158447266,0.019082292914390564
eval,24882,2019-05-03 20:00:00,206,213,856.7267456054688,24.81244468688965,0.04057873412966728
eval,24882,2019-05-03 20:00:00,207,214,596.9656372070312,20.391429901123047,0.03473711013793945
eval,24882,2019-05-03 20:00:00,208,215,1706.9920654296875,34.37225341796875,0.08105527609586716
eval,24882,2019-05-03 20:00:00,209,216,1884.55712890625,31.570775985717773,0.14334341883659363
eval,24882,2019-05-03 20:00:00,210,217,1532.90673828125,26.595760345458984,0.02356485091149807
eval,24882,2019-05-03 20:00:00,211,218,505.361572265625,11.97442626953125,0.11425136029720306
eval,24882,2019-05-03 20:00:00,212,219,2484.060302734375,42.97521209716797,0.09459027647972107
eval,24882,2019-05-03 20:00:00,213,220,4563.94873046875,51.4093017578125,0.08854711055755615
eval,24882,2019-05-03 20:00:00,214,221,1605.189697265625,28.971324920654297,0.02207166701555252
eval,24882,2019-05-03 20:00:00,215,222,1258.64990234375,29.002422332763672,0.04032793268561363
eval,24882,2019-05-03 20:00:00,216,223,6462.609375,58.08964157104492,0.0759817361831665
eval,24882,2019-05-03 20:00:00,217,224,104.65275573730469,8.587145805358887,0.019182274118065834
eval,24882,2019-05-03 20:00:00,218,225,2154.697021484375,37.22158432006836,0.04170951247215271
eval,24882,2019-05-03 20:00:00,219,226,42852.0625,168.7873992919922,0.06281043589115143
eval,24882,2019-05-03 20:00:00,220,227,309.5382995605469,16.09982681274414,0.04584405943751335
eval,24882,2019-05-03 20:00:00,221,228,1006.2531127929688,24.3948974609375,0.04464685544371605
eval,24882,2019-05-03 20:00:00,222,229,879.9574584960938,25.100255966186523,0.06736831367015839
eval,24882,2019-05-03 20:00:00,223,230,23777.56640625,137.74075317382812,0.0950767919421196
eval,24882,2019-05-03 20:00:00,224,231,6496.474609375,70.33821868896484,0.07666538655757904
eval,24882,2019-05-03 20:00:00,225,232,487.3915710449219,15.946538925170898,0.0337149053812027
eval,24882,2019-05-03 20:00:00,226,233,310319.9375,481.3690185546875,0.053406115621328354
eval,24882,2019-05-03 20:00:00,227,234,356.4853515625,16.34447479248047,0.035841576755046844
eval,24882,2019-05-03 20:00:00,228,235,369.18798828125,14.24456787109375,0.042053960263729095
eval,24882,2019-05-03 20:00:00,229,236,10493080.0,2828.45458984375,0.13000237941741943
eval,24882,2019-05-03 20:00:00,230,237,8015.0205078125,65.07182312011719,0.05871964991092682
eval,24882,2019-05-03 20:00:00,231,238,185.71728515625,11.003650665283203,0.026789849624037743
eval,24882,2019-05-03 20:00:00,232,239,183.8212127685547,10.224685668945312,0.05611366033554077
eval,24882,2019-05-03 20:00:00,233,240,3468.1025390625,43.82421112060547,0.07307786494493484
eval,24882,2019-05-03 20:00:00,234,241,422.678466796875,18.266407012939453,0.07298721373081207
eval,24882,2019-05-03 20:00:00,235,242,457.4317321777344,15.775907516479492,0.03187023103237152
eval,24882,2019-05-03 20:00:00,236,243,269.35870361328125,12.37332534790039,0.012324456125497818
eval,24882,2019-05-03 20:00:00,237,244,640.9630126953125,21.653377532958984,0.027868077158927917
eval,24882,2019-05-03 20:00:00,238,246,25302.06640625,118.68254089355469,0.2808302044868469
eval,24882,2019-05-03 20:00:00,239,247,376.255615234375,14.401080131530762,0.1074855774641037
eval,24882,2019-05-03 20:00:00,240,248,1160.1361083984375,27.886306762695312,0.02599697932600975
eval,24882,2019-05-03 20:00:00,241,249,616.0853271484375,17.70484161376953,0.04107995331287384
eval,24882,2019-05-03 20:00:00,242,250,18632.193359375,112.56584930419922,0.058097273111343384
eval,24882,2019-05-03 20:00:00,243,251,10127.2099609375,86.23934936523438,0.15148329734802246
eval,24882,2019-05-03 20:00:00,244,252,221.0281219482422,12.148885726928711,0.041194505989551544
eval,24882,2019-05-03 20:00:00,245,253,1106.8299560546875,26.40851402282715,0.042703382670879364
eval,24882,2019-05-03 20:00:00,246,254,85757.0859375,236.15928649902344,0.09494566172361374
eval,24882,2019-05-03 20:00:00,247,255,26034.123046875,121.3975830078125,0.23750202357769012
eval,24882,2019-05-03 20:00:00,248,256,866.330322265625,23.524890899658203,0.07103389501571655
eval,24882,2019-05-03 20:00:00,249,257,766.1554565429688,23.826473236083984,0.056625477969646454
eval,24882,2019-05-03 20:00:00,250,258,233.93955993652344,13.287769317626953,0.023778382688760757
eval,24882,2019-05-03 20:00:00,251,259,1012.1307983398438,27.00631332397461,0.041831932961940765
eval,24882,2019-05-03 20:00:00,252,260,244.32286071777344,11.73065185546875,0.05000585317611694
eval,24882,2019-05-03 20:00:00,253,261,771.0209350585938,23.3331356048584,0.11410006135702133
eval,24882,2019-05-03 20:00:00,254,262,25634.138671875,127.130126953125,0.02895405702292919
eval,24882,2019-05-03 20:00:00,255,263,10108.576171875,85.52678680419922,0.22901366651058197
eval,24882,2019-05-03 20:00:00,256,264,36112.47265625,147.03671264648438,0.18561802804470062
eval,24882,2019-05-03 20:00:00,257,265,1676.408203125,36.349822998046875,0.07827162742614746
eval,24882,2019-05-03 20:00:00,258,266,4027.92138671875,55.42369842529297,0.025041237473487854
eval,24882,2019-05-03 20:00:00,259,267,5159.3623046875,61.80048751831055,0.05854063481092453
eval,24882,2019-05-03 20:00:00,260,268,33129.234375,153.74087524414062,0.024077296257019043
eval,24882,2019-05-03 20:00:00,261,269,194.1468963623047,11.935506820678711,0.029245225712656975
eval,24882,2019-05-03 20:00:00,262,270,2548.0224609375,38.24419403076172,0.019853712990880013
eval,24882,2019-05-03 20:00:00,263,271,7089.1220703125,75.60617065429688,0.01314656250178814
eval,24882,2019-05-03 20:00:00,264,272,1428.337646484375,29.651744842529297,0.037408336997032166
eval,24882,2019-05-03 20:00:00,265,273,595.29931640625,19.205440521240234,0.06481021642684937
eval,24882,2019-05-03 20:00:00,266,274,2097.73046875,33.92296600341797,0.14633680880069733
eval,24882,2019-05-03 20:00:00,267,275,567.8310546875,20.85530662536621,0.038713760673999786
eval,24882,2019-05-03 20:00:00,268,276,87207.671875,258.7306823730469,0.027390964329242706
eval,24882,2019-05-03 20:00:00,269,277,3718.2421875,46.994178771972656,0.037589769810438156
eval,24882,2019-05-03 20:00:00,270,278,2465.447265625,44.32285690307617,0.0434487983584404
eval,24882,2019-05-03 20:00:00,271,279,6299.072265625,58.34873580932617,0.08647537231445312
eval,24882,2019-05-03 20:00:00,272,280,25118.16015625,128.2225799560547,0.08857885003089905
eval,24882,2019-05-03 20:00:00,273,281,69542.453125,221.20391845703125,0.02846142277121544
eval,24882,2019-05-03 20:00:00,274,282,1022.9271240234375,26.13591766357422,0.02251969650387764
eval,24882,2019-05-03 20:00:00,275,283,401.1126403808594,17.110464096069336,0.030671028420329094
eval,24882,2019-05-03 20:00:00,276,284,1608.823486328125,32.43463897705078,0.03905836120247841
eval,24882,2019-05-03 20:00:00,277,285,367.3013610839844,11.019583702087402,0.028106963261961937
eval,24882,2019-05-03 20:00:00,278,286,1983.548583984375,29.908117294311523,0.12171691656112671
eval,24882,2019-05-03 20:00:00,279,287,11257.00390625,69.34060668945312,0.5716718435287476
eval,24882,2019-05-03 20:00:00,280,288,3174.34716796875,37.79871368408203,0.06207359582185745
eval,24882,2019-05-03 20:00:00,281,289,10669.4853515625,82.14866638183594,0.059386249631643295
eval,24882,2019-05-03 20:00:00,282,290,6425037.0,1648.083251953125,0.15558236837387085
eval,24882,2019-05-03 20:00:00,283,291,10279.0078125,71.42813110351562,0.06048634648323059
eval,24882,2019-05-03 20:00:00,284,292,21807.732421875,126.3447494506836,0.00472126854583621
eval,24882,2019-05-03 20:00:00,285,293,34116.234375,131.64353942871094,0.10833136737346649
eval,24882,2019-05-03 20:00:00,286,294,5329.4658203125,54.56005859375,0.03418801724910736
eval,24882,2019-05-03 20:00:00,287,295,56466.65234375,172.16111755371094,0.21534590423107147
eval,24882,2019-05-03 20:00:00,288,296,619071.5,625.3306884765625,0.05985315144062042
eval,24882,2019-05-03 20:00:00,289,297,10435.62890625,81.3838119506836,0.057468630373477936
eval,24882,2019-05-03 20:00:00,290,299,1686.3333740234375,36.554561614990234,0.43394410610198975
eval,24882,2019-05-03 20:00:00,291,300,25117.515625,120.97171020507812,0.09754776209592819
eval,24882,2019-05-03 20:00:00,292,301,78907.421875,225.81576538085938,0.031000150367617607
eval,24882,2019-05-03 20:00:00,293,302,1308637.75,836.1722412109375,0.11013832688331604
eval,24882,2019-05-03 20:00:00,294,303,24457.912109375,98.42439270019531,0.5823125839233398
eval,24882,2019-05-03 20:00:00,295,304,6522.5732421875,62.403419494628906,0.014963853172957897
eval,24882,2019-05-03 20:00:00,296,305,14317.2490234375,95.81085205078125,0.09246999025344849
eval,24882,2019-05-03 20:00:00,297,306,28214.935546875,120.13465881347656,0.00942082516849041
eval,24882,2019-05-03 20:00:00,298,307,469.4445495605469,19.251310348510742,0.4110125005245209
eval,24882,2019-05-03 20:00:00,299,308,333487.21875,460.3355712890625,0.014947924762964249
eval,24882,2019-05-03 20:00:00,300,309,881622.125,649.8114624023438,0.27174949645996094
eval,24882,2019-05-03 20:00:00,301,310,9582.859375,73.48286437988281,0.601561427116394
eval,24882,2019-05-03 20:00:00,302,311,17936.662109375,111.47174072265625,0.01328042522072792
eval,24882,2019-05-03 20:00:00,303,312,6884.5185546875,66.18074035644531,0.012727601453661919
eval,24882,2019-05-03 20:00:00,304,313,634397184.0,17254.513671875,0.04456045478582382
eval,24882,2019-05-03 20:00:00,305,314,540688.9375,539.557373046875,0.01449118833988905
eval,24882,2019-05-03 20:00:00,306,315,939801.625,812.42822265625,0.010769223794341087
eval,24882,2019-05-03 20:00:00,307,316,11718.15625,79.40863037109375,0.1633540689945221
eval,24882,2019-05-03 20:00:00,308,317,696.7550659179688,13.84173583984375,0.4981949031352997
eval,24882,2019-05-03 20:00:00,309,318,69695.71875,225.6429443359375,0.4568207263946533
eval,24882,2019-05-03 20:00:00,310,319,14575.294921875,88.30635833740234,0.19446703791618347
eval,24882,2019-05-03 20:00:00,311,OT,4747.4443359375,57.272972106933594,0.025320854038000107
eval,25138,2019-05-14 12:00:00,0,0,7.143413543701172,2.2826905250549316,0.07958333194255829
eval,25138,2019-05-14 12:00:00,1,1,8.514932632446289,2.1434316635131836,0.035934630781412125
eval,25138,2019-05-14 12:00:00,2,2,0.9858349561691284,0.4490906596183777,0.5640650987625122
eval,25138,2019-05-14 12:00:00,3,3,1756.421142578125,31.929351806640625,0.05423300713300705
eval,25138,2019-05-14 12:00:00,4,4,221.5233154296875,11.793960571289062,0.056860148906707764
eval,25138,2019-05-14 12:00:00,5,5,4520.11083984375,52.72501754760742,0.06966504454612732
eval,25138,2019-05-14 12:00:00,6,7,3972.318115234375,50.0747184753418,0.06701827049255371
eval,25138,2019-05-14 12:00:00,7,8,598.067626953125,19.346939086914062,0.1124592274427414
eval,25138,2019-05-14 12:00:00,8,9,8982.091796875,68.11053466796875,0.42579326033592224
eval,25138,2019-05-14 12:00:00,9,10,142.34091186523438,8.98031234741211,0.06368642300367355
eval,25138,2019-05-14 12:00:00,10,11,2093.833251953125,32.64690017700195,0.04212869703769684
eval,25138,2019-05-14 12:00:00,11,12,180.3911590576172,11.406761169433594,0.033682435750961304
eval,25138,2019-05-14 12:00:00,12,13,301.9272766113281,11.420829772949219,0.17162740230560303
eval,25138,2019-05-14 12:00:00,13,14,134.023681640625,8.76089859008789,0.041558973491191864
eval,25138,2019-05-14 12:00:00,14,15,4203.56005859375,49.484771728515625,0.03633914142847061
eval,25138,2019-05-14 12:00:00,15,16,10.390573501586914,2.3647007942199707,0.1415528804063797
eval,25138,2019-05-14 12:00:00,16,17,514.8760375976562,17.68642807006836,0.2622898817062378
eval,25138,2019-05-14 12:00:00,17,18,1339.65087890625,30.632850646972656,0.03441397845745087
eval,25138,2019-05-14 12:00:00,18,19,110.28703308105469,7.17279052734375,0.025177640840411186
eval,25138,2019-05-14 12:00:00,19,20,59.430870056152344,4.869295597076416,0.13910964131355286
eval,25138,2019-05-14 12:00:00,20,21,7049.5546875,64.19207000732422,0.08906850218772888
eval,25138,2019-05-14 12:00:00,21,22,92.11910247802734,7.203521251678467,0.0668996125459671
eval,25138,2019-05-14 12:00:00,22,23,58.96446990966797,5.854482173919678,0.04855852574110031
eval,25138,2019-05-14 12:00:00,23,24,155.0399627685547,10.474006652832031,0.027193233370780945
eval,25138,2019-05-14 12:00:00,24,25,106.12945556640625,8.549600601196289,0.006898765452206135
eval,25138,2019-05-14 12:00:00,25,26,331.0098876953125,14.101224899291992,0.031693361699581146
eval,25138,2019-05-14 12:00:00,26,27,33.71098709106445,4.499258041381836,0.10170048475265503
eval,25138,2019-05-14 12:00:00,27,28,6170.939453125,43.601463317871094,0.38321566581726074
eval,25138,2019-05-14 12:00:00,28,29,1420.6649169921875,29.09811019897461,0.07042858004570007
eval,25138,2019-05-14 12:00:00,29,30,1221.6893310546875,26.911785125732422,0.07121559977531433
eval,25138,2019-05-14 12:00:00,30,31,1160.5111083984375,25.69210433959961,0.08296945691108704
eval,25138,2019-05-14 12:00:00,31,32,211.1998748779297,10.051567077636719,0.03788597881793976
eval,25138,2019-05-14 12:00:00,32,33,261.6377868652344,11.970850944519043,0.12509649991989136
eval,25138,2019-05-14 12:00:00,33,34,51673.3671875,185.9332275390625,0.032250504940748215
eval,25138,2019-05-14 12:00:00,34,35,99.94332885742188,7.326700210571289,0.04855577275156975
eval,25138,2019-05-14 12:00:00,35,36,1495.84033203125,27.137752532958984,0.04868972301483154
eval,25138,2019-05-14 12:00:00,36,37,2141.616943359375,36.648948669433594,0.08369981497526169
eval,25138,2019-05-14 12:00:00,37,38,65.0284652709961,6.64031982421875,0.048575546592473984
eval,25138,2019-05-14 12:00:00,38,39,23.743574142456055,4.084681510925293,0.0828569084405899
eval,25138,2019-05-14 12:00:00,39,40,56045.07421875,183.50765991210938,0.04026591032743454
eval,25138,2019-05-14 12:00:00,40,41,4058.02587890625,49.965415954589844,0.08345566689968109
eval,25138,2019-05-14 12:00:00,41,42,407.7293701171875,16.018600463867188,0.11229686439037323
eval,25138,2019-05-14 12:00:00,42,43,223.7787322998047,10.891398429870605,0.17466029524803162
eval,25138,2019-05-14 12:00:00,43,44,458.2322998046875,17.909452438354492,0.03444182127714157
eval,25138,2019-05-14 12:00:00,44,45,251.99758911132812,11.40852165222168,0.048697181046009064
eval,25138,2019-05-14 12:00:00,45,46,41.56844711303711,5.578637599945068,0.11380825936794281
eval,25138,2019-05-14 12:00:00,46,47,40.181209564208984,5.269594192504883,0.01718783751130104
eval,25138,2019-05-14 12:00:00,47,48,71.31108856201172,6.831033229827881,0.038211870938539505
eval,25138,2019-05-14 12:00:00,48,49,266.28399658203125,12.525901794433594,0.024311300367116928
eval,25138,2019-05-14 12:00:00,49,50,1120.86083984375,25.38520622253418,0.11226462572813034
eval,25138,2019-05-14 12:00:00,50,51,108.73991394042969,8.08596420288086,0.1397973895072937
eval,25138,2019-05-14 12:00:00,51,52,1759.5965576171875,28.415328979492188,0.2924894094467163
eval,25138,2019-05-14 12:00:00,52,53,347.538330078125,13.715694427490234,0.08348290622234344
eval,25138,2019-05-14 12:00:00,53,54,42.48066329956055,4.669538497924805,0.028358623385429382
eval,25138,2019-05-14 12:00:00,54,55,317090.28125,411.5253601074219,0.108512282371521
eval,25138,2019-05-14 12:00:00,55,56,268.2890625,12.399996757507324,0.044350892305374146
eval,25138,2019-05-14 12:00:00,56,58,19459.83203125,114.37541961669922,0.3069894313812256
eval,25138,2019-05-14 12:00:00,57,59,1305.0775146484375,28.50630760192871,0.07135270535945892
eval,25138,2019-05-14 12:00:00,58,60,1420.5067138671875,32.25706481933594,0.05191117152571678
eval,25138,2019-05-14 12:00:00,59,61,43.83433151245117,5.488408088684082,0.01747257262468338
eval,25138,2019-05-14 12:00:00,60,62,97.13909912109375,7.638680458068848,0.023254185914993286
eval,25138,2019-05-14 12:00:00,61,63,395.81658935546875,12.027524948120117,0.0348089262843132
eval,25138,2019-05-14 12:00:00,62,64,263.8946533203125,12.177188873291016,0.04579012840986252
eval,25138,2019-05-14 12:00:00,63,65,333.056396484375,14.411280632019043,0.036111980676651
eval,25138,2019-05-14 12:00:00,64,66,104.89555358886719,8.117071151733398,0.03469761088490486
eval,25138,2019-05-14 12:00:00,65,67,353.0691833496094,13.892508506774902,0.08311358094215393
eval,25138,2019-05-14 12:00:00,66,68,642.0939331054688,18.85035514831543,0.09851657599210739
eval,25138,2019-05-14 12:00:00,67,69,68.13568115234375,6.089617729187012,0.05761666223406792
eval,25138,2019-05-14 12:00:00,68,70,398.53704833984375,16.25375747680664,0.37752529978752136
eval,25138,2019-05-14 12:00:00,69,71,51.775840759277344,5.366063594818115,0.09292352199554443
eval,25138,2019-05-14 12:00:00,70,72,839.2227783203125,22.20263671875,0.046484172344207764
eval,25138,2019-05-14 12:00:00,71,73,79.37594604492188,6.9551920890808105,0.04731396958231926
eval,25138,2019-05-14 12:00:00,72,74,424.4647216796875,15.0675687789917,0.05933978408575058
eval,25138,2019-05-14 12:00:00,73,75,8489.759765625,67.64244079589844,0.038883455097675323
eval,25138,2019-05-14 12:00:00,74,76,663.6603393554688,21.011688232421875,0.04999981075525284
eval,25138,2019-05-14 12:00:00,75,77,11040.6748046875,82.37812042236328,0.03382036089897156
eval,25138,2019-05-14 12:00:00,76,78,753.050048828125,21.38998031616211,0.03650062531232834
eval,25138,2019-05-14 12:00:00,77,79,27942.255859375,105.27095031738281,0.24856679141521454
eval,25138,2019-05-14 12:00:00,78,80,7465.7470703125,65.76179504394531,0.12664160132408142
eval,25138,2019-05-14 12:00:00,79,81,7839.490234375,72.62378692626953,0.06249129772186279
eval,25138,2019-05-14 12:00:00,80,82,2680.7392578125,36.23887634277344,0.24470847845077515
eval,25138,2019-05-14 12:00:00,81,83,36425.80078125,95.46197509765625,0.48368287086486816
eval,25138,2019-05-14 12:00:00,82,84,277.08953857421875,11.492965698242188,0.14522331953048706
eval,25138,2019-05-14 12:00:00,83,85,120.7754135131836,8.249202728271484,0.04389385133981705
eval,25138,2019-05-14 12:00:00,84,86,87.12553405761719,7.5535101890563965,0.157154381275177
eval,25138,2019-05-14 12:00:00,85,87,10530.3828125,77.80087280273438,0.03763984143733978
eval,25138,2019-05-14 12:00:00,86,88,57896.8125,171.24795532226562,0.026806166395545006
eval,25138,2019-05-14 12:00:00,87,89,39913.58203125,139.8340606689453,0.010434500873088837
eval,25138,2019-05-14 12:00:00,88,90,96.89649963378906,7.035569667816162,0.01008912269026041
eval,25138,2019-05-14 12:00:00,89,91,28068.296875,145.771728515625,0.02469712309539318
eval,25138,2019-05-14 12:00:00,90,92,276358.84375,301.5804748535156,0.10254596173763275
eval,25138,2019-05-14 12:00:00,91,93,207464.75,381.548095703125,0.05690682679414749
eval,25138,2019-05-14 12:00:00,92,94,107342.015625,238.87362670898438,0.07223322987556458
eval,25138,2019-05-14 12:00:00,93,95,1937.9725341796875,32.704795837402344,0.015639236196875572
eval,25138,2019-05-14 12:00:00,94,96,5389.43359375,57.664283752441406,0.02047209069132805
eval,25138,2019-05-14 12:00:00,95,97,740.535400390625,24.0042781829834,0.08943402767181396
eval,25138,2019-05-14 12:00:00,96,98,2224.72705078125,33.85100173950195,0.41140007972717285
eval,25138,2019-05-14 12:00:00,97,99,160.040771484375,9.051042556762695,0.010861111804842949
eval,25138,2019-05-14 12:00:00,98,100,4169.7783203125,53.73967742919922,0.019763683900237083
eval,25138,2019-05-14 12:00:00,99,101,118.42234802246094,7.810292720794678,0.0221522506326437
eval,25138,2019-05-14 12:00:00,100,102,142.8646240234375,9.816120147705078,0.03523903340101242
eval,25138,2019-05-14 12:00:00,101,103,97913.9921875,286.8960876464844,0.42916661500930786
eval,25138,2019-05-14 12:00:00,102,104,418.3387145996094,16.531835556030273,0.09911058843135834
eval,25138,2019-05-14 12:00:00,103,105,766.5646362304688,13.79736614227295,0.012967194430530071
eval,25138,2019-05-14 12:00:00,104,107,330.6489562988281,7.327802658081055,0.07933016121387482
eval,25138,2019-05-14 12:00:00,105,108,63.77800750732422,6.4101362228393555,0.018286418169736862
eval,25138,2019-05-14 12:00:00,106,109,685.23193359375,20.56463050842285,0.006907726638019085
eval,25138,2019-05-14 12:00:00,107,110,153.67056274414062,10.412095069885254,0.015600873157382011
eval,25138,2019-05-14 12:00:00,108,111,13222.9990234375,92.45114135742188,3.5705738067626953
eval,25138,2019-05-14 12:00:00,109,112,6057.0712890625,59.19547653198242,0.047580502927303314
eval,25138,2019-05-14 12:00:00,110,114,0.3925083577632904,0.42227715253829956,1.6036698818206787
eval,25138,2019-05-14 12:00:00,111,115,4.559563636779785,1.670156478881836,0.23885498940944672
eval,25138,2019-05-14 12:00:00,112,116,842.4017333984375,24.581279754638672,0.3259284198284149
eval,25138,2019-05-14 12:00:00,113,117,51.910560607910156,6.018863677978516,0.3000621497631073
eval,25138,2019-05-14 12:00:00,114,118,218.6554412841797,9.085147857666016,0.11921758949756622
eval,25138,2019-05-14 12:00:00,115,119,137162.03125,304.303955078125,0.564452052116394
eval,25138,2019-05-14 12:00:00,116,120,367.37640380859375,15.640645980834961,0.08004234731197357
eval,25138,2019-05-14 12:00:00,117,121,47.1259765625,5.28898286819458,2.098376750946045
eval,25138,2019-05-14 12:00:00,118,122,4.496732711791992,1.2641996145248413,0.26451873779296875
eval,25138,2019-05-14 12:00:00,119,123,211.21018981933594,10.165205001831055,0.008620312437415123
eval,25138,2019-05-14 12:00:00,120,124,491.8321533203125,19.086868286132812,0.011699407361447811
eval,25138,2019-05-14 12:00:00,121,125,10.988866806030273,1.652367353439331,0.24549666047096252
eval,25138,2019-05-14 12:00:00,122,126,4690.90869140625,49.61599349975586,0.03962273150682449
eval,25138,2019-05-14 12:00:00,123,128,655774.8125,652.6705322265625,0.21169543266296387
eval,25138,2019-05-14 12:00:00,124,129,5459.49169921875,59.30711364746094,0.21004578471183777
eval,25138,2019-05-14 12:00:00,125,130,1535.2103271484375,29.701576232910156,0.05646691843867302
eval,25138,2019-05-14 12:00:00,126,131,171656.53125,345.5298767089844,0.36397868394851685
eval,25138,2019-05-14 12:00:00,127,132,12287.568359375,85.74742126464844,0.03302440047264099
eval,25138,2019-05-14 12:00:00,128,133,148985.15625,298.37945556640625,0.17908671498298645
eval,25138,2019-05-14 12:00:00,129,134,10635.966796875,75.36493682861328,0.13104447722434998
eval,25138,2019-05-14 12:00:00,130,135,60462.3828125,197.18289184570312,0.03119244985282421
eval,25138,2019-05-14 12:00:00,131,136,616.2218627929688,20.670318603515625,0.02071647346019745
eval,25138,2019-05-14 12:00:00,132,137,53.71778106689453,6.174458980560303,0.03650340437889099
eval,25138,2019-05-14 12:00:00,133,138,2131.283203125,31.3624324798584,0.0420919805765152
eval,25138,2019-05-14 12:00:00,134,139,1230.0919189453125,30.219223022460938,0.05662612244486809
eval,25138,2019-05-14 12:00:00,135,140,445.490234375,16.45824432373047,0.017475895583629608
eval,25138,2019-05-14 12:00:00,136,141,4562.52294921875,51.00470733642578,0.10493924468755722
eval,25138,2019-05-14 12:00:00,137,142,604.360107421875,17.274669647216797,0.06810422241687775
eval,25138,2019-05-14 12:00:00,138,144,113.92132568359375,7.790521144866943,0.043313167989254
eval,25138,2019-05-14 12:00:00,139,145,150.11587524414062,9.111346244812012,0.018234271556138992
eval,25138,2019-05-14 12:00:00,140,146,1157.6998291015625,29.380142211914062,0.14258593320846558
eval,25138,2019-05-14 12:00:00,141,147,40.73928451538086,5.204710483551025,0.023956898599863052
eval,25138,2019-05-14 12:00:00,142,148,7120.017578125,73.623046875,0.09614555537700653
eval,25138,2019-05-14 12:00:00,143,149,3499.387451171875,48.25007247924805,0.07347521185874939
eval,25138,2019-05-14 12:00:00,144,150,167674.59375,328.31707763671875,0.07632622122764587
eval,25138,2019-05-14 12:00:00,145,151,21885.41796875,133.32313537597656,0.5176604986190796
eval,25138,2019-05-14 12:00:00,146,152,2060.47314453125,36.60343551635742,0.05243144929409027
eval,25138,2019-05-14 12:00:00,147,153,140090.609375,295.5102233886719,0.03981221467256546
eval,25138,2019-05-14 12:00:00,148,154,25644.255859375,113.2094955444336,0.16422000527381897
eval,25138,2019-05-14 12:00:00,149,155,37898268.0,4080.762451171875,0.191548690199852
eval,25138,2019-05-14 12:00:00,150,156,871.5186767578125,24.398345947265625,0.02774392068386078
eval,25138,2019-05-14 12:00:00,151,157,728.6310424804688,21.61603355407715,0.011080953292548656
eval,25138,2019-05-14 12:00:00,152,158,1321.1552734375,24.827144622802734,0.012628750875592232
eval,25138,2019-05-14 12:00:00,153,159,28916.59375,123.08467864990234,0.08482690900564194
eval,25138,2019-05-14 12:00:00,154,160,2966.77880859375,41.825904846191406,0.05001213774085045
eval,25138,2019-05-14 12:00:00,155,161,2286.34912109375,40.316558837890625,0.03958693519234657
eval,25138,2019-05-14 12:00:00,156,162,8244.0615234375,70.45928955078125,0.02198171243071556
eval,25138,2019-05-14 12:00:00,157,163,5329.82568359375,61.38694381713867,0.008596573956310749
eval,25138,2019-05-14 12:00:00,158,164,9411.2216796875,74.18383026123047,0.050317615270614624
eval,25138,2019-05-14 12:00:00,159,165,1851.262451171875,35.19743347167969,0.04247348755598068
eval,25138,2019-05-14 12:00:00,160,166,42146.73046875,157.8685760498047,0.05349388346076012
eval,25138,2019-05-14 12:00:00,161,167,283767.75,408.5897216796875,0.006916397716850042
eval,25138,2019-05-14 12:00:00,162,168,14164.009765625,98.4902572631836,0.17898669838905334
eval,25138,2019-05-14 12:00:00,163,169,11834.044921875,89.01683807373047,0.03685842081904411
eval,25138,2019-05-14 12:00:00,164,170,1742.93701171875,33.40045166015625,0.04749006778001785
eval,25138,2019-05-14 12:00:00,165,171,1492.4915771484375,30.925457000732422,0.01051316224038601
eval,25138,2019-05-14 12:00:00,166,172,12566.5546875,95.53147888183594,0.015908218920230865
eval,25138,2019-05-14 12:00:00,167,173,14295.96875,94.34359741210938,0.10267823934555054
eval,25138,2019-05-14 12:00:00,168,174,1859.24755859375,33.969722747802734,0.024926092475652695
eval,25138,2019-05-14 12:00:00,169,175,124792.484375,268.1029357910156,0.025734884664416313
eval,25138,2019-05-14 12:00:00,170,176,3196.9755859375,42.48983383178711,0.052815597504377365
eval,25138,2019-05-14 12:00:00,171,177,18919.328125,112.63916015625,0.016207702457904816
eval,25138,2019-05-14 12:00:00,172,178,10123.369140625,74.59335327148438,0.029272934421896935
eval,25138,2019-05-14 12:00:00,173,179,159913.0,301.1852111816406,0.01184095349162817
eval,25138,2019-05-14 12:00:00,174,180,634.3847045898438,22.345867156982422,0.023558683693408966
eval,25138,2019-05-14 12:00:00,175,181,25988.1171875,133.62477111816406,0.029841681942343712
eval,25138,2019-05-14 12:00:00,176,183,3225.08349609375,51.45001983642578,0.05489270016551018
eval,25138,2019-05-14 12:00:00,177,184,8172.03125,66.90413665771484,0.0852082297205925
eval,25138,2019-05-14 12:00:00,178,185,1648.83935546875,34.915794372558594,0.022230178117752075
eval,25138,2019-05-14 12:00:00,179,186,6947903.5,1955.0107421875,0.25043416023254395
eval,25138,2019-05-14 12:00:00,180,187,17585.41796875,97.81057739257812,0.02404419146478176
eval,25138,2019-05-14 12:00:00,181,188,367.44805908203125,14.671697616577148,0.05098541080951691
eval,25138,2019-05-14 12:00:00,182,189,17585.978515625,82.250732421875,0.035565249621868134
eval,25138,2019-05-14 12:00:00,183,190,205.08480834960938,11.290670394897461,0.02717229537665844
eval,25138,2019-05-14 12:00:00,184,191,907.6419677734375,25.000926971435547,0.042031120508909225
eval,25138,2019-05-14 12:00:00,185,192,438.95703125,16.15947723388672,0.0500282347202301
eval,25138,2019-05-14 12:00:00,186,193,136070.953125,230.7164306640625,0.15734851360321045
eval,25138,2019-05-14 12:00:00,187,194,551.3065185546875,19.205406188964844,0.024772483855485916
eval,25138,2019-05-14 12:00:00,188,195,374.3975524902344,16.004819869995117,0.051162250339984894
eval,25138,2019-05-14 12:00:00,189,196,7394.0244140625,66.1322021484375,0.12790483236312866
eval,25138,2019-05-14 12:00:00,190,197,1550.754638671875,29.25759506225586,0.17568650841712952
eval,25138,2019-05-14 12:00:00,191,198,8680.9208984375,73.0203857421875,0.08529151976108551
eval,25138,2019-05-14 12:00:00,192,199,280103.0625,413.97894287109375,0.06870771944522858
eval,25138,2019-05-14 12:00:00,193,200,815.3563232421875,22.968740463256836,0.025541072711348534
eval,25138,2019-05-14 12:00:00,194,201,777.3885498046875,21.57900619506836,0.030837759375572205
eval,25138,2019-05-14 12:00:00,195,202,561.3743286132812,17.820423126220703,0.024669479578733444
eval,25138,2019-05-14 12:00:00,196,203,981.5472412109375,23.085765838623047,0.030233018100261688
eval,25138,2019-05-14 12:00:00,197,204,25273.599609375,143.9998016357422,0.05836673080921173
eval,25138,2019-05-14 12:00:00,198,205,7061.17333984375,71.01382446289062,0.0269700326025486
eval,25138,2019-05-14 12:00:00,199,206,381.377197265625,15.674803733825684,0.011087588965892792
eval,25138,2019-05-14 12:00:00,200,207,139.84393310546875,8.952033996582031,0.021803077310323715
eval,25138,2019-05-14 12:00:00,201,208,183.88247680664062,10.701911926269531,0.0317830890417099
eval,25138,2019-05-14 12:00:00,202,209,259.5031433105469,11.971400260925293,0.04534438997507095
eval,25138,2019-05-14 12:00:00,203,210,846.0625,21.155582427978516,0.013107034377753735
eval,25138,2019-05-14 12:00:00,204,211,1397.0452880859375,30.804424285888672,0.008546752855181694
eval,25138,2019-05-14 12:00:00,205,212,1525.274169921875,32.56204605102539,0.018980752676725388
eval,25138,2019-05-14 12:00:00,206,213,496.00146484375,20.045183181762695,0.025458212941884995
eval,25138,2019-05-14 12:00:00,207,214,1306.723388671875,23.49752426147461,0.09347434341907501
eval,25138,2019-05-14 12:00:00,208,215,1808.4892578125,33.00287628173828,0.10578469932079315
eval,25138,2019-05-14 12:00:00,209,216,416.3986511230469,16.9819393157959,0.0439487062394619
eval,25138,2019-05-14 12:00:00,210,217,564.1761474609375,20.156810760498047,0.010455653071403503
eval,25138,2019-05-14 12:00:00,211,218,143.4420166015625,9.243109703063965,0.03544185310602188
eval,25138,2019-05-14 12:00:00,212,219,628.9024047851562,19.566476821899414,0.027615107595920563
eval,25138,2019-05-14 12:00:00,213,220,1727.8427734375,35.16291427612305,0.03198407590389252
eval,25138,2019-05-14 12:00:00,214,221,1833.0740966796875,39.42382049560547,0.03170604258775711
eval,25138,2019-05-14 12:00:00,215,222,1667.5843505859375,35.21954345703125,0.051046520471572876
eval,25138,2019-05-14 12:00:00,216,223,3113.900146484375,46.72772216796875,0.04035475477576256
eval,25138,2019-05-14 12:00:00,217,224,84.12388610839844,6.78113317489624,0.015705682337284088
eval,25138,2019-05-14 12:00:00,218,225,1436.59619140625,32.815345764160156,0.03286895900964737
eval,25138,2019-05-14 12:00:00,219,226,77939.8984375,180.5597381591797,0.12334012985229492
eval,25138,2019-05-14 12:00:00,220,227,339.9158935546875,13.968706130981445,0.049663640558719635
eval,25138,2019-05-14 12:00:00,221,228,740.708984375,22.57417869567871,0.03755582869052887
eval,25138,2019-05-14 12:00:00,222,229,768.9965209960938,21.450546264648438,0.0625310093164444
eval,25138,2019-05-14 12:00:00,223,230,9964.69140625,84.6180191040039,0.041638266295194626
eval,25138,2019-05-14 12:00:00,224,231,7545.9619140625,63.33574676513672,0.09912024438381195
eval,25138,2019-05-14 12:00:00,225,232,1009.3485717773438,22.840545654296875,0.07687234878540039
eval,25138,2019-05-14 12:00:00,226,233,105461.5234375,251.7502899169922,0.019793739542365074
eval,25138,2019-05-14 12:00:00,227,234,383.2752380371094,15.8355131149292,0.040330540388822556
eval,25138,2019-05-14 12:00:00,228,235,160.81690979003906,10.397236824035645,0.02027100883424282
eval,25138,2019-05-14 12:00:00,229,236,17443176.0,3174.24853515625,0.21876856684684753
eval,25138,2019-05-14 12:00:00,230,237,998.5621337890625,23.115699768066406,0.01013877522200346
eval,25138,2019-05-14 12:00:00,231,238,256.3076171875,12.740137100219727,0.0337514728307724
eval,25138,2019-05-14 12:00:00,232,239,451.402587890625,15.972240447998047,0.17602300643920898
eval,25138,2019-05-14 12:00:00,233,240,2278.09814453125,39.145965576171875,0.05512771010398865
eval,25138,2019-05-14 12:00:00,234,241,135.2698974609375,9.334461212158203,0.026115885004401207
eval,25138,2019-05-14 12:00:00,235,242,391.0518798828125,15.40168285369873,0.028653224930167198
eval,25138,2019-05-14 12:00:00,236,243,999.6068115234375,23.309410095214844,0.0472429096698761
eval,25138,2019-05-14 12:00:00,237,244,774.4205932617188,21.440658569335938,0.03208470344543457
eval,25138,2019-05-14 12:00:00,238,246,5273.681640625,58.4831657409668,0.07214963436126709
eval,25138,2019-05-14 12:00:00,239,247,203.17294311523438,11.421504020690918,0.03049759566783905
eval,25138,2019-05-14 12:00:00,240,248,1429.8245849609375,28.948383331298828,0.0383090078830719
eval,25138,2019-05-14 12:00:00,241,249,246.70370483398438,12.343116760253906,0.016314320266246796
eval,25138,2019-05-14 12:00:00,242,250,7874.796875,63.0843505859375,0.0307390745729208
eval,25138,2019-05-14 12:00:00,243,251,4591.8701171875,46.11967468261719,0.06507577747106552
eval,25138,2019-05-14 12:00:00,244,252,603.7852783203125,22.268482208251953,0.15678462386131287
eval,25138,2019-05-14 12:00:00,245,253,382.36248779296875,15.509783744812012,0.0128862876445055
eval,25138,2019-05-14 12:00:00,246,254,16638.5234375,103.35757446289062,0.023343201726675034
eval,25138,2019-05-14 12:00:00,247,255,8010.830078125,71.16232299804688,0.0932932123541832
eval,25138,2019-05-14 12:00:00,248,256,406.9201354980469,16.346282958984375,0.028095662593841553
eval,25138,2019-05-14 12:00:00,249,257,190.0270233154297,11.042524337768555,0.013435125350952148
eval,25138,2019-05-14 12:00:00,250,258,280.5452880859375,14.058942794799805,0.032982006669044495
eval,25138,2019-05-14 12:00:00,251,259,705.6639404296875,21.29062271118164,0.02917945198714733
eval,25138,2019-05-14 12:00:00,252,260,663.2935791015625,21.495763778686523,0.1538754105567932
eval,25138,2019-05-14 12:00:00,253,261,59.69825744628906,6.662163734436035,0.008183720521628857
eval,25138,2019-05-14 12:00:00,254,262,40154.6953125,170.83328247070312,0.04305592179298401
eval,25138,2019-05-14 12:00:00,255,263,746.0487060546875,22.785316467285156,0.01744331233203411
eval,25138,2019-05-14 12:00:00,256,264,14426.4765625,103.75297546386719,0.08620121330022812
eval,25138,2019-05-14 12:00:00,257,265,588.0642700195312,21.067148208618164,0.031382910907268524
eval,25138,2019-05-14 12:00:00,258,266,67829.0234375,175.71072387695312,0.29792219400405884
eval,25138,2019-05-14 12:00:00,259,267,2026.8974609375,39.47169494628906,0.035950399935245514
eval,25138,2019-05-14 12:00:00,260,268,27344.7265625,124.34138488769531,0.025708481669425964
eval,25138,2019-05-14 12:00:00,261,269,189.156494140625,12.33991527557373,0.031144913285970688
eval,25138,2019-05-14 12:00:00,262,270,2295.212646484375,41.04934310913086,0.020181778818368912
eval,25138,2019-05-14 12:00:00,263,271,5434.37353515625,58.44913864135742,0.0124207129701972
eval,25138,2019-05-14 12:00:00,264,272,477.08447265625,15.993041038513184,0.01589336432516575
eval,25138,2019-05-14 12:00:00,265,273,193.45933532714844,10.946836471557617,0.020947907119989395
eval,25138,2019-05-14 12:00:00,266,274,557.5133056640625,15.67114543914795,0.051634691655635834
eval,25138,2019-05-14 12:00:00,267,275,360.1104431152344,15.043689727783203,0.026148155331611633
eval,25138,2019-05-14 12:00:00,268,276,101712.171875,225.29541015625,0.04087306931614876
eval,25138,2019-05-14 12:00:00,269,277,4899.77490234375,58.35875701904297,0.07259099930524826
eval,25138,2019-05-14 12:00:00,270,278,1462.8734130859375,30.471519470214844,0.036646388471126556
eval,25138,2019-05-14 12:00:00,271,279,15215.6083984375,94.13317108154297,0.27237212657928467
eval,25138,2019-05-14 12:00:00,272,280,6801.1513671875,72.47462463378906,0.02542148157954216
eval,25138,2019-05-14 12:00:00,273,281,136997.65625,285.51507568359375,0.0612826868891716
eval,25138,2019-05-14 12:00:00,274,282,1420.8206787109375,33.33001708984375,0.04058453440666199
eval,25138,2019-05-14 12:00:00,275,283,153.62644958496094,10.895434379577637,0.014500699937343597
eval,25138,2019-05-14 12:00:00,276,284,2051.563232421875,36.85856246948242,0.06676200032234192
eval,25138,2019-05-14 12:00:00,277,285,327.09442138671875,14.91038703918457,0.028153009712696075
eval,25138,2019-05-14 12:00:00,278,286,656.0003662109375,21.548498153686523,0.024688582867383957
eval,25138,2019-05-14 12:00:00,279,287,132.386962890625,9.972915649414062,0.011031467467546463
eval,25138,2019-05-14 12:00:00,280,288,3180.671875,25.80379295349121,0.06025770306587219
eval,25138,2019-05-14 12:00:00,281,289,6112.6953125,48.818450927734375,0.040587108582258224
eval,25138,2019-05-14 12:00:00,282,290,221244.8125,366.1205749511719,0.011498108506202698
eval,25138,2019-05-14 12:00:00,283,291,19509.546875,109.08123016357422,0.2871883511543274
eval,25138,2019-05-14 12:00:00,284,292,32616.029296875,157.8336181640625,0.010832789354026318
eval,25138,2019-05-14 12:00:00,285,293,13095.197265625,94.96192932128906,0.06113685667514801
eval,25138,2019-05-14 12:00:00,286,294,1418.052490234375,26.907508850097656,0.01718280278146267
eval,25138,2019-05-14 12:00:00,287,295,28046.576171875,120.4575424194336,0.2150907814502716
eval,25138,2019-05-14 12:00:00,288,296,856922.5,505.99285888671875,0.08710336685180664
eval,25138,2019-05-14 12:00:00,289,297,10164.4482421875,82.78636932373047,0.0446171872317791
eval,25138,2019-05-14 12:00:00,290,299,181.350830078125,7.950030326843262,0.09171329438686371
eval,25138,2019-05-14 12:00:00,291,300,10073.5078125,70.51253509521484,0.10534930229187012
eval,25138,2019-05-14 12:00:00,292,301,21980.171875,108.18306732177734,0.014415963552892208
eval,25138,2019-05-14 12:00:00,293,302,174749.5625,331.6755065917969,0.02004171721637249
eval,25138,2019-05-14 12:00:00,294,303,7033.580078125,60.7862548828125,0.2262125015258789
eval,25138,2019-05-14 12:00:00,295,304,20044.06640625,85.90868377685547,0.04277462512254715
eval,25138,2019-05-14 12:00:00,296,305,908.7184448242188,21.237470626831055,0.01647539809346199
eval,25138,2019-05-14 12:00:00,297,306,21758.7578125,129.37879943847656,0.012175628915429115
eval,25138,2019-05-14 12:00:00,298,307,59.20808410644531,5.803515911102295,0.03772537782788277
eval,25138,2019-05-14 12:00:00,299,308,91299.2109375,218.32315063476562,0.005408718716353178
eval,25138,2019-05-14 12:00:00,300,309,12351.873046875,78.32334899902344,0.007943355478346348
eval,25138,2019-05-14 12:00:00,301,310,681.4139404296875,23.34235191345215,0.06828097254037857
eval,25138,2019-05-14 12:00:00,302,311,29962.419921875,153.69314575195312,0.03237713873386383
eval,25138,2019-05-14 12:00:00,303,312,56010.6328125,200.37158203125,0.12652650475502014
eval,25138,2019-05-14 12:00:00,304,313,178660448.0,10359.375,0.03542686626315117
eval,25138,2019-05-14 12:00:00,305,314,1048733.75,726.833251953125,0.04646765813231468
eval,25138,2019-05-14 12:00:00,306,315,373636.5,433.364990234375,0.005944512784481049
eval,25138,2019-05-14 12:00:00,307,316,33.84474182128906,4.83424186706543,0.001230347203090787
eval,25138,2019-05-14 12:00:00,308,317,57.624488830566406,6.671382904052734,0.04847244173288345
eval,25138,2019-05-14 12:00:00,309,318,13227.7021484375,92.8653564453125,0.07938651740550995
eval,25138,2019-05-14 12:00:00,310,319,6646.4755859375,59.68528747558594,0.0819564238190651
eval,25138,2019-05-14 12:00:00,311,OT,6016.08984375,60.848167419433594,0.05274324119091034
eval,25394,2019-05-25 04:00:00,0,0,22.966575622558594,3.5631015300750732,3.6747355461120605
eval,25394,2019-05-25 04:00:00,1,1,11.925668716430664,2.7007710933685303,0.044823404401540756
eval,25394,2019-05-25 04:00:00,2,2,0.6580946445465088,0.44997939467430115,0.37654203176498413
eval,25394,2019-05-25 04:00:00,3,3,373.40887451171875,16.647430419921875,0.010418187826871872
eval,25394,2019-05-25 04:00:00,4,4,1383.74169921875,25.141948699951172,0.5261790752410889
eval,25394,2019-05-25 04:00:00,5,5,3095.8681640625,43.1632194519043,0.045287057757377625
eval,25394,2019-05-25 04:00:00,6,7,5206.74951171875,60.19420623779297,0.07813932746648788
eval,25394,2019-05-25 04:00:00,7,8,2459.580078125,34.02832794189453,0.5021555423736572
eval,25394,2019-05-25 04:00:00,8,9,6458.1201171875,55.971923828125,0.4462892711162567
eval,25394,2019-05-25 04:00:00,9,10,178.26852416992188,9.662691116333008,0.08432649075984955
eval,25394,2019-05-25 04:00:00,10,11,169332.09375,306.35675048828125,3.31497859954834
eval,25394,2019-05-25 04:00:00,11,12,1224.87353515625,28.423152923583984,0.24415075778961182
eval,25394,2019-05-25 04:00:00,12,13,228.23297119140625,12.976012229919434,0.1020527109503746
eval,25394,2019-05-25 04:00:00,13,14,69.05380249023438,6.295733451843262,0.02474421262741089
eval,25394,2019-05-25 04:00:00,14,15,5541.70703125,55.98619842529297,0.04982075095176697
eval,25394,2019-05-25 04:00:00,15,16,8.394152641296387,1.9422645568847656,0.10028637945652008
eval,25394,2019-05-25 04:00:00,16,17,385.5446472167969,16.73659896850586,0.23621484637260437
eval,25394,2019-05-25 04:00:00,17,18,3405.9873046875,46.628883361816406,0.0947643518447876
eval,25394,2019-05-25 04:00:00,18,19,1020.8051147460938,21.868139266967773,0.3608015477657318
eval,25394,2019-05-25 04:00:00,19,20,51.128170013427734,5.299162864685059,0.11911052465438843
eval,25394,2019-05-25 04:00:00,20,21,9435.54296875,81.34910583496094,0.12159552425146103
eval,25394,2019-05-25 04:00:00,21,22,83.6475830078125,6.804856300354004,0.06467494368553162
eval,25394,2019-05-25 04:00:00,22,23,110.17601013183594,8.07183837890625,0.13513527810573578
eval,25394,2019-05-25 04:00:00,23,24,836.5965576171875,26.27206802368164,0.13808076083660126
eval,25394,2019-05-25 04:00:00,24,25,85.29185485839844,7.019142150878906,0.007030530832707882
eval,25394,2019-05-25 04:00:00,25,26,830.1597900390625,20.437299728393555,0.07602845877408981
eval,25394,2019-05-25 04:00:00,26,27,14.488828659057617,3.0203158855438232,0.05010761320590973
eval,25394,2019-05-25 04:00:00,27,28,678.8197021484375,20.77301788330078,0.04231380671262741
eval,25394,2019-05-25 04:00:00,28,29,1459.660888671875,30.541122436523438,0.07758365571498871
eval,25394,2019-05-25 04:00:00,29,30,1522.4544677734375,29.41951560974121,0.07584910839796066
eval,25394,2019-05-25 04:00:00,30,31,1005.8958740234375,23.813735961914062,0.07083632051944733
eval,25394,2019-05-25 04:00:00,31,32,650.4378662109375,18.31575584411621,0.11718243360519409
eval,25394,2019-05-25 04:00:00,32,33,137.02793884277344,8.354693412780762,0.060214634984731674
eval,25394,2019-05-25 04:00:00,33,34,115003.1875,272.63604736328125,0.06555072963237762
eval,25394,2019-05-25 04:00:00,34,35,94.83767700195312,7.483524322509766,0.051275692880153656
eval,25394,2019-05-25 04:00:00,35,36,47160.29296875,200.23228454589844,1.532707691192627
eval,25394,2019-05-25 04:00:00,36,37,2739.10009765625,42.3123779296875,0.14642930030822754
eval,25394,2019-05-25 04:00:00,37,38,74.36421966552734,6.921647548675537,0.0524170808494091
eval,25394,2019-05-25 04:00:00,38,39,69.9525146484375,7.257148265838623,0.3261008858680725
eval,25394,2019-05-25 04:00:00,39,40,76169.953125,212.36509704589844,0.05301198363304138
eval,25394,2019-05-25 04:00:00,40,41,2075.6474609375,37.56575012207031,0.04776374250650406
eval,25394,2019-05-25 04:00:00,41,42,437.9258728027344,17.328330993652344,0.12256717681884766
eval,25394,2019-05-25 04:00:00,42,43,138.3389892578125,8.891752243041992,0.09105966985225677
eval,25394,2019-05-25 04:00:00,43,44,1803.6962890625,32.256771087646484,0.14771899580955505
eval,25394,2019-05-25 04:00:00,44,45,220.5030975341797,11.674769401550293,0.04459547996520996
eval,25394,2019-05-25 04:00:00,45,46,38.43060302734375,4.855935096740723,0.09891429543495178
eval,25394,2019-05-25 04:00:00,46,47,81.51752471923828,6.776103973388672,0.03567979484796524
eval,25394,2019-05-25 04:00:00,47,48,187.55258178710938,10.975610733032227,0.10049961507320404
eval,25394,2019-05-25 04:00:00,48,49,1255.315185546875,26.163808822631836,0.10292796790599823
eval,25394,2019-05-25 04:00:00,49,50,3737.5146484375,48.046993255615234,0.42625173926353455
eval,25394,2019-05-25 04:00:00,50,51,97.4520263671875,7.561479091644287,0.16111677885055542
eval,25394,2019-05-25 04:00:00,51,52,530.9572143554688,20.617431640625,0.11418589949607849
eval,25394,2019-05-25 04:00:00,52,53,380.77349853515625,15.454081535339355,0.08936876058578491
eval,25394,2019-05-25 04:00:00,53,54,43.718902587890625,4.969708442687988,0.03104303404688835
eval,25394,2019-05-25 04:00:00,54,55,133451.75,289.3799743652344,0.03748244047164917
eval,25394,2019-05-25 04:00:00,55,56,706.09716796875,19.874963760375977,0.09661375731229782
eval,25394,2019-05-25 04:00:00,56,58,5776.7529296875,53.88048553466797,0.09674124419689178
eval,25394,2019-05-25 04:00:00,57,59,3499.606201171875,43.729183197021484,0.19222258031368256
eval,25394,2019-05-25 04:00:00,58,60,3187.5888671875,42.55348587036133,0.10173894464969635
eval,25394,2019-05-25 04:00:00,59,61,230.5299072265625,11.659452438354492,0.09523647278547287
eval,25394,2019-05-25 04:00:00,60,62,203.64688110351562,11.548327445983887,0.042071633040905
eval,25394,2019-05-25 04:00:00,61,63,555.3661499023438,19.002086639404297,0.054272156208753586
eval,25394,2019-05-25 04:00:00,62,64,95.056640625,7.8944549560546875,0.017492618411779404
eval,25394,2019-05-25 04:00:00,63,65,225.17575073242188,12.004709243774414,0.02428278885781765
eval,25394,2019-05-25 04:00:00,64,66,321.0093688964844,12.993162155151367,0.09876605123281479
eval,25394,2019-05-25 04:00:00,65,67,313.5095520019531,13.969743728637695,0.06950461864471436
eval,25394,2019-05-25 04:00:00,66,68,453.07025146484375,14.822637557983398,0.09932255744934082
eval,25394,2019-05-25 04:00:00,67,69,178.59820556640625,10.173206329345703,0.14836132526397705
eval,25394,2019-05-25 04:00:00,68,70,92.08500671386719,7.263762474060059,0.08081796765327454
eval,25394,2019-05-25 04:00:00,69,71,47.3946533203125,5.352293968200684,0.08350029587745667
eval,25394,2019-05-25 04:00:00,70,72,1205.7008056640625,22.49213981628418,0.06717541813850403
eval,25394,2019-05-25 04:00:00,71,73,77.0829849243164,6.857580184936523,0.044950246810913086
eval,25394,2019-05-25 04:00:00,72,74,142.61810302734375,9.272204399108887,0.02094138227403164
eval,25394,2019-05-25 04:00:00,73,75,20708.505859375,112.6583480834961,0.0952707976102829
eval,25394,2019-05-25 04:00:00,74,76,527.8731689453125,18.55803680419922,0.03620818257331848
eval,25394,2019-05-25 04:00:00,75,77,15402.662109375,95.84048461914062,0.044707052409648895
eval,25394,2019-05-25 04:00:00,76,78,3858.207763671875,43.56858444213867,0.17175447940826416
eval,25394,2019-05-25 04:00:00,77,79,24602.59375,114.14945983886719,0.24993202090263367
eval,25394,2019-05-25 04:00:00,78,80,2917.224609375,45.32392883300781,0.05066459998488426
eval,25394,2019-05-25 04:00:00,79,81,11073.46875,88.34630584716797,0.09503587335348129
eval,25394,2019-05-25 04:00:00,80,82,2219.91650390625,35.58018493652344,0.21223145723342896
eval,25394,2019-05-25 04:00:00,81,83,64558.71484375,120.78319549560547,0.7377843260765076
eval,25394,2019-05-25 04:00:00,82,84,3808.546630859375,43.383262634277344,1.3614120483398438
eval,25394,2019-05-25 04:00:00,83,85,1561.64111328125,31.134946823120117,0.6754510402679443
eval,25394,2019-05-25 04:00:00,84,86,193.1510467529297,11.067319869995117,0.2813372313976288
eval,25394,2019-05-25 04:00:00,85,87,20422.8671875,112.35893249511719,0.06613685935735703
eval,25394,2019-05-25 04:00:00,86,88,62476.3984375,188.52932739257812,0.023881040513515472
eval,25394,2019-05-25 04:00:00,87,89,83374.9375,233.97593688964844,0.018923107534646988
eval,25394,2019-05-25 04:00:00,88,90,1125.838623046875,17.13237762451172,0.1397678703069687
eval,25394,2019-05-25 04:00:00,89,91,15170.29296875,98.9297103881836,0.010600722394883633
eval,25394,2019-05-25 04:00:00,90,92,63654.828125,191.37118530273438,0.026798084378242493
eval,25394,2019-05-25 04:00:00,91,93,60173.296875,185.1121063232422,0.011911778710782528
eval,25394,2019-05-25 04:00:00,92,94,19797.21484375,102.85891723632812,0.013013354502618313
eval,25394,2019-05-25 04:00:00,93,95,4643.962890625,50.91718292236328,0.03248760849237442
eval,25394,2019-05-25 04:00:00,94,96,57702.30859375,175.7993621826172,0.20361082255840302
eval,25394,2019-05-25 04:00:00,95,97,629.1214599609375,20.38210678100586,0.08028148114681244
eval,25394,2019-05-25 04:00:00,96,98,1006.1491088867188,24.14301300048828,0.18358300626277924
eval,25394,2019-05-25 04:00:00,97,99,1995.161376953125,27.090999603271484,0.1354009360074997
eval,25394,2019-05-25 04:00:00,98,100,7649.103515625,70.06112670898438,0.03637535870075226
eval,25394,2019-05-25 04:00:00,99,101,119.31829833984375,8.60756778717041,0.021054625511169434
eval,25394,2019-05-25 04:00:00,100,102,257.03582763671875,13.030876159667969,0.0610150508582592
eval,25394,2019-05-25 04:00:00,101,103,488642.3125,600.9523315429688,1.9967002868652344
eval,25394,2019-05-25 04:00:00,102,104,2559.10302734375,41.45448303222656,0.5156501531600952
eval,25394,2019-05-25 04:00:00,103,105,5190.138671875,33.9166374206543,0.0913906916975975
eval,25394,2019-05-25 04:00:00,104,107,2165.799560546875,25.52686882019043,0.4779634475708008
eval,25394,2019-05-25 04:00:00,105,108,140.49472045898438,8.336066246032715,0.03998790681362152
eval,25394,2019-05-25 04:00:00,106,109,21265.08984375,97.88308715820312,0.21437036991119385
eval,25394,2019-05-25 04:00:00,107,110,564.1669311523438,17.605058670043945,0.05733206495642662
eval,25394,2019-05-25 04:00:00,108,111,3729.625,42.326202392578125,0.6911193132400513
eval,25394,2019-05-25 04:00:00,109,112,13759.794921875,86.36021423339844,0.09931658953428268
eval,25394,2019-05-25 04:00:00,110,114,0.27128732204437256,0.4967082440853119,0.7878189086914062
eval,25394,2019-05-25 04:00:00,111,115,13.044626235961914,2.9661147594451904,0.5097867846488953
eval,25394,2019-05-25 04:00:00,112,116,2350.26318359375,40.473846435546875,0.31122225522994995
eval,25394,2019-05-25 04:00:00,113,117,247.29248046875,13.206332206726074,1.082448959350586
eval,25394,2019-05-25 04:00:00,114,118,262.701416015625,13.905143737792969,0.8578354716300964
eval,25394,2019-05-25 04:00:00,115,119,113362.3984375,242.19894409179688,0.7694987654685974
eval,25394,2019-05-25 04:00:00,116,120,1608.49462890625,26.448741912841797,0.34481996297836304
eval,25394,2019-05-25 04:00:00,117,121,22.996129989624023,4.122900009155273,1.0653057098388672
eval,25394,2019-05-25 04:00:00,118,122,850.070556640625,20.779579162597656,51.296051025390625
eval,25394,2019-05-25 04:00:00,119,123,170.8016815185547,10.529389381408691,0.006971084512770176
eval,25394,2019-05-25 04:00:00,120,124,311.6409912109375,15.0216703414917,0.007084622513502836
eval,25394,2019-05-25 04:00:00,121,125,211.65017700195312,9.05262279510498,0.6858240962028503
eval,25394,2019-05-25 04:00:00,122,126,1387.7630615234375,27.072599411010742,0.013200253248214722
eval,25394,2019-05-25 04:00:00,123,128,2245454.75,1302.483642578125,0.8913700580596924
eval,25394,2019-05-25 04:00:00,124,129,9531.708984375,78.78047180175781,0.2783101797103882
eval,25394,2019-05-25 04:00:00,125,130,6668.8828125,65.49107360839844,0.2428104281425476
eval,25394,2019-05-25 04:00:00,126,131,427500.625,576.41162109375,1.129530906677246
eval,25394,2019-05-25 04:00:00,127,132,20423.619140625,113.49468994140625,0.05199076980352402
eval,25394,2019-05-25 04:00:00,128,133,741487.1875,581.6008911132812,0.7806071043014526
eval,25394,2019-05-25 04:00:00,129,134,4347.3525390625,52.306976318359375,0.05139096826314926
eval,25394,2019-05-25 04:00:00,130,135,21452.69140625,106.02694702148438,0.009867949411273003
eval,25394,2019-05-25 04:00:00,131,136,327.7109375,13.7814359664917,0.011117255315184593
eval,25394,2019-05-25 04:00:00,132,137,66.55307006835938,6.2438063621521,0.04076404869556427
eval,25394,2019-05-25 04:00:00,133,138,1777.9375,32.20608901977539,0.03988226503133774
eval,25394,2019-05-25 04:00:00,134,139,2080.6044921875,35.48236083984375,0.0863669216632843
eval,25394,2019-05-25 04:00:00,135,140,500.954345703125,16.433914184570312,0.02129250019788742
eval,25394,2019-05-25 04:00:00,136,141,2937.114990234375,37.5832633972168,0.08398234844207764
eval,25394,2019-05-25 04:00:00,137,142,1048.343994140625,25.82002830505371,0.1371423900127411
eval,25394,2019-05-25 04:00:00,138,144,180.53477478027344,10.171318054199219,0.0684705376625061
eval,25394,2019-05-25 04:00:00,139,145,1154.049072265625,26.075536727905273,0.08648647367954254
eval,25394,2019-05-25 04:00:00,140,146,155.16287231445312,10.55243968963623,0.025061339139938354
eval,25394,2019-05-25 04:00:00,141,147,36.56546401977539,3.7075705528259277,0.022718867287039757
eval,25394,2019-05-25 04:00:00,142,148,4703.33544921875,57.100032806396484,0.056595366448163986
eval,25394,2019-05-25 04:00:00,143,149,14624.587890625,82.83843231201172,0.27054715156555176
eval,25394,2019-05-25 04:00:00,144,150,181976.84375,388.26025390625,0.07808277010917664
eval,25394,2019-05-25 04:00:00,145,151,1613.489990234375,31.763519287109375,0.019945260137319565
eval,25394,2019-05-25 04:00:00,146,152,1536.638427734375,28.695293426513672,0.03485792502760887
eval,25394,2019-05-25 04:00:00,147,153,164325.34375,362.19134521484375,0.050202786922454834
eval,25394,2019-05-25 04:00:00,148,154,4715.23193359375,55.141082763671875,0.028976907953619957
eval,25394,2019-05-25 04:00:00,149,155,15239024.0,3232.4873046875,0.09301835298538208
eval,25394,2019-05-25 04:00:00,150,156,2784.25146484375,35.3479118347168,0.0928768664598465
eval,25394,2019-05-25 04:00:00,151,157,1384.1273193359375,29.642080307006836,0.021357286721467972
eval,25394,2019-05-25 04:00:00,152,158,4206.56103515625,55.46971130371094,0.045345813035964966
eval,25394,2019-05-25 04:00:00,153,159,19330.669921875,92.99102020263672,0.06653906404972076
eval,25394,2019-05-25 04:00:00,154,160,1500.434326171875,28.715435028076172,0.0351906418800354
eval,25394,2019-05-25 04:00:00,155,161,1070.33349609375,26.47171401977539,0.019192025065422058
eval,25394,2019-05-25 04:00:00,156,162,9916.6171875,79.29627990722656,0.02616608701646328
eval,25394,2019-05-25 04:00:00,157,163,7749.298828125,64.26261901855469,0.013807389885187149
eval,25394,2019-05-25 04:00:00,158,164,4353.15185546875,60.927669525146484,0.020220991224050522
eval,25394,2019-05-25 04:00:00,159,165,1166.370849609375,28.275602340698242,0.025638725608587265
eval,25394,2019-05-25 04:00:00,160,166,28320.19140625,125.03883361816406,0.03145012632012367
eval,25394,2019-05-25 04:00:00,161,167,289328.46875,397.99432373046875,0.008032828569412231
eval,25394,2019-05-25 04:00:00,162,168,13884.9677734375,101.33514404296875,0.19325992465019226
eval,25394,2019-05-25 04:00:00,163,169,6852.92138671875,64.66413879394531,0.019052714109420776
eval,25394,2019-05-25 04:00:00,164,170,1418.1737060546875,33.36051559448242,0.04133119806647301
eval,25394,2019-05-25 04:00:00,165,171,3338.57958984375,45.00266647338867,0.02454320900142193
eval,25394,2019-05-25 04:00:00,166,172,15463.82421875,96.51298522949219,0.021782387048006058
eval,25394,2019-05-25 04:00:00,167,173,2066.4091796875,35.37953186035156,0.012921785935759544
eval,25394,2019-05-25 04:00:00,168,174,1309.807373046875,29.77826690673828,0.018367968499660492
eval,25394,2019-05-25 04:00:00,169,175,136342.921875,284.2508850097656,0.028774455189704895
eval,25394,2019-05-25 04:00:00,170,176,441.6897888183594,15.50870132446289,0.007437822874635458
eval,25394,2019-05-25 04:00:00,171,177,76297.96875,251.375244140625,0.05891173332929611
eval,25394,2019-05-25 04:00:00,172,178,98012.390625,187.05429077148438,0.2756849229335785
eval,25394,2019-05-25 04:00:00,173,179,689238.3125,575.8099365234375,0.052492961287498474
eval,25394,2019-05-25 04:00:00,174,180,180.27194213867188,10.826818466186523,0.00674306508153677
eval,25394,2019-05-25 04:00:00,175,181,107549.796875,274.171142578125,0.14816255867481232
eval,25394,2019-05-25 04:00:00,176,183,1189.279052734375,29.040809631347656,0.019548136740922928
eval,25394,2019-05-25 04:00:00,177,184,9643.724609375,74.60216522216797,0.09684395045042038
eval,25394,2019-05-25 04:00:00,178,185,1743.890625,32.332275390625,0.025049135088920593
eval,25394,2019-05-25 04:00:00,179,186,740062.375,740.1649169921875,0.033986061811447144
eval,25394,2019-05-25 04:00:00,180,187,5810.4765625,64.46187591552734,0.00794455036520958
eval,25394,2019-05-25 04:00:00,181,188,1108.161376953125,22.122426986694336,0.3190339207649231
eval,25394,2019-05-25 04:00:00,182,189,11755.3466796875,84.48304748535156,0.030515402555465698
eval,25394,2019-05-25 04:00:00,183,190,165.14732360839844,10.718729972839355,0.020191676914691925
eval,25394,2019-05-25 04:00:00,184,191,735.1200561523438,23.571828842163086,0.034735530614852905
eval,25394,2019-05-25 04:00:00,185,192,273.853515625,13.448745727539062,0.03434060886502266
eval,25394,2019-05-25 04:00:00,186,193,22153.3671875,94.03801727294922,0.02145487815141678
eval,25394,2019-05-25 04:00:00,187,194,1141.08544921875,20.690322875976562,0.05127369612455368
eval,25394,2019-05-25 04:00:00,188,195,329.2308044433594,12.280651092529297,0.047449298202991486
eval,25394,2019-05-25 04:00:00,189,196,8087.8828125,69.35867309570312,0.07088270783424377
eval,25394,2019-05-25 04:00:00,190,197,347.6966247558594,11.983660697937012,0.04896669089794159
eval,25394,2019-05-25 04:00:00,191,198,3641.04833984375,47.965301513671875,0.03214963525533676
eval,25394,2019-05-25 04:00:00,192,199,259192.0625,381.9559326171875,0.054172828793525696
eval,25394,2019-05-25 04:00:00,193,200,7461.994140625,54.757659912109375,0.22957992553710938
eval,25394,2019-05-25 04:00:00,194,201,996.211669921875,23.09762191772461,0.047693680971860886
eval,25394,2019-05-25 04:00:00,195,202,1025.130615234375,20.58639144897461,0.04751605540513992
eval,25394,2019-05-25 04:00:00,196,203,1189.8890380859375,28.546184539794922,0.04470343887805939
eval,25394,2019-05-25 04:00:00,197,204,15487.9248046875,97.99031066894531,0.035767730325460434
eval,25394,2019-05-25 04:00:00,198,205,10235.4375,78.7345199584961,0.04352978989481926
eval,25394,2019-05-25 04:00:00,199,206,671.7582397460938,21.525304794311523,0.02097514271736145
eval,25394,2019-05-25 04:00:00,200,207,413.40118408203125,15.408122062683105,0.05616536736488342
eval,25394,2019-05-25 04:00:00,201,208,182.7030487060547,9.676198959350586,0.02833123877644539
eval,25394,2019-05-25 04:00:00,202,209,295.5890808105469,13.445581436157227,0.04931759089231491
eval,25394,2019-05-25 04:00:00,203,210,1337.553466796875,26.69734001159668,0.01837466098368168
eval,25394,2019-05-25 04:00:00,204,211,32610.80078125,159.27447509765625,0.20370136201381683
eval,25394,2019-05-25 04:00:00,205,212,929.3893432617188,25.036331176757812,0.011095389723777771
eval,25394,2019-05-25 04:00:00,206,213,598.2424926757812,18.75771713256836,0.02958185039460659
eval,25394,2019-05-25 04:00:00,207,214,330.6737060546875,13.474821090698242,0.019208312034606934
eval,25394,2019-05-25 04:00:00,208,215,2450.47314453125,39.24651336669922,0.10490459203720093
eval,25394,2019-05-25 04:00:00,209,216,956.56689453125,23.823623657226562,0.09418918937444687
eval,25394,2019-05-25 04:00:00,210,217,629.72216796875,18.67548942565918,0.011015241965651512
eval,25394,2019-05-25 04:00:00,211,218,955.9119873046875,19.209613800048828,0.21367019414901733
eval,25394,2019-05-25 04:00:00,212,219,9216.732421875,86.03984069824219,0.4142126441001892
eval,25394,2019-05-25 04:00:00,213,220,3073.1884765625,36.992977142333984,0.05594738572835922
eval,25394,2019-05-25 04:00:00,214,221,948.51220703125,24.575439453125,0.013157058507204056
eval,25394,2019-05-25 04:00:00,215,222,2283.70361328125,35.18358612060547,0.07811588048934937
eval,25394,2019-05-25 04:00:00,216,223,6403.5849609375,59.48337936401367,0.10161416232585907
eval,25394,2019-05-25 04:00:00,217,224,89.4625244140625,7.384577751159668,0.015503725036978722
eval,25394,2019-05-25 04:00:00,218,225,990.8207397460938,20.049156188964844,0.020250646397471428
eval,25394,2019-05-25 04:00:00,219,226,24111.82421875,118.84490203857422,0.04013080894947052
eval,25394,2019-05-25 04:00:00,220,227,587.1766357421875,17.946624755859375,0.08546470105648041
eval,25394,2019-05-25 04:00:00,221,228,483.71142578125,16.16843032836914,0.024519875645637512
eval,25394,2019-05-25 04:00:00,222,229,275.7564697265625,11.870397567749023,0.016984133049845695
eval,25394,2019-05-25 04:00:00,223,230,4548.2099609375,57.06822204589844,0.01724768802523613
eval,25394,2019-05-25 04:00:00,224,231,4954.6328125,59.20569610595703,0.06885811686515808
eval,25394,2019-05-25 04:00:00,225,232,204.28500366210938,9.87118148803711,0.01515115424990654
eval,25394,2019-05-25 04:00:00,226,233,320141.59375,478.4564208984375,0.06531175225973129
eval,25394,2019-05-25 04:00:00,227,234,159.82357788085938,10.70454216003418,0.016887594014406204
eval,25394,2019-05-25 04:00:00,228,235,570.214599609375,18.962215423583984,0.06773249059915543
eval,25394,2019-05-25 04:00:00,229,236,8262028.0,2463.2265625,0.10362058877944946
eval,25394,2019-05-25 04:00:00,230,237,2481.6083984375,33.5230712890625,0.025125090032815933
eval,25394,2019-05-25 04:00:00,231,238,120.59260559082031,8.885249137878418,0.01577421836555004
eval,25394,2019-05-25 04:00:00,232,239,312.67523193359375,13.247035026550293,0.09963005036115646
eval,25394,2019-05-25 04:00:00,233,240,1791.956787109375,29.105812072753906,0.041399456560611725
eval,25394,2019-05-25 04:00:00,234,241,90.93730926513672,7.570522308349609,0.018092714250087738
eval,25394,2019-05-25 04:00:00,235,242,385.9113464355469,15.067049980163574,0.03142563998699188
eval,25394,2019-05-25 04:00:00,236,243,4587.8349609375,44.46189880371094,0.29091864824295044
eval,25394,2019-05-25 04:00:00,237,244,1689.50146484375,22.819576263427734,0.06777320057153702
eval,25394,2019-05-25 04:00:00,238,246,11455.16796875,76.57087707519531,0.21526473760604858
eval,25394,2019-05-25 04:00:00,239,247,242.34957885742188,11.293542861938477,0.037648603320121765
eval,25394,2019-05-25 04:00:00,240,248,11671.4375,60.19208908081055,0.28013134002685547
eval,25394,2019-05-25 04:00:00,241,249,428.5750732421875,16.97073745727539,0.026881089434027672
eval,25394,2019-05-25 04:00:00,242,250,5498.91943359375,60.797698974609375,0.02075432613492012
eval,25394,2019-05-25 04:00:00,243,251,1911.3699951171875,33.35662841796875,0.02650035172700882
eval,25394,2019-05-25 04:00:00,244,252,213.5953826904297,11.21168327331543,0.04980289936065674
eval,25394,2019-05-25 04:00:00,245,253,1450.0321044921875,30.729732513427734,0.04299413785338402
eval,25394,2019-05-25 04:00:00,246,254,9127.75,75.3158187866211,0.011155640706419945
eval,25394,2019-05-25 04:00:00,247,255,49936.234375,194.34934997558594,0.4406924247741699
eval,25394,2019-05-25 04:00:00,248,256,1466.251953125,24.199764251708984,0.08064661920070648
eval,25394,2019-05-25 04:00:00,249,257,455.7990417480469,15.637548446655273,0.029855262488126755
eval,25394,2019-05-25 04:00:00,250,258,943.2337646484375,23.633047103881836,0.09614761918783188
eval,25394,2019-05-25 04:00:00,251,259,3051.142333984375,47.68894577026367,0.11258220672607422
eval,25394,2019-05-25 04:00:00,252,260,571.4732666015625,13.790573120117188,0.12079238891601562
eval,25394,2019-05-25 04:00:00,253,261,366.595458984375,16.794221878051758,0.052887752652168274
eval,25394,2019-05-25 04:00:00,254,262,22458.458984375,107.36729431152344,0.0229625441133976
eval,25394,2019-05-25 04:00:00,255,263,1925.37109375,35.50391387939453,0.0414305105805397
eval,25394,2019-05-25 04:00:00,256,264,9285.921875,85.2335205078125,0.05516102910041809
eval,25394,2019-05-25 04:00:00,257,265,397.443359375,13.837821006774902,0.019491665065288544
eval,25394,2019-05-25 04:00:00,258,266,10970.498046875,81.54319763183594,0.04835674166679382
eval,25394,2019-05-25 04:00:00,259,267,1641.574462890625,32.87513732910156,0.02977968007326126
eval,25394,2019-05-25 04:00:00,260,268,30058.49609375,140.5287628173828,0.023936284705996513
eval,25394,2019-05-25 04:00:00,261,269,116.33494567871094,7.656908988952637,0.019491011276841164
eval,25394,2019-05-25 04:00:00,262,270,1027.91845703125,26.854101181030273,0.008820464834570885
eval,25394,2019-05-25 04:00:00,263,271,6974.4453125,71.37062072753906,0.022141288965940475
eval,25394,2019-05-25 04:00:00,264,272,596.90966796875,18.564773559570312,0.020840615034103394
eval,25394,2019-05-25 04:00:00,265,273,421.8179626464844,12.954142570495605,0.04319360852241516
eval,25394,2019-05-25 04:00:00,266,274,293.9106140136719,13.23101806640625,0.028415903449058533
eval,25394,2019-05-25 04:00:00,267,275,1326.522216796875,24.62137222290039,0.09599554538726807
eval,25394,2019-05-25 04:00:00,268,276,96792.8984375,249.33981323242188,0.030349619686603546
eval,25394,2019-05-25 04:00:00,269,277,2964.139404296875,43.131431579589844,0.053838662803173065
eval,25394,2019-05-25 04:00:00,270,278,4109.494140625,45.87596130371094,0.1154603511095047
eval,25394,2019-05-25 04:00:00,271,279,1883.3636474609375,35.42829895019531,0.03383120894432068
eval,25394,2019-05-25 04:00:00,272,280,14030.333984375,95.85335540771484,0.05627230554819107
eval,25394,2019-05-25 04:00:00,273,281,57125.99609375,170.83486938476562,0.03781493008136749
eval,25394,2019-05-25 04:00:00,274,282,3159.16943359375,47.48859786987305,0.09645097702741623
eval,25394,2019-05-25 04:00:00,275,283,308.78570556640625,13.832923889160156,0.026010751724243164
eval,25394,2019-05-25 04:00:00,276,284,1613.407958984375,30.698299407958984,0.057976290583610535
eval,25394,2019-05-25 04:00:00,277,285,752.8568115234375,21.95053482055664,0.06819380074739456
eval,25394,2019-05-25 04:00:00,278,286,3771.315185546875,50.83415985107422,0.1511664241552353
eval,25394,2019-05-25 04:00:00,279,287,765.2034912109375,21.875150680541992,0.08010824024677277
eval,25394,2019-05-25 04:00:00,280,288,6636.25927734375,56.45641326904297,0.13522641360759735
eval,25394,2019-05-25 04:00:00,281,289,6039.984375,57.43952178955078,0.03991033881902695
eval,25394,2019-05-25 04:00:00,282,290,15540796.0,3138.419677734375,0.570671021938324
eval,25394,2019-05-25 04:00:00,283,291,1019.4637451171875,26.471364974975586,0.012514485977590084
eval,25394,2019-05-25 04:00:00,284,292,42987.8984375,125.07783508300781,0.013087950646877289
eval,25394,2019-05-25 04:00:00,285,293,7562.69140625,70.1044921875,0.03193412348628044
eval,25394,2019-05-25 04:00:00,286,294,14661.17578125,85.0760498046875,0.14680010080337524
eval,25394,2019-05-25 04:00:00,287,295,46467.15625,126.07318115234375,0.4240978956222534
eval,25394,2019-05-25 04:00:00,288,296,1160304.0,785.78466796875,0.12164938449859619
eval,25394,2019-05-25 04:00:00,289,297,97002.5,260.0070495605469,0.49256253242492676
eval,25394,2019-05-25 04:00:00,290,299,5606.58349609375,55.25945281982422,2.83026385307312
eval,25394,2019-05-25 04:00:00,291,300,24344.60546875,101.5262451171875,0.20357035100460052
eval,25394,2019-05-25 04:00:00,292,301,26432.015625,126.9431381225586,0.01250087097287178
eval,25394,2019-05-25 04:00:00,293,302,34695.0234375,133.67236328125,0.004111444111913443
eval,25394,2019-05-25 04:00:00,294,303,2748.98876953125,30.778247833251953,0.08359643071889877
eval,25394,2019-05-25 04:00:00,295,304,2629.50048828125,37.9923095703125,0.005134952254593372
eval,25394,2019-05-25 04:00:00,296,305,3282.8046875,40.428741455078125,0.05617243051528931
eval,25394,2019-05-25 04:00:00,297,306,2474.560546875,35.25027084350586,0.001341052702628076
eval,25394,2019-05-25 04:00:00,298,307,322.32110595703125,13.814590454101562,0.20030562579631805
eval,25394,2019-05-25 04:00:00,299,308,233417.0,375.07379150390625,0.013371972367167473
eval,25394,2019-05-25 04:00:00,300,309,227304.171875,320.23150634765625,0.12489502876996994
eval,25394,2019-05-25 04:00:00,301,310,2693.72802734375,39.57636260986328,0.4659923017024994
eval,25394,2019-05-25 04:00:00,302,311,13157.6357421875,96.40789794921875,0.011163769289851189
eval,25394,2019-05-25 04:00:00,303,312,12379.4453125,82.78260803222656,0.03801688924431801
eval,25394,2019-05-25 04:00:00,304,313,113733848.0,7501.0576171875,0.02067471295595169
eval,25394,2019-05-25 04:00:00,305,314,192763.875,348.75286865234375,0.007626830600202084
eval,25394,2019-05-25 04:00:00,306,315,909323.375,830.6107177734375,0.01483297348022461
eval,25394,2019-05-25 04:00:00,307,316,1107.7550048828125,14.719738006591797,0.04408921301364899
eval,25394,2019-05-25 04:00:00,308,317,1047.2227783203125,19.759052276611328,0.9296700954437256
eval,25394,2019-05-25 04:00:00,309,318,75201.09375,237.56124877929688,0.46622952818870544
eval,25394,2019-05-25 04:00:00,310,319,2270.283203125,38.51647186279297,0.02537141740322113
eval,25394,2019-05-25 04:00:00,311,OT,49653.60546875,196.08810424804688,0.46771639585494995
eval,25650,2019-06-04 20:00:00,0,0,10.224015235900879,2.1966466903686523,0.8928105235099792
eval,25650,2019-06-04 20:00:00,1,1,6.113592147827148,1.9351823329925537,0.022947680205106735
eval,25650,2019-06-04 20:00:00,2,2,1.2942354679107666,0.5932549238204956,0.7405227422714233
eval,25650,2019-06-04 20:00:00,3,3,1894.985107421875,34.01909637451172,0.07032815366983414
eval,25650,2019-06-04 20:00:00,4,4,855.5101318359375,24.756668090820312,0.2081313580274582
eval,25650,2019-06-04 20:00:00,5,5,3927.88330078125,46.0263671875,0.06191576272249222
eval,25650,2019-06-04 20:00:00,6,7,5869.41357421875,68.59695434570312,0.0885075032711029
eval,25650,2019-06-04 20:00:00,7,8,629.7510986328125,18.14260482788086,0.10508571565151215
eval,25650,2019-06-04 20:00:00,8,9,1871.8828125,34.33818817138672,0.17919926345348358
eval,25650,2019-06-04 20:00:00,9,10,232.33529663085938,11.002799034118652,0.1085842102766037
eval,25650,2019-06-04 20:00:00,10,11,924.6075439453125,23.431629180908203,0.028848713263869286
eval,25650,2019-06-04 20:00:00,11,12,279.79547119140625,14.855639457702637,0.06757684051990509
eval,25650,2019-06-04 20:00:00,12,13,98.60847473144531,8.064352035522461,0.05320225656032562
eval,25650,2019-06-04 20:00:00,13,14,191.3914031982422,10.484648704528809,0.06196542829275131
eval,25650,2019-06-04 20:00:00,14,15,19719.8515625,103.29216003417969,0.18061499297618866
eval,25650,2019-06-04 20:00:00,15,16,16.58661460876465,3.335167646408081,0.18125095963478088
eval,25650,2019-06-04 20:00:00,16,17,785.500732421875,22.413707733154297,0.43257901072502136
eval,25650,2019-06-04 20:00:00,17,18,1299.6279296875,30.636978149414062,0.035350095480680466
eval,25650,2019-06-04 20:00:00,18,19,135.109130859375,8.542242050170898,0.04086771234869957
eval,25650,2019-06-04 20:00:00,19,20,24.3525447845459,3.7937073707580566,0.05719698965549469
eval,25650,2019-06-04 20:00:00,20,21,7059.83935546875,64.67217254638672,0.08333481848239899
eval,25650,2019-06-04 20:00:00,21,22,106.1594467163086,7.565981864929199,0.0833609327673912
eval,25650,2019-06-04 20:00:00,22,23,128.75840759277344,9.262343406677246,0.12422945350408554
eval,25650,2019-06-04 20:00:00,23,24,860.4476928710938,24.403518676757812,0.12140585482120514
eval,25650,2019-06-04 20:00:00,24,25,378.9259948730469,16.603347778320312,0.0285290889441967
eval,25650,2019-06-04 20:00:00,25,26,1925.171630859375,36.32668685913086,0.17004749178886414
eval,25650,2019-06-04 20:00:00,26,27,24.163978576660156,4.3444719314575195,0.07063408195972443
eval,25650,2019-06-04 20:00:00,27,28,16988.4765625,94.89269256591797,1.0549030303955078
eval,25650,2019-06-04 20:00:00,28,29,3309.625732421875,38.25479507446289,0.166890949010849
eval,25650,2019-06-04 20:00:00,29,30,593.1336059570312,20.051681518554688,0.028976164758205414
eval,25650,2019-06-04 20:00:00,30,31,1520.451171875,30.334228515625,0.10752300918102264
eval,25650,2019-06-04 20:00:00,31,32,282.86578369140625,12.194452285766602,0.04758019372820854
eval,25650,2019-06-04 20:00:00,32,33,294.1572265625,12.983942985534668,0.10676970332860947
eval,25650,2019-06-04 20:00:00,33,34,207613.921875,362.79345703125,0.11182784289121628
eval,25650,2019-06-04 20:00:00,34,35,71.00508117675781,6.8909010887146,0.03357617184519768
eval,25650,2019-06-04 20:00:00,35,36,2432.744873046875,40.95937728881836,0.06502151489257812
eval,25650,2019-06-04 20:00:00,36,37,9966.95703125,74.51216125488281,0.3923425078392029
eval,25650,2019-06-04 20:00:00,37,38,70.44259643554688,6.315216064453125,0.05290226265788078
eval,25650,2019-06-04 20:00:00,38,39,41.36129379272461,5.195728302001953,0.1718444526195526
eval,25650,2019-06-04 20:00:00,39,40,111284.65625,254.889892578125,0.08865344524383545
eval,25650,2019-06-04 20:00:00,40,41,4559.85107421875,50.514122009277344,0.09064912796020508
eval,25650,2019-06-04 20:00:00,41,42,684.8543701171875,20.47952651977539,0.19247829914093018
eval,25650,2019-06-04 20:00:00,42,43,215.4364013671875,11.48817253112793,0.16247475147247314
eval,25650,2019-06-04 20:00:00,43,44,569.9427490234375,20.28722381591797,0.04058219864964485
eval,25650,2019-06-04 20:00:00,44,45,340.10565185546875,14.08130168914795,0.06894524395465851
eval,25650,2019-06-04 20:00:00,45,46,29.15753936767578,4.317612648010254,0.05462008714675903
eval,25650,2019-06-04 20:00:00,46,47,87.53456115722656,7.1484503746032715,0.03547997400164604
eval,25650,2019-06-04 20:00:00,47,48,77.13005828857422,7.153328895568848,0.04132995009422302
eval,25650,2019-06-04 20:00:00,48,49,748.9191284179688,21.2261962890625,0.060527801513671875
eval,25650,2019-06-04 20:00:00,49,50,3027.0693359375,37.931175231933594,0.32793372869491577
eval,25650,2019-06-04 20:00:00,50,51,85.43163299560547,7.675055980682373,0.13352176547050476
eval,25650,2019-06-04 20:00:00,51,52,1739.65087890625,29.8502254486084,0.31177717447280884
eval,25650,2019-06-04 20:00:00,52,53,635.0661010742188,17.60987663269043,0.12162308394908905
eval,25650,2019-06-04 20:00:00,53,54,73.57992553710938,6.7682013511657715,0.04530603438615799
eval,25650,2019-06-04 20:00:00,54,55,117211.3984375,279.55908203125,0.039648234844207764
eval,25650,2019-06-04 20:00:00,55,56,679.1495361328125,22.26912498474121,0.08623304218053818
eval,25650,2019-06-04 20:00:00,56,58,3746.946044921875,48.818206787109375,0.05220891535282135
eval,25650,2019-06-04 20:00:00,57,59,902.2767333984375,24.74640464782715,0.04371899366378784
eval,25650,2019-06-04 20:00:00,58,60,3100.57666015625,29.990257263183594,0.09419865906238556
eval,25650,2019-06-04 20:00:00,59,61,131.4832305908203,9.357110977172852,0.04776421934366226
eval,25650,2019-06-04 20:00:00,60,62,145.99905395507812,9.09325122833252,0.0333678238093853
eval,25650,2019-06-04 20:00:00,61,63,1012.2921752929688,25.93744468688965,0.09644924104213715
eval,25650,2019-06-04 20:00:00,62,64,121.1645736694336,8.632993698120117,0.02213704213500023
eval,25650,2019-06-04 20:00:00,63,65,1169.560546875,25.87826156616211,0.12157844007015228
eval,25650,2019-06-04 20:00:00,64,66,135.60882568359375,8.88165283203125,0.04622894525527954
eval,25650,2019-06-04 20:00:00,65,67,314.9811706542969,11.83314037322998,0.08195570856332779
eval,25650,2019-06-04 20:00:00,66,68,385.24114990234375,15.196048736572266,0.09397941827774048
eval,25650,2019-06-04 20:00:00,67,69,224.33309936523438,10.632201194763184,0.15648196637630463
eval,25650,2019-06-04 20:00:00,68,70,314.59039306640625,14.966190338134766,0.21450963616371155
eval,25650,2019-06-04 20:00:00,69,71,51.42936325073242,5.983318328857422,0.0852515920996666
eval,25650,2019-06-04 20:00:00,70,72,1273.8870849609375,30.99995994567871,0.06543400883674622
eval,25650,2019-06-04 20:00:00,71,73,52.89824676513672,5.731437683105469,0.029435640200972557
eval,25650,2019-06-04 20:00:00,72,74,614.272705078125,20.675098419189453,0.0791628509759903
eval,25650,2019-06-04 20:00:00,73,75,8024.5458984375,69.8968505859375,0.03766578808426857
eval,25650,2019-06-04 20:00:00,74,76,1210.11083984375,27.63910484313965,0.08658625185489655
eval,25650,2019-06-04 20:00:00,75,77,15130.6640625,95.12188720703125,0.04467765614390373
eval,25650,2019-06-04 20:00:00,76,78,2016.315185546875,35.78044128417969,0.07231701910495758
eval,25650,2019-06-04 20:00:00,77,79,10048.345703125,72.81981658935547,0.09518574923276901
eval,25650,2019-06-04 20:00:00,78,80,9541.6787109375,79.73986053466797,0.1557721495628357
eval,25650,2019-06-04 20:00:00,79,81,1367.6663818359375,30.217077255249023,0.011182664893567562
eval,25650,2019-06-04 20:00:00,80,82,869.43115234375,24.734874725341797,0.09852369129657745
eval,25650,2019-06-04 20:00:00,81,83,52745.125,93.31338500976562,0.6440950036048889
eval,25650,2019-06-04 20:00:00,82,84,16340.943359375,88.20794677734375,0.47698259353637695
eval,25650,2019-06-04 20:00:00,83,85,216.29327392578125,9.6218843460083,0.06386318057775497
eval,25650,2019-06-04 20:00:00,84,86,45.664215087890625,5.171298027038574,0.10001160949468613
eval,25650,2019-06-04 20:00:00,85,87,4156.17578125,50.5980224609375,0.012573505751788616
eval,25650,2019-06-04 20:00:00,86,88,5048.033203125,57.62016296386719,0.002209130674600601
eval,25650,2019-06-04 20:00:00,87,89,17258.55078125,104.2688217163086,0.0038517292123287916
eval,25650,2019-06-04 20:00:00,88,90,137.11984252929688,6.859539031982422,0.023090867325663567
eval,25650,2019-06-04 20:00:00,89,91,3773.52490234375,45.559104919433594,0.003005710896104574
eval,25650,2019-06-04 20:00:00,90,92,433612.34375,302.52850341796875,0.19343551993370056
eval,25650,2019-06-04 20:00:00,91,93,14210.4208984375,97.25189208984375,0.0034643306862562895
eval,25650,2019-06-04 20:00:00,92,94,2725.0419921875,40.56678009033203,0.0019221975235268474
eval,25650,2019-06-04 20:00:00,93,95,5523.80224609375,50.80321502685547,0.029592733830213547
eval,25650,2019-06-04 20:00:00,94,96,16242.3203125,98.50576782226562,0.050991397351026535
eval,25650,2019-06-04 20:00:00,95,97,175.8765106201172,10.966822624206543,0.023796498775482178
eval,25650,2019-06-04 20:00:00,96,98,229.67926025390625,9.730040550231934,0.06522175669670105
eval,25650,2019-06-04 20:00:00,97,99,123.24119567871094,7.590287685394287,0.005276828072965145
eval,25650,2019-06-04 20:00:00,98,100,6095.3466796875,60.11235809326172,0.028389019891619682
eval,25650,2019-06-04 20:00:00,99,101,79.73533630371094,7.807818412780762,0.013889763504266739
eval,25650,2019-06-04 20:00:00,100,102,139.63043212890625,9.597138404846191,0.02130117081105709
eval,25650,2019-06-04 20:00:00,101,103,10258.3388671875,81.77204895019531,0.02591175213456154
eval,25650,2019-06-04 20:00:00,102,104,1754.869873046875,32.49785232543945,0.5374739170074463
eval,25650,2019-06-04 20:00:00,103,105,866.6776123046875,12.662832260131836,0.017117086797952652
eval,25650,2019-06-04 20:00:00,104,107,16.296113967895508,2.501772165298462,0.003942040726542473
eval,25650,2019-06-04 20:00:00,105,108,41.850372314453125,4.004946231842041,0.010732395574450493
eval,25650,2019-06-04 20:00:00,106,109,2193.881591796875,33.89982223510742,0.02211621403694153
eval,25650,2019-06-04 20:00:00,107,110,231.8428192138672,12.365839958190918,0.027545396238565445
eval,25650,2019-06-04 20:00:00,108,111,1562.837158203125,33.13749313354492,0.3302164673805237
eval,25650,2019-06-04 20:00:00,109,112,28216.0390625,129.30841064453125,0.20808634161949158
eval,25650,2019-06-04 20:00:00,110,114,0.36187678575515747,0.4381074905395508,1.3909306526184082
eval,25650,2019-06-04 20:00:00,111,115,462.1435241699219,17.978370666503906,10.983439445495605
eval,25650,2019-06-04 20:00:00,112,116,30264.982421875,153.159912109375,4.127874374389648
eval,25650,2019-06-04 20:00:00,113,117,78.70188903808594,6.717628479003906,0.37623199820518494
eval,25650,2019-06-04 20:00:00,114,118,15.706793785095215,3.2847647666931152,0.0620386116206646
eval,25650,2019-06-04 20:00:00,115,119,17096.666015625,98.62309265136719,0.19554871320724487
eval,25650,2019-06-04 20:00:00,116,120,665.8584594726562,20.832244873046875,0.13563597202301025
eval,25650,2019-06-04 20:00:00,117,121,5.862242698669434,2.018874168395996,0.2454606592655182
eval,25650,2019-06-04 20:00:00,118,122,12.487489700317383,2.426424026489258,0.15855446457862854
eval,25650,2019-06-04 20:00:00,119,123,149.5001983642578,9.141105651855469,0.006101686507463455
eval,25650,2019-06-04 20:00:00,120,124,245.6213836669922,12.206876754760742,0.005330719985067844
eval,25650,2019-06-04 20:00:00,121,125,18.964664459228516,2.9798412322998047,0.2604715824127197
eval,25650,2019-06-04 20:00:00,122,126,8839.15625,53.000274658203125,0.07855785638093948
eval,25650,2019-06-04 20:00:00,123,128,165700.765625,300.130615234375,0.06990998238325119
eval,25650,2019-06-04 20:00:00,124,129,19932.2890625,87.05924987792969,0.6526359915733337
eval,25650,2019-06-04 20:00:00,125,130,5750.54052734375,48.30633544921875,0.23186318576335907
eval,25650,2019-06-04 20:00:00,126,131,531411.875,526.0211181640625,1.022641897201538
eval,25650,2019-06-04 20:00:00,127,132,23751.333984375,118.7403564453125,0.05889727175235748
eval,25650,2019-06-04 20:00:00,128,133,91311.25,230.1144256591797,0.0910341665148735
eval,25650,2019-06-04 20:00:00,129,134,9473.0693359375,72.9005126953125,0.12456384301185608
eval,25650,2019-06-04 20:00:00,130,135,47006.9296875,177.7490234375,0.021453917026519775
eval,25650,2019-06-04 20:00:00,131,136,3971.803466796875,51.50181579589844,0.12492047250270844
eval,25650,2019-06-04 20:00:00,132,137,57.361419677734375,6.315816879272461,0.03808355703949928
eval,25650,2019-06-04 20:00:00,133,138,1399.247802734375,29.877330780029297,0.02587783895432949
eval,25650,2019-06-04 20:00:00,134,139,367.8903503417969,16.555845260620117,0.01448100432753563
eval,25650,2019-06-04 20:00:00,135,140,707.0384521484375,23.671539306640625,0.011680826544761658
eval,25650,2019-06-04 20:00:00,136,141,2753.461669921875,41.765647888183594,0.03817747160792351
eval,25650,2019-06-04 20:00:00,137,142,463.36334228515625,16.257488250732422,0.0521562322974205
eval,25650,2019-06-04 20:00:00,138,144,150.90184020996094,8.825874328613281,0.057862721383571625
eval,25650,2019-06-04 20:00:00,139,145,2551.65283203125,37.08195495605469,0.18530479073524475
eval,25650,2019-06-04 20:00:00,140,146,719.8759765625,21.66143035888672,0.10020606219768524
eval,25650,2019-06-04 20:00:00,141,147,30.507719039916992,4.264729022979736,0.007315091788768768
eval,25650,2019-06-04 20:00:00,142,148,3836.89599609375,50.25901412963867,0.03929959237575531
eval,25650,2019-06-04 20:00:00,143,149,2423.63720703125,35.11223220825195,0.0362730398774147
eval,25650,2019-06-04 20:00:00,144,150,32208.859375,148.97366333007812,0.013665802776813507
eval,25650,2019-06-04 20:00:00,145,151,15907.482421875,105.67283630371094,0.17689228057861328
eval,25650,2019-06-04 20:00:00,146,152,1182.077880859375,28.372955322265625,0.026246745139360428
eval,25650,2019-06-04 20:00:00,147,153,72849.9453125,217.21728515625,0.02124032936990261
eval,25650,2019-06-04 20:00:00,148,154,49171.2890625,207.86050415039062,0.23824065923690796
eval,25650,2019-06-04 20:00:00,149,155,2959840.75,1459.9560546875,0.017527379095554352
eval,25650,2019-06-04 20:00:00,150,156,1926.8050537109375,39.90950012207031,0.0621485710144043
eval,25650,2019-06-04 20:00:00,151,157,14880.6591796875,97.49974060058594,0.27819278836250305
eval,25650,2019-06-04 20:00:00,152,158,7688.9111328125,65.64544677734375,0.0836053416132927
eval,25650,2019-06-04 20:00:00,153,159,10623.6796875,78.70341491699219,0.03708001226186752
eval,25650,2019-06-04 20:00:00,154,160,2961.091796875,43.779380798339844,0.08155228197574615
eval,25650,2019-06-04 20:00:00,155,161,549.216064453125,20.35431480407715,0.008633827790617943
eval,25650,2019-06-04 20:00:00,156,162,3892.482177734375,49.77678680419922,0.00881713256239891
eval,25650,2019-06-04 20:00:00,157,163,6015.30615234375,60.250877380371094,0.01083352044224739
eval,25650,2019-06-04 20:00:00,158,164,2748.5888671875,43.03276062011719,0.013276239857077599
eval,25650,2019-06-04 20:00:00,159,165,2157.288818359375,32.67136764526367,0.05315307527780533
eval,25650,2019-06-04 20:00:00,160,166,109930.171875,263.6729431152344,0.12168018519878387
eval,25650,2019-06-04 20:00:00,161,167,985145.9375,826.1407470703125,0.0285367202013731
eval,25650,2019-06-04 20:00:00,162,168,24042.1015625,127.98731994628906,0.3436371982097626
eval,25650,2019-06-04 20:00:00,163,169,24557.919921875,105.10968017578125,0.06230220943689346
eval,25650,2019-06-04 20:00:00,164,170,489.84002685546875,17.735652923583984,0.014321140013635159
eval,25650,2019-06-04 20:00:00,165,171,948.3622436523438,23.747037887573242,0.006551084108650684
eval,25650,2019-06-04 20:00:00,166,172,6769.50537109375,71.40157318115234,0.009166182950139046
eval,25650,2019-06-04 20:00:00,167,173,3202.66259765625,45.535919189453125,0.01777319610118866
eval,25650,2019-06-04 20:00:00,168,174,744.2083740234375,22.42853355407715,0.008758428506553173
eval,25650,2019-06-04 20:00:00,169,175,33947.046875,137.19863891601562,0.007723712828010321
eval,25650,2019-06-04 20:00:00,170,176,4591.8232421875,50.287559509277344,0.07161235809326172
eval,25650,2019-06-04 20:00:00,171,177,30364.3125,133.66531372070312,0.02066512033343315
eval,25650,2019-06-04 20:00:00,172,178,6604.2099609375,64.09855651855469,0.017893994227051735
eval,25650,2019-06-04 20:00:00,173,179,214716.921875,390.96630859375,0.016132324934005737
eval,25650,2019-06-04 20:00:00,174,180,4095.774169921875,35.19575881958008,0.16621194779872894
eval,25650,2019-06-04 20:00:00,175,181,5965.8232421875,59.28092956542969,0.00796672236174345
eval,25650,2019-06-04 20:00:00,176,183,876.988525390625,23.751867294311523,0.016236957162618637
eval,25650,2019-06-04 20:00:00,177,184,18273.46875,98.69818115234375,0.12988829612731934
eval,25650,2019-06-04 20:00:00,178,185,3168.531005859375,45.251007080078125,0.042566291987895966
eval,25650,2019-06-04 20:00:00,179,186,167281.453125,334.8223571777344,0.005429545417428017
eval,25650,2019-06-04 20:00:00,180,187,18496.419921875,101.49441528320312,0.025289788842201233
eval,25650,2019-06-04 20:00:00,181,188,224.5128631591797,12.00054931640625,0.03022426925599575
eval,25650,2019-06-04 20:00:00,182,189,16815.45703125,101.52726745605469,0.03373260051012039
eval,25650,2019-06-04 20:00:00,183,190,137.09542846679688,9.792572975158691,0.019443612545728683
eval,25650,2019-06-04 20:00:00,184,191,651.8939208984375,17.98280143737793,0.029581507667899132
eval,25650,2019-06-04 20:00:00,185,192,101.82350158691406,7.888249397277832,0.01240118220448494
eval,25650,2019-06-04 20:00:00,186,193,47318.0546875,156.7125244140625,0.03702705726027489
eval,25650,2019-06-04 20:00:00,187,194,447.39666748046875,18.031299591064453,0.02010338567197323
eval,25650,2019-06-04 20:00:00,188,195,127.258544921875,9.141523361206055,0.020693376660346985
eval,25650,2019-06-04 20:00:00,189,196,34259.109375,122.6072998046875,0.2760964334011078
eval,25650,2019-06-04 20:00:00,190,197,1821.9193115234375,33.2230339050293,0.21214592456817627
eval,25650,2019-06-04 20:00:00,191,198,1967.9925537109375,32.572296142578125,0.02022227644920349
eval,25650,2019-06-04 20:00:00,192,199,85363.9609375,243.37225341796875,0.018922140821814537
eval,25650,2019-06-04 20:00:00,193,200,23089.380859375,86.24824523925781,0.7125520706176758
eval,25650,2019-06-04 20:00:00,194,201,527.2044067382812,20.249732971191406,0.023362677544355392
eval,25650,2019-06-04 20:00:00,195,202,651.6734619140625,20.485595703125,0.030045662075281143
eval,25650,2019-06-04 20:00:00,196,203,1602.749755859375,30.161300659179688,0.05581268295645714
eval,25650,2019-06-04 20:00:00,197,204,13177.5732421875,107.553466796875,0.03043222241103649
eval,25650,2019-06-04 20:00:00,198,205,31540.521484375,104.9053955078125,0.13408267498016357
eval,25650,2019-06-04 20:00:00,199,206,666.5049438476562,19.8938045501709,0.019254736602306366
eval,25650,2019-06-04 20:00:00,200,207,1969.01953125,36.37598419189453,0.2735525667667389
eval,25650,2019-06-04 20:00:00,201,208,110.2816390991211,8.610647201538086,0.017298955470323563
eval,25650,2019-06-04 20:00:00,202,209,175.42916870117188,11.301336288452148,0.03612213581800461
eval,25650,2019-06-04 20:00:00,203,210,640.1536865234375,19.60042953491211,0.008269699290394783
eval,25650,2019-06-04 20:00:00,204,211,19889.423828125,126.37432861328125,0.11691977828741074
eval,25650,2019-06-04 20:00:00,205,212,1046.4742431640625,21.832733154296875,0.012674866244196892
eval,25650,2019-06-04 20:00:00,206,213,1753.887451171875,28.953039169311523,0.0827358067035675
eval,25650,2019-06-04 20:00:00,207,214,297.3611145019531,14.38571548461914,0.020083701238036156
eval,25650,2019-06-04 20:00:00,208,215,979.9992065429688,25.37672233581543,0.03774849325418472
eval,25650,2019-06-04 20:00:00,209,216,848.4305419921875,24.07533073425293,0.0969296544790268
eval,25650,2019-06-04 20:00:00,210,217,505.1597900390625,16.66301727294922,0.008200573734939098
eval,25650,2019-06-04 20:00:00,211,218,1151.0247802734375,25.965330123901367,0.26837867498397827
eval,25650,2019-06-04 20:00:00,212,219,651.4546508789062,19.79772186279297,0.029805531725287437
eval,25650,2019-06-04 20:00:00,213,220,10261.9677734375,77.91567993164062,0.1630392074584961
eval,25650,2019-06-04 20:00:00,214,221,4717.8203125,45.640708923339844,0.07229431718587875
eval,25650,2019-06-04 20:00:00,215,222,1785.8836669921875,31.89874267578125,0.0721820741891861
eval,25650,2019-06-04 20:00:00,216,223,6421.80615234375,55.267822265625,0.12541265785694122
eval,25650,2019-06-04 20:00:00,217,224,147.15159606933594,9.571035385131836,0.027675431221723557
eval,25650,2019-06-04 20:00:00,218,225,1542.334228515625,32.593910217285156,0.030111633241176605
eval,25650,2019-06-04 20:00:00,219,226,75960.2421875,200.29443359375,0.1292743980884552
eval,25650,2019-06-04 20:00:00,220,227,222.71519470214844,11.218915939331055,0.03281796723604202
eval,25650,2019-06-04 20:00:00,221,228,480.23162841796875,16.699134826660156,0.0233878493309021
eval,25650,2019-06-04 20:00:00,222,229,247.1816864013672,12.543272018432617,0.013149279169738293
eval,25650,2019-06-04 20:00:00,223,230,1850.671875,36.21009826660156,0.006600367836654186
eval,25650,2019-06-04 20:00:00,224,231,4198.55810546875,53.56599426269531,0.05749494954943657
eval,25650,2019-06-04 20:00:00,225,232,258.97808837890625,13.012613296508789,0.01847720518708229
eval,25650,2019-06-04 20:00:00,226,233,193640.84375,354.1160888671875,0.036246150732040405
eval,25650,2019-06-04 20:00:00,227,234,251.02877807617188,11.541647911071777,0.02503543347120285
eval,25650,2019-06-04 20:00:00,228,235,199.824462890625,11.268656730651855,0.021498149260878563
eval,25650,2019-06-04 20:00:00,229,236,11191907.0,2986.39453125,0.14036650955677032
eval,25650,2019-06-04 20:00:00,230,237,3465.548828125,47.640865325927734,0.03455669432878494
eval,25650,2019-06-04 20:00:00,231,238,238.71298217773438,12.909266471862793,0.028781898319721222
eval,25650,2019-06-04 20:00:00,232,239,1548.5677490234375,20.88360023498535,0.44428324699401855
eval,25650,2019-06-04 20:00:00,233,240,1084.3988037109375,25.13424301147461,0.024004055187106133
eval,25650,2019-06-04 20:00:00,234,241,109.79872131347656,6.972611904144287,0.02032788284122944
eval,25650,2019-06-04 20:00:00,235,242,350.9910888671875,14.643637657165527,0.028712287545204163
eval,25650,2019-06-04 20:00:00,236,243,246.8831787109375,11.58892822265625,0.013035869225859642
eval,25650,2019-06-04 20:00:00,237,244,322.07452392578125,15.070052146911621,0.013740400783717632
eval,25650,2019-06-04 20:00:00,238,246,77504.1875,215.09970092773438,0.49493855237960815
eval,25650,2019-06-04 20:00:00,239,247,491.63055419921875,17.519773483276367,0.054877787828445435
eval,25650,2019-06-04 20:00:00,240,248,6551.2177734375,61.6756591796875,0.08551852405071259
eval,25650,2019-06-04 20:00:00,241,249,843.7316284179688,24.09425926208496,0.04735095798969269
eval,25650,2019-06-04 20:00:00,242,250,83336.25,216.8779754638672,0.2949676811695099
eval,25650,2019-06-04 20:00:00,243,251,6593.1513671875,67.8836898803711,0.09609895944595337
eval,25650,2019-06-04 20:00:00,244,252,421.0336608886719,11.509127616882324,0.08409580588340759
eval,25650,2019-06-04 20:00:00,245,253,1487.712646484375,29.353591918945312,0.0417545884847641
eval,25650,2019-06-04 20:00:00,246,254,9730.080078125,77.32830810546875,0.01268228143453598
eval,25650,2019-06-04 20:00:00,247,255,10669.1171875,86.87107849121094,0.08419859409332275
eval,25650,2019-06-04 20:00:00,248,256,5146.50537109375,38.17019271850586,0.2806307375431061
eval,25650,2019-06-04 20:00:00,249,257,427.741455078125,16.24189567565918,0.02819860726594925
eval,25650,2019-06-04 20:00:00,250,258,6110.3701171875,48.972373962402344,0.6921749114990234
eval,25650,2019-06-04 20:00:00,251,259,1279.6591796875,29.055904388427734,0.05042078346014023
eval,25650,2019-06-04 20:00:00,252,260,3180.844482421875,38.67127990722656,0.6976615190505981
eval,25650,2019-06-04 20:00:00,253,261,2499.82763671875,39.19144821166992,0.3077613115310669
eval,25650,2019-06-04 20:00:00,254,262,28496.7265625,138.9679718017578,0.027644595131278038
eval,25650,2019-06-04 20:00:00,255,263,4603.09033203125,57.488121032714844,0.10838507115840912
eval,25650,2019-06-04 20:00:00,256,264,60967.7109375,186.3567352294922,0.3377707004547119
eval,25650,2019-06-04 20:00:00,257,265,515.0606689453125,18.867902755737305,0.028733838349580765
eval,25650,2019-06-04 20:00:00,258,266,47705.09375,155.6635284423828,0.18183499574661255
eval,25650,2019-06-04 20:00:00,259,267,2845.20947265625,47.4770622253418,0.051614727824926376
eval,25650,2019-06-04 20:00:00,260,268,42398.9921875,163.1724853515625,0.03448162227869034
eval,25650,2019-06-04 20:00:00,261,269,136.46456909179688,8.767829895019531,0.021917305886745453
eval,25650,2019-06-04 20:00:00,262,270,4900.9501953125,54.78453826904297,0.04303198680281639
eval,25650,2019-06-04 20:00:00,263,271,1569.1689453125,34.570518493652344,0.005016629584133625
eval,25650,2019-06-04 20:00:00,264,272,323.4610290527344,13.071069717407227,0.010259994305670261
eval,25650,2019-06-04 20:00:00,265,273,368.54876708984375,14.961730003356934,0.0358089953660965
eval,25650,2019-06-04 20:00:00,266,274,431.1822509765625,15.104487419128418,0.03827865421772003
eval,25650,2019-06-04 20:00:00,267,275,586.2259521484375,20.828269958496094,0.039779894053936005
eval,25650,2019-06-04 20:00:00,268,276,398059.3125,436.5030212402344,0.12265895307064056
eval,25650,2019-06-04 20:00:00,269,277,13119.3427734375,78.24247741699219,0.18865489959716797
eval,25650,2019-06-04 20:00:00,270,278,2447.32421875,41.98108673095703,0.06617511063814163
eval,25650,2019-06-04 20:00:00,271,279,1072.5223388671875,26.71014976501465,0.015359990298748016
eval,25650,2019-06-04 20:00:00,272,280,12619.7685546875,80.32562255859375,0.04604613035917282
eval,25650,2019-06-04 20:00:00,273,281,263017.125,458.21044921875,0.13791613280773163
eval,25650,2019-06-04 20:00:00,274,282,2094.089599609375,34.22239303588867,0.060241904109716415
eval,25650,2019-06-04 20:00:00,275,283,109.184326171875,8.497982025146484,0.009294776245951653
eval,25650,2019-06-04 20:00:00,276,284,2182.322265625,38.07925796508789,0.061386238783597946
eval,25650,2019-06-04 20:00:00,277,285,324.21630859375,14.02146053314209,0.016589123755693436
eval,25650,2019-06-04 20:00:00,278,286,1501.392822265625,27.39364242553711,0.0492716059088707
eval,25650,2019-06-04 20:00:00,279,287,117.00146484375,9.65433120727539,0.010609835386276245
eval,25650,2019-06-04 20:00:00,280,288,1289.79052734375,27.66530418395996,0.022892436012625694
eval,25650,2019-06-04 20:00:00,281,289,6153.380859375,64.085693359375,0.048488911241292953
eval,25650,2019-06-04 20:00:00,282,290,73162.046875,209.77171325683594,0.0033744950778782368
eval,25650,2019-06-04 20:00:00,283,291,1753.76708984375,37.27774429321289,0.026111511513590813
eval,25650,2019-06-04 20:00:00,284,292,20249.70703125,123.8408203125,0.007074266672134399
eval,25650,2019-06-04 20:00:00,285,293,1499.650390625,29.070571899414062,0.006929881405085325
eval,25650,2019-06-04 20:00:00,286,294,1396.802490234375,25.073097229003906,0.015229137614369392
eval,25650,2019-06-04 20:00:00,287,295,47936.10546875,145.28115844726562,0.4559868574142456
eval,25650,2019-06-04 20:00:00,288,296,533009.6875,579.8595581054688,0.05830630660057068
eval,25650,2019-06-04 20:00:00,289,297,11250.32421875,84.42510986328125,0.05712728202342987
eval,25650,2019-06-04 20:00:00,290,299,11.086077690124512,2.2257730960845947,0.007027422543615103
eval,25650,2019-06-04 20:00:00,291,300,5103.61083984375,48.99608612060547,0.06454715877771378
eval,25650,2019-06-04 20:00:00,292,301,143200.953125,241.8809814453125,0.061376482248306274
eval,25650,2019-06-04 20:00:00,293,302,140844.6875,285.088134765625,0.017540790140628815
eval,25650,2019-06-04 20:00:00,294,303,5328.69287109375,62.76163864135742,0.1790832132101059
eval,25650,2019-06-04 20:00:00,295,304,2386.52685546875,38.446250915527344,0.004597084131091833
eval,25650,2019-06-04 20:00:00,296,305,670.9910278320312,18.26807403564453,0.0157917570322752
eval,25650,2019-06-04 20:00:00,297,306,14180.58203125,85.03254699707031,0.00838269479572773
eval,25650,2019-06-04 20:00:00,298,307,88.48886108398438,8.009177207946777,0.05884312838315964
eval,25650,2019-06-04 20:00:00,299,308,204432.609375,304.5274658203125,0.013443415984511375
eval,25650,2019-06-04 20:00:00,300,309,11739.619140625,91.4598617553711,0.007697197608649731
eval,25650,2019-06-04 20:00:00,301,310,2757.095703125,47.57439422607422,0.6368262767791748
eval,25650,2019-06-04 20:00:00,302,311,16007.771484375,100.24226379394531,0.015498742461204529
eval,25650,2019-06-04 20:00:00,303,312,7925.919921875,72.27892303466797,0.026483189314603806
eval,25650,2019-06-04 20:00:00,304,313,36339656.0,3829.03076171875,0.008672548457980156
eval,25650,2019-06-04 20:00:00,305,314,1435257.375,970.73486328125,0.06783901900053024
eval,25650,2019-06-04 20:00:00,306,315,2088075.25,933.0736083984375,0.049685075879096985
eval,25650,2019-06-04 20:00:00,307,316,1376.053466796875,20.453506469726562,0.053599219769239426
eval,25650,2019-06-04 20:00:00,308,317,421.86578369140625,12.189337730407715,0.5300416350364685
eval,25650,2019-06-04 20:00:00,309,318,6991.5322265625,68.1470947265625,0.040520139038562775
eval,25650,2019-06-04 20:00:00,310,319,1959.6787109375,37.06910705566406,0.024059273302555084
eval,25650,2019-06-04 20:00:00,311,OT,6207.10693359375,66.88024139404297,0.062006548047065735
eval,25906,2019-06-15 12:00:00,0,0,5.132184982299805,1.8779640197753906,0.5962730050086975
eval,25906,2019-06-15 12:00:00,1,1,12.568307876586914,2.7961537837982178,0.04603288322687149
eval,25906,2019-06-15 12:00:00,2,2,0.763408362865448,0.46734508872032166,0.4367993474006653
eval,25906,2019-06-15 12:00:00,3,3,2630.89794921875,38.38566589355469,0.07879670709371567
eval,25906,2019-06-15 12:00:00,4,4,1326.7027587890625,26.943456649780273,0.2724728286266327
eval,25906,2019-06-15 12:00:00,5,5,9541.6953125,77.90736389160156,0.12115734815597534
eval,25906,2019-06-15 12:00:00,6,7,3340.58544921875,49.431968688964844,0.03787489980459213
eval,25906,2019-06-15 12:00:00,7,8,1270.869140625,29.982450485229492,0.20792125165462494
eval,25906,2019-06-15 12:00:00,8,9,4032.89453125,42.65031433105469,0.478249192237854
eval,25906,2019-06-15 12:00:00,9,10,175.2117919921875,10.373468399047852,0.06561996042728424
eval,25906,2019-06-15 12:00:00,10,11,2223.93603515625,40.909690856933594,0.060595206916332245
eval,25906,2019-06-15 12:00:00,11,12,831.6552124023438,25.293439865112305,0.15806131064891815
eval,25906,2019-06-15 12:00:00,12,13,77.02883911132812,7.197064399719238,0.026520151644945145
eval,25906,2019-06-15 12:00:00,13,14,500.7115478515625,16.207592010498047,0.1299569010734558
eval,25906,2019-06-15 12:00:00,14,15,9070.8037109375,78.40756225585938,0.0564686581492424
eval,25906,2019-06-15 12:00:00,15,16,24.980260848999023,3.4999778270721436,0.23085884749889374
eval,25906,2019-06-15 12:00:00,16,17,249.86483764648438,13.985267639160156,0.11264553666114807
eval,25906,2019-06-15 12:00:00,17,18,2767.830078125,45.10798645019531,0.05427849292755127
eval,25906,2019-06-15 12:00:00,18,19,319.23651123046875,13.701780319213867,0.08001255244016647
eval,25906,2019-06-15 12:00:00,19,20,59.80571746826172,6.170674800872803,0.106515072286129
eval,25906,2019-06-15 12:00:00,20,21,7597.7568359375,61.397674560546875,0.08156820386648178
eval,25906,2019-06-15 12:00:00,21,22,212.76901245117188,12.722932815551758,0.14664076268672943
eval,25906,2019-06-15 12:00:00,22,23,70.94600677490234,6.926326274871826,0.04751455783843994
eval,25906,2019-06-15 12:00:00,23,24,469.18017578125,17.41974449157715,0.04997418820858002
eval,25906,2019-06-15 12:00:00,24,25,405.4921875,17.301315307617188,0.026875151321291924
eval,25906,2019-06-15 12:00:00,25,26,946.83154296875,24.67269515991211,0.05841251462697983
eval,25906,2019-06-15 12:00:00,26,27,11.403274536132812,2.589620590209961,0.021906312555074692
eval,25906,2019-06-15 12:00:00,27,28,862.903076171875,26.227420806884766,0.03645956516265869
eval,25906,2019-06-15 12:00:00,28,29,766.56982421875,25.572677612304688,0.03781445696949959
eval,25906,2019-06-15 12:00:00,29,30,1472.314697265625,30.18459701538086,0.0666036382317543
eval,25906,2019-06-15 12:00:00,30,31,1341.97265625,29.2763729095459,0.08293892443180084
eval,25906,2019-06-15 12:00:00,31,32,424.0498046875,15.290119171142578,0.06518295407295227
eval,25906,2019-06-15 12:00:00,32,33,272.96417236328125,12.767707824707031,0.07306675612926483
eval,25906,2019-06-15 12:00:00,33,34,144214.0625,307.5042724609375,0.07116852700710297
eval,25906,2019-06-15 12:00:00,34,35,191.5081787109375,10.308185577392578,0.06249505281448364
eval,25906,2019-06-15 12:00:00,35,36,1061.845947265625,26.68807601928711,0.024675540626049042
eval,25906,2019-06-15 12:00:00,36,37,4823.3486328125,47.43766784667969,0.16932329535484314
eval,25906,2019-06-15 12:00:00,37,38,104.27156829833984,7.578490257263184,0.08905313909053802
eval,25906,2019-06-15 12:00:00,38,39,92.45616149902344,7.726500511169434,0.36266884207725525
eval,25906,2019-06-15 12:00:00,39,40,134369.84375,271.71771240234375,0.0756334587931633
eval,25906,2019-06-15 12:00:00,40,41,5559.76953125,53.70006561279297,0.0850776731967926
eval,25906,2019-06-15 12:00:00,41,42,463.1128845214844,16.696800231933594,0.12368099391460419
eval,25906,2019-06-15 12:00:00,42,43,227.37557983398438,11.013056755065918,0.13810250163078308
eval,25906,2019-06-15 12:00:00,43,44,2079.521240234375,39.64331817626953,0.15717138350009918
eval,25906,2019-06-15 12:00:00,44,45,495.3504333496094,16.47597312927246,0.07633090764284134
eval,25906,2019-06-15 12:00:00,45,46,51.171897888183594,5.719052314758301,0.06699077785015106
eval,25906,2019-06-15 12:00:00,46,47,233.2794647216797,10.548137664794922,0.07319094240665436
eval,25906,2019-06-15 12:00:00,47,48,250.4465789794922,13.957308769226074,0.13420116901397705
eval,25906,2019-06-15 12:00:00,48,49,368.5015563964844,14.424453735351562,0.02245105430483818
eval,25906,2019-06-15 12:00:00,49,50,5879.06591796875,65.14311218261719,0.5112856030464172
eval,25906,2019-06-15 12:00:00,50,51,196.68222045898438,12.204570770263672,0.2859017848968506
eval,25906,2019-06-15 12:00:00,51,52,424.67889404296875,17.105398178100586,0.06174158304929733
eval,25906,2019-06-15 12:00:00,52,53,251.35238647460938,12.825981140136719,0.03418393060564995
eval,25906,2019-06-15 12:00:00,53,54,140.2225341796875,9.329760551452637,0.07043945789337158
eval,25906,2019-06-15 12:00:00,54,55,290295.28125,406.790283203125,0.07754206657409668
eval,25906,2019-06-15 12:00:00,55,56,1248.3095703125,26.627609252929688,0.13438408076763153
eval,25906,2019-06-15 12:00:00,56,58,10905.2509765625,88.79417419433594,0.15119218826293945
eval,25906,2019-06-15 12:00:00,57,59,4927.57373046875,52.96124267578125,0.18238972127437592
eval,25906,2019-06-15 12:00:00,58,60,4876.9169921875,53.708587646484375,0.12531888484954834
eval,25906,2019-06-15 12:00:00,59,61,608.16259765625,16.416011810302734,0.17099420726299286
eval,25906,2019-06-15 12:00:00,60,62,127.5621566772461,9.109261512756348,0.023666292428970337
eval,25906,2019-06-15 12:00:00,61,63,551.7833251953125,17.72595977783203,0.038759004324674606
eval,25906,2019-06-15 12:00:00,62,64,238.1757049560547,11.725118637084961,0.04635930061340332
eval,25906,2019-06-15 12:00:00,63,65,1044.83740234375,23.259864807128906,0.08309920132160187
eval,25906,2019-06-15 12:00:00,64,66,1310.1942138671875,26.728099822998047,0.3242638111114502
eval,25906,2019-06-15 12:00:00,65,67,194.53244018554688,11.003898620605469,0.045037683099508286
eval,25906,2019-06-15 12:00:00,66,68,715.7974853515625,20.791988372802734,0.17056868970394135
eval,25906,2019-06-15 12:00:00,67,69,110.37870788574219,8.251717567443848,0.07428532838821411
eval,25906,2019-06-15 12:00:00,68,70,166.83132934570312,10.32934856414795,0.10254321992397308
eval,25906,2019-06-15 12:00:00,69,71,99.78330993652344,7.247768402099609,0.1534818708896637
eval,25906,2019-06-15 12:00:00,70,72,720.2972412109375,21.530826568603516,0.036933720111846924
eval,25906,2019-06-15 12:00:00,71,73,129.3131103515625,8.205084800720215,0.06791983544826508
eval,25906,2019-06-15 12:00:00,72,74,424.7493591308594,14.473550796508789,0.03600062057375908
eval,25906,2019-06-15 12:00:00,73,75,11385.5576171875,75.41019439697266,0.04587132856249809
eval,25906,2019-06-15 12:00:00,74,76,1072.76708984375,24.95746421813965,0.04922492429614067
eval,25906,2019-06-15 12:00:00,75,77,25316.615234375,129.8233642578125,0.061695732176303864
eval,25906,2019-06-15 12:00:00,76,78,722.0682983398438,20.961963653564453,0.023223495110869408
eval,25906,2019-06-15 12:00:00,77,79,15857.498046875,98.56401824951172,0.12455984205007553
eval,25906,2019-06-15 12:00:00,78,80,13234.361328125,85.72801971435547,0.12561911344528198
eval,25906,2019-06-15 12:00:00,79,81,7532.96630859375,78.29244995117188,0.06675918400287628
eval,25906,2019-06-15 12:00:00,80,82,2594.41748046875,40.249961853027344,0.2396475374698639
eval,25906,2019-06-15 12:00:00,81,83,27876.28125,79.06478881835938,0.3868459165096283
eval,25906,2019-06-15 12:00:00,82,84,10965.529296875,60.965755462646484,1.4586701393127441
eval,25906,2019-06-15 12:00:00,83,85,61.421104431152344,6.829492092132568,0.014984680339694023
eval,25906,2019-06-15 12:00:00,84,86,72.65812683105469,6.675447463989258,0.14113488793373108
eval,25906,2019-06-15 12:00:00,85,87,6894.0927734375,67.55217742919922,0.022581329569220543
eval,25906,2019-06-15 12:00:00,86,88,66977.4375,198.4392547607422,0.029083456844091415
eval,25906,2019-06-15 12:00:00,87,89,69921.046875,175.958984375,0.01172439195215702
eval,25906,2019-06-15 12:00:00,88,90,16.432191848754883,3.5014004707336426,0.002868911949917674
eval,25906,2019-06-15 12:00:00,89,91,11425.263671875,82.13142395019531,0.008986375294625759
eval,25906,2019-06-15 12:00:00,90,92,3660.202880859375,50.12889862060547,0.0013140286318957806
eval,25906,2019-06-15 12:00:00,91,93,175865.484375,350.7959899902344,0.03858375549316406
eval,25906,2019-06-15 12:00:00,92,94,7790.26171875,75.73014831542969,0.005817967467010021
eval,25906,2019-06-15 12:00:00,93,95,11898.341796875,79.81707763671875,0.0585407130420208
eval,25906,2019-06-15 12:00:00,94,96,59745.5703125,206.4792938232422,0.1988973468542099
eval,25906,2019-06-15 12:00:00,95,97,386.654541015625,15.154891967773438,0.04562678188085556
eval,25906,2019-06-15 12:00:00,96,98,382.6225280761719,13.99567985534668,0.027326812967658043
eval,25906,2019-06-15 12:00:00,97,99,1629.896484375,23.68170738220215,0.11061236262321472
eval,25906,2019-06-15 12:00:00,98,100,22528.984375,131.6786346435547,0.11988465487957001
eval,25906,2019-06-15 12:00:00,99,101,124.62860107421875,8.169132232666016,0.01963178999722004
eval,25906,2019-06-15 12:00:00,100,102,916.2640380859375,24.566471099853516,0.13492810726165771
eval,25906,2019-06-15 12:00:00,101,103,17372.57421875,105.82437133789062,0.04718845710158348
eval,25906,2019-06-15 12:00:00,102,104,1462.1531982421875,34.001319885253906,0.5436215400695801
eval,25906,2019-06-15 12:00:00,103,105,928.5751953125,16.777118682861328,0.010737894102931023
eval,25906,2019-06-15 12:00:00,104,107,472.90228271484375,12.390983581542969,0.11113890260457993
eval,25906,2019-06-15 12:00:00,105,108,78.03271484375,5.824727535247803,0.019054871052503586
eval,25906,2019-06-15 12:00:00,106,109,9203.7978515625,60.68694305419922,0.09278219193220139
eval,25906,2019-06-15 12:00:00,107,110,307.1441345214844,13.378677368164062,0.03979005664587021
eval,25906,2019-06-15 12:00:00,108,111,23754.302734375,142.37667846679688,1.6916255950927734
eval,25906,2019-06-15 12:00:00,109,112,33184.74609375,136.1652069091797,0.3386785387992859
eval,25906,2019-06-15 12:00:00,110,114,0.22438059747219086,0.45455583930015564,0.8975211381912231
eval,25906,2019-06-15 12:00:00,111,115,38.20725631713867,4.716470718383789,0.4415352940559387
eval,25906,2019-06-15 12:00:00,112,116,1290.9775390625,33.039588928222656,0.05446058139204979
eval,25906,2019-06-15 12:00:00,113,117,79.32614135742188,8.062766075134277,0.42905235290527344
eval,25906,2019-06-15 12:00:00,114,118,319.2108154296875,13.13431167602539,1.8525251150131226
eval,25906,2019-06-15 12:00:00,115,119,20904.234375,127.80525970458984,0.44475969672203064
eval,25906,2019-06-15 12:00:00,116,120,1601.483642578125,34.48774337768555,0.5337703227996826
eval,25906,2019-06-15 12:00:00,117,121,123.61537170410156,9.246963500976562,6.2861738204956055
eval,25906,2019-06-15 12:00:00,118,122,11.426990509033203,2.5181336402893066,0.24057269096374512
eval,25906,2019-06-15 12:00:00,119,123,304.0740966796875,13.274886131286621,0.012410449795424938
eval,25906,2019-06-15 12:00:00,120,124,124.20829772949219,9.209798812866211,0.0033954333048313856
eval,25906,2019-06-15 12:00:00,121,125,41.489288330078125,5.324821472167969,1.1279728412628174
eval,25906,2019-06-15 12:00:00,122,126,21407.56640625,85.84199523925781,0.14117811620235443
eval,25906,2019-06-15 12:00:00,123,128,690076.3125,629.5608520507812,0.2512247562408447
eval,25906,2019-06-15 12:00:00,124,129,3295.757568359375,46.57750701904297,0.10740219801664352
eval,25906,2019-06-15 12:00:00,125,130,210.7261199951172,12.407947540283203,0.007454882375895977
eval,25906,2019-06-15 12:00:00,126,131,446583.9375,577.66943359375,0.9337479472160339
eval,25906,2019-06-15 12:00:00,127,132,17317.341796875,102.19478607177734,0.04163311421871185
eval,25906,2019-06-15 12:00:00,128,133,602702.1875,577.5541381835938,0.5052615404129028
eval,25906,2019-06-15 12:00:00,129,134,6458.12451171875,63.86130905151367,0.07606551051139832
eval,25906,2019-06-15 12:00:00,130,135,181009.21875,303.69549560546875,0.08411296457052231
eval,25906,2019-06-15 12:00:00,131,136,914.1359252929688,20.92776107788086,0.04085931181907654
eval,25906,2019-06-15 12:00:00,132,137,207.2319793701172,12.073206901550293,0.09558554738759995
eval,25906,2019-06-15 12:00:00,133,138,1597.873046875,33.24786376953125,0.024020802229642868
eval,25906,2019-06-15 12:00:00,134,139,2543.599609375,31.964996337890625,0.09248311817646027
eval,25906,2019-06-15 12:00:00,135,140,696.468994140625,21.655471801757812,0.02615584060549736
eval,25906,2019-06-15 12:00:00,136,141,2562.982421875,38.74392318725586,0.05074185132980347
eval,25906,2019-06-15 12:00:00,137,142,1634.908935546875,31.271902084350586,0.14093586802482605
eval,25906,2019-06-15 12:00:00,138,144,119.7852783203125,8.745594024658203,0.037257127463817596
eval,25906,2019-06-15 12:00:00,139,145,1037.027099609375,24.291820526123047,0.07142385095357895
eval,25906,2019-06-15 12:00:00,140,146,632.8124389648438,19.050437927246094,0.05116172879934311
eval,25906,2019-06-15 12:00:00,141,147,34.85395431518555,4.402943134307861,0.02115795761346817
eval,25906,2019-06-15 12:00:00,142,148,6826.7109375,56.94328308105469,0.045039720833301544
eval,25906,2019-06-15 12:00:00,143,149,3293.2900390625,46.93573760986328,0.04459230229258537
eval,25906,2019-06-15 12:00:00,144,150,91986.171875,187.6070556640625,0.03862963989377022
eval,25906,2019-06-15 12:00:00,145,151,7213.66162109375,64.24879455566406,0.0508752278983593
eval,25906,2019-06-15 12:00:00,146,152,1618.918701171875,28.37356948852539,0.042063385248184204
eval,25906,2019-06-15 12:00:00,147,153,1180959.25,940.1103515625,0.4533627927303314
eval,25906,2019-06-15 12:00:00,148,154,72227.4296875,233.5422821044922,0.26232075691223145
eval,25906,2019-06-15 12:00:00,149,155,21549834.0,3664.348388671875,0.11335425078868866
eval,25906,2019-06-15 12:00:00,150,156,5044.60791015625,48.27482604980469,0.13665080070495605
eval,25906,2019-06-15 12:00:00,151,157,38861.32421875,143.6693115234375,0.29828977584838867
eval,25906,2019-06-15 12:00:00,152,158,7217.48828125,55.95298385620117,0.07308328151702881
eval,25906,2019-06-15 12:00:00,153,159,16617.546875,105.63575744628906,0.06301905959844589
eval,25906,2019-06-15 12:00:00,154,160,12112.71875,82.64422607421875,0.20480124652385712
eval,25906,2019-06-15 12:00:00,155,161,833.8097534179688,25.04767417907715,0.016989316791296005
eval,25906,2019-06-15 12:00:00,156,162,6845.29296875,67.95079803466797,0.017696425318717957
eval,25906,2019-06-15 12:00:00,157,163,40107.625,149.60858154296875,0.06767535209655762
eval,25906,2019-06-15 12:00:00,158,164,14019.8583984375,70.41130065917969,0.0677187368273735
eval,25906,2019-06-15 12:00:00,159,165,1843.885986328125,34.14335632324219,0.039998769760131836
eval,25906,2019-06-15 12:00:00,160,166,10264.1953125,89.71665954589844,0.010288553312420845
eval,25906,2019-06-15 12:00:00,161,167,759406.4375,792.8432006835938,0.023065168410539627
eval,25906,2019-06-15 12:00:00,162,168,5022.61181640625,48.089111328125,0.030852271243929863
eval,25906,2019-06-15 12:00:00,163,169,19770.53125,118.61630249023438,0.04121839255094528
eval,25906,2019-06-15 12:00:00,164,170,1347.5518798828125,30.794017791748047,0.04318550229072571
eval,25906,2019-06-15 12:00:00,165,171,1955.466552734375,35.9185905456543,0.01327355857938528
eval,25906,2019-06-15 12:00:00,166,172,41023.3046875,132.231689453125,0.057177867740392685
eval,25906,2019-06-15 12:00:00,167,173,3580.35205078125,43.09409713745117,0.01917971856892109
eval,25906,2019-06-15 12:00:00,168,174,5277.9375,55.629150390625,0.061851128935813904
eval,25906,2019-06-15 12:00:00,169,175,106651.9296875,289.280517578125,0.024413805454969406
eval,25906,2019-06-15 12:00:00,170,176,2262.68994140625,36.15608215332031,0.02815578505396843
eval,25906,2019-06-15 12:00:00,171,177,104218.96875,269.3282165527344,0.06712908297777176
eval,25906,2019-06-15 12:00:00,172,178,21205.59375,99.40040588378906,0.056188326328992844
eval,25906,2019-06-15 12:00:00,173,179,429840.25,433.1749267578125,0.03199899196624756
eval,25906,2019-06-15 12:00:00,174,180,749.1112060546875,16.558473587036133,0.025576552376151085
eval,25906,2019-06-15 12:00:00,175,181,19818.29296875,112.36346435546875,0.03183227404952049
eval,25906,2019-06-15 12:00:00,176,183,1916.075439453125,37.71479034423828,0.03510696440935135
eval,25906,2019-06-15 12:00:00,177,184,14795.5576171875,96.1480941772461,0.18447411060333252
eval,25906,2019-06-15 12:00:00,178,185,7562.81640625,66.02903747558594,0.08834900707006454
eval,25906,2019-06-15 12:00:00,179,186,663540.0,555.8723754882812,0.023789308965206146
eval,25906,2019-06-15 12:00:00,180,187,10941.978515625,84.45924377441406,0.014960750937461853
eval,25906,2019-06-15 12:00:00,181,188,1664.604736328125,29.783645629882812,0.16936972737312317
eval,25906,2019-06-15 12:00:00,182,189,17129.337890625,79.80958557128906,0.018320798873901367
eval,25906,2019-06-15 12:00:00,183,190,447.53851318359375,17.82571029663086,0.0462491512298584
eval,25906,2019-06-15 12:00:00,184,191,889.2528076171875,23.52103042602539,0.02873913012444973
eval,25906,2019-06-15 12:00:00,185,192,133.09588623046875,9.403487205505371,0.014372768811881542
eval,25906,2019-06-15 12:00:00,186,193,37970.1875,143.30674743652344,0.021191664040088654
eval,25906,2019-06-15 12:00:00,187,194,13054.1943359375,59.15697479248047,0.5865790843963623
eval,25906,2019-06-15 12:00:00,188,195,208.891357421875,9.722099304199219,0.0314529612660408
eval,25906,2019-06-15 12:00:00,189,196,46751.3203125,158.4570770263672,0.20905083417892456
eval,25906,2019-06-15 12:00:00,190,197,726.0927734375,20.64777183532715,0.08106480538845062
eval,25906,2019-06-15 12:00:00,191,198,21822.859375,121.62452697753906,0.26713013648986816
eval,25906,2019-06-15 12:00:00,192,199,166146.40625,314.8938903808594,0.03455420210957527
eval,25906,2019-06-15 12:00:00,193,200,11903.91015625,63.60834884643555,0.2553144693374634
eval,25906,2019-06-15 12:00:00,194,201,665.7568359375,19.67786407470703,0.024732714518904686
eval,25906,2019-06-15 12:00:00,195,202,726.399658203125,20.4296932220459,0.02544029802083969
eval,25906,2019-06-15 12:00:00,196,203,4159.931640625,50.195404052734375,0.11110500991344452
eval,25906,2019-06-15 12:00:00,197,204,14298.8310546875,88.9644775390625,0.03302166238427162
eval,25906,2019-06-15 12:00:00,198,205,12700.16015625,83.43511962890625,0.045470260083675385
eval,25906,2019-06-15 12:00:00,199,206,644.6025390625,16.12914276123047,0.01706290803849697
eval,25906,2019-06-15 12:00:00,200,207,208.46859741210938,11.706291198730469,0.020265033468604088
eval,25906,2019-06-15 12:00:00,201,208,261.7130126953125,13.44880485534668,0.038556408137083054
eval,25906,2019-06-15 12:00:00,202,209,867.8375854492188,21.541343688964844,0.17692768573760986
eval,25906,2019-06-15 12:00:00,203,210,11393.2880859375,62.579097747802734,0.14172473549842834
eval,25906,2019-06-15 12:00:00,204,211,22614.453125,108.82914733886719,0.12566201388835907
eval,25906,2019-06-15 12:00:00,205,212,1407.8948974609375,30.68315887451172,0.017566122114658356
eval,25906,2019-06-15 12:00:00,206,213,262.86468505859375,12.733126640319824,0.009344054386019707
eval,25906,2019-06-15 12:00:00,207,214,1572.8782958984375,30.40692710876465,0.09136061370372772
eval,25906,2019-06-15 12:00:00,208,215,1445.8807373046875,32.00848388671875,0.05982054024934769
eval,25906,2019-06-15 12:00:00,209,216,1315.96337890625,24.77350425720215,0.1164979562163353
eval,25906,2019-06-15 12:00:00,210,217,2581.74462890625,35.80859375,0.03575950860977173
eval,25906,2019-06-15 12:00:00,211,218,1412.560546875,26.349700927734375,0.14070752263069153
eval,25906,2019-06-15 12:00:00,212,219,1228.933837890625,29.357654571533203,0.04482249543070793
eval,25906,2019-06-15 12:00:00,213,220,9498.31640625,67.54959106445312,0.12471406161785126
eval,25906,2019-06-15 12:00:00,214,221,4245.52734375,41.50492477416992,0.06512746214866638
eval,25906,2019-06-15 12:00:00,215,222,1917.2913818359375,34.62388229370117,0.06881476938724518
eval,25906,2019-06-15 12:00:00,216,223,2146.7841796875,34.81945037841797,0.03802596405148506
eval,25906,2019-06-15 12:00:00,217,224,155.3266143798828,10.249954223632812,0.029212942346930504
eval,25906,2019-06-15 12:00:00,218,225,11239.65625,77.2545166015625,0.2689504623413086
eval,25906,2019-06-15 12:00:00,219,226,15800.7763671875,97.6397933959961,0.02531822770833969
eval,25906,2019-06-15 12:00:00,220,227,158.45489501953125,9.922903060913086,0.024739254266023636
eval,25906,2019-06-15 12:00:00,221,228,719.9257202148438,20.726112365722656,0.03219900652766228
eval,25906,2019-06-15 12:00:00,222,229,695.912353515625,14.182876586914062,0.03662726283073425
eval,25906,2019-06-15 12:00:00,223,230,4094.1962890625,52.597076416015625,0.015016995370388031
eval,25906,2019-06-15 12:00:00,224,231,8515.3828125,63.118202209472656,0.11816208064556122
eval,25906,2019-06-15 12:00:00,225,232,1235.701171875,27.54585838317871,0.07440635561943054
eval,25906,2019-06-15 12:00:00,226,233,89832.046875,225.26162719726562,0.016420554369688034
eval,25906,2019-06-15 12:00:00,227,234,101.35237121582031,8.295639038085938,0.011281962506473064
eval,25906,2019-06-15 12:00:00,228,235,298.55792236328125,13.429241180419922,0.031933821737766266
eval,25906,2019-06-15 12:00:00,229,236,21099740.0,4034.246826171875,0.26462841033935547
eval,25906,2019-06-15 12:00:00,230,237,3337.4970703125,49.636962890625,0.029604321345686913
eval,25906,2019-06-15 12:00:00,231,238,396.1661071777344,16.69159507751465,0.044785477221012115
eval,25906,2019-06-15 12:00:00,232,239,954.5609741210938,26.299659729003906,0.2738630473613739
eval,25906,2019-06-15 12:00:00,233,240,24674.46875,107.82452392578125,0.5805142521858215
eval,25906,2019-06-15 12:00:00,234,241,494.395263671875,13.195159912109375,0.09460420906543732
eval,25906,2019-06-15 12:00:00,235,242,492.99560546875,16.438140869140625,0.04795553907752037
eval,25906,2019-06-15 12:00:00,236,243,537.225341796875,19.493013381958008,0.022915765643119812
eval,25906,2019-06-15 12:00:00,237,244,3296.7236328125,25.460575103759766,0.1330234706401825
eval,25906,2019-06-15 12:00:00,238,246,16799.267578125,99.92726135253906,0.06373949348926544
eval,25906,2019-06-15 12:00:00,239,247,861.4830932617188,20.091320037841797,0.053408246487379074
eval,25906,2019-06-15 12:00:00,240,248,4371.0576171875,54.16997528076172,0.04774431884288788
eval,25906,2019-06-15 12:00:00,241,249,404.2796325683594,17.401165008544922,0.023603178560733795
eval,25906,2019-06-15 12:00:00,242,250,8299.787109375,61.069793701171875,0.023260686546564102
eval,25906,2019-06-15 12:00:00,243,251,8267.7412109375,70.42418670654297,0.08210165798664093
eval,25906,2019-06-15 12:00:00,244,252,327.0673828125,12.040767669677734,0.0403498150408268
eval,25906,2019-06-15 12:00:00,245,253,1156.917724609375,25.217300415039062,0.02551507204771042
eval,25906,2019-06-15 12:00:00,246,254,17335.310546875,94.26376342773438,0.02256522700190544
eval,25906,2019-06-15 12:00:00,247,255,22904.32421875,101.6727523803711,0.08787168562412262
eval,25906,2019-06-15 12:00:00,248,256,1579.6243896484375,28.784475326538086,0.06753993779420853
eval,25906,2019-06-15 12:00:00,249,257,378.957275390625,15.929719924926758,0.02310597524046898
eval,25906,2019-06-15 12:00:00,250,258,837.2277221679688,21.7887020111084,0.0304446741938591
eval,25906,2019-06-15 12:00:00,251,259,6455.30859375,62.418975830078125,0.22232919931411743
eval,25906,2019-06-15 12:00:00,252,260,349.986083984375,12.463644027709961,0.04959700629115105
eval,25906,2019-06-15 12:00:00,253,261,722.6761474609375,20.718503952026367,0.05456959456205368
eval,25906,2019-06-15 12:00:00,254,262,35402.57421875,156.74911499023438,0.031845852732658386
eval,25906,2019-06-15 12:00:00,255,263,952.4473876953125,25.06143569946289,0.022725552320480347
eval,25906,2019-06-15 12:00:00,256,264,13990.986328125,88.88774871826172,0.04119287431240082
eval,25906,2019-06-15 12:00:00,257,265,253.33154296875,12.11328411102295,0.013644258491694927
eval,25906,2019-06-15 12:00:00,258,266,24817.69921875,132.78012084960938,0.09285549819469452
eval,25906,2019-06-15 12:00:00,259,267,1570.4873046875,32.93701934814453,0.0284900926053524
eval,25906,2019-06-15 12:00:00,260,268,18454.34765625,112.818359375,0.013083824887871742
eval,25906,2019-06-15 12:00:00,261,269,62.2528190612793,6.3370561599731445,0.00931586418300867
eval,25906,2019-06-15 12:00:00,262,270,5188.2548828125,56.1623649597168,0.03725382313132286
eval,25906,2019-06-15 12:00:00,263,271,4277.2470703125,50.497161865234375,0.01369696669280529
eval,25906,2019-06-15 12:00:00,264,272,557.5546264648438,20.670297622680664,0.019428066909313202
eval,25906,2019-06-15 12:00:00,265,273,795.5447998046875,21.14149284362793,0.0831090584397316
eval,25906,2019-06-15 12:00:00,266,274,344.0601501464844,16.749313354492188,0.03298971801996231
eval,25906,2019-06-15 12:00:00,267,275,911.4376831054688,20.861156463623047,0.0684867650270462
eval,25906,2019-06-15 12:00:00,268,276,1332491.875,943.837158203125,0.25247931480407715
eval,25906,2019-06-15 12:00:00,269,277,26498.9453125,106.31211853027344,0.2413671910762787
eval,25906,2019-06-15 12:00:00,270,278,5070.3115234375,59.11126708984375,0.15083523094654083
eval,25906,2019-06-15 12:00:00,271,279,18425.3828125,92.7384262084961,0.2569858729839325
eval,25906,2019-06-15 12:00:00,272,280,17974.2890625,107.24974060058594,0.04439058154821396
eval,25906,2019-06-15 12:00:00,273,281,134754.53125,217.1877899169922,0.06710103154182434
eval,25906,2019-06-15 12:00:00,274,282,993.7205810546875,26.55352783203125,0.028000660240650177
eval,25906,2019-06-15 12:00:00,275,283,416.0473327636719,15.003263473510742,0.03169693797826767
eval,25906,2019-06-15 12:00:00,276,284,1969.4892578125,35.399288177490234,0.06220740079879761
eval,25906,2019-06-15 12:00:00,277,285,395.18841552734375,13.647917747497559,0.016991911455988884
eval,25906,2019-06-15 12:00:00,278,286,1078.0189208984375,27.531347274780273,0.017370544373989105
eval,25906,2019-06-15 12:00:00,279,287,782.289794921875,21.271333694458008,0.05115830525755882
eval,25906,2019-06-15 12:00:00,280,288,2362.25390625,39.87152099609375,0.03953815996646881
eval,25906,2019-06-15 12:00:00,281,289,8011.19921875,70.05463409423828,0.03836920112371445
eval,25906,2019-06-15 12:00:00,282,290,1074690.375,826.5584716796875,0.04125714302062988
eval,25906,2019-06-15 12:00:00,283,291,6801.1376953125,52.50385665893555,0.08379849046468735
eval,25906,2019-06-15 12:00:00,284,292,81874.6875,234.52371215820312,0.030209258198738098
eval,25906,2019-06-15 12:00:00,285,293,20076.5078125,94.6605224609375,0.09075690805912018
eval,25906,2019-06-15 12:00:00,286,294,2390.346923828125,26.028234481811523,0.023935845121741295
eval,25906,2019-06-15 12:00:00,287,295,53168.24609375,162.8148193359375,0.26988905668258667
eval,25906,2019-06-15 12:00:00,288,296,339252.34375,451.447265625,0.05857245251536369
eval,25906,2019-06-15 12:00:00,289,297,57035.76171875,204.17245483398438,0.2896181344985962
eval,25906,2019-06-15 12:00:00,290,299,890.113037109375,16.231918334960938,0.36260196566581726
eval,25906,2019-06-15 12:00:00,291,300,3381.7529296875,44.381813049316406,0.03876418620347977
eval,25906,2019-06-15 12:00:00,292,301,306655.46875,330.116455078125,0.1273503452539444
eval,25906,2019-06-15 12:00:00,293,302,255574.375,438.09710693359375,0.02585645578801632
eval,25906,2019-06-15 12:00:00,294,303,506.0526123046875,11.028422355651855,0.016580963507294655
eval,25906,2019-06-15 12:00:00,295,304,13913.091796875,77.59904479980469,0.02588193491101265
eval,25906,2019-06-15 12:00:00,296,305,806.7147827148438,22.506200790405273,0.02483106032013893
eval,25906,2019-06-15 12:00:00,297,306,1851.1072998046875,32.716182708740234,0.0012238440103828907
eval,25906,2019-06-15 12:00:00,298,307,184.76824951171875,9.738753318786621,0.11261031031608582
eval,25906,2019-06-15 12:00:00,299,308,626724.0,536.7703857421875,0.04101381450891495
eval,25906,2019-06-15 12:00:00,300,309,165078.125,269.06256103515625,0.10080485045909882
eval,25906,2019-06-15 12:00:00,301,310,2009.3001708984375,37.94391632080078,0.5026774406433105
eval,25906,2019-06-15 12:00:00,302,311,38978.609375,148.96563720703125,0.04032808542251587
eval,25906,2019-06-15 12:00:00,303,312,5366.5107421875,50.083152770996094,0.018761171028017998
eval,25906,2019-06-15 12:00:00,304,313,60602076.0,5894.57568359375,0.016962936148047447
eval,25906,2019-06-15 12:00:00,305,314,324031.875,436.0286560058594,0.013520280830562115
eval,25906,2019-06-15 12:00:00,306,315,2706890.5,957.23046875,0.08542981743812561
eval,25906,2019-06-15 12:00:00,307,316,3218.432373046875,31.619298934936523,0.12811279296875
eval,25906,2019-06-15 12:00:00,308,317,6149.45849609375,63.72745895385742,5.987500190734863
eval,25906,2019-06-15 12:00:00,309,318,41106.6328125,158.39547729492188,0.22890013456344604
eval,25906,2019-06-15 12:00:00,310,319,8673.90625,70.29826354980469,0.12416861951351166
eval,25906,2019-06-15 12:00:00,311,OT,18404.76171875,116.63330078125,0.2158394753932953
eval,26162,2019-06-26 04:00:00,0,0,5.417877197265625,1.849727988243103,0.3014797866344452
eval,26162,2019-06-26 04:00:00,1,1,38.614768981933594,4.131300926208496,0.13752377033233643
eval,26162,2019-06-26 04:00:00,2,2,1.991865634918213,0.7696802616119385,0.21757787466049194
eval,26162,2019-06-26 04:00:00,3,3,3256.294921875,40.13926315307617,0.12280696630477905
eval,26162,2019-06-26 04:00:00,4,4,903.6378784179688,23.546796798706055,0.22252438962459564
eval,26162,2019-06-26 04:00:00,5,5,13918.384765625,87.03300476074219,0.16874298453330994
eval,26162,2019-06-26 04:00:00,6,7,39012.63671875,171.5525360107422,0.35867470502853394
eval,26162,2019-06-26 04:00:00,7,8,874.1588745117188,23.642568588256836,0.17577514052391052
eval,26162,2019-06-26 04:00:00,8,9,3955.500732421875,46.37379455566406,0.6595145463943481
eval,26162,2019-06-26 04:00:00,9,10,282.2201843261719,13.031753540039062,0.08339184522628784
eval,26162,2019-06-26 04:00:00,10,11,12514.001953125,80.90214538574219,0.7172482013702393
eval,26162,2019-06-26 04:00:00,11,12,316.4200439453125,14.755045890808105,0.22047540545463562
eval,26162,2019-06-26 04:00:00,12,13,240.64462280273438,11.855712890625,0.0634155124425888
eval,26162,2019-06-26 04:00:00,13,14,182.26364135742188,9.81831169128418,0.04743495583534241
eval,26162,2019-06-26 04:00:00,14,15,77464.3671875,223.9078369140625,0.5802625417709351
eval,26162,2019-06-26 04:00:00,15,16,17.495529174804688,3.421203374862671,0.10952772945165634
eval,26162,2019-06-26 04:00:00,16,17,1739.392333984375,32.93321990966797,0.5981749296188354
eval,26162,2019-06-26 04:00:00,17,18,4121.1923828125,47.814815521240234,0.09162542223930359
eval,26162,2019-06-26 04:00:00,18,19,378.0207214355469,14.594958305358887,0.1428985893726349
eval,26162,2019-06-26 04:00:00,19,20,68.10276794433594,6.660790920257568,0.09084593504667282
eval,26162,2019-06-26 04:00:00,20,21,11388.6015625,79.07565307617188,0.14261464774608612
eval,26162,2019-06-26 04:00:00,21,22,303.97674560546875,14.688314437866211,0.22901515662670135
eval,26162,2019-06-26 04:00:00,22,23,91.21733093261719,8.189730644226074,0.06418673694133759
eval,26162,2019-06-26 04:00:00,23,24,415.6902770996094,16.610881805419922,0.045376166701316833
eval,26162,2019-06-26 04:00:00,24,25,16298.505859375,111.6784896850586,0.896013617515564
eval,26162,2019-06-26 04:00:00,25,26,1907.531982421875,37.79288864135742,0.1336354911327362
eval,26162,2019-06-26 04:00:00,26,27,30.402204513549805,4.023226737976074,0.05607869476079941
eval,26162,2019-06-26 04:00:00,27,28,3725.16064453125,49.498191833496094,0.16654682159423828
eval,26162,2019-06-26 04:00:00,28,29,3597.02734375,41.642333984375,0.31548792123794556
eval,26162,2019-06-26 04:00:00,29,30,1307.0244140625,29.794708251953125,0.0710909366607666
eval,26162,2019-06-26 04:00:00,30,31,772.398193359375,21.783626556396484,0.03776731342077255
eval,26162,2019-06-26 04:00:00,31,32,864.326416015625,18.92818832397461,0.15911352634429932
eval,26162,2019-06-26 04:00:00,32,33,333.0421447753906,15.001510620117188,0.08018288761377335
eval,26162,2019-06-26 04:00:00,33,34,264597.09375,385.08258056640625,0.1364259421825409
eval,26162,2019-06-26 04:00:00,34,35,480.34246826171875,19.394535064697266,0.13380561769008636
eval,26162,2019-06-26 04:00:00,35,36,8553.4951171875,68.479248046875,0.2727035582065582
eval,26162,2019-06-26 04:00:00,36,37,4176.42919921875,50.22159957885742,0.13860532641410828
eval,26162,2019-06-26 04:00:00,37,38,56.08605194091797,5.84168004989624,0.04166511446237564
eval,26162,2019-06-26 04:00:00,38,39,66.4400863647461,6.2677459716796875,0.30129507184028625
eval,26162,2019-06-26 04:00:00,39,40,139836.453125,279.15325927734375,0.08677323162555695
eval,26162,2019-06-26 04:00:00,40,41,5090.79248046875,55.15888595581055,0.06276809424161911
eval,26162,2019-06-26 04:00:00,41,42,1023.3603515625,27.095314025878906,0.2880690097808838
eval,26162,2019-06-26 04:00:00,42,43,177.018798828125,10.131484985351562,0.09392549842596054
eval,26162,2019-06-26 04:00:00,43,44,1410.5478515625,24.344310760498047,0.11038684844970703
eval,26162,2019-06-26 04:00:00,44,45,743.4844970703125,19.591245651245117,0.12035423517227173
eval,26162,2019-06-26 04:00:00,45,46,22.94515609741211,4.1054301261901855,0.028638586401939392
eval,26162,2019-06-26 04:00:00,46,47,287.9718017578125,13.349832534790039,0.10745744407176971
eval,26162,2019-06-26 04:00:00,47,48,91.90058898925781,7.754556655883789,0.031771570444107056
eval,26162,2019-06-26 04:00:00,48,49,1552.148193359375,31.225780487060547,0.08282116055488586
eval,26162,2019-06-26 04:00:00,49,50,5643.8515625,53.668670654296875,0.3611379563808441
eval,26162,2019-06-26 04:00:00,50,51,186.32894897460938,10.636863708496094,0.2167271375656128
eval,26162,2019-06-26 04:00:00,51,52,1118.412353515625,25.17255973815918,0.14802132546901703
eval,26162,2019-06-26 04:00:00,52,53,1131.5906982421875,27.086318969726562,0.17163757979869843
eval,26162,2019-06-26 04:00:00,53,54,136.99969482421875,10.064397811889648,0.07003779709339142
eval,26162,2019-06-26 04:00:00,54,55,271706.0,373.7481689453125,0.0338212326169014
eval,26162,2019-06-26 04:00:00,55,56,561.493408203125,20.266361236572266,0.06465687602758408
eval,26162,2019-06-26 04:00:00,56,58,7661.49609375,74.35737609863281,0.133356511592865
eval,26162,2019-06-26 04:00:00,57,59,7997.5029296875,78.07271575927734,0.28201019763946533
eval,26162,2019-06-26 04:00:00,58,60,4090.781005859375,45.595394134521484,0.0898427814245224
eval,26162,2019-06-26 04:00:00,59,61,485.7505798339844,16.62862777709961,0.13037286698818207
eval,26162,2019-06-26 04:00:00,60,62,693.108154296875,21.098594665527344,0.14033089578151703
eval,26162,2019-06-26 04:00:00,61,63,1992.9736328125,33.30836868286133,0.13770648837089539
eval,26162,2019-06-26 04:00:00,62,64,175.0217742919922,10.48260498046875,0.033362872898578644
eval,26162,2019-06-26 04:00:00,63,65,3382.7275390625,47.278724670410156,0.2971571087837219
eval,26162,2019-06-26 04:00:00,64,66,417.546630859375,16.52150535583496,0.056611865758895874
eval,26162,2019-06-26 04:00:00,65,67,586.6588134765625,19.98366928100586,0.08451497554779053
eval,26162,2019-06-26 04:00:00,66,68,2659.5029296875,38.29509353637695,1.1186895370483398
eval,26162,2019-06-26 04:00:00,67,69,182.9145965576172,10.341388702392578,0.0892077088356018
eval,26162,2019-06-26 04:00:00,68,70,255.22372436523438,13.444253921508789,0.14599207043647766
eval,26162,2019-06-26 04:00:00,69,71,97.84414672851562,7.881351470947266,0.13876277208328247
eval,26162,2019-06-26 04:00:00,70,72,1740.2596435546875,32.660423278808594,0.08976801484823227
eval,26162,2019-06-26 04:00:00,71,73,165.9044952392578,9.917943954467773,0.09044346213340759
eval,26162,2019-06-26 04:00:00,72,74,616.1868896484375,20.966678619384766,0.05048292875289917
eval,26162,2019-06-26 04:00:00,73,75,193974.546875,333.8297119140625,0.9317445755004883
eval,26162,2019-06-26 04:00:00,74,76,2044.8671875,37.8548698425293,0.08704406023025513
eval,26162,2019-06-26 04:00:00,75,77,35075.0859375,135.61944580078125,0.09186306595802307
eval,26162,2019-06-26 04:00:00,76,78,5071.400390625,54.1909294128418,0.16223910450935364
eval,26162,2019-06-26 04:00:00,77,79,14656.810546875,93.69853210449219,0.14978307485580444
eval,26162,2019-06-26 04:00:00,78,80,23261.1953125,124.3663330078125,0.2202543318271637
eval,26162,2019-06-26 04:00:00,79,81,33.60655212402344,4.947429180145264,0.0003352676285430789
eval,26162,2019-06-26 04:00:00,80,82,4393.98388671875,51.87820053100586,0.38048669695854187
eval,26162,2019-06-26 04:00:00,81,83,0.7963746786117554,0.7702420949935913,6.261200178414583e-05
eval,26162,2019-06-26 04:00:00,82,84,158.60076904296875,9.747088432312012,0.00905359536409378
eval,26162,2019-06-26 04:00:00,83,85,275.8232116699219,13.276771545410156,0.07197736203670502
eval,26162,2019-06-26 04:00:00,84,86,675.3104248046875,20.169225692749023,1.7291072607040405
eval,26162,2019-06-26 04:00:00,85,87,3671.78466796875,51.02408981323242,0.04040314629673958
eval,26162,2019-06-26 04:00:00,86,88,182494.84375,333.9085693359375,0.06608334183692932
eval,26162,2019-06-26 04:00:00,87,89,127874.4375,280.59149169921875,0.01903216540813446
eval,26162,2019-06-26 04:00:00,88,90,24.2923641204834,4.3679656982421875,0.00413237139582634
eval,26162,2019-06-26 04:00:00,89,91,62249.40625,202.895751953125,0.044612329453229904
eval,26162,2019-06-26 04:00:00,90,92,475690.875,564.5599365234375,0.17672184109687805
eval,26162,2019-06-26 04:00:00,91,93,188962.3125,341.1684265136719,0.03525201976299286
eval,26162,2019-06-26 04:00:00,92,94,3785.657958984375,53.486183166503906,0.002823837101459503
eval,26162,2019-06-26 04:00:00,93,95,64008.9296875,198.62997436523438,0.28500163555145264
eval,26162,2019-06-26 04:00:00,94,96,22306.740234375,122.4646224975586,0.12904995679855347
eval,26162,2019-06-26 04:00:00,95,97,1641.3978271484375,34.8739013671875,0.1543836146593094
eval,26162,2019-06-26 04:00:00,96,98,525.68115234375,17.351207733154297,0.07873047143220901
eval,26162,2019-06-26 04:00:00,97,99,427.59002685546875,14.35883903503418,0.020975004881620407
eval,26162,2019-06-26 04:00:00,98,100,155745.296875,342.2332458496094,0.47904977202415466
eval,26162,2019-06-26 04:00:00,99,101,1038.3358154296875,25.50996971130371,0.12325721234083176
eval,26162,2019-06-26 04:00:00,100,102,406.93988037109375,16.62647819519043,0.033595167100429535
eval,26162,2019-06-26 04:00:00,101,103,42481.7734375,173.4871063232422,0.1468586027622223
eval,26162,2019-06-26 04:00:00,102,104,1303.566650390625,30.512487411499023,1.5578546524047852
eval,26162,2019-06-26 04:00:00,103,105,10727.208984375,56.955039978027344,0.1251370906829834
eval,26162,2019-06-26 04:00:00,104,107,1852.110107421875,36.276817321777344,0.4274293780326843
eval,26162,2019-06-26 04:00:00,105,108,1929.7060546875,35.29815673828125,0.545096755027771
eval,26162,2019-06-26 04:00:00,106,109,360522.34375,509.67266845703125,3.162083625793457
eval,26162,2019-06-26 04:00:00,107,110,13049.3466796875,94.26525115966797,1.8417291641235352
eval,26162,2019-06-26 04:00:00,108,111,20983.87109375,131.4710693359375,1.5691604614257812
eval,26162,2019-06-26 04:00:00,109,112,51454.85546875,127.49715423583984,0.6608495712280273
eval,26162,2019-06-26 04:00:00,110,114,0.34147483110427856,0.4762578010559082,1.019331693649292
eval,26162,2019-06-26 04:00:00,111,115,96.9923095703125,7.422936916351318,2.1823818683624268
eval,26162,2019-06-26 04:00:00,112,116,209.1895751953125,13.421646118164062,0.03158438950777054
eval,26162,2019-06-26 04:00:00,113,117,80.88674926757812,7.583079814910889,0.7490541338920593
eval,26162,2019-06-26 04:00:00,114,118,270.82598876953125,11.618815422058105,1.610128402709961
eval,26162,2019-06-26 04:00:00,115,119,6563.15625,57.3487548828125,0.30926835536956787
eval,26162,2019-06-26 04:00:00,116,120,310.8726806640625,12.763046264648438,0.10787729918956757
eval,26162,2019-06-26 04:00:00,117,121,7.035243988037109,1.870746374130249,0.18589791655540466
eval,26162,2019-06-26 04:00:00,118,122,0.9309822916984558,0.7293227910995483,0.04600219428539276
eval,26162,2019-06-26 04:00:00,119,123,925.33740234375,25.22591209411621,0.025968730449676514
eval,26162,2019-06-26 04:00:00,120,124,3007.170654296875,44.52900314331055,0.10433882474899292
eval,26162,2019-06-26 04:00:00,121,125,78.78993225097656,5.158475399017334,0.6053729057312012
eval,26162,2019-06-26 04:00:00,122,126,74492.359375,207.9595947265625,0.5980401039123535
eval,26162,2019-06-26 04:00:00,123,128,154496.1875,297.0194091796875,0.054227493703365326
eval,26162,2019-06-26 04:00:00,124,129,3132.67333984375,37.561485290527344,0.1296524852514267
eval,26162,2019-06-26 04:00:00,125,130,265.6729431152344,13.437553405761719,0.00884414091706276
eval,26162,2019-06-26 04:00:00,126,131,39478.75390625,153.68270874023438,0.05081656202673912
eval,26162,2019-06-26 04:00:00,127,132,9092.1591796875,79.17764282226562,0.021212022751569748
eval,26162,2019-06-26 04:00:00,128,133,114142.25,251.2099609375,0.06282536685466766
eval,26162,2019-06-26 04:00:00,129,134,2861.94921875,41.54802703857422,0.039790455251932144
eval,26162,2019-06-26 04:00:00,130,135,24625.265625,128.05519104003906,0.00967137049883604
eval,26162,2019-06-26 04:00:00,131,136,486.270751953125,18.02880096435547,0.023015931248664856
eval,26162,2019-06-26 04:00:00,132,137,43.667320251464844,5.5301971435546875,0.020091934129595757
eval,26162,2019-06-26 04:00:00,133,138,7977.57763671875,57.00555419921875,0.11876329779624939
eval,26162,2019-06-26 04:00:00,134,139,5851.2900390625,60.47134017944336,0.20250064134597778
eval,26162,2019-06-26 04:00:00,135,140,1049.99462890625,27.906635284423828,0.03573407232761383
eval,26162,2019-06-26 04:00:00,136,141,7062.0654296875,69.87884521484375,0.14829066395759583
eval,26162,2019-06-26 04:00:00,137,142,161.1448974609375,9.943340301513672,0.014041168615221977
eval,26162,2019-06-26 04:00:00,138,144,143.90478515625,9.213018417358398,0.04274173825979233
eval,26162,2019-06-26 04:00:00,139,145,223.92230224609375,9.718290328979492,0.011251251213252544
eval,26162,2019-06-26 04:00:00,140,146,1732.6673583984375,36.41838073730469,0.10609521716833115
eval,26162,2019-06-26 04:00:00,141,147,28.36745262145996,4.2803192138671875,0.016393089666962624
eval,26162,2019-06-26 04:00:00,142,148,3238.400146484375,43.50082015991211,0.01216857135295868
eval,26162,2019-06-26 04:00:00,143,149,84510.34375,258.3318786621094,1.0109689235687256
eval,26162,2019-06-26 04:00:00,144,150,51123.82421875,162.81698608398438,0.013023837469518185
eval,26162,2019-06-26 04:00:00,145,151,2926.496826171875,46.48664474487305,0.013669557869434357
eval,26162,2019-06-26 04:00:00,146,152,850.66015625,23.67992401123047,0.013800534419715405
eval,26162,2019-06-26 04:00:00,147,153,63462.8515625,213.89874267578125,0.01769312098622322
eval,26162,2019-06-26 04:00:00,148,154,8549.5244140625,74.22535705566406,0.028719207271933556
eval,26162,2019-06-26 04:00:00,149,155,6997249.5,2294.8173828125,0.017713066190481186
eval,26162,2019-06-26 04:00:00,150,156,3375.1044921875,42.593238830566406,0.07757459580898285
eval,26162,2019-06-26 04:00:00,151,157,24355.85546875,135.44100952148438,0.1339762806892395
eval,26162,2019-06-26 04:00:00,152,158,3415.10888671875,40.18563461303711,0.02668050304055214
eval,26162,2019-06-26 04:00:00,153,159,53888.140625,176.33078002929688,0.11939609050750732
eval,26162,2019-06-26 04:00:00,154,160,7054.67578125,69.49053955078125,0.07999017834663391
eval,26162,2019-06-26 04:00:00,155,161,1213.608154296875,30.046689987182617,0.017174622043967247
eval,26162,2019-06-26 04:00:00,156,162,10218.78125,68.09032440185547,0.013566581532359123
eval,26162,2019-06-26 04:00:00,157,163,8424.82421875,77.731689453125,0.012310068123042583
eval,26162,2019-06-26 04:00:00,158,164,4424.171875,55.86585235595703,0.0069731129333376884
eval,26162,2019-06-26 04:00:00,159,165,6344.98193359375,54.9348258972168,0.0957690179347992
eval,26162,2019-06-26 04:00:00,160,166,40064.0859375,149.5787353515625,0.03212067857384682
eval,26162,2019-06-26 04:00:00,161,167,211044.96875,373.0747985839844,0.005982602946460247
eval,26162,2019-06-26 04:00:00,162,168,9202.955078125,75.19705200195312,0.039218973368406296
eval,26162,2019-06-26 04:00:00,163,169,7473.2646484375,78.44247436523438,0.008533915504813194
eval,26162,2019-06-26 04:00:00,164,170,1376.6888427734375,29.692222595214844,0.029016312211751938
eval,26162,2019-06-26 04:00:00,165,171,1177.0345458984375,29.132442474365234,0.0068389675579965115
eval,26162,2019-06-26 04:00:00,166,172,50789.79296875,138.27064514160156,0.04882100224494934
eval,26162,2019-06-26 04:00:00,167,173,2441.53271484375,41.36668014526367,0.011491946876049042
eval,26162,2019-06-26 04:00:00,168,174,3716.3671875,49.2552604675293,0.052355073392391205
eval,26162,2019-06-26 04:00:00,169,175,237178.09375,407.1048583984375,0.04604285955429077
eval,26162,2019-06-26 04:00:00,170,176,470.62799072265625,17.84275245666504,0.00507618673145771
eval,26162,2019-06-26 04:00:00,171,177,246177.375,454.46929931640625,0.13269338011741638
eval,26162,2019-06-26 04:00:00,172,178,14141.0810546875,98.1002197265625,0.027391165494918823
eval,26162,2019-06-26 04:00:00,173,179,794440.625,681.0497436523438,0.040347542613744736
eval,26162,2019-06-26 04:00:00,174,180,1984.988037109375,38.48581314086914,0.05622203275561333
eval,26162,2019-06-26 04:00:00,175,181,27248.04296875,101.49590301513672,0.03387591987848282
eval,26162,2019-06-26 04:00:00,176,183,5147.86181640625,66.68832397460938,0.0704561173915863
eval,26162,2019-06-26 04:00:00,177,184,3816.03173828125,45.34600830078125,0.024705082178115845
eval,26162,2019-06-26 04:00:00,178,185,3025.024169921875,42.13115692138672,0.02757634036242962
eval,26162,2019-06-26 04:00:00,179,186,1701401.5,648.697021484375,0.06065944582223892
eval,26162,2019-06-26 04:00:00,180,187,10743.998046875,85.94117736816406,0.004309294279664755
eval,26162,2019-06-26 04:00:00,181,188,443.1250915527344,14.885931968688965,0.032454073429107666
eval,26162,2019-06-26 04:00:00,182,189,66295.734375,217.40953063964844,0.06643756479024887
eval,26162,2019-06-26 04:00:00,183,190,1594.117431640625,32.294281005859375,0.1224365159869194
eval,26162,2019-06-26 04:00:00,184,191,602.1331787109375,19.436635971069336,0.017469100654125214
eval,26162,2019-06-26 04:00:00,185,192,255.5543670654297,13.015748977661133,0.01895531266927719
eval,26162,2019-06-26 04:00:00,186,193,69754.375,208.84048461914062,0.03443092852830887
eval,26162,2019-06-26 04:00:00,187,194,599.86083984375,19.511138916015625,0.010481830686330795
eval,26162,2019-06-26 04:00:00,188,195,126.0636215209961,8.906295776367188,0.01776745356619358
eval,26162,2019-06-26 04:00:00,189,196,19544.888671875,92.83966064453125,0.09198200702667236
eval,26162,2019-06-26 04:00:00,190,197,1121.5198974609375,28.114910125732422,0.10092349350452423
eval,26162,2019-06-26 04:00:00,191,198,5806.080078125,59.27741622924805,0.040545813739299774
eval,26162,2019-06-26 04:00:00,192,199,218217.796875,351.057861328125,0.031413864344358444
eval,26162,2019-06-26 04:00:00,193,200,462.1846618652344,17.52198028564453,0.011442217044532299
eval,26162,2019-06-26 04:00:00,194,201,1174.2996826171875,25.31232261657715,0.03801386058330536
eval,26162,2019-06-26 04:00:00,195,202,1248.0972900390625,27.943639755249023,0.03427481651306152
eval,26162,2019-06-26 04:00:00,196,203,12974.6240234375,85.372802734375,0.24222207069396973
eval,26162,2019-06-26 04:00:00,197,204,38742.9921875,177.7461395263672,0.04071919620037079
eval,26162,2019-06-26 04:00:00,198,205,4584.09228515625,51.704673767089844,0.014667815528810024
eval,26162,2019-06-26 04:00:00,199,206,368.6059265136719,15.452919006347656,0.008443015627563
eval,26162,2019-06-26 04:00:00,200,207,1111.457763671875,27.17953109741211,0.1107703298330307
eval,26162,2019-06-26 04:00:00,201,208,514.8558349609375,19.951122283935547,0.057841114699840546
eval,26162,2019-06-26 04:00:00,202,209,1699.7626953125,35.10041046142578,0.18680772185325623
eval,26162,2019-06-26 04:00:00,203,210,2812.640380859375,39.04524230957031,0.024144351482391357
eval,26162,2019-06-26 04:00:00,204,211,32106.62109375,118.0062484741211,0.12288057059049606
eval,26162,2019-06-26 04:00:00,205,212,1319.9300537109375,28.043285369873047,0.015344120562076569
eval,26162,2019-06-26 04:00:00,206,213,375.71917724609375,15.133630752563477,0.01053087692707777
eval,26162,2019-06-26 04:00:00,207,214,372.1669921875,14.429862022399902,0.02198818325996399
eval,26162,2019-06-26 04:00:00,208,215,392.20648193359375,15.868433952331543,0.01318290363997221
eval,26162,2019-06-26 04:00:00,209,216,703.590576171875,21.74419403076172,0.07058489322662354
eval,26162,2019-06-26 04:00:00,210,217,827.9053955078125,22.415021896362305,0.01051156036555767
eval,26162,2019-06-26 04:00:00,211,218,124.64335632324219,8.127355575561523,0.010283142328262329
eval,26162,2019-06-26 04:00:00,212,219,5277.1220703125,65.03291320800781,0.19596990942955017
eval,26162,2019-06-26 04:00:00,213,220,2976.239013671875,43.95054244995117,0.03392647206783295
eval,26162,2019-06-26 04:00:00,214,221,1877.326171875,34.671669006347656,0.024671291932463646
eval,26162,2019-06-26 04:00:00,215,222,584.5357055664062,20.933534622192383,0.016757961362600327
eval,26162,2019-06-26 04:00:00,216,223,19452.17578125,126.66927337646484,0.29879236221313477
eval,26162,2019-06-26 04:00:00,217,224,114.4719467163086,7.981835842132568,0.00984322838485241
eval,26162,2019-06-26 04:00:00,218,225,3618.912109375,52.866966247558594,0.043575581163167953
eval,26162,2019-06-26 04:00:00,219,226,41417.9296875,143.83892822265625,0.05693116784095764
eval,26162,2019-06-26 04:00:00,220,227,168.58920288085938,10.501687049865723,0.021926023066043854
eval,26162,2019-06-26 04:00:00,221,228,867.8422241210938,21.5999755859375,0.02975117228925228
eval,26162,2019-06-26 04:00:00,222,229,2734.21044921875,42.10979461669922,0.0743764340877533
eval,26162,2019-06-26 04:00:00,223,230,5695.53271484375,54.65989685058594,0.012381570413708687
eval,26162,2019-06-26 04:00:00,224,231,1365.456298828125,28.061546325683594,0.014431428164243698
eval,26162,2019-06-26 04:00:00,225,232,155.06951904296875,10.35501480102539,0.007162484806030989
eval,26162,2019-06-26 04:00:00,226,233,118203.640625,236.3983154296875,0.022555699571967125
eval,26162,2019-06-26 04:00:00,227,234,2298.852294921875,40.81382369995117,0.2178223580121994
eval,26162,2019-06-26 04:00:00,228,235,124.99652099609375,8.716263771057129,0.011732939630746841
eval,26162,2019-06-26 04:00:00,229,236,17268206.0,3848.713623046875,0.0577700212597847
eval,26162,2019-06-26 04:00:00,230,237,2143.78271484375,31.41571044921875,0.01677665114402771
eval,26162,2019-06-26 04:00:00,231,238,319.4419860839844,14.046209335327148,0.031969550997018814
eval,26162,2019-06-26 04:00:00,232,239,377.68597412109375,15.267509460449219,0.016001928597688675
eval,26162,2019-06-26 04:00:00,233,240,1011.9281616210938,25.00981903076172,0.02123757265508175
eval,26162,2019-06-26 04:00:00,234,241,920.83056640625,26.048917770385742,0.15935580432415009
eval,26162,2019-06-26 04:00:00,235,242,274.21124267578125,12.926615715026855,0.020813606679439545
eval,26162,2019-06-26 04:00:00,236,243,277.2432861328125,13.019414901733398,0.008546683937311172
eval,26162,2019-06-26 04:00:00,237,244,487.8070983886719,16.509571075439453,0.017723117023706436
eval,26162,2019-06-26 04:00:00,238,246,16439.140625,101.18209075927734,0.04307360574603081
eval,26162,2019-06-26 04:00:00,239,247,19249.06640625,113.18773651123047,0.8146498203277588
eval,26162,2019-06-26 04:00:00,240,248,8254.001953125,71.0311279296875,0.07243535667657852
eval,26162,2019-06-26 04:00:00,241,249,395.50213623046875,14.63996410369873,0.020652620121836662
eval,26162,2019-06-26 04:00:00,242,250,7629.2421875,71.25787353515625,0.013086880557239056
eval,26162,2019-06-26 04:00:00,243,251,4705.884765625,54.85898971557617,0.03547709807753563
eval,26162,2019-06-26 04:00:00,244,252,117.96836853027344,8.901663780212402,0.01439104974269867
eval,26162,2019-06-26 04:00:00,245,253,540.9683837890625,19.57056427001953,0.011631506495177746
eval,26162,2019-06-26 04:00:00,246,254,10176.3037109375,84.36698913574219,0.011309492401778698
eval,26162,2019-06-26 04:00:00,247,255,16752.64453125,93.58401489257812,0.06341132521629333
eval,26162,2019-06-26 04:00:00,248,256,6510.35546875,67.36638641357422,0.18835869431495667
eval,26162,2019-06-26 04:00:00,249,257,268.4959411621094,14.311903953552246,0.014290518127381802
eval,26162,2019-06-26 04:00:00,250,258,1000.646240234375,24.152446746826172,0.03435836359858513
eval,26162,2019-06-26 04:00:00,251,259,8377.48046875,77.68045806884766,0.2300792634487152
eval,26162,2019-06-26 04:00:00,252,260,289.56011962890625,13.363753318786621,0.0366358682513237
eval,26162,2019-06-26 04:00:00,253,261,364.9903564453125,15.606193542480469,0.023594751954078674
eval,26162,2019-06-26 04:00:00,254,262,58293.2421875,201.87753295898438,0.04711116477847099
eval,26162,2019-06-26 04:00:00,255,263,10486.7734375,88.1327133178711,0.24378345906734467
eval,26162,2019-06-26 04:00:00,256,264,14127.84765625,98.12112426757812,0.03735276684165001
eval,26162,2019-06-26 04:00:00,257,265,373.7640380859375,14.970698356628418,0.016753219068050385
eval,26162,2019-06-26 04:00:00,258,266,45807.8203125,177.5751953125,0.10236740112304688
eval,26162,2019-06-26 04:00:00,259,267,1246.0301513671875,30.08568572998047,0.009676598012447357
eval,26162,2019-06-26 04:00:00,260,268,105721.3359375,275.78338623046875,0.06568699330091476
eval,26162,2019-06-26 04:00:00,261,269,59.3251953125,6.849328517913818,0.007192034274339676
eval,26162,2019-06-26 04:00:00,262,270,1446.9676513671875,34.72380065917969,0.009512566961348057
eval,26162,2019-06-26 04:00:00,263,271,150212.46875,330.8500061035156,0.4768258035182953
eval,26162,2019-06-26 04:00:00,264,272,308.4398193359375,14.073503494262695,0.007107689045369625
eval,26162,2019-06-26 04:00:00,265,273,209.63357543945312,10.72865104675293,0.017418455332517624
eval,26162,2019-06-26 04:00:00,266,274,250.25376892089844,13.258803367614746,0.018209710717201233
eval,26162,2019-06-26 04:00:00,267,275,1442.264892578125,32.995975494384766,0.0927247554063797
eval,26162,2019-06-26 04:00:00,268,276,255663.375,318.5855712890625,0.033532559871673584
eval,26162,2019-06-26 04:00:00,269,277,63698.671875,210.7960205078125,0.4426867365837097
eval,26162,2019-06-26 04:00:00,270,278,2485.47216796875,44.24946212768555,0.04380684345960617
eval,26162,2019-06-26 04:00:00,271,279,362.48529052734375,13.12663459777832,0.0041823675855994225
eval,26162,2019-06-26 04:00:00,272,280,19707.310546875,112.49107360839844,0.028280284255743027
eval,26162,2019-06-26 04:00:00,273,281,67813.5859375,210.79248046875,0.027848979458212852
eval,26162,2019-06-26 04:00:00,274,282,646.18896484375,18.26761817932129,0.017072739079594612
eval,26162,2019-06-26 04:00:00,275,283,266.8299560546875,12.882816314697266,0.013539653271436691
eval,26162,2019-06-26 04:00:00,276,284,29331.80859375,141.76797485351562,0.7931899428367615
eval,26162,2019-06-26 04:00:00,277,285,1143.462158203125,24.985570907592773,0.028640378266572952
eval,26162,2019-06-26 04:00:00,278,286,8994.3427734375,79.1238021850586,0.11179696023464203
eval,26162,2019-06-26 04:00:00,279,287,309.052978515625,13.154624938964844,0.013742095790803432
eval,26162,2019-06-26 04:00:00,280,288,4900.103515625,55.11700439453125,0.04116898402571678
eval,26162,2019-06-26 04:00:00,281,289,2656.861328125,41.724456787109375,0.007834499701857567
eval,26162,2019-06-26 04:00:00,282,290,113314.75,266.40887451171875,0.0039803641848266125
eval,26162,2019-06-26 04:00:00,283,291,1510.6722412109375,27.451488494873047,0.017119433730840683
eval,26162,2019-06-26 04:00:00,284,292,43481.78515625,180.0396728515625,0.014067190699279308
eval,26162,2019-06-26 04:00:00,285,293,8152.66162109375,70.90985107421875,0.025721987709403038
eval,26162,2019-06-26 04:00:00,286,294,3908.2265625,50.62712860107422,0.038344115018844604
eval,26162,2019-06-26 04:00:00,287,295,123073.921875,276.5578308105469,0.5942029356956482
eval,26162,2019-06-26 04:00:00,288,296,6098364.0,1987.4970703125,0.8866289854049683
eval,26162,2019-06-26 04:00:00,289,297,60879.140625,136.4859619140625,0.2077886462211609
eval,26162,2019-06-26 04:00:00,290,299,438.1849365234375,11.520282745361328,0.19816112518310547
eval,26162,2019-06-26 04:00:00,291,300,8911.822265625,69.37596130371094,0.10452689230442047
eval,26162,2019-06-26 04:00:00,292,301,332682.1875,425.610107421875,0.1163574680685997
eval,26162,2019-06-26 04:00:00,293,302,828876.5,559.379150390625,0.07473674416542053
eval,26162,2019-06-26 04:00:00,294,303,6993.1123046875,61.91514205932617,0.25039541721343994
eval,26162,2019-06-26 04:00:00,295,304,10662.08203125,76.9447250366211,0.02144434116780758
eval,26162,2019-06-26 04:00:00,296,305,8427.333984375,69.833740234375,0.23109671473503113
eval,26162,2019-06-26 04:00:00,297,306,28553.693359375,123.27526092529297,0.019817810505628586
eval,26162,2019-06-26 04:00:00,298,307,138.13958740234375,8.352216720581055,0.05872169882059097
eval,26162,2019-06-26 04:00:00,299,308,554642.4375,519.6763916015625,0.03502519428730011
eval,26162,2019-06-26 04:00:00,300,309,9318.205078125,67.33415222167969,0.00587520282715559
eval,26162,2019-06-26 04:00:00,301,310,1562.441650390625,30.659542083740234,0.5306789875030518
eval,26162,2019-06-26 04:00:00,302,311,115293.8984375,274.7569580078125,0.17456582188606262
eval,26162,2019-06-26 04:00:00,303,312,56468.83984375,200.4669189453125,0.17043094336986542
eval,26162,2019-06-26 04:00:00,304,313,1113386496.0,27519.8125,0.2952277958393097
eval,26162,2019-06-26 04:00:00,305,314,291367.21875,409.32373046875,0.012094813399016857
eval,26162,2019-06-26 04:00:00,306,315,530437.75,558.5069580078125,0.014997790567576885
eval,26162,2019-06-26 04:00:00,307,316,1054.939208984375,24.660167694091797,0.036330096423625946
eval,26162,2019-06-26 04:00:00,308,317,1878.67431640625,27.312358856201172,1.281929850578308
eval,26162,2019-06-26 04:00:00,309,318,67630.1015625,204.2085418701172,0.31340107321739197
eval,26162,2019-06-26 04:00:00,310,319,109645.96875,298.36834716796875,1.5496349334716797
eval,26162,2019-06-26 04:00:00,311,OT,5172.4609375,55.96195602416992,0.04150248318910599
