split,baseline,mse,mae,nmse,relative_nmse_improvement_pct
eval,horizon_mix_scalar,0.000763169368195276,0.011241673026176884,0.2830591722574564,1.0291839388538344
