split,baseline,mse,mae,nmse,relative_nmse_improvement_pct
eval,catboost_context_regressor_scalar,0.0005941705894656479,0.009010767564177513,0.22010628879070282,-0.08261461555957794
