split,baseline,mse,mae,nmse,relative_nmse_improvement_pct
eval,horizon_ridge_shared_eval_fit,1851186.0325502115,160.77341081751206,0.17683403968643494,-1.6304498468885746
