split,baseline,mse,mae,nmse,relative_nmse_improvement_pct
eval,horizon_mix_scalar_eval_fit,731.453074141117,11.878075890507041,0.2622338786026595,1.8118787558618272
