split,baseline,mse,mae,nmse,relative_nmse_improvement_pct
eval,context_forecast,663.4638061523438,10.954427719116211,0.23375646770000458,-0.4163784980773926
