split,baseline,mse,mae,nmse,relative_nmse_improvement_pct
eval,horizon_mix_scalar_eval_fit,0.0005792889796847463,0.009104204489852096,0.21739968330690693,1.1480824053415453
