split,baseline,mse,mae,nmse,relative_nmse_improvement_pct
eval,horizon_knn_mean,0.000829792523290962,0.014398876577615738,0.30866867303848267,-40.352046966552734
