split,baseline,mse,mae,nmse,relative_nmse_improvement_pct
eval,horizon_mix_scalar_eval_fit,1873037.1154300927,160.61094389096226,0.17354115316268964,0.2620451687566681
