split,baseline,mse,mae,nmse,relative_nmse_improvement_pct
eval,context_forecast,2005984.75,159.87950134277344,0.16413633525371552,5.667202949523926
