split,baseline,mse,mae,nmse,relative_nmse_improvement_pct
eval,horizon_ridge_shared,0.0007503707069416118,0.011313901560331322,0.2799765709907687,2.1070065033800645
