split,baseline,mse,mae,nmse,relative_nmse_improvement_pct
eval,horizon_knn_weighted,1320.0674313211648,19.484085607000992,0.50450209515443,-101.62292857818001
