split,baseline,mse,mae,nmse,relative_nmse_improvement_pct
eval,context_forecast,0.000809926597867161,0.01134725846350193,0.2974856197834015,-4.014981269836426
eval,bayes_context_scalar,0.000778419547714293,0.011205503717064857,0.28600266575813293,0.0
eval,bayes_context_horizon,0.00078443787060678,0.011236434802412987,0.2890603840351105,-1.069122314453125
eval,catboost_context_classifier_scalar,0.0007674550288356841,0.011121237650513649,0.28475919365882874,0.4347763955593109
eval,catboost_context_classifier_horizon,0.0007660766132175922,0.011079437099397182,0.28375259041786194,0.7867323160171509
eval,catboost_context_regressor_scalar,0.0007729224744252861,0.011164594441652298,0.2857324481010437,0.09448082000017166
eval,catboost_context_regressor_horizon,0.0007798885344527662,0.011234104633331299,0.2892538905143738,-1.1367813348770142
eval,oracle_context_scalar,0.0006989004905335605,0.01061487291008234,0.2604944109916687,8.9188871383667
eval,oracle_context_horizon,0.0006776140071451664,0.01011756993830204,0.25397831201553345,11.197222709655762
