split,baseline,mse,mae,nmse,relative_nmse_improvement_pct
eval,context_forecast,0.0006002588197588921,0.009146284312009811,0.22342999279499054,-1.593907117843628
