split,baseline,mse,mae,nmse,relative_nmse_improvement_pct
eval,context_forecast,0.0008541005081497133,0.011773769743740559,0.3322807550430298,-2.8926992416381836
