split,baseline,mse,mae,nmse,relative_nmse_improvement_pct
eval,residual_mix_scalar,5409743.289233001,211.84682621111273,0.2285373217849843,0.2596050934089221
