split,baseline,mse,mae,nmse,relative_nmse_improvement_pct
eval,residual_mix_scalar,665.3361650763786,11.830303861529446,0.25800749346000384,-3.1120126678522744
