split,baseline,mse,mae,nmse,relative_nmse_improvement_pct
eval,catboost_context_regressor_horizon,0.0007798885344527662,0.011234104633331299,0.2892538905143738,-1.1367813348770142
