split,baseline,mse,mae,nmse,relative_nmse_improvement_pct
eval,horizon_knn_weighted,5825007.318582437,246.89484128846078,0.29367243038053903,-68.7800677976185
