split,baseline,mse,mae,nmse,relative_nmse_improvement_pct
eval,residual_mix_scalar,0.0007676824496631234,0.011160913264669071,0.28262647728826484,1.1804744759698393
