split,baseline,mse,mae,nmse,relative_nmse_improvement_pct
eval,horizon_ridge_shared,710.8461934689697,12.028051591805953,0.2569540832015048,3.7887903347746628
