split,baseline,mse,mae,nmse,relative_nmse_improvement_pct
eval,horizon_ridge_shared,2993990.09872509,163.407358186679,0.13499273119835684,0.013742810469697133
