split,baseline,mse,mae,nmse,relative_nmse_improvement_pct
eval,residual_knn_weighted,19557677.736654468,365.3289303957794,0.48231284095866234,-37.67761184851955
