split,baseline,mse,mae,nmse,relative_nmse_improvement_pct
eval,context_forecast,0.0005959648988209665,0.009015270508825779,0.22239822149276733,-1.1247594356536865
eval,bayes_context_scalar,0.0005921212141402066,0.008934592828154564,0.21992459893226624,0.0
eval,bayes_context_horizon,0.0005921322153881192,0.008936661295592785,0.2199546843767166,-0.013679890893399715
eval,catboost_context_classifier_scalar,0.0005926026497036219,0.008968372829258442,0.21980668604373932,0.05361514165997505
eval,catboost_context_classifier_horizon,0.0005946184392087162,0.008945814333856106,0.22105732560157776,-0.5150522589683533
eval,catboost_context_regressor_scalar,0.000591473130043596,0.00896564032882452,0.21976876258850098,0.07085898518562317
eval,catboost_context_regressor_horizon,0.0005929627805016935,0.008974188938736916,0.22064121067523956,-0.32584428787231445
eval,oracle_context_scalar,0.0005552227958105505,0.008658010512590408,0.20910190045833588,4.921095371246338
eval,oracle_context_horizon,0.0005412432947196066,0.00825690757483244,0.20517180860042572,6.708113193511963
