split,baseline,mse,mae,nmse,relative_nmse_improvement_pct
eval,context_forecast,787.9491577148438,12.248360633850098,0.2828547954559326,-5.909202575683594
