split,baseline,mse,mae,nmse,relative_nmse_improvement_pct
eval,context_forecast,7528746.5,242.6234588623047,0.24941088259220123,-8.850229263305664
