split,baseline,mse,mae,nmse,relative_nmse_improvement_pct
eval,context_forecast,0.000802536029368639,0.011023782193660736,0.2923632264137268,-4.803350448608398
