split,baseline,mse,mae,nmse,relative_nmse_improvement_pct
eval,residual_ridge_horizon,0.0007591035100631416,0.010602782480418682,0.2782374620437622,0.26030755043029785
