{
  "adapted_nmse": 0.2676102884977887,
  "vanilla_nmse": 0.267072929759772,
  "context_nmse": 0.2792542388742761,
  "residual_branch_nmse": 0.2689353157037269,
  "memory_branch_nmse": 0.2650035291982683,
  "adapted_mse": 745.7271173676282,
  "adapted_mae": 11.909870217095355
}