split,baseline,mse,mae,nmse,relative_nmse_improvement_pct
eval,horizon_knn_mean,15325139.0,335.2765808105469,0.3542048931121826,-54.58541488647461
