split,baseline,mse,mae,nmse,relative_nmse_improvement_pct
eval,context_forecast,0.000850326323416084,0.011669977568089962,0.3307141661643982,-2.4075958728790283
