split,baseline,mse,mae,nmse,relative_nmse_improvement_pct
eval,context_forecast,669.915283203125,11.008012771606445,0.2351677417755127,-1.0226292610168457
