split,baseline,mse,mae,nmse,relative_nmse_improvement_pct
eval,context_forecast,6355875.5,225.10606384277344,0.24220141768455505,-5.703807830810547
