split,baseline,mse,mae,nmse,relative_nmse_improvement_pct
eval,residual_knn_weighted,1312.2646632661524,16.403592878806382,0.5001085539916735,-87.25543623968294
