split,baseline,mse,mae,nmse,relative_nmse_improvement_pct
eval,horizon_mix_scalar_eval_fit,2870038.33854771,162.8291719354735,0.13024793284034586,3.5281144712626547
