split,baseline,mse,mae,nmse,relative_nmse_improvement_pct
eval,residual_ridge_shared,9577832.048309144,270.41682746569455,0.3554450441998409,-1.4628280092169652
