split,baseline,mse,mae,nmse,relative_nmse_improvement_pct
eval,residual_mix_scalar_eval_fit,0.0008310656238111572,0.011477240396858301,0.322335924878884,0.18677608452810904
