split,baseline,mse,mae,nmse,relative_nmse_improvement_pct
eval,residual_ridge_shared_eval_fit,0.0005888072013586151,0.008921537175134544,0.21900615584778704,0.41761726016017897
