split,baseline,mse,mae,nmse,relative_nmse_improvement_pct
eval,residual_mix_scalar,810.4578481829955,12.190257066624673,0.31933560536895184,0.6096563663542953
