split,baseline,mse,mae,nmse,relative_nmse_improvement_pct
eval,residual_mix_scalar,809.4144251419394,12.196342552301571,0.31894630768970117,0.7308217781216437
