split,baseline,mse,mae,nmse,relative_nmse_improvement_pct
eval,residual_knn_weighted,0.0008238759022885962,0.011327751755243236,0.3075240085642239,-39.83156502603744
