split,baseline,mse,mae,nmse,relative_nmse_improvement_pct
eval,horizon_knn_mean,0.000932074966840446,0.014908968470990658,0.3428981602191925,-55.916236877441406
