split,baseline,mse,mae,nmse,relative_nmse_improvement_pct
eval,full_ridge_horizon,1125.8505859375,13.909516334533691,0.45664718747138977,-42.127342224121094
