split,baseline,mse,mae,nmse,relative_nmse_improvement_pct
eval,residual_ridge_shared_eval_fit,0.0005894777587531963,0.008917333166790926,0.21917896889547467,0.33903894353410224
