split,baseline,mse,mae,nmse,relative_nmse_improvement_pct
eval,oracle_context_scalar,0.0005372781306505203,0.008548671379685402,0.20344500243663788,7.4932942390441895
