split,baseline,mse,mae,nmse,relative_nmse_improvement_pct
eval,oracle_context_horizon,0.0006450051441788673,0.009729989804327488,0.2447567880153656,14.421502113342285
