split,baseline,mse,mae,nmse,relative_nmse_improvement_pct
eval,residual_mix_scalar,664.4285281430958,11.170184769307355,0.23238494297089496,0.1727968337544098
