split,baseline,mse,mae,nmse,relative_nmse_improvement_pct
eval,horizon_knn_weighted,0.0011010403354151147,0.015204565115795439,0.4069920235425917,-42.30357694874675
