split,baseline,mse,mae,nmse,relative_nmse_improvement_pct
eval,bayes_context_horizon,0.0007777180289849639,0.010739182122051716,0.2840261161327362,-1.8147493600845337
