split,baseline,mse,mae,nmse,relative_nmse_improvement_pct
eval,catboost_context_regressor_horizon,0.0007717787520959973,0.010760548524558544,0.28249457478523254,-1.2657382488250732
