split,baseline,mse,mae,nmse,relative_nmse_improvement_pct
eval,context_forecast,2059732.0,167.34368896484375,0.1669868379831314,-2.3779635429382324
eval,bayes_context_scalar,2059732.0,167.34368896484375,0.1669868379831314,-2.3779635429382324
eval,bayes_context_horizon,2008045.125,166.20899963378906,0.16654790937900543,-2.108860731124878
eval,catboost_context_classifier_scalar,2015073.125,164.08493041992188,0.1628514528274536,0.15739989280700684
eval,catboost_context_classifier_horizon,1982394.875,164.5233917236328,0.1657782644033432,-1.6369990110397339
eval,catboost_context_regressor_scalar,2059732.0,167.34368896484375,0.1669868379831314,-2.3779635429382324
eval,catboost_context_regressor_horizon,2016931.625,166.21995544433594,0.16652654111385345,-2.0957601070404053
eval,oracle_context_scalar,1832852.375,154.47427368164062,0.14200659096240997,12.937176704406738
eval,oracle_context_horizon,1687795.0,141.7957305908203,0.12961310148239136,20.53550148010254
