split,baseline,mse,mae,nmse,relative_nmse_improvement_pct
eval,context_forecast,2053161.25,166.90975952148438,0.16674979031085968,-2.3905391693115234
eval,bayes_context_scalar,2053161.25,166.90975952148438,0.16674979031085968,-2.3905391693115234
eval,bayes_context_horizon,2001638.875,165.7773895263672,0.16630436480045319,-2.1170315742492676
eval,catboost_context_classifier_scalar,2001124.625,163.25894165039062,0.16224178671836853,0.3775416910648346
eval,catboost_context_classifier_horizon,1975169.125,163.7223663330078,0.16438175737857819,-0.9364794492721558
eval,catboost_context_regressor_scalar,2053161.25,166.90975952148438,0.16674979031085968,-2.3905391693115234
eval,catboost_context_regressor_horizon,1973191.75,164.98585510253906,0.16626015305519104,-2.089883804321289
eval,oracle_context_scalar,1827004.75,154.07534790039062,0.1418168842792511,12.91918659210205
eval,oracle_context_horizon,1682410.375,141.4295196533203,0.12945052981376648,20.51258659362793
