split,baseline,mse,mae,nmse,relative_nmse_improvement_pct
eval,residual_ridge_shared,5416812.659451464,212.0034155801384,0.2287403353199649,0.17100402819909866
