split,baseline,mse,mae,nmse,relative_nmse_improvement_pct
eval,horizon_knn_mean,0.0011355866445228457,0.016840847209095955,0.4374382793903351,-35.455345153808594
