split,baseline,mse,mae,nmse,relative_nmse_improvement_pct
eval,horizon_mix_scalar,0.0008148314453861447,0.011539832681963548,0.31782256921748836,1.584363335810502
