split,baseline,mse,mae,nmse,relative_nmse_improvement_pct
eval,oracle_context_horizon,0.0005236778524704278,0.008028439246118069,0.1994369775056839,9.315747261047363
