split,baseline,mse,mae,nmse,relative_nmse_improvement_pct
eval,horizon_ridge_shared,5278646.276712502,211.7067958470959,0.22601927376329567,1.3585551559867741
