{
  "adapted_nmse": 0.3464423132158512,
  "vanilla_nmse": 0.3503205064195314,
  "context_nmse": 0.374649822801846,
  "residual_branch_nmse": 0.3689405421865472,
  "memory_branch_nmse": 0.3498500824693821,
  "adapted_mse": 9560260.125164595,
  "adapted_mae": 270.1112887997079
}