split,baseline,mse,mae,nmse,relative_nmse_improvement_pct
eval,residual_knn_weighted,0.0009531574654431221,0.01216306562947184,0.361451928938345,-64.35266027229052
