split,baseline,mse,mae,nmse,relative_nmse_improvement_pct
eval,horizon_ridge_shared,631.9464305149604,11.20632514410163,0.22197692098093935,4.643842644498611
