split,baseline,mse,mae,nmse,relative_nmse_improvement_pct
eval,residual_mix_scalar,661.8692417757962,11.147968787267093,0.23210344362146715,0.2937224513406385
