split,baseline,mse,mae,nmse,relative_nmse_improvement_pct
eval,residual_knn_weighted,3282326.562771318,215.5960528222002,0.29624311190934166,-81.62369474580717
