split,baseline,mse,mae,nmse,relative_nmse_improvement_pct
eval,residual_knn_weighted,2888739.78648177,191.81492385814508,0.2691164957632029,-54.66722681973919
