split,baseline,mse,mae,nmse,relative_nmse_improvement_pct
eval,residual_knn_weighted,3271852.6567428866,215.05369722290362,0.2957163384562478,-81.58077024323543
