split,baseline,mse,mae,nmse,relative_nmse_improvement_pct
eval,residual_knn_weighted,3282325.2573454725,215.59590953502266,0.29624398014019127,-81.62422704947419
