split,baseline,mse,mae,nmse,relative_nmse_improvement_pct
eval,horizon_mix_scalar_eval_fit,0.0007501755747778649,0.010730019821102799,0.27618559661974484,0.9958390836881601
