split,baseline,mse,mae,nmse,relative_nmse_improvement_pct
eval,residual_mix_scalar,0.0008319307282272566,0.011474031812642255,0.3226978080720556,0.0747168152894886
