split,baseline,mse,mae,nmse,relative_nmse_improvement_pct
eval,residual_knn_weighted,0.0013045789375150706,0.015212334050734622,0.507996531206841,-57.30412778744245
