split,baseline,mse,mae,nmse,relative_nmse_improvement_pct
eval,context_forecast,857.6312255859375,12.429390907287598,0.3330823481082916,-3.668894052505493
