split,baseline,mse,mae,nmse,relative_nmse_improvement_pct
eval,horizon_ridge_shared_eval_fit,0.0005827168574729954,0.009088746307193061,0.21698752164271476,1.3354928479174155
