split,baseline,mse,mae,nmse,relative_nmse_improvement_pct
eval,horizon_mix_scalar_eval_fit,0.0007478482793941353,0.01075127894278982,0.2762182298008935,0.9841410778645584
