split,baseline,mse,mae,nmse,relative_nmse_improvement_pct
eval,residual_knn_weighted,1058.989693936946,14.792052805705637,0.38684950990508843,-66.18161282891087
