split,baseline,mse,mae,nmse,relative_nmse_improvement_pct
eval,catboost_context_regressor_horizon,0.0005951041239313781,0.008997942321002483,0.22112247347831726,-0.5446751117706299
