split,baseline,mse,mae,nmse,relative_nmse_improvement_pct
eval,residual_ridge_horizon,766.0928955078125,12.474381446838379,0.26745012402534485,-14.890395164489746
