split,baseline,mse,mae,nmse,relative_nmse_improvement_pct
eval,residual_mix_scalar_eval_fit,0.0007593512686844901,0.010614228063379168,0.2783835551668348,0.20793759879255963
