split,baseline,mse,mae,nmse,relative_nmse_improvement_pct
eval,horizon_ridge_shared,0.0005776722906250227,0.009032516831532618,0.21592477360726484,1.8187257562003287
