{
  "adapted_nmse": 0.34696141087631294,
  "vanilla_nmse": 0.3503205064195314,
  "context_nmse": 0.38505908087188123,
  "residual_branch_nmse": 0.36159240785946856,
  "memory_branch_nmse": 0.35286953941909077,
  "adapted_mse": 9175010.422466425,
  "adapted_mae": 267.66646297942253
}