split,baseline,mse,mae,nmse,relative_nmse_improvement_pct
eval,horizon_knn_mean,1139.7459716796875,16.705623626708984,0.4503917098045349,-40.18037796020508
