split,baseline,mse,mae,nmse,relative_nmse_improvement_pct
eval,horizon_knn_mean,1296.81884765625,19.367963790893555,0.491858571767807,-96.56997680664062
