split,baseline,mse,mae,nmse,relative_nmse_improvement_pct
eval,residual_ridge_shared,5443430.728411028,212.3196497379398,0.2292480112138318,-0.05056063241453779
