split,baseline,mse,mae,nmse,relative_nmse_improvement_pct
eval,residual_ridge_shared,5320265.106839895,213.08949142225796,0.23239414585953713,-1.4236261323558987
