split,baseline,mse,mae,nmse,relative_nmse_improvement_pct
eval,horizon_mix_scalar_eval_fit,643.592780254087,11.456892572467455,0.22704595723534726,2.4663017696183465
