split,baseline,mse,mae,nmse,relative_nmse_improvement_pct
eval,horizon_knn_mean,4744285.5,234.9027099609375,0.20772136747837067,-53.85481643676758
