split,baseline,mse,mae,nmse,relative_nmse_improvement_pct
eval,residual_ridge_shared,0.0005913345289034928,0.00893064969054446,0.2197202547945971,0.09291554408248995
