split,baseline,mse,mae,nmse,relative_nmse_improvement_pct
eval,horizon_ridge_shared_eval_fit,641.6952792656406,11.599167427767407,0.24787248135465112,0.9384181261586292
