{
  "adapted_nmse": 0.21928615486899086,
  "vanilla_nmse": 0.21992459847021473,
  "context_nmse": 0.2234299913395283,
  "residual_branch_nmse": 0.2207418748112612,
  "memory_branch_nmse": 0.22085895473642866,
  "adapted_mse": 0.0005892219197592224,
  "adapted_mae": 0.009046626772529395
}