split,baseline,mse,mae,nmse,relative_nmse_improvement_pct
eval,full_ridge_horizon,0.0007545251864939928,0.01095630880445242,0.27873343229293823,0.08251725882291794
