split,baseline,mse,mae,nmse,relative_nmse_improvement_pct
eval,horizon_mix_scalar_eval_fit,810.6723682689858,12.21966672578479,0.31807801959862403,1.0010686603803607
