split,baseline,mse,mae,nmse,relative_nmse_improvement_pct
eval,residual_ridge_shared_eval_fit,2966858.203394329,163.41917252257812,0.13513433543053982,-0.09114044548405907
