split,baseline,mse,mae,nmse,relative_nmse_improvement_pct
eval,residual_ridge_horizon_eval_fit,0.0005860771052539349,0.008955136872828007,0.2187744826078415,0.5229594111442566
