split,baseline,mse,mae,nmse,relative_nmse_improvement_pct
eval,catboost_context_classifier_horizon,0.0007673304644413292,0.01109590008854866,0.2849530875682831,0.36698195338249207
