split,baseline,mse,mae,nmse,relative_nmse_improvement_pct
eval,oracle_context_scalar,0.0005571179208345711,0.008664125576615334,0.2089579701423645,4.9865403175354
