split,baseline,mse,mae,nmse,relative_nmse_improvement_pct
eval,horizon_mix_scalar_eval_fit,634.850756890874,11.793819268141519,0.24634940408311318,1.5471119311751242
