split,baseline,mse,mae,nmse,relative_nmse_improvement_pct
eval,full_ridge_horizon,1932803.125,161.00765991210938,0.17474202811717987,-0.428124338388443
