split,baseline,mse,mae,nmse,relative_nmse_improvement_pct
eval,full_ridge_horizon,2212875.5,173.95928955078125,0.18119466304779053,-11.260225296020508
