{
  "adapted_nmse": 0.27893871599740355,
  "vanilla_nmse": 0.25022061758667885,
  "context_nmse": 0.25435237745298955,
  "residual_branch_nmse": 0.2956422958930914,
  "memory_branch_nmse": 0.3430038514798575,
  "adapted_mse": 725.7248726429441,
  "adapted_mae": 13.622155316206658
}