split,baseline,mse,mae,nmse,relative_nmse_improvement_pct
eval,horizon_ridge_shared,637.6370315481755,11.275497489305698,0.22356593670519648,3.961238197274842
