split,baseline,mse,mae,nmse,relative_nmse_improvement_pct
eval,oracle_context_scalar,0.0005552227958105505,0.008658010512590408,0.20910190045833588,4.921095371246338
