split,baseline,mse,mae,nmse,relative_nmse_improvement_pct
eval,residual_ridge_horizon_eval_fit,0.0007480367203243077,0.010645649395883083,0.2767115533351898,0.8072995543479919
