split,baseline,mse,mae,nmse,relative_nmse_improvement_pct
eval,full_ridge_horizon,0.0005919894902035594,0.009139015339314938,0.22116917371749878,-0.565909743309021
