split,baseline,mse,mae,nmse,relative_nmse_improvement_pct
eval,context_forecast,3244010.75,173.06219482421875,0.15016071498394012,-11.220861434936523
