split,baseline,mse,mae,nmse,relative_nmse_improvement_pct
eval,residual_mix_scalar_eval_fit,1866426.9284339428,159.51551955203166,0.17012061225974834,2.2279059911528116
