split,baseline,mse,mae,nmse,relative_nmse_improvement_pct
eval,horizon_ridge_shared_eval_fit,0.0008089166490815473,0.011753250721147489,0.31656251812642877,1.974545602165463
