split,baseline,mse,mae,nmse,relative_nmse_improvement_pct
eval,residual_knn_weighted,0.0012366214234620957,0.014567016059772717,0.4543676575391565,-62.87702629224777
