split,baseline,mse,mae,nmse,relative_nmse_improvement_pct
eval,horizon_knn_weighted,0.0010979013045233203,0.016481353137007118,0.4249174634382294,-31.578203514518446
