split,baseline,mse,mae,nmse,relative_nmse_improvement_pct
eval,horizon_knn_weighted,1251.6368390112627,18.299899694225,0.4503521297216536,-68.62515915675095
