split,baseline,mse,mae,nmse,relative_nmse_improvement_pct
eval,residual_ridge_horizon,0.0007675203960388899,0.011152978986501694,0.28284329175949097,1.1046658754348755
