split,baseline,mse,mae,nmse,relative_nmse_improvement_pct
eval,catboost_context_regressor_scalar,0.0007801713072694838,0.011226233094930649,0.2895093858242035,-1.2261145114898682
