split,baseline,mse,mae,nmse,relative_nmse_improvement_pct
eval,residual_mix_scalar,0.0008317418499320191,0.011472847775679246,0.32263337253527563,0.09466966002173709
