split,baseline,mse,mae,nmse,relative_nmse_improvement_pct
eval,horizon_ridge_shared,0.0007539131196059403,0.011248810963578342,0.28078125232847617,1.8256520147516435
