{
  "adapted_nmse": 0.28945483325419147,
  "vanilla_nmse": 0.28600266581144657,
  "context_nmse": 0.30801975620454025,
  "residual_branch_nmse": 0.2873903184969225,
  "memory_branch_nmse": 0.29267004777365807,
  "adapted_mse": 0.0007796729253421741,
  "adapted_mae": 0.01139839213023814
}