split,baseline,mse,mae,nmse,relative_nmse_improvement_pct
eval,horizon_mix_scalar,0.0007441942270877088,0.010762248167870168,0.27519585365422944,1.3506319223552201
