split,baseline,mse,mae,nmse,relative_nmse_improvement_pct
eval,context_forecast,0.0008228012011386454,0.011580812744796276,0.308019757270813,-7.698212623596191
eval,bayes_context_scalar,0.0008228012011386454,0.011580812744796276,0.308019757270813,-7.698212623596191
eval,bayes_context_horizon,0.0008260683971457183,0.011545871384441853,0.30647239089012146,-7.157179832458496
eval,catboost_context_classifier_scalar,0.0007586808642372489,0.011052126996219158,0.2826484143733978,1.1728042364120483
eval,catboost_context_classifier_horizon,0.0007644808501936495,0.011076699942350388,0.2847028374671936,0.45448118448257446
eval,catboost_context_regressor_scalar,0.0007789208320900798,0.011268646456301212,0.29082560539245605,-1.6863268613815308
eval,catboost_context_regressor_horizon,0.000786153192166239,0.011315790936350822,0.2927141487598419,-2.3466506004333496
eval,oracle_context_scalar,0.0006790240877307951,0.010482189245522022,0.25466859340667725,10.955866813659668
eval,oracle_context_horizon,0.0006450051441788673,0.009729989804327488,0.2447567880153656,14.421502113342285
