split,baseline,mse,mae,nmse,relative_nmse_improvement_pct
eval,full_ridge_horizon_eval_fit,0.0007220791885629296,0.010897332802414894,0.2707621455192566,2.9399819374084473
