split,baseline,mse,mae,nmse,relative_nmse_improvement_pct
eval,full_ridge_horizon_eval_fit,0.0007282803999260068,0.010848848149180412,0.2725505232810974,2.298902750015259
