{
  "adapted_nmse": 0.28146946196368056,
  "vanilla_nmse": 0.2789636296618455,
  "context_nmse": 0.29236321791599684,
  "residual_branch_nmse": 0.28829983517422114,
  "memory_branch_nmse": 0.27908968091372655,
  "adapted_mse": 0.0007683092326742309,
  "adapted_mae": 0.011042683651108763
}