split,baseline,mse,mae,nmse,relative_nmse_improvement_pct
eval,horizon_mix_scalar_eval_fit,0.0007527119133322335,0.010702654114917944,0.27679555625216573,0.7771870528083765
