split,baseline,mse,mae,nmse,relative_nmse_improvement_pct
eval,residual_ridge_horizon,0.0008332993602380157,0.011502637527883053,0.32327064871788025,-0.10266667604446411
