split,baseline,mse,mae,nmse,relative_nmse_improvement_pct
eval,horizon_knn_mean,0.0011290347902104259,0.015979662537574768,0.4156847298145294,-89.01239013671875
