split,baseline,mse,mae,nmse,relative_nmse_improvement_pct
eval,residual_ridge_shared_eval_fit,1855786.2101481666,159.6051424744154,0.17072821029748686,1.878705904953629
