split,baseline,mse,mae,nmse,relative_nmse_improvement_pct
eval,residual_ridge_shared_eval_fit,742.5943306048262,11.884180917856463,0.266888068527443,0.06921237323046327
