split,baseline,mse,mae,nmse,relative_nmse_improvement_pct
eval,bayes_context_horizon,0.0008260683971457183,0.011545871384441853,0.30647239089012146,-7.157179832458496
