split,baseline,mse,mae,nmse,relative_nmse_improvement_pct
eval,residual_mix_scalar_eval_fit,743.375083595716,11.87618600884808,0.2671049484854814,-0.011993898547875513
