split,baseline,mse,mae,nmse,relative_nmse_improvement_pct
eval,horizon_knn_mean,7176595.0,279.73565673828125,0.40241628885269165,-147.09848022460938
