split,baseline,mse,mae,nmse,relative_nmse_improvement_pct
eval,horizon_knn_mean,7199570.5,280.4378662109375,0.4029199779033661,-147.02621459960938
