split,baseline,mse,mae,nmse,relative_nmse_improvement_pct
eval,horizon_mix_scalar_eval_fit,729.6828683175592,11.94378049159105,0.2613822281396815,2.1307618817268037
