split,baseline,mse,mae,nmse,relative_nmse_improvement_pct
eval,residual_mix_scalar_eval_fit,2982190.16766196,162.8023782074005,0.13382722794915466,0.8770063847041296
