{
  "adapted_nmse": 0.3236862941120946,
  "vanilla_nmse": 0.3229391246618227,
  "context_nmse": 0.3307141794160355,
  "residual_branch_nmse": 0.3298275832242744,
  "memory_branch_nmse": 0.32509715146796647,
  "adapted_mse": 0.000833682359123019,
  "adapted_mae": 0.01180234296861369
}