split,baseline,mse,mae,nmse,relative_nmse_improvement_pct
eval,residual_ridge_horizon,918.6481323242188,13.973368644714355,0.3776731789112091,-50.93608856201172
