split,baseline,mse,mae,nmse,relative_nmse_improvement_pct
eval,full_ridge_horizon_eval_fit,349.744873046875,8.681282043457031,0.12278810888528824,47.25306701660156
