{
  "adapted_nmse": 0.22968738116430082,
  "vanilla_nmse": 0.22913217442667383,
  "context_nmse": 0.24683130602551323,
  "residual_branch_nmse": 0.23652013567438152,
  "memory_branch_nmse": 0.22758442910648138,
  "adapted_mse": 5574858.779270113,
  "adapted_mae": 214.34934307590552
}