split,baseline,mse,mae,nmse,relative_nmse_improvement_pct
eval,full_ridge_horizon,0.0008320015040226281,0.012020502239465714,0.32715946435928345,-1.306861400604248
