split,baseline,mse,mae,nmse,relative_nmse_improvement_pct
eval,residual_mix_scalar_eval_fit,0.0005902397767505192,0.008926329486411777,0.21950804303678179,0.1894085052362619
