split,baseline,mse,mae,nmse,relative_nmse_improvement_pct
eval,context_forecast,842.6754760742188,12.37218952178955,0.3308066129684448,-2.9605917930603027
