split,baseline,mse,mae,nmse,relative_nmse_improvement_pct
eval,residual_knn_weighted,20091385.36988317,383.0849946671116,0.5598171591515779,-59.80144627834542
