split,baseline,mse,mae,nmse,relative_nmse_improvement_pct
eval,residual_knn_weighted,10894887.413064418,278.7673259317696,0.31850615700300633,-39.0054352240502
