split,baseline,mse,mae,nmse,relative_nmse_improvement_pct
eval,full_ridge_horizon_eval_fit,538.9124755859375,10.59063720703125,0.23094914853572845,28.11914825439453
