split,baseline,mse,mae,nmse,relative_nmse_improvement_pct
eval,catboost_context_classifier_horizon,0.0007631475455127656,0.010621577501296997,0.2795577347278595,-0.21297016739845276
