split,baseline,mse,mae,nmse,relative_nmse_improvement_pct
eval,residual_ridge_shared,659.0596565860027,11.214726002812375,0.23191063347748037,0.37654923508235566
