split,baseline,mse,mae,nmse,relative_nmse_improvement_pct
eval,horizon_mix_scalar_eval_fit,0.0007604541832592191,0.011230662501259965,0.2817330596736866,1.4928553456410947
