split,baseline,mse,mae,nmse,relative_nmse_improvement_pct
eval,full_ridge_horizon_eval_fit,490.07318115234375,10.559178352355957,0.17775161564350128,33.44453811645508
