split,baseline,mse,mae,nmse,relative_nmse_improvement_pct
eval,horizon_ridge_shared,9128646.368198493,265.2331362958265,0.34694139594732304,0.9645632687748218
