split,baseline,mse,mae,nmse,relative_nmse_improvement_pct
eval,context_forecast,0.0005996385007165372,0.009113559499382973,0.22372055053710938,-1.7260241508483887
