split,baseline,mse,mae,nmse,relative_nmse_improvement_pct
eval,full_ridge_horizon,0.0008309474214911461,0.011865389533340931,0.32578644156455994,-0.8816968202590942
