split,baseline,mse,mae,nmse,relative_nmse_improvement_pct
eval,context_forecast,861.859619140625,12.47620964050293,0.3365011513233185,-4.73296594619751
