split,baseline,mse,mae,nmse,relative_nmse_improvement_pct
eval,horizon_knn_weighted,8841870.628517978,273.29926024355774,0.3779858533953085,-117.23686448855192
