{
  "adapted_nmse": 0.3216538646126115,
  "vanilla_nmse": 0.3212943850843375,
  "context_nmse": 0.3330823608090006,
  "residual_branch_nmse": 0.34367706345949595,
  "memory_branch_nmse": 0.3317181899398984,
  "adapted_mse": 816.7542769160585,
  "adapted_mae": 12.240462842738165
}