split,baseline,mse,mae,nmse,relative_nmse_improvement_pct
eval,horizon_ridge_shared,9350342.160988554,266.02066198028484,0.34837631276516307,0.5549620641110133
