split,baseline,mse,mae,nmse,relative_nmse_improvement_pct
eval,horizon_mix_scalar,732.19092305478,11.807397271655315,0.26260869500560574,1.6715364072191483
