{
  "adapted_nmse": 0.2348706646847319,
  "vanilla_nmse": 0.23278720883557397,
  "context_nmse": 0.2347100714987502,
  "residual_branch_nmse": 0.24433341571594386,
  "memory_branch_nmse": 0.24279846414162295,
  "adapted_mse": 674.00609238018,
  "adapted_mae": 11.468314840762948
}