split,baseline,mse,mae,nmse,relative_nmse_improvement_pct
eval,horizon_mix_scalar_eval_fit,2900303.993360346,162.8681897604297,0.13175803859803306,2.4096111168143297
