split,baseline,mse,mae,nmse,relative_nmse_improvement_pct
eval,horizon_knn_weighted,1165.3384989876254,18.084082664602896,0.41353195745533683,-77.64377590418785
