split,baseline,mse,mae,nmse,relative_nmse_improvement_pct
eval,horizon_knn_mean,1193.104248046875,17.982717514038086,0.4300358295440674,-61.01813507080078
