split,baseline,mse,mae,nmse,relative_nmse_improvement_pct
eval,horizon_ridge_shared,3049280.495797334,164.1279751640761,0.1355970009111684,-0.4338269688856338
