split,baseline,mse,mae,nmse,relative_nmse_improvement_pct
eval,full_ridge_horizon_eval_fit,0.0007206514710560441,0.010909575037658215,0.27061229944229126,2.993697166442871
