split,baseline,mse,mae,nmse,relative_nmse_improvement_pct
eval,horizon_mix_scalar,733.190522989597,11.886675168501762,0.2640425119707959,1.1346729219586742
