split,baseline,mse,mae,nmse,relative_nmse_improvement_pct
eval,horizon_knn_mean,1121.924072265625,17.856401443481445,0.42414501309394836,-58.81243896484375
