split,baseline,mse,mae,nmse,relative_nmse_improvement_pct
eval,catboost_context_classifier_horizon,0.0007660766132175922,0.011079437099397182,0.28375259041786194,0.7867323160171509
