split,baseline,mse,mae,nmse,relative_nmse_improvement_pct
eval,residual_ridge_horizon,824.0590209960938,13.038504600524902,0.3052833378314972,-14.307111740112305
