split,baseline,mse,mae,nmse,relative_nmse_improvement_pct
eval,horizon_mix_scalar,808.6741742393795,12.368254484090091,0.31663929480585795,1.4488588508354876
