split,baseline,mse,mae,nmse,relative_nmse_improvement_pct
eval,context_forecast,1972081.125,161.2436981201172,0.1667347252368927,4.1738505363464355
