split,baseline,mse,mae,nmse,relative_nmse_improvement_pct
eval,context_forecast,2059732.0,167.34368896484375,0.1669868379831314,-2.3779635429382324
