split,baseline,mse,mae,nmse,relative_nmse_improvement_pct
eval,vanilla,666.7036743164062,11.108663558959961,0.23278719186782837,0.0
