split,baseline,mse,mae,nmse,relative_nmse_improvement_pct
eval,horizon_mix_scalar_eval_fit,797.2860820643027,12.354942696531799,0.3131682336535595,2.5291955088844666
