split,baseline,mse,mae,nmse,relative_nmse_improvement_pct
eval,full_ridge_horizon,1604.485595703125,18.082477569580078,0.5576581358909607,-108.80369567871094
