split,baseline,mse,mae,nmse,relative_nmse_improvement_pct
eval,horizon_mix_scalar_eval_fit,9160887.204774683,265.21756045611266,0.34614297306314473,1.192475417496356
