split,baseline,mse,mae,nmse,relative_nmse_improvement_pct
eval,horizon_mix_scalar_eval_fit,0.0007566953479318,0.011239731763440222,0.28076953159671136,1.8297501345134783
