split,baseline,mse,mae,nmse,relative_nmse_improvement_pct
eval,residual_mix_scalar_eval_fit,0.000591254176825577,0.00893369454443585,0.21977828607422367,0.0665286460691128
