split,baseline,mse,mae,nmse,relative_nmse_improvement_pct
eval,horizon_mix_scalar_eval_fit,0.0008142483761321785,0.01167062413781149,0.3175338800828232,1.6737576323076306
