split,baseline,mse,mae,nmse,relative_nmse_improvement_pct
eval,residual_ridge_shared,804.9325029898198,12.124082815995814,0.3172342358824116,1.2636887756973854
