split,baseline,mse,mae,nmse,relative_nmse_improvement_pct
eval,horizon_mix_scalar,0.0005840911880208017,0.008994384008427987,0.21786644465661012,0.9358454150415428
