{
  "adapted_nmse": 0.21956103097560795,
  "vanilla_nmse": 0.21992459847021473,
  "context_nmse": 0.22572828799255135,
  "residual_branch_nmse": 0.22073497342508894,
  "memory_branch_nmse": 0.2207671835440998,
  "adapted_mse": 0.0005903343093709043,
  "adapted_mae": 0.00904459770027673
}