{
  "adapted_nmse": 0.28115887116373367,
  "vanilla_nmse": 0.2789636296618455,
  "context_nmse": 0.2890510792438133,
  "residual_branch_nmse": 0.2878209111181863,
  "memory_branch_nmse": 0.2793479287829269,
  "adapted_mse": 0.0007669427210735113,
  "adapted_mae": 0.011004874764699172
}