split,baseline,mse,mae,nmse,relative_nmse_improvement_pct
eval,residual_knn_weighted,0.0009883487090372326,0.013266345514767434,0.38192890138328395,-18.26654124228899
