split,baseline,mse,mae,nmse,relative_nmse_improvement_pct
eval,context_forecast,0.0008004620322026312,0.011044050566852093,0.29303473234176636,-5.044064998626709
