split,baseline,mse,mae,nmse,relative_nmse_improvement_pct
eval,residual_mix_scalar_eval_fit,742.9369007995309,11.888207203950309,0.2668591452856204,0.08004209054230288
