split,baseline,mse,mae,nmse,relative_nmse_improvement_pct
eval,full_ridge_horizon,0.0008371841977350414,0.011894532479345798,0.328156977891922,-1.615747332572937
