split,baseline,mse,mae,nmse,relative_nmse_improvement_pct
eval,horizon_knn_mean,0.0009132489212788641,0.014660944230854511,0.3325848877429962,-51.22677993774414
