{
  "adapted_nmse": 0.28958197876890995,
  "vanilla_nmse": 0.28600266581144657,
  "context_nmse": 0.3074067394720634,
  "residual_branch_nmse": 0.2873116527345825,
  "memory_branch_nmse": 0.2909015863654012,
  "adapted_mse": 0.0007799642192745184,
  "adapted_mae": 0.011383113465852234
}