split,baseline,mse,mae,nmse,relative_nmse_improvement_pct
eval,residual_mix_scalar,803.2493861207291,12.114954559280838,0.3165076844226171,1.4898214024461947
