split,baseline,mse,mae,nmse,relative_nmse_improvement_pct
eval,catboost_context_regressor_scalar,0.0007716826512478292,0.011173710227012634,0.2875656187534332,-0.5464819669723511
