split,baseline,mse,mae,nmse,relative_nmse_improvement_pct
eval,residual_ridge_shared,660.0281027066285,11.163724331443339,0.23200607490651537,0.33554980196526507
