split,baseline,mse,mae,nmse,relative_nmse_improvement_pct
eval,context_forecast,0.0008427483844570816,0.011690409854054451,0.3268957734107971,-1.2252079248428345
