split,baseline,mse,mae,nmse,relative_nmse_improvement_pct
eval,horizon_knn_mean,1042.84033203125,16.293495178222656,0.4223789870738983,-31.461673736572266
