{
  "adapted_nmse": 0.2572587785929659,
  "vanilla_nmse": 0.25022061758667885,
  "context_nmse": 0.26295459287880113,
  "residual_branch_nmse": 0.28740356055489424,
  "memory_branch_nmse": 0.32758080419832775,
  "adapted_mse": 666.0132508363747,
  "adapted_mae": 12.452104064495893
}