split,baseline,mse,mae,nmse,relative_nmse_improvement_pct
eval,full_ridge_horizon_eval_fit,0.0007149508455768228,0.010969090275466442,0.2690334618091583,3.5596625804901123
