split,baseline,mse,mae,nmse,relative_nmse_improvement_pct
eval,horizon_mix_scalar_eval_fit,2976999.1588246473,162.47533696911032,0.13328995938040147,1.2749498355724032
