split,baseline,mse,mae,nmse,relative_nmse_improvement_pct
eval,horizon_mix_scalar_eval_fit,1873304.62931042,160.81038715397207,0.17399709755872614,3.798460972027598e-06
