split,baseline,mse,mae,nmse,relative_nmse_improvement_pct
eval,horizon_knn_mean,0.0014336621388792992,0.016924012452363968,0.5311606526374817,-85.7187728881836
