split,baseline,mse,mae,nmse,relative_nmse_improvement_pct
eval,horizon_mix_scalar,0.000819035324844256,0.011525356735659884,0.31906266871939076,1.2003591969378067
