split,baseline,mse,mae,nmse,relative_nmse_improvement_pct
eval,residual_mix_scalar_eval_fit,742.7108224420696,11.888104562913634,0.26684246732045236,0.08628681404923197
