split,baseline,mse,mae,nmse,relative_nmse_improvement_pct
eval,horizon_knn_weighted,7203743.036784325,262.9155094798783,0.2764875353555074,-104.78846212196363
