split,baseline,mse,mae,nmse,relative_nmse_improvement_pct
eval,catboost_context_classifier_scalar,0.000777308945544064,0.010724710300564766,0.2815854251384735,-0.9398356676101685
