split,baseline,mse,mae,nmse,relative_nmse_improvement_pct
eval,horizon_mix_scalar,0.0007605509540751604,0.011252030346888302,0.2819152523959197,1.4291521903749989
