split,baseline,mse,mae,nmse,relative_nmse_improvement_pct
eval,horizon_knn_weighted,1179.723488373937,18.288124338539813,0.42500628500285154,-82.57288194969124
