split,baseline,mse,mae,nmse,relative_nmse_improvement_pct
eval,residual_mix_scalar,2994683.7516678455,163.27572051845806,0.13496283796897598,0.03588409240811119
