split,baseline,mse,mae,nmse,relative_nmse_improvement_pct
eval,oracle_context_scalar,0.0005442265537567437,0.008573357947170734,0.2046106904745102,6.963254451751709
