split,baseline,mse,mae,nmse,relative_nmse_improvement_pct
eval,horizon_ridge_shared,650.7953662688923,11.910443232040025,0.2537682435363623,-1.417807643157977
