split,baseline,mse,mae,nmse,relative_nmse_improvement_pct
eval,horizon_ridge_shared_eval_fit,699.2793637811855,12.263295064858676,0.25384888877290646,4.951466983064704
