split,baseline,mse,mae,nmse,relative_nmse_improvement_pct
eval,full_ridge_horizon_eval_fit,475.7625732421875,10.100258827209473,0.18150465190410614,27.46214485168457
