split,baseline,mse,mae,nmse,relative_nmse_improvement_pct
eval,residual_ridge_horizon,915.0409545898438,13.476767539978027,0.33247628808021545,-24.488956451416016
