split,baseline,mse,mae,nmse,relative_nmse_improvement_pct
eval,horizon_mix_scalar,9181789.826211281,265.0069584767324,0.34685638035302335,0.9888312189496475
