split,baseline,mse,mae,nmse,relative_nmse_improvement_pct
eval,horizon_ridge_shared,0.000817194290495233,0.011557107205573968,0.3195542129922076,1.0481496081820092
