split,baseline,mse,mae,nmse,relative_nmse_improvement_pct
eval,oracle_context_scalar,0.0005443809204734862,0.008577707223594189,0.2053859531879425,6.610741138458252
