split,baseline,mse,mae,nmse,relative_nmse_improvement_pct
eval,residual_ridge_shared,3025472.850506081,163.99830638489283,0.13508922198961495,-0.05772587518108274
