split,baseline,mse,mae,nmse,relative_nmse_improvement_pct
eval,horizon_knn_weighted,22013278.182452347,393.7631702365442,0.5267020195979601,-129.86822030856254
