split,baseline,mse,mae,nmse,relative_nmse_improvement_pct
eval,full_ridge_horizon,1760.9327392578125,18.92852020263672,0.6020063161849976,-158.60801696777344
