split,baseline,mse,mae,nmse,relative_nmse_improvement_pct
eval,oracle_context_horizon,0.0006483688484877348,0.009747393429279327,0.2447895109653473,14.410059928894043
