split,baseline,mse,mae,nmse,relative_nmse_improvement_pct
eval,catboost_context_regressor_horizon,0.0005946341552771628,0.00900800246745348,0.22073298692703247,-0.367575079202652
