{
  "adapted_nmse": 0.2690865392135781,
  "vanilla_nmse": 0.267072929759772,
  "context_nmse": 0.2773572607728783,
  "residual_branch_nmse": 0.27248063903462083,
  "memory_branch_nmse": 0.2646029859853777,
  "adapted_mse": 749.8363650407446,
  "adapted_mae": 12.338762829239563
}