split,baseline,mse,mae,nmse,relative_nmse_improvement_pct
eval,horizon_ridge_shared,710.5233993589961,12.00975173715018,0.25696854388725554,3.78337582627053
