split,baseline,mse,mae,nmse,relative_nmse_improvement_pct
eval,horizon_knn_mean,804.5442504882812,15.968840599060059,0.2960743308067322,-27.18669319152832
