split,baseline,mse,mae,nmse,relative_nmse_improvement_pct
eval,residual_knn_weighted,0.0011289026385085407,0.014105930869341633,0.4339608467063367,-34.378540583469714
