split,baseline,mse,mae,nmse,relative_nmse_improvement_pct
eval,residual_mix_scalar,1866533.042177043,159.40118564185832,0.1697097648955003,2.464029095737069
