split,baseline,mse,mae,nmse,relative_nmse_improvement_pct
eval,horizon_mix_scalar_eval_fit,810.5892776567583,12.209548110944722,0.3181323987691785,0.9841436311726871
