split,baseline,mse,mae,nmse,relative_nmse_improvement_pct
eval,residual_knn_weighted,0.001203339275002223,0.014334274182883971,0.4660193514741346,-62.942310428756066
