split,baseline,mse,mae,nmse,relative_nmse_improvement_pct
eval,residual_ridge_shared,805.0905091392586,12.186401176606832,0.3179664535663312,1.0357925874996576
