split,baseline,mse,mae,nmse,relative_nmse_improvement_pct
eval,horizon_ridge_shared_eval_fit,690.1365713352583,12.625568033227772,0.27780317256662485,13.536253647591654
